gesture a01 hands 2
0.950802 0.685312 1.23219 0.955492 0.969903 0.991635
0.982261 0.680979 1.22792 0.981705 0.96853 0.971127
1.04199 0.766622 1.05275 1.0008 0.969266 0.973457
1.08631 0.860806 0.944593 0.960815 0.973606 0.999146
1.18294 1.17014 0.77253 0.991215 0.972487 1.02887
1.07094 1.4488 0.717139 0.986718 0.960967 1.04924
0.8147 1.55933 0.742886 0.968542 1.02336 1.08256
1.02325 1.60699 0.718756 0.969202 0.993551 1.10238
0.866371 1.59885 0.739725 0.960793 0.992319 1.15727
1.02523 1.52679 0.713652 0.962055 0.97237 1.09126
1.10477 1.23398 0.722358 0.990565 0.99418 1.03394
1.09686 0.851413 0.949626 0.996188 1.00357 1.02832
1.07159 0.745014 1.09197 0.99536 1.00367 1.0771
end
gesture a01 hands 2
1.00886 0.589015 1.2994 1.00392 0.98185 1.04953
0.999494 0.574707 1.35545 1.03638 0.970987 1.02222
1.04547 0.729827 1.10169 1.0307 0.967889 1.01766
1.12412 1.10473 0.866966 0.954163 0.962606 1.00831
1.11778 1.27339 0.810814 0.930826 0.957978 1.04369
1.05033 1.37397 0.794997 0.928486 0.956623 1.02948
0.833519 1.45349 0.797905 0.94162 0.967907 1.05674
0.848038 1.42146 0.77974 0.945648 0.956219 1.05253
0.977364 1.33132 0.756245 0.930591 0.9744 1.09762
1.07664 1.12434 0.764712 0.932878 1.00704 1.03258
1.09836 0.949041 0.8465 0.933428 1.00562 1.03622
1.08795 0.669054 1.08278 0.955736 0.973832 1.04021
0.983045 0.576455 1.26296 0.953669 0.960415 1.02338
end
gesture a01 hands 2
0.959907 0.613749 1.28492 0.969602 0.960755 1.04585
1.08493 0.617546 1.28678 1.01396 0.961913 0.989224
1.02512 0.607883 1.32112 1.03904 0.960527 0.997858
0.994989 0.630852 1.25747 1.02966 0.963555 1.02028
1.0485 0.811515 0.990709 1.00287 0.952957 0.996441
1.06395 1.33584 0.721352 0.891288 0.968935 1.02127
0.794984 1.50491 0.746899 0.904689 0.950593 1.05242
0.778579 1.48513 0.77345 0.905495 0.977623 1.12358
0.886073 1.49342 0.788037 0.904971 0.976301 1.13622
1.02238 1.30152 0.768159 0.930622 0.999721 1.10296
1.07518 1.12362 0.812278 0.927684 0.993701 1.10632
1.06368 0.742132 1.0712 0.93487 1.00887 1.03453
1.0075 0.64192 1.22418 0.959253 0.973597 1.05069
end
gesture a01 hands 2
0.944246 0.487312 1.29489 1.05683 0.960255 1.02066
1.19564 0.640905 1.05935 0.893618 0.915785 1.06931
1.00287 0.513877 1.2346 0.922206 0.864401 1.0566
1.04287 0.52883 1.21897 1.08609 0.967336 1.0119
1.48639 1.03398 0.958257 1.09617 0.971037 0.925456
0.989387 1.55477 0.809618 1.00813 0.992259 1.02193
1.22777 1.54582 0.860436 0.921992 0.937868 1.01989
1.15499 1.53465 0.831058 0.923729 0.957592 1.06443
0.587415 1.52103 0.901775 0.963785 0.934238 1.04007
1.12872 1.50405 0.806682 0.871507 0.930183 1.01618
1.00544 0.606043 1.1366 0.903877 0.987683 1.00586
0.400469 0.469295 1.24818 0.896195 1.14197 1.05829
0.303505 0.5726 1.52155 0.817053 1.20719 1.09509
end
gesture a01 hands 2
1.0121 0.899317 0.997434 0.47859 0.691629 1.325
0.921133 1.04671 1.10075 0.473467 0.719285 1.33782
0.876823 1.04514 1.07142 0.711664 0.643938 1.29645
0.955557 0.808629 0.758135 1.24697 0.580406 1.15171
0.943715 0.778482 0.832579 1.27751 0.867432 1.0117
0.905367 0.840811 1.0393 1.05147 1.14718 0.842146
1.05459 0.851754 1.27142 0.806987 1.20847 0.924547
0.733482 1.28162 1.07671 0.813831 1.23515 0.976279
0.713015 1.33622 1.0871 1.06187 1.12043 0.955566
0.728688 1.24669 1.12967 0.982132 1.13186 0.8955
0.840407 1.11934 1.10063 0.972189 0.889232 1.16061
1.18806 0.859247 1.18441 0.949852 0.885916 1.25018
1.09974 0.896326 1.30458 1.0342 0.862113 1.24274
end
gesture a01 hands 2
0.52751 0.492211 1.4873 1.17688 0.914575 1.08965
0.885559 0.497893 1.64644 1.064 0.884491 1.11387
0.92147 0.576041 1.65512 1.22682 0.826782 1.03812
0.758919 1.48048 0.746325 1.16819 0.938346 1.0214
0.806406 1.53075 0.700619 0.984865 1.27108 0.987798
1.26354 1.53931 0.638809 0.960975 1.14934 1.02125
0.785504 1.55973 0.69024 0.928315 1.20818 1.01999
0.881215 1.46473 0.759907 1.01378 1.17759 1.01928
1.05864 1.56689 0.644156 0.955891 1.21483 0.985613
1.42193 0.978159 0.6669 0.942275 1.0033 0.967677
1.41931 0.814508 0.756309 0.795183 0.502226 1.00805
1.06877 0.557838 1.12773 0.752571 0.445376 1.04823
1.06593 0.551736 1.11597 0.817945 0.344227 1.05504
end
gesture a01 hands 2
0.903127 0.424606 1.23077 0.993514 0.974565 1.04696
1.0818 0.57674 1.00031 0.988641 0.984242 1.06087
1.29145 0.926184 0.860416 0.941533 0.978038 1.02429
1.3072 1.3153 0.836901 0.97071 0.931942 1.045
1.10983 1.5671 0.837656 0.98867 0.952695 1.04904
0.815538 1.62411 0.86103 1.00382 0.98329 1.00019
0.509283 1.55495 0.966207 0.980626 0.923989 1.00602
0.512773 1.57029 0.973243 0.945985 0.902748 1.05913
0.797434 1.63152 0.865336 0.92616 0.984545 1.04454
1.32973 1.49709 0.864225 0.932536 0.967075 1.01124
1.3802 1.01438 0.85833 0.984909 0.97633 1.0158
1.1779 0.550878 1.09612 0.995069 0.987247 1.06133
0.911434 0.418599 1.32294 0.991968 1.00049 1.01766
end
gesture a01 hands 2
0.862995 0.280853 1.40443 0.973814 0.974068 1.02903
0.993413 0.312967 1.29317 0.97589 0.966452 1.0441
1.22605 0.538774 1.06889 0.982754 0.966143 1.02149
1.3082 0.945072 0.927853 0.976571 0.96852 1.02343
1.27504 1.13056 0.895021 0.945915 0.96005 1.02319
0.916701 1.40187 0.870159 0.950615 0.961531 1.03247
0.548704 1.36889 0.970497 0.947304 0.946687 1.07579
0.570763 1.39094 0.986386 0.962644 0.945658 1.09414
0.91299 1.43674 0.912818 0.951645 0.95751 1.07883
1.28971 1.22017 0.919871 0.940591 0.967792 1.04061
1.31651 0.94848 0.944207 0.949503 0.955331 1.05138
1.20027 0.532853 1.07016 0.975503 0.968785 1.01773
0.960003 0.278927 1.35345 0.986941 0.960153 1.03077
end
gesture a01 hands 2
0.888355 0.445855 1.31068 0.96196 0.975034 1.0222
1.14495 0.585019 1.08233 0.979365 0.974806 1.03629
1.3104 0.967327 0.850681 0.979382 0.966875 1.02932
1.20415 1.35353 0.770513 0.964729 0.964959 1.0468
0.956733 1.54197 0.789802 0.94704 0.960625 1.03339
0.532681 1.5521 0.936902 0.946543 0.953079 1.05664
0.552725 1.57026 0.922709 0.978728 0.943764 1.05234
0.95269 1.57891 0.798553 0.96552 0.968223 1.05176
1.09927 1.52238 0.780171 0.94263 0.962371 1.05864
1.34175 1.23691 0.818981 0.9427 0.960897 1.047
1.38467 0.862353 0.960465 0.956571 0.971484 1.0679
0.92035 0.424789 1.30991 0.975448 0.981947 1.01125
0.887544 0.434001 1.31697 0.966155 0.982844 1.02627
end
gesture a01 hands 2
1.05695 0.47602 1.12655 1.00491 0.960556 1.06296
1.02018 0.560007 1.0841 0.963939 0.978109 1.01999
0.989319 0.939103 0.921658 0.96911 0.963499 1.02936
0.965022 1.16578 0.900047 0.977775 0.986977 0.998392
0.873683 1.49289 0.949001 0.964639 0.970475 1.03078
0.965272 1.57189 0.936184 0.973333 0.973563 1.02794
0.951225 1.5649 0.929774 0.952132 0.967752 1.0612
0.873697 1.54121 0.968466 0.958159 0.93564 1.05406
0.987908 1.57204 0.965235 0.956601 0.936935 1.07654
0.840878 1.25025 0.981808 0.953824 0.941326 1.0259
0.840173 0.830634 0.955784 0.956414 0.969541 1.0525
0.981609 0.547399 1.06664 0.963176 0.98156 1.02461
1.05 0.456836 1.2092 0.949851 0.971522 1.04258
end
gesture a01 hands 2
1.08834 0.470948 1.21436 0.953489 0.964146 1.03391
0.984638 0.693537 1.03861 0.972073 0.986442 1.00231
0.917231 1.02809 0.918516 0.977162 0.98035 1.00733
0.863071 1.32367 0.940512 0.960272 0.958217 1.04469
0.825028 1.39184 0.955658 0.952548 0.971677 1.03964
0.832159 1.44233 0.943038 0.982417 0.997611 1.00381
0.965668 1.5411 0.907204 0.959897 0.986376 1.00245
0.833753 1.49908 0.950616 0.964611 0.948286 1.06195
0.940217 1.5503 0.936328 0.94157 0.924163 1.06508
0.879924 1.3819 0.921187 0.977454 0.945859 1.04658
0.838837 1.01168 0.944658 0.97019 0.980803 1.00923
0.973799 0.660763 1.01067 0.941351 0.96483 1.05249
1.12075 0.468014 1.19911 0.954794 0.956533 1.05125
end
gesture a01 hands 2
1.10406 0.44339 1.25204 0.955361 0.965825 1.05113
1.03157 0.51773 1.10775 0.968791 0.971391 1.02045
0.939064 0.767692 0.968974 0.969038 0.95692 1.04757
0.872399 1.46084 0.936566 0.963674 0.978722 1.04062
0.989337 1.51879 0.909941 0.954503 0.980373 0.992823
0.894588 1.50975 0.932641 0.951124 0.948287 1.04684
0.983162 1.51963 0.91949 0.955328 0.959086 1.03496
0.858706 1.43309 0.919342 0.974785 0.938774 1.00935
0.858961 1.35073 0.922312 0.976069 0.938256 1.01827
0.955854 0.657993 1.0185 0.95557 0.959156 1.05091
1.02097 0.542779 1.07463 0.959525 0.974973 1.0452
1.11516 0.453102 1.24628 0.96858 0.981043 1.07213
1.1155 0.45247 1.25338 0.964533 0.964652 1.02093
end
gesture a01 hands 2
1.07608 0.34469 1.18357 0.97987 0.969516 1.01864
1.0669 0.526224 0.897952 0.992529 0.97425 0.991662
0.980639 0.955454 0.711686 0.983235 0.99553 1.01758
0.827278 1.28646 0.836708 0.979495 0.965669 1.04351
0.753232 1.36509 0.993572 0.972989 0.968517 1.05329
1.17559 1.45153 0.923327 0.985186 0.96725 1.03348
0.805915 1.41292 0.981626 0.967891 1.01771 1.02268
0.724408 1.33941 1.03526 0.973213 1.00312 1.02183
1.25303 1.42519 0.954319 0.981238 0.961943 1.05046
0.905615 1.40796 0.941231 0.975558 1.00516 1.02961
0.753345 1.26154 1.03842 0.968469 1.01378 1.03082
0.805072 0.726173 1.01784 0.965791 0.978522 1.04345
1.04351 0.312161 1.22825 0.949112 0.944645 1.0308
end
gesture a01 hands 2
1.0143 0.349271 1.28174 0.926945 0.938414 1.0358
0.936908 0.557422 0.949921 0.974858 0.951468 1.04939
0.749405 1.03273 0.880083 0.978237 0.959565 1.03822
0.692466 1.29616 1.04638 0.969517 0.98668 1.04217
0.77187 1.37229 1.00948 0.972411 0.959291 1.05694
1.11603 1.45764 0.927281 0.971329 0.968292 1.05149
0.716504 1.33639 1.01327 0.96054 0.999478 1.03853
0.741479 1.34208 0.980257 0.965116 0.991781 1.03679
1.22658 1.38727 0.927934 0.96723 0.965929 1.05292
1.22645 1.00419 0.896119 0.962349 0.973834 1.03302
1.11909 0.575357 1.03803 0.967465 0.959662 1.0472
0.988724 0.348961 1.29567 0.970274 0.946332 1.03645
1.01291 0.339989 1.28233 0.971576 0.940795 1.00065
end
gesture a01 hands 2
1.04461 0.232298 1.27255 0.930949 0.939945 1.00245
0.920132 0.789014 0.826912 0.982023 0.967045 1.03241
0.681214 1.13622 1.04781 0.993556 0.971329 1.02953
1.08012 1.2993 0.880504 0.97251 0.996513 1.03995
0.706941 1.17353 1.05034 0.977453 0.965645 1.04484
1.18948 1.29072 0.94881 0.978109 0.981574 1.02374
1.19295 1.2928 0.951848 0.968458 0.986167 1.03592
0.693334 1.15328 1.07847 0.988851 0.982183 1.02248
0.701009 1.17316 1.03685 0.976015 0.999819 1.03492
1.22116 1.25746 0.940783 0.977076 0.974391 1.04335
1.36055 0.810451 0.977794 0.975687 0.976098 1.02148
1.14201 0.310849 1.24568 0.969788 0.985338 1.03414
1.00335 0.242007 1.33967 0.977428 0.957608 1.04857
end
gesture a01 hands 2
0.93784 0.382664 1.25108 0.979488 0.953424 1.03559
0.999377 0.719739 0.953539 0.96595 0.951975 1.04648
1.03814 1.39354 0.875155 0.974092 0.968066 1.02828
0.895673 1.48562 0.93663 0.968435 0.987938 1.03754
0.879665 1.41918 0.92157 0.987465 0.940326 1.02593
1.22869 1.36807 0.987707 0.986919 0.941638 1.0218
0.826868 1.42088 0.908067 0.966911 0.989489 1.02831
0.813447 1.40832 0.917232 0.96776 1.00792 1.03164
1.09135 1.42922 0.930074 0.992133 0.976797 1.0072
1.04624 1.20866 0.878401 0.996787 0.96456 1.0042
1.02823 0.578263 1.01633 0.966947 1.01025 1.02616
0.945338 0.365819 1.27615 0.96515 1.0101 1.02996
0.946165 0.379437 1.27234 0.97187 0.957654 1.03238
end
gesture a01 hands 2
0.937092 0.272448 1.28956 0.970239 0.953677 1.03782
0.981908 0.540112 1.03506 0.974326 0.952427 1.03047
0.90576 1.20224 0.957018 0.967123 0.986839 1.03352
0.842771 1.30965 0.908851 0.967816 0.97871 1.04006
1.18823 1.28231 0.97901 0.992141 0.929675 1.02662
0.874632 1.29766 0.944259 1.00843 0.912835 1.00545
0.870135 1.32093 0.973958 0.965893 0.988198 1.02684
1.16225 1.33937 1.04739 0.964143 1.02126 1.01936
1.22724 1.31267 1.05305 0.967906 0.992643 1.02627
0.972741 1.34384 0.964615 0.967119 1.01189 1.03881
1.04171 1.06319 0.897692 0.972814 0.977579 1.03868
1.01978 0.629417 0.988048 0.973148 0.978446 1.03128
0.949131 0.282353 1.27209 0.967656 0.95962 1.03639
end
gesture a01 hands 2
0.910769 0.301966 1.29561 0.96806 0.950598 1.03712
0.891381 0.727691 0.989153 0.969372 0.9465 1.04309
0.890896 1.15753 0.981754 0.961189 0.98962 1.04299
0.844704 1.40324 0.925216 0.974574 0.950447 1.03851
0.862824 1.39135 0.912845 0.984525 0.932671 1.02996
1.13681 1.34061 0.979545 0.973103 0.971616 1.03019
0.858155 1.3581 0.941142 0.96569 0.999027 1.02679
0.903254 1.37945 0.971091 0.96989 0.986366 1.02214
1.1699 1.36743 1.05189 0.965931 0.998356 1.03463
1.05461 1.36021 0.949724 0.971272 0.985727 1.03055
1.06339 1.00717 0.874649 0.965236 1.00096 1.03759
0.994198 0.411259 1.12585 0.970242 0.945331 1.0396
0.917894 0.312599 1.28149 0.971509 0.938945 1.0382
end
gesture a01 hands 2
0.848409 0.220432 1.24739 0.9773 0.978398 0.995296
1.2561 1.05226 0.913987 1.00661 0.995594 1.04408
0.844151 1.39454 0.971649 0.995319 1.01281 0.994413
0.581911 1.23364 1.0164 0.948315 0.95575 1.08443
1.25539 1.29156 0.980681 1.02503 0.994713 1.04095
0.551791 1.2133 0.986126 1.00654 0.968506 1.02066
0.681936 1.30387 0.956919 0.923412 0.952938 1.06293
1.40447 1.16506 1.01997 0.932044 0.952233 1.06237
1.28545 1.21074 0.969572 1.01674 0.977686 1.02133
0.614604 1.1764 0.961525 0.934459 0.969814 1.04787
1.33102 1.06288 1.02754 0.933999 0.998694 0.997843
0.891861 0.227659 1.23963 0.989212 0.99896 1.00138
0.852485 0.223318 1.38006 1.00505 0.996002 1.09131
end
gesture a01 hands 2
0.857788 0.279805 1.33721 0.985078 0.986635 1.03239
1.36081 1.20277 0.930416 0.939449 0.956695 1.03887
0.546697 1.2913 1.01958 1.00152 0.973426 1.05245
1.332 1.268 0.926081 0.98 0.976375 0.995379
0.535908 1.2798 0.982512 0.954449 0.951707 1.07958
0.560541 1.28216 0.963412 1.01723 1.0078 1.01348
1.35122 1.27445 0.941171 1.01371 0.954667 1.00833
1.39254 1.19474 0.929974 0.932343 0.957536 1.04428
0.5255 1.21549 1.00154 1.02332 1.00152 1.0127
1.42166 1.11526 1.0078 0.937365 0.961125 1.02282
1.43569 1.03209 1.02206 0.998011 1.02262 0.988933
0.965099 0.335505 1.14424 1.01879 1.01077 1.03399
0.847059 0.265238 1.27644 0.998112 1.00362 0.985931
end
gesture a01 hands 2
0.84603 0.231283 1.29542 1.01264 0.999282 1.01336
1.28962 0.9599 0.873321 0.967203 0.974667 1.00925
1.06329 1.35234 0.900386 1.00933 1.01334 1.01541
0.557175 1.24011 1.06554 0.977155 0.963675 0.987599
1.38491 1.16944 0.993144 0.95543 0.970333 1.10743
0.545392 1.23481 1.00278 0.959827 0.966772 1.0231
0.623144 1.25795 0.996069 1.02079 1.00122 1.01835
1.4134 1.1761 0.976561 0.923665 0.948826 1.04984
0.611674 1.30096 0.950374 1.02414 1.00766 1.0231
0.506408 1.22746 0.99419 1.00993 0.986021 1.01534
1.33031 0.954699 1.00594 0.907687 0.959638 1.0529
0.908108 0.277205 1.20496 1.00635 1.00814 0.9884
0.828843 0.221363 1.29311 1.00232 1.02438 0.990249
end
gesture a01 hands 2
0.951151 0.386575 1.22307 0.975317 0.970385 1.05261
1.21872 0.799145 0.972325 0.974883 0.960097 1.02339
1.24029 1.07244 0.934302 0.981175 0.950192 1.03088
1.01676 1.37943 0.924943 0.967435 0.980058 1.02642
0.826833 1.41158 0.935301 0.95935 0.983565 1.03848
1.03932 1.42867 0.961233 0.968857 0.970872 1.02825
1.03107 1.43594 0.952021 0.960061 0.999142 1.01814
0.83969 1.41928 0.927872 0.965393 0.981773 1.02661
1.04132 1.39952 0.956013 0.967538 0.978399 1.02367
0.951312 1.29235 0.909295 0.964854 0.965735 1.04819
0.894058 0.475398 1.08423 0.967293 0.973647 1.08254
0.871465 0.398419 1.28408 0.965939 0.974865 1.07906
0.879821 0.403638 1.29848 0.957795 0.978299 1.03138
end
gesture a01 hands 2
0.894464 0.295036 1.37326 0.962262 0.96076 1.06725
0.963511 0.308036 1.30861 0.953214 0.955423 1.0808
1.1361 0.456708 1.16016 0.950541 0.962056 1.07306
1.25391 0.792495 1.03845 0.969423 0.943149 1.04082
1.25874 0.974206 1.01328 0.972745 0.947848 1.0249
0.838252 1.2786 0.986983 0.961487 0.964079 1.03542
0.994678 1.30382 1.00382 0.960422 0.959952 1.0454
0.971097 1.30018 0.990041 0.95732 0.950255 1.07312
0.773764 1.26842 1.00018 0.949984 0.965603 1.05422
0.954828 1.29416 0.98591 0.944523 0.971682 1.06041
0.930949 1.08725 0.909872 0.950468 0.969385 1.03723
1.01439 0.688595 0.932662 0.959736 0.965161 1.03492
0.946175 0.321471 1.23556 0.953127 0.965255 1.04804
end
gesture a01 hands 2
0.867552 0.443147 1.29083 0.923043 0.956003 1.04931
1.10281 0.718012 1.00509 0.931819 0.944636 1.03728
1.17248 1.11771 0.906877 0.929599 0.9436 1.04637
1.12888 1.27746 0.921276 0.925215 0.949232 1.03224
0.939067 1.45701 0.968673 0.924952 0.953158 1.04815
0.857704 1.48058 0.967298 0.9573 0.968854 1.01933
0.981859 1.46507 0.94707 0.982466 0.974178 1.01929
0.874711 1.42534 0.925514 0.995526 0.979006 1.04122
1.0667 1.38974 0.882755 1.01696 0.97132 1.04962
1.10423 1.27588 0.847518 1.01723 0.968658 1.05541
1.0905 0.869027 0.881949 0.995857 0.96139 1.09144
1.05244 0.674424 0.982093 0.980237 0.981238 1.08364
0.92301 0.452951 1.27298 0.95817 0.979398 1.09604
end
gesture a01 hands 2
0.864907 0.27098 1.14945 0.97251 0.964315 1.06253
1.31348 0.630844 1.01457 0.963363 0.952387 1.02299
1.34381 1.09482 1.01868 0.978278 0.966016 1.04028
1.11891 1.38363 1.03176 0.969014 0.977102 1.03337
0.582278 1.36669 0.996401 0.982837 0.977429 1.02278
0.565206 1.35405 0.99528 0.98745 0.981085 1.04659
0.940039 1.46725 0.999641 0.967037 0.969638 1.04351
1.14045 1.39813 0.991672 0.964023 0.972609 1.0303
0.620667 1.36648 1.00363 0.986168 0.976973 1.03668
0.67992 1.38822 0.984631 0.951877 0.982402 1.06756
1.33558 1.13461 0.979459 0.956749 0.981822 1.02811
1.00861 0.332397 1.09776 0.967759 0.978737 1.0509
0.864741 0.269923 1.13405 0.973865 0.976983 1.04763
end
gesture a01 hands 2
0.836382 0.27346 1.14322 0.914423 0.973045 0.967713
1.22288 0.492616 1.00183 0.947032 0.968254 0.976389
1.35061 0.973719 0.95123 0.955257 0.961224 1.03465
0.811127 1.41377 1.01003 0.968081 0.966626 1.05086
0.82865 1.41655 1.00229 0.987729 0.967223 1.03604
1.20949 1.31305 0.993002 0.978905 0.953161 1.0593
1.1864 1.32454 0.986053 0.963358 0.969169 1.06188
0.654466 1.36176 1.04377 0.983814 0.979711 1.04592
0.659447 1.36113 1.04986 0.969523 0.96601 1.06062
1.04839 1.36121 1.01249 0.963365 0.97461 1.04344
1.26418 0.830964 0.972494 0.952354 0.979198 1.06074
1.03518 0.40088 1.08824 0.950981 0.984934 1.0462
0.882801 0.29949 1.19593 0.928719 0.976665 1.0456
end
gesture a01 hands 2
0.877022 0.179472 1.21956 0.944593 0.960734 1.06605
1.03433 0.241803 1.12076 0.956568 0.951729 1.04039
1.28842 0.649811 1.00872 0.9542 0.957614 1.04957
1.08182 1.26129 1.02721 0.955777 0.96455 1.05343
0.691059 1.27491 1.06444 0.975625 0.965855 1.04665
0.657574 1.26157 1.05861 0.982047 0.968487 1.03905
1.16492 1.22959 1.0024 0.979644 0.957665 1.04517
1.13531 1.23688 0.988566 0.954334 0.971189 1.04442
0.651091 1.25126 1.08544 0.955892 0.963097 1.06035
0.83991 1.28326 1.03191 0.963693 0.963835 1.05677
1.16263 1.10746 0.966019 0.960503 0.959423 1.05519
1.23793 0.635169 0.974675 0.9464 0.962727 1.04643
0.968982 0.205978 1.15665 0.937598 0.956285 1.06409
end
gesture a02 hands 2
1.39257 0.871516 1.23905 0.859922 0.976057 1.13791
1.13575 1.07046 0.921288 0.948652 0.966843 1.10278
0.953103 1.13615 0.856621 0.977748 0.949924 1.04769
0.679178 1.17296 0.852175 0.972754 0.944072 1.02369
0.669357 1.16332 0.854644 0.947487 0.98863 1.06425
1.12818 1.11517 0.894035 0.941533 0.978337 1.08073
1.25486 1.10613 0.966544 0.964629 0.9514 1.04025
0.657184 1.11197 0.875942 0.967864 0.939893 1.03558
0.64512 1.10559 0.884831 0.940479 0.98585 1.07495
0.951629 0.982787 0.912529 0.953474 0.966614 1.04737
1.08457 0.702214 1.2399 0.956942 0.964346 1.04773
0.963255 0.61547 1.4922 1.00367 0.963142 0.979179
0.999045 0.601922 1.45442 1.01745 0.960497 0.949819
end
gesture a02 hands 2
0.984167 0.703912 1.37226 1.012 0.960805 0.986313
1.27018 0.792446 1.28645 1.0059 0.967215 1.01848
1.29518 0.941595 1.07267 0.985216 0.964208 1.02439
1.02348 1.05449 0.887114 0.970783 0.95419 1.06333
0.656013 1.14303 0.861173 0.965809 0.954504 1.04386
0.63586 1.15604 0.843055 0.940609 0.976315 1.07757
1.07559 1.15248 0.876555 0.926386 0.975391 1.08545
1.16266 1.13244 0.864766 0.945894 0.974918 1.02853
0.728225 1.12801 0.830986 0.94645 0.980028 1.02725
0.660262 1.12775 0.833509 0.940874 0.986222 1.05874
1.06185 1.0033 0.899641 0.962588 0.966152 1.05802
1.07743 0.732137 1.33064 0.992014 0.964473 1.00887
0.986962 0.73752 1.41606 1.00239 0.95972 1.00156
end
gesture a02 hands 2
1.02816 0.678478 1.37124 1.01386 0.965995 0.982125
1.27518 0.849925 1.10961 0.983315 0.958296 1.02128
1.17399 1.0269 0.904268 0.978074 0.97136 1.00033
0.819873 1.13122 0.835778 0.972136 0.953669 1.04012
0.567292 1.19609 0.905822 0.946445 0.970164 1.07466
0.637726 1.19646 0.855228 0.940873 0.970368 1.07364
1.18254 1.17169 0.878038 0.919126 0.977049 1.12036
1.24291 1.14616 0.903487 0.914317 0.982143 1.11243
0.814962 1.14666 0.827834 0.945532 0.9599 1.04351
0.727844 1.14757 0.804312 0.979694 0.944488 1.01678
1.00388 0.845912 1.02487 0.935819 0.993009 1.07369
1.06036 0.706142 1.31208 0.949014 0.975419 1.08096
1.01538 0.709296 1.45912 0.971053 0.969822 1.0144
end
gesture a02 hands 2
0.926431 0.544745 1.39639 0.98631 0.933989 1.04337
1.42399 0.899032 1.17265 0.999267 0.916632 1.03011
1.07598 1.15619 0.828091 0.979702 0.943167 1.05064
0.639332 1.20827 0.84403 0.96585 0.994278 1.04283
0.543299 1.23396 0.88412 0.97765 0.963829 1.04841
0.886506 1.2666 0.728489 0.95392 0.994435 1.05627
1.29984 1.20408 0.846709 0.945841 0.982581 1.02071
1.26772 1.2091 0.836216 0.986724 0.988871 1.03135
0.718034 1.25292 0.780166 0.963361 1.00117 1.03179
0.52349 1.21536 0.95119 0.973858 0.975574 1.04449
0.944395 1.19475 0.803517 0.939905 1.01536 1.05138
1.19083 1.05489 0.9367 0.978247 0.970738 1.01476
0.961033 0.576148 1.41891 0.913107 1.03277 1.01883
end
gesture a02 hands 2
0.909647 0.460245 1.41854 1.00994 0.903563 1.03434
1.23603 0.654093 1.20129 0.982333 0.924316 1.05415
1.25677 1.10089 0.91248 0.964386 0.984174 1.05826
0.511545 1.19971 0.972283 0.975322 0.966953 1.05816
0.567163 1.21669 0.94672 0.898952 1.00915 1.05067
1.19348 1.23973 0.850068 0.963934 0.998544 1.05898
1.26689 1.21479 0.898235 0.982842 0.948249 1.05741
0.843869 1.26896 0.812559 0.962473 0.962879 1.05567
0.557235 1.2325 0.944156 0.96998 0.980991 1.03639
1.0893 1.19096 0.812149 1.0154 0.99027 0.999604
1.22984 1.01438 0.915383 0.970051 1.01402 0.986457
1.05183 0.506264 1.40566 0.897958 1.01299 1.00963
0.924711 0.437585 1.43285 1.02065 0.917521 1.02524
end
gesture a02 hands 2
0.91862 0.517166 1.38062 1.023 0.909301 1.03634
1.28375 0.782448 1.13461 0.969877 0.997076 1.06556
1.31918 1.19835 0.912561 0.977681 0.966544 1.06753
0.597694 1.30453 0.865861 0.949958 1.00264 1.0363
0.522973 1.27532 0.9226 0.915556 1.02598 0.947222
1.18285 1.30534 0.777901 0.921308 1.02703 1.00936
1.25732 1.26372 0.819682 0.973596 0.973568 1.05272
0.557924 1.27874 0.88651 0.943507 0.998801 1.06411
0.599731 1.28139 0.875436 0.932023 1.01934 0.992529
1.21835 1.16954 0.822467 0.904123 1.0124 0.994029
1.13111 0.643759 1.16809 0.921157 0.991315 1.02341
0.91519 0.532387 1.3757 0.997598 0.948766 1.04236
0.914201 0.529627 1.37817 1.01712 0.941777 1.04703
end
gesture a02 hands 2
1.01289 0.675543 1.3423 0.974042 0.975974 1.01923
1.07979 0.677286 1.2875 0.974731 0.977016 1.03392
1.24442 0.80199 1.14814 0.975515 0.976984 1.02225
1.29369 0.948723 0.979788 0.984165 0.977245 1.02091
1.09102 1.03444 0.814758 0.968732 0.972346 1.04025
0.762031 1.11154 0.81861 0.942544 0.919245 1.057
0.615222 1.15884 0.881684 0.939605 0.92103 1.0905
0.462394 1.1834 1.06978 0.946842 0.932879 1.08329
0.433404 1.18813 1.12554 0.952568 0.936716 1.09425
0.635601 1.18199 0.836185 0.956073 0.970285 1.10136
1.15959 1.19457 0.7133 0.953632 0.983997 1.08308
1.39764 1.16221 0.834122 0.961857 0.976709 1.01218
1.10644 0.670656 1.28113 0.99211 0.974334 0.994964
end
gesture a02 hands 2
1.02159 0.647948 1.41187 0.976205 0.972637 1.01798
1.30649 0.919503 0.975235 0.984454 0.964571 1.03069
1.27361 1.01473 0.875712 0.98443 0.967217 1.01273
1.08181 1.1202 0.812793 0.959808 0.977625 1.02307
0.693866 1.17675 0.820024 0.954419 0.97915 1.09762
0.439413 1.17292 1.03467 0.968731 0.949417 1.19977
0.409223 1.18488 1.03315 0.982777 0.92809 1.21354
0.613597 1.21234 0.797633 0.970709 0.921767 1.19091
0.987276 1.21132 0.691882 0.959954 0.93392 1.14422
1.24499 1.21344 0.737185 0.944046 0.990539 1.01789
1.38408 1.03369 0.916985 0.954391 0.972789 0.983018
1.15056 0.665122 1.28506 0.955438 0.978545 0.966773
1.00451 0.649422 1.40009 0.977288 0.977353 1.00346
end
gesture a02 hands 2
1.04436 0.657102 1.39302 0.983876 0.973301 1.02636
1.21843 0.769285 1.06039 0.978339 0.969372 1.03997
1.19663 0.996285 0.832389 0.955656 0.972382 1.0142
1.03748 1.14035 0.81273 0.961905 0.970158 1.06007
0.779473 1.22527 0.801917 0.936061 0.956814 1.09059
0.511876 1.24987 0.933158 0.942739 0.952211 1.10569
0.484615 1.25087 0.9644 0.945386 0.962971 1.11525
0.550316 1.24997 0.895048 0.935658 0.934016 1.08707
0.810607 1.24854 0.74946 0.933907 0.933256 1.05725
1.22521 1.21512 0.750767 0.944292 0.970153 1.03038
1.25738 0.90312 0.934306 0.957946 0.978643 1.00696
1.16575 0.684132 1.23 0.988842 0.968948 1.02228
1.0582 0.653588 1.3872 0.983181 0.9756 1.04131
end
gesture a02 hands 2
0.983922 0.848176 1.12701 0.983112 0.980755 0.983641
1.03628 0.871635 1.08921 0.986797 0.967519 1.00398
1.11812 1.03466 0.904305 0.982733 0.977152 1.00153
0.938913 1.17346 0.776551 0.990153 0.965295 1.00969
0.614577 1.24022 0.809844 0.974607 0.965219 0.993331
0.602622 1.26395 0.857358 0.96107 0.97494 1.01744
0.838713 1.25291 0.737101 0.955499 0.971047 1.09273
1.16606 1.24894 0.76636 0.954984 0.966652 1.1136
1.2199 1.22115 0.842613 0.943345 0.96702 1.09419
1.12435 1.0999 0.889974 0.937627 0.981123 1.10369
1.02179 0.895265 1.09581 0.96404 0.980454 1.01894
1.00937 0.848061 1.20757 0.956036 0.977824 1.02379
1.00916 0.820134 1.23706 0.961877 0.957565 1.04081
end
gesture a02 hands 2
0.989894 0.758898 1.23176 0.968161 0.946764 1.00238
1.01628 0.793652 1.15744 0.963929 0.950161 1.00988
1.10855 0.908968 1.02115 0.956978 0.955667 0.994101
1.05945 1.10767 0.858063 0.951306 0.954079 1.00323
0.746952 1.21354 0.803174 0.942587 0.955818 1.02948
0.585206 1.22693 0.858884 0.934138 0.956133 1.10185
0.634645 1.23332 0.846509 0.93261 0.961315 1.13283
0.925801 1.23489 0.780924 0.934791 0.96829 1.12327
1.05652 1.23747 0.791527 0.937553 0.95758 1.08466
1.13038 1.18766 0.875663 0.957175 0.961235 1.06255
1.08977 0.989573 0.997525 0.977186 0.970612 1.01403
1.02249 0.79589 1.21228 0.964709 0.956434 1.0583
1.01009 0.768548 1.26065 0.964187 0.94942 1.04391
end
gesture a02 hands 2
1.01983 0.767257 1.21764 0.964191 0.938396 1.02841
1.13061 0.945876 0.982851 0.943898 0.946205 1.00471
1.04311 1.12455 0.848492 0.934796 0.953029 1.01705
0.702686 1.1758 0.834222 0.933682 0.962313 1.0897
0.563478 1.1861 0.884657 0.921756 0.965847 1.13614
0.543697 1.19922 0.905054 0.913303 0.969101 1.12782
0.599765 1.21821 0.881861 0.926931 0.960173 1.06499
0.87164 1.22754 0.784634 0.940252 0.968045 1.02735
1.0941 1.1983 0.839587 0.969413 0.970964 1.01829
1.11696 1.12493 0.900521 0.972508 0.961909 1.03561
1.08858 0.888762 1.08874 0.979821 0.96316 1.02309
1.00811 0.762512 1.31024 0.966554 0.944199 1.02845
1.01737 0.77587 1.16804 0.964438 0.946945 1.00242
end
gesture a02 hands 2
0.965778 0.693187 1.28452 0.926388 0.951405 1.01335
1.22924 0.82872 1.19551 0.945263 0.934677 1.01212
1.25837 0.910652 1.10631 0.970781 0.928868 1.03329
0.792651 1.12243 0.866826 0.967245 0.93205 1.02957
0.59167 1.17574 1.03322 0.988208 0.950407 1.05506
0.883468 1.19891 0.826377 0.973416 0.98125 1.0472
1.20095 1.113 0.88801 0.971619 0.983843 1.0471
1.14874 1.07796 0.876455 0.963583 0.99908 1.04532
0.605493 1.09553 0.98904 0.95427 0.984588 1.04696
0.650023 1.10365 0.951475 0.975621 0.983194 1.02248
1.11709 1.06338 0.87537 0.971379 0.973327 1.05015
1.19166 0.898805 1.05249 0.969919 0.9761 1.02769
0.964962 0.704982 1.34108 0.986742 0.961965 1.04014
end
gesture a02 hands 2
1.02463 0.765787 1.25182 0.974218 0.955072 1.04597
1.163 0.900149 1.00192 0.931173 0.954207 1.01995
0.922327 1.02765 0.83471 0.953344 0.946551 1.04344
0.577346 1.20036 1.00309 0.990189 0.947913 1.05032
0.661332 1.25385 0.933781 0.967974 0.954282 1.08288
1.20827 1.08005 0.862843 0.966602 0.959462 1.0814
1.19094 1.05579 0.867313 0.974107 0.976154 1.04918
0.890236 1.08962 0.806723 0.951183 0.965157 1.05758
0.616497 1.14861 0.97082 0.969685 0.982257 1.02456
0.65587 1.15805 0.937874 0.977046 0.987052 1.01823
1.15091 1.08781 0.843647 0.970031 0.973913 1.02784
1.29189 0.925014 1.10028 0.966872 0.981957 1.00973
0.992776 0.758995 1.23298 0.974925 0.961522 1.01091
end
gesture a02 hands 2
1.02782 0.708088 1.2869 0.985713 0.961755 1.00358
1.09535 0.962346 0.91591 0.94767 0.956732 0.991058
0.598741 1.16925 1.00593 0.979872 0.954534 1.01731
0.650757 1.18941 0.954612 0.955692 0.953993 1.02477
1.21669 1.06296 0.876604 0.987994 0.965354 1.03414
1.1206 1.06271 0.843348 0.961593 0.985148 1.04831
0.64619 1.16187 0.981565 0.997217 0.977793 1.00935
0.987534 1.17375 0.826885 0.996405 0.978484 1.00766
1.27157 1.11222 0.910934 0.967341 0.976168 1.06187
0.7402 1.09866 0.951628 0.985988 0.998016 1.01553
1.21266 1.07539 0.893161 0.966213 1.00472 1.04191
1.13356 0.730356 1.26266 0.993997 0.978151 1.02047
1.01928 0.689889 1.3385 0.978294 0.967906 1.05029
end
gesture a02 hands 2
0.853014 0.632643 1.32691 0.968482 0.974865 1.0373
1.32835 0.879444 1.33103 0.974747 0.96016 1.03213
1.12579 1.10555 0.838803 0.973244 0.975746 1.04028
0.472703 1.19687 0.797716 0.999065 0.944159 1.0342
0.891831 1.23196 0.756926 0.995737 0.948013 1.03146
1.38562 1.19753 1.09497 0.956249 1.00835 1.03229
1.26443 1.19979 0.926442 0.964893 0.981053 1.03571
0.62604 1.18363 0.742452 0.9747 0.988342 1.03227
0.653708 1.20835 0.735135 1.01301 0.92658 1.00588
1.27813 1.22472 0.896253 0.970438 1.00125 1.02357
1.28821 1.21335 0.915735 0.97208 0.985944 1.00771
0.896446 0.610631 1.25354 0.969022 0.967566 1.03399
0.843233 0.605865 1.30421 0.969189 0.971494 1.02536
end
gesture a02 hands 2
0.89319 0.605803 1.35254 0.968189 0.954154 1.04253
1.23624 0.789259 1.22313 0.966788 0.974294 1.04616
1.27565 0.887232 1.11161 0.972291 0.97805 1.03885
0.983102 1.21086 0.749772 0.99516 0.945142 1.01769
0.599946 1.27309 0.815458 0.958483 1.00072 1.03368
0.651704 1.27676 0.825958 0.954086 1.0043 1.03486
1.1927 1.31795 0.854897 0.991987 0.947209 1.02133
0.720765 1.27313 0.799009 0.983239 0.957163 1.02613
0.68182 1.23962 0.842713 0.964282 1.00018 1.02733
1.13061 1.21794 0.825988 0.963833 1.00477 1.02551
1.13458 0.943329 0.934454 0.962995 1.00631 1.03183
0.955734 0.652084 1.24294 0.968879 0.969673 1.04309
0.896646 0.614465 1.35301 0.971507 0.967078 1.02733
end
gesture a02 hands 2
0.923951 0.622394 1.35342 0.973803 0.963976 1.02119
1.20928 0.94621 0.965286 0.971234 0.961651 1.04708
1.07669 1.2987 0.775275 0.978781 0.950575 1.04447
0.781323 1.32457 0.778606 0.967993 0.990653 1.0516
0.780277 1.3243 0.791716 0.974986 0.968297 1.04184
1.234 1.32648 0.862088 0.964792 1.0025 1.03449
1.18189 1.31279 0.841808 0.959143 1.01051 1.03295
0.72638 1.26027 0.810584 0.958746 0.989154 1.02947
1.08466 1.28582 0.795795 0.964827 0.997843 1.02811
1.07992 0.958404 0.901884 0.98037 0.947903 1.01528
1.07141 0.849494 0.96365 0.963296 1.0004 1.01912
0.943462 0.626029 1.30778 0.981169 0.943357 1.04184
0.91806 0.62405 1.32982 0.990211 0.934994 1.03689
end
gesture a02 hands 2
0.955356 0.580198 1.3078 0.985153 1.0226 0.989021
1.43863 1.03616 1.00037 0.987581 1.0255 0.989921
0.943922 1.21937 0.719167 0.983997 0.965906 1.02825
0.493918 1.20284 0.996782 0.999497 0.990937 1.08727
1.06708 1.20952 0.734627 0.943706 0.968849 1.00841
1.49994 1.12184 1.01559 0.971406 0.99179 0.993797
0.55396 1.24557 0.87904 0.975618 0.955683 1.04017
0.516471 1.2274 0.957085 0.993468 0.995351 1.04643
1.20055 1.18962 0.811003 0.937351 0.954185 1.02919
1.51278 1.12303 1.05764 0.978356 1.00762 1.00331
0.728134 1.23344 0.833547 0.99629 0.974777 1.06419
0.857883 0.754248 0.963742 0.955819 0.928146 1.04922
0.977985 0.558501 1.35288 1.02169 0.966356 0.952288
end
gesture a02 hands 2
0.981275 0.53329 1.34298 0.964423 0.913723 1.0351
1.57239 1.08605 1.0564 0.935632 0.9572 1.09341
1.30713 1.22052 0.828253 0.897413 0.904821 1.04148
0.672672 1.24274 0.973379 0.914897 1.0214 1.05068
1.53641 1.10829 1.03264 0.905125 1.46393 0.981699
1.53236 1.10955 1.00279 0.912406 1.60804 0.886393
0.606266 1.22773 0.996341 0.9226 1.45956 0.869639
0.714749 1.22445 0.913653 1.34048 0.988019 0.894306
1.39691 1.1916 0.897574 1.36005 1.06443 0.790832
1.42758 1.19072 0.886557 1.18206 1.21896 0.718557
0.911779 1.28364 0.760974 1.37276 1.01035 0.897563
0.569983 0.631662 1.31195 1.37513 0.892629 1.15575
0.54147 0.518888 1.25939 1.37239 0.884389 1.23226
end
gesture a02 hands 2
0.54255 0.509785 1.2654 1.32545 0.960406 1.11986
1.53383 0.966653 1.10865 1.34481 0.899987 1.12338
1.56072 1.00543 1.09013 1.35757 0.954105 1.0569
0.627439 1.21723 0.994151 1.52561 1.08529 0.888384
1.60735 1.03248 1.24929 1.35192 1.08652 0.880795
1.08497 1.20239 0.789882 0.872749 0.959986 0.968562
0.591329 1.18616 0.987607 0.917306 0.982961 1.04039
1.44382 1.09072 0.989312 0.863692 0.967901 1.0021
1.58817 1.04136 1.11118 0.937109 0.994601 1.03154
1.13798 1.18128 0.747821 0.859858 0.955957 1.02023
0.585823 1.0941 1.09872 0.907046 0.985796 1.06836
0.867388 0.96655 0.818859 0.873686 0.991446 0.986732
1.02887 0.5164 1.23548 0.917298 0.987044 1.01407
end
gesture a02 hands 2
0.930097 0.791682 1.1884 0.961384 0.971627 1.00437
1.26106 0.93103 1.3609 0.971768 0.969617 0.997162
1.31866 0.977085 1.25173 0.96239 0.956909 1.05799
0.865846 0.993537 0.816557 0.984444 0.965456 1.06638
0.537091 1.04941 0.870897 0.982156 0.98795 1.00646
0.566935 1.05529 0.849892 0.980057 0.988777 1.00055
1.07057 1.07493 0.800903 0.959822 0.965622 1.04768
1.40337 1.05625 1.17045 0.970769 0.96271 1.05993
1.22426 1.08824 0.885351 0.974701 0.986533 1.05392
0.716018 1.16844 0.73427 0.975882 0.969505 1.06483
0.531366 1.13278 0.837267 0.957215 0.976937 1.06772
0.961621 0.795054 1.21489 0.956505 0.981591 1.04124
0.944689 0.798823 1.25237 0.95425 0.982042 1.04867
end
gesture a02 hands 2
0.950144 0.78489 1.29072 0.975867 0.973487 1.02379
1.33357 1.04689 1.035 0.979831 0.970479 1.00862
1.28715 1.08248 0.92 0.965126 0.966914 1.0506
0.949288 1.12051 0.710719 0.970327 0.965316 1.04355
0.511798 1.1257 0.819494 0.962244 0.961668 1.06751
0.982045 1.11272 0.750139 0.962424 0.956166 1.0852
1.3074 1.10608 1.00256 0.981356 0.955184 1.06137
1.32933 1.06342 1.05342 0.963747 0.979991 1.03641
0.775072 1.02142 0.824635 0.967407 0.969356 1.01494
0.524127 1.05503 0.991322 0.971046 0.954786 1.03917
0.575089 0.992572 1.08703 0.964237 0.975935 1.02992
1.06852 0.818774 1.17092 0.956567 0.975252 1.04895
0.941169 0.762186 1.24658 0.946239 0.973633 1.02745
end
gesture a02 hands 2
0.945452 0.764969 1.27882 0.954239 0.979482 1.07058
1.27267 0.998593 1.03326 0.951949 0.973597 1.05054
1.03787 1.09473 0.803189 0.959801 0.969337 1.05489
0.544195 1.12047 0.89038 0.973551 0.968172 1.03423
0.571635 1.11297 0.873052 0.965616 0.956047 1.07211
1.24048 1.09786 0.946849 0.976587 0.953225 1.05147
1.36538 1.09141 1.07616 0.968146 0.969234 1.01794
0.881499 1.0606 0.823531 0.948257 0.961293 1.04185
0.559151 1.07425 0.962058 0.95523 0.952958 1.04409
0.589998 1.04474 0.972287 0.966084 0.977363 1.0366
0.956388 0.842925 1.05472 0.966153 0.965559 1.05175
1.1037 0.793612 1.30301 0.967484 0.971151 1.03823
0.975378 0.770264 1.30862 0.955369 0.967074 1.06393
end
gesture a02 hands 2
1.00025 0.62111 1.36371 0.976543 0.971072 1.03503
1.03619 0.641559 1.25665 0.966713 0.964798 1.03534
1.07697 0.822015 0.989217 0.971473 0.967067 1.033
0.978377 1.10289 0.818739 0.964544 0.958134 1.05007
0.86851 1.19916 0.808072 0.951511 0.957613 1.04818
0.724359 1.26034 0.884157 0.953826 0.956801 1.04619
1.09657 1.26187 0.802885 0.972982 0.958998 1.03485
1.03258 1.24534 0.804323 0.96737 0.961867 1.04482
0.776113 1.2601 0.835176 0.965446 0.979096 1.04015
0.757026 1.28286 0.873334 0.962459 0.970837 1.04679
1.18995 1.07021 0.909639 0.974798 0.97353 1.0351
1.02136 0.635044 1.32365 0.952432 0.962834 1.06358
1.00492 0.626734 1.38315 0.94517 0.966153 1.03452
end
gesture a02 hands 2
0.998641 0.560128 1.4619 0.946485 0.956759 1.05135
1.04562 0.712332 1.11544 0.952623 0.953155 1.04577
1.01752 1.04309 0.915618 0.958603 0.968984 1.06388
0.9527 1.16077 0.874345 0.954708 0.9715 1.06996
0.748215 1.19626 0.934038 0.960675 0.965192 1.05478
0.768875 1.20613 0.942504 0.959261 0.958846 1.05929
1.01362 1.19631 0.871869 0.966 0.96667 1.04086
1.13893 1.12868 0.887478 0.965892 0.963231 1.05785
0.710371 1.18278 0.956496 0.963632 0.963087 1.05173
0.757723 1.18951 0.942603 0.955559 0.960059 1.04338
1.12707 1.03422 0.918995 0.957864 0.952546 1.05128
1.16678 0.776682 1.09013 0.956427 0.954145 1.04803
1.03337 0.554208 1.46802 0.952076 0.964898 1.03147
end
gesture a02 hands 2
0.995402 0.495665 1.50801 0.946244 0.960379 1.03376
1.06449 0.609316 1.22573 0.966228 0.954235 1.0259
1.08862 0.883121 1.00502 0.94617 0.95248 1.05511
0.968859 1.14027 0.891716 0.950105 0.953196 1.09411
0.768872 1.15888 0.944358 0.952584 0.955465 1.09223
0.81387 1.16848 0.937027 0.963079 0.955356 1.07124
1.06128 1.1411 0.907246 0.950374 0.969758 1.05343
1.14684 1.10242 0.921312 0.948798 0.961309 1.04731
0.69297 1.15895 0.991063 0.944422 0.95524 1.07087
0.676787 1.16981 1.00705 0.946237 0.955267 1.0706
0.868166 1.16967 0.949673 0.952114 0.961123 1.0544
1.1122 0.966956 0.982558 0.958585 0.953467 1.06529
1.07168 0.581351 1.24455 0.953867 0.944877 1.09094
end
gesture a03 hands 2
0.940637 0.743649 1.1719 0.920653 0.969585 1.10773
1.26974 0.972285 1.14004 1.01843 0.984949 1.07656
1.38858 1.3716 1.2047 1.03355 0.988452 1.0311
1.28124 1.68645 1.31828 1.01243 1.00115 1.00772
1.10762 1.74966 1.32543 0.965635 0.984976 0.981468
0.916971 1.55482 0.793367 0.953632 0.979029 0.985892
0.824861 1.28818 0.617125 0.907372 0.918335 1.04555
0.736235 1.02318 0.585202 0.882017 0.926133 1.03946
0.690311 0.877169 0.634498 0.901891 0.951509 0.976576
0.711026 0.855392 0.612119 0.943743 0.962666 0.967507
0.915089 0.736228 1.02065 0.995088 0.966894 1.01329
0.981542 0.715563 1.16151 0.998645 0.978111 1.10447
0.977572 0.736172 1.17814 0.990871 0.983234 1.10103
end
gesture a03 hands 2
0.946817 0.700017 1.21139 0.954966 0.981357 1.12775
1.26717 0.894065 1.26362 0.959307 0.9804 1.13382
1.36534 1.0652 1.30483 1.00113 0.9835 1.08354
1.27317 1.57089 1.38409 1.03195 1.00086 0.980076
1.06202 1.65394 1.21725 1.01431 0.986471 0.948443
0.946629 1.53719 0.850777 0.922083 0.911735 1.00041
0.864041 1.31826 0.67883 0.890852 0.902263 1.0524
0.69412 0.870571 0.629236 0.891166 0.91516 1.04864
0.658254 0.811011 0.638427 0.923065 0.941016 1.00348
0.754955 0.868075 0.605242 0.980507 0.967588 1.0162
0.854102 0.82615 0.724124 0.963444 0.975659 1.10372
0.973077 0.673937 1.23964 0.95913 0.977342 1.13082
0.968164 0.689088 1.2305 0.966716 0.97964 1.12351
end
gesture a03 hands 2
0.911036 0.63507 1.19886 0.950641 0.961432 1.04759
1.23038 0.838219 1.23798 0.956013 0.968503 1.11095
1.33176 0.991794 1.28931 1.0158 0.97352 1.01396
1.3508 1.18124 1.34632 1.0035 0.978838 0.972828
1.25515 1.47904 1.41675 0.941488 0.961002 0.947409
1.03098 1.62884 1.28442 0.928974 0.950009 0.96241
0.884814 1.47705 0.858457 0.930479 0.931812 0.996336
0.711434 0.988321 0.58283 0.902241 0.926786 1.06926
0.635947 0.804373 0.623703 0.887103 0.9266 1.11256
0.801993 0.909131 0.644937 0.896462 0.934833 1.11032
0.965419 0.801875 0.810638 0.9602 0.966391 1.0815
1.07732 0.674186 1.11296 0.963213 0.973067 1.12533
0.968729 0.632349 1.35433 0.966223 0.967273 1.11667
end
gesture a03 hands 2
0.941394 0.670353 1.29803 0.96972 0.887068 1.20693
1.15636 0.774772 1.2499 0.97792 0.937944 1.14617
1.27628 0.947371 1.25473 0.987194 0.963263 1.03103
1.28831 1.31945 1.33738 1.04131 0.970886 0.915027
1.22212 1.42186 1.33524 1.0409 1.02032 0.957258
1.09523 1.54445 1.18879 1.0361 1.03567 0.981878
0.959279 1.44065 0.858203 1.02659 0.966104 0.976369
0.885126 1.29776 0.719164 0.986689 0.931973 0.98334
0.775947 1.0161 0.570581 0.898284 0.91286 1.01991
0.783863 1.04581 0.509704 0.896686 0.918614 1.01338
0.833125 0.912765 0.709718 0.911181 0.97344 0.962972
0.925584 0.741002 1.04614 0.849846 1.05984 0.955374
0.950606 0.727026 1.20122 0.88176 1.08365 1.01448
end
gesture a03 hands 2
0.985173 0.811752 1.18505 0.886931 1.03343 1.01916
0.850905 0.68315 1.24424 0.953687 0.929022 1.12867
1.01296 0.790491 1.29928 0.963149 0.9158 1.18205
1.29121 1.19398 1.39799 1.07332 0.948586 1.13335
1.19658 1.46812 1.32147 1.09613 0.956132 1.0051
1.07011 1.53415 1.11134 1.11577 0.97386 0.9813
0.886306 1.3637 0.886179 0.994547 0.978565 0.94255
0.847391 1.30025 0.765285 1.05126 0.885209 0.994992
0.843972 1.0933 0.463043 0.981689 0.909083 1.03966
0.852433 1.18027 0.371532 0.819177 0.951492 1.0127
0.901686 1.11353 0.494833 0.862447 1.05067 0.902424
0.981178 0.768948 1.08217 0.900255 1.04155 1.01585
0.999934 0.777188 1.22511 0.935427 1.00323 1.04711
end
gesture a03 hands 2
0.973271 0.777835 1.19347 0.997462 0.959153 1.07932
0.891082 0.771831 1.27216 1.07364 0.91589 1.08889
1.00231 0.874098 1.32607 1.12948 1.00217 0.923643
1.26432 1.26047 1.38732 1.02668 1.00174 0.92592
1.16514 1.54593 1.27881 0.931349 0.892839 0.984329
1.06404 1.65452 0.996186 0.839526 1.03247 0.946501
0.911642 1.48715 0.674607 0.728626 1.09913 0.966691
0.831227 1.13442 0.50426 0.714371 1.1135 0.960598
0.832842 1.07333 0.350995 0.837799 1.11509 1.02815
0.834037 1.20474 0.362827 0.960588 0.994619 1.075
0.996048 0.822346 0.918896 0.977775 0.922949 1.13926
0.964475 0.779427 1.18784 0.976494 0.943864 1.12891
0.943508 0.790019 1.17567 0.990058 0.890156 1.13978
end
gesture a03 hands 2
1.03137 0.79088 1.21122 0.966868 0.965069 1.0115
1.19958 1.04199 0.973511 0.980671 0.966025 0.988435
1.23714 1.5032 0.965631 0.971275 0.988832 0.909736
1.17939 1.8129 0.99713 0.955239 0.994839 0.897363
1.14833 1.79819 0.894277 0.930456 0.972279 1.00866
0.868566 1.2879 0.586617 0.943515 0.966068 1.17431
0.715408 0.98144 0.591026 0.973795 0.943705 1.21048
0.646498 0.846077 0.72386 1.11446 0.964369 1.32303
0.603234 0.78424 0.842097 1.15324 0.994194 1.39123
0.665779 0.885163 0.833705 1.10974 0.977576 1.3641
0.755862 0.89538 0.867011 0.963531 0.914668 1.2031
0.931324 0.857781 0.985113 0.866019 0.960885 1.02159
1.00803 0.794023 1.17127 0.931774 0.975774 0.871246
end
gesture a03 hands 2
1.08051 0.705478 1.31341 0.890486 0.961137 0.836595
1.21392 0.969327 1.07855 0.874396 0.963572 0.992494
1.29101 1.43131 0.993726 0.893589 0.950162 1.05014
1.19869 1.79939 0.999368 0.973885 0.955548 1.18573
1.17217 1.77088 0.910473 1.04689 0.971094 1.2594
0.958584 1.35771 0.623733 1.1882 1.00505 1.35872
0.781863 1.06764 0.643623 1.2314 1.02037 1.39267
0.647065 0.869785 0.759136 1.19429 0.994098 1.37702
0.581298 0.766449 0.940217 1.04604 0.924947 1.28992
0.75215 0.891284 0.841107 0.970023 0.902177 1.22534
0.956508 0.891659 0.920048 0.870494 0.909816 1.08737
1.08697 0.798067 1.10516 0.866404 0.925071 0.93657
1.06533 0.723744 1.28831 0.922086 0.956392 0.848225
end
gesture a03 hands 2
1.05441 0.735744 1.30803 0.959494 0.977047 0.925554
1.16378 0.8855 1.11379 0.904021 0.93074 0.967489
1.31989 1.32296 0.915957 0.909241 0.914875 1.01533
1.22833 1.80806 1.01018 0.987074 0.983812 1.14829
1.13164 1.81148 0.864571 1.07034 0.99533 1.28133
1.01214 1.6877 0.689463 1.16786 1.01528 1.32417
0.688651 1.13932 0.577605 1.09229 0.988269 1.32374
0.526885 0.796621 0.818512 0.937808 0.942758 1.21616
0.556378 0.853464 0.737872 0.879535 0.938801 1.12806
0.90383 1.015 0.684945 0.862979 0.950959 1.0854
1.12006 0.975227 0.887045 0.873376 0.956453 0.998577
1.10451 0.763284 1.29539 0.956605 0.965637 0.918056
1.05007 0.744873 1.3186 0.955317 0.993444 0.919679
end
gesture a03 hands 2
1.10562 0.723181 1.17455 0.902916 0.925723 1.03703
1.10383 0.716702 1.20674 0.905634 0.928898 1.01174
1.05985 0.793304 1.10241 0.992578 0.979302 0.92555
1.04412 0.962658 1.01814 1.15401 1.08787 0.832169
1.08635 1.11456 1.02243 1.20977 1.12416 0.840725
1.10088 1.41419 1.20204 1.16998 1.0859 0.862198
1.06208 1.4878 1.27184 0.878232 0.955248 0.999455
0.956821 1.44607 0.983954 0.845535 0.929949 1.05736
0.877758 1.24202 0.8547 0.848862 0.885039 1.22372
0.740984 0.856405 0.828812 0.976834 0.889624 1.33118
0.724516 0.819677 0.850244 0.956988 0.898724 1.30322
0.746094 0.866282 0.831766 0.868006 0.936765 1.02226
0.992941 0.782528 1.04796 0.866086 0.955982 0.96584
end
gesture a03 hands 2
1.09312 0.785869 1.12827 0.828413 0.91431 1.00774
0.96988 0.884423 0.996543 0.97312 0.950971 0.910498
1.17585 1.04408 1.07762 1.11684 1.05274 0.929845
1.22543 1.19484 1.15667 1.28589 1.25323 0.963786
1.17077 1.40829 1.32147 1.32278 1.33583 0.987103
1.06971 1.54646 1.27313 1.18446 1.26071 0.917813
1.02559 1.56369 1.17167 0.987387 1.00887 0.970783
0.938895 1.42849 1.00993 0.911135 0.896203 1.05841
0.80419 0.956434 0.836604 0.89628 0.823794 1.27243
0.792965 0.840151 0.864783 0.896999 0.817773 1.32735
0.796432 0.890104 0.891881 0.862516 0.795821 1.30573
0.928887 0.791531 1.04315 0.812983 0.870785 1.05464
0.90182 0.818092 1.03768 0.831536 0.879703 1.05048
end
gesture a03 hands 2
0.87006 0.81552 0.997965 0.988633 0.969123 0.980226
1.11337 0.867569 1.06827 0.98555 0.956701 1.07324
1.2187 1.02081 1.13518 0.966365 0.957284 1.04751
1.23883 1.36682 1.31477 0.912088 0.980191 0.946844
1.16557 1.43867 1.34232 0.905829 1.0272 0.888668
1.02277 1.4958 1.10573 0.905439 0.998234 0.963352
0.930138 1.38576 0.963003 0.94962 0.929894 1.1536
0.758606 0.944767 0.839246 1.02623 0.908163 1.30335
0.739896 0.82542 0.852687 1.03061 0.906863 1.30556
0.754425 0.876244 0.841158 0.933314 0.92138 1.08414
1.00347 0.788304 1.03752 0.921567 0.940986 1.03394
1.09484 0.756811 1.11952 0.955394 0.976871 0.939879
1.08974 0.752213 1.13561 0.948058 0.96922 0.953661
end
gesture a03 hands 2
1.01184 0.729859 1.16561 0.996312 0.974901 1.01631
1.10183 1.10442 0.859351 0.949751 0.96542 0.998033
1.01531 1.57996 1.06341 0.989296 0.965915 1.01626
0.97263 1.60057 1.03844 0.990688 0.990177 1.00365
0.909223 1.28638 0.760102 0.973087 0.992534 1.0646
0.872389 1.12514 0.679563 0.993873 1.00367 1.02563
0.90108 1.40485 0.730334 0.970233 0.998881 1.05964
0.996628 1.59985 0.968547 0.989942 0.994425 1.03225
0.886853 1.23502 0.780456 0.983005 0.972595 1.05373
0.760597 0.991701 0.800066 0.992163 0.973476 1.01838
0.954816 1.06988 0.810721 0.957669 0.969188 1.00571
1.04055 0.744878 1.19749 0.989008 0.965919 1.01433
1.02439 0.718931 1.18133 0.959869 0.960701 0.993026
end
gesture a03 hands 2
0.987944 0.616037 1.31494 0.980649 0.923318 1.04197
1.05668 0.67129 1.2183 0.961436 0.932926 1.07595
1.18709 0.958766 0.989126 0.951264 0.968654 1.00752
1.09607 1.48177 1.14735 0.917681 1.00588 0.958509
1.0676 1.46954 1.11498 0.913623 1.0096 0.967717
0.96822 1.13693 0.87181 0.94344 0.984144 1.0345
0.851034 0.898064 0.825928 0.968397 0.968418 1.06344
0.978672 1.48912 1.00223 0.943904 0.96305 1.08815
0.972271 1.35596 0.944712 0.945471 0.965551 1.08413
0.842994 0.995301 0.793728 0.968911 0.973752 1.04786
0.779888 0.874829 0.845237 0.983971 0.96114 1.03751
1.03679 0.647639 1.26237 0.972861 0.952645 1.03551
0.984459 0.598187 1.40064 0.978725 0.941627 1.0631
end
gesture a03 hands 2
1.02638 0.615266 1.29495 0.948287 0.943593 1.02452
1.15234 1.27309 1.0089 0.985308 0.940632 1.01844
1.06311 1.46635 1.15431 0.961101 0.996141 1.02731
0.922691 1.02828 0.814829 0.977388 0.995844 1.02467
1.00314 1.4279 0.967559 0.961849 0.997473 1.0556
1.03818 1.41531 0.966978 0.986118 0.991956 1.02293
0.841466 0.99091 0.818758 0.969016 0.984498 1.04781
1.01704 1.45155 1.01225 0.986628 0.985111 1.01145
0.883475 0.955645 0.788119 0.96454 0.994699 1.05668
1.03468 1.3797 0.970313 1.00428 0.989864 1.01591
0.941693 0.791535 0.902869 0.991918 0.979516 1.0294
1.03058 0.604776 1.30894 0.985278 0.95403 1.02241
1.0351 0.624787 1.27249 0.941218 0.948336 0.984162
end
gesture a03 hands 2
0.978968 0.558618 1.31263 0.965255 0.92803 1.05536
1.13152 0.902908 1.01454 0.964823 0.930413 1.05325
1.12164 1.31024 1.05964 0.965379 0.929753 1.05526
1.03715 1.49446 1.26746 0.958595 0.971764 1.03646
1.01101 1.48795 1.18014 0.981033 0.95495 1.05672
0.951938 1.39953 0.951382 0.981153 0.954925 1.05449
0.80037 1.11371 0.649862 0.964978 1.01683 1.03922
0.782276 1.07562 0.644195 0.953417 1.05144 1.03671
0.839495 1.25073 0.670219 0.951888 1.04551 1.03128
0.900312 1.20721 0.771316 0.951098 0.975663 1.03762
0.97979 0.982144 0.863149 0.948417 0.976931 1.03891
1.03092 0.650129 1.11535 0.957635 0.948005 1.02968
0.985328 0.563801 1.30859 0.957309 0.942787 1.03057
end
gesture a03 hands 2
0.989287 0.540314 1.2798 0.958427 0.944972 1.04516
1.02083 0.562151 1.2374 0.963434 0.934497 1.04886
1.11919 0.736624 1.08474 0.967385 0.96381 1.01556
1.12582 1.19588 1.14279 0.962419 0.981125 1.01606
1.021 1.39427 1.25742 0.962149 0.973849 1.04966
0.947977 1.44546 1.05652 0.963267 0.988215 1.05202
0.878083 1.24806 0.692831 0.975636 0.960297 1.0595
0.843363 1.14634 0.607658 0.95253 0.998802 1.05532
0.865665 1.32423 0.758473 0.947663 1.0142 1.0505
0.891526 1.18147 0.792815 0.950403 1.00594 1.04779
0.962626 0.840569 0.912011 0.960566 0.961546 1.04897
0.998982 0.545264 1.26596 0.961043 0.94215 1.05114
0.995942 0.539285 1.30043 0.963034 0.943825 1.04084
end
gesture a03 hands 2
1.00546 0.532952 1.3734 0.962877 0.942212 1.04198
1.11227 0.745127 1.14548 0.969849 0.946437 1.02496
1.12648 1.05508 1.13492 0.960743 0.971189 1.02208
1.07832 1.28349 1.23346 0.952979 0.994849 1.05463
1.01892 1.36989 1.27311 0.963435 0.988904 1.04906
0.969775 1.41282 1.10328 0.975747 0.950668 1.05256
0.88642 1.24939 0.762322 0.967683 0.954666 1.05884
0.858973 1.15552 0.699408 0.9633 1.03336 1.03661
0.861352 1.23618 0.683809 0.962762 0.984486 1.04657
0.876865 1.2051 0.756658 0.960488 0.961432 1.04944
0.999783 0.756126 1.00821 0.956103 0.975434 1.04911
0.997241 0.558225 1.3278 0.961141 0.944411 1.05347
0.995466 0.559266 1.33631 0.961389 0.943416 1.05035
end
gesture a03 hands 2
0.990876 0.648427 1.32831 0.971097 0.967606 1.0202
1.00374 0.743486 1.07137 0.966379 0.964454 1.016
1.0294 1.06769 0.836875 0.946847 0.973253 1.01507
1.01536 1.28946 0.830945 0.942795 0.971315 1.03052
0.961801 1.65177 0.978142 0.958472 0.940912 1.08185
0.938779 1.75134 1.11155 0.950462 0.935479 1.07089
0.937205 1.73206 1.09588 0.93805 0.944683 1.09253
0.954051 1.62401 0.968404 0.952639 0.953176 1.09591
0.939265 1.33495 0.813261 0.947882 0.934502 1.15032
0.936359 1.01513 0.750048 0.950176 0.949582 1.13942
0.906631 0.780616 0.798231 0.945263 0.969632 1.06839
1.00012 0.663678 1.13512 0.970309 0.957673 1.0247
1.00077 0.662505 1.26505 0.978288 0.957296 1.01611
end
gesture a03 hands 2
0.973863 0.695954 1.26441 0.984342 0.946362 1.04032
0.981302 0.780816 1.01734 0.934236 0.957353 1.00447
1.00843 0.933731 0.909194 0.960877 0.973849 1.03278
1.04 1.33088 0.827282 0.967306 0.974599 1.0365
1.00067 1.64831 0.931194 0.93704 0.957382 1.02836
0.954467 1.78655 1.03292 0.958782 0.948757 1.07297
0.942682 1.762 1.02115 0.965089 0.963068 1.12513
0.946286 1.6773 0.889383 0.980384 0.960601 1.12655
0.935488 1.34715 0.802156 0.939837 0.944126 1.13511
0.912035 0.728281 0.91142 0.959804 0.96256 1.06745
0.949464 0.706136 1.0348 0.953814 0.950158 1.05738
1.00928 0.749281 1.01259 0.971705 0.98781 0.958182
0.961939 0.68673 1.2517 0.9497 0.988463 0.940754
end
gesture a03 hands 2
0.926575 0.631468 1.31883 0.9561 0.958575 1.01076
1.03638 0.912003 1.00388 0.937206 0.955315 1.03694
1.06165 1.30538 0.957005 0.975211 0.965966 1.03758
0.990156 1.56656 1.07461 0.97261 0.970854 1.04039
0.967716 1.63286 1.1248 0.965415 0.939567 1.11377
0.945671 1.5955 0.961453 0.969281 0.941293 1.1157
0.942904 1.36742 0.814253 0.945525 0.946177 1.1305
0.927202 0.780221 0.806688 0.942748 0.947807 1.11577
0.924423 0.669908 0.961338 0.933392 0.946576 1.13086
0.956456 0.675847 1.06647 0.952771 0.982715 1.00534
0.990994 0.898596 0.931529 0.955119 0.978033 0.995262
0.981568 0.772512 1.03868 0.963325 0.948764 1.02036
0.950769 0.594639 1.2793 0.967881 0.957106 1.03455
end
gesture a03 hands 2
0.961807 0.558292 1.35929 0.956076 0.952932 1.04764
1.03335 0.787539 1.06374 0.950322 0.952718 1.02874
1.03936 1.20951 1.04743 0.953448 0.953733 1.02497
0.979769 1.43179 1.2131 0.95737 0.976114 1.06952
0.963493 1.41896 1.17213 0.968968 0.974136 1.06931
0.957471 0.853665 0.835412 0.959308 0.968149 1.05816
0.943477 0.820911 0.846762 0.956526 0.983486 1.06179
0.941637 1.44812 1.08403 0.970641 0.978328 1.06794
0.971625 1.32155 1.02093 0.961867 0.970988 1.06331
0.967779 0.862218 0.861706 0.958023 0.956489 1.03368
0.95108 0.765096 0.923798 0.963127 0.951399 1.01944
0.970644 0.93925 0.894018 0.964544 0.944976 1.03293
0.952518 0.568317 1.3725 0.955846 0.960138 1.01884
end
gesture a03 hands 2
0.96682 0.644627 1.27324 0.961322 0.962615 1.03095
1.06146 1.20715 0.900473 0.96102 0.959373 1.019
0.971613 1.48137 1.14271 0.96323 0.95519 1.02928
0.942759 1.47636 1.18345 0.969046 0.955695 1.01038
1.00037 1.32681 0.775337 0.95972 0.961671 1.01923
0.981023 0.994373 0.701929 0.974464 0.995665 1.02541
0.965111 1.00543 0.69406 0.979344 0.974653 1.04731
0.95044 1.38805 0.791501 0.96636 0.963918 1.06412
0.962382 1.48041 1.00892 0.963663 0.984573 1.08024
0.990824 1.20309 0.76212 0.974139 0.991872 1.06526
0.929384 0.746167 0.913434 0.956448 0.973669 1.08607
0.984457 0.643239 1.23766 0.955496 0.972629 1.07402
0.979472 0.630266 1.29092 0.973379 0.970662 1.02396
end
gesture a03 hands 2
0.965576 0.559812 1.33135 0.957692 0.963612 1.02207
1.06561 1.00106 0.95379 0.968952 0.947826 1.02723
0.987305 1.4701 1.18839 0.966487 0.948075 1.00491
0.932463 1.45269 1.20075 0.967268 0.959218 1.01892
0.963007 1.23549 0.836634 0.967393 0.988567 1.05685
0.897457 0.740125 0.855235 0.981055 0.97234 1.13062
1.0646 0.78755 0.96995 0.964015 0.972817 1.13049
0.985319 1.37309 1.1909 0.953149 0.95679 1.03102
0.97359 1.39378 1.15994 0.960294 0.954965 1.01016
0.979595 1.09349 0.85463 0.955569 0.975501 1.00247
0.964931 0.862309 0.826483 0.961072 0.971702 1.01291
0.954508 0.591363 1.26437 0.940226 0.962828 1.09827
0.965667 0.585723 1.31733 0.930805 0.967523 1.10388
end
gesture a03 hands 2
1.06419 0.565483 1.39535 0.957945 0.975996 1.03181
1.04381 0.900178 1.05453 0.966157 0.972029 1.00136
1.01763 1.29977 1.12435 0.973166 0.97956 1.01162
1.00704 1.40134 1.19615 0.955645 0.991763 1.05822
0.932998 1.25013 0.966133 0.962065 0.960874 1.07727
0.931812 0.898133 0.888288 0.964287 0.955517 1.07776
0.941716 0.926519 0.886401 0.959121 0.97778 1.03503
0.94077 1.2492 0.919148 0.957388 0.991572 1.02727
0.956529 1.43295 1.22394 0.979386 0.951833 1.02473
0.943241 1.40273 1.12905 0.964215 0.956722 1.08174
0.93217 1.09926 0.894173 0.96717 0.954304 1.05556
0.969375 0.781047 0.958202 0.96841 0.95251 1.07231
1.01878 0.57382 1.29112 0.968934 0.949711 1.04994
end
gesture a03 hands 2
1.0283 0.556952 1.306 0.95666 0.950323 1.06962
1.03651 0.557988 1.24502 0.945885 0.959866 1.03967
1.02838 0.89217 0.948881 0.964117 0.958583 1.01146
0.979784 1.38327 1.07668 0.972849 0.958391 1.01042
0.963849 1.44754 1.20151 0.960556 0.981517 1.04329
0.935861 1.14118 0.860393 0.972319 0.955559 1.0515
0.920369 0.896742 0.789639 0.971296 0.960458 1.04727
0.914898 1.13374 0.800676 0.964018 0.992359 1.03202
0.932045 1.46784 1.1833 0.957968 0.996788 1.0385
0.929181 1.44965 1.09799 0.976111 0.95367 1.04468
0.929745 0.930949 0.774349 0.962494 0.95415 1.08219
1.03006 0.579054 1.1647 0.959596 0.953736 1.06941
1.05997 0.548387 1.37271 0.952098 0.963257 1.08663
end
gesture a03 hands 2
1.01093 0.624074 1.32146 0.947801 0.959728 1.06806
0.993044 0.914672 0.959251 0.964806 0.974308 1.00876
0.95902 1.4045 1.01206 0.970086 0.974343 1.00058
0.939255 1.47129 1.053 0.960569 0.95529 1.04686
0.924597 1.13562 0.784346 0.962528 0.958404 1.04123
0.924414 1.02931 0.735808 0.967136 0.984585 1.04698
0.904263 1.31411 0.783238 0.975819 0.952342 1.04625
0.928465 1.54203 1.16531 0.959242 1.00218 1.04109
0.925371 1.50875 1.07841 0.953035 0.992691 1.04517
0.931245 1.17918 0.73931 0.97923 0.944655 1.04098
0.954214 0.988387 0.704875 0.971887 0.938772 1.08476
1.01865 0.631914 1.09832 0.970611 0.937606 1.06855
1.02566 0.602186 1.34211 0.950964 0.94654 1.09235
end
gesture a04 hands 2
0.764798 0.493154 1.21034 0.974639 0.950987 1.09199
0.734037 0.553751 1.11465 0.964379 0.945059 1.06481
0.775162 0.652899 1.03305 0.932137 0.955229 1.07088
0.847642 0.835266 0.978166 0.911894 0.970412 1.05182
0.925301 1.25324 1.02097 0.902972 0.975755 1.01152
1.05574 1.46375 1.04272 0.917641 0.974044 1.00104
1.13561 1.48957 1.03107 0.983835 0.949187 1.03404
1.2298 1.47457 0.982333 1.00578 0.950178 1.05382
1.25197 1.4623 0.925505 1.00757 0.976913 1.05229
1.20117 1.15373 0.88649 1.01199 0.986965 1.03455
1.04905 0.782564 0.985601 0.984661 0.982662 1.02085
0.902272 0.645492 1.08012 0.929795 0.966329 1.03414
0.694794 0.526716 1.18594 0.84061 0.965944 1.06656
end
gesture a04 hands 2
0.787918 0.653871 1.19383 0.906561 0.978743 1.03799
0.756328 0.656493 1.12126 0.879428 0.968754 1.05451
0.780906 0.657224 1.13973 0.915425 0.967275 1.05486
0.847907 0.754562 1.06194 0.930094 0.978181 1.05304
0.937958 0.925397 0.999174 0.965808 0.975688 1.00307
1.08914 1.36098 0.959522 1.03908 0.96414 1.033
1.21906 1.62213 0.951458 1.09213 0.975141 1.03612
1.3168 1.67262 0.902532 1.09736 0.98846 0.991331
1.35847 1.62038 0.839362 1.07185 0.975825 0.995807
1.33059 1.46948 0.814213 0.902034 0.973369 1.03696
1.13843 0.902841 0.959743 0.882062 0.966573 1.05298
0.920751 0.706222 1.09409 0.897432 0.963284 1.05123
0.775196 0.655096 1.15603 0.94944 0.965989 1.05914
end
gesture a04 hands 2
0.632011 0.392168 1.21684 0.894675 0.936514 1.0984
0.678766 0.44006 1.15562 0.875189 0.936264 1.08083
0.739528 0.589395 1.07358 0.87772 0.93883 1.079
0.785907 0.796949 1.02551 0.880113 0.952173 1.05149
0.866677 1.19739 1.04778 0.895082 0.9584 1.04479
1.0009 1.41386 1.06474 0.918838 0.95166 1.03075
1.0699 1.43526 1.06838 0.932013 0.942993 1.03686
1.24297 1.37839 0.995046 0.987015 0.938225 1.07554
1.22998 1.0679 0.916015 1.00656 0.949052 1.08606
1.14582 0.83687 0.948543 1.01968 0.96439 1.05428
1.01201 0.611216 1.02931 1.0174 0.961042 1.0536
0.853625 0.458276 1.13229 0.993565 0.948424 1.07667
0.717106 0.398151 1.23581 0.956913 0.9488 1.10157
end
gesture a04 hands 2
0.759519 0.679643 1.03022 0.943773 0.951543 1.03779
0.748078 0.660319 1.06568 0.937261 0.980037 1.06183
0.795129 0.692273 1.05174 0.941224 0.97442 1.04989
1.01938 0.928671 0.991559 0.903205 0.991784 1.04742
1.11724 1.11462 0.998846 0.911684 0.999015 1.0254
1.20319 1.52863 1.05711 0.950406 0.962805 1.00588
1.31272 1.66971 1.05158 1.02155 0.932939 1.0367
1.42976 1.62573 1.0107 1.0545 0.939199 1.03156
1.34862 1.23901 0.955224 1.14652 0.945107 1.01391
1.26061 1.04634 0.959757 1.08721 0.951323 1.03459
0.965175 0.755523 1.02952 1.05547 0.959674 1.01529
0.724601 0.680562 1.05191 0.934495 1.01146 1.04269
0.714868 0.677512 1.0451 0.896187 0.985989 1.04385
end
gesture a04 hands 2
0.622416 0.537286 1.12624 0.864862 0.964311 1.07916
0.738305 0.592776 1.08276 0.955691 0.94452 1.04738
0.997342 0.941229 1.02549 1.02449 0.945157 1.03774
1.19652 1.51984 1.05658 1.10005 0.941228 1.02989
1.2609 1.56864 1.00746 1.10406 0.916215 1.03458
1.29019 1.38348 0.969214 1.04139 0.898234 1.04232
1.27206 1.24038 0.976884 1.00136 0.9085 1.04621
1.18684 0.894245 0.979918 0.916428 0.974363 1.06419
1.09294 0.753442 0.998123 0.905756 0.977364 1.07192
0.834881 0.593302 1.07215 0.921185 0.991952 1.05915
0.684837 0.574807 1.11907 0.921205 0.985067 1.05572
0.679364 0.616986 1.12414 0.884111 0.964287 1.07713
0.641258 0.54071 1.13278 0.871041 0.969186 1.08764
end
gesture a04 hands 2
0.718701 0.671569 1.09309 0.893945 0.979679 1.0741
0.772793 0.702843 1.05787 0.922919 0.983044 1.05868
0.878964 0.772202 1.0155 0.907069 0.981523 1.0606
1.0064 0.932213 0.979533 0.900509 0.976864 1.05842
1.15576 1.28612 1.0138 0.935686 0.977712 1.04509
1.25912 1.56191 1.04432 1.01462 0.952351 1.01945
1.3127 1.65094 1.0449 1.0527 0.967018 1.01154
1.37862 1.67993 1.00805 1.11375 0.939506 1.02233
1.43256 1.30095 0.943002 1.11464 0.930891 1.02424
1.30286 0.943701 0.946628 1.0334 0.927436 1.03152
0.997878 0.725708 1.00423 0.896678 0.993104 1.05452
0.726728 0.690855 1.08153 0.887269 0.955751 1.05646
0.717231 0.699466 1.07123 0.884127 0.965037 1.05137
end
gesture a04 hands 2
0.980133 0.447595 1.35657 1.02733 0.970007 1.02156
1.03595 1.04635 0.779989 0.981896 1.05163 0.919142
1.11179 1.40947 0.832477 0.998248 0.970083 1.02752
1.21703 1.47538 1.01771 0.919816 1.00785 0.898342
0.94083 1.45488 0.649747 0.988702 0.999685 1.01884
0.849054 1.08347 0.854491 1.06358 1.00395 0.916982
0.918211 0.935857 0.987416 0.9476 0.987824 1.03623
1.04907 1.13451 1.07297 0.920906 1.03738 0.974987
1.09899 1.48211 0.772672 0.947857 0.987323 1.02653
1.0058 1.51248 0.629851 1.16573 1.00187 1.1765
0.847962 1.00659 0.94534 0.958165 0.98677 1.11272
0.970364 0.795181 1.04249 0.94814 1.01729 0.977758
0.989643 0.452965 1.36765 0.993922 0.910252 1.01583
end
gesture a04 hands 2
0.956738 0.610798 1.34988 1.00698 0.947173 1.06308
0.972264 0.66233 1.13202 0.972122 0.93343 1.05335
1.01447 0.786417 0.987172 0.968494 0.926825 1.04909
1.05494 1.00356 0.885144 0.974911 0.920711 1.05031
1.07581 1.42533 0.81304 0.94314 0.90945 1.04901
1.05952 1.55832 0.754977 0.927628 0.925176 1.05315
0.999271 1.67902 0.617599 0.92313 0.980661 1.06148
0.90647 1.62997 0.627903 0.931895 1.00421 1.05716
0.897401 1.51278 0.670846 0.952763 1.00391 1.07168
0.923708 1.12097 0.789104 0.948601 1.02878 1.0839
0.952861 0.739739 1.05867 0.947418 0.98378 1.05133
0.955402 0.634985 1.22174 0.939419 0.973482 1.02806
0.95673 0.61153 1.36 0.983895 0.983973 1.01066
end
gesture a04 hands 2
0.931261 0.627281 1.16407 0.987839 0.954424 1.02384
0.891336 0.722752 1.00908 0.976567 0.94644 1.06928
0.89985 0.82043 0.95395 0.969048 0.938662 1.03127
0.930324 1.00126 0.922697 0.966999 0.941783 1.02959
1.04098 1.3993 0.963351 0.941096 0.984027 0.999576
1.08486 1.53321 0.934124 0.929075 1.02336 1.00002
1.06004 1.50552 0.879794 0.934225 1.0165 0.998734
1.02441 1.24565 0.862707 0.961347 1.00581 1.02199
0.958064 0.851874 0.937297 0.9533 1.0013 1.00451
0.951026 0.626286 1.14526 0.97194 0.988319 1.01619
0.916091 0.621569 1.18902 0.968578 0.952498 1.07888
0.923054 0.622363 1.15099 0.972382 0.945172 1.06056
0.914629 0.625539 1.18728 0.970517 0.932269 1.02636
end
gesture a04 hands 2
0.920977 0.629846 1.13943 0.956413 0.90744 1.08966
0.914647 0.63093 1.15256 0.937001 0.906642 1.08043
0.899108 0.633101 1.19337 0.942101 0.909261 1.08573
0.914235 0.634559 1.16907 0.945953 0.911818 1.0675
0.909101 0.641732 1.14229 0.941954 0.911942 1.06766
0.899093 0.67437 1.10193 0.925462 0.914555 1.06621
0.898901 0.802183 1.01742 0.930389 0.915099 1.08256
0.915892 1.00598 0.966081 0.917535 0.930427 1.09176
0.950888 1.23817 0.965341 0.906257 0.948084 1.07399
1.00022 1.40221 0.969942 0.905096 0.97617 1.04313
1.04111 1.48488 0.956001 0.902864 0.984106 1.04374
1.05758 1.51272 0.92309 0.923145 0.985778 1.04775
1.05735 1.51377 0.915616 0.95642 0.990337 1.04921
end
gesture a04 hands 2
0.891845 0.460946 1.21149 0.930203 0.904341 1.03888
0.882539 0.476559 1.19651 0.946329 0.918523 1.03925
0.884125 0.529087 1.14308 0.931211 0.951702 1.02299
0.889893 0.52349 1.15251 0.914231 0.980459 1.01801
0.916949 0.737223 1.11026 0.906407 0.985548 1.02876
0.955813 0.954023 1.11771 0.910967 0.990391 1.0337
1.00282 1.23724 1.02461 0.943315 0.97751 1.08283
1.04143 1.31633 0.967024 0.942608 0.970721 1.05387
1.02095 1.32129 0.927164 0.951511 0.962887 1.06028
0.953715 1.0295 0.952692 0.98298 0.963981 1.05879
0.925111 0.62623 1.09956 0.988993 0.939048 1.06952
0.92124 0.503031 1.19224 0.973979 0.926723 1.07676
0.909662 0.4556 1.28923 0.995437 0.91852 1.08612
end
gesture a04 hands 2
1.08242 0.458859 1.38952 0.98299 0.919876 0.99652
1.25443 0.873816 1.13644 0.965507 0.947787 0.981493
1.22804 1.20913 1.05372 0.955975 0.9527 0.989824
1.19111 1.31875 1.02172 0.94851 0.951313 0.993366
1.03878 1.35898 0.858255 0.947487 0.959106 1.08611
0.789349 1.23159 0.752161 0.958582 0.955899 1.12515
0.643004 1.12246 0.818033 0.962993 0.956414 1.13284
0.797649 1.1522 0.903139 0.955985 0.97311 1.13256
0.825655 1.15356 0.914654 0.949311 0.963025 1.08643
0.958624 0.999235 0.966655 0.950769 0.972688 1.05552
1.09242 0.682003 1.16698 0.943957 0.980558 1.05633
1.03916 0.45951 1.49978 0.952646 0.96445 1.04091
1.03654 0.463678 1.5037 0.975383 0.929161 1.0251
end
gesture a04 hands 2
1.05477 0.38623 1.41828 0.957778 0.950995 0.962145
1.20173 0.848037 1.09067 0.978866 0.942507 0.973729
1.09697 1.36162 1.01984 0.982311 0.981653 0.999307
0.804698 1.15047 0.735686 0.965094 0.986999 1.0885
1.04495 1.39787 0.91024 0.97531 0.99419 1.05849
0.803428 1.10282 0.697521 0.990015 0.961265 1.07074
1.05354 1.41252 0.970719 0.977519 0.994803 1.0549
1.04555 1.25988 0.750508 0.96395 0.985649 1.03041
0.730979 0.954534 0.737064 0.966867 0.982073 1.09751
0.62509 0.961532 0.931873 0.976112 0.981957 1.08757
0.937853 0.995756 0.985085 0.965416 0.991558 0.996949
1.16802 0.459787 1.34509 0.992667 0.953211 0.979149
1.07072 0.375675 1.40951 0.974241 0.951159 0.945274
end
gesture a04 hands 2
0.837905 0.336669 1.33542 0.941373 0.946561 1.06519
0.875552 0.650761 1.08582 0.962408 0.947429 1.04823
0.811154 1.07595 1.09634 0.959921 0.959201 1.01722
1.04953 1.31736 1.04059 0.937334 0.989805 1.03525
1.15194 1.22001 0.836493 0.961538 0.981622 1.06494
1.02109 1.12167 0.72343 0.975787 0.981931 1.07021
0.918053 1.1055 0.761724 0.98343 0.97236 1.00701
0.95347 1.25924 1.02748 0.998001 0.979164 1.00581
1.21368 1.32157 1.034 1.00867 0.978837 1.03278
1.15779 1.17942 0.823557 1.00193 0.999216 1.01596
1.04905 1.14154 0.930628 0.974082 0.977891 1.01474
1.10762 0.750291 1.11622 0.975142 0.981866 1.01004
0.817412 0.309463 1.39163 0.965986 0.943892 1.02623
end
gesture a04 hands 2
0.905738 0.585589 1.27571 0.957088 0.949643 1.04178
0.91376 0.622641 1.23375 0.963015 0.95081 1.03063
0.926921 0.778129 1.0926 0.957739 0.965173 1.04132
0.986802 1.19175 1.00227 0.968949 0.993585 1.03829
1.02195 1.29018 0.923676 0.971937 0.996928 1.0451
1.0918 1.42377 0.748001 0.97237 0.987634 1.05077
1.07164 1.43109 0.70926 0.96876 0.989043 1.03963
1.02587 1.397 0.780377 0.968918 0.969615 1.02739
0.992327 1.20706 0.906006 0.970073 0.952442 1.03359
0.982347 1.03028 0.966717 0.965868 0.949114 1.04454
0.961279 0.791492 1.07116 0.956829 0.957113 1.06178
0.921271 0.599667 1.30748 0.956295 0.948789 1.05898
0.914505 0.587741 1.31058 0.95446 0.955297 1.05457
end
gesture a04 hands 2
0.904143 0.522564 1.3157 0.954883 0.952114 1.06264
0.911163 0.547718 1.27534 0.963107 0.94094 1.05505
0.920813 0.645092 1.19168 0.962837 0.936167 1.0572
0.93475 0.82869 1.10581 0.962894 0.932605 1.04857
0.943354 1.15383 1.08322 0.963192 0.953335 1.04681
0.973009 1.29157 0.991643 0.964914 0.960479 1.04856
1.04653 1.37804 0.797947 0.967746 0.992808 1.03974
1.07393 1.37333 0.722888 0.967852 0.995113 1.03657
0.997386 1.22864 0.919153 0.961081 0.968255 1.04804
0.965186 1.01653 1.04473 0.962733 0.954495 1.04345
0.985928 0.770238 1.07131 0.955112 0.970128 1.03717
0.948807 0.583583 1.21107 0.95705 0.956849 1.02964
0.898512 0.514212 1.30917 0.95657 0.944446 1.0397
end
gesture a04 hands 2
0.898256 0.584637 1.25464 0.962336 0.949983 1.04603
0.94116 0.911351 1.031 0.966488 0.939579 1.04038
0.927342 1.22254 1.04886 0.966701 0.942503 1.03734
0.974936 1.33974 0.982131 0.962305 0.962207 1.04204
1.05358 1.4379 0.808392 0.960782 0.966762 1.03969
1.10577 1.46425 0.699495 0.961817 0.989749 1.04479
1.07489 1.43086 0.690456 0.96743 1.00189 1.04548
1.00425 1.19643 0.903613 0.965949 0.999799 1.04558
0.995107 1.12433 0.944613 0.965855 0.968874 1.04621
0.971048 0.828743 1.08309 0.958443 0.975895 1.04613
0.962986 0.668553 1.20986 0.960432 0.97003 1.03116
0.938144 0.615625 1.27608 0.965358 0.943364 1.04139
0.912569 0.580029 1.27099 0.973564 0.92383 1.04582
end
gesture a04 hands 2
0.927971 0.36664 1.29614 0.993621 0.980278 1.03356
1.00807 0.733388 0.987544 1.00947 0.98508 1.03759
0.998566 1.12081 1.03932 0.969142 0.96489 1.04529
0.916119 1.2513 1.10903 0.957708 1.00671 1.02108
0.998194 1.48975 1.0176 0.96332 0.964738 0.994859
1.11462 1.50245 0.794286 0.959818 1.00794 0.989471
1.13589 1.40578 0.673548 0.979083 0.986046 1.00357
1.10699 1.06614 0.570741 0.954628 0.967324 0.998288
1.08442 0.908264 0.612066 0.981656 0.946824 1.04433
0.991863 0.747996 0.97279 0.960404 0.934762 1.07695
0.981714 0.737261 0.982504 1.01082 0.97774 1.04166
0.966918 0.505033 1.10323 0.955022 0.981665 1.00693
0.978619 0.455799 1.13587 0.9455 0.944804 1.02505
end
gesture a04 hands 2
0.92096 0.486471 1.19196 0.940044 0.912986 1.11925
0.922537 0.60749 1.12483 0.932608 0.97639 1.03816
1.00053 0.897374 1.11352 0.943785 0.923286 1.01041
0.954965 1.25542 1.19821 0.95068 0.893137 0.995665
0.93089 1.38094 1.21778 0.956592 0.908187 1.01352
0.961528 1.44344 1.16825 0.934174 0.996148 1.03401
1.02961 1.44625 0.974314 0.931516 0.987402 1.03503
0.958706 1.17617 0.729237 0.940796 0.963404 1.10666
0.944297 1.05206 0.787292 0.951787 0.959612 1.13876
0.954266 0.798287 0.952533 0.943125 0.924959 1.10345
0.954349 0.696024 1.00091 0.954635 0.932873 1.06826
0.943543 0.489527 1.13516 0.971281 0.977338 1.05935
0.94755 0.415359 1.24099 0.949515 0.989097 1.03961
end
gesture a04 hands 2
0.915677 0.526289 1.21457 0.950065 0.999691 1.00112
0.95988 0.773996 1.00966 0.980853 0.967156 1.04612
0.988101 0.90466 0.987918 0.972924 0.963894 1.03663
1.01146 1.19749 1.00477 0.96098 0.957281 1.0552
0.96455 1.38416 1.09723 0.954091 0.907383 1.00004
0.945714 1.43932 1.0972 0.956766 0.924529 1.0359
1.07088 1.62944 0.91662 0.965294 0.994849 1.03483
1.11351 1.48247 0.727938 0.955234 0.949284 1.06586
1.05732 1.23334 0.671422 0.971917 0.971464 1.08311
0.994568 0.757617 0.979078 0.95525 1.00447 1.05723
0.940353 0.604871 1.15735 0.960139 1.01617 1.04285
0.923136 0.528821 1.25636 0.981868 0.984249 1.04272
0.904552 0.534729 1.23916 0.982096 0.986667 1.02145
end
gesture a04 hands 2
0.790453 0.423168 1.08087 0.979807 0.966905 1.06882
0.862755 0.642355 0.857127 0.975066 0.961309 1.04639
0.884924 0.970572 0.8458 0.971109 0.963061 1.05259
0.86891 1.19091 1.08029 0.952021 0.960627 1.05879
0.909486 1.27469 1.09052 0.941486 0.968845 1.05585
1.02935 1.45347 1.09329 0.944359 0.9689 1.02987
1.05814 1.47365 1.10546 0.955888 0.979138 1.0232
1.19066 1.37687 1.10317 0.989506 0.972565 1.01062
1.23086 1.33366 1.10396 1.00614 0.967738 1.00297
1.32436 1.16233 1.10557 1.00858 0.96506 1.01363
1.25546 0.882513 1.07497 0.993001 0.987853 1.02918
1.05063 0.601287 1.09543 0.994162 0.987693 1.04027
0.906273 0.468781 1.12678 0.968006 0.994667 1.0293
end
gesture a04 hands 2
0.788442 0.601236 1.13673 0.968496 0.981888 1.04684
0.78183 0.728615 0.966204 0.949323 0.965997 1.06568
0.853231 0.875653 0.91547 0.938174 0.95697 1.06363
0.884648 0.984345 0.91517 0.948126 0.983508 1.01947
0.899328 1.20072 0.986469 0.958289 0.987955 1.02847
1.00611 1.39982 1.04749 0.989672 0.971494 1.01314
1.1294 1.47284 1.01373 0.991035 0.965744 1.01436
1.25907 1.44908 1.02083 1.01727 0.964934 1.00245
1.36401 1.22049 1.01953 1.0106 0.964385 1.01679
1.16757 0.991807 1.00521 0.996183 0.969869 1.05145
0.949445 0.723479 1.06032 0.993591 0.974413 1.05722
0.85041 0.633012 1.09302 0.957656 0.98259 1.04382
0.746959 0.614009 1.09107 0.946275 0.953579 1.05451
end
gesture a04 hands 2
0.687721 0.553597 1.11878 0.937497 0.943222 1.06071
0.731129 0.711487 0.975133 0.945199 0.945061 1.05285
0.776354 0.867757 0.924681 0.932084 0.963778 1.0497
0.84571 1.18781 0.996189 0.937628 0.977166 1.03678
0.876247 1.2845 1.02833 0.950319 0.968587 1.02093
0.931819 1.33968 1.02012 0.957173 0.963925 1.0213
1.06637 1.3881 0.992474 0.981314 0.971116 1.03365
1.22819 1.34334 1.03414 0.992953 0.966634 1.05172
1.24727 1.32295 1.03366 0.984393 0.970731 1.0653
1.29017 1.13171 1.04382 0.969344 0.972927 1.04567
1.22663 0.979192 1.03675 0.950961 0.976557 1.0524
0.88653 0.644531 1.08053 0.944959 0.952172 1.05026
0.713161 0.545683 1.1034 0.935237 0.948565 1.06351
end
gesture a04 hands 2
0.973523 0.498785 1.21606 0.95626 0.945357 1.05606
1.00938 0.556517 1.08676 0.965735 0.948446 1.06166
1.01526 0.728797 0.965485 0.960077 0.94785 1.05285
1.01305 0.906373 0.924914 0.94998 0.949161 1.05394
0.991337 1.29916 0.977929 0.962393 0.964824 1.04674
0.945706 1.60373 0.963584 0.957426 0.969777 1.03798
0.961594 1.63994 0.883826 0.960718 0.959467 1.04985
0.920157 1.49494 0.980804 0.951423 0.958854 1.04948
0.910506 1.38429 0.993169 0.952447 0.962933 1.06537
0.916201 1.19393 0.952426 0.948468 0.973286 1.05927
0.948367 0.700387 0.9962 0.945975 0.96903 1.05248
0.970044 0.560787 1.13563 0.948631 0.958328 1.06112
0.969654 0.51313 1.23326 0.937168 0.965944 1.06571
end
gesture a04 hands 2
0.935487 0.511972 1.19543 0.926643 0.941333 1.07436
0.955388 0.517582 1.12889 0.945394 0.943783 1.05327
0.983637 0.591758 1.05616 0.943593 0.936008 1.06772
1.02869 0.957744 0.974612 0.945761 0.940559 1.06303
0.999341 1.35419 1.07271 0.940833 0.95709 1.06353
0.987434 1.49934 1.09403 0.943361 0.96162 1.05234
0.978764 1.64966 0.998445 0.955414 0.95494 1.02563
0.968652 1.65417 0.947677 0.950123 0.954779 1.06343
0.954739 1.61099 0.938794 0.941751 0.942956 1.10116
0.956498 1.20381 0.915676 0.935655 0.941769 1.12333
0.952296 0.683287 1.03557 0.935378 0.943934 1.12509
0.933225 0.536 1.14512 0.936351 0.951673 1.11027
0.932273 0.515196 1.21675 0.940454 0.960998 1.07789
end
gesture a04 hands 2
0.935824 0.445892 1.23007 0.926613 0.953279 1.07948
1.00945 0.617234 1.01568 0.941096 0.948924 1.05386
1.01259 1.02565 0.994773 0.951796 0.945919 1.04901
0.959378 1.44102 1.1135 0.95508 0.945063 1.06004
0.969456 1.54029 1.09126 0.940494 0.956359 1.05428
1.00949 1.58555 0.965111 0.945366 0.948484 1.05731
0.999195 1.55554 0.938356 0.940813 0.946136 1.07262
0.933935 1.38574 1.00878 0.939326 0.949359 1.07533
0.909554 1.26903 1.02587 0.943873 0.943202 1.10286
0.914927 0.912184 0.945294 0.949236 0.939279 1.10733
0.926892 0.687693 0.961118 0.951669 0.946022 1.09275
0.939364 0.45808 1.16532 0.943104 0.947938 1.08957
0.940262 0.438485 1.21895 0.922131 0.945711 1.1125
end
gesture a05 hands 2
1.00111 0.738733 1.23425 0.944198 0.915344 1.08156
1.0077 0.758774 1.21217 0.997644 0.939309 1.03416
1.04672 0.94629 1.09891 1.03387 1.02323 0.930895
1.06032 1.12439 1.05058 1.05086 1.08824 0.92623
1.02416 1.39225 1.05006 0.989031 1.11923 0.979238
0.993886 1.44814 1.0069 0.974844 1.12198 0.983006
0.936403 1.50799 0.67975 0.945157 1.08223 0.959576
0.8275 1.46786 0.464687 0.945214 1.00142 1.00252
0.883995 1.26463 0.596822 0.938382 0.943766 1.1113
0.958467 0.979222 0.823125 0.940207 0.94293 1.11303
1.01335 0.758979 1.25996 0.973534 0.943252 1.03264
1.05358 0.739819 1.28207 0.984725 0.93992 1.04252
0.997199 0.733682 1.21567 0.955396 0.925529 1.0877
end
gesture a05 hands 2
1.00705 0.7064 1.23717 0.95808 0.942936 1.05596
1.02831 1.35854 1.05768 1.05569 1.05179 0.895111
0.998036 1.41443 1.01452 1.07268 1.1168 0.890446
0.831651 1.43415 0.472307 0.996667 1.15054 0.947223
0.962618 0.945512 0.830745 0.966981 1.1108 0.923792
1.0175 0.72527 1.26758 0.967038 1.02998 0.966731
1.01223 0.719003 1.21657 0.962031 0.971492 1.07725
1.08097 1.40239 1.04036 0.995357 0.971814 0.996856
0.930756 1.55314 0.579911 1.00655 0.968482 1.00674
0.879201 1.51047 0.532645 0.956351 0.958347 1.07287
1.0153 0.848441 1.00197 1.00877 0.969323 1.01639
1.03086 0.723677 1.3085 0.946135 0.956304 1.05881
0.983094 0.713372 1.24261 0.989505 0.954347 1.04196
end
gesture a05 hands 2
0.970763 0.656113 1.31541 0.962098 0.950605 1.04938
1.02124 1.03336 1.11159 0.983761 0.949481 1.0333
1.02425 1.31184 1.09562 0.969238 0.95709 1.05453
0.981026 1.41881 0.950023 0.956739 0.971309 1.09796
0.94692 1.43252 0.669395 0.957129 1.00731 1.11886
0.90205 1.37435 0.561249 0.955507 0.998588 1.11873
0.905129 1.29008 0.592643 0.95612 0.963155 1.10147
0.977218 0.820216 0.993934 0.955552 0.957527 1.09133
1.02172 0.681269 1.3249 0.945818 0.962281 1.0042
1.05398 0.667224 1.40852 0.954547 0.963749 0.962584
1.07364 0.650887 1.33368 0.968336 0.961145 0.97816
0.904244 0.679474 1.22035 0.964645 0.958096 0.982335
0.957146 0.648968 1.2552 0.94838 0.946104 1.00509
end
gesture a05 hands 2
0.956241 0.773678 1.24866 0.933792 0.902381 1.19499
1.05291 0.929415 1.12101 0.97207 0.920606 1.17267
1.12929 0.954528 1.12859 0.990667 0.927515 1.09012
1.09001 1.25431 1.04541 1.026 1.04291 0.881353
1.03277 1.3893 0.949537 1.11277 1.17747 0.779883
0.856173 1.40036 0.577906 1.10955 1.1083 0.843686
0.844224 1.35744 0.467794 1.04433 1.04479 0.873081
0.878871 1.25915 0.53296 0.968844 1.03615 0.821009
0.979292 1.00725 0.769659 0.9378 1.00632 0.857532
1.0113 0.914179 0.89353 0.880808 0.901324 0.940038
1.00252 0.796323 1.14475 0.947677 0.987873 1.00485
0.98331 0.770874 1.20571 0.95023 0.940452 1.11465
1.03398 0.845086 1.23245 1.00971 0.950664 1.14329
end
gesture a05 hands 2
1.0287 0.773734 1.29445 1.01659 0.91943 1.16201
0.995203 0.739656 1.26339 0.97629 0.910561 1.17694
1.0159 0.829585 1.25326 1.02266 0.960151 1.10973
1.02821 0.799004 1.2554 1.02807 0.985792 1.05102
1.0787 1.15448 1.21971 1.07557 1.04909 0.916885
1.09651 1.34634 1.1662 1.10246 1.0545 0.874992
0.861441 1.30421 0.709158 1.0231 1.02274 0.911108
0.864555 1.2752 0.531654 0.902567 0.965625 0.90838
0.884914 1.22442 0.532185 0.862598 0.94258 0.960012
0.997188 0.960089 0.751991 0.886818 0.979771 0.940584
1.03799 0.837295 0.888093 0.919715 1.00585 1.12039
0.977577 0.716376 1.23555 0.960181 0.910147 1.17335
0.985563 0.715829 1.2846 0.951755 0.914793 1.19031
end
gesture a05 hands 2
0.979415 0.736058 1.15438 0.967762 0.803807 1.16479
1.04401 0.89515 1.12162 1.01774 0.818631 1.11622
1.0686 0.819182 1.13568 1.0312 0.913735 0.888318
1.12437 1.33907 1.04787 1.07729 0.960466 0.799601
0.966183 1.30828 0.820193 1.00431 0.89843 0.871364
0.911256 1.25313 0.788161 0.959457 1.11965 0.85116
0.922273 1.3752 0.978741 0.958564 1.60024 0.933543
0.957837 1.30457 0.903442 1.01972 1.52876 0.991762
1.02814 0.959559 0.810349 0.99443 1.32444 1.02054
1.03188 0.826624 0.947116 0.907479 0.948842 1.08472
0.919439 0.916327 0.979687 0.882354 1.07221 1.20086
0.943343 0.806155 1.08731 0.968136 0.778221 1.15045
0.894055 0.785037 1.09583 0.89682 0.876596 1.1575
end
gesture a05 hands 2
1.08091 0.544624 1.40858 0.928692 0.971301 1.01232
1.14967 0.684423 1.2401 0.911032 1.00108 0.948653
1.19111 0.844059 1.17707 0.86773 1.03824 0.938421
1.17978 1.01778 1.18284 0.849296 1.03337 0.986462
1.07232 1.21532 1.20801 0.90745 0.953691 1.0454
0.998952 1.27553 1.08808 1.09392 0.856846 1.18185
0.842627 1.36195 0.716499 1.16311 0.874457 1.23093
0.708325 1.33122 0.568785 1.16047 0.872693 1.2878
0.748987 1.34759 0.625752 1.02756 0.896056 1.27254
0.976968 1.18027 0.941715 0.828854 1.00176 1.06381
1.13071 0.782469 1.16972 0.876389 1.02511 0.977603
1.12844 0.622147 1.28416 0.919317 0.985649 0.968705
1.06718 0.533417 1.44299 0.932489 0.982424 0.946608
end
gesture a05 hands 2
1.06329 0.599931 1.39769 0.970455 0.98532 0.986656
1.18729 0.732855 1.22172 0.961498 0.986733 0.99105
1.23009 1.09591 1.14835 0.918578 1.00922 0.950717
1.18878 1.23393 1.13314 0.889013 1.01209 1.00799
1.10614 1.31372 1.02287 1.0015 0.913512 1.13037
0.866487 1.41015 0.685384 1.08422 0.883975 1.18305
0.627737 1.38389 0.524225 1.09027 0.906036 1.23165
0.772423 1.36005 0.642243 1.06191 0.906009 1.22996
1.00849 1.1032 0.826874 0.960205 0.940193 1.22412
1.08882 0.918225 0.973057 0.905259 0.950149 1.16969
1.11144 0.770822 1.1304 0.872638 0.947003 1.02035
1.10344 0.677391 1.27071 0.972724 0.97141 0.954273
1.08606 0.645563 1.37348 0.985405 0.962287 1.022
end
gesture a05 hands 2
1.07249 0.578375 1.46449 0.986888 0.955167 0.910781
1.23455 0.662974 1.33769 0.909796 0.927066 0.895027
1.30904 0.791808 1.25643 0.905399 0.933097 0.909875
1.27176 1.1387 1.07383 0.903135 0.989772 1.00772
0.960016 1.30355 0.801765 0.918573 0.988028 1.14846
0.800144 1.32369 0.69716 1.00806 0.93849 1.3571
0.665321 1.32462 0.657309 1.04976 0.961629 1.361
0.617135 1.31353 0.644171 0.999805 0.98132 1.3552
0.704212 1.31719 0.664389 0.90332 0.976687 1.12858
0.90928 1.22325 0.808812 0.879603 0.972652 0.998969
1.02399 1.07795 0.897034 0.885326 0.958732 0.936346
1.16175 0.710576 1.16702 0.977222 0.972275 0.89441
1.06496 0.531481 1.46686 0.963637 0.971352 0.916214
end
gesture a05 hands 2
1.06856 0.550797 1.35215 0.939006 0.938108 0.962985
1.01137 0.714532 1.24149 0.937275 0.956781 0.957827
0.96574 0.865026 1.17769 0.924934 0.968219 0.985119
0.965343 0.960767 1.13108 0.938784 0.96393 1.0252
0.944322 1.15376 0.966054 0.9485 0.957131 1.07606
0.89698 1.24515 0.830808 0.95371 0.954318 1.14838
0.880597 1.26729 0.788981 0.946251 0.952429 1.16609
0.889423 1.21077 0.834167 0.934989 0.949879 1.15663
0.907251 1.13652 0.893841 0.921643 0.950238 1.11335
0.941218 0.981855 0.978449 0.958962 0.945001 1.06845
1.03597 0.641482 1.2197 0.961667 0.939991 1.07801
1.07404 0.565225 1.32319 0.962221 0.937343 1.06283
1.09186 0.544193 1.36879 0.948489 0.936858 1.06498
end
gesture a05 hands 2
1.05334 0.69149 1.26269 0.944277 0.942505 1.01836
1.04887 0.682368 1.28457 0.967921 0.952987 1.00519
1.04865 0.718113 1.23144 0.962502 0.948583 1.01255
0.993161 0.836502 1.15379 0.951184 0.962903 0.999184
0.964421 1.00219 1.07086 0.955122 0.986184 1.01123
0.959102 1.12304 1.00598 0.958447 0.985212 1.00659
0.914871 1.29969 0.813123 0.955506 0.988037 1.03569
0.858192 1.33301 0.712317 0.964928 0.980004 1.04791
0.84453 1.30602 0.717632 0.967202 0.962736 1.10447
0.868673 1.23272 0.804459 0.950449 0.958392 1.13237
0.91454 1.10077 0.895562 0.94807 0.958823 1.09072
1.02763 0.810761 1.11035 0.942534 0.962299 1.04951
1.07205 0.736074 1.22695 0.966149 0.955416 1.10727
end
gesture a05 hands 2
1.06865 0.723725 1.30539 0.925371 0.945686 1.02795
1.0314 0.757514 1.20205 0.957007 0.954475 0.980964
1.03104 0.774295 1.17983 0.966794 0.949407 1.03493
0.935169 1.03617 1.04061 0.941328 0.948746 1.02001
0.924145 1.11982 0.998046 0.960087 0.98704 0.984712
0.896332 1.28105 0.833107 0.955171 0.990369 1.00255
0.85185 1.35749 0.685627 0.954922 0.981126 1.04613
0.834005 1.36169 0.661253 0.95454 0.965219 1.11434
0.842339 1.33144 0.679517 0.960529 0.956765 1.15401
0.970671 0.920659 1.06113 0.963108 0.951416 1.15354
1.02914 0.732782 1.22797 0.954148 0.949891 1.1323
1.02744 0.740135 1.20726 0.941863 0.943846 1.06432
1.0067 0.753228 1.15526 0.962737 0.942843 1.02361
end
gesture a05 hands 2
1.0935 0.487248 1.37113 1.00624 0.958925 0.986334
0.982407 1.18106 1.23234 0.984943 0.985621 1.00117
0.947318 1.2374 1.08299 0.997846 0.962894 1.07486
0.932597 1.23883 0.641102 0.998526 0.962539 1.07261
0.959148 1.14893 1.15678 0.964031 1.00041 1.04073
0.97165 1.15231 1.24903 0.968997 0.992844 1.04334
0.946717 1.21999 0.750509 0.982368 0.975673 1.10959
0.924273 1.19676 1.16928 0.979915 0.982143 1.10635
0.884134 1.17805 0.635879 0.949217 0.991232 1.03439
0.903836 1.15027 0.677877 0.987249 0.973062 1.07916
1.13321 0.572852 1.24546 0.96566 0.993937 1.02005
1.07697 0.471328 1.39602 0.966346 0.951964 1.02818
1.02439 0.519335 1.24725 0.963057 0.956718 0.971674
end
gesture a05 hands 2
1.06931 0.493405 1.34462 0.971717 0.944509 1.02194
0.981142 1.16071 1.12864 0.978376 0.986464 1.00324
0.923574 1.23963 0.768492 0.990895 0.996083 1.02565
0.954904 1.21469 1.0525 0.967306 0.991681 1.03995
0.964271 1.19887 0.747452 1.0007 0.986679 1.04702
0.990059 1.18172 1.20718 0.985773 0.999562 1.02691
0.95033 1.18131 0.696887 0.996139 0.968309 1.08052
0.975512 1.19205 1.20886 0.987351 0.993912 1.04323
0.970742 1.19268 1.16472 0.99258 0.969743 1.07217
0.900551 1.09886 0.680229 0.969617 0.989634 1.0276
0.957658 0.947884 0.814725 0.976126 0.957978 0.978154
1.0853 0.504319 1.38877 0.966184 0.965234 0.957767
1.03338 0.521213 1.26645 0.928035 0.963878 0.996978
end
gesture a05 hands 2
1.03213 0.614507 1.31877 0.971547 0.933417 1.03343
1.02177 0.724799 1.2495 0.967634 0.940813 1.03891
1.01122 0.908882 1.13399 0.961496 0.959355 1.02196
0.956367 1.12364 1.03205 0.9602 0.9639 1.05505
0.936228 1.19689 0.931052 0.96072 0.963032 1.0623
0.884804 1.30616 0.679583 0.975191 0.952044 1.05513
0.862429 1.35831 0.598077 0.962337 0.959798 1.06425
0.924463 1.25632 0.798858 0.96169 0.955481 1.06037
0.977082 1.01095 1.07998 0.951735 0.989134 1.05136
0.986192 0.930639 1.13185 0.960218 0.97855 1.03866
1.02911 0.762144 1.23789 0.953511 0.990362 1.03898
1.04381 0.662277 1.31205 0.957289 0.965221 1.05074
1.03335 0.640464 1.31833 0.960226 0.956115 1.04807
end
gesture a05 hands 2
1.01631 0.635274 1.30578 0.963811 0.966243 1.04086
1.03094 0.711354 1.24102 0.961816 0.960367 1.05738
1.01792 0.939873 1.10642 0.964306 0.957469 1.05226
0.96391 1.1512 1.05481 0.962683 0.955745 1.05478
0.942047 1.2316 0.975336 0.965979 0.960585 1.03524
0.89681 1.35917 0.729443 0.967153 0.958321 1.04319
0.879134 1.37424 0.61387 0.956354 0.977678 1.06486
0.880293 1.35902 0.644626 0.957844 0.972501 1.06505
0.908279 1.26454 0.832489 0.947496 0.981606 1.04725
0.940446 1.12933 0.957315 0.964643 0.951546 1.02703
1.02625 0.757276 1.17566 0.95717 0.961051 1.03483
1.0232 0.632101 1.294 0.962238 0.954914 1.0424
1.02292 0.628541 1.2958 0.955209 0.95102 1.05801
end
gesture a05 hands 2
1.01734 0.682538 1.22808 0.959749 0.954046 1.05561
1.03293 0.686553 1.23115 0.971882 0.955881 1.0398
1.03924 0.841205 1.11251 0.969712 0.95378 1.03976
0.993032 1.05084 1.0691 0.971413 0.963504 1.01533
0.956665 1.25238 0.97091 0.960857 0.993365 1.04729
0.916156 1.39684 0.725147 0.961657 0.994732 1.0483
0.873042 1.42934 0.569977 0.962143 0.981365 1.04943
0.855306 1.424 0.57125 0.959567 0.991425 1.03582
0.880555 1.37505 0.657457 0.967067 0.965991 1.03439
0.939987 1.17862 0.94272 0.976041 0.971927 1.02565
0.999937 0.84866 1.13314 0.972453 0.960482 1.04686
1.04044 0.722212 1.21466 0.978796 0.955574 1.03552
1.02833 0.684676 1.26062 0.974128 0.955332 1.0449
end
gesture a05 hands 2
0.994463 0.671419 1.2718 0.985989 0.959784 1.01106
1.02064 0.688413 1.19473 0.922102 0.918649 1.01491
0.965441 0.974549 1.06614 0.936338 0.924098 1.03426
0.999261 1.1579 1.09216 0.967881 0.980612 1.01769
0.985449 1.25507 1.0703 0.967561 0.967746 1.03706
0.945491 1.42473 0.916812 0.945776 1.01125 1.05618
0.950612 1.49206 0.604658 0.964064 0.981108 1.12717
0.923471 1.51367 0.494056 0.942249 0.974326 1.10232
0.870863 1.48649 0.503679 0.941591 0.949732 1.05075
0.938098 1.11242 0.923877 0.943263 0.93312 1.04257
1.00519 0.867729 1.08634 1.00151 0.971407 1.02205
1.0204 0.704558 1.27353 0.981221 0.979859 0.996334
0.999796 0.679836 1.29431 0.991386 0.968478 1.05091
end
gesture a05 hands 2
1.0367 0.60237 1.35862 0.979647 0.963267 1.0592
0.992599 0.679168 1.20089 0.97871 0.970608 1.02257
0.992962 1.14471 1.05714 0.973778 0.97242 1.02637
0.934637 1.36752 1.11995 0.942713 0.989008 1.01149
0.937039 1.41686 1.04288 0.94151 1.00026 1.01381
0.965921 1.46352 0.76255 0.948395 0.993417 1.07876
0.946402 1.44757 0.599663 0.943683 0.965611 1.11764
0.859576 1.17961 0.645558 0.92639 0.945375 1.10948
0.871556 1.03855 0.729518 0.915166 0.901637 1.05766
0.957305 0.749977 0.935919 0.925616 0.89735 1.03823
1.01278 0.602238 1.21252 0.945502 0.90188 1.03666
1.00939 0.58898 1.32124 0.972943 0.942236 1.05616
1.00843 0.616823 1.36487 0.956223 0.965477 1.01959
end
gesture a05 hands 2
0.994688 0.654739 1.34335 0.989364 0.967606 1.05275
1.03737 0.834253 1.16464 0.96554 0.966885 1.06971
1.01954 0.941839 1.14355 0.977041 0.98002 1.02723
0.960773 1.31868 1.12023 0.979346 0.964212 1.03636
0.933254 1.39564 1.10284 0.961776 0.992076 0.978634
0.951063 1.46644 0.924225 0.950628 1.02304 1.05303
0.945735 1.5155 0.614561 0.943404 0.990749 1.10213
0.918934 1.5081 0.598778 0.939176 0.985873 1.07154
0.868237 1.19355 0.582954 0.934389 0.929623 1.04539
0.935871 0.881445 0.709594 0.975186 0.93413 1.03785
1.01068 0.66142 0.959599 0.944674 0.906305 1.03477
1.03108 0.576812 1.25856 0.95215 0.916087 1.02775
0.978968 0.603282 1.34666 0.987965 0.953031 1.03635
end
gesture a05 hands 2
0.999846 0.556552 1.33658 0.932583 0.95103 1.05668
0.97992 0.59487 1.27772 0.936047 0.939727 1.0576
0.994817 0.68151 1.21761 0.936824 0.94792 1.03523
0.997005 0.774537 1.19425 0.935063 0.974152 1.01182
0.982477 1.00606 1.18616 0.94206 0.972073 0.999571
0.955959 1.15005 1.19451 0.949698 0.958915 1.01889
0.929064 1.17913 1.13517 0.954388 0.942484 1.06498
0.926307 1.25916 0.827667 0.960238 0.935973 1.15531
0.927977 1.28176 0.716678 0.960472 0.926075 1.15377
0.927182 1.2317 0.705518 0.961078 0.91922 1.13059
0.938773 1.14604 0.81099 0.958495 0.922414 1.11998
0.955536 1.00124 0.924161 0.939245 0.959776 1.10367
0.983997 0.76186 1.06621 0.938232 0.967216 1.06364
end
gesture a05 hands 2
0.959025 0.641535 1.23462 0.943072 0.965377 1.04582
0.975405 0.622856 1.42164 0.946007 0.95755 1.01629
0.97844 0.63265 1.37983 0.952801 0.955473 0.995367
1.02428 0.810804 1.14354 0.946794 0.962855 1.01308
1.01583 0.929851 1.12221 0.9485 0.962384 1.02784
0.940528 1.26129 1.1325 0.950535 0.954525 1.06782
0.931961 1.30333 1.02685 0.966625 0.955281 1.11394
0.937905 1.33933 0.745983 0.965538 0.96196 1.12252
0.923375 1.32269 0.645541 0.962598 0.956219 1.11569
0.958794 1.03522 0.757814 0.960846 0.930451 1.10695
1.00348 0.710327 1.08895 0.958591 0.928156 1.09493
0.985109 0.626601 1.25172 0.951155 0.959861 1.07329
0.942069 0.608886 1.33306 0.925844 0.975803 1.08865
end
gesture a05 hands 2
0.980564 0.69923 1.27743 0.947692 0.983664 1.05516
1.00967 0.887924 1.11419 0.961872 0.974413 1.02702
1.02693 1.21574 1.06788 0.965468 0.961873 1.02864
0.948798 1.38752 0.981936 0.954288 0.995069 1.02175
0.935486 1.47007 0.697869 0.962257 0.966275 1.03855
0.928404 1.47845 0.61282 0.976677 0.933427 1.07403
0.91642 1.44301 0.604459 0.979967 0.918229 1.07323
0.943716 1.25755 0.619848 0.986345 0.934994 1.06371
1.00136 0.927803 0.845622 0.963269 0.959261 1.08435
1.02094 0.789064 1.01256 0.965875 0.985136 1.04557
0.980263 0.704555 1.28583 0.951719 0.981011 1.06453
0.979484 0.700185 1.29531 0.962628 0.967966 1.02977
0.962943 0.68166 1.24124 0.956793 0.964331 1.03562
end
gesture a05 hands 2
1.03071 0.675741 1.27085 0.949715 0.951526 1.04141
1.03234 0.707784 1.2125 0.948125 0.950277 1.04893
1.01345 0.791063 1.15277 0.947257 0.949276 1.04435
0.984317 0.92922 1.07685 0.951674 0.950502 1.04445
0.91143 1.27562 0.901687 0.948053 0.988756 1.05214
0.884584 1.39786 0.800774 0.946205 0.991802 1.07864
0.871087 1.44851 0.714774 0.948895 0.978872 1.10024
0.840274 1.45873 0.659247 0.947207 0.959849 1.11562
0.825868 1.43152 0.706872 0.950362 0.957097 1.09526
0.862419 1.31606 0.84407 0.953001 0.938656 1.07604
0.941052 1.05876 0.952678 0.953749 0.939264 1.08141
0.980499 0.88468 1.03104 0.955768 0.94049 1.07343
1.03333 0.66591 1.2749 0.958115 0.939974 1.04212
end
gesture a05 hands 2
1.01714 0.603024 1.35165 0.936296 0.931975 1.06083
1.00572 0.756706 1.18312 0.938602 0.936371 1.06586
0.945717 1.08761 1.03004 0.932888 0.939736 1.0772
0.911129 1.23529 0.955896 0.931798 0.971454 1.08487
0.888297 1.33427 0.85733 0.934411 0.972585 1.08825
0.866894 1.37302 0.695766 0.940203 0.958249 1.09669
0.856497 1.36365 0.690312 0.937747 0.952543 1.09083
0.858426 1.28674 0.837293 0.934577 0.942007 1.10319
0.88124 1.19188 0.909795 0.936418 0.92534 1.10407
0.96365 0.822694 1.10328 0.940016 0.918009 1.10173
1.01461 0.670989 1.23546 0.940492 0.919586 1.08269
1.02812 0.621377 1.32008 0.935617 0.931831 1.06233
1.01949 0.604835 1.35965 0.939364 0.937842 1.05171
end
gesture a05 hands 2
1.05271 0.660138 1.3507 0.949306 0.949372 1.0467
1.0203 0.672917 1.29352 0.950966 0.94189 1.04568
1.00434 0.798306 1.12834 0.947576 0.941959 1.05444
0.976484 0.93115 1.07105 0.944521 0.943401 1.05547
0.913916 1.22363 0.99444 0.936157 0.947857 1.07228
0.892778 1.31542 0.912225 0.933573 0.947766 1.08156
0.871349 1.39593 0.693392 0.935743 0.961229 1.08121
0.864192 1.39015 0.64809 0.937457 0.969642 1.09138
0.848499 1.34745 0.7224 0.939504 0.954923 1.1015
0.873194 1.23615 0.811423 0.949055 0.939486 1.1011
0.971847 0.824161 1.05072 0.94318 0.92888 1.1126
1.02048 0.644015 1.31477 0.936599 0.929808 1.10712
1.01339 0.636038 1.3794 0.933667 0.952215 1.01257
end
gesture a06 hands 2
0.938574 0.482655 1.19935 0.925706 0.948372 1.06781
1.17467 0.771237 0.991755 0.947752 0.951126 1.07182
1.21785 0.948337 1.00734 0.93162 0.95564 1.09776
1.19317 1.22952 1.20673 1.02919 0.987055 0.990828
1.07817 1.3111 1.39876 1.03606 1.02923 0.928339
1.03633 1.3048 1.41114 1.02585 1.04186 0.922922
0.908485 1.55352 0.785076 0.979722 1.02496 0.905257
0.810571 1.44216 0.618533 0.926122 0.959838 0.971335
0.82252 1.41503 0.614158 0.924306 0.920484 1.05106
0.897613 1.13809 0.578307 0.93281 0.894368 1.14837
0.931824 0.941886 0.661508 0.936157 0.950642 1.15122
0.985711 0.593803 1.00481 0.972662 0.981897 1.10179
0.951819 0.549754 1.24479 0.972937 0.98359 1.08163
end
gesture a06 hands 2
0.928005 0.438638 1.2921 0.944393 0.981762 1.0923
0.984324 0.514964 1.1031 0.969163 0.971752 1.11605
1.17395 0.783711 1.0219 0.980086 0.972203 1.11183
1.16111 1.15472 1.24584 1.00896 0.984776 1.06033
0.957055 1.16836 1.40542 0.985147 1.01248 0.953997
0.937919 1.19773 1.34821 0.969591 1.00591 0.926776
0.966467 1.43269 1.06425 0.947936 0.95157 0.900029
0.955029 1.50781 0.884423 0.943431 0.934433 0.914196
0.856754 1.45925 0.681119 0.925807 0.899885 0.981061
0.895952 1.27305 0.617641 0.929769 0.901139 0.9988
0.958331 0.959286 0.613008 0.949898 0.910596 1.03604
0.96598 0.748824 0.744867 0.941852 0.94094 1.11762
0.913757 0.453041 1.15929 0.927279 0.964471 1.18594
end
gesture a06 hands 2
0.900299 0.601686 1.19998 0.952952 0.963518 1.11312
0.939648 0.646526 1.00946 0.928847 0.961908 1.13247
1.12247 0.86705 0.928543 0.932935 0.965186 1.08834
1.16336 1.30559 1.24253 1.01812 0.971251 1.04286
0.948418 1.37529 1.30526 1.02116 0.995352 1.01113
0.939226 1.67672 0.888062 0.999436 1.02132 0.901019
0.913939 1.66483 0.715986 0.954466 0.97093 0.912223
0.964761 1.42208 0.594629 0.95686 0.918958 1.03116
1.02096 0.98706 0.677825 0.955567 0.97342 1.16401
0.933523 0.600622 1.20807 0.959187 0.972747 1.14845
0.939783 0.596245 1.24773 0.933917 0.977622 1.07946
0.93854 0.630819 1.03968 0.941732 0.974269 0.987909
0.864143 0.587639 1.10772 0.983244 0.958858 0.983878
end
gesture a06 hands 2
0.898899 0.702814 1.11441 0.880229 0.871591 1.15114
0.976436 0.716019 1.14012 0.922617 0.801568 1.20744
0.938045 0.678179 1.07563 1.07433 0.93609 1.00673
1.05909 0.833693 1.10448 1.10452 0.998097 0.943047
1.23783 1.19865 1.23405 0.970547 0.962241 0.900683
1.19776 1.24461 1.23026 0.964843 1.17265 0.858905
1.13485 1.26463 1.16224 0.870153 1.37429 0.978711
0.861401 1.4237 0.848608 0.933552 1.34098 0.989903
1.01503 1.29099 0.800106 0.933142 1.17733 0.961743
1.04694 1.03789 0.748123 0.921357 0.891161 1.01319
1.0028 0.722345 0.965843 0.967481 0.86088 1.14427
0.933356 0.679394 1.12594 0.979123 0.838359 1.12569
0.94976 0.666836 1.16946 0.902964 0.796289 1.18704
end
gesture a06 hands 2
0.93438 0.688278 1.1938 0.879858 0.74611 1.17151
1.01858 0.804401 1.09824 0.999103 0.772679 1.07931
1.03738 0.733382 1.04665 1.14946 0.922219 0.93777
1.00817 0.702548 1.03323 1.16096 1.03515 0.98782
1.05814 0.950316 1.12955 1.07784 1.27356 1.0869
1.14721 1.40375 1.15906 1.0645 1.22131 0.982776
0.99834 1.43228 0.958892 0.888851 1.32146 0.928182
0.866293 1.46003 0.866707 0.841231 1.31736 0.903467
0.967875 1.36356 0.839067 0.859828 1.14313 0.869162
1.013 1.14535 0.730559 0.920367 0.806589 0.9297
1.00336 0.959971 0.762914 0.93615 0.770089 1.09046
0.935765 0.719123 1.04897 0.926493 0.752736 1.11744
0.979188 0.696587 1.17101 0.95657 0.767995 1.14011
end
gesture a06 hands 2
0.984913 0.548524 1.10159 0.966586 0.812679 1.12243
1.00235 0.589827 1.05045 1.01507 0.83178 1.08559
1.09421 0.724646 1.05454 1.10565 0.9094 0.917345
1.22813 1.04102 1.14257 1.1043 1.06257 0.855065
1.15675 1.13991 1.13746 0.936912 0.981807 0.786624
0.883539 1.2638 0.831022 0.942469 1.00659 0.789313
0.886609 1.24965 0.830379 0.911915 1.28127 0.904697
1.07615 1.03719 0.90288 0.882552 1.30673 0.9562
1.18446 1.02461 1.00645 0.946486 1.29916 1.05871
1.18994 1.1541 1.09715 0.875014 1.1018 1.09796
0.926071 1.19087 1.05207 0.93119 0.834065 1.13729
0.834313 1.1486 1.09313 0.995806 0.806739 1.14108
0.84714 1.15832 1.09887 0.977747 0.82261 1.14476
end
gesture a06 hands 2
0.955261 0.493412 1.20319 1.02798 0.868767 1.02753
1.23302 0.603343 1.18311 0.817904 1.0593 0.673406
1.3453 0.924402 1.24304 0.765667 1.11442 0.611443
1.25177 1.16669 1.36727 0.797664 1.21605 0.727711
1.24983 1.35672 1.12429 0.747742 1.13229 0.934948
0.980505 1.65309 0.693442 0.831952 1.08766 1.17576
0.546054 1.65409 0.57254 1.05104 1.03209 1.31025
0.533355 1.63884 0.569265 1.15937 0.985123 1.32837
1.016 1.45374 0.749218 1.10625 0.997006 1.35497
1.23216 1.01596 0.901803 0.944647 1.03491 1.38687
1.22105 0.757663 1.02967 0.942511 0.993399 1.34136
1.02806 0.492666 1.24037 1.01358 0.922921 0.930748
0.96274 0.500962 1.23593 1.02125 0.90458 0.990362
end
gesture a06 hands 2
1.01896 0.3993 1.35238 1.00058 0.90558 1.00935
1.24827 0.566896 1.2676 0.871078 0.992766 0.809381
1.32642 0.931987 1.35516 0.832249 1.01544 0.780999
1.28746 1.04295 1.39882 0.812133 1.034 0.890205
1.16574 1.36487 1.00808 0.900737 1.02021 1.11084
0.885025 1.58374 0.716916 0.992332 1.01555 1.19446
0.747536 1.60645 0.64059 1.17725 0.994675 1.24704
0.613832 1.58105 0.623728 1.1602 0.967701 1.24464
0.795942 1.5479 0.64456 1.04835 0.963917 1.24813
1.06008 1.05546 0.783322 0.850282 1.0228 1.2581
1.11834 0.559885 1.10316 0.849571 0.980991 1.01795
1.07483 0.416712 1.26952 0.876527 0.97844 0.843659
1.01487 0.35828 1.39013 0.941655 0.959523 0.836878
end
gesture a06 hands 2
1.0266 0.481231 1.34075 1.01593 0.936819 1.03544
1.30017 0.765398 1.22332 0.907801 0.973458 0.923398
1.29961 1.08273 1.31486 0.894728 1.02368 1.05112
1.26462 1.16495 1.30589 1.01264 1.01225 1.16029
1.15979 1.37897 1.06283 1.07839 0.977051 1.18446
0.90129 1.6228 0.71057 0.936768 0.981454 1.16692
0.626411 1.64929 0.58103 0.842795 1.0256 1.18568
0.593619 1.63061 0.571215 0.840977 1.01787 1.16191
0.74136 1.58957 0.582876 0.882674 0.94513 1.00816
0.920692 1.37507 0.682163 0.909756 0.983404 0.856492
1.10745 0.872013 0.901967 0.947394 0.986098 0.858418
1.01934 0.471228 1.28101 1.00671 0.919551 1.06593
1.01449 0.471514 1.30444 1.00947 0.920295 1.07307
end
gesture a06 hands 2
1.01321 0.636498 1.1382 0.976539 0.947871 1.03295
1.06199 0.824366 1.04757 0.970118 0.969924 0.954767
1.12706 1.2061 1.17284 0.905314 0.98362 0.932669
1.02405 1.34382 1.30405 0.886249 1.00056 0.919069
0.970707 1.44031 1.28489 0.882357 1.00716 0.966879
0.910049 1.67288 1.04011 0.962073 0.913425 1.19679
0.880156 1.66936 0.853798 0.967874 0.899173 1.26448
0.822875 1.45216 0.619144 0.948034 0.933356 1.22867
0.81652 1.37563 0.579933 0.938109 0.95828 1.14566
0.809524 1.1962 0.649313 0.961141 0.995978 0.997943
0.896718 0.855141 0.891935 0.978705 1.00396 0.969444
1.04006 0.62185 1.24956 0.990064 0.975735 0.970623
1.04206 0.612733 1.2422 0.979632 0.947088 1.03467
end
gesture a06 hands 2
1.00849 0.603299 1.2385 0.952563 0.926765 1.06045
1.09391 0.74155 1.1182 0.965929 0.932466 1.09344
1.19055 1.08056 1.21707 0.969153 0.936018 1.08444
1.12634 1.19735 1.29825 0.939581 0.945013 0.989447
1.02647 1.28635 1.27139 0.939874 0.990883 0.904435
0.967468 1.47117 1.069 0.941288 0.996052 0.892094
0.902338 1.53132 0.894101 0.942959 0.996902 0.91123
0.802946 1.37461 0.619246 0.944272 0.987064 0.957244
0.794428 1.30448 0.597402 0.959162 0.949839 1.10845
0.807305 1.08361 0.713007 0.965709 0.931525 1.21442
0.887041 0.766721 0.956329 0.961952 0.928471 1.23768
0.983375 0.621808 1.17535 0.951483 0.930886 1.20039
1.00846 0.600065 1.2398 0.92387 0.959731 0.993284
end
gesture a06 hands 2
1.0248 0.658038 1.22124 0.958196 0.955352 0.983806
1.00359 0.674272 1.11308 0.97452 0.947022 1.08805
1.07753 0.73121 1.1201 0.965439 0.948612 1.04697
1.15956 0.859067 1.14715 0.942407 0.954445 0.982954
1.14843 1.18452 1.30767 0.902005 1.01726 0.910973
1.06779 1.27259 1.35233 0.932858 1.03871 0.918811
1.00746 1.3489 1.20369 0.947228 1.00938 0.964817
0.931454 1.55742 0.985985 0.987448 0.939881 1.12837
0.86828 1.60874 0.831515 0.994455 0.927891 1.1958
0.814372 1.54834 0.68169 0.994941 0.929823 1.2298
0.797017 1.33098 0.566655 0.950979 0.952857 1.1208
0.938144 0.752519 1.01606 0.96971 0.965841 1.03428
1.02636 0.665356 1.22683 0.969159 0.941296 1.03956
end
gesture a06 hands 2
1.00558 0.367983 1.20558 0.960651 0.953341 1.03838
1.29234 0.618594 1.1369 0.980508 0.961566 1.01436
1.31785 1.06255 1.11028 0.958432 1.00015 0.972409
0.9821 1.31989 1.32362 0.951027 0.992298 0.989894
0.938207 1.39378 1.17911 0.992853 0.975936 1.0462
0.897662 1.46476 0.766352 0.978254 1.00237 1.0416
0.833587 1.34787 0.63918 0.97836 0.973611 1.03776
0.934588 1.39009 1.23926 0.976316 1.00135 1.01003
0.91911 1.42102 0.682562 0.996786 0.984552 1.0545
1.02622 0.826394 0.779052 0.990348 0.999203 1.03888
1.03004 0.389134 1.28186 0.988088 0.96931 1.02849
1.00154 0.374895 1.32172 0.97039 0.952769 1.08086
0.902569 0.484958 1.04923 0.948419 0.952266 1.04497
end
gesture a06 hands 2
1.01106 0.386817 1.20474 0.962045 0.964156 1.00152
1.18345 0.670793 0.978194 0.994442 0.984495 0.943544
1.09446 1.24502 1.14084 1.00376 0.94558 1.00958
0.954462 1.3213 1.19734 0.994275 0.938611 1.03919
0.919505 1.40785 0.685094 0.955008 0.997053 0.988145
0.97878 1.3794 1.12841 0.932098 1.00359 0.98897
0.993631 1.36804 0.736968 0.967077 0.993623 1.05676
0.942262 1.35144 1.22757 0.985169 0.981798 0.994255
0.947145 1.33559 1.2086 0.993583 0.993834 1.04537
0.934074 1.24741 0.583677 0.980963 0.969149 1.0409
0.842523 0.84932 0.624045 0.963971 0.952194 1.07609
1.10314 0.451055 1.52883 0.951128 0.942533 1.03135
0.976467 0.370308 1.21029 0.987342 0.969306 0.93982
end
gesture a06 hands 2
0.934385 0.386387 1.13392 0.969499 0.93759 1.07482
0.969956 0.418024 1.0968 0.974379 0.96357 1.03098
1.06775 0.60223 0.941125 0.966439 0.99179 1.02532
1.07828 1.06936 1.03218 0.963605 0.99574 1.00878
0.989201 1.181 1.17889 0.965366 0.976147 1.01713
0.950018 1.17588 1.18725 0.997259 0.939081 1.0177
0.901629 1.48001 0.89247 1.00447 0.923976 1.0182
0.911665 1.48412 0.732098 0.98793 0.929424 1.03309
0.892157 1.52631 0.84256 0.952094 0.999272 1.04175
0.939483 1.25628 1.1045 0.946172 0.988539 1.04891
1.14539 0.849851 1.02107 0.950166 1.00507 1.03163
1.06288 0.46769 1.12396 0.957124 0.977891 1.05192
0.939178 0.406136 1.12209 0.959003 0.965744 1.049
end
gesture a06 hands 2
0.93412 0.504427 1.1806 0.953143 0.944267 1.07119
1.03149 0.563956 1.11567 0.962627 0.929716 1.06029
1.08427 0.710542 1.05187 0.969302 0.939922 1.05234
1.09281 1.09651 1.08279 0.961596 0.975454 1.04279
1.03973 1.20988 1.15499 0.956025 0.979939 1.03156
0.935385 1.33084 1.16347 0.965753 0.977873 1.04041
0.912766 1.42971 1.07568 0.969782 0.956622 1.04854
0.92471 1.6146 0.820642 0.966637 0.965009 1.05019
0.936596 1.62445 0.751515 0.954932 0.992999 1.04293
1.02449 1.00793 0.888937 0.949825 0.970395 1.05621
1.03077 0.698992 1.00911 0.952309 0.970971 1.03396
0.935707 0.510554 1.22461 0.960869 0.945975 1.03563
0.927174 0.495217 1.19704 0.964794 0.932018 1.04465
end
gesture a06 hands 2
0.885489 0.465806 1.15264 0.966375 0.93501 1.06306
0.999079 0.623341 0.995813 0.972638 0.946513 1.03407
1.05619 0.925788 0.969305 0.9734 0.951159 1.02958
0.917809 1.23331 1.19882 0.972227 0.965351 1.01376
0.893457 1.30916 1.14678 0.960095 1.001 1.00741
0.959868 1.49828 0.839898 0.965753 0.998833 1.02886
0.968584 1.55019 0.67357 0.961902 0.994147 1.02847
0.91401 1.56372 0.806618 0.948024 0.978709 1.04982
0.946419 1.44493 0.963251 0.962024 0.964504 1.04121
1.08072 1.16666 1.10466 0.96215 0.957451 1.04962
1.15132 0.653284 1.14579 0.965239 0.942069 1.06772
0.895919 0.467345 1.15533 0.959338 0.934227 1.08951
0.875979 0.449297 1.14613 0.96287 0.922086 1.09866
end
gesture a06 hands 2
0.95893 0.399252 1.19628 0.972753 0.94443 1.07364
0.974871 0.524665 1.05805 0.977866 0.978571 1.06738
1.03948 0.764795 1.00906 0.948351 0.99553 1.02206
1.06663 1.22777 1.18062 0.960541 0.993136 1.01481
1.00074 1.3042 1.28336 0.950614 1.02024 0.985318
0.908114 1.26614 1.32415 0.94558 0.893911 1.00293
0.899919 1.44835 1.21763 0.942777 0.976488 1.04464
0.925019 1.52102 1.07963 0.976151 0.922664 1.0552
0.978023 1.50231 0.790441 0.983682 0.921796 1.08185
0.944926 1.33499 0.593227 0.97741 0.987946 1.11299
1.01309 0.834315 0.806746 0.958926 0.9737 1.09604
1.00556 0.652813 0.894091 0.979965 0.954963 1.06244
0.979901 0.429664 1.22636 0.997856 0.98962 1.05351
end
gesture a06 hands 2
0.976591 0.494545 1.26651 0.974458 0.993958 1.05833
0.951693 0.498594 1.25673 0.938193 0.974015 1.04279
1.00444 0.631696 1.06385 0.945596 0.990493 1.03453
1.04893 0.941055 0.979558 0.951125 0.974102 1.03544
1.03234 1.22291 1.09002 0.952873 0.920442 0.994727
0.967401 1.32675 1.30303 0.956046 0.897454 0.987932
0.916949 1.54009 1.21214 0.956696 0.927557 1.00796
0.935745 1.65932 0.867097 1.00025 0.990587 1.06563
0.952752 1.60109 0.684579 0.993399 0.980203 1.11633
0.957742 1.31728 0.53854 0.963487 0.98729 1.1137
0.986213 0.755487 0.906787 0.937168 0.975968 1.06762
0.98702 0.499361 1.22089 0.987861 0.973074 1.05015
0.961737 0.500473 1.27471 0.979947 0.962497 1.03985
end
gesture a06 hands 2
0.953679 0.520025 1.24903 0.989489 0.97035 0.995739
1.07319 0.699672 1.06487 0.955806 1.00785 1.00768
1.12999 0.966105 1.04186 0.961268 0.940125 1.00667
1.06608 1.25213 1.16284 0.95601 0.912727 0.973601
0.937775 1.48992 1.22042 0.966366 0.91223 1.00735
0.903889 1.68332 1.0223 0.968787 0.962661 1.06802
0.908974 1.74273 0.853592 0.972437 0.97198 1.11153
0.902035 1.55135 0.580226 0.966278 0.957956 1.14377
0.882759 1.26579 0.520318 0.96934 0.97971 1.13137
0.923328 1.00097 0.64491 0.943125 0.954782 1.13302
0.982437 0.685251 0.913323 0.96573 0.963744 1.09145
0.980697 0.540821 1.27957 0.974561 1.00676 1.03785
0.970982 0.528446 1.31111 0.980926 1.00503 1.02581
end
gesture a06 hands 2
0.960498 0.395035 1.22449 0.956529 0.969592 1.05935
1.09394 0.556562 1.01905 0.957343 0.968572 1.05424
1.15955 0.77312 0.957965 0.947316 0.983582 1.0224
1.14659 1.21785 1.04639 0.953151 0.98104 0.994728
0.981978 1.33056 1.24978 0.960605 0.978054 0.987709
0.799478 1.24763 1.3313 0.964314 0.959166 0.97673
0.800103 1.2372 1.34094 0.993921 0.943046 1.03891
0.835861 1.32738 1.28471 0.996378 0.940617 1.06376
0.927707 1.5272 0.991604 0.988993 0.944395 1.06911
0.943993 1.36805 0.710638 0.95426 0.965514 1.07307
1.06104 1.00152 0.735025 0.960516 0.968507 1.06934
1.06945 0.583601 0.951216 0.949498 0.978114 1.09928
0.955704 0.396184 1.26723 0.945624 0.971294 1.09789
end
gesture a06 hands 2
0.966558 0.329468 1.31543 0.946438 0.966494 1.08175
1.08129 0.634337 1.00002 0.958361 0.964456 1.06328
1.09012 0.984978 1.04877 0.955171 0.970244 1.06152
1.07506 1.10988 1.12833 0.943566 0.974831 1.00461
0.968007 1.174 1.31485 0.954111 0.965123 1.00021
0.884242 1.16078 1.32056 0.956586 0.959266 1.01117
0.906801 1.25292 1.26484 0.979528 0.906525 1.02496
0.953335 1.42563 1.00965 0.987365 0.907691 1.06089
0.942534 1.39366 0.899398 0.979303 0.924556 1.08821
0.926937 1.15821 0.739195 0.952045 0.956562 1.11074
0.92315 1.03473 0.739058 0.944258 0.967043 1.10638
0.963397 0.564781 0.95493 0.944694 0.984014 1.08027
0.962219 0.35257 1.25469 0.94206 0.98475 1.07999
end
gesture a06 hands 2
0.959965 0.454241 1.31966 0.948412 0.969923 1.06503
0.96 0.431146 1.29827 0.942336 0.961936 1.06219
1.01312 0.492576 1.11011 0.946751 0.958161 1.03734
1.06602 0.810356 0.875528 0.960482 0.94664 1.06111
1.00901 1.1413 0.958161 0.957592 0.940521 1.04078
0.944062 1.25655 1.20243 0.955359 0.958819 1.00546
0.845981 1.26922 1.32931 0.963034 0.964791 1.03434
0.888625 1.48211 1.167 0.987788 0.994639 1.03931
0.913741 1.54084 0.991849 0.982362 1.00791 1.07411
0.913004 1.42038 0.721767 0.979102 1.00464 1.08273
0.960947 1.34722 0.699261 0.97841 0.98829 1.05266
1.1437 0.769912 0.795796 0.983288 0.964489 1.05816
1.03985 0.48357 1.10736 0.988163 0.976477 1.04916
end
gesture a06 hands 2
0.981677 0.451286 1.3109 0.945155 0.942921 1.07674
1.08587 0.622615 1.10625 0.945631 0.936626 1.08435
1.1251 0.814754 1.0638 0.950925 0.94795 1.07355
1.1152 1.03423 1.10456 0.947953 0.96094 1.03479
1.01076 1.30063 1.23864 0.953072 0.952928 1.0088
0.917187 1.46956 1.19054 0.971825 0.952295 1.01971
0.888119 1.55266 1.07049 0.972427 0.952233 1.02686
0.900176 1.48195 0.793435 0.949788 0.960222 1.04727
0.899854 1.37981 0.733255 0.944404 0.965047 1.0448
0.895362 1.19279 0.802194 0.951213 0.959958 1.06875
0.928525 0.838797 0.862169 0.954593 0.956355 1.07583
0.959702 0.510498 1.13763 0.920838 0.947395 1.1162
0.96825 0.439572 1.34477 0.926715 0.95191 1.14925
end
gesture a06 hands 2
0.959482 0.42726 1.29373 0.929689 0.952635 1.12019
1.06653 0.638235 1.06757 0.935229 0.969398 1.05439
1.10616 1.05396 1.07152 0.94828 0.966846 1.05281
1.07231 1.22343 1.13441 0.951752 0.963247 1.06517
0.926532 1.42109 1.28507 0.952233 0.956013 1.0551
0.906226 1.49552 1.21031 0.9535 0.959947 1.05409
0.892159 1.58186 0.916358 0.952386 0.969898 1.01417
0.892788 1.54891 0.819446 0.951026 0.95849 1.0161
0.898284 1.50991 0.780625 0.972901 0.935685 1.04819
0.948482 1.28168 0.72939 0.968918 0.936992 1.0846
0.967537 1.08794 0.735824 0.954216 0.951723 1.10306
0.974559 0.624103 0.901587 0.95341 0.955711 1.1055
0.97045 0.47279 1.05805 0.951806 0.949438 1.08747
end
gesture a06 hands 2
0.961049 0.416514 1.26442 0.917127 0.940491 1.12664
0.985501 0.421324 1.2584 0.923243 0.942471 1.07491
1.02181 0.509216 1.13208 0.939896 0.947025 1.05947
1.08676 0.927282 1.06153 0.959777 0.951563 1.04431
1.07156 1.15556 1.11276 0.957409 0.954779 1.04595
0.913694 1.43191 1.22868 0.951373 0.972924 1.03514
0.89019 1.50155 1.12231 0.952919 0.974372 1.02464
0.872147 1.51946 0.87769 0.962876 0.953697 1.03456
0.868521 1.4887 0.829867 0.962014 0.954821 1.03801
0.948802 1.16746 0.76467 0.953064 0.94104 1.06779
0.966543 0.895774 0.827808 0.947801 0.934613 1.08164
0.96787 0.636731 0.967084 0.928391 0.934658 1.11762
0.957618 0.418392 1.17636 0.926169 0.924008 1.1492
end
gesture a07 hands 2
1.08675 0.624651 1.18604 0.971 0.963085 1.01367
1.07262 0.667201 1.11316 0.977165 0.970303 0.996256
1.14587 0.940781 0.886085 0.983637 0.968077 1.03845
1.0758 1.64642 0.914033 0.959648 0.976128 1.04072
1.02637 1.59113 0.848568 0.944102 0.964714 1.0749
0.838855 1.23547 0.738303 0.955695 0.964634 1.06577
0.734219 1.08408 0.805094 0.930686 0.977882 1.09596
0.584718 1.19644 0.918103 0.920738 0.979827 1.09721
0.664556 1.62045 0.933441 0.93995 0.974394 1.04037
0.77115 1.4689 0.810048 0.942484 0.965331 1.07581
0.957599 0.950914 0.851564 0.969789 0.973653 1.05103
1.07928 0.620525 1.32716 1.0429 0.987828 0.957333
1.08037 0.640427 1.20951 1.03137 0.978636 0.985105
end
gesture a07 hands 2
1.05962 0.679302 1.22139 1.01189 0.974602 1.02088
1.11095 1.06343 0.920911 0.968035 0.96463 1.03463
1.11155 1.56513 0.888804 0.956549 0.968892 1.018
0.92437 1.49878 0.727733 0.938896 0.947955 1.07744
0.690934 1.07541 0.79444 0.926658 0.942994 1.10266
0.606791 1.04011 0.860787 0.908567 0.960886 1.14629
0.544328 1.41263 0.854001 0.90484 0.978467 1.12611
0.588658 1.58609 0.869977 0.923023 0.959755 1.07285
0.762078 1.45438 0.769113 0.917909 0.986608 1.09231
0.951338 0.942984 0.823289 0.930952 0.981417 0.968925
1.14327 0.801 1.0276 1.05063 0.987725 0.961425
1.07598 0.670178 1.31914 1.02215 0.972291 1.03287
1.08138 0.660499 1.25624 1.01861 0.968905 1.04297
end
gesture a07 hands 2
1.05649 0.56336 1.29737 1.02768 0.966262 1.02776
1.26882 1.22637 0.970075 0.978799 0.96966 1.0075
1.16289 1.55335 1.01568 0.952058 0.975545 1.03681
1.08757 1.59533 0.984111 0.930145 0.942633 1.09517
0.767497 1.08068 0.778599 0.914599 0.970046 1.13995
0.616319 0.968768 0.863974 0.912162 0.97904 1.13466
0.584996 1.46441 0.921097 0.917626 0.966695 1.08578
0.633401 1.55953 0.945635 0.926919 0.960047 1.10179
0.777729 1.28878 0.803679 0.929936 0.970696 1.07133
0.963622 0.812569 0.879944 0.949744 0.970529 0.971639
1.08817 0.887931 0.92058 0.993444 0.974963 0.949443
1.0907 0.599591 1.31607 1.02704 0.978752 0.981968
1.09681 0.566865 1.34815 1.01014 0.973495 1.03883
end
gesture a07 hands 2
0.857077 0.988545 1.26686 1.06601 0.956278 1.04675
1.23798 0.956684 0.955244 1.03376 0.930964 1.05722
1.17413 1.45168 1.19053 1.06983 0.941593 1.04998
1.14176 1.24289 0.890327 0.98504 0.904347 1.06857
0.971533 0.976953 0.802936 0.979387 0.908707 1.06449
0.554121 0.611879 0.964555 0.977137 0.93888 1.07151
0.432205 1.13448 1.12509 1.02429 0.958975 1.0153
0.627704 1.37953 1.07544 0.964619 0.962276 1.00846
0.835284 1.25484 0.872806 0.889736 0.957191 1.08843
1.1806 0.724117 0.790763 0.857379 1.01523 1.08413
1.30659 0.581623 0.883101 0.861736 1.05961 1.00084
1.15767 0.692129 0.902285 0.908017 1.0868 0.986296
1.03158 0.43487 1.11373 0.908533 1.02279 1.00397
end
gesture a07 hands 2
0.972189 0.59828 1.25756 0.978784 0.884676 1.06627
1.21946 0.833677 1.13818 1.00243 0.812032 1.12093
1.23396 1.41904 1.06958 1.03146 0.831351 1.05537
1.07718 1.59601 0.992894 0.932015 0.80658 1.08538
0.952609 1.19223 0.698624 0.942963 0.891475 0.920997
0.567817 0.928181 0.781923 0.904221 0.939563 0.8566
0.426043 1.00798 0.869868 0.805703 0.910127 0.929064
0.549689 1.57668 0.960933 0.797785 0.975336 0.875559
0.882237 1.35953 0.69622 0.842914 0.948043 0.914811
1.18559 0.934067 0.695832 1.11869 1.04795 0.993626
1.13349 0.977708 0.823208 1.20636 1.22382 1.02402
0.991946 0.662788 1.23763 1.05574 1.54059 1.13433
0.961552 0.653884 1.25021 1.08615 1.53225 1.13072
end
gesture a07 hands 2
0.827406 0.642904 1.2309 1.07632 1.48463 1.11291
1.3017 1.07888 1.02021 1.17215 1.3964 1.0697
1.20408 1.52186 1.11396 1.13524 1.20056 1.03585
1.16469 1.57596 1.12873 1.03295 0.781548 1.02823
1.01684 1.34434 0.76736 0.968705 0.740239 1.05919
0.602178 0.867197 0.763123 1.01328 0.784327 1.04276
0.355704 1.0549 0.972337 0.974997 0.820865 1.07035
0.440881 1.44217 1.02414 0.831189 0.790876 1.03877
0.771442 1.44702 0.816765 0.872398 0.904517 0.937006
1.16622 0.955549 0.774369 1.01074 0.893282 0.985931
1.35753 0.890712 0.877182 0.987705 0.955165 0.933929
1.18277 1.12033 0.837585 0.941063 0.820672 1.03878
0.97057 0.601537 1.23425 0.857828 0.810607 1.08698
end
gesture a07 hands 2
1.09706 0.546791 1.37715 0.974645 0.977188 1.06811
1.11642 0.717688 1.10149 0.973522 0.987645 1.00845
1.15127 1.1679 0.876159 0.960799 0.993952 1.00862
1.12448 1.5084 0.852514 0.964223 1.00263 1.02934
0.97763 1.385 0.817479 0.973532 0.971746 1.05822
0.70433 1.09587 0.940692 0.981449 0.942318 1.07827
0.678885 1.10131 0.943382 0.949502 0.905808 1.07279
0.660433 1.40994 0.938995 0.946698 0.963446 1.06406
0.661782 1.47045 0.952777 0.964482 0.995883 1.03417
0.928914 1.18574 0.780543 0.957998 0.977571 0.994685
1.04682 1.01896 0.808949 0.991218 0.974634 0.986134
1.12982 0.552254 1.2288 0.990583 0.96351 1.02519
1.08545 0.529823 1.36767 0.979039 0.96786 1.01944
end
gesture a07 hands 2
1.10176 0.508289 1.37701 0.972597 0.97617 1.01654
1.10888 0.774646 0.998545 0.981763 0.967659 1.04933
1.12876 1.2377 0.847509 0.960674 0.987798 1.01034
1.10402 1.42762 0.847123 0.959649 0.998645 1.06861
0.94441 1.30331 0.866513 0.976721 0.960837 1.08061
0.71838 1.05791 1.0042 0.977148 0.957671 1.05369
0.691224 1.41748 0.948725 0.937085 0.951533 1.05341
0.764816 1.38801 0.904813 0.941074 0.966442 1.0218
1.0577 1.04621 0.796415 0.990468 0.961721 1.00293
1.12776 0.922567 0.892764 0.962673 0.989758 1.04925
1.15335 0.630974 1.1408 0.973298 0.989564 0.997236
1.14013 0.544588 1.27153 0.987535 0.954319 1.03353
1.11443 0.528666 1.38173 0.962319 0.945864 1.02638
end
gesture a07 hands 2
1.1249 0.525313 1.39012 1.00094 0.964543 1.0321
1.13213 0.723721 0.991612 0.987017 0.976859 1.02104
1.15148 1.19447 0.804523 0.963251 0.994265 1.04985
1.14291 1.47205 0.813335 0.989466 0.974597 1.04239
1.05891 1.46091 0.804535 0.970242 1.00063 1.03025
0.645179 1.08638 1.00007 0.968108 0.956189 1.07266
0.637525 1.38701 0.944751 0.923717 0.935249 1.06632
0.663538 1.47477 0.954828 0.966514 0.980218 1.00379
0.934459 1.1869 0.776051 0.963065 0.979733 1.05573
1.1783 0.957988 0.856926 0.966284 0.980394 0.975997
1.24054 0.666632 1.07213 0.995608 0.975406 0.976314
1.14557 0.514605 1.33219 0.993447 0.963847 1.03382
1.11131 0.512347 1.3656 0.98969 0.979921 1.01625
end
gesture a07 hands 2
1.07299 0.531085 1.37831 0.952529 0.969055 1.04669
0.875703 1.06061 0.954892 0.955941 0.972099 1.02338
0.639312 1.49425 1.03998 0.960049 0.968535 1.04727
0.874797 1.11008 0.861028 0.989731 0.974572 1.02386
1.056 0.847861 0.898596 0.955985 0.991777 1.03742
1.13995 0.877764 0.911655 0.959858 0.975115 1.03829
1.28179 1.33275 0.86798 0.962245 0.974905 1.02806
1.26919 1.55684 0.928885 0.992876 0.978323 1.00147
1.14686 1.54229 0.897691 1.00622 0.976609 0.996381
0.701041 0.993467 0.891118 0.981392 0.955086 1.02784
0.816016 1.03113 0.835909 0.989227 0.970608 1.0377
1.04355 0.809774 0.917718 0.952536 0.971219 1.05692
1.07297 0.529723 1.37683 0.959647 0.969107 1.03508
end
gesture a07 hands 2
1.07175 0.687719 1.31236 0.950983 0.945576 1.0452
1.0509 0.843253 1.09491 0.942106 0.94326 0.981741
1.10563 1.0903 0.969344 0.951948 0.945652 0.967053
1.11525 1.18061 0.940473 0.935362 0.93649 1.01771
1.0675 1.1592 0.920868 0.936026 0.943405 1.07117
0.814386 1.01912 0.964968 0.942672 0.93807 1.07168
0.721986 1.05659 1.00503 0.94837 0.936631 1.09566
0.688614 1.25809 1.00498 0.947731 0.95509 1.08508
0.715863 1.28007 0.965588 0.943921 0.955486 1.12454
0.859738 1.11746 0.887657 0.941377 0.955265 1.11839
0.989469 0.933838 0.914976 0.945182 0.9575 1.09607
1.00128 0.874719 0.998599 0.948379 0.967809 1.01484
1.04834 0.729962 1.19181 0.945879 0.95878 0.993456
end
gesture a07 hands 2
1.07677 0.700892 1.33432 0.968602 0.955184 1.05602
1.04576 0.807239 1.13538 0.968853 0.943852 1.07508
1.07685 1.10237 0.961004 0.96169 0.942265 1.04321
1.0504 1.29711 0.894922 0.952398 0.94284 0.980935
0.99491 1.25849 0.867005 0.937696 0.96511 0.98856
0.796814 1.02672 0.894008 0.940172 0.954338 1.06505
0.727493 1.01994 0.915892 0.941143 0.944309 1.06215
0.68292 1.26611 0.89456 0.948782 0.94873 1.13903
0.681379 1.33755 0.886979 0.947238 0.948634 1.12981
0.744599 1.26637 0.865899 0.925494 0.951973 1.0725
0.929816 1.00349 0.868499 0.943946 0.955657 1.05032
1.06518 0.751063 1.20839 0.967868 0.968249 1.00771
1.08778 0.693342 1.32566 0.975992 0.957059 1.05309
end
gesture a07 hands 2
1.07995 0.734448 1.28364 0.980149 0.958692 1.05504
1.08787 0.894663 1.07292 0.963631 0.955712 0.990113
1.10363 1.2157 0.913309 0.956782 0.957163 1.02196
1.03661 1.32775 0.860552 0.955394 0.97251 1.00706
0.965175 1.25033 0.837335 0.981273 0.94788 1.06042
0.772352 1.05286 0.882265 0.969242 0.948095 1.11738
0.709393 1.06501 0.907238 0.952523 0.961985 1.13424
0.666613 1.29346 0.893569 0.936213 0.954848 1.06861
0.662551 1.37448 0.881599 0.933209 0.956958 1.03893
0.783827 1.24796 0.835095 0.956361 0.96419 1.06775
0.973108 0.964947 0.897664 0.958872 0.964719 1.08558
1.02662 0.85371 1.02695 0.953656 0.972481 1.00421
1.06609 0.748543 1.26342 0.968717 0.949714 1.06607
end
gesture a07 hands 2
1.02612 0.630589 1.32194 0.961871 0.968704 1.09218
1.05964 0.657505 1.23503 0.978243 0.96894 1.06923
1.10566 0.829423 0.949083 0.967736 0.957978 1.03043
1.04844 1.47274 0.810586 0.969197 0.958016 1.03532
0.929423 1.50378 0.807486 0.986236 0.973217 1.01539
0.730251 1.22509 0.791954 0.965499 0.985229 1.04692
0.604821 1.17115 0.888765 0.962653 0.974069 1.05031
0.685546 1.53579 0.906743 0.996868 0.975585 1.00919
1.07501 1.06155 0.757424 0.986119 0.974574 1.0175
1.10663 1.09401 0.742114 0.938889 0.966895 1.01945
1.0688 0.980072 0.862225 0.943259 0.969882 1.00735
1.11251 0.715803 1.14838 0.995782 0.986206 0.983872
1.05775 0.642489 1.27219 1.00217 0.988279 0.970948
end
gesture a07 hands 2
1.00764 0.60104 1.33538 0.990395 0.95881 1.01335
1.14844 0.768657 1.10443 0.95483 0.951735 1.04363
1.12095 1.2302 0.875707 0.990693 0.93633 1.03743
1.02273 1.53123 0.937812 0.982864 0.96178 1.02473
0.988852 1.55694 0.934485 0.951743 0.974481 1.06161
0.739278 1.1317 0.787944 0.971282 0.960778 1.04178
0.658305 1.07099 0.81639 0.957995 0.978863 1.02864
0.629457 1.46108 0.921399 0.95714 0.969135 1.03459
0.658332 1.48561 0.93252 0.94417 0.968653 1.07732
0.842342 1.27476 0.776777 0.940447 0.973798 1.08327
1.2173 0.80952 0.935606 0.953646 0.975621 1.03717
1.07743 0.614682 1.27773 0.958297 0.959714 1.0552
1.02847 0.585091 1.32323 0.916468 0.949215 1.03915
end
gesture a07 hands 2
1.06014 0.429686 1.44285 0.961976 0.965918 1.01319
1.17135 1.06107 0.922612 0.973967 0.956832 1.04027
1.02332 1.36496 0.939875 0.984199 0.951085 1.00742
0.689024 1.30938 0.988299 0.972347 0.984868 1.061
1.11164 0.957601 0.863113 0.988098 0.962573 1.03637
0.683619 1.27587 1.01242 0.963817 0.988336 1.03432
1.2223 0.972603 0.849016 0.983866 0.97082 1.02479
1.05954 1.30941 0.881396 0.984997 0.970596 1.04771
0.833794 1.06957 0.831796 0.97846 1.004 1.02798
0.692079 1.32456 1.07273 0.973939 1.01031 1.00628
1.09903 0.900597 0.860521 0.975575 0.992496 1.01334
1.17145 0.926614 0.969051 1.01196 0.982261 0.975821
1.06315 0.428766 1.40974 0.966301 0.971829 0.993512
end
gesture a07 hands 2
1.02075 0.781538 1.11957 0.983418 0.966284 1.0116
1.07411 0.776225 1.12966 0.967018 0.95473 1.04533
1.20243 1.31479 0.887108 0.960563 0.959087 1.05253
1.10524 1.43046 0.773638 0.966293 0.958677 1.04573
0.964258 1.32298 0.725769 0.955518 0.990273 1.04898
0.64415 1.03922 0.847186 0.959557 0.992069 1.05145
0.541333 1.04001 0.914057 0.978153 0.983801 1.03872
0.490371 1.47325 0.916188 0.964856 0.97039 1.05241
0.549928 1.50661 0.878005 0.967655 0.958577 1.03733
0.746493 1.32217 0.721166 0.959278 0.983126 1.02479
1.08313 0.941919 0.933563 0.960942 0.981645 1.01962
1.18038 0.842926 1.11766 0.973409 0.962366 1.02069
1.05152 0.722588 1.251 0.963406 0.963062 1.04258
end
gesture a07 hands 2
1.00036 0.679932 1.24886 0.983774 0.966909 1.0219
1.21035 1.23429 0.959365 0.978957 0.956106 1.02966
1.14613 1.49883 0.963532 0.982745 0.957599 1.02519
1.1004 1.54609 0.931312 0.961216 0.967594 1.02459
0.819156 1.24322 0.727686 0.962445 0.983229 1.03727
0.524652 1.12313 0.835629 0.968576 0.981002 1.04819
0.474914 1.39042 0.879293 0.964379 0.989296 1.04971
0.736425 1.31426 0.78541 0.963242 0.970531 1.0392
1.0447 0.888476 0.930338 0.960375 0.972503 1.03993
1.13656 0.779179 1.10966 0.970416 0.968783 1.02023
1.11156 0.850427 1.00194 0.965631 0.962641 1.03571
0.966069 0.678073 1.26954 0.96976 0.967237 1.04192
0.904881 0.663583 1.30625 0.969817 0.954599 1.06112
end
gesture a07 hands 2
0.884771 0.485455 1.26753 0.989883 1.00989 1.00282
1.09766 1.18329 0.844117 0.942158 1.00371 1.02043
1.16326 1.67037 1.00042 0.981538 0.974703 1.02577
0.787474 1.01967 0.671344 0.953095 0.92886 1.04231
0.50819 0.998622 0.910139 0.957818 0.937943 1.12359
0.501566 1.54983 1.0153 0.996062 0.993205 1.06753
0.651229 1.45418 0.747545 0.949456 0.940717 1.05122
0.997458 1.01337 0.677404 0.957302 0.958636 1.07305
1.18483 0.816664 0.817974 0.9874 0.98629 1.00695
1.3695 0.748716 1.33778 1.01858 0.99192 0.966401
1.38362 0.757958 1.33264 1.00543 0.96488 1.01415
0.969207 0.523131 1.23268 0.948845 0.944669 1.00956
0.916782 0.514039 1.21005 0.947952 0.938165 1.02111
end
gesture a07 hands 2
0.910265 0.448722 1.27438 0.974247 0.979863 0.986654
1.09654 1.29509 0.959523 0.953289 0.939766 1.00699
1.13177 1.57437 1.05476 0.981605 0.956209 1.04102
1.13085 1.37248 0.813034 0.963521 1.00847 1.0113
0.814327 0.96714 0.777584 0.971385 0.993658 1.00859
0.638156 0.889814 0.906568 0.996028 0.924643 1.05095
0.501491 1.41296 1.0913 0.976974 0.91734 1.05503
0.542425 1.50978 1.069 0.965411 0.931283 1.07993
0.774888 1.28885 0.748084 0.992958 0.973533 1.06913
1.15847 0.890564 0.792221 0.951936 0.996107 1.08695
1.33647 0.826812 1.12586 0.918668 0.944995 1.06884
1.01647 0.460145 1.26232 0.951157 0.986536 0.985493
0.931455 0.42494 1.3449 1.0032 0.979523 1.00187
end
gesture a07 hands 2
0.941958 0.555813 1.25653 0.9972 0.975407 1.06954
1.12801 1.01008 0.871486 0.982882 0.98574 0.977166
1.18088 1.65998 0.957545 0.998042 0.980577 0.997051
1.17264 1.71641 1.00767 0.956905 0.934814 1.01411
1.11424 1.41459 0.695669 1.006 0.963346 1.01477
0.732539 1.04807 0.778746 0.95354 0.994255 1.00175
0.541161 1.22103 0.968593 0.95984 0.924794 1.03154
0.652246 1.72115 0.981191 0.947224 0.955269 1.0784
0.789455 1.47732 0.665964 0.953019 1.04201 1.06245
1.2577 0.819809 0.768818 0.949286 0.967338 1.05207
1.29265 0.71964 1.15729 0.958792 0.959255 1.07972
0.953924 0.528334 1.25531 0.993481 0.988131 1.01259
0.904418 0.545707 1.24756 0.976412 1.00264 1.00632
end
gesture a07 hands 2
1.00044 0.567625 1.22699 0.959459 0.988421 1.02861
0.99504 0.577477 1.21172 0.975826 0.98901 1.01249
1.07129 0.871181 0.979469 0.967738 0.964603 1.0139
1.05076 1.59232 1.02103 0.970846 0.970296 0.994129
1.04546 1.5934 0.990929 0.965404 0.95993 0.999968
0.830064 1.16807 0.745759 0.953513 0.943797 1.07267
0.667881 0.894057 0.902816 0.972039 0.955259 1.09852
0.638705 1.46704 1.05451 0.978738 0.957824 1.09667
0.688889 1.53545 1.02997 0.970355 0.993946 1.05711
0.938538 1.26399 0.787117 0.960626 0.977511 1.06492
1.19894 0.877391 0.903154 0.959542 0.974375 1.05558
1.19714 0.782461 1.00152 0.961142 0.968928 1.00755
0.976267 0.547938 1.31497 0.95314 0.959493 1.06538
end
gesture a07 hands 2
0.995855 0.519758 1.31735 0.955067 0.958872 1.04899
1.14173 1.01024 0.956275 0.965769 0.950547 1.01641
1.09033 1.4957 0.999362 0.95629 0.951714 0.998387
1.06265 1.5401 0.927716 0.96076 0.950226 1.00252
0.883681 1.22881 0.767904 0.954534 0.947262 1.04255
0.702357 0.919857 0.877808 0.959783 0.95923 1.05541
0.601948 1.04368 1.00937 0.978018 0.946034 1.07756
0.656618 1.48135 1.0229 0.986892 0.954431 1.06627
0.874407 1.39154 0.799345 0.974395 1.00349 1.06644
1.1144 0.970753 0.813497 0.954279 0.992541 1.06636
1.21711 0.690386 1.0486 0.952425 0.966368 1.04363
1.0053 0.530434 1.29475 0.961603 0.962383 1.03125
1.00709 0.520699 1.30746 0.959461 0.961775 1.04636
end
gesture a07 hands 2
1.01772 0.528221 1.29439 0.953994 0.970135 1.0413
1.23022 1.02763 0.946208 0.959429 0.952329 0.996484
1.16129 1.5665 1.04452 0.954307 0.947871 1.02412
1.12588 1.60878 1.05625 0.974526 0.942194 1.0725
0.900879 1.18389 0.745025 0.973546 0.951363 1.10282
0.694791 0.775928 0.856134 0.966682 0.951533 1.10061
0.6401 0.80382 0.926597 0.978479 0.984867 1.04253
0.633655 1.44237 1.00197 0.978153 0.987907 1.03874
0.737499 1.54967 1.00516 0.980086 1.00469 1.05972
0.922671 1.19369 0.747819 0.983179 0.983238 1.07401
1.14486 0.717846 0.932456 0.971055 0.989365 1.07727
1.13987 0.583904 1.18527 0.968652 0.9786 0.997382
1.02588 0.532044 1.27464 0.961515 0.977438 1.00675
end
gesture a07 hands 2
1.02364 0.641214 1.27554 0.952272 0.955817 1.09565
1.00463 0.833669 0.998368 0.952055 0.967376 1.0347
0.987613 1.29361 0.906173 0.950858 0.967589 1.02166
0.959134 1.51177 0.956436 0.974302 0.952748 1.05135
0.82252 1.31078 0.902878 0.956352 0.972577 1.06989
0.761977 1.24779 0.908522 0.971841 0.959431 1.04885
0.744744 1.3322 0.958794 0.958967 0.986775 1.05398
0.776364 1.50934 1.0196 0.953958 0.997294 1.04754
0.833365 1.46078 0.958521 0.959946 0.968276 1.0451
1.00242 1.22579 0.777764 0.959943 0.948931 1.05907
1.05803 1.14049 0.770231 0.951981 0.950809 1.03458
1.01865 0.641055 1.17507 0.945522 0.957675 1.06311
1.01852 0.621029 1.22078 0.954118 0.955633 1.04662
end
gesture a07 hands 2
1.00066 0.494821 1.30688 0.929427 0.939624 1.06128
1.05835 0.677938 1.10882 0.943022 0.930682 1.07523
1.04281 1.12129 1.01565 0.949816 0.924739 1.07917
0.976186 1.38937 1.06671 0.950455 0.926868 1.07084
0.909529 1.36837 1.02511 0.946243 0.934749 1.07391
0.762225 1.21451 0.981398 0.942355 0.952748 1.05811
0.738083 1.24995 1.02894 0.949638 0.962589 1.06199
0.783961 1.36779 1.02412 0.944771 0.96727 1.06688
0.836254 1.30484 0.952977 0.927769 0.981039 1.0807
1.01753 0.95079 0.86994 0.930291 0.969425 1.07947
1.08293 0.789274 0.913107 0.932047 0.930617 1.08224
1.08536 0.681777 1.01054 0.931269 0.927611 1.08582
1.01208 0.499997 1.24921 0.945529 0.929767 1.09905
end
gesture a07 hands 2
1.03015 0.578216 1.28635 0.962306 0.951886 1.06249
1.02577 0.635619 1.15867 0.947819 0.948797 1.05596
1.0818 1.03374 0.960488 0.95886 0.947642 1.05962
0.990847 1.49951 1.0426 0.956087 0.961582 1.04868
0.817347 1.30354 0.952018 0.955612 0.956654 1.07258
0.74345 1.22804 0.93367 0.953672 0.966228 1.07157
0.735169 1.40363 1.00493 0.942404 0.993488 1.06122
0.817113 1.43007 0.938792 0.943906 0.982672 1.05843
1.01679 1.08271 0.778368 0.955732 0.946203 1.05435
1.08776 0.943863 0.795595 0.955573 0.939124 1.05369
1.10103 0.88613 0.851026 0.944984 0.946234 1.05959
1.05645 0.708311 1.00385 0.947403 0.943782 1.05296
0.99746 0.561213 1.30694 0.943617 0.958847 1.09451
end
gesture a08 hands 2
1.03724 0.488673 1.35881 0.985089 0.960381 1.00658
0.931929 0.781721 1.07003 0.980185 0.962165 1.01969
0.812237 1.19666 0.967764 0.977261 0.960546 1.02956
0.746707 1.4034 1.0135 0.998356 0.967283 1.08052
0.70961 1.39431 0.998098 0.985238 0.944943 1.09208
0.676246 1.23464 0.971666 0.981869 0.944205 1.08245
0.722637 0.872235 0.938177 0.936443 0.929053 1.08761
0.803553 0.896948 0.885823 0.919054 0.935139 1.10349
0.982604 1.25066 0.798162 0.915926 0.966784 1.10518
1.10447 1.47873 0.893459 0.910398 0.969027 1.09533
1.11051 1.44428 0.907492 0.905084 0.973395 1.06937
1.14473 0.718667 1.04906 0.912323 0.974404 1.01793
1.1152 0.580377 1.16122 0.93431 0.964353 1.02059
end
gesture a08 hands 2
1.07685 0.508129 1.35023 0.993655 0.969448 1.03177
0.922438 0.892595 0.936716 0.988147 0.967021 1.03819
0.865372 1.07011 0.878279 0.985514 0.957426 1.02182
0.761722 1.42429 0.946716 0.985663 0.957245 1.08072
0.649552 1.38986 0.933732 0.975791 0.958113 1.05373
0.647683 1.00427 0.872338 0.945002 0.936797 1.09054
0.711405 0.908686 0.852685 0.941431 0.941341 1.08925
1.02856 1.38456 0.780124 0.923894 0.975155 1.1435
1.14806 1.49957 0.879269 0.92739 0.96746 1.09969
1.24087 1.27993 0.875344 0.930109 0.968573 1.01724
1.27165 0.804924 1.03002 0.92799 0.988454 0.926146
1.08109 0.515876 1.41987 0.954082 0.989822 0.926479
1.08054 0.51194 1.44459 0.992308 0.983195 0.941362
end
gesture a08 hands 2
1.10801 0.514442 1.33094 1.04 0.979473 1.00298
1.05228 0.5522 1.25995 1.02244 0.990621 1.01913
0.954745 0.839711 1.02742 0.988635 0.974834 1.02933
0.736035 1.50176 0.996503 0.949664 0.953949 1.04846
0.673619 1.42699 0.955599 0.939317 0.936111 1.09116
0.618239 1.04605 0.867548 0.942161 0.93263 1.07037
0.671089 0.961643 0.842873 0.929376 0.93241 1.08045
0.836675 1.19504 0.755155 0.890161 0.938038 1.14785
1.03817 1.4904 0.821198 0.891258 0.949097 1.16137
1.10246 1.51511 0.857821 0.906777 0.962917 1.12573
1.1166 1.12435 0.852068 0.927103 0.964805 0.998002
1.09753 0.630639 1.11454 0.94992 0.959635 0.978911
1.06166 0.512337 1.29344 0.962282 0.955985 0.990505
end
gesture a08 hands 2
0.930393 0.363186 1.3722 0.928665 0.916356 1.10182
0.962763 0.422821 1.22814 0.96593 0.896701 1.0447
0.867694 0.874237 0.950425 0.970813 0.896287 1.06984
0.77453 1.41701 1.05897 1.02221 0.95962 1.04734
0.711963 1.27478 1.00127 1.03901 0.977908 1.07067
0.665624 0.850266 0.911722 0.967079 0.954534 1.12499
0.826139 0.758579 0.863447 0.931846 0.944727 1.12511
0.973607 0.940342 0.832591 0.9187 0.942987 1.1295
1.20379 1.34152 0.923219 0.926914 0.928458 0.982157
1.17041 1.42833 1.02045 0.866125 0.947873 0.984692
1.14985 1.09746 0.919953 0.929494 0.968254 1.00488
1.15647 0.542819 1.06752 1.08385 1.04774 1.01929
1.01228 0.315754 1.44202 1.1334 1.18397 0.979423
end
gesture a08 hands 2
1.03243 0.520579 1.33518 1.07465 0.998949 1.02953
0.913295 0.711394 1.12639 0.998124 0.9702 1.06969
0.788454 1.18244 0.908924 0.961887 0.951328 1.09011
0.732197 1.41999 0.89265 0.977108 0.929493 1.03919
0.730833 1.58384 0.930483 0.969842 0.923176 1.05085
0.676508 1.41951 0.863644 0.962215 0.965907 1.05593
0.660823 0.947437 0.758887 0.949905 0.97059 1.09815
0.897395 1.0514 0.692185 0.973693 0.968917 1.06589
1.16862 1.43028 0.740086 0.997355 0.956854 0.992778
1.25217 1.48558 0.836886 0.928347 0.960198 1.01437
1.21581 1.0671 0.82162 0.865515 0.979719 0.999381
1.08019 0.586172 1.24532 0.92542 0.979363 0.987062
1.00958 0.59593 1.31025 0.982784 0.951274 1.04463
end
gesture a08 hands 2
0.994522 0.592264 1.32616 0.991038 0.913092 1.12593
0.847541 1.01497 0.881834 0.972946 0.902044 1.07539
0.707385 1.46686 0.872004 0.969782 0.894264 1.09362
0.744027 1.61163 0.983549 0.985695 0.899617 1.13616
0.66051 1.43304 0.909018 0.980328 0.949622 1.05101
0.646201 0.948698 0.829091 0.963818 0.963117 1.08103
0.745806 0.902361 0.802923 0.953221 0.977721 1.06188
1.19663 1.4701 0.736997 0.954615 0.992037 0.933663
1.24326 1.5396 0.789227 0.866996 1.0425 0.925256
1.23687 1.31922 0.785593 0.892016 1.03767 0.965551
1.19922 0.895863 0.919577 0.982689 1.04749 0.988119
1.03723 0.567264 1.34117 1.00593 1.05207 0.956756
1.00722 0.577833 1.33108 0.994033 0.921578 1.14186
end
gesture a08 hands 2
0.983642 0.466853 1.3644 0.966889 0.96024 1.05156
0.935114 0.547361 1.15821 0.960581 0.977246 1.02895
0.848161 0.823176 0.969953 0.958862 1.02049 1.03509
0.740297 1.19424 0.965886 0.957292 1.01289 1.05686
0.704807 1.24423 0.969952 0.954484 1.02467 1.06646
0.831713 1.18852 0.866649 0.959891 0.961264 1.05604
1.01085 1.35074 0.768781 0.966875 0.942074 1.05939
1.19062 1.5068 0.804172 0.973909 0.947877 1.02298
1.13654 1.41644 0.81293 0.978052 0.947695 1.01501
1.11225 1.24553 0.841674 0.971694 0.946558 1.04271
1.06426 0.711973 1.02357 0.969643 0.938541 1.05207
1.01346 0.477404 1.31545 0.967527 0.958408 1.04018
0.992639 0.462268 1.38217 0.964786 0.954742 1.04767
end
gesture a08 hands 2
0.980347 0.483425 1.40746 0.966581 0.961941 1.04852
0.921692 0.58612 1.19208 0.967644 0.957132 1.05454
0.78733 0.918955 0.949064 0.969658 0.964416 1.03117
0.68442 1.19651 0.925155 0.965211 0.974676 1.03528
0.658588 1.26121 0.926978 0.947579 0.998124 1.0601
0.726836 1.17704 0.865118 0.950599 0.969085 1.0633
0.941974 1.30062 0.749093 0.954331 0.959438 1.05252
1.19499 1.49824 0.783364 0.967882 0.957762 1.01451
1.16469 1.22348 0.818018 0.970957 0.954734 1.02812
1.14869 0.788345 0.981491 0.960085 0.961333 1.04294
1.03672 0.503442 1.30369 0.971257 0.955361 1.04153
0.991674 0.471282 1.4083 0.967054 0.960215 1.06041
0.973674 0.474339 1.40636 0.962879 0.965744 1.03264
end
gesture a08 hands 2
1.02027 0.513402 1.39515 0.964833 0.97331 1.03797
0.977619 0.557802 1.24799 0.966115 0.979188 0.993213
0.822641 0.825521 0.996014 0.964881 0.976985 1.01607
0.707088 1.16539 0.950053 0.961352 0.989355 1.06897
0.63923 1.27454 0.969616 0.960736 0.993392 1.08104
0.611939 1.20877 0.975684 0.960051 0.979643 1.03813
0.840856 1.23907 0.77254 0.949767 0.966647 1.0352
1.06599 1.41315 0.713217 0.967305 0.947247 1.05609
1.17192 1.49808 0.730767 0.955443 0.912365 1.06141
1.15293 1.48405 0.712554 0.959156 0.912324 1.06603
1.1124 1.11605 0.788488 0.976003 0.953078 1.06191
1.09601 0.662309 1.08145 0.981499 0.961548 1.02789
1.0266 0.501729 1.38595 0.983016 0.960066 1.01842
end
gesture a08 hands 2
0.995857 0.56528 1.23534 0.949532 0.980594 1.02338
0.956466 0.597005 1.15758 0.945906 0.973894 1.02964
0.872063 0.803125 0.990096 0.958376 0.984597 1.01866
0.762845 1.18974 0.869563 0.946908 0.9735 1.0288
0.676561 1.44104 0.894667 0.964414 0.967654 1.03443
0.671336 1.04029 0.985284 0.98812 0.972349 1.02435
0.788913 1.09967 0.918698 0.984792 0.972119 1.0297
1.04635 1.40186 0.807829 0.951238 0.96744 1.0533
1.21583 1.59198 0.85073 0.951143 0.976642 1.03429
1.23036 1.48166 0.854774 0.992589 0.953137 1.04022
1.18034 0.932718 0.953686 0.974879 0.947575 1.07242
1.05827 0.556316 1.20804 0.94137 0.958125 1.07027
1.01294 0.537244 1.2756 0.939712 0.955356 1.05033
end
gesture a08 hands 2
1.01753 0.489401 1.32566 0.950348 0.954917 1.05519
0.922984 0.788538 0.973852 0.956002 0.962111 1.03574
0.79224 1.17483 0.877162 0.948856 0.959004 1.04392
0.72696 1.41186 0.944094 0.973886 0.969351 1.03266
0.670105 1.39554 0.966275 0.975142 0.976573 1.03346
0.724448 0.957322 0.985513 0.964441 0.963247 1.05215
0.77561 1.03397 0.942614 0.949883 0.984029 1.04041
1.1475 1.50338 0.855969 0.954801 0.962239 1.05259
1.21708 1.47058 0.855484 0.960796 0.96026 1.05309
1.25199 1.16758 0.807324 0.990345 0.967143 1.02507
1.23373 0.921297 0.877825 0.979003 0.952829 1.04544
1.08456 0.552456 1.18413 0.949188 0.955566 1.06814
1.01918 0.508756 1.28728 0.943037 0.962065 1.07344
end
gesture a08 hands 2
0.995606 0.540215 1.30832 0.950846 0.968136 1.02927
0.888022 0.846166 0.931538 0.948899 0.959647 1.04949
0.740114 1.19027 0.871152 0.967306 0.968597 1.03453
0.638817 1.34759 0.912155 0.971923 0.976346 1.03386
0.705465 1.08672 0.92667 0.954634 0.973948 1.0557
0.743597 0.977813 0.949328 0.96108 0.967136 1.05708
0.87529 1.06224 0.903599 0.985404 0.970259 1.02151
1.24753 1.48507 0.885007 0.957034 0.962712 1.0528
1.25474 1.41003 0.87442 0.967796 0.960309 1.05522
1.19472 0.953105 0.971845 0.984174 0.961659 1.02564
1.06334 0.570833 1.17865 0.959455 0.958984 1.05759
0.987803 0.522819 1.29357 0.953565 0.961621 1.058
0.994491 0.537679 1.30363 0.952963 0.976281 1.02682
end
gesture a08 hands 2
1.05096 0.656826 1.23929 0.950462 0.936494 1.04306
0.966629 0.839695 1.03426 0.961685 0.952102 1.025
0.884345 1.19173 0.904597 0.965444 0.96428 1.01483
0.837526 1.28376 0.893005 0.964379 0.949509 1.03451
0.786176 1.10383 0.897708 0.93142 0.939589 1.142
0.807328 1.0389 0.882292 0.927504 0.940048 1.1537
0.878044 1.15467 0.854419 0.923413 0.940258 1.13608
1.00668 1.4526 0.864353 0.923753 0.959119 1.05763
1.01519 1.47102 0.895911 0.956953 0.984877 0.990434
0.959991 1.21629 0.908469 0.970178 0.991797 0.976703
0.955207 0.850013 1.01591 0.970723 0.98724 0.990302
1.04671 0.641943 1.24331 0.946485 0.950973 1.0426
1.05095 0.635463 1.2659 0.937093 0.946876 1.05751
end
gesture a08 hands 2
1.03358 0.694079 1.28314 0.958281 0.94802 1.09895
0.975573 0.783658 1.10516 0.950513 0.946949 1.05422
0.912678 1.09192 0.931856 0.947592 0.948416 1.03597
0.876946 1.23354 0.901458 0.939802 0.950668 1.06572
0.838075 1.225 0.895305 0.957893 0.971641 1.04804
0.82247 1.03967 0.886252 0.959789 0.965653 1.05823
0.864937 1.08229 0.86075 0.938108 0.963047 1.09885
0.968538 1.37494 0.818463 0.989572 0.97437 0.981238
0.993184 1.46039 0.839977 0.983492 0.964562 1.00599
0.991635 1.47246 0.86455 0.949009 0.950323 1.04227
0.951845 1.17526 0.896753 0.954008 0.94893 1.04412
0.999523 0.741024 1.12103 0.961401 0.95625 1.00456
1.01363 0.71094 1.17439 0.967559 0.959416 1.00463
end
gesture a08 hands 2
1.05004 0.66186 1.22062 0.9455 0.94234 1.03284
1.0149 0.709291 1.17568 0.93064 0.936543 1.02808
0.956197 0.954585 1.01302 0.93081 0.938703 1.05152
0.861664 1.18773 0.962413 0.946174 0.962372 1.04365
0.817595 1.17942 0.962326 0.962063 0.95134 1.02637
0.825695 0.981569 0.970833 0.952645 0.940827 1.06432
0.879675 0.951575 0.953965 0.947402 0.942941 1.07889
0.937398 1.01084 0.908449 0.937926 0.941378 1.14575
1.01738 1.27337 0.887389 0.943375 0.961821 1.04137
1.03064 1.34651 0.906502 0.966268 0.967751 0.986701
0.979206 1.16987 0.939687 0.96716 0.960939 1.00626
0.981274 0.715471 1.16307 0.948534 0.938265 1.06997
1.01208 0.681667 1.25523 0.945643 0.936334 1.06501
end
gesture a08 hands 2
0.951722 0.489727 1.34066 0.963201 0.951795 1.07251
0.95794 0.661755 1.09516 0.966483 0.959622 1.04913
0.823073 1.07954 0.931369 0.962818 0.972428 1.0309
0.742564 1.32551 0.966335 0.968936 0.973788 1.04946
0.743717 1.27511 0.937931 0.968462 0.971465 1.0573
0.845978 0.973405 0.816675 0.965528 0.969476 1.04173
0.930306 1.03192 0.772147 0.966383 0.961971 1.048
1.03236 1.25982 0.797984 0.964575 0.961462 1.04288
1.14742 1.47954 0.993083 0.958165 0.974461 1.03348
1.13838 1.46633 1.00522 0.954833 0.97909 1.03698
1.10986 1.07398 0.887222 0.96162 0.957127 1.03226
1.09079 0.689054 1.01703 0.958134 0.951643 1.01988
0.945038 0.482219 1.35409 0.951565 0.94505 0.993809
end
gesture a08 hands 2
0.984212 0.518873 1.36335 0.936867 0.963479 1.00357
0.999838 0.639232 1.07104 0.942281 0.943512 1.0238
0.950251 0.795706 0.933274 0.946215 0.942004 1.02224
0.742747 1.32008 0.935813 0.955086 0.944508 1.03873
0.730517 1.3367 0.959333 0.974142 0.961374 1.06772
0.830177 1.03176 0.81405 0.974249 0.96294 1.06042
0.93284 1.15034 0.782596 0.960849 0.980173 1.05161
1.11221 1.47037 0.915247 0.954335 0.980669 1.05134
1.08892 1.41555 0.913933 0.954051 0.985338 1.03815
1.10526 0.995539 0.947285 0.964693 0.95772 1.03689
1.10358 0.612045 1.18491 0.966838 0.955409 1.06529
1.01309 0.522083 1.38197 0.966484 0.956124 1.06392
0.990334 0.514772 1.36211 0.952339 0.951806 1.02778
end
gesture a08 hands 2
0.98856 0.460908 1.40547 0.956811 0.97187 0.960998
0.838444 0.950272 0.93828 0.979346 0.958105 1.03877
0.728749 1.26786 1.0267 0.969997 0.954982 1.05958
0.724038 1.24435 1.01471 0.974696 0.968884 1.04749
0.844758 0.944676 0.86341 0.981207 0.958177 1.04398
0.936753 1.00643 0.841307 0.962607 0.974445 1.05031
1.09102 1.33216 0.91655 0.966609 1.00032 1.01669
0.809244 1.25632 1.01106 0.975261 0.982542 1.02823
0.926065 1.01299 0.866768 0.966339 0.994116 1.0395
1.18574 1.3468 0.932841 0.969347 0.967474 1.03785
1.13609 1.10845 0.927202 0.971461 0.963684 1.01975
1.13898 0.559833 1.18622 0.962624 0.960503 1.04633
0.985436 0.464889 1.40424 0.965622 0.956211 1.04008
end
gesture a08 hands 2
0.977378 0.598593 1.39415 0.95437 0.945597 1.06785
0.820357 0.925097 0.962596 0.949874 0.952581 1.07119
0.725137 1.25148 0.863394 0.966743 0.949289 1.05093
0.691726 1.33334 0.86406 0.965349 0.948602 1.05287
0.751452 0.835126 0.959355 0.979506 0.938457 1.04866
0.879478 0.817858 0.952918 0.971505 0.943041 1.05344
0.969543 0.948896 0.862193 0.964031 0.948319 1.05271
1.17086 1.35915 0.849354 0.950672 0.973835 1.04819
1.18554 1.47673 0.928283 0.951949 0.984235 1.03381
1.14145 1.15277 0.902518 0.9469 0.994629 1.03453
1.13719 1.04416 0.921928 0.945933 0.995099 1.03599
1.05313 0.673789 1.22198 0.955989 0.982461 1.03036
0.977855 0.599859 1.34904 0.95516 0.957511 1.03738
end
gesture a08 hands 2
0.963869 0.638071 1.31405 0.959951 0.964761 1.03445
0.83293 0.844963 1.00423 0.96808 0.949058 1.03679
0.709595 1.19913 0.840442 0.96686 0.954479 1.03448
0.668911 1.39602 0.86172 0.957268 0.962193 1.06924
0.661799 1.37717 0.858288 0.965085 0.954394 1.06508
0.691453 1.20278 0.843187 0.986668 0.940801 1.0416
0.814076 0.83925 0.910063 0.959142 0.953506 1.07247
1.0232 1.14515 0.801018 0.971693 0.968631 1.0481
1.21904 1.54922 0.875267 0.962681 0.975251 1.04674
1.24015 1.54807 0.903765 0.962667 0.998459 1.02435
1.24476 1.32425 0.847872 0.957497 0.997214 1.02874
1.12591 0.790087 1.04621 0.967505 0.967169 1.02396
0.970789 0.632552 1.31247 0.96333 0.952997 1.04087
end
gesture a08 hands 2
0.983005 0.589635 1.35513 0.964986 0.95497 1.03701
0.808439 0.88971 0.95564 0.963238 0.95858 1.03732
0.680814 1.40927 0.893781 0.97221 0.954029 1.04977
0.688949 1.19948 0.830363 0.960293 0.961456 1.07069
0.809007 0.793577 0.920674 0.959738 0.957073 1.08195
0.852763 0.716713 0.986176 0.975023 0.944205 1.04767
0.96642 0.896013 0.867041 0.968923 0.95421 1.0508
1.19254 1.34914 0.810514 0.959637 0.981943 1.04129
1.27921 1.56413 0.94662 0.958399 0.976902 1.0371
1.26316 1.28968 0.851734 0.961505 0.994473 1.01512
1.174 0.942964 0.933349 0.960561 0.991631 1.01762
1.03701 0.638916 1.2404 0.963134 0.972913 1.02509
0.984543 0.601439 1.32017 0.97185 0.950283 1.01808
end
gesture a08 hands 2
0.95038 0.417515 1.31321 0.975986 0.881928 1.05993
0.854472 0.796357 0.924068 0.977384 0.882181 1.07232
0.705193 1.30002 0.992575 0.927012 0.864274 1.00061
0.708959 1.05204 0.811878 0.800827 1.37573 0.896497
0.821702 1.05291 0.83562 0.831967 1.6213 0.969306
1.18435 1.40423 0.852721 0.942086 1.57838 1.05473
1.3591 1.63732 1.03776 0.984665 1.594 1.11635
1.35886 1.64645 1.0759 0.982958 1.46619 1.1154
1.25262 1.55089 0.979014 0.978779 0.983971 1.04386
1.15432 0.970906 0.90851 1.00026 0.87531 1.0042
1.10957 0.626448 0.975061 0.948601 0.842406 0.993245
1.00778 0.432329 1.23581 1.01625 0.870146 1.02532
0.967574 0.410211 1.32179 0.986031 0.881257 1.09568
end
gesture a08 hands 2
0.992178 0.368282 1.37267 0.972144 0.968848 1.06226
0.979162 0.398598 1.30268 0.963521 0.960347 1.05707
0.904812 0.561339 1.04289 0.959924 0.967221 1.08856
0.637976 1.19032 1.04072 0.943193 0.951213 1.05522
0.56539 1.25263 1.08513 0.948725 0.954717 1.03477
0.675026 0.82354 0.927566 0.959159 0.977 1.06943
0.75429 0.854537 0.879849 0.946759 0.969525 1.09834
1.01929 1.1717 0.810819 0.969258 0.952714 1.03958
1.36153 1.48776 0.959062 0.921007 0.922734 1.02029
1.42744 1.514 1.07785 0.937354 0.961216 0.984258
1.28817 1.33415 1.00214 0.960474 0.976621 0.987912
1.06911 0.687453 1.02713 0.995719 0.971299 1.01697
0.999157 0.386063 1.31167 0.928593 0.944298 1.04849
end
gesture a08 hands 2
0.979123 0.39191 1.38057 0.95905 0.962291 1.1047
0.876475 0.630337 1.01048 0.966194 0.985855 1.0248
0.743391 1.00821 0.931753 0.958887 0.959435 1.08745
0.609223 1.32395 0.9912 0.963176 0.946819 1.09049
0.573683 1.29477 0.953801 0.971715 0.948295 1.07079
0.641781 1.02255 0.860567 0.956573 0.947627 1.07415
0.717319 0.914785 0.840362 0.95357 0.976774 1.04354
0.952616 1.13277 0.770016 0.979261 0.955835 1.02473
1.19368 1.47816 0.877503 0.935091 0.945702 1.00192
1.34207 1.60748 1.05933 0.946755 0.969804 0.984396
1.20572 1.29962 0.965 0.967177 0.9759 0.991248
1.08231 0.563802 1.11047 0.983075 0.968594 1.03087
0.974191 0.399887 1.38984 0.959636 0.973994 1.03603
end
gesture a08 hands 2
0.976913 0.502562 1.26715 0.960025 0.955885 1.04369
0.901887 0.697591 1.00008 0.965214 0.955773 1.036
0.815441 1.09983 0.884344 0.956146 0.971548 1.03554
0.782935 1.45375 0.92665 0.959868 0.962227 1.04672
0.761097 1.44677 0.909167 0.971 0.943323 1.04835
0.807717 1.06856 0.774017 0.968433 0.956694 1.04314
0.926207 1.13443 0.804192 0.957939 0.979837 1.07206
1.15689 1.60747 1.15359 0.957392 0.97928 1.071
1.17954 1.55921 1.09221 0.96676 0.968316 1.01674
1.20345 1.24596 0.894914 0.966479 0.961717 1.01341
1.16922 0.818795 0.946727 0.968202 0.963011 1.03258
1.04736 0.559347 1.18564 0.966267 0.97505 1.07587
0.983506 0.5233 1.29395 0.964268 0.979631 1.08897
end
gesture a08 hands 2
0.970737 0.477931 1.34847 0.957922 0.969108 1.08726
0.831067 0.802101 1.003 0.961202 0.95085 1.05918
0.75558 1.2091 0.931783 0.962433 0.951226 1.05544
0.746056 1.38259 0.937195 0.959361 0.972804 1.03526
0.763281 1.26294 0.89643 0.959026 0.984235 1.03147
0.854989 0.947203 0.854881 0.954603 0.966419 1.05989
0.967679 0.88682 0.841661 0.94727 0.967162 1.06748
1.14203 1.48318 1.06347 0.9533 0.952735 1.05125
1.13691 1.47764 1.0589 0.952405 0.945148 1.04808
1.13721 1.26426 0.905201 0.965312 0.957202 1.01947
1.13148 0.911534 0.895708 0.960586 0.959288 1.05753
0.979289 0.479124 1.31098 0.963812 0.974702 1.07093
0.967148 0.46956 1.34806 0.966599 0.96985 1.07675
end
gesture a08 hands 2
0.969593 0.562275 1.27066 0.974339 0.97649 1.06088
0.919098 0.690091 1.04965 0.97078 0.97112 1.03423
0.815754 1.05899 0.849307 0.967072 0.961325 1.06173
0.74774 1.49063 0.883736 0.977387 0.969641 1.02135
0.747608 1.49006 0.858509 0.962165 0.965375 1.04577
0.808291 1.19933 0.747405 0.961427 0.973419 1.05621
0.911296 1.18262 0.761395 0.968755 0.960377 1.02239
1.15625 1.63478 1.04985 0.967843 0.963178 1.04201
1.16016 1.61665 1.02985 0.968181 0.962382 1.01286
1.22623 1.2745 0.824264 0.966872 0.968155 1.05594
1.1885 0.848258 0.921577 0.962062 0.974881 1.05887
0.970365 0.561774 1.26766 0.974705 0.971533 1.00959
0.969372 0.550644 1.24595 0.978247 0.96967 1.00527
end
gesture a08 hands 2
1.05101 0.473915 1.25001 0.929293 0.934521 1.01242
0.997537 0.585518 1.12094 0.938921 0.936854 1.03852
0.908283 0.917535 0.983188 0.946642 0.940283 1.052
0.849623 1.1735 1.00233 0.947304 0.956009 1.04661
0.819531 1.2185 1.01384 0.953575 0.960525 1.04983
0.823269 1.16488 0.988324 0.941807 0.954029 1.06094
0.875463 1.05634 0.90017 0.943137 0.949218 1.06469
0.926046 1.16423 0.900569 0.949783 0.954128 1.07373
1.01335 1.4517 1.02453 0.957658 0.957472 1.0621
1.02725 1.46297 1.06359 0.962998 0.956044 1.05953
1.01453 1.12117 0.941528 0.959205 0.946113 1.07758
1.05321 0.656364 1.05396 0.937694 0.94727 1.11539
1.0534 0.489044 1.3219 0.930216 0.952004 1.14165
end
gesture a08 hands 2
1.01473 0.55888 1.28425 0.928649 0.950421 1.12949
0.927398 0.737396 1.03734 0.933185 0.957137 1.08298
0.820259 1.09681 0.967467 0.930946 0.95771 1.05394
0.793688 1.24418 0.994228 0.943475 0.955477 1.03129
0.837927 1.06687 0.915816 0.957973 0.945917 1.0437
0.886088 1.05409 0.869477 0.955738 0.951373 1.06557
0.934967 1.17444 0.861727 0.957898 0.950003 1.07023
1.00715 1.50685 0.998667 0.9503 0.950666 1.09492
1.031 1.56186 1.06241 0.947224 0.955606 1.06822
1.02653 1.24309 0.899887 0.957187 0.948764 1.04494
1.03119 0.744982 1.01647 0.958756 0.947759 1.03422
1.04048 0.592167 1.16789 0.955086 0.946912 1.0394
1.02529 0.559774 1.2788 0.929323 0.957807 1.11046
end
gesture a08 hands 2
1.01711 0.532984 1.25019 0.935026 0.960314 1.11971
0.949244 0.642494 1.07694 0.933235 0.959299 1.07211
0.829305 0.997529 0.931059 0.941664 0.958326 1.04993
0.793746 1.26972 0.965882 0.959217 0.953831 1.03366
0.792923 1.26411 0.958061 0.963602 0.951496 1.05243
0.825729 1.0406 0.868168 0.95934 0.960157 1.04902
0.861381 1.01434 0.833591 0.955958 0.952229 1.05756
0.900785 1.15646 0.83216 0.956638 0.956109 1.05657
1.00058 1.52965 0.953677 0.96368 0.960423 1.03353
1.05985 1.57024 1.07565 0.973481 0.95483 1.03173
1.08553 1.14735 0.90528 0.953528 0.962847 1.03954
1.08959 0.89752 0.929443 0.942225 0.959797 1.07258
1.00832 0.548373 1.29479 0.921778 0.971058 1.16497
end
gesture a09 hands 2
1.02704 0.520863 1.32114 0.992288 0.973092 1.02957
1.0885 0.8134 1.06162 0.984126 0.988665 0.965285
1.07957 1.23583 0.994343 0.973109 0.992991 0.994259
1.03166 1.40728 0.943759 0.948502 0.958029 1.11042
1.03575 0.975748 0.836586 0.96594 0.956561 1.0752
0.798756 0.821303 0.947408 0.923554 0.945897 1.09858
0.576255 1.06217 1.01474 0.928817 0.966365 1.11023
0.649653 1.42868 0.987191 0.927631 0.966985 1.08707
1.01157 1.34288 0.850758 0.920953 0.969943 1.03199
0.978207 1.03137 0.859197 0.923748 0.969762 1.01924
1.02827 0.957847 0.914387 0.972831 0.968922 1.00024
1.06898 0.54256 1.35788 0.990087 0.971438 1.00608
1.03506 0.519949 1.44687 0.982263 0.977726 1.05073
end
gesture a09 hands 2
1.00287 0.580512 1.38536 0.948441 0.968953 1.07259
1.12325 0.830724 1.06245 0.982295 0.967217 0.998569
1.08365 1.26091 0.962259 1.01355 0.976013 0.985679
1.03285 1.4734 0.882487 1.02854 0.971116 1.04535
1.07258 1.40858 0.803698 0.997724 0.997596 0.993333
1.09685 1.03055 0.786629 0.983572 0.994168 0.992435
0.982098 0.873696 0.848371 0.956662 0.977964 1.04476
0.647201 0.932288 0.923474 0.945056 0.957628 1.0782
0.536966 1.30547 0.929266 0.941762 0.97608 1.04629
0.932614 1.56751 0.83464 0.905646 0.968317 1.08637
1.0562 1.12094 0.797437 0.928794 0.96895 1.02692
1.0444 0.846042 0.937922 0.961357 0.960779 1.03044
1.00818 0.578465 1.36618 0.971973 0.959359 1.06952
end
gesture a09 hands 2
1.00094 0.649486 1.33508 0.968451 0.966678 1.10143
1.06371 0.746206 1.19555 1.03596 0.977871 1.02578
1.11246 1.11081 0.959293 1.04285 0.976943 1.02055
1.04352 1.5652 0.903919 0.986045 0.999029 0.990734
1.04144 1.50058 0.81422 0.928649 0.961516 1.10936
0.982201 1.15833 0.716523 0.911633 0.95875 1.0718
0.854796 1.02468 0.769921 0.888 0.966264 1.0385
0.491626 1.24097 0.879612 0.890726 0.968707 1.04277
0.678302 1.66449 0.824883 0.902014 0.972598 0.991663
0.924549 1.62384 0.755725 0.964807 0.967173 0.980947
1.05895 1.02401 0.80055 0.983462 0.977143 1.00794
1.00497 0.66443 1.30896 1.02917 0.990849 1.0037
1.03202 0.65227 1.22144 1.02594 0.982854 1.03671
end
gesture a09 hands 2
0.973561 0.62099 1.30512 0.971027 0.908425 1.07193
0.95895 0.619419 1.23741 0.967431 0.902558 1.07749
1.0334 0.928145 0.937451 1.01661 0.967353 1.04538
1.04266 1.61041 0.883266 0.983714 0.953498 1.06934
1.10201 1.5599 0.852631 0.977412 0.932148 1.03796
1.17446 1.23281 0.731873 1.00578 1.00917 1.04376
0.890402 0.92669 0.744365 0.964468 0.991609 1.01645
0.479333 1.25648 0.844816 1.03454 0.984642 1.01013
0.772363 1.66488 0.903119 1.02773 1.06107 0.987688
0.924083 1.66437 0.869162 0.984271 1.07961 0.922192
1.20751 1.23161 0.694655 0.958264 1.09274 0.917991
1.1286 1.22281 0.755422 0.864022 1.17038 0.937725
1.04748 0.600504 1.44258 0.949238 1.18869 0.92851
end
gesture a09 hands 2
1.05458 0.571005 1.44159 0.978568 1.14965 1.08891
1.04012 0.996342 0.9758 1.01298 0.948674 1.11021
1.06209 1.32912 0.822861 1.01096 0.900067 1.11254
1.07257 1.23073 0.795749 0.997734 0.934538 1.10016
0.882523 0.92393 0.768957 0.983471 0.950751 1.13753
0.677209 0.931646 0.798552 1.01387 0.940834 1.105
0.441361 1.2567 0.906346 1.00231 0.991076 0.970836
0.521177 1.44819 0.954773 0.913871 0.973445 0.954067
0.830507 1.61059 0.943432 0.823489 1.02628 0.971025
1.15157 1.14112 0.76821 0.824014 1.04942 0.954223
1.10827 1.21162 0.779208 0.952064 0.976821 1.03387
1.07198 0.591561 1.29014 1.00515 0.930051 1.09357
0.978185 0.558216 1.42944 0.998923 0.935609 1.09705
end
gesture a09 hands 2
0.985424 0.597548 1.37089 1.05213 0.943321 1.05793
1.03726 1.21711 0.87336 1.01827 0.938863 1.09299
1.07393 1.30401 0.817397 1.01516 0.92527 1.07528
0.963858 1.06626 0.766607 0.988445 1.0145 0.996564
0.634976 0.963288 0.863221 0.964329 1.01655 0.962224
0.528271 1.5164 1.00604 0.910503 1.00772 0.960797
1.0093 1.59656 0.92963 0.897261 0.994534 0.959345
1.17494 1.14918 0.807517 0.857435 0.987733 1.00571
1.09011 0.955516 0.771305 0.828153 0.980872 1.02977
1.06609 1.10163 0.727695 0.780937 1.04032 1.00687
1.09046 0.697201 1.12549 0.855073 1.01738 0.994542
1.03632 0.615468 1.45206 1.02152 0.942435 1.05926
0.998504 0.581635 1.35874 1.03973 0.907605 1.10149
end
gesture a09 hands 2
1.09716 0.569156 1.36765 0.987904 0.976356 0.999117
0.970551 1.0301 0.968445 0.984182 0.964532 1.03709
0.947045 1.31186 0.876648 0.994561 0.970619 1.0211
0.965309 1.21079 0.758883 0.969861 1.0206 0.994968
0.728964 1.10395 0.839664 0.966866 1.02458 0.993817
0.642449 1.17141 0.871293 0.973677 0.979076 1.04216
0.655296 1.5372 0.871014 0.965871 0.961828 1.0574
0.870067 1.58957 0.794808 0.940861 0.964229 1.02589
1.05391 1.28232 0.727198 0.971702 0.983469 1.03182
0.939232 1.13141 0.747798 0.951667 0.991307 1.05847
1.03947 1.00431 0.785561 0.977596 0.977278 1.02693
1.13131 0.604717 1.24015 0.985557 0.948987 1.05431
1.09576 0.58247 1.3905 0.988995 0.938203 1.02956
end
gesture a09 hands 2
1.12158 0.567144 1.42255 0.99778 0.93376 1.04542
1.0868 0.604008 1.26412 0.986686 0.967968 1.03739
0.994516 0.861452 0.994519 0.969764 0.969141 1.01825
0.938801 1.10968 0.863079 0.970453 0.966597 1.04273
0.913254 1.12813 0.818345 0.952836 0.94504 1.02471
0.765346 1.08196 0.888483 0.954346 1.0096 1.00612
0.637824 1.27393 0.941705 0.962259 1.01592 1.04269
0.817575 1.61883 0.850636 0.965785 0.982123 1.05529
1.06546 1.35385 0.727876 0.961109 1.00185 1.05731
0.902472 1.09983 0.769516 0.965634 0.981013 1.00764
1.00826 1.03181 0.808858 0.955833 0.958577 1.04679
1.1512 0.574041 1.3001 0.998215 0.958027 1.03264
1.1135 0.580619 1.39671 0.985354 0.955929 1.04294
end
gesture a09 hands 2
1.11423 0.56025 1.4354 0.98212 0.956594 1.06661
1.08461 0.687177 1.1376 0.975771 0.963954 1.04629
1.04349 1.01239 0.922013 0.982512 0.94951 1.04881
0.960407 1.0868 0.856513 0.969492 0.97729 1.0215
0.811223 1.03827 0.920196 0.966601 0.979086 1.02172
0.618204 1.3492 0.945576 0.965921 0.958893 1.03151
0.772133 1.55134 0.874714 0.937281 0.934648 1.01046
0.929723 1.49023 0.816263 0.973074 0.948221 1.03396
1.03363 1.24142 0.767403 0.934332 1.04778 1.07256
0.957249 1.07405 0.789393 0.959463 0.987631 1.0408
1.05389 0.891531 0.893251 0.960284 0.969877 1.02416
1.12222 0.620932 1.18196 0.988444 0.959515 1.04962
1.11378 0.537457 1.44244 0.987736 0.96735 1.03442
end
gesture a09 hands 2
1.01488 0.697744 1.23064 0.966097 0.979125 1.01944
0.943708 0.797577 0.990877 0.962142 0.974301 1.02315
0.744517 1.0163 0.864158 0.972454 0.965071 1.03366
0.642977 1.17214 0.829981 0.967243 0.956806 1.05105
0.634056 1.52267 0.825389 0.993622 0.963073 1.02498
0.959219 1.77229 0.866677 1.00358 0.965832 1.01666
1.11176 1.73213 0.868477 0.990486 0.981734 1.01551
1.29902 1.48005 0.875841 0.953006 0.968536 1.02604
1.19429 1.12938 0.890722 0.953009 0.972414 1.02764
0.835457 0.973748 0.904195 0.961007 0.971019 1.05643
0.922599 0.970251 0.898908 0.964639 0.959579 1.05983
1.04402 0.704418 1.19551 0.954087 0.962456 1.04389
1.0196 0.692372 1.25554 0.958308 0.970016 1.04262
end
gesture a09 hands 2
1.0248 0.544283 1.36261 0.965719 0.963892 1.05061
1.12871 0.718315 1.0585 0.969748 0.958215 1.04867
1.10593 0.778065 0.96681 0.952144 0.961943 1.04423
0.714685 0.887038 0.948562 0.984229 0.970332 1.03224
0.560764 1.15543 0.937401 0.960376 0.974057 1.03319
0.691335 1.58411 0.977602 0.960703 0.968717 1.01323
1.06202 1.67622 1.01697 0.951716 0.968988 1.01581
1.28836 1.51872 1.01379 0.962122 0.965973 1.04791
1.33954 1.2037 1.00214 0.977151 0.968223 1.0405
0.884062 0.860005 0.974292 0.972326 0.974113 1.0425
0.814934 0.907281 0.955386 0.954047 0.971373 1.05997
1.01992 0.769122 1.00437 0.954855 0.970368 1.04861
1.07377 0.538477 1.28949 0.971859 0.956664 1.05721
end
gesture a09 hands 2
1.01223 0.639665 1.29625 0.972876 0.968462 1.02782
1.1375 0.919815 0.893493 0.987292 0.963545 1.0359
1.03659 0.96921 0.836748 0.983149 0.97312 1.02666
0.657889 1.0133 0.878762 0.964469 0.971052 1.03145
0.576888 1.15026 0.880092 0.982174 0.985942 1.03181
0.623782 1.61547 0.894346 0.966609 0.980105 1.03925
1.12899 1.75722 0.949874 0.98133 0.966353 1.03068
1.35313 1.16051 0.913441 0.958006 0.978935 1.01725
0.938329 0.914085 0.90332 0.962725 0.978547 1.03659
0.840122 0.964595 0.870961 0.955954 0.980012 1.04215
0.994644 0.874853 0.903946 0.978557 0.965805 1.04614
1.02895 0.644439 1.25958 0.963644 0.966542 1.03718
1.00077 0.645522 1.26735 0.983803 0.966195 1.01283
end
gesture a09 hands 2
1.05931 0.667465 1.20646 0.965188 0.945787 1.00626
1.01896 0.765062 1.09633 0.961821 0.947487 1.02113
0.935111 1.00458 0.982676 0.982188 0.974512 0.994822
0.913839 1.35599 0.922361 0.975243 0.989978 0.98075
0.980026 1.40278 0.904591 0.962389 0.985088 1.004
1.05966 1.32028 0.88589 0.950613 0.940794 1.07987
1.06816 0.931942 0.921067 0.942289 0.942853 1.11177
0.959584 0.823189 0.966786 0.937658 0.946858 1.08009
0.771218 0.933838 0.96672 0.931165 0.958811 1.05504
0.870814 1.32525 0.912512 0.938889 0.966996 1.08055
0.904089 1.30711 0.919006 0.945196 0.970245 1.08501
0.976452 0.811201 1.0921 0.951317 0.961552 1.0471
1.09289 0.663698 1.25541 0.954339 0.949004 1.02754
end
gesture a09 hands 2
1.09269 0.572782 1.26481 0.967911 0.933645 1.02517
1.02128 0.637129 1.19317 0.954618 0.933046 1.02725
0.924858 0.919918 1.04162 0.935774 0.948518 1.03937
0.950966 1.21131 0.988742 0.936544 0.959581 1.02716
1.02785 1.26456 0.980334 0.940875 0.942906 1.06846
1.13382 1.01698 0.966958 0.946938 0.936311 1.08929
0.960048 0.695313 1.05891 0.947684 0.943717 1.10734
0.84862 0.749187 1.06958 0.94007 0.949402 1.09556
0.769517 1.02292 1.02057 0.927792 0.955538 1.04738
0.888698 1.2172 0.977673 0.925993 0.954486 1.05525
0.932932 1.22427 0.969664 0.92779 0.951162 1.07648
0.917153 0.984633 1.0303 0.93721 0.940356 1.09327
1.01975 0.657533 1.14383 0.937858 0.93281 1.05275
end
gesture a09 hands 2
1.11776 0.634066 1.27353 0.952295 0.941345 1.02766
0.977534 0.843048 1.01796 0.971901 0.942425 1.01685
0.897037 1.05592 0.964249 0.955337 0.952428 1.03029
0.946167 1.34609 0.944522 0.958509 0.964939 1.02043
1.09479 1.22935 0.900298 0.95089 0.971936 1.05043
1.1062 1.02734 0.917916 0.941796 0.943663 1.06911
0.929575 0.76275 1.02093 0.942194 0.950342 1.08148
0.757639 0.908446 1.01717 0.946098 0.972912 1.02895
0.769648 1.05828 0.985872 0.947288 0.968353 1.07603
0.885951 1.28114 0.933601 0.944883 0.968334 1.08582
0.915871 1.28884 0.926674 0.956264 0.956244 1.06522
1.00612 0.749757 1.12891 0.951993 0.960146 1.06526
1.11693 0.630576 1.30619 0.959525 0.950018 1.02889
end
gesture a09 hands 2
1.00469 0.567849 1.35427 0.973583 0.961533 1.05572
1.1089 0.599087 1.25601 0.982547 0.95664 1.03811
1.04175 0.72491 1.01472 0.977845 0.957082 1.06385
0.749077 1.01782 0.911363 0.985356 0.95213 1.05571
0.657433 1.26382 0.957327 0.975577 0.96048 1.04278
0.682941 1.38708 0.967334 0.97937 0.952096 1.04509
0.962639 1.5854 0.964937 0.967889 0.970256 1.02925
1.18607 1.46558 0.932686 0.950991 0.978827 1.0357
1.24601 1.21842 0.875489 0.957638 0.968623 1.05218
1.00612 1.00409 0.820512 0.953886 1.00054 1.02903
0.759944 1.17233 0.873402 0.952926 0.997249 1.02655
1.16797 0.749739 1.05085 0.966818 0.96729 1.02421
1.11338 0.573982 1.37616 0.972496 0.966427 1.01139
end
gesture a09 hands 2
1.04862 0.649115 1.34435 0.966832 0.969435 1.03163
0.974384 0.916692 0.841335 0.969649 0.965773 0.994911
0.674604 1.21039 0.835636 0.978177 0.964518 0.992488
0.733498 1.54522 0.896216 0.965199 0.965127 0.976962
1.0718 1.61571 0.850602 0.951014 0.963131 1.00281
1.25223 1.28995 0.79671 0.969179 0.962633 1.06494
1.01976 1.0647 0.748953 0.994126 0.956412 1.05896
0.775784 1.14197 0.78609 0.97808 0.971912 1.03521
0.756362 1.19027 0.809093 0.970681 0.97544 1.0486
1.06116 0.962144 0.870019 0.964873 1.00791 1.03636
1.18223 0.729176 1.21844 0.969979 0.979849 1.02589
1.06353 0.662898 1.37717 0.984016 0.976043 1.03802
1.02182 0.660699 1.30769 0.989217 0.963531 0.978364
end
gesture a09 hands 2
1.01286 0.505548 1.38269 0.975849 0.958915 0.974089
0.820352 0.847471 0.990029 0.987801 0.960661 1.02759
0.743223 1.31157 0.978267 0.995191 0.959748 1.04213
1.05542 1.4942 0.982768 0.992844 0.959236 1.05597
1.20961 1.09908 0.862183 0.993167 0.968757 1.03372
0.746521 1.13856 0.87855 0.969166 0.983963 1.01781
0.956893 1.46622 0.941659 0.976101 0.965955 1.02546
1.20524 1.12931 0.859589 0.962171 0.99344 1.03632
0.859187 0.975799 0.83848 0.959535 0.979191 1.04374
0.775126 1.13039 0.854437 0.979582 0.980021 1.03884
1.2122 0.760924 1.04068 0.967933 1.00906 1.02267
1.26708 0.585687 1.39536 1.00442 0.964477 1.01776
1.00461 0.508047 1.37563 0.962594 0.968141 0.977235
end
gesture a09 hands 2
1.06105 0.670058 1.3193 0.967187 0.945778 1.0395
0.957157 0.770563 1.074 0.955425 0.952378 1.05778
0.725921 1.02599 0.918049 0.960243 0.948898 1.05215
0.805011 1.57829 0.845951 0.977221 0.952652 1.04569
0.96455 1.62403 0.837152 0.9768 0.954912 1.04235
1.30653 1.43506 0.838209 0.950459 0.986918 1.03515
1.36361 1.20525 0.884526 0.950017 0.988666 1.03037
1.14048 0.859458 0.979119 0.951055 0.989778 1.05096
0.793972 0.925561 0.928264 0.967275 0.965499 1.0506
0.697548 1.20244 0.867046 0.948312 0.968628 1.06271
0.726352 1.19572 0.856222 0.962296 0.949709 1.04325
0.998171 0.770678 1.08921 0.959988 0.948106 1.04614
1.07428 0.673024 1.34534 0.957145 0.965496 1.02365
end
gesture a09 hands 2
1.06597 0.675433 1.36796 0.967253 0.954906 1.04159
0.982338 0.80037 0.993892 0.959722 0.950082 1.05306
0.719279 1.17698 0.753511 0.970305 0.951086 1.05147
0.755059 1.40417 0.755985 0.966842 0.947153 1.06436
1.05265 1.53974 0.764591 0.969657 0.958776 1.05146
1.35993 1.2385 0.892671 0.947523 0.995165 1.05231
1.35658 1.01131 0.991751 0.939312 0.990096 1.0582
1.20217 0.860475 1.05078 0.962504 0.976297 1.0337
0.82677 0.870772 1.00114 0.966134 0.968751 1.03708
0.695873 1.14802 0.906141 0.969332 0.94373 1.04789
0.739945 1.25713 0.886789 0.968364 0.945134 1.04678
1.07096 0.729157 1.20852 0.966039 0.960558 1.02926
1.08046 0.679955 1.37623 0.957477 0.964092 1.01931
end
gesture a09 hands 2
1.08283 0.708258 1.33321 0.962035 0.967929 1.02798
0.958472 0.865136 0.928072 0.979742 0.955519 1.03847
0.914504 0.969845 0.838085 0.976985 0.966922 1.0367
0.706733 1.29582 0.707064 0.982233 0.988396 1.03073
0.842758 1.54261 0.744909 0.97927 0.998604 1.03187
1.19727 1.55172 0.752587 0.958144 0.968893 1.05274
1.33783 1.10582 0.928391 0.950904 0.989387 1.05727
1.03226 0.867089 0.996136 0.974257 0.968557 1.02878
0.745568 1.05378 0.910994 0.969164 0.95531 1.04614
0.754723 1.22469 0.890299 0.968217 0.954456 1.04465
0.989191 0.863677 1.03233 0.959966 0.954202 1.05747
1.0826 0.712307 1.3118 0.964836 0.968097 1.03061
1.09203 0.717883 1.38922 0.964589 0.960262 1.03542
end
gesture a09 hands 2
1.01623 0.3881 1.42583 0.977628 0.981787 1.03621
1.01278 0.590011 1.08679 0.954015 0.966409 1.03049
0.926525 0.96813 0.96716 0.978048 0.987295 1.03337
0.88396 1.4066 1.05696 0.958743 1.00001 1.00028
1.01426 1.47037 0.925788 0.996567 0.96058 1.01232
1.27659 1.13376 0.825301 0.959853 0.951587 1.07051
1.0693 0.830887 0.8265 0.955868 0.960704 1.08938
0.750723 0.849925 0.907077 0.994263 0.967112 1.04811
0.5848 1.17284 0.932279 0.976195 0.966234 1.04849
0.843037 1.45127 0.901137 0.921645 0.941935 1.07527
1.06976 1.35956 0.834477 0.954779 0.947648 1.02164
1.11938 0.719964 1.01874 1.01472 0.956708 1.03948
1.06766 0.436127 1.27588 1.00418 0.962057 1.0673
end
gesture a09 hands 2
1.00836 0.365206 1.47335 0.981666 0.977655 1.02383
1.01666 0.668429 1.06394 0.971537 0.965085 1.0555
0.997428 1.05101 0.970877 0.986885 0.968223 1.0515
1.06843 1.40176 0.958484 0.967949 0.994798 1.02706
1.15527 1.35118 0.906133 0.969914 0.969221 1.06342
1.08 0.830021 0.790305 0.96321 0.959129 1.05953
0.730339 0.861235 0.911778 0.968488 0.9674 1.0339
0.610108 1.18618 0.993186 0.926228 0.952195 1.05293
0.73076 1.42847 0.979118 0.907318 0.949358 1.05443
1.03786 1.38265 0.83549 0.943363 0.973003 1.0253
1.01731 0.724055 0.993038 0.973305 0.945038 1.02282
1.02627 0.520784 1.11059 0.972558 0.948985 1.03064
1.02884 0.369614 1.51603 0.998196 0.951814 1.04999
end
gesture a09 hands 2
0.991822 0.418943 1.45075 1.01812 0.986722 1.03297
0.969534 0.434669 1.31299 0.987219 0.973863 1.0254
1.00865 0.721709 1.02174 0.99129 0.972158 1.046
1.03212 1.40904 0.977908 0.963214 0.987157 1.00967
1.07258 1.46627 0.955141 0.923407 0.969409 1.02099
1.18434 1.29422 0.841164 0.991268 0.956501 1.02294
1.03551 0.99505 0.808761 0.942498 0.953219 1.04453
0.655987 1.06727 0.963806 0.996987 0.980097 1.04112
0.713228 1.44629 0.955304 0.939666 0.959141 1.0545
1.01023 1.34761 0.804396 0.927514 0.960919 1.05652
1.10765 0.723951 0.981765 0.93379 0.96804 1.00744
1.1017 0.549314 1.10601 0.978445 0.977048 1.05123
1.00227 0.40755 1.46485 0.962838 0.956553 1.06719
end
gesture a09 hands 2
1.04263 0.476469 1.33529 0.972513 0.976679 1.02479
0.922419 0.761225 0.991982 0.963033 0.969235 1.04185
0.736955 1.32009 0.908327 0.98097 0.961362 1.02478
1.00824 1.45524 0.973438 0.989936 0.922043 1.00603
1.36739 1.16002 0.986516 0.977776 0.927644 1.01558
1.39054 1.0097 1.00731 0.957247 0.965411 1.0382
1.14736 0.659123 1.04269 0.954207 0.96755 1.03497
0.874319 0.705409 0.973785 0.960673 0.973078 1.06753
0.688056 1.23571 0.905174 0.967903 0.954025 1.06494
0.859058 1.44793 0.984358 0.960694 0.979981 1.06035
0.949183 1.21446 0.930113 0.972873 0.971784 1.03347
1.04316 0.782927 1.00364 0.965658 0.992864 1.04052
1.03555 0.489417 1.36947 0.964849 0.979178 1.06473
end
gesture a09 hands 2
1.05613 0.514823 1.39914 0.973355 0.972546 1.04644
0.930898 0.73153 1.00578 0.971643 0.962059 1.0248
0.783742 1.1643 0.857577 0.96726 0.951961 1.03326
0.774044 1.41304 0.899123 0.951245 0.98862 1.03849
1.17403 1.43668 0.963394 0.962195 0.957875 1.02943
1.41387 1.00305 1.02874 0.962723 0.956576 1.03357
1.21371 0.720614 1.05835 0.955555 0.974805 1.03817
0.941479 0.705849 0.979648 0.953206 0.972679 1.07207
0.747326 0.969141 0.890624 0.954098 0.974011 1.07483
0.786699 1.35903 0.955599 0.974128 0.954259 1.04934
0.820384 1.3804 0.970011 0.96757 0.962027 1.03835
1.03327 0.687568 1.07695 0.955306 0.975392 1.06223
1.04122 0.511179 1.34551 0.967948 0.972653 1.06939
end
gesture a09 hands 2
1.03747 0.507642 1.36488 0.971167 0.967592 1.06882
0.928262 0.724332 0.988988 0.971318 0.963518 1.04232
0.760132 1.25786 0.865287 0.968751 0.96147 1.05073
1.03908 1.50778 0.994057 0.979231 0.953125 1.02883
1.37981 1.28731 1.01746 0.976319 0.953107 1.02841
1.2043 0.693388 1.05678 0.957265 0.98604 1.03204
1.05797 0.656181 1.02475 0.955481 1.00081 1.03151
0.795235 0.811541 0.898415 0.966156 0.990421 1.02967
0.693174 1.13754 0.855142 0.968254 0.946284 1.02378
0.803452 1.40775 0.939846 0.957197 0.972929 1.02158
0.891102 1.19661 0.924188 0.970023 0.977263 1.06552
1.0269 0.742543 1.02077 0.961198 0.977416 1.04006
1.07634 0.560233 1.15477 0.967448 0.964836 1.03795
end
gesture a09 hands 2
1.04845 0.587218 1.30883 0.956224 0.959232 1.0382
1.07801 0.729231 1.0293 0.956083 0.950087 1.06089
1.04292 0.787047 0.95746 0.959574 0.94775 1.06557
0.7859 1.10533 0.917547 0.950109 0.941632 1.08128
0.789572 1.42065 1.0029 0.956262 0.938719 1.07469
0.871279 1.51522 1.03378 0.961536 0.946267 1.05849
1.10663 1.42174 1.01012 0.951201 0.979408 1.05095
1.17669 1.28484 0.965518 0.94652 0.989169 1.05541
0.995699 1.09809 0.91451 0.950071 0.957407 1.06035
0.7653 1.15779 0.979403 0.946992 0.9505 1.05824
0.788903 1.11799 0.966743 0.947261 0.948866 1.05356
0.988684 0.697156 1.11296 0.942941 0.950018 1.06944
1.05023 0.601042 1.33802 0.946894 0.952592 1.06298
end
gesture a09 hands 2
1.06593 0.619477 1.33565 0.926427 0.958196 1.06628
0.913164 0.84962 0.882607 0.948393 0.957331 1.03753
0.752914 1.11738 0.864469 0.952988 0.957175 1.03039
0.765327 1.44236 0.968843 0.95644 0.951351 1.05434
0.860733 1.54449 1.0056 0.967126 0.952467 1.05706
1.10091 1.44623 0.959892 0.950855 0.978433 1.05902
1.13866 1.31865 0.897119 0.946622 0.981783 1.0599
1.04844 1.22941 0.863811 0.947805 0.957047 1.06404
0.820667 1.22125 0.913636 0.955002 0.953723 1.06768
0.80158 1.23864 0.935083 0.970609 0.950463 1.04052
0.938988 0.928891 0.943069 0.968536 0.951897 1.04647
1.05495 0.637858 1.19228 0.949446 0.946489 1.07194
1.07289 0.61763 1.28049 0.945332 0.949569 1.07578
end
gesture a09 hands 2
1.0486 0.635072 1.30184 0.938553 0.948328 1.07203
1.09179 0.667088 1.0977 0.956284 0.953766 1.05009
0.958622 0.794263 0.957117 0.955695 0.9522 1.04888
0.767393 1.1357 0.862543 0.947694 0.943655 1.05468
0.748478 1.32601 0.887357 0.961599 0.940388 1.09453
0.888916 1.5745 0.969814 0.963727 0.954736 1.05269
0.999615 1.55982 0.993284 0.958701 0.985821 1.04335
1.07985 1.30601 0.908434 0.952422 0.959675 1.04711
0.977997 1.21529 0.874945 0.947142 0.956022 1.05059
0.801464 1.23884 0.906596 0.943347 0.954229 1.07631
0.901883 0.966316 0.898618 0.947981 0.95403 1.04729
0.952999 0.797659 1.02761 0.945128 0.950574 1.05724
1.05108 0.618895 1.31038 0.940817 0.956478 1.05768
end
gesture a10 hands 2
0.861782 0.813698 1.09657 1.04103 0.832419 1.08272
1.17549 0.940724 1.26539 0.797419 0.91541 1.26042
1.2407 0.997972 1.30519 0.651307 1.04508 1.30722
1.3319 1.07627 1.20798 0.628452 1.0825 1.13359
1.27907 1.107 0.920424 0.741075 1.11799 0.845797
1.16301 1.12932 0.76843 0.88084 1.14708 0.731386
0.790531 1.20908 0.639705 1.14933 1.21611 0.621814
0.633365 1.25333 0.640585 1.20384 1.19149 0.653607
1.03249 0.992676 0.838701 1.01929 1.06032 0.761712
1.04779 0.87045 1.15757 0.912366 0.917672 1.00762
0.903386 0.847757 1.31272 0.987403 0.860188 1.25727
0.94344 0.841346 1.13909 1.05143 0.86794 1.23082
0.916541 0.825755 1.1153 1.08789 0.844352 1.122
end
gesture a10 hands 2
0.860493 0.791995 1.16799 1.11638 0.807901 1.12583
1.16074 0.882706 1.3709 0.920752 0.87346 1.34608
1.23822 0.94697 1.37684 0.831313 0.923281 1.37658
1.35072 1.1115 1.1079 0.67398 1.0386 1.29393
1.28434 1.14746 0.942909 0.632001 1.12465 1.0282
1.01363 1.18372 0.700272 0.801494 1.16856 0.746755
0.675143 1.1978 0.664914 1.07282 1.18525 0.651599
0.578776 1.19547 0.668329 1.14825 1.16472 0.638115
0.603233 1.1746 0.673811 0.987594 1.09826 0.702156
0.918407 1.01548 0.775522 0.836977 0.952099 0.927297
1.06394 0.882651 1.05301 0.829852 0.880029 1.07658
0.893138 0.792544 1.2896 0.968471 0.820143 1.27156
0.878755 0.795878 1.28074 1.0437 0.818099 1.24585
end
gesture a10 hands 2
0.937268 0.830473 1.2719 1.00254 0.844579 1.25725
0.971358 0.849501 1.11339 0.989981 0.862402 1.04729
0.931333 0.850722 1.09064 1.0463 0.860745 1.03323
1.20123 0.904412 1.37233 0.984889 0.85343 1.23241
1.3527 1.02271 1.29049 0.738107 0.948931 1.36666
1.37389 1.14532 1.00593 0.594071 1.0629 1.23059
1.13981 1.20844 0.74426 0.569091 1.11607 1.09432
0.950458 1.22193 0.68335 0.741914 1.1758 0.812782
0.695472 1.21807 0.691315 1.11775 1.19444 0.712862
0.699855 1.13922 0.738156 1.09124 1.0912 0.770527
1.01891 0.894382 0.994555 0.927853 0.924527 0.987155
0.962951 0.83941 1.2682 0.964287 0.86048 1.22526
0.950466 0.84702 1.27865 1.01116 0.876707 1.3764
end
gesture a10 hands 2
0.936076 0.746938 1.2997 1.04476 0.734516 1.27014
0.927643 0.74742 1.30014 0.843508 0.773991 1.21876
1.14283 0.797352 1.34037 0.748601 0.843129 1.15922
1.27266 0.921498 1.12183 0.746203 1.04133 0.908312
1.23414 1.01758 0.939413 0.961846 1.20823 0.700355
1.11664 1.11321 0.809093 1.10451 1.28269 0.714748
0.823473 1.26031 0.739897 1.07995 1.31286 0.790235
0.70927 1.31091 0.535841 0.936232 1.20585 0.805829
0.86172 1.22216 0.604742 0.79749 0.984491 0.988778
1.1821 0.960218 0.966959 0.78783 0.892117 1.12468
1.06973 0.796031 1.32046 0.912161 0.810363 1.27995
0.893283 0.761226 1.29271 1.03061 0.776768 1.243
0.897 0.762197 1.30423 1.02306 0.774889 1.25908
end
gesture a10 hands 2
0.969917 0.703114 1.27703 1.04486 0.667321 1.29613
1.14861 0.732479 1.31883 0.975038 0.69179 1.29607
1.36216 0.824808 1.26281 0.77701 0.729415 1.27596
1.38847 0.957711 1.0191 0.655789 0.865135 1.10178
1.10876 1.13234 0.775608 0.680857 0.950808 0.969167
0.951486 1.21198 0.739487 0.798425 1.0394 0.847913
0.865339 1.25246 0.720427 1.06136 1.16181 0.754247
0.76016 1.30395 0.606071 1.07896 1.22364 0.826734
0.701125 1.27865 0.660689 0.957427 1.30837 0.851579
0.633805 1.09146 0.875197 0.954767 1.326 0.846921
0.575423 1.0511 1.14587 0.947327 1.1169 0.961854
0.692769 0.978246 1.22361 1.00654 0.715622 1.23497
0.99883 0.727897 1.29283 1.04325 0.722024 1.26245
end
gesture a10 hands 2
0.909507 0.864079 1.16177 1.03723 0.876598 1.12652
0.891618 0.866399 1.15189 1.04296 0.846507 1.13239
1.08977 0.886382 1.24146 0.757099 0.915309 1.28388
1.39956 1.07352 1.20815 0.578029 1.04218 1.22748
1.42673 1.13392 1.07151 0.551664 1.09891 1.08896
1.19212 1.22513 0.720931 0.638555 1.14628 0.896171
0.746396 1.32378 0.576878 0.958711 1.24792 0.626232
0.714583 1.33773 0.555855 1.09245 1.38608 0.693376
0.87521 1.28038 0.59149 0.997413 1.26454 0.700961
1.08964 0.905336 1.03487 0.940778 1.09924 0.770089
0.903041 0.850812 1.16297 0.901786 0.933358 0.987794
0.987713 0.840192 1.20406 1.04496 0.852859 1.12931
0.891443 0.836436 1.16563 1.05425 0.841532 1.1538
end
gesture a10 hands 2
0.96585 0.638138 1.33245 1.02653 0.667203 1.30684
1.04827 0.657574 1.22948 0.968832 0.68643 1.22564
1.22636 0.82377 1.00827 0.796993 0.853075 1.04512
1.24185 1.2309 0.781756 0.726759 1.13939 0.86666
1.13864 1.31047 0.759763 0.839385 1.36297 0.751897
0.845694 1.38274 0.774793 0.935961 1.41127 0.727359
0.680904 1.38607 0.815766 1.09851 1.24729 0.835037
0.691854 1.36121 0.797346 1.12336 1.25138 0.81966
0.831175 1.34658 0.75846 0.98348 1.37288 0.75139
1.05615 1.2008 0.775856 0.885129 1.31323 0.777441
1.20387 0.90822 0.931386 0.748238 1.09265 0.915502
1.15902 0.673684 1.20275 0.862746 0.719269 1.19772
0.971166 0.637378 1.3609 1.01303 0.647552 1.35379
end
gesture a10 hands 2
0.971144 0.601498 1.41896 1.05816 0.594877 1.38489
1.13599 0.609566 1.33743 0.932109 0.615951 1.34748
1.35185 0.754702 1.12612 0.680667 0.7689 1.19958
1.38358 0.895344 1.00043 0.614954 1.08215 0.975678
1.29129 1.18511 0.79188 0.663078 1.22445 0.87798
0.877501 1.35509 0.743159 1.01045 1.35818 0.731765
0.666301 1.35296 0.783439 1.16491 1.31325 0.751482
0.764229 1.30124 0.791008 0.938648 1.26781 0.765069
0.995404 1.18071 0.827891 0.834803 1.1779 0.818087
1.15388 0.897955 0.925149 0.746889 0.890621 1.01991
1.12867 0.622423 1.20434 0.859557 0.639115 1.25375
0.987555 0.568572 1.39653 1.02547 0.563262 1.38424
0.96237 0.582864 1.4172 1.03172 0.5837 1.38518
end
gesture a10 hands 2
0.967145 0.655721 1.37294 0.997239 0.64346 1.37182
1.31676 0.75673 1.13836 0.943712 0.670084 1.33068
1.38045 1.01083 0.885373 0.704238 0.756996 1.21961
1.32839 1.14781 0.773447 0.624465 0.878007 1.11023
1.22331 1.25214 0.712658 0.622016 1.14407 0.876571
0.904522 1.36319 0.696666 0.827955 1.31873 0.717334
0.656567 1.40348 0.723122 0.951735 1.36025 0.678517
0.677285 1.36126 0.791794 1.12827 1.37392 0.712102
0.80846 1.29624 0.760081 1.14841 1.3722 0.717456
0.983312 1.08638 0.808348 1.12242 1.38201 0.652197
1.04735 0.93938 0.893538 0.97564 1.20631 0.799617
1.04834 0.706105 1.17706 0.981635 0.710382 1.19169
0.976498 0.669819 1.37688 1.02654 0.677635 1.35472
end
gesture a10 hands 2
0.868234 0.852146 1.18174 1.04259 0.86411 1.17658
1.18578 0.919668 1.14253 0.685675 0.954311 1.15765
1.34117 1.02848 1.09937 0.638126 1.03186 1.023
1.33538 1.06256 1.02759 0.692989 1.05762 0.915486
1.27047 1.07793 0.922799 0.818068 1.07879 0.816548
0.970006 1.13525 0.772029 1.07696 1.15529 0.705997
0.708022 1.20085 0.728135 1.18464 1.19768 0.687872
0.746 1.19438 0.718159 1.15556 1.2043 0.68309
0.936797 1.11721 0.756154 0.962902 1.10391 0.767684
1.03742 1.05473 0.822196 0.870362 1.02041 0.869547
1.08761 0.979899 0.936481 0.841102 0.903045 1.1191
1.04288 0.857304 1.17283 0.896043 0.863872 1.2124
0.922501 0.837674 1.23817 1.0182 0.853008 1.22555
end
gesture a10 hands 2
0.928768 0.841048 1.25544 1.00846 0.867369 1.21099
1.06634 0.859487 1.20719 0.958455 0.856866 1.23877
1.24436 0.941277 1.13505 0.79539 0.885618 1.18528
1.24289 1.03088 0.965317 0.684529 0.962202 1.06101
1.02701 1.09146 0.790927 0.771414 1.03342 0.86273
0.747557 1.15908 0.734423 1.10413 1.14188 0.710525
0.702159 1.16652 0.741951 1.15522 1.17041 0.707977
0.795409 1.14781 0.746953 1.10407 1.15038 0.720719
0.967887 1.04724 0.843899 0.934129 1.01311 0.87938
1.03414 0.98515 0.933956 0.872405 0.945508 0.994545
1.04534 0.920035 1.0475 0.910911 0.873344 1.20292
0.95752 0.83576 1.23177 1.00884 0.855014 1.29669
0.89544 0.846947 1.25815 1.02504 0.869567 1.26559
end
gesture a10 hands 2
0.945471 0.836502 1.3118 0.972552 0.862126 1.26798
1.03028 0.834594 1.26638 0.90309 0.842761 1.27685
1.20801 0.89846 1.17022 0.764591 0.883915 1.14515
1.2161 1.01403 0.965216 0.743644 0.935886 1.03137
1.13202 1.05902 0.871127 0.84331 1.04268 0.843537
0.837455 1.12921 0.821153 1.07455 1.12351 0.774444
0.738449 1.15445 0.818965 1.15477 1.14266 0.767203
0.72191 1.15413 0.810438 1.13 1.11484 0.769084
0.802195 1.0916 0.801996 0.896191 1.002 0.883753
1.03286 0.972838 0.928311 0.815826 0.90195 1.097
1.06549 0.875598 1.10672 0.833528 0.864486 1.19822
0.937617 0.81792 1.2663 0.979846 0.846689 1.30756
0.93014 0.831117 1.25378 0.975533 0.863703 1.24657
end
gesture a10 hands 2
1.03254 0.867196 1.09698 0.901158 0.88454 1.12735
1.01559 0.863899 1.11847 0.899268 0.88118 1.13723
1.00546 0.880177 1.06224 0.895506 0.916973 1.06087
0.986509 1.02387 0.913778 0.943834 0.980898 0.957602
0.937997 1.07183 0.886231 0.996437 1.02634 0.913195
0.796372 1.12082 0.901606 1.12178 1.15899 0.867137
0.758032 1.14256 0.892466 1.14739 1.18577 0.858314
0.828537 1.13354 0.905132 1.12973 1.16909 0.856472
0.969827 1.03708 0.955795 1.01288 1.07215 0.894001
1.01073 0.987391 1.0112 0.943096 0.943814 1.02981
1.05053 0.881766 1.16431 0.915286 0.887209 1.12671
1.02624 0.855072 1.20402 0.9211 0.884682 1.15208
1.01253 0.852193 1.16632 0.890465 0.900449 1.11021
end
gesture a10 hands 2
1.01981 0.839065 1.16807 0.879329 0.861428 1.13115
1.0243 0.863652 1.11463 0.87372 0.880709 1.10614
0.994052 1.01009 0.928696 0.893501 0.905255 1.04852
0.894784 1.09477 0.867596 0.99038 1.01012 0.880967
0.808514 1.14184 0.849655 1.05807 1.07731 0.831456
0.735679 1.16626 0.856124 1.12417 1.15643 0.81412
0.734307 1.15237 0.85783 1.10247 1.12453 0.846139
0.762502 1.12507 0.870017 1.05514 1.064 0.902823
0.816062 1.06247 0.898013 0.984705 0.962308 1.02021
0.983235 0.905391 1.07191 0.860088 0.857075 1.22931
1.03917 0.85175 1.17389 0.83497 0.846626 1.27581
1.06105 0.834309 1.24147 0.834333 0.847467 1.29519
1.05128 0.825019 1.28161 0.841976 0.853949 1.28535
end
gesture a10 hands 2
1.03515 0.818524 1.18762 0.841019 0.856912 1.25429
1.04987 0.831862 1.1444 0.840727 0.838344 1.1639
1.03102 0.939815 0.97701 0.846495 0.861634 1.12276
0.997722 1.0121 0.909429 0.891483 0.936451 0.978265
0.92454 1.07469 0.87967 0.952742 0.999117 0.90667
0.833192 1.11228 0.883786 1.07604 1.11761 0.850549
0.762097 1.1237 0.907272 1.09921 1.13563 0.855234
0.739246 1.096 0.933559 1.09871 1.10182 0.892793
0.758661 1.07702 0.929943 0.98076 0.946375 1.00948
0.813036 1.02634 0.950546 0.910201 0.876466 1.10113
0.991811 0.876037 1.07953 0.86488 0.847127 1.18756
1.07853 0.813379 1.29652 0.833674 0.831094 1.26957
1.04914 0.801511 1.24793 0.865968 0.816926 1.22035
end
gesture a10 hands 2
0.845416 0.776143 1.21542 1.15427 0.730187 1.25854
1.18508 0.947956 1.09524 0.726194 0.946669 1.11268
0.731045 1.21073 0.711223 0.958303 1.12998 0.793296
0.684677 1.19708 0.694243 1.25063 1.13908 0.771864
0.981527 1.11071 0.807669 0.745421 1.11776 0.972304
1.28464 1.05754 1.246 0.630731 1.12453 1.0999
1.28406 1.04586 1.24862 0.697751 1.12156 0.992307
1.06017 1.06225 0.83614 1.23863 1.14882 0.779128
0.70806 1.19134 0.697454 1.23457 1.14584 0.765195
1.0466 1.1175 0.832596 0.798758 1.11778 0.923769
1.21276 1.00905 1.11402 0.705755 1.041 1.10224
0.942745 0.801609 1.19913 1.06406 0.749637 1.24711
0.832233 0.791104 1.1945 1.10448 0.743271 1.24142
end
gesture a10 hands 2
0.922836 0.759243 1.24127 1.03083 0.765308 1.18618
1.01124 0.779823 1.26729 0.995457 0.753212 1.25462
1.24682 0.952691 1.0472 0.741109 0.889876 1.14788
1.1194 1.14577 0.775807 0.950723 1.21183 0.740886
0.693991 1.2668 0.660274 1.2043 1.24026 0.69905
0.741023 1.22731 0.671116 0.79151 1.18834 0.870189
1.20475 1.15731 0.866692 0.734373 1.20144 0.903479
0.88936 1.20371 0.710393 1.07757 1.18053 0.784
0.744812 1.22005 0.69525 1.15326 1.18362 0.769283
1.07723 1.12858 0.835125 0.777746 1.07119 0.982585
1.24642 0.970433 1.1666 0.823627 0.844745 1.25682
1.07099 0.808484 1.32564 1.07825 0.755879 1.31157
0.93201 0.756719 1.27231 1.09247 0.742816 1.26331
end
gesture a10 hands 2
0.858417 0.65997 1.36234 1.15337 0.636074 1.34104
1.22646 0.857093 1.18664 0.748037 0.831566 1.24933
0.818076 1.13414 0.786864 0.750009 1.03136 1.02873
0.702532 1.11864 0.780201 1.03272 1.0901 0.825223
1.1238 1.08335 0.929887 0.882246 1.10699 0.915388
0.750481 1.08668 0.809483 1.22445 1.03212 0.861453
1.21449 0.987254 1.093 0.740704 1.03788 1.08826
1.15764 1.01915 1.00195 0.725989 1.05911 1.07366
0.71573 1.13189 0.804395 1.23843 1.0777 0.835848
0.812082 1.09248 0.81549 1.19668 1.05931 0.864174
1.23114 0.957002 1.19522 0.733703 0.992064 1.15124
1.25568 0.918162 1.30116 0.701988 0.942916 1.26157
0.980968 0.686131 1.41993 1.03044 0.632549 1.43283
end
gesture a10 hands 2
0.810277 0.611215 1.29357 1.16238 0.622503 1.25278
0.873646 0.630897 1.32158 0.945154 0.668225 1.31228
1.09373 0.707401 1.37617 0.743662 0.814631 1.27599
1.33463 0.950759 1.37672 0.663667 0.899068 1.23772
1.33842 1.1042 1.09901 0.608396 1.08165 1.08275
1.07823 1.22719 0.780754 0.650171 1.17063 0.956045
0.665225 1.25481 0.675226 0.943211 1.25012 0.748434
0.530826 1.281 0.692286 1.24337 1.26955 0.731679
0.683742 1.28659 0.686566 1.14715 1.31226 0.732315
0.937019 1.21603 0.728657 0.952555 1.26348 0.789145
1.11493 1.04112 0.893815 0.765666 1.08574 0.954116
1.12595 0.835023 1.10743 0.77845 0.846785 1.18112
0.972715 0.659609 1.2967 0.974105 0.659539 1.34464
end
gesture a10 hands 2
0.874811 0.668704 1.32251 1.0739 0.654695 1.29871
0.841997 0.668006 1.20623 1.13156 0.663804 1.1725
1.07905 0.733018 1.27059 0.922741 0.716504 1.25115
1.30579 0.938107 1.26644 0.680117 0.925747 1.24318
1.37199 1.16969 1.13493 0.584727 1.20442 1.11008
1.24752 1.31147 0.863734 0.691317 1.3625 0.8656
1.06667 1.34908 0.756039 1.01332 1.39141 0.673416
0.694056 1.35764 0.660047 1.26708 1.3059 0.716371
0.605096 1.34324 0.652893 0.929118 1.31869 0.721159
1.15666 1.22904 0.810948 0.730732 1.24408 0.854908
1.21903 1.14775 0.876042 0.672834 1.04933 1.04371
1.12682 0.818941 1.13021 0.80561 0.819495 1.18655
0.877423 0.675681 1.26006 1.04097 0.661073 1.2532
end
gesture a10 hands 2
0.855587 0.686125 1.27585 1.1202 0.691199 1.20785
0.94517 0.706181 1.24318 0.818191 0.827955 1.26228
1.17763 0.842491 1.25419 0.621526 1.03647 1.1925
1.3442 1.03919 1.18176 0.598913 1.15159 1.09336
1.321 1.27866 0.947395 0.683491 1.35682 0.842446
1.02431 1.39148 0.720947 1.00709 1.40531 0.661382
0.652042 1.39152 0.663426 1.22174 1.33909 0.682385
0.670486 1.36648 0.646998 1.07887 1.369 0.642819
0.999822 1.30224 0.69236 0.703246 1.22929 0.876022
1.22506 1.05872 0.917036 0.66513 1.13669 0.961834
0.972091 0.721234 1.20297 0.748328 0.925471 1.09987
0.866148 0.696806 1.25579 0.933242 0.767284 1.19397
0.869849 0.692897 1.25807 1.11687 0.711126 1.20641
end
gesture a10 hands 2
0.884437 0.709597 1.26866 1.06563 0.718812 1.20293
0.887106 0.731048 1.22392 1.0876 0.72905 1.20066
1.10038 0.78443 1.17301 0.922161 0.768727 1.1201
1.51586 1.17434 1.13265 0.586334 1.02817 1.16312
1.52711 1.28324 0.976455 0.460459 1.29842 1.14117
1.22499 1.43771 0.627153 0.511979 1.38427 0.961073
0.838407 1.46666 0.572016 0.707919 1.42386 0.723847
0.643818 1.45942 0.579697 1.15517 1.40925 0.620436
0.648214 1.38918 0.620005 1.23959 1.26344 0.649537
0.774567 0.937133 0.82167 1.17586 0.959258 0.798189
0.863123 0.729842 1.14672 1.06806 0.689696 1.24145
0.891484 0.735368 1.28333 1.05802 0.717075 1.28398
0.887153 0.734739 1.18711 1.08312 0.740634 1.14429
end
gesture a10 hands 2
0.877798 0.676934 1.25614 1.08503 0.69657 1.15142
0.899525 0.681638 1.23502 0.781979 0.747657 1.20516
1.06581 0.708349 1.20006 0.578598 0.972887 1.2326
1.46329 1.03204 1.17976 0.486355 1.17518 1.14577
1.51329 1.2299 1.01026 0.52745 1.36191 0.948679
1.32548 1.43675 0.739618 0.773724 1.49679 0.738118
0.946442 1.52078 0.634571 0.937423 1.52842 0.677621
0.620546 1.47144 0.6494 1.18364 1.44715 0.68556
0.626867 1.41163 0.655962 1.20248 1.21104 0.719605
0.678351 1.16214 0.740121 1.14899 0.861547 0.912493
0.779195 0.812503 0.977778 1.11465 0.736991 1.02313
0.887628 0.675847 1.34811 1.05536 0.630736 1.31066
0.862569 0.686973 1.24429 1.06326 0.663582 1.27491
end
gesture a10 hands 2
0.855381 0.628389 1.26092 1.03624 0.61988 1.22749
1.36096 0.850246 1.28189 0.959396 0.652247 1.25125
1.52053 1.14341 1.10837 0.718253 0.785381 1.24314
1.51827 1.29011 0.982157 0.535823 0.991081 1.22287
1.41249 1.38811 0.851691 0.479366 1.25523 1.06611
1.09938 1.50945 0.685008 0.64579 1.43953 0.845379
0.769063 1.4738 0.658655 0.945841 1.49309 0.727654
0.610125 1.39336 0.68247 1.23285 1.3564 0.677747
0.654371 1.23226 0.709805 1.20638 1.25797 0.68938
0.7528 0.893619 0.823781 1.10362 0.805729 0.915745
0.807557 0.741201 0.984615 1.0739 0.613971 1.22107
0.871745 0.616919 1.29971 1.07383 0.606787 1.37404
0.885855 0.643831 1.36506 1.07826 0.604082 1.33952
end
gesture a10 hands 2
0.855494 0.761552 1.25588 1.09971 0.753075 1.2169
0.866525 0.773866 1.24884 0.86617 0.83225 1.26995
1.01928 0.822137 1.28088 0.695341 0.986327 1.19147
1.26358 1.01432 1.18457 0.693455 1.1367 0.952601
1.23932 1.11461 0.953665 0.918091 1.21274 0.715234
0.98394 1.1815 0.706451 1.27888 1.23834 0.649916
0.692861 1.20278 0.654845 1.25162 1.21293 0.662008
0.619002 1.19669 0.658002 1.0533 1.14462 0.6825
0.798553 1.16064 0.675912 0.818258 1.10596 0.864068
1.08881 1.09697 0.822552 0.721233 0.989504 1.18038
1.20611 0.963135 1.1683 0.795014 0.897496 1.25945
1.18325 0.923745 1.23875 0.989114 0.785766 1.2601
0.843548 0.788384 1.25819 1.09715 0.784002 1.25282
end
gesture a10 hands 2
0.820924 0.727715 1.29117 1.11481 0.736402 1.24866
1.10757 0.833705 1.31078 0.88145 0.797405 1.29519
1.23261 0.951019 1.24079 0.723126 0.937641 1.24051
1.26486 1.01119 1.15842 0.677629 1.01481 1.15502
1.14075 1.15108 0.863336 0.795613 1.17151 0.844189
0.98952 1.20839 0.729848 0.947044 1.24303 0.702572
0.663091 1.25836 0.660649 1.12814 1.29611 0.632424
0.690824 1.24304 0.63761 1.1055 1.2731 0.659692
0.958532 1.19575 0.705075 0.924074 1.19815 0.734424
1.15033 1.10815 0.895426 0.74521 1.08846 0.95298
1.16065 0.918362 1.11997 0.77076 0.908732 1.18272
0.991901 0.762719 1.25109 0.955703 0.75497 1.29314
0.83519 0.743244 1.27916 1.12399 0.742455 1.24976
end
gesture a10 hands 2
0.833133 0.754146 1.28061 1.08714 0.755906 1.25756
0.879299 0.742022 1.28105 0.972148 0.751755 1.28058
1.06944 0.811248 1.30101 0.75367 0.875249 1.27647
1.27382 1.04341 1.09086 0.649325 1.06651 1.08325
1.08446 1.22726 0.779516 0.850706 1.25152 0.77397
0.895372 1.27749 0.719883 1.26954 1.31113 0.643066
0.660665 1.29368 0.714353 1.26467 1.29007 0.643606
0.676464 1.2899 0.697057 0.999082 1.20198 0.702946
0.774082 1.2514 0.687399 0.776822 1.11239 0.888407
1.02333 1.17838 0.751703 0.708887 0.982324 1.09428
1.20001 0.996976 1.02536 0.752071 0.905541 1.156
1.01822 0.766299 1.21344 0.907446 0.768723 1.24712
0.825775 0.722847 1.23421 1.06261 0.727303 1.26058
end
gesture a10 hands 2
0.929228 0.823731 1.22043 0.993907 0.821212 1.21116
1.17745 0.87424 1.14462 0.767123 0.8759 1.12193
1.2233 0.960728 1.03205 0.711837 0.965213 1.0139
1.08922 1.15812 0.798185 0.728164 1.06639 0.899303
0.778171 1.26211 0.754127 0.817377 1.15564 0.799407
0.693807 1.27722 0.758625 1.07957 1.22079 0.758034
0.727085 1.26918 0.751166 1.14574 1.22082 0.762467
0.906824 1.17819 0.778161 1.13572 1.22191 0.754588
1.07928 0.999173 0.927069 0.978786 1.20748 0.790222
1.09739 0.899962 1.04001 0.886469 1.12919 0.854516
0.978414 0.806046 1.22365 0.849857 0.905861 1.06748
0.934625 0.797527 1.26682 0.992833 0.805364 1.2934
0.940067 0.800753 1.2468 0.995109 0.810718 1.27207
end
gesture a10 hands 2
0.907388 0.73149 1.3022 0.99897 0.733745 1.30121
1.09817 0.767325 1.29325 0.828694 0.771081 1.29968
1.19924 0.830476 1.23448 0.722361 0.83345 1.22441
1.20228 0.932442 1.10105 0.701704 0.939682 1.09197
1.1101 1.0411 0.964127 0.758907 1.05147 0.941541
0.778618 1.18345 0.836998 0.875936 1.13345 0.839668
0.685077 1.20731 0.832733 1.01424 1.16456 0.813035
0.767634 1.16762 0.845213 1.15029 1.17611 0.831358
0.970005 1.01573 0.938885 0.970216 1.10239 0.880498
1.04135 0.898244 1.03962 0.85915 1.01648 0.951491
1.03533 0.815327 1.15253 0.828942 0.904293 1.06732
0.929948 0.732813 1.33488 0.86066 0.807649 1.18987
0.900774 0.728734 1.362 1.01009 0.740689 1.39528
end
gesture a10 hands 2
0.925948 0.787584 1.26313 0.987867 0.800115 1.28558
1.07164 0.782376 1.27296 0.876894 0.784934 1.293
1.15582 0.825425 1.20959 0.769737 0.82452 1.25377
1.19903 0.894063 1.10496 0.68999 0.898221 1.14961
1.16525 0.991911 0.958406 0.678842 1.00331 1.00311
1.02997 1.0982 0.873496 0.766495 1.09769 0.866461
0.84857 1.18789 0.831142 1.04988 1.20946 0.771309
0.717419 1.2452 0.818916 1.12318 1.21829 0.78248
0.682782 1.24719 0.799106 1.04559 1.16374 0.799908
0.825281 1.14358 0.80492 0.95935 1.05769 0.890589
1.00214 0.914466 1.0054 0.889187 0.920902 1.01931
1.02394 0.821743 1.15208 0.912965 0.813247 1.17503
0.974688 0.791591 1.34633 0.980796 0.785103 1.30899
end
gesture a11 hands 2
0.814918 0.469136 1.07673 1.05458 0.48863 1.03506
0.985745 0.512218 1.04593 1.02154 0.49323 1.05527
1.36981 0.943877 1.08361 0.744659 0.610259 1.1303
1.38152 1.15172 1.08299 0.525136 0.928439 1.14407
1.26305 1.47954 1.0491 0.554261 1.31945 1.09158
0.971115 1.64768 0.991519 0.978574 1.64739 0.980482
0.664289 1.65122 0.97343 1.28539 1.59109 0.967849
1.1427 1.5223 1.02046 1.15786 1.61229 0.939346
1.36608 1.22347 1.08044 0.92441 1.53738 0.914854
1.31288 0.758061 1.13818 0.691239 1.23838 0.963483
0.992501 0.510993 1.13964 0.699432 0.764703 1.09463
0.886937 0.479647 1.11329 1.10171 0.509463 1.14802
0.913619 0.471857 1.06537 1.06483 0.518881 1.02485
end
gesture a11 hands 2
0.905139 0.43813 1.03109 1.088 0.454115 1.08318
1.2382 0.657481 1.07339 0.780755 0.563494 1.06417
1.40266 1.03374 1.10382 0.557255 0.846347 1.04005
1.37031 1.22583 1.08196 0.554138 1.23251 1.01229
1.14861 1.5251 1.01191 0.775151 1.51929 1.00224
0.741701 1.63348 0.972708 1.16931 1.62457 1.03146
0.733996 1.60372 0.957144 1.24812 1.61876 1.02489
1.2123 1.43426 1.0458 0.771198 1.40439 0.896048
1.34062 0.990988 1.12985 0.660622 1.19896 0.925186
1.27203 0.739363 1.1585 0.675818 0.706773 1.07003
0.846951 0.464777 1.09145 0.972714 0.478936 1.14439
1.01087 0.47605 1.02716 0.982425 0.467073 1.03358
0.894011 0.439215 1.05714 1.09126 0.446862 1.05882
end
gesture a11 hands 2
0.814897 0.430483 1.06972 1.11837 0.445624 1.08671
1.18346 0.629655 1.08808 0.717162 0.594661 1.09828
1.32845 1.17088 1.09635 0.599667 0.739519 1.10363
1.03092 1.52894 0.980131 0.506133 1.09562 1.06571
0.685902 1.59613 0.944958 0.6665 1.41067 0.971753
0.685907 1.49276 0.95718 0.807185 1.51402 0.935467
1.06774 1.51569 1.02532 1.29498 1.59085 0.989785
1.28687 1.28953 1.09855 0.932408 1.5036 0.913878
1.33846 0.918794 1.15408 0.687699 1.2717 0.94106
1.11801 0.560773 1.14783 0.608524 0.905643 1.03961
0.862371 0.447169 1.10096 0.815539 0.563941 1.14618
0.975165 0.463574 0.974711 1.12186 0.466238 1.12703
0.870359 0.438398 0.999678 1.13854 0.460931 1.10142
end
gesture a11 hands 2
0.797112 0.510179 1.12785 1.1693 0.498319 1.07989
1.18384 0.666739 1.18009 0.986169 0.529438 1.12533
1.424 0.9974 1.17125 0.69241 0.697275 1.24476
1.39023 1.40459 1.03598 0.518238 1.07057 1.20314
1.28644 1.55435 0.962083 0.519892 1.27385 1.11411
0.736237 1.81583 0.885301 0.895271 1.70826 0.883078
0.66566 1.77883 0.926896 1.29211 1.7848 0.930875
0.799034 1.50893 0.988046 0.76161 1.49719 0.924753
1.19819 1.56176 0.884756 0.631542 1.01226 0.995057
1.34712 1.07112 0.963832 0.85771 0.636975 1.10125
1.11697 0.673504 1.06628 1.11743 0.517785 1.08088
0.805591 0.559729 1.06333 1.00377 0.507929 1.06258
0.886862 0.534598 1.06913 1.03598 0.490146 1.05912
end
gesture a11 hands 2
0.86586 0.516347 1.07677 1.07605 0.532349 1.06426
0.739485 0.543411 1.08049 1.15567 0.53734 1.09071
0.960315 0.537068 1.14029 0.923373 0.544413 1.09347
1.38597 0.89088 1.14626 0.585095 0.966291 1.15861
1.42556 1.14047 1.10112 0.554694 1.17855 1.11637
1.23356 1.58471 0.956905 0.694068 1.59981 0.962081
0.681471 1.7739 0.926951 1.17967 1.7246 0.919891
0.625546 1.76203 0.931369 1.16563 1.68714 0.928555
1.16349 1.57209 0.897947 0.758025 1.5611 0.887264
1.38414 1.16435 0.985767 0.614387 1.1103 0.977236
1.10204 0.623542 1.11757 0.93747 0.609783 1.14473
0.832567 0.536557 1.09623 1.14052 0.558294 1.10201
0.767631 0.523453 1.08921 1.15787 0.527694 1.09891
end
gesture a11 hands 2
0.704551 0.537256 1.0851 1.18589 0.522816 1.07222
1.06069 0.556448 1.21268 0.863781 0.555701 1.19097
1.33196 0.854204 1.21137 0.610753 0.913045 1.17656
1.36249 1.33134 1.07073 0.586895 1.38235 1.05989
1.03826 1.68211 0.932284 0.879186 1.73059 0.948456
0.579682 1.73187 0.930768 1.25176 1.66094 0.926178
0.851312 1.69045 0.89815 1.22106 1.66057 0.926417
1.18628 1.50494 0.899782 0.707223 1.43257 0.937608
1.36968 1.09421 1.01553 0.66213 0.959911 1.09037
1.18024 0.716503 1.14181 0.904447 0.625209 1.19855
0.758774 0.501564 1.13073 1.17155 0.556834 1.08675
0.959047 0.544896 0.996416 0.986814 0.567781 1.0434
0.808124 0.514796 0.999505 1.09452 0.580062 0.992567
end
gesture a11 hands 2
0.829772 0.480323 1.19755 1.10698 0.45423 1.1065
1.15072 0.557171 1.04008 1.14462 0.467841 1.09965
1.36822 0.942193 0.859194 0.823807 0.557675 1.06807
1.39545 1.17606 0.794799 0.55524 0.976667 1.03001
1.21828 1.54316 0.782493 0.520442 1.21914 1.02278
0.772762 1.7278 0.913491 0.948511 1.74148 0.933767
0.629536 1.74078 0.962587 1.23039 1.74578 0.888311
0.981392 1.75203 0.882162 0.945623 1.74719 0.950439
1.27386 1.56425 0.876666 0.626892 1.38899 1.05596
1.44558 1.16562 0.930125 0.622184 0.929498 1.08667
1.32113 0.700948 1.05814 0.710907 0.707728 1.09561
0.896308 0.457887 1.18498 1.10546 0.435665 1.11769
0.829657 0.481855 1.19748 1.09772 0.45679 1.10921
end
gesture a11 hands 2
0.86035 0.47999 1.20333 1.09201 0.461473 1.13206
0.982006 0.473046 1.16402 1.10579 0.460076 1.13118
1.26936 0.656629 1.00729 0.88533 0.531569 1.10013
1.42227 1.06089 0.843134 0.581154 0.841877 1.0326
1.3278 1.45428 0.773582 0.521318 1.06799 1.01056
0.950752 1.72927 0.840586 0.827566 1.70017 0.945943
0.671203 1.73467 0.942537 1.2062 1.74292 0.907931
0.705589 1.7318 0.942162 1.18039 1.69989 0.913194
0.940307 1.72594 0.880916 0.983592 1.74704 0.921456
1.36893 1.39156 0.837245 0.649584 1.40319 0.960104
1.37958 0.881865 0.936056 0.644198 0.915155 1.00747
0.941786 0.45323 1.17767 0.773828 0.671291 1.04886
0.857112 0.473451 1.20412 1.1269 0.466745 1.11233
end
gesture a11 hands 2
0.819931 0.397847 1.23295 1.10309 0.404197 1.14672
1.14321 0.479016 1.11335 1.09381 0.404266 1.14252
1.28911 0.618814 1.04401 0.817841 0.504086 1.10782
1.41782 1.03804 0.894284 0.566349 0.82736 1.06297
1.38752 1.24043 0.842811 0.536585 1.2569 0.995653
1.05079 1.63541 0.847093 0.740888 1.56826 0.951121
0.62567 1.69637 0.959705 0.86465 1.67534 0.948302
1.11807 1.5661 0.872023 1.23052 1.65609 0.914061
1.2774 1.44055 0.878665 0.673632 1.46288 0.975797
1.41087 0.98822 0.955559 0.59812 1.23631 1.00617
1.35578 0.743154 1.01771 0.673516 0.742679 1.06108
1.04751 0.437869 1.15248 0.981275 0.456508 1.12288
0.818801 0.415204 1.21755 1.12843 0.374406 1.11668
end
gesture a11 hands 2
0.820106 0.444156 1.14724 1.08463 0.443445 1.14187
1.12249 0.539973 1.14491 0.665433 0.758626 1.03857
1.26739 0.723885 1.09294 0.60196 1.23797 0.920613
1.35267 1.22251 0.959165 0.71308 1.4476 0.889783
1.06109 1.60224 0.901131 1.04052 1.73346 0.918379
0.591556 1.74946 0.959799 1.25258 1.72123 0.96292
0.628628 1.74513 0.943375 0.924587 1.69444 0.932171
1.15283 1.59207 0.925472 0.627825 1.42714 0.983838
1.36037 1.27491 0.998756 0.572298 0.991488 1.08818
1.33123 0.846133 1.08534 0.650354 0.775402 1.13945
1.08158 0.561871 1.1222 0.924845 0.529341 1.16866
0.825759 0.450236 1.10934 1.10324 0.463051 1.12804
0.825374 0.459756 1.10619 1.10013 0.472606 1.09523
end
gesture a11 hands 2
0.832584 0.460073 1.10408 1.08996 0.474462 1.07989
1.18465 0.626913 1.06255 0.735598 0.649674 1.03317
1.37973 1.07315 0.98511 0.555592 1.09238 0.929957
1.21866 1.50338 0.957255 0.873479 1.68925 0.942682
0.9207 1.70638 0.945474 1.17211 1.78231 0.977368
0.673697 1.74354 0.943673 1.22887 1.66744 0.970491
0.678305 1.72459 0.936831 0.845239 1.68346 0.941459
1.22927 1.53798 0.951994 0.683465 1.54171 0.971959
1.40424 1.14309 1.05209 0.540386 1.08019 1.08136
1.35641 0.912125 1.09988 0.629569 0.833859 1.14075
1.10957 0.577122 1.14225 0.932213 0.528654 1.16743
0.896577 0.474393 1.13569 1.09659 0.475359 1.11968
0.834923 0.469892 1.10879 1.09182 0.478555 1.14263
end
gesture a11 hands 2
0.819795 0.482886 1.15181 1.10935 0.49528 1.12148
0.948924 0.506386 1.135 0.964584 0.516307 1.10571
1.22875 0.689011 1.08808 0.666663 0.727387 1.05239
1.36165 1.11593 1.01179 0.583502 0.925395 1.01291
1.33496 1.33166 0.985105 0.607052 1.35924 0.942197
1.23239 1.49514 0.966 0.998589 1.73919 0.925646
0.957913 1.70107 0.930824 1.25908 1.74493 0.940419
0.658619 1.73735 0.90037 1.00261 1.71403 0.892343
1.20172 1.53524 0.892705 0.689293 1.51581 0.936932
1.31749 1.35905 0.933622 0.568013 1.06202 1.0547
1.3625 0.92185 1.03931 0.63147 0.818369 1.11776
0.996933 0.519203 1.12509 1.04646 0.481642 1.16439
0.833554 0.47871 1.14277 1.12455 0.484954 1.10696
end
gesture a11 hands 2
1.01381 0.526787 1.15292 0.908875 0.520962 1.16468
0.98534 0.521386 1.17994 0.935855 0.523265 1.16156
0.975131 0.5282 1.14743 0.936289 0.56895 1.09066
0.992014 0.645957 1 0.923995 0.641553 1.0063
0.959294 0.903546 0.905266 0.912271 0.884835 0.912679
0.976037 1.51605 0.953894 0.957703 1.20518 0.950221
1.05784 1.6103 0.987163 1.03699 1.4757 0.996975
1.0324 1.60343 0.997289 1.12974 1.55876 1.04239
0.952719 1.60008 1.01553 1.07449 1.56495 1.0115
0.82786 1.57415 1.03725 0.843762 1.61647 0.958733
0.780538 1.53107 1.01858 0.810111 1.59065 0.946753
0.784564 1.36342 0.972236 0.841811 1.41653 0.934313
0.85296 1.09484 0.906037 0.943494 1.10609 0.926929
end
gesture a11 hands 2
1.01714 0.375533 1.25811 0.935882 0.374996 1.24218
1.00571 0.381841 1.23676 0.939297 0.378862 1.22459
0.980512 0.463747 1.15198 0.916162 0.430504 1.15612
0.952384 0.574851 1.05747 0.88071 0.508707 1.08244
0.892124 0.868778 0.997638 0.809852 0.785771 1.01412
0.862233 1.11743 1.01269 0.777735 1.06961 1.01867
0.946021 1.34366 1.0214 0.884874 1.32324 1.05295
1.06369 1.37873 1.00583 1.01777 1.38337 1.08673
1.05259 1.38938 1.02655 1.03507 1.40432 1.07061
0.805912 1.35884 1.09367 0.829985 1.42099 0.998656
0.808258 1.31672 1.0719 0.850355 1.38714 1.00148
0.90517 0.766858 1.0566 0.898119 1.08405 1.02704
0.953695 0.479757 1.08478 0.953325 0.470954 1.1182
end
gesture a11 hands 2
0.959988 0.571969 1.14156 0.959272 0.562904 1.13325
0.947112 0.571839 1.14299 0.94755 0.565576 1.14538
0.882595 0.793123 1.08009 0.869104 0.698323 1.07597
0.904113 1.42855 0.964535 0.833147 1.32359 0.974577
1.0617 1.49916 0.943144 0.989897 1.51047 1.00738
1.16675 1.47748 0.909238 1.10329 1.54084 1.02774
1.1204 1.49865 0.932842 1.05078 1.55919 0.996943
0.856434 1.54352 1.0227 0.808491 1.57474 0.915218
0.835768 1.30507 0.988864 0.847969 1.34505 0.909629
0.852046 1.02234 0.973967 0.958248 0.750224 1.00805
0.905225 0.734012 1.01687 0.949341 0.627304 1.12158
0.967878 0.57219 1.16723 0.926583 0.557581 1.20887
0.952203 0.561397 1.15241 0.953528 0.559879 1.14653
end
gesture a11 hands 2
0.827241 0.31332 1.16567 1.13207 0.339161 1.06175
1.04826 0.512085 0.90565 1.1072 0.339844 1.11675
1.04186 0.907605 0.743725 0.960636 0.427162 0.980441
0.879267 1.2717 0.767954 0.84195 0.71904 0.826
0.724439 1.45581 0.903531 0.897738 1.10015 0.776409
1.11343 1.462 1.076 1.15003 1.42619 0.889454
1.08632 1.45442 1.04139 0.856724 1.41269 1.09124
0.829729 1.48361 0.962187 0.853088 1.4053 1.0655
0.802589 1.46952 0.97929 1.18098 1.46261 0.938957
1.27738 1.29245 1.1209 0.749443 1.34935 1.15285
1.3351 1.14831 1.08422 0.63355 1.18122 1.15928
1.25629 0.631641 1.10819 0.675831 0.661428 1.1764
1.00506 0.374023 1.19583 0.959476 0.363373 1.21894
end
gesture a11 hands 2
0.896031 0.288648 1.22174 1.01544 0.342966 1.04607
1.01949 0.617743 0.75471 1.09695 0.290488 1.11358
0.944604 0.844008 0.714985 0.988264 0.475871 0.907137
0.750825 1.28677 0.777644 1.08955 1.25038 0.812245
0.758939 1.45055 0.950684 1.15196 1.44113 0.975648
1.14376 1.40811 1.02436 0.918809 1.39542 1.03591
0.818733 1.44185 0.946022 1.13737 1.41675 0.937736
1.166 1.38288 1.00888 0.806006 1.34242 1.09514
0.711094 1.41857 0.937182 1.19776 1.38848 0.937128
1.23432 1.327 1.03546 0.784634 1.34815 1.09376
1.18844 0.450865 1.1753 0.626548 1.07912 1.09177
0.873101 0.304755 1.22784 1.06718 0.31092 1.17463
0.904418 0.286968 1.20639 1.07416 0.288965 1.15476
end
gesture a11 hands 2
0.863612 0.208893 1.22604 1.10865 0.19804 1.18962
0.933997 0.410542 0.834782 1.03783 0.54459 0.756702
0.739986 0.861757 0.72944 1.25725 1.19757 0.809435
0.699729 1.06966 0.767158 0.883017 1.32957 1.02124
1.12427 1.33522 1.01617 1.17951 1.30586 0.932498
0.745077 1.3563 0.942385 1.20472 1.31964 0.940061
1.18948 1.26963 0.997058 0.807982 1.27007 1.09679
0.733881 1.26925 0.914135 1.16627 1.29922 0.940529
1.16846 1.26018 1.04197 0.791438 1.25479 1.1081
1.01499 1.32346 0.970302 0.92262 1.35407 1.08505
1.3354 0.677575 1.12193 0.716588 0.476062 1.16158
0.972828 0.253893 1.20019 1.02287 0.258118 1.15789
0.889411 0.211118 1.22059 0.967638 0.259503 1.05278
end
gesture a11 hands 2
0.788248 0.58794 1.06379 1.14851 0.599009 1.06238
1.29087 0.892818 1.12388 0.676552 0.869294 1.07655
1.32796 1.01859 1.10176 0.586828 1.15011 1.05558
1.34052 1.34946 1.02155 0.660345 1.47947 1.01166
1.25839 1.50953 0.97226 0.921527 1.76446 0.888657
0.988013 1.75285 0.896526 1.23618 1.80855 0.851994
0.693438 1.82179 0.875731 1.31469 1.7878 0.860259
0.625368 1.81568 0.892987 0.985943 1.78717 0.897876
0.819264 1.79243 0.913373 0.711221 1.54745 0.96098
1.22308 1.53025 0.963872 0.632625 1.35685 1.00267
1.31828 1.15098 1.01709 0.649634 0.968675 1.08581
1.28373 0.954126 1.04451 0.866035 0.700412 1.13047
0.855015 0.574665 1.07492 1.08684 0.592298 1.12425
end
gesture a11 hands 2
0.779618 0.409803 1.11765 1.14125 0.422527 1.10385
1.13843 0.559806 1.08031 0.854483 0.521985 1.05232
1.25447 0.712416 1.10611 0.620647 0.875523 1.05568
1.34462 1.10648 1.09084 0.643948 1.29506 1.02264
1.28819 1.29752 1.04197 0.888511 1.59313 0.960703
0.719375 1.6613 0.934754 1.18692 1.67487 0.924704
0.698791 1.6315 0.918198 1.31693 1.59293 0.912248
1.10059 1.48155 0.983222 1.14151 1.67901 0.8796
1.20287 1.37948 1.00763 0.702923 1.404 1.01218
1.32827 1.05496 1.05564 0.586922 1.06095 1.11406
1.25124 0.724752 1.09401 0.610985 0.873219 1.14718
0.8571 0.43048 1.11866 1.12231 0.425038 1.14304
0.787722 0.413144 1.08324 1.13101 0.418828 1.07432
end
gesture a11 hands 2
0.801715 0.481015 1.10506 1.1444 0.491665 1.07989
1.09229 0.597184 1.05602 1.05161 0.506307 1.05746
1.29471 0.887949 1.06507 0.780875 0.685003 1.05428
1.26466 1.43785 1.05921 0.603764 1.05134 1.0863
1.01057 1.63941 0.948795 0.597156 1.23419 1.08777
0.70513 1.6725 0.912336 0.942587 1.68057 0.949252
0.629281 1.64013 0.925813 1.22286 1.67613 0.90935
1.04684 1.56773 0.951046 1.27498 1.62317 0.913926
1.3053 1.18487 1.00093 0.873932 1.61917 0.963052
1.28416 0.845946 1.04726 0.661908 1.36843 1.03107
1.20333 0.720535 1.06779 0.659678 0.84065 1.1216
0.829663 0.496917 1.12377 0.849558 0.608543 1.14874
0.800112 0.490118 1.1119 1.13874 0.500949 1.0683
end
gesture a11 hands 2
0.818086 0.203403 1.243 1.15541 0.201177 1.12295
1.46883 0.712809 1.1122 0.526386 0.868847 1.10698
1.49011 0.924703 1.09649 0.905963 1.4181 1.01856
0.703813 1.44633 0.941915 1.30812 1.39837 0.972857
0.72541 1.41503 0.95437 0.637193 1.25706 1.14718
1.42699 1.28393 1.10074 0.657054 1.30338 1.10411
1.22705 1.34522 0.940387 1.26599 1.27832 0.869046
0.513574 1.29941 0.920836 0.92816 1.40448 1.00671
0.587724 1.34284 0.914442 0.551967 1.13035 1.23429
1.44522 1.11105 1.04499 0.566727 1.15178 1.17795
0.642394 1.33075 0.875327 1.11281 1.356 0.892021
0.72031 0.803264 0.694486 1.36671 1.26857 0.893617
0.82379 0.248563 0.9581 1.06373 0.320657 0.835758
end
gesture a11 hands 2
0.820383 0.223902 1.29186 1.12202 0.121082 1.17584
1.48759 0.967439 1.1083 0.942486 0.169076 1.11318
0.825953 1.41761 0.914199 0.526898 0.668829 1.1094
0.858485 1.3796 0.887522 0.95049 1.38362 0.980712
1.47589 1.02066 1.10573 1.25867 1.32818 0.85993
1.46272 1.01608 1.08788 0.589877 1.16628 1.19643
0.885189 1.36732 0.847094 0.527474 1.05258 1.23951
0.824071 1.0586 1.04089 1.03809 1.31262 0.879678
1.06316 1.37791 0.919924 1.41698 1.19869 0.862598
1.50964 1.01787 1.13468 0.607723 1.17406 1.19842
0.565551 1.27268 0.92004 0.525133 1.03877 1.26783
0.549844 1.04222 0.821535 1.37268 1.24283 0.879863
0.719216 0.29675 0.986766 1.1664 0.360627 0.857146
end
gesture a11 hands 2
0.811968 0.22317 1.34468 1.1576 0.194627 1.2096
1.36415 0.620181 1.09607 0.514375 0.825339 1.12572
1.23298 1.2992 0.984574 0.62945 1.18563 1.10105
0.597258 1.39565 0.950142 1.31676 1.30464 0.875799
1.5348 0.949954 1.21865 1.21652 1.37799 0.889775
1.30718 1.21253 0.949102 0.539463 1.02846 1.2975
0.566685 1.29655 0.890279 1.27648 1.26111 0.819699
0.992188 1.3827 0.868789 0.602047 1.19027 1.26801
1.52231 1.00932 1.18161 0.516025 1.04188 1.24137
1.09403 1.34485 0.872271 1.2197 1.3437 0.870098
0.485292 1.23768 0.940541 1.32691 1.1759 0.844377
0.695569 0.597271 0.818919 1.16779 0.425228 0.853058
0.805219 0.240711 1.06109 1.12945 0.25027 0.960617
end
gesture a11 hands 2
0.77838 0.409108 1.14855 1.14563 0.390571 1.10947
1.1097 0.550384 1.17865 0.714758 0.672731 1.13025
1.30976 1.0018 1.1054 0.636603 1.03438 1.03813
1.25343 1.18198 1.058 0.694575 1.20421 1.0045
1.0256 1.44402 0.965291 1.11818 1.53001 0.952396
0.847685 1.50506 0.950329 0.865717 1.4609 1.04813
1.10873 1.42835 1.01586 0.875098 1.45614 1.037
0.804577 1.48326 0.909699 1.15109 1.47295 0.91624
0.764746 1.47981 0.88394 1.15011 1.4719 0.908641
1.02316 1.38695 0.896092 0.880592 1.39421 0.955428
1.21416 1.01771 0.941585 0.705255 1.03759 0.993746
1.08977 0.59706 1.04729 0.819059 0.614078 1.08473
0.839347 0.43593 1.16471 1.0883 0.408106 1.17414
end
gesture a11 hands 2
0.866125 0.363252 1.25785 1.11915 0.35504 1.22818
0.860897 0.355869 1.23082 0.629047 0.846948 1.11384
1.10189 0.441334 1.19047 0.74009 1.229 0.992587
1.32903 1.07014 1.0664 1.05279 1.43221 0.929284
0.901091 1.43404 0.987201 1.12072 1.44611 0.946326
0.782213 1.44869 0.974641 0.795362 1.36982 1.0343
1.15752 1.34185 1.00355 1.14965 1.43371 0.907194
0.759286 1.41347 0.914114 0.799391 1.3519 1.0319
1.1612 1.33125 0.979536 0.759404 1.32855 1.05177
0.840864 1.38599 0.879046 1.08212 1.38893 0.870692
1.00005 0.995849 0.738799 1.00176 1.20364 0.752498
1.03878 0.556879 0.932308 0.895822 0.765839 0.829261
0.900709 0.363033 1.20442 1.10172 0.355525 1.1995
end
gesture a11 hands 2
0.859551 0.321899 1.26247 1.12179 0.318214 1.24077
1.30343 0.984116 1.04317 0.670228 0.760363 1.09077
0.713843 1.38252 0.971128 0.874514 1.29136 0.941702
1.09926 1.29735 0.989475 1.24401 1.39635 0.935418
1.20643 1.23226 1.00967 1.1044 1.38819 0.958157
0.811812 1.37043 0.949726 0.750652 1.25767 1.07554
0.7102 1.36256 0.943111 0.80273 1.28523 1.03732
1.03766 1.31979 0.953746 1.12521 1.36793 0.912552
0.865546 1.32397 0.888425 0.855503 1.30283 0.990238
1.08522 1.16898 0.848725 1.043 1.32262 0.888241
1.21831 0.774004 0.915117 0.705943 0.796071 0.978125
1.01723 0.34894 1.16283 0.735073 0.596845 1.03691
0.883218 0.316227 1.25077 1.14348 0.280629 1.19189
end
gesture a11 hands 2
0.784905 0.447861 1.14308 1.15682 0.457196 1.17053
1.18987 0.654939 1.09969 0.778705 0.646754 1.1373
1.31114 1.13647 1.01169 0.612219 1.10819 1.06346
1.2093 1.33506 0.982767 0.813687 1.44745 0.962934
0.904707 1.54724 0.988599 0.965928 1.53013 0.926247
0.646935 1.53502 1.02857 1.22298 1.5413 0.884634
0.647167 1.52621 1.00948 1.22438 1.53892 0.894003
0.950425 1.53644 0.994748 0.785641 1.45917 0.988681
1.25853 1.35008 1.03483 0.596129 1.17744 1.04921
1.30276 1.04549 0.979729 0.610467 1.00174 1.0552
1.11107 0.640531 0.97415 0.807193 0.645282 1.07717
0.799028 0.411256 1.16879 1.13405 0.445621 1.19068
0.796064 0.408704 1.18329 1.13068 0.436287 1.20697
end
gesture a11 hands 2
0.806818 0.378351 1.18383 1.09841 0.411159 1.22719
1.00268 0.431112 1.14115 0.997938 0.445824 1.13863
1.30593 0.769374 1.05566 0.667483 0.74452 1.11538
1.23813 1.2735 0.984284 0.610926 0.988803 1.08666
1.08316 1.45158 0.968548 0.770142 1.4156 0.98787
0.589209 1.5108 1.02932 1.13262 1.53451 0.907997
0.555499 1.48627 1.02818 1.30294 1.50427 0.884314
0.863524 1.53118 0.97673 0.82844 1.49533 0.985194
1.22943 1.37828 1.0206 0.675188 1.38443 1.04664
1.34828 1.01807 1.02797 0.575665 0.9979 1.11233
1.26296 0.7757 1.02077 0.662579 0.748712 1.12917
0.942729 0.437255 1.09649 0.993911 0.431907 1.16922
0.798678 0.377366 1.17418 1.1389 0.390507 1.17726
end
gesture a11 hands 2
0.819034 0.434584 1.18102 1.11379 0.443225 1.19573
1.02879 0.483137 1.13597 0.817216 0.597199 1.14269
1.18855 0.641513 1.10397 0.58932 1.07817 1.05629
1.34155 1.13241 1.00635 0.653963 1.31748 1.00717
1.05031 1.50684 0.971753 0.963762 1.57855 0.937408
0.854335 1.59449 0.991757 1.23374 1.57209 0.893176
0.60449 1.54995 0.992721 1.26798 1.56176 0.880467
0.654955 1.53091 0.969045 1.16171 1.57259 0.892129
1.04234 1.49399 0.933906 0.81649 1.50398 0.943777
1.22841 1.33082 0.963125 0.674164 1.33486 0.995739
1.32473 1.08934 1.0075 0.603444 1.09449 1.054
1.30314 0.825438 1.05622 0.628303 0.825579 1.11969
0.897002 0.461678 1.1613 1.05372 0.458835 1.1709
end
gesture a12 hands 2
0.804165 0.705708 0.98015 0.916341 0.949136 1.11644
0.825882 0.709387 1.06107 0.908793 0.940624 1.13747
0.887745 0.786487 1.02291 0.921648 0.94807 1.10075
0.991853 1.00455 1.03074 0.904589 0.957891 1.0455
1.00784 1.15246 1.06798 0.936993 0.996686 0.977521
0.933653 1.44763 1.14924 1.04726 1.03528 0.949949
1.31493 1.56953 1.07811 1.02978 1.04498 0.970693
1.38498 1.57004 1.05651 0.970721 0.990954 1.01554
1.45266 1.44958 1.03799 1.14718 0.994842 0.902688
1.34789 1.1781 1.0155 1.16744 1.00477 0.898822
1.20948 1.0207 1.00665 0.973362 0.972462 1.00332
0.864369 0.777312 1.01161 0.90305 0.940532 1.1282
0.801991 0.741433 0.985198 0.877285 0.937899 1.11401
end
gesture a12 hands 2
0.755938 0.708294 0.988951 0.820067 0.897534 1.0926
0.764179 0.719588 1.06777 0.948678 0.89768 1.01723
1.00991 0.999468 1.07036 1.10873 0.961111 0.981424
1.04938 1.40384 1.18234 1.23993 1.07455 0.996734
1.13609 1.45864 1.17688 1.25946 1.14059 1.00934
1.32953 1.5217 1.15204 1.21643 1.13725 0.997832
1.36912 1.51241 1.13699 1.19134 1.09823 0.991145
1.38472 1.24273 1.05186 1.0601 1.01111 0.93949
1.30275 1.08833 1.03023 0.905958 0.942844 0.980556
1.0373 0.800633 1.02903 0.79016 0.909075 1.08262
0.799579 0.703271 0.999673 0.771334 0.899981 1.1313
0.781926 0.709401 0.943406 0.785852 0.894492 1.13002
0.690209 0.706287 0.956497 0.765789 0.889062 1.06354
end
gesture a12 hands 2
0.615773 0.561672 0.991681 0.778623 0.900667 1.11397
0.680268 0.57383 0.978059 0.784821 0.893928 1.15285
0.82448 0.732245 0.99466 0.790016 0.894764 1.15923
0.898606 0.854451 1.02126 0.823059 0.900784 1.13283
0.927633 1.12531 1.12057 0.890883 0.905956 1.0614
0.887459 1.25772 1.19384 0.936986 0.917178 1.01535
0.990944 1.31628 1.19228 1.04848 0.960235 0.972195
1.21277 1.36588 1.15119 1.11407 1.00476 0.986069
1.3056 1.3528 1.1114 1.08237 1.05121 1.01841
1.34683 1.26269 1.03323 1.0809 1.05231 1.01706
1.29364 1.04882 0.974945 1.03146 0.986417 1.00637
1.18466 0.872249 0.980156 0.917726 0.937799 1.05017
0.81964 0.593853 1.03332 0.855455 0.920023 1.12472
end
gesture a12 hands 2
0.963747 0.889919 1.01752 0.77192 0.473665 1.12503
0.919777 0.890781 0.993903 0.744535 0.514659 1.03988
0.941275 0.885677 1.08716 0.746332 0.524007 1.03624
1.03411 0.873731 1.05276 0.841818 0.630093 1.02107
1.02336 0.97218 1.12906 1.06493 0.812887 0.958264
0.997497 1.01323 1.07172 1.09197 0.828441 0.971879
1.21659 1.14216 1.0147 1.11715 1.00715 1.12498
1.21137 1.0825 1.03649 1.14196 1.13922 1.109
1.05169 0.966031 1.08015 1.08242 1.24621 1.00203
0.911477 0.981137 1.06 1.09598 1.2313 1.00029
0.743838 1.07976 0.998463 0.956864 1.08241 1.03313
0.824042 1.03117 1.07205 0.833849 1.11808 1.04532
0.849058 1.0039 1.08337 0.830537 1.09596 1.05756
end
gesture a12 hands 2
0.919648 0.982417 1.06458 0.79929 1.02081 0.983754
0.915922 1.00903 1.03293 0.820384 1.06773 1.02275
0.959603 1.04948 1.00599 0.850678 1.04111 1.05649
0.936915 0.978247 0.882427 0.905203 1.04565 1.0894
0.950134 0.913706 0.865171 0.982662 1.08397 1.04619
1.00551 0.89504 0.925821 1.11166 1.10759 1.02957
1.09322 0.945012 1.05733 1.27949 1.09407 1.03032
1.09366 0.968713 1.14338 1.35099 1.0669 1.05795
1.09595 0.980499 1.13123 1.35462 1.0046 1.07617
1.05472 0.97593 1.05388 1.22714 0.870634 1.11493
0.962579 0.92294 1.07029 1.15089 0.843166 1.13183
0.944346 0.901066 1.1101 1.05756 0.859853 1.13824
1.01206 0.92413 1.11973 1.00722 0.791907 1.03933
end
gesture a12 hands 2
0.910106 0.733295 1.03967 1.19682 1.05225 1.08664
0.734074 0.811584 0.994172 0.950819 0.99622 0.98215
0.696519 0.819113 0.980948 0.788276 0.780301 1.0341
0.753142 0.755716 1.00074 0.849625 0.741775 0.995718
0.921007 0.842052 1.16271 1.09533 0.925968 0.924081
0.98348 1.38232 1.17966 1.11008 1.20959 1.08223
1.12049 1.62884 1.15525 1.11845 1.31166 1.13333
1.25764 1.57785 1.12739 1.20683 1.40296 1.00353
1.55765 1.57017 1.0311 1.07396 1.28149 1.01891
1.57321 1.55662 1.01731 0.982057 0.92887 0.959054
1.44137 1.23956 0.921474 0.838771 0.795528 1.00627
0.986685 0.826975 1.04057 0.774972 0.686488 1.07873
0.814287 0.731785 1.06176 0.819679 0.680781 1.09154
end
gesture a12 hands 2
0.790957 0.516702 0.919581 0.664309 0.692583 1.23902
0.925502 0.568946 0.843658 0.779624 0.759504 1.09863
1.07564 0.702839 0.82997 0.899316 0.839025 1.02825
1.10997 0.702349 0.895583 1.18245 1.09138 0.933908
1.17473 1.01536 0.954196 1.29375 1.20997 0.929291
1.25399 1.21198 0.94783 1.33518 1.31196 0.948986
1.21731 1.25699 1.10103 1.31617 1.37922 0.984548
1.00728 1.23605 1.33177 1.24175 1.39147 1.06031
0.841264 1.26906 1.5209 1.16268 1.15441 1.06157
0.8136 1.32061 1.53387 1.08612 0.9785 0.995156
0.951882 1.41762 1.44037 0.767135 0.774087 1.04234
0.964744 1.46289 1.37235 0.706451 0.733776 1.11168
0.833769 1.53098 1.2842 0.675685 0.737615 1.19283
end
gesture a12 hands 2
0.747452 1.47728 1.19728 0.613392 0.68487 1.19058
0.663811 1.43869 1.11602 0.634892 0.549288 1.2141
0.765858 1.27324 0.980531 0.758943 0.738992 0.993001
0.827042 0.693518 0.93221 0.902712 0.878564 0.897837
0.814433 0.470889 0.974847 1.20218 1.18378 0.852696
0.877699 0.596007 0.950562 1.28162 1.46655 0.96568
0.834676 0.537186 1.05848 1.17633 1.39555 1.02485
1.23641 1.10746 1.11603 1.37669 1.41621 0.980489
1.58835 1.18303 1.02942 1.44226 1.37152 0.978533
1.53571 1.17122 1.01117 1.28292 1.18686 0.950824
1.22117 1.19055 1.04053 0.931163 0.849792 0.929346
0.865054 0.431153 1.03324 0.7695 0.728022 0.98721
0.762228 0.414607 0.963605 0.609987 0.65924 1.15419
end
gesture a12 hands 2
0.811589 0.478369 0.852591 0.64599 0.61737 1.18502
0.923494 0.620719 0.829988 0.598771 0.595148 1.21147
0.920417 0.607652 0.8528 0.756861 0.678509 0.999727
0.828191 0.526543 0.961977 0.873488 0.793859 0.917884
0.819397 0.58274 0.925704 1.14778 1.1099 0.875929
1.19936 1.07092 0.949067 1.42018 1.45849 0.935967
1.43156 1.26256 1.00255 1.27977 1.45454 0.96984
1.57795 1.29014 0.944828 1.46207 1.40237 0.942815
1.41597 1.29256 0.981623 1.37141 1.2646 0.942242
1.03795 1.2888 1.1824 1.05559 0.943285 0.896769
0.926614 1.23064 1.29938 0.887165 0.802249 0.939745
0.88525 1.47664 1.25247 0.614118 0.75205 1.15176
0.900806 1.31574 1.3209 0.645229 0.659427 1.1541
end
gesture a12 hands 2
0.882864 0.473251 0.774477 0.84631 0.976709 1.19805
0.760202 0.418666 0.88736 1.05943 1.05767 0.962179
0.875236 1.02234 0.837224 0.974146 0.996693 0.962772
1.03879 1.32655 0.79159 1.00231 0.941326 0.962314
1.10563 1.48741 1.01418 1.01462 0.980693 0.957541
1.02573 1.524 1.14957 0.954753 0.96931 1.08136
0.948378 1.29405 1.37228 0.986447 0.955233 1.06615
0.981766 1.17226 1.33383 0.974308 0.927978 1.08146
1.15247 1.00835 1.07192 1.00173 0.922744 1.0596
1.24784 0.910949 0.92119 0.91591 0.926891 1.11796
1.2556 0.910673 0.870915 0.963555 0.972136 0.981344
1.11195 0.77809 0.834126 0.959101 0.984214 0.977795
0.820178 0.491206 0.788486 0.86558 0.97958 1.04326
end
gesture a12 hands 2
0.916222 0.649046 0.996083 0.790017 0.939765 1.18384
0.889486 0.657063 0.964045 0.80875 0.956496 1.1298
0.880502 0.654968 1.04003 0.829144 0.954018 1.10058
0.889559 0.632119 1.10847 0.943151 0.949924 1.02859
0.68875 0.605913 1.19524 1.00392 0.951888 1.0133
0.713005 0.604111 1.18977 1.07625 0.955606 1.04839
1.00187 1.25385 1.04856 1.07356 0.948136 1.04423
1.1807 1.56578 0.989208 1.0539 0.960133 1.00209
1.33601 1.54991 1.00275 1.01192 0.9936 0.982399
1.28651 1.59584 0.996879 0.962487 0.971088 0.981871
1.18782 1.52957 0.995572 0.915377 0.954961 1.0257
1.05383 1.34725 1.01904 0.911881 0.955963 1.03233
1.11768 1.36113 1.0404 0.923271 0.974136 1.01157
end
gesture a12 hands 2
0.878563 0.621114 0.976474 0.789569 0.96088 1.15076
0.869117 0.655907 1.08862 0.809132 0.959788 1.12329
0.853963 0.635506 1.08319 0.862228 0.9565 1.0754
0.730216 0.628694 1.17966 0.900338 0.956341 1.04249
0.839864 0.965334 1.13174 1.00076 0.962681 1.00553
1.20486 1.60225 1.03023 1.10434 0.96836 1.02649
1.34187 1.55445 1.00245 1.11363 0.97037 1.0329
1.24447 1.57475 1.00604 1.11158 0.967295 1.03069
1.05763 1.41572 1.04736 1.07789 0.960072 1.00182
1.06163 1.34782 1.04011 0.989942 0.970257 0.984421
0.959273 0.86547 1.02592 0.958253 0.96656 0.997662
0.890378 0.614523 1.04279 0.828535 0.952248 1.12634
0.847809 0.605198 0.972681 0.808905 0.950242 1.15014
end
gesture a12 hands 2
0.791195 0.578614 1.13121 0.902768 0.895619 1.08715
0.796832 0.585394 1.11972 0.912996 0.897475 1.08049
0.791054 0.616151 1.08552 0.914285 0.899993 1.08169
0.795055 0.915338 1.01165 0.902943 0.913991 1.10152
0.942506 1.14608 1.02494 0.900568 0.92559 1.09772
1.10002 1.2655 1.052 0.905706 0.931643 1.08844
1.25502 1.35762 1.07048 0.91654 0.9425 1.06548
1.25866 1.3614 1.06164 0.921661 0.932122 1.06943
1.18275 1.31763 1.05745 0.913111 0.920763 1.08715
1.08756 1.25195 1.05765 0.920176 0.919845 1.09531
0.980923 1.1184 1.0482 0.914266 0.920075 1.09906
0.864865 0.718697 1.12179 0.921206 0.934284 1.0766
0.833578 0.589128 1.18871 0.930486 0.960153 1.0352
end
gesture a12 hands 2
0.8052 0.611609 1.17772 0.923189 0.909389 1.09232
0.781848 0.710838 1.04331 0.921667 0.921918 1.05935
0.785275 0.865236 1.0003 0.920775 0.926912 1.07168
1.06201 1.2853 1.01563 0.917893 0.957558 1.0454
1.1998 1.38091 1.02754 0.922002 0.958971 1.0332
1.23846 1.37733 1.02238 0.927339 0.934948 1.0848
1.2295 1.38238 1.00511 0.922787 0.927423 1.10605
1.18053 1.35115 1.0092 0.920817 0.927165 1.10457
1.06999 1.18295 1.00613 0.93411 0.933034 1.09613
0.871221 0.729589 1.08198 0.935509 0.945826 1.06857
0.843063 0.640088 1.14484 0.94748 0.949361 1.05164
0.83012 0.609666 1.17043 0.929157 0.936532 1.04978
0.829246 0.599572 1.15546 0.9193 0.92271 1.07027
end
gesture a12 hands 2
0.829411 0.630688 1.18922 0.921824 0.888623 1.10493
0.838622 0.636184 1.17834 0.906082 0.896389 1.09664
0.828485 0.67982 1.12208 0.905102 0.898588 1.09537
0.804668 0.738302 1.06633 0.902099 0.900778 1.09658
0.786509 0.831637 1.00614 0.916088 0.9072 1.10524
1.07558 1.24815 1.0167 0.915749 0.934232 1.06878
1.22742 1.42466 1.01842 0.905724 0.932888 1.0519
1.2021 1.43733 0.984907 0.885092 0.918207 1.09578
1.07745 1.2158 0.997031 0.899242 0.929005 1.09119
0.957576 0.982616 1.02513 0.946235 0.948979 1.06108
0.852017 0.727551 1.08368 0.939656 0.942112 1.06055
0.858359 0.651227 1.20074 0.92458 0.926197 1.06805
0.859168 0.63642 1.2374 0.913146 0.902049 1.0927
end
gesture a12 hands 2
0.785846 0.561352 0.981684 0.605162 0.698448 1.04767
0.84086 0.723291 0.908074 0.665701 0.675968 1.1451
0.795296 1.07928 0.903715 0.847484 0.796383 0.978869
0.78024 1.21987 1.01619 1.03245 1.31294 0.966975
1.25936 1.35671 1.05109 1.3895 1.41455 0.971716
1.00093 1.0592 0.901719 1.49268 1.41048 1.04402
1.00643 0.982267 1.18306 1.13552 1.11848 1.01426
0.963696 1.07658 1.17266 1.1175 1.26318 1.01891
1.36743 1.30778 1.06744 1.34165 1.34454 0.962019
1.02915 1.11071 1.0051 1.23222 1.05856 0.86268
0.957713 1.07647 1.16431 0.899372 0.837863 0.891172
1.00302 0.762251 1.0107 0.753605 0.686425 1.16384
0.784056 0.563077 0.976116 0.707057 0.682467 1.1229
end
gesture a12 hands 2
0.806122 0.649551 0.974863 0.655326 0.689595 1.08799
0.864512 1.07995 0.923503 0.955854 1.18231 0.990572
0.821503 1.26533 0.984969 1.37745 1.41968 0.987366
1.30759 1.38254 0.954896 1.43056 1.39544 0.991861
1.08424 1.17851 0.923723 1.33101 1.17133 0.99765
0.915867 0.930511 1.21421 1.08739 1.11636 1.02984
0.981012 0.889687 1.07478 1.0583 1.20594 1.0213
1.11861 1.216 1.0997 1.35465 1.37825 0.993947
1.38299 1.35321 1.03768 1.40754 1.37844 0.998104
1.11753 1.15942 0.988287 1.3046 1.09841 0.947338
0.924639 0.980707 1.28774 0.98863 0.859016 0.869609
0.894677 0.94302 1.2614 0.645952 0.692574 1.09244
0.813467 0.670858 0.960146 0.710082 0.693285 1.17413
end
gesture a12 hands 2
0.783757 0.710086 1.00777 0.765977 0.744774 1.17944
0.914406 1.04187 0.940125 0.808117 0.744625 1.05907
0.912921 0.994714 0.955375 0.909844 0.93031 0.995065
1.22347 1.41977 0.995552 1.26803 1.44207 0.986358
1.30268 1.39014 0.963313 1.5021 1.46473 0.995165
1.03103 1.13889 1.07095 1.45768 1.25751 1.01687
0.938284 1.02864 1.27589 1.20975 1.16994 1.00151
1.05704 1.1148 1.17986 0.998425 1.14473 0.855716
1.3683 1.38578 1.06859 0.826821 0.964653 0.84951
1.4105 1.37396 1.03211 0.73239 0.781043 1.06677
1.33509 1.17436 0.9898 0.796932 0.741274 1.18588
0.806991 0.722633 1.00498 0.746864 0.753885 1.03349
0.733517 0.684872 1.03009 0.760831 0.759204 1.01042
end
gesture a12 hands 2
0.827333 0.69253 1.07004 0.957109 0.939586 1.07105
0.88466 0.707669 1.05188 0.959158 0.93509 1.04359
0.846458 0.778963 1.01912 0.969967 0.93653 1.04584
0.842431 0.940199 0.990802 0.956512 0.935519 1.04627
0.889969 1.18239 1.00149 0.947892 0.928374 1.03206
1.03724 1.33398 1.03429 0.960774 0.928965 1.0408
1.29162 1.45048 1.03846 0.960763 0.943796 1.05808
1.38273 1.48683 1.04727 0.966365 0.972509 1.01777
1.34766 1.47232 1.01801 0.976153 0.97872 1.01263
1.19191 1.35592 0.970092 0.967624 1.00416 1.02612
0.992027 1.08016 0.961658 0.966724 1.02045 1.03943
0.911598 0.929383 0.987169 0.977823 0.991386 1.03304
0.872107 0.749866 1.12259 0.964284 0.969711 1.06077
end
gesture a12 hands 2
0.851851 0.666161 1.0993 0.966692 0.952468 1.04284
0.823143 0.612871 1.1165 0.950416 0.947967 1.07409
0.865004 0.627208 1.10931 0.9403 0.93514 1.05427
0.84884 0.853835 0.987526 0.95519 0.935295 1.04983
0.887239 1.12947 0.992885 0.976081 0.964879 1.01485
0.910216 1.23652 1.03357 0.981227 1.00202 1.00381
1.281 1.43097 1.00001 0.978992 0.996083 1.0091
1.35084 1.42842 1.00801 0.978235 1.01388 1.02559
1.23571 1.34427 0.9655 0.983283 1.02161 1.02601
0.966089 1.00817 0.906077 0.983132 0.987912 1.018
0.843744 0.818583 0.949385 0.97929 0.960235 1.03864
0.814542 0.674563 1.08569 0.968421 0.969978 1.04773
0.816524 0.636503 1.11231 0.955545 0.936021 1.07075
end
gesture a12 hands 2
0.847383 0.706877 1.1185 0.957583 0.949896 1.06499
0.878997 0.865102 0.988806 0.975992 0.947054 1.04808
0.93083 1.20677 0.926273 0.959336 0.950143 1.07497
1.03445 1.45179 1.03765 0.962841 0.953654 1.06911
1.23076 1.54361 1.01924 0.987639 0.99078 0.989087
1.3909 1.55976 1.01893 0.985108 1.01351 0.995003
1.31688 1.44191 0.920983 0.987945 0.986368 1.01109
1.17213 1.20891 0.890048 0.995178 1.01335 0.995417
1.09659 1.06426 0.906186 0.983666 0.992508 1.01299
0.965677 0.844827 0.966766 0.984478 0.990899 0.996817
0.888681 0.757213 1.03498 0.963534 0.975598 1.05636
0.841806 0.75266 1.02823 0.943001 0.975616 1.04109
0.851608 0.742155 1.04184 0.949254 0.976291 1.03917
end
gesture a12 hands 2
0.767743 0.692898 0.939571 0.632387 0.578979 1.03401
1.01627 1.10799 0.851764 0.830278 0.996216 0.917365
0.896642 0.858401 1.2458 0.995712 1.23291 0.98222
0.999277 0.886685 1.10472 1.47309 1.3459 1.07593
1.3155 1.50985 0.965722 1.445 1.27501 1.09516
1.15686 1.25564 0.937997 0.954743 1.06779 0.972441
0.961437 0.897128 1.28291 1.07987 1.2595 0.985979
0.948337 0.880468 1.32062 1.5819 1.29728 1.06548
1.05737 0.963068 1.2003 1.53181 1.26054 1.08711
1.33354 1.31531 1.0248 1.19001 1.13628 1.14509
1.33872 1.34896 0.968377 0.962218 0.881815 0.949366
0.854998 0.769729 1.07351 0.670298 0.60833 1.00403
0.729636 0.752051 1.00315 0.581299 0.613414 1.13125
end
gesture a12 hands 2
0.7277 0.780525 0.969207 0.555443 0.613407 1.16404
0.721699 0.681498 1.10949 0.771688 0.943562 0.89188
1.18554 1.25491 1.06374 0.930995 1.12659 0.991462
1.4139 1.48424 1.01125 1.32802 1.18907 1.12597
1.30849 1.31869 0.963394 1.10153 1.11128 1.07317
1.18484 1.14265 1.08383 1.02958 1.09556 1.01125
1.1169 1.04084 1.30364 1.11944 1.19909 1.01791
1.15901 1.03348 1.29059 1.59488 1.3286 1.07975
1.34069 1.36297 1.05553 1.6251 1.2229 1.08877
1.455 1.48882 0.957304 1.23354 1.12406 1.10714
1.12466 0.983985 0.907173 0.923779 0.95447 0.90569
0.793623 0.832224 1.02031 0.748518 0.832095 0.914585
0.714541 0.770994 0.960497 0.553944 0.625185 1.17025
end
gesture a12 hands 2
0.588199 0.695239 0.961802 0.508693 0.59692 1.14824
0.924908 1.04786 0.846186 0.898288 1.13766 0.913843
0.988205 1.14731 0.940772 1.46118 1.33278 1.00157
1.02282 0.898105 1.23766 1.49793 1.29335 1.0116
1.30192 1.37502 1.03126 1.06514 1.09878 0.97837
1.19067 1.08778 1.27442 1.07638 1.14619 0.941961
1.35368 1.31124 0.982594 1.60937 1.27127 1.028
1.12483 0.933413 1.20325 1.18589 1.17833 1.09042
1.34653 1.40479 1.06189 1.45878 1.31921 0.989532
1.42855 1.36384 1.04427 1.58206 1.1577 1.01337
1.12146 0.896002 0.868405 0.942986 0.991759 0.926619
0.663641 0.694672 1.02657 0.3923 0.5854 1.13866
0.59186 0.697524 0.924026 0.483891 0.553604 1.15066
end
gesture a12 hands 2
0.825207 0.593549 1.04859 0.918055 0.928449 1.13265
0.869518 0.65337 1.00797 0.932433 0.927348 1.13644
0.914697 0.887391 0.963546 0.937981 0.929525 1.12375
0.887752 1.13359 1.02157 0.948554 0.941278 1.08357
0.874084 1.19755 1.05283 0.952831 0.956178 1.05949
1.24634 1.31113 1.12228 0.968946 0.967654 1.02744
1.30439 1.32953 1.13928 0.958367 0.966213 1.0455
1.2579 1.31753 1.0825 0.945855 0.949978 1.04541
1.03862 1.21752 1.04392 0.956181 0.950922 1.04322
0.965201 1.13006 1.01954 0.957775 0.961123 1.03646
0.910889 0.861541 1.0148 0.947753 0.963966 1.04277
0.856452 0.650127 1.13823 0.936796 0.956728 1.05504
0.81876 0.583346 1.19156 0.9212 0.949335 1.08644
end
gesture a12 hands 2
0.778847 0.594236 1.16493 0.918079 0.945916 1.06714
0.817894 0.675612 1.06273 0.918901 0.933335 1.09813
0.87206 0.897775 0.982342 0.926812 0.939974 1.09611
0.878208 1.13574 1.00805 0.932068 0.946484 1.08077
0.870512 1.20968 1.03939 0.940873 0.96577 1.04019
0.908217 1.25086 1.04474 0.946065 0.972553 1.02988
1.14719 1.34911 1.03769 0.959451 0.968494 1.02769
1.301 1.3822 1.08842 0.976618 0.947778 1.0523
1.29962 1.33946 1.04406 0.972935 0.940364 1.07257
1.08962 1.06292 0.967208 0.962558 0.95315 1.06956
0.923434 0.727232 1.0554 0.956012 0.972691 1.05459
0.807832 0.619204 1.15434 0.94445 0.966787 1.0469
0.79681 0.616324 1.15868 0.939691 0.964492 1.03359
end
gesture a12 hands 2
0.751224 0.533066 1.18225 0.926584 0.953926 1.06243
0.80085 0.613211 1.07413 0.91892 0.944538 1.08371
0.878161 0.830467 0.990653 0.916808 0.939305 1.09635
0.846263 1.04662 1.02895 0.917344 0.946781 1.08734
0.779545 1.17316 1.11867 0.916629 0.961342 1.05618
0.810919 1.19767 1.11256 0.927816 0.957844 1.03737
1.08378 1.27859 1.07709 0.949468 0.953343 1.0281
1.20918 1.30564 1.08047 0.965873 0.95628 1.0384
1.2545 1.29443 1.08495 0.969505 0.951945 1.04234
1.26641 1.11474 1.0095 0.970709 0.945063 1.0594
1.14386 0.838301 1.00613 0.962546 0.936723 1.09115
1.01123 0.685748 1.05161 0.953414 0.93148 1.10491
0.831052 0.528091 1.12367 0.946719 0.939576 1.10785
end
gesture a12 hands 2
0.685859 0.537352 0.975358 0.549705 0.587687 1.21169
0.778527 0.660733 0.952405 0.667803 0.675375 1.05086
0.926499 0.941672 0.989211 0.716983 0.731217 1.02377
1.02359 1.16846 1.08269 1.05238 1.17093 1.02282
1.18809 1.26185 1.11987 1.18983 1.23554 1.05478
1.21157 1.25975 1.12855 1.18846 1.2125 1.06296
1.13512 1.24693 1.14398 1.11762 1.21002 1.06724
1.23118 1.284 1.15903 1.14626 1.24597 1.06012
1.20999 1.25632 1.1394 1.29653 1.30814 1.03373
1.03084 1.15668 1.07729 1.34737 1.31385 1.02119
0.955241 1.05543 1.04024 1.1869 0.999744 0.952866
0.946276 0.77198 1.03923 1.0155 0.814767 0.979467
0.794147 0.578552 1.08382 0.79509 0.62976 1.0611
end
gesture a12 hands 2
0.686114 0.588339 1.01052 0.514181 0.542643 1.28156
0.827811 0.712857 1.0098 0.655936 0.67612 1.0548
0.883626 0.817839 1.15279 0.917097 0.973819 0.995104
0.908525 0.769249 1.22211 1.25639 1.1934 1.02791
1.13242 1.14126 1.11811 1.27669 1.19181 1.04447
1.28588 1.32229 1.0436 1.07039 1.11927 1.05071
1.25288 1.29658 1.04508 1.1146 1.16415 1.01116
1.02541 1.23021 1.03386 1.27358 1.20653 1.00349
0.935807 1.21566 1.10108 1.30875 1.19785 1.05751
1.24169 1.36098 1.08677 1.13106 1.13251 1.09716
1.23156 1.31075 1.05509 0.919139 0.987229 0.974413
1.02224 0.84279 0.922333 0.741699 0.765998 0.949073
0.752276 0.573704 0.998188 0.561552 0.541183 1.13032
end
gesture a12 hands 2
0.702185 0.593128 0.975028 0.559802 0.546185 1.23571
0.88543 0.917327 1.01262 0.70959 0.73218 1.01885
0.9321 0.98807 1.13245 0.947388 1.05385 0.957255
0.889429 0.89516 1.26441 1.30717 1.26407 1.01133
1.15302 1.15589 1.10154 1.33855 1.25701 1.02264
1.2841 1.32585 1.07707 1.04406 1.15817 1.02856
1.27145 1.31064 1.0742 1.28947 1.25557 0.982816
1.07588 1.23622 1.05235 1.36525 1.24342 1.00508
1.00791 1.17021 1.16104 1.17617 1.12582 1.03292
1.23163 1.31356 1.0506 0.847667 0.875951 0.91283
1.25445 1.19166 0.9413 0.748704 0.773058 0.930259
0.850326 0.63084 0.962165 0.571289 0.592814 1.07066
0.723321 0.581858 1.01083 0.522379 0.549862 1.28648
end
gesture a13 hands 2
1.01051 1.17601 1.05921 0.987381 1.08734 1.0694
0.947457 1.04829 1.04425 0.979349 1.074 1.13587
0.946295 0.769098 1.01963 0.965309 1.05865 1.13852
1.03273 0.498438 0.886301 0.959412 0.797183 1.04633
1.03309 0.367973 0.789309 0.963669 0.725413 1.04576
1.01517 0.373523 0.941066 0.955828 0.712876 1.02705
0.847913 0.43784 1.23419 0.964652 0.611897 0.964513
0.774707 0.435082 1.22049 0.983149 0.914215 0.983
0.847805 0.579638 1.15578 0.960876 0.977086 0.950044
0.954105 0.97766 1.00224 0.975816 0.887649 0.992537
0.988384 1.18979 0.952922 0.981932 0.865136 1.00017
0.9949 1.17531 1.06002 0.950902 1.09028 0.910077
0.987354 1.17781 1.0731 0.968267 1.07106 1.10371
end
gesture a13 hands 2
1.15228 1.13693 1.07902 0.828912 1.07429 1.03379
1.12311 1.10848 0.989595 0.828183 1.03619 1.00046
1.04151 0.898182 1.00708 0.866779 0.821467 0.977142
1.14503 0.689084 0.907813 0.841936 0.621974 1.00283
1.12916 0.773023 0.796242 0.897281 0.703517 1.02707
1.0601 0.706888 0.906957 0.930227 0.630417 1.18931
0.833952 0.578809 1.16196 0.854127 1.11085 0.997999
0.845957 0.955631 1.11907 0.930145 1.25335 0.932974
0.943803 0.936132 1.15887 1.07756 1.25749 0.974531
0.885965 0.542125 1.20472 1.10217 1.12599 1.06618
0.764752 0.690228 1.14344 1.09944 0.951699 1.11431
0.690497 1.13907 1.00164 1.298 1.05791 1.03313
0.728641 1.14425 1.02703 1.23974 1.05668 1.09255
end
gesture a13 hands 2
0.686222 1.07514 1.04885 1.17375 1.00186 1.07777
0.756619 0.968439 0.950911 1.17292 0.992245 1.02668
0.750921 0.610952 1.03313 1.15104 0.658937 1.06815
0.764475 0.561024 1.04835 1.12324 0.622631 1.07495
0.910091 0.564531 1.17595 1.12766 0.814307 1.02124
0.985608 0.596251 1.20757 1.11558 1.17163 0.963342
1.03461 0.596541 1.07658 1.0405 1.31595 0.805926
1.07762 0.734572 0.987883 1.02445 1.3223 0.792655
1.09362 1.141 0.919393 0.854707 1.04039 0.981181
1.09115 1.18818 0.947035 0.736248 1.0176 1.0201
1.1669 1.05601 0.992508 0.816267 1.03676 1.11785
1.23214 1.10302 1.03064 0.746243 1.04053 1.04287
1.07486 1.09166 1.09592 0.726292 1.02876 1.08242
end
gesture a13 hands 2
0.980105 1.07031 1.08914 0.996403 1.09134 1.08434
1.06198 1.09159 1.03091 0.898551 1.12263 0.985011
1.08919 1.0947 1.00648 0.87987 1.10677 0.97618
1.036 0.888262 0.932576 0.974239 0.591288 0.883076
0.980218 0.839652 0.888353 0.995165 0.500404 0.914051
0.933508 0.535204 0.927541 1.00553 0.520674 0.992394
0.915971 0.515559 0.932541 0.985032 0.588491 1.05704
0.880586 0.558313 1.03758 0.966756 0.852172 1.14271
0.911527 0.684231 1.07907 0.988455 1.0521 1.13476
0.942841 0.966923 1.11464 0.966167 1.14223 1.1098
0.937044 1.02638 1.14 0.942342 1.15296 1.10313
0.960861 1.13565 1.1108 1.03589 1.1422 1.03677
0.975473 1.10899 1.08343 0.99005 1.12044 1.09853
end
gesture a13 hands 2
1.04443 1.75753 1.02645 0.999936 1.07532 0.987365
1.00561 1.77909 0.96568 0.903896 1.05521 1.0149
1.0165 1.23584 0.907213 0.94565 1.0802 1.01989
1.02691 0.946644 0.899465 0.915668 1.06821 0.92701
1.00664 0.81083 0.980471 0.956287 0.973433 1.00755
0.986129 0.639346 1.06942 1.02451 0.733595 1.118
0.907687 0.5947 1.13574 1.00915 0.711511 1.15425
0.901454 0.55595 1.13667 0.950994 0.894135 1.1231
0.889313 0.412428 1.13025 0.944061 0.949937 1.10071
0.908476 0.475195 1.10535 1.03723 1.20502 0.737411
0.957152 0.848476 1.02539 1.04532 1.21093 0.739978
0.990323 0.972095 0.993098 0.961229 1.05196 1.07352
0.995983 0.963973 0.974426 0.9636 1.0549 1.06735
end
gesture a13 hands 2
1.01657 1.16142 0.957312 0.999139 1.04801 0.998494
1.03007 1.15948 0.994202 0.967628 1.02985 1.00977
1.02785 0.980261 1.05056 0.979332 0.997657 1.05289
1.00806 0.764347 1.16536 0.966015 0.829878 1.07756
0.919173 0.733682 1.11475 1.04196 0.774308 1.08081
0.749566 0.772211 1.06898 0.97935 0.791551 1.07986
0.76095 0.628988 1.05599 0.942548 0.963892 1.02688
0.834629 0.560537 1.04877 0.991474 1.04072 0.979337
0.842257 0.573786 1.05051 0.976547 1.07809 1.02245
0.914674 0.616 1.07265 0.975303 0.966902 1.0452
0.914846 0.763544 1.06678 0.962132 1.046 1.00164
1.03695 1.168 0.964179 0.921875 1.06566 1.01076
0.99733 1.14587 0.990465 0.963669 1.04312 1.00211
end
gesture a13 hands 2
0.965397 1.14023 0.997522 0.959623 1.0658 1.05791
1.00796 0.80289 1.11099 0.944457 1.06164 0.982028
0.993385 0.749445 1.12752 0.933402 0.987871 1.00169
0.960069 0.697397 1.17813 0.92056 0.806916 1.05578
0.857028 0.733346 1.08947 0.931883 0.783735 1.09197
0.850895 0.770553 1.08895 0.954487 0.822725 1.13949
0.843587 0.69291 1.06121 1.03709 0.747709 1.12163
0.899729 0.738259 1.07151 1.0187 0.945592 1.07708
0.979852 0.962438 1.06956 0.961964 0.96256 1.11227
0.961102 1.00903 1.02165 0.993886 0.957327 1.02472
1.00565 1.15672 0.898062 0.963603 1.10319 0.9135
1.02328 1.13644 0.929753 0.961455 1.12945 0.916684
0.966287 1.1217 0.995518 0.956785 1.08452 1.03253
end
gesture a13 hands 2
1.02446 1.08518 1.0987 0.904854 1.09541 1.09157
1.01494 1.0966 1.06629 0.936574 1.10877 1.02699
0.992536 1.10145 1.06714 0.924728 1.10291 1.05203
0.969279 1.02386 1.01089 0.924028 1.1082 1.03802
0.944286 0.735895 0.96499 0.97487 0.957283 0.970345
0.944962 0.65725 0.970794 1.05052 0.667505 0.946423
0.940318 0.625014 0.992222 1.07532 0.551183 1.00395
0.93834 0.626753 0.998074 1.06815 0.575964 1.00845
0.896632 0.849562 0.963299 1.06031 0.679022 0.986124
0.904059 0.90848 0.96714 1.04447 0.80595 1.0058
0.931559 1.00884 0.99006 0.975539 1.01849 1.08267
1.01596 1.10546 1.07395 0.968588 1.0543 1.09972
1.02038 1.10167 1.07577 0.950939 1.12434 1.06196
end
gesture a13 hands 2
1.01445 1.11635 1.07624 0.945355 1.13228 1.07203
1.00732 1.11445 1.07646 0.946457 1.07276 0.97796
0.99457 1.09573 1.01118 0.989007 0.988674 0.917898
0.950107 0.931565 0.94145 1.04742 0.712692 0.953707
0.928216 0.786175 0.960738 1.03711 0.561621 1.04798
0.933822 0.657093 1.04644 1.03174 0.554891 1.08796
0.926063 0.656742 1.10808 1.03072 0.597924 1.06286
0.948238 0.670507 1.03063 1.01797 0.703225 1.00662
0.942228 0.69419 1.00396 1.01063 0.75957 0.999843
0.956831 0.909084 0.975985 0.984549 0.985721 1.05625
0.965929 0.997206 1.01082 0.955737 1.06592 1.08214
0.972754 1.03038 1.03006 0.911491 1.12939 1.04939
0.995026 1.12412 1.04147 0.918742 1.14058 1.03547
end
gesture a13 hands 2
0.997027 1.12563 1.08605 0.915994 1.13594 1.08052
1.00236 1.11717 1.05552 0.914517 1.08481 0.995793
1.00297 1.08247 0.978781 0.955501 1.00748 0.929145
0.992404 1.04601 0.956198 1.00669 0.889739 0.9094
0.963773 0.939531 0.936303 1.04373 0.743264 0.944265
0.936219 0.686455 0.99618 1.04859 0.621156 1.01147
0.948034 0.654244 1.02872 1.04064 0.589696 1.02885
0.959145 0.694378 1.02865 1.02447 0.669827 1.02616
0.944702 0.723719 1.01519 1.00847 0.810942 1.02829
0.937732 0.974104 1.06005 0.957793 1.04277 1.10766
0.982116 1.0817 1.11107 0.92515 1.10802 1.12586
0.988885 1.11885 1.06986 0.920003 1.13126 1.06765
0.985952 1.12742 1.05852 0.909557 1.13418 1.06994
end
gesture a13 hands 2
0.989681 0.974019 1.07829 0.909243 0.972523 1.07658
0.968194 0.975172 1.04132 0.927258 0.972524 1.05216
0.942978 0.967557 1.03132 0.949465 0.956347 1.10012
0.95165 0.900708 1.09505 0.965417 0.902303 1.1015
0.93563 0.872638 1.1136 0.962077 0.863907 1.0824
0.930085 0.873597 1.1007 0.962737 0.868053 1.05698
0.92704 0.88709 1.0605 0.962587 0.881217 1.05788
0.94719 0.942449 1.02083 0.942926 0.932251 1.00767
0.962087 0.972074 1.02313 0.922733 0.961341 0.999023
0.974267 0.976556 1.04255 0.912354 0.970018 1.02372
0.979332 0.970785 1.08205 0.904913 0.970889 1.06824
0.981741 0.969427 1.04953 0.913058 0.971452 1.06969
0.973015 0.96663 1.06268 0.926542 0.970761 1.06455
end
gesture a13 hands 2
1.06288 1.05592 1.18984 0.866417 1.04938 1.14648
0.989378 1.02437 1.06148 0.911603 1.01768 1.08277
0.942555 0.974862 1.03894 0.96194 0.97655 1.03104
0.926705 0.948242 1.04691 0.987486 0.948725 1.02984
0.925319 0.894606 1.04695 1.01562 0.905932 1.02806
0.891764 0.809097 1.01642 0.987656 0.821504 1.00915
0.865383 0.814695 1.00004 0.994587 0.814036 0.996189
0.892546 0.851073 0.972416 1.00426 0.859194 0.966045
0.917236 0.897315 0.974034 0.989417 0.956876 0.994222
0.977804 1.00773 1.00439 0.96283 1.00549 1.02204
1.01547 1.04702 1.02268 0.928167 1.03384 1.04101
1.07447 1.07807 1.07109 0.857118 1.05348 1.08327
1.07818 1.07562 1.10153 0.832351 1.05035 1.11199
end
gesture a13 hands 2
1.05521 1.08333 1.14324 0.894692 1.0801 1.10655
1.01571 1.05905 1.08666 0.927871 1.05996 1.06315
0.944829 0.987647 0.982119 0.997432 0.896052 0.947519
0.91572 0.940757 0.959892 1.04567 0.733267 0.937122
0.881279 0.837219 0.93795 1.05332 0.724679 0.930084
0.857412 0.713791 0.944021 1.06092 0.773983 0.907883
0.853094 0.728144 0.919779 1.05862 0.813292 0.910379
0.87545 0.81556 0.909739 1.03331 0.862459 0.951541
0.908196 0.866462 0.941023 0.958554 0.961235 1.05759
0.984505 0.970237 1.02566 0.902848 1.04735 1.13913
1.02961 1.04349 1.1004 0.888242 1.06894 1.15105
1.04716 1.0797 1.13494 0.893702 1.07765 1.12425
1.06747 1.09562 1.0738 0.935818 1.08724 1.12669
end
gesture a13 hands 2
0.988362 1.0877 0.97888 0.930782 0.972094 1.0448
0.991193 1.06986 1.03692 0.940559 0.96468 1.04818
0.954057 0.923987 1.11722 0.985388 0.923185 1.11707
0.922431 0.767768 1.16868 1.04681 0.865438 1.18089
0.962873 0.673199 1.21227 1.02506 0.890448 1.17136
0.947147 0.652057 1.19728 0.940411 0.975858 1.09889
0.940112 0.680772 1.19021 0.928567 1.01393 1.05605
0.952674 0.840419 1.10993 0.93046 1.12316 0.976164
0.968156 0.969947 1.05254 0.946071 1.07227 0.996741
0.960232 1.08823 0.940768 0.98605 0.897106 1.0771
0.955513 1.09826 0.914056 0.996209 0.942848 1.02287
0.996748 1.05705 0.957428 0.958434 0.96588 0.967578
0.985971 1.06219 0.988911 0.92723 0.937864 1.02143
end
gesture a13 hands 2
0.976442 1.06533 1.01716 0.90279 0.932407 1.05369
0.984813 1.06489 1.04195 0.950678 0.912239 1.11024
0.983372 0.986696 1.02275 1.01214 0.681111 1.14843
0.976056 0.737386 1.14464 1.01365 0.651497 1.15791
0.990466 0.736429 1.14216 0.995718 0.712295 1.14253
1.00174 0.766146 1.05288 0.95276 0.92706 1.06635
1.04232 0.808626 0.945725 0.933397 1.02243 1.00627
0.971295 0.835651 1.03367 0.895941 1.19909 0.920526
0.832671 0.868571 1.13291 1.03945 1.45054 0.77575
0.809768 0.944387 1.19879 1.07992 1.31858 0.848823
0.991506 1.08602 1.04056 0.975758 0.939678 1.07247
0.969985 1.09984 0.981545 0.899032 0.936907 1.08897
0.978068 1.07985 1.00824 0.876411 0.929071 1.07394
end
gesture a13 hands 2
0.956972 1.02162 1.02554 0.922928 0.994827 1.08547
0.963636 0.941751 1.06817 0.954944 0.981186 0.981137
0.951939 0.821637 1.067 0.982638 0.940053 1.04388
0.949889 0.726903 1.09591 1.01109 0.716663 1.15038
0.932382 0.718992 1.02142 1.01681 0.780723 1.15664
0.996527 0.858455 0.925053 0.984276 0.949754 1.07403
1.02956 0.946101 0.989296 0.958299 0.999859 1.00899
0.99323 1.04887 1.03096 0.970673 1.15969 0.95989
0.9945 0.973353 1.0893 0.901004 1.2467 0.956198
0.995175 0.94963 1.10839 0.897477 1.03434 1.04897
1.00021 0.98167 1.09481 0.973508 0.900511 1.103
0.989374 1.02894 1.02559 0.960408 0.983823 1.0716
0.955658 1.01026 1.00543 0.940411 0.987332 0.989689
end
gesture a13 hands 2
1.05924 1.18232 0.982027 0.82106 1.03899 1.09108
1.0464 0.707223 1.04321 0.927027 1.02505 1.06483
1.04895 0.533828 0.999671 0.961002 0.605759 1.12881
0.894996 0.4425 1.09745 0.92665 0.62322 1.10277
0.989412 0.733044 1.05175 0.845761 0.880902 0.926847
0.966848 0.847926 1.03539 1.1847 1.12705 0.974326
0.89078 0.933854 1.18859 1.15526 1.21225 0.844972
1.16453 1.07427 1.19962 0.818544 1.13403 0.899139
0.761401 1.31194 1.00903 0.864357 1.2464 0.881723
0.707617 1.06376 1.04524 1.19612 0.99325 1.11382
0.61701 1.05991 0.941914 1.24799 1.03914 1.0728
1.09263 1.14368 0.974953 0.830822 1.0173 1.01019
1.1066 1.16521 0.95802 0.869401 1.03669 1.02678
end
gesture a13 hands 2
0.922073 1.16524 1.02588 0.957154 1.1637 1.0559
0.949229 1.15723 1.09842 0.969507 1.17841 1.05465
0.949619 1.12603 0.994179 0.984095 1.1264 0.993848
0.919358 0.628075 0.932776 0.99096 0.915887 0.930361
1.13403 0.727903 0.842916 0.975349 0.70443 0.916372
1.18231 0.846165 0.868039 1.00701 0.562522 0.926819
1.20117 0.858095 0.866075 0.988091 0.851324 1.03317
1.07535 0.813662 0.798795 0.969284 0.936689 1.06736
0.995935 0.855299 0.94828 0.93235 1.02722 1.25198
0.980164 1.00556 1.32179 0.928602 1.10899 1.24209
0.983973 1.04636 1.33651 0.931677 1.12787 1.22136
0.972623 1.15754 1.14492 0.977803 1.20518 1.04474
0.975727 1.17126 1.11287 0.961317 1.2126 1.04664
end
gesture a13 hands 2
0.987452 1.07602 1.08262 0.917094 1.0238 1.08592
0.996515 1.07192 1.10865 0.921599 1.01483 1.08868
1.00869 1.06154 1.07662 0.967508 0.845488 1.03557
1.00878 0.980013 1.02489 0.990839 0.813957 0.95682
0.985379 0.836806 0.957741 0.990891 0.816902 0.950161
0.976219 0.794247 0.930475 0.977962 0.727299 0.949602
0.948154 0.729711 0.929239 0.976916 0.86618 0.995381
0.802823 0.546927 0.981776 1.0451 1.03602 1.02632
0.817977 0.630113 1.01066 1.05421 1.06895 1.04891
0.976297 0.939641 1.04839 1.0611 0.963109 1.02934
0.971616 1.03409 1.09699 1.0036 0.864266 1.04091
0.976398 1.07872 1.11846 0.993443 0.965338 1.07027
0.974453 1.09185 1.10561 0.917259 1.03294 1.03376
end
gesture a13 hands 2
0.99234 1.14374 1.06892 0.927454 1.05121 1.10382
0.978261 0.921973 0.967614 0.958655 1.03811 1.06276
0.943277 0.702953 0.923281 0.968484 1.01598 1.03402
0.959244 0.608705 0.932294 0.978486 0.90681 0.979913
0.963308 0.633721 0.934684 0.996146 0.786653 0.941911
0.942896 0.7398 1.03243 0.989821 0.776544 0.941175
0.896299 0.90235 1.13507 0.975903 0.823913 0.96062
0.899174 0.952327 1.18353 0.929457 1.00034 0.977408
0.92651 0.942946 1.13849 0.874553 1.05568 0.992826
0.973791 0.880889 1.10193 1.02693 0.828439 1.05074
0.96059 0.982639 1.13549 1.00308 0.956752 1.12104
1.00008 1.12385 1.08846 0.969433 1.04093 1.09743
1.00753 1.12709 1.06865 0.944178 1.03967 1.12054
end
gesture a15 hands 2
0.996703 0.920909 1.03304 1.04375 0.966964 1.0847
0.941849 0.928969 1.03461 1.01957 0.962118 1.06149
0.919089 0.957969 1.07218 0.952873 0.953684 1.05566
0.9608 1.00093 1.10501 0.910391 0.945553 1.0701
1.03668 1.05587 1.15909 0.887905 0.94984 1.06756
1.04899 1.07129 1.17801 0.816669 0.97938 1.04732
1.04442 1.06473 1.17327 0.781952 0.978748 1.03565
0.972649 0.994142 1.131 0.798619 0.978407 1.01866
0.95179 0.983865 1.12129 0.877917 0.972212 0.983629
0.945336 0.944038 1.04648 1.04061 0.950008 1.04119
0.968707 0.92741 0.975539 1.05162 0.954224 1.04457
0.966698 0.930689 0.94878 1.04443 0.95779 1.07658
0.961703 0.930547 0.974066 1.03126 0.966158 1.08138
end
gesture a15 hands 2
0.948947 0.958925 1.02848 1.00561 0.98008 1.09498
0.916583 0.94567 1.08961 1.00478 0.976624 1.06885
0.944462 0.998002 1.14172 0.975021 0.97499 1.08651
1.03275 1.08769 1.27297 0.884462 0.954946 1.07406
1.02405 1.05052 1.02061 0.835696 0.990872 0.991699
0.948258 1.00193 1.06403 0.816104 0.985739 0.973102
0.96963 0.961886 1.11355 0.847622 0.979886 0.965766
0.987258 0.946168 1.07976 0.925407 0.974215 0.962822
0.988333 0.958022 0.934563 0.992152 0.951277 1.01235
0.956636 0.967126 0.892751 1.01755 0.957328 1.06422
1.01838 0.928269 0.992385 1.04935 0.973802 1.04733
1.0482 0.926855 1.00752 1.06306 0.971218 0.983022
1.00067 0.946239 0.976347 1.06396 0.970452 0.984605
end
gesture a15 hands 2
0.869435 0.87674 0.980579 1.01967 0.961425 1.06448
0.856319 0.870351 1.0265 1.01075 0.966467 1.0904
0.916599 0.901911 1.02535 0.939193 0.971509 1.07739
1.1549 1.07567 1.02822 0.860532 0.965471 1.02235
1.30375 1.38222 1.0725 0.842624 0.974862 1.02044
1.32151 1.48371 1.09309 0.82044 1.01707 0.970929
1.29777 1.35829 1.09364 0.849964 0.990109 0.962402
1.18892 1.1391 1.09953 0.951392 0.955613 0.955839
0.997501 0.940506 1.09204 1.07764 0.957546 0.997503
0.941637 0.887637 1.08373 1.11004 0.989716 1.00482
0.939344 0.875741 1.00061 1.07995 0.98543 0.976835
0.828109 0.88834 1.0571 1.05917 0.972304 1.03705
0.825034 0.885019 1.05148 0.856663 0.959307 1.06843
end
gesture a15 hands 2
1.05766 0.895815 1.13403 0.979749 0.956037 1.10144
1.01055 0.921574 1.09941 0.982635 0.946803 1.06572
1.00241 0.932853 1.07106 0.99955 0.931199 1.05974
0.979702 0.939688 1.0814 0.955663 0.932453 1.10627
0.905621 0.958323 1.07235 0.873867 0.937226 1.12451
0.852793 0.990247 0.974475 0.826003 0.950761 1.09765
0.857366 0.998522 0.97233 0.83182 0.953573 1.01943
0.87097 0.991544 0.999672 0.888725 0.948656 0.992493
0.867921 0.988814 1.05131 0.98646 0.942874 1.01526
0.89494 0.988602 1.04237 1.00707 0.951812 1.03228
0.967504 0.952544 1.0463 1.01328 0.957466 1.05536
1.04784 0.908583 1.08407 1.00095 0.947788 1.06331
1.10148 0.885644 1.12326 1.00516 0.947911 1.11979
end
gesture a15 hands 2
1.07781 0.948645 1.05149 1.05826 0.976287 1.07286
1.04549 0.934075 1.06574 0.981699 0.961763 1.03339
1.03931 0.932224 1.10641 1.00755 0.976981 1.08304
1.0087 0.942565 1.07734 0.995679 0.958714 1.05265
0.994348 0.956337 1.0974 0.890934 0.954008 1.00228
0.98302 0.967986 1.07399 0.842989 0.954597 1.04225
0.960392 0.984101 1.01154 0.869736 0.952095 1.02833
0.877963 1.00562 0.949381 0.971603 0.972154 0.968325
0.858184 1.01605 0.951566 0.989774 0.975402 0.961121
0.906212 1.00351 0.981786 1.01329 0.971316 1.03044
1.00083 0.947956 1.08515 0.98208 0.969391 1.10135
1.02673 0.931131 1.11743 0.922088 0.950641 1.07334
1.03186 0.922789 1.1065 0.967399 0.961115 1.03237
end
gesture a15 hands 2
1.03689 0.896549 1.06544 1.09328 0.968837 1.03822
1.04288 0.86787 1.10808 1.07063 0.951891 1.02927
0.996749 0.902155 1.08448 0.913743 0.947568 1.0896
0.901011 1.12776 1.01961 0.818689 0.97782 1.04616
0.863949 1.13351 1.00433 0.748852 0.986605 1.18405
0.829569 1.07843 0.963339 0.714676 0.98848 1.17344
0.860377 1.11784 0.989208 0.759213 0.981018 1.02686
0.854693 1.01361 0.973284 0.875182 1.00458 0.847751
0.88355 0.994925 0.971182 0.865154 1.00427 0.881726
1.04212 0.962522 1.03909 0.791103 1.00458 1.03648
1.14615 0.915911 1.00419 1.03826 0.967733 1.02159
1.16462 0.88711 1.01643 1.16002 0.965596 0.992616
1.10768 0.895153 1.06176 1.17834 0.966967 0.995943
end
gesture a15 hands 2
1.09836 0.875281 1.07378 1.07552 0.984099 1.01602
1.01336 0.871158 1.05284 1.13116 0.962074 0.947394
1.03252 0.889527 1.09578 1.1045 0.956613 1.07957
1.0365 0.875826 1.06323 0.942317 0.998604 0.807195
0.922188 1.09812 0.979481 0.660111 1.0277 1.15135
0.896323 1.14246 0.978164 0.745056 1.01716 1.33745
0.901037 1.09537 0.985131 0.820423 0.977302 1.26976
0.85395 1.15032 0.961017 0.92447 1.01287 0.86719
0.867007 1.14211 0.952355 0.858205 1.01121 0.896938
0.982467 0.922353 1.0508 0.737216 1.00186 1.3004
0.993999 0.926695 1.04504 1.08034 0.963298 0.903238
1.07543 0.930143 1.07787 1.09968 0.954023 1.02998
1.09628 0.903441 1.02388 1.19451 0.977924 0.953444
end
gesture a15 hands 2
1.10432 0.908183 1.13991 1.18446 1.07747 1.12622
1.01202 0.888519 1.06962 0.994148 0.944801 1.16131
0.949792 0.866922 1.06176 1.01869 0.915443 1.08964
0.975026 0.875846 1.03547 0.941164 0.962222 0.87911
0.958012 0.916377 1.04312 0.892319 0.982693 0.849616
0.926461 1.12113 1.01581 0.768257 0.993071 0.925146
0.911909 1.13321 1.00117 0.685412 0.976106 1.1323
0.928652 1.06962 0.988366 0.68975 0.964448 1.18463
0.954771 1.11208 1.03321 0.988473 0.990655 0.8147
0.99845 1.08997 1.00661 1.07988 1.04729 0.759152
1.01526 1.00517 0.988989 1.02845 1.03556 0.821189
0.980891 0.996673 1.003 0.860086 1.01639 0.974728
1.03514 0.963254 1.03891 0.898369 1.00749 0.994008
end
gesture a15 hands 2
0.950837 0.927744 1.05365 0.995904 0.969623 1.03134
0.943536 0.929108 1.03869 1.0276 0.967183 1.04652
0.926659 0.949955 1.06099 1.01888 0.95948 1.03204
0.949305 0.957882 1.05418 1.01108 0.960543 1.05248
1.05212 1.01816 1.05389 0.969983 0.951252 1.02799
1.15335 1.10663 1.08431 0.967461 0.954417 1.03224
1.20041 1.136 1.08553 0.901696 0.99972 1.05468
1.17624 1.1245 1.06704 0.889271 0.999491 1.01111
0.957952 1.00455 1.07369 0.933217 0.974053 0.999729
0.90233 0.969693 1.04924 0.941618 0.966473 1.00962
0.896275 0.954208 0.965282 0.984957 0.965443 1.05753
0.907801 0.939564 0.961542 0.937582 0.961189 1.06424
0.911788 0.935128 0.993841 0.969243 0.95806 0.992687
end
gesture a15 hands 2
0.890713 0.905563 0.995741 0.960571 0.941428 1.01028
0.883257 0.907203 1.04614 0.932724 0.959969 1.01364
0.921304 0.942072 1.05887 0.951918 0.957129 1.03342
1.02162 0.998693 1.04314 0.920806 0.971929 1.03297
1.13884 1.11588 1.03133 0.909702 0.977025 1.05646
1.16854 1.15753 1.02184 0.913575 0.979045 1.0508
1.14249 1.15159 1.02021 0.939111 0.979876 1.01344
1.11687 1.12399 1.04649 0.953816 0.967629 1.00346
1.06748 1.04876 1.11987 0.97594 0.958983 1.10376
0.996775 0.951692 1.1133 0.994626 0.962579 1.12689
0.924754 0.911246 1.03692 1.01011 0.957111 1.0493
0.941235 0.896821 1.00355 1.00268 0.955381 1.03989
0.93955 0.892606 1.04387 1.02386 0.965466 1.10155
end
gesture a15 hands 2
0.925994 0.922238 1.00065 0.992071 0.966684 1.03462
0.938044 0.970994 1.03843 0.973199 0.96171 1.04047
1.01788 1.02122 1.0501 0.968299 0.971327 1.01957
1.12258 1.07871 1.11914 0.962392 0.968478 1.04439
1.155 1.08909 1.16511 0.962201 0.945072 1.02236
1.15861 1.08307 1.19788 0.917105 0.984947 0.992975
1.01904 0.997522 1.1576 0.903052 0.984929 0.976547
0.997476 0.989452 1.09327 0.922007 0.967169 1.02174
0.995647 0.981715 1.05593 0.965142 0.96063 1.09907
0.922578 0.936853 0.958809 0.964174 0.967031 1.11374
0.908313 0.933622 0.96435 0.981084 0.956034 1.06265
0.950043 0.935594 0.978474 1.04334 0.97518 1.07989
0.957006 0.933926 1.00854 1.04437 0.966681 1.07413
end
gesture a15 hands 2
1.00425 0.937952 1.02353 1.03268 0.981665 1.01439
0.942497 0.946979 1.06362 1.02802 0.985218 1.00772
0.93373 0.959541 1.06513 1.01615 0.976325 1.0273
1.02218 1.0306 1.04107 0.980505 0.978743 1.06181
1.05067 1.05252 1.05589 0.942992 0.959696 1.07174
1.0335 1.06752 1.02988 0.940596 0.95899 1.06305
0.99997 1.05878 1.00832 0.899787 0.969399 1.05777
0.958946 1.03378 1.01395 0.910303 0.95801 1.04171
0.939433 1.001 1.04684 0.932453 0.943389 1.05075
0.942305 0.969753 1.04184 0.96047 0.983578 1.01333
0.946708 0.964778 1.01818 0.977878 0.979447 1.01141
0.976265 0.936714 1.01548 1.00074 0.992183 0.987115
0.980102 0.938452 1.01398 1.00285 0.996534 0.980438
end
gesture a15 hands 2
0.915992 0.925812 0.996262 0.960623 0.994575 1.0302
0.897556 0.918575 1.00782 0.94729 0.982678 1.07388
0.902746 0.938789 1.00902 0.940199 0.980765 1.08278
0.93699 0.969061 1.01304 0.92849 0.96653 1.09604
1.01009 1.00362 1.05887 0.944072 0.931907 1.08217
1.05948 1.0102 1.12157 0.939354 0.92986 1.08321
1.05766 1.04104 1.17166 0.907466 0.945705 1.06598
1.02544 1.0541 1.14927 0.904623 0.938063 1.05337
0.980174 1.01095 1.08616 0.932186 0.929368 1.03842
0.945821 0.967065 1.07564 0.941078 0.929911 1.03333
0.941273 0.954491 1.06827 0.980139 0.965089 1.02571
0.956676 0.897115 0.993321 1.0096 0.977439 1.01551
0.978565 0.893707 0.989512 1.01718 0.978145 1.02259
end
gesture a15 hands 2
0.959339 0.915885 1.00586 1.01135 0.983124 1.04764
0.918937 0.919763 1.00351 1.01005 0.990312 1.01872
0.90414 0.946695 0.996573 1.00677 0.99019 1.02194
0.975707 0.9911 1.01569 0.995557 0.983269 1.03823
1.05635 1.00831 1.13338 0.98693 0.984097 1.03485
1.07037 1.02264 1.18049 0.94917 0.983668 1.04927
1.06883 1.03691 1.19527 0.926219 0.957762 1.08222
1.03697 1.05316 1.16166 0.926841 0.927128 1.07359
1.02125 1.052 1.1574 0.921503 0.938193 1.05378
1.00926 1.03115 1.12336 0.896806 0.955116 1.04411
0.970421 0.966285 1.01315 0.915623 0.938448 1.0487
0.932478 0.925394 0.983513 0.962031 0.946037 1.04661
0.953842 0.908088 0.996288 1.00831 0.980298 1.00509
end
gesture a15 hands 2
1.0738 0.909025 1.07918 1.02435 0.96585 1.03976
1.00508 0.924625 1.06481 1.0089 0.968906 1.05768
0.980253 0.981343 1.04446 1.00022 0.971552 1.04781
0.914342 1.04119 0.986147 0.951704 0.953274 1.05363
0.893789 1.05289 0.98128 0.93 0.95395 1.01797
0.852316 1.02829 1.0178 0.932481 0.955364 1.01289
0.828265 1.0083 1.01164 0.906844 0.958479 1.05702
0.827371 1.00802 0.991405 0.894483 0.957482 1.06992
0.878337 0.992536 0.995774 0.890868 0.949531 1.1127
0.975972 0.95445 1.04716 0.929772 0.94994 1.09848
1.06812 0.92042 1.13374 0.985954 0.958734 1.0576
1.05196 0.906143 1.14258 0.971145 0.965109 1.05159
1.02136 0.903911 1.07121 0.984733 0.968191 1.04532
end
gesture a15 hands 2
1.06587 0.87615 1.10161 1.00041 0.954141 1.06928
1.07941 0.887535 1.06566 1.00349 0.954766 1.05133
1.04117 0.902362 1.06734 0.976284 0.964264 1.05973
0.975769 0.953577 1.03767 0.949877 0.947099 1.06784
0.903385 0.998682 1.03005 0.951315 0.975259 1.08852
0.852874 1.01931 1.0404 0.93948 0.982212 1.09499
0.847106 1.02149 1.03895 0.911602 0.966535 1.07109
0.86506 1.00564 1.02817 0.880599 0.919837 1.06592
0.898572 0.97389 1.06518 0.891933 0.915409 1.05079
0.974314 0.944312 1.08745 0.921084 0.916294 1.05134
1.01646 0.928268 1.09276 0.974989 0.934956 1.04911
1.0115 0.909691 1.08014 0.957015 0.947354 1.03845
1.01144 0.907685 1.07791 0.935807 0.945614 1.04879
end
gesture a15 hands 2
0.986091 0.923899 1.07861 0.931329 0.947615 1.03877
0.949509 0.949626 1.04951 0.933294 0.958551 1.05294
0.972094 0.96512 1.05064 0.93323 0.96654 1.05453
0.876031 1.03043 1.02416 0.913087 0.953763 1.06709
0.864627 1.04249 1.02633 0.921138 0.9828 1.06026
0.857437 1.03033 1.04182 0.925284 0.98333 1.05455
0.866763 1.00183 1.04046 0.924949 0.939573 1.0484
0.906033 0.979783 1.05445 0.930945 0.929539 1.06177
1.07087 0.914309 1.07292 0.956198 0.931842 1.05712
1.11434 0.897529 1.07376 1.02519 0.945759 1.02628
1.11175 0.896303 1.05672 1.03406 0.951073 1.07077
1.08339 0.898129 1.02203 1.03046 0.962191 1.06534
1.06563 0.898876 1.0155 1.01066 0.973074 1.04664
end
gesture a15 hands 2
1.00073 0.865209 1.09493 1.03578 0.931404 1.05734
0.984053 0.943927 1.08282 0.982912 0.962403 1.07519
0.96625 1.0253 1.01955 0.909937 0.967249 1.08548
0.942468 1.05589 0.980115 0.865337 0.967682 1.07765
0.927932 1.08676 0.962505 0.812017 0.974531 1.08917
0.923696 1.09378 0.961327 0.82091 0.97134 1.089
0.909411 1.03777 0.989438 0.838833 0.963272 1.06609
0.931036 0.975264 1.02256 0.862864 0.953241 1.05794
0.950642 0.935286 1.05399 0.904314 0.935795 1.07269
0.970758 0.877297 1.16066 0.932471 0.927397 1.07191
0.974805 0.866557 1.19841 0.978589 0.928135 1.05713
0.968773 0.865257 1.19623 0.985432 0.933057 1.05624
0.956644 0.853782 1.14293 0.978687 0.920421 1.08953
end
gesture a15 hands 2
0.998854 0.851996 1.14985 1.02231 0.934733 1.0954
0.994074 0.872142 1.09731 1.02715 0.940429 1.0782
0.986825 0.88891 1.09517 1.00607 0.944482 1.09143
0.961488 0.940682 1.07335 0.93977 0.939684 1.08097
0.944865 0.968119 1.03578 0.868719 0.954354 1.03092
0.891283 1.08781 0.961554 0.856571 0.975945 1.01103
0.884424 1.07633 0.968244 0.846459 0.988046 0.997251
0.906987 1.04233 0.982765 0.859651 0.977518 1.01057
1.0078 0.907082 1.08313 0.903754 0.969341 1.04051
1.03861 0.866644 1.15857 0.92625 0.933953 1.09515
1.03631 0.85513 1.19302 0.976291 0.921001 1.10988
1.02759 0.850547 1.19534 0.991104 0.921533 1.10773
1.00714 0.844739 1.16669 1.03305 0.947124 1.07593
end
gesture a15 hands 2
1.00007 0.823437 1.16739 1.01801 0.929332 1.10846
0.975162 0.856519 1.138 0.991524 0.929078 1.13131
0.966264 0.887967 1.1306 0.970257 0.924261 1.13312
0.952025 0.943282 1.07602 0.951027 0.918787 1.12364
0.931847 0.969311 1.03257 0.933329 0.919085 1.09933
0.884418 1.02702 0.998127 0.913907 0.929086 1.08435
0.872272 1.04028 0.99115 0.890512 0.942974 1.05816
0.871208 1.03485 0.98419 0.850664 0.958503 1.04421
0.883342 1.01676 0.988858 0.867397 0.963064 1.02514
0.927768 0.95236 1.06164 0.883809 0.956005 1.02797
1.01684 0.877347 1.1661 0.906639 0.930339 1.07881
1.04802 0.856284 1.20326 0.932116 0.910763 1.11473
1.05269 0.848333 1.23376 0.977591 0.909813 1.13395
end
gesture a16 hands 2
1.00996 0.848516 1.10376 0.946403 0.854442 1.07927
0.994716 1.00204 0.854077 0.907093 0.914876 1.17281
0.995365 1.00981 0.907678 0.986854 1.02505 0.917346
0.999516 0.929751 1.08386 1.04189 1.16537 0.856387
0.976707 0.983835 1.11797 1.00088 0.973885 1.01015
0.928112 1.14908 0.876976 1.02775 1.24311 0.886706
0.898767 1.2148 0.886812 1.04725 1.24524 0.902402
0.931413 1.04328 1.05179 1.01897 1.02809 0.980148
0.949861 1.06329 1.09562 0.983311 1.04591 1.02116
0.915982 1.13904 0.872489 0.992607 1.13783 0.853128
0.86514 1.28477 0.869901 1.00062 1.08086 0.838232
0.962866 0.966893 1.06988 0.935612 0.870039 1.16843
1.04913 0.861588 1.10462 0.952608 0.864254 1.15099
end
gesture a16 hands 2
1.07814 0.859543 1.08602 0.986229 0.861003 1.10318
0.996242 0.959801 0.956558 0.932735 1.00917 1.11367
0.901224 1.26222 0.848667 1.03781 1.17132 0.89891
0.922651 1.23215 0.904733 1.09002 1.36398 0.881359
0.997036 0.991205 1.06935 1.00588 0.996708 0.99441
0.863536 1.29135 0.841976 0.993128 1.05443 1.03055
0.879703 1.28341 0.887303 1.07629 1.29185 0.874901
0.95681 1.04614 1.05752 1.09612 1.27348 0.896919
0.977188 1.01384 1.10417 1.00916 0.974719 0.983424
0.91753 0.997858 0.921203 0.86606 0.894285 1.20013
1.02556 0.88251 1.18674 0.823212 0.851204 1.16303
0.987203 0.856786 1.05491 0.952259 0.935989 0.916138
1.01098 0.84414 1.10498 0.930095 0.857462 1.19778
end
gesture a16 hands 2
0.984861 0.852682 1.13404 0.892911 0.866037 1.09155
0.969146 0.870599 1.12414 0.878642 0.880479 1.16821
0.953541 0.913368 0.933557 0.943257 1.01997 1.06924
0.896408 1.10992 0.805264 1.03893 1.21638 0.851766
0.882085 1.18216 0.835851 1.0529 1.2369 0.917915
0.956565 0.987788 1.06843 1.00469 1.01497 1.03097
0.950988 1.04123 0.974402 0.994063 1.05387 1.04671
0.906773 1.27518 0.886011 1.06395 1.26275 0.883632
0.965789 1.01164 1.07696 1.06705 1.24664 0.900375
0.899281 1.20429 0.867286 0.999783 1.07996 1.01321
0.903482 1.21101 0.919029 0.967476 0.956438 0.917213
1.09344 0.878421 1.1148 0.981737 0.861503 1.10737
1.04766 0.847279 1.07162 0.978516 0.860766 1.08642
end
gesture a16 hands 2
1.01696 0.785095 1.17018 0.902097 0.764443 1.11878
1.03273 0.77524 1.16042 1.02742 1.02556 0.95062
0.930732 1.1081 0.914587 1.0316 1.07165 0.953937
0.902165 1.10026 0.894852 0.909582 0.846855 1.0825
0.986708 0.950434 1.06552 0.934568 0.863759 1.0579
0.888115 1.14914 0.898023 1.07016 1.1995 0.937493
0.890677 1.11769 0.91414 1.07278 1.16036 0.941825
1.07126 0.943641 1.13551 0.92401 1.0032 1.01267
0.909739 1.1642 0.882231 1.03397 1.1874 0.962424
1.00598 0.92723 1.0755 0.910266 0.987381 1.06659
1.04289 0.952913 1.09796 1.07591 1.22731 0.952793
0.924745 1.13969 0.910777 1.06986 1.17523 0.978125
0.942112 0.953706 1.01828 0.934661 0.820866 1.13848
end
gesture a16 hands 2
1.03166 0.806001 1.18903 0.958697 0.808769 1.20956
1.06169 1.12288 1.07061 1.06142 1.10843 0.92464
0.881438 1.16979 0.878625 1.02378 1.15414 0.95362
1.01529 1.00376 1.08066 0.920507 0.985643 1.10018
0.994405 1.02379 1.07577 0.99911 0.907535 1.00798
0.857424 1.21061 0.850881 1.06105 1.25983 0.92718
0.993209 1.00665 1.05935 1.0541 1.35051 0.959916
0.868436 1.19963 0.832295 0.894794 0.976054 1.05831
0.852168 1.21741 0.821812 0.89077 0.975939 1.04183
1.01288 0.97613 1.00932 1.01733 1.21616 0.893939
0.900846 1.22337 0.82821 0.897836 0.968788 1.04635
1.01393 0.86754 1.02133 1.06244 1.23919 0.882653
1.00382 0.834106 1.0126 0.943975 0.812496 1.10253
end
gesture a16 hands 2
0.977699 0.833104 1.08386 0.931391 0.786859 1.17539
1.00926 1.01708 1.20741 0.993209 1.11238 0.883143
0.840129 1.20459 0.877601 0.971891 1.07975 0.950811
0.858576 1.13745 0.891426 0.849024 0.885615 1.22432
0.99435 1.00369 1.10951 0.912942 0.971261 0.981759
1.01999 0.982875 1.1505 1.03121 1.29955 0.930226
0.850655 1.18784 0.866268 0.901042 0.938348 1.10869
1.01692 1.02595 1.04576 1.04732 1.28037 0.928811
1.03999 1.04041 1.06093 0.912326 0.896362 1.07894
0.874079 1.24869 0.83592 0.904121 0.930765 1.08678
0.880593 1.19757 0.886627 1.06449 1.21398 0.866164
1.03857 0.901222 1.06859 1.01418 0.830962 1.06709
1.03237 0.840886 1.03968 1.0042 0.805443 1.10442
end
gesture a16 hands 2
1.03207 0.859913 1.0825 0.961324 0.860367 1.10594
1.02365 0.907087 1.03849 1.0023 0.875944 1.10614
0.957523 1.06724 0.91884 1.01942 0.971366 0.992275
0.934532 1.19353 0.908532 1.01482 1.13833 0.849377
0.962025 1.078 0.992433 1.00666 1.23943 0.806828
0.981394 1.12376 1.01602 1.00086 1.28098 0.861638
0.950112 1.07383 0.923672 1.00198 1.07004 0.964872
0.917311 1.09676 0.892024 1.01064 1.07135 1.03754
0.868706 1.18917 0.909462 0.906593 0.994987 0.998604
0.867934 1.14018 0.940861 0.916658 0.981157 1.01166
0.907158 0.987656 1.01171 0.90482 0.889984 1.11366
0.979471 0.912687 1.10953 0.897979 0.881937 1.10857
0.991162 0.891438 1.09456 0.977203 0.894196 1.10743
end
gesture a16 hands 2
1.02473 0.846648 1.12451 0.989325 0.838513 1.1446
0.943369 0.975983 0.966612 0.997477 0.86399 1.07878
0.88034 1.26409 0.909669 1.03156 1.01889 1.056
0.881197 1.24709 0.939068 0.975252 1.14615 0.866905
0.933103 0.997973 1.04358 0.987186 1.28473 0.864
0.959401 0.989053 1.07033 0.989965 1.28662 0.890367
0.953792 1.12856 1.01697 1.00069 1.04123 0.997894
0.864033 1.14496 0.886548 0.99265 0.969754 1.0431
0.826731 1.27638 0.901177 0.972332 1.05392 1.04229
0.941436 1.00796 1.04023 0.971634 1.23438 0.84927
0.970095 0.987819 0.953659 0.981385 1.20765 0.899082
1.06611 0.856546 1.08689 0.948233 0.904811 1.09188
1.05329 0.847078 1.07485 0.935551 0.845943 1.07382
end
gesture a16 hands 2
1.02683 0.824176 1.10294 0.921486 0.833837 1.09404
0.923467 0.978921 0.942265 0.998534 1.03414 1.04452
0.851114 1.25776 0.917592 0.949191 1.11115 0.884735
0.849562 1.24436 0.940171 0.981418 1.2685 0.862713
0.897099 1.04501 1.02058 0.987103 1.22064 0.894259
0.888341 1.08815 0.92936 0.972793 0.995424 1.02035
0.818002 1.23813 0.927133 0.979569 1.07407 1.03055
0.828883 1.2544 0.946838 1.00018 1.24703 0.850426
0.928921 1.03118 1.02852 1.01899 1.17194 0.906001
0.957424 0.985477 1.06372 1.00622 0.934066 1.037
0.973436 1.06547 1.0364 0.902151 0.85984 1.18756
1.10307 0.849347 1.13224 0.976334 0.841546 1.09887
1.03205 0.822442 1.07422 0.952625 0.805142 1.13499
end
gesture a16 hands 2
1.01563 0.802492 1.14423 0.892288 0.783622 1.14317
1.02852 0.817768 1.09988 0.926742 0.801014 1.14361
1.02273 0.83278 1.117 0.952815 0.918919 1.05303
0.938099 0.917639 1.01451 1.00229 1.13627 0.909812
0.914678 0.955867 0.979145 0.989908 1.21579 0.918947
0.898246 1.05025 0.944658 0.966644 1.08877 0.978357
0.887866 1.25279 0.917286 0.971507 1.06888 0.993903
0.899213 1.27154 0.901258 1.02322 1.18165 0.941998
0.915429 1.21475 0.888136 1.03593 1.05979 0.990404
0.922999 1.0991 0.946689 1.03563 1.12858 0.933751
0.903179 1.12916 0.927849 1.01703 1.06618 0.933532
1.04036 0.836011 1.1532 0.895047 0.80996 1.16217
1.04252 0.806205 1.15539 0.917501 0.792316 1.1624
end
gesture a16 hands 2
1.03788 0.775675 1.15162 0.906231 0.772571 1.11518
0.970565 0.882492 0.997932 0.904496 0.813552 1.0331
0.951155 0.994441 0.930763 0.940625 1.01304 0.910887
0.909307 1.22698 0.880544 0.965326 1.18336 0.901836
0.896095 1.26633 0.877903 0.976394 1.16718 0.929252
0.86166 1.18807 0.899212 0.980302 1.09348 0.952818
0.910269 1.051 0.957312 1.05595 1.15205 0.928841
0.93703 1.01486 0.966244 1.05765 1.16478 0.93762
0.897233 1.13381 0.910094 1.01555 1.0576 0.990413
0.911085 1.13151 0.979593 1.01896 1.09371 1.0101
0.97364 0.97542 1.0527 1.0183 1.03924 0.980003
1.06643 0.821629 1.18561 0.889928 0.787179 1.27217
1.06239 0.76953 1.21549 0.903926 0.775181 1.25736
end
gesture a16 hands 2
1.04391 0.7997 1.18422 0.938709 0.808678 1.15693
0.974868 0.842553 1.08003 0.950645 0.927837 0.936276
0.941133 1.00377 0.946123 0.99518 1.1189 0.877994
0.907094 1.23743 0.882343 0.967441 1.12593 0.94662
0.896092 1.26158 0.867821 1.04532 1.22754 0.908864
0.916394 1.09651 0.93872 1.02575 1.19437 0.904515
0.928116 1.13271 0.940119 0.981611 1.07106 0.984327
0.88287 1.26916 0.90706 1.0512 1.2296 0.918048
0.898444 1.21916 0.901362 1.03656 1.08493 0.923437
1.00437 0.989103 0.986307 0.93556 0.888225 1.12297
1.01688 0.951032 0.997074 0.920975 0.849031 1.23091
1.05986 0.804814 1.13325 0.96012 0.82155 1.06704
1.0427 0.817833 1.1404 0.956785 0.813771 1.1232
end
gesture a16 hands 2
1.11439 0.737082 1.23846 0.966488 0.774048 1.20807
1.0979 0.797728 1.15028 0.974228 0.907029 1.30676
0.959495 1.15409 0.975207 1.03208 1.27193 0.849512
0.928698 1.17622 0.928126 1.05755 1.23012 0.870816
0.982101 0.944213 1.01997 1.01624 0.947818 1.05007
1.00899 0.979536 1.09011 0.987888 0.992848 1.09009
0.952183 1.22528 0.988536 0.972855 1.24428 0.776685
0.95984 0.924668 0.970547 0.983108 1.20585 0.757349
0.979696 0.930338 1.00928 0.930848 0.910006 0.964035
0.903842 1.17953 0.954232 0.9262 1.2065 0.812554
0.823818 1.15131 0.802894 0.919922 1.26566 0.768949
0.925686 1.02421 0.97726 0.975199 0.96152 0.891842
1.13536 0.768335 1.14249 0.956744 0.806532 1.2454
end
gesture a16 hands 2
1.10876 0.752661 1.18385 0.915394 0.781363 1.22703
1.06977 0.776442 1.12794 0.923387 0.841174 0.976033
0.898576 1.12335 0.953558 0.921059 0.806621 1.21857
0.835635 1.18968 0.873929 0.908813 0.911381 1.1318
0.843202 1.08261 0.89268 0.946544 1.08282 0.894556
0.911356 0.896646 1.01326 0.999093 1.29381 0.831849
0.930816 0.943099 1.04884 1.01907 1.29128 0.836166
0.923021 1.2103 0.953916 0.985675 0.957774 1.02905
0.921925 1.10973 0.897287 0.977033 1.00723 1.04787
1.0097 0.921183 1.09221 0.991036 1.27848 0.841555
0.953091 1.14887 1.02352 1.0263 1.16533 0.827399
1.00393 0.8355 0.998237 0.974793 0.824594 1.19667
1.07909 0.735522 1.22172 0.927572 0.7824 1.23378
end
gesture a16 hands 2
1.0977 0.763891 1.25966 0.941231 0.796688 1.25075
0.915124 1.06418 0.912942 1.04137 0.976535 1.03199
0.989204 0.997703 1.03915 1.07715 1.25573 0.93133
0.973168 1.04802 1.07109 1.05337 1.3363 0.878181
0.941147 1.22559 1.01985 1.013 1.3042 0.826861
0.918951 1.24448 0.909337 0.975726 1.09472 0.791681
0.882907 1.0785 0.842765 0.97017 0.984582 1.03353
0.948173 0.928156 1.01 1.01828 1.20465 0.947844
0.926948 1.14701 0.996202 0.987753 1.29932 0.835645
0.914016 1.14529 0.915502 0.938863 1.12352 0.78646
0.926915 0.971947 0.870739 0.960158 0.985338 0.838699
1.10046 0.776242 1.1952 0.995883 0.879874 1.17405
0.996665 0.82314 1.0792 0.886866 0.810411 1.08454
end
gesture a16 hands 2
0.945769 0.939487 1.08627 0.959196 0.895455 1.10988
0.98251 0.954188 1.02659 1.01864 0.941832 1.20453
0.997048 0.986874 1.05959 1.03059 1.006 1.07323
0.972587 0.942875 1.14505 0.92133 0.945838 0.950807
0.959511 0.935905 1.1712 0.955099 1.12453 0.776719
0.964573 0.990668 1.06388 0.949495 1.07446 0.844288
0.976602 1.03559 0.845057 0.935598 0.899672 1.11196
0.975685 1.03887 0.778828 0.913898 0.969167 1.29479
0.978302 1.03128 0.788812 0.901884 0.944962 1.19403
0.963933 0.964676 1.08538 0.877695 0.933059 0.909974
0.940592 0.942779 1.13713 0.928599 1.09929 0.729253
0.963773 0.952686 1.03751 0.967139 1.00873 0.850798
0.97523 0.957065 1.02954 0.983754 0.879703 1.09477
end
gesture a16 hands 2
1.01782 0.961042 1.10622 1.02697 0.948164 1.07757
0.953364 0.960526 1.01388 0.99568 0.986408 0.895491
0.950784 0.959905 1.00978 1.00772 1.02819 0.895738
0.981254 0.98717 1.08782 0.982085 0.908122 1.16469
0.999511 0.977368 0.895209 0.952045 0.96176 1.26851
1.00048 1.02335 0.883466 0.932918 0.937824 0.981564
1.00703 1.01677 0.942973 0.96631 1.07136 0.806433
0.996604 0.94498 1.10882 0.974028 1.03927 0.86475
0.98294 0.954252 1.12182 0.946311 0.958523 1.28499
1.00088 0.971956 0.98897 0.896502 1.0134 0.841632
0.982653 0.971295 0.940492 0.930634 1.07279 0.769051
0.949832 0.9699 1.07837 0.979933 0.929791 1.08059
0.99115 0.967023 1.04651 0.996644 0.919261 1.18157
end
gesture a16 hands 2
0.993545 0.982036 1.08032 1.00846 0.948303 1.09579
0.948021 0.953627 0.985381 0.964527 0.957175 1.1298
0.976953 0.948654 1.06958 1.00245 1.04441 0.829973
1.01463 0.995222 1.0296 1.00076 1.03717 0.870255
1.02389 0.974982 0.896619 0.997755 0.971663 1.3018
1.02289 0.980647 0.85503 0.993531 0.984864 1.25401
1.01734 1.01216 0.913722 0.942294 1.02491 0.750769
1.01322 0.955566 1.08373 0.981517 1.04102 0.825724
1.03232 0.972366 0.933283 0.993123 0.973325 1.26112
1.0361 0.958299 0.90735 0.877815 0.98916 0.87273
0.931169 0.988763 1.04427 0.912694 1.09204 0.788379
1.01629 0.989953 1.04585 1.03253 0.97323 1.09978
0.92333 0.974564 1.04698 0.950912 0.9461 1.0587
end
gesture a16 hands 2
1.0196 0.804472 1.14599 0.903228 0.832014 1.12686
1.03788 0.86623 1.11626 0.925643 0.863505 1.06124
0.978844 0.907395 1.02046 0.919577 0.910664 1.15837
0.873539 1.06418 0.890774 0.946304 1.02628 1.05308
0.859623 1.16223 0.91417 1.01088 1.1172 0.850387
0.935562 1.04355 1.01134 1.01459 1.12762 0.900161
0.970884 1.04903 1.08042 0.967994 1.04217 1.03734
0.900455 1.14382 0.88495 0.945559 1.02081 1.056
0.908601 1.11486 0.961238 0.996414 1.12521 0.9361
0.941641 1.01254 1.07014 1.03856 1.10976 0.917509
0.972698 0.997194 1.09916 1.0001 0.966556 1.05329
1.0021 0.964108 0.979866 0.995288 0.963724 1.061
1.05535 0.851083 1.10751 0.949646 0.899451 1.08036
end
gesture a16 hands 2
1.04133 0.807389 1.18593 0.912658 0.840335 1.15596
0.889308 1.0419 0.915836 0.938716 0.932559 1.10314
0.909394 1.08162 0.964453 0.999256 1.08295 0.950165
0.984216 0.985454 1.08237 1.02536 1.12489 0.887724
1.01655 0.997012 1.12652 1.0306 1.12939 0.90566
0.984143 1.04508 1.05858 0.979855 1.01882 1.04663
0.91396 1.11377 0.891348 0.963469 1.01839 1.05437
0.960762 0.998796 1.0709 0.997596 1.09844 0.936717
0.986309 1.00877 1.08782 1.00666 1.08653 0.920188
0.947245 1.06274 0.892722 0.957058 0.963984 1.08791
0.943326 1.03551 0.926592 0.979284 0.9728 1.02455
1.03347 0.81499 1.16701 0.913209 0.843321 1.08478
1.02641 0.781386 1.21647 0.898923 0.8304 1.10357
end
gesture a16 hands 2
1.00037 0.829951 1.21919 0.907842 0.872802 1.1573
0.995717 0.885349 1.04672 0.935801 0.846438 1.12865
0.905163 1.05875 0.879715 0.937149 0.959562 1.10347
0.873373 1.18139 0.885445 0.941245 1.03197 1.03362
0.887719 1.14469 0.928131 1.00674 1.15711 0.845255
0.966377 1.03752 1.02404 1.04321 1.18808 0.821067
0.981526 1.10013 1.01181 1.04192 1.14003 0.929377
0.927667 1.15079 0.844221 0.966094 1.02838 1.03143
0.906782 1.15494 0.80395 0.951384 1.01232 1.02771
0.943782 1.04827 1.01058 0.996266 1.13091 0.928434
1.03978 0.925063 1.00387 1.01975 1.14609 0.835205
1.05227 0.899183 1.02677 1.0202 1.04591 0.911596
1.03879 0.840359 1.10563 0.964206 0.851392 1.12122
end
gesture a16 hands 2
1.04181 0.754303 1.16748 0.937485 0.795416 1.11153
0.903817 1.15935 0.822398 0.898927 0.955497 1.20741
0.864397 1.28305 0.822273 0.968249 1.01724 0.94107
0.973082 0.895572 1.13394 1.05788 1.23538 0.863077
1.01367 0.947938 1.15893 1.05566 1.26439 0.89749
0.895085 1.29478 0.872553 0.976459 1.00183 1.03848
0.909693 1.19951 0.909633 0.940236 0.935473 1.1167
1.01308 0.940498 1.08943 1.09447 1.25486 0.872885
1.00022 1.00953 1.03197 1.12161 1.28183 0.880626
0.900035 1.22357 0.904577 0.966454 0.980359 1.05449
1.02929 0.952025 1.10753 1.08692 1.26923 0.856116
0.945766 1.17421 0.849701 1.09498 1.24182 0.885857
1.04903 0.786749 1.23751 0.909355 0.840172 1.10557
end
gesture a16 hands 2
1.03885 0.786786 1.29228 0.911208 0.814337 1.18536
0.912229 1.2406 0.797343 0.961602 0.819409 1.38331
0.892359 1.27495 0.808043 1.07403 1.24678 0.82327
1.00738 0.912256 1.18856 1.07975 1.24958 0.863402
1.01594 0.977245 1.12202 0.962095 0.938668 1.07935
0.941035 1.22306 0.847769 1.03919 1.18778 0.829141
0.991608 0.897296 1.17041 1.08168 1.2574 0.81341
0.993438 0.949719 1.08442 1.00211 1.00122 0.977606
0.927233 1.27968 0.79104 0.958816 1.00043 1.02455
1.01564 0.931741 1.07563 1.0781 1.27857 0.777747
0.937452 1.27559 0.771104 1.00926 0.993852 0.987589
1.02965 0.807216 1.24262 1.02161 1.02882 0.862865
1.02909 0.788687 1.15368 0.896193 0.793575 1.15961
end
gesture a16 hands 2
1.00905 0.799935 1.17357 0.894926 0.738687 1.22711
1.04218 1.02554 1.02525 1.04434 1.09451 0.893863
0.916299 1.32341 0.812745 1.07088 1.23679 0.876796
0.930931 1.21041 0.863991 0.992558 0.941181 1.09444
1.01244 0.943694 1.11908 0.957765 1.00727 1.09465
1.06116 0.995499 1.16754 1.06456 1.24766 0.902943
0.926853 1.2766 0.815762 0.963116 0.888584 1.15467
0.920584 1.23296 0.857611 1.04507 1.19199 0.904674
1.00442 0.967407 1.14769 0.935317 0.929424 1.09649
0.890181 1.29771 0.783786 1.01455 1.17072 0.846305
0.937197 0.959569 1.0266 1.03597 1.09177 0.918432
0.970458 1.00864 0.875354 0.890685 0.781581 1.19277
0.976026 0.793862 1.11729 0.897371 0.772418 1.0471
end
gesture a16 hands 2
1.0786 0.717783 1.19795 0.961706 0.731418 1.21656
0.972529 0.99211 1.04644 0.952154 0.825496 1.06104
0.931719 1.03024 0.995107 0.989477 0.969877 1.05748
0.931216 1.07955 1.00074 0.989077 0.990914 1.05749
0.976868 1.02965 1.02422 1.00672 1.08756 0.977865
0.935329 1.06079 0.914253 0.995246 1.07831 1.03325
0.905099 1.12268 0.94088 0.999528 1.14369 0.936144
0.935581 1.06152 1.03993 0.990018 1.15211 0.908658
0.938745 1.06121 1.02817 0.964917 1.13935 0.953516
0.904611 1.15091 0.885777 0.973325 1.05812 0.985544
0.916869 1.12 0.893246 0.887541 0.883994 1.01907
1.0145 0.8254 1.1581 0.841706 0.766082 1.13632
1.02393 0.757066 1.19737 0.877126 0.731902 1.25204
end
gesture a16 hands 2
1.00391 0.798047 1.20169 0.886068 0.763987 1.25202
0.961302 1.0094 0.968649 0.923157 0.768195 1.1661
0.95439 1.09151 1.0071 0.914967 0.980902 1.00901
0.929687 1.10692 0.922579 0.945303 1.08467 0.899155
0.900653 1.17623 0.970466 0.988521 1.16261 0.902434
0.976247 1.04923 1.07222 1.00668 1.10269 0.972673
0.994909 1.04368 1.0361 1.04815 1.20421 0.909685
0.959076 1.15328 0.915875 1.04074 1.16557 0.942779
0.937855 1.2342 0.947008 1.01913 1.06459 1.00237
0.978972 1.08005 1.03445 1.02798 1.13441 0.92491
0.999773 1.02274 1.06134 1.01065 1.10112 0.946702
1.01787 0.880181 0.963292 0.99258 0.929717 1.02874
1.01799 0.806974 1.16056 0.895225 0.765416 1.10919
end
gesture a16 hands 2
1.01906 0.845096 1.24525 0.911459 0.822459 1.0981
1.02271 0.841397 1.06802 0.986876 0.841425 1.0867
0.936517 0.852255 1.06404 0.969513 1.04989 0.89019
1.01165 1.03042 1.04276 0.983379 1.12363 0.901642
0.926162 1.24511 0.908835 0.984122 1.1218 0.959409
0.976101 1.11236 1.01278 1.02645 1.24794 0.853759
0.941561 1.18612 0.867805 0.989471 1.15822 0.959483
0.951765 1.19811 0.914334 1.04065 1.17887 0.856946
1.09378 0.889871 1.23299 0.954896 0.878814 1.17121
1.03046 0.898228 0.948933 0.926411 0.86607 1.29049
0.894163 0.931315 0.899506 0.919725 0.869773 1.01739
0.860945 0.871165 1.02896 0.932733 0.878134 0.981289
0.998482 0.838721 1.04427 0.939092 0.796369 1.1324
end
gesture a16 hands 2
0.926555 0.841805 1.10505 0.91831 0.76798 1.15665
0.962022 0.847216 1.08743 0.971823 0.874822 1.038
0.959533 0.975181 0.949515 0.943784 1.16481 0.853081
0.96463 0.990967 0.949255 0.931391 1.2732 0.855104
0.992564 0.881583 1.20648 0.947151 1.01288 1.02739
0.991307 0.899782 1.24328 0.959362 0.901653 1.12014
0.959644 1.04435 0.973975 0.970371 0.880058 1.15831
0.92255 1.28141 0.872776 0.941512 1.00592 0.956451
0.914632 1.28844 0.89865 0.957694 1.22101 0.924633
0.953729 0.977459 1.08434 0.967957 1.14375 0.959928
0.97413 0.886246 1.17272 0.975517 0.885029 1.11713
0.985408 0.925235 0.971742 0.935428 0.811521 1.31845
0.964602 0.873731 1.04573 0.925424 0.80848 1.32946
end
gesture a16 hands 2
0.983373 0.842712 1.1057 0.968457 0.823203 1.25862
0.983152 0.912515 0.967865 0.966372 0.888604 0.950481
0.952613 1.25713 0.810042 0.976825 0.87188 1.34152
0.934091 1.37538 0.811309 0.980176 0.905675 1.38698
0.939993 1.26076 0.86072 0.898279 1.0397 0.886673
0.999565 0.908949 1.04721 0.949018 1.35839 0.815484
0.998951 0.93281 1.10454 0.972197 1.38344 0.850032
0.963461 1.24312 0.854415 0.997629 0.91721 1.08817
0.939503 1.35596 0.872536 0.943545 1.22899 0.780473
0.962906 1.03647 0.980835 0.954268 1.20367 0.806226
0.971547 0.87386 1.28531 0.955694 0.963765 0.931631
0.991577 0.844474 1.03188 0.97547 0.835308 1.28146
0.969424 0.835578 1.08237 0.977401 0.817821 1.14688
end
gesture a16 hands 2
0.959212 0.818429 1.11142 0.917698 0.823017 1.09036
0.922637 1.16795 0.836779 0.942 0.832632 1.068
0.902057 1.33622 0.873397 0.961845 0.833882 1.33725
0.951172 0.949424 1.02172 0.960185 0.906232 1.31111
0.967747 0.850452 1.13646 0.940414 0.929157 0.978493
0.975736 0.906743 1.17167 1.01179 1.41789 0.861642
0.97965 1.04089 0.870854 1.0226 1.33409 0.898772
0.924303 1.36161 0.846949 0.997927 0.952805 1.01133
0.909516 1.40325 0.859204 0.991254 0.891953 1.13141
0.908412 1.27529 0.857655 0.948041 1.05583 0.86921
0.965345 0.901133 1.01198 0.951477 1.16149 0.837682
1.07941 0.840037 1.2602 0.969102 0.823921 1.21999
1.00795 0.809869 1.13978 0.96017 0.837413 1.25165
end
gesture a17 hands 2
0.954801 0.770826 1.15445 0.945748 0.964227 1.27255
1.28247 1.23935 1.15399 0.959073 0.962088 1.2082
1.31531 1.39711 1.41261 1.03829 0.970457 1.12161
1.13931 1.19245 1.65106 1.0647 1.03278 0.985556
0.971025 0.905081 1.36102 1.03503 1.01333 0.938347
1.0322 0.853326 0.82983 0.981342 0.997135 0.863144
1.07379 0.993278 0.520349 0.892298 1.00461 0.814578
0.767014 1.51958 0.306867 0.867557 0.987897 0.792109
0.540045 1.60077 0.396317 0.911118 0.977384 0.76508
0.412513 1.3257 0.496636 0.917298 0.94552 0.842318
0.859959 0.882709 0.633244 0.926428 0.9401 0.885631
1.05675 0.813902 0.916063 0.990341 0.955043 1.12547
0.992242 0.76215 1.15509 0.986804 0.958917 1.15723
end
gesture a17 hands 2
0.858285 0.68176 0.964568 0.930028 0.991958 1.20485
1.11399 0.965269 0.854049 1.0507 1.03205 1.07949
1.18439 1.15051 0.912774 1.07863 1.06557 1.00554
1.06955 1.52484 1.2254 0.963004 0.910058 0.761219
1.0218 1.43163 1.35929 0.881044 0.874064 0.706409
1.08132 1.41999 1.16499 0.925123 0.817092 0.690734
1.03944 1.08209 1.11651 0.947271 0.835131 0.697346
1.11057 1.05426 1.11114 0.93842 0.98424 1.06003
1.27173 1.10345 0.968103 0.928113 1.00441 1.19081
1.1825 1.01436 0.742469 0.926267 1.00706 1.20589
0.860575 0.755144 0.632888 0.960152 1.00758 1.15443
0.921256 0.70044 1.08507 0.967233 1.00049 1.20969
0.855641 0.695646 0.957596 0.944546 0.993022 1.21227
end
gesture a17 hands 2
0.993358 0.699391 1.12508 0.951397 0.951409 1.16147
1.20503 1.22422 0.974052 0.943718 0.940984 1.1954
1.27515 1.50085 1.28865 1.04307 0.984108 0.976841
1.27046 1.42781 1.54037 1.30004 1.08624 0.772057
1.13891 1.11194 1.39484 1.23035 1.21869 0.683583
1.00474 0.668088 0.752447 1.0939 1.11884 0.546028
1.0189 0.81486 0.396519 1.00624 1.0385 0.534498
0.863462 1.45505 0.20798 0.920318 0.9515 0.618269
0.749624 1.6755 0.553414 0.982966 0.959919 0.860727
0.981281 0.868989 0.881976 0.939245 0.952448 1.16177
0.998267 0.714651 1.24478 0.924286 0.96932 1.24341
0.890064 0.75094 1.00793 0.806015 0.932656 1.20729
0.910014 0.714587 1.10804 0.916478 0.941852 1.16645
end
gesture a17 hands 2
0.960771 0.82414 1.09315 0.933629 0.931638 1.19706
1.23683 0.984656 1.16141 0.945418 0.927749 1.18093
1.31176 1.33883 1.41288 0.977366 0.946702 1.08603
1.18609 1.41327 1.49201 1.14091 0.997874 1.0649
1.07542 0.984813 1.25586 1.16509 1.00137 1.06971
0.9767 0.869239 0.914951 1.13402 0.954954 0.949563
0.784158 1.28038 0.431442 1.01678 1.00164 0.792936
0.767326 1.54521 0.434036 0.973982 1.10441 0.71732
0.838373 1.25539 0.470681 0.891841 1.10436 0.746556
0.91277 0.913714 0.738949 0.915184 0.976398 0.956673
0.976922 0.792277 1.21265 0.960472 0.937697 1.1374
0.909303 0.84488 1.09971 0.970599 0.924499 1.19975
0.93719 0.804769 1.12377 0.935119 0.933857 1.16254
end
gesture a17 hands 2
0.913671 0.747915 1.19201 0.882024 0.888322 1.20657
0.965194 0.754006 1.2032 1.01323 0.932946 1.14383
1.10959 1.01669 1.07698 1.03843 0.935008 1.13605
1.25196 1.42747 1.13275 1.25192 1.06717 1.1266
1.28222 1.49153 1.43909 1.24725 1.06455 1.12899
1.27329 1.20403 1.40998 1.20138 1.0324 1.06546
1.10187 0.837994 0.83994 1.04109 0.972733 0.904549
0.694089 1.40025 0.367857 0.898077 1.07349 0.705203
0.736922 1.42601 0.382701 0.79015 1.07331 0.697509
0.805486 1.1446 0.452646 0.826128 0.955107 0.873572
0.883085 0.798509 0.718709 0.986557 0.944056 1.08875
0.942951 0.769391 1.12138 0.942784 0.915242 1.16525
0.88138 0.750893 1.13041 0.980802 0.922461 1.18437
end
gesture a17 hands 2
0.870812 0.741977 1.19028 0.973143 0.910359 1.21267
1.06438 1.31504 1.02945 1.19392 1.02735 1.08517
1.18548 1.51724 1.18317 1.25263 1.08203 1.0482
1.2571 1.46544 1.44515 1.04646 0.970851 0.852139
1.24325 1.24672 1.50291 0.968816 0.955741 0.761436
1.06732 0.733935 1.07378 0.912183 1.0084 0.722772
0.908894 0.818138 0.715995 0.844401 1.02657 0.749531
0.704305 1.27098 0.424546 0.837608 0.997584 0.813518
0.718368 1.36214 0.446842 0.855638 1.0335 0.990329
0.963629 0.977052 0.62503 0.898465 0.878655 1.24058
1.08441 0.788122 0.94483 0.915073 0.880054 1.26716
1.02873 0.695897 1.27938 0.901418 0.876299 1.20244
0.934182 0.690892 1.23659 0.92581 0.877492 1.25673
end
gesture a17 hands 2
0.889373 0.686467 0.795023 0.98135 0.657838 1.15211
1.05689 0.839614 0.816113 1.01644 0.65701 1.14197
1.18686 1.16602 0.981136 1.08412 0.701387 1.00104
1.20009 1.35772 1.204 1.03994 0.759287 1.05368
1.16026 1.28238 1.34197 0.934958 1.34485 1.07784
1.14753 1.25287 1.36009 0.859863 1.57088 1.01231
1.20422 1.20478 1.33991 0.742789 1.51502 1.08327
0.984605 1.21382 1.50817 0.690055 1.49284 1.01785
0.802171 1.21944 1.50926 0.718798 1.45136 0.879795
0.577504 1.03041 1.30006 0.793385 1.19434 0.827692
0.458878 0.853129 1.06322 0.955275 1.00385 0.834772
0.424856 0.68242 0.864667 1.29646 0.715046 1.05345
0.454471 0.694443 0.862382 1.33262 0.661789 1.14626
end
gesture a17 hands 2
0.641306 0.53886 1.21112 1.22539 0.809209 1.04823
0.830622 0.580022 1.19189 1.14788 0.832509 1.00803
1.24367 0.754094 1.25824 1.0053 0.888899 0.834225
1.40158 1.14647 1.56735 1.19686 0.934405 0.708016
1.47085 1.19483 1.45407 1.15511 0.874089 0.717993
1.43711 1.00861 1.50785 0.98859 0.794271 0.818063
1.31242 0.48107 1.22678 0.873778 0.842136 0.852708
1.23411 0.582021 0.849432 0.706025 0.98766 0.888676
0.959765 1.11173 0.597569 0.668557 1.11325 1.0503
0.723065 1.40407 0.715177 0.924439 1.14892 1.47836
0.660855 1.40859 0.725125 0.925968 1.1567 1.44463
0.712063 0.989465 0.711797 0.823594 1.00225 1.22845
0.941283 0.596996 0.932688 0.850544 0.889483 1.0614
end
gesture a17 hands 2
1.02754 0.764323 0.990904 0.979121 0.856321 1.04734
1.31115 1.13938 1.36221 0.984139 0.837011 0.959023
1.27874 1.12469 1.47278 1.38885 1.10871 0.682254
1.22733 0.971257 1.57902 1.45815 1.17637 0.657733
1.34204 0.820993 1.2734 1.4277 1.18557 0.662601
1.26709 0.852005 0.95847 0.978576 1.04508 0.748557
0.8777 1.21694 0.569074 0.721765 1.10326 1.00834
0.629662 1.43265 0.628709 0.673422 1.14745 1.30329
0.502618 1.4415 0.708988 0.795889 1.15809 1.4947
0.610621 1.07574 0.738148 0.877863 1.04777 1.40646
0.908542 0.790499 0.949781 0.895908 0.828878 1.13944
1.07433 0.782634 1.11173 0.84998 0.847451 0.957321
1.0292 0.786701 1.07443 0.947096 0.803667 1.04912
end
gesture a17 hands 2
0.917655 0.589273 1.12176 0.858118 0.906748 1.19402
1.02993 0.825014 0.945108 0.852958 0.905338 1.18593
1.03906 0.967504 1.04936 0.936733 0.959961 1.03509
1.10703 1.4421 1.2147 1.06395 1.04394 0.896779
1.13352 1.64566 1.31462 1.12494 1.0804 0.852088
1.1192 1.44247 1.71973 1.21442 1.09769 0.821397
1.21063 1.22193 1.6346 1.2462 1.06859 0.805909
1.30975 0.746551 1.15991 1.22686 0.967307 0.811374
1.14898 0.868745 0.746867 1.14249 0.908209 0.881777
1.0934 0.796419 0.524457 1.03593 0.91909 0.991276
0.462236 1.36881 0.737605 0.952196 1.05002 1.0018
0.569061 1.11248 0.675803 0.869381 1.02876 1.09372
0.773541 0.674496 0.899031 0.834522 0.898643 1.16413
end
gesture a17 hands 2
1.01816 0.585282 1.07646 0.86495 0.933731 1.10224
1.07882 0.743852 0.882723 0.896539 0.954657 1.06266
1.22978 1.59573 1.27322 0.90371 0.947341 1.06423
1.3528 1.50273 1.56584 0.975978 0.950183 0.96732
1.42193 0.953141 1.48182 1.01449 0.95266 0.945903
1.39931 0.703811 1.21876 1.0277 0.95217 0.958605
1.08419 0.980347 0.63189 1.15348 0.928713 0.893757
0.675995 1.31041 0.708218 1.18045 0.937784 0.906136
0.508533 1.36232 0.872528 1.08281 0.957214 0.937758
0.545362 1.16405 0.818697 0.986632 1.07521 1.01485
0.898164 0.610038 0.930905 0.928209 1.01271 1.09234
1.03419 0.562291 1.07776 0.936967 0.961323 1.10486
0.972722 0.583029 1.05876 0.902582 0.948049 1.09427
end
gesture a17 hands 2
0.915087 0.62216 1.13133 0.900991 0.961174 1.09271
1.13417 1.22209 0.914853 0.908135 0.968086 1.08164
1.14364 1.43745 0.959229 0.992994 0.967187 0.995768
1.06863 1.69778 1.36751 1.10883 0.936799 0.943988
1.18894 1.55737 1.5993 1.15362 0.929711 0.94434
1.25156 1.25454 1.57073 1.13958 0.932583 0.953628
1.27669 0.719199 1.07556 1.09935 0.947297 0.916518
1.19027 0.872909 0.751966 1.01694 1.04482 0.980263
0.926919 1.24482 0.546879 0.980222 1.03104 1.03942
0.751277 1.36481 0.571781 0.940158 0.95873 1.09093
0.74641 1.30185 0.566403 0.907909 0.962671 1.04032
0.832269 0.824231 0.718117 0.892771 0.964843 1.06336
0.940619 0.637995 1.11818 0.891303 0.994581 1.06122
end
gesture a17 hands 2
0.947325 0.792994 1.0678 1.012 0.908978 1.04058
1.13077 1.0136 1.11458 1.00924 0.913821 1.01144
1.19156 1.13114 1.24362 0.993981 0.924178 1.00796
1.20857 1.15909 1.48762 0.968921 0.943559 1.01513
1.19982 0.88813 1.42741 0.88555 0.99478 1.0001
1.17562 0.769423 1.26971 0.853431 1.00899 0.989532
1.07817 0.798907 1.03558 0.849995 1.01141 0.99582
0.817923 1.07561 0.724314 0.840096 0.998839 1.02887
0.681048 1.23965 0.705065 0.852501 0.996906 1.04213
0.649059 1.24154 0.7031 0.948761 0.936614 1.14747
0.780284 0.933465 0.879737 0.975945 0.924089 1.14803
0.97183 0.778017 1.10638 1.00084 0.904752 1.09452
1.02205 0.769915 1.17739 0.997749 0.888756 1.06903
end
gesture a17 hands 2
1.00335 0.807574 1.20479 0.985852 0.902956 1.07608
0.926789 0.859147 1.0244 1.03191 0.935446 1.04426
0.89679 0.864828 1.01916 1.01972 0.936633 1.04481
1.18004 1.21779 1.11568 0.994913 0.939274 1.00442
1.2508 1.27316 1.34718 0.989689 0.942261 1.01548
1.24369 1.06107 1.45495 0.928644 0.999683 0.97483
1.22493 0.943577 1.3619 0.863837 1.01269 0.983336
1.06835 0.892107 0.97099 0.845549 1.01123 0.98109
0.83785 1.08261 0.716891 0.878726 1.02322 0.998695
0.776327 1.1323 0.679979 0.869338 1.02367 1.01118
0.715282 1.02779 0.782988 0.903425 0.974855 1.10823
0.821667 0.863582 0.993215 0.982004 0.931713 1.16551
0.929526 0.806808 1.08849 1.03903 0.92554 1.13866
end
gesture a17 hands 2
0.970553 0.803819 1.14845 1.02268 0.916522 1.0711
0.888121 0.845965 1.04089 0.999071 0.93143 0.985338
0.889721 0.932388 1.00752 1.00571 0.931457 1.00721
0.987353 1.2266 0.980174 0.992632 0.92695 1.08922
1.08444 1.34905 1.07127 1.00344 0.918552 1.11966
1.27432 1.32843 1.35866 0.972908 0.944201 1.04199
1.27903 0.94472 1.44047 0.959723 0.965564 1.03135
1.21301 0.791152 1.32788 0.895064 0.997732 0.983369
0.969363 0.892605 0.903088 0.880472 0.987705 1.02027
0.864592 1.01963 0.769694 0.871298 1.01896 1.01492
0.788634 1.06236 0.736437 0.926103 0.951192 1.10664
0.837879 0.923876 0.850258 0.948814 0.940632 1.10253
0.974927 0.779672 1.08162 0.939334 0.925218 1.06668
end
gesture a17 hands 2
0.87424 0.654607 1.02079 0.943764 0.927839 1.08072
1.28233 1.05383 0.899969 1.04473 0.926827 1.07086
1.31335 1.34282 1.16132 0.963736 0.981011 0.925748
1.12285 1.37861 1.56639 0.888848 1.00282 0.876088
1.1325 1.30201 1.59521 0.866708 0.982274 0.980586
1.14126 0.714989 1.44571 0.94799 1.0468 1.07998
1.02562 0.737663 0.799322 1.00171 1.03125 1.11714
0.77335 1.60336 0.617493 1.03253 1.02319 1.10612
0.786669 1.62335 0.704175 0.983064 0.962242 1.06391
1.04596 1.03202 0.657866 0.962083 0.950228 1.00898
0.932702 0.653449 1.28219 0.95851 0.942123 1.00162
0.894379 0.68133 1.42418 0.962882 0.957252 0.933493
0.89033 0.641541 1.08847 0.972291 0.970681 0.911032
end
gesture a17 hands 2
0.911489 0.61256 1.18517 0.984835 0.959472 0.979912
1.11888 1.00539 0.772266 0.995251 0.930933 1.10202
1.25326 1.33185 1.09116 1.00032 0.9267 1.13077
1.15767 1.26636 1.55555 0.930544 0.984729 0.928513
1.12004 1.15628 1.65046 0.902607 0.981251 0.905029
1.08374 0.615221 1.56971 0.881657 0.959425 1.00461
1.03793 0.538379 1.27099 0.931159 1.03643 1.04478
0.887735 0.849479 0.688393 1.02076 1.01424 1.11087
0.804473 1.48649 0.613921 1.03585 0.986783 1.09544
0.846454 1.50745 0.719656 0.985005 0.955097 1.03571
0.973417 0.838182 0.840569 0.965453 0.944009 1.03378
0.797718 0.569543 1.26458 0.912312 0.928822 0.991511
0.847977 0.601793 1.24611 0.915898 0.955711 0.946564
end
gesture a17 hands 2
0.878946 0.685028 1.16763 0.919242 0.955192 0.967865
1.15698 1.06799 0.749549 0.963107 0.912755 1.16997
1.26024 1.45259 1.06855 0.988621 0.914764 1.18329
1.18952 1.37885 1.45331 1.04713 0.928214 1.06831
1.15272 1.04902 1.57461 1.01601 0.999899 0.888564
1.08269 0.657876 1.38606 0.957336 1.01221 0.866767
0.945915 0.671254 0.837585 0.88312 0.975358 0.907618
0.823077 1.21839 0.546025 0.885949 0.96977 0.975316
0.798855 1.56155 0.663346 0.952854 1.047 1.05258
0.807273 1.47039 0.630302 1.04655 1.00285 1.09518
0.912826 0.888836 0.741856 0.981768 0.964815 1.05609
0.930925 0.685185 1.39669 0.920199 0.945269 1.08816
0.876429 0.670947 1.22007 0.916866 0.950407 1.01902
end
gesture a17 hands 2
0.915468 0.576277 1.08993 0.936549 0.924815 1.07224
1.1169 0.763091 0.968133 0.944773 0.936153 1.05219
1.19082 1.168 1.0608 0.982922 0.959639 0.996363
1.20412 1.30276 1.2164 1.03123 1.00876 0.943178
1.08649 1.33374 1.5632 1.03536 1.01652 0.94903
1.15765 1.05731 1.47975 1.08655 0.984752 0.931331
0.930874 0.710919 0.980049 1.05846 0.975842 0.944565
0.893553 0.91029 0.632991 0.964834 0.989822 0.978649
0.800743 1.61742 0.667173 0.916165 1.02792 1.01704
0.772246 1.51256 0.581389 0.911021 1.0496 1.05608
0.819745 0.967156 0.549062 0.923342 1.04045 1.07488
0.913294 0.657874 0.838008 0.952104 0.948958 1.07705
0.934379 0.584713 1.08509 0.948615 0.928647 1.08684
end
gesture a17 hands 2
0.97689 0.694515 1.18507 0.974464 0.91892 1.05861
1.11849 0.805505 1.09606 1.0194 0.990555 0.951205
1.22658 0.974917 1.15446 1.02496 1.00516 0.931135
1.2148 1.1655 1.6208 0.997476 0.978809 0.93936
1.22505 1.13893 1.6152 0.95372 1.00076 0.965479
1.15895 0.993976 1.59743 0.920692 1.03558 1.00135
0.959054 0.703398 1.22068 0.913296 1.02589 1.0645
0.850975 1.14112 0.708072 0.956437 1.00879 1.08644
0.815789 1.55196 0.61876 0.953269 0.994923 1.07656
0.811677 1.31038 0.553179 0.960569 1.0232 1.06732
0.871235 0.991473 0.682987 0.955021 1.01899 1.06515
0.950212 0.70133 1.10995 0.951615 0.959434 1.08117
0.960729 0.699227 1.1527 0.959243 0.930799 1.03544
end
gesture a17 hands 2
0.93364 0.61386 1.13465 0.952402 0.930101 1.03066
1.08695 0.914938 0.886038 0.96221 0.917277 1.04871
1.19081 1.26461 1.07966 1.01324 1.03469 0.934654
1.24045 1.36744 1.56262 1.02856 1.0366 0.918032
1.27753 1.38477 1.52611 1.04193 0.989415 0.925405
1.10741 0.862749 1.33746 0.94633 0.989908 0.979085
0.94193 0.770706 1.06522 0.932673 1.03167 1.00592
0.880004 1.03616 0.771504 0.942462 1.04371 1.05289
0.844504 1.35556 0.652134 0.969825 0.988824 1.09051
0.78045 1.53442 0.687072 0.976836 1.00213 1.07802
0.844623 1.03223 0.673873 0.96557 0.955561 1.0859
0.937876 0.711269 0.924616 0.963854 0.931718 1.03983
0.945998 0.616013 1.14133 0.960998 0.930725 1.03996
end
gesture a17 hands 2
0.914098 0.624545 1.01227 0.953504 0.965326 0.986104
1.29948 1.04729 1.03063 0.933581 0.952594 1.03091
1.27544 1.27208 1.56762 1.00758 0.974625 0.95684
1.19989 0.975831 1.55309 1.06647 0.994464 0.903689
1.29483 0.772219 1.34171 1.02391 0.968345 0.959443
1.21232 0.850209 0.770821 1.00358 0.974276 0.967197
0.763433 1.32534 0.491781 0.95825 0.985175 1.01571
0.493096 1.53467 0.856285 0.919118 0.982213 1.13992
0.479783 1.56351 0.957375 0.912576 0.982081 1.1701
0.925367 1.30271 0.972367 0.91305 0.964686 1.10082
0.92203 1.27918 0.9946 0.916676 0.958809 1.09579
0.605993 1.09432 0.7876 0.982464 0.962231 1.0127
0.958576 0.63637 0.967332 1.00984 0.964402 0.980462
end
gesture a17 hands 2
1.00666 0.569783 1.07007 0.983774 0.95583 0.980582
1.22465 1.0737 0.902575 0.987092 0.960403 1.00023
1.32329 1.37153 1.37556 0.985565 0.982862 0.931186
1.33484 1.30411 1.50848 0.99362 0.952295 0.962563
1.36945 0.959218 1.58925 0.976182 0.952511 0.982483
1.34359 0.678934 1.24402 0.933648 0.994693 1.08095
1.02476 0.943071 0.635841 0.902782 0.998508 1.15042
0.622412 1.43669 0.789904 0.914605 1.01821 1.12415
0.569027 1.49177 1.04583 0.963122 0.964812 1.06637
0.835909 1.16587 0.917352 0.987359 0.953759 1.08887
0.727693 1.07768 0.989972 0.995226 0.97139 1.00238
0.938993 0.670409 1.00459 0.989862 0.974278 0.999677
0.947547 0.647177 1.01491 0.984012 0.957896 1.03571
end
gesture a17 hands 2
1.00782 0.663999 1.01377 1.00743 0.97567 1.01674
1.04907 0.971233 0.738614 0.988192 0.964399 1.05916
1.13564 1.30278 0.776157 0.981527 0.969522 1.05639
1.33818 1.37909 1.38932 0.995603 1.00295 0.945722
1.36785 1.10655 1.55307 1.01561 1.0084 0.884713
1.3668 0.74899 1.41308 1.02501 0.997529 0.872329
1.33135 0.754779 1.09787 1.02164 0.958533 0.907211
1.00869 1.1704 0.550293 0.956666 0.985658 0.988226
0.606667 1.48629 0.811805 0.943178 0.991911 1.03522
0.541919 1.48098 1.07519 0.962846 0.965208 1.05922
0.824904 0.790511 0.935273 0.960782 0.985033 1.08478
0.983725 0.641456 1.08865 0.94851 0.961264 1.068
0.978392 0.627629 1.05089 0.936789 0.964932 1.06743
end
gesture a17 hands 2
0.924204 0.58346 1.01725 0.948192 0.929311 1.07394
0.963537 0.625409 1.00711 0.937622 0.940657 1.09589
1.2398 0.933748 1.12475 0.936333 0.945382 1.08938
1.27996 1.12793 1.45933 0.976366 0.974264 0.9527
1.16623 0.998985 1.6656 1.01222 0.983036 0.917687
1.10945 0.754039 1.43133 1.02651 0.985156 0.919719
1.01639 0.717445 0.845292 0.97023 0.97914 1.04776
0.89066 0.993265 0.636698 0.953808 0.958296 1.10924
0.687666 1.57717 0.691798 0.949346 0.953392 1.09559
0.682768 1.63455 0.820799 0.935689 0.976212 1.09012
0.798094 1.44577 0.667697 0.931348 0.980694 1.07117
1.00397 0.798444 0.798164 0.936938 0.965249 1.07053
0.888356 0.596009 1.17543 0.926586 0.958637 1.10111
end
gesture a17 hands 2
0.927279 0.59667 1.1947 0.928265 0.961259 1.09806
1.16564 0.874595 0.982629 0.954961 0.955893 1.01709
1.28452 1.23869 1.25771 0.991102 0.991647 0.943786
1.26572 1.27283 1.56943 1.01003 0.992747 0.926959
1.22815 1.01436 1.60471 1.00879 0.988143 0.948529
1.19168 0.735496 1.22197 0.976851 0.98115 1.01293
0.944013 0.961207 0.631022 0.961211 0.971429 1.08027
0.582845 1.50685 0.788197 0.971219 0.951004 1.1107
0.583063 1.5168 0.825817 0.970433 0.955297 1.11239
0.807655 1.21529 0.584236 0.95863 0.973559 1.07649
0.989695 0.771893 0.746978 0.957118 0.947004 1.05577
0.950639 0.578548 1.17308 0.936609 0.961759 1.0731
0.934705 0.581677 1.23756 0.936318 0.96503 1.05375
end
gesture a17 hands 2
0.906684 0.498686 1.20058 0.932475 0.964042 1.04655
1.19051 0.839281 1.04502 0.957121 0.966034 0.999544
1.27335 1.21099 1.28883 0.957251 0.981623 0.978521
1.25221 1.27769 1.44836 1.00709 0.990153 0.906066
1.25921 0.951146 1.58087 1.01149 0.989522 0.922701
1.19147 0.677471 1.17984 0.957573 0.978185 1.07123
1.09533 0.665757 0.859759 0.965106 0.953852 1.11154
0.746826 1.14651 0.546746 0.956102 0.951713 1.11099
0.580588 1.50053 0.760872 0.975529 0.952406 1.05028
0.633115 1.52852 0.800181 0.955444 0.970623 1.04775
0.908283 1.14849 0.608089 0.958126 0.959825 1.06262
1.03003 0.702049 0.79946 0.942647 0.954742 1.11465
0.896459 0.491315 1.21441 0.937043 0.966783 1.07968
end
gesture a17 hands 2
0.899281 0.511459 1.16291 0.984485 0.968844 1.02987
1.19634 0.677679 1.13387 0.9692 0.961939 1.0329
1.3955 1.03402 1.36911 0.978598 0.963281 1.0432
1.31796 0.99642 1.54807 0.983628 0.970134 1.0233
1.15177 0.591447 1.40577 0.962124 0.936879 1.03719
0.933263 0.551983 0.840168 0.948855 0.880005 1.05519
0.730898 1.13567 0.512128 0.956033 0.914295 1.05106
0.699558 1.55342 0.71982 0.967629 0.982233 1.04089
0.747438 1.59958 0.976788 0.968582 0.992948 1.04471
0.748854 1.58038 0.963357 0.965667 0.958742 1.05586
0.824034 1.04039 0.727817 0.925059 0.994596 1.07988
0.87662 0.56871 1.03046 0.911964 0.994738 1.08526
0.862232 0.506135 1.22132 0.90328 0.96216 1.0798
end
gesture a17 hands 2
0.888462 0.588774 1.35398 0.905492 0.962223 1.10335
1.1198 0.714917 1.00634 0.936638 0.961396 1.06312
1.35864 1.3504 1.27545 0.945901 0.958914 1.05432
1.26702 0.957331 1.45434 0.979836 0.978947 1.00561
1.02899 0.533198 1.09011 0.978579 0.96499 1.0038
0.917306 0.632021 0.778988 0.963658 0.902162 1.03547
0.756421 1.20977 0.459696 0.963837 0.918096 1.04424
0.78341 1.61608 0.942954 0.962697 0.980149 1.0229
0.794081 1.57148 0.902844 0.977892 0.976572 1.03541
0.877421 1.08739 0.693224 0.983741 0.986357 1.00755
0.92243 0.622487 0.970138 0.976689 0.990868 1.0144
0.915474 0.568414 1.29116 0.96684 0.964738 1.07111
0.914436 0.56129 1.27861 0.937838 0.97487 1.13149
end
gesture a17 hands 2
0.915835 0.543871 1.30655 0.947188 0.980068 1.102
1.07081 0.667793 1.10783 0.980806 0.975462 1.0416
1.24707 1.10017 1.05923 0.984751 0.97753 1.02728
1.27254 1.43736 1.21698 0.969302 0.988315 1.00176
1.31653 1.40021 1.44305 0.957996 0.975685 1.00374
1.15213 0.633074 1.42606 0.92128 0.886022 1.04796
0.881839 0.611885 0.83016 0.924748 0.875456 1.05353
0.773429 0.840609 0.595038 0.938061 0.908788 1.04703
0.71037 1.54941 0.740692 0.954364 0.985175 1.02071
0.731643 1.48117 0.813332 0.95315 1.01333 1.01626
0.838494 0.714646 0.817467 0.967188 0.981068 1.03357
0.906958 0.563186 1.16812 0.966704 0.943184 1.08842
0.905991 0.562536 1.17029 0.93493 0.940381 1.14661
end
gesture a18 hands 2
0.904767 0.568831 1.06985 0.783028 0.693099 1.19009
1.0328 0.595972 1.1838 0.83156 0.607759 1.16772
1.11773 0.665659 1.12419 0.951389 0.683918 0.937077
1.30713 1.03329 1.20694 1.11131 1.18557 0.664072
1.21244 1.26203 1.4011 1.13371 1.51094 0.656037
0.949551 1.37811 1.45798 1.1447 1.80678 0.886845
0.935338 1.45056 1.21564 1.25224 1.62932 1.03064
0.872741 1.66762 0.86035 1.36377 1.07622 1.12415
0.772425 1.6373 0.564442 1.32097 1.05778 1.12206
0.779406 1.48849 0.486411 1.04198 1.14878 0.846365
0.910173 0.995458 0.55676 0.888159 1.00528 0.796467
0.97393 0.648818 0.924925 0.973702 0.972309 0.957163
0.952999 0.601057 1.16519 0.776493 0.71427 1.37109
end
gesture a18 hands 2
0.938368 0.631959 1.23931 0.807686 0.80461 1.40428
0.879112 0.646505 1.05591 0.827489 0.757204 1.28593
0.874814 0.630402 1.09541 0.874951 0.760318 1.12951
1.01082 0.637255 1.19404 1.02517 1.03634 0.768266
1.18461 0.742757 1.10722 1.09378 1.34494 0.710287
1.26997 1.07882 1.39776 1.1577 1.80171 0.860659
1.18264 1.16396 1.45372 1.19305 1.79608 0.939835
0.952567 1.40147 1.25456 1.31181 1.54705 0.936078
0.872777 1.68941 0.920245 1.28946 1.13053 0.88405
0.754856 1.72851 0.548298 1.03115 0.895859 0.884657
0.951968 1.24104 0.482555 1.01693 0.921574 0.798107
0.978982 1.00609 0.607091 0.864351 0.822554 0.99036
0.95193 0.654404 1.06892 0.850905 0.795505 1.23667
end
gesture a18 hands 2
0.950384 0.795123 1.15195 0.872011 0.769618 1.2738
1.01289 0.775021 1.14682 0.870688 0.744986 1.21215
1.27768 1.01068 1.07488 0.940876 0.896443 0.889715
1.35797 1.21982 1.39031 1.11896 1.35206 0.714488
1.13256 1.44676 1.53233 1.23456 1.77702 0.880902
0.926438 1.71446 1.18839 1.33416 1.7408 1.01363
0.784519 1.72644 0.577224 1.36655 1.43756 0.940515
0.674128 1.52537 0.3076 1.01091 1.06868 0.712421
0.613147 1.02568 0.292875 0.827332 0.935004 0.728962
0.660958 0.966945 0.371291 0.743639 0.791835 0.905347
0.980029 0.780367 0.852346 0.878512 0.722156 1.16588
1.00859 0.754876 1.14487 0.918554 0.809969 1.01331
0.942671 0.752228 1.08538 0.947099 0.794111 1.09259
end
gesture a18 hands 2
0.973706 0.660326 1.14049 0.947996 0.75253 1.24232
1.08232 0.68286 1.15779 1.02929 0.880368 0.900454
1.27519 0.906013 1.13374 1.06867 1.29389 0.700863
1.35192 1.07249 1.19473 1.16792 1.74704 0.775975
1.30564 1.3743 1.34276 1.22472 1.76577 0.83091
0.966499 1.55933 1.38021 1.26209 1.644 0.873851
0.960434 1.62989 1.21057 1.18474 1.30352 0.899586
0.861095 1.65632 0.648645 0.979002 1.12021 0.828213
0.664319 1.4363 0.364225 0.807031 0.993335 0.858038
0.683947 1.40946 0.403215 0.832849 0.890575 0.938044
0.899614 0.881548 0.728609 0.912808 0.806973 1.19048
1.01992 0.654293 1.19986 0.91799 0.784855 1.22484
1.01373 0.634921 1.21866 0.954855 0.754647 1.2023
end
gesture a18 hands 2
1.06082 0.643628 1.238 0.962739 0.762811 1.25293
1.22566 0.782363 1.26985 1.00976 0.863904 1.05836
1.33141 1.09492 1.30094 1.08982 1.28615 0.818891
1.30614 1.27693 1.33618 1.19201 1.62791 0.831043
1.10428 1.53547 1.3761 1.25039 1.63899 0.873063
1.00661 1.60318 1.33869 1.2926 1.53566 0.906256
0.911951 1.71839 0.899704 1.17917 1.1974 0.90652
0.828308 1.69418 0.587722 1.07828 1.11727 0.873463
0.564088 1.36832 0.289545 0.894138 1.06663 0.791162
0.875019 0.823773 0.74502 0.803152 0.96496 0.857402
0.971389 0.679737 1.05267 0.855779 0.855033 0.958208
1.00441 0.654956 1.21323 0.897481 0.77533 1.17753
1.07126 0.641974 1.21475 0.929164 0.751094 1.2516
end
gesture a18 hands 2
1.02256 0.676875 1.18669 0.886406 0.734937 1.23795
1.1572 0.732142 1.35507 0.887681 0.712614 1.30307
1.32708 1.11974 1.43521 1.05959 0.863405 0.989353
1.28685 1.28767 1.43914 1.21576 1.30556 0.73095
1.11096 1.54389 1.37336 1.25767 1.64188 0.801711
0.93107 1.76064 0.75021 1.27993 1.6543 0.869196
0.665592 1.53662 0.332088 1.27246 1.43054 0.911586
0.591665 1.42688 0.275559 1.12535 1.2459 0.850181
0.702156 1.3766 0.41222 0.888728 1.13464 0.787542
0.992081 0.828929 0.80519 0.824179 1.03979 0.817853
1.04037 0.686572 1.21013 0.900534 0.970143 0.924197
1.0378 0.667207 1.28034 0.921833 0.768336 1.17627
0.930495 0.714179 1.0047 0.895354 0.712041 1.3281
end
gesture a18 hands 2
1.0886 0.785273 1.11996 0.873721 0.734888 1.2689
1.32816 0.920138 1.10681 1.02076 0.912005 0.683678
1.3217 1.04463 1.1684 1.0086 1.45734 0.527868
1.27014 1.47755 1.32337 1.01558 1.86062 0.66966
1.05881 1.88198 1.11898 1.08098 1.84002 0.631699
0.802985 1.89908 0.529162 0.919215 1.1588 0.512247
0.592864 1.58104 0.307558 0.762168 0.808343 0.95769
0.480628 1.15365 0.474642 0.949874 0.598114 1.12037
0.606485 0.789525 1.06991 0.999622 0.780891 1.36435
0.764065 0.855107 0.910488 0.977047 1.16893 1.0735
0.438488 0.8992 0.759048 0.962579 1.15228 1.08972
0.458342 0.926819 0.755045 1.27118 0.765878 1.11313
0.74324 0.808085 1.08735 1.24689 0.747202 1.19286
end
gesture a18 hands 2
0.854711 1.24681 0.59665 0.661171 0.856111 1.08418
0.917379 1.19947 0.693545 0.655796 0.938787 0.987918
0.963811 1.11026 0.824693 0.680384 1.01254 0.907673
0.97731 1.00422 0.961061 0.728704 1.05538 0.866384
0.957317 0.903166 1.08648 0.799339 1.05678 0.866236
0.922244 0.84582 1.17194 0.882656 1.00214 0.929994
0.90315 0.814986 1.22914 0.964945 0.927364 1.03562
0.907718 0.80682 1.25936 1.02731 0.861115 1.14949
0.928509 0.808392 1.2689 1.04952 0.836212 1.22602
0.944806 0.810017 1.27689 1.05261 0.833056 1.26132
0.952236 0.805236 1.27831 1.04649 0.834524 1.27675
0.946366 0.799097 1.27437 1.04063 0.829054 1.29713
0.933555 0.793438 1.2633 1.03395 0.822307 1.32542
end
gesture a18 hands 2
1.10922 0.806267 1.2371 0.952063 0.71868 1.20962
1.35779 1.26949 1.20601 0.998513 1.1008 0.640205
1.21749 1.65204 1.25138 1.01988 1.65883 0.59911
1.07637 1.86321 1.0476 1.08496 1.69889 0.579249
0.767795 1.79956 0.439189 1.02981 1.17741 0.536936
0.414814 1.01538 0.511614 0.773096 0.741348 1.10811
0.591089 0.719854 1.12362 0.789335 0.766971 1.15323
0.32656 0.664598 0.723815 1.35727 1.04962 1.22077
0.465063 0.890059 0.358594 1.0695 1.10351 1.41716
0.872142 1.37842 0.472156 0.88026 1.53077 1.06541
1.18165 1.27484 0.718605 0.612793 0.922993 0.990489
1.10865 0.752042 1.23492 0.651001 0.943616 0.853104
1.13745 0.781834 1.19991 1.00022 0.714264 1.13434
end
gesture a18 hands 2
1.00661 0.667514 0.993589 0.942271 0.629649 1.21017
1.30244 0.769537 1.33935 0.937001 0.732217 0.93253
1.3486 1.01732 1.63101 0.962739 1.28294 0.633873
1.20525 1.59995 1.54398 1.03988 1.80611 0.82502
1.12407 1.94007 1.31857 1.03589 1.55954 0.619035
0.836714 1.86346 0.723857 0.942621 1.11161 0.523448
0.636214 1.36693 0.68354 0.818617 0.809708 0.720792
0.768112 1.25523 0.884868 0.788104 0.713381 1.24764
0.806552 1.35018 0.932703 0.891436 0.774215 1.44826
0.684957 1.13418 0.959333 1.06157 1.33074 1.04857
0.735752 0.786621 0.808045 1.21673 1.09036 1.03572
0.91281 0.796305 0.792485 1.00503 0.687669 1.11343
1.00359 0.681935 1.03743 0.958248 0.632825 1.17782
end
gesture a18 hands 2
1.05188 0.787512 1.0701 1.01079 0.813638 1.06127
1.27611 0.806262 1.25295 0.990748 0.747002 1.12926
1.38261 0.90171 1.50973 0.956879 0.988957 0.760025
1.36716 1.29245 1.68883 0.962545 1.26577 0.593543
1.28981 1.58941 1.68438 1.04515 1.95666 0.65393
1.10342 2.04457 1.37237 1.06115 1.91077 0.618651
0.844435 2.00586 0.876928 1.01975 1.60956 0.514719
0.614627 1.31291 0.634154 0.932978 1.11381 0.634978
0.596132 0.777587 0.834888 0.900755 0.93643 0.752685
0.589203 0.707224 0.902472 0.995877 0.845463 1.32795
0.645223 1.04603 0.629472 0.996598 0.767967 1.41295
0.924943 0.956096 0.763994 0.899548 0.842147 1.25289
1.0493 0.776075 1.10212 0.976702 0.807631 1.0538
end
gesture a18 hands 2
1.04129 0.789338 1.07504 0.96038 0.737041 1.10191
1.37548 0.907705 1.49108 0.955549 0.70314 1.13277
1.41694 1.03577 1.61692 0.949395 0.840557 0.807255
1.40784 1.43661 1.68815 0.96201 1.12643 0.63517
1.27576 1.92331 1.44569 1.02133 1.75956 0.598548
0.9829 2.13664 0.931809 1.10126 1.91921 0.710216
0.606625 1.59547 0.577809 1.07648 1.46963 0.507138
0.515268 1.24868 0.583642 0.962992 0.923192 0.651928
0.512672 0.806443 0.775874 0.893269 0.777042 0.955559
0.517744 0.73762 0.812985 1.00157 0.879715 1.30701
0.600877 0.925838 0.605603 0.990367 1.02098 1.29866
0.876611 0.932193 0.748156 0.955882 0.761971 1.06661
1.09034 0.775322 1.06617 0.993092 0.742537 1.03494
end
gesture a18 hands 2
1.06933 0.70405 1.14446 0.943578 0.86448 1.15618
0.965327 0.741473 1.03412 1.02419 1.00064 0.831262
1.09082 1.17619 1.11678 1.16205 1.53965 0.605149
1.08764 1.2902 1.25293 1.19415 1.70304 0.585712
0.990538 1.32042 1.41915 1.17557 1.65219 0.541531
0.967823 1.36065 1.38958 1.05191 1.28536 0.552603
0.970037 1.50272 1.17727 0.983554 1.10701 0.667485
0.861519 1.50869 0.755815 0.905824 0.876476 0.966559
0.747796 1.31546 0.575662 0.911428 0.823023 1.32923
0.762158 1.21306 0.616772 0.926638 0.859479 1.36845
0.862602 0.917233 0.810996 0.895376 0.901147 1.08792
1.07414 0.709972 1.18495 0.929438 0.917133 1.04251
1.09797 0.693656 1.25291 0.958657 0.870672 1.09356
end
gesture a18 hands 2
1.06045 0.692945 1.19504 0.956291 0.875044 1.15124
1.05036 0.754271 1.05377 0.945639 0.833063 1.16372
1.14409 1.07755 1.05454 0.977034 0.877278 1.01753
1.12463 1.25579 1.175 1.10162 1.27783 0.667837
0.994262 1.37782 1.35948 1.13583 1.51096 0.603733
0.89719 1.58123 0.988673 1.11564 1.55452 0.519619
0.763313 1.4602 0.581117 0.958745 1.20649 0.591653
0.720537 1.35367 0.512811 0.875524 0.968172 0.890464
0.71034 1.22599 0.571879 0.856702 0.871748 1.19431
0.820138 0.949 0.764503 0.959608 0.830965 1.31764
1.00105 0.737002 1.03526 0.887547 0.925792 0.988581
1.08965 0.696593 1.21906 0.947557 0.905817 0.968126
1.075 0.708709 1.15877 0.966895 0.872694 1.08321
end
gesture a18 hands 2
1.05226 0.73054 1.16005 0.959814 0.869999 1.0539
1.07192 0.867895 1.07732 0.946857 0.844909 1.04891
1.12207 1.23318 1.17639 0.999879 0.953128 0.875945
1.00198 1.38525 1.34091 1.14136 1.45669 0.598496
0.974604 1.49487 1.13764 1.17351 1.62155 0.579104
0.934032 1.52727 0.950624 1.15323 1.58302 0.552705
0.849283 1.40011 0.757627 1.08612 1.39291 0.549541
0.722831 1.0812 0.565349 0.903557 0.989277 0.838212
0.811883 0.940863 0.771119 0.84614 0.890829 1.14085
1.0178 0.730835 1.11462 0.975444 0.82588 1.28951
1.07379 0.706965 1.23178 0.889154 0.897583 1.06969
1.07027 0.70344 1.23253 0.94678 0.863592 1.13365
1.01759 0.714466 1.13681 0.910972 0.859787 1.10353
end
gesture a18 hands 2
0.899147 0.808071 1.051 0.829826 0.68632 1.20432
0.988736 0.835164 1.01782 0.853492 0.671499 1.27467
0.976023 0.706259 1.07035 0.838902 0.746482 1.12625
0.994117 0.821759 1.06567 0.802646 0.752549 1.09107
1.11639 0.977783 1.03612 0.811674 0.635156 1.22183
1.22004 1.26628 1.04461 0.923676 0.545978 1.08402
1.13383 1.54345 1.13404 0.997094 0.646523 0.913349
1.04965 1.60689 1.18596 1.10493 1.20937 0.751719
0.982487 1.61031 1.21458 1.1008 1.66388 0.811935
0.765144 1.35607 1.18858 1.07971 1.52258 0.774519
0.608219 1.11647 1.05191 1.17423 1.03371 1.02713
0.612039 0.876113 0.912017 1.08774 0.755632 1.18171
0.939804 0.868746 0.804689 0.829802 0.691494 1.2628
end
gesture a18 hands 2
0.990655 0.728537 1.05787 0.943284 0.753961 1.40541
0.973869 0.724174 1.1501 0.869447 0.85384 1.05369
0.946517 0.57332 1.15845 0.875605 0.738699 1.27934
1.21824 1.0034 1.06333 0.637171 0.927494 1.04428
1.24511 1.16673 1.08567 0.844532 0.645323 1.11621
1.18004 1.46432 1.19315 1.13985 0.689882 0.923046
1.04117 1.50926 1.27754 1.26034 0.864608 0.802256
0.992861 1.4788 1.23967 1.31219 1.41311 0.744383
1.05331 1.65269 0.916462 1.2286 1.67512 0.795541
0.84787 1.65913 0.536068 1.20676 1.48861 0.709832
0.768643 1.40421 0.500304 1.05447 1.04423 0.781109
0.799466 1.22911 0.540947 1.00347 0.974367 0.858895
0.9303 0.829884 0.759347 0.95678 0.817125 1.20864
end
gesture a18 hands 2
0.952877 0.862699 0.900816 0.972522 0.878208 1.17552
0.893777 0.828713 1.10694 0.890107 0.892425 1.07798
1.02001 0.859528 0.997068 0.651869 0.921141 1.02892
0.933622 0.71007 1.06577 0.881176 0.664013 1.01264
1.15924 1.04054 0.930718 1.18544 0.80801 0.801489
1.31362 1.17255 1.16344 1.36215 1.31704 0.678967
1.13743 1.35787 1.50194 1.29642 1.76475 0.759447
1.10272 1.43076 1.4537 1.23077 1.71559 0.765704
0.995504 1.80415 0.714261 1.04468 0.941936 0.85438
0.767191 1.66814 0.444595 0.942685 0.897553 0.858311
0.692143 1.24773 0.463814 0.992565 0.881725 1.47847
1.07648 0.86149 1.16967 0.91848 0.89831 0.924144
0.946332 0.838563 1.02467 1.00094 0.859773 1.17827
end
gesture a18 hands 2
0.925647 0.7488 1.04239 0.869617 0.868747 1.17535
1.02734 0.767525 1.10163 1.03836 0.871655 0.916545
1.18284 0.878615 1.00058 1.11698 1.04697 0.767697
1.23921 1.01398 1.01086 1.23715 1.6027 0.599728
1.26471 1.39924 1.15571 1.25604 1.73499 0.622341
1.19823 1.5553 1.24744 1.27371 1.61124 0.55528
0.968971 1.65628 1.4114 1.05762 1.17751 0.622373
1.05981 1.78465 1.05744 0.91608 1.01726 0.773939
0.976953 1.75698 0.775578 0.87733 0.976699 1.02756
0.709934 1.30523 0.576338 0.982387 0.92587 0.971211
0.709657 1.00195 0.716094 1.01255 0.915866 0.994913
0.943441 0.796331 0.896523 0.962235 0.927483 1.18566
0.987306 0.746935 1.02101 0.932809 0.891024 1.19007
end
gesture a18 hands 2
0.989173 0.737325 1.09145 0.951979 0.878442 1.13257
1.21902 0.959397 1.04724 1.02272 0.880142 0.854651
1.2613 1.42206 1.18935 1.06571 1.08913 0.678353
1.02883 1.62673 1.41469 1.13964 1.71258 0.572458
1.02178 1.69382 1.34569 1.17876 1.83946 0.61089
0.98339 1.83458 0.919131 1.28287 1.56236 0.597072
0.871826 1.6775 0.707318 1.25582 1.30259 0.620053
0.754018 1.44893 0.599595 0.988762 0.957852 0.848444
0.679339 1.23228 0.5998 0.897857 0.915235 0.959706
0.703945 1.02859 0.684575 0.927849 0.884337 1.0019
0.892395 0.817066 0.864136 0.923844 0.862588 1.39431
0.960719 0.734192 1.05959 0.859183 0.874438 1.17118
0.963102 0.732024 1.06937 0.872944 0.847682 1.11529
end
gesture a18 hands 2
0.956707 0.744114 1.03065 0.888721 0.873396 1.1398
1.22666 0.983669 1.02084 0.987001 0.870017 0.981742
1.26116 1.38884 1.17575 1.08192 1.16633 0.646024
1.20613 1.54286 1.27029 1.19402 1.67146 0.555986
0.978155 1.64141 1.44564 1.24669 1.74736 0.583136
1.084 1.74553 1.20923 1.29896 1.62858 0.572486
1.04286 1.76197 0.941209 1.23569 1.19057 0.550066
0.934907 1.62948 0.702823 0.897092 0.930064 0.940926
0.759658 1.39611 0.554934 1.00021 0.95354 0.908284
0.692387 1.1883 0.606582 0.912562 0.916608 1.44392
0.698265 1.0605 0.682625 0.917496 0.901867 1.42321
0.973933 0.765024 0.943451 0.890488 0.895786 1.14896
0.969794 0.753834 1.04928 0.911776 0.86472 1.11471
end
gesture a18 hands 2
0.906403 0.768307 0.995379 0.758638 0.711543 1.22038
0.998119 0.762093 1.0393 0.80109 0.666458 1.27715
1.03054 0.797183 0.979197 0.890961 0.684159 1.03406
1.14894 0.94227 1.02418 1.02158 0.932952 0.708302
1.27061 1.11549 1.27028 1.09062 1.1739 0.621888
1.19587 1.36029 1.52158 1.17618 1.65267 0.68824
1.08115 1.79345 1.27357 1.20118 1.76278 0.821261
0.976577 1.76152 0.969113 1.23162 1.76548 0.951162
0.869388 1.55467 0.729457 1.26999 1.68248 1.03506
0.779609 1.25067 0.62964 1.27384 1.50139 1.05004
0.764853 1.10034 0.709839 1.19788 1.18674 0.98538
0.956592 0.805378 1.01445 1.01383 0.928425 0.990836
0.95362 0.783181 1.02407 0.809974 0.818861 1.04806
end
gesture a18 hands 2
0.928321 0.760432 1.07848 0.783933 0.709707 1.17962
0.994907 0.741315 1.06428 0.733593 0.668961 1.38472
1.13604 0.865994 1.07016 0.76046 0.642607 1.3019
1.2061 0.961657 1.15936 0.846731 0.676087 0.979465
1.2696 1.18312 1.40909 0.914936 0.817943 0.802279
1.18946 1.35608 1.45286 1.07249 1.32581 0.603956
1.15646 1.46458 1.36324 1.19247 1.69179 0.782248
1.00283 1.80959 0.929901 1.25575 1.58698 1.03407
0.866052 1.7046 0.690213 1.23063 1.23061 1.06832
0.788404 1.34656 0.611935 1.10282 1.00606 0.942435
0.768164 1.03101 0.682579 0.924028 0.852438 1.06023
0.943451 0.763892 1.0939 0.902386 0.90921 1.02525
0.940203 0.751593 1.10045 0.813296 0.704074 1.19112
end
gesture a18 hands 2
0.948687 0.818977 1.06636 0.836176 0.753721 1.22089
1.09813 0.892192 1.00313 0.790449 0.745523 1.30468
1.25137 1.07561 1.13995 0.831699 0.735781 1.24132
1.27685 1.25308 1.40118 0.93146 0.951494 0.771991
1.2071 1.38702 1.47831 1.06273 1.43318 0.611857
0.999286 1.63252 0.936442 1.1852 1.78762 0.80231
0.886232 1.56537 0.742196 1.29175 1.67112 0.993034
0.82551 1.10818 0.692086 1.32478 1.52698 1.02053
0.865553 0.975587 0.790134 1.2586 1.19966 0.950975
0.871639 1.02039 0.739667 1.09287 0.996584 0.883604
0.92201 0.995297 0.789791 1.08316 0.999243 0.957136
0.955666 0.810528 1.09441 0.872718 0.790067 1.12591
0.938604 0.805748 1.09008 0.874071 0.791088 1.09555
end
gesture a18 hands 2
0.933825 0.637323 1.09581 0.867071 0.737389 1.2483
1.1994 0.793921 1.15834 0.889017 0.817236 0.837447
1.26097 0.915801 1.20705 0.972323 1.10493 0.609837
1.1878 1.48679 1.42015 1.04075 1.3152 0.567346
1.10298 1.57175 1.42539 1.17082 1.63578 0.715272
0.86833 1.7101 1.23631 1.24587 1.67758 0.771054
0.860109 1.80214 0.845123 1.14272 1.46373 0.568694
0.826372 1.61771 0.575123 1.00808 1.11768 0.660214
0.787835 1.30282 0.404291 0.91103 0.832366 0.945624
0.784008 0.950031 0.409509 0.90561 0.746373 1.26996
0.994264 0.654409 1.0033 0.916828 0.771847 1.40757
0.964606 0.661335 1.20744 0.912778 0.738877 1.20169
0.950463 0.647105 1.04817 0.8977 0.73889 1.2126
end
gesture a18 hands 2
0.955434 0.663552 1.10107 0.902171 0.704177 1.26643
1.17694 0.794525 1.3467 0.998241 0.933391 0.78497
1.21798 1.0195 1.46776 1.10648 1.32097 0.622949
1.19738 1.3508 1.49271 1.19047 1.62617 0.690735
1.06085 1.5878 1.37884 1.17814 1.6088 0.657643
0.992621 1.6819 1.29783 0.982525 1.40864 0.637167
0.925581 1.83569 0.908325 0.890742 1.25919 0.696076
0.854651 1.7348 0.619861 0.845542 0.921307 0.976939
0.751055 1.42413 0.472189 0.963409 0.743439 1.35932
0.652428 0.859992 0.542623 0.86145 0.740122 1.32127
0.938422 0.749885 0.730527 0.830689 0.740637 1.18555
1.06222 0.690103 1.0345 0.909967 0.687534 1.25997
0.962057 0.666719 1.2483 0.897562 0.686517 1.28032
end
gesture a18 hands 2
0.975456 0.654565 1.20056 0.968081 0.710413 1.23391
1.14514 0.764265 1.13179 0.986631 0.846763 0.840719
1.24617 1.26322 1.40456 1.03217 1.02348 0.707598
0.942487 1.65896 1.28678 1.12715 1.47271 0.584228
0.932446 1.76828 1.11935 1.16628 1.75604 0.695407
0.831028 1.70344 0.587667 1.13628 1.72858 0.637671
0.752642 1.34279 0.513855 0.8863 1.34729 0.539214
0.732158 0.750985 0.726485 0.808189 0.975539 0.81019
0.719577 0.726557 0.75085 0.979168 0.808269 1.02791
0.779677 0.929924 0.577491 0.942904 0.762536 1.47303
0.934953 0.890842 0.645261 0.935622 0.791836 1.09168
1.07214 0.690598 1.28539 0.943336 0.792701 1.06275
0.992311 0.654978 1.32336 0.869299 0.744724 1.43061
end
gesture a18 hands 2
0.981948 0.6456 1.08439 0.899803 0.640182 1.31748
1.09757 0.678764 1.08929 0.900852 0.592079 1.17517
1.18974 0.784334 1.08491 0.916961 0.691678 0.988372
1.30503 1.10816 1.172 0.968235 1.20799 0.654443
1.17335 1.42981 1.29166 0.990768 1.46717 0.688596
1.0692 1.53703 1.30756 1.07547 1.67718 0.861612
0.822807 1.64517 1.2616 1.10596 1.58831 0.826001
0.816417 1.70669 1.15176 1.08063 1.38905 0.71566
0.790739 1.62546 0.69003 1.01852 1.08387 0.699622
0.759049 1.0825 0.573773 0.997807 0.966296 0.84835
0.799596 0.797938 0.719417 0.907593 0.645623 1.27617
0.974078 0.634112 1.10084 0.869218 0.629712 1.46413
0.980681 0.63272 1.11707 0.876704 0.649303 1.43265
end
gesture a18 hands 2
0.97113 0.652309 1.19451 0.865684 0.631743 1.42814
1.2161 0.873577 1.08871 0.91639 0.659095 1.13352
1.23607 1.29824 1.21523 0.951506 0.778862 0.944409
1.14676 1.47757 1.26252 0.993343 1.01742 0.789598
0.922316 1.64135 1.25503 1.02258 1.30325 0.763035
0.852926 1.70523 1.20197 1.0481 1.61766 0.87416
0.805137 1.73806 0.858741 1.08768 1.5539 0.873712
0.794352 1.60414 0.651537 1.06787 1.28296 0.737856
0.790597 1.37333 0.53862 1.04769 1.24367 0.735246
0.823844 1.01213 0.567515 0.969921 1.0917 0.817033
0.936994 0.760367 0.841071 0.884935 0.792753 1.03792
0.972862 0.653209 1.07476 0.876333 0.615189 1.3508
0.989261 0.63062 1.17962 0.8893 0.607482 1.39641
end
gesture a18 hands 2
0.983199 0.680486 1.11888 0.914997 0.70031 1.2818
1.20976 0.863706 1.10401 0.942911 0.779455 0.975175
1.28521 1.02463 1.13707 1.02644 1.29259 0.641881
1.19604 1.43784 1.27445 1.05448 1.56479 0.675688
0.9576 1.66341 1.28332 1.05684 1.72514 0.760945
0.810507 1.82328 1.11014 1.10937 1.7553 0.840334
0.794944 1.81418 0.898002 1.1391 1.68327 0.81312
0.801482 1.4978 0.539673 1.04712 1.23093 0.653164
0.800603 1.10436 0.482738 1.01708 1.1428 0.698215
0.896459 0.883159 0.718178 0.925498 0.844154 1.01551
0.973949 0.709661 1.08081 0.891587 0.715059 1.31138
1.01052 0.661269 1.33581 0.917864 0.72297 1.29085
1.01688 0.650099 1.16776 0.92811 0.743497 1.11533
end
gesture a19 hands 2
0.982639 1.10831 0.994012 0.935772 0.97499 0.967877
0.918991 0.938468 1.00659 0.860448 0.661103 1.06842
0.677365 0.815478 1.03929 1.27015 0.619503 1.12007
1.10581 0.899126 1.05114 1.55336 0.946349 0.958968
1.39614 1.12536 0.990238 1.4074 0.753981 0.985567
1.40733 1.05736 0.986489 0.997098 1.01738 0.982279
1.02941 0.649501 1.12045 0.649173 1.44056 1.00986
0.973486 0.57341 1.15587 0.782081 1.54287 1.00787
0.848449 0.619289 1.15528 1.0479 1.57808 0.860879
0.76024 0.875524 1.04641 0.850615 1.58349 0.852189
0.718225 1.32284 0.846623 0.44678 1.46846 0.995955
1.0476 1.13414 0.991812 0.823005 0.998383 1.07761
1.00459 1.12672 1.02108 0.905741 0.954936 1.03236
end
gesture a19 hands 2
1.01535 0.982871 1.01719 0.890125 0.951858 0.952205
0.80516 0.721426 0.968393 0.972746 0.643311 0.989969
0.917531 0.624617 0.997394 1.19131 0.607314 1.01264
1.19188 0.620345 1.03572 1.67827 0.977494 0.956071
1.47007 0.902936 1.05808 1.62166 0.928247 0.951507
1.59491 1.17585 1.03786 1.36211 0.67423 0.977969
1.52049 1.09273 1.03325 1.08789 0.60569 0.989811
1.22503 0.799153 1.02353 0.549461 1.07657 1.04879
0.722635 0.838509 0.986045 0.606139 1.86098 1.13199
0.458144 1.24929 0.945398 0.481148 1.52869 1.10111
0.493172 1.42628 0.96995 0.670266 1.10627 1.14413
0.919491 1.0366 1.0378 0.904645 0.955705 1.11774
1.05062 0.97984 1.11866 0.947244 0.957701 0.985496
end
gesture a19 hands 2
0.979715 0.995071 1.10038 0.931818 0.977938 1.01656
0.881494 0.738071 1.00784 0.853664 0.972929 1.0562
1.12281 0.71955 1.009 1.01906 0.758842 0.995026
1.40367 1.12943 0.9642 1.57552 1.11324 0.939663
1.41613 1.20069 0.946732 1.5843 1.16404 0.929857
1.06357 0.880611 1.00099 1.45294 0.903386 0.962468
0.818582 0.868045 1.00027 1.04276 0.688901 0.99626
0.444359 1.07468 0.962177 0.72616 0.82364 0.990595
0.404128 1.21189 0.944139 0.339575 1.27662 1.00037
0.546355 1.15484 0.943118 0.329075 1.42507 1.04211
1.12687 1.03256 1.06492 0.415682 1.31089 1.09646
1.16631 1.02675 1.15771 0.82894 1.00289 1.19748
1.04075 1.00804 1.09111 0.861218 0.985155 1.01076
end
gesture a19 hands 2
0.860884 0.881088 0.884375 0.876725 0.878299 1.12261
0.862286 0.876238 0.980903 0.856646 0.868433 1.18691
1.22419 0.835699 1.07134 0.906977 0.904768 0.974282
1.61597 1.26868 1.09304 1.5513 1.00816 0.905025
1.54432 1.44712 1.08018 1.65371 1.18472 0.997981
1.44575 1.13463 1.10907 1.61218 1.16824 1.02574
0.855535 0.802728 1.06431 1.20208 0.835953 0.992581
0.558756 0.852164 1.01466 0.589317 0.906108 1.01723
0.386612 1.03108 0.939467 0.308897 1.18195 1.08171
0.39829 0.989363 0.90484 0.285578 1.17902 1.1105
0.762409 0.846077 0.979821 0.695925 0.907073 1.03607
0.863062 0.859918 1.1708 0.917233 0.945404 1.02998
0.801455 0.860456 1.13069 0.893633 0.929585 1.07397
end
gesture a19 hands 2
0.93958 0.813668 1.01807 0.966085 0.879989 0.996708
0.940875 0.812152 1.10179 1.38941 0.973291 0.966736
1.1565 0.869263 1.09542 1.50581 1.05477 0.984995
1.52648 1.22321 1.12437 1.56713 1.26879 1.0303
1.47086 1.53257 1.11475 1.53825 1.21246 1.02124
1.45942 1.48033 1.09323 1.31175 0.90382 0.969061
1.28032 1.01033 1.04674 0.988177 0.8224 0.958673
0.975234 0.828271 1.02667 0.411404 0.983066 1.0406
0.452029 0.915537 0.982871 0.303061 1.15124 1.24461
0.368999 1.01181 0.940568 0.355003 1.07903 1.24215
0.523541 0.909044 0.957411 0.598198 0.906253 1.19627
0.988652 0.815709 1.05848 0.904322 0.855017 1.07482
0.95584 0.791874 1.09222 0.92985 0.881538 1.00803
end
gesture a19 hands 2
0.96699 0.829816 1.06262 0.909828 0.874628 0.999345
0.990991 0.825783 1.07141 0.869274 0.870325 1.03925
1.34726 0.93256 1.06518 1.25446 0.885293 0.976724
1.55213 1.47831 1.1234 1.60408 1.04552 1.01148
1.54393 1.46264 1.11006 1.65418 1.21029 1.03423
1.32945 0.999806 1.07139 1.55329 1.03809 1.01042
1.05681 0.789118 1.03504 1.10838 0.771403 0.969345
0.749837 0.803967 0.994899 0.569172 0.95495 0.959376
0.429136 1.05275 0.940088 0.416608 1.11156 0.989274
0.419909 1.17483 0.91183 0.417885 1.34763 1.08788
0.506719 1.087 0.905743 0.449769 1.25166 1.1285
0.905088 0.846881 1.03355 0.713213 0.914976 1.18707
0.901792 0.831364 1.10197 0.879615 0.870809 1.0201
end
gesture a19 hands 2
1.061 0.793622 0.969289 0.967796 0.694525 0.917451
1.41987 0.99088 0.916406 1.34002 0.936743 0.930473
1.39987 1.04088 0.893641 1.31922 0.96174 0.886583
0.647598 0.878917 1.03919 0.991116 0.731409 0.864325
0.535321 1.30113 1.22298 0.739085 0.676636 0.892297
0.715299 1.58334 1.22337 0.406409 1.06529 1.08776
0.55764 1.18975 1.22351 0.424873 1.34971 1.21372
0.603604 1.2039 1.25135 0.839339 1.65904 1.48695
0.695124 1.52789 1.29895 1.01839 1.49682 1.31168
0.561461 1.37467 1.28246 0.856216 1.47481 1.38901
0.494383 0.996816 1.09968 0.723287 1.22434 1.26606
0.911031 0.793476 0.831355 0.699519 0.752892 0.879797
1.17597 0.809331 0.994808 1.09731 0.767392 0.928379
end
gesture a19 hands 2
1.17915 0.888785 0.989867 1.07215 0.704783 0.907038
1.46996 1.28307 0.859132 1.36316 1.02231 0.917482
1.37512 1.19073 0.826252 1.37419 1.09153 0.904637
1.04401 0.904925 0.866528 1.27402 1.00011 0.859114
0.661435 0.91538 1.01548 0.92709 0.729809 0.844737
0.613418 1.0489 1.18405 0.53025 0.800492 0.991841
0.599946 0.997602 1.13399 0.462669 1.20915 1.22913
0.526615 1.15959 1.35686 0.900621 1.6032 1.16057
0.435395 1.19764 1.30797 1.02098 1.47284 1.18318
0.568785 0.944729 1.00872 0.769618 1.37614 1.45687
0.959992 0.922407 0.820162 0.641461 0.977068 1.1825
1.03517 0.932553 0.848321 0.853491 0.779071 0.834056
1.2399 0.78589 1.0919 0.793213 0.613957 0.91872
end
gesture a19 hands 2
1.2324 0.672214 1.07843 0.78733 0.631307 0.938339
1.19097 0.792637 0.886169 1.30078 0.910881 0.912778
1.43325 1.1617 0.860887 1.3885 1.08894 0.920267
1.41338 1.14984 0.84784 1.36652 1.07885 0.90004
1.04506 0.771058 0.832281 0.985136 0.754695 0.840064
0.648503 0.824297 1.00402 0.431797 0.969484 1.13475
0.612246 0.953105 1.21354 0.690206 1.55641 1.30884
0.724952 1.6325 1.46172 1.09041 1.59627 1.19261
0.635136 1.47749 1.23746 0.968437 1.35169 1.51727
0.614658 0.851332 1.07058 0.849435 1.15152 1.34716
1.00237 0.817694 0.806857 0.771252 0.740319 0.933029
1.13328 0.773889 0.913294 1.03941 0.802991 0.806999
1.01283 0.77558 0.920944 0.918533 0.743807 0.929672
end
gesture a19 hands 2
1.18416 0.744748 1.04327 0.962095 0.567387 1.05885
0.945364 0.783877 0.930185 1.19181 0.558237 0.885334
1.40204 0.998647 0.895672 1.60657 0.953726 0.943704
1.51039 1.33268 1.02275 1.56886 1.25509 1.14736
1.51135 1.43061 1.22866 1.18911 1.28223 0.950452
1.27516 0.932896 1.04933 1.22302 1.2188 0.877683
1.02233 0.841227 0.928606 0.966467 0.931256 0.706975
0.579988 1.09357 0.938369 0.637286 0.902064 0.846057
0.546783 1.27663 1.08935 0.588183 1.15888 1.04349
0.53592 1.02095 0.965944 0.720144 1.48924 1.29332
0.892443 0.721343 0.987302 0.614415 1.39412 1.4479
0.990363 0.782577 1.0427 1.04173 1.29829 1.02337
0.966397 1.08818 1.03388 1.06974 1.39765 1.01334
end
gesture a19 hands 2
0.940442 1.04063 1.0501 1.00036 1.29498 1.04511
1.11835 1.01624 1.15444 1.10351 1.32626 1.00858
1.03243 0.806306 1.02121 1.03581 0.759802 0.824732
0.944077 0.892221 0.804987 1.06718 0.606655 0.805572
1.41124 0.915131 0.988148 1.23333 0.589397 0.886581
1.45394 0.962413 1.37377 1.58446 1.00987 1.17105
1.47543 0.933587 1.17727 1.50868 1.18588 1.31017
1.00625 0.808849 0.948911 1.33442 0.738749 1.16448
0.721353 0.873682 0.871451 0.824929 0.624524 0.848848
0.43974 1.24354 1.01533 0.555101 0.772594 0.816047
0.471156 1.25158 0.97797 0.372769 1.08644 0.931574
0.873982 0.820401 0.86129 0.595799 0.761328 0.876675
1.1381 0.682825 1.1058 0.783258 0.448858 1.18183
end
gesture a19 hands 2
1.15577 0.751421 1.10507 0.771486 0.578794 1.03499
0.988622 0.961988 0.813343 0.948182 0.729533 0.773544
1.40078 0.982885 0.942975 1.05783 0.753182 0.72425
1.46401 0.978088 1.26658 1.38706 0.836204 0.944981
1.21894 1.18049 1.47147 1.53094 1.2645 1.15441
1.152 1.14496 1.49267 1.44328 1.19535 1.22055
1.19585 0.989857 1.26596 1.10814 1.43127 0.912334
0.9888 0.817879 0.798421 1.05123 1.32398 0.961979
0.721816 0.938969 0.812101 0.83662 1.27153 1.22167
0.386066 1.32669 0.994862 0.708377 1.33714 1.15413
0.477693 1.0928 0.867366 0.675528 1.08165 1.04555
0.992033 0.745206 1.0143 0.692098 0.554886 1.00934
1.08187 0.771819 1.07423 0.743002 0.581673 1.05343
end
gesture a19 hands 2
1.10328 0.790033 1.05809 0.896965 0.809913 1.07725
1.02376 0.853337 0.994393 0.912791 0.828018 0.943447
1.21665 1.01243 0.945864 1.17416 0.894712 0.835887
1.38271 1.28555 1.05669 1.47401 1.09125 0.82475
1.38689 1.22434 1.0394 1.59144 1.21542 0.883971
1.22447 0.896078 0.980051 1.34852 0.893994 0.855396
0.977667 0.803406 0.989515 1.05166 0.798337 0.916765
0.74502 0.834278 1.03679 0.745232 0.818201 1.03192
0.599869 0.952325 1.09224 0.521155 0.95723 1.16803
0.578136 1.14544 1.18012 0.488345 1.20893 1.32459
0.591637 1.06602 1.13707 0.550296 1.17376 1.32792
0.828116 0.875201 0.960583 0.753886 0.932131 1.13787
1.07751 0.823268 0.952308 1.00731 0.857128 0.984533
end
gesture a19 hands 2
1.04482 0.819802 1.01008 0.962538 0.858905 1.01926
0.88437 0.852491 0.984267 0.877367 0.847311 0.94526
1.00082 0.897011 0.972125 0.93718 0.860665 0.885627
1.2819 1.1653 1.01954 1.22435 0.987068 0.817663
1.35403 1.45673 1.11863 1.53159 1.31579 0.934262
1.37175 1.5007 1.11889 1.56179 1.22366 0.979614
1.34227 1.07442 1.03788 1.48604 1.0422 0.940931
1.15362 0.860975 1.00432 0.949477 0.782435 0.982209
0.676589 0.797687 1.05186 0.651151 0.827094 1.10263
0.564097 0.990489 1.1023 0.407085 1.1268 1.36953
0.569249 1.0088 1.09287 0.438529 1.07469 1.34411
0.947851 0.800232 0.977574 0.764704 0.865394 1.04891
1.08344 0.793563 1.03192 0.912486 0.824496 1.01987
end
gesture a19 hands 2
1.13309 0.803904 1.03899 0.963575 0.85873 1.04761
0.844113 0.889361 0.949876 0.818084 0.865169 1.04946
0.782741 0.928975 0.942098 0.863881 0.861309 0.979649
1.04341 0.902488 0.948351 1.31204 1.03228 0.759755
1.36658 1.12593 1.06761 1.56661 1.27526 0.828565
1.44639 1.41301 1.25415 1.63897 1.18878 0.949715
1.46231 1.46122 1.25872 1.30867 0.833342 0.916069
1.49642 1.25276 1.16006 0.997077 0.749384 0.935962
1.19866 0.766885 1.00881 0.691415 0.845899 1.03468
0.935048 0.684591 1.00283 0.400651 1.17153 1.27515
0.570637 1.05589 1.13046 0.409705 1.19762 1.3185
0.565164 1.09762 1.13347 0.719247 0.911309 1.18823
0.878276 0.849329 0.954545 0.817763 0.867329 1.15195
end
gesture a19 hands 2
1.01953 0.78266 1.12768 0.832997 0.773389 1.15818
0.991329 0.93576 0.846581 1.30366 0.973127 0.934004
1.24814 1.02507 0.871848 1.51762 1.24632 1.02795
1.36366 1.46843 1.06464 1.53048 1.31801 1.15471
1.35496 1.44742 1.06865 1.38655 0.941772 1.00892
1.21245 0.915018 0.932033 1.13616 0.856999 0.947819
0.93356 0.838312 0.897126 0.557183 0.993576 0.894999
0.449572 1.04519 0.930102 0.559012 1.55786 0.994775
0.36519 1.38167 0.977403 0.688283 1.10933 0.872677
0.471011 1.39076 0.896822 0.830712 0.850894 0.978296
0.908206 0.868624 0.873759 0.960132 0.799863 1.0406
1.16235 0.803327 1.05332 0.919031 0.809639 0.956866
1.05779 0.766433 1.13431 0.866748 0.746899 1.14838
end
gesture a19 hands 2
1.09478 0.752118 1.16265 0.840261 0.731014 1.19111
0.79213 0.952793 0.841952 0.95216 0.965955 0.85019
0.838694 0.787626 0.940356 0.924497 0.92113 0.860105
1.42982 1.00022 0.977133 1.4664 0.980172 1.08381
1.44143 1.46574 1.115 1.51392 1.33003 1.1983
0.861364 0.809838 0.922046 0.83591 0.830192 1.05681
0.354018 1.18446 0.96586 0.38631 1.17919 0.933955
0.359359 1.43294 0.967049 0.433375 1.48726 0.975853
0.488581 1.08607 0.863124 0.811445 0.826873 1.02527
0.86891 0.832206 0.947107 1.18212 1.01159 0.898011
1.37379 0.885894 1.24125 1.1155 0.924638 0.895418
1.365 0.862905 1.25826 0.825181 0.738634 1.2304
1.0687 0.761497 1.14486 0.813158 0.738244 1.22362
end
gesture a19 hands 2
1.07611 0.731395 1.14882 0.840679 0.71674 1.21452
0.631481 1.07626 0.786172 0.806899 1.01775 0.805195
0.842058 0.804863 0.888816 1.14596 0.771339 1.00565
1.17024 0.811482 0.930157 1.54604 1.2134 1.14736
1.47237 1.41755 1.11308 1.54352 1.30276 1.186
1.23162 0.951091 0.973163 1.07521 0.759348 0.97697
0.4823 0.921488 0.957687 0.562201 0.892759 0.96658
0.392874 1.4026 0.998459 0.519758 1.50476 1.03432
1.02627 0.771331 0.983754 0.827965 0.837955 0.988957
1.48999 0.908877 1.30064 0.979387 0.845591 1.03693
1.48219 0.894526 1.32734 1.24132 1.07431 0.968639
1.11878 0.725792 1.18626 0.984724 0.749852 1.10534
1.10677 0.729086 1.17115 0.886309 0.722301 1.19979
end
gesture a19 hands 2
1.04739 0.853802 1.12099 0.872596 0.847825 1.15293
0.920156 0.834235 1.00147 0.926754 0.847975 1.03049
1.07658 0.778241 1.03067 1.26931 0.82063 1.01589
1.30554 0.906468 1.03278 1.546 1.17167 1.03128
1.45127 1.21947 1.07442 1.5349 1.17493 1.01643
1.44608 1.2269 1.07533 1.25638 0.83909 0.947231
1.08609 0.835435 0.979319 1.02319 0.804315 0.945242
0.642068 0.98584 0.969994 0.595286 1.09274 0.949803
0.450031 1.38411 0.969746 0.523977 1.43496 0.956997
0.455094 1.36121 0.963304 0.528855 1.4688 0.945349
0.894343 0.960531 0.914052 0.581306 1.34297 0.95653
1.16072 0.883523 1.09822 0.798965 0.946388 1.02668
1.0683 0.843321 1.1237 0.905372 0.840215 1.06279
end
gesture a19 hands 2
1.02029 0.792541 1.17817 0.836748 0.799865 1.09863
1.01392 0.790185 1.14454 0.907272 0.815451 1.01531
1.09138 0.916257 0.93689 1.20332 0.941037 0.857147
1.31145 1.13675 0.854754 1.46638 1.20794 0.904905
1.34853 1.30854 0.914721 1.49109 1.19073 0.958829
1.27209 1.04629 0.960003 1.25848 0.843776 0.957001
0.854432 0.750345 1.02006 1.03403 0.738271 0.986716
0.648709 0.85012 1.05724 0.824469 0.830272 1.02014
0.45694 1.13421 1.05513 0.620349 1.18951 1.03143
0.448328 1.25782 1.03652 0.63541 1.33556 1.05792
0.738976 0.953338 0.972375 0.674579 0.952586 1.16782
0.969037 0.851722 1.06344 0.788846 0.818684 1.17381
1.00978 0.802724 1.19758 0.773784 0.801405 1.06721
end
gesture a19 hands 2
0.968768 0.86202 1.14926 0.818203 0.889067 1.03119
0.955496 0.860331 1.12032 0.830018 0.871964 1.10186
1.12797 0.958767 0.998852 0.981593 0.893448 0.935725
1.31342 1.26971 0.865686 1.33103 1.06449 0.853667
1.31687 1.2209 0.88879 1.4789 1.21933 0.899058
1.24148 0.877747 0.913718 1.47774 1.24043 0.930804
0.750358 0.790046 1.03836 1.41352 0.924013 0.933798
0.557512 0.911364 1.06853 0.951988 0.780547 1.02043
0.494523 1.10545 1.04084 0.756415 0.873529 1.0507
0.604127 1.05914 0.970543 0.700017 1.13784 1.04933
1.00498 0.919518 1.02154 0.753809 1.12112 1.01517
0.986266 0.856408 1.18993 0.793888 0.936099 1.1457
0.96981 0.861206 1.16095 0.831027 0.87972 1.13668
end
gesture a19 hands 2
1.02899 0.724148 1.07275 0.858749 0.632514 0.983689
1.3458 0.87162 0.918184 1.15233 0.775427 0.819227
1.55925 1.1177 0.979856 1.46172 0.964774 0.890456
1.61036 1.27198 1.14398 1.51205 1.03854 0.996774
1.54582 0.915397 1.04659 1.47048 0.931453 1.01788
1.25385 0.63529 0.900398 1.13965 0.552959 0.934398
0.997838 0.55826 0.849607 0.9392 0.478973 0.927199
0.450146 0.842546 0.938432 0.736044 0.55475 0.929236
0.327404 1.09792 1.01579 0.52068 1.06059 1.05848
0.427062 1.39696 1.12565 0.561349 1.35476 1.29197
0.374573 1.26832 1.11102 0.671224 1.26649 1.10171
0.771697 0.869918 0.921627 0.73656 1.2341 1.20225
0.970849 0.746469 1.03774 0.882797 1.31957 1.04904
end
gesture a19 hands 2
0.969964 0.674336 0.966695 0.835886 1.15889 0.946335
0.906309 0.833527 0.830186 1.27992 1.0026 0.913057
1.13086 0.677421 0.933345 1.35575 1.08458 1.15856
1.51662 1.22396 1.14524 1.39237 0.699367 0.951784
1.19901 1.2219 1.61708 1.26223 0.533221 0.869997
1.08132 1.07816 1.66965 0.752883 0.430349 0.712306
1.47906 1.01746 1.20156 0.552672 1.04189 0.85866
0.832345 0.549065 0.740068 0.589505 1.31278 1.01807
0.533027 1.39398 1.02288 1.09773 1.37846 1.25891
0.686603 1.32457 0.858761 1.06829 1.10063 1.38054
0.630018 0.850183 0.791906 0.702892 0.877313 1.30208
0.842713 0.841209 0.697343 0.597115 0.581331 0.880409
1.05095 0.618251 1.01125 0.816328 0.435322 0.942946
end
gesture a19 hands 2
0.998364 0.626365 0.995536 0.819904 0.676968 1.01404
1.31646 1.04713 0.761161 0.815557 0.688523 0.969957
1.34814 1.4523 1.00496 1.14054 0.930605 0.752689
1.03295 1.6411 1.44587 1.29994 1.15569 0.785003
1.11755 1.59495 1.43414 1.33032 1.44581 1.11809
1.48961 1.20548 1.24622 1.19162 0.731422 0.942273
1.37871 0.692919 0.995386 0.654954 0.689835 0.880125
1.12302 0.475084 0.850835 0.423736 1.115 1.00499
0.450748 0.744009 0.795917 0.766395 1.51446 1.27763
0.440794 1.33863 0.992654 1.175 1.64603 1.35065
0.577198 0.837665 0.773787 0.893549 1.15251 1.31926
0.928232 0.544168 0.911951 0.771656 0.74468 0.99441
1.01625 0.619688 1.0247 0.790899 0.67898 1.0191
end
gesture a19 hands 2
1.0336 0.724433 1.0994 0.793875 0.716574 1.13554
1.38335 0.967471 1.08464 0.99868 0.793306 1.03329
1.30181 1.08363 0.927427 1.38603 1.04426 0.964412
1.325 1.08064 0.943407 1.48926 1.13233 0.998227
1.11976 0.833184 0.980898 1.4005 0.96583 0.974519
0.726633 0.786965 0.997656 0.912493 0.77985 0.975309
0.40866 1.12142 0.995481 0.584612 1.18796 0.995357
0.622387 1.41859 1.07587 0.561033 1.59025 1.14983
0.543956 1.21223 0.889827 0.555438 1.578 1.1139
0.657109 1.3248 1.06866 0.602142 1.35791 0.952078
0.752604 1.15825 1.0742 0.793406 0.966717 0.889854
0.967415 0.740743 0.998402 0.825082 0.691617 1.1122
1.01186 0.670015 1.16827 0.870109 0.688341 1.08882
end
gesture a19 hands 2
1.15495 0.663733 1.14938 0.795855 0.728259 1.17055
1.3817 0.909684 0.838984 1.19909 0.99316 0.840622
1.4429 1.05432 0.824174 1.38151 1.07535 0.926249
1.33632 0.835696 0.868638 1.27976 0.923139 0.94628
0.829533 0.719467 0.941069 0.799168 0.711553 0.979089
0.506839 1.06143 0.954853 0.260869 1.33048 0.940136
0.409434 1.3879 1.02683 0.390799 1.43713 1.00648
0.189436 1.3879 1.05136 0.824118 1.25747 0.983445
0.677716 1.15987 1.2215 0.943064 1.21946 1.04831
0.699106 1.39088 1.20883 1.4892 0.881596 1.18402
0.701641 1.15286 1.22473 1.50275 0.89437 1.28048
1.0461 0.686166 1.22797 0.934579 0.777385 1.22414
1.15499 0.674664 1.18448 0.682 0.762348 1.14258
end
gesture a19 hands 2
0.954236 0.760515 1.2156 0.852384 0.830594 1.05525
1.31664 0.952017 1.05073 1.42647 1.03202 0.839192
1.31801 1.0595 0.859412 1.52193 1.04276 0.919322
0.98559 0.812045 0.933886 1.30203 0.83266 0.974377
0.578299 0.87146 0.987991 0.876492 0.826148 0.983955
0.281992 1.35458 0.983892 0.661706 1.00035 0.980869
0.359415 1.33697 0.991548 0.476055 1.42556 1.06023
0.41564 1.08343 0.954822 0.430896 1.48298 1.11736
0.552963 0.961386 0.933282 0.584708 1.16162 1.03988
1.07502 0.857572 1.00818 0.805 0.848738 1.24864
1.32197 0.997714 1.15817 0.871989 0.825154 1.28065
1.29493 0.975281 1.23134 0.834765 0.804914 1.23428
0.953998 0.781507 1.16432 0.817043 0.884946 0.975335
end
gesture a19 hands 2
1.05845 0.643043 1.16947 0.943581 0.594052 1.0628
1.54037 1.25184 0.887861 1.17265 0.860817 0.827653
1.57938 1.19323 0.896234 1.35161 0.971827 0.846171
1.48333 0.825853 0.910281 1.36786 0.742207 0.920139
1.2378 0.644536 0.960015 1.30137 0.582224 0.975471
0.636786 0.701881 1.06886 1.06938 0.510562 1.04145
0.50071 0.994831 1.07882 0.543837 0.864581 1.15125
0.483389 1.43781 1.07404 0.752316 1.52021 1.23095
0.520267 1.47147 1.06525 0.908295 1.66231 1.24401
0.446255 1.07317 1.02794 0.919008 1.6533 1.23697
0.699654 0.869898 1.03602 0.672586 1.28308 1.20142
1.19763 0.656866 1.09691 0.801384 0.783258 1.07721
1.09336 0.643369 1.17396 0.931832 0.599692 0.890107
end
gesture a19 hands 2
1.04042 0.705158 1.22669 1.03043 0.671193 0.984982
1.40359 1.18871 0.955812 1.05774 0.66297 1.028
1.44656 1.44699 0.940219 1.12235 0.778923 0.85191
1.45807 1.35173 0.911131 1.29765 1.15691 0.747794
1.25655 0.811909 0.926302 1.34559 0.767359 0.973364
0.990911 0.635642 0.963665 1.17233 0.610656 1.05332
0.692713 0.71446 1.0031 0.90833 0.584689 1.1241
0.381937 1.09849 1.05828 0.650638 0.807727 1.1358
0.386503 1.36695 1.04966 0.575861 1.42935 1.18564
0.625981 0.821966 1.02598 0.796148 1.66172 1.20046
1.0273 0.695595 1.07403 0.617807 1.13816 1.23617
1.20389 0.726588 1.15171 0.818764 0.761135 1.21998
1.07714 0.697832 1.17754 0.999318 0.67376 1.07138
end
gesture a19 hands 2
1.02445 0.724353 1.14932 1.03032 0.725445 1.04867
1.14693 0.83783 1.04802 1.20706 1.07951 0.767125
1.32094 1.20803 0.921413 1.30458 1.27206 0.794533
1.33556 1.57324 0.959257 1.3505 1.25724 0.832108
1.34789 1.50224 0.927744 1.30495 0.735068 0.984002
1.38696 1.05554 0.868309 0.890482 0.646066 1.10548
1.23075 0.801259 0.90093 0.536998 1.08311 1.16993
0.684275 0.701658 0.980167 0.717644 1.57271 1.20231
0.403504 1.03327 1.02171 0.704851 1.49319 1.19597
0.452824 1.32257 1.01565 0.694887 1.08291 1.17819
0.607286 0.98896 0.983932 0.960084 0.743615 1.16026
1.14095 0.73486 1.17561 0.867645 0.742307 1.04313
1.00917 0.691189 1.23658 1.04598 0.730758 0.987973
end
gesture a20 hands 2
0.978462 0.837615 1.1963 1.02367 1.05158 1.01688
0.830625 0.2654 1.08864 0.961553 1.00036 1.09799
0.853878 0.319849 1.10759 1.05923 0.672072 1.13116
1.17398 0.981701 0.961962 1.08209 0.664602 1.3997
1.25551 1.14701 0.98915 0.899134 0.824104 1.38481
1.18463 1.56651 1.31277 0.902414 1.24345 1.03496
1.01233 1.69761 1.16372 0.991151 1.19489 0.951645
0.955294 1.84697 0.703669 1.01412 0.930765 1.01769
0.823291 1.74079 0.42049 1.02667 1.06214 0.854195
0.884918 1.55052 0.428194 0.869401 0.992045 0.793981
1.05165 1.03742 0.731624 0.911258 0.911205 1.11007
1.04315 0.850042 1.13414 0.969717 1.01141 1.01594
1.02748 0.836225 1.35888 0.972789 1.03979 1.1293
end
gesture a20 hands 2
1.03019 0.745768 1.36717 0.937715 1.08063 1.14568
0.875171 0.732754 1.08809 1.00966 0.905337 1.13312
0.852799 0.320626 1.17173 1.06305 0.669699 1.19331
1.16035 0.951881 1.01123 1.0855 0.614262 1.18204
1.24456 1.14393 1.05349 1.02222 0.648901 1.15279
1.21575 1.46576 1.37508 1.01785 0.881854 1.11261
1.04954 1.518 1.30911 1.03875 1.0879 0.909441
1.03497 1.61668 1.13155 0.970145 1.13519 0.762437
0.98249 1.76683 0.66705 0.860097 1.0495 0.734431
0.87074 1.66669 0.494376 0.843619 1.02063 0.823348
0.990785 1.30889 0.551649 0.882843 0.987836 1.03659
1.02767 0.91687 0.814315 0.925791 1.03365 1.15517
1.01027 0.765635 1.24659 0.960316 1.09571 1.08646
end
gesture a20 hands 2
1.024 0.843099 1.25447 0.972247 1.06611 1.08589
0.902887 0.799353 1.15747 0.941981 1.03876 1.04856
0.82314 0.328473 1.06449 0.999105 0.86028 1.11238
0.817146 0.222997 1.1538 1.02777 0.629661 1.1768
0.929359 0.498702 1.16375 1.02854 0.615761 1.1751
1.10661 0.980832 0.994133 1.04386 1.01487 1.07809
1.26043 1.40356 1.16243 1.02427 1.05019 0.88756
1.04682 1.62336 1.18982 0.933561 1.06348 0.650427
0.948913 1.82619 0.553625 0.850264 1.00216 0.721852
0.893154 1.68959 0.461917 0.85377 0.949177 0.970659
1.17714 1.25859 0.664055 0.914964 1.00445 1.1533
1.04756 0.822073 1.34327 0.984159 1.0733 1.09699
1.05952 0.834374 1.41148 0.978399 1.07377 1.09089
end
gesture a20 hands 2
0.949611 0.836859 1.05946 1.08527 0.888567 0.981181
1.18546 0.78743 1.08332 1.43252 1.17856 0.78645
1.28806 0.582839 1.22542 1.35869 1.31393 0.668157
1.24589 0.391944 1.29057 0.988553 1.25669 0.474828
1.30166 0.452189 1.34174 0.705702 1.08689 0.657523
1.43111 0.915734 1.47032 0.630155 0.985891 1.21583
1.41013 1.13438 1.49248 0.886582 0.948997 1.57127
1.42542 1.47454 1.12696 0.911159 0.923539 1.59245
1.25676 1.57008 0.803855 0.752974 0.887464 1.48013
0.622715 1.60401 0.445491 0.767057 0.802317 1.08825
0.266306 1.45123 0.558811 0.719683 0.89779 0.879917
1.09358 0.726055 1.19281 0.878576 0.862082 0.875826
1.09723 0.723183 1.1799 0.964116 0.791104 1.05478
end
gesture a20 hands 2
1.00969 0.72011 1.17838 0.890546 0.855661 1.14325
1.22246 0.813513 1.18981 1.1807 1.04836 0.828249
1.29918 0.693395 1.42071 1.23702 1.06077 0.806914
1.1399 0.325196 1.48033 1.2416 0.919425 0.845619
1.11129 0.211376 1.4122 1.23572 1.01441 0.718437
1.25484 0.438244 1.47911 0.939191 1.17512 0.607247
1.38584 0.924864 1.50732 0.774803 1.19482 0.649237
1.32398 1.50125 1.1183 0.680846 1.14511 0.791671
0.932292 1.63516 0.586168 0.614457 0.999091 1.17721
0.649724 1.61286 0.420155 0.91555 0.983181 1.40388
0.315466 1.4634 0.428779 1.03822 0.900871 1.2232
0.531334 1.39699 0.567625 0.816455 0.890676 1.30297
0.938707 1.03522 0.794895 0.665984 0.865895 1.09869
end
gesture a20 hands 2
0.977362 0.958588 0.893301 0.765032 0.891617 1.05139
1.1101 0.654514 1.37593 1.07437 0.967789 0.876734
1.08758 0.280029 1.32277 1.01084 0.772411 0.940272
1.09598 0.24901 1.29762 1.03179 1.0689 0.752119
1.34357 1.11042 1.3502 0.913925 1.18011 0.797035
1.34726 1.30361 1.29351 0.980944 0.926841 1.41832
1.22334 1.69345 0.725681 1.14312 1.08101 1.16942
0.717831 1.74654 0.361649 0.964109 1.13025 0.80553
0.394164 1.62944 0.371892 0.873117 1.02645 0.94154
0.576869 1.13434 0.622025 0.652086 0.865419 1.31316
0.874993 0.87242 0.963179 0.739523 0.937914 1.22171
1.08285 0.878792 1.22293 1.26074 0.881999 1.28848
1.09499 0.809577 1.18209 1.29603 0.905069 1.28796
end
gesture a20 hands 2
1.01059 0.992291 1.14579 0.976271 1.04811 1.01635
0.956491 0.466095 0.996478 1.00559 0.936133 1.06826
0.94798 0.329541 1.00097 1.05757 0.79182 1.03496
0.97282 0.531811 1.18981 1.06977 0.731901 1.00596
1.01168 1.07216 1.17645 1.01711 0.978616 0.976714
0.999784 1.10772 1.19709 0.910939 1.06437 0.908627
0.861915 1.63337 0.751891 0.90658 1.0725 0.883499
0.808367 1.88402 0.53558 0.906376 1.05401 1.17347
0.883229 1.82245 0.575388 0.910512 1.03781 1.21602
0.939366 1.47351 0.621111 0.903945 0.996837 1.16324
0.959596 1.26394 0.718735 0.898254 1.0291 1.03028
1.01133 0.983001 1.06721 0.961855 0.979725 1.05305
1.03853 0.972124 1.21761 0.945848 1.01082 1.06179
end
gesture a20 hands 2
1.04137 0.776676 1.24106 0.912832 1.02208 1.09121
0.953138 0.176834 1.03052 0.941831 0.977317 1.07365
0.957689 0.102514 1.0654 1.03225 0.816698 1.07627
0.96372 0.91953 0.930364 0.972408 0.767107 0.969622
1.0678 0.96288 0.994836 1.00943 0.58794 1.05713
1.34841 1.15372 1.30215 0.917117 0.683973 1.13111
1.20611 1.62209 1.62831 0.927325 0.892985 1.06852
1.03305 1.8589 1.40983 1.178 1.15691 0.823301
0.927118 1.88816 0.858873 1.16651 1.13363 0.861644
0.633983 1.51422 0.543471 0.961053 1.0401 0.947273
0.715644 1.52925 0.54125 0.931763 1.02951 1.09997
1.02116 0.851825 1.03 0.918468 1.02262 1.14285
1.04315 0.781351 1.26594 0.912976 1.01558 1.082
end
gesture a20 hands 2
1.05413 0.755272 1.26417 0.951947 1.03531 1.06937
0.937328 0.226947 1.02124 0.949408 1.03796 1.07089
0.892552 0.115307 1.02824 1.00682 0.946538 1.07739
1.06999 0.291061 0.981765 1.03479 0.745642 0.931363
1.46864 0.89076 1.15867 1.02657 0.587669 0.957506
1.45561 1.39768 1.34502 1.05156 0.6555 1.00149
1.10931 1.71231 1.46298 1.00065 0.990643 0.932497
1.02542 1.71264 1.47302 1.05105 1.06334 0.879702
0.989435 1.84687 1.28867 0.938343 1.06766 0.909076
0.832487 1.84593 0.710153 0.900033 1.07497 1.02708
0.561681 1.41457 0.471393 0.910122 1.02649 1.23964
0.863413 1.15797 0.637496 0.917368 1.05602 1.26818
1.03372 0.73206 1.25712 0.935802 1.03173 1.03364
end
gesture a20 hands 2
1.18034 0.777126 1.18645 1.0073 0.990984 1.02671
1.11558 0.74863 1.26205 1.02902 0.988732 1.03107
1.06279 0.732767 1.07725 0.943556 0.888509 1.10713
0.797271 0.317624 1.03923 0.834752 0.653384 1.30297
0.787129 0.40896 0.9892 0.829561 0.630514 1.25646
0.900012 0.845898 0.877711 0.932168 0.738785 1.00579
1.04458 1.36231 1.0443 1.05005 0.993928 0.824815
0.97987 1.55912 1.23452 1.07055 1.17798 0.719815
0.936129 1.67409 1.16041 1.0436 1.20826 0.707313
0.866214 1.62585 0.70897 0.989022 1.17032 0.801415
0.965424 0.878082 0.947095 0.894994 1.02831 1.07549
1.06726 0.744924 1.23798 0.9141 0.952859 1.25649
1.0782 0.739218 1.2371 0.903786 0.957986 1.15123
end
gesture a20 hands 2
1.11965 0.763646 1.31183 0.946527 1.003 1.04596
1.02152 0.780093 1.0603 0.996783 1.02983 1.00506
0.882369 0.381541 1.05706 0.961932 0.844698 1.19309
0.832835 0.367187 1.04348 0.91144 0.695758 1.25409
0.862395 0.66935 0.948525 0.881751 0.631614 1.17332
1.08235 1.37823 1.0817 0.897403 0.699948 1.09256
1.0697 1.57282 1.23736 0.94863 0.902309 0.92863
0.992647 1.67407 1.13333 0.961217 1.14735 0.761487
0.878922 1.63637 0.816455 0.991232 1.12006 0.834949
0.863632 1.52037 0.731243 0.967922 1.04414 1.06217
0.880126 1.15967 0.801668 0.943334 1.01347 1.1896
0.968407 0.856463 1.02149 0.934926 1.00442 1.19315
1.04808 0.780799 1.14505 0.952092 1.01034 1.09129
end
gesture a20 hands 2
1.06907 0.7821 1.12645 0.938198 1.02209 1.08177
0.994612 0.737937 1.04369 0.924575 1.02402 0.998208
0.881712 0.381999 1.07744 0.938577 0.962525 1.08653
0.841472 0.489079 1.00536 0.892216 0.712002 1.2688
0.954369 0.921154 0.9368 0.87156 0.645088 1.08196
1.06732 1.50279 1.23966 1.07529 1.02725 0.734001
1.00946 1.5994 1.31802 1.1514 1.1588 0.668876
0.963517 1.70583 1.0547 1.03596 1.11203 0.763569
0.871416 1.54279 0.68132 0.900574 0.9988 1.07192
0.826519 1.27584 0.621473 0.938735 1.00658 1.31361
0.840099 1.19545 0.666652 0.979662 1.01957 1.34319
1.08719 0.793477 1.16908 0.925849 1.01 1.07993
1.18979 0.779648 1.36948 0.916494 1.00703 1.0352
end
gesture a20 hands 2
0.954625 0.86623 1.19138 0.904088 1.04533 1.1143
0.996282 0.570593 0.93009 0.914535 0.983349 1.131
0.976634 0.211626 0.908192 0.939741 0.785097 1.06397
1.02224 0.120461 0.923864 0.97687 0.726747 0.938606
1.01374 0.140024 0.919307 1.0449 0.799714 0.716732
0.915266 0.380314 1.0349 1.04009 0.755367 0.804433
1.12326 0.770797 1.06542 1.01341 0.720616 1.00265
1.35792 1.41487 1.26951 0.990928 0.774835 1.03149
1.09826 1.73717 1.36619 1.00093 0.98474 1.05547
0.953484 1.78234 1.21641 1.02495 1.14928 0.911052
0.787298 1.81771 0.846863 0.97925 1.12963 1.00305
0.618143 1.66817 0.625986 0.978709 1.05144 1.16661
0.62904 1.25386 0.673403 0.922086 1.06457 1.27001
end
gesture a20 hands 2
0.837531 1.07026 0.867617 0.812049 1.11388 0.993376
0.983953 0.894279 1.27891 1.02933 1.05713 1.03847
0.977991 0.843426 1.04856 0.952304 1.01589 1.05996
0.866178 0.287554 0.905309 1.01201 0.807675 1.09394
0.742387 0.255077 0.982978 1.00595 0.593656 0.924758
0.904791 0.328958 0.840979 0.995636 0.701869 0.976715
1.24714 1.14936 0.924056 0.960581 1.03268 0.934339
1.05455 1.6947 1.34706 0.923929 1.16417 0.904834
1.04455 1.78921 0.692259 1.04309 1.08999 1.19165
0.908332 1.56527 0.528886 0.989281 1.0527 1.24081
0.845622 1.22336 0.636736 0.818053 1.08826 0.936453
1.0056 0.942373 1.25726 0.86679 1.10659 0.825663
0.959879 0.890159 1.27817 0.989777 1.05393 0.919696
end
gesture a20 hands 2
0.989617 0.695548 1.6988 0.830598 0.735393 1.7366
1.07022 0.4094 1.73151 0.97891 0.169999 1.54516
0.997542 0.620038 0.897119 1.14643 0.759939 0.0474347
0.948007 1.01679 -0.721243 1.21087 1.07888 -0.695103
0.948007 1.01679 -0.721243 1.21087 1.07888 -0.695103
0.976878 0.948896 0.0587546 1.1117 1.0413 0.0309547
1.02621 0.810588 1.61909 0.937455 0.940869 1.50271
1.06667 1.4838 1.89221 1.0645 0.990924 1.45451
1.01277 1.50197 1.92975 1.24582 1.70647 1.63918
0.9022 1.76538 1.3636 0.894166 1.71871 1.41945
0.857831 1.75557 1.23411 0.532112 1.11335 1.58773
0.964919 1.05308 1.1845 0.691218 0.786959 1.83233
1.00317 0.709773 1.71246 0.831694 0.769732 1.62314
end
gesture a20 hands 2
0.934898 0.742595 1.17839 0.941399 1.05453 0.984999
0.95472 0.720761 1.19338 0.99756 0.880873 1.06391
0.915854 0.324552 1.01432 1.02839 0.682196 0.992296
0.861983 0.294716 0.982297 1.06462 0.579887 0.945193
0.733654 0.604553 1.14133 1.04262 0.551564 0.898836
0.83214 0.55972 1.09523 1.07693 0.467042 1.16055
1.01414 0.836953 0.929686 1.06026 0.402032 1.17119
1.06511 1.45422 1.38731 1.01282 0.55971 1.14235
1.01469 1.82573 1.02794 0.941745 0.956048 1.09475
0.971887 1.79748 0.775606 0.93666 1.0685 1.07742
1.11926 1.39002 0.674491 0.968944 1.15244 0.930825
1.07371 0.890695 0.961681 0.992742 1.10082 0.987068
1.05285 0.855288 1.00071 0.945891 1.09833 1.04643
end
gesture a20 hands 2
1.05417 0.717043 1.35171 0.908715 0.929545 1.34669
0.91068 0.2702 1.27104 0.930302 0.73438 1.52224
0.867261 0.446833 1.28533 0.832854 0.739108 1.52592
0.879649 0.795483 -0.204208 0.890244 0.912278 1.43961
0.892438 0.955152 -0.939462 1.08854 1.20443 1.23671
0.892438 0.955152 -0.939462 1.07493 1.25763 1.21877
1.05438 1.21104 0.683406 1.12306 1.26223 0.440907
1.11197 1.3609 1.54853 1.26023 1.20085 -1.12834
0.973893 1.61759 1.57234 1.26023 1.20085 -1.12834
1.05304 1.60647 1.0221 1.14754 1.12207 -0.341093
1.15066 0.985904 1.07407 0.927215 0.968593 1.21657
0.948364 0.659631 1.4679 0.958276 0.931002 1.24419
0.95682 0.65721 1.458 0.928711 0.908526 1.3543
end
gesture a20 hands 2
0.982259 0.947216 1.16135 0.908914 1.0295 1.06499
0.99429 0.799811 1.10642 1.06871 0.688845 1.04737
0.899598 0.208768 0.938915 1.13779 0.725792 1.01108
0.890532 0.213093 0.957973 0.872004 0.85048 1.10627
0.870746 0.62694 0.822542 0.821832 0.88891 1.06015
1.04773 0.801241 0.868588 0.77918 1.08792 0.904312
1.26965 1.28678 0.968584 0.802516 1.14765 0.911282
1.20316 1.7261 1.19667 0.93523 1.10452 1.0561
1.03378 1.82271 1.24566 1.06115 0.901053 0.915609
0.983169 2.00285 0.880669 1.07342 1.04749 0.826473
0.938109 1.94906 0.691503 0.979481 1.06485 0.862074
0.848532 1.68297 0.569162 0.921575 1.02757 1.16061
0.93023 1.15083 0.789984 0.91346 1.0246 1.1548
end
gesture a20 hands 2
1.08703 0.788541 1.13846 0.877991 0.985908 0.867462
0.959322 0.374618 0.988521 0.958418 0.920005 1.03346
0.939403 0.310978 0.979777 0.911684 0.89834 1.04341
0.943365 0.72826 0.921173 0.950067 0.752 1.21185
0.870796 0.464021 0.918545 1.05184 0.686112 1.25019
1.05357 0.849749 0.826459 1.03022 0.685577 1.25604
1.22686 1.33213 1.10414 0.920416 0.734335 1.25182
0.90365 1.63708 1.41472 1.05492 1.05076 0.869964
0.890795 1.7424 1.36161 1.11851 1.39264 0.64178
0.926928 1.91819 1.00377 1.08412 1.50856 0.568885
0.843437 1.674 0.60881 1.08746 1.44751 0.673527
0.850671 1.39993 0.570188 0.892672 1.05687 0.985145
0.880054 0.956761 0.760749 0.748915 0.911923 1.35261
end
gesture a20 hands 2
0.93462 0.836778 0.909669 0.742348 0.910343 1.33168
1.09405 0.767956 1.23707 0.939791 0.880435 1.11172
0.988762 0.549654 0.926909 0.938282 0.607102 1.24023
0.949671 0.173438 0.940269 0.922645 0.571343 1.24298
0.850874 0.450184 1.04342 0.875429 0.825258 1.20646
0.974661 1.03284 0.85433 1.07417 1.046 0.913304
1.10055 1.33092 0.946343 1.18232 1.37227 0.729526
1.13286 1.55419 1.42065 1.20268 1.44505 0.676282
0.869562 1.69079 1.3713 1.12758 1.42867 0.562836
0.96459 1.93954 1.06085 1.10789 1.37794 0.602487
0.940004 1.75638 0.606122 0.950444 1.07795 0.833877
0.966647 1.34071 0.509033 0.902663 1.00896 0.915687
0.950897 0.893137 0.799004 0.856877 0.91604 1.23193
end
gesture a20 hands 2
0.947193 0.825233 0.925711 0.892784 0.975977 1.18668
0.953839 0.285926 0.891805 0.954425 0.907631 1.0623
0.934196 0.218824 0.925289 0.996691 0.726518 1.18908
0.823663 0.721737 0.995422 0.915949 0.798293 1.21028
1.12333 1.10497 0.877185 1.10154 0.910801 1.22808
1.13187 1.54996 1.30051 1.03746 0.993537 1.05847
0.874347 1.74069 1.22971 0.995764 0.986244 0.998923
0.906076 1.95868 0.951051 1.05683 1.12722 0.733558
0.887275 1.82307 0.556709 0.98011 1.17503 0.645505
0.912578 1.47039 0.415007 0.960926 1.03931 0.837252
0.992703 1.03204 0.675644 0.890795 1.00913 1.20253
1.11451 0.991152 1.56275 0.930339 1.02778 1.31034
1.16247 0.802485 1.31194 0.907235 1.00259 0.894769
end
gesture a20 hands 2
1.00405 0.692827 1.26856 0.990891 1.02754 0.906685
1.02702 0.635033 1.16559 0.934613 0.958062 1.12164
1.05154 0.266985 1.03404 0.922437 0.765106 1.32881
0.980145 -0.0474909 1.07579 0.894188 0.722004 1.303
0.983447 0.18861 1.06672 0.968222 0.775234 1.09785
1.05251 0.955817 0.919514 1.0344 0.729169 1.03223
1.06111 1.17872 0.910094 1.19058 0.996981 1.16557
0.932924 1.65624 1.14411 0.954385 0.934803 1.04189
0.908049 1.73062 1.15115 0.96218 1.0371 0.899854
0.912614 1.88752 0.849384 0.951481 1.10624 0.873216
0.957708 1.49317 0.741834 0.951998 1.01191 1.04355
0.954691 0.937549 0.958447 0.912655 1.06285 0.957668
0.932207 0.721414 1.17775 0.927316 1.03187 1.04302
end
gesture a20 hands 2
1.06313 0.640359 1.2326 0.94056 1.15901 1.06949
1.0884 0.59761 1.18775 0.948041 0.882315 1.13653
1.09593 0.211655 1.02968 0.881789 0.838223 1.10278
1.05868 0.171262 1.07727 0.961517 0.563081 1.12738
0.828619 0.610611 1.08916 1.01635 0.497531 1.14866
0.866048 0.897798 1.098 0.940467 0.729572 1.03433
0.631585 0.742602 1.14558 0.944924 0.729848 1.02597
0.776512 0.976307 1.12362 1.0668 0.530708 1.13046
0.997774 1.6399 1.18183 1.10156 0.557562 1.18384
1.00247 1.84102 0.870889 1.00806 1.00347 0.909497
0.992208 1.83779 0.797847 0.95711 1.20817 0.777304
1.02603 1.52917 0.645528 0.937374 1.17025 0.841592
1.04936 0.96667 0.731503 0.924089 1.16566 1.02947
end
gesture a20 hands 2
1.13204 1.12851 0.853706 0.76668 0.758292 0.973982
1.16165 1.04281 1.13 0.82593 0.702823 1.04282
1.18752 0.970396 1.00272 0.753082 0.539852 1.08897
1.17726 0.626228 0.949436 0.639076 0.642674 1.23376
1.16534 0.607076 0.986114 0.699258 0.710958 1.22711
1.18764 0.723039 1.0207 0.610109 0.725176 1.17673
1.12476 0.959741 1.05771 0.838371 0.836132 1.12058
0.891876 1.07981 1.05141 1.34646 1.14776 1.0064
0.765894 1.05636 1.04939 1.35446 1.33475 0.914056
0.742702 1.08423 0.991283 1.14769 1.37191 0.964656
0.710073 1.03245 1.09378 1.26778 1.25613 0.990767
0.880448 1.07114 1.0941 1.13764 1.07342 1.00542
1.13862 1.0834 0.981011 0.78749 0.75803 1.05511
end
