gesture a01 hands 2
0.950802 0.685312 1.23219 0.955492 0.969903 0.991635
0.984369 0.677805 1.23602 1.0051 0.975834 0.950999
1.09332 0.853597 0.929685 0.990313 0.964149 0.999028
1.21832 1.34254 0.721982 1.00699 0.967815 0.970344
0.877398 1.55014 0.729238 0.958353 0.97197 0.993108
0.962979 1.59638 0.725075 0.975621 0.971529 1.04392
1.11055 1.27854 0.661279 1.00027 0.972332 1.02874
1.07159 0.745014 1.09197 0.974223 0.974107 1.08875
0.0 0.0 0.0 0.986565 0.984359 1.06746
0.0 0.0 0.0 0.957305 1.07431 1.0917
0.0 0.0 0.0 0.969546 0.997186 1.08455
0.0 0.0 0.0 0.982763 0.994401 1.08883
0.0 0.0 0.0 0.948181 0.96842 1.16187
0.0 0.0 0.0 0.978902 1.01947 1.17619
0.0 0.0 0.0 0.970663 0.984321 1.10638
0.0 0.0 0.0 0.949671 0.97377 1.10229
0.0 0.0 0.0 0.993247 1.00067 1.02133
0.0 0.0 0.0 0.988988 1.00084 1.08451
0.0 0.0 0.0 0.99536 1.00367 1.0771
end
gesture a01 hands 2
1.00886 0.589015 1.2994 1.00392 0.98185 1.04953
1.03587 0.701479 1.08915 0.931733 0.967697 1.05524
1.13652 1.15788 0.832185 0.953669 0.960415 1.02338
1.08501 1.37417 0.796105 0.0 0.0 0.0
0.77009 1.44607 0.803022 0.0 0.0 0.0
1.04007 1.26753 0.723893 0.0 0.0 0.0
1.10522 0.74164 0.969257 0.0 0.0 0.0
0.983045 0.576455 1.26296 0.0 0.0 0.0
end
gesture a01 hands 2
0.959907 0.613749 1.28492 0.969602 0.960755 1.04585
0.989741 0.620496 1.28032 0.959253 0.973597 1.05069
1.04661 0.802526 0.947519 0.0 0.0 0.0
1.0131 1.42289 0.708372 0.0 0.0 0.0
0.761093 1.50734 0.760399 0.0 0.0 0.0
0.886446 1.4482 0.795703 0.0 0.0 0.0
1.10827 0.869205 0.91604 0.0 0.0 0.0
1.0075 0.64192 1.22418 0.0 0.0 0.0
end
gesture a01 hands 2
0.944246 0.487312 1.29489 1.05683 0.960255 1.02066
1.36055 1.4023 0.900846 0.817053 1.20719 1.09509
0.923272 1.59301 0.818803 0.0 0.0 0.0
1.2534 1.54226 0.873304 0.0 0.0 0.0
0.554008 1.49695 0.934792 0.0 0.0 0.0
1.09888 1.46451 0.803405 0.0 0.0 0.0
1.07663 0.533673 1.21161 0.0 0.0 0.0
0.303505 0.5726 1.52155 0.0 0.0 0.0
end
gesture a01 hands 2
1.0121 0.899317 0.997434 0.47859 0.691629 1.325
0.851372 1.00417 1.01554 0.474243 0.732842 1.35569
0.992382 0.780849 0.832333 1.19318 0.465588 1.2009
1.08601 0.825623 1.27532 1.18625 1.08166 0.886627
0.694055 1.46128 1.02199 0.930068 1.20679 0.793391
1.05654 0.904877 1.09108 1.06637 1.0977 0.951382
1.30798 0.824701 1.2604 0.892456 1.16142 0.83283
1.09974 0.896326 1.30458 1.0342 0.862113 1.24274
end
gesture a01 hands 2
0.52751 0.492211 1.4873 1.17688 0.914575 1.08965
1.08459 0.780614 1.4105 0.817945 0.344227 1.05504
0.80684 1.42518 0.771666 0.0 0.0 0.0
0.734563 1.54382 0.705409 0.0 0.0 0.0
1.29971 1.52396 0.652667 0.0 0.0 0.0
0.678088 1.52033 0.752912 0.0 0.0 0.0
1.32565 1.41978 0.616472 0.0 0.0 0.0
1.06593 0.551736 1.11597 0.0 0.0 0.0
end
gesture a01 hands 2
0.903127 0.424606 1.23077 0.993514 0.974565 1.04696
1.36438 1.14041 0.833801 0.961179 0.971943 1.00961
0.994399 1.62413 0.836954 0.99098 0.982766 1.06552
0.4622 1.53611 1.00373 0.939085 0.986127 1.00715
1.15887 1.60921 0.841327 0.961465 0.916232 1.0516
1.36518 1.44516 0.867472 0.984796 0.969001 1.06066
1.35565 0.744815 0.916686 1.03075 1.01318 0.902166
0.911434 0.418599 1.32294 0.960799 0.884309 1.06184
0.0 0.0 0.0 0.950328 0.874478 1.05404
0.0 0.0 0.0 0.926375 1.00642 1.03164
0.0 0.0 0.0 0.973711 0.976336 0.998706
0.0 0.0 0.0 1.00005 0.981814 1.07579
0.0 0.0 0.0 0.991968 1.00049 1.01766
end
gesture a01 hands 2
0.862995 0.280853 1.40443 0.973814 0.974068 1.02903
1.3036 0.707549 0.972958 0.950125 0.945922 1.09076
1.2041 1.26401 0.874462 0.943596 0.956659 1.05507
0.628052 1.40202 0.926014 0.968451 0.95059 1.10367
0.488823 1.36027 1.01568 0.938354 0.97339 1.04238
1.29701 1.23892 0.923136 0.954233 0.947355 1.06237
1.2929 0.731601 0.96859 0.961152 0.972803 1.01063
0.960003 0.278927 1.35345 0.986941 0.960153 1.03077
end
gesture a01 hands 2
0.888355 0.445855 1.31068 0.96196 0.975034 1.0222
1.32031 1.1627 0.801605 0.981863 0.980578 1.01061
1.19866 1.40645 0.753322 0.966155 0.982844 1.02627
0.61945 1.5825 0.908424 0.0 0.0 0.0
0.699569 1.61333 0.856968 0.0 0.0 0.0
1.23214 1.43803 0.77678 0.0 0.0 0.0
1.32346 0.652605 1.0609 0.0 0.0 0.0
0.887544 0.434001 1.31697 0.0 0.0 0.0
end
gesture a01 hands 2
1.05695 0.47602 1.12655 1.00491 0.960556 1.06296
0.974273 1.18815 0.879488 0.97957 0.995502 0.989408
1.00584 1.57851 0.921354 0.955214 0.965716 1.04193
0.836625 1.5129 0.958158 0.954409 0.942504 1.10353
1.00455 1.57965 0.975128 0.951482 0.933757 1.02608
0.838048 1.28118 1.00978 0.982915 0.995284 0.998878
0.885896 0.654801 0.971165 0.931944 0.980698 1.06294
1.05 0.456836 1.2092 0.949851 0.971522 1.04258
end
gesture a01 hands 2
1.08834 0.470948 1.21436 0.953489 0.964146 1.03391
0.903179 1.02669 0.897857 0.986314 0.97308 1.00665
0.870679 1.37511 0.952185 0.937309 0.969123 1.05117
1.00848 1.54749 0.90328 1.00842 1.00719 1.01945
0.805303 1.47436 0.956096 0.94086 0.973486 1.01536
0.968492 1.55202 0.917549 1.01111 0.979502 1.06747
0.857435 0.830933 0.958069 0.944212 0.938131 1.04945
1.12075 0.468014 1.19911 0.941988 0.907133 1.07685
0.0 0.0 0.0 0.957654 0.950841 1.02843
0.0 0.0 0.0 0.954794 0.956533 1.05125
end
gesture a01 hands 2
1.10406 0.44339 1.25204 0.955361 0.965825 1.05113
0.985023 0.596947 1.03028 0.944476 0.993331 0.981763
0.801971 1.38986 0.957789 0.948417 0.931333 1.05764
1.03312 1.51626 0.894374 0.991456 0.930685 1.02533
0.860444 1.49348 0.926058 0.943043 0.974487 1.11837
0.869216 1.40522 0.906372 1.01383 0.996214 1.05996
0.963182 0.614663 1.02197 0.964533 0.964652 1.02093
1.1155 0.45247 1.25338 0.0 0.0 0.0
end
gesture a01 hands 2
1.07608 0.34469 1.18357 0.97987 0.969516 1.01864
0.9052 1.16471 0.728691 0.949112 0.944645 1.0308
0.757232 1.36568 1.03258 0.0 0.0 0.0
1.09557 1.49751 0.935453 0.0 0.0 0.0
0.737155 1.35602 1.02538 0.0 0.0 0.0
1.0697 1.48843 0.922484 0.0 0.0 0.0
0.74438 1.03606 1.10197 0.0 0.0 0.0
1.04351 0.312161 1.22825 0.0 0.0 0.0
end
gesture a01 hands 2
1.0143 0.349271 1.28174 0.926945 0.938414 1.0358
0.839435 0.825876 0.805715 0.971576 0.940795 1.00065
0.733468 1.36408 1.02812 0.0 0.0 0.0
1.15528 1.43683 0.923839 0.0 0.0 0.0
0.671544 1.269 1.03714 0.0 0.0 0.0
1.277 1.35423 0.934404 0.0 0.0 0.0
1.16587 0.752735 0.933325 0.0 0.0 0.0
1.01291 0.339989 1.28233 0.0 0.0 0.0
end
gesture a01 hands 2
1.04461 0.232298 1.27255 0.930949 0.939945 1.00245
0.790606 1.01257 0.850182 0.977428 0.957608 1.04857
0.676328 1.15563 1.07224 0.0 0.0 0.0
1.21435 1.27868 0.949612 0.0 0.0 0.0
0.677881 1.1545 1.05552 0.0 0.0 0.0
1.19976 1.2801 0.939641 0.0 0.0 0.0
1.24344 0.378462 1.18191 0.0 0.0 0.0
1.00335 0.242007 1.33967 0.0 0.0 0.0
end
gesture a01 hands 2
0.93784 0.382664 1.25108 0.979488 0.953424 1.03559
1.04096 1.4043 0.873268 0.97187 0.957654 1.03238
0.794939 1.40991 0.934286 0.0 0.0 0.0
1.29146 1.344 1.0346 0.0 0.0 0.0
0.919494 1.4448 0.894047 0.0 0.0 0.0
1.094 1.44845 0.948571 0.0 0.0 0.0
1.02801 0.54884 1.01889 0.0 0.0 0.0
0.946165 0.379437 1.27234 0.0 0.0 0.0
end
gesture a01 hands 2
0.937092 0.272448 1.28956 0.970239 0.953677 1.03782
0.852841 1.36169 0.912565 0.967656 0.95962 1.03639
0.817222 1.293 0.90112 0.0 0.0 0.0
1.26941 1.25442 1.02441 0.0 0.0 0.0
0.813817 1.32122 0.954948 0.0 0.0 0.0
1.26484 1.29394 1.07515 0.0 0.0 0.0
0.967266 1.35117 0.963026 0.0 0.0 0.0
0.949131 0.282353 1.27209 0.0 0.0 0.0
end
gesture a01 hands 2
0.910769 0.301966 1.29561 0.96806 0.950598 1.03712
0.867462 1.38012 0.930148 0.971509 0.938945 1.0382
0.814983 1.37605 0.899492 0.0 0.0 0.0
1.24092 1.30283 1.0201 0.0 0.0 0.0
0.776454 1.34576 0.941439 0.0 0.0 0.0
1.23977 1.32884 1.06772 0.0 0.0 0.0
1.02434 1.36336 0.942092 0.0 0.0 0.0
0.917894 0.312599 1.28149 0.0 0.0 0.0
end
gesture a01 hands 2
0.848409 0.220432 1.24739 0.9773 0.978398 0.995296
1.26711 1.2729 0.949596 1.00505 0.996002 1.09131
0.554952 1.22808 1.04758 0.0 0.0 0.0
1.38269 1.19426 1.00757 0.0 0.0 0.0
0.522778 1.17654 0.997781 0.0 0.0 0.0
1.41453 1.12703 1.01796 0.0 0.0 0.0
0.563915 1.1338 0.970881 0.0 0.0 0.0
0.852485 0.223318 1.38006 0.0 0.0 0.0
end
gesture a01 hands 2
0.857788 0.279805 1.33721 0.985078 0.986635 1.03239
0.539803 1.31087 1.03332 1.00344 1.04159 0.983041
1.404 1.21232 0.964356 0.974697 0.969424 1.11499
0.570089 1.3401 0.975923 1.02407 1.0046 1.02425
1.44595 1.15217 0.988861 0.932265 0.963298 1.03994
0.500079 1.19732 1.01855 0.998112 1.00362 0.985931
1.44576 1.03494 1.0343 0.0 0.0 0.0
0.847059 0.265238 1.27644 0.0 0.0 0.0
end
gesture a01 hands 2
0.84603 0.231283 1.29542 1.01264 0.999282 1.01336
0.611189 1.34127 1.02844 0.941395 0.961349 1.10894
1.37435 1.15944 0.938229 1.00937 1.00403 1.03261
0.610899 1.3172 0.967045 0.917681 0.94833 1.04819
1.40827 1.18648 1.01494 1.03018 0.98873 1.02037
0.490067 1.19592 1.00931 0.911348 0.95756 1.06109
1.38507 1.102 1.02564 1.00232 1.02438 0.990249
0.828843 0.221363 1.29311 0.0 0.0 0.0
end
gesture a01 hands 2
0.951151 0.386575 1.22307 0.975317 0.970385 1.05261
1.21999 1.19707 0.934641 0.957795 0.978299 1.03138
0.780508 1.39868 0.940988 0.0 0.0 0.0
1.09278 1.42603 0.985275 0.0 0.0 0.0
0.742981 1.41626 0.924098 0.0 0.0 0.0
1.10557 1.3807 0.968962 0.0 0.0 0.0
0.877422 1.18226 0.885368 0.0 0.0 0.0
0.879821 0.403638 1.29848 0.0 0.0 0.0
end
gesture a01 hands 2
0.894464 0.295036 1.37326 0.962262 0.96076 1.06725
1.22629 1.12003 1.01626 0.953127 0.965255 1.04804
0.785596 1.26261 0.983357 0.0 0.0 0.0
0.810752 1.29739 0.997131 0.0 0.0 0.0
1.04185 1.29484 0.99981 0.0 0.0 0.0
0.700429 1.24536 1.01162 0.0 0.0 0.0
1.03302 0.663134 0.909231 0.0 0.0 0.0
0.946175 0.321471 1.23556 0.0 0.0 0.0
end
gesture a01 hands 2
0.867552 0.443147 1.29083 0.923043 0.956003 1.04931
1.17443 0.9382 0.906978 0.95817 0.979398 1.09604
1.14675 1.28527 0.91506 0.0 0.0 0.0
0.829999 1.47892 0.982438 0.0 0.0 0.0
1.01043 1.45489 0.945186 0.0 0.0 0.0
0.826367 1.39301 0.917971 0.0 0.0 0.0
1.10918 1.3321 0.854472 0.0 0.0 0.0
0.92301 0.452951 1.27298 0.0 0.0 0.0
end
gesture a01 hands 2
0.864907 0.27098 1.14945 0.97251 0.964315 1.06253
1.15585 1.38761 1.04039 0.973865 0.976983 1.04763
0.539997 1.33591 0.999901 0.0 0.0 0.0
1.23887 1.35899 1.03689 0.0 0.0 0.0
0.596662 1.35357 1.00871 0.0 0.0 0.0
0.979033 1.43281 0.962313 0.0 0.0 0.0
1.16609 0.417173 1.04972 0.0 0.0 0.0
0.864741 0.269923 1.13405 0.0 0.0 0.0
end
gesture a01 hands 2
0.836382 0.27346 1.14322 0.914423 0.973045 0.967713
1.39256 1.03471 0.954858 0.928719 0.976665 1.0456
0.64333 1.35638 1.04057 0.0 0.0 0.0
1.23646 1.2923 0.995045 0.0 0.0 0.0
0.619601 1.34102 1.05119 0.0 0.0 0.0
0.717013 1.38584 1.03836 0.0 0.0 0.0
1.31281 0.875073 0.951541 0.0 0.0 0.0
0.882801 0.29949 1.19593 0.0 0.0 0.0
end
gesture a01 hands 2
0.877022 0.179472 1.21956 0.944593 0.960734 1.06605
1.32153 0.911319 0.991363 0.937598 0.956285 1.06409
0.955676 1.32221 1.05044 0.0 0.0 0.0
0.621678 1.23514 1.06098 0.0 0.0 0.0
1.19118 1.21868 1.0084 0.0 0.0 0.0
0.830811 1.3013 1.03554 0.0 0.0 0.0
1.30195 0.668257 0.931473 0.0 0.0 0.0
0.968982 0.205978 1.15665 0.0 0.0 0.0
end
gesture a02 hands 2
1.39257 0.871516 1.23905 0.859922 0.976057 1.13791
0.971513 1.12638 0.820735 1.01745 0.960497 0.949819
0.63475 1.17199 0.870569 0.0 0.0 0.0
1.25365 1.09794 0.968184 0.0 0.0 0.0
0.930747 1.14412 0.811118 0.0 0.0 0.0
0.688516 1.1036 0.870993 0.0 0.0 0.0
1.10571 0.686571 1.24323 0.0 0.0 0.0
0.999045 0.601922 1.45442 0.0 0.0 0.0
end
gesture a02 hands 2
0.984167 0.703912 1.37226 1.012 0.960805 0.986313
1.22928 1.02137 0.921154 1.00239 0.95972 1.00156
0.618606 1.16085 0.842315 0.0 0.0 0.0
0.541482 1.16847 0.903906 0.0 0.0 0.0
1.18461 1.11997 0.874326 0.0 0.0 0.0
0.692308 1.12192 0.808227 0.0 0.0 0.0
1.0899 0.987913 0.901506 0.0 0.0 0.0
0.986962 0.73752 1.41606 0.0 0.0 0.0
end
gesture a02 hands 2
1.02816 0.678478 1.37124 1.01386 0.965995 0.982125
1.31516 0.952438 1.00816 0.958459 0.958538 1.06722
1.21748 1.02895 0.892403 0.951393 0.980342 1.05438
0.632854 1.1763 0.824845 0.912428 0.982266 1.12947
0.546422 1.19792 0.923066 0.98573 0.945583 1.0133
1.27582 1.15208 0.924188 0.931473 1.00796 1.04601
0.696279 1.14111 0.822989 0.93515 0.985652 1.11476
1.01538 0.709296 1.45912 0.971053 0.969822 1.0144
end
gesture a02 hands 2
0.926431 0.544745 1.39639 0.98631 0.933989 1.04337
1.13118 1.16241 0.808775 0.977259 0.968557 1.04179
0.489642 1.21072 0.962432 0.913107 1.03277 1.01883
0.926603 1.26548 0.673205 0.0 0.0 0.0
1.33719 1.20393 0.875271 0.0 0.0 0.0
0.503945 1.21283 0.97715 0.0 0.0 0.0
1.14718 1.16451 0.783229 0.0 0.0 0.0
0.961033 0.576148 1.41891 0.0 0.0 0.0
end
gesture a02 hands 2
0.909647 0.460245 1.41854 1.00994 0.903563 1.03434
1.31564 1.08144 0.935274 1.02065 0.917521 1.02524
0.51882 1.21167 0.976319 0.0 0.0 0.0
1.31091 1.2038 0.924017 0.0 0.0 0.0
0.610371 1.27026 0.830189 0.0 0.0 0.0
0.532384 1.22396 0.970389 0.0 0.0 0.0
1.24403 1.05816 0.889009 0.0 0.0 0.0
0.924711 0.437585 1.43285 0.0 0.0 0.0
end
gesture a02 hands 2
0.91862 0.517166 1.38062 1.023 0.909301 1.03634
1.36983 1.08178 1.00892 0.957368 0.995437 1.03516
1.03303 1.38025 0.782842 1.01712 0.941777 1.04703
0.504584 1.26797 0.946705 0.0 0.0 0.0
1.02251 1.36298 0.714454 0.0 0.0 0.0
0.560315 1.27921 0.906223 0.0 0.0 0.0
1.2766 1.04336 0.892313 0.0 0.0 0.0
0.914201 0.529627 1.37817 0.0 0.0 0.0
end
gesture a02 hands 2
1.01289 0.675543 1.3423 0.974042 0.975974 1.01923
1.32457 0.944765 0.996668 0.99211 0.974334 0.994964
1.23123 1.01553 0.867687 0.0 0.0 0.0
0.509323 1.17517 0.971518 0.0 0.0 0.0
0.42371 1.19149 1.14207 0.0 0.0 0.0
1.04273 1.19786 0.680646 0.0 0.0 0.0
1.4114 1.1684 0.843597 0.0 0.0 0.0
1.10644 0.670656 1.28113 0.0 0.0 0.0
end
gesture a02 hands 2
1.02159 0.647948 1.41187 0.976205 0.972637 1.01798
1.18757 1.10302 0.788629 0.953206 0.964929 1.02245
0.44184 1.17618 1.0239 0.977288 0.977353 1.00346
0.385302 1.17528 1.0933 0.0 0.0 0.0
1.1511 1.22325 0.689945 0.0 0.0 0.0
1.4129 1.11546 0.863636 0.0 0.0 0.0
1.0018 0.641016 1.40682 0.0 0.0 0.0
1.00451 0.649422 1.40009 0.0 0.0 0.0
end
gesture a02 hands 2
1.04436 0.657102 1.39302 0.983876 0.973301 1.02636
1.25459 0.875734 0.934433 0.947279 0.966781 1.12358
1.20758 1.01379 0.804774 0.934022 0.912719 1.06949
0.478696 1.25072 0.968889 0.983181 0.9756 1.04131
1.19049 1.24383 0.744557 0.0 0.0 0.0
1.25469 1.1759 0.767981 0.0 0.0 0.0
1.1632 0.649137 1.24891 0.0 0.0 0.0
1.0582 0.653588 1.3872 0.0 0.0 0.0
end
gesture a02 hands 2
0.983922 0.848176 1.12701 0.983112 0.980755 0.983641
1.01285 1.19163 0.75358 0.961877 0.957565 1.04081
0.553484 1.26679 0.892985 0.0 0.0 0.0
1.06992 1.25001 0.703033 0.0 0.0 0.0
1.24108 1.24662 0.828827 0.0 0.0 0.0
1.05146 0.976777 0.956306 0.0 0.0 0.0
1.00398 0.829548 1.24257 0.0 0.0 0.0
1.00916 0.820134 1.23706 0.0 0.0 0.0
end
gesture a02 hands 2
0.989894 0.758898 1.23176 0.968161 0.946764 1.00238
1.10493 1.10601 0.866786 0.924712 0.954113 1.1206
0.925128 1.20893 0.7727 0.934074 0.971321 1.1501
0.556822 1.23016 0.888958 0.929126 0.957202 1.05144
1.07641 1.2474 0.79041 0.945351 0.961451 1.09358
1.10012 1.01127 0.949497 0.959812 0.9606 1.06447
1.00755 0.769207 1.28121 0.980052 0.982778 0.994436
1.01009 0.768548 1.26065 0.956267 0.962482 1.09942
0.0 0.0 0.0 0.964187 0.94942 1.04391
end
gesture a02 hands 2
1.01983 0.767257 1.21764 0.964191 0.938396 1.02841
1.14715 1.07059 0.912546 0.928118 0.963908 1.03634
0.650341 1.18846 0.833488 0.9327 0.961183 1.13674
0.590998 1.2278 0.89468 0.959278 0.981548 1.00258
1.05309 1.22645 0.788072 0.97122 0.959713 1.05455
1.12474 1.15754 0.894282 0.977742 0.971632 0.997751
1.00818 0.771147 1.31954 0.968562 0.954383 1.05453
1.01737 0.77587 1.16804 0.964438 0.946945 1.00242
end
gesture a02 hands 2
0.965778 0.693187 1.28452 0.926388 0.951405 1.01335
1.24607 0.968722 1.01771 0.986742 0.961965 1.04014
0.628317 1.1686 0.933253 0.0 0.0 0.0
0.838131 1.22135 0.788689 0.0 0.0 0.0
1.22972 1.06084 0.933147 0.0 0.0 0.0
0.59945 1.09891 0.975329 0.0 0.0 0.0
1.16256 1.08362 0.879344 0.0 0.0 0.0
0.964962 0.704982 1.34108 0.0 0.0 0.0
end
gesture a02 hands 2
1.02463 0.765787 1.25182 0.974218 0.955072 1.04597
1.10901 0.967336 0.877336 0.974925 0.961522 1.01091
0.610495 1.17922 0.944017 0.0 0.0 0.0
1.25607 1.05284 0.904107 0.0 0.0 0.0
0.611868 1.14326 0.947545 0.0 0.0 0.0
0.976369 1.11305 0.742971 0.0 0.0 0.0
1.28984 1.03365 0.970387 0.0 0.0 0.0
0.992776 0.758995 1.23298 0.0 0.0 0.0
end
gesture a02 hands 2
1.02782 0.708088 1.2869 0.985713 0.961755 1.00358
0.582703 1.16412 1.02615 0.978294 0.967906 1.05029
1.23284 1.05406 0.897418 0.0 0.0 0.0
0.61594 1.16014 1.01906 0.0 0.0 0.0
1.29232 1.07792 0.944198 0.0 0.0 0.0
0.692739 1.10008 0.962345 0.0 0.0 0.0
1.26713 0.983741 0.974785 0.0 0.0 0.0
1.01928 0.689889 1.3385 0.0 0.0 0.0
end
gesture a02 hands 2
0.853014 0.632643 1.32691 0.968482 0.974865 1.0373
0.915196 1.16201 0.712822 0.969189 0.971494 1.02536
0.334007 1.18117 0.890145 0.0 0.0 0.0
0.859331 1.23371 0.692662 0.0 0.0 0.0
1.39714 1.19965 1.13425 0.0 0.0 0.0
0.554097 1.15616 0.753126 0.0 0.0 0.0
1.29716 1.21775 0.921131 0.0 0.0 0.0
0.843233 0.605865 1.30421 0.0 0.0 0.0
end
gesture a02 hands 2
0.89319 0.605803 1.35254 0.968189 0.954154 1.04253
1.29538 1.01348 0.968187 0.971507 0.967078 1.02733
1.17885 1.14961 0.821457 0.0 0.0 0.0
0.527057 1.24926 0.85948 0.0 0.0 0.0
1.26591 1.29219 0.904692 0.0 0.0 0.0
0.595932 1.23394 0.875623 0.0 0.0 0.0
1.07273 1.24965 0.804335 0.0 0.0 0.0
0.896646 0.614465 1.35301 0.0 0.0 0.0
end
gesture a02 hands 2
0.923951 0.622394 1.35342 0.973803 0.963976 1.02119
0.963681 1.35151 0.745739 0.990211 0.934994 1.03689
0.676269 1.29102 0.807079 0.0 0.0 0.0
1.22347 1.36261 0.847335 0.0 0.0 0.0
0.660026 1.24013 0.84437 0.0 0.0 0.0
1.00525 1.34736 0.745671 0.0 0.0 0.0
0.979943 0.6357 1.26673 0.0 0.0 0.0
0.91806 0.62405 1.32982 0.0 0.0 0.0
end
gesture a02 hands 2
0.955356 0.580198 1.3078 0.985153 1.0226 0.989021
0.519151 1.19907 0.957267 1.02169 0.966356 0.952288
1.5055 1.10067 1.05687 0.0 0.0 0.0
0.523979 1.20523 0.997677 0.0 0.0 0.0
1.52483 1.11763 1.08061 0.0 0.0 0.0
0.479827 1.20611 1.05308 0.0 0.0 0.0
0.99351 0.530915 1.08601 0.0 0.0 0.0
0.977985 0.558501 1.35288 0.0 0.0 0.0
end
gesture a02 hands 2
0.981275 0.53329 1.34298 0.964423 0.913723 1.0351
1.32973 1.24636 0.793708 0.867876 0.836921 1.03463
0.641109 1.2431 0.982326 0.971668 1.54804 1.06151
1.49902 1.13195 0.996273 0.831371 1.68 0.765406
0.586404 1.22142 1.03291 0.934178 1.59607 0.832262
1.45944 1.19307 0.921863 1.00225 1.1026 1.01125
0.784525 1.30447 0.852826 1.51419 0.94482 0.843432
0.54147 0.518888 1.25939 1.50499 0.916637 0.828236
0.0 0.0 0.0 1.06096 1.33182 0.700829
0.0 0.0 0.0 1.37239 0.884389 1.23226
end
gesture a02 hands 2
0.54255 0.509785 1.2654 1.32545 0.960406 1.11986
1.48652 0.915565 1.09489 1.32323 0.95833 1.10474
0.61537 1.21364 1.01512 1.54512 1.11346 0.845194
1.61229 1.01402 1.28749 1.62948 1.1815 0.82526
0.569222 1.18125 1.01715 0.881164 0.964591 0.971931
1.58309 1.0479 1.12115 0.917298 0.987044 1.01407
0.544788 1.11123 1.14968 0.0 0.0 0.0
1.02887 0.5164 1.23548 0.0 0.0 0.0
end
gesture a02 hands 2
0.930097 0.791682 1.1884 0.961384 0.971627 1.00437
1.09194 0.960851 0.872307 0.95425 0.982042 1.04867
0.505518 1.04778 0.906459 0.0 0.0 0.0
0.916669 1.07242 0.730563 0.0 0.0 0.0
1.42278 1.08338 1.25458 0.0 0.0 0.0
1.06761 1.12843 0.743285 0.0 0.0 0.0
0.489578 1.16797 0.843379 0.0 0.0 0.0
0.944689 0.798823 1.25237 0.0 0.0 0.0
end
gesture a02 hands 2
0.950144 0.78489 1.29072 0.975867 0.973487 1.02379
1.20777 1.11008 0.801065 0.946239 0.973633 1.02745
0.481388 1.10573 0.854212 0.0 0.0 0.0
1.16909 1.10728 0.814945 0.0 0.0 0.0
1.42639 1.09826 1.21697 0.0 0.0 0.0
0.952815 1.00543 0.799075 0.0 0.0 0.0
0.558987 0.99097 1.10992 0.0 0.0 0.0
0.941169 0.762186 1.24658 0.0 0.0 0.0
end
gesture a02 hands 2
0.945452 0.764969 1.27882 0.954239 0.979482 1.07058
1.20632 1.06427 0.883295 0.955369 0.967074 1.06393
0.58148 1.13506 0.852867 0.0 0.0 0.0
0.526584 1.112 0.910201 0.0 0.0 0.0
1.38455 1.096 1.11826 0.0 0.0 0.0
0.659907 0.994521 0.941494 0.0 0.0 0.0
1.11969 0.796745 1.27541 0.0 0.0 0.0
0.975378 0.770264 1.30862 0.0 0.0 0.0
end
gesture a02 hands 2
1.00025 0.62111 1.36371 0.976543 0.971072 1.03503
0.986218 1.13221 0.791391 0.94517 0.966153 1.03452
0.742998 1.25413 0.843238 0.0 0.0 0.0
1.17471 1.23153 0.835491 0.0 0.0 0.0
0.689654 1.25496 0.883801 0.0 0.0 0.0
1.20883 1.10452 0.892803 0.0 0.0 0.0
0.987863 0.616867 1.38719 0.0 0.0 0.0
1.00492 0.626734 1.38315 0.0 0.0 0.0
end
gesture a02 hands 2
0.998641 0.560128 1.4619 0.946485 0.956759 1.05135
1.03831 1.10435 0.899503 0.952076 0.964898 1.03147
0.696134 1.19226 0.984633 0.0 0.0 0.0
1.09227 1.14845 0.856947 0.0 0.0 0.0
0.693595 1.17867 0.941283 0.0 0.0 0.0
1.19238 0.93298 0.967772 0.0 0.0 0.0
1.04017 0.569341 1.35063 0.0 0.0 0.0
1.03337 0.554208 1.46802 0.0 0.0 0.0
end
gesture a02 hands 2
0.995402 0.495665 1.50801 0.946244 0.960379 1.03376
1.09374 1.01316 0.946352 0.944215 0.957092 1.10811
0.726331 1.16109 0.955706 0.937784 0.984093 1.04518
1.16556 1.0913 0.934512 0.948341 0.947812 1.04543
1.11429 1.11596 0.895927 0.953867 0.944877 1.09094
0.635639 1.1678 1.03711 0.0 0.0 0.0
1.01105 1.14118 0.919101 0.0 0.0 0.0
1.07168 0.581351 1.24455 0.0 0.0 0.0
end
gesture a03 hands 2
0.940637 0.743649 1.1719 0.920653 0.969585 1.10773
1.40714 1.36144 1.18309 1.03183 0.99171 1.03758
1.29636 1.71087 1.3272 0.956362 0.9857 0.975777
1.05198 1.74853 1.32083 0.885689 0.905871 1.06159
0.939133 1.63705 0.757267 0.899037 0.954236 0.966154
0.673254 0.842045 0.661497 0.999624 0.962577 1.01561
0.710021 0.861137 0.604811 0.990871 0.983234 1.10103
0.977572 0.736172 1.17814 0.0 0.0 0.0
end
gesture a03 hands 2
0.946817 0.700017 1.21139 0.954966 0.981357 1.12775
1.40067 1.10858 1.30474 0.966716 0.97964 1.12351
1.34903 1.48575 1.39093 0.0 0.0 0.0
1.11373 1.66031 1.31181 0.0 0.0 0.0
0.965871 1.58236 0.862568 0.0 0.0 0.0
0.767225 0.991125 0.602597 0.0 0.0 0.0
0.746476 0.878148 0.589933 0.0 0.0 0.0
0.968164 0.689088 1.2305 0.0 0.0 0.0
end
gesture a03 hands 2
0.911036 0.63507 1.19886 0.950641 0.961432 1.04759
1.35831 1.17106 1.31691 0.966223 0.967273 1.11667
1.1968 1.55976 1.42131 0.0 0.0 0.0
0.881866 1.55029 0.83667 0.0 0.0 0.0
0.628093 0.792683 0.630474 0.0 0.0 0.0
0.789437 0.930595 0.629231 0.0 0.0 0.0
1.03981 0.631228 1.34411 0.0 0.0 0.0
0.968729 0.632349 1.35433 0.0 0.0 0.0
end
gesture a03 hands 2
0.941394 0.670353 1.29803 0.96972 0.887068 1.20693
1.30287 0.895098 1.2307 1.03922 0.953269 0.9097
1.23591 1.43531 1.35119 1.03285 1.02949 0.993638
1.04921 1.62045 1.06619 1.05338 0.91195 0.984764
0.956809 1.38149 0.821568 0.883605 0.910722 1.02295
0.776922 1.03585 0.624271 0.838372 1.06339 0.963172
0.778096 1.03747 0.541699 0.88176 1.08365 1.01448
0.950606 0.727026 1.20122 0.0 0.0 0.0
end
gesture a03 hands 2
0.985173 0.811752 1.18505 0.886931 1.03343 1.01916
0.828594 0.680936 1.26388 0.990772 0.9152 1.10574
1.33187 1.00528 1.38394 1.12741 0.986335 0.968575
1.14984 1.62989 1.22655 1.03497 0.902331 1.03703
0.866031 1.35393 0.872555 0.774347 0.954276 1.00242
0.851768 1.20334 0.360122 0.858179 1.06491 0.890048
0.958878 0.736812 1.13202 0.935427 1.00323 1.04711
0.999934 0.777188 1.22511 0.0 0.0 0.0
end
gesture a03 hands 2
0.973271 0.777835 1.19347 0.997462 0.959153 1.07932
0.835153 0.748488 1.27319 1.07314 0.911656 1.07233
1.3068 1.11329 1.3951 1.10144 0.962802 0.94762
1.12382 1.6846 1.18964 1.10391 1.02668 0.961772
1.006 1.6595 0.806993 1.02727 1.00963 0.917734
0.845054 1.01118 0.379575 0.949415 0.884505 0.962701
0.879207 1.20452 0.480159 0.718168 1.12358 0.958352
0.943508 0.790019 1.17567 0.826773 1.15516 1.03991
0.0 0.0 0.0 0.989124 0.967604 1.08197
0.0 0.0 0.0 0.990058 0.890156 1.13978
end
gesture a03 hands 2
1.03137 0.79088 1.21122 0.966868 0.965069 1.0115
1.2528 1.26156 0.899421 0.944231 1.00039 0.89576
1.18069 1.82553 1.03235 0.963039 0.959709 1.19651
1.10692 1.74204 0.728101 1.14402 0.987514 1.39672
0.822476 1.1797 0.447837 0.92452 0.9857 0.8488
0.647446 0.82265 0.741328 0.931774 0.975774 0.871246
0.615745 0.773612 0.846339 0.0 0.0 0.0
1.00803 0.794023 1.17127 0.0 0.0 0.0
end
gesture a03 hands 2
1.08051 0.705478 1.31341 0.890486 0.961137 0.836595
1.29907 1.25039 0.950728 0.867171 0.949202 0.999752
1.21969 1.76381 1.00913 1.02376 0.948055 1.24227
1.19216 1.81109 0.976915 1.24535 1.03772 1.39594
0.997477 1.36083 0.556017 0.997797 0.925489 1.28942
0.576392 0.760012 0.941767 0.858658 0.921384 1.11223
0.871814 0.914994 0.860092 0.897632 0.939285 0.918743
1.06533 0.723744 1.28831 0.922086 0.956392 0.848225
end
gesture a03 hands 2
1.05441 0.735744 1.30803 0.959494 0.977047 0.925554
1.35068 1.34523 0.898406 0.919797 0.900081 1.0637
1.19633 1.83232 1.01792 0.964069 0.990728 1.11127
0.837847 1.46099 0.492598 1.18508 1.01522 1.32583
0.528724 0.787768 0.816326 0.866185 0.928195 1.15366
0.525118 0.797632 0.822662 0.955317 0.993444 0.919679
0.889527 1.01725 0.649681 0.0 0.0 0.0
1.05007 0.744873 1.3186 0.0 0.0 0.0
end
gesture a03 hands 2
1.10562 0.723181 1.17455 0.902916 0.925723 1.03703
1.09382 1.10166 0.991988 0.924348 0.938832 0.979957
1.09913 1.45162 1.24152 1.2138 1.13902 0.813243
0.996121 1.544 1.16489 1.23306 1.15624 0.841135
0.892513 1.31908 0.803626 0.888152 0.94968 0.994403
0.721685 0.801951 0.866487 0.859859 0.891544 1.25814
0.76726 0.895988 0.834218 0.992674 0.895952 1.34393
0.992941 0.782528 1.04796 0.897291 0.900672 1.24011
0.0 0.0 0.0 0.866086 0.955982 0.96584
end
gesture a03 hands 2
1.09312 0.785869 1.12827 0.828413 0.91431 1.00774
1.01111 0.871779 1.03194 0.879898 0.922626 0.941987
1.27077 1.20003 1.11414 0.878333 0.895982 0.983381
1.06999 1.56934 1.28714 1.02719 0.969405 0.897648
0.990232 1.5208 1.04383 1.02468 0.972921 0.935902
0.809893 1.16373 0.801912 1.34096 1.34897 0.994276
0.800549 0.892082 0.830304 1.32005 1.38912 0.990353
0.90182 0.818092 1.03768 1.09716 1.16302 0.899107
0.0 0.0 0.0 0.903919 0.862221 1.05358
0.0 0.0 0.0 0.868402 0.825018 1.16198
0.0 0.0 0.0 0.913326 0.820875 1.37161
0.0 0.0 0.0 0.851908 0.821249 1.18288
0.0 0.0 0.0 0.836421 0.85367 1.17213
0.0 0.0 0.0 0.817764 0.885172 1.031
0.0 0.0 0.0 0.845672 0.893041 1.09284
0.0 0.0 0.0 0.831536 0.879703 1.05048
end
gesture a03 hands 2
0.87006 0.81552 0.997965 0.988633 0.969123 0.980226
1.09965 0.815576 1.06419 0.948058 0.96922 0.953661
1.30982 1.27212 1.24741 0.0 0.0 0.0
1.09005 1.48768 1.33007 0.0 0.0 0.0
0.944318 1.46303 0.934061 0.0 0.0 0.0
0.751468 0.881717 0.813261 0.0 0.0 0.0
0.732954 0.788224 0.88798 0.0 0.0 0.0
1.08974 0.752213 1.13561 0.0 0.0 0.0
end
gesture a03 hands 2
1.01184 0.729859 1.16561 0.996312 0.974901 1.01631
1.10386 1.11542 0.827214 0.959869 0.960701 0.993026
1.00658 1.61159 1.08688 0.0 0.0 0.0
0.862482 1.06177 0.68064 0.0 0.0 0.0
0.989809 1.62696 0.967893 0.0 0.0 0.0
0.998114 1.56319 0.916399 0.0 0.0 0.0
0.752169 0.940504 0.80255 0.0 0.0 0.0
1.02439 0.718931 1.18133 0.0 0.0 0.0
end
gesture a03 hands 2
0.987944 0.616037 1.31494 0.980649 0.923318 1.04197
1.12877 1.45278 1.0801 0.978725 0.941627 1.0631
0.882374 0.874634 0.824997 0.0 0.0 0.0
0.840277 0.846332 0.838871 0.0 0.0 0.0
1.01169 1.50496 1.07451 0.0 0.0 0.0
0.900903 1.16044 0.772392 0.0 0.0 0.0
1.0266 0.611565 1.37521 0.0 0.0 0.0
0.984459 0.598187 1.40064 0.0 0.0 0.0
end
gesture a03 hands 2
1.02638 0.615266 1.29495 0.948287 0.943593 1.02452
1.07229 1.48381 1.15324 0.941218 0.948336 0.984162
0.820822 0.991281 0.816356 0.0 0.0 0.0
1.03508 1.49106 1.06775 0.0 0.0 0.0
0.838803 0.893603 0.815221 0.0 0.0 0.0
1.03506 1.45174 1.0352 0.0 0.0 0.0
0.925393 0.896541 0.789021 0.0 0.0 0.0
1.0351 0.624787 1.27249 0.0 0.0 0.0
end
gesture a03 hands 2
0.978968 0.558618 1.31263 0.965255 0.92803 1.05536
1.14267 1.31833 1.03496 0.957309 0.942787 1.03057
1.02403 1.46607 1.31927 0.0 0.0 0.0
1.0161 1.51029 1.00139 0.0 0.0 0.0
0.792521 1.08658 0.616005 0.0 0.0 0.0
0.8952 1.22672 0.782528 0.0 0.0 0.0
0.976686 0.559499 1.30164 0.0 0.0 0.0
0.985328 0.563801 1.30859 0.0 0.0 0.0
end
gesture a03 hands 2
0.989287 0.540314 1.2798 0.958427 0.944972 1.04516
1.09167 0.608216 1.13654 0.963034 0.943825 1.04084
1.14413 1.0897 1.09591 0.0 0.0 0.0
0.957707 1.43074 1.1999 0.0 0.0 0.0
0.879782 1.16318 0.584422 0.0 0.0 0.0
0.863174 1.3339 0.763134 0.0 0.0 0.0
0.971406 0.793544 0.910584 0.0 0.0 0.0
0.995942 0.539285 1.30043 0.0 0.0 0.0
end
gesture a03 hands 2
1.00546 0.532952 1.3734 0.962877 0.942212 1.04198
1.13263 1.0453 1.12507 0.961389 0.943416 1.05035
1.01151 1.37118 1.29057 0.0 0.0 0.0
0.97843 1.43739 1.17533 0.0 0.0 0.0
0.872663 1.21817 0.709082 0.0 0.0 0.0
0.889029 1.16932 0.782126 0.0 0.0 0.0
1.01025 0.738433 1.01505 0.0 0.0 0.0
0.995466 0.559266 1.33631 0.0 0.0 0.0
end
gesture a03 hands 2
0.990876 0.648427 1.32831 0.971097 0.967606 1.0202
1.0311 1.06441 0.809217 0.956364 0.934024 1.16556
1.02996 1.25202 0.805123 0.978288 0.957296 1.01611
0.946678 1.72572 1.07698 0.0 0.0 0.0
0.937071 1.74215 1.13242 0.0 0.0 0.0
0.983127 1.46197 0.742811 0.0 0.0 0.0
0.892714 0.874984 0.666991 0.0 0.0 0.0
1.00077 0.662505 1.26505 0.0 0.0 0.0
end
gesture a03 hands 2
0.973863 0.695954 1.26441 0.984342 0.946362 1.04032
1.046 1.33853 0.811531 0.976731 0.972295 1.03881
0.938922 1.76976 1.05 0.962409 0.96436 1.15928
0.949934 1.55661 0.676734 0.995316 0.959633 1.10803
0.90653 0.779323 0.78832 0.915759 0.934943 1.14847
0.932347 0.702828 1.06418 0.963651 0.974062 1.06531
1.02703 0.741899 0.98862 0.954679 0.955671 1.10461
0.961939 0.68673 1.2517 0.9497 0.988463 0.940754
end
gesture a03 hands 2
0.926575 0.631468 1.31883 0.9561 0.958575 1.01076
1.04899 0.870693 0.995956 0.967881 0.957106 1.03455
0.981418 1.59873 1.08949 0.0 0.0 0.0
0.945849 1.53593 0.839717 0.0 0.0 0.0
0.938453 0.964885 0.627811 0.0 0.0 0.0
0.946591 0.642963 1.111 0.0 0.0 0.0
0.986613 0.920693 0.932973 0.0 0.0 0.0
0.950769 0.594639 1.2793 0.0 0.0 0.0
end
gesture a03 hands 2
0.961807 0.558292 1.35929 0.956076 0.952932 1.04764
1.0528 1.00116 0.966867 0.955846 0.960138 1.01884
0.967905 1.47426 1.228 0.0 0.0 0.0
0.940128 0.754896 0.873869 0.0 0.0 0.0
0.932681 1.50243 1.1338 0.0 0.0 0.0
0.964499 0.706503 0.967341 0.0 0.0 0.0
0.980323 0.908958 0.905504 0.0 0.0 0.0
0.952518 0.568317 1.3725 0.0 0.0 0.0
end
gesture a03 hands 2
0.96682 0.644627 1.27324 0.961322 0.962615 1.03095
1.00913 1.48982 1.07149 0.973379 0.970662 1.02396
0.969395 0.921177 0.732159 0.0 0.0 0.0
0.962174 1.13534 0.636078 0.0 0.0 0.0
0.958154 1.45885 1.0693 0.0 0.0 0.0
1.03202 1.24364 0.689767 0.0 0.0 0.0
0.99305 0.626804 1.31374 0.0 0.0 0.0
0.979472 0.630266 1.29092 0.0 0.0 0.0
end
gesture a03 hands 2
0.965576 0.559812 1.33135 0.957692 0.963612 1.02207
1.06359 1.23171 0.961637 0.930805 0.967523 1.10388
0.896516 1.44105 1.25262 0.0 0.0 0.0
0.974555 1.32316 0.737121 0.0 0.0 0.0
0.885841 0.665738 0.901313 0.0 0.0 0.0
0.979111 1.38735 1.25539 0.0 0.0 0.0
0.977941 1.0463 0.712508 0.0 0.0 0.0
0.965667 0.585723 1.31733 0.0 0.0 0.0
end
gesture a03 hands 2
1.06419 0.565483 1.39535 0.957945 0.975996 1.03181
1.00941 1.3709 1.14518 0.968934 0.949711 1.04994
0.937709 0.81543 0.923885 0.0 0.0 0.0
0.949466 1.0863 0.846347 0.0 0.0 0.0
0.957752 1.42344 1.23352 0.0 0.0 0.0
0.935852 0.847862 0.905084 0.0 0.0 0.0
0.948457 0.887426 0.894168 0.0 0.0 0.0
1.01878 0.57382 1.29112 0.0 0.0 0.0
end
gesture a03 hands 2
1.0283 0.556952 1.306 0.95666 0.950323 1.06962
1.01705 1.08649 0.90556 0.952098 0.963257 1.08663
0.971356 1.44705 1.16057 0.0 0.0 0.0
0.918406 0.869989 0.796773 0.0 0.0 0.0
0.9255 1.08227 0.767623 0.0 0.0 0.0
0.913217 1.46287 1.18807 0.0 0.0 0.0
0.922613 0.996486 0.750599 0.0 0.0 0.0
1.05997 0.548387 1.37271 0.0 0.0 0.0
end
gesture a03 hands 2
1.01093 0.624074 1.32146 0.947801 0.959728 1.06806
0.995918 0.897989 0.910623 0.973755 0.974307 0.984872
0.947592 1.484 1.05271 0.962584 0.977708 1.0114
0.929777 0.933149 0.74813 0.963267 0.972583 1.02256
0.900397 1.31582 0.752107 0.957085 1.02487 1.03735
0.922447 1.54308 1.17656 0.986184 0.946369 1.02522
0.92766 1.12823 0.64531 0.971545 0.943805 1.09753
1.02566 0.602186 1.34211 0.967718 0.940307 1.0489
0.0 0.0 0.0 0.950964 0.94654 1.09235
end
gesture a04 hands 2
0.764798 0.493154 1.21034 0.974639 0.950987 1.09199
0.850673 0.797553 0.933285 0.84061 0.965944 1.06656
0.964885 1.39944 1.04398 0.0 0.0 0.0
1.12151 1.50213 1.03955 0.0 0.0 0.0
1.24754 1.44841 0.906717 0.0 0.0 0.0
1.13512 0.937932 0.902392 0.0 0.0 0.0
1.08586 0.778265 0.99919 0.0 0.0 0.0
0.694794 0.526716 1.18594 0.0 0.0 0.0
end
gesture a04 hands 2
0.787918 0.653871 1.19383 0.906561 0.978743 1.03799
0.803592 0.670612 1.092 0.94944 0.965989 1.05914
0.975492 0.938189 0.941622 0.0 0.0 0.0
1.17619 1.56561 0.947432 0.0 0.0 0.0
1.35318 1.65579 0.866412 0.0 0.0 0.0
1.30518 1.35143 0.818091 0.0 0.0 0.0
1.06007 0.784887 1.0164 0.0 0.0 0.0
0.775196 0.655096 1.15603 0.0 0.0 0.0
end
gesture a04 hands 2
0.632011 0.392168 1.21684 0.894675 0.936514 1.0984
0.715219 0.514334 1.05565 0.932159 0.942648 1.01919
0.82622 0.843164 0.984947 1.00132 0.932172 1.08591
1.04799 1.44808 1.06621 1.02757 0.967102 1.04985
1.24727 1.3809 1.00041 0.956913 0.9488 1.10157
1.19225 0.85697 0.926847 0.0 0.0 0.0
1.00187 0.55248 1.01842 0.0 0.0 0.0
0.717106 0.398151 1.23581 0.0 0.0 0.0
end
gesture a04 hands 2
0.759519 0.679643 1.03022 0.943773 0.951543 1.03779
0.881146 0.763115 1.01366 0.913995 1.0044 1.01299
1.11958 1.09613 0.972555 0.907388 0.961622 0.979732
1.15943 1.49599 1.06099 1.19514 0.940844 1.00907
1.4331 1.62295 1.00795 0.932907 1.0003 1.04561
1.37401 1.25171 0.903005 0.896187 0.985989 1.04385
1.10054 0.823002 0.995839 0.0 0.0 0.0
0.714868 0.677512 1.0451 0.0 0.0 0.0
end
gesture a04 hands 2
0.622416 0.537286 1.12624 0.864862 0.964311 1.07916
0.900055 0.697815 0.9723 0.871041 0.969186 1.08764
1.18955 1.47182 1.06841 0.0 0.0 0.0
1.26695 1.57395 1.00966 0.0 0.0 0.0
1.20902 0.881532 0.947519 0.0 0.0 0.0
0.694706 0.540788 1.11321 0.0 0.0 0.0
0.687427 0.649619 1.11935 0.0 0.0 0.0
0.641258 0.54071 1.13278 0.0 0.0 0.0
end
gesture a04 hands 2
0.718701 0.671569 1.09309 0.893945 0.979679 1.0741
1.02978 0.892867 0.960473 1.09179 0.984716 1.00925
1.19404 1.42186 1.03468 1.08416 0.927242 1.02391
1.35476 1.68896 1.03642 1.15641 0.936418 1.0214
1.40112 1.66997 0.991989 1.06765 0.903534 1.03149
1.43499 1.07665 0.921822 0.930584 0.972202 1.04808
0.825673 0.672918 1.06751 0.906516 1.00855 1.05569
0.717231 0.699466 1.07123 0.888698 0.947279 1.05697
0.0 0.0 0.0 0.884127 0.965037 1.05137
end
gesture a04 hands 2
0.980133 0.447595 1.35657 1.02733 0.970007 1.02156
1.1249 1.42609 0.845442 0.997713 1.05751 0.894717
1.20582 1.54945 0.92064 0.954782 0.999696 1.00898
0.885068 1.36215 0.671472 0.924887 1.01938 0.875961
1.03617 1.08913 1.07143 0.963736 0.969876 1.01069
1.11447 1.50743 0.780579 1.08767 0.973784 0.883875
0.96539 1.4921 0.676137 0.989705 0.970187 1.04088
0.989643 0.452965 1.36765 0.918203 1.04564 0.966259
0.0 0.0 0.0 0.995862 1.07208 1.09228
0.0 0.0 0.0 1.21852 1.03253 1.29395
0.0 0.0 0.0 1.12902 0.985819 1.13448
0.0 0.0 0.0 1.14965 0.987264 1.10107
0.0 0.0 0.0 0.963165 0.976921 1.1607
0.0 0.0 0.0 0.935182 1.02606 0.977073
0.0 0.0 0.0 0.993922 0.910252 1.01583
end
gesture a04 hands 2
0.956738 0.610798 1.34988 1.00698 0.947173 1.06308
1.02038 0.751997 0.970246 0.940554 0.923985 1.05453
1.06391 0.973178 0.850321 0.998336 0.929973 1.04532
1.03167 1.68451 0.660677 0.934225 0.927155 1.06004
0.889541 1.56768 0.661799 0.989523 0.931046 1.049
0.922069 1.1208 0.778849 1.00449 0.928029 1.05841
0.946959 0.921122 0.856082 0.933566 0.907941 1.04659
0.95673 0.61153 1.36 0.922563 0.992847 1.07245
0.0 0.0 0.0 0.962606 1.00504 1.07356
0.0 0.0 0.0 0.935054 1.06847 1.09855
0.0 0.0 0.0 0.93421 0.971893 1.03609
0.0 0.0 0.0 0.983895 0.983973 1.01066
end
gesture a04 hands 2
0.931261 0.627281 1.16407 0.987839 0.954424 1.02384
0.895682 0.663218 1.0502 0.979477 0.960851 1.0835
0.921224 0.956252 0.884821 0.934192 0.99833 0.987178
1.04414 1.43396 1.00865 0.978377 1.00635 1.03791
1.10017 1.52507 0.94234 0.968699 0.966012 1.00585
1.03444 1.30377 0.856122 0.972483 0.968839 1.0916
0.948058 0.811961 0.943119 0.970517 0.932269 1.02636
0.914629 0.625539 1.18728 0.0 0.0 0.0
end
gesture a04 hands 2
0.920977 0.629846 1.13943 0.956413 0.90744 1.08966
0.894795 0.634877 1.19883 0.929406 0.904992 1.06698
0.925126 0.635911 1.14412 0.941449 0.905722 1.09745
0.895102 0.733825 1.02302 0.953384 0.912153 1.06984
0.914221 1.01815 0.911303 0.925828 0.913542 1.06245
0.938354 1.26595 0.963921 0.940608 0.915175 1.11148
1.00009 1.43041 1.0208 0.894789 0.953033 1.08572
1.05735 1.51377 0.915616 0.912932 0.975042 1.03404
0.0 0.0 0.0 0.901541 0.982246 1.04824
0.0 0.0 0.0 0.95642 0.990337 1.04921
end
gesture a04 hands 2
0.891845 0.460946 1.21149 0.930203 0.904341 1.03888
0.887437 0.61643 1.04454 0.933308 0.902297 1.02521
0.894252 0.45599 1.26594 0.95497 0.915025 1.05677
0.969158 1.13925 1.0203 0.910078 0.992929 1.00897
1.00403 1.26683 1.0669 0.904176 0.987314 1.0527
0.995839 1.30263 0.9193 0.918647 0.990929 1.03943
0.922463 0.832713 0.975365 0.943609 0.979119 1.10311
0.909662 0.4556 1.28923 0.947883 0.967103 1.04824
0.0 0.0 0.0 1.00305 0.953357 1.06628
0.0 0.0 0.0 0.947676 0.932073 1.07158
0.0 0.0 0.0 0.995437 0.91852 1.08612
end
gesture a04 hands 2
1.08242 0.458859 1.38952 0.98299 0.919876 0.99652
1.19532 1.33171 1.03283 0.946335 0.963795 1.13036
0.790456 1.23369 0.718852 0.975383 0.929161 1.0251
0.645422 1.10818 0.847447 0.0 0.0 0.0
0.956835 1.02352 0.958008 0.0 0.0 0.0
1.12842 0.573841 1.29496 0.0 0.0 0.0
1.01755 0.44369 1.5325 0.0 0.0 0.0
1.03654 0.463678 1.5037 0.0 0.0 0.0
end
gesture a04 hands 2
1.05477 0.38623 1.41828 0.957778 0.950995 0.962145
1.17483 1.12082 1.0048 0.974241 0.951159 0.945274
0.767659 1.11713 0.738043 0.0 0.0 0.0
1.01574 1.41788 0.942986 0.0 0.0 0.0
0.71962 1.08534 0.769063 0.0 0.0 0.0
1.09715 1.41104 0.922025 0.0 0.0 0.0
0.948652 1.06865 0.587102 0.0 0.0 0.0
1.07072 0.375675 1.40951 0.0 0.0 0.0
end
gesture a04 hands 2
0.837905 0.336669 1.33542 0.941373 0.946561 1.06519
0.837516 0.97369 1.04181 0.965986 0.943892 1.02623
0.839005 1.23111 1.17032 0.0 0.0 0.0
1.15217 1.31918 0.987648 0.0 0.0 0.0
0.912957 1.09202 0.736735 0.0 0.0 0.0
0.964986 1.30201 1.08998 0.0 0.0 0.0
1.27662 1.27194 0.993703 0.0 0.0 0.0
0.817412 0.309463 1.39163 0.0 0.0 0.0
end
gesture a04 hands 2
0.905738 0.585589 1.27571 0.957088 0.949643 1.04178
0.932022 0.886446 1.03913 0.974783 0.990789 1.05527
0.961784 1.00055 1.01253 0.971927 0.954728 1.027
1.06195 1.42157 0.792387 0.95446 0.955297 1.05457
1.11979 1.42573 0.719657 0.0 0.0 0.0
0.994587 1.27761 0.880931 0.0 0.0 0.0
0.963091 0.755979 1.06347 0.0 0.0 0.0
0.914505 0.587741 1.31058 0.0 0.0 0.0
end
gesture a04 hands 2
0.904143 0.522564 1.3157 0.954883 0.952114 1.06264
0.92599 0.604169 1.18054 0.95657 0.944446 1.0397
0.949062 1.08444 1.0675 0.0 0.0 0.0
1.04699 1.40235 0.776447 0.0 0.0 0.0
1.04473 1.34964 0.739354 0.0 0.0 0.0
0.972611 0.667832 1.11688 0.0 0.0 0.0
0.916153 0.503828 1.32487 0.0 0.0 0.0
0.898512 0.514212 1.30917 0.0 0.0 0.0
end
gesture a04 hands 2
0.898256 0.584637 1.25464 0.962336 0.949983 1.04603
0.951066 0.699355 1.06478 0.973564 0.92383 1.04582
0.915171 1.13863 1.04044 0.0 0.0 0.0
0.948785 1.28417 1.0462 0.0 0.0 0.0
1.0355 1.46135 0.801307 0.0 0.0 0.0
1.04979 1.42015 0.703891 0.0 0.0 0.0
0.968167 0.633424 1.26109 0.0 0.0 0.0
0.912569 0.580029 1.27099 0.0 0.0 0.0
end
gesture a04 hands 2
0.927971 0.36664 1.29614 0.993621 0.980278 1.03356
1.01483 0.976579 0.959167 0.953153 1.01606 1.03032
0.958284 1.35312 1.15701 0.973765 0.941657 0.982444
1.05965 1.58275 0.942959 0.954323 0.998371 0.997905
1.13594 1.50511 0.76415 0.93956 0.986771 1.0026
1.10281 1.02373 0.532136 1.01781 0.989673 1.03424
1.0947 0.88195 0.599343 0.952667 0.995692 0.981868
0.978619 0.455799 1.13587 0.980195 0.904799 1.04133
0.0 0.0 0.0 0.999688 0.993618 1.03966
0.0 0.0 0.0 0.957058 0.930482 1.0773
0.0 0.0 0.0 0.984607 0.962065 1.04426
0.0 0.0 0.0 0.948476 0.938761 1.06739
0.0 0.0 0.0 1.00681 0.980337 1.04157
0.0 0.0 0.0 0.972083 0.995923 1.00987
0.0 0.0 0.0 0.9455 0.944804 1.02505
end
gesture a04 hands 2
0.92096 0.486471 1.19196 0.940044 0.912986 1.11925
0.985741 1.20611 1.16402 0.933552 0.898979 0.997289
0.959701 1.45604 1.19963 0.943479 1.01383 1.05055
1.03607 1.45258 0.962705 0.907954 0.962135 1.01584
0.950159 1.19375 0.695366 0.961305 0.966624 1.13908
0.924088 1.06417 0.774251 0.926832 0.900172 1.08231
0.945979 0.399348 1.25781 0.949515 0.989097 1.03961
0.94755 0.415359 1.24099 0.0 0.0 0.0
end
gesture a04 hands 2
0.915677 0.526289 1.21457 0.950065 0.999691 1.00112
0.95783 0.766128 0.990105 0.985062 0.971717 1.05008
1.0048 1.29357 1.01346 0.945693 0.948923 1.01672
1.06859 1.66643 0.936678 0.967874 0.945786 1.08481
1.09894 1.35302 0.668537 0.948595 0.972133 1.00193
0.99923 0.769907 0.981951 0.954294 0.966287 1.05619
0.925588 0.521774 1.25886 0.955745 0.906257 0.994378
0.904552 0.534729 1.23916 0.950202 0.933662 1.07743
0.0 0.0 0.0 0.972341 0.977436 1.00404
0.0 0.0 0.0 0.979803 0.967738 1.09517
0.0 0.0 0.0 0.963549 0.990488 1.04183
0.0 0.0 0.0 0.972398 0.956165 1.11233
0.0 0.0 0.0 0.982096 0.986667 1.02145
end
gesture a04 hands 2
0.790453 0.423168 1.08087 0.979807 0.966905 1.06882
0.90348 0.788279 0.818791 0.968006 0.994667 1.0293
0.879099 1.03023 0.858678 0.0 0.0 0.0
1.04324 1.47189 1.08939 0.0 0.0 0.0
1.06002 1.47639 1.11189 0.0 0.0 0.0
1.29219 1.2129 1.12441 0.0 0.0 0.0
1.3351 1.0441 1.07633 0.0 0.0 0.0
0.906273 0.468781 1.12678 0.0 0.0 0.0
end
gesture a04 hands 2
0.788442 0.601236 1.13673 0.968496 0.981888 1.04684
0.896951 0.974201 0.904768 0.946275 0.953579 1.05451
0.934143 1.3329 1.05185 0.0 0.0 0.0
1.21608 1.4873 1.00584 0.0 0.0 0.0
1.37577 1.20761 1.00949 0.0 0.0 0.0
1.16553 0.996407 0.99728 0.0 0.0 0.0
0.942522 0.673496 1.07334 0.0 0.0 0.0
0.746959 0.614009 1.09107 0.0 0.0 0.0
end
gesture a04 hands 2
0.687721 0.553597 1.11878 0.937497 0.943222 1.06071
0.730639 0.695866 0.958514 0.935237 0.948565 1.06351
0.817889 1.04271 0.921366 0.0 0.0 0.0
1.0094 1.39148 0.99509 0.0 0.0 0.0
1.19376 1.37393 1.03549 0.0 0.0 0.0
1.24467 0.988626 1.03861 0.0 0.0 0.0
0.874792 0.628637 1.08555 0.0 0.0 0.0
0.713161 0.545683 1.1034 0.0 0.0 0.0
end
gesture a04 hands 2
0.973523 0.498785 1.21606 0.95626 0.945357 1.05606
1.01693 0.875575 0.905592 0.953029 0.967315 1.03232
0.967943 1.43998 1.0267 0.965313 0.958731 1.05647
0.939889 1.59205 0.94484 0.957207 0.960819 1.03484
0.919899 0.930549 0.867373 0.956945 0.969936 1.07801
0.958718 0.640285 0.987427 0.937168 0.965944 1.06571
0.984928 0.511749 1.28565 0.0 0.0 0.0
0.969654 0.51313 1.23326 0.0 0.0 0.0
end
gesture a04 hands 2
0.935487 0.511972 1.19543 0.926643 0.941333 1.07436
1.02373 0.721696 0.949193 0.940454 0.960998 1.07789
1.03788 0.971767 0.962703 0.0 0.0 0.0
0.98873 1.61523 1.0759 0.0 0.0 0.0
0.958394 1.62876 0.923594 0.0 0.0 0.0
0.988128 0.958198 0.881057 0.0 0.0 0.0
0.938459 0.572407 1.04603 0.0 0.0 0.0
0.932273 0.515196 1.21675 0.0 0.0 0.0
end
gesture a04 hands 2
0.935824 0.445892 1.23007 0.926613 0.953279 1.07948
1.02397 0.774016 0.941747 0.922131 0.945711 1.1125
0.928848 1.44813 1.12553 0.0 0.0 0.0
1.01587 1.58976 0.934132 0.0 0.0 0.0
0.975305 1.51931 0.962594 0.0 0.0 0.0
0.903267 0.900009 0.881654 0.0 0.0 0.0
0.938058 0.495695 1.06133 0.0 0.0 0.0
0.940262 0.438485 1.21895 0.0 0.0 0.0
end
gesture a05 hands 2
1.00111 0.738733 1.23425 0.944198 0.915344 1.08156
1.06126 1.3157 1.02276 1.00493 0.986925 0.945276
1.00745 1.45537 1.01886 1.06821 1.06765 0.921136
0.924707 1.5315 0.643826 0.958755 1.10877 1.01383
0.833531 1.4833 0.467415 0.936381 1.04809 0.961226
0.986481 0.850877 0.960888 0.933732 0.947926 1.1236
1.00007 0.760281 1.22625 0.992168 0.944549 1.01675
0.997199 0.733682 1.21567 0.955396 0.925529 1.0877
end
gesture a05 hands 2
1.00705 0.7064 1.23717 0.95808 0.942936 1.05596
1.0116 1.42166 1.02648 0.989505 0.954347 1.04196
0.828832 1.43369 0.468365 0.0 0.0 0.0
1.06292 0.703817 1.29889 0.0 0.0 0.0
1.07601 1.42391 1.06121 0.0 0.0 0.0
0.867998 1.51006 0.529468 0.0 0.0 0.0
0.990776 0.971537 0.827549 0.0 0.0 0.0
0.983094 0.713372 1.24261 0.0 0.0 0.0
end
gesture a05 hands 2
0.970763 0.656113 1.31541 0.962098 0.950605 1.04938
1.05153 1.23006 1.08119 0.94838 0.946104 1.00509
1.01584 1.32079 1.12587 0.0 0.0 0.0
0.905348 1.40303 0.563905 0.0 0.0 0.0
0.906011 1.21598 0.633131 0.0 0.0 0.0
1.01856 0.689161 1.35738 0.0 0.0 0.0
1.08627 0.652582 1.39849 0.0 0.0 0.0
0.957146 0.648968 1.2552 0.0 0.0 0.0
end
gesture a05 hands 2
0.956241 0.773678 1.24866 0.933792 0.902381 1.19499
1.15602 0.972581 1.13157 0.992032 0.924645 0.973741
1.07254 1.38723 1.0568 1.08335 1.18209 0.783958
0.821237 1.42144 0.484141 1.07799 1.05421 0.893543
0.829436 1.37834 0.437064 0.993669 1.09651 0.789897
1.01634 0.903558 0.8928 0.898448 0.905677 0.937977
0.982553 0.787445 1.1967 1.00971 0.950664 1.14329
1.03398 0.845086 1.23245 0.0 0.0 0.0
end
gesture a05 hands 2
1.0287 0.773734 1.29445 1.01659 0.91943 1.16201
1.02522 0.772369 1.22656 1.10506 1.08761 0.851331
1.11497 1.35058 1.21364 1.11949 1.04714 0.870165
0.836908 1.29881 0.672977 0.925658 0.951012 0.880361
0.857769 1.30303 0.468656 0.952804 0.968069 0.907102
1.02212 0.913787 0.754364 0.867834 0.903841 0.962722
0.963504 0.731988 1.22769 0.888908 0.986357 0.943179
0.985563 0.715829 1.2846 0.951755 0.914793 1.19031
end
gesture a05 hands 2
0.979415 0.736058 1.15438 0.967762 0.803807 1.16479
1.17618 1.32811 1.07905 0.889108 1.58137 0.934032
0.951609 1.25122 0.799942 0.89682 0.876596 1.1575
0.920378 1.37476 0.911255 0.0 0.0 0.0
0.993422 0.918236 0.720673 0.0 0.0 0.0
1.04556 0.828966 0.965352 0.0 0.0 0.0
0.81636 1.02108 1.00203 0.0 0.0 0.0
0.894055 0.785037 1.09583 0.0 0.0 0.0
end
gesture a05 hands 2
1.08091 0.544624 1.40858 0.928692 0.971301 1.01232
1.16048 0.651281 1.22246 0.848251 0.971724 1.00086
1.19827 1.03678 1.16458 1.03595 0.84413 1.1546
1.01562 1.25561 1.15524 1.14713 0.884858 1.32503
0.792558 1.35756 0.591367 0.757164 0.935097 1.21137
0.932455 1.21867 0.946778 0.863521 1.03125 1.00994
1.14592 0.720018 1.15794 0.932489 0.982424 0.946608
1.06718 0.533417 1.44299 0.0 0.0 0.0
end
gesture a05 hands 2
1.06329 0.599931 1.39769 0.970455 0.98532 0.986656
1.264 0.888682 1.13087 0.897732 1.03756 1.01985
1.23495 1.15796 1.15877 0.864225 0.981691 1.04635
0.766874 1.4103 0.573871 1.06223 0.867012 1.15493
0.62354 1.38708 0.526194 1.07235 0.900501 1.22746
0.896226 1.28366 0.73074 0.922053 0.933534 1.20457
1.09872 0.923591 0.935156 0.938282 0.977905 1.24258
1.08606 0.645563 1.37348 0.855441 0.939009 1.06191
0.0 0.0 0.0 0.936931 0.970266 0.945099
0.0 0.0 0.0 0.985405 0.962287 1.022
end
gesture a05 hands 2
1.07249 0.578375 1.46449 0.986888 0.955167 0.910781
1.3706 1.00127 1.15612 0.941468 0.942083 0.891688
0.904954 1.32125 0.747556 0.981323 0.950638 0.916691
0.614354 1.31462 0.644549 0.900071 0.925784 0.910918
0.757754 1.31892 0.687408 0.903177 1.02755 1.02848
1.15408 0.866129 1.01309 0.907789 1.001 1.0702
1.15008 0.580179 1.32488 0.944753 0.935535 1.34669
1.06496 0.531481 1.46686 1.05635 0.952928 1.37054
0.0 0.0 0.0 0.948766 0.99235 1.36218
0.0 0.0 0.0 0.880352 0.956953 0.998059
0.0 0.0 0.0 0.880843 0.980758 1.02549
0.0 0.0 0.0 0.894673 0.952218 0.922345
0.0 0.0 0.0 0.963637 0.971352 0.916214
end
gesture a05 hands 2
1.06856 0.550797 1.35215 0.939006 0.938108 0.962985
0.969009 0.794537 1.1863 0.924547 0.971355 0.982911
0.958387 0.93 1.14864 0.958253 0.95321 1.14418
0.892534 1.25445 0.810388 0.947306 0.950772 1.17327
0.875287 1.24047 0.792496 0.958893 0.941725 1.05653
0.977625 0.772964 1.05832 0.96143 0.940152 1.09441
1.06412 0.596366 1.25868 0.948489 0.936858 1.06498
1.09186 0.544193 1.36879 0.0 0.0 0.0
end
gesture a05 hands 2
1.05334 0.69149 1.26269 0.944277 0.942505 1.01836
1.05855 0.691133 1.27294 0.957446 0.976539 0.981998
1.04317 0.75316 1.19088 0.948621 0.985014 1.0693
0.955755 1.24678 0.920374 0.983169 0.970761 1.06113
0.855248 1.33068 0.717409 0.956555 0.958796 1.14609
0.842005 1.30281 0.708194 0.945146 0.975741 1.0362
0.983964 0.902937 1.00915 0.966149 0.955416 1.10727
1.07205 0.736074 1.22695 0.0 0.0 0.0
end
gesture a05 hands 2
1.06865 0.723725 1.30539 0.925371 0.945686 1.02795
1.00121 0.850251 1.10389 0.971859 0.951015 0.983879
0.929668 1.03342 1.06534 0.966782 0.95921 1.07532
0.921144 1.21286 0.929997 0.938682 0.948576 1.02003
0.87077 1.34242 0.713235 0.961231 0.993273 0.960431
0.839656 1.33593 0.668701 0.962349 0.953111 1.16564
1.02958 0.726359 1.24469 0.943837 0.942314 1.02465
1.0067 0.753228 1.15526 0.962737 0.942843 1.02361
end
gesture a05 hands 2
1.0935 0.487248 1.37113 1.00624 0.958925 0.986334
0.966197 1.24812 0.710524 0.963057 0.956718 0.971674
0.958435 1.13681 1.1907 0.0 0.0 0.0
0.950368 1.17983 0.661923 0.0 0.0 0.0
0.941012 1.15696 1.28118 0.0 0.0 0.0
0.920213 1.13361 0.715165 0.0 0.0 0.0
1.1577 0.533693 1.28322 0.0 0.0 0.0
1.02439 0.519335 1.24725 0.0 0.0 0.0
end
gesture a05 hands 2
1.06931 0.493405 1.34462 0.971717 0.944509 1.02194
0.978242 1.21426 0.676199 0.928035 0.963878 0.996978
0.97037 1.20727 1.17774 0.0 0.0 0.0
0.984958 1.16769 0.653444 0.0 0.0 0.0
0.990384 1.19042 1.21295 0.0 0.0 0.0
0.91294 1.04438 0.738815 0.0 0.0 0.0
1.05755 0.489739 1.42398 0.0 0.0 0.0
1.03338 0.521213 1.26645 0.0 0.0 0.0
end
gesture a05 hands 2
1.03213 0.614507 1.31877 0.971547 0.933417 1.03343
0.952056 1.21507 0.944383 0.963289 0.941379 1.05264
0.888918 1.30196 0.643047 0.961203 0.970603 1.01377
0.858031 1.35813 0.589466 0.955832 0.962941 1.06721
0.889034 1.34592 0.646791 0.979977 0.948532 1.05159
0.944129 1.12766 0.950209 0.948139 1.00106 1.05766
1.03341 0.75827 1.22927 0.960226 0.956115 1.04807
1.03335 0.640464 1.31833 0.0 0.0 0.0
end
gesture a05 hands 2
1.01631 0.635274 1.30578 0.963811 0.966243 1.04086
1.04714 0.798569 1.134 0.955209 0.95102 1.05801
0.95647 1.22309 1.02092 0.0 0.0 0.0
0.88206 1.36625 0.714636 0.0 0.0 0.0
0.894014 1.38913 0.622596 0.0 0.0 0.0
0.9153 1.14469 0.936143 0.0 0.0 0.0
1.04221 0.7504 1.16747 0.0 0.0 0.0
1.02292 0.628541 1.2958 0.0 0.0 0.0
end
gesture a05 hands 2
1.01734 0.682538 1.22808 0.959749 0.954046 1.05561
1.04205 0.839226 1.09471 0.974128 0.955332 1.0449
0.966509 1.11473 1.05802 0.0 0.0 0.0
0.901001 1.40955 0.730826 0.0 0.0 0.0
0.904894 1.43234 0.566698 0.0 0.0 0.0
0.903528 1.2974 0.848782 0.0 0.0 0.0
1.03531 0.762418 1.17581 0.0 0.0 0.0
1.02833 0.684676 1.26062 0.0 0.0 0.0
end
gesture a05 hands 2
0.994463 0.671419 1.2718 0.985989 0.959784 1.01106
0.956576 1.37932 1.02059 0.975003 0.955419 1.04287
0.963494 1.49083 0.52411 0.947124 1.00041 1.13655
0.876361 1.54001 0.472659 0.991386 0.968478 1.05091
0.852593 1.3164 0.684569 0.0 0.0 0.0
0.874798 1.25331 0.788418 0.0 0.0 0.0
1.02183 0.852593 1.109 0.0 0.0 0.0
0.999796 0.679836 1.29431 0.0 0.0 0.0
end
gesture a05 hands 2
1.0367 0.60237 1.35862 0.979647 0.963267 1.0592
0.992388 0.7296 1.14072 0.946929 0.935658 1.13338
0.99053 1.16507 1.03088 0.926275 0.89855 1.03119
0.921381 1.41175 1.08782 0.956223 0.965477 1.01959
0.920669 1.45503 0.56654 0.0 0.0 0.0
0.853805 1.06147 0.698308 0.0 0.0 0.0
1.00698 0.634285 1.03492 0.0 0.0 0.0
1.00843 0.616823 1.36487 0.0 0.0 0.0
end
gesture a05 hands 2
0.994688 0.654739 1.34335 0.989364 0.967606 1.05275
0.992331 1.21535 1.11501 0.965064 0.986539 0.965195
0.909774 1.44624 1.06284 0.935669 1.05464 1.08812
0.970376 1.51411 0.589587 0.943879 0.941112 1.09778
0.889972 1.4919 0.542238 0.937953 1.02095 1.08058
0.885923 0.995839 0.612403 1.00013 0.95808 1.02986
1.04431 0.572152 1.18577 0.931025 0.899044 1.03448
0.978968 0.603282 1.34666 0.987965 0.953031 1.03635
end
gesture a05 hands 2
0.999846 0.556552 1.33658 0.932583 0.95103 1.05668
1.00248 0.745886 1.18524 0.95039 0.9663 0.989912
0.974383 1.09843 1.18373 0.949461 0.937479 1.14973
0.888138 1.21659 1.0297 0.972848 0.921168 1.08607
0.910815 1.28415 0.753791 0.927028 0.973821 1.1186
0.979967 1.27675 0.699509 0.938232 0.967216 1.06364
0.903633 1.25816 0.687437 0.0 0.0 0.0
0.983997 0.76186 1.06621 0.0 0.0 0.0
end
gesture a05 hands 2
0.959025 0.641535 1.23462 0.943072 0.965377 1.04582
0.983456 0.620468 1.44486 0.925844 0.975803 1.08865
0.97317 0.651801 1.30273 0.0 0.0 0.0
0.964043 1.20881 1.20243 0.0 0.0 0.0
0.946381 1.34732 0.686523 0.0 0.0 0.0
0.922365 1.18457 0.688369 0.0 0.0 0.0
1.01675 0.651707 1.15248 0.0 0.0 0.0
0.942069 0.608886 1.33306 0.0 0.0 0.0
end
gesture a05 hands 2
0.980564 0.69923 1.27743 0.947692 0.983664 1.05516
1.03085 1.24236 1.06745 0.997109 0.913755 1.04175
0.965055 1.34869 1.08127 0.957958 0.96507 1.08656
0.936554 1.49529 0.617744 0.956793 0.964331 1.03562
0.952324 1.13777 0.654904 0.0 0.0 0.0
1.03077 0.770867 1.0229 0.0 0.0 0.0
0.977175 0.703283 1.30836 0.0 0.0 0.0
0.962943 0.68166 1.24124 0.0 0.0 0.0
end
gesture a05 hands 2
1.03071 0.675741 1.27085 0.949715 0.951526 1.04141
0.969723 0.927574 1.07489 0.95042 0.961696 1.03993
0.906253 1.31752 0.898591 0.95073 1.01881 1.06505
0.86568 1.46658 0.70147 0.944876 0.970834 1.11942
0.831122 1.46251 0.65077 0.95108 0.946972 1.11625
0.822544 1.38783 0.783463 0.95331 0.940183 1.09129
1.01748 0.71464 1.14182 0.958115 0.939974 1.04212
1.03333 0.66591 1.2749 0.0 0.0 0.0
end
gesture a05 hands 2
1.01714 0.603024 1.35165 0.936296 0.931975 1.06083
0.907325 1.26678 0.958247 0.939364 0.937842 1.05171
0.881567 1.38447 0.746263 0.0 0.0 0.0
0.850375 1.35634 0.7299 0.0 0.0 0.0
0.876006 1.20828 0.93298 0.0 0.0 0.0
0.978957 0.753673 1.1058 0.0 0.0 0.0
1.07169 0.616646 1.34395 0.0 0.0 0.0
1.01949 0.604835 1.35965 0.0 0.0 0.0
end
gesture a05 hands 2
1.05271 0.660138 1.3507 0.949306 0.949372 1.0467
1.01192 0.771172 1.12922 0.933667 0.952215 1.01257
0.930316 1.11966 1.02328 0.0 0.0 0.0
0.845433 1.37769 0.640727 0.0 0.0 0.0
0.860687 1.29665 0.810512 0.0 0.0 0.0
0.977815 0.781889 1.02958 0.0 0.0 0.0
1.02826 0.645086 1.35161 0.0 0.0 0.0
1.01339 0.636038 1.3794 0.0 0.0 0.0
end
gesture a06 hands 2
0.938574 0.482655 1.19935 0.925706 0.948372 1.06781
1.2207 1.11921 1.06934 1.04962 1.01395 0.93111
1.07128 1.31297 1.40881 0.995997 1.04298 0.90491
1.00833 1.2959 1.41335 0.901453 0.935051 1.01845
0.909392 1.57805 0.734559 0.931977 0.893951 1.17208
0.924877 0.967757 0.597779 0.972937 0.98359 1.08163
0.9848 0.518242 1.18043 0.0 0.0 0.0
0.951819 0.549754 1.24479 0.0 0.0 0.0
end
gesture a06 hands 2
0.928005 0.438638 1.2921 0.944393 0.981762 1.0923
1.22572 0.947301 1.04557 0.946559 0.938473 0.899081
1.01691 1.18737 1.4518 0.927279 0.964471 1.18594
0.924883 1.14694 1.39767 0.0 0.0 0.0
0.980053 1.48468 1.03821 0.0 0.0 0.0
0.852205 1.46388 0.674748 0.0 0.0 0.0
0.959273 0.946633 0.577874 0.0 0.0 0.0
0.913757 0.453041 1.15929 0.0 0.0 0.0
end
gesture a06 hands 2
0.900299 0.601686 1.19998 0.952952 0.963518 1.11312
1.2139 1.0055 0.959176 0.983244 0.958858 0.983878
1.1604 1.32255 1.25797 0.0 0.0 0.0
0.962936 1.33417 1.36782 0.0 0.0 0.0
0.949652 1.71149 0.86577 0.0 0.0 0.0
1.04291 0.949069 0.657501 0.0 0.0 0.0
0.94099 0.596481 1.12982 0.0 0.0 0.0
0.864143 0.587639 1.10772 0.0 0.0 0.0
end
gesture a06 hands 2
0.898899 0.702814 1.11441 0.880229 0.871591 1.15114
0.936704 0.672729 1.05246 1.10588 0.965709 0.955264
1.27521 1.14661 1.18028 0.977363 0.982948 0.903718
1.18729 1.22394 1.26772 1.07027 1.15683 0.872876
0.907684 1.41477 0.93589 0.827403 1.38227 0.967365
1.04504 1.24347 0.697076 1.0176 1.28234 1.00094
1.04221 0.793891 0.834945 0.898703 0.873621 0.898194
0.94976 0.666836 1.16946 1.01573 0.83654 1.15
0.0 0.0 0.0 0.902964 0.796289 1.18704
end
gesture a06 hands 2
0.93438 0.688278 1.1938 0.879858 0.74611 1.17151
1.01012 0.791518 1.08707 1.13186 0.865422 0.943389
0.922483 0.699016 1.04682 1.0258 1.36053 1.09975
1.18561 1.44776 1.27562 1.10398 1.17993 1.01706
0.863023 1.45075 0.858561 0.840473 1.32585 0.898322
0.987622 1.1727 0.649354 0.925397 0.793357 0.826035
0.999803 0.746928 0.919817 0.922426 0.747619 1.13964
0.979188 0.696587 1.17101 0.95657 0.767995 1.14011
end
gesture a06 hands 2
0.984913 0.548524 1.10159 0.966586 0.812679 1.12243
1.00311 0.580593 1.01404 1.11915 1.07099 0.858831
1.26793 1.00003 1.07459 0.903307 0.96505 0.779479
0.92367 1.29725 0.87021 0.853987 1.38965 0.952183
0.88154 1.25273 0.826023 0.905877 1.27871 1.1675
1.35427 1.03555 1.1582 0.977747 0.82261 1.14476
0.972645 1.22864 1.03411 0.0 0.0 0.0
0.84714 1.15832 1.09887 0.0 0.0 0.0
end
gesture a06 hands 2
0.955261 0.493412 1.20319 1.02798 0.868767 1.02753
1.39181 0.92755 1.23687 0.751243 1.16348 0.58329
1.2054 1.1986 1.43497 1.06006 1.04119 1.32727
1.21849 1.57613 0.828234 1.00471 0.93445 0.918107
0.540112 1.65311 0.572032 1.02125 0.90458 0.990362
1.27528 0.986362 0.899471 0.0 0.0 0.0
1.1183 0.530068 1.18078 0.0 0.0 0.0
0.96274 0.500962 1.23593 0.0 0.0 0.0
end
gesture a06 hands 2
1.01896 0.3993 1.35238 1.00058 0.90558 1.00935
1.36908 0.756608 1.25693 0.86164 0.994122 0.792046
1.2522 1.0895 1.38789 0.84991 1.02425 0.7694
1.06471 1.53377 0.867938 0.879828 1.00879 1.116
0.652242 1.60191 0.638958 1.19075 1.00182 1.25522
1.05548 1.09908 0.742687 1.23153 0.973655 1.23375
1.13607 0.50112 1.12983 0.843134 1.02408 1.23578
1.01487 0.35828 1.39013 0.840772 1.02649 1.28725
0.0 0.0 0.0 0.84286 0.962935 0.898322
0.0 0.0 0.0 0.941655 0.959523 0.836878
end
gesture a06 hands 2
1.0266 0.481231 1.34075 1.01593 0.936819 1.03544
1.35321 0.763051 1.18951 0.891444 0.986034 0.908945
1.26457 1.16469 1.32968 0.87151 1.01793 0.966379
0.894222 1.66292 0.66178 0.921602 1.01998 1.12357
0.585438 1.64157 0.578601 1.09209 1.00701 1.20184
0.740016 1.61281 0.579133 1.11164 0.98189 1.18513
1.14529 0.812343 0.890505 0.933779 0.982704 1.15844
1.01449 0.471514 1.30444 0.768976 1.05029 1.17216
0.0 0.0 0.0 0.90409 0.959336 1.09394
0.0 0.0 0.0 0.876403 0.925579 0.993766
0.0 0.0 0.0 0.947612 1.00053 0.844994
0.0 0.0 0.0 1.00947 0.920295 1.07307
end
gesture a06 hands 2
1.01321 0.636498 1.1382 0.976539 0.947871 1.03295
1.15547 1.08087 1.01474 0.979632 0.947088 1.03467
1.08893 1.2994 1.30195 0.0 0.0 0.0
0.914239 1.71924 1.02503 0.0 0.0 0.0
0.887009 1.71052 0.850847 0.0 0.0 0.0
0.820158 1.34872 0.567885 0.0 0.0 0.0
0.893547 0.797558 0.915587 0.0 0.0 0.0
1.04206 0.612733 1.2422 0.0 0.0 0.0
end
gesture a06 hands 2
1.00849 0.603299 1.2385 0.952563 0.926765 1.06045
1.23636 0.931493 1.10453 0.973228 0.925682 1.20589
1.04372 1.28186 1.34808 0.92387 0.959731 0.993284
1.01094 1.29076 1.18324 0.0 0.0 0.0
0.897901 1.60497 0.957213 0.0 0.0 0.0
0.796645 1.30156 0.591662 0.0 0.0 0.0
0.820214 0.896806 0.830732 0.0 0.0 0.0
1.00846 0.600065 1.2398 0.0 0.0 0.0
end
gesture a06 hands 2
1.0248 0.658038 1.22124 0.958196 0.955352 0.983806
1.25383 1.06001 1.19853 0.996309 0.917912 1.19549
1.01192 1.32421 1.3325 0.969159 0.941296 1.03956
0.939176 1.62573 1.04604 0.0 0.0 0.0
0.802429 1.54665 0.639811 0.0 0.0 0.0
0.791604 1.3078 0.573257 0.0 0.0 0.0
0.867724 0.868178 0.856312 0.0 0.0 0.0
1.02636 0.665356 1.22683 0.0 0.0 0.0
end
gesture a06 hands 2
1.00558 0.367983 1.20558 0.960651 0.953341 1.03838
1.33415 1.10302 1.0843 0.948419 0.952266 1.04497
0.945609 1.28848 1.34902 0.0 0.0 0.0
0.863795 1.34597 0.690099 0.0 0.0 0.0
0.925354 1.34925 1.28691 0.0 0.0 0.0
0.9793 1.50374 0.777911 0.0 0.0 0.0
1.01759 0.366475 1.32175 0.0 0.0 0.0
0.902569 0.484958 1.04923 0.0 0.0 0.0
end
gesture a06 hands 2
1.01106 0.386817 1.20474 0.962045 0.964156 1.00152
0.902489 1.36727 0.664743 0.987342 0.969306 0.93982
0.964231 1.35106 1.1955 0.0 0.0 0.0
0.905987 1.2866 0.624394 0.0 0.0 0.0
0.93523 1.37471 1.22651 0.0 0.0 0.0
1.00324 1.38774 0.677694 0.0 0.0 0.0
1.09102 0.43622 1.49191 0.0 0.0 0.0
0.976467 0.370308 1.21029 0.0 0.0 0.0
end
gesture a06 hands 2
0.934385 0.386387 1.13392 0.969499 0.93759 1.07482
1.10049 0.737371 0.896321 0.959003 0.965744 1.049
0.990426 1.18799 1.18625 0.0 0.0 0.0
0.925807 1.49646 0.717819 0.0 0.0 0.0
0.900544 1.36489 1.07902 0.0 0.0 0.0
1.16031 0.855904 1.0013 0.0 0.0 0.0
1.01615 0.425639 1.1587 0.0 0.0 0.0
0.939178 0.406136 1.12209 0.0 0.0 0.0
end
gesture a06 hands 2
0.93412 0.504427 1.1806 0.953143 0.944267 1.07119
1.13977 0.93774 0.999975 0.964794 0.932018 1.04465
0.980506 1.27786 1.21659 0.0 0.0 0.0
0.888596 1.58549 0.947259 0.0 0.0 0.0
0.93125 1.59847 0.783857 0.0 0.0 0.0
1.03687 0.663233 1.01274 0.0 0.0 0.0
0.93725 0.504625 1.23082 0.0 0.0 0.0
0.927174 0.495217 1.19704 0.0 0.0 0.0
end
gesture a06 hands 2
0.885489 0.465806 1.15264 0.966375 0.93501 1.06306
1.07139 0.93411 0.944876 0.96287 0.922086 1.09866
0.911517 1.22624 1.2094 0.0 0.0 0.0
0.979189 1.5775 0.775796 0.0 0.0 0.0
0.901971 1.58402 0.791576 0.0 0.0 0.0
1.22816 0.867848 1.09716 0.0 0.0 0.0
1.01318 0.504129 1.19162 0.0 0.0 0.0
0.875979 0.449297 1.14613 0.0 0.0 0.0
end
gesture a06 hands 2
0.95893 0.399252 1.19628 0.972753 0.94443 1.07364
1.00468 0.645683 0.992412 0.943367 1.03477 0.991868
1.09156 1.15166 1.12267 0.973992 0.968527 0.999234
0.895572 1.24923 1.31853 0.93013 0.903696 1.01608
0.918874 1.56392 1.11439 0.945494 1.03602 1.06838
0.945495 1.33563 0.586686 0.963466 0.838638 1.04017
1.00986 0.473813 1.03864 0.975301 0.987141 1.12942
0.979901 0.429664 1.22636 0.958726 0.965771 1.04055
0.0 0.0 0.0 0.997856 0.98962 1.05351
end
gesture a06 hands 2
0.976591 0.494545 1.26651 0.974458 0.993958 1.05833
1.03322 0.782361 0.954279 0.959631 0.886757 0.976491
0.981548 1.34951 1.28768 0.981334 0.991095 1.04805
0.950876 1.31141 1.31645 0.969682 0.98181 1.1562
0.918704 1.6577 1.10617 0.929321 0.992084 1.07327
0.958181 1.31313 0.521878 0.979947 0.962497 1.03985
1.01189 0.525919 1.12033 0.0 0.0 0.0
0.961737 0.500473 1.27471 0.0 0.0 0.0
end
gesture a06 hands 2
0.953679 0.520025 1.24903 0.989489 0.97035 0.995739
1.15148 0.825533 0.996088 0.950337 0.904757 0.96792
1.05755 1.27296 1.19122 0.971411 0.978253 1.12532
0.96069 1.40396 1.27417 0.9895 1.00246 1.06036
0.901018 1.7988 0.867855 0.956401 0.935228 1.14891
0.873799 1.36483 0.485242 0.965587 1.00049 1.1117
0.944802 0.770403 0.750401 0.935165 0.954705 1.16329
0.970982 0.528446 1.31111 0.946964 0.949136 1.09117
0.0 0.0 0.0 0.993102 0.978993 1.10013
0.0 0.0 0.0 0.926141 0.963911 1.06518
0.0 0.0 0.0 0.980926 1.00503 1.02581
end
gesture a06 hands 2
0.960498 0.395035 1.22449 0.956529 0.969592 1.05935
1.19515 1.0636 0.967191 0.945624 0.971294 1.09789
1.0758 1.35575 1.14302 0.0 0.0 0.0
0.831584 1.26598 1.33547 0.0 0.0 0.0
0.943779 1.57609 0.990569 0.0 0.0 0.0
0.988062 1.32349 0.701014 0.0 0.0 0.0
1.08299 0.541725 0.948096 0.0 0.0 0.0
0.955704 0.396184 1.26723 0.0 0.0 0.0
end
gesture a06 hands 2
0.966558 0.329468 1.31543 0.946438 0.966494 1.08175
1.09846 0.816765 0.970757 0.94206 0.98475 1.07999
1.05327 1.19147 1.20946 0.0 0.0 0.0
0.880094 1.19729 1.323 0.0 0.0 0.0
0.957413 1.41893 1.14731 0.0 0.0 0.0
0.935886 1.23605 0.749769 0.0 0.0 0.0
0.983877 0.454455 0.980684 0.0 0.0 0.0
0.962219 0.35257 1.25469 0.0 0.0 0.0
end
gesture a06 hands 2
0.959965 0.454241 1.31966 0.948412 0.969923 1.06503
1.05211 0.55293 0.99828 0.988163 0.976477 1.04916
1.0365 1.02383 0.857542 0.0 0.0 0.0
0.830446 1.32418 1.33516 0.0 0.0 0.0
0.904221 1.53261 1.17573 0.0 0.0 0.0
0.907158 1.41735 0.716847 0.0 0.0 0.0
1.15406 0.917295 0.723234 0.0 0.0 0.0
1.03985 0.48357 1.10736 0.0 0.0 0.0
end
gesture a06 hands 2
0.981677 0.451286 1.3109 0.945155 0.942921 1.07674
1.15689 0.806429 1.02951 0.926715 0.95191 1.14925
0.970084 1.34671 1.27188 0.0 0.0 0.0
0.890699 1.56554 1.09793 0.0 0.0 0.0
0.900288 1.45569 0.75487 0.0 0.0 0.0
0.929095 0.839713 0.832668 0.0 0.0 0.0
0.962491 0.458168 1.17055 0.0 0.0 0.0
0.96825 0.439572 1.34477 0.0 0.0 0.0
end
gesture a06 hands 2
0.959482 0.42726 1.29373 0.929689 0.952635 1.12019
1.01214 0.493733 1.13964 0.951806 0.949438 1.08747
1.12657 0.814248 1.0147 0.0 0.0 0.0
1.11909 1.11137 1.06325 0.0 0.0 0.0
0.9294 1.3973 1.30523 0.0 0.0 0.0
0.897398 1.54888 0.807506 0.0 0.0 0.0
0.969239 0.802813 0.753022 0.0 0.0 0.0
0.97045 0.47279 1.05805 0.0 0.0 0.0
end
gesture a06 hands 2
0.961049 0.416514 1.26442 0.917127 0.940491 1.12664
1.11525 0.984332 1.03502 0.926169 0.924008 1.1492
0.956687 1.35642 1.27653 0.0 0.0 0.0
0.886033 1.51785 1.16064 0.0 0.0 0.0
0.875297 1.47308 0.813943 0.0 0.0 0.0
0.971424 0.973498 0.746552 0.0 0.0 0.0
0.974568 0.518303 0.97834 0.0 0.0 0.0
0.957618 0.418392 1.17636 0.0 0.0 0.0
end
gesture a07 hands 2
1.08675 0.624651 1.18604 0.971 0.963085 1.01367
1.05769 1.64967 0.901235 1.03137 0.978636 0.985105
0.818129 1.23384 0.660566 0.0 0.0 0.0
0.629785 1.01622 0.918122 0.0 0.0 0.0
0.7063 1.65452 0.940034 0.0 0.0 0.0
1.01507 0.814426 0.856922 0.0 0.0 0.0
1.07885 0.622837 1.3384 0.0 0.0 0.0
1.08037 0.640427 1.20951 0.0 0.0 0.0
end
gesture a07 hands 2
1.05962 0.679302 1.22139 1.01189 0.974602 1.02088
1.13902 1.40857 0.832055 1.01861 0.968905 1.04297
1.11055 1.69206 0.913756 0.0 0.0 0.0
0.67669 0.959111 0.8661 0.0 0.0 0.0
0.666969 1.68375 0.886612 0.0 0.0 0.0
0.706836 1.53954 0.748131 0.0 0.0 0.0
0.971293 0.857299 0.831028 0.0 0.0 0.0
1.08138 0.660499 1.25624 0.0 0.0 0.0
end
gesture a07 hands 2
1.05649 0.56336 1.29737 1.02768 0.966262 1.02776
1.24425 1.44714 0.995813 1.01014 0.973495 1.03883
1.01828 1.57306 0.901102 0.0 0.0 0.0
0.678349 0.863167 0.864514 0.0 0.0 0.0
0.589022 1.50734 0.921797 0.0 0.0 0.0
0.988263 0.733391 0.9115 0.0 0.0 0.0
1.06024 0.559107 1.39658 0.0 0.0 0.0
1.09681 0.566865 1.34815 0.0 0.0 0.0
end
gesture a07 hands 2
0.857077 0.988545 1.26686 1.06601 0.956278 1.04675
1.23062 0.697701 0.952912 0.908533 1.02279 1.00397
1.17912 1.43559 1.15677 0.0 0.0 0.0
0.675279 0.61022 0.804746 0.0 0.0 0.0
0.383187 0.956529 1.1388 0.0 0.0 0.0
0.652489 1.40103 1.09235 0.0 0.0 0.0
0.97982 0.994348 0.656701 0.0 0.0 0.0
1.03158 0.43487 1.11373 0.0 0.0 0.0
end
gesture a07 hands 2
0.972189 0.59828 1.25756 0.978784 0.884676 1.06627
1.30256 1.28754 1.03083 1.26009 1.23519 0.988708
1.08432 1.65878 1.06311 1.08615 1.53225 1.13072
0.800132 0.952978 0.659707 0.0 0.0 0.0
0.394024 0.97797 0.87023 0.0 0.0 0.0
0.640925 1.63769 0.940621 0.0 0.0 0.0
1.0426 1.07843 0.593604 0.0 0.0 0.0
0.961552 0.653884 1.25021 0.0 0.0 0.0
end
gesture a07 hands 2
0.827406 0.642904 1.2309 1.07632 1.48463 1.11291
1.25399 1.46318 1.08434 1.09945 0.794929 0.987855
1.08321 1.44052 0.748168 0.857828 0.810607 1.08698
0.556758 0.739075 0.725955 0.0 0.0 0.0
0.405256 0.854655 0.942044 0.0 0.0 0.0
0.621536 1.61104 0.955775 0.0 0.0 0.0
1.20585 0.8823 0.75451 0.0 0.0 0.0
0.97057 0.601537 1.23425 0.0 0.0 0.0
end
gesture a07 hands 2
1.09706 0.546791 1.37715 0.974645 0.977188 1.06811
1.14256 0.963812 0.898119 0.972295 1.0047 0.990742
1.15928 1.50069 0.85941 0.95009 0.991956 1.02604
0.683386 1.08321 0.953301 0.964545 1.02464 1.03976
0.650906 1.44231 0.937304 0.979369 0.953707 1.06303
0.957616 1.15761 0.769975 0.927116 0.911012 1.07034
1.13946 0.59557 1.09418 0.958419 1.00651 1.02666
1.08545 0.529823 1.36767 0.994581 0.981856 0.969554
0.0 0.0 0.0 0.98684 0.961932 1.03333
0.0 0.0 0.0 0.979039 0.96786 1.01944
end
gesture a07 hands 2
1.10176 0.508289 1.37701 0.972597 0.97617 1.01654
1.10837 1.03659 0.854171 0.962319 0.945864 1.02638
1.14264 1.4262 0.854987 0.0 0.0 0.0
1.06323 1.43095 0.846226 0.0 0.0 0.0
0.720951 1.06691 0.988597 0.0 0.0 0.0
0.694908 1.49206 0.984938 0.0 0.0 0.0
1.11974 0.977623 0.855589 0.0 0.0 0.0
1.11443 0.528666 1.38173 0.0 0.0 0.0
end
gesture a07 hands 2
1.1249 0.525313 1.39012 1.00094 0.964543 1.0321
1.16088 0.915325 0.824409 0.962271 1.01086 1.03273
1.12356 1.51145 0.821227 0.991018 0.973389 1.03563
0.643589 1.08091 1.00254 0.983113 0.986326 1.0077
0.661133 1.48762 0.967916 0.950254 1.02304 1.07517
0.938478 1.17758 0.768313 1.00237 0.959433 1.04074
1.27564 0.655279 1.04304 0.975875 1.00892 1.03089
1.11131 0.512347 1.3656 0.96388 0.934715 1.09372
0.0 0.0 0.0 0.922284 0.938532 1.05169
0.0 0.0 0.0 0.992406 0.988402 1.00922
0.0 0.0 0.0 0.962228 0.980022 1.06631
0.0 0.0 0.0 0.976694 0.982985 0.949985
0.0 0.0 0.0 0.993051 0.961409 1.03301
0.0 0.0 0.0 0.98969 0.979921 1.01625
end
gesture a07 hands 2
1.07299 0.531085 1.37831 0.952529 0.969055 1.04669
0.635845 1.46768 0.98983 0.959647 0.969107 1.03508
1.05923 0.822836 0.905133 0.0 0.0 0.0
1.12075 0.848344 0.908682 0.0 0.0 0.0
1.30177 1.48337 0.895257 0.0 0.0 0.0
1.19744 1.59634 0.937368 0.0 0.0 0.0
0.69784 0.982665 0.891391 0.0 0.0 0.0
1.07297 0.529723 1.37683 0.0 0.0 0.0
end
gesture a07 hands 2
1.07175 0.687719 1.31236 0.950983 0.945576 1.0452
1.11087 1.12226 0.950838 0.95488 0.943553 0.973219
1.10856 1.21788 0.932956 0.931884 0.948387 1.0844
0.695031 1.02021 1.03394 0.928092 0.948298 1.04947
0.681528 1.34099 1.00358 0.945186 0.943982 1.12143
0.772156 1.23637 0.89404 0.936903 0.962201 1.11265
0.960312 0.977049 0.886762 0.955822 0.981181 0.984291
1.04834 0.729962 1.19181 0.945879 0.95878 0.993456
end
gesture a07 hands 2
1.07677 0.700892 1.33432 0.968602 0.955184 1.05602
1.05786 0.91201 1.04109 0.949911 0.936261 0.987458
1.05192 1.33441 0.899891 0.931183 0.975977 1.07965
0.752934 0.940902 0.931625 0.929307 0.939416 1.06474
0.669727 1.36312 0.895612 0.944365 0.94619 1.14955
0.703514 1.33484 0.871647 0.940244 0.973041 0.980826
1.01695 0.89584 0.957232 0.975992 0.957059 1.05309
1.08778 0.693342 1.32566 0.0 0.0 0.0
end
gesture a07 hands 2
1.07995 0.734448 1.28364 0.980149 0.958692 1.05504
1.10562 1.22933 0.898762 0.951373 0.962753 0.978321
1.03481 1.36182 0.860069 0.961432 0.966095 1.03505
0.703888 1.0481 0.911249 0.94122 0.984055 0.990669
0.65468 1.40737 0.890141 0.952657 0.971135 1.15169
0.778532 1.27913 0.806993 0.937957 0.96375 1.01701
1.00787 0.922253 0.895849 0.961861 0.965058 1.10043
1.06609 0.748543 1.26342 0.953627 0.969505 0.996707
0.0 0.0 0.0 0.968717 0.949714 1.06607
end
gesture a07 hands 2
1.02612 0.630589 1.32194 0.961871 0.968704 1.09218
1.06787 1.35776 0.767155 1.00217 0.988279 0.970948
1.0268 1.57062 0.854085 0.0 0.0 0.0
0.61577 1.1302 0.893092 0.0 0.0 0.0
0.629918 1.5348 0.951249 0.0 0.0 0.0
1.13918 1.02484 0.797227 0.0 0.0 0.0
1.08911 0.623798 1.327 0.0 0.0 0.0
1.05775 0.642489 1.27219 0.0 0.0 0.0
end
gesture a07 hands 2
1.00764 0.60104 1.33538 0.990395 0.95881 1.01335
1.07362 1.43816 0.886136 0.916468 0.949215 1.03915
1.00529 1.57565 0.971574 0.0 0.0 0.0
0.643991 1.01329 0.826749 0.0 0.0 0.0
0.623876 1.5001 0.943809 0.0 0.0 0.0
1.21927 0.826353 0.874011 0.0 0.0 0.0
1.05442 0.585592 1.31958 0.0 0.0 0.0
1.02847 0.585091 1.32323 0.0 0.0 0.0
end
gesture a07 hands 2
1.06014 0.429686 1.44285 0.961976 0.965918 1.01319
1.06054 1.41327 0.98721 0.966301 0.971829 0.993512
0.711261 1.37114 1.00869 0.0 0.0 0.0
1.1968 0.876756 0.877999 0.0 0.0 0.0
1.01135 1.36837 0.906306 0.0 0.0 0.0
1.20678 0.877953 0.847464 0.0 0.0 0.0
0.694649 1.35466 1.10322 0.0 0.0 0.0
1.06315 0.428766 1.40974 0.0 0.0 0.0
end
gesture a07 hands 2
1.02075 0.781538 1.11957 0.983418 0.966284 1.0116
1.15088 0.893732 1.00201 0.963406 0.963062 1.04258
1.20053 1.46262 0.860921 0.0 0.0 0.0
0.777572 1.14018 0.717313 0.0 0.0 0.0
0.532672 1.00815 0.935493 0.0 0.0 0.0
0.537943 1.53828 0.906302 0.0 0.0 0.0
0.905312 1.11785 0.647118 0.0 0.0 0.0
1.05152 0.722588 1.251 0.0 0.0 0.0
end
gesture a07 hands 2
1.00036 0.679932 1.24886 0.983774 0.966909 1.0219
1.09195 1.57702 0.962362 0.969817 0.954599 1.06112
0.613617 1.0055 0.809061 0.0 0.0 0.0
0.578386 1.51823 0.857982 0.0 0.0 0.0
0.947896 1.02978 0.746042 0.0 0.0 0.0
1.12332 0.763997 1.13764 0.0 0.0 0.0
1.12416 0.869181 0.978945 0.0 0.0 0.0
0.904881 0.663583 1.30625 0.0 0.0 0.0
end
gesture a07 hands 2
0.884771 0.485455 1.26753 0.989883 1.00989 1.00282
1.1436 1.53314 0.912208 0.929809 0.99617 1.05802
1.187 1.64661 1.04332 0.961969 0.999196 1.01177
0.59026 0.869882 0.793044 0.972935 0.950305 1.14036
0.540367 1.57527 0.99819 0.953251 0.948318 1.13543
1.04326 0.937642 0.643808 0.956677 0.958064 0.997938
1.38882 0.772398 1.40483 0.960716 0.970226 1.07537
0.916782 0.514039 1.21005 0.944961 0.929957 1.03899
0.0 0.0 0.0 0.97151 0.964956 1.08117
0.0 0.0 0.0 0.999106 0.981929 0.92656
0.0 0.0 0.0 1.02856 0.969248 1.03251
0.0 0.0 0.0 0.947952 0.938165 1.02111
end
gesture a07 hands 2
0.910265 0.448722 1.27438 0.974247 0.979863 0.986654
1.11541 1.55165 1.00239 0.990834 0.906088 1.05873
1.15157 1.57329 1.10209 0.948252 1.01282 1.09829
0.606322 0.810645 0.894506 0.924904 0.953196 1.10443
0.492212 1.4737 1.10871 0.984379 1.00259 0.967129
0.584627 1.52829 1.02604 1.0032 0.979523 1.00187
1.31198 0.747048 0.931543 0.0 0.0 0.0
0.931455 0.42494 1.3449 0.0 0.0 0.0
end
gesture a07 hands 2
0.941958 0.555813 1.25653 0.9972 0.975407 1.06954
1.19449 1.55732 0.884732 0.939778 0.933445 1.07998
1.16976 1.7266 1.03511 0.952935 1.06614 1.07759
0.696064 0.988255 0.770203 0.962086 0.957234 1.10006
0.620916 1.70366 1.00127 0.976412 1.00264 1.00632
0.887743 1.29271 0.505301 0.0 0.0 0.0
1.29988 0.72222 1.16518 0.0 0.0 0.0
0.904418 0.545707 1.24756 0.0 0.0 0.0
end
gesture a07 hands 2
1.00044 0.567625 1.22699 0.959459 0.988421 1.02861
1.04086 1.55978 1.01151 0.95314 0.959493 1.06538
1.06223 1.61653 1.05235 0.0 0.0 0.0
0.820622 1.14181 0.700324 0.0 0.0 0.0
0.655141 0.823115 0.933687 0.0 0.0 0.0
0.686827 1.5609 1.05655 0.0 0.0 0.0
1.11967 1.00089 0.778464 0.0 0.0 0.0
0.976267 0.547938 1.31497 0.0 0.0 0.0
end
gesture a07 hands 2
0.995855 0.519758 1.31735 0.955067 0.958872 1.04899
1.13408 1.18598 0.931497 0.959461 0.961775 1.04636
1.09222 1.56885 1.02336 0.0 0.0 0.0
0.713144 0.870289 0.879784 0.0 0.0 0.0
0.709835 1.53767 1.0091 0.0 0.0 0.0
0.966964 1.24067 0.718925 0.0 0.0 0.0
1.19932 0.639841 1.13385 0.0 0.0 0.0
1.00709 0.520699 1.30746 0.0 0.0 0.0
end
gesture a07 hands 2
1.01772 0.528221 1.29439 0.953994 0.970135 1.0413
1.24329 1.28775 0.93823 0.961515 0.977438 1.00675
1.05513 1.56309 0.913117 0.0 0.0 0.0
0.750616 0.841984 0.756778 0.0 0.0 0.0
0.649833 0.742265 0.936689 0.0 0.0 0.0
0.732911 1.5661 1.03261 0.0 0.0 0.0
0.8932 1.25348 0.696916 0.0 0.0 0.0
1.02588 0.532044 1.27464 0.0 0.0 0.0
end
gesture a07 hands 2
1.02364 0.641214 1.27554 0.952272 0.955817 1.09565
0.990444 1.0582 0.867651 0.952905 0.970087 1.01484
0.986668 1.50299 0.95702 0.970994 0.953313 1.05823
0.753195 1.20279 0.922067 0.954118 0.955633 1.04662
0.740343 1.483 1.01338 0.0 0.0 0.0
1.0782 1.0814 0.807554 0.0 0.0 0.0
1.03333 0.657511 1.08246 0.0 0.0 0.0
1.01852 0.621029 1.22078 0.0 0.0 0.0
end
gesture a07 hands 2
1.00066 0.494821 1.30688 0.929427 0.939624 1.06128
1.06672 0.895237 0.989426 0.945529 0.929767 1.09905
0.980626 1.43181 1.11095 0.0 0.0 0.0
0.928353 1.40945 1.03394 0.0 0.0 0.0
0.736041 1.14666 1.00032 0.0 0.0 0.0
0.779465 1.39381 1.04749 0.0 0.0 0.0
1.05004 0.88464 0.831621 0.0 0.0 0.0
1.01208 0.499997 1.24921 0.0 0.0 0.0
end
gesture a07 hands 2
1.03015 0.578216 1.28635 0.962306 0.951886 1.06249
1.08488 1.29961 0.937985 0.943617 0.958847 1.09451
0.937329 1.49022 1.0186 0.0 0.0 0.0
0.782552 1.23462 0.901747 0.0 0.0 0.0
0.794928 1.48776 0.974156 0.0 0.0 0.0
1.05006 1.01357 0.723086 0.0 0.0 0.0
1.01734 0.590777 1.12448 0.0 0.0 0.0
0.99746 0.561213 1.30694 0.0 0.0 0.0
end
gesture a08 hands 2
1.03724 0.488673 1.35881 0.985089 0.960381 1.00658
0.857663 1.03134 0.948424 0.994106 0.973867 1.08438
0.744982 1.44581 1.02183 0.903668 0.923018 1.09914
0.644891 0.966823 0.942532 0.905002 0.977644 1.01873
0.793723 0.824409 0.912984 0.93431 0.964353 1.02059
1.1193 1.50195 0.916133 0.0 0.0 0.0
1.11327 1.5014 0.927775 0.0 0.0 0.0
1.1152 0.580377 1.16122 0.0 0.0 0.0
end
gesture a08 hands 2
1.07685 0.508129 1.35023 0.993655 0.969448 1.03177
0.8696 1.09379 0.844756 0.992308 0.983195 0.941362
0.709121 1.49193 0.996313 0.0 0.0 0.0
0.631646 0.895287 0.896038 0.0 0.0 0.0
0.936906 1.23584 0.714622 0.0 0.0 0.0
1.23214 1.36179 0.859439 0.0 0.0 0.0
1.23753 0.609919 1.17719 0.0 0.0 0.0
1.08054 0.51194 1.44459 0.0 0.0 0.0
end
gesture a08 hands 2
1.10801 0.514442 1.33094 1.04 0.979473 1.00298
0.773756 1.48868 0.986222 0.962282 0.955985 0.990505
0.67729 1.48942 0.984097 0.0 0.0 0.0
0.603807 0.990569 0.861852 0.0 0.0 0.0
0.664403 0.8832 0.877282 0.0 0.0 0.0
1.06474 1.53031 0.846298 0.0 0.0 0.0
1.13072 1.2129 0.800569 0.0 0.0 0.0
1.06166 0.512337 1.29344 0.0 0.0 0.0
end
gesture a08 hands 2
0.930393 0.363186 1.3722 0.928665 0.916356 1.10182
0.949784 0.541719 1.03926 0.947672 0.88739 1.08756
0.750337 1.31137 0.945038 0.857459 0.948096 0.986939
0.720017 0.66018 0.909008 1.1334 1.18397 0.979423
1.16242 1.20547 0.81644 0.0 0.0 0.0
1.13909 1.36856 0.987493 0.0 0.0 0.0
1.1726 0.441751 1.08242 0.0 0.0 0.0
1.01228 0.315754 1.44202 0.0 0.0 0.0
end
gesture a08 hands 2
1.03243 0.520579 1.33518 1.07465 0.998949 1.02953
0.864889 0.872502 0.958846 0.953478 0.960286 1.09724
0.696118 1.58514 0.910023 0.966245 0.951365 1.0823
0.748771 1.60916 0.968058 0.935766 0.98587 1.10288
0.739922 0.849641 0.735831 1.01095 0.949641 0.977648
1.24864 1.55122 0.852059 0.84461 0.983392 1.01051
1.10325 0.611846 1.13054 0.8651 0.984481 0.957522
1.00958 0.59593 1.31025 0.982784 0.951274 1.04463
end
gesture a08 hands 2
0.994522 0.592264 1.32616 0.991038 0.913092 1.12593
0.871652 0.96916 0.857821 0.994033 0.921578 1.14186
0.766107 1.61769 1.00389 0.0 0.0 0.0
0.73318 0.834122 0.85908 0.0 0.0 0.0
1.2233 1.49738 0.766859 0.0 0.0 0.0
1.22235 1.46659 0.790051 0.0 0.0 0.0
1.0407 0.56987 1.33286 0.0 0.0 0.0
1.00722 0.577833 1.33108 0.0 0.0 0.0
end
gesture a08 hands 2
0.983642 0.466853 1.3644 0.966889 0.96024 1.05156
0.809803 0.974727 0.926582 0.957008 1.01004 1.06532
0.694163 1.26 0.987082 0.951744 1.04839 1.07111
0.772515 1.15828 0.917912 0.958751 0.967206 1.06722
1.18441 1.51835 0.803046 0.979428 0.948222 1.01127
1.06482 0.664278 1.00203 0.971878 0.942715 1.07054
1.00758 0.467748 1.40248 0.964786 0.954742 1.04767
0.992639 0.462268 1.38217 0.0 0.0 0.0
end
gesture a08 hands 2
0.980347 0.483425 1.40746 0.966581 0.961941 1.04852
0.844104 0.760186 0.991516 0.938953 1.01083 1.0764
0.65307 1.2791 0.926652 0.960508 0.954919 1.05357
0.68907 1.14817 0.888809 0.962879 0.965744 1.03264
1.05741 1.39896 0.723012 0.0 0.0 0.0
1.16509 1.27482 0.800757 0.0 0.0 0.0
1.01489 0.460979 1.38409 0.0 0.0 0.0
0.973674 0.474339 1.40636 0.0 0.0 0.0
end
gesture a08 hands 2
1.02027 0.513402 1.39515 0.964833 0.97331 1.03797
0.755167 1.01832 0.945421 0.967502 0.947411 0.989663
0.634913 1.2996 0.97386 0.956705 1.01344 1.08614
0.625872 1.16219 0.967147 0.947229 0.899607 1.06474
1.09205 1.43985 0.705969 0.983016 0.960066 1.01842
1.13836 1.47239 0.70721 0.0 0.0 0.0
1.12612 0.830946 0.905873 0.0 0.0 0.0
1.0266 0.501729 1.38595 0.0 0.0 0.0
end
gesture a08 hands 2
0.995857 0.56528 1.23534 0.949532 0.980594 1.02338
0.938296 0.635204 1.09057 0.939712 0.955356 1.05033
0.752097 1.2309 0.851408 0.0 0.0 0.0
0.642093 1.41386 0.898539 0.0 0.0 0.0
0.686996 0.98234 1.00412 0.0 0.0 0.0
1.23574 1.5192 0.848425 0.0 0.0 0.0
1.11721 0.593925 1.12345 0.0 0.0 0.0
1.01294 0.537244 1.2756 0.0 0.0 0.0
end
gesture a08 hands 2
1.01753 0.489401 1.32566 0.950348 0.954917 1.05519
0.851364 1.01686 0.8677 0.950024 0.96046 1.07139
0.733674 1.44356 0.952998 0.990524 0.954025 1.0308
0.712875 0.927017 1.00663 0.943037 0.962065 1.07344
1.08935 1.44873 0.823609 0.0 0.0 0.0
1.25508 0.997441 0.812055 0.0 0.0 0.0
1.0556 0.510321 1.21043 0.0 0.0 0.0
1.01918 0.508756 1.28728 0.0 0.0 0.0
end
gesture a08 hands 2
0.995606 0.540215 1.30832 0.950846 0.968136 1.02927
0.831427 0.994062 0.856169 0.961739 0.960042 1.06547
0.653234 1.41375 0.917455 0.992381 0.964935 1.01325
0.757105 0.928454 0.96841 0.952963 0.976281 1.02682
1.20171 1.38352 0.839471 0.0 0.0 0.0
1.25024 1.50817 0.899437 0.0 0.0 0.0
1.24806 1.12236 0.894588 0.0 0.0 0.0
0.994491 0.537679 1.30363 0.0 0.0 0.0
end
gesture a08 hands 2
1.05096 0.656826 1.23929 0.950462 0.936494 1.04306
0.83767 1.32473 0.905496 0.927122 0.939217 1.16106
0.768987 1.04298 0.890104 0.98916 1.01094 0.953931
0.981134 1.39028 0.806484 0.937093 0.946876 1.05751
1.02064 1.48816 0.902141 0.0 0.0 0.0
0.931744 0.996856 0.935961 0.0 0.0 0.0
1.0535 0.634542 1.28218 0.0 0.0 0.0
1.05095 0.635463 1.2659 0.0 0.0 0.0
end
gesture a08 hands 2
1.03358 0.694079 1.28314 0.958281 0.94802 1.09895
0.943418 0.877869 1.00716 0.978239 0.970071 1.02446
0.836221 1.30273 0.915966 0.944705 0.9668 1.10231
0.818752 0.991688 0.89747 0.956905 0.950488 1.08247
0.854854 1.01836 0.888127 0.987432 0.981632 0.96605
0.99514 1.49317 0.861197 0.964463 0.944752 1.06126
0.98103 0.788277 1.03962 0.967559 0.959416 1.00463
1.01363 0.71094 1.17439 0.0 0.0 0.0
end
gesture a08 hands 2
1.05004 0.66186 1.22062 0.9455 0.94234 1.03284
0.909371 1.11384 0.955402 0.972057 0.969167 1.00704
0.80825 1.22269 0.967617 0.943802 0.937628 1.1209
0.884667 0.912565 0.963521 0.932854 0.942007 1.15733
1.03333 1.35742 0.912707 0.976388 0.96659 0.978092
0.986678 1.21834 0.924802 0.954151 0.956435 1.05349
0.949769 0.765687 1.11228 0.945643 0.936334 1.06501
1.01208 0.681667 1.25523 0.0 0.0 0.0
end
gesture a08 hands 2
0.951722 0.489727 1.34066 0.963201 0.951795 1.07251
0.893956 0.88778 0.935684 0.951565 0.94505 0.993809
0.766113 1.23134 0.929795 0.0 0.0 0.0
0.899866 0.956022 0.793279 0.0 0.0 0.0
1.14323 1.47435 0.959769 0.0 0.0 0.0
1.12656 1.4306 0.962953 0.0 0.0 0.0
1.09966 0.839341 0.892342 0.0 0.0 0.0
0.945038 0.482219 1.35409 0.0 0.0 0.0
end
gesture a08 hands 2
0.984212 0.518873 1.36335 0.936867 0.963479 1.00357
0.881298 0.980356 0.865 0.952339 0.951806 1.02778
0.719132 1.3172 0.968796 0.0 0.0 0.0
0.856137 0.990991 0.820768 0.0 0.0 0.0
1.09627 1.44064 0.871927 0.0 0.0 0.0
1.07512 1.35362 0.911394 0.0 0.0 0.0
1.14256 0.734187 1.01587 0.0 0.0 0.0
0.990334 0.514772 1.36211 0.0 0.0 0.0
end
gesture a08 hands 2
0.98856 0.460908 1.40547 0.956811 0.97187 0.960998
0.728547 1.28879 1.04923 0.965622 0.956211 1.04008
0.920865 0.958568 0.839063 0.0 0.0 0.0
1.1384 1.29667 0.892047 0.0 0.0 0.0
0.822671 0.920904 0.913404 0.0 0.0 0.0
1.17228 1.3453 0.939567 0.0 0.0 0.0
1.14493 0.535755 1.19733 0.0 0.0 0.0
0.985436 0.464889 1.40424 0.0 0.0 0.0
end
gesture a08 hands 2
0.977378 0.598593 1.39415 0.95437 0.945597 1.06785
0.716461 1.26662 0.828305 0.95516 0.957511 1.03738
0.669094 1.26354 0.815881 0.0 0.0 0.0
0.808993 0.739606 1.02875 0.0 0.0 0.0
1.07919 1.13272 0.756577 0.0 0.0 0.0
1.18274 1.49496 0.939659 0.0 0.0 0.0
1.14432 1.04735 0.919503 0.0 0.0 0.0
0.977855 0.599859 1.34904 0.0 0.0 0.0
end
gesture a08 hands 2
0.963869 0.638071 1.31405 0.959951 0.964761 1.03445
0.675354 1.34374 0.840329 0.96333 0.952997 1.04087
0.662937 1.40521 0.86089 0.0 0.0 0.0
0.886527 0.825403 0.914519 0.0 0.0 0.0
1.17932 1.44456 0.787678 0.0 0.0 0.0
1.24439 1.62201 0.952024 0.0 0.0 0.0
1.24948 1.16946 0.834835 0.0 0.0 0.0
0.970789 0.632552 1.31247 0.0 0.0 0.0
end
gesture a08 hands 2
0.983005 0.589635 1.35513 0.964986 0.95497 1.03701
0.672748 1.45085 0.92051 0.97185 0.950283 1.01808
0.651357 1.275 0.791456 0.0 0.0 0.0
0.875618 0.686996 1.02313 0.0 0.0 0.0
1.29167 1.58706 0.96032 0.0 0.0 0.0
1.2355 1.14018 0.843777 0.0 0.0 0.0
0.992621 0.59998 1.34738 0.0 0.0 0.0
0.984543 0.601439 1.32017 0.0 0.0 0.0
end
gesture a08 hands 2
0.95038 0.417515 1.31321 0.975986 0.881928 1.05993
0.894713 0.677369 0.968068 0.855136 0.828388 0.917004
0.722606 1.28229 0.982881 0.746702 1.73755 0.811275
1.00326 1.09538 0.866055 0.92838 1.60809 1.14606
1.33694 1.61571 0.948504 0.986031 0.881257 1.09568
1.36681 1.64775 1.0933 0.0 0.0 0.0
1.15386 0.787437 0.86051 0.0 0.0 0.0
0.967574 0.410211 1.32179 0.0 0.0 0.0
end
gesture a08 hands 2
0.992178 0.368282 1.37267 0.972144 0.968848 1.06226
0.845483 0.706282 0.954829 0.96225 0.976456 1.0544
0.584172 1.30167 1.09952 0.951834 0.954139 1.13913
0.653064 0.771112 0.926251 0.981265 0.950881 1.0255
0.784196 0.822491 0.898063 0.900469 0.9234 1.02776
1.24497 1.43465 0.817689 0.938785 0.905428 1.03239
1.43434 1.53168 1.09944 0.946694 0.992238 0.965606
0.999157 0.386063 1.31167 1.0038 0.944213 1.02033
0.0 0.0 0.0 0.928593 0.944298 1.04849
end
gesture a08 hands 2
0.979123 0.39191 1.38057 0.95905 0.962291 1.1047
0.729097 1.05675 0.906059 0.957881 0.995532 1.01544
0.585904 1.34683 0.988321 0.964009 0.961624 1.09418
0.84427 1.00075 0.767143 0.914333 0.925726 1.02217
1.20955 1.55487 0.87833 0.949324 0.998031 0.969602
1.26128 1.48891 0.960146 0.959636 0.973994 1.03603
1.13326 0.75848 0.986961 0.0 0.0 0.0
0.974191 0.399887 1.38984 0.0 0.0 0.0
end
gesture a08 hands 2
0.976913 0.502562 1.26715 0.960025 0.955885 1.04369
0.852855 0.840405 0.903784 0.964268 0.979631 1.08897
0.79682 1.42016 0.916578 0.0 0.0 0.0
0.884389 0.995868 0.798862 0.0 0.0 0.0
1.08959 1.55154 0.978279 0.0 0.0 0.0
1.16038 1.60874 1.18354 0.0 0.0 0.0
1.20298 1.22706 0.849575 0.0 0.0 0.0
0.983506 0.5233 1.29395 0.0 0.0 0.0
end
gesture a08 hands 2
0.970737 0.477931 1.34847 0.957922 0.969108 1.08726
0.833547 0.757558 0.99197 0.966599 0.96985 1.07675
0.75041 1.41812 0.965679 0.0 0.0 0.0
0.972071 0.85405 0.859743 0.0 0.0 0.0
1.13043 1.4229 0.963063 0.0 0.0 0.0
1.1445 1.52661 1.13859 0.0 0.0 0.0
1.13424 0.917379 0.859864 0.0 0.0 0.0
0.967148 0.46956 1.34806 0.0 0.0 0.0
end
gesture a08 hands 2
0.969593 0.562275 1.27066 0.974339 0.97649 1.06088
0.774886 1.24946 0.814416 0.978247 0.96967 1.00527
0.747093 1.51275 0.878846 0.0 0.0 0.0
0.8632 1.10712 0.762789 0.0 0.0 0.0
1.15709 1.6445 1.07257 0.0 0.0 0.0
1.18664 0.795246 0.913218 0.0 0.0 0.0
0.966608 0.563425 1.26305 0.0 0.0 0.0
0.969372 0.550644 1.24595 0.0 0.0 0.0
end
gesture a08 hands 2
1.05101 0.473915 1.25001 0.929293 0.934521 1.01242
0.823155 1.22792 1.01725 0.930216 0.952004 1.14165
0.924535 1.09166 0.875001 0.0 0.0 0.0
0.986117 1.39073 0.941909 0.0 0.0 0.0
1.03924 1.48349 1.09261 0.0 0.0 0.0
1.002 1.20173 0.933955 0.0 0.0 0.0
1.05314 0.614302 1.0466 0.0 0.0 0.0
1.0534 0.489044 1.3219 0.0 0.0 0.0
end
gesture a08 hands 2
1.01473 0.55888 1.28425 0.928649 0.950421 1.12949
0.793852 1.27467 1.01151 0.929323 0.957807 1.11046
0.896922 0.953748 0.884371 0.0 0.0 0.0
0.968179 1.38808 0.872992 0.0 0.0 0.0
1.04274 1.57694 1.08615 0.0 0.0 0.0
1.02064 1.01777 0.839685 0.0 0.0 0.0
1.04851 0.559327 1.29395 0.0 0.0 0.0
1.02529 0.559774 1.2788 0.0 0.0 0.0
end
gesture a08 hands 2
1.01711 0.532984 1.25019 0.935026 0.960314 1.11971
0.793783 1.19315 0.940289 0.921778 0.971058 1.16497
0.790987 1.30797 0.982231 0.0 0.0 0.0
0.823691 0.976634 0.85728 0.0 0.0 0.0
1.06189 1.63297 1.06556 0.0 0.0 0.0
1.06874 1.58964 1.09686 0.0 0.0 0.0
1.10467 0.843856 0.881846 0.0 0.0 0.0
1.00832 0.548373 1.29479 0.0 0.0 0.0
end
gesture a09 hands 2
1.02704 0.520863 1.32114 0.992288 0.973092 1.02957
1.07021 1.28278 0.981573 0.982263 0.977726 1.05073
1.04412 1.35351 0.888656 0.0 0.0 0.0
0.980743 0.827285 0.892231 0.0 0.0 0.0
0.551356 1.02574 1.02052 0.0 0.0 0.0
1.0305 1.36086 0.846785 0.0 0.0 0.0
1.04942 0.516473 1.40696 0.0 0.0 0.0
1.03506 0.519949 1.44687 0.0 0.0 0.0
end
gesture a09 hands 2
1.00287 0.580512 1.38536 0.948441 0.968953 1.07259
1.08075 1.31414 0.946823 0.971973 0.959359 1.06952
1.03652 1.42304 0.963242 0.0 0.0 0.0
1.13866 0.978301 0.791892 0.0 0.0 0.0
0.527847 1.07186 0.940704 0.0 0.0 0.0
0.824871 1.6328 0.865689 0.0 0.0 0.0
1.12036 1.28019 0.783647 0.0 0.0 0.0
1.00818 0.578465 1.36618 0.0 0.0 0.0
end
gesture a09 hands 2
1.00094 0.649486 1.33508 0.968451 0.966678 1.10143
1.06129 1.55629 0.950243 1.02594 0.982854 1.03671
0.902772 0.998073 0.755355 0.0 0.0 0.0
0.473051 1.21441 0.886792 0.0 0.0 0.0
0.817097 1.70559 0.78875 0.0 0.0 0.0
1.07258 1.05847 0.770758 0.0 0.0 0.0
0.98811 0.665631 1.3698 0.0 0.0 0.0
1.03202 0.65227 1.22144 0.0 0.0 0.0
end
gesture a09 hands 2
0.973561 0.62099 1.30512 0.971027 0.908425 1.07193
1.02081 1.4107 0.786363 0.949238 1.18869 0.92851
1.07507 1.60953 0.878292 0.0 0.0 0.0
0.874221 0.865336 0.746254 0.0 0.0 0.0
0.475934 1.46274 0.885277 0.0 0.0 0.0
1.20976 1.32073 0.697209 0.0 0.0 0.0
1.12803 1.35696 0.701173 0.0 0.0 0.0
1.04748 0.600504 1.44258 0.0 0.0 0.0
end
gesture a09 hands 2
1.05458 0.571005 1.44159 0.978568 1.14965 1.08891
1.0278 1.32956 0.842978 0.998923 0.935609 1.09705
1.05924 1.03441 0.761642 0.0 0.0 0.0
0.401987 1.26948 0.915768 0.0 0.0 0.0
0.682748 1.63204 0.995708 0.0 0.0 0.0
1.16052 1.2666 0.767871 0.0 0.0 0.0
1.00659 0.569605 1.38359 0.0 0.0 0.0
0.978185 0.558216 1.42944 0.0 0.0 0.0
end
gesture a09 hands 2
0.985424 0.597548 1.37089 1.05213 0.943321 1.05793
1.08918 1.34053 0.827033 1.03973 0.907605 1.10149
1.00627 1.06471 0.727575 0.0 0.0 0.0
0.474429 1.03388 0.922813 0.0 0.0 0.0
0.646135 1.65373 1.03089 0.0 0.0 0.0
1.07222 0.900644 0.776638 0.0 0.0 0.0
1.09642 1.11941 0.777117 0.0 0.0 0.0
0.998504 0.581635 1.35874 0.0 0.0 0.0
end
gesture a09 hands 2
1.09716 0.569156 1.36765 0.987904 0.976356 0.999117
0.974118 1.38993 0.799476 1.00459 0.989378 0.984146
0.83954 1.0751 0.815933 0.98747 0.962023 1.04796
0.586415 1.4766 0.866408 0.964085 1.01441 1.01865
0.874853 1.60312 0.78838 0.965219 1.03753 0.987322
1.0452 1.21366 0.727482 0.983777 0.969913 1.04799
0.928359 1.13327 0.745941 0.928733 0.941846 1.03032
1.09576 0.58247 1.3905 0.977555 0.987772 1.02718
0.0 0.0 0.0 0.942806 1.01862 1.06519
0.0 0.0 0.0 0.988995 0.938203 1.02956
end
gesture a09 hands 2
1.12158 0.567144 1.42255 0.99778 0.93376 1.04542
0.95591 1.02937 0.920086 0.985354 0.955929 1.04294
0.930334 1.15857 0.822942 0.0 0.0 0.0
0.57266 1.40424 0.946107 0.0 0.0 0.0
0.892971 1.6136 0.798862 0.0 0.0 0.0
0.997424 1.06541 0.763908 0.0 0.0 0.0
1.15268 0.547124 1.3345 0.0 0.0 0.0
1.1135 0.580619 1.39671 0.0 0.0 0.0
end
gesture a09 hands 2
1.11423 0.56025 1.4354 0.98212 0.956594 1.06661
1.04584 1.04906 0.904374 0.996538 0.943931 1.03289
0.908361 1.02862 0.873894 0.927161 1.07643 1.0776
0.597794 1.35659 0.942629 0.949627 0.985685 1.07006
0.963787 1.46919 0.843938 0.926208 1.08123 1.07001
1.01317 1.00729 0.821132 0.987736 0.96735 1.03442
1.15715 0.56968 1.20196 0.0 0.0 0.0
1.11378 0.537457 1.44244 0.0 0.0 0.0
end
gesture a09 hands 2
1.01488 0.697744 1.23064 0.966097 0.979125 1.01944
0.950702 0.79524 0.982534 0.958308 0.970016 1.04262
0.574682 1.32659 0.818876 0.0 0.0 0.0
1.10952 1.78256 0.881433 0.0 0.0 0.0
1.3224 1.31755 0.88293 0.0 0.0 0.0
1.0622 0.985559 0.892763 0.0 0.0 0.0
0.830388 0.988573 0.896522 0.0 0.0 0.0
1.0196 0.692372 1.25554 0.0 0.0 0.0
end
gesture a09 hands 2
1.0248 0.544283 1.36261 0.965719 0.963892 1.05061
1.14128 0.734993 0.989147 0.971859 0.956664 1.05721
0.72151 0.847491 0.955809 0.0 0.0 0.0
0.775098 1.66409 0.995404 0.0 0.0 0.0
1.17617 1.63766 1.0195 0.0 0.0 0.0
1.26009 1.00883 0.978112 0.0 0.0 0.0
0.844409 0.845585 0.980487 0.0 0.0 0.0
1.07377 0.538477 1.28949 0.0 0.0 0.0
end
gesture a09 hands 2
1.01223 0.639665 1.29625 0.972876 0.968462 1.02782
1.13993 0.956905 0.866466 0.983803 0.966195 1.01283
0.746354 0.928816 0.879888 0.0 0.0 0.0
0.596242 1.61535 0.897339 0.0 0.0 0.0
1.15976 1.76699 0.953559 0.0 0.0 0.0
1.42674 1.32599 0.926561 0.0 0.0 0.0
0.84378 0.915227 0.89994 0.0 0.0 0.0
1.00077 0.645522 1.26735 0.0 0.0 0.0
end
gesture a09 hands 2
1.05931 0.667465 1.20646 0.965188 0.945787 1.00626
0.872559 1.24418 0.937218 0.954339 0.949004 1.02754
0.898764 1.37968 0.917443 0.0 0.0 0.0
1.13766 1.13219 0.861338 0.0 0.0 0.0
0.973363 0.776232 0.993036 0.0 0.0 0.0
0.811918 0.805931 0.998496 0.0 0.0 0.0
0.90602 1.34731 0.90127 0.0 0.0 0.0
1.09289 0.663698 1.25541 0.0 0.0 0.0
end
gesture a09 hands 2
1.09269 0.572782 1.26481 0.967911 0.933645 1.02517
0.895531 1.09712 0.990624 0.931618 0.963471 1.00176
1.03933 1.32201 0.980032 0.953585 0.933345 1.12227
1.0809 0.721806 1.00523 0.930605 0.958447 1.03965
0.746618 0.883426 1.03722 0.935998 0.948476 1.10336
0.916356 1.25224 0.976432 0.937858 0.93281 1.05275
0.924356 1.2106 0.986764 0.0 0.0 0.0
1.01975 0.657533 1.14383 0.0 0.0 0.0
end
gesture a09 hands 2
1.11776 0.634066 1.27353 0.952295 0.941345 1.02766
0.86526 1.27298 0.951578 0.959525 0.950018 1.02889
1.11804 1.25121 0.897833 0.0 0.0 0.0
1.06559 0.77269 0.987927 0.0 0.0 0.0
0.787367 0.789225 1.04094 0.0 0.0 0.0
0.926434 1.29929 0.916199 0.0 0.0 0.0
0.995827 0.737284 1.10787 0.0 0.0 0.0
1.11693 0.630576 1.30619 0.0 0.0 0.0
end
gesture a09 hands 2
1.00469 0.567849 1.35427 0.973583 0.961533 1.05572
0.971506 0.803446 0.927943 0.972496 0.966427 1.01139
0.649621 1.11126 0.934935 0.0 0.0 0.0
1.07552 1.58093 0.963418 0.0 0.0 0.0
1.26894 1.22635 0.878351 0.0 0.0 0.0
0.752718 1.17569 0.878283 0.0 0.0 0.0
0.992313 0.970812 0.87031 0.0 0.0 0.0
1.11338 0.573982 1.37616 0.0 0.0 0.0
end
gesture a09 hands 2
1.04862 0.649115 1.34435 0.966832 0.969435 1.03163
0.9128 1.00505 0.784268 0.989217 0.963531 0.978364
0.616829 1.31394 0.894528 0.0 0.0 0.0
1.17793 1.55528 0.828023 0.0 0.0 0.0
1.22415 1.19513 0.781166 0.0 0.0 0.0
0.740238 1.17896 0.799095 0.0 0.0 0.0
1.21059 0.796139 1.06772 0.0 0.0 0.0
1.02182 0.660699 1.30769 0.0 0.0 0.0
end
gesture a09 hands 2
1.01286 0.505548 1.38269 0.975849 0.958915 0.974089
0.905717 1.50519 0.99462 0.962594 0.968141 0.977235
1.01391 0.956654 0.806012 0.0 0.0 0.0
1.09156 1.44885 0.917721 0.0 0.0 0.0
1.08981 0.953373 0.823221 0.0 0.0 0.0
0.727654 1.17963 0.865464 0.0 0.0 0.0
1.22875 0.554057 1.47734 0.0 0.0 0.0
1.00461 0.508047 1.37563 0.0 0.0 0.0
end
gesture a09 hands 2
1.06105 0.670058 1.3193 0.967187 0.945778 1.0395
0.833665 0.848237 0.973484 0.957145 0.965496 1.02365
0.686562 1.48269 0.854427 0.0 0.0 0.0
1.16518 1.61993 0.828031 0.0 0.0 0.0
1.33641 0.930487 0.966982 0.0 0.0 0.0
0.677429 1.16942 0.88924 0.0 0.0 0.0
0.763842 1.14926 0.856768 0.0 0.0 0.0
1.07428 0.673024 1.34534 0.0 0.0 0.0
end
gesture a09 hands 2
1.06597 0.675433 1.36796 0.967253 0.954906 1.04159
0.658069 1.27834 0.746898 0.957477 0.964092 1.01931
1.255 1.5141 0.78183 0.0 0.0 0.0
1.43352 1.21793 0.892103 0.0 0.0 0.0
0.970294 0.765418 1.0692 0.0 0.0 0.0
0.682382 1.19284 0.899632 0.0 0.0 0.0
0.790696 1.23403 0.879506 0.0 0.0 0.0
1.08046 0.679955 1.37623 0.0 0.0 0.0
end
gesture a09 hands 2
1.08283 0.708258 1.33321 0.962035 0.967929 1.02798
0.830221 1.1791 0.712855 0.964589 0.960262 1.03542
0.812409 1.55688 0.743913 0.0 0.0 0.0
1.39067 1.02482 0.972007 0.0 0.0 0.0
0.704243 1.17555 0.892359 0.0 0.0 0.0
0.795602 1.18934 0.886614 0.0 0.0 0.0
1.07699 0.700288 1.38968 0.0 0.0 0.0
1.09203 0.717883 1.38922 0.0 0.0 0.0
end
gesture a09 hands 2
1.01623 0.3881 1.42583 0.977628 0.981787 1.03621
0.910433 0.998523 0.943061 0.904187 0.939586 1.05694
0.890144 1.44504 1.05362 1.0265 0.953869 1.01617
1.26357 1.28301 0.836447 1.00418 0.962057 1.0673
1.05485 0.774523 0.801007 0.0 0.0 0.0
0.600196 1.00419 0.953814 0.0 0.0 0.0
0.960048 1.46463 0.864378 0.0 0.0 0.0
1.06766 0.436127 1.27588 0.0 0.0 0.0
end
gesture a09 hands 2
1.00836 0.365206 1.47335 0.981666 0.977655 1.02383
0.952798 1.33975 1.02072 0.978119 0.966566 1.07728
1.04207 1.42603 0.975626 0.953864 1.0088 1.01041
1.23973 0.959181 0.792029 0.901239 0.948788 1.05051
0.696526 0.866626 0.939279 0.957355 0.974039 1.02439
0.623267 1.38938 1.00488 0.997244 0.958666 1.0168
0.96584 1.28931 0.901961 0.998196 0.951814 1.04999
1.02884 0.369614 1.51603 0.0 0.0 0.0
end
gesture a09 hands 2
0.991822 0.418943 1.45075 1.01812 0.986722 1.03297
1.01891 1.23816 0.938519 0.914985 0.971796 1.03116
1.02362 1.51724 0.991385 1.00258 0.95759 1.03134
1.20702 1.17246 0.77725 0.931654 0.956575 1.0451
0.731177 0.914586 0.915875 1.00084 0.978855 1.04091
0.59138 1.40543 0.994418 0.920564 0.954653 1.05895
1.05814 1.33316 0.766777 0.951408 0.96499 0.996885
1.00227 0.40755 1.46485 0.970154 0.986642 1.0656
0.0 0.0 0.0 0.943745 0.959825 1.0194
0.0 0.0 0.0 0.962838 0.956553 1.06719
end
gesture a09 hands 2
1.04263 0.476469 1.33529 0.972513 0.976679 1.02479
0.744995 1.23632 0.888798 0.964849 0.979178 1.06473
0.735713 1.38805 0.929096 0.0 0.0 0.0
1.39425 1.15519 0.985392 0.0 0.0 0.0
1.03551 0.620518 1.02893 0.0 0.0 0.0
0.816664 1.45069 0.974496 0.0 0.0 0.0
1.07373 0.507235 1.30146 0.0 0.0 0.0
1.03555 0.489417 1.36947 0.0 0.0 0.0
end
gesture a09 hands 2
1.05613 0.514823 1.39914 0.973355 0.972546 1.04644
0.871583 0.862958 0.91486 0.967948 0.972653 1.06939
0.821436 1.48109 0.921837 0.0 0.0 0.0
1.448 0.996687 1.03242 0.0 0.0 0.0
0.798617 0.810237 0.902627 0.0 0.0 0.0
0.824588 1.39925 0.958472 0.0 0.0 0.0
1.03492 0.655877 1.05435 0.0 0.0 0.0
1.04122 0.511179 1.34551 0.0 0.0 0.0
end
gesture a09 hands 2
1.03747 0.507642 1.36488 0.971167 0.967592 1.06882
0.74473 1.41792 0.923192 0.967448 0.964836 1.03795
1.46034 1.1507 1.03306 0.0 0.0 0.0
1.20855 0.676607 1.06533 0.0 0.0 0.0
0.892236 0.667695 0.964928 0.0 0.0 0.0
0.773751 1.40582 0.93574 0.0 0.0 0.0
1.04262 0.690623 0.985383 0.0 0.0 0.0
1.07634 0.560233 1.15477 0.0 0.0 0.0
end
gesture a09 hands 2
1.04845 0.587218 1.30883 0.956224 0.959232 1.0382
0.855201 0.948762 0.884779 0.943435 1.00786 1.05227
0.779679 1.46515 1.01103 0.946894 0.952592 1.06298
1.14504 1.43109 1.01434 0.0 0.0 0.0
0.974422 1.06141 0.892324 0.0 0.0 0.0
0.833109 1.0346 0.939243 0.0 0.0 0.0
1.04 0.602347 1.23926 0.0 0.0 0.0
1.05023 0.601042 1.33802 0.0 0.0 0.0
end
gesture a09 hands 2
1.06593 0.619477 1.33565 0.926427 0.958196 1.06628
0.830489 0.962451 0.827 0.945332 0.949569 1.07578
0.754219 1.48391 0.977401 0.0 0.0 0.0
0.973947 1.57853 1.02002 0.0 0.0 0.0
1.08721 1.19579 0.831699 0.0 0.0 0.0
0.815359 1.23529 0.933886 0.0 0.0 0.0
0.931579 0.97082 0.883969 0.0 0.0 0.0
1.07289 0.61763 1.28049 0.0 0.0 0.0
end
gesture a09 hands 2
1.0486 0.635072 1.30184 0.938553 0.948328 1.07203
0.975927 0.733013 0.974169 0.940817 0.956478 1.05768
0.717507 1.30189 0.873439 0.0 0.0 0.0
1.10915 1.48629 1.00196 0.0 0.0 0.0
0.990969 1.16405 0.836413 0.0 0.0 0.0
0.809222 1.25385 0.906121 0.0 0.0 0.0
0.951933 0.771181 0.971805 0.0 0.0 0.0
1.05108 0.618895 1.31038 0.0 0.0 0.0
end
gesture a10 hands 2
0.861782 0.813698 1.09657 1.04103 0.832419 1.08272
1.24629 0.996928 1.31748 0.717751 0.962793 1.29561
1.36038 1.09405 1.20096 0.692178 1.0054 1.35686
1.01151 1.16106 0.65698 0.646684 1.09957 0.980015
0.617716 1.27808 0.642272 1.06598 1.18684 0.636781
1.11367 0.917675 0.989056 1.25973 1.20403 0.663447
0.889695 0.839877 1.32752 0.925314 0.977342 0.856278
0.916541 0.825755 1.1153 1.01347 0.869399 1.3055
0.0 0.0 0.0 1.08789 0.844352 1.122
end
gesture a10 hands 2
0.860493 0.791995 1.16799 1.11638 0.807901 1.12583
1.23103 0.942026 1.40036 0.906185 0.872311 1.36473
1.32487 1.14776 0.965761 0.65555 1.04734 1.29307
1.00475 1.19216 0.675707 0.600132 1.12581 1.04156
0.600132 1.18719 0.659985 0.934496 1.17644 0.663196
0.912722 1.03156 0.728807 1.18183 1.1765 0.631331
1.08006 0.8759 1.08739 0.806419 0.936175 0.932719
0.878755 0.795878 1.28074 1.0437 0.818099 1.24585
end
gesture a10 hands 2
0.937268 0.830473 1.2719 1.00254 0.844579 1.25725
0.918142 0.854212 1.09225 1.07854 0.85256 1.0604
1.09196 0.841451 1.34424 0.664385 0.995437 1.36178
1.39883 1.1535 1.00136 0.589443 1.15494 0.952971
0.661585 1.22705 0.691545 1.0825 1.22778 0.713284
0.743436 1.12957 0.747981 1.01116 0.876707 1.3764
0.985851 0.831494 1.24387 0.0 0.0 0.0
0.950466 0.84702 1.27865 0.0 0.0 0.0
end
gesture a10 hands 2
0.936076 0.746938 1.2997 1.04476 0.734516 1.27014
1.31187 0.925238 1.11951 0.735623 0.818668 1.19343
1.1275 1.12211 0.772849 0.685583 0.954434 1.0461
0.802002 1.2497 0.771606 1.08004 1.28466 0.644831
0.730495 1.30644 0.563276 1.10306 1.2873 0.801199
1.13575 1.05376 0.724916 0.850039 1.119 0.835438
1.05924 0.789228 1.35532 0.765033 0.88408 1.13561
0.897 0.762197 1.30423 0.898696 0.812281 1.34471
0.0 0.0 0.0 1.04627 0.770613 1.2283
0.0 0.0 0.0 1.02306 0.774889 1.25908
end
gesture a10 hands 2
0.969917 0.703114 1.27703 1.04486 0.667321 1.29613
1.38445 0.814467 1.29785 0.617797 0.868793 1.10348
1.41668 0.949224 1.02213 0.970503 1.13456 0.739716
0.835665 1.26458 0.735525 0.928573 1.34594 0.845595
0.722009 1.33449 0.578712 0.957061 1.29757 0.895646
0.525009 1.0263 1.22368 0.938112 0.724736 1.17798
0.620608 1.10981 1.22033 1.04325 0.722024 1.26245
0.99883 0.727897 1.29283 0.0 0.0 0.0
end
gesture a10 hands 2
0.909507 0.864079 1.16177 1.03723 0.876598 1.12652
1.42769 1.0962 1.23844 1.05034 0.850236 1.1259
1.39954 1.17007 0.889813 0.826765 0.859574 1.22938
0.815445 1.32098 0.600627 0.561076 1.05463 1.25662
0.720007 1.36283 0.537559 0.576226 1.13537 0.909557
1.0993 0.952776 0.906474 1.08397 1.30199 0.590925
0.933231 0.84712 1.17325 1.11107 1.41931 0.707191
0.891443 0.836436 1.16563 0.936648 1.10309 0.736339
0.0 0.0 0.0 0.911727 0.888449 1.07653
0.0 0.0 0.0 1.05425 0.841532 1.1538
end
gesture a10 hands 2
0.96585 0.638138 1.33245 1.02653 0.667203 1.30684
1.29838 0.957947 0.926376 0.72394 0.982885 0.964963
1.1789 1.30901 0.742571 0.711715 1.15677 0.850325
0.691998 1.39329 0.811061 0.951062 1.4501 0.708591
0.667708 1.35855 0.804936 1.03435 1.4234 0.711077
1.18605 1.0541 0.799951 1.11435 1.12612 0.903269
1.09527 0.615506 1.31194 1.0704 1.38832 0.757405
0.971166 0.637378 1.3609 0.775347 1.20937 0.835558
0.0 0.0 0.0 0.729354 0.974217 1.00055
0.0 0.0 0.0 0.938033 0.650164 1.28117
0.0 0.0 0.0 1.01303 0.647552 1.35379
end
gesture a10 hands 2
0.971144 0.601498 1.41896 1.05816 0.594877 1.38489
1.40769 0.867598 1.0117 0.965976 0.593117 1.3697
1.20097 1.28529 0.725863 0.66357 0.75919 1.2034
0.748869 1.37723 0.75489 0.744292 1.32164 0.808176
0.743919 1.32993 0.781024 1.17843 1.32013 0.734171
1.08231 1.11513 0.794173 0.755105 1.06719 0.883034
1.15462 0.600412 1.19463 0.843753 0.630898 1.24298
0.96237 0.582864 1.4172 1.06835 0.555576 1.39241
0.0 0.0 0.0 1.03172 0.5837 1.38518
end
gesture a10 hands 2
0.967145 0.655721 1.37294 0.997239 0.64346 1.37182
1.33175 0.747984 1.14084 0.604963 0.840505 1.15506
1.40075 1.03923 0.855177 0.678301 1.24537 0.787778
1.08551 1.35221 0.672811 0.951113 1.37645 0.63853
0.659937 1.41431 0.710363 1.1684 1.37758 0.732948
1.04241 1.04652 0.810402 1.01497 1.324 0.730502
1.06365 0.658756 1.22339 0.931299 1.05094 0.892538
0.976498 0.669819 1.37688 0.971433 0.659735 1.22273
0.0 0.0 0.0 1.02654 0.677635 1.35472
end
gesture a10 hands 2
0.868234 0.852146 1.18174 1.04259 0.86411 1.17658
1.35717 1.02972 1.13405 0.620724 1.04253 1.02116
1.36202 1.08395 1.01991 1.16867 1.18646 0.696406
1.16244 1.07585 0.819678 0.968635 0.838312 1.26754
0.692027 1.19657 0.744071 1.0182 0.853008 1.22555
0.696762 1.2138 0.725173 0.0 0.0 0.0
1.10783 0.989707 0.912268 0.0 0.0 0.0
0.922501 0.837674 1.23817 0.0 0.0 0.0
end
gesture a10 hands 2
0.928768 0.841048 1.25544 1.00846 0.867369 1.21099
1.25856 0.937122 1.14939 0.678604 1.00811 0.954098
1.26281 1.04208 0.955558 1.06755 1.13134 0.7016
1.04161 1.06676 0.794536 0.849117 0.89707 1.09717
0.675434 1.16697 0.73983 1.02504 0.869567 1.26559
0.988802 1.04806 0.840477 0.0 0.0 0.0
1.06633 0.929511 1.03074 0.0 0.0 0.0
0.89544 0.846947 1.25815 0.0 0.0 0.0
end
gesture a10 hands 2
0.945471 0.836502 1.3118 0.972552 0.862126 1.26798
1.26537 0.95357 1.10101 1.09612 1.13626 0.76656
1.14914 1.06235 0.853797 1.17719 1.13592 0.76189
0.777781 1.15108 0.821874 0.798206 0.89308 1.11416
0.728166 1.15011 0.796293 0.975533 0.863703 1.24657
1.09084 0.923184 1.02998 0.0 0.0 0.0
0.934934 0.803496 1.24638 0.0 0.0 0.0
0.93014 0.831117 1.25378 0.0 0.0 0.0
end
gesture a10 hands 2
1.03254 0.867196 1.09698 0.901158 0.88454 1.12735
1.00865 0.864205 1.09945 1.05779 1.07691 0.882887
1.0069 0.973389 0.94373 1.17966 1.22156 0.860842
0.861364 1.11728 0.861088 1.0749 1.12848 0.852156
0.778674 1.11771 0.932304 0.92435 0.889095 1.20091
0.914718 1.0941 0.899474 0.890465 0.900449 1.11021
1.05075 0.873637 1.17244 0.0 0.0 0.0
1.01253 0.852193 1.16632 0.0 0.0 0.0
end
gesture a10 hands 2
1.01981 0.839065 1.16807 0.879329 0.861428 1.13115
0.994659 1.0254 0.900144 0.869907 0.869073 1.13322
0.951448 1.10767 0.838854 0.875114 0.889539 1.07461
0.732942 1.18093 0.858263 0.98367 1.01524 0.866443
0.734128 1.10958 0.868908 1.05822 1.07241 0.816094
1.00232 0.873743 1.08416 1.13231 1.14428 0.811831
1.06797 0.821422 1.2869 1.11458 1.14503 0.815505
1.05128 0.825019 1.28161 1.12563 1.17999 0.815025
0.0 0.0 0.0 1.06721 1.04856 0.907886
0.0 0.0 0.0 0.972581 0.963438 0.985558
0.0 0.0 0.0 0.914325 0.874926 1.1672
0.0 0.0 0.0 0.822052 0.844872 1.2935
0.0 0.0 0.0 0.841976 0.853949 1.28535
end
gesture a10 hands 2
1.03515 0.818524 1.18762 0.841019 0.856912 1.25429
1.03947 0.94298 0.967567 0.922144 0.976099 0.904587
0.819926 1.13076 0.878289 1.04305 1.08768 0.853203
0.735033 1.08204 0.945135 1.10968 1.10813 0.912772
0.794913 1.05953 0.917997 1.07391 1.05558 0.898346
1.00339 0.860486 1.0741 0.965827 0.921415 1.01518
1.08281 0.814418 1.30435 0.829863 0.833399 1.27448
1.04914 0.801511 1.24793 0.865968 0.816926 1.22035
end
gesture a10 hands 2
0.845416 0.776143 1.21542 1.15427 0.730187 1.25854
1.17887 0.861597 1.28023 1.27351 1.13178 0.77538
0.870194 1.15298 0.708191 0.6593 1.12206 1.01911
0.845548 1.13763 0.716545 1.29939 1.15097 0.775021
1.27928 1.05965 1.17755 0.686051 1.06221 1.09715
0.690639 1.19463 0.691805 1.10448 0.743271 1.24142
1.17003 1.07761 0.940474 0.0 0.0 0.0
0.832233 0.791104 1.1945 0.0 0.0 0.0
end
gesture a10 hands 2
0.922836 0.759243 1.24127 1.03083 0.765308 1.18618
1.21529 0.870761 1.168 0.854261 0.792487 1.21837
1.09631 1.17798 0.718127 0.671179 1.08649 0.947751
0.699545 1.23635 0.673165 1.10079 1.21759 0.675313
1.23449 1.15061 0.894506 1.18499 1.1702 0.709805
0.744588 1.20925 0.700634 0.715249 1.20511 0.917536
1.24958 1.02047 1.07925 1.25596 1.21327 0.824703
0.93201 0.756719 1.27231 1.04518 1.17628 0.7603
0.0 0.0 0.0 0.744857 0.920904 1.1779
0.0 0.0 0.0 1.05826 0.744417 1.35094
0.0 0.0 0.0 1.09247 0.742816 1.26331
end
gesture a10 hands 2
0.858417 0.65997 1.36234 1.15337 0.636074 1.34104
1.21941 0.931125 1.06227 1.30323 1.05609 0.841354
0.650993 1.18445 0.76033 0.681554 1.06287 1.13689
1.15372 1.08273 0.95499 1.33616 1.09441 0.830699
0.687779 1.12779 0.791967 1.03044 0.632549 1.43283
1.27075 0.991711 1.16744 0.0 0.0 0.0
0.748528 1.14297 0.824382 0.0 0.0 0.0
0.980968 0.686131 1.41993 0.0 0.0 0.0
end
gesture a10 hands 2
0.810277 0.611215 1.29357 1.16238 0.622503 1.25278
1.29184 0.879923 1.44112 0.588001 1.10003 1.07141
1.3651 1.10604 1.08218 1.28217 1.26092 0.728089
1.13392 1.24492 0.775335 0.73655 1.08306 0.954021
0.526095 1.26342 0.681325 0.974105 0.659539 1.34464
0.83654 1.27248 0.681929 0.0 0.0 0.0
1.14649 1.03188 0.89734 0.0 0.0 0.0
0.972715 0.659609 1.2967 0.0 0.0 0.0
end
gesture a10 hands 2
0.874811 0.668704 1.32251 1.0739 0.654695 1.29871
1.38703 1.16243 1.16707 1.13736 0.673769 1.20953
1.26677 1.31299 0.84997 0.803783 0.764792 1.28351
0.574455 1.34635 0.652325 0.56011 1.21234 1.13807
0.541936 1.32902 0.648077 0.604751 1.33569 0.988639
0.97339 1.33448 0.691729 1.2093 1.4009 0.613817
1.19817 0.909012 1.06095 1.34874 1.30154 0.738078
0.877423 0.675681 1.26006 1.01369 1.32202 0.67372
0.0 0.0 0.0 0.702862 1.25473 0.862234
0.0 0.0 0.0 0.649576 1.06409 1.04361
0.0 0.0 0.0 0.896017 0.734052 1.23299
0.0 0.0 0.0 1.04097 0.661073 1.2532
end
gesture a10 hands 2
0.855587 0.686125 1.27585 1.1202 0.691199 1.20785
1.2837 0.932007 1.23743 1.07838 0.696527 1.21675
1.34337 1.30951 0.929381 0.653468 0.953626 1.26143
1.06619 1.40736 0.710031 0.585627 1.29899 0.964032
0.527696 1.39304 0.654823 0.791433 1.40564 0.737077
1.26132 1.09012 0.907556 1.19566 1.39803 0.615137
0.87553 0.684953 1.26504 1.27703 1.29669 0.722891
0.869849 0.692897 1.25807 1.09296 1.36639 0.613342
0.0 0.0 0.0 0.785895 1.32011 0.778356
0.0 0.0 0.0 0.671548 1.04231 1.03579
0.0 0.0 0.0 0.915083 0.773337 1.19534
0.0 0.0 0.0 1.11687 0.711126 1.20641
end
gesture a10 hands 2
0.884437 0.709597 1.26866 1.06563 0.718812 1.20293
1.4751 1.09463 1.10477 0.64871 0.922127 1.13926
1.5541 1.24853 1.10485 0.444492 1.29031 1.1567
1.39293 1.41849 0.692805 0.593897 1.40571 0.816663
0.625731 1.47325 0.573962 1.05593 1.44251 0.602783
0.646305 1.40822 0.620024 1.24047 1.12839 0.664129
0.881778 0.699072 1.18456 1.04206 0.677592 1.27916
0.887153 0.734739 1.18711 1.08312 0.740634 1.14429
end
gesture a10 hands 2
0.877798 0.676934 1.25614 1.08503 0.69657 1.15142
1.41937 0.963156 1.16171 0.79444 0.712362 1.19271
1.51417 1.09607 1.16649 0.506806 1.093 1.23509
1.37476 1.43937 0.738906 0.467604 1.28442 1.06088
0.630496 1.49744 0.662343 0.781878 1.51838 0.703419
0.781086 0.762345 0.979464 1.24384 1.42021 0.687368
0.889598 0.67525 1.35086 1.18776 1.04988 0.784964
0.862569 0.686973 1.24429 1.08475 0.676212 1.11687
0.0 0.0 0.0 1.08255 0.632766 1.29048
0.0 0.0 0.0 1.06326 0.663582 1.27491
end
gesture a10 hands 2
0.855381 0.628389 1.26092 1.03624 0.61988 1.22749
1.37427 0.855472 1.2963 0.861115 0.692898 1.2275
1.56527 1.16945 1.0923 0.541469 0.972977 1.2537
1.45842 1.4067 0.871852 0.512096 1.37821 0.95458
1.08949 1.53115 0.703406 0.774879 1.49889 0.748241
0.605681 1.43234 0.679625 1.12127 1.48598 0.696358
0.803515 0.712289 0.911486 1.21329 1.30351 0.691077
0.885855 0.643831 1.36506 1.08709 0.655724 1.07582
0.0 0.0 0.0 1.06783 0.608981 1.40202
0.0 0.0 0.0 1.07826 0.604082 1.33952
end
gesture a10 hands 2
0.855494 0.761552 1.25588 1.09971 0.753075 1.2169
1.30373 1.06599 1.10399 0.669788 0.993926 1.21207
0.825822 1.19147 0.645381 0.779481 1.19154 0.790848
0.604246 1.17322 0.654852 1.30431 1.24 0.672953
0.950206 1.12768 0.691022 0.784064 1.10882 0.870985
1.21115 0.956569 1.19295 1.09715 0.784002 1.25282
0.850776 0.776642 1.23161 0.0 0.0 0.0
0.843548 0.788384 1.25819 0.0 0.0 0.0
end
gesture a10 hands 2
0.820924 0.727715 1.29117 1.11481 0.736402 1.24866
1.24372 0.961964 1.24863 0.708483 0.940093 1.25335
1.15728 1.14965 0.829951 0.777118 1.1793 0.808416
0.82351 1.23739 0.656315 1.12112 1.2981 0.61843
0.655439 1.26496 0.622014 0.809952 1.1653 0.812016
1.17913 1.1063 0.902473 0.702198 1.00677 1.08811
0.898067 0.717723 1.28501 0.746733 0.913623 1.19097
0.83519 0.743244 1.27916 1.04847 0.712351 1.30711
0.0 0.0 0.0 1.12399 0.742455 1.24976
end
gesture a10 hands 2
0.833133 0.754146 1.28061 1.08714 0.755906 1.25756
1.17852 0.869461 1.29603 0.650748 0.977139 1.22317
1.26653 1.13029 0.938576 0.666954 1.15823 0.930339
0.913959 1.29734 0.661057 1.33888 1.30899 0.670626
0.699278 1.28098 0.759676 1.15771 1.24585 0.627546
0.920093 1.19598 0.67627 0.699037 1.04752 1.01989
1.21372 0.991214 1.03674 0.98226 0.724908 1.2755
0.825775 0.722847 1.23421 1.06261 0.727303 1.26058
end
gesture a10 hands 2
0.929228 0.823731 1.22043 0.993907 0.821212 1.21116
1.2621 0.944607 1.06406 0.869689 0.815901 1.19765
1.21886 1.07505 0.876971 0.672713 0.948058 1.03706
0.71025 1.25575 0.776734 0.703832 1.08384 0.873576
0.678654 1.29422 0.748311 0.940351 1.2158 0.737372
1.11484 0.977695 0.935496 1.17865 1.21739 0.756861
0.938235 0.791975 1.24567 0.960415 1.22326 0.785984
0.940067 0.800753 1.2468 0.812688 0.997596 0.949114
0.0 0.0 0.0 0.904444 0.823991 1.18373
0.0 0.0 0.0 1.00663 0.798356 1.28028
0.0 0.0 0.0 0.995109 0.810718 1.27207
end
gesture a10 hands 2
0.907388 0.73149 1.3022 0.99897 0.733745 1.30121
1.25936 0.911844 1.14085 0.712979 0.815209 1.27991
1.12414 1.06032 0.913891 0.63796 0.926547 1.10887
0.749527 1.16348 0.84233 0.884587 1.15056 0.828613
0.639524 1.23574 0.831023 1.16907 1.17064 0.807242
0.792538 1.13327 0.835073 0.933954 1.11829 0.855702
1.05821 0.79442 1.17791 0.795182 0.905546 1.0637
0.900774 0.728734 1.362 1.01749 0.732865 1.36523
0.0 0.0 0.0 1.01009 0.740689 1.39528
end
gesture a10 hands 2
0.925948 0.787584 1.26313 0.987867 0.800115 1.28558
1.15867 0.798997 1.25306 0.779549 0.799047 1.29681
1.19617 0.982672 0.959209 0.646237 0.995583 0.982741
1.05731 1.09254 0.81339 0.907143 1.18318 0.759317
0.651961 1.25175 0.832146 1.1526 1.26348 0.77705
0.922452 1.05193 0.838822 1.10737 1.20247 0.790492
1.03966 0.887165 1.01231 0.919836 1.09982 0.829334
0.974688 0.791591 1.34633 0.850845 0.870794 1.05194
0.0 0.0 0.0 0.99117 0.776855 1.2965
0.0 0.0 0.0 0.980796 0.785103 1.30899
end
gesture a11 hands 2
0.814918 0.469136 1.07673 1.05458 0.48863 1.03506
1.08552 0.54362 1.07182 0.489094 1.11949 1.12347
1.4191 1.13897 1.09011 0.716389 1.56779 1.02364
0.760443 1.66368 0.962774 1.28161 1.5916 0.977105
0.713897 1.6239 0.973664 0.688997 1.30938 0.940544
1.39538 1.27726 1.08421 1.05265 0.479089 1.19836
1.18617 0.579813 1.16027 1.06483 0.518881 1.02485
0.913619 0.471857 1.06537 0.0 0.0 0.0
end
gesture a11 hands 2
0.905139 0.43813 1.03109 1.088 0.454115 1.08318
1.10704 0.512246 1.063 0.644425 0.649333 1.06885
1.40845 1.21696 1.09746 0.533525 0.839409 1.02677
0.731529 1.65361 0.971343 0.638666 1.43241 0.996377
1.09531 1.54202 1.0185 1.18216 1.60689 1.06261
1.39479 0.950369 1.14757 1.24326 1.60222 1.01508
0.856551 0.461049 1.11997 0.896821 1.5226 0.901401
0.894011 0.439215 1.05714 0.565092 0.9063 0.988816
0.0 0.0 0.0 0.815993 0.511752 1.1479
0.0 0.0 0.0 1.03267 0.444921 1.17391
0.0 0.0 0.0 0.958365 0.46319 1.09044
0.0 0.0 0.0 1.09126 0.446862 1.05882
end
gesture a11 hands 2
0.814897 0.430483 1.06972 1.11837 0.445624 1.08671
1.35315 1.01798 1.11792 1.03758 0.455227 1.07399
1.03443 1.53744 0.955934 0.703691 0.590671 1.10283
0.622904 1.55978 0.950858 0.53035 1.25446 1.02795
1.31141 1.28995 1.11087 0.952403 1.56449 0.919094
1.26478 0.677624 1.16447 1.30327 1.59689 0.992727
0.796143 0.445134 1.08682 1.27657 1.59322 0.980056
0.870359 0.438398 0.999678 0.816318 1.44199 0.905919
0.0 0.0 0.0 0.573079 1.10396 0.990081
0.0 0.0 0.0 0.951336 0.469571 1.18986
0.0 0.0 0.0 1.13854 0.460931 1.10142
end
gesture a11 hands 2
0.797112 0.510179 1.12785 1.1693 0.498319 1.07989
1.48695 1.20682 1.10954 1.03598 0.490146 1.05912
0.604104 1.8618 0.924908 0.0 0.0 0.0
0.800657 1.49202 1.0006 0.0 0.0 0.0
0.983783 1.74642 0.886414 0.0 0.0 0.0
1.40006 1.07934 0.933161 0.0 0.0 0.0
0.976037 0.581841 1.08905 0.0 0.0 0.0
0.886862 0.534598 1.06913 0.0 0.0 0.0
end
gesture a11 hands 2
0.86586 0.516347 1.07677 1.07605 0.532349 1.06426
1.05202 0.551952 1.14439 0.641558 0.779396 1.16191
1.47272 1.11378 1.11755 0.550354 1.41616 1.0352
1.07629 1.7133 0.917779 1.10803 1.74976 0.895203
0.626698 1.73491 0.935238 0.56542 1.07818 0.993117
1.31409 1.44437 0.908618 0.972197 0.587306 1.174
1.40831 0.93876 1.05011 1.15787 0.527694 1.09891
0.767631 0.523453 1.08921 0.0 0.0 0.0
end
gesture a11 hands 2
0.704551 0.537256 1.0851 1.18589 0.522816 1.07222
1.45164 1.07521 1.15921 0.730398 0.650804 1.21857
1.05604 1.70834 0.932325 0.503562 1.14862 1.11453
0.568636 1.71622 0.951823 0.881609 1.75482 0.918772
1.35306 1.33668 0.92051 1.24943 1.64031 0.931128
1.35781 0.864672 1.12549 0.670676 1.43872 0.931682
0.749108 0.47078 1.13119 0.620643 0.962923 1.08641
0.808124 0.514796 0.999505 1.01847 0.548521 1.19279
0.0 0.0 0.0 1.09452 0.580062 0.992567
end
gesture a11 hands 2
0.829772 0.480323 1.19755 1.10698 0.45423 1.1065
1.28206 0.66475 0.962417 0.975229 0.462813 1.10266
1.36376 1.36636 0.769231 0.664347 0.67998 1.02999
0.740306 1.72299 0.915601 0.508277 1.03231 1.02828
0.847834 1.78375 0.898187 0.493095 1.21771 1.03176
1.48187 1.21187 0.904906 0.688852 1.60474 0.9802
1.19057 0.553952 1.11645 1.23658 1.74819 0.901668
0.829657 0.481855 1.19748 0.950997 1.76049 0.947603
0.0 0.0 0.0 0.840833 1.70366 0.980376
0.0 0.0 0.0 0.603788 1.40045 1.06303
0.0 0.0 0.0 0.605095 0.911034 1.0684
0.0 0.0 0.0 0.690268 0.67672 1.11763
0.0 0.0 0.0 1.04441 0.4359 1.12995
0.0 0.0 0.0 1.09772 0.45679 1.10921
end
gesture a11 hands 2
0.86035 0.47999 1.20333 1.09201 0.461473 1.13206
1.09677 0.493778 1.10688 1.12451 0.472052 1.1249
1.46009 1.0412 0.844175 0.913714 0.485134 1.11446
1.24867 1.58611 0.781071 0.495483 1.02837 1.01845
0.645533 1.73247 0.968197 0.683271 1.59531 0.974655
1.3868 1.41208 0.820927 1.07339 1.7903 0.919485
1.3893 0.811461 0.945593 1.19575 1.75845 0.905743
0.857112 0.473451 1.20412 0.718429 1.58067 0.960972
0.0 0.0 0.0 0.590425 1.21663 0.964091
0.0 0.0 0.0 0.708957 0.661416 1.08177
0.0 0.0 0.0 1.1269 0.466745 1.11233
end
gesture a11 hands 2
0.819931 0.397847 1.23295 1.10309 0.404197 1.14672
1.40577 0.80596 0.980434 0.773376 0.506141 1.09433
1.40538 1.24314 0.831598 0.482412 1.08869 1.0319
0.636063 1.71318 0.943911 0.9723 1.74074 0.953584
0.626352 1.70132 0.936903 1.22459 1.64623 0.914538
1.44388 0.946226 0.953128 0.790881 1.62496 0.955529
0.798925 0.403179 1.1941 0.564344 0.945246 1.04666
0.818801 0.415204 1.21755 0.796855 0.568021 1.08103
0.0 0.0 0.0 1.12843 0.374406 1.11668
end
gesture a11 hands 2
0.820106 0.444156 1.14724 1.08463 0.443445 1.14187
1.28411 0.653734 1.12265 0.656172 0.708009 1.02666
1.26859 1.44144 0.905618 0.674636 1.44173 0.879084
0.58824 1.73495 0.962507 1.19308 1.78732 0.953885
1.1838 1.595 0.927586 1.20191 1.76133 0.950094
1.4132 1.0269 1.05843 0.734671 1.58177 0.948332
0.88785 0.455007 1.11534 0.549174 0.939777 1.09758
0.825374 0.459756 1.10619 0.632926 0.770906 1.14606
0.0 0.0 0.0 0.942233 0.507552 1.17683
0.0 0.0 0.0 1.10013 0.472606 1.09523
end
gesture a11 hands 2
0.832584 0.460073 1.10408 1.08996 0.474462 1.07989
1.35707 0.828648 1.01979 0.735261 0.582444 1.05054
1.37351 1.30446 0.965405 0.563284 0.87518 0.957503
0.622832 1.73833 0.944324 0.568265 1.3105 0.915807
1.3783 1.35668 0.996947 0.736979 1.58948 0.921477
1.40225 0.927301 1.10188 1.20795 1.78482 0.990477
0.987657 0.49972 1.14645 1.28804 1.78826 0.977868
0.834923 0.469892 1.10879 1.22443 1.63818 0.974365
0.0 0.0 0.0 1.01508 1.76592 0.92068
0.0 0.0 0.0 0.714137 1.60945 0.954745
0.0 0.0 0.0 0.529759 1.34069 1.01218
0.0 0.0 0.0 0.576918 0.848031 1.14092
0.0 0.0 0.0 0.79731 0.601707 1.19035
0.0 0.0 0.0 1.11429 0.474063 1.12575
0.0 0.0 0.0 1.09182 0.478555 1.14263
end
gesture a11 hands 2
0.819795 0.482886 1.15181 1.10935 0.49528 1.12148
1.34533 0.847161 1.04508 0.789842 0.575447 1.07932
1.26528 1.49434 0.965027 0.567333 0.888784 1.01554
0.633783 1.73221 0.901353 0.686057 1.53401 0.92769
1.06977 1.65108 0.867502 0.849947 1.68757 0.918912
1.38816 0.911557 1.03185 1.27312 1.75346 0.937486
0.872598 0.464105 1.13564 0.822606 1.65048 0.894536
0.833554 0.47871 1.14277 0.524299 1.02529 1.06864
0.0 0.0 0.0 0.75674 0.629692 1.16634
0.0 0.0 0.0 1.03786 0.475978 1.16709
0.0 0.0 0.0 1.12455 0.484954 1.10696
end
gesture a11 hands 2
1.01381 0.526787 1.15292 0.908875 0.520962 1.16468
0.999994 0.701179 0.932219 0.914615 0.741381 0.906808
0.875378 1.30213 0.851056 0.902144 1.25239 0.878475
0.972803 1.63821 1.02029 1.05635 1.62176 1.06538
1.1208 1.58486 0.950861 1.18039 1.50156 1.01473
0.896474 1.6176 1.05067 0.792278 1.58062 0.939244
0.754508 1.48834 0.99467 0.943494 1.10609 0.926929
0.85296 1.09484 0.906037 0.0 0.0 0.0
end
gesture a11 hands 2
1.01714 0.375533 1.25811 0.935882 0.374996 1.24218
0.922497 0.713744 0.969775 0.831364 0.612211 1.0072
0.81233 1.27134 1.01937 0.731715 1.21518 0.998402
1.16535 1.37656 0.972661 1.15278 1.37309 1.11003
0.818572 1.39916 1.11109 0.822035 1.44431 1.00205
0.82561 1.27278 1.04579 0.883145 1.34275 1.01051
0.936204 0.548037 1.03923 0.958432 0.522561 1.07035
0.953695 0.479757 1.08478 0.953325 0.470954 1.1182
end
gesture a11 hands 2
0.959988 0.571969 1.14156 0.959272 0.562904 1.13325
0.939227 0.584768 1.14765 0.70497 0.958794 0.941535
0.759872 1.22697 0.944643 0.990954 1.55612 1.02492
1.21144 1.46415 0.885207 1.14369 1.54697 1.01836
0.802082 1.46889 0.99273 0.792962 1.52622 0.895606
0.855136 0.877642 0.931341 0.925153 0.553367 1.25633
0.973685 0.559369 1.20085 0.953528 0.559879 1.14653
0.952203 0.561397 1.15241 0.0 0.0 0.0
end
gesture a11 hands 2
0.827241 0.31332 1.16567 1.13207 0.339161 1.06175
1.05631 0.942289 0.714638 0.965013 1.2487 0.797068
0.694198 1.49199 0.960077 1.17407 1.49375 0.970817
1.16614 1.42946 1.08741 0.813816 1.40044 1.11291
0.714562 1.47126 0.9666 0.781915 1.3594 1.12551
0.7275 1.44652 0.959471 1.26538 1.46018 0.91331
1.2483 1.32711 1.13505 0.905026 1.45332 1.03091
1.00506 0.374023 1.19583 0.579525 0.864699 1.17107
0.0 0.0 0.0 0.959476 0.363373 1.21894
end
gesture a11 hands 2
0.896031 0.288648 1.22174 1.01544 0.342966 1.04607
0.671281 1.4236 0.960217 1.20677 1.4248 0.954201
1.17903 1.38078 1.02439 0.797968 1.36358 1.1166
0.717216 1.42346 0.974261 1.07416 0.288965 1.15476
1.19913 1.35958 1.0213 0.0 0.0 0.0
0.68189 1.41744 0.95736 0.0 0.0 0.0
1.30652 0.562021 1.11628 0.0 0.0 0.0
0.904418 0.286968 1.20639 0.0 0.0 0.0
end
gesture a11 hands 2
0.863612 0.208893 1.22604 1.10865 0.19804 1.18962
0.727705 1.13591 0.858264 1.29747 1.3306 0.924631
1.1863 1.3144 1.0293 0.822042 1.31278 1.0436
0.690139 1.34902 0.935217 1.28088 1.2756 0.90177
1.24895 1.26764 1.0613 0.744691 1.24019 1.14325
0.649871 1.25038 0.921367 0.974433 1.36227 1.04975
1.2574 1.22602 1.11442 0.867929 0.302643 1.17649
0.889411 0.211118 1.22059 0.967638 0.259503 1.05278
end
gesture a11 hands 2
0.788248 0.58794 1.06379 1.14851 0.599009 1.06238
1.28315 0.882226 1.15573 1.02789 0.606278 1.13602
1.29365 1.50413 0.985706 0.959538 0.632978 1.07364
0.84671 1.8217 0.883566 0.72369 0.784237 1.08817
0.587533 1.81767 0.898724 0.568953 1.1739 1.04084
1.1268 1.65565 0.938457 0.624612 1.45422 1.02167
1.29861 0.932254 1.04617 0.782742 1.68341 0.952133
0.855015 0.574665 1.07492 0.903249 1.76668 0.858732
0.0 0.0 0.0 1.07859 1.8433 0.855105
0.0 0.0 0.0 1.2748 1.82156 0.852813
0.0 0.0 0.0 1.35514 1.76078 0.848063
0.0 0.0 0.0 1.32436 1.73429 0.871699
0.0 0.0 0.0 1.26458 1.86834 0.861016
0.0 0.0 0.0 1.00558 1.81539 0.895397
0.0 0.0 0.0 0.821758 1.69319 0.939818
0.0 0.0 0.0 0.614307 1.39842 0.990283
0.0 0.0 0.0 0.585971 1.12138 1.0649
0.0 0.0 0.0 0.719515 0.818748 1.11483
0.0 0.0 0.0 0.880354 0.671441 1.15099
0.0 0.0 0.0 1.08684 0.592298 1.12425
end
gesture a11 hands 2
0.779618 0.409803 1.11765 1.14125 0.422527 1.10385
1.14917 0.545416 1.09964 0.56951 0.917591 1.07993
1.32267 1.28673 1.03303 0.616468 1.28191 1.03067
0.574833 1.65814 0.92064 1.01705 1.67343 0.935725
1.10104 1.49966 0.9699 1.33611 1.66148 0.926416
1.35429 1.03362 1.04972 1.27574 1.55933 0.8984
1.00038 0.473504 1.10871 1.2641 1.71798 0.876784
0.787722 0.413144 1.08324 0.603826 1.27368 1.06839
0.0 0.0 0.0 0.676015 0.710482 1.16775
0.0 0.0 0.0 1.01318 0.432711 1.16199
0.0 0.0 0.0 1.13101 0.418828 1.07432
end
gesture a11 hands 2
0.801715 0.481015 1.10506 1.1444 0.491665 1.07989
1.36212 1.30463 1.09981 0.648589 0.863628 1.08433
0.836781 1.70153 0.915512 0.581717 1.24986 1.08652
0.594423 1.6451 0.923738 0.628767 1.41219 1.08874
1.13525 1.51308 0.968783 1.12072 1.74711 0.889735
1.29362 0.83418 1.04302 1.29966 1.58759 0.915192
0.796478 0.494413 1.13227 0.979938 1.68888 0.936833
0.800112 0.490118 1.1119 0.63093 1.35662 1.04005
0.0 0.0 0.0 0.59073 0.971058 1.11214
0.0 0.0 0.0 1.07812 0.497197 1.13603
0.0 0.0 0.0 1.13874 0.500949 1.0683
end
gesture a11 hands 2
0.818086 0.203403 1.243 1.15541 0.201177 1.12295
1.49192 1.00068 1.12215 0.734943 1.35584 1.05414
0.567408 1.40295 0.952935 1.14303 1.37808 0.991362
1.48691 1.20104 1.09967 0.602984 1.25795 1.14613
0.493346 1.25849 0.915078 1.25075 1.39082 0.926345
1.48949 1.04122 1.10236 0.538602 1.09607 1.24894
0.523739 1.25062 0.896115 1.28785 1.30341 0.843066
0.82379 0.248563 0.9581 1.06373 0.320657 0.835758
end
gesture a11 hands 2
0.820383 0.223902 1.29186 1.12202 0.121082 1.17584
1.38531 1.19334 1.06579 0.599235 0.522576 1.10497
0.780616 1.43058 0.90867 0.530328 1.10473 1.20052
1.48546 0.983118 1.10089 1.41332 1.27009 0.896073
0.51726 1.29724 0.903325 0.554799 1.16897 1.22939
1.48862 0.988543 1.11053 0.537383 1.06548 1.19288
0.647765 1.38709 0.880775 1.37415 1.237 0.866081
0.719216 0.29675 0.986766 1.46282 1.2256 0.827467
0.0 0.0 0.0 0.979136 1.37786 0.93781
0.0 0.0 0.0 0.538565 1.05799 1.27919
0.0 0.0 0.0 0.519305 1.02856 1.24945
0.0 0.0 0.0 0.944458 1.33792 0.906081
0.0 0.0 0.0 1.34832 1.29407 0.85411
0.0 0.0 0.0 1.1664 0.360627 0.857146
end
gesture a11 hands 2
0.811968 0.22317 1.34468 1.1576 0.194627 1.2096
1.49608 0.896229 1.17404 0.487016 0.855778 1.14282
0.544809 1.39472 0.952395 1.32845 1.30111 0.876157
1.54544 0.932426 1.24756 0.538201 1.06791 1.28222
0.479806 1.29166 0.875774 1.25821 1.31679 0.841081
1.533 1.0002 1.19687 1.28961 1.27002 0.865266
0.46805 1.29624 0.923842 0.554731 1.07063 1.35159
0.805219 0.240711 1.06109 1.27772 1.19949 0.804233
0.0 0.0 0.0 1.12945 0.25027 0.960617
end
gesture a11 hands 2
0.77838 0.409108 1.14855 1.14563 0.390571 1.10947
1.29436 1.16868 1.06539 0.9107 0.441803 1.16161
0.806173 1.4972 0.927598 0.628708 0.87382 1.05874
1.13719 1.41352 1.03143 1.15125 1.5246 0.927171
0.695598 1.46886 0.887359 0.839496 1.44081 1.05557
0.85237 1.48532 0.887335 1.21092 1.45854 0.892724
1.20175 0.72739 0.994436 0.73476 1.28605 0.968777
0.839347 0.43593 1.16471 0.697377 0.758712 1.0474
0.0 0.0 0.0 1.0883 0.408106 1.17414
end
gesture a11 hands 2
0.866125 0.363252 1.25785 1.11915 0.35504 1.22818
1.262 1.24443 1.02148 0.595582 0.87164 1.11975
0.751772 1.44291 0.97394 0.70415 1.2284 0.992658
0.803997 1.42327 0.916581 1.22633 1.44236 0.94093
1.18848 1.31474 0.989252 0.783979 1.36692 1.04734
0.738634 1.36921 0.860864 1.15622 1.42911 0.897117
1.00935 1.05519 0.689313 0.789512 1.35373 1.02882
0.900709 0.363033 1.20442 1.15746 1.38763 0.847624
0.0 0.0 0.0 0.896959 1.05133 0.714738
0.0 0.0 0.0 1.10172 0.355525 1.1995
end
gesture a11 hands 2
0.859551 0.321899 1.26247 1.12179 0.318214 1.24077
1.34654 0.968185 1.04266 0.967435 0.334613 1.22329
0.74349 1.394 0.972996 0.709356 0.578477 1.1605
1.21215 1.23127 1.0248 0.646594 0.940789 1.03512
0.687168 1.37212 0.953799 1.00028 1.37938 0.934895
0.971362 1.28977 0.860144 1.25128 1.37978 0.929593
1.25047 0.727822 0.908031 0.744482 1.2554 1.09021
0.883218 0.316227 1.25077 0.768598 1.2738 1.05018
0.0 0.0 0.0 1.2108 1.3578 0.918632
0.0 0.0 0.0 1.15761 1.38207 0.917979
0.0 0.0 0.0 0.84973 1.30057 0.990574
0.0 0.0 0.0 1.09348 1.34451 0.918993
0.0 0.0 0.0 1.11581 1.34884 0.8955
0.0 0.0 0.0 0.725344 1.04772 0.911056
0.0 0.0 0.0 0.812733 0.450043 1.08742
0.0 0.0 0.0 1.14348 0.280629 1.19189
end
gesture a11 hands 2
0.784905 0.447861 1.14308 1.15682 0.457196 1.17053
1.35045 0.910263 1.06011 0.58433 1.12329 1.08423
1.04494 1.50603 0.973331 1.2952 1.52365 0.886835
0.595508 1.51915 1.01105 0.622428 1.3245 1.04164
1.2983 1.33655 1.05841 0.665443 0.7974 1.05959
1.33366 1.0983 0.987548 1.15598 0.447558 1.19729
0.794131 0.412522 1.15097 1.13068 0.436287 1.20697
0.796064 0.408704 1.18329 0.0 0.0 0.0
end
gesture a11 hands 2
0.806818 0.378351 1.18383 1.09841 0.411159 1.22719
1.37657 1.0174 1.01758 0.634523 0.728942 1.12294
0.911667 1.55165 0.970371 0.919509 1.52685 0.961993
0.521121 1.46745 0.991708 1.33059 1.47605 0.882084
0.567293 1.48734 1.01668 1.28826 1.51807 0.89151
1.09611 1.49837 0.99156 0.571742 1.24601 1.10515
1.32634 0.798296 1.00548 0.832484 0.498446 1.15567
0.798678 0.377366 1.17418 1.1389 0.390507 1.17726
end
gesture a11 hands 2
0.819034 0.434584 1.18102 1.11379 0.443225 1.19573
1.37296 0.903722 1.05633 0.552775 1.1021 1.05162
1.2789 1.3505 0.958646 1.29495 1.55319 0.881396
0.690979 1.61346 1.01866 0.96236 1.58685 0.912766
0.535202 1.50181 0.99424 0.535382 1.0795 1.06865
1.24991 1.39223 0.949399 1.05372 0.458835 1.1709
1.33623 0.801074 1.05931 0.0 0.0 0.0
0.897002 0.461678 1.1613 0.0 0.0 0.0
end
gesture a12 hands 2
0.804165 0.705708 0.98015 0.916341 0.949136 1.11644
1.01919 1.00064 1.03091 0.877285 0.937899 1.11401
0.904242 1.41181 1.12915 0.0 0.0 0.0
0.972269 1.48472 1.1567 0.0 0.0 0.0
1.34925 1.5809 1.08026 0.0 0.0 0.0
1.4562 1.39913 1.0169 0.0 0.0 0.0
0.782416 0.752574 1.01784 0.0 0.0 0.0
0.801991 0.741433 0.985198 0.0 0.0 0.0
end
gesture a12 hands 2
0.755938 0.708294 0.988951 0.820067 0.897534 1.0926
1.02987 0.990737 1.06114 1.27517 1.12722 1.0074
1.0107 1.36178 1.18645 0.980931 0.968461 0.928448
1.36957 1.52163 1.12231 0.756661 0.9019 1.14806
1.33946 1.11556 1.02425 0.765789 0.889062 1.06354
1.03778 0.786552 1.03739 0.0 0.0 0.0
0.772121 0.690589 1.02017 0.0 0.0 0.0
0.690209 0.706287 0.956497 0.0 0.0 0.0
end
gesture a12 hands 2
0.615773 0.561672 0.991681 0.778623 0.900667 1.11397
0.961622 0.976308 1.06047 0.797641 0.900275 1.15423
0.875672 1.25306 1.2163 0.986588 0.935643 0.977615
0.901296 1.28227 1.19698 1.07592 1.05512 1.01667
1.29187 1.37014 1.12993 0.855455 0.920023 1.12472
1.3515 1.19155 0.996839 0.0 0.0 0.0
1.02458 0.661842 1.01247 0.0 0.0 0.0
0.81964 0.593853 1.03332 0.0 0.0 0.0
end
gesture a12 hands 2
0.963747 0.889919 1.01752 0.77192 0.473665 1.12503
1.09109 0.876091 1.01803 0.753272 0.510979 1.03625
1.08782 0.940647 1.20055 1.03441 0.812999 0.983745
0.914071 0.942905 1.10021 1.1106 1.06457 1.17532
1.40947 1.27553 0.973166 1.04889 1.25708 1.00897
1.05416 0.930492 1.09151 0.816616 1.12215 1.04893
0.749848 1.0868 0.984338 0.830537 1.09596 1.05756
0.849058 1.0039 1.08337 0.0 0.0 0.0
end
gesture a12 hands 2
0.919648 0.982417 1.06458 0.79929 1.02081 0.983754
1.0091 1.05065 0.92474 0.909552 0.978037 1.12017
0.884174 0.938602 0.84039 0.889133 1.11399 1.05694
1.08359 0.889493 1.0641 1.39262 1.07344 1.05918
1.08737 0.954483 1.02284 1.24759 0.854914 1.10863
1.12402 0.986185 1.28102 1.00722 0.791907 1.03933
1.09124 0.972434 1.05635 0.0 0.0 0.0
1.01206 0.92413 1.11973 0.0 0.0 0.0
end
gesture a12 hands 2
0.910106 0.733295 1.03967 1.19682 1.05225 1.08664
0.922469 0.829406 1.20228 1.14256 1.09356 0.9356
0.984492 1.69647 1.17865 0.924711 1.1011 0.965469
1.04348 1.62109 1.15806 0.785187 0.794 1.04538
1.57889 1.5775 1.03021 0.789955 0.796333 1.01546
1.47179 1.27653 0.895085 1.03697 0.84446 0.890357
0.938329 0.791415 1.04332 1.16225 1.03937 0.991676
0.814287 0.731785 1.06176 1.08192 1.30961 1.13199
0.0 0.0 0.0 1.23021 1.25144 1.11468
0.0 0.0 0.0 1.21549 1.40667 0.992438
0.0 0.0 0.0 0.998215 1.364 1.0372
0.0 0.0 0.0 1.10085 1.09781 0.983157
0.0 0.0 0.0 0.80295 0.765499 1.03562
0.0 0.0 0.0 0.907035 0.76708 1.03482
0.0 0.0 0.0 0.743283 0.706024 1.02907
0.0 0.0 0.0 0.819679 0.680781 1.09154
end
gesture a12 hands 2
0.790957 0.516702 0.919581 0.664309 0.692583 1.23902
1.01807 0.677921 0.784169 1.03606 0.952459 0.9467
1.12108 0.676451 0.981008 1.36996 1.30824 0.932849
1.18198 1.14896 0.928987 1.1467 1.34499 1.16012
1.35884 1.2663 0.96191 1.17841 1.09756 0.992982
0.591075 1.15785 1.64483 1.16292 1.02068 1.03162
0.988948 1.43863 1.42748 0.917023 0.817261 0.960866
0.833769 1.53098 1.2842 0.73497 0.696326 1.1689
0.0 0.0 0.0 0.675685 0.737615 1.19283
end
gesture a12 hands 2
0.747452 1.47728 1.19728 0.613392 0.68487 1.19058
0.881382 1.16738 0.799742 0.881782 0.834907 0.875183
0.798545 0.464043 1.01032 1.29953 1.30676 0.867428
0.785752 0.487318 1.10692 1.16992 1.35909 0.978408
1.61762 1.2066 1.01109 1.45425 1.412 0.971356
1.11963 1.10528 1.15031 1.42186 1.34949 0.983165
1.16257 1.08105 0.94922 1.13534 1.01404 0.912328
0.762228 0.414607 0.963605 0.609987 0.65924 1.15419
end
gesture a12 hands 2
0.811589 0.478369 0.852591 0.64599 0.61737 1.18502
0.875752 0.541045 0.932999 0.678808 0.629724 1.11802
0.84937 0.709635 0.82418 0.68895 0.620269 1.0102
1.29853 1.22287 1.01579 0.902824 0.785535 0.87096
1.49968 1.31214 0.905836 1.44687 1.4039 0.899135
0.939011 1.18557 1.31557 1.44094 1.48145 0.94049
0.889122 1.49702 1.23855 1.31047 1.43772 0.97137
0.900806 1.31574 1.3209 1.49828 1.38606 0.938717
0.0 0.0 0.0 1.03095 0.90286 0.886048
0.0 0.0 0.0 0.88151 0.775726 0.892708
0.0 0.0 0.0 0.610704 0.734161 1.13974
0.0 0.0 0.0 0.587666 0.791634 1.21204
0.0 0.0 0.0 0.645229 0.659427 1.1541
end
gesture a12 hands 2
0.882864 0.473251 0.774477 0.84631 0.976709 1.19805
0.791316 0.441922 0.928747 1.06846 1.07546 0.958159
0.886248 1.3004 0.802536 1.11154 1.07926 0.960896
1.28199 1.35454 0.791844 1.01159 1.00227 0.940873
1.00673 1.53557 1.15481 0.921251 0.943053 1.12371
0.972218 1.27483 1.39511 1.03008 0.958707 1.03462
1.25037 0.910189 0.922481 0.897141 0.937486 1.12611
0.820178 0.491206 0.788486 0.962721 0.960358 0.990687
0.0 0.0 0.0 0.86558 0.97958 1.04326
end
gesture a12 hands 2
0.916222 0.649046 0.996083 0.790017 0.939765 1.18384
0.686735 0.614394 1.22079 0.923271 0.974136 1.01157
0.698426 0.599948 1.18443 0.0 0.0 0.0
0.794074 0.610579 1.18009 0.0 0.0 0.0
1.05545 1.55442 0.992563 0.0 0.0 0.0
1.32061 1.60589 1.01327 0.0 0.0 0.0
1.21269 1.60146 0.957567 0.0 0.0 0.0
1.11768 1.36113 1.0404 0.0 0.0 0.0
end
gesture a12 hands 2
0.878563 0.621114 0.976474 0.789569 0.96088 1.15076
0.788792 0.66201 1.21615 0.808905 0.950242 1.15014
1.04901 1.62337 1.01218 0.0 0.0 0.0
1.2833 1.60707 1.00585 0.0 0.0 0.0
1.03985 1.35948 1.04243 0.0 0.0 0.0
1.088 1.36289 0.967321 0.0 0.0 0.0
0.895537 0.616397 1.06996 0.0 0.0 0.0
0.847809 0.605198 0.972681 0.0 0.0 0.0
end
gesture a12 hands 2
0.791195 0.578614 1.13121 0.902768 0.895619 1.08715
0.788492 0.995876 1.00311 0.912754 0.921586 1.07962
0.807755 1.07973 0.999036 0.930486 0.960153 1.0352
1.23127 1.36263 1.07267 0.0 0.0 0.0
1.2422 1.37398 1.04613 0.0 0.0 0.0
1.03331 1.22283 1.07175 0.0 0.0 0.0
0.838733 0.593623 1.15889 0.0 0.0 0.0
0.833578 0.589128 1.18871 0.0 0.0 0.0
end
gesture a12 hands 2
0.8052 0.611609 1.17772 0.923189 0.909389 1.09232
0.822281 1.09467 0.991351 0.917222 0.970979 1.02394
1.13207 1.38341 1.02607 0.916948 0.924338 1.09812
1.24849 1.38703 1.00809 0.911038 0.923566 1.09369
1.10116 1.27898 1.02284 0.97791 0.954458 1.07893
0.916883 0.882428 0.99889 0.917579 0.959453 1.03309
0.828706 0.615501 1.16834 0.9193 0.92271 1.07027
0.829246 0.599572 1.15546 0.0 0.0 0.0
end
gesture a12 hands 2
0.829411 0.630688 1.18922 0.921824 0.888623 1.10493
0.824394 0.626719 1.18066 0.895985 0.908685 1.08747
0.798999 0.761595 1.02043 0.933396 0.917695 1.12711
0.769918 0.906726 1.00007 0.90566 0.940715 1.03519
1.22879 1.4196 1.02601 0.89333 0.913231 1.10984
1.17245 1.44291 0.968626 0.858625 0.927725 1.10103
0.851497 0.771669 1.04158 0.945771 0.946058 1.0627
0.859168 0.63642 1.2374 0.913146 0.902049 1.0927
end
gesture a12 hands 2
0.785846 0.561352 0.981684 0.605162 0.698448 1.04767
0.715565 1.19881 1.03158 1.4899 1.3788 1.03103
1.2179 1.33831 1.04582 1.09676 1.0999 0.994105
1.28851 1.36725 1.04632 1.32008 1.37271 0.914104
0.96371 1.05402 0.894563 1.35063 1.16621 0.913464
1.00509 1.04171 1.19391 0.851174 0.808749 0.877888
1.35437 1.27528 1.06827 0.707057 0.682467 1.1229
0.784056 0.563077 0.976116 0.0 0.0 0.0
end
gesture a12 hands 2
0.806122 0.649551 0.974863 0.655326 0.689595 1.08799
1.332 1.37604 0.982963 0.710082 0.693285 1.17413
0.932793 0.915921 1.23098 0.0 0.0 0.0
1.07282 0.879339 0.91895 0.0 0.0 0.0
0.874179 0.928011 1.2606 0.0 0.0 0.0
1.16263 1.36612 0.99691 0.0 0.0 0.0
0.884005 1.07836 1.36886 0.0 0.0 0.0
0.813467 0.670858 0.960146 0.0 0.0 0.0
end
gesture a12 hands 2
0.783757 0.710086 1.00777 0.765977 0.744774 1.17944
0.897682 0.932811 0.958468 1.56176 1.44459 1.01715
1.33116 1.41745 1.00661 0.823917 0.976705 0.811008
1.25865 1.34959 0.925611 0.760831 0.759204 1.01042
0.912851 1.00531 1.31524 0.0 0.0 0.0
1.27808 1.37867 1.03042 0.0 0.0 0.0
1.41804 1.42276 1.06897 0.0 0.0 0.0
0.733517 0.684872 1.03009 0.0 0.0 0.0
end
gesture a12 hands 2
0.827333 0.69253 1.07004 0.957109 0.939586 1.07105
0.842726 0.815553 1.00364 0.972908 0.978979 1.00115
0.911003 1.22008 0.974244 0.958956 1.02716 1.04434
0.912454 1.27943 1.04621 0.964284 0.969711 1.06077
1.33572 1.48583 1.04392 0.0 0.0 0.0
1.10178 1.26908 0.974516 0.0 0.0 0.0
0.898373 0.907766 0.969775 0.0 0.0 0.0
0.872107 0.749866 1.12259 0.0 0.0 0.0
end
gesture a12 hands 2
0.851851 0.666161 1.0993 0.966692 0.952468 1.04284
0.874486 0.994403 0.954055 0.955545 0.936021 1.07075
0.919265 1.24681 1.03945 0.0 0.0 0.0
1.19007 1.39677 0.978086 0.0 0.0 0.0
1.33729 1.41986 0.975838 0.0 0.0 0.0
1.08096 1.18934 0.947543 0.0 0.0 0.0
0.864388 0.857067 0.922697 0.0 0.0 0.0
0.816524 0.636503 1.11231 0.0 0.0 0.0
end
gesture a12 hands 2
0.847383 0.706877 1.1185 0.957583 0.949896 1.06499
0.911493 1.04346 0.878873 0.983057 1.01609 0.988991
0.991676 1.39905 1.03578 0.949254 0.976291 1.03917
1.35379 1.58132 1.02163 0.0 0.0 0.0
1.38599 1.54848 1.05033 0.0 0.0 0.0
1.24633 1.3541 0.887499 0.0 0.0 0.0
0.967219 0.835166 0.959524 0.0 0.0 0.0
0.851608 0.742155 1.04184 0.0 0.0 0.0
end
gesture a12 hands 2
0.767743 0.692898 0.939571 0.632387 0.578979 1.03401
1.02292 1.06735 0.833743 0.85691 1.13373 0.954345
0.838235 0.829283 1.27333 0.933445 1.19278 0.942056
1.2937 1.5449 0.974644 1.49962 1.32401 1.09349
0.992819 0.946109 1.29845 0.984561 1.02901 0.972574
1.14529 0.989299 1.06338 0.989554 1.21222 0.962592
1.4315 1.45226 0.96979 1.50553 1.367 1.05102
0.729636 0.752051 1.00315 1.24934 1.18803 1.18754
0.0 0.0 0.0 0.613359 0.584699 1.026
0.0 0.0 0.0 0.581299 0.613414 1.13125
end
gesture a12 hands 2
0.7277 0.780525 0.969207 0.555443 0.613407 1.16404
0.727828 0.724024 1.13603 0.553944 0.625185 1.17025
1.36364 1.57526 1.01762 0.0 0.0 0.0
1.09301 1.04079 1.32805 0.0 0.0 0.0
1.1946 1.06335 1.22778 0.0 0.0 0.0
1.35425 1.54858 0.957545 0.0 0.0 0.0
1.53752 1.44089 0.93311 0.0 0.0 0.0
0.714541 0.770994 0.960497 0.0 0.0 0.0
end
gesture a12 hands 2
0.588199 0.695239 0.961802 0.508693 0.59692 1.14824
1.28809 1.45817 1.07178 0.483891 0.553604 1.15066
1.17904 1.02041 1.28421 0.0 0.0 0.0
1.44871 1.38857 1.05283 0.0 0.0 0.0
1.14849 0.92986 1.11557 0.0 0.0 0.0
1.4703 1.34007 0.994386 0.0 0.0 0.0
0.606575 0.678972 1.02003 0.0 0.0 0.0
0.59186 0.697524 0.924026 0.0 0.0 0.0
end
gesture a12 hands 2
0.825207 0.593549 1.04859 0.918055 0.928449 1.13265
0.913516 1.02766 0.977621 0.9212 0.949335 1.08644
0.872512 1.21954 1.07139 0.0 0.0 0.0
1.30761 1.33063 1.16734 0.0 0.0 0.0
1.29909 1.32731 1.07126 0.0 0.0 0.0
1.0096 1.21877 1.05658 0.0 0.0 0.0
0.93693 1.01848 0.974727 0.0 0.0 0.0
0.81876 0.583346 1.19156 0.0 0.0 0.0
end
gesture a12 hands 2
0.778847 0.594236 1.16493 0.918079 0.945916 1.06714
0.896785 1.01608 0.973498 0.939691 0.964492 1.03359
0.873695 1.2379 1.06754 0.0 0.0 0.0
1.16962 1.36059 1.0104 0.0 0.0 0.0
1.32105 1.34444 1.03612 0.0 0.0 0.0
1.00711 0.838859 0.983347 0.0 0.0 0.0
0.829281 0.631326 1.12385 0.0 0.0 0.0
0.79681 0.616324 1.15868 0.0 0.0 0.0
end
gesture a12 hands 2
0.751224 0.533066 1.18225 0.926584 0.953926 1.06243
0.88546 0.943937 0.981132 0.946719 0.939576 1.10785
0.771342 1.17501 1.11544 0.0 0.0 0.0
0.784518 1.19095 1.1343 0.0 0.0 0.0
1.13958 1.30657 1.04502 0.0 0.0 0.0
1.28255 1.13878 0.998343 0.0 0.0 0.0
1.0553 0.688528 1.04053 0.0 0.0 0.0
0.831052 0.528091 1.12367 0.0 0.0 0.0
end
gesture a12 hands 2
0.685859 0.537352 0.975358 0.549705 0.587687 1.21169
1.09863 1.24732 1.10801 1.36006 1.31336 1.02098
1.2573 1.2553 1.1316 0.79509 0.62976 1.0611
1.07232 1.22762 1.14232 0.0 0.0 0.0
1.26509 1.29478 1.15981 0.0 0.0 0.0
0.94147 1.11038 1.03938 0.0 0.0 0.0
0.885449 0.630597 1.05411 0.0 0.0 0.0
0.794147 0.578552 1.08382 0.0 0.0 0.0
end
gesture a12 hands 2
0.686114 0.588339 1.01052 0.514181 0.542643 1.28156
0.951026 0.744016 1.14139 0.639921 0.654854 1.05221
0.8568 0.767281 1.29236 0.93267 1.00862 0.994671
1.22039 1.33399 1.00882 1.17515 1.18744 1.02982
0.913405 1.23296 1.07146 1.29517 1.20211 1.02059
1.25566 1.36778 1.09524 1.11914 1.12066 1.09412
0.864321 0.636202 0.944823 1.04201 1.12144 1.01675
0.752276 0.573704 0.998188 1.33786 1.19869 0.998942
0.0 0.0 0.0 1.25469 1.2016 1.13744
0.0 0.0 0.0 0.965877 1.06052 1.02508
0.0 0.0 0.0 0.75544 0.784598 0.918809
0.0 0.0 0.0 0.561552 0.541183 1.13032
end
gesture a12 hands 2
0.702185 0.593128 0.975028 0.559802 0.546185 1.23571
0.87343 0.93342 1.3476 0.672945 0.679042 1.01447
0.901801 0.811852 1.15187 1.04855 1.16548 0.985326
1.24346 1.33217 1.06872 1.36653 1.26935 1.0074
1.00234 1.17282 1.14914 1.23694 1.21875 1.12825
1.289 1.30805 1.01431 1.07363 1.18373 1.00515
0.959571 0.679092 0.91384 1.36576 1.27067 0.968877
0.723321 0.581858 1.01083 1.37967 1.24427 1.00463
0.0 0.0 0.0 1.20239 1.13413 1.03
0.0 0.0 0.0 0.759661 0.79422 0.904032
0.0 0.0 0.0 0.522379 0.549862 1.28648
end
gesture a13 hands 2
1.01051 1.17601 1.05921 0.987381 1.08734 1.0694
1.04942 0.477425 0.834805 0.949421 1.04764 1.13201
0.996566 0.329098 0.7391 0.972726 0.773216 1.05919
1.00364 0.45016 1.27662 0.97131 0.686301 1.06826
0.731131 0.474096 1.21357 0.949203 0.735603 1.00306
0.784022 0.441885 1.23553 0.947196 0.585359 1.00606
0.976326 1.16912 0.944586 1.00995 0.619542 0.950735
0.987354 1.17781 1.0731 0.942851 0.844021 0.904247
0.0 0.0 0.0 1.03044 0.807348 1.0537
0.0 0.0 0.0 0.956501 0.909427 0.952654
0.0 0.0 0.0 0.962506 1.02587 0.942647
0.0 0.0 0.0 0.982754 0.800122 1.01886
0.0 0.0 0.0 0.946173 1.09672 0.902498
0.0 0.0 0.0 0.949765 1.11691 0.90641
0.0 0.0 0.0 0.968267 1.07106 1.10371
end
gesture a13 hands 2
1.15228 1.13693 1.07902 0.828912 1.07429 1.03379
1.1376 0.628455 0.993499 0.840604 0.501205 1.03562
1.08998 0.88027 0.658787 0.875558 0.762711 1.09491
0.798925 0.475153 1.19258 0.733288 1.19856 0.952259
0.797333 1.17923 1.09412 1.23974 1.05668 1.09255
0.75805 0.42545 1.1931 0.0 0.0 0.0
0.701311 1.12264 1.00022 0.0 0.0 0.0
0.728641 1.14425 1.02703 0.0 0.0 0.0
end
gesture a13 hands 2
0.686222 1.07514 1.04885 1.17375 1.00186 1.07777
0.715247 1.04567 0.952588 1.14937 0.585616 1.08589
0.751407 0.652159 1.01591 1.11608 0.621741 1.07105
0.948185 0.636972 1.24713 1.05402 1.33206 0.954556
1.05408 0.598147 1.00302 1.04741 1.26213 0.760188
1.06871 1.23582 0.934488 1.02008 1.35365 0.703034
1.18363 0.98774 1.00549 1.00585 1.35112 0.914742
1.07486 1.09166 1.09592 0.790546 0.869676 1.00092
0.0 0.0 0.0 0.737154 1.04174 1.02807
0.0 0.0 0.0 0.726292 1.02876 1.08242
end
gesture a13 hands 2
0.980105 1.07031 1.08914 0.996403 1.09134 1.08434
1.0743 1.04779 0.958505 0.889646 1.10288 1.0048
1.01909 0.833189 0.920568 0.877126 0.860342 0.930251
0.975606 0.875856 0.884181 0.989584 0.515555 0.884805
0.966185 0.538037 0.944005 1.01503 0.575754 1.07805
0.876746 0.566774 1.11951 0.990644 0.526351 1.01975
0.968101 1.12075 1.13591 0.999188 0.666728 1.18423
0.975473 1.10899 1.08343 0.92023 0.909737 1.10477
0.0 0.0 0.0 1.0108 1.12863 1.11424
0.0 0.0 0.0 0.99005 1.12044 1.09853
end
gesture a13 hands 2
1.04443 1.75753 1.02645 0.999936 1.07532 0.987365
0.991391 1.77961 0.929715 1.04489 0.673154 1.14542
1.03187 0.980414 0.894294 1.0067 0.692794 1.15434
0.989673 0.624792 1.07951 0.941026 1.02041 1.05858
0.870662 0.390672 1.14699 1.1012 1.25256 0.561609
0.929226 0.423426 1.1052 1.06947 1.3421 0.592045
0.981444 0.943744 1.00474 0.965296 1.03814 1.06628
0.995983 0.963973 0.974426 0.9636 1.0549 1.06735
end
gesture a13 hands 2
1.01657 1.16142 0.957312 0.999139 1.04801 0.998494
1.03556 0.82271 1.13641 1.01382 0.992219 1.00451
0.70078 0.753702 1.0751 0.941934 1.01988 0.995703
0.870694 0.531345 1.07299 0.982 1.03338 1.03686
0.711375 0.601916 1.01988 0.963 0.796752 1.08265
0.921817 0.548351 1.05344 1.04576 0.780213 1.07774
1.01725 1.13049 1.0073 0.990229 0.764112 1.06307
0.99733 1.14587 0.990465 0.934755 0.984413 1.02358
0.0 0.0 0.0 0.992654 0.973027 0.9982
0.0 0.0 0.0 0.99884 1.06363 0.958519
0.0 0.0 0.0 0.96898 1.08201 1.03917
0.0 0.0 0.0 0.975264 0.923763 1.07335
0.0 0.0 0.0 0.968494 1.05233 0.995878
0.0 0.0 0.0 0.944528 1.05199 1.05357
0.0 0.0 0.0 0.963669 1.04312 1.00211
end
gesture a13 hands 2
0.965397 1.14023 0.997522 0.959623 1.0658 1.05791
0.989747 0.695214 1.15855 0.919436 1.07955 1.02633
0.925547 0.767385 1.10859 0.933725 1.07502 0.987332
0.871692 0.669788 1.09723 0.943675 0.979259 1.0127
0.840801 0.60692 1.03397 0.920857 0.801246 1.04705
1.02172 0.91746 1.12657 0.927742 0.754492 1.11303
1.01651 1.17249 0.883252 0.940436 0.878697 1.11687
0.966287 1.1217 0.995518 0.981531 0.770416 1.21413
0.0 0.0 0.0 1.06398 0.732805 1.08745
0.0 0.0 0.0 1.06577 0.739905 1.06331
0.0 0.0 0.0 1.02284 0.844743 1.11798
0.0 0.0 0.0 1.06851 0.744219 1.0813
0.0 0.0 0.0 1.05856 0.834132 1.08362
0.0 0.0 0.0 1.00181 1.02985 1.0742
0.0 0.0 0.0 0.995728 0.972795 1.07343
0.0 0.0 0.0 0.888353 0.885036 1.18918
0.0 0.0 0.0 0.994429 0.899925 1.06423
0.0 0.0 0.0 0.977417 1.0596 0.917207
0.0 0.0 0.0 0.961948 1.13597 0.936918
0.0 0.0 0.0 0.956785 1.08452 1.03253
end
gesture a13 hands 2
1.02446 1.08518 1.0987 0.904854 1.09541 1.09157
0.979798 1.10256 1.05205 0.941367 1.11439 1.02269
0.965042 0.980428 0.982908 0.919046 1.10013 1.06145
0.944462 0.675997 0.961199 0.947772 1.02342 1.00159
0.934154 0.608447 0.996314 1.0061 0.873415 0.948418
0.890895 0.795815 0.959592 1.06649 0.617053 0.952981
0.913177 0.972571 0.971115 1.07582 0.525194 1.01733
1.02038 1.10167 1.07577 1.04685 0.813172 0.989282
0.0 0.0 0.0 0.98414 0.979844 1.03497
0.0 0.0 0.0 0.976481 1.02519 1.12152
0.0 0.0 0.0 0.938994 1.12932 1.05852
0.0 0.0 0.0 0.950939 1.12434 1.06196
end
gesture a13 hands 2
1.01445 1.11635 1.07624 0.945355 1.13228 1.07203
0.978031 1.07641 0.973406 0.934313 1.10206 1.01428
0.922882 0.712012 0.981976 0.989931 0.987236 0.909457
0.908509 0.672961 1.18745 1.03093 0.869222 0.902259
0.951192 0.658206 1.03132 1.04772 0.661896 0.977993
0.940325 0.643781 1.01793 1.02902 0.510942 1.09786
0.959564 0.952329 0.972904 1.0306 0.561063 1.09949
0.995026 1.12412 1.04147 1.01794 0.712385 0.997607
0.0 0.0 0.0 0.997715 0.879404 1.03989
0.0 0.0 0.0 0.965089 0.963407 1.0434
0.0 0.0 0.0 0.999472 1.06893 1.09749
0.0 0.0 0.0 0.923292 1.05193 1.0809
0.0 0.0 0.0 0.944447 1.07691 1.06802
0.0 0.0 0.0 0.910007 1.11192 1.06894
0.0 0.0 0.0 0.918742 1.14058 1.03547
end
gesture a13 hands 2
0.997027 1.12563 1.08605 0.915994 1.13594 1.08052
0.977756 0.996495 0.937859 0.982795 0.96293 0.900663
0.936575 0.77897 0.949946 1.01063 0.902126 0.902982
0.941849 0.636032 1.02247 1.05298 0.609065 1.0098
0.960672 0.705417 1.02993 1.03819 0.599977 1.03108
0.939988 0.778875 1.00424 1.00817 0.857614 1.05097
0.961447 1.06841 1.10813 0.941518 1.09486 1.13261
0.985952 1.12742 1.05852 0.909557 1.13418 1.06994
end
gesture a13 hands 2
0.989681 0.974019 1.07829 0.909243 0.972523 1.07658
0.93422 0.961041 1.03774 0.947188 0.969347 1.09816
0.935463 0.869958 1.11085 0.960227 0.848758 1.05771
0.933098 0.892438 1.06148 0.959777 0.888251 1.0604
0.95186 0.976735 0.994605 0.92828 0.966297 0.978223
0.967057 0.959422 1.11309 0.905956 0.968909 1.11177
0.985314 0.971743 1.03659 0.926542 0.970761 1.06455
0.973015 0.96663 1.06268 0.0 0.0 0.0
end
gesture a13 hands 2
1.06288 1.05592 1.18984 0.866417 1.04938 1.14648
0.99061 1.03056 1.05829 0.87324 1.03209 1.17398
0.934139 0.979824 1.03757 0.883949 1.02681 1.11411
0.885552 0.79653 1.01075 0.936271 1.01055 1.03396
0.861123 0.808996 1.02586 0.97135 0.966675 1.05246
0.911938 0.886199 0.966367 0.978199 0.952426 1.00671
1.00088 1.04985 1.01937 1.01291 0.927073 1.03035
1.07818 1.07562 1.10153 0.987286 0.837746 1.02853
0.0 0.0 0.0 0.995268 0.832454 0.965597
0.0 0.0 0.0 1.0126 0.89264 0.96243
0.0 0.0 0.0 0.966012 1.00867 1.02107
0.0 0.0 0.0 0.885648 1.05435 1.05609
0.0 0.0 0.0 0.832351 1.05035 1.11199
end
gesture a13 hands 2
1.05521 1.08333 1.14324 0.894692 1.0801 1.10655
0.91417 0.949771 0.95807 0.941465 1.01353 1.02258
0.891847 0.87957 0.939169 0.964027 0.982956 1.01848
0.858494 0.707484 0.94387 0.996218 0.895055 0.937725
0.87253 0.815386 0.898865 1.04268 0.731614 0.934354
0.955158 0.926886 0.992591 1.05639 0.723865 0.923274
1.04925 1.07635 1.1363 1.06667 0.772392 0.894686
1.06747 1.09562 1.0738 1.04421 0.854357 0.930036
0.0 0.0 0.0 0.950756 0.963582 1.06926
0.0 0.0 0.0 0.934179 1.00023 1.08534
0.0 0.0 0.0 0.90161 1.05382 1.15752
0.0 0.0 0.0 0.872755 1.088 1.17452
0.0 0.0 0.0 0.890361 1.06501 1.12111
0.0 0.0 0.0 0.896472 1.08688 1.15743
0.0 0.0 0.0 0.896975 1.07314 1.10348
0.0 0.0 0.0 0.935818 1.08724 1.12669
end
gesture a13 hands 2
0.988362 1.0877 0.97888 0.930782 0.972094 1.0448
0.905091 0.819513 1.17932 1.0765 0.876414 1.19502
0.904218 0.794372 1.14447 1.04788 0.834336 1.19487
0.940745 0.662502 1.2329 0.927056 1.14954 0.942389
0.930794 0.6516 1.17333 0.936179 1.17626 0.941364
0.930091 0.658435 1.17356 0.974979 0.891009 1.10647
0.954571 1.08751 0.948267 0.991383 0.877741 1.09211
0.985971 1.06219 0.988911 0.92723 0.937864 1.02143
end
gesture a13 hands 2
0.976442 1.06533 1.01716 0.90279 0.932407 1.05369
0.982188 0.992026 1.01104 1.02222 0.614142 1.1511
0.967228 0.690981 1.18195 1.00766 0.661762 1.17112
1.06467 0.837872 0.880588 0.941082 1.00986 1.02235
0.796455 0.879602 1.2613 0.868264 1.30123 0.87981
0.636889 0.88824 1.25685 1.11716 1.45644 0.72301
0.995961 1.06532 1.07823 1.13292 1.59395 0.72443
0.978068 1.07985 1.00824 0.989673 0.905335 1.09903
0.0 0.0 0.0 0.876411 0.929071 1.07394
end
gesture a13 hands 2
0.956972 1.02162 1.02554 0.922928 0.994827 1.08547
0.951031 0.749187 1.05399 0.981676 0.914505 1.06537
0.955913 0.734737 1.12261 1.01768 0.690675 1.16262
0.898511 0.725452 0.8305 1.0042 0.724099 1.14523
1.08498 0.886961 0.932849 1.02856 0.927396 1.16208
0.999735 1.05168 1.0443 0.963204 0.95684 1.03087
0.984825 0.906041 1.11833 0.971114 1.22224 0.905529
0.955658 1.01026 1.00543 0.990276 1.17912 1.00717
0.0 0.0 0.0 0.741623 1.33874 0.955895
0.0 0.0 0.0 0.984509 0.858799 1.093
0.0 0.0 0.0 0.940411 0.987332 0.989689
end
gesture a13 hands 2
1.05924 1.18232 0.982027 0.82106 1.03899 1.09108
1.06989 0.549717 0.937694 0.993454 0.617654 1.09359
0.840865 0.543272 1.164 0.858474 0.872826 0.98076
1.09414 0.936959 0.94248 0.825541 0.856266 0.901444
0.773174 0.887917 1.11493 1.21908 1.18104 1.16084
1.24745 1.09921 1.16981 1.14839 1.22095 0.839008
0.711505 1.32196 1.00671 0.817363 1.10001 0.898054
1.1066 1.16521 0.95802 0.854839 1.28199 0.871432
0.0 0.0 0.0 1.2687 1.15195 0.998614
0.0 0.0 0.0 1.23718 1.04539 1.05714
0.0 0.0 0.0 0.763767 0.971497 0.976303
0.0 0.0 0.0 0.869401 1.03669 1.02678
end
gesture a13 hands 2
0.922073 1.16524 1.02588 0.957154 1.1637 1.0559
0.935324 0.659951 0.916608 0.982815 1.17751 1.02646
1.20054 0.874847 0.873192 0.972813 1.17622 1.08748
1.21018 0.833152 0.851744 0.966646 1.18326 1.02553
0.993782 0.782459 0.781313 0.995577 1.09042 0.969335
0.971942 0.958063 1.3002 0.998906 1.00262 0.933245
0.98337 1.08045 1.34435 0.982409 0.645575 0.897834
0.975727 1.17126 1.11287 1.00039 0.640713 0.923834
0.0 0.0 0.0 1.02309 0.501636 0.937124
0.0 0.0 0.0 0.998942 0.607882 0.918111
0.0 0.0 0.0 1.00229 0.581163 0.91887
0.0 0.0 0.0 1.01208 0.669611 0.956816
0.0 0.0 0.0 0.988575 0.884767 1.02189
0.0 0.0 0.0 0.973287 0.888169 1.07967
0.0 0.0 0.0 0.945991 1.03713 1.10053
0.0 0.0 0.0 0.919098 0.967435 1.25969
0.0 0.0 0.0 0.938106 1.08971 1.25783
0.0 0.0 0.0 0.959273 1.15188 1.13492
0.0 0.0 0.0 0.955321 1.1672 1.13122
0.0 0.0 0.0 0.98058 1.21735 1.01313
0.0 0.0 0.0 0.961317 1.2126 1.04664
end
gesture a13 hands 2
0.987452 1.07602 1.08262 0.917094 1.0238 1.08592
1.01371 0.988135 1.009 1.00814 0.867749 0.924178
0.952855 0.749211 0.910083 0.974722 0.710765 0.948641
0.936307 0.671279 0.93641 0.9813 1.1711 1.08792
0.7557 0.472069 0.993637 1.17926 1.22028 1.04145
0.716463 0.497434 1.01528 1.00208 0.815463 1.01737
0.981769 0.920836 1.02305 0.917259 1.03294 1.03376
0.974453 1.09185 1.10561 0.0 0.0 0.0
end
gesture a13 hands 2
0.99234 1.14374 1.06892 0.927454 1.05121 1.10382
0.934174 0.610027 0.902794 0.923591 1.03551 1.10757
0.969197 0.674228 0.935119 0.969522 0.982578 1.00228
0.896814 0.915501 1.22846 1.00382 0.717122 0.925167
0.822887 1.11732 1.24162 0.994444 0.809805 0.94387
0.977822 0.824159 1.0805 0.95345 0.851787 0.983909
0.995908 1.10703 1.08393 0.948238 0.989513 0.975902
1.00753 1.12709 1.06865 0.788399 1.14331 1.01665
0.0 0.0 0.0 1.02319 0.767253 0.999391
0.0 0.0 0.0 1.01246 0.918091 1.13141
0.0 0.0 0.0 0.975664 1.03686 1.09461
0.0 0.0 0.0 0.944178 1.03967 1.12054
end
gesture a15 hands 2
0.996703 0.920909 1.03304 1.04375 0.966964 1.0847
0.913087 0.953356 1.08354 0.910177 0.945342 1.07866
1.0405 1.06673 1.17643 0.826109 0.985134 1.03982
1.04436 1.07006 1.18195 0.772529 0.975089 1.04092
0.997303 1.00227 1.10442 0.921097 0.966262 0.976181
0.934726 0.971439 1.07529 1.048 0.949993 1.0387
0.977746 0.933147 0.945476 1.03126 0.966158 1.08138
0.961703 0.930547 0.974066 0.0 0.0 0.0
end
gesture a15 hands 2
0.948947 0.958925 1.02848 1.00561 0.98008 1.09498
0.91588 0.940919 1.09281 1.01708 0.964323 1.06821
1.05852 1.07959 1.26948 1.06396 0.970452 0.984605
1.03767 1.13273 1.32629 0.0 0.0 0.0
1.02889 1.05387 1.00392 0.0 0.0 0.0
0.979789 0.961598 1.16368 0.0 0.0 0.0
0.999783 0.957768 0.926689 0.0 0.0 0.0
1.00067 0.946239 0.976347 0.0 0.0 0.0
end
gesture a15 hands 2
0.869435 0.87674 0.980579 1.01967 0.961425 1.06448
0.872504 0.885981 1.02706 0.839622 0.966984 1.01649
1.17037 1.05965 1.01371 0.810437 1.0185 0.970352
1.32108 1.43153 1.07895 1.01994 0.937624 0.95183
1.32644 1.50176 1.09448 1.06096 0.939225 1.01767
0.990637 0.933017 1.11159 1.15201 0.995789 1.02301
0.954343 0.879545 0.980666 1.06173 0.982931 0.939045
0.825034 0.885019 1.05148 1.07871 0.975543 1.02985
0.0 0.0 0.0 1.01531 0.96561 1.05913
0.0 0.0 0.0 0.856663 0.959307 1.06843
end
gesture a15 hands 2
1.05766 0.895815 1.13403 0.979749 0.956037 1.10144
0.996666 0.943325 1.05688 1.01671 0.937558 1.05973
0.930979 0.94918 1.12007 0.822473 0.947405 1.13221
0.889629 0.973799 1.06635 1.00516 0.947911 1.11979
0.867418 1.00455 0.971425 0.0 0.0 0.0
0.892901 0.972297 1.05701 0.0 0.0 0.0
0.847208 1.00309 1.03993 0.0 0.0 0.0
1.10148 0.885644 1.12326 0.0 0.0 0.0
end
gesture a15 hands 2
1.07781 0.948645 1.05149 1.05826 0.976287 1.07286
1.03169 0.935471 1.11879 0.983779 0.959603 1.02523
1.01904 0.945697 1.05303 1.01399 0.982125 1.09837
0.996341 0.96236 1.10964 1.02325 0.964242 1.06504
0.913118 0.992126 0.944814 0.91317 0.94359 1.00614
0.885434 1.02899 0.94939 0.88374 0.991266 1.00047
1.02678 0.940945 1.1141 0.819393 0.950486 1.05246
1.03186 0.922789 1.1065 1.02032 0.975608 1.01086
0.0 0.0 0.0 0.963392 0.977141 1.13545
0.0 0.0 0.0 0.915118 0.94434 1.08783
0.0 0.0 0.0 0.967399 0.961115 1.03237
end
gesture a15 hands 2
1.03689 0.896549 1.06544 1.09328 0.968837 1.03822
1.03843 0.869485 1.09063 0.713233 0.993346 1.22967
0.913433 1.07859 0.990522 0.869673 1.0092 0.826776
0.909926 1.15509 1.04559 0.792678 1.00699 1.06962
0.82807 1.08016 0.991014 1.11752 0.955856 1.03168
0.829534 1.03907 0.980348 1.17834 0.966967 0.995943
1.14859 0.916317 0.996087 0.0 0.0 0.0
1.10768 0.895153 1.06176 0.0 0.0 0.0
end
gesture a15 hands 2
1.09836 0.875281 1.07378 1.07552 0.984099 1.01602
1.06933 0.873762 1.08433 1.08783 0.938784 1.0823
0.88198 1.1618 0.961012 0.904869 1.02221 0.770219
0.908413 1.08886 0.996997 0.766285 1.02958 0.855541
0.853185 1.15587 0.966063 0.679527 1.06143 1.35355
0.938594 0.956931 1.00533 0.81187 0.975501 1.30911
1.00137 0.929391 1.08775 0.968285 0.991984 0.901424
1.09628 0.903441 1.02388 0.872156 1.00994 0.874232
0.0 0.0 0.0 0.69753 0.990519 1.19021
0.0 0.0 0.0 0.690645 1.02849 1.32759
0.0 0.0 0.0 0.785795 0.974881 1.26176
0.0 0.0 0.0 1.06297 0.9878 0.884658
0.0 0.0 0.0 1.09645 0.95567 1.04611
0.0 0.0 0.0 1.19451 0.977924 0.953444
end
gesture a15 hands 2
1.10432 0.908183 1.13991 1.18446 1.07747 1.12622
0.9527 0.865007 1.042 0.953724 0.96385 0.869795
0.909107 1.16173 1.01022 0.820672 1.00356 0.850392
0.921986 1.07335 0.98261 0.661143 0.978884 1.18465
0.954316 1.11873 1.02038 0.98232 0.986386 0.796665
1.0903 1.0237 0.965396 1.04775 1.02726 0.805993
0.951594 1.01262 0.99658 0.821946 1.02302 1.00542
1.03514 0.963254 1.03891 0.898369 1.00749 0.994008
end
gesture a15 hands 2
0.950837 0.927744 1.05365 0.995904 0.969623 1.03134
0.993196 0.959789 1.03703 1.0424 0.981076 1.06773
1.22588 1.15378 1.08997 1.01624 0.957967 1.02429
1.22549 1.1566 1.07892 0.981252 0.963897 1.02554
1.07114 1.06402 1.04692 0.972533 0.963853 1.07537
0.912785 0.983383 1.07754 0.970684 0.948545 1.03003
0.908759 0.948873 0.956931 0.909804 0.992249 1.06522
0.911788 0.935128 0.993841 0.883905 1.0151 1.00715
0.0 0.0 0.0 0.91559 0.982227 0.985623
0.0 0.0 0.0 0.993789 0.962858 1.06953
0.0 0.0 0.0 0.916173 0.955657 1.03502
0.0 0.0 0.0 0.952443 0.965357 1.07973
0.0 0.0 0.0 0.969243 0.95806 0.992687
end
gesture a15 hands 2
0.890713 0.905563 0.995741 0.960571 0.941428 1.01028
0.971563 0.954876 1.04818 0.957467 0.9713 0.991951
1.16028 1.13804 1.03822 0.983271 0.962153 1.13897
1.17564 1.17448 1.01 1.02386 0.965466 1.10155
1.13181 1.15023 1.01701 0.0 0.0 0.0
1.06547 1.0439 1.133 0.0 0.0 0.0
0.920299 0.907119 1.00259 0.0 0.0 0.0
0.93955 0.892606 1.04387 0.0 0.0 0.0
end
gesture a15 hands 2
0.925994 0.922238 1.00065 0.992071 0.966684 1.03462
0.965385 0.988526 1.02734 0.96075 0.961955 1.05981
1.13025 1.07699 1.09916 0.905242 0.99016 0.963646
1.17606 1.10575 1.18445 0.888854 0.981556 1.00759
1.02537 0.996829 1.17031 0.915059 0.98307 0.958406
0.987228 0.970216 1.01247 0.938688 0.965102 1.05157
0.91367 0.930413 0.943764 0.93091 0.955197 1.02647
0.957006 0.933926 1.00854 0.971388 0.975019 1.12118
0.0 0.0 0.0 0.950536 0.963563 1.081
0.0 0.0 0.0 0.982145 0.95237 1.03544
0.0 0.0 0.0 1.04343 0.980133 1.08409
0.0 0.0 0.0 1.04437 0.966681 1.07413
end
gesture a15 hands 2
1.00425 0.937952 1.02353 1.03268 0.981665 1.01439
0.94626 0.993354 1.05187 1.02076 0.975191 1.03272
1.02142 1.04622 1.01564 0.948531 0.973911 1.07772
1.05795 1.05128 1.07127 0.895631 0.972534 1.06066
1.05402 1.07065 1.04419 0.942512 0.94975 1.06035
0.957241 1.04014 0.998789 0.963197 0.988777 1.0006
0.94147 0.971995 1.05909 0.977177 0.974296 1.01618
0.980102 0.938452 1.01398 1.00285 0.996534 0.980438
end
gesture a15 hands 2
0.915992 0.925812 0.996262 0.960623 0.994575 1.0302
0.897897 0.937702 1.00671 0.935007 0.974256 1.10121
0.992636 1.01671 1.02281 0.934619 0.977028 1.08824
1.0513 1.00148 1.09408 0.926635 0.935704 1.09294
1.04298 1.06129 1.19687 0.888728 0.946343 1.05624
0.997737 1.04292 1.10126 0.939164 0.925751 1.02949
0.938299 0.953408 1.07349 1.01718 0.978145 1.02259
0.978565 0.893707 0.989512 0.0 0.0 0.0
end
gesture a15 hands 2
0.959339 0.915885 1.00586 1.01135 0.983124 1.04764
0.920442 0.966063 0.98315 1.0068 0.996114 1.00226
1.02734 0.993336 1.06102 1.00124 0.984098 1.04204
1.07446 1.02321 1.20513 0.963506 0.986486 1.0296
1.01547 1.04774 1.16556 0.931221 0.966449 1.09196
0.981291 0.981851 1.02569 0.922284 0.921677 1.10108
0.931918 0.93214 0.989124 0.937288 0.923902 1.05633
0.953842 0.908088 0.996288 0.887854 0.961782 1.04303
0.0 0.0 0.0 0.916679 0.933555 1.05826
0.0 0.0 0.0 0.984731 0.974816 1.01597
0.0 0.0 0.0 0.978866 0.970749 1.03817
0.0 0.0 0.0 1.00831 0.980298 1.00509
end
gesture a15 hands 2
1.0738 0.909025 1.07918 1.02435 0.96585 1.03976
0.923847 1.04551 0.97161 0.956756 0.96996 1.05854
0.827835 1.00546 1.05536 0.956578 0.947618 1.0635
0.830099 1.01335 0.978343 0.939085 0.953174 1.00572
0.87211 0.99405 0.988658 0.911035 0.963714 1.03099
1.02113 0.935962 1.07042 0.902554 0.947159 1.13266
1.076 0.916602 1.15282 0.99194 0.960297 1.06215
1.02136 0.903911 1.07121 0.984733 0.968191 1.04532
end
gesture a15 hands 2
1.06587 0.87615 1.10161 1.00041 0.954141 1.06928
0.94051 0.987429 1.01091 1.00935 0.952081 1.04211
0.851802 1.01763 1.0479 0.99385 0.957075 1.06049
0.830942 1.02083 1.05694 0.951369 0.942959 1.06592
0.873289 1.01441 1.00617 0.94831 0.982699 1.09992
0.863347 0.98936 1.05225 0.920071 0.977877 1.07424
1.00611 0.937134 1.09635 0.87766 0.928198 1.08217
1.01144 0.907685 1.07791 0.911663 0.914914 1.0368
0.0 0.0 0.0 0.967213 0.923011 1.05047
0.0 0.0 0.0 0.981374 0.947905 1.03316
0.0 0.0 0.0 0.935807 0.945614 1.04879
end
gesture a15 hands 2
0.986091 0.923899 1.07861 0.931329 0.947615 1.03877
0.929711 0.982106 1.03357 0.92897 0.95633 1.02302
1.02613 0.979272 1.05467 0.930876 0.95669 1.07696
0.894643 1.01144 1.02112 0.934146 0.972052 1.05041
0.86043 1.04762 1.02762 0.923514 0.987094 1.06158
0.917623 0.980412 1.0447 0.927091 0.932132 1.04322
1.11878 0.896287 1.07565 0.926529 0.932203 1.0858
1.06563 0.898876 1.0155 0.939214 0.924282 1.05628
0.0 0.0 0.0 1.04773 0.951466 1.02239
0.0 0.0 0.0 1.04327 0.948482 1.07513
0.0 0.0 0.0 1.01066 0.973074 1.04664
end
gesture a15 hands 2
1.00073 0.865209 1.09493 1.03578 0.931404 1.05734
0.993578 0.998151 1.07143 1.04037 0.941443 1.04785
0.922231 1.0899 0.953128 1.01832 0.941844 1.07527
0.898737 1.01844 1.00139 0.989437 0.960548 1.05728
0.951745 0.939509 1.04042 0.95486 0.969598 1.09056
0.976866 0.864492 1.16945 0.89674 0.96277 1.09793
0.977856 0.868893 1.21683 0.878212 0.969378 1.06795
0.956644 0.853782 1.14293 0.82106 0.970898 1.06707
0.0 0.0 0.0 0.811635 0.978251 1.10244
0.0 0.0 0.0 0.803356 0.974444 1.09799
0.0 0.0 0.0 0.847739 0.961325 1.06656
0.0 0.0 0.0 0.865404 0.954047 1.03372
0.0 0.0 0.0 0.875449 0.944352 1.07353
0.0 0.0 0.0 0.933245 0.92526 1.05979
0.0 0.0 0.0 0.986435 0.934042 1.05972
0.0 0.0 0.0 0.989413 0.931206 1.04048
0.0 0.0 0.0 0.978687 0.920421 1.08953
end
gesture a15 hands 2
0.998854 0.851996 1.14985 1.02231 0.934733 1.0954
0.992959 0.891326 1.05557 1.01316 0.953772 1.12811
0.975721 0.909633 1.12231 1.04123 0.93489 1.07323
0.890035 1.11005 0.947343 0.977993 0.947048 1.11291
0.876696 1.07255 0.97248 0.873031 0.95396 1.04345
1.03898 0.884723 1.11036 0.831235 0.972425 0.991653
1.04355 0.856721 1.20565 0.865447 1.00145 0.997983
1.00714 0.844739 1.16669 0.841148 0.980584 0.982821
0.0 0.0 0.0 0.874663 0.972089 1.039
0.0 0.0 0.0 0.889679 0.993001 0.994047
0.0 0.0 0.0 0.910884 0.947971 1.09136
0.0 0.0 0.0 0.969196 0.920379 1.13024
0.0 0.0 0.0 1.03305 0.947124 1.07593
end
gesture a15 hands 2
1.00007 0.823437 1.16739 1.01801 0.929332 1.10846
0.963328 0.926153 1.1389 1.01092 0.929078 1.10128
0.954964 0.94199 1.05449 0.992247 0.92997 1.14337
0.879622 1.03548 0.997476 0.971406 0.928185 1.14928
0.865189 1.0414 0.979486 0.947119 0.914627 1.1067
0.902761 0.98972 1.00163 0.86437 0.955212 1.03637
0.95914 0.911522 1.12229 0.846138 0.96199 1.04499
1.05269 0.848333 1.23376 0.882022 0.961965 1.01524
0.0 0.0 0.0 0.929735 0.908546 1.12548
0.0 0.0 0.0 0.977591 0.909813 1.13395
end
gesture a16 hands 2
1.00996 0.848516 1.10376 0.946403 0.854442 1.07927
0.992575 1.05682 0.833319 1.04016 1.18215 0.88798
1.00439 0.921315 1.16207 0.985076 0.917132 1.02609
0.895346 1.25699 0.887028 1.04941 1.32873 0.877002
0.914018 0.992558 1.09691 1.01628 0.97381 0.964116
0.869202 1.35669 0.889556 1.00636 1.13853 0.816383
1.04256 0.888737 1.09582 0.929845 0.872723 1.13326
1.04913 0.861588 1.10462 0.952608 0.864254 1.15099
end
gesture a16 hands 2
1.07814 0.859543 1.08602 0.986229 0.861003 1.10318
0.880055 1.328 0.842211 1.00021 0.880026 0.969234
0.906973 1.33493 0.887226 0.900166 0.848428 1.1666
1.0381 0.912585 1.11433 1.01953 1.11225 0.82261
0.850647 1.35277 0.85053 1.08508 1.36358 0.84246
0.979494 0.945561 1.09719 1.0947 1.3431 0.911227
0.919853 1.03104 0.882999 1.01504 1.01953 0.949365
1.01098 0.84414 1.10498 1.09041 1.31902 0.851634
0.0 0.0 0.0 1.11168 1.34044 0.901532
0.0 0.0 0.0 1.0102 0.937012 0.970062
0.0 0.0 0.0 0.872912 0.902738 1.2044
0.0 0.0 0.0 0.959569 0.957705 0.896489
0.0 0.0 0.0 0.930095 0.857462 1.19778
end
gesture a16 hands 2
0.984861 0.852682 1.13404 0.892911 0.866037 1.09155
0.861559 1.25134 0.837636 0.844722 0.846612 1.21393
0.984548 0.916305 1.12139 0.959169 1.03885 1.05625
0.895306 1.2884 0.863162 0.991577 1.08458 0.836174
0.963964 0.969328 1.08067 1.05619 1.31279 0.887068
0.889734 1.3207 0.86945 1.02745 0.968654 0.982493
1.07287 0.887589 1.13602 0.995318 1.02215 1.06021
1.04766 0.847279 1.07162 1.07476 1.29719 0.890357
0.0 0.0 0.0 1.03085 1.02267 0.957168
0.0 0.0 0.0 0.978425 0.858906 1.12002
0.0 0.0 0.0 0.978516 0.860766 1.08642
end
gesture a16 hands 2
1.01696 0.785095 1.17018 0.902097 0.764443 1.11878
0.869091 1.16355 0.874288 1.01648 1.06717 0.984152
1.05865 0.893363 1.16476 0.904518 0.797903 1.08543
0.854336 1.24908 0.884929 1.07375 1.25114 0.932854
1.07469 0.966125 1.10243 0.857027 1.00156 1.06134
0.86963 1.24293 0.879074 1.04651 1.22945 0.969112
1.01086 0.886643 1.12936 0.889331 0.916708 1.09707
0.942112 0.953706 1.01828 0.893896 0.979254 1.0842
0.0 0.0 0.0 1.0811 1.25478 0.958197
0.0 0.0 0.0 0.920871 0.879205 1.04845
0.0 0.0 0.0 0.934661 0.820866 1.13848
end
gesture a16 hands 2
1.03166 0.806001 1.18903 0.958697 0.808769 1.20956
0.833469 1.21135 0.83879 1.06303 1.19006 0.94072
1.00804 0.978845 1.16203 0.885024 0.975938 1.13193
0.817121 1.29684 0.832613 0.958332 0.823703 1.11925
0.996953 1.03761 1.01165 1.0664 1.0473 0.885282
1.07796 1.00717 1.04848 1.04555 1.31934 0.98349
0.88847 1.25023 0.81707 0.920484 0.994077 0.981223
1.00382 0.834106 1.0126 0.899112 0.978019 1.10471
0.0 0.0 0.0 1.01204 1.22642 0.84018
0.0 0.0 0.0 0.884742 0.964914 0.987551
0.0 0.0 0.0 0.877354 0.947248 1.07511
0.0 0.0 0.0 1.02252 1.13894 0.812647
0.0 0.0 0.0 1.09219 1.2614 0.90736
0.0 0.0 0.0 0.943975 0.812496 1.10253
end
gesture a16 hands 2
0.977699 0.833104 1.08386 0.931391 0.786859 1.17539
0.996018 1.11755 1.22981 0.986394 1.15736 0.878852
0.800164 1.25956 0.849055 0.899766 0.925524 1.29065
1.04132 0.945024 1.0964 0.828017 0.811671 1.12626
0.810656 1.27198 0.863423 1.01427 1.20327 0.884719
1.08322 1.01596 1.11308 1.03828 1.35744 0.972555
0.849714 1.2216 0.907734 0.917076 0.911141 1.05089
1.03237 0.840886 1.03968 0.930334 0.955051 1.14439
0.0 0.0 0.0 0.935808 1.01801 0.860337
0.0 0.0 0.0 1.06343 1.3146 0.946638
0.0 0.0 0.0 0.946583 0.937501 0.981099
0.0 0.0 0.0 0.905067 0.887045 1.13476
0.0 0.0 0.0 1.04618 1.21766 0.853442
0.0 0.0 0.0 1.07201 1.24645 0.866557
0.0 0.0 0.0 1.0042 0.805443 1.10442
end
gesture a16 hands 2
1.03207 0.859913 1.0825 0.961324 0.860367 1.10594
0.959014 1.05036 0.897454 0.994251 0.919787 1.02306
0.926279 1.24975 0.916285 1.01512 1.14289 0.892124
0.955564 1.03874 0.989633 1.00974 1.14916 0.800112
0.983132 1.14721 1.02429 1.00333 1.31961 0.822534
0.91374 1.05371 0.882238 1.00932 1.32993 0.86085
0.866349 1.16814 0.937597 0.994829 1.04332 0.987556
0.991162 0.891438 1.09456 1.02117 0.973391 1.00553
0.0 0.0 0.0 1.00285 1.08753 1.04383
0.0 0.0 0.0 0.901797 0.877635 1.15942
0.0 0.0 0.0 0.977203 0.894196 1.10743
end
gesture a16 hands 2
1.02473 0.846648 1.12451 0.989325 0.838513 1.1446
0.877343 1.171 0.886245 0.938446 0.821117 1.18275
0.879941 1.31776 0.93464 0.964455 0.86894 1.07682
0.964206 0.907659 1.08363 0.980933 0.828784 1.07726
0.95756 1.147 1.00822 1.02654 1.03974 1.05834
0.819323 1.32136 0.905508 0.978666 1.12621 0.84438
1.07561 0.851481 1.09988 0.985257 1.32206 0.871084
1.05329 0.847078 1.07485 1.00534 0.979369 1.01581
0.0 0.0 0.0 0.999998 0.923214 1.06167
0.0 0.0 0.0 0.968627 1.0916 1.0449
0.0 0.0 0.0 0.975757 1.06349 1.03014
0.0 0.0 0.0 0.958899 1.15126 0.837663
0.0 0.0 0.0 0.97912 1.30988 0.865563
0.0 0.0 0.0 0.969903 0.983018 0.974039
0.0 0.0 0.0 0.935551 0.845943 1.07382
end
gesture a16 hands 2
1.02683 0.824176 1.10294 0.921486 0.833837 1.09404
0.837537 1.31003 0.943046 0.985645 0.855511 1.03923
0.891357 1.01243 1.01433 1.00143 1.06694 1.05063
0.799093 1.29009 0.934218 0.949381 1.07142 0.865373
0.962528 0.934234 1.07134 0.98269 1.31017 0.858755
0.969346 1.09008 1.03395 0.983327 1.27592 0.888777
1.10871 0.850458 1.13678 0.962633 0.942763 1.05061
1.03205 0.822442 1.07422 0.987301 1.08701 1.06593
0.0 0.0 0.0 0.963732 1.05951 0.871489
0.0 0.0 0.0 1.01287 1.30385 0.87373
0.0 0.0 0.0 1.01871 1.02624 0.938791
0.0 0.0 0.0 0.898721 0.85486 1.1897
0.0 0.0 0.0 0.980422 0.845125 1.10078
0.0 0.0 0.0 0.952625 0.805142 1.13499
end
gesture a16 hands 2
1.01563 0.802492 1.14423 0.892288 0.783622 1.14317
0.970849 0.898867 1.034 1.00364 1.05952 0.91999
0.900586 1.01355 0.927907 0.993872 1.22439 0.900477
0.896484 1.29042 0.898368 0.992898 1.24198 0.912383
0.919098 1.08103 0.939644 0.957913 1.04092 0.995808
0.911718 1.13357 0.937004 1.03812 1.21699 0.90986
0.949693 1.05664 0.990603 1.04311 1.17787 0.886718
1.04252 0.806205 1.15539 1.04445 1.04998 0.993342
0.0 0.0 0.0 1.0456 1.14186 0.919176
0.0 0.0 0.0 0.883483 0.803526 1.17258
0.0 0.0 0.0 0.917501 0.792316 1.1624
end
gesture a16 hands 2
1.03788 0.775675 1.15162 0.906231 0.772571 1.11518
0.92443 1.14648 0.887914 0.904845 0.783197 1.05551
0.896661 1.27544 0.876894 0.929825 0.887472 0.945428
0.945816 0.976839 0.979257 0.952412 1.14106 0.885138
0.909611 1.10969 0.904035 0.968804 1.22167 0.899209
0.892848 1.18258 0.952952 0.985616 1.09251 0.967387
1.07869 0.78672 1.2211 0.974655 1.0999 0.931261
1.06239 0.76953 1.21549 1.06217 1.1844 0.935682
0.0 0.0 0.0 1.05466 1.14556 0.959682
0.0 0.0 0.0 0.994366 1.01849 0.996457
0.0 0.0 0.0 0.999194 1.04127 1.02565
0.0 0.0 0.0 1.04394 1.13107 0.995418
0.0 0.0 0.0 1.02684 1.04385 0.974669
0.0 0.0 0.0 0.951825 0.858459 1.10408
0.0 0.0 0.0 0.887212 0.784131 1.29259
0.0 0.0 0.0 0.903926 0.775181 1.25736
end
gesture a16 hands 2
1.04391 0.7997 1.18422 0.938709 0.808678 1.15693
0.940277 0.965167 0.932399 0.885964 0.833868 1.05808
0.895047 1.28291 0.86796 0.955989 0.914352 0.922047
0.951746 1.02759 0.970801 1.00514 1.20077 0.880976
0.876026 1.3 0.899051 1.00489 1.1084 0.950135
0.892228 1.21847 0.897473 0.960084 1.13927 0.953601
1.0328 0.891306 1.01358 1.04705 1.22185 0.926404
1.0427 0.817833 1.1404 1.02883 1.20937 0.888632
0.0 0.0 0.0 0.97419 1.06735 0.996147
0.0 0.0 0.0 1.05217 1.24281 0.923719
0.0 0.0 0.0 1.06125 1.24831 0.898092
0.0 0.0 0.0 1.02438 1.03235 0.943498
0.0 0.0 0.0 0.928347 0.880996 1.10866
0.0 0.0 0.0 0.919987 0.854462 1.25555
0.0 0.0 0.0 0.929091 0.814422 1.22188
0.0 0.0 0.0 0.960926 0.823653 1.05493
0.0 0.0 0.0 0.931543 0.798669 1.15425
0.0 0.0 0.0 0.956785 0.813771 1.1232
end
gesture a16 hands 2
1.11439 0.737082 1.23846 0.966488 0.774048 1.20807
0.933643 1.24079 0.931658 0.989836 0.786193 1.41448
0.911312 1.22756 0.911221 1.03189 1.30032 0.847494
0.976611 0.878737 0.993532 1.0634 1.27827 0.830895
0.833603 1.21109 0.834915 1.02294 0.889482 1.05918
0.895951 0.86611 0.903631 0.99955 1.02571 1.04662
0.872344 1.07274 0.959214 0.975562 1.30089 0.721185
1.13536 0.768335 1.14249 0.9573 0.893302 0.938415
0.0 0.0 0.0 0.911482 1.24177 0.759319
0.0 0.0 0.0 0.956744 0.806532 1.2454
end
gesture a16 hands 2
1.10876 0.752661 1.18385 0.915394 0.781363 1.22703
0.857112 1.22495 0.897061 0.938302 0.848428 0.975141
0.879812 0.903752 0.953315 0.911007 0.848831 1.01613
0.91865 1.21948 0.909486 0.905235 0.760772 1.1339
1.01412 0.854916 1.10138 0.946876 0.856349 1.29267
0.935337 1.0299 0.918633 0.924245 0.932284 0.965543
1.0736 0.732678 1.17624 1.00448 1.33112 0.829306
1.07909 0.735522 1.22172 0.995843 0.969268 0.975964
0.0 0.0 0.0 0.964859 0.92727 1.05095
0.0 0.0 0.0 1.03422 1.28684 0.840815
0.0 0.0 0.0 0.994913 1.26232 0.803918
0.0 0.0 0.0 1.04947 1.06282 0.877523
0.0 0.0 0.0 0.990223 0.835114 1.1862
0.0 0.0 0.0 0.927572 0.7824 1.23378
end
gesture a16 hands 2
1.0977 0.763891 1.25966 0.941231 0.796688 1.25075
0.916672 1.10307 0.933001 0.975062 0.825985 1.1223
1.0199 0.988859 1.08245 1.08793 1.10647 0.976952
0.925104 1.28939 0.910787 1.01658 1.3482 0.817507
0.872346 1.00946 0.849509 0.966272 1.08037 0.774457
0.918258 0.984531 0.85394 0.994088 0.995484 0.818993
1.1077 0.774654 1.23059 0.947541 0.989888 1.07304
0.996665 0.82314 1.0792 0.958745 1.01252 1.02935
0.0 0.0 0.0 1.02244 1.33989 0.856082
0.0 0.0 0.0 0.925623 1.09967 0.773536
0.0 0.0 0.0 0.957278 0.958844 0.808981
0.0 0.0 0.0 1.02036 0.888103 1.13661
0.0 0.0 0.0 0.886866 0.810411 1.08454
end
gesture a16 hands 2
0.945769 0.939487 1.08627 0.959196 0.895455 1.10988
0.998084 1.0005 1.04574 1.01482 0.938312 1.2054
0.949332 0.914743 1.20019 1.01326 0.942306 1.22792
0.951953 0.952592 1.16578 1.05822 1.01499 1.06564
0.980254 1.04834 0.814462 0.935694 0.922088 1.07458
0.988104 1.02558 0.844413 0.915769 0.974028 0.841914
0.937857 0.928892 1.15781 0.95387 1.10988 0.754768
0.97523 0.957065 1.02954 0.964505 1.1214 0.811033
0.0 0.0 0.0 0.932952 0.86702 1.12922
0.0 0.0 0.0 0.936783 0.872321 1.24918
0.0 0.0 0.0 0.917587 0.969869 1.33867
0.0 0.0 0.0 0.917742 0.985098 1.31245
0.0 0.0 0.0 0.881546 0.897255 1.03638
0.0 0.0 0.0 0.872615 0.91712 0.892916
0.0 0.0 0.0 0.886061 1.08262 0.721519
0.0 0.0 0.0 0.964328 1.10138 0.744258
0.0 0.0 0.0 0.970194 0.915626 0.964993
0.0 0.0 0.0 0.983754 0.879703 1.09477
end
gesture a16 hands 2
1.01782 0.961042 1.10622 1.02697 0.948164 1.07757
0.978049 0.994024 1.10122 1.02101 1.08446 0.821636
0.997987 1.00538 0.843708 0.96584 0.904561 1.30462
0.998247 1.04242 0.865472 0.958676 1.10355 0.782739
0.992941 0.921075 1.14416 0.967085 0.884266 1.16452
0.974432 0.954311 1.13886 0.936535 1.09191 0.747798
0.988522 0.945953 0.912268 0.980214 0.915284 1.16226
0.99115 0.967023 1.04651 0.996644 0.919261 1.18157
end
gesture a16 hands 2
0.993545 0.982036 1.08032 1.00846 0.948303 1.09579
0.94373 0.943682 0.953869 1.03133 0.976937 0.996813
0.9702 0.934477 1.08953 0.944067 0.957144 1.15786
1.0241 0.957704 0.872569 0.946181 0.927113 0.903966
1.02274 1.00948 0.84398 1.01508 1.08306 0.803041
1.00741 0.935774 1.09908 0.968709 0.904911 1.17758
1.03905 0.979036 0.909826 0.984003 1.01492 1.31868
0.92333 0.974564 1.04698 0.927061 0.963647 0.797463
0.0 0.0 0.0 0.949157 1.08566 0.727125
0.0 0.0 0.0 1.00718 1.05196 0.824427
0.0 0.0 0.0 0.99737 0.904769 1.09905
0.0 0.0 0.0 0.9799 0.93914 1.26864
0.0 0.0 0.0 1.01117 0.975046 1.20088
0.0 0.0 0.0 0.988299 1.00579 1.31385
0.0 0.0 0.0 0.915627 0.937012 0.9904
0.0 0.0 0.0 0.89791 1.12969 0.734987
0.0 0.0 0.0 0.994319 0.941624 1.05257
0.0 0.0 0.0 1.0412 0.982228 1.09578
0.0 0.0 0.0 0.953279 0.962308 0.996713
0.0 0.0 0.0 0.950912 0.9461 1.0587
end
gesture a16 hands 2
1.0196 0.804472 1.14599 0.903228 0.832014 1.12686
0.904001 0.959399 0.925056 0.926792 0.957489 1.17541
0.847044 1.18256 0.91812 1.00129 1.07997 0.838644
0.990652 0.996708 1.09079 0.943232 0.989136 1.0808
0.893558 1.16078 0.882972 1.01103 1.12331 0.889381
0.96151 0.963703 1.12187 1.05655 1.02827 1.01353
0.990582 1.00163 0.966371 0.949646 0.899451 1.08036
1.05535 0.851083 1.10751 0.0 0.0 0.0
end
gesture a16 hands 2
1.04133 0.807389 1.18593 0.912658 0.840335 1.15596
0.876146 1.08978 0.90056 0.919162 0.920789 1.1319
0.992229 0.958789 1.06686 1.00461 1.11255 0.949667
0.899926 1.12672 0.868249 1.04236 1.14858 0.844306
1.00125 0.95234 1.11144 0.972766 0.984361 1.06764
0.938515 1.03667 0.930071 0.95425 0.972541 1.09693
1.04269 0.811908 1.16169 1.01217 1.10176 0.86508
1.02641 0.781386 1.21647 0.996791 1.01939 1.05954
0.0 0.0 0.0 0.954123 0.949069 1.07975
0.0 0.0 0.0 0.993804 0.968194 0.999903
0.0 0.0 0.0 0.898923 0.8304 1.10357
end
gesture a16 hands 2
1.00037 0.829951 1.21919 0.907842 0.872802 1.1573
1.02743 0.865363 1.06901 0.921475 1.02732 1.06471
0.894225 1.07155 0.840213 1.01555 1.15401 0.802536
0.876359 1.16419 0.930421 1.07083 1.20082 0.854164
0.97573 1.00473 1.0408 0.93994 0.980921 1.05478
0.919265 1.15237 0.805392 1.0004 1.17352 0.92938
0.900533 1.15602 0.791226 1.02359 1.13096 0.814768
1.03879 0.840359 1.10563 0.964206 0.851392 1.12122
end
gesture a16 hands 2
1.04181 0.754303 1.16748 0.937485 0.795416 1.11153
0.857779 1.34746 0.814671 1.072 1.30928 0.880177
0.977446 0.83127 1.1669 0.954443 0.901269 1.05719
1.04566 0.950663 1.19722 1.01685 0.945398 0.987639
0.89069 1.37664 0.882221 1.11668 1.34834 0.871608
1.01418 0.921161 1.17123 0.909355 0.840172 1.10557
0.93895 1.20282 0.855673 0.0 0.0 0.0
1.04903 0.786749 1.23751 0.0 0.0 0.0
end
gesture a16 hands 2
1.03885 0.786786 1.29228 0.911208 0.814337 1.18536
0.883697 1.31571 0.796174 1.00021 0.887275 1.12187
0.995426 0.846394 1.17402 0.964521 0.859572 1.44679
0.922929 1.25955 0.758312 1.09089 1.31265 0.846385
1.02609 0.879458 1.11733 0.984427 0.928842 1.05959
0.935128 1.29213 0.77158 0.938846 0.979758 1.07024
1.03029 0.807418 1.25317 1.10069 1.31164 0.793889
1.02909 0.788687 1.15368 0.991241 0.943838 0.989994
0.0 0.0 0.0 0.944624 0.98748 1.06405
0.0 0.0 0.0 1.08524 1.27347 0.806372
0.0 0.0 0.0 0.989072 0.915188 1.03503
0.0 0.0 0.0 1.03065 1.04875 0.850714
0.0 0.0 0.0 0.867874 0.801379 1.19376
0.0 0.0 0.0 0.896193 0.793575 1.15961
end
gesture a16 hands 2
1.00905 0.799935 1.17357 0.894926 0.738687 1.22711
0.910415 1.28525 0.818191 1.07549 1.27451 0.865527
1.01104 0.880092 1.15613 0.978756 0.886917 1.08093
0.910923 1.27046 0.842153 1.07123 1.27567 0.900006
0.987927 0.896365 1.06387 0.931611 0.915863 1.19001
0.888264 1.34971 0.781381 0.906497 0.979542 1.13812
0.951757 0.880334 1.08914 1.04836 1.16811 0.884928
0.976026 0.793862 1.11729 0.889418 0.761744 1.22953
0.0 0.0 0.0 0.897371 0.772418 1.0471
end
gesture a16 hands 2
1.0786 0.717783 1.19795 0.961706 0.731418 1.21656
0.952585 1.05584 1.02317 0.918094 0.769751 1.08993
0.925232 1.01785 0.980555 0.988018 0.895345 1.03371
0.901739 1.15 0.934372 1.00515 1.13996 1.01015
0.958392 1.03 1.0608 0.992418 1.03668 1.05993
0.899438 1.1617 0.874843 0.995147 1.13457 0.892284
1.01325 0.817836 1.18936 0.887835 0.893654 1.00156
1.02393 0.757066 1.19737 0.877126 0.731902 1.25204
end
gesture a16 hands 2
1.00391 0.798047 1.20169 0.886068 0.763987 1.25202
0.950902 1.07284 0.97063 0.916997 0.820249 1.10971
0.962488 1.05033 1.03136 0.969902 1.14607 0.861264
0.894648 1.19537 0.937247 1.0529 1.2184 0.929032
1.01443 0.985392 1.10904 1.01582 1.03866 0.997725
0.935382 1.26935 0.945069 1.01503 1.14904 0.925657
1.01106 0.856466 0.966911 0.895225 0.765416 1.10919
1.01799 0.806974 1.16056 0.0 0.0 0.0
end
gesture a16 hands 2
1.01906 0.845096 1.24525 0.911459 0.822459 1.0981
0.917792 1.27279 0.906561 1.01437 1.27251 0.848247
0.983732 1.07727 1.07914 0.974752 1.11854 0.985052
0.933389 1.26899 0.853641 0.939092 0.796369 1.1324
1.02906 0.968593 1.15226 0.0 0.0 0.0
1.10308 0.859683 1.16909 0.0 0.0 0.0
0.955759 0.952389 0.847831 0.0 0.0 0.0
0.998482 0.838721 1.04427 0.0 0.0 0.0
end
gesture a16 hands 2
0.926555 0.841805 1.10505 0.91831 0.76798 1.15665
0.939448 1.04907 0.899312 0.922995 1.34283 0.82423
0.967954 1.00621 0.906444 0.958862 0.864896 1.13069
0.989994 0.867539 1.31567 0.934473 1.00929 0.915246
0.933238 1.15049 0.853511 0.962502 1.25613 0.929082
0.916246 1.35326 0.868722 0.986858 0.828276 1.13773
0.954724 0.909381 1.11969 0.925424 0.80848 1.32946
0.964602 0.873731 1.04573 0.0 0.0 0.0
end
gesture a16 hands 2
0.983373 0.842712 1.1057 0.968457 0.823203 1.25862
0.951417 1.34669 0.767983 0.95171 0.89318 0.964773
0.924909 1.35789 0.832488 0.971557 0.861616 1.41251
1.0323 0.856173 1.1572 0.99416 0.928453 1.43578
0.954311 1.26362 0.797864 0.878324 0.967921 0.846275
0.937397 1.42422 0.900966 0.971173 1.31631 0.858688
0.973617 0.857316 1.08452 0.991895 0.905261 1.05661
0.969424 0.835578 1.08237 0.961975 1.2555 0.803164
0.0 0.0 0.0 0.94518 0.950844 0.905978
0.0 0.0 0.0 0.967205 0.844636 1.33142
0.0 0.0 0.0 0.977401 0.817821 1.14688
end
gesture a16 hands 2
0.959212 0.818429 1.11142 0.917698 0.823017 1.09036
0.896007 1.41102 0.868159 0.96886 0.817745 1.14189
0.893081 1.41926 0.883619 0.968024 0.88628 1.43242
0.947928 0.870292 1.03406 0.954934 0.920429 1.3869
0.96681 0.881465 1.21262 0.929155 0.991304 0.816548
0.898244 1.34459 0.829595 0.983543 1.37681 0.814332
0.965133 0.838191 1.02575 1.04247 1.42863 0.868063
1.00795 0.809869 1.13978 0.980998 0.898617 0.995544
0.0 0.0 0.0 0.996814 0.834397 1.11272
0.0 0.0 0.0 0.96114 1.23214 0.822133
0.0 0.0 0.0 0.963371 1.19075 0.825788
0.0 0.0 0.0 0.981396 0.81366 1.19627
0.0 0.0 0.0 0.96017 0.837413 1.25165
end
gesture a17 hands 2
0.954801 0.770826 1.15445 0.945748 0.964227 1.27255
1.3174 1.41407 1.53053 0.986804 0.958917 1.15723
1.00174 0.984723 1.56201 0.0 0.0 0.0
1.0331 0.790236 0.825716 0.0 0.0 0.0
1.06673 1.26466 0.228605 0.0 0.0 0.0
0.754202 1.6774 0.258798 0.0 0.0 0.0
0.393489 1.29523 0.510617 0.0 0.0 0.0
0.992242 0.76215 1.15509 0.0 0.0 0.0
end
gesture a17 hands 2
0.858285 0.68176 0.964568 0.930028 0.991958 1.20485
1.20561 1.3132 1.02841 0.960128 0.80929 0.675348
1.0647 1.46396 1.41465 0.927177 0.996938 1.19855
1.00169 1.09938 1.13855 0.944546 0.993022 1.21227
1.32208 1.12398 0.906468 0.0 0.0 0.0
0.895799 0.78876 0.423389 0.0 0.0 0.0
0.925899 0.703262 1.09979 0.0 0.0 0.0
0.855641 0.695646 0.957596 0.0 0.0 0.0
end
gesture a17 hands 2
0.993358 0.699391 1.12508 0.951397 0.951409 1.16147
1.26856 1.51265 1.29686 1.2994 1.23105 0.723491
1.27265 1.29489 1.45658 1.22496 1.2207 0.724034
0.940552 0.645883 1.18003 0.899626 0.935912 0.602363
0.983053 1.0862 0.112247 0.923627 0.973361 1.25666
0.741457 1.689 0.561089 0.916478 0.941852 1.16645
1.00157 0.712816 1.22507 0.0 0.0 0.0
0.910014 0.714587 1.10804 0.0 0.0 0.0
end
gesture a17 hands 2
0.960771 0.82414 1.09315 0.933629 0.931638 1.19706
1.36653 1.21788 1.29514 0.935119 0.933857 1.16254
1.13263 1.39835 1.49327 0.0 0.0 0.0
1.02641 0.712408 0.939194 0.0 0.0 0.0
0.754726 1.56263 0.441572 0.0 0.0 0.0
0.920014 0.856007 0.771884 0.0 0.0 0.0
0.97797 0.795198 1.23373 0.0 0.0 0.0
0.93719 0.804769 1.12377 0.0 0.0 0.0
end
gesture a17 hands 2
0.913671 0.747915 1.19201 0.882024 0.888322 1.20657
1.27706 1.52966 1.21021 1.27184 1.08758 1.14967
1.25287 1.32421 1.51409 1.22898 1.03824 1.07953
1.28746 0.862855 1.22073 0.902045 1.10663 0.721298
0.919774 0.893306 0.524903 0.781115 1.08456 0.684975
0.739858 1.44776 0.383421 0.894811 0.973866 0.973215
0.853185 0.902292 0.559848 0.980802 0.922461 1.18437
0.88138 0.750893 1.13041 0.0 0.0 0.0
end
gesture a17 hands 2
0.870812 0.741977 1.19028 0.973143 0.910359 1.21267
1.17848 1.53632 1.15898 1.1531 1.01496 1.00575
1.26072 1.3501 1.5497 0.870551 1.03479 0.717882
0.924848 0.679156 0.674387 0.91834 0.886373 1.27552
0.719797 1.37952 0.454172 0.92581 0.877492 1.25673
0.776738 1.23806 0.456629 0.0 0.0 0.0
1.09753 0.704887 1.21369 0.0 0.0 0.0
0.934182 0.690892 1.23659 0.0 0.0 0.0
end
gesture a17 hands 2
0.889373 0.686467 0.795023 0.98135 0.657838 1.15211
1.2342 1.32409 1.11056 0.938949 0.845199 1.20583
1.11518 1.2298 1.4067 1.02159 1.5882 0.899181
1.19404 1.17309 1.36066 0.854329 1.57347 1.16607
0.825806 1.22856 1.56471 0.704198 1.18506 0.852845
0.556536 1.20657 1.45804 1.33262 0.661789 1.14626
0.35017 0.65611 0.877445 0.0 0.0 0.0
0.454471 0.694443 0.862382 0.0 0.0 0.0
end
gesture a17 hands 2
0.641306 0.53886 1.21112 1.22539 0.809209 1.04823
1.36741 1.17097 1.41541 0.665803 1.13231 1.04956
1.52296 1.22757 1.357 0.95431 1.17576 1.50917
1.32574 0.558689 1.7187 0.850544 0.889483 1.0614
1.23053 0.513549 0.798098 0.0 0.0 0.0
0.75356 1.39992 0.69934 0.0 0.0 0.0
0.614199 1.32242 0.683638 0.0 0.0 0.0
0.941283 0.596996 0.932688 0.0 0.0 0.0
end
gesture a17 hands 2
1.02754 0.764323 0.990904 0.979121 0.856321 1.04734
1.32018 1.19586 1.39393 1.07539 0.880804 0.866156
1.19205 0.989555 1.60115 1.47263 1.18112 0.65152
1.33433 0.761465 0.926629 1.48483 1.21632 0.649169
0.848637 1.23513 0.540323 1.15469 1.03379 0.665564
0.490259 1.42557 0.705113 0.651972 1.13033 1.18115
0.765167 0.834488 0.811412 0.823495 1.14602 1.53409
1.0292 0.786701 1.07443 0.87894 1.16865 1.49703
0.0 0.0 0.0 0.87439 0.810862 1.22074
0.0 0.0 0.0 0.844108 0.859338 0.924091
0.0 0.0 0.0 0.947096 0.803667 1.04912
end
gesture a17 hands 2
0.917655 0.589273 1.12176 0.858118 0.906748 1.19402
1.14147 1.61746 1.18672 1.17291 1.10389 0.825649
1.05407 1.62095 1.58028 1.25036 1.07937 0.82176
1.29549 0.758598 1.52558 1.0716 0.871381 0.949777
1.2634 0.808512 0.764164 0.927336 1.07898 1.01106
1.09459 0.791641 0.521323 0.834522 0.898643 1.16413
0.40224 1.47849 0.789299 0.0 0.0 0.0
0.773541 0.674496 0.899031 0.0 0.0 0.0
end
gesture a17 hands 2
1.01816 0.585282 1.07646 0.86495 0.933731 1.10224
1.22024 1.55035 1.07368 0.902582 0.948049 1.09427
1.16009 1.6316 1.55319 0.0 0.0 0.0
1.39378 0.699681 1.59643 0.0 0.0 0.0
1.30795 0.79492 0.742383 0.0 0.0 0.0
0.626169 1.35193 0.727178 0.0 0.0 0.0
1.0251 0.55747 1.12519 0.0 0.0 0.0
0.972722 0.583029 1.05876 0.0 0.0 0.0
end
gesture a17 hands 2
0.915087 0.62216 1.13133 0.900991 0.961174 1.09271
1.13046 1.57171 1.03279 0.891303 0.994581 1.06122
1.20328 1.51481 1.63141 0.0 0.0 0.0
1.23969 1.61305 1.556 0.0 0.0 0.0
1.31172 0.63576 1.52478 0.0 0.0 0.0
1.05246 1.09689 0.554011 0.0 0.0 0.0
0.748978 1.20191 0.558421 0.0 0.0 0.0
0.940619 0.637995 1.11818 0.0 0.0 0.0
end
gesture a17 hands 2
0.947325 0.792994 1.0678 1.012 0.908978 1.04058
1.2251 1.23585 1.42646 0.973307 0.922041 1.15937
1.20211 1.07381 1.52877 0.997749 0.888756 1.06903
1.19493 0.735736 1.29304 0.0 0.0 0.0
1.12949 0.717689 1.05569 0.0 0.0 0.0
0.66292 1.26893 0.710468 0.0 0.0 0.0
0.64222 1.20199 0.702427 0.0 0.0 0.0
1.02205 0.769915 1.17739 0.0 0.0 0.0
end
gesture a17 hands 2
1.00335 0.807574 1.20479 0.985852 0.902956 1.07608
0.928661 0.867421 1.01582 1.04934 0.939122 1.05542
1.2119 1.25832 1.11989 0.994397 0.932127 1.06757
1.26097 1.31755 1.34406 0.999491 0.938396 1.01779
1.24279 0.945179 1.42226 0.848663 1.01661 0.950256
0.818463 1.12202 0.700829 0.864882 1.0134 1.03466
0.740699 1.1355 0.66905 0.963327 0.944382 1.18228
0.929526 0.806808 1.08849 1.03903 0.92554 1.13866
end
gesture a17 hands 2
0.970553 0.803819 1.14845 1.02268 0.916522 1.0711
1.07466 1.37329 1.03628 0.989653 0.93303 0.980682
1.20878 1.44823 1.23103 1.00565 0.918667 1.12364
1.33281 1.18075 1.46918 0.97257 0.926632 1.04319
1.27798 0.887827 1.4802 0.983233 0.94827 1.07543
1.13474 0.720047 1.13143 0.900594 0.996184 0.969039
0.77773 1.06662 0.731787 0.891252 0.996728 1.02631
0.974927 0.779672 1.08162 0.852746 1.01449 0.979732
0.0 0.0 0.0 0.874276 1.01515 1.05298
0.0 0.0 0.0 0.953338 0.956877 1.11839
0.0 0.0 0.0 0.939334 0.925218 1.06668
end
gesture a17 hands 2
0.87424 0.654607 1.02079 0.943764 0.927839 1.08072
1.34083 1.20015 0.973981 0.972291 0.970681 0.911032
1.17735 1.4432 1.48528 0.0 0.0 0.0
1.16758 0.565889 1.2071 0.0 0.0 0.0
1.03275 0.700338 0.663303 0.0 0.0 0.0
0.797892 1.60969 0.722867 0.0 0.0 0.0
0.992762 1.24117 0.579669 0.0 0.0 0.0
0.89033 0.641541 1.08847 0.0 0.0 0.0
end
gesture a17 hands 2
0.911489 0.61256 1.18517 0.984835 0.959472 0.979912
1.11863 1.04766 0.744499 0.923454 0.985423 0.891534
1.27139 1.35149 1.10601 1.04218 0.993304 1.11053
1.10386 0.830967 1.74445 0.915898 0.955711 0.946564
1.05059 0.451495 1.37117 0.0 0.0 0.0
0.795688 1.41657 0.54914 0.0 0.0 0.0
0.790541 0.570922 1.27386 0.0 0.0 0.0
0.847977 0.601793 1.24611 0.0 0.0 0.0
end
gesture a17 hands 2
0.878946 0.685028 1.16763 0.919242 0.955192 0.967865
1.2402 1.24524 0.790514 0.916866 0.950407 1.01902
1.212 1.45166 1.37063 0.0 0.0 0.0
1.02185 0.504446 1.10112 0.0 0.0 0.0
0.815994 1.28556 0.485407 0.0 0.0 0.0
0.860714 1.08703 0.571953 0.0 0.0 0.0
0.954593 0.684289 1.36558 0.0 0.0 0.0
0.876429 0.670947 1.22007 0.0 0.0 0.0
end
gesture a17 hands 2
0.915468 0.576277 1.08993 0.936549 0.924815 1.07224
1.20353 1.25311 1.11473 0.948615 0.928647 1.08684
1.06363 1.33601 1.5788 0.0 0.0 0.0
0.968861 0.672477 1.53077 0.0 0.0 0.0
0.892549 0.909785 0.544337 0.0 0.0 0.0
0.804441 1.6353 0.689581 0.0 0.0 0.0
0.769818 1.15149 0.475181 0.0 0.0 0.0
0.934379 0.584713 1.08509 0.0 0.0 0.0
end
gesture a17 hands 2
0.97689 0.694515 1.18507 0.974464 0.91892 1.05861
1.21801 1.22406 1.60811 1.01666 0.998318 0.948655
1.02604 0.704429 1.56126 0.959243 0.930799 1.03544
0.89711 0.790753 0.878067 0.0 0.0 0.0
0.813317 1.57173 0.620296 0.0 0.0 0.0
0.882883 0.922257 0.733361 0.0 0.0 0.0
0.948601 0.693208 1.16025 0.0 0.0 0.0
0.960729 0.699227 1.1527 0.0 0.0 0.0
end
gesture a17 hands 2
0.93364 0.61386 1.13465 0.952402 0.930101 1.03066
1.08265 0.899603 0.851087 1.05373 0.983128 0.927114
1.22655 1.34111 1.21035 0.992133 1.02767 1.08195
1.36001 1.37311 1.45292 0.960998 0.930725 1.03996
1.03105 0.61458 1.51998 0.0 0.0 0.0
0.931169 0.600558 1.03949 0.0 0.0 0.0
0.805018 1.60861 0.718584 0.0 0.0 0.0
0.945998 0.616013 1.14133 0.0 0.0 0.0
end
gesture a17 hands 2
0.914098 0.624545 1.01227 0.953504 0.965326 0.986104
1.30175 1.34153 1.50098 1.00984 0.964402 0.980462
1.23718 0.872336 1.54722 0.0 0.0 0.0
1.29905 0.761703 0.781229 0.0 0.0 0.0
0.740246 1.36459 0.429765 0.0 0.0 0.0
0.471909 1.54361 0.925081 0.0 0.0 0.0
0.923188 1.36691 0.92451 0.0 0.0 0.0
0.958576 0.63637 0.967332 0.0 0.0 0.0
end
gesture a17 hands 2
1.00666 0.569783 1.07007 0.983774 0.95583 0.980582
1.31452 1.39384 1.20641 0.984012 0.957896 1.03571
1.38171 0.931406 1.61731 0.0 0.0 0.0
1.27735 0.655469 0.836771 0.0 0.0 0.0
0.778624 1.27143 0.520848 0.0 0.0 0.0
0.530189 1.47951 1.11833 0.0 0.0 0.0
0.826285 1.17035 0.908103 0.0 0.0 0.0
0.947547 0.647177 1.01491 0.0 0.0 0.0
end
gesture a17 hands 2
1.00782 0.663999 1.01377 1.00743 0.97567 1.01674
1.18766 1.40884 0.855592 0.936789 0.964932 1.06743
1.34396 1.39053 1.41723 0.0 0.0 0.0
1.37353 0.644912 1.20805 0.0 0.0 0.0
1.01415 1.18908 0.471855 0.0 0.0 0.0
0.539114 1.5247 0.870319 0.0 0.0 0.0
0.518554 1.49028 1.09794 0.0 0.0 0.0
0.978392 0.627629 1.05089 0.0 0.0 0.0
end
gesture a17 hands 2
0.924204 0.58346 1.01725 0.948192 0.929311 1.07394
1.22988 1.10854 1.65584 0.926586 0.958637 1.10111
1.03791 0.649135 0.828861 0.0 0.0 0.0
0.720974 1.43853 0.532359 0.0 0.0 0.0
0.709796 1.61426 0.772223 0.0 0.0 0.0
0.993736 0.995956 0.626673 0.0 0.0 0.0
0.89256 0.593334 1.14384 0.0 0.0 0.0
0.888356 0.596009 1.17543 0.0 0.0 0.0
end
gesture a17 hands 2
0.927279 0.59667 1.1947 0.928265 0.961259 1.09806
1.25401 1.18035 1.66047 0.936318 0.96503 1.05375
1.20182 0.829025 1.48606 0.0 0.0 0.0
0.935131 0.943374 0.494781 0.0 0.0 0.0
0.581298 1.51926 0.844568 0.0 0.0 0.0
0.625152 1.48769 0.734118 0.0 0.0 0.0
0.930486 0.975627 0.563077 0.0 0.0 0.0
0.934705 0.581677 1.23756 0.0 0.0 0.0
end
gesture a17 hands 2
0.906684 0.498686 1.20058 0.932475 0.964042 1.04655
1.25398 1.29434 1.46117 0.937043 0.966783 1.07968
1.24892 0.808774 1.4956 0.0 0.0 0.0
1.12956 0.61051 0.863031 0.0 0.0 0.0
0.705369 1.21527 0.457048 0.0 0.0 0.0
0.592444 1.53907 0.832563 0.0 0.0 0.0
1.01377 0.915208 0.60553 0.0 0.0 0.0
0.896459 0.491315 1.21441 0.0 0.0 0.0
end
gesture a17 hands 2
0.899281 0.511459 1.16291 0.984485 0.968844 1.02987
1.39621 1.10763 1.43197 0.90328 0.96216 1.0798
1.13797 0.534307 1.45306 0.0 0.0 0.0
0.951666 0.435835 0.827377 0.0 0.0 0.0
0.712823 1.15617 0.471158 0.0 0.0 0.0
0.735193 1.62715 0.961169 0.0 0.0 0.0
0.814796 1.11408 0.641565 0.0 0.0 0.0
0.862232 0.506135 1.22132 0.0 0.0 0.0
end
gesture a17 hands 2
0.888462 0.588774 1.35398 0.905492 0.962223 1.10335
1.3468 1.37865 1.39709 0.937838 0.97487 1.13149
1.14884 0.620783 1.396 0.0 0.0 0.0
0.898033 0.515037 0.756113 0.0 0.0 0.0
0.731641 1.24236 0.412317 0.0 0.0 0.0
0.806579 1.51533 0.79989 0.0 0.0 0.0
0.928622 0.713594 0.776405 0.0 0.0 0.0
0.914436 0.56129 1.27861 0.0 0.0 0.0
end
gesture a17 hands 2
0.915835 0.543871 1.30655 0.947188 0.980068 1.102
1.2818 1.34197 1.1112 0.93493 0.940381 1.14661
1.3516 1.26283 1.54081 0.0 0.0 0.0
1.15572 0.603597 1.47554 0.0 0.0 0.0
0.840673 0.585901 0.718372 0.0 0.0 0.0
0.724324 1.61604 0.842564 0.0 0.0 0.0
0.788989 0.884718 0.631665 0.0 0.0 0.0
0.905991 0.562536 1.17029 0.0 0.0 0.0
end
gesture a18 hands 2
0.904767 0.568831 1.06985 0.783028 0.693099 1.19009
1.30442 1.16748 1.29716 1.03748 0.788651 0.776234
0.947838 1.41262 1.48435 1.14997 1.21322 0.602456
0.877339 1.69953 0.882219 1.10468 1.76475 0.752129
0.745481 1.57619 0.503135 1.25834 1.66258 1.04334
0.859867 1.22551 0.433904 1.30025 1.17377 1.04327
0.968383 0.733043 0.733907 1.36893 1.01978 1.16083
0.952999 0.601057 1.16519 1.0958 1.16946 0.85922
0.0 0.0 0.0 0.888572 1.00614 0.791153
0.0 0.0 0.0 0.943013 0.87201 0.969007
0.0 0.0 0.0 0.776493 0.71427 1.37109
end
gesture a18 hands 2
0.938368 0.631959 1.23931 0.807686 0.80461 1.40428
1.24067 0.781818 1.09122 0.850905 0.795505 1.23667
1.03762 1.25909 1.47257 0.0 0.0 0.0
0.88034 1.73581 0.924871 0.0 0.0 0.0
0.758636 1.75756 0.570731 0.0 0.0 0.0
0.959167 1.25345 0.437113 0.0 0.0 0.0
0.983629 0.728377 0.853653 0.0 0.0 0.0
0.95193 0.654404 1.06892 0.0 0.0 0.0
end
gesture a18 hands 2
0.950384 0.795123 1.15195 0.872011 0.769618 1.2738
1.35717 1.21035 1.42734 1.20987 1.68565 0.74618
1.1078 1.46451 1.54032 1.30817 1.79266 1.02761
0.922875 1.85636 0.998137 0.786748 0.994423 0.683097
0.655952 1.52444 0.223429 0.873446 0.691261 1.1474
0.642061 0.967521 0.3538 0.947099 0.794111 1.09259
1.03412 0.754423 0.998839 0.0 0.0 0.0
0.942671 0.752228 1.08538 0.0 0.0 0.0
end
gesture a18 hands 2
0.973706 0.660326 1.14049 0.947996 0.75253 1.24232
1.38568 1.22729 1.27325 1.0651 1.34761 0.676656
0.986736 1.55056 1.41959 1.16168 1.78716 0.781322
0.96854 1.76224 0.910655 1.27378 1.42183 0.910145
0.723283 1.50845 0.403366 0.807965 1.02752 0.86138
0.723577 1.35248 0.454106 0.954855 0.754647 1.2023
0.968653 0.750862 0.86794 0.0 0.0 0.0
1.01373 0.634921 1.21866 0.0 0.0 0.0
end
gesture a18 hands 2
1.06082 0.643628 1.238 0.962739 0.762811 1.25293
1.36291 1.10818 1.29414 0.929164 0.751094 1.2516
1.01143 1.61086 1.36875 0.0 0.0 0.0
0.829651 1.71865 0.515419 0.0 0.0 0.0
0.582632 1.4069 0.280287 0.0 0.0 0.0
0.551849 1.36128 0.281493 0.0 0.0 0.0
0.814602 0.929809 0.616023 0.0 0.0 0.0
1.07126 0.641974 1.21475 0.0 0.0 0.0
end
gesture a18 hands 2
1.02256 0.676875 1.18669 0.886406 0.734937 1.23795
1.22217 1.4351 1.43393 1.1693 1.07146 0.755779
0.791834 1.70914 0.425381 1.26166 1.5324 0.725094
0.582249 1.41286 0.263168 1.23311 1.70465 0.811898
0.692979 1.40575 0.411443 1.32843 1.56966 0.927547
1.00823 0.786458 0.82336 1.19435 1.29513 0.888034
1.04264 0.676634 1.29084 0.828805 1.1106 0.805175
0.930495 0.714179 1.0047 0.82323 1.07913 0.725207
0.0 0.0 0.0 0.923402 0.763673 1.17263
0.0 0.0 0.0 0.895354 0.712041 1.3281
end
gesture a18 hands 2
1.0886 0.785273 1.11996 0.873721 0.734888 1.2689
1.193 1.6569 1.38746 1.01009 1.1555 0.49061
0.853013 2.00618 0.43046 1.03017 1.95381 0.721371
0.541161 1.65917 0.199449 0.919088 1.15605 0.460815
0.516305 0.724013 0.931712 0.732224 0.764482 0.986113
0.790377 0.84921 0.9649 0.821435 0.869014 1.38202
0.42044 0.848906 0.769478 0.951791 0.547595 1.11641
0.74324 0.808085 1.08735 1.00414 0.831263 1.42183
0.0 0.0 0.0 0.984757 0.760368 1.32912
0.0 0.0 0.0 0.985756 1.18284 1.05438
0.0 0.0 0.0 0.942352 1.13289 1.10306
0.0 0.0 0.0 1.28435 0.777677 1.0561
0.0 0.0 0.0 1.24689 0.747202 1.19286
end
gesture a18 hands 2
0.854711 1.24681 0.59665 0.661171 0.856111 1.08418
0.92143 1.21402 0.680146 0.645311 0.942731 0.976237
0.975996 1.13757 0.803839 0.660906 1.01752 0.903338
0.994006 0.979178 0.990095 0.734934 1.07736 0.843444
0.961928 0.895914 1.08925 0.790272 1.07126 0.852369
0.888789 0.807139 1.24648 0.872811 1.02173 0.902894
0.953537 0.808288 1.28484 0.984885 0.913425 1.03472
0.933555 0.793438 1.2633 1.0599 0.822983 1.24449
0.0 0.0 0.0 1.05153 0.838718 1.2643
0.0 0.0 0.0 1.03395 0.822307 1.32542
end
gesture a18 hands 2
1.10922 0.806267 1.2371 0.952063 0.71868 1.20962
1.03734 1.8419 1.11093 1.01668 1.73627 0.613309
0.767018 1.91262 0.342814 1.05515 1.80336 0.666399
0.321429 0.844261 0.499693 0.762776 0.742242 1.13342
0.527592 0.73066 1.18442 1.36463 1.07095 1.18986
0.554482 1.00637 0.246894 0.900688 1.22966 1.4709
1.15066 1.35885 0.66935 0.843231 1.84072 0.773728
1.13745 0.781834 1.19991 0.67707 0.926856 1.12465
0.0 0.0 0.0 1.00022 0.714264 1.13434
end
gesture a18 hands 2
1.00661 0.667514 0.993589 0.942271 0.629649 1.21017
1.37095 0.987618 1.63018 0.941454 0.958768 0.671724
1.19771 1.68715 1.60576 1.01858 1.78062 0.779359
1.0505 2.1399 1.01949 1.04173 1.81792 0.846609
0.607619 1.46491 0.492678 0.995258 1.32988 0.503318
0.818313 1.36725 0.958565 0.753812 0.736436 0.837553
0.439032 0.673012 0.97683 0.968923 0.807044 1.51917
1.00359 0.681935 1.03743 1.04683 1.35678 1.04014
0.0 0.0 0.0 1.20341 0.798125 1.05097
0.0 0.0 0.0 0.886745 0.63548 1.12539
0.0 0.0 0.0 0.958248 0.632825 1.17782
end
gesture a18 hands 2
1.05188 0.787512 1.0701 1.01079 0.813638 1.06127
1.35565 0.817998 1.40138 0.97568 0.747892 1.01947
1.31834 1.5711 1.74402 0.942257 1.26146 0.52362
0.974817 2.18801 1.17678 1.02167 1.90365 0.611437
0.671582 1.69059 0.595013 1.06994 1.93703 0.624296
0.618415 0.696222 0.923847 0.901738 1.03418 0.633502
0.822712 1.05678 0.639286 1.03111 0.838476 1.39021
1.0493 0.776075 1.10212 0.976702 0.807631 1.0538
end
gesture a18 hands 2
1.04129 0.789338 1.07504 0.96038 0.737041 1.10191
1.39884 0.90927 1.52163 0.949435 0.696312 1.02728
1.4222 1.50175 1.68515 0.966122 1.01549 0.594169
1.02445 2.23671 0.936391 1.06455 1.93069 0.705633
0.761599 1.97226 0.666167 1.09105 1.94452 0.727435
0.502746 0.725426 0.794999 1.08565 1.59878 0.483755
0.539687 0.884698 0.604671 1.01569 1.05934 0.461426
1.09034 0.775322 1.06617 0.944548 0.755269 1.2612
0.0 0.0 0.0 0.925048 1.09042 1.41026
0.0 0.0 0.0 0.993092 0.742537 1.03494
end
gesture a18 hands 2
1.06933 0.70405 1.14446 0.943578 0.86448 1.15618
1.04119 0.990095 1.00478 1.10295 1.22878 0.607372
1.11948 1.35683 1.2611 1.18314 1.63292 0.611114
0.952692 1.32663 1.43102 1.19927 1.71895 0.549061
0.959436 1.58181 1.01129 1.03637 1.26635 0.542332
0.750349 1.36445 0.565438 0.898325 0.818169 1.33801
0.936912 0.788444 0.936346 0.916701 0.842052 1.38696
1.09797 0.693656 1.25291 0.911389 0.926971 1.01839
0.0 0.0 0.0 0.958657 0.870672 1.09356
end
gesture a18 hands 2
1.06045 0.692945 1.19504 0.956291 0.875044 1.15124
1.18176 1.10696 1.00533 1.04686 0.974064 0.771871
1.03959 1.36892 1.34543 1.14951 1.67345 0.579559
0.820878 1.61236 0.69902 1.14214 1.57158 0.497545
0.697253 1.26819 0.549197 0.875138 0.967305 0.860598
1.02399 0.710281 1.06718 0.86601 0.856609 1.28134
1.09724 0.695985 1.24442 1.03743 0.879649 1.06656
1.075 0.708709 1.15877 0.947261 0.866082 1.25055
0.0 0.0 0.0 0.900636 0.937435 0.944245
0.0 0.0 0.0 0.966895 0.872694 1.08321
end
gesture a18 hands 2
1.05226 0.73054 1.16005 0.959814 0.869999 1.0539
1.15038 1.081 1.04579 1.09178 1.16515 0.587358
1.02769 1.37119 1.37656 1.18304 1.70287 0.615072
0.855868 1.49721 0.728444 1.18823 1.65972 0.529183
0.746403 1.12911 0.557488 0.87571 0.930152 0.875956
0.73638 1.07827 0.607229 0.841132 0.874577 1.23392
1.07973 0.6994 1.2529 0.910972 0.859787 1.10353
1.01759 0.714466 1.13681 0.0 0.0 0.0
end
gesture a18 hands 2
0.899147 0.808071 1.051 0.829826 0.68632 1.20432
0.984354 0.845032 1.07017 0.842613 0.742632 1.12527
1.20963 1.10873 1.02187 0.861947 0.536876 1.26688
1.12982 1.57956 1.13851 1.0822 0.838511 0.754873
0.928343 1.58981 1.22436 1.10078 1.6803 0.835638
0.39504 0.861376 1.11301 1.08926 1.52573 0.79905
0.501273 0.898217 0.818352 1.24977 0.76505 1.31297
0.939804 0.868746 0.804689 1.18365 0.810353 0.96936
0.0 0.0 0.0 0.829802 0.691494 1.2628
end
gesture a18 hands 2
0.990655 0.728537 1.05787 0.943284 0.753961 1.40541
0.96812 0.550035 1.14439 0.86935 0.873168 1.03268
1.22105 0.984065 1.05336 0.868089 0.745687 1.32111
1.1143 1.53421 1.25032 0.609884 0.865566 1.09988
0.979793 1.42746 1.26569 0.963051 0.582273 1.07739
1.08574 1.68609 0.891907 1.28888 0.847109 0.781124
0.862625 1.67593 0.539659 1.327 1.47457 0.72965
0.9303 0.829884 0.759347 1.21123 1.5107 0.698932
0.0 0.0 0.0 1.01689 0.985478 0.815403
0.0 0.0 0.0 0.95678 0.817125 1.20864
end
gesture a18 hands 2
0.952877 0.862699 0.900816 0.972522 0.878208 1.17552
0.955039 0.638826 1.09448 1.39805 1.28824 0.672291
1.11902 1.00779 0.926655 1.22791 1.80982 0.827937
1.21277 1.28121 1.51741 1.10292 0.978756 0.810102
1.11353 1.78836 0.940197 0.991171 0.882679 1.49847
0.667776 1.38021 0.411444 0.920414 0.891858 0.978266
1.08405 0.86525 1.17267 1.00094 0.859773 1.17827
0.946332 0.838563 1.02467 0.0 0.0 0.0
end
gesture a18 hands 2
0.925647 0.7488 1.04239 0.869617 0.868747 1.17535
1.25008 0.977494 0.976014 1.25202 1.79916 0.64645
1.28083 1.41535 1.14585 1.02218 1.09476 0.603062
0.921512 1.6404 1.43163 0.932809 0.891024 1.19007
1.17284 1.8161 1.06348 0.0 0.0 0.0
0.788829 1.56967 0.516708 0.0 0.0 0.0
0.661337 1.07084 0.661828 0.0 0.0 0.0
0.987306 0.746935 1.02101 0.0 0.0 0.0
end
gesture a18 hands 2
0.989173 0.737325 1.09145 0.951979 0.878442 1.13257
1.31025 1.22188 1.07883 0.946175 0.854661 1.16104
1.19312 1.5949 1.30175 0.975233 0.810941 1.02872
1.01724 1.62482 1.4233 1.07995 0.992452 0.652637
1.03313 1.91026 0.914795 1.1042 1.43791 0.499824
0.693957 1.35998 0.55854 1.15415 1.8279 0.590945
0.894914 0.815744 0.86511 1.22156 1.81856 0.61512
0.963102 0.732024 1.06937 1.32678 1.55708 0.583244
0.0 0.0 0.0 1.30028 1.31144 0.592852
0.0 0.0 0.0 1.1404 1.03925 0.684063
0.0 0.0 0.0 0.937971 0.922678 0.871973
0.0 0.0 0.0 0.867684 0.911401 1.01785
0.0 0.0 0.0 0.915784 0.923376 0.896891
0.0 0.0 0.0 0.948057 0.840035 1.1227
0.0 0.0 0.0 0.930622 0.851741 1.35246
0.0 0.0 0.0 0.928319 0.861505 1.4047
0.0 0.0 0.0 0.872944 0.847682 1.11529
end
gesture a18 hands 2
0.956707 0.744114 1.03065 0.888721 0.873396 1.1398
1.20996 1.56529 1.28416 0.960498 0.843782 1.07899
0.939273 1.689 1.46441 1.03532 0.920752 0.819335
1.14206 1.87132 1.02464 1.07195 1.10757 0.605056
0.9194 1.66536 0.564308 1.13848 1.47067 0.513681
0.743261 1.35176 0.51952 1.1962 1.76768 0.55899
0.959614 0.78945 0.886153 1.24739 1.77604 0.595288
0.969794 0.753834 1.04928 1.29647 1.69835 0.595131
0.0 0.0 0.0 1.35302 1.41135 0.52704
0.0 0.0 0.0 1.10253 0.986114 0.591699
0.0 0.0 0.0 0.910417 0.931891 0.837731
0.0 0.0 0.0 0.895103 0.938117 1.02888
0.0 0.0 0.0 0.953386 0.902744 0.960669
0.0 0.0 0.0 1.01976 0.968237 0.841904
0.0 0.0 0.0 1.03112 0.998802 0.838496
0.0 0.0 0.0 0.906923 0.882626 1.241
0.0 0.0 0.0 0.918517 0.921675 1.46707
0.0 0.0 0.0 0.942456 0.877433 1.19827
0.0 0.0 0.0 0.911776 0.86472 1.11471
end
gesture a18 hands 2
0.906403 0.768307 0.995379 0.758638 0.711543 1.22038
1.29366 1.12904 1.28049 0.81262 0.6475 1.27535
1.15884 1.39863 1.50093 0.870979 0.654661 1.0778
1.07728 1.82477 1.34764 0.962631 0.756015 0.836548
1.0353 1.98709 1.04241 1.03464 0.92332 0.688515
0.817152 1.47269 0.51729 1.06746 1.11952 0.599844
0.960475 0.80156 1.02315 1.16976 1.47887 0.577304
0.95362 0.783181 1.02407 1.17773 1.69058 0.673319
0.0 0.0 0.0 1.18104 1.78855 0.814097
0.0 0.0 0.0 1.24477 1.8092 0.976368
0.0 0.0 0.0 1.26904 1.69868 1.06302
0.0 0.0 0.0 1.29617 1.53956 1.0658
0.0 0.0 0.0 1.25632 1.26593 1.0213
0.0 0.0 0.0 1.15972 1.0996 0.959504
0.0 0.0 0.0 1.10067 1.04775 0.93289
0.0 0.0 0.0 1.10411 1.03943 0.953485
0.0 0.0 0.0 0.967391 0.90768 1.01182
0.0 0.0 0.0 0.809974 0.818861 1.04806
end
gesture a18 hands 2
0.928321 0.760432 1.07848 0.783933 0.709707 1.17962
1.20918 0.938595 1.11099 0.732802 0.668131 1.40794
1.23805 1.26122 1.50034 0.752117 0.641594 1.35594
1.01676 2.00601 0.984009 0.900587 0.754361 0.812307
0.852649 1.83607 0.574215 0.998486 1.0475 0.61127
0.728746 1.27172 0.512414 1.15025 1.59414 0.611064
0.791928 0.889439 0.786148 1.23066 1.74219 0.932946
0.940203 0.751593 1.10045 1.25908 1.63839 1.06039
0.0 0.0 0.0 1.19564 1.08515 1.02278
0.0 0.0 0.0 1.13679 1.01399 0.960543
0.0 0.0 0.0 0.955879 0.864606 1.02191
0.0 0.0 0.0 0.908231 0.897684 1.02842
0.0 0.0 0.0 0.813296 0.704074 1.19112
end
gesture a18 hands 2
0.948687 0.818977 1.06636 0.836176 0.753721 1.22089
1.26822 1.07799 1.13207 0.87978 0.771825 0.970056
1.20114 1.38005 1.50787 0.996649 1.14616 0.608816
1.16408 1.45099 1.40503 1.13203 1.74017 0.669787
0.933244 1.69906 0.789507 1.23153 1.80747 0.921961
0.749298 1.34927 0.522292 1.3306 1.37503 1.00446
0.855587 1.01625 0.749471 1.14294 0.986743 0.889971
0.938604 0.805748 1.09008 0.948491 0.948923 0.990833
0.0 0.0 0.0 0.848445 0.78183 1.15123
0.0 0.0 0.0 0.874071 0.791088 1.09555
end
gesture a18 hands 2
0.933825 0.637323 1.09581 0.867071 0.737389 1.2483
1.17639 1.51017 1.43746 0.971072 1.10187 0.581566
0.894423 1.90626 0.909493 1.10714 1.52896 0.594357
0.823078 1.69105 0.479577 1.24464 1.69415 0.829571
0.778811 0.961593 0.396999 1.24221 1.66293 0.698115
0.989696 0.660727 0.862005 1.08607 1.34317 0.550648
0.961045 0.661828 1.21555 0.907946 0.832421 0.917007
0.950463 0.647105 1.04817 0.92208 0.766493 1.3846
0.0 0.0 0.0 0.8977 0.73889 1.2126
end
gesture a18 hands 2
0.955434 0.663552 1.10107 0.902171 0.704177 1.26643
1.21819 1.20511 1.52227 1.0971 1.31407 0.5851
0.958961 1.78662 1.21511 1.20978 1.67695 0.735987
0.950122 1.91218 0.891112 0.89375 0.740397 1.39588
0.746171 1.48395 0.349718 0.897562 0.686517 1.28032
0.639334 0.980171 0.448095 0.0 0.0 0.0
1.08731 0.677926 1.08104 0.0 0.0 0.0
0.962057 0.666719 1.2483 0.0 0.0 0.0
end
gesture a18 hands 2
0.975456 0.654565 1.20056 0.968081 0.710413 1.23391
1.34681 1.01801 1.28855 1.16903 1.7722 0.719212
0.953223 1.68833 1.28946 0.774848 1.08611 0.67216
0.714602 1.45959 0.407866 0.95838 0.817043 1.03624
0.742414 0.685159 0.815591 0.869299 0.744724 1.43061
0.779197 0.958398 0.557132 0.0 0.0 0.0
0.996346 0.70287 1.41928 0.0 0.0 0.0
0.992311 0.654978 1.32336 0.0 0.0 0.0
end
gesture a18 hands 2
0.981948 0.6456 1.08439 0.899803 0.640182 1.31748
1.31491 0.94746 1.08921 0.896685 0.615464 1.05061
1.17832 1.47415 1.30452 0.942782 0.882499 0.708277
0.843059 1.6174 1.26123 0.974313 1.24834 0.593216
0.823889 1.80196 0.931728 1.01038 1.66004 0.810737
0.767075 1.38769 0.480717 1.10682 1.5237 0.779583
0.84694 0.717051 0.789917 1.00221 1.06369 0.715105
0.980681 0.63272 1.11707 1.02341 1.03022 0.719553
0.0 0.0 0.0 0.914657 0.611155 1.28376
0.0 0.0 0.0 0.863426 0.638157 1.4925
0.0 0.0 0.0 0.876704 0.649303 1.43265
end
gesture a18 hands 2
0.97113 0.652309 1.19451 0.865684 0.631743 1.42814
1.30125 1.04731 1.13196 1.0043 0.973252 0.726494
1.1616 1.50046 1.2676 1.03326 1.60124 0.836841
0.87537 1.65083 1.2589 1.0898 1.55425 0.880691
0.825151 1.77696 1.11468 1.07019 1.28206 0.732084
0.782308 1.64311 0.612059 0.903457 0.870403 0.953885
0.796687 1.10165 0.510735 0.880164 0.606124 1.41284
0.989261 0.63062 1.17962 0.8893 0.607482 1.39641
end
gesture a18 hands 2
0.983199 0.680486 1.11888 0.914997 0.70031 1.2818
1.33966 1.01783 1.12121 0.929045 0.70433 1.0397
1.20676 1.48272 1.28925 0.973275 0.958915 0.698475
0.794355 1.90647 0.934976 1.06472 1.31055 0.582715
0.785852 1.30955 0.445314 1.05738 1.77551 0.799896
0.784557 1.1367 0.459869 1.14739 1.69337 0.820408
1.00921 0.678901 1.3809 1.02434 1.14996 0.676697
1.01688 0.650099 1.16776 0.928416 0.825988 1.03341
0.0 0.0 0.0 0.870711 0.745737 1.25667
0.0 0.0 0.0 0.905345 0.718801 1.31588
0.0 0.0 0.0 0.92811 0.743497 1.11533
end
gesture a19 hands 2
0.982639 1.10831 0.994012 0.935772 0.97499 0.967877
0.676928 0.77639 1.05549 1.28559 0.648042 1.00834
0.981741 0.836123 1.05272 0.556427 1.48086 1.01187
1.46077 1.06417 0.980703 0.905741 0.954936 1.03236
0.999671 0.544986 1.19458 0.0 0.0 0.0
0.839183 0.611493 1.15812 0.0 0.0 0.0
0.587377 1.39648 0.824721 0.0 0.0 0.0
1.00459 1.12672 1.02108 0.0 0.0 0.0
end
gesture a19 hands 2
1.01535 0.982871 1.01719 0.890125 0.951858 0.952205
1.18777 0.538958 1.0424 0.868056 0.941193 1.01778
1.56921 1.05656 1.04697 0.999415 0.807059 0.973829
1.58264 1.18309 1.04081 1.09068 0.565855 1.01269
1.25497 0.741494 1.02578 1.48449 0.727822 0.999332
0.452587 1.08384 0.95052 1.66916 0.922352 0.962877
0.460092 1.47462 0.968698 1.67532 1.02211 0.95099
1.05062 0.97984 1.11866 1.36296 0.629442 0.993588
0.0 0.0 0.0 1.13975 0.553503 0.981583
0.0 0.0 0.0 0.760958 0.634126 0.994262
0.0 0.0 0.0 0.419982 1.13334 1.06078
0.0 0.0 0.0 0.62347 1.83557 1.14134
0.0 0.0 0.0 0.569395 1.86774 1.1165
0.0 0.0 0.0 0.49401 1.31207 1.11838
0.0 0.0 0.0 0.678892 1.03357 1.15687
0.0 0.0 0.0 0.947244 0.957701 0.985496
end
gesture a19 hands 2
0.979715 0.995071 1.10038 0.931818 0.977938 1.01656
1.0971 0.657965 1.00281 0.863594 0.970574 1.02736
1.43061 1.14476 0.970479 1.18489 0.685719 0.99615
1.29887 0.943875 0.985324 1.4492 0.880588 0.989112
0.563899 0.906177 0.983165 1.44395 0.933843 0.922092
0.397047 1.23465 0.94308 1.57881 1.18367 0.927538
1.14379 1.03156 1.05474 1.33119 0.718953 1.00365
1.04075 1.00804 1.09111 0.755212 0.695585 0.984319
0.0 0.0 0.0 0.381377 1.12317 0.986655
0.0 0.0 0.0 0.323069 1.45026 1.05036
0.0 0.0 0.0 0.705134 1.03763 1.21896
0.0 0.0 0.0 0.861218 0.985155 1.01076
end
gesture a19 hands 2
0.860884 0.881088 0.884375 0.876725 0.878299 1.12261
1.36891 0.871412 1.05059 0.824114 0.761476 0.987013
1.54416 1.4596 1.07221 0.893633 0.929585 1.07397
1.31006 0.83512 1.12602 0.0 0.0 0.0
0.730715 0.714087 1.05281 0.0 0.0 0.0
0.373418 1.0669 0.934761 0.0 0.0 0.0
0.448828 0.924739 0.903745 0.0 0.0 0.0
0.801455 0.860456 1.13069 0.0 0.0 0.0
end
gesture a19 hands 2
0.93958 0.813668 1.01807 0.966085 0.879989 0.996708
1.16962 0.850835 1.11655 0.285666 1.18318 1.23903
1.55569 1.36726 1.13022 0.92985 0.881538 1.00803
1.46244 1.35604 1.06301 0.0 0.0 0.0
1.02225 0.695219 1.03235 0.0 0.0 0.0
0.350846 1.03979 0.945338 0.0 0.0 0.0
0.524626 0.887222 0.962153 0.0 0.0 0.0
0.95584 0.791874 1.09222 0.0 0.0 0.0
end
gesture a19 hands 2
0.96699 0.829816 1.06262 0.909828 0.874628 0.999345
1.48263 1.01861 1.08429 0.868697 0.871088 1.03757
1.5418 1.50516 1.12183 1.38779 0.90392 0.972156
1.39123 0.890439 1.07242 1.64901 1.23162 1.03535
0.727296 0.755516 0.984544 1.40704 0.80584 0.986303
0.470305 0.934988 0.952002 0.807745 0.761835 0.940886
0.480247 1.0995 0.889009 0.350053 1.23166 1.03058
0.901792 0.831364 1.10197 0.437204 1.36286 1.10988
0.0 0.0 0.0 0.804193 0.871272 1.1654
0.0 0.0 0.0 0.879615 0.870809 1.0201
end
gesture a19 hands 2
1.061 0.793622 0.969289 0.967796 0.694525 0.917451
1.463 1.14738 0.923635 0.987628 1.52329 1.08904
1.07279 0.743849 0.915168 1.09731 0.767392 0.928379
0.688692 1.57915 1.19847 0.0 0.0 0.0
0.428331 0.903756 1.19408 0.0 0.0 0.0
0.826585 1.62161 1.28201 0.0 0.0 0.0
0.802592 0.78185 0.844911 0.0 0.0 0.0
1.17597 0.809331 0.994808 0.0 0.0 0.0
end
gesture a19 hands 2
1.17915 0.888785 0.989867 1.07215 0.704783 0.907038
1.46478 1.33966 0.850779 1.37002 1.13244 0.886929
1.03689 0.837428 0.881299 0.913715 0.672596 0.82054
0.635393 0.951821 1.12626 0.368253 1.06327 1.14134
0.638426 0.927725 1.04889 0.529873 1.34474 1.3473
0.414023 1.32242 1.40958 0.996095 1.50087 1.17667
0.559125 0.901832 0.974515 0.722568 1.37698 1.47373
1.2399 0.78589 1.0919 0.547924 0.765157 1.09369
0.0 0.0 0.0 0.793213 0.613957 0.91872
end
gesture a19 hands 2
1.2324 0.672214 1.07843 0.78733 0.631307 0.938339
1.43268 1.19093 0.863566 1.39545 1.05768 0.933263
1.22726 0.859999 0.796446 0.987774 0.726099 0.815606
0.707824 0.973194 1.27015 0.45059 0.771425 1.03907
0.788849 1.63607 1.34041 0.580512 1.46486 1.27425
0.444705 1.27773 1.10402 1.04733 1.635 1.19398
1.08049 0.827073 0.802355 1.06568 1.34302 1.50021
1.01283 0.77558 0.920944 0.871276 1.3646 1.51963
0.0 0.0 0.0 0.708674 0.742506 0.98989
0.0 0.0 0.0 0.988649 0.813644 0.798216
0.0 0.0 0.0 0.918533 0.743807 0.929672
end
gesture a19 hands 2
1.18416 0.744748 1.04327 0.962095 0.567387 1.05885
1.12788 0.761536 0.870221 1.38957 0.648719 0.836968
1.51898 1.43442 1.08477 1.60764 1.20076 1.07296
1.43456 1.42691 1.34707 1.06999 1.31023 1.06969
1.34765 0.800425 1.02562 1.09304 1.02391 0.696658
0.528066 1.27903 1.10156 1.04535 1.07831 0.641593
0.971042 0.664835 0.996916 0.800131 0.698857 0.768485
0.966397 1.08818 1.03388 0.74238 1.49989 1.33854
0.0 0.0 0.0 0.605921 1.43876 1.20559
0.0 0.0 0.0 0.570378 1.37157 1.47617
0.0 0.0 0.0 1.04688 1.27954 1.01789
0.0 0.0 0.0 1.06974 1.39765 1.01334
end
gesture a19 hands 2
0.940442 1.04063 1.0501 1.00036 1.29498 1.04511
0.939792 0.902415 0.799129 1.01772 0.62474 0.791554
1.47756 0.974209 1.40419 1.60027 1.11295 1.23227
1.55609 0.933534 1.26277 0.75554 0.568524 0.803557
0.919874 0.72226 0.90926 0.384166 0.988222 0.861771
0.445687 1.27724 1.0388 0.783258 0.448858 1.18183
0.485282 1.15988 0.9168 0.0 0.0 0.0
1.1381 0.682825 1.1058 0.0 0.0 0.0
end
gesture a19 hands 2
1.15577 0.751421 1.10507 0.771486 0.578794 1.03499
1.11782 0.890677 0.832939 0.762085 0.577275 1.0609
1.47084 1.00459 1.39162 0.861602 0.65298 0.846138
1.12326 1.07805 1.48104 1.07117 0.772493 0.722503
1.31484 0.748582 0.827705 1.08544 0.711147 0.729872
0.381004 1.33969 1.00024 1.54834 1.1726 1.10346
0.467618 1.09637 0.852893 1.46444 1.39814 1.22941
1.08187 0.771819 1.07423 1.4216 1.12889 1.15675
0.0 0.0 0.0 1.11042 1.44038 0.91624
0.0 0.0 0.0 1.06539 1.29602 0.93102
0.0 0.0 0.0 0.798759 1.28819 1.18812
0.0 0.0 0.0 0.65619 1.34339 1.07951
0.0 0.0 0.0 0.640895 0.584987 0.888628
0.0 0.0 0.0 0.743002 0.581673 1.05343
end
gesture a19 hands 2
1.10328 0.790033 1.05809 0.896965 0.809913 1.07725
1.33959 1.14697 0.958114 1.36109 0.980037 0.796306
1.38336 1.09345 1.01129 1.59678 1.20604 0.898845
1.01305 0.7258 0.967551 1.11131 0.724522 0.870759
0.642952 0.815434 1.03968 0.643122 0.767099 1.0476
0.557985 1.11092 1.18662 0.506931 1.25144 1.33459
0.939872 0.837292 0.929948 0.519026 1.23373 1.36007
1.07751 0.823268 0.952308 1.00731 0.857128 0.984533
end
gesture a19 hands 2
1.04482 0.819802 1.01008 0.962538 0.858905 1.01926
0.946285 0.852546 0.973395 1.48589 1.2069 0.869412
1.30909 1.16866 1.01515 1.55808 1.38991 0.978173
1.34822 1.52866 1.14009 1.34491 0.82655 0.880803
1.24951 0.817272 0.982183 0.909631 0.715964 0.953913
0.821326 0.685014 0.996357 0.395962 1.12318 1.34112
0.581171 1.01929 1.1075 0.410222 1.11667 1.36961
1.08344 0.793563 1.03192 0.912486 0.824496 1.01987
end
gesture a19 hands 2
1.13309 0.803904 1.03899 0.963575 0.85873 1.04761
1.04834 0.85582 0.915469 0.948461 0.867111 0.855676
1.46907 1.51028 1.24257 1.51131 1.18593 0.766348
1.489 1.4609 1.24748 1.61094 1.34705 0.893196
1.206 0.661459 0.966091 1.34281 0.775723 0.894361
0.904781 0.627217 0.999507 0.681526 0.785564 1.00184
0.558242 1.09673 1.11473 0.395188 1.24204 1.34059
0.878276 0.849329 0.954545 0.452985 1.14353 1.32056
0.0 0.0 0.0 0.817763 0.867329 1.15195
end
gesture a19 hands 2
1.01953 0.78266 1.12768 0.832997 0.773389 1.15818
1.34921 1.49283 1.07528 1.53399 1.26974 1.04426
1.28594 0.880544 0.925392 1.53049 1.36026 1.15677
0.347868 1.20541 0.950808 1.26415 0.847432 0.957505
0.446187 1.47361 0.941128 0.725973 0.790372 0.904702
0.596442 1.07177 0.798394 0.420371 1.21973 0.880382
1.20337 0.798432 1.1286 0.626038 1.53127 0.976238
1.05779 0.766433 1.13431 0.694245 1.06991 0.836274
0.0 0.0 0.0 0.97114 0.802599 1.05161
0.0 0.0 0.0 0.866748 0.746899 1.14838
end
gesture a19 hands 2
1.09478 0.752118 1.16265 0.840261 0.731014 1.19111
0.827046 0.76966 0.952574 0.931411 0.978127 0.820276
1.58974 1.17907 1.01214 0.980564 0.756845 0.994445
1.44366 1.4838 1.12493 1.37223 0.831533 1.06571
0.600876 0.831123 0.918725 1.49164 1.36213 1.20391
0.34629 1.44648 0.981829 1.31213 0.884433 1.00061
0.909053 0.786557 0.940989 0.894381 0.756021 1.2148
1.0687 0.761497 1.14486 0.465809 0.973171 0.949716
0.0 0.0 0.0 0.41274 1.50391 0.998879
0.0 0.0 0.0 0.453731 1.45925 0.954079
0.0 0.0 0.0 0.825453 0.77835 1.07293
0.0 0.0 0.0 1.16487 1.00209 0.876722
0.0 0.0 0.0 0.813158 0.738244 1.22362
end
gesture a19 hands 2
1.07611 0.731395 1.14882 0.840679 0.71674 1.21452
0.945171 0.742405 0.920317 0.808175 1.05934 0.79845
1.38456 1.25375 1.07085 0.907899 0.855051 0.887504
0.635861 0.757855 0.936713 1.49511 1.3216 1.18256
0.424837 1.45215 0.988333 0.724246 0.709447 0.944602
0.818105 0.794505 0.892386 0.522162 1.53935 1.04652
1.5117 0.932476 1.33062 0.694703 0.917216 0.899292
1.10677 0.729086 1.17115 1.24222 1.11084 0.924496
0.0 0.0 0.0 0.886309 0.722301 1.19979
end
gesture a19 hands 2
1.04739 0.853802 1.12099 0.872596 0.847825 1.15293
1.17766 0.788924 1.03798 1.04784 0.742207 0.939766
1.45667 1.16256 1.05374 0.521475 1.43945 0.934767
0.819176 0.812661 0.96916 0.905372 0.840215 1.06279
0.446139 1.39436 0.973598 0.0 0.0 0.0
0.461131 1.30156 0.952933 0.0 0.0 0.0
1.16742 0.876386 1.157 0.0 0.0 0.0
1.0683 0.843321 1.1237 0.0 0.0 0.0
end
gesture a19 hands 2
1.02029 0.792541 1.17817 0.836748 0.799865 1.09863
1.34833 1.35777 0.93759 1.29034 0.986461 0.831342
1.10122 0.728576 0.95587 1.47459 1.22623 0.911148
0.830485 0.699248 1.0388 1.48657 1.07673 0.948725
0.447475 1.28131 1.03716 1.26186 0.776866 0.939078
0.608403 1.02737 0.972297 0.813221 0.760216 1.03787
1.01284 0.812388 1.20725 0.634801 1.3489 1.04101
1.00978 0.802724 1.19758 0.656655 1.35518 1.103
0.0 0.0 0.0 0.785943 0.823048 1.19347
0.0 0.0 0.0 0.773784 0.801405 1.06721
end
gesture a19 hands 2
0.968768 0.86202 1.14926 0.818203 0.889067 1.03119
1.2797 1.11863 0.828943 0.835048 0.859073 1.05825
1.29834 1.1708 0.874875 1.06737 0.915834 0.890162
1.31163 0.855406 0.889299 1.48075 1.22193 0.89517
0.64414 0.780669 1.04997 1.51225 1.21533 0.94228
0.54074 1.10046 1.00302 1.24774 0.749023 0.949773
1.06774 0.890286 1.1352 0.886347 0.740215 1.0443
0.96981 0.861206 1.16095 0.694057 1.14702 1.05282
0.0 0.0 0.0 0.791078 1.08387 1.00371
0.0 0.0 0.0 0.831027 0.87972 1.13668
end
gesture a19 hands 2
1.02899 0.724148 1.07275 0.858749 0.632514 0.983689
1.60867 1.28226 1.13888 1.412 0.92968 0.848882
1.60928 1.26546 1.15768 1.50529 1.03382 1.01472
1.48217 0.773821 0.987262 1.3088 0.672101 0.955621
0.714145 0.542731 0.834888 0.707446 0.450143 0.934023
0.426754 1.40505 1.10649 0.543703 0.761336 0.919899
0.388814 1.21451 1.07656 0.505131 1.32733 1.23425
0.970849 0.746469 1.03774 0.533825 1.30686 1.29718
0.0 0.0 0.0 0.680284 1.25752 1.06177
0.0 0.0 0.0 0.75734 1.22623 1.23238
0.0 0.0 0.0 0.882797 1.31957 1.04904
end
gesture a19 hands 2
0.969964 0.674336 0.966695 0.835886 1.15889 0.946335
1.54263 1.2209 1.14602 0.546002 0.589225 0.662286
1.07365 1.04412 1.67144 1.22674 1.17548 1.29732
1.56882 0.822975 1.12604 0.816328 0.435322 0.942946
1.2629 0.449959 0.839605 0.0 0.0 0.0
0.447661 0.724275 0.711551 0.0 0.0 0.0
0.59647 1.47498 1.0953 0.0 0.0 0.0
1.05095 0.618251 1.01125 0.0 0.0 0.0
end
gesture a19 hands 2
0.998364 0.626365 0.995536 0.819904 0.676968 1.01404
0.959065 1.68013 1.43338 1.16023 0.943198 0.740013
1.53234 1.02272 1.15872 1.397 1.34912 0.932681
0.765248 0.369217 0.725069 1.32821 1.39318 1.24366
0.382977 1.40873 1.03024 1.35402 0.9121 1.01668
0.513059 1.45787 1.0724 0.636506 0.552253 0.859929
0.774846 0.549357 0.713167 0.316687 0.945879 0.904204
1.01625 0.619688 1.0247 0.719947 1.50796 1.40255
0.0 0.0 0.0 1.10814 1.82275 1.24501
0.0 0.0 0.0 1.24928 1.48488 1.43762
0.0 0.0 0.0 0.724034 0.982787 1.27121
0.0 0.0 0.0 0.790899 0.67898 1.0191
end
gesture a19 hands 2
1.0336 0.724433 1.0994 0.793875 0.716574 1.13554
1.35443 1.16039 0.943082 1.41568 1.0527 0.968588
1.11508 0.784226 0.98169 1.43552 0.993627 0.967378
0.374427 1.31825 1.0231 1.1469 0.728655 1.00072
0.651628 1.40984 1.11191 0.633224 0.905398 0.936405
0.541757 1.1364 0.825605 0.546428 1.63625 1.18254
0.731177 1.37613 1.08972 0.783173 1.06601 0.866586
1.01186 0.670015 1.16827 0.870109 0.688341 1.08882
end
gesture a19 hands 2
1.15495 0.663733 1.14938 0.795855 0.728259 1.17055
1.4553 1.05262 0.835648 1.39901 1.10965 0.924979
1.3634 0.835087 0.867321 0.995036 0.687113 1.00778
0.231884 1.52713 1.0925 0.224919 1.58403 1.07075
0.607946 1.04137 1.1882 0.965391 1.08046 0.951589
0.705259 1.38674 1.20813 1.40542 0.809815 1.10306
0.70226 0.684112 1.25919 0.682 0.762348 1.14258
1.15499 0.674664 1.18448 0.0 0.0 0.0
end
gesture a19 hands 2
0.954236 0.760515 1.2156 0.852384 0.830594 1.05525
1.29217 1.04642 0.837251 1.44707 1.0446 0.837672
0.831827 0.761749 0.976506 1.49954 1.02192 0.917099
0.272376 1.40838 0.988472 0.604828 0.964917 0.941001
0.314009 1.39394 0.993289 0.405938 1.54818 1.14454
0.865295 0.806243 0.926213 0.834563 0.801238 1.39013
1.34879 1.02482 1.16493 0.817043 0.884946 0.975335
0.953998 0.781507 1.16432 0.0 0.0 0.0
end
gesture a19 hands 2
1.05845 0.643043 1.16947 0.943581 0.594052 1.0628
1.48731 1.2335 0.880289 1.38506 0.917425 0.866876
1.5876 1.25093 0.892588 1.18559 0.437477 1.03287
0.86777 0.513729 1.05461 0.693198 0.519983 1.11096
0.459542 1.39258 1.08451 0.468047 1.22621 1.19307
0.512587 0.883592 0.990534 0.935985 1.65251 1.23225
1.16888 0.650241 1.08039 0.608637 1.13114 1.22014
1.09336 0.643369 1.17396 0.907984 0.599051 1.05121
0.0 0.0 0.0 0.931832 0.599692 0.890107
end
gesture a19 hands 2
1.04042 0.705158 1.22669 1.03043 0.671193 0.984982
1.4531 1.46877 0.938173 1.05951 0.68168 0.960004
1.31519 0.683217 0.933592 1.25886 1.09114 0.723327
0.420595 0.91967 1.0519 1.33263 1.20054 0.776254
0.387514 1.39179 1.05706 1.40578 0.799174 0.922574
0.573534 0.79813 1.00617 0.880725 0.512291 1.10934
1.22639 0.726445 1.13486 0.457415 1.18962 1.16316
1.07714 0.697832 1.17754 0.814441 1.71948 1.2229
0.0 0.0 0.0 0.56438 1.15311 1.20256
0.0 0.0 0.0 0.897788 0.70343 1.20246
0.0 0.0 0.0 0.999318 0.67376 1.07138
end
gesture a19 hands 2
1.02445 0.724353 1.14932 1.03032 0.725445 1.04867
1.35111 1.56925 0.958407 1.31174 1.31686 0.800113
1.34242 0.724076 0.901756 1.18117 0.595179 1.05518
0.450608 0.861857 1.01179 0.482736 1.12624 1.17471
0.462494 1.35202 1.01401 0.741545 1.60375 1.20059
0.583108 0.983889 0.97237 0.649687 1.0574 1.17642
1.11413 0.700918 1.24732 1.04598 0.730758 0.987973
1.00917 0.691189 1.23658 0.0 0.0 0.0
end
gesture a20 hands 2
0.978462 0.837615 1.1963 1.02367 1.05158 1.01688
0.819942 0.251961 1.08763 1.12894 0.554686 1.15183
0.854966 0.286478 1.17258 1.02241 0.703635 1.18795
1.2742 1.138 0.962398 1.09846 0.625674 1.43102
1.01913 1.65587 1.21592 0.737407 1.00974 1.33471
0.96765 1.89924 0.654285 0.952114 1.38902 0.843204
0.918131 1.43401 0.411078 1.01772 1.3316 0.92697
1.02748 0.836225 1.35888 1.00362 0.86406 1.08476
0.0 0.0 0.0 1.0287 1.08824 0.817801
0.0 0.0 0.0 0.901664 0.888144 1.08799
0.0 0.0 0.0 0.972789 1.03979 1.1293
end
gesture a20 hands 2
1.03019 0.745768 1.36717 0.937715 1.08063 1.14568
0.845526 0.299019 1.15902 0.960316 1.09571 1.08646
1.18371 0.953197 0.971533 0.0 0.0 0.0
1.27319 1.44811 1.30465 0.0 0.0 0.0
1.15841 1.48328 1.42584 0.0 0.0 0.0
0.870503 1.69927 0.492924 0.0 0.0 0.0
1.03946 1.05581 0.644259 0.0 0.0 0.0
1.01027 0.765635 1.24659 0.0 0.0 0.0
end
gesture a20 hands 2
1.024 0.843099 1.25447 0.972247 1.06611 1.08589
0.802805 0.205961 1.08597 1.05454 0.607055 1.19473
0.859395 0.221267 1.27612 0.996729 0.979643 1.1003
1.28361 1.2606 1.01966 1.01934 1.1176 0.859284
1.0388 1.54893 1.30444 0.978399 1.07377 1.09089
0.87097 1.71079 0.440496 0.0 0.0 0.0
1.08751 1.58227 0.550785 0.0 0.0 0.0
1.05952 0.834374 1.41148 0.0 0.0 0.0
end
gesture a20 hands 2
0.949611 0.836859 1.05946 1.08527 0.888567 0.981181
1.41664 0.562551 1.43023 0.928176 1.2436 0.424369
1.38268 1.3862 1.38551 0.952735 0.928361 1.58818
1.43398 1.58799 0.845239 0.964116 0.791104 1.05478
0.293676 1.46785 0.534754 0.0 0.0 0.0
0.428755 1.36817 0.703142 0.0 0.0 0.0
1.00591 0.751053 1.0917 0.0 0.0 0.0
1.09723 0.723183 1.1799 0.0 0.0 0.0
end
gesture a20 hands 2
1.00969 0.72011 1.17838 0.890546 0.855661 1.14325
1.31644 0.697625 1.46508 1.27698 1.04268 0.800635
1.10785 0.200718 1.39708 1.28092 0.992256 0.721288
1.35238 1.39888 1.30514 0.736643 1.20038 0.589256
0.898172 1.6882 0.454821 0.597113 0.998089 1.18239
0.306176 1.48109 0.411891 1.09592 0.920415 1.20897
0.353079 1.47839 0.444953 0.665984 0.865895 1.09869
0.938707 1.03522 0.794895 0.0 0.0 0.0
end
gesture a20 hands 2
0.977362 0.958588 0.893301 0.765032 0.891617 1.05139
1.08618 0.270605 1.32995 0.977413 1.17767 0.726078
1.14425 0.303729 1.30566 0.963862 0.88421 1.42771
1.33082 1.43645 1.21612 0.914958 1.12435 0.709376
1.05454 1.82184 0.417463 0.719809 0.822533 1.36624
0.361882 1.63622 0.354974 1.29603 0.905069 1.28796
0.727299 0.856955 0.777231 0.0 0.0 0.0
1.09499 0.809577 1.18209 0.0 0.0 0.0
end
gesture a20 hands 2
1.01059 0.992291 1.14579 0.976271 1.04811 1.01635
0.953039 0.37924 0.983649 1.06757 0.768324 1.01431
0.938236 0.284327 1.02007 1.09225 0.819743 0.991189
0.953086 0.512718 1.24005 1.01505 0.78627 0.988988
1.00043 1.12551 1.21527 1.02645 0.977822 0.980154
0.780017 1.88749 0.505015 0.912656 1.06237 0.87574
0.98838 1.05333 0.871417 0.899616 1.07308 1.11614
1.03853 0.972124 1.21761 0.903751 0.977242 1.2206
0.0 0.0 0.0 0.89015 1.03459 1.03784
0.0 0.0 0.0 0.908101 1.02615 0.997363
0.0 0.0 0.0 0.968404 0.969763 1.07181
0.0 0.0 0.0 0.945848 1.01082 1.06179
end
gesture a20 hands 2
1.04137 0.776676 1.24106 0.912832 1.02208 1.09121
0.97457 0.206592 0.937859 1.02728 0.668863 1.04655
0.935026 0.87442 0.903934 0.72402 0.816978 1.28785
1.41651 1.30648 1.497 1.06666 0.983367 0.889482
1.09544 1.68351 1.61054 0.912976 1.01558 1.082
0.93588 1.92416 0.73973 0.0 0.0 0.0
0.940752 1.18218 0.581724 0.0 0.0 0.0
1.04315 0.781351 1.26594 0.0 0.0 0.0
end
gesture a20 hands 2
1.05413 0.755272 1.26417 0.951947 1.03531 1.06937
0.919453 0.12884 0.992949 1.04077 0.52703 1.03432
1.54769 1.13226 1.24877 1.05209 1.06918 0.870184
1.22935 1.69372 1.45789 0.935802 1.03173 1.03364
0.999486 1.99735 1.07643 0.0 0.0 0.0
0.542231 1.37905 0.476334 0.0 0.0 0.0
1.02156 0.810384 0.991878 0.0 0.0 0.0
1.03372 0.73206 1.25712 0.0 0.0 0.0
end
gesture a20 hands 2
1.18034 0.777126 1.18645 1.0073 0.990984 1.02671
0.786966 0.297704 1.04345 0.843365 0.61752 1.14915
0.793443 0.568666 0.9064 1.09004 1.13355 0.746131
1.02459 1.1361 0.874336 0.903786 0.957986 1.15123
0.928684 1.58309 1.27526 0.0 0.0 0.0
0.853024 1.43575 0.667787 0.0 0.0 0.0
1.04839 0.745869 1.20826 0.0 0.0 0.0
1.0782 0.739218 1.2371 0.0 0.0 0.0
end
gesture a20 hands 2
1.11965 0.763646 1.31183 0.946527 1.003 1.04596
0.831606 0.324075 1.06589 0.894906 0.676092 1.10928
0.851607 0.300268 1.08651 0.947044 1.14129 0.744375
0.857236 0.702281 0.911272 0.952092 1.01034 1.09129
1.07446 1.59115 1.27352 0.0 0.0 0.0
0.84866 1.63647 0.783743 0.0 0.0 0.0
0.880024 1.40225 0.694644 0.0 0.0 0.0
1.04808 0.780799 1.14505 0.0 0.0 0.0
end
gesture a20 hands 2
1.06907 0.7821 1.12645 0.938198 1.02209 1.08177
0.801674 0.314775 1.18721 0.893164 0.70629 1.28679
1.02945 1.15005 0.955503 0.899476 0.681015 0.980893
0.996282 1.55656 1.36239 1.16629 1.16973 0.663146
0.890314 1.70363 0.774577 0.945832 1.01414 1.35397
0.829301 1.22372 0.636102 0.916494 1.00703 1.0352
1.11384 0.771092 1.19856 0.0 0.0 0.0
1.18979 0.779648 1.36948 0.0 0.0 0.0
end
gesture a20 hands 2
0.954625 0.86623 1.19138 0.904088 1.04533 1.1143
1.02079 0.797191 0.965341 1.0404 0.805166 0.733451
0.977053 0.266806 0.921927 1.03479 0.655135 0.962473
0.961782 0.203651 0.89178 1.02819 1.15992 0.9068
1.36469 1.21422 1.18751 0.922086 1.06457 1.27001
1.25719 1.65279 1.37888 0.0 0.0 0.0
0.815863 1.85305 0.829398 0.0 0.0 0.0
0.62904 1.25386 0.673403 0.0 0.0 0.0
end
gesture a20 hands 2
0.837531 1.07026 0.867617 0.812049 1.11388 0.993376
0.988146 0.890283 1.29041 1.00685 0.553654 0.909367
0.909544 0.271924 0.881607 0.946239 1.11394 0.918181
0.868316 0.241061 0.871061 1.06295 1.06348 1.34173
1.27606 1.5793 1.1467 0.815115 1.11726 0.819455
1.06396 1.78557 0.613963 0.989777 1.05393 0.919696
1.00563 0.950149 1.24893 0.0 0.0 0.0
0.959879 0.890159 1.27817 0.0 0.0 0.0
end
gesture a20 hands 2
0.989617 0.695548 1.6988 0.830598 0.735393 1.7366
1.02372 0.418398 1.69659 0.874923 0.493215 1.65741
0.948007 1.01679 -0.721243 1.01754 0.122058 1.53251
1.03462 0.813107 1.61875 1.21087 1.07888 -0.695103
1.09267 0.976689 1.49956 0.91337 0.966132 1.48307
0.899912 1.79701 1.26643 0.962335 0.92284 1.51573
0.99019 0.7092 1.73185 1.10653 1.03646 1.42004
1.00317 0.709773 1.71246 1.19955 1.47667 1.37991
0.0 0.0 0.0 1.24461 1.70866 1.55507
0.0 0.0 0.0 1.21336 1.65923 1.74998
0.0 0.0 0.0 1.14527 1.7853 1.58218
0.0 0.0 0.0 0.85367 1.76219 1.33918
0.0 0.0 0.0 0.683558 1.60864 1.337
0.0 0.0 0.0 0.526278 0.974726 1.64361
0.0 0.0 0.0 0.801729 0.758528 1.82773
0.0 0.0 0.0 0.810947 0.792275 1.59386
0.0 0.0 0.0 0.831694 0.769732 1.62314
end
gesture a20 hands 2
0.934898 0.742595 1.17839 0.941399 1.05453 0.984999
0.877393 0.150062 0.964669 1.01319 0.379374 1.13804
0.560255 0.651641 1.08431 0.962816 1.14625 0.936533
0.855713 0.517142 0.946015 0.945891 1.09833 1.04643
1.2262 1.16515 1.10725 0.0 0.0 0.0
1.04608 1.87672 1.01631 0.0 0.0 0.0
1.09529 0.930419 0.91927 0.0 0.0 0.0
1.05285 0.855288 1.00071 0.0 0.0 0.0
end
gesture a20 hands 2
1.05417 0.717043 1.35171 0.908715 0.929545 1.34669
0.854072 0.476145 1.2663 0.928711 0.908526 1.3543
0.892438 0.955152 -0.939462 0.0 0.0 0.0
1.14898 1.30965 1.44931 0.0 0.0 0.0
1.06521 1.40473 1.65591 0.0 0.0 0.0
0.986422 1.81424 1.41798 0.0 0.0 0.0
1.16565 1.31855 0.96831 0.0 0.0 0.0
0.95682 0.65721 1.458 0.0 0.0 0.0
end
gesture a20 hands 2
0.982259 0.947216 1.16135 0.908914 1.0295 1.06499
0.804668 0.435175 0.921731 1.05715 0.812804 1.12878
0.933838 0.841872 0.729329 1.0696 0.649924 1.03959
1.33563 0.958078 1.05987 1.14423 0.761069 0.982126
1.20523 1.74298 1.20394 1.12334 0.701454 1.0578
0.980313 2.07986 0.868404 0.936212 0.837171 1.15298
0.831639 1.55203 0.573916 0.850256 0.842703 1.08728
0.93023 1.15083 0.789984 0.784045 1.11772 0.909519
0.0 0.0 0.0 0.767797 1.19358 0.788797
0.0 0.0 0.0 0.855707 1.13164 1.03553
0.0 0.0 0.0 1.04363 1.18991 1.04676
0.0 0.0 0.0 1.03761 0.867078 0.979839
0.0 0.0 0.0 1.07579 1.04775 0.820412
0.0 0.0 0.0 0.970805 1.07257 0.855244
0.0 0.0 0.0 0.929463 1.03177 1.16223
0.0 0.0 0.0 0.91346 1.0246 1.1548
end
gesture a20 hands 2
1.08703 0.788541 1.13846 0.877991 0.985908 0.867462
0.936375 0.291153 0.981553 0.946438 0.915306 1.08204
0.965675 1.06262 0.839078 0.892743 0.903295 1.01464
0.873513 0.419704 0.934087 1.11879 0.688538 1.29386
1.14018 0.965618 0.810555 0.88386 0.755992 1.30087
0.92526 1.90052 1.26955 1.02048 0.916863 1.00652
0.837678 1.68645 0.600433 1.12615 1.39934 0.637393
0.880054 0.956761 0.760749 1.07175 1.5113 0.564818
0.0 0.0 0.0 0.966467 1.13515 0.848176
0.0 0.0 0.0 0.760743 0.911995 1.29833
0.0 0.0 0.0 0.748915 0.911923 1.35261
end
gesture a20 hands 2
0.93462 0.836778 0.909669 0.742348 0.910343 1.33168
0.973646 0.467772 0.909642 0.901626 0.71562 1.24778
0.91041 0.198373 0.981098 1.20844 1.42867 0.705749
1.04699 1.22295 0.858031 1.14095 1.46175 0.542418
1.11315 1.56593 1.51294 0.856877 0.91604 1.23193
0.852991 1.61448 1.38182 0.0 0.0 0.0
0.923057 1.87269 0.686855 0.0 0.0 0.0
0.950897 0.893137 0.799004 0.0 0.0 0.0
end
gesture a20 hands 2
0.947193 0.825233 0.925711 0.892784 0.975977 1.18668
0.956524 0.162223 0.92218 0.907235 1.00259 0.894769
0.803031 0.708282 1.00086 0.0 0.0 0.0
0.935049 1.63737 1.29354 0.0 0.0 0.0
0.931501 2.04872 0.988051 0.0 0.0 0.0
0.976874 1.02592 0.587841 0.0 0.0 0.0
1.1032 1.03476 1.58025 0.0 0.0 0.0
1.16247 0.802485 1.31194 0.0 0.0 0.0
end
gesture a20 hands 2
1.00405 0.692827 1.26856 0.990891 1.02754 0.906685
0.982553 -0.0549012 1.08152 0.953459 0.781016 1.34589
0.991684 0.33596 1.05936 1.01803 0.673294 1.02123
1.08203 1.20339 0.889501 1.3213 1.1605 1.25925
0.901658 1.68396 1.19013 0.9483 0.876732 1.13183
0.928922 1.84985 0.816135 0.946178 1.10932 0.876283
0.931716 0.808952 0.963395 0.927316 1.03187 1.04302
0.932207 0.721414 1.17775 0.0 0.0 0.0
end
gesture a20 hands 2
1.06313 0.640359 1.2326 0.94056 1.15901 1.06949
1.04418 0.236464 1.11289 0.965366 0.75477 1.22819
0.699228 0.772464 1.05651 0.898049 0.893975 1.1173
0.936287 0.971279 1.10758 1.06615 0.451489 1.11849
0.651354 0.651192 1.09982 0.882545 0.784331 0.996682
1.04376 1.58517 1.11893 1.06085 0.425702 1.12103
0.975724 1.8342 0.774284 1.10131 0.579237 1.1815
1.04936 0.96667 0.731503 0.968851 1.23552 0.766768
0.0 0.0 0.0 0.924089 1.16566 1.02947
end
gesture a20 hands 2
1.13204 1.12851 0.853706 0.76668 0.758292 0.973982
1.18905 1.02751 1.07918 0.692706 0.427393 1.07936
1.18217 0.569196 0.946141 0.583453 0.526786 1.22125
1.15065 0.653259 1.05621 0.743981 0.672594 1.16759
1.1401 1.14338 1.01477 0.565139 0.918589 1.17304
0.75973 1.03503 1.07765 1.30947 0.978573 1.01848
0.758814 1.06661 1.16682 1.38872 1.32969 0.966331
1.13862 1.0834 0.981011 1.18416 1.37566 1.07564
0.0 0.0 0.0 1.29582 1.16044 0.883111
0.0 0.0 0.0 1.32961 1.30178 1.07804
0.0 0.0 0.0 0.78749 0.75803 1.05511
end
