gesture a01 hands 2
0.950802 0.685312 1.23219 0.955492 0.969903 0.991635
0.984369 0.677805 1.23602 1.0051 0.975834 0.950999
1.02784 0.73756 1.08726 0.990313 0.964149 0.999028
1.13776 0.991262 0.816835 0.958353 0.97197 0.993108
1.21832 1.34254 0.721982 0.974223 0.974107 1.08875
0.877398 1.55014 0.729238 0.986565 0.984359 1.06746
0.793131 1.57972 0.732324 0.957305 1.07431 1.0917
1.0653 1.59983 0.72133 0.982763 0.994401 1.08883
0.847442 1.5955 0.743746 0.948181 0.96842 1.16187
0.962979 1.59638 0.725075 0.978902 1.01947 1.17619
1.11055 1.27854 0.661279 0.949671 0.97377 1.10229
1.12283 0.979327 0.805961 0.993247 1.00067 1.02133
1.07159 0.745014 1.09197 0.99536 1.00367 1.0771
end
gesture a01 hands 2
1.00886 0.589015 1.2994 1.00392 0.98185 1.04953
0.999741 0.568002 1.37266 1.04059 0.969798 1.01339
1.03587 0.701479 1.08915 1.02972 0.975852 1.0238
1.13652 1.15788 0.832185 1.0176 0.966199 1.03076
1.08501 1.37417 0.796105 0.97402 0.963815 0.972585
0.77009 1.44607 0.803022 0.931733 0.967697 1.05524
0.874854 1.46715 0.770977 0.924713 0.963631 1.01262
0.869261 1.42825 0.764626 0.938596 0.9821 1.0645
0.825964 1.42498 0.788648 0.95068 0.947036 1.05186
1.04007 1.26753 0.723893 0.926488 0.974605 1.09836
1.10522 0.74164 0.969257 0.933413 1.01381 1.02354
1.07043 0.603303 1.19458 0.956712 0.968978 1.03698
0.983045 0.576455 1.26296 0.953669 0.960415 1.02338
end
gesture a01 hands 2
0.959907 0.613749 1.28492 0.969602 0.960755 1.04585
1.0558 0.607378 1.33309 1.0413 0.960313 0.982814
1.0012 0.66486 1.19238 1.03542 0.96452 1.02192
1.04661 0.802526 0.947519 0.942034 0.952806 1.00052
1.10846 1.2352 0.73744 0.882092 0.99091 0.986639
1.0131 1.42289 0.708372 0.894628 0.959546 1.01193
0.761093 1.50734 0.760399 0.922294 0.935884 1.08008
0.820983 1.50433 0.737038 0.90052 0.966525 1.15931
0.755805 1.47567 0.78783 0.930159 1.00748 1.09859
0.886446 1.4482 0.795703 0.921346 0.98942 1.10865
1.08693 1.17329 0.766529 0.927901 1.02103 1.05462
1.10827 0.869205 0.91604 0.958366 0.986801 1.02059
1.0075 0.64192 1.22418 0.959253 0.973597 1.05069
end
gesture a01 hands 2
0.944246 0.487312 1.29489 1.05683 0.960255 1.02066
1.16921 0.63068 1.0815 1.07309 0.969177 1.02146
0.967933 0.493774 1.29504 0.912014 0.96042 1.07152
1.35557 0.690873 0.973485 0.952081 0.818723 1.02689
1.36055 1.4023 0.900846 0.94693 0.888977 1.07328
0.848852 1.58645 0.827464 1.08345 0.949713 0.905663
1.27575 1.51379 0.871245 1.05692 1.05066 0.996077
0.646191 1.49912 0.908126 0.914826 0.928746 1.06313
1.09888 1.46451 0.803405 0.964375 0.941833 1.08028
1.1426 0.706365 0.984936 0.823302 0.925706 1.0309
1.07663 0.533673 1.21161 0.88792 0.922374 1.02274
0.39278 0.464774 1.19821 0.964638 1.09523 1.02064
0.303505 0.5726 1.52155 0.817053 1.20719 1.09509
end
gesture a01 hands 2
1.0121 0.899317 0.997434 0.47859 0.691629 1.325
0.851372 1.00417 1.01554 0.474243 0.732842 1.35569
0.992382 0.780849 0.832333 1.19318 0.465588 1.2009
0.888327 0.897205 0.72158 1.18625 1.08166 0.886627
0.987427 0.731659 0.779697 0.930068 1.20679 0.793391
0.840212 0.880546 1.02862 0.797816 1.17644 0.917728
1.08601 0.825623 1.27532 0.864872 1.28094 1.00991
0.694055 1.46128 1.02199 1.01444 1.1685 0.927826
0.721384 1.28694 1.17822 1.06637 1.0977 0.951382
0.73234 1.22657 1.1054 0.892456 1.16142 0.83283
1.05654 0.904877 1.09108 0.990663 0.879606 1.20224
1.30798 0.824701 1.2604 0.982991 0.936856 1.21979
1.09974 0.896326 1.30458 1.0342 0.862113 1.24274
end
gesture a01 hands 2
0.52751 0.492211 1.4873 1.17688 0.914575 1.08965
1.05374 0.69711 1.29269 1.17246 0.891018 1.07664
1.08459 0.780614 1.4105 1.29088 0.737604 1.0225
0.80684 1.42518 0.771666 1.21713 0.851725 1.01523
0.734563 1.54382 0.705409 0.996553 1.22571 1.02646
1.29971 1.52396 0.652667 1.00792 1.32629 0.936404
0.678088 1.52033 0.752912 0.977876 1.1145 1.0147
0.884978 1.38606 0.811397 0.91053 1.19078 1.00493
0.864637 1.56952 0.694575 1.12462 1.17912 1.06746
1.32565 1.41978 0.616472 0.955587 1.21447 0.979388
1.43595 0.941033 0.659821 0.913208 0.586336 0.934725
1.22942 0.576291 1.10172 0.681335 0.495544 1.02895
1.06593 0.551736 1.11597 0.817945 0.344227 1.05504
end
gesture a01 hands 2
0.903127 0.424606 1.23077 0.993514 0.974565 1.04696
1.18889 0.705664 0.926277 0.964197 0.971966 0.999966
1.36438 1.14041 0.833801 0.99041 0.986617 1.07313
1.22273 1.4996 0.840392 0.961179 0.971943 1.00961
0.994399 1.62413 0.836954 0.99098 0.982766 1.06552
0.575989 1.58174 0.922276 0.939085 0.986127 1.00715
0.4622 1.53611 1.00373 0.961465 0.916232 1.0516
0.576884 1.60791 0.941285 1.03075 1.01318 0.902166
0.962373 1.65323 0.843824 0.960799 0.884309 1.06184
1.36518 1.44516 0.867472 0.950328 0.874478 1.05404
1.35565 0.744815 0.916686 0.926375 1.00642 1.03164
1.15365 0.487771 1.11817 1.00005 0.981814 1.07579
0.911434 0.418599 1.32294 0.991968 1.00049 1.01766
end
gesture a01 hands 2
0.862995 0.280853 1.40443 0.973814 0.974068 1.02903
1.1363 0.383774 1.1762 0.942174 0.955905 1.01859
1.3036 0.707549 0.972958 0.955248 0.964844 1.02327
1.2041 1.26401 0.874462 0.950125 0.945922 1.09076
0.926044 1.40782 0.864775 0.943596 0.956659 1.05507
0.628052 1.40202 0.926014 0.968451 0.95059 1.10367
0.478955 1.34221 1.01229 0.960687 0.941901 1.10177
0.462071 1.33157 1.03173 0.94612 0.968365 1.02712
0.901235 1.44616 0.906681 0.941727 0.95405 1.05707
1.29701 1.23892 0.923136 0.960724 0.973904 1.03014
1.2929 0.731601 0.96859 0.962527 0.964711 1.04899
1.11702 0.367173 1.19127 0.961152 0.972803 1.01063
0.960003 0.278927 1.35345 0.986941 0.960153 1.03077
end
gesture a01 hands 2
0.888355 0.445855 1.31068 0.96196 0.975034 1.0222
1.28805 0.775322 0.92362 0.976424 0.970682 1.04197
1.32031 1.1627 0.801605 0.978285 0.966835 1.02581
1.19866 1.40645 0.753322 0.973916 0.966876 1.05864
1.09348 1.49144 0.756613 0.942419 0.965476 1.02799
0.801926 1.58523 0.827288 0.947753 0.952235 1.06803
0.549012 1.54129 0.941381 0.980807 0.943122 1.05528
0.522011 1.56972 0.940104 0.956885 0.967947 1.04289
1.09028 1.54226 0.772924 0.948815 0.965937 1.07386
1.37058 1.22606 0.814615 0.940901 0.956344 1.0408
1.32346 0.652605 1.0609 0.961027 0.974254 1.07106
1.12866 0.468853 1.2323 0.981863 0.980578 1.01061
0.887544 0.434001 1.31697 0.966155 0.982844 1.02627
end
gesture a01 hands 2
1.05695 0.47602 1.12655 1.00491 0.960556 1.06296
0.981864 0.966281 0.8881 0.956303 0.990928 1.01205
0.974273 1.18815 0.879488 0.976549 0.958129 1.02303
0.866425 1.44201 0.951771 0.97957 0.995502 0.989408
0.994815 1.58564 0.938939 0.955214 0.965716 1.04193
0.971686 1.56893 0.923761 0.964292 0.981757 1.02133
0.840846 1.52727 0.960379 0.954409 0.942504 1.10353
0.943621 1.58346 0.98686 0.958249 0.945187 1.02333
0.959785 1.55141 0.946093 0.960242 0.954065 1.0551
0.838048 1.28118 1.00978 0.982915 0.995284 0.998878
0.810037 1.01278 0.948065 0.931944 0.980698 1.06294
0.885896 0.654801 0.971165 0.973374 0.969913 1.02733
1.05 0.456836 1.2092 0.949851 0.971522 1.04258
end
gesture a01 hands 2
1.08834 0.470948 1.21436 0.953489 0.964146 1.03391
0.903179 1.02669 0.897857 0.986314 0.97308 1.00665
0.870679 1.37511 0.952185 0.937309 0.969123 1.05117
0.793899 1.40276 0.944551 1.00842 1.00719 1.01945
0.996451 1.54924 0.904007 0.94086 0.973486 1.01536
0.964891 1.54242 0.906284 1.01111 0.979502 1.06747
0.805303 1.47436 0.956096 0.944212 0.938131 1.04945
0.826867 1.4954 0.954416 0.941988 0.907133 1.07685
0.968492 1.55202 0.917549 0.994457 0.957062 1.06109
0.87612 1.44337 0.917891 0.977031 0.932995 1.03138
0.857435 0.830933 0.958069 0.975276 0.986162 1.00938
0.996421 0.606988 1.01137 0.927624 0.984816 1.03914
1.12075 0.468014 1.19911 0.954794 0.956533 1.05125
end
gesture a01 hands 2
1.10406 0.44339 1.25204 0.955361 0.965825 1.05113
1.07997 0.439152 1.22875 0.961562 0.965313 1.02678
0.985023 0.596947 1.03028 0.968449 0.989658 1.0404
0.892966 0.997745 0.896324 0.944476 0.993331 0.981763
0.801971 1.38986 0.957789 0.948417 0.931333 1.05764
0.958714 1.52747 0.92396 0.959615 0.94833 0.993934
1.03312 1.51626 0.894374 0.991456 0.930685 1.02533
0.860444 1.49348 0.926058 0.949916 0.961006 1.07062
1.00112 1.52019 0.910904 0.967842 0.964925 1.04508
0.85137 1.4478 0.931627 0.943043 0.974487 1.11837
0.869216 1.40522 0.906372 1.01383 0.996214 1.05996
0.963182 0.614663 1.02197 0.948868 0.972428 1.03807
1.1155 0.45247 1.25338 0.964533 0.964652 1.02093
end
gesture a01 hands 2
1.07608 0.34469 1.18357 0.97987 0.969516 1.01864
1.05528 0.743814 0.695085 0.989398 0.983305 0.987851
0.9052 1.16471 0.728691 0.977997 0.990482 1.01935
0.757232 1.36568 1.03258 0.968079 0.976443 1.06002
1.09557 1.49751 0.935453 0.986061 0.971335 1.0233
1.23487 1.4595 0.960468 0.969527 1.02129 1.02783
0.80349 1.42245 0.975637 0.998516 0.952198 1.03549
0.956616 1.4753 0.931424 0.972066 0.967501 1.05944
1.27851 1.40863 0.958206 0.989308 0.98139 1.02376
1.23141 1.43565 0.935731 0.963961 1.0213 1.03437
0.738484 1.27847 1.03386 0.981163 0.967463 1.03241
0.791777 0.71684 1.00955 0.955733 0.95433 1.01794
1.04351 0.312161 1.22825 0.949112 0.944645 1.0308
end
gesture a01 hands 2
1.0143 0.349271 1.28174 0.926945 0.938414 1.0358
0.974548 0.487083 0.925758 0.956417 0.932026 1.04309
0.839435 0.825876 0.805715 0.942958 0.938596 1.02815
0.677218 1.18515 0.969339 0.980595 0.952209 1.05225
0.733468 1.36408 1.02812 0.973963 1.0005 1.03774
1.1521 1.44864 0.928737 0.979815 0.946012 1.05879
1.15528 1.43683 0.923839 0.959914 1.01744 1.03304
0.671544 1.269 1.03714 0.974694 0.964866 1.05821
1.16201 1.43421 0.914822 0.960641 0.975974 1.04821
1.277 1.35423 0.934404 0.955612 0.96707 1.05327
1.23726 1.06636 0.870161 0.959384 0.982949 1.02461
1.06786 0.421422 1.15502 0.957734 0.942305 1.03461
1.01291 0.339989 1.28233 0.971576 0.940795 1.00065
end
gesture a01 hands 2
1.04461 0.232298 1.27255 0.930949 0.939945 1.00245
1.05075 0.556281 0.826524 0.980396 0.979317 1.03906
0.790606 1.01257 0.850182 0.996164 0.962596 1.03178
0.676328 1.15563 1.07224 0.97268 0.96313 1.06818
1.01506 1.32619 0.882218 0.993078 0.957357 1.02506
0.691296 1.14573 1.06477 0.966847 0.993683 1.02464
1.21369 1.27885 0.951868 0.979622 0.964478 1.03555
1.00197 1.35329 0.956174 0.985478 0.997388 1.01271
0.658632 1.09084 1.09377 0.990539 0.969965 1.01674
0.766515 1.27415 0.961267 0.972441 1.01222 1.03509
1.35385 0.985028 0.930369 0.988003 0.954959 1.04434
1.24344 0.378462 1.18191 0.966118 0.987924 1.03827
1.00335 0.242007 1.33967 0.977428 0.957608 1.04857
end
gesture a01 hands 2
0.93784 0.382664 1.25108 0.979488 0.953424 1.03559
0.960354 0.59236 1.01119 0.964582 0.947842 1.05654
1.06449 1.14253 0.857365 0.983872 0.964053 1.01892
1.01829 1.47478 0.89725 0.968598 0.99565 1.04018
0.794939 1.40991 0.934286 0.986079 0.943284 1.03145
1.29146 1.344 1.0346 0.98444 0.947219 1.01906
1.25019 1.35247 0.993182 0.967019 0.993533 1.03086
0.74221 1.39696 0.925632 0.965488 0.98389 1.02974
1.08733 1.4394 0.943363 0.958695 1.00764 1.04154
1.094 1.44845 0.948571 0.97833 1.0063 1.01603
1.03582 0.885846 0.877754 0.999966 0.958051 1.00187
0.956165 0.360238 1.27233 0.964681 1.02298 1.02604
0.946165 0.379437 1.27234 0.97187 0.957654 1.03238
end
gesture a01 hands 2
0.937092 0.272448 1.28956 0.970239 0.953677 1.03782
0.97645 0.390283 1.10472 0.966778 0.992218 1.03121
0.924633 0.96196 0.957503 0.968735 0.972697 1.04529
0.852841 1.36169 0.912565 1.01319 0.909592 1.00472
0.817222 1.293 0.90112 1.00313 0.923876 1.00097
1.26941 1.25442 1.02441 0.974993 0.952555 1.02975
1.22802 1.26131 0.975845 0.962285 1.03633 1.01497
0.803837 1.2992 0.944345 0.968845 0.973057 1.02812
0.813817 1.32122 0.954948 0.962808 0.999817 1.04192
1.26484 1.29394 1.07515 0.97197 0.988003 1.0341
1.23877 1.29888 1.03225 0.966387 1.01876 1.04026
1.03578 1.17425 0.883618 0.975248 0.973406 1.03634
0.949131 0.282353 1.27209 0.967656 0.95962 1.03639
end
gesture a01 hands 2
0.910769 0.301966 1.29561 0.96806 0.950598 1.03712
0.870096 0.878699 0.962049 0.960128 0.9925 1.04236
0.867462 1.38012 0.930148 0.969696 0.973846 1.03488
0.814983 1.37605 0.899492 0.980244 0.924453 1.03975
1.24092 1.30283 1.0201 0.988362 0.948687 1.01922
0.790672 1.35183 0.941739 0.95939 1.00109 1.03541
0.858247 1.38311 0.951753 0.972016 0.977564 1.01651
1.23977 1.32884 1.06772 0.974239 0.983175 1.02608
1.04613 1.37055 0.948445 0.963914 1.00072 1.0344
1.06574 0.992549 0.880242 0.975664 0.973287 1.03118
1.01245 0.497116 1.03694 0.964642 1.00426 1.03217
0.924013 0.309977 1.27219 0.970455 0.936354 1.04139
0.917894 0.312599 1.28149 0.971509 0.938945 1.0382
end
gesture a01 hands 2
0.848409 0.220432 1.24739 0.9773 0.978398 0.995296
1.26711 1.2729 0.949596 0.989748 1.02623 0.975188
0.554952 1.22808 1.04758 0.991422 0.94174 1.01898
1.09096 1.40068 0.931073 1.02017 1.00993 1.02967
1.38269 1.19426 1.00757 0.961975 0.974466 1.1287
0.965324 1.41214 0.911314 1.03277 0.995212 1.04508
0.522778 1.17654 0.997781 0.92461 0.947578 1.06934
0.820061 1.37735 0.955449 0.984086 1.00438 0.983094
1.37604 1.19521 1.02899 0.924575 0.970242 1.05795
0.563915 1.1338 0.970881 0.922935 1.01497 0.971459
1.35426 1.08807 1.0334 1.02495 1.0078 1.04095
0.856298 0.203492 1.28124 0.967805 0.983641 0.976618
0.852485 0.223318 1.38006 1.00505 0.996002 1.09131
end
gesture a01 hands 2
0.857788 0.279805 1.33721 0.985078 0.986635 1.03239
1.37101 1.2066 0.926448 0.926842 0.963185 1.05524
0.539803 1.31087 1.03332 1.0256 0.989348 1.07211
1.3817 1.25154 0.976571 0.970091 0.984344 0.982344
1.404 1.21232 0.964356 0.974697 0.969424 1.11499
0.570089 1.3401 0.975923 0.989005 1.00684 0.998588
0.528879 1.25342 0.97922 1.03066 0.951456 1.01642
1.44595 1.15217 0.988861 0.918513 0.959112 1.04618
0.500079 1.19732 1.01855 1.02407 1.0046 1.02425
1.16609 1.40138 0.875486 0.932265 0.963298 1.03994
1.42734 0.950603 1.01579 0.988338 1.02614 0.968688
0.86045 0.261801 1.35207 1.01583 1.0111 1.06224
0.847059 0.265238 1.27644 0.998112 1.00362 0.985931
end
gesture a01 hands 2
0.84603 0.231283 1.29542 1.01264 0.999282 1.01336
1.30682 1.02301 0.874282 1.00766 0.999041 1.07952
0.611189 1.34127 1.02844 0.971719 0.981619 0.986128
0.785419 1.36248 0.940385 1.02179 0.987682 1.06415
1.46793 1.06288 1.05987 0.94838 0.958643 1.02276
1.37435 1.15944 0.938229 0.988325 0.974093 0.96654
0.610899 1.3172 0.967045 0.941395 0.961349 1.10894
1.40827 1.18648 1.01494 0.965115 0.956598 1.003
0.48333 1.21503 1.00099 1.00937 1.00403 1.03261
0.490067 1.19592 1.00931 0.917681 0.94833 1.04819
1.28479 1.2828 0.987718 1.03018 0.98873 1.02037
0.853735 0.231206 1.26982 0.911348 0.95756 1.06109
0.828843 0.221363 1.29311 1.00232 1.02438 0.990249
end
gesture a01 hands 2
0.951151 0.386575 1.22307 0.975317 0.970385 1.05261
1.18319 0.67953 0.999032 0.976009 0.964989 1.01827
1.24915 1.10127 0.923577 0.979233 0.951878 1.04015
0.900475 1.4202 0.923201 0.980833 0.953029 1.0246
0.780508 1.39868 0.940988 0.953678 0.997366 1.03271
1.05391 1.42458 0.956603 0.964766 0.971782 1.04496
1.09278 1.42603 0.985275 0.96954 0.973184 1.02713
0.742981 1.41626 0.924098 0.965308 0.997226 1.01099
1.07384 1.39582 0.964393 0.957925 0.99805 1.02419
0.877422 1.18226 0.885368 0.963903 0.977638 1.0345
0.91578 0.578031 0.925928 0.970316 0.984977 1.01954
0.863805 0.399843 1.24373 0.964043 0.976876 1.08367
0.879821 0.403638 1.29848 0.957795 0.978299 1.03138
end
gesture a01 hands 2
0.894464 0.295036 1.37326 0.962262 0.96076 1.06725
1.21181 0.574897 1.09176 0.95055 0.955291 1.09091
1.22629 1.12003 1.01626 0.966717 0.95577 1.05656
0.785596 1.26261 0.983357 0.936528 0.973817 1.08493
0.810752 1.29739 0.997131 0.978438 0.942741 1.02643
1.04185 1.29484 0.99981 0.972963 0.942507 1.02112
0.734444 1.25272 1.00583 0.956493 0.972118 1.03824
0.700429 1.24536 1.01162 0.963638 0.945915 1.05708
0.944285 1.29852 0.985719 0.947114 0.946457 1.10366
0.957794 1.29353 0.994722 0.961208 0.958394 1.05863
0.91639 1.13454 0.908191 0.939079 0.975887 1.07307
1.03302 0.663134 0.909231 0.962957 0.968665 1.02427
0.946175 0.321471 1.23556 0.953127 0.965255 1.04804
end
gesture a01 hands 2
0.867552 0.443147 1.29083 0.923043 0.956003 1.04931
1.09708 0.685581 1.0015 0.908894 0.961006 1.04653
1.19626 1.12967 0.898593 0.937981 0.948719 1.02723
1.04362 1.41743 0.950174 0.930036 0.942331 1.04492
0.829999 1.47892 0.982438 0.933063 0.939967 1.0253
0.817256 1.48154 0.968274 0.925698 0.948501 1.0689
1.00929 1.45906 0.944843 0.917048 0.951217 1.02376
1.01043 1.45489 0.945186 0.934736 0.942196 1.04291
0.826367 1.39301 0.917971 0.916259 0.962993 1.07147
1.00598 1.44436 0.908889 0.943326 0.966364 1.02157
1.11857 1.10278 0.803178 1.00885 0.971585 1.05402
1.06053 0.659194 0.967955 1.00591 0.968092 1.08913
0.92301 0.452951 1.27298 0.95817 0.979398 1.09604
end
gesture a01 hands 2
0.864907 0.27098 1.14945 0.97251 0.964315 1.06253
1.40535 0.837214 0.997872 0.965676 0.953486 1.0249
1.26861 1.29606 1.03213 0.985239 0.961977 1.06054
0.540633 1.34179 0.997496 0.985634 0.970501 1.00273
0.614987 1.38445 0.988442 0.997192 0.981863 1.05143
1.08089 1.44546 1.01792 0.961959 0.967954 1.0427
1.28231 1.31569 1.04071 0.979926 0.9722 1.01902
0.603565 1.34674 1.00835 0.960107 0.969712 1.02919
0.596662 1.35357 1.00871 0.995649 0.984595 1.03124
0.979033 1.43281 0.962313 0.94142 0.990438 1.08046
1.37738 1.12742 0.986861 0.964701 0.982514 1.0083
1.36617 0.713675 0.987689 0.965183 0.979968 1.05847
0.864741 0.269923 1.13405 0.973865 0.976983 1.04763
end
gesture a01 hands 2
0.836382 0.27346 1.14322 0.914423 0.973045 0.967713
1.35351 0.665846 0.942953 0.960745 0.961721 0.97268
1.39256 1.03471 0.954858 0.938481 0.96906 1.00098
0.694661 1.3946 1.02482 0.961525 0.954791 1.05911
0.64333 1.35638 1.04057 0.952944 0.951391 1.03134
1.19434 1.33445 0.998018 0.992332 0.958004 1.03391
1.12505 1.36893 0.977172 0.961214 0.96602 1.06735
0.619601 1.34102 1.05119 0.990285 0.989585 1.03974
1.03307 1.40054 1.01928 0.971049 0.964814 1.06934
1.30363 1.09834 0.96024 0.966631 0.971071 1.03765
1.17611 0.51948 1.0057 0.948816 0.980019 1.07128
0.899449 0.303913 1.16934 0.955529 0.988235 1.04428
0.882801 0.29949 1.19593 0.928719 0.976665 1.0456
end
gesture a01 hands 2
0.877022 0.179472 1.21956 0.944593 0.960734 1.06605
1.22093 0.368836 1.05377 0.963278 0.949249 1.03897
1.32153 0.911319 0.991363 0.958497 0.966174 1.06125
0.955676 1.32221 1.05044 0.987624 0.959697 1.03914
0.621678 1.23514 1.06098 0.977762 0.974069 1.03843
0.676238 1.27013 1.0456 0.970643 0.959584 1.05665
1.09282 1.27748 1.00617 0.950131 0.969148 1.03841
1.21077 1.19261 0.992642 0.961179 0.960042 1.06285
0.913712 1.30478 1.0076 0.961977 0.959255 1.04418
0.613261 1.22691 1.10434 0.954063 0.961933 1.06162
0.985768 1.27684 1.00116 0.948384 0.965301 1.04032
1.30195 0.668257 0.931473 0.93719 0.959612 1.06839
0.968982 0.205978 1.15665 0.937598 0.956285 1.06409
end
gesture a02 hands 2
1.39257 0.871516 1.23905 0.859922 0.976057 1.13791
1.14431 1.09494 0.91452 0.938011 0.959876 1.11651
0.971513 1.12638 0.820735 0.947383 0.979079 1.10623
0.63475 1.17199 0.870569 0.982215 0.948214 1.04172
1.01491 1.10324 0.83395 0.990466 0.939984 1.01576
1.25365 1.09794 0.968184 0.947509 0.994373 1.07055
0.930747 1.14412 0.811118 0.949581 0.990863 1.05192
0.623098 1.10667 0.890341 0.939521 0.97812 1.0775
0.688516 1.1036 0.870993 0.960546 0.964717 1.03845
1.04412 0.907905 0.957172 0.965227 0.939668 1.0286
1.10571 0.686571 1.24323 0.941 0.997085 1.08868
0.952388 0.618776 1.4888 0.960083 0.965799 1.03878
0.999045 0.601922 1.45442 1.01745 0.960497 0.949819
end
gesture a02 hands 2
0.984167 0.703912 1.37226 1.012 0.960805 0.986313
1.33565 0.850574 1.23768 1.01198 0.96848 1.02728
1.22928 1.02137 0.921154 0.984724 0.966569 1.01025
0.618606 1.16085 0.842315 0.972452 0.954863 1.06476
0.541482 1.16847 0.903906 0.979827 0.944727 1.03682
0.966367 1.155 0.967417 0.952842 0.94662 1.04462
1.18461 1.11997 0.874326 0.934642 0.984964 1.08749
0.692308 1.12192 0.808227 0.949023 0.979098 1.01648
0.745583 1.11174 0.822001 0.940008 0.988522 1.06973
1.0899 0.987913 0.901506 0.961188 0.96494 1.06716
1.14593 0.767296 1.22904 0.995191 0.970613 1.00534
0.999954 0.703714 1.42934 0.978462 0.963087 1.0197
0.986962 0.73752 1.41606 1.00239 0.95972 1.00156
end
gesture a02 hands 2
1.02816 0.678478 1.37124 1.01386 0.965995 0.982125
1.31905 0.85983 1.11305 0.958459 0.958538 1.06722
1.21748 1.02895 0.892403 0.951393 0.980342 1.05438
0.632854 1.1763 0.824845 0.929484 0.971611 1.10239
0.546422 1.19792 0.923066 0.941742 0.959151 1.06414
0.757723 1.19903 0.771284 0.917837 0.971559 1.13065
1.21784 1.1667 0.888346 0.927114 0.977322 1.10095
1.27177 1.14571 0.927574 0.912428 0.982266 1.12947
1.07047 1.16153 0.818898 0.933253 0.969241 1.05295
0.696279 1.14111 0.822989 0.98573 0.945583 1.0133
1.08131 0.74022 1.16931 0.931473 1.00796 1.04601
1.01378 0.685562 1.44469 0.93515 0.985652 1.11476
1.01538 0.709296 1.45912 0.971053 0.969822 1.0144
end
gesture a02 hands 2
0.926431 0.544745 1.39639 0.98631 0.933989 1.04337
1.38112 0.814216 1.23712 1.00276 0.913257 1.03156
1.45012 0.985611 1.10572 0.959546 1.01922 1.03232
1.13118 1.16241 0.808775 0.987613 0.940301 1.05138
0.489642 1.21072 0.962432 0.941818 1.00315 1.07055
0.926603 1.26548 0.673205 0.936492 0.979517 1.00149
1.33719 1.20393 0.875271 0.958113 1.00006 1.04923
1.17811 1.22317 0.787995 1.01286 0.988217 1.01701
0.561113 1.24556 0.850399 0.92343 1.02067 1.02076
0.507716 1.21598 0.962867 0.980013 0.973061 1.04322
1.14718 1.16451 0.783229 0.937479 1.01639 1.04272
1.19583 1.09555 0.911134 0.987812 0.966203 1.0236
0.961033 0.576148 1.41891 0.913107 1.03277 1.01883
end
gesture a02 hands 2
0.909647 0.460245 1.41854 1.00994 0.903563 1.03434
1.33893 0.946776 1.07742 0.963174 1.00714 1.0611
1.31564 1.08144 0.935274 0.988185 0.944251 1.05462
0.697905 1.23512 0.821986 0.891115 1.00954 1.05562
0.51882 1.21167 0.976319 0.950591 1.03361 1.06052
0.83956 1.27723 0.783163 0.990709 0.928905 1.05712
1.30375 1.20396 0.923149 0.924135 1.00214 1.05419
0.610371 1.27026 0.830189 1.01323 0.983242 0.999295
0.532384 1.22396 0.970389 1.02757 0.987777 1.00702
0.894495 1.22992 0.782065 0.986002 1.01308 0.956856
1.24403 1.05816 0.889009 0.918751 1.02918 1.01002
1.02669 0.47803 1.43613 0.882346 1.0064 1.01437
0.924711 0.437585 1.43285 1.02065 0.917521 1.02524
end
gesture a02 hands 2
0.91862 0.517166 1.38062 1.023 0.909301 1.03634
1.36983 1.08178 1.00892 0.967946 1.044 1.05489
1.03303 1.38025 0.782842 0.993908 0.969396 1.06276
0.505859 1.26597 0.950434 0.891783 1.04433 0.938385
0.504584 1.26797 0.946705 0.957368 0.995437 1.03516
1.02251 1.36298 0.714454 0.914773 1.04132 1.05455
1.34185 1.233 0.879665 0.985122 0.949177 1.04586
0.705806 1.31854 0.740894 0.917965 1.00674 1.07055
0.560315 1.27921 0.906223 0.932802 1.03652 0.956188
0.985662 1.29829 0.722128 0.883158 1.00745 1.01182
1.2766 1.04336 0.892313 0.896409 0.993235 1.01408
1.1314 0.571531 1.20657 1.02107 0.930412 1.03965
0.914201 0.529627 1.37817 1.01712 0.941777 1.04703
end
gesture a02 hands 2
1.01289 0.675543 1.3423 0.974042 0.975974 1.01923
1.25538 0.827608 1.13463 0.968393 0.968986 1.05038
1.32457 0.944765 0.996668 0.962451 0.978775 1.02847
1.23123 1.01553 0.867687 0.962101 0.95765 1.06321
0.949751 1.03327 0.782298 0.92743 0.915743 1.04607
0.723113 1.1373 0.796308 0.949126 0.914316 1.09005
0.509323 1.17517 0.971518 0.96182 0.937442 1.12345
0.42371 1.19149 1.14207 0.952912 0.986944 1.10045
0.64586 1.1817 0.814764 0.965392 0.976683 1.0024
1.04273 1.19786 0.680646 0.973361 0.979896 1.02364
1.40359 1.13183 0.857531 0.975901 0.977591 0.980258
1.31334 0.882338 1.01393 0.986459 0.97633 1.02285
1.10644 0.670656 1.28113 0.99211 0.974334 0.994964
end
gesture a02 hands 2
1.02159 0.647948 1.41187 0.976205 0.972637 1.01798
1.32884 0.932655 0.955641 0.992106 0.965047 1.01493
1.18757 1.10302 0.788629 0.957104 0.9689 1.02206
0.993687 1.1272 0.862986 0.936647 0.982872 1.14744
0.805494 1.17401 0.781031 0.972307 0.94354 1.21761
0.393991 1.16879 1.09937 0.99724 0.921839 1.23427
0.397189 1.18444 1.05572 0.936103 0.924573 1.14972
0.73879 1.22572 0.714728 0.964974 0.958297 1.09419
1.1511 1.22325 0.689945 0.953206 0.964929 1.02245
1.4129 1.11546 0.863636 0.948438 0.993258 1.04389
1.25219 0.735305 1.16268 0.949923 0.97876 0.970427
1.0018 0.641016 1.40682 0.958032 0.985638 0.950273
1.00451 0.649422 1.40009 0.977288 0.977353 1.00346
end
gesture a02 hands 2
1.04436 0.657102 1.39302 0.983876 0.973301 1.02636
1.25459 0.875734 0.934433 0.971963 0.97028 1.04505
1.20758 1.01379 0.804774 0.953319 0.971782 1.00814
0.914024 1.19266 0.858143 0.973641 0.962969 1.0749
0.767748 1.23745 0.744097 0.922037 0.969132 1.07596
0.550189 1.24923 0.888855 0.952826 0.948016 1.09882
0.491192 1.2506 0.955683 0.947279 0.966781 1.12358
0.792809 1.24982 0.739171 0.925674 0.922549 1.06814
1.05742 1.2358 0.836078 0.934022 0.912719 1.06949
1.25469 1.1759 0.767981 0.97414 0.982045 1.00811
1.2537 0.771095 1.06637 0.993912 0.969164 1.03248
1.08035 0.632165 1.37471 0.998997 0.974555 1.01534
1.0582 0.653588 1.3872 0.983181 0.9756 1.04131
end
gesture a02 hands 2
0.983922 0.848176 1.12701 0.983112 0.980755 0.983641
1.03089 0.866267 1.09177 0.967843 0.996838 0.995034
1.14301 1.04909 0.891069 0.983223 0.961509 1.02282
1.01285 1.19163 0.75358 0.968827 0.96726 1.03437
0.706348 1.21008 0.745126 0.996965 0.976922 0.993264
0.553484 1.26679 0.892985 0.988945 0.954575 1.02523
0.785979 1.25542 0.703782 0.981592 0.967047 0.991716
1.06992 1.25001 0.703033 0.955823 0.98104 1.0377
1.24108 1.24662 0.828827 0.955606 0.972991 1.13407
1.05146 0.976777 0.956306 0.946295 0.973815 1.06048
1.00398 0.829548 1.24257 0.944561 0.971399 1.066
1.01421 0.835165 1.29159 0.958494 0.979393 1.00175
1.00916 0.820134 1.23706 0.961877 0.957565 1.04081
end
gesture a02 hands 2
0.989894 0.758898 1.23176 0.968161 0.946764 1.00238
1.13657 0.905321 1.00759 0.949121 0.963617 0.994757
1.10493 1.10601 0.866786 0.96611 0.941137 1.02352
0.925128 1.20893 0.7727 0.948027 0.955063 1.0212
0.588283 1.21301 0.832793 0.924712 0.954113 1.1206
0.556822 1.23016 0.888958 0.934074 0.971321 1.1501
0.610512 1.23762 0.8549 0.929126 0.957202 1.05144
0.964391 1.22509 0.756691 0.945351 0.961451 1.09358
1.07641 1.2474 0.79041 0.966361 0.961654 1.02961
1.13843 1.19849 0.881063 0.959812 0.9606 1.06447
1.10012 1.01127 0.949497 0.980052 0.982778 0.994436
1.00755 0.769207 1.28121 0.956267 0.962482 1.09942
1.01009 0.768548 1.26065 0.964187 0.94942 1.04391
end
gesture a02 hands 2
1.01983 0.767257 1.21764 0.964191 0.938396 1.02841
1.14457 0.924245 0.968087 0.955425 0.943435 0.999312
1.14715 1.07059 0.912546 0.928118 0.963908 1.03634
0.924005 1.16514 0.78953 0.9327 0.961183 1.13674
0.650341 1.18846 0.833488 0.933754 0.954561 1.11628
0.506379 1.19605 0.940835 0.913821 0.969504 1.13712
0.590998 1.2278 0.89468 0.959278 0.981548 1.00258
1.05309 1.22645 0.788072 0.97122 0.959713 1.05455
1.12474 1.15754 0.894282 0.977742 0.971632 0.997751
1.09571 0.866381 1.08926 0.968562 0.954383 1.05453
1.00818 0.771147 1.31954 0.993159 0.963466 1.01698
1.01058 0.759896 1.30198 0.949688 0.945369 1.03025
1.01737 0.77587 1.16804 0.964438 0.946945 1.00242
end
gesture a02 hands 2
0.965778 0.693187 1.28452 0.926388 0.951405 1.01335
1.15868 0.722928 1.28532 0.930925 0.94103 1.00406
1.24607 0.968722 1.01771 0.983842 0.928609 1.0416
0.628317 1.1686 0.933253 0.956841 0.937365 1.00768
0.612949 1.18169 0.993289 0.990758 0.943066 1.05961
0.838131 1.22135 0.788689 0.972399 0.99101 1.04787
1.26429 1.07635 0.950992 0.976703 0.975659 1.04049
1.06038 1.09349 0.818981 0.959798 0.995077 1.03524
0.59945 1.09891 0.975329 0.972293 0.985931 1.04282
0.589432 1.08651 1.02884 0.976736 0.99005 1.00851
0.960006 1.07379 0.785742 0.972806 0.977489 1.05867
1.16256 1.08362 0.879344 0.963828 0.974244 1.02457
0.964962 0.704982 1.34108 0.986742 0.961965 1.04014
end
gesture a02 hands 2
1.02463 0.765787 1.25182 0.974218 0.955072 1.04597
1.12773 0.761003 1.19723 0.925394 0.956245 1.02004
1.10901 0.967336 0.877336 0.966069 0.950391 1.06497
0.610495 1.17922 0.944017 0.99338 0.94066 1.04223
0.628009 1.26593 0.974086 1.00152 0.951268 1.0308
0.96226 1.15957 0.719951 0.975666 0.951811 1.07794
1.25607 1.05284 0.904107 0.978482 0.975825 1.04294
0.611868 1.14326 0.947545 0.955101 0.989828 1.06775
0.601793 1.14673 1.01025 0.975946 0.974402 1.03433
0.976369 1.11305 0.742971 0.950473 0.966054 1.05881
1.28984 1.03365 0.970387 0.977037 0.985361 1.0124
1.18973 0.819284 1.24022 0.961097 0.974468 1.02804
0.992776 0.758995 1.23298 0.974925 0.961522 1.01091
end
gesture a02 hands 2
1.02782 0.708088 1.2869 0.985713 0.961755 1.00358
1.12891 0.967372 0.905023 0.946599 0.95393 0.98119
0.582703 1.16412 1.02615 1.00601 0.953954 1.02417
0.578875 1.14003 1.00437 0.942489 0.947926 1.02722
0.973573 1.19318 0.72247 1.00742 0.972919 1.02665
1.23284 1.05406 0.897418 0.962109 0.996432 1.02498
0.61594 1.16014 1.01906 0.957946 0.985285 1.07102
1.29232 1.07792 0.944198 1.00211 0.983444 0.998009
0.674205 1.11642 1.0398 0.968855 0.973578 1.06633
0.980637 1.21273 0.773914 0.985106 0.993182 1.00753
1.26713 0.983741 0.974785 0.967816 1.0076 1.04451
1.0702 0.690359 1.32828 0.959646 0.962395 0.998903
1.01928 0.689889 1.3385 0.978294 0.967906 1.05029
end
gesture a02 hands 2
0.853014 0.632643 1.32691 0.968482 0.974865 1.0373
1.2799 0.809122 1.41171 0.973515 0.989518 1.03607
1.3067 1.04035 0.978588 0.999686 0.937687 1.0367
0.334007 1.18117 0.890145 1.00187 0.940684 1.02666
0.859331 1.23371 0.692662 0.956518 1.02312 1.03478
1.38155 1.21241 1.09176 0.963481 0.977312 1.03339
1.39714 1.19965 1.13425 0.980901 0.983113 1.03038
1.10432 1.21734 0.783699 1.00464 0.914971 1.01925
0.554097 1.15616 0.753126 1.02777 0.930431 0.98477
0.60484 1.18291 0.746278 0.976611 0.993856 1.02607
1.29716 1.21775 0.921131 0.973744 0.981438 1.00781
1.1286 0.951982 0.928159 0.970464 0.968542 1.03888
0.843233 0.605865 1.30421 0.969189 0.971494 1.02536
end
gesture a02 hands 2
0.89319 0.605803 1.35254 0.968189 0.954154 1.04253
1.29538 1.01348 0.968187 0.96389 0.980449 1.05167
0.783432 1.26659 0.704135 0.998099 0.941053 1.02286
0.527057 1.24926 0.85948 0.997642 0.936416 1.00872
1.09614 1.34002 0.803335 0.966173 0.991916 1.03505
1.26591 1.29219 0.904692 0.994815 0.954006 1.01396
1.17608 1.29869 0.841992 0.982759 0.951911 1.03667
0.655792 1.26638 0.779904 0.998388 0.935711 1.01335
0.595932 1.23394 0.875623 0.961786 1.01345 1.02218
1.07273 1.24965 0.804335 0.964994 0.986204 1.02141
1.14502 1.2232 0.847326 0.963528 1.00686 1.03515
1.05587 0.738296 1.08804 0.969919 0.951061 1.04567
0.896646 0.614465 1.35301 0.971507 0.967078 1.02733
end
gesture a02 hands 2
0.923951 0.622394 1.35342 0.973803 0.963976 1.02119
1.2119 1.08084 0.86329 0.96832 0.961019 1.05537
0.963681 1.35151 0.745739 0.978247 0.954631 1.04581
0.740721 1.30611 0.787866 0.96344 0.992646 1.05598
1.22347 1.36261 0.847335 0.973596 0.974075 1.03534
1.27553 1.30572 0.895276 0.960213 1.01853 1.03692
0.810806 1.30191 0.761287 0.958263 0.982991 1.03017
0.660026 1.24013 0.84437 0.961705 1.0063 1.02888
1.00525 1.34736 0.745671 0.981482 0.949764 1.0217
1.08191 1.32342 0.794395 0.976943 0.956452 1.00895
1.08356 0.928313 0.896417 0.965622 1.00887 1.02168
0.979943 0.6357 1.26673 0.97595 0.938396 1.04495
0.91806 0.62405 1.32982 0.990211 0.934994 1.03689
end
gesture a02 hands 2
0.955356 0.580198 1.3078 0.985153 1.0226 0.989021
1.20045 1.19554 0.710423 0.974197 0.992262 1.06982
0.519151 1.19907 0.957267 0.980685 1.02292 0.997241
1.0561 1.20649 0.689847 0.99052 0.941793 1.01385
1.5055 1.10067 1.05687 0.997159 0.994023 1.10266
0.955249 1.1857 0.709074 0.936661 0.951588 1.03863
0.523979 1.20523 0.997677 1.00699 0.994476 1.00309
1.00065 1.18911 0.733687 0.970315 1.01384 1.00306
1.50016 1.12306 1.04675 0.990356 0.987231 1.08677
1.30833 1.18994 0.830964 0.936415 0.990094 1.04385
0.479827 1.20611 1.05308 1.01613 0.994337 1.05566
0.99351 0.530915 1.08601 0.947717 0.916352 1.03275
0.977985 0.558501 1.35288 1.02169 0.966356 0.952288
end
gesture a02 hands 2
0.981275 0.53329 1.34298 0.964423 0.913723 1.0351
1.3463 0.962143 0.977798 0.931846 0.987183 1.04035
1.57962 1.07397 1.0811 0.867876 0.836921 1.03463
1.32973 1.24636 0.793708 0.971668 1.54804 1.06151
0.641109 1.2431 0.982326 0.831371 1.68 0.765406
1.55595 1.09397 1.05092 0.934178 1.59607 0.832262
1.11793 1.25801 0.733161 1.00225 1.1026 1.01125
0.620865 1.24612 0.946452 1.51419 0.94482 0.843432
1.45944 1.19307 0.921863 1.50499 0.916637 0.828236
1.51516 1.14714 0.973947 1.06096 1.33182 0.700829
0.784525 1.30447 0.852826 1.15542 1.22162 0.69736
0.576676 0.543687 1.29785 1.39985 1.02263 0.874148
0.54147 0.518888 1.25939 1.37239 0.884389 1.23226
end
gesture a02 hands 2
0.54255 0.509785 1.2654 1.32545 0.960406 1.11986
0.518018 0.518171 1.28213 1.35471 0.867947 1.12775
1.48652 0.915565 1.09489 1.32323 0.95833 1.10474
0.627007 1.23554 0.965872 1.40224 0.960909 0.994697
1.61229 1.01402 1.28749 1.54512 1.11346 0.845194
1.12283 1.1971 0.749139 1.62948 1.1815 0.82526
0.569222 1.18125 1.01715 0.881164 0.964591 0.971931
0.980657 1.17236 0.785746 0.916538 0.990826 1.07887
1.58309 1.0479 1.12115 0.874663 0.982231 1.02108
1.16846 1.18468 0.71143 0.914659 0.978153 1.10506
0.544788 1.11123 1.14968 0.927141 0.944188 0.987967
0.93409 0.887512 0.769038 0.875735 1.01013 0.958075
1.02887 0.5164 1.23548 0.917298 0.987044 1.01407
end
gesture a02 hands 2
0.930097 0.791682 1.1884 0.961384 0.971627 1.00437
1.27132 0.940842 1.37836 0.9531 0.964458 0.998639
1.3151 0.984996 1.12301 0.975575 0.96455 1.03993
0.828718 1.00238 0.781912 0.942927 0.951743 1.06758
0.555395 1.04211 0.851001 0.983377 0.962167 1.07263
0.505518 1.04778 0.906459 0.981707 0.989451 0.999624
0.916669 1.07242 0.730563 0.940883 0.965889 1.02133
1.42278 1.08338 1.25458 0.973724 0.957155 1.05808
1.3787 1.05336 1.06551 0.970573 0.995978 1.06016
1.06761 1.12843 0.743285 0.979092 0.977666 1.04874
0.489578 1.16797 0.843379 0.951313 0.976114 1.07052
0.951102 0.823134 1.04481 0.96183 0.981567 1.02238
0.944689 0.798823 1.25237 0.95425 0.982042 1.04867
end
gesture a02 hands 2
0.950144 0.78489 1.29072 0.975867 0.973487 1.02379
1.34702 1.00331 1.14607 0.956634 0.975597 1.06146
1.36058 1.0589 1.03682 0.971816 0.972002 1.0188
0.920204 1.12061 0.65493 0.966929 0.953144 1.07154
0.576603 1.13857 0.756252 0.972237 0.970802 1.04032
0.540872 1.14026 0.789755 0.947567 0.961058 1.09067
1.16909 1.10728 0.814945 0.989416 0.9578 1.0378
1.42639 1.09826 1.21697 0.95698 0.977747 1.06606
0.952815 1.00543 0.799075 0.97271 0.967489 1.01171
0.598057 1.03839 0.872717 0.969594 0.953405 1.04872
0.558987 0.99097 1.10992 0.963359 0.984607 1.02305
1.12265 0.831626 1.20426 0.962756 0.965756 1.0561
0.941169 0.762186 1.24658 0.946239 0.973633 1.02745
end
gesture a02 hands 2
0.945452 0.764969 1.27882 0.954239 0.979482 1.07058
1.30225 0.93848 1.14103 0.943538 0.974402 1.035
1.30944 0.993029 1.07547 0.961121 0.974099 1.07438
0.871224 1.12626 0.750924 0.943364 0.971649 1.05141
0.58148 1.13506 0.852867 0.974917 0.962262 1.03887
1.06389 1.08783 0.828523 0.973289 0.972054 1.03737
1.38455 1.096 1.11826 0.965944 0.95267 1.08191
1.34491 1.07642 1.05744 0.974592 0.972026 1.01328
0.846639 1.05908 0.803892 0.941183 0.962179 1.04542
0.567367 1.08303 0.910805 0.965498 0.982117 1.03243
0.659907 0.994521 0.941494 0.961799 0.962353 1.05768
1.11969 0.796745 1.27541 0.966063 0.976905 1.03073
0.975378 0.770264 1.30862 0.955369 0.967074 1.06393
end
gesture a02 hands 2
1.00025 0.62111 1.36371 0.976543 0.971072 1.03503
1.0726 0.965324 0.875237 0.973502 0.966535 1.03445
0.986218 1.13221 0.791391 0.949907 0.956789 1.05924
0.675806 1.23737 0.924999 0.935445 0.957609 1.03914
0.807303 1.29091 0.819302 0.976127 0.956006 1.0402
1.13689 1.25914 0.796458 0.965612 0.963636 1.0552
1.17471 1.23153 0.835491 0.962821 0.991183 1.0414
0.689654 1.25496 0.883801 0.959426 0.96747 1.05669
0.68931 1.26179 0.911535 0.977016 0.975534 1.03136
1.07954 1.25234 0.81764 0.955272 0.956306 1.0873
1.20883 1.10452 0.892803 0.943136 0.96221 1.03844
0.987863 0.616867 1.38719 0.940749 0.960509 1.06066
1.00492 0.626734 1.38315 0.94517 0.966153 1.03452
end
gesture a02 hands 2
0.998641 0.560128 1.4619 0.946485 0.956759 1.05135
1.04839 0.846005 0.991073 0.956128 0.957103 1.06163
1.03831 1.10435 0.899503 0.968222 0.965693 1.05406
0.853921 1.19904 0.867254 0.950331 0.974382 1.06728
0.740584 1.19841 0.959693 0.958476 0.957698 1.06393
1.1344 1.16249 0.877301 0.962822 0.969457 1.03737
1.09227 1.14845 0.856947 0.968103 0.955633 1.05739
0.693595 1.17867 0.941283 0.967074 0.97492 1.02781
0.694914 1.17761 0.980596 0.971179 0.957069 1.05854
1.04256 1.13155 0.869832 0.950796 0.962289 1.0564
1.18166 0.753083 1.09198 0.959495 0.957787 1.03249
1.04017 0.569341 1.35063 0.960014 0.946289 1.05802
1.03337 0.554208 1.46802 0.952076 0.964898 1.03147
end
gesture a02 hands 2
0.995402 0.495665 1.50801 0.946244 0.960379 1.03376
1.07149 0.576066 1.24161 0.961665 0.950267 1.02014
1.09001 0.900563 0.994737 0.950249 0.954 1.05292
0.987021 1.14416 0.87823 0.940323 0.955163 1.03391
0.726331 1.16109 0.955706 0.944215 0.957092 1.10811
1.16067 1.10001 0.933498 0.966344 0.962906 1.06744
1.11429 1.11596 0.895927 0.937784 0.984093 1.04518
0.776014 1.15574 0.93961 0.950377 0.954071 1.05123
0.635639 1.1678 1.03711 0.938945 0.960841 1.09285
0.727465 1.18833 0.98757 0.945485 0.96067 1.04807
1.01105 1.14118 0.919101 0.952633 0.946494 1.08293
1.16891 0.8134 1.04722 0.965772 0.949119 1.05484
1.07168 0.581351 1.24455 0.953867 0.944877 1.09094
end
gesture a03 hands 2
0.940637 0.743649 1.1719 0.920653 0.969585 1.10773
1.30693 0.959255 1.11333 0.98991 0.972532 1.08713
1.40714 1.36144 1.18309 1.00016 0.983263 1.10157
1.29636 1.71087 1.3272 1.03598 0.981166 1.0354
1.08775 1.74644 1.32172 0.956362 0.9857 0.975777
1.00736 1.75179 1.11693 0.940251 0.942047 1.02206
0.939133 1.63705 0.757267 0.885689 0.905871 1.06159
0.804419 1.27562 0.505903 0.891765 0.940066 0.996496
0.731032 0.95187 0.588205 0.868598 0.932462 1.0603
0.673254 0.842045 0.661497 0.899037 0.954236 0.966154
0.733483 0.848806 0.634242 0.999624 0.962577 1.01561
0.919605 0.731402 1.04851 0.969409 0.986949 1.04985
0.977572 0.736172 1.17814 0.990871 0.983234 1.10103
end
gesture a03 hands 2
0.946817 0.700017 1.21139 0.954966 0.981357 1.12775
1.28286 0.823084 1.27258 0.956906 0.98178 1.15748
1.40067 1.10858 1.30474 1.01127 0.980694 1.06902
1.34903 1.48575 1.39093 1.01401 0.985978 1.06306
1.26776 1.58145 1.39331 1.02554 1.00409 1.00051
1.11373 1.66031 1.31181 1.03049 0.991964 0.955559
0.965871 1.58236 0.862568 0.971506 0.969101 0.93148
0.859027 1.3813 0.571324 0.898266 0.886952 1.0375
0.767225 0.991125 0.602597 0.886226 0.918149 1.05864
0.682357 0.834759 0.586122 0.926511 0.9495 0.99461
0.807524 0.865512 0.641956 0.981679 0.96366 0.999908
0.962836 0.67424 1.2216 0.957164 0.977775 1.13502
0.968164 0.689088 1.2305 0.966716 0.97964 1.12351
end
gesture a03 hands 2
0.911036 0.63507 1.19886 0.950641 0.961432 1.04759
1.26437 0.816846 1.2412 0.964396 0.968656 1.11478
1.3726 0.987475 1.30981 1.01973 0.966053 1.02469
1.35831 1.17106 1.31691 1.01617 0.980147 0.981269
1.1968 1.55976 1.42131 0.961548 0.968848 0.939915
0.881866 1.55029 0.83667 0.932514 0.924664 1.00394
0.803187 1.25466 0.559991 0.934914 0.934903 1.00015
0.695989 0.912664 0.558476 0.883057 0.922132 1.10049
0.635127 0.79764 0.630023 0.889502 0.934344 1.13006
0.789437 0.930595 0.629231 0.948434 0.961779 1.06892
1.09677 0.659833 1.13993 0.975207 0.968568 1.07932
1.03981 0.631228 1.34411 0.966137 0.9705 1.14936
0.968729 0.632349 1.35433 0.966223 0.967273 1.11667
end
gesture a03 hands 2
0.941394 0.670353 1.29803 0.96972 0.887068 1.20693
1.18523 0.747974 1.22871 0.970796 0.952911 1.12457
1.30287 0.895098 1.2307 0.987177 0.969891 1.00024
1.23591 1.43531 1.35119 1.03922 0.953269 0.9097
1.14218 1.50627 1.29836 1.04426 1.03436 0.980218
1.04921 1.62045 1.06619 1.03285 1.02949 0.993638
0.956809 1.38149 0.821568 1.05338 0.91195 0.984764
0.871819 1.32002 0.68685 0.993535 0.956873 0.950706
0.776922 1.03585 0.624271 0.913152 0.927095 1.01455
0.778938 1.03843 0.469293 0.883605 0.910722 1.02295
0.778096 1.03747 0.541699 0.907185 0.991059 0.948525
0.887923 0.781832 0.876045 0.84569 1.06905 0.964548
0.950606 0.727026 1.20122 0.88176 1.08365 1.01448
end
gesture a03 hands 2
0.985173 0.811752 1.18505 0.886931 1.03343 1.01916
1.02187 0.821619 1.26488 0.975648 0.911217 1.17766
0.845699 0.683257 1.21883 0.990772 0.9152 1.10574
0.828594 0.680936 1.26388 1.11733 0.973978 1.12495
1.33187 1.00528 1.38394 1.12741 0.986335 0.968575
1.29729 1.23581 1.41282 0.979633 0.962456 0.937679
1.14984 1.62989 1.22655 1.06169 0.868224 0.902345
0.866031 1.35393 0.872555 1.05713 0.885071 1.0456
0.834847 0.989614 0.383934 1.03497 0.902331 1.03703
0.851768 1.20334 0.360122 0.774347 0.954276 1.00242
0.896215 1.14576 0.470602 0.858145 1.05655 0.906529
0.958878 0.736812 1.13202 0.944849 1.00021 1.05068
0.999934 0.777188 1.22511 0.935427 1.00323 1.04711
end
gesture a03 hands 2
0.973271 0.777835 1.19347 0.997462 0.959153 1.07932
0.9724 0.760972 1.19037 1.07314 0.911656 1.07233
0.835153 0.748488 1.27319 1.10144 0.962802 0.94762
1.3068 1.11329 1.3951 1.10391 1.02668 0.961772
1.12382 1.6846 1.18964 1.04924 0.969321 0.914077
1.006 1.6595 0.806993 1.05452 1.01949 0.930131
0.933567 1.56966 0.64362 0.949415 0.884505 0.962701
0.79536 1.23228 0.573208 0.929637 0.861186 0.98325
0.845054 1.01118 0.379575 0.86973 1.00891 0.926207
0.830741 1.22128 0.34498 0.718168 1.12358 0.958352
0.985754 0.88777 0.786794 0.826773 1.15516 1.03991
0.973505 0.76138 1.18714 0.989124 0.967604 1.08197
0.943508 0.790019 1.17567 0.990058 0.890156 1.13978
end
gesture a03 hands 2
1.03137 0.79088 1.21122 0.966868 0.965069 1.0115
1.21454 1.00578 0.950233 0.967788 0.988051 0.90282
1.2528 1.26156 0.899421 0.927134 0.983575 0.934818
1.18069 1.82553 1.03235 0.963039 0.959709 1.19651
1.15738 1.82701 0.92238 0.930667 0.973368 1.24279
1.10692 1.74204 0.728101 1.02768 0.898039 1.19214
0.822476 1.1797 0.447837 1.15172 0.990227 1.37757
0.647446 0.82265 0.741328 1.14402 0.987514 1.39672
0.615745 0.773612 0.846339 0.909778 0.898457 1.11336
0.601739 0.854642 0.827282 0.802975 0.957147 1.05895
0.871988 0.885293 0.927202 0.900519 0.977795 1.03197
0.985453 0.814381 1.04753 0.92452 0.9857 0.8488
1.00803 0.794023 1.17127 0.931774 0.975774 0.871246
end
gesture a03 hands 2
1.08051 0.705478 1.31341 0.890486 0.961137 0.836595
1.22927 0.884812 1.06983 0.867171 0.949202 0.999752
1.29907 1.25039 0.950728 0.885698 0.960213 1.02742
1.21969 1.76381 1.00913 0.969996 0.977518 1.19167
1.19216 1.81109 0.976915 1.02376 0.948055 1.24227
1.14013 1.67827 0.742444 1.24535 1.03772 1.39594
0.997477 1.36083 0.556017 1.21415 0.999643 1.38534
0.738144 1.03404 0.572738 0.997797 0.925489 1.28942
0.609967 0.808038 0.802114 1.00629 0.890441 1.23138
0.57337 0.75567 0.963658 0.858658 0.921384 1.11223
0.728773 0.89884 0.831892 0.846842 0.917461 0.994671
1.03043 0.859639 0.980623 0.854738 0.918467 0.896296
1.06533 0.723744 1.28831 0.922086 0.956392 0.848225
end
gesture a03 hands 2
1.05441 0.735744 1.30803 0.959494 0.977047 0.925554
1.29219 1.07775 0.914364 0.904136 0.947677 0.920179
1.35068 1.34523 0.898406 0.906285 0.92527 0.995984
1.25983 1.76209 0.98813 0.919797 0.900081 1.0637
1.19633 1.83232 1.01792 0.964069 0.990728 1.11127
1.05794 1.77853 0.705087 1.14666 1.01988 1.33059
0.837847 1.46099 0.492598 1.18508 1.01522 1.32583
0.528724 0.787768 0.816326 1.04334 0.965503 1.30493
0.532488 0.817927 0.777567 0.9039 0.934576 1.18989
0.781263 0.983465 0.623667 0.868521 0.953631 1.04063
1.1857 0.914043 1.00321 0.854232 0.971051 1.06192
1.05345 0.743382 1.36133 0.874651 0.954445 0.968413
1.05007 0.744873 1.3186 0.955317 0.993444 0.919679
end
gesture a03 hands 2
1.10562 0.723181 1.17455 0.902916 0.925723 1.03703
1.10453 0.71407 1.21131 0.885543 0.914231 1.06715
1.07115 0.790117 1.09323 0.924348 0.938832 0.979957
1.02068 0.949882 1.00414 1.2138 1.13902 0.813243
1.09382 1.10166 0.991988 1.23306 1.15624 0.841135
1.09913 1.45162 1.24152 0.81683 0.951874 1.03367
1.02815 1.51296 1.28058 0.859859 0.891544 1.25814
0.996121 1.544 1.16489 0.855106 0.87528 1.26899
0.892513 1.31908 0.803626 0.992674 0.895952 1.34393
0.758932 0.931868 0.777129 0.980998 0.899547 1.32562
0.721685 0.801951 0.866487 0.897291 0.900672 1.24011
0.76726 0.895988 0.834218 0.852667 0.938266 1.00396
0.992941 0.782528 1.04796 0.866086 0.955982 0.96584
end
gesture a03 hands 2
1.09312 0.785869 1.12827 0.828413 0.91431 1.00774
0.970348 0.881333 0.993698 0.878333 0.895982 0.983381
0.964998 0.890692 0.994262 1.02719 0.969405 0.897648
1.07188 0.893973 1.04753 1.02468 0.972921 0.935902
1.27077 1.20003 1.11414 1.34096 1.34897 0.994276
1.12258 1.46911 1.34819 1.2691 1.34518 0.946043
1.01656 1.60094 1.18405 1.09716 1.16302 0.899107
0.990232 1.5208 1.04383 0.903919 0.862221 1.05358
0.809893 1.16373 0.801912 0.868402 0.825018 1.16198
0.800549 0.892082 0.830304 0.913326 0.820875 1.37161
0.776219 0.814882 0.886451 0.851908 0.821249 1.18288
0.939422 0.785833 1.04541 0.817764 0.885172 1.031
0.90182 0.818092 1.03768 0.831536 0.879703 1.05048
end
gesture a03 hands 2
0.87006 0.81552 0.997965 0.988633 0.969123 0.980226
0.885654 0.826967 1.00758 0.973966 0.956204 1.05241
1.09965 0.815576 1.06419 0.898605 1.00055 0.909465
1.24664 0.974748 1.09394 0.900644 1.02892 0.882973
1.30982 1.27212 1.24741 0.911587 1.00311 0.943702
1.09005 1.48768 1.33007 0.943282 0.919115 1.13839
0.944318 1.46303 0.934061 1.03878 0.918953 1.35102
0.791396 1.16436 0.816498 1.05667 0.901705 1.2672
0.751468 0.881717 0.813261 0.996367 0.899931 1.29846
0.732954 0.788224 0.88798 0.999187 0.889134 1.23317
0.764723 0.890548 0.858834 0.92266 0.964429 0.986431
1.09092 0.760252 1.07956 0.962824 0.984374 0.937335
1.08974 0.752213 1.13561 0.948058 0.96922 0.953661
end
gesture a03 hands 2
1.01184 0.729859 1.16561 0.996312 0.974901 1.01631
1.10386 1.11542 0.827214 0.949536 0.966909 1.00226
0.976002 1.62777 1.09052 1.00518 0.969334 1.00335
0.89424 1.22098 0.65833 0.956576 0.970334 0.983174
0.862482 1.06177 0.68064 0.988568 0.962537 1.02588
0.887075 1.41656 0.698651 0.965054 0.990213 1.07205
0.989809 1.62696 0.967893 1.00736 1.00836 1.01748
0.998114 1.56319 0.916399 0.968724 1.00065 1.06005
0.872287 1.14104 0.686144 0.977225 0.975254 0.997694
0.752169 0.940504 0.80255 0.988364 0.970983 1.04139
1.02035 1.00024 0.838461 0.946733 0.976162 0.996891
1.05263 0.735654 1.22614 1.00446 0.9672 1.01736
1.02439 0.718931 1.18133 0.959869 0.960701 0.993026
end
gesture a03 hands 2
0.987944 0.616037 1.31494 0.980649 0.923318 1.04197
1.16455 0.770815 1.04905 0.952689 0.933416 1.07342
1.12877 1.45278 1.0801 0.960065 0.935051 1.08073
1.07039 1.49574 1.17973 0.967191 0.94875 1.04972
1.04337 1.4161 0.983003 0.952019 0.964875 1.00532
0.882374 0.874634 0.824997 0.90648 1.01591 0.943043
0.840277 0.846332 0.838871 0.948357 0.979159 1.04089
0.93023 1.45121 0.912927 0.977181 0.968973 1.06414
1.01169 1.50496 1.07451 0.93712 0.967271 1.099
0.900903 1.16044 0.772392 0.976607 0.972134 1.03143
0.781555 0.884272 0.865149 0.96913 0.970489 1.05864
1.03697 0.690186 1.13731 0.990321 0.961955 1.03999
0.984459 0.598187 1.40064 0.978725 0.941627 1.0631
end
gesture a03 hands 2
1.02638 0.615266 1.29495 0.948287 0.943593 1.02452
1.1818 1.10195 0.977274 0.995222 0.943726 1.0151
1.07229 1.48381 1.15324 0.959001 1.00894 1.0321
0.820822 0.991281 0.816356 0.977485 0.994813 1.01733
1.07095 1.45759 1.02215 0.959739 1.00204 1.06002
0.828421 0.960171 0.821268 0.982229 0.997182 1.01256
1.03508 1.49106 1.06775 0.971842 0.984338 1.05629
1.04746 1.44023 1.01564 0.997594 0.983379 1.01106
0.838803 0.893603 0.815221 0.978714 1.00588 1.01511
1.03506 1.45174 1.0352 0.967731 0.991859 1.06041
0.925393 0.896541 0.789021 1.00995 0.992964 1.00827
1.02778 0.596691 1.33134 0.969655 0.951226 1.03751
1.0351 0.624787 1.27249 0.941218 0.948336 0.984162
end
gesture a03 hands 2
0.978968 0.558618 1.31263 0.965255 0.92803 1.05536
1.1592 0.890159 0.982369 0.954314 0.935889 1.07383
1.14267 1.31833 1.03496 0.963558 0.925376 1.05738
1.02403 1.46607 1.31927 0.958637 0.980694 1.03044
1.0161 1.51029 1.00139 0.973236 0.974581 1.05386
0.846801 1.20083 0.633006 0.988334 0.939951 1.05991
0.792521 1.08658 0.616005 0.973594 0.974506 1.04716
0.83617 1.2706 0.667431 0.961599 0.983021 1.0535
0.8952 1.22672 0.782528 0.965342 1.09263 1.01454
1.0012 0.961644 0.869067 0.93331 1.07866 1.0421
0.996999 0.866577 0.901842 0.957011 0.965235 1.0372
1.02297 0.594502 1.20862 0.949109 0.979678 1.02852
0.985328 0.563801 1.30859 0.957309 0.942787 1.03057
end
gesture a03 hands 2
0.989287 0.540314 1.2798 0.958427 0.944972 1.04516
0.985577 0.544796 1.28872 0.956997 0.940058 1.05562
1.09167 0.608216 1.13654 0.970165 0.951163 1.00963
1.14413 1.0897 1.09591 0.961691 0.986686 1.01365
1.05212 1.37534 1.25921 0.958129 0.974281 1.04706
0.957707 1.43074 1.1999 0.963775 0.974253 1.05607
0.928203 1.44735 0.872701 0.961483 1.01738 1.05415
0.879782 1.16318 0.584422 0.975219 0.951203 1.05322
0.858242 1.32254 0.709135 0.965456 0.973762 1.06899
0.873471 1.30352 0.769344 0.948702 1.01869 1.05075
0.971406 0.793544 0.910584 0.946051 1.01784 1.04578
1.0142 0.566984 1.19058 0.962885 0.943323 1.04885
0.995942 0.539285 1.30043 0.963034 0.943825 1.04084
end
gesture a03 hands 2
1.00546 0.532952 1.3734 0.962877 0.942212 1.04198
1.12164 0.746608 1.11995 0.960936 0.937661 1.05214
1.13263 1.0453 1.12507 0.972509 0.949255 1.01363
1.01151 1.37118 1.29057 0.946781 1.01696 1.05436
0.97843 1.43739 1.17533 0.985654 0.953409 1.03619
0.931023 1.40077 0.880939 0.969967 0.943223 1.0604
0.872663 1.21817 0.709082 0.96146 0.965402 1.05504
0.855575 1.12924 0.696945 0.964856 1.091 1.02382
0.859698 1.23462 0.732735 0.962227 0.982657 1.04604
0.889029 1.16932 0.782126 0.962818 1.02643 1.03996
1.01025 0.738433 1.01505 0.963242 0.94437 1.0537
0.996725 0.553929 1.31687 0.953814 0.986198 1.04761
0.995466 0.559266 1.33631 0.961389 0.943416 1.05035
end
gesture a03 hands 2
0.990876 0.648427 1.32831 0.971097 0.967606 1.0202
1.02713 0.886654 0.896284 0.934674 0.978416 1.00391
1.02996 1.25202 0.805123 0.951775 0.948674 1.09734
0.985025 1.55194 0.878495 0.96713 0.94021 1.08651
0.932588 1.78614 1.12525 0.927745 0.932374 1.06446
0.937071 1.74215 1.13242 0.942841 0.960271 1.08585
0.941955 1.6679 1.02998 0.943565 0.941404 1.12729
0.983127 1.46197 0.742811 0.97151 0.957854 1.07458
0.892714 0.874984 0.666991 0.932733 0.925782 1.11913
0.933235 0.708429 0.840342 0.954548 0.943699 1.16627
0.930929 0.790605 0.966207 0.939616 0.971022 1.08642
0.977841 0.69378 0.989419 0.977195 0.953659 1.01137
1.00077 0.662505 1.26505 0.978288 0.957296 1.01611
end
gesture a03 hands 2
0.973863 0.695954 1.26441 0.984342 0.946362 1.04032
0.962182 0.695385 1.14376 0.919937 0.9514 0.998674
0.999483 0.896704 0.895617 0.96119 0.97594 1.02956
1.046 1.33853 0.811531 0.928285 0.931185 1.07845
0.986208 1.66577 0.965871 0.976566 0.96017 1.0794
0.939123 1.81072 1.07203 0.962409 0.96436 1.15928
0.950001 1.70552 0.941414 0.995316 0.959633 1.10803
0.949934 1.55661 0.676734 0.915759 0.934943 1.14847
0.90653 0.779323 0.78832 0.920324 0.939623 1.14452
0.932347 0.702828 1.06418 0.963651 0.974062 1.06531
1.00466 0.75787 0.957573 0.954679 0.955671 1.10461
0.965235 0.684351 1.20091 0.980855 0.991532 0.973464
0.961939 0.68673 1.2517 0.9497 0.988463 0.940754
end
gesture a03 hands 2
0.926575 0.631468 1.31883 0.9561 0.958575 1.01076
0.978193 0.731816 1.08771 0.936239 0.955343 1.03121
1.08196 1.1335 0.927969 0.970153 0.977341 1.03626
0.981418 1.59873 1.08949 0.952436 0.977348 1.0544
0.965108 1.66226 1.14683 0.981876 0.916505 1.0907
0.945849 1.53593 0.839717 0.955736 0.945627 1.1752
0.938453 0.964885 0.627811 0.970232 0.961746 1.08121
0.919159 0.724825 0.828138 0.910607 0.931158 1.1351
0.930118 0.633944 1.09176 0.942164 0.958053 1.12647
0.957806 0.665958 1.08245 0.952439 0.992431 0.987099
0.992413 0.86916 0.943694 0.94768 0.99142 0.977166
0.986613 0.920693 0.932973 0.965238 0.950249 1.02152
0.950769 0.594639 1.2793 0.967881 0.957106 1.03455
end
gesture a03 hands 2
0.961807 0.558292 1.35929 0.956076 0.952932 1.04764
1.0528 1.00116 0.966867 0.960895 0.9394 1.03452
0.967905 1.47426 1.228 0.952991 0.954283 1.05502
0.971927 1.02106 0.775637 0.95938 0.952431 1.01783
0.940128 0.754896 0.873869 0.947431 0.949127 1.02077
0.923045 1.13125 0.784297 0.945816 0.970502 1.07793
0.932681 1.50243 1.1338 0.959458 0.984409 1.05968
0.970718 1.06611 0.752639 0.956999 0.963889 1.0613
0.964499 0.706503 0.967341 0.961945 0.999005 1.06085
0.945063 0.937496 0.83914 0.950046 0.963752 1.0631
0.980323 0.908958 0.905504 0.96212 0.957348 1.01872
0.96567 0.566087 1.28444 0.966907 0.939189 1.03659
0.952518 0.568317 1.3725 0.955846 0.960138 1.01884
end
gesture a03 hands 2
0.96682 0.644627 1.27324 0.961322 0.962615 1.03095
1.07377 0.960313 0.865171 0.969572 0.944652 1.03547
1.00913 1.48982 1.07149 0.968749 0.956559 1.00339
0.922568 1.47479 1.19369 0.972011 1.00094 1.01944
1.00017 1.37395 0.707236 0.981979 0.975816 1.04432
0.969395 0.921177 0.732159 0.98526 0.977868 1.04045
0.962174 1.13534 0.636078 0.964113 0.957476 1.06278
0.950969 1.46516 0.794392 0.970828 0.991299 1.07287
0.957745 1.52072 1.07982 0.962509 0.987429 1.0897
0.971246 1.46165 0.877636 0.976991 1.00087 1.05835
1.03202 1.24364 0.689767 0.952216 0.975561 1.09306
0.969205 0.903985 0.718956 0.958561 0.971808 1.03804
0.979472 0.630266 1.29092 0.973379 0.970662 1.02396
end
gesture a03 hands 2
0.965576 0.559812 1.33135 0.957692 0.963612 1.02207
1.06145 0.780625 0.973952 0.960544 0.947325 0.999719
1.06359 1.23171 0.961637 0.973132 0.955898 1.02475
0.926902 1.45192 1.29264 0.962446 0.995906 1.08591
0.896516 1.44105 1.25262 0.983102 0.969529 1.12317
0.974555 1.32316 0.737121 0.992321 0.969848 1.11179
0.940495 0.918205 0.715792 0.967742 0.977644 1.15689
0.885841 0.665738 0.901313 0.9361 0.962107 1.06581
0.898265 0.777571 0.861857 0.961883 0.952169 1.00542
1.02758 1.34146 1.12124 0.954288 0.974163 0.991822
0.992394 1.40351 1.02837 0.970797 0.962764 1.02312
0.977941 1.0463 0.712508 0.958092 0.97083 1.04218
0.965667 0.585723 1.31733 0.930805 0.967523 1.10388
end
gesture a03 hands 2
1.06419 0.565483 1.39535 0.957945 0.975996 1.03181
1.05033 0.890287 1.01664 0.954331 0.969963 1.04087
1.00941 1.3709 1.14518 0.965293 0.973297 1.00351
0.998204 1.42125 1.22694 0.977762 0.973903 1.00018
0.925207 1.30033 0.939898 0.957741 1.01475 1.04341
0.938863 0.832848 0.907219 0.96266 0.956066 1.08122
0.949466 1.0863 0.846347 0.957876 1.00382 1.01576
0.957752 1.42344 1.23352 0.98105 0.964241 1.00681
0.968301 1.42117 1.22573 0.963304 0.940986 1.05791
0.917889 1.33276 0.948874 0.965576 0.953617 1.08978
0.935852 0.847862 0.905084 0.971082 0.952569 1.05151
0.948457 0.887426 0.894168 0.967331 0.955363 1.07882
1.01878 0.57382 1.29112 0.968934 0.949711 1.04994
end
gesture a03 hands 2
1.0283 0.556952 1.306 0.95666 0.950323 1.06962
1.01705 1.08649 0.90556 0.954467 0.959714 1.01205
0.971356 1.44705 1.16057 0.980661 0.959137 1.00894
0.958748 1.44963 1.21059 0.959104 0.991544 1.04807
0.954601 1.43207 1.03076 0.96735 0.953779 1.05889
0.932155 1.07733 0.77224 0.956815 1.01093 1.03168
0.921872 0.90611 0.793963 0.954755 0.982561 1.05343
0.89551 1.3401 0.868126 0.972282 0.964085 1.03153
0.913217 1.46287 1.18807 0.964621 0.997386 1.03024
0.937302 1.46818 1.14831 0.985845 0.962863 1.0277
0.904627 1.4083 0.932141 0.959986 0.953771 1.0784
0.922613 0.996486 0.750599 0.965544 0.944544 1.05938
1.05997 0.548387 1.37271 0.952098 0.963257 1.08663
end
gesture a03 hands 2
1.01093 0.624074 1.32146 0.947801 0.959728 1.06806
0.995918 0.897989 0.910623 0.973755 0.974307 0.984872
0.947592 1.484 1.05271 0.973919 0.971015 1.00547
0.962649 1.51841 1.19041 0.963643 0.950879 1.05527
0.907957 1.40338 0.876425 0.963267 0.972583 1.02256
0.929777 0.933149 0.74813 0.961852 0.955898 1.03824
0.900397 1.31582 0.752107 0.957085 1.02487 1.03735
0.91595 1.55774 1.11817 0.956503 0.982363 1.05035
0.922447 1.54308 1.17656 0.940217 1.00552 1.04741
0.92766 1.12823 0.64531 0.969239 0.958463 1.02422
1.00549 0.686896 0.960974 0.971545 0.943805 1.09753
1.02617 0.598965 1.33496 0.967718 0.940307 1.0489
1.02566 0.602186 1.34211 0.950964 0.94654 1.09235
end
gesture a04 hands 2
0.764798 0.493154 1.21034 0.974639 0.950987 1.09199
0.703622 0.558529 1.15313 0.969357 0.946011 1.05271
0.771191 0.602616 1.01273 0.942052 0.945694 1.06858
0.850673 0.797553 0.933285 0.948036 0.947024 1.06907
0.921062 1.10563 0.988482 0.918945 0.966597 1.07422
0.964885 1.39944 1.04398 0.895069 0.971189 1.0224
1.12151 1.50213 1.03955 0.901616 0.983778 1.00759
1.25967 1.47924 0.965527 0.939075 0.966056 0.990949
1.24754 1.44841 0.906717 1.00122 0.93853 1.04905
1.13512 0.937932 0.902392 1.00218 0.976719 1.05735
1.08586 0.778265 0.99919 1.02376 0.990384 1.04085
0.926161 0.631494 1.05522 0.956494 0.969476 1.02076
0.694794 0.526716 1.18594 0.84061 0.965944 1.06656
end
gesture a04 hands 2
0.787918 0.653871 1.19383 0.906561 0.978743 1.03799
0.809577 0.668922 1.10042 0.880957 0.96371 1.05318
0.753902 0.656876 1.12432 0.940847 0.962242 1.05705
0.803592 0.670612 1.092 0.935184 0.97547 1.05171
0.975492 0.938189 0.941622 0.958243 0.977136 0.991103
1.05645 1.34994 0.967234 1.04742 0.961132 1.04882
1.17619 1.56561 0.947432 1.10346 0.982366 1.02937
1.22303 1.64657 0.96086 1.10438 0.990727 0.990718
1.35318 1.65579 0.866412 1.04872 0.971869 0.996351
1.32902 1.46869 0.803065 0.925288 0.970543 1.02742
1.21386 1.03252 0.911164 0.877342 0.973139 1.05874
0.910064 0.679917 1.12263 0.895752 0.960783 1.04636
0.775196 0.655096 1.15603 0.94944 0.965989 1.05914
end
gesture a04 hands 2
0.632011 0.392168 1.21684 0.894675 0.936514 1.0984
0.677146 0.410687 1.18015 0.879531 0.931625 1.07154
0.715219 0.514334 1.05565 0.873871 0.93988 1.08923
0.82622 0.843164 0.984947 0.883616 0.956336 1.02813
0.857274 1.19493 1.05114 0.876965 0.955198 1.05013
1.02823 1.4296 1.07175 0.89972 0.960192 1.04765
1.23059 1.39493 0.99977 0.932159 0.942648 1.01919
1.25104 1.35933 0.984957 0.948085 0.93381 1.0549
1.24335 1.10116 0.900363 1.00132 0.932172 1.08591
1.19225 0.85697 0.926847 1.00672 0.966291 1.08644
1.00187 0.55248 1.01842 1.02757 0.967102 1.04985
0.841899 0.424198 1.14265 1.01249 0.953193 1.06701
0.717106 0.398151 1.23581 0.956913 0.9488 1.10157
end
gesture a04 hands 2
0.759519 0.679643 1.03022 0.943773 0.951543 1.03779
0.750721 0.660211 1.06824 0.937454 0.986029 1.06177
0.881146 0.763115 1.01366 0.94208 0.970431 1.04228
1.11958 1.09613 0.972555 0.900054 0.994983 1.05092
1.17471 1.32095 1.03552 0.913995 1.0044 1.01299
1.2851 1.66145 1.05837 0.907388 0.961622 0.979732
1.41151 1.64954 1.01244 0.957349 0.973722 1.02711
1.36456 1.401 0.98224 1.01187 0.933894 1.01049
1.37401 1.25171 0.903005 1.00287 0.920471 1.03493
1.30729 1.06432 0.980428 1.05033 0.927511 1.03279
1.10054 0.823002 0.995839 1.19514 0.940844 1.00907
0.822682 0.697963 1.06454 0.932907 1.0003 1.04561
0.714868 0.677512 1.0451 0.896187 0.985989 1.04385
end
gesture a04 hands 2
0.622416 0.537286 1.12624 0.864862 0.964311 1.07916
0.676461 0.544526 1.14277 0.996825 0.945009 1.03822
0.900055 0.697815 0.9723 1.01318 0.939525 1.04401
1.06736 1.14003 1.06797 1.15786 0.921075 1.0244
1.18955 1.47182 1.06841 1.05757 0.930486 1.04181
1.24372 1.5807 1.01132 1.09675 0.897085 1.03754
1.27204 1.55128 1.00141 1.03727 0.91285 1.04074
1.29343 1.26539 0.968241 0.990151 0.884766 1.04868
1.20902 0.881532 0.947519 0.962407 0.957222 1.04543
0.947598 0.63126 1.05424 0.905243 0.978515 1.07674
0.694706 0.540788 1.11321 0.927757 1.00676 1.04719
0.687427 0.649619 1.11935 0.905303 0.95786 1.06644
0.641258 0.54071 1.13278 0.871041 0.969186 1.08764
end
gesture a04 hands 2
0.718701 0.671569 1.09309 0.893945 0.979679 1.0741
0.734518 0.667808 1.09414 0.90644 0.981695 1.06453
0.872594 0.755931 0.991892 0.982954 0.941428 1.03324
1.02978 0.892867 0.960473 1.02074 0.973813 1.0126
1.19404 1.42186 1.03468 1.00721 0.956709 1.01725
1.27828 1.60643 1.04842 1.09179 0.984716 1.00925
1.35476 1.68896 1.03642 1.08416 0.927242 1.02391
1.40112 1.66997 0.991989 1.15641 0.936418 1.0214
1.43755 1.34646 0.946851 1.06765 0.903534 1.03149
1.43499 1.07665 0.921822 0.930584 0.972202 1.04808
1.17794 0.797919 0.962427 0.906516 1.00855 1.05569
0.825673 0.672918 1.06751 0.888698 0.947279 1.05697
0.717231 0.699466 1.07123 0.884127 0.965037 1.05137
end
gesture a04 hands 2
0.980133 0.447595 1.35657 1.02733 0.970007 1.02156
1.02015 0.849609 0.82836 0.997713 1.05751 0.894717
1.0914 1.35096 0.806953 0.954782 0.999696 1.00898
1.23658 1.35411 1.11265 0.924887 1.01938 0.875961
1.10169 1.58252 0.779006 0.963736 0.969876 1.01069
0.885068 1.36215 0.671472 1.08767 0.973784 0.883875
0.933312 0.92991 1.0063 0.989705 0.970187 1.04088
1.06836 1.18474 1.06349 0.995862 1.07208 1.09228
1.0832 1.54451 0.646125 1.21852 1.03253 1.29395
0.96539 1.4921 0.676137 1.14965 0.987264 1.10107
0.827682 0.88238 0.980706 0.963165 0.976921 1.1607
0.931458 0.930424 1.00344 0.935182 1.02606 0.977073
0.989643 0.452965 1.36765 0.993922 0.910252 1.01583
end
gesture a04 hands 2
0.956738 0.610798 1.34988 1.00698 0.947173 1.06308
0.959116 0.634076 1.14095 0.940554 0.923985 1.05453
1.02038 0.751997 0.970246 0.998336 0.929973 1.04532
1.06391 0.973178 0.850321 0.934225 0.927155 1.06004
1.06308 1.56105 0.786781 0.989523 0.931046 1.049
1.03167 1.68451 0.660677 1.00449 0.928029 1.05841
0.97078 1.67217 0.589505 0.923873 0.916983 1.05578
0.889541 1.56768 0.661799 0.932931 0.915589 1.04449
0.902096 1.321 0.732381 0.922563 0.992847 1.07245
0.946959 0.921122 0.856082 0.962606 1.00504 1.07356
0.966164 0.684484 1.0837 0.935054 1.06847 1.09855
0.954583 0.606861 1.34529 0.93421 0.971893 1.03609
0.95673 0.61153 1.36 0.983895 0.983973 1.01066
end
gesture a04 hands 2
0.931261 0.627281 1.16407 0.987839 0.954424 1.02384
0.900871 0.639808 1.15177 0.971528 0.956799 1.0128
0.89111 0.808653 0.944208 0.979477 0.960851 1.0835
0.921224 0.956252 0.884821 0.934192 0.99833 0.987178
0.978638 1.23888 0.939063 0.92758 1.01976 1.01881
1.04414 1.43396 1.00865 0.921835 1.02977 0.975768
1.10017 1.52507 0.94234 0.978377 1.00635 1.03791
1.06295 1.49419 0.871604 0.948181 1.00256 1.00042
1.03444 1.30377 0.856122 0.968699 0.966012 1.00585
0.948058 0.811961 0.943119 0.972483 0.968839 1.0916
0.94505 0.63943 1.1155 0.975562 0.935741 1.02095
0.938667 0.621042 1.13126 0.972294 0.950203 1.07718
0.914629 0.625539 1.18728 0.970517 0.932269 1.02636
end
gesture a04 hands 2
0.920977 0.629846 1.13943 0.956413 0.90744 1.08966
0.919661 0.630013 1.13485 0.929406 0.904992 1.06698
0.899746 0.63137 1.183 0.941449 0.905722 1.09745
0.902783 0.633057 1.19827 0.937825 0.91317 1.06196
0.925126 0.635911 1.14412 0.953384 0.912153 1.06984
0.914796 0.634709 1.16481 0.928696 0.912897 1.07081
0.887381 0.654575 1.11795 0.940608 0.915175 1.11148
0.895102 0.733825 1.02302 0.917207 0.923072 1.07808
0.914221 1.01815 0.911303 0.894789 0.953033 1.08572
0.938354 1.26595 0.963921 0.912932 0.975042 1.03404
1.00009 1.43041 1.0208 0.895579 0.985322 1.03719
1.06222 1.51028 0.925105 0.911473 0.98475 1.04579
1.05735 1.51377 0.915616 0.95642 0.990337 1.04921
end
gesture a04 hands 2
0.891845 0.460946 1.21149 0.930203 0.904341 1.03888
0.88799 0.498051 1.14706 0.95497 0.915025 1.05677
0.887437 0.61643 1.04454 0.910078 0.992929 1.00897
0.894252 0.45599 1.26594 0.904176 0.987314 1.0527
0.969158 1.13925 1.0203 0.918647 0.990929 1.03943
1.00403 1.26683 1.0669 0.947694 0.980384 1.08719
1.03545 1.31131 0.926536 0.943609 0.979119 1.10311
0.999487 1.31849 0.921964 0.938642 0.973028 1.05819
0.989072 1.2125 0.931924 0.959894 0.958385 1.06788
0.922463 0.832713 0.975365 0.954565 0.966717 1.0542
0.919522 0.551676 1.12853 1.00305 0.953357 1.06628
0.933347 0.494302 1.19478 0.947676 0.932073 1.07158
0.909662 0.4556 1.28923 0.995437 0.91852 1.08612
end
gesture a04 hands 2
1.08242 0.458859 1.38952 0.98299 0.919876 0.99652
1.22579 0.696912 1.2009 0.960169 0.951004 0.974828
1.2733 0.874606 1.128 0.945123 0.950998 1.01125
1.22461 1.24575 1.0479 0.940239 0.951936 0.99402
1.19532 1.33171 1.03283 0.946335 0.963795 1.13036
1.03543 1.38029 0.839175 0.962792 0.950824 1.11644
0.790456 1.23369 0.718852 0.959568 0.965341 1.15344
0.645422 1.10818 0.847447 0.947652 0.979597 1.11878
0.799009 1.15875 0.909591 0.950806 0.948543 1.07431
0.956835 1.02352 0.958008 0.954152 0.977674 1.04961
1.12842 0.573841 1.29496 0.947731 0.97138 1.0509
1.06339 0.471163 1.46313 0.971453 0.931862 1.01008
1.03654 0.463678 1.5037 0.975383 0.929161 1.0251
end
gesture a04 hands 2
1.05477 0.38623 1.41828 0.957778 0.950995 0.962145
1.21812 0.511974 1.20347 0.968429 0.941086 0.977574
1.17483 1.12082 1.0048 0.984076 0.991336 0.996789
1.07517 1.40301 1.05562 0.957797 0.991643 1.08462
1.04561 1.30354 0.753982 0.98522 0.992027 1.0524
0.767659 1.11713 0.738043 0.97601 0.964334 1.09649
1.01574 1.41788 0.942986 1.00048 0.951366 1.05803
0.71962 1.08534 0.769063 0.978725 1.00269 1.053
1.09715 1.41104 0.922025 0.96978 0.983925 1.01692
0.948652 1.06865 0.587102 0.959852 0.987192 1.10368
0.648821 0.886789 0.75876 0.96051 0.995751 1.01475
0.948684 1.00383 0.969404 0.991121 0.950767 0.976626
1.07072 0.375675 1.40951 0.974241 0.951159 0.945274
end
gesture a04 hands 2
0.837905 0.336669 1.33542 0.941373 0.946561 1.06519
0.892657 0.538973 1.06669 0.957731 0.96504 1.0067
0.837516 0.97369 1.04181 0.933256 0.992268 1.03982
0.839005 1.23111 1.17032 0.941484 0.989582 1.02176
1.15217 1.31918 0.987648 0.978729 0.978657 1.08197
0.92592 1.09022 0.715448 0.989743 0.983875 1.05716
0.955731 1.26803 1.03965 0.977845 0.975077 1.01108
1.27662 1.27194 0.993703 1.0059 0.990605 1.00792
1.10655 1.1601 0.795288 1.01061 0.975476 1.04546
1.0537 1.12802 0.957716 1.00392 1.00521 1.0101
1.10775 0.583053 1.18084 0.97043 0.975407 1.02084
0.895793 0.328394 1.40347 0.97361 0.987331 1.00674
0.817412 0.309463 1.39163 0.965986 0.943892 1.02623
end
gesture a04 hands 2
0.905738 0.585589 1.27571 0.957088 0.949643 1.04178
0.914031 0.612709 1.2797 0.960994 0.939039 1.03375
0.917328 0.662259 1.15495 0.955983 0.952537 1.04226
0.932022 0.886446 1.03913 0.963539 0.947465 1.02908
0.961784 1.00055 1.01253 0.956234 0.96888 1.04369
1.02073 1.25878 0.968511 0.966278 1.00251 1.03697
1.06195 1.42157 0.792387 0.974817 0.984146 1.05139
1.09365 1.42401 0.73196 0.971141 0.985704 1.03594
1.03171 1.40898 0.770208 0.971927 0.954728 1.027
0.996658 1.22208 0.902814 0.967545 0.947333 1.04659
0.963091 0.755979 1.06347 0.96454 0.952964 1.04304
0.932559 0.631775 1.28584 0.95365 0.961603 1.07189
0.914505 0.587741 1.31058 0.95446 0.955297 1.05457
end
gesture a04 hands 2
0.904143 0.522564 1.3157 0.954883 0.952114 1.06264
0.907249 0.533646 1.32512 0.959478 0.939366 1.06054
0.92599 0.604169 1.18054 0.963644 0.965845 1.04625
0.949062 1.08444 1.0675 0.965654 0.962276 1.05225
0.966909 1.2986 1.00539 0.965148 0.98062 1.03998
1.04699 1.40235 0.776447 0.962266 0.975045 1.04933
1.04473 1.34964 0.739354 0.971167 0.988966 1.03352
0.993121 1.22327 0.933376 0.96623 1.00188 1.04545
0.975657 1.17727 0.969157 0.961874 0.9895 1.03873
0.99396 0.775129 1.06021 0.96336 0.949514 1.04654
0.972611 0.667832 1.11688 0.956399 0.972966 1.03026
0.916153 0.503828 1.32487 0.951429 0.969678 1.04265
0.898512 0.514212 1.30917 0.95657 0.944446 1.0397
end
gesture a04 hands 2
0.898256 0.584637 1.25464 0.962336 0.949983 1.04603
0.906603 0.616516 1.24105 0.965409 0.93582 1.0432
0.951066 0.699355 1.06478 0.963808 0.963594 1.03988
0.915171 1.13863 1.04044 0.961917 0.953803 1.04531
0.91807 1.24483 1.05993 0.959239 0.97726 1.03283
1.00287 1.39718 0.918499 0.957979 0.978573 1.04537
1.12238 1.45518 0.705369 0.967536 1.00907 1.04519
1.04979 1.42015 0.703891 0.971734 0.966238 1.04166
1.00211 1.20848 0.893602 0.959118 0.973528 1.05261
0.996864 1.10963 0.961771 0.967652 0.964732 1.02446
0.973097 0.892326 1.04106 0.960386 0.950204 1.0446
0.968167 0.633424 1.26109 0.969603 0.94277 1.0308
0.912569 0.580029 1.27099 0.973564 0.92383 1.04582
end
gesture a04 hands 2
0.927971 0.36664 1.29614 0.993621 0.980278 1.03356
0.993998 0.374915 1.19917 0.953153 1.01606 1.03032
0.982791 0.575693 1.00485 0.973765 0.941657 0.982444
1.01051 1.08521 1.00661 0.93956 0.986771 1.0026
0.962016 1.20649 1.14895 1.01781 0.989673 1.03424
0.959191 1.38555 1.1186 0.952667 0.995692 0.981868
1.05965 1.58275 0.942959 0.980195 0.904799 1.04133
1.12345 1.29274 0.580745 0.999688 0.993618 1.03966
1.10281 1.02373 0.532136 0.957058 0.930482 1.0773
1.0947 0.88195 0.599343 0.984607 0.962065 1.04426
1.00501 0.753613 0.954506 0.948476 0.938761 1.06739
0.982781 0.751946 0.97143 0.972083 0.995923 1.00987
0.978619 0.455799 1.13587 0.9455 0.944804 1.02505
end
gesture a04 hands 2
0.92096 0.486471 1.19196 0.940044 0.912986 1.11925
0.955777 0.738993 1.08198 0.938344 0.976251 1.02245
1.03882 0.931829 1.12813 0.934848 0.984267 1.04846
0.985741 1.20611 1.16402 0.933552 0.898979 0.997289
0.964178 1.25395 1.2117 0.943479 1.01383 1.05055
0.959701 1.45604 1.19963 0.907954 0.962135 1.01584
1.03607 1.45258 0.962705 0.961305 0.966624 1.13908
0.950159 1.19375 0.695366 0.953128 0.961453 1.16507
0.924088 1.06417 0.774251 0.954728 0.972755 1.08919
0.958091 0.69232 1.01944 0.947505 0.944629 1.16202
0.925755 0.477752 1.11026 0.926832 0.900172 1.08231
0.945979 0.399348 1.25781 0.982033 0.96837 1.05643
0.94755 0.415359 1.24099 0.949515 0.989097 1.03961
end
gesture a04 hands 2
0.915677 0.526289 1.21457 0.950065 0.999691 1.00112
0.921632 0.537781 1.20726 0.967874 0.945786 1.08481
0.984552 0.867373 0.977978 0.948595 0.972133 1.00193
0.979283 1.36199 1.06871 0.954294 0.966287 1.05619
0.954745 1.47982 1.09159 0.955745 0.906257 0.994378
1.06859 1.66643 0.936678 0.950202 0.933662 1.07743
1.13234 1.64335 0.795233 0.972341 0.977436 1.00404
1.06151 1.25672 0.601266 0.958434 1.00379 1.05288
1.00716 0.847115 0.928943 0.93692 0.934645 1.05363
0.977313 0.655828 1.02634 0.979803 0.967738 1.09517
0.921456 0.594903 1.19968 0.963549 0.990488 1.04183
0.925588 0.521774 1.25886 0.972398 0.956165 1.11233
0.904552 0.534729 1.23916 0.982096 0.986667 1.02145
end
gesture a04 hands 2
0.790453 0.423168 1.08087 0.979807 0.966905 1.06882
0.817582 0.560974 0.907136 0.976146 0.967183 1.05101
0.90348 0.788279 0.818791 0.953672 0.962449 1.05941
0.879785 0.979809 0.85179 0.941175 0.968611 1.02497
0.879099 1.03023 0.858678 0.952127 0.980749 1.02915
0.83012 1.14296 1.03553 0.987835 0.972207 1.00795
0.855027 1.16784 1.07039 0.978223 0.970081 1.02976
1.04324 1.47189 1.08939 1.00246 0.975407 0.99416
1.094 1.45363 1.11192 1.00726 0.967356 1.02852
1.29219 1.2129 1.12441 1.00972 0.974276 1.01795
1.3351 1.0441 1.07633 0.991179 0.990626 1.03222
1.17467 0.726772 1.07349 1.00219 0.982449 1.04586
0.906273 0.468781 1.12678 0.968006 0.994667 1.0293
end
gesture a04 hands 2
0.788442 0.601236 1.13673 0.968496 0.981888 1.04684
0.765375 0.671726 1.00412 0.957845 0.976532 1.04211
0.860887 0.876433 0.901934 0.948851 0.967377 1.07856
0.896951 0.974201 0.904768 0.952874 0.957993 1.04325
0.899573 1.2226 1.00716 0.941751 0.963978 1.04981
0.934143 1.3329 1.05185 0.948675 0.981125 1.01253
1.07532 1.4651 1.03634 0.962719 0.979518 1.03406
1.23652 1.48171 1.02156 0.991255 0.96245 1.01312
1.37577 1.20761 1.00949 1.01771 0.964744 0.997474
1.35507 1.17938 1.01405 0.989923 0.976732 1.05782
1.16553 0.996407 0.99728 0.995655 0.969351 1.03868
0.942522 0.673496 1.07334 0.954946 0.98165 1.04905
0.746959 0.614009 1.09107 0.946275 0.953579 1.05451
end
gesture a04 hands 2
0.687721 0.553597 1.11878 0.937497 0.943222 1.06071
0.682215 0.5739 1.07272 0.930433 0.972581 1.05301
0.730639 0.695866 0.958514 0.94434 0.977275 1.01622
0.817889 1.04271 0.921366 0.988465 0.971362 1.03034
0.842683 1.22596 1.0197 0.97408 0.972259 1.03935
0.876558 1.29477 1.0475 0.997716 0.96664 1.04955
1.0094 1.39148 0.99509 0.980255 0.971753 1.07046
1.16984 1.3819 1.02355 0.974576 0.975162 1.06028
1.28644 1.2101 1.05614 0.971769 0.966851 1.04353
1.28173 1.06302 1.03406 0.945392 0.971537 1.05572
1.0033 0.726756 1.05968 0.954242 0.95752 1.03275
0.71827 0.555613 1.12085 0.938627 0.950942 1.06531
0.713161 0.545683 1.1034 0.935237 0.948565 1.06351
end
gesture a04 hands 2
0.973523 0.498785 1.21606 0.95626 0.945357 1.05606
1.00987 0.552971 1.08334 0.963161 0.945486 1.06746
1.01693 0.875575 0.905592 0.962598 0.947729 1.04862
0.991679 1.32997 0.98841 0.959788 0.942058 1.071
0.967943 1.43998 1.0267 0.9406 0.947436 1.04887
0.943599 1.63076 0.957625 0.961691 0.955708 1.05783
0.970565 1.62982 0.88229 0.953029 0.967315 1.03232
0.902814 1.50163 0.989601 0.965313 0.958731 1.05647
0.910935 1.26009 0.981936 0.957207 0.960819 1.03484
0.919899 0.930549 0.867373 0.956945 0.969936 1.07801
0.958718 0.640285 0.987427 0.94663 0.979762 1.04519
0.984928 0.511749 1.28565 0.951214 0.958215 1.06381
0.969654 0.51313 1.23326 0.937168 0.965944 1.06571
end
gesture a04 hands 2
0.935487 0.511972 1.19543 0.926643 0.941333 1.07436
0.979694 0.544381 1.08787 0.943573 0.949585 1.04029
1.02373 0.721696 0.949193 0.944145 0.940448 1.06287
1.03788 0.971767 0.962703 0.948465 0.941317 1.05664
0.994821 1.37642 1.09797 0.937689 0.931725 1.07852
0.98873 1.61523 1.0759 0.942875 0.9403 1.06371
0.976584 1.6676 0.974411 0.939736 0.965685 1.06301
0.958394 1.62876 0.923594 0.951779 0.958966 1.03088
0.936361 1.41185 0.945702 0.962016 0.954047 1.0259
0.988128 0.958198 0.881057 0.945218 0.958581 1.05999
0.938459 0.572407 1.04603 0.939995 0.939288 1.10432
0.930302 0.519256 1.17962 0.929433 0.948239 1.14331
0.932273 0.515196 1.21675 0.940454 0.960998 1.07789
end
gesture a04 hands 2
0.935824 0.445892 1.23007 0.926613 0.953279 1.07948
1.02397 0.774016 0.941747 0.944685 0.952678 1.05115
1.01741 1.08254 0.992523 0.947706 0.941449 1.05364
0.996402 1.22039 1.05005 0.962996 0.943629 1.04223
0.928848 1.44813 1.12553 0.957057 0.937505 1.05963
0.973319 1.56341 1.1054 0.94479 0.947515 1.06184
1.01587 1.58976 0.934132 0.939104 0.939205 1.08414
0.975305 1.51931 0.962594 0.942683 0.957107 1.07006
0.902161 1.16917 1.01386 0.941111 0.932537 1.11649
0.903267 0.900009 0.881654 0.947825 0.939963 1.12203
0.938058 0.495695 1.06133 0.958773 0.945338 1.08348
0.939773 0.44006 1.21569 0.948408 0.952765 1.07274
0.940262 0.438485 1.21895 0.922131 0.945711 1.1125
end
gesture a05 hands 2
1.00111 0.738733 1.23425 0.944198 0.915344 1.08156
1.02044 0.781385 1.16776 0.999137 0.954495 1.02672
1.0549 0.939504 1.07015 1.00493 0.986925 0.945276
1.06126 1.3157 1.02276 1.06821 1.06765 0.921136
1.00377 1.40567 1.10855 0.998189 1.10707 0.945427
1.00745 1.45537 1.01886 1.01015 1.14185 0.978458
0.924707 1.5315 0.643826 0.958755 1.10877 1.01383
0.914064 1.50908 0.502125 0.955628 1.11532 0.956731
0.824289 1.45289 0.465901 0.936381 1.04809 0.961226
0.986481 0.850877 0.960888 0.940906 0.949101 1.06557
1.00007 0.760281 1.22625 0.933732 0.947926 1.1236
1.07001 0.730168 1.24305 0.992168 0.944549 1.01675
0.997199 0.733682 1.21567 0.955396 0.925529 1.0877
end
gesture a05 hands 2
1.00705 0.7064 1.23717 0.95808 0.942936 1.05596
1.06541 1.28199 1.03038 1.02675 1.01549 0.909492
1.00792 1.37196 1.11617 1.09004 1.09621 0.885352
0.82844 1.41918 0.473521 0.980579 1.13733 0.978048
0.990632 0.817168 0.968508 0.958205 1.07666 0.925442
1.00422 0.726572 1.23387 0.955556 0.976488 1.08781
1.02963 0.75 1.15173 0.997288 0.974579 0.986669
1.07601 1.42391 1.06121 1.01598 0.971234 1.00129
0.950242 1.5853 0.659635 0.960001 0.960428 1.09625
0.867998 1.51006 0.529468 1.00669 0.977749 0.99935
0.990776 0.971537 0.827549 0.952234 0.930485 1.07972
1.03907 0.725034 1.34431 0.941894 0.968873 1.01133
0.983094 0.713372 1.24261 0.989505 0.954347 1.04196
end
gesture a05 hands 2
0.970763 0.656113 1.31541 0.962098 0.950605 1.04938
0.980487 0.837321 1.14594 0.989967 0.946874 1.02573
1.05153 1.23006 1.08119 0.956107 0.954061 1.08328
1.01584 1.32079 1.12587 0.957854 1.01046 1.12151
0.948579 1.45423 0.781026 0.958222 0.95659 1.09151
0.951101 1.41232 0.588182 0.954009 0.957612 1.09835
0.905348 1.40303 0.563905 0.944707 0.958435 1.03797
0.906011 1.21598 0.633131 0.949023 0.961733 1.04391
0.973818 0.795837 0.975016 0.94392 0.96303 0.968804
1.01856 0.689161 1.35738 0.965761 0.958961 0.999803
1.08627 0.652582 1.39849 0.961873 0.956341 0.971994
0.899036 0.69101 1.19475 0.943218 0.951358 1.02113
0.957146 0.648968 1.2552 0.94838 0.946104 1.00509
end
gesture a05 hands 2
0.956241 0.773678 1.24866 0.933792 0.902381 1.19499
1.04009 0.982702 1.08623 0.985064 0.932989 1.13983
1.097 0.925085 1.1376 0.992032 0.924645 0.973741
1.15602 0.972581 1.13157 1.12495 1.18673 0.758323
1.07254 1.38723 1.0568 1.07799 1.05421 0.893543
0.844954 1.40712 0.55544 0.991582 0.995172 0.82841
0.821237 1.42144 0.484141 0.993669 1.09651 0.789897
0.866213 1.28805 0.506268 0.898448 0.905677 0.937977
1.01634 0.903558 0.8928 0.856768 0.927979 0.982193
0.982553 0.787445 1.1967 0.974901 1.01049 1.00131
1.03912 0.841206 1.22323 0.946232 0.935477 1.14622
1.00437 0.762605 1.25369 0.958579 0.928238 1.1639
1.03398 0.845086 1.23245 1.00971 0.950664 1.14329
end
gesture a05 hands 2
1.0287 0.773734 1.29445 1.01659 0.91943 1.16201
0.982637 0.71527 1.26547 1.03 0.947818 1.14199
1.02131 0.846007 1.26925 1.10509 1.07429 0.882841
1.02522 0.772369 1.22656 1.11949 1.04714 0.870165
1.11497 1.35058 1.21364 0.925658 0.951012 0.880361
1.09591 1.34048 1.21893 0.952804 0.968069 0.907102
1.07866 1.34795 1.06602 0.829238 0.977795 0.937676
0.836908 1.29881 0.672977 0.879794 0.931393 0.973899
0.857769 1.30303 0.468656 0.887411 0.969567 0.914052
1.02212 0.913787 0.754364 0.884136 0.983388 0.96452
1.04248 0.770406 1.01714 0.919301 1.02056 1.12248
0.963504 0.731988 1.22769 0.951052 0.908481 1.15569
0.985563 0.715829 1.2846 0.951755 0.914793 1.19031
end
gesture a05 hands 2
0.979415 0.736058 1.15438 0.967762 0.803807 1.16479
1.04618 0.92866 1.09677 0.971584 0.812374 1.13433
0.999085 0.816925 1.15378 1.07322 0.967409 0.77657
1.11895 0.835843 1.11825 0.997213 0.903394 0.904891
1.17618 1.32811 1.07905 1.07121 0.927573 0.776419
0.951609 1.25122 0.799942 0.889108 1.58137 0.934032
0.844576 1.36018 0.928308 0.975783 1.62208 0.912574
0.920378 1.37476 0.911255 1.01206 1.43034 1.03483
0.993422 0.918236 0.720673 0.934919 0.984292 1.04035
1.02342 0.817157 0.987736 0.882107 1.1106 1.21676
1.04556 0.828966 0.965352 0.876776 1.10345 1.20776
0.81636 1.02108 1.00203 1.01304 0.7968 1.14925
0.894055 0.785037 1.09583 0.89682 0.876596 1.1575
end
gesture a05 hands 2
1.08091 0.544624 1.40858 0.928692 0.971301 1.01232
1.16048 0.651281 1.22246 0.928866 0.983136 0.996255
1.19827 1.03678 1.16458 0.878479 1.02273 0.90047
1.12651 1.17243 1.23977 0.861489 1.08318 0.977797
1.01562 1.25561 1.15524 0.848251 0.971724 1.00086
0.906415 1.35306 0.879976 1.03595 0.84413 1.1546
0.792558 1.35756 0.591367 1.17186 0.87589 1.22886
0.707921 1.3353 0.566752 1.14713 0.884858 1.32503
0.771632 1.35382 0.67922 0.757164 0.935097 1.21137
0.932455 1.21867 0.946778 0.863521 1.03125 1.00994
1.10209 1.02619 1.04436 0.899768 1.00514 0.952763
1.14592 0.720018 1.15794 0.915586 0.9844 0.987095
1.06718 0.533417 1.44299 0.932489 0.982424 0.946608
end
gesture a05 hands 2
1.06329 0.599931 1.39769 0.970455 0.98532 0.986656
1.264 0.888682 1.13087 0.905082 1.01701 0.957773
1.23495 1.15796 1.15877 0.897732 1.03756 1.01985
1.19132 1.24109 1.15541 0.864225 0.981691 1.04635
1.14006 1.30273 1.08523 1.06223 0.867012 1.15493
0.987034 1.39733 0.827984 1.10537 0.909222 1.2303
0.766874 1.4103 0.573871 0.922053 0.933534 1.20457
0.63467 1.39797 0.53786 0.938282 0.977905 1.24258
0.63033 1.38124 0.525213 0.855441 0.939009 1.06191
0.896226 1.28366 0.73074 0.892237 0.952919 0.968228
1.09872 0.923591 0.935156 0.992814 0.980651 0.960399
1.13724 0.728725 1.16929 0.976238 0.966079 1.03053
1.08606 0.645563 1.37348 0.985405 0.962287 1.022
end
gesture a05 hands 2
1.07249 0.578375 1.46449 0.986888 0.955167 0.910781
1.32083 0.74344 1.26356 0.981323 0.950638 0.916691
1.3706 1.00127 1.15612 0.911629 0.922672 0.879922
1.17603 1.26637 0.976105 0.89844 0.940767 0.924466
0.904954 1.32125 0.747556 0.903177 1.02755 1.02848
0.696414 1.3268 0.662289 0.907789 1.001 1.0702
0.614354 1.31462 0.644549 0.944753 0.935535 1.34669
0.89196 1.249 0.811081 1.05635 0.952928 1.37054
1.02593 1.11872 0.86693 0.948766 0.99235 1.36218
1.15408 0.866129 1.01309 0.880352 0.956953 0.998059
1.15008 0.580179 1.32488 0.880843 0.980758 1.02549
1.05864 0.541303 1.45491 0.894673 0.952218 0.922345
1.06496 0.531481 1.46686 0.963637 0.971352 0.916214
end
gesture a05 hands 2
1.06856 0.550797 1.35215 0.939006 0.938108 0.962985
1.03963 0.580891 1.3434 0.928975 0.964699 0.951156
1.05678 0.636805 1.27412 0.921279 0.968604 1.02129
0.969009 0.794537 1.1863 0.924547 0.971355 0.982911
0.958387 0.93 1.14864 0.943519 0.962661 1.03347
0.967818 1.08176 1.04647 0.953695 0.950959 1.13548
0.946863 1.16511 0.971735 0.947306 0.950772 1.17327
0.892534 1.25445 0.810388 0.915395 0.951133 1.1371
0.875724 1.23696 0.804496 0.953521 0.950856 1.07182
0.92877 1.01771 0.971516 0.958893 0.941725 1.05653
0.977625 0.772964 1.05832 0.96143 0.940152 1.09441
1.06412 0.596366 1.25868 0.973498 0.937073 1.0404
1.09186 0.544193 1.36879 0.948489 0.936858 1.06498
end
gesture a05 hands 2
1.05334 0.69149 1.26269 0.944277 0.942505 1.01836
1.06033 0.692975 1.23658 0.976342 0.949327 1.00836
1.0547 0.683743 1.28681 0.947786 0.969667 0.989282
1.05855 0.691133 1.27294 0.953018 0.987155 1.02725
1.04317 0.75316 1.19088 0.957446 0.976539 0.981998
0.95598 1.0128 1.08525 0.962994 0.984238 1.01331
0.955755 1.24678 0.920374 0.948621 0.985014 1.0693
0.906439 1.32054 0.780632 0.983169 0.970761 1.06113
0.855248 1.33068 0.717409 0.956555 0.958796 1.14609
0.86736 1.33509 0.712162 0.946639 0.954796 1.0742
0.890087 1.14495 0.873493 0.964109 0.96818 1.08148
0.983964 0.902937 1.00915 0.945146 0.975741 1.0362
1.07205 0.736074 1.22695 0.966149 0.955416 1.10727
end
gesture a05 hands 2
1.06865 0.723725 1.30539 0.925371 0.945686 1.02795
1.04574 0.737339 1.22942 0.955086 0.956527 0.971612
1.03011 0.742854 1.22712 0.966782 0.95921 1.07532
1.03225 0.800322 1.15202 0.944284 0.963385 1.00256
0.954214 0.96191 1.05769 0.956816 0.982615 1.02051
0.929668 1.03342 1.06534 0.962215 0.985232 0.973195
0.921144 1.21286 0.929997 0.961231 0.993273 0.960431
0.897082 1.28788 0.856089 0.951721 0.990797 1.02158
0.87077 1.34242 0.713235 0.952561 0.987036 1.02565
0.831075 1.36166 0.658182 0.960484 0.965544 1.09115
0.851652 1.30467 0.709558 0.969978 0.951957 1.15843
1.02958 0.726359 1.24469 0.935469 0.948535 1.10192
1.0067 0.753228 1.15526 0.962737 0.942843 1.02361
end
gesture a05 hands 2
1.0935 0.487248 1.37113 1.00624 0.958925 0.986334
0.97449 1.17313 1.25169 0.985066 0.989546 1.00685
0.966197 1.24812 0.710524 0.993228 0.961258 1.09673
0.944188 1.24375 0.644283 0.961729 1.00387 1.03864
0.958435 1.13681 1.1907 0.961004 0.984462 1.0175
0.939143 1.19159 1.11512 0.983319 0.974837 1.12493
0.963045 1.21483 0.703764 0.970346 1.00471 1.05335
0.941012 1.15696 1.28118 0.954173 0.982436 1.02956
0.911532 1.18203 0.641952 0.986228 0.968003 1.09952
0.920213 1.13361 0.715165 0.962601 0.991643 0.998129
1.1577 0.533693 1.28322 0.963173 0.95038 1.02818
1.05705 0.456095 1.42608 0.921764 0.958093 0.982837
1.02439 0.519335 1.24725 0.963057 0.956718 0.971674
end
gesture a05 hands 2
1.06931 0.493405 1.34462 0.971717 0.944509 1.02194
0.969592 1.15573 1.16055 0.967603 0.94327 0.983765
0.92573 1.24744 0.726244 0.994908 0.946273 1.01699
0.95775 1.19318 1.20878 0.985677 0.995608 1.03912
0.98519 1.18494 0.682683 0.993506 1.00094 1.01101
0.96499 1.1959 0.667426 0.999919 0.981187 1.05875
0.987493 1.17932 1.22153 0.984159 1.00514 1.01747
0.895004 1.20387 0.696203 0.996002 0.966425 1.09216
0.959282 1.1938 1.21599 0.97452 1.00751 1.03242
0.92607 1.17759 0.757604 0.991977 0.975226 1.0714
0.91294 1.04438 0.738815 0.978369 0.961939 0.967343
1.05755 0.489739 1.42398 0.944648 0.969656 0.946274
1.03338 0.521213 1.26645 0.928035 0.963878 0.996978
end
gesture a05 hands 2
1.03213 0.614507 1.31877 0.971547 0.933417 1.03343
1.02806 0.711641 1.2892 0.963289 0.941379 1.05264
1.01886 0.825052 1.15556 0.966927 0.950982 1.02369
0.999322 1.00271 1.10901 0.959737 0.965412 1.02386
0.969503 1.05111 1.10198 0.955832 0.962941 1.06721
0.952056 1.21507 0.944383 0.979912 0.947309 1.04761
0.888918 1.30196 0.643047 0.96119 0.957823 1.06888
0.85641 1.34564 0.596718 0.963745 0.947339 1.05456
0.889034 1.34592 0.646791 0.948139 1.00106 1.05766
0.927929 1.26696 0.804051 0.953176 0.976693 1.05928
0.966566 1.01392 1.08044 0.953889 0.989649 1.03715
1.05123 0.686837 1.29976 0.95144 0.992832 1.04308
1.03335 0.640464 1.31833 0.960226 0.956115 1.04807
end
gesture a05 hands 2
1.01631 0.635274 1.30578 0.963811 0.966243 1.04086
1.02102 0.694102 1.30088 0.954368 0.960156 1.06565
1.04714 0.798569 1.134 0.96859 0.95901 1.04827
0.979944 1.08093 1.08951 0.961938 0.959076 1.05453
0.95647 1.22309 1.02092 0.953108 0.990192 1.05734
0.88206 1.36625 0.714636 0.956237 0.97416 1.0733
0.894014 1.38913 0.622596 0.943508 0.99243 1.04701
0.875901 1.33982 0.700664 0.960999 0.955897 1.03341
0.919605 1.25929 0.89372 0.963657 0.943026 1.03392
1.00891 0.832867 1.09044 0.969274 0.955715 1.01375
1.02763 0.688562 1.26906 0.954664 0.964295 1.03657
1.03035 0.660249 1.24572 0.96362 0.948144 1.04499
1.02292 0.628541 1.2958 0.955209 0.95102 1.05801
end
gesture a05 hands 2
1.01734 0.682538 1.22808 0.959749 0.954046 1.05561
1.02151 0.669609 1.25078 0.981809 0.953245 1.00404
1.04205 0.839226 1.09471 0.965132 0.982836 1.04388
0.985746 1.08624 1.07936 0.958627 1.00123 1.04571
0.967774 1.13848 1.05485 0.964027 0.971318 1.0445
0.901001 1.40955 0.730826 0.960556 0.998884 1.03255
0.851686 1.41633 0.570517 0.966744 0.971724 1.02992
0.877206 1.4104 0.610834 0.96225 0.965551 1.04223
0.903528 1.2974 0.848782 0.97731 0.980922 1.01952
0.97919 0.915239 1.10577 0.977982 0.972638 1.02654
0.985311 0.868324 1.11785 0.97436 0.955855 1.05365
1.03855 0.685122 1.25915 0.981334 0.956831 1.02432
1.02833 0.684676 1.26062 0.974128 0.955332 1.0449
end
gesture a05 hands 2
0.994463 0.671419 1.2718 0.985989 0.959784 1.01106
1.03356 0.68387 1.22512 0.929609 0.906766 1.03357
0.949143 0.946841 1.04785 0.904401 0.910108 1.02633
0.998011 1.08779 1.08616 0.975003 0.955419 1.04287
0.956576 1.37932 1.02059 0.937415 1.02602 1.04546
0.963494 1.49083 0.52411 0.947124 1.00041 1.13655
0.876361 1.54001 0.472659 0.984181 0.974062 1.10047
0.865822 1.47813 0.504271 0.960886 0.968852 1.14448
0.874798 1.25331 0.788418 0.922189 0.982427 1.0547
1.02183 0.852593 1.109 0.945313 0.927303 1.06132
0.993108 0.720239 1.26268 0.927205 0.932591 1.03017
1.04145 0.683108 1.32388 1.00699 0.96527 1.03287
0.999796 0.679836 1.29431 0.991386 0.968478 1.05091
end
gesture a05 hands 2
1.0367 0.60237 1.35862 0.979647 0.963267 1.0592
0.992388 0.7296 1.14072 0.93433 0.981296 1.01686
0.99053 1.16507 1.03088 0.947922 0.997795 1.01128
0.938115 1.38094 1.14027 0.946804 0.972121 1.11399
0.921381 1.41175 1.08782 0.937315 0.989053 1.10556
0.974506 1.45867 0.620893 0.946929 0.935658 1.13338
0.920669 1.45503 0.56654 0.894925 0.911413 1.08949
0.909719 1.36072 0.641551 0.926275 0.89855 1.03119
0.870419 1.28995 0.599798 0.980969 0.917904 1.04494
0.853805 1.06147 0.698308 0.970868 0.937294 1.08918
1.00698 0.634285 1.03492 0.966993 0.971509 1.03436
1.02315 0.588986 1.25242 0.973754 0.954667 1.05607
1.00843 0.616823 1.36487 0.956223 0.965477 1.01959
end
gesture a05 hands 2
0.994688 0.654739 1.34335 0.989364 0.967606 1.05275
1.03751 0.734932 1.18899 0.958856 0.954873 1.09882
1.03009 0.917885 1.15357 0.97574 0.980504 1.02725
0.909774 1.44624 1.06284 0.981794 0.92489 1.03595
0.958364 1.49194 0.889138 0.965064 0.986539 0.965195
0.985052 1.46115 0.820696 0.935669 1.05464 1.08812
0.970376 1.51411 0.589587 0.943879 0.941112 1.09778
0.889972 1.4919 0.542238 0.937953 1.02095 1.08058
0.885923 0.995839 0.612403 0.9416 0.93262 1.05494
0.98371 0.772464 0.805539 0.930579 0.92477 1.04401
1.04431 0.572152 1.18577 1.00013 0.95808 1.02986
1.00099 0.573068 1.29767 0.931025 0.899044 1.03448
0.978968 0.603282 1.34666 0.987965 0.953031 1.03635
end
gesture a05 hands 2
0.999846 0.556552 1.33658 0.932583 0.95103 1.05668
0.998926 0.673424 1.21392 0.940682 0.939136 1.04268
1.00248 0.745886 1.18524 0.937421 0.976005 1.00706
0.974383 1.09843 1.18373 0.95039 0.9663 0.989912
0.954533 1.15107 1.20608 0.954688 0.938947 1.06855
0.94452 1.16974 1.16974 0.953206 0.940661 1.08515
0.888138 1.21659 1.0297 0.949461 0.937479 1.14973
0.910815 1.28415 0.753791 0.971029 0.941731 1.1556
0.979967 1.27675 0.699509 0.950164 0.907785 1.14511
0.89315 1.28438 0.696734 0.972848 0.921168 1.08607
0.903633 1.25816 0.687437 0.952474 0.93829 1.12876
0.94839 1.07194 0.896698 0.927028 0.973821 1.1186
0.983997 0.76186 1.06621 0.938232 0.967216 1.06364
end
gesture a05 hands 2
0.959025 0.641535 1.23462 0.943072 0.965377 1.04582
0.978226 0.61625 1.39086 0.949262 0.963181 1.00609
0.964534 0.631851 1.4292 0.94378 0.951691 1.01436
0.999122 0.661502 1.26713 0.956918 0.95383 0.982406
1.02047 0.898724 1.10561 0.949369 0.953239 1.00548
1.0027 1.092 1.1166 0.940316 0.962593 1.01827
0.964043 1.20881 1.20243 0.945897 0.950225 1.05428
0.928623 1.30993 1.05021 0.951401 0.95679 1.06412
0.946381 1.34732 0.686523 0.972247 0.961129 1.12943
0.914448 1.32559 0.635562 0.957899 0.959994 1.12071
0.997187 0.860066 0.844742 0.960478 0.918949 1.102
1.01675 0.651707 1.15248 0.956824 0.967738 1.06633
0.942069 0.608886 1.33306 0.925844 0.975803 1.08865
end
gesture a05 hands 2
0.980564 0.69923 1.27743 0.947692 0.983664 1.05516
1.0162 0.692974 1.28777 0.964877 0.96517 1.02488
1.00048 0.837596 1.1081 0.955225 1.00239 1.01841
1.02313 1.08345 1.0419 0.954293 0.9764 1.02649
1.03085 1.24236 1.06745 0.971622 0.949046 1.0734
0.965055 1.34869 1.08127 0.969951 0.920531 1.07758
0.936554 1.49529 0.617744 0.997109 0.913755 1.04175
0.936202 1.35819 0.590741 0.973485 0.954323 1.08373
0.952324 1.13777 0.654904 0.957958 0.96507 1.08656
1.02099 0.874772 0.859062 0.966667 0.98973 1.03392
1.03077 0.770867 1.0229 0.949337 0.980693 1.06319
0.977175 0.703283 1.30836 0.965039 0.967466 1.02372
0.962943 0.68166 1.24124 0.956793 0.964331 1.03562
end
gesture a05 hands 2
1.03071 0.675741 1.27085 0.949715 0.951526 1.04141
1.03362 0.6854 1.23196 0.946552 0.95333 1.03758
1.03701 0.760215 1.15145 0.950358 0.947332 1.05635
0.946218 1.09987 1.00421 0.94486 0.947167 1.03911
0.906253 1.31752 0.898591 0.95042 0.961696 1.03993
0.86568 1.46658 0.70147 0.95073 1.01881 1.06505
0.865763 1.46948 0.64059 0.944876 0.970834 1.11942
0.823937 1.44421 0.686382 0.95108 0.946972 1.11625
0.822544 1.38783 0.783463 0.954073 0.964624 1.09191
0.899141 1.23689 0.906745 0.952057 0.936295 1.06604
0.984158 0.876631 1.01271 0.95331 0.940183 1.09129
1.01748 0.71464 1.14182 0.955879 0.941313 1.08689
1.03333 0.66591 1.2749 0.958115 0.939974 1.04212
end
gesture a05 hands 2
1.01714 0.603024 1.35165 0.936296 0.931975 1.06083
1.00971 0.725116 1.17392 0.940557 0.93434 1.05793
0.979762 0.908525 1.08991 0.934105 0.939912 1.07742
0.907325 1.26678 0.958247 0.934083 0.951669 1.08761
0.881567 1.38447 0.746263 0.935175 0.971355 1.07362
0.871979 1.37543 0.666136 0.926136 0.991339 1.09339
0.850375 1.35634 0.7299 0.941922 0.95506 1.09775
0.876006 1.20828 0.93298 0.937882 0.966606 1.10207
0.918817 1.07176 0.947406 0.934554 0.937942 1.08015
0.978957 0.753673 1.1058 0.931294 0.921472 1.12735
0.993176 0.642649 1.25664 0.945349 0.91595 1.07315
1.07169 0.616646 1.34395 0.932721 0.926201 1.07021
1.01949 0.604835 1.35965 0.939364 0.937842 1.05171
end
gesture a05 hands 2
1.05271 0.660138 1.3507 0.949306 0.949372 1.0467
1.02193 0.674183 1.27521 0.952596 0.942603 1.03228
1.01192 0.771172 1.12922 0.942425 0.942809 1.05854
0.987215 0.902619 1.06064 0.940069 0.947012 1.05325
0.930316 1.11966 1.02328 0.932982 0.950854 1.0859
0.897219 1.31163 0.944941 0.932316 0.946738 1.0811
0.866902 1.39502 0.776633 0.941932 0.986094 1.07663
0.845433 1.37769 0.640727 0.935911 0.95587 1.11139
0.860687 1.29665 0.810512 0.948074 0.941937 1.10699
0.977815 0.781889 1.02958 0.952172 0.925499 1.09301
1.01821 0.646804 1.21479 0.935358 0.928857 1.12678
1.02826 0.645086 1.35161 0.942011 0.932284 1.118
1.01339 0.636038 1.3794 0.933667 0.952215 1.01257
end
gesture a06 hands 2
0.938574 0.482655 1.19935 0.925706 0.948372 1.06781
1.18498 0.776772 0.964216 0.933032 0.962269 1.10957
1.2207 1.11921 1.06934 0.949532 0.956693 1.06095
1.19983 1.264 1.23929 1.04962 1.01395 0.93111
1.07128 1.31297 1.40881 0.995997 1.04298 0.90491
1.00833 1.2959 1.41335 0.951327 0.976944 0.934848
0.951504 1.56426 0.965693 0.901453 0.935051 1.01845
0.909392 1.57805 0.734559 0.936699 0.911828 1.05431
0.843092 1.38535 0.604427 0.931512 0.89134 1.15344
0.924877 0.967757 0.597779 0.936347 0.957794 1.16307
0.9839 0.6865 0.829611 0.971638 0.979089 1.09656
0.9848 0.518242 1.18043 0.964007 0.984645 1.12652
0.951819 0.549754 1.24479 0.972937 0.98359 1.08163
end
gesture a06 hands 2
0.928005 0.438638 1.2921 0.944393 0.981762 1.0923
1.11074 0.621151 1.00768 0.976348 0.972219 1.1286
1.22572 0.947301 1.04557 1.01138 0.987095 1.06078
1.14455 1.19493 1.31025 1.01026 0.987346 1.04614
1.01691 1.18737 1.4518 0.98733 1.01876 0.945502
0.924883 1.14694 1.39767 0.942781 0.955319 0.908643
0.980053 1.48468 1.03821 0.946559 0.938473 0.899081
0.852205 1.46388 0.674748 0.923066 0.895234 1.00957
0.844305 1.40574 0.663347 0.941149 0.90767 1.00436
0.938193 1.14242 0.570501 0.948918 0.913509 1.06945
0.977528 0.788806 0.690649 0.935026 0.965922 1.16191
0.961139 0.511032 0.966079 0.953457 0.972955 1.13782
0.913757 0.453041 1.15929 0.927279 0.964471 1.18594
end
gesture a06 hands 2
0.900299 0.601686 1.19998 0.952952 0.963518 1.11312
1.04703 0.751922 0.911685 0.92419 0.956905 1.12982
1.2139 1.0055 0.959176 0.940965 0.967678 1.04026
1.11382 1.34638 1.32599 1.02479 0.97065 1.03908
0.962936 1.33417 1.36782 1.0159 1.02732 0.910776
0.952779 1.42912 1.23495 0.944863 0.948182 0.928124
0.949652 1.71149 0.86577 0.946692 0.916835 1.08213
0.999417 1.27945 0.54983 0.979117 0.950373 1.06968
1.04291 0.949069 0.657501 0.942813 0.964628 1.15118
0.94099 0.596481 1.12982 0.963749 0.976231 1.18089
1.00004 0.586021 1.21832 0.926441 0.980895 1.07494
0.898218 0.643607 1.02547 0.929561 0.975178 0.98659
0.864143 0.587639 1.10772 0.983244 0.958858 0.983878
end
gesture a06 hands 2
0.898899 0.702814 1.11441 0.880229 0.871591 1.15114
0.998418 0.7498 1.12545 1.01712 0.868233 1.12484
0.936704 0.672729 1.05246 0.998199 0.82802 1.12036
1.27521 1.14661 1.18028 1.10588 0.965709 0.955264
1.18729 1.22394 1.26772 0.977363 0.982948 0.903718
0.907684 1.41477 0.93589 1.07027 1.15683 0.872876
0.858008 1.43059 0.842825 0.942189 1.17478 0.86004
1.02634 1.2873 0.837004 0.827403 1.38227 0.967365
1.04504 1.24347 0.697076 1.0176 1.28234 1.00094
1.05357 1.07632 0.712347 0.898703 0.873621 0.898194
1.04221 0.793891 0.834945 1.01573 0.83654 1.15
0.948395 0.66301 1.09628 0.970095 0.816314 1.07911
0.94976 0.666836 1.16946 0.902964 0.796289 1.18704
end
gesture a06 hands 2
0.93438 0.688278 1.1938 0.879858 0.74611 1.17151
1.02727 0.833777 1.07025 0.941979 0.752102 1.14577
1.01012 0.791518 1.08707 1.13186 0.865422 0.943389
1.06633 0.704173 1.0662 1.15379 1.11245 1.06914
0.922483 0.699016 1.04682 1.0258 1.36053 1.09975
1.18561 1.44776 1.27562 1.05393 1.34769 1.09181
1.08301 1.38074 1.00713 1.10398 1.17993 1.01706
0.862387 1.45872 0.865958 0.912715 1.33364 0.929655
1.02873 1.30306 0.822751 0.813614 1.31019 0.883129
0.987622 1.1727 0.649354 0.840473 1.32585 0.898322
0.999803 0.746928 0.919817 0.925397 0.793357 0.826035
0.900693 0.701862 1.11464 0.922426 0.747619 1.13964
0.979188 0.696587 1.17101 0.95657 0.767995 1.14011
end
gesture a06 hands 2
0.984913 0.548524 1.10159 0.966586 0.812679 1.12243
1.00311 0.580593 1.01404 1.00834 0.82572 1.11971
1.26793 1.00003 1.07459 1.09991 0.893132 0.870182
1.16611 1.09103 1.17793 1.11915 1.07099 0.858831
1.14013 1.17782 1.07947 0.903307 0.96505 0.779479
0.988183 1.16901 0.913435 0.987503 1.10607 0.831743
0.976551 1.27809 0.887849 0.853987 1.38965 0.952183
0.886715 1.2771 0.837189 0.876758 1.30002 0.965829
1.02935 1.07329 0.847493 0.986514 1.28843 0.998545
1.35427 1.03555 1.1582 0.905877 1.27871 1.1675
1.24291 1.1981 1.09914 0.86141 1.01237 1.05117
0.832348 1.13576 1.08187 0.857754 1.01432 1.07522
0.84714 1.15832 1.09887 0.977747 0.82261 1.14476
end
gesture a06 hands 2
0.955261 0.493412 1.20319 1.02798 0.868767 1.02753
1.2552 0.594219 1.16602 0.795283 1.05318 0.645813
1.39181 0.92755 1.23687 0.751243 1.16348 0.58329
1.2054 1.1986 1.43497 0.801131 1.22429 0.658042
1.22702 1.19156 1.33907 0.73158 1.11112 0.953849
1.30398 1.30247 1.20556 0.717909 1.08059 1.05221
1.21849 1.57613 0.828234 0.822881 1.12584 1.18903
0.941951 1.69119 0.653124 1.17173 0.976172 1.3458
0.538353 1.64129 0.572034 0.97001 1.04385 1.36036
0.882038 1.58627 0.699059 0.927031 1.02067 1.41227
1.27528 0.986362 0.899471 0.940632 0.944561 1.08846
1.1183 0.530068 1.18078 1.00471 0.93445 0.918107
0.96274 0.500962 1.23593 1.02125 0.90458 0.990362
end
gesture a06 hands 2
1.01896 0.3993 1.35238 1.00058 0.90558 1.00935
1.24768 0.526759 1.24542 0.86164 0.994122 0.792046
1.36908 0.756608 1.25693 0.84991 1.02425 0.7694
1.2522 1.0895 1.38789 0.816524 1.05153 0.887783
1.25835 1.22085 1.14688 0.879828 1.00879 1.116
1.06471 1.53377 0.867938 1.19075 1.00182 1.25522
0.843705 1.60663 0.646298 1.23153 0.973655 1.23375
0.587999 1.57495 0.629748 1.12425 0.949745 1.24391
0.739839 1.59354 0.626478 0.843134 1.02408 1.23578
0.849732 1.47558 0.668526 0.840772 1.02649 1.28725
1.05548 1.09908 0.742687 0.84286 0.962935 0.898322
1.13607 0.50112 1.12983 0.87667 0.989111 0.822261
1.01487 0.35828 1.39013 0.941655 0.959523 0.836878
end
gesture a06 hands 2
1.0266 0.481231 1.34075 1.01593 0.936819 1.03544
1.35321 0.763051 1.18951 0.90327 0.961904 0.930982
1.26457 1.16469 1.32968 0.87151 1.01793 0.966379
1.23137 1.21943 1.24371 0.921602 1.01998 1.12357
1.07436 1.55321 0.892826 1.09209 1.00701 1.20184
0.894222 1.66292 0.66178 1.11164 0.98189 1.18513
0.585438 1.64157 0.578601 0.933779 0.982704 1.15844
0.740016 1.61281 0.579133 0.768976 1.05029 1.17216
1.0312 1.19477 0.764045 0.90409 0.959336 1.09394
1.14529 0.812343 0.890505 0.870287 0.961055 0.878861
1.14587 0.608926 1.05135 0.947612 1.00053 0.844994
0.985496 0.457268 1.31441 1.00311 0.915151 1.06344
1.01449 0.471514 1.30444 1.00947 0.920295 1.07307
end
gesture a06 hands 2
1.01321 0.636498 1.1382 0.976539 0.947871 1.03295
1.03041 0.743268 1.01366 0.9732 0.98002 0.927801
1.15547 1.08087 1.01474 0.924327 0.971167 0.949595
1.08893 1.2994 1.30195 0.867131 1.02199 0.908794
0.968441 1.39517 1.30428 0.950419 0.939635 1.15765
0.928899 1.58888 1.24446 0.966532 0.909056 1.17772
0.914239 1.71924 1.02503 0.969267 0.891584 1.25501
0.887009 1.71052 0.850847 0.962892 0.908353 1.27149
0.839221 1.57832 0.685517 0.935616 0.951503 1.17535
0.804174 1.30106 0.58078 0.933118 0.983125 1.02246
0.893547 0.797558 0.915587 0.988466 1.0114 0.965959
1.03162 0.633873 1.23241 0.985812 1.00708 0.936963
1.04206 0.612733 1.2422 0.979632 0.947088 1.03467
end
gesture a06 hands 2
1.00849 0.603299 1.2385 0.952563 0.926765 1.06045
1.04495 0.664153 1.11667 0.959615 0.941073 1.12652
1.23636 0.931493 1.10453 0.955952 0.921216 1.0534
1.04372 1.28186 1.34808 0.991892 0.945765 1.07341
1.01094 1.29076 1.18324 0.924583 0.968797 0.922185
0.993564 1.51777 1.06654 0.935723 0.98973 0.878724
0.897901 1.60497 0.957213 0.940738 0.99228 0.936132
0.815549 1.47122 0.658551 0.967153 0.934565 1.17437
0.789997 1.26081 0.59302 0.956746 0.934328 1.26301
0.813033 1.13814 0.6868 0.955881 0.925404 1.24413
0.820214 0.896806 0.830732 0.9301 0.940774 1.08663
0.957935 0.656881 1.08845 0.931378 0.968739 0.99999
1.00846 0.600065 1.2398 0.92387 0.959731 0.993284
end
gesture a06 hands 2
1.0248 0.658038 1.22124 0.958196 0.955352 0.983806
1.05115 0.696411 1.12739 0.977446 0.945274 1.08469
1.17371 0.820779 1.11554 0.97285 0.940173 1.07322
1.25383 1.06001 1.19853 0.973264 0.95562 1.10623
1.12221 1.22121 1.35245 0.962545 0.938527 1.02795
1.01192 1.32421 1.3325 0.931378 0.964855 0.958162
0.991951 1.39269 1.10322 0.908149 0.991458 0.988372
0.939176 1.62573 1.04604 0.901104 1.00543 0.906706
0.863234 1.65385 0.808694 0.929637 1.04904 0.90796
0.805119 1.35292 0.560128 0.972748 0.961052 1.04598
0.791604 1.3078 0.573257 0.993769 0.92508 1.24826
0.867724 0.868178 0.856312 0.968494 0.963187 1.00854
1.02636 0.665356 1.22683 0.969159 0.941296 1.03956
end
gesture a06 hands 2
1.00558 0.367983 1.20558 0.960651 0.953341 1.03838
1.31203 0.5923 1.12139 0.986524 0.951146 1.01583
1.33415 1.10302 1.0843 0.965395 1.00689 0.971191
0.945609 1.28848 1.34902 0.941696 0.99671 0.965366
0.986617 1.51855 0.955576 0.984984 0.964386 1.05476
0.788728 1.39114 0.608352 0.982302 1.01701 1.05023
0.863795 1.34597 0.690099 0.982778 0.970545 1.04009
0.925354 1.34925 1.28691 0.960396 1.00589 0.982396
0.9793 1.50374 0.777911 0.994995 0.98339 1.04101
0.851154 1.20833 0.661623 0.980782 0.96156 1.03099
1.10642 0.631533 0.883233 0.973279 0.951441 1.09126
1.01759 0.366475 1.32175 0.981465 0.956595 1.0258
0.902569 0.484958 1.04923 0.948419 0.952266 1.04497
end
gesture a06 hands 2
1.01106 0.386817 1.20474 0.962045 0.964156 1.00152
1.1963 0.87991 0.946249 0.996058 0.997807 0.929541
0.913007 1.25821 1.28121 1.01011 0.942082 1.0317
0.902489 1.36727 0.664743 0.977813 0.941027 1.05363
0.964231 1.35106 1.1955 0.957308 1.00375 0.979297
0.905987 1.2866 0.624394 0.963015 0.987015 1.07282
0.93523 1.37471 1.22651 0.989826 0.997577 0.986982
0.93992 1.293 1.3051 0.973142 0.995168 1.01845
1.00324 1.38774 0.677694 0.981734 0.996019 1.09123
0.817844 0.996333 0.571593 0.986945 0.96051 1.0372
0.999859 0.467869 0.882217 0.962291 0.954225 1.09623
1.09102 0.43622 1.49191 0.957169 0.936727 0.986862
0.976467 0.370308 1.21029 0.987342 0.969306 0.93982
end
gesture a06 hands 2
0.934385 0.386387 1.13392 0.969499 0.93759 1.07482
1.10049 0.737371 0.896321 0.971666 0.977828 1.02078
1.01375 1.1827 1.1586 0.967041 0.984915 1.02962
0.990426 1.18799 1.18625 0.960502 0.98545 1.00715
0.877259 1.40568 1.07506 0.969249 0.962238 1.04071
0.901821 1.53788 0.88453 1.00023 0.924976 1.0191
0.925807 1.49646 0.717819 0.980567 0.919866 1.04691
0.887648 1.52169 0.933851 0.982992 0.94343 1.03325
0.939757 1.22578 1.11711 0.956172 0.997694 1.04133
1.02847 1.13289 1.08533 0.945638 0.976822 1.05482
1.16031 0.855904 1.0013 0.951888 1.01302 1.02315
1.11249 0.521546 1.08093 0.957627 0.966827 1.05913
0.939178 0.406136 1.12209 0.959003 0.965744 1.049
end
gesture a06 hands 2
0.93412 0.504427 1.1806 0.953143 0.944267 1.07119
1.08542 0.654041 1.04097 0.972439 0.927422 1.04972
1.13977 0.93774 0.999975 0.969103 0.933618 1.05828
0.980506 1.27786 1.21659 0.956672 0.991433 1.03175
0.921754 1.39296 1.10855 0.956411 0.971825 1.03142
0.888596 1.58549 0.947259 0.962363 0.980374 1.05073
0.949128 1.64078 0.776133 0.973741 0.965816 1.03378
0.936406 1.61752 0.738535 0.967122 0.955821 1.06516
0.986299 1.15961 0.857564 0.968482 0.948228 1.04668
1.06084 0.851921 0.907605 0.950549 0.999514 1.04611
1.03687 0.663233 1.01274 0.950446 0.975754 1.05876
0.939234 0.516321 1.22074 0.951338 0.973513 1.03186
0.927174 0.495217 1.19704 0.964794 0.932018 1.04465
end
gesture a06 hands 2
0.885489 0.465806 1.15264 0.966375 0.93501 1.06306
1.0466 0.773455 0.933398 0.971228 0.945772 1.03826
1.07139 0.93411 0.944876 0.978938 0.946418 1.01663
0.968881 1.19944 1.14214 0.961125 1.00585 1.00811
0.911517 1.22624 1.2094 0.970134 0.996191 1.0299
0.979189 1.5775 0.775796 0.961205 1.00363 1.03138
1.00423 1.52512 0.659637 0.958583 0.982133 1.02874
0.901971 1.58402 0.791576 0.954606 0.991482 1.0353
1.03118 1.24807 1.08502 0.94732 0.975513 1.05301
1.22816 0.867848 1.09716 0.963151 0.961076 1.04473
1.01318 0.504129 1.19162 0.968644 0.936779 1.07666
0.868572 0.453768 1.13522 0.958472 0.938732 1.08816
0.875979 0.449297 1.14613 0.96287 0.922086 1.09866
end
gesture a06 hands 2
0.95893 0.399252 1.19628 0.972753 0.94443 1.07364
0.982657 0.396915 1.21057 0.953653 0.992454 1.02052
1.00468 0.645683 0.992412 0.981871 0.983299 1.05695
1.07606 1.23623 1.17349 0.954407 1.00927 1.00739
0.971049 1.31048 1.32038 0.958312 0.988681 1.05028
0.895572 1.24923 1.31853 0.943367 1.03477 0.991868
0.918874 1.56392 1.11439 0.973992 0.968527 0.999234
0.963684 1.56696 0.879538 0.93013 0.903696 1.01608
0.958308 1.39005 0.566798 0.945494 1.03602 1.06838
1.03247 1.01832 0.776605 0.963466 0.838638 1.04017
1.00602 0.788097 0.743269 0.975301 0.987141 1.12942
1.00986 0.473813 1.03864 0.958726 0.965771 1.04055
0.979901 0.429664 1.22636 0.997856 0.98962 1.05351
end
gesture a06 hands 2
0.976591 0.494545 1.26651 0.974458 0.993958 1.05833
0.981349 0.496239 1.20828 0.922118 0.965379 1.03015
1.03322 0.782361 0.954279 0.952132 0.970894 1.05679
1.01305 1.31452 1.17421 0.952351 0.989041 1.03797
0.950876 1.31141 1.31645 0.959631 0.886757 0.976491
0.911642 1.43466 1.29671 0.941508 0.907429 0.990175
0.918704 1.6577 1.10617 0.981334 0.991095 1.04805
0.965593 1.63643 0.665731 1.01643 0.981982 1.07675
0.958181 1.31313 0.521878 0.969682 0.98181 1.1562
0.96924 1.04237 0.719501 0.929321 0.992084 1.07327
0.942989 0.878968 0.73523 0.941355 0.950124 1.0673
1.01189 0.525919 1.12033 0.995248 0.986793 1.049
0.961737 0.500473 1.27471 0.979947 0.962497 1.03985
end
gesture a06 hands 2
0.953679 0.520025 1.24903 0.989489 0.97035 0.995739
0.998608 0.553734 1.149 0.957138 0.985422 1.02531
1.15148 0.825533 0.996088 0.950337 0.904757 0.96792
1.05755 1.27296 1.19122 0.945451 0.907271 1.01837
0.96069 1.40396 1.27417 0.971411 0.978253 1.12532
0.897276 1.54455 1.18264 0.9895 1.00246 1.06036
0.901018 1.7988 0.867855 0.956401 0.935228 1.14891
0.91253 1.72278 0.676521 0.987598 0.959283 1.12605
0.905899 1.49114 0.553472 0.965587 1.00049 1.1117
0.873799 1.36483 0.485242 0.935165 0.954705 1.16329
0.944802 0.770403 0.750401 0.993102 0.978993 1.10013
0.985634 0.542058 1.24944 0.926141 0.963911 1.06518
0.970982 0.528446 1.31111 0.980926 1.00503 1.02581
end
gesture a06 hands 2
0.960498 0.395035 1.22449 0.956529 0.969592 1.05935
1.18077 0.717114 0.919802 0.940182 0.984148 1.00009
1.19515 1.0636 0.967191 0.966001 0.981861 0.994081
1.0758 1.35575 1.14302 0.962202 0.958501 0.978846
0.77653 1.23095 1.33232 0.998903 0.941376 1.05725
0.831584 1.26598 1.33547 0.95612 0.971349 1.08126
0.943779 1.57609 0.990569 0.962681 0.958953 1.05434
0.955349 1.32465 0.682133 0.943978 0.96624 1.08361
0.977848 1.33144 0.699066 0.960388 0.966284 1.05153
1.10163 0.768242 0.798962 0.952006 0.984601 1.07706
1.08299 0.541725 0.948096 0.949626 0.974555 1.1195
0.950854 0.399291 1.28302 0.925019 0.979292 1.08913
0.955704 0.396184 1.26723 0.945624 0.971294 1.09789
end
gesture a06 hands 2
0.966558 0.329468 1.31543 0.946438 0.966494 1.08175
1.05516 0.463178 1.05928 0.95821 0.961879 1.06463
1.09846 0.816765 0.970757 0.94864 0.979242 1.05934
1.07593 1.11845 1.11841 0.942517 0.980944 1.01622
0.99638 1.18366 1.28719 0.952773 0.970581 0.989146
0.880094 1.19729 1.323 0.972037 0.939639 1.02905
0.957413 1.41893 1.14731 0.981908 0.895211 1.02834
0.956879 1.46256 0.978927 0.996629 0.909525 1.06565
0.92501 1.32304 0.816556 0.983558 0.918336 1.08869
0.91924 1.05921 0.730711 0.943664 0.968325 1.11533
0.924526 0.865591 0.749357 0.943716 0.955905 1.11175
0.983877 0.454455 0.980684 0.946628 0.990395 1.06874
0.962219 0.35257 1.25469 0.94206 0.98475 1.07999
end
gesture a06 hands 2
0.959965 0.454241 1.31966 0.948412 0.969923 1.06503
0.964654 0.432646 1.28877 0.942867 0.958507 1.0438
1.05211 0.55293 0.99828 0.955599 0.948819 1.0689
1.0365 1.02383 0.857542 0.964984 0.943159 1.0499
0.975452 1.24329 1.06033 0.959281 0.959671 1.00092
0.830446 1.32418 1.33516 0.948904 0.964032 1.01445
0.904221 1.53261 1.17573 0.963855 0.969015 1.04697
0.931208 1.58955 0.990099 0.986706 0.979679 1.02456
0.93671 1.37963 0.704793 0.986627 1.00967 1.05278
0.952063 1.35541 0.703678 0.982876 1.00621 1.08483
1.15406 0.917295 0.723234 0.975862 0.977275 1.04726
1.13355 0.617206 0.892 0.976693 0.961601 1.06955
1.03985 0.48357 1.10736 0.988163 0.976477 1.04916
end
gesture a06 hands 2
0.981677 0.451286 1.3109 0.945155 0.942921 1.07674
1.09001 0.592822 1.07675 0.951114 0.962464 1.04069
1.15689 0.806429 1.02951 0.943673 0.960273 1.04526
1.1284 1.04501 1.08513 0.954644 0.949967 1.00138
0.970084 1.34671 1.27188 0.95881 0.947486 1.03953
0.890699 1.56554 1.09793 0.982372 0.955061 1.0081
0.882878 1.59602 0.911706 0.960618 0.947298 1.06099
0.900288 1.45569 0.75487 0.94559 0.963686 1.03974
0.891087 1.38995 0.719374 0.943155 0.969683 1.04107
0.888376 1.2274 0.807655 0.958378 0.956567 1.08138
0.929095 0.839713 0.832668 0.924434 0.943286 1.09071
0.962491 0.458168 1.17055 0.915791 0.95496 1.1406
0.96825 0.439572 1.34477 0.926715 0.95191 1.14925
end
gesture a06 hands 2
0.959482 0.42726 1.29373 0.929689 0.952635 1.12019
1.06088 0.606725 1.04836 0.923899 0.964464 1.06144
1.12657 0.814248 1.0147 0.940713 0.969001 1.06758
1.11909 1.11137 1.06325 0.941074 0.974729 1.03416
1.025 1.32265 1.20338 0.947884 0.965084 1.05959
0.9294 1.3973 1.30523 0.956175 0.965864 1.02853
0.896443 1.4897 1.25964 0.952496 0.966273 1.03533
0.886243 1.59715 0.875518 0.949337 0.969865 0.993044
0.924247 1.46058 0.748572 0.952943 0.958529 1.01819
0.932592 1.28506 0.723533 0.976953 0.941537 1.02459
1.00078 1.17594 0.730918 0.972998 0.933958 1.08382
0.969239 0.802813 0.753022 0.960151 0.957059 1.1092
0.97045 0.47279 1.05805 0.951806 0.949438 1.08747
end
gesture a06 hands 2
0.961049 0.416514 1.26442 0.917127 0.940491 1.12664
0.993407 0.407507 1.28812 0.926381 0.940377 1.07494
0.980574 0.433916 1.21817 0.926978 0.943886 1.05528
1.06361 0.601103 1.04692 0.966328 0.956811 1.04819
1.11525 0.984332 1.03502 0.955269 0.951833 1.04031
1.08142 1.19641 1.10266 0.954743 0.968014 1.04753
0.956687 1.35642 1.27653 0.944795 0.972517 1.02407
0.886033 1.51785 1.16064 0.959383 0.972356 1.01605
0.886175 1.56535 0.957413 0.96468 0.951301 1.03318
0.891403 1.44677 0.803404 0.958253 0.957494 1.04593
0.971424 0.973498 0.746552 0.950949 0.934412 1.07766
0.974568 0.518303 0.97834 0.939002 0.943091 1.10589
0.957618 0.418392 1.17636 0.926169 0.924008 1.1492
end
gesture a07 hands 2
1.08675 0.624651 1.18604 0.971 0.963085 1.01367
1.09113 0.711253 1.02892 0.983824 0.965942 1.05083
1.17282 1.17112 0.806022 0.975387 0.979525 1.02457
1.05769 1.64967 0.901235 0.923328 0.973024 1.07656
0.818129 1.23384 0.660566 0.958105 0.972785 1.04918
0.629785 1.01622 0.918122 0.918447 0.980116 1.10554
0.617245 1.57439 0.934449 0.917109 0.98033 1.10084
0.7063 1.65452 0.940034 0.944644 0.974325 1.02421
0.811496 1.29457 0.744431 0.929687 0.966991 1.0788
1.01507 0.814426 0.856922 0.958848 0.976218 1.06175
1.04623 0.743745 0.953339 1.02554 0.98286 0.97228
1.07313 0.614829 1.32592 1.05928 0.993938 0.943234
1.08037 0.640427 1.20951 1.03137 0.978636 0.985105
end
gesture a07 hands 2
1.05962 0.679302 1.22139 1.01189 0.974602 1.02088
1.14582 0.990565 0.885659 0.958067 0.9623 1.01692
1.13902 1.40857 0.832055 0.933564 0.940593 1.09799
1.11055 1.69206 0.913756 0.937632 0.941608 1.07383
1.03947 1.6843 0.848418 0.903739 0.959119 1.17041
0.786408 1.26928 0.639644 0.913183 0.976759 1.1323
0.67669 0.959111 0.8661 0.900812 0.979637 1.13571
0.533977 1.16339 0.838683 0.934102 0.961549 1.04793
0.666969 1.68375 0.886612 0.920768 0.982851 1.11245
0.706836 1.53954 0.748131 0.912523 0.976086 0.989821
0.971293 0.857299 0.831028 0.956315 0.981992 0.938685
1.10705 0.677615 1.28071 1.06948 0.990233 0.953901
1.08138 0.660499 1.25624 1.01861 0.968905 1.04297
end
gesture a07 hands 2
1.05649 0.56336 1.29737 1.02768 0.966262 1.02776
1.30855 0.977716 0.960133 0.963839 0.967257 0.992206
1.24425 1.44714 0.995813 0.974059 0.973095 1.02284
1.01828 1.57306 0.901102 0.959538 0.9839 1.02221
0.743016 1.05098 0.727218 0.918636 0.935207 1.07793
0.678349 0.863167 0.864514 0.951133 0.940613 1.07498
0.589022 1.50734 0.921797 0.906636 0.976528 1.15959
0.671728 1.59026 0.952534 0.917032 0.976616 1.08097
0.748416 1.35735 0.782828 0.927697 0.977951 1.08823
0.988263 0.733391 0.9115 0.955355 0.975489 0.957083
1.09179 0.926805 0.939516 0.958181 0.970918 0.932623
1.07813 0.5711 1.36803 1.03071 0.977696 0.967267
1.09681 0.566865 1.34815 1.01014 0.973495 1.03883
end
gesture a07 hands 2
0.857077 0.988545 1.26686 1.06601 0.956278 1.04675
1.23062 0.697701 0.952912 1.08215 0.95128 1.04049
1.15968 1.46363 1.21544 0.953751 0.89465 1.09612
1.18358 1.45582 1.19937 0.951629 0.945973 1.09279
1.07059 1.04076 0.712626 1.03357 0.957809 0.991367
0.675279 0.61022 0.804746 0.986982 0.938932 1.07274
0.438024 0.637376 1.08847 0.946069 0.961318 0.969574
0.506449 1.31417 1.09839 0.914163 0.948591 1.1109
0.652489 1.40103 1.09235 0.85072 0.981334 1.11819
0.97982 0.994348 0.656701 0.889548 1.08616 0.939315
1.35779 0.566866 0.933715 0.908211 1.08324 1.00671
1.31262 0.739737 0.8456 0.90985 1.09311 0.969198
1.03158 0.43487 1.11373 0.908533 1.02279 1.00397
end
gesture a07 hands 2
0.972189 0.59828 1.25756 0.978784 0.884676 1.06627
1.12733 0.67214 1.18215 1.0669 0.828241 1.06826
1.30256 1.28754 1.03083 0.92826 0.809832 1.08908
1.08849 1.6557 1.1373 0.971168 0.858315 0.9362
1.08432 1.65878 1.06311 0.936111 0.887829 0.937284
0.800132 0.952978 0.659707 0.925994 0.954063 0.823367
0.394024 0.97797 0.87023 0.811401 0.905786 0.939415
0.452728 1.49483 0.954096 0.80315 0.980587 0.888064
0.640925 1.63769 0.940621 0.929702 0.883288 0.98534
1.0426 1.07843 0.593604 1.16628 1.02537 1.00683
1.24821 0.85912 0.737195 1.26009 1.23519 0.988708
1.13408 1.03006 0.802891 1.04333 1.54434 1.13493
0.961552 0.653884 1.25021 1.08615 1.53225 1.13072
end
gesture a07 hands 2
0.827406 0.642904 1.2309 1.07632 1.48463 1.11291
1.29356 0.852037 1.04684 1.21347 1.35864 1.07713
1.25399 1.46318 1.08434 1.09279 1.44811 1.04256
1.13584 1.62546 1.12864 1.09945 0.794929 0.987855
1.08321 1.44052 0.748168 0.943986 0.804357 1.02972
0.556758 0.739075 0.725955 0.930136 0.860307 1.15349
0.405256 0.854655 0.942044 0.915046 0.837685 0.944106
0.519682 1.56631 1.04555 0.87321 0.755104 1.03762
0.730979 1.52847 0.838459 0.785484 0.83687 0.979102
1.20585 0.8823 0.75451 1.0356 0.897201 0.994385
1.33099 0.782788 0.912536 0.975419 0.972285 0.91943
1.18702 1.15778 0.840408 0.92417 0.833294 1.05635
0.97057 0.601537 1.23425 0.857828 0.810607 1.08698
end
gesture a07 hands 2
1.09706 0.546791 1.37715 0.974645 0.977188 1.06811
1.14256 0.963812 0.898119 0.972295 1.0047 0.990742
1.15928 1.50069 0.85941 0.95009 0.991956 1.02604
1.13606 1.53344 0.864314 0.964545 1.02464 1.03976
0.972696 1.38057 0.800568 0.979369 0.953707 1.06303
0.683386 1.08321 0.953301 0.979533 0.967989 1.09589
0.656439 1.13284 0.929138 0.976037 0.902702 1.0712
0.650906 1.44231 0.937304 0.927116 0.911012 1.07034
0.748726 1.4234 0.841126 0.958419 1.00651 1.02666
0.957616 1.15761 0.769975 0.963709 0.977871 1.03064
1.13946 0.59557 1.09418 0.994581 0.981856 0.969554
1.10977 0.523138 1.36437 0.997244 0.964699 1.02529
1.08545 0.529823 1.36767 0.979039 0.96786 1.01944
end
gesture a07 hands 2
1.10176 0.508289 1.37701 0.972597 0.97617 1.01654
1.1062 0.711647 0.980025 0.976004 0.995101 0.999515
1.10837 1.03659 0.854171 0.93697 1.04172 1.04923
1.14264 1.4262 0.854987 0.981208 0.956385 1.09016
1.06323 1.43095 0.846226 0.989873 0.953881 1.0271
0.720951 1.06691 0.988597 0.937258 0.940912 1.08628
0.717603 1.05362 1.01782 0.949226 0.98564 0.991441
0.706178 1.35159 0.94006 0.946772 0.959703 1.0446
0.694908 1.49206 0.984938 1.00928 0.948129 0.99704
0.987194 1.13694 0.78781 0.966067 0.986446 1.05102
1.11974 0.977623 0.855589 0.969665 0.994822 0.98316
1.15923 0.579822 1.15937 0.977214 0.941035 1.05631
1.11443 0.528666 1.38173 0.962319 0.945864 1.02638
end
gesture a07 hands 2
1.1249 0.525313 1.39012 1.00094 0.964543 1.0321
1.11554 0.558917 1.17079 0.982401 0.982802 1.03404
1.16088 0.915325 0.824409 0.989096 0.974859 1.02354
1.12356 1.51145 0.821227 0.950254 1.02304 1.07517
0.984333 1.40435 0.786815 0.990154 0.955437 1.05555
0.656434 1.09121 0.998522 0.975875 1.00892 1.03089
0.624433 1.15972 0.94693 0.96388 0.934715 1.09372
0.661133 1.48762 0.967916 0.922284 0.938532 1.05169
0.751567 1.36898 0.850844 0.992406 0.988402 1.00922
1.18866 0.97757 0.858429 0.962228 0.980022 1.06631
1.27564 0.655279 1.04304 0.976694 0.982985 0.949985
1.11646 0.507175 1.37646 0.993051 0.961409 1.03301
1.11131 0.512347 1.3656 0.98969 0.979921 1.01625
end
gesture a07 hands 2
1.07299 0.531085 1.37831 0.952529 0.969055 1.04669
0.904985 0.875456 0.933326 0.951861 0.972905 1.00914
0.635845 1.46768 0.98983 0.966212 0.968339 1.05068
0.647702 1.52121 1.07987 0.993767 0.973346 1.0194
0.73019 1.33161 0.880762 0.952671 1.00004 1.03483
1.05923 0.822836 0.905133 1.00728 0.973722 0.99927
1.12075 0.848344 0.908682 0.974384 0.958517 1.02641
1.30177 1.48337 0.895257 0.970877 0.949761 1.04472
1.19744 1.59634 0.937368 0.997102 0.964838 1.02177
0.888403 1.25288 0.782744 0.950507 0.977613 1.05958
0.701506 0.985607 0.893809 0.982301 0.968259 1.02602
1.04338 0.825205 0.89991 0.957494 0.962221 1.05557
1.07297 0.529723 1.37683 0.959647 0.969107 1.03508
end
gesture a07 hands 2
1.07175 0.687719 1.31236 0.950983 0.945576 1.0452
1.03667 0.828653 1.09391 0.953858 0.944207 0.967274
1.11087 1.12226 0.950838 0.926829 0.931163 1.04599
1.10856 1.21788 0.932956 0.931884 0.948387 1.0844
0.967607 1.05804 0.892023 0.928092 0.948298 1.04947
0.780519 0.979122 0.968942 0.951824 0.932383 1.08591
0.695031 1.02021 1.03394 0.945186 0.943982 1.12143
0.681528 1.34099 1.00358 0.944525 0.954321 1.08502
0.772156 1.23637 0.89404 0.93202 0.956759 1.13373
0.960312 0.977049 0.886762 0.955207 0.946834 1.10879
1.0082 0.913172 0.926754 0.936903 0.962201 1.11265
0.981937 0.892369 0.987411 0.955822 0.981181 0.984291
1.04834 0.729962 1.19181 0.945879 0.95878 0.993456
end
gesture a07 hands 2
1.07677 0.700892 1.33432 0.968602 0.955184 1.05602
1.05786 0.91201 1.04109 0.971692 0.946566 1.05704
1.05192 1.33441 0.899891 0.949911 0.936261 0.987458
1.01671 1.30019 0.872387 0.939251 0.982683 0.986353
0.916101 1.14087 0.828738 0.931183 0.975977 1.07965
0.752934 0.940902 0.931625 0.960025 0.947621 1.05076
0.721407 0.998386 0.92166 0.934097 0.94589 1.07095
0.670896 1.3147 0.893677 0.944365 0.94619 1.14955
0.703514 1.33484 0.871647 0.912547 0.95602 1.06589
0.860555 1.10116 0.830437 0.931273 0.959215 1.03121
0.952694 0.968215 0.873567 0.936912 0.975603 1.06649
1.05017 0.796975 1.09926 0.940244 0.973041 0.980826
1.08778 0.693342 1.32566 0.975992 0.957059 1.05309
end
gesture a07 hands 2
1.07995 0.734448 1.28364 0.980149 0.958692 1.05504
1.11519 1.07102 0.947834 0.951373 0.962753 0.978321
1.09009 1.34676 0.893332 0.961432 0.966095 1.03505
1.03481 1.36182 0.860069 0.970767 0.966263 1.05309
0.875801 1.11451 0.823682 0.943131 0.956356 0.996508
0.737368 0.995969 0.911863 0.950355 0.986951 1.04892
0.703888 1.0481 0.911249 0.94122 0.984055 0.990669
0.658236 1.32206 0.891963 0.972212 0.940613 1.09535
0.674736 1.39401 0.862694 0.952657 0.971135 1.15169
0.778532 1.27913 0.806993 0.937957 0.96375 1.01701
1.00787 0.922253 0.895849 0.961861 0.965058 1.10043
1.04503 0.772633 1.19436 0.953627 0.969505 0.996707
1.06609 0.748543 1.26342 0.968717 0.949714 1.06607
end
gesture a07 hands 2
1.02612 0.630589 1.32194 0.961871 0.968704 1.09218
1.10439 0.939713 0.840478 0.962938 0.974468 1.04233
1.06787 1.35776 0.767155 0.981468 0.975286 1.07968
1.0268 1.57062 0.854085 0.953061 0.949205 1.0246
0.695482 1.17062 0.776083 0.98385 0.960116 1.04345
0.61577 1.1302 0.893092 0.995934 0.97208 1.00176
0.629918 1.5348 0.951249 0.965532 0.985157 1.05604
0.990049 1.11364 0.704337 0.957453 0.975258 1.00858
1.15185 1.04154 0.787977 1.00329 0.971586 1.0058
1.05917 1.01943 0.831984 0.996173 0.979819 1.00231
1.14416 0.693474 1.15917 0.926557 0.96194 1.02852
1.08911 0.623798 1.327 0.919064 0.970191 0.999102
1.05775 0.642489 1.27219 1.00217 0.988279 0.970948
end
gesture a07 hands 2
1.00764 0.60104 1.33538 0.990395 0.95881 1.01335
1.17479 0.687733 1.13253 0.936286 0.959456 1.01477
1.15199 1.00208 0.881247 0.956374 0.94717 1.06797
1.07362 1.43816 0.886136 0.996626 0.944863 1.02609
1.00529 1.57565 0.971574 0.980567 0.93291 1.0524
0.643991 1.01329 0.826749 0.985244 0.966302 1.01918
0.623876 1.5001 0.943809 0.93782 0.99 1.06516
0.916392 1.17868 0.720327 0.961321 0.981969 1.03462
0.911849 1.19577 0.714307 0.962736 0.960791 1.02625
1.21927 0.826353 0.874011 0.938844 0.96895 1.09231
1.19048 0.809817 1.00345 0.957519 0.973898 1.03162
1.05442 0.585592 1.31958 0.959824 0.949478 1.06738
1.02847 0.585091 1.32323 0.916468 0.949215 1.03915
end
gesture a07 hands 2
1.06014 0.429686 1.44285 0.961976 0.965918 1.01319
1.12134 1.282 0.909986 0.974996 0.952448 1.00483
1.06054 1.41327 0.98721 0.96819 0.994396 1.06618
0.766078 0.986997 0.835077 0.999405 0.955072 1.03926
0.711261 1.37114 1.00869 0.965332 1.00772 1.03221
1.1968 0.876756 0.877999 0.978042 0.964313 1.02018
1.01135 1.36837 0.906306 0.978175 0.981128 1.05197
1.20678 0.877953 0.847464 0.975314 1.02421 1.01269
1.13451 1.37354 0.936872 0.972001 0.993325 1.03669
0.694649 1.35466 1.10322 0.97347 1.02029 1.00379
1.13657 0.863014 0.834496 0.971056 0.991754 1.0171
1.1282 1.05566 0.904855 1.01426 0.984762 0.967903
1.06315 0.428766 1.40974 0.966301 0.971829 0.993512
end
gesture a07 hands 2
1.02075 0.781538 1.11957 0.983418 0.966284 1.0116
1.03695 0.724341 1.24805 0.95805 0.958047 1.05893
1.03611 0.757931 1.13057 0.964625 0.95916 1.04121
1.15088 0.893732 1.00201 0.974822 0.950954 1.03701
1.20053 1.46262 0.860921 0.970755 0.951529 1.04142
1.12272 1.4727 0.764269 0.950261 1.00541 1.05786
0.777572 1.14018 0.717313 0.974974 0.971176 1.03795
0.532672 1.00815 0.935493 0.972295 1.00568 1.04568
0.44635 1.38443 0.91473 0.98719 0.974547 1.03252
0.537943 1.53828 0.906302 0.960305 0.973004 1.06748
0.905312 1.11785 0.647118 0.973479 0.947897 1.03724
1.15608 0.878826 1.00242 0.96025 0.996176 1.02909
1.05152 0.722588 1.251 0.963406 0.963062 1.04258
end
gesture a07 hands 2
1.00036 0.679932 1.24886 0.983774 0.966909 1.0219
1.21199 1.01636 0.978317 0.991292 0.961238 1.01267
1.15367 1.51318 0.970548 0.970452 0.953963 1.04085
0.881048 1.29822 0.663438 0.986492 0.957596 1.02204
0.613617 1.0055 0.809061 0.955728 0.97936 1.02832
0.498794 1.1034 0.846655 0.961434 0.992668 1.04648
0.521644 1.52782 0.89896 0.962187 0.961489 1.03941
0.682994 1.39476 0.752206 0.96602 0.979446 1.02534
0.947896 1.02978 0.746042 0.960528 0.96183 1.04535
1.12332 0.763997 1.13764 0.971933 0.979125 1.01389
1.12416 0.869181 0.978945 0.963943 0.972895 1.04728
0.924376 0.665025 1.29801 0.96841 0.978007 1.03416
0.904881 0.663583 1.30625 0.969817 0.954599 1.06112
end
gesture a07 hands 2
0.884771 0.485455 1.26753 0.989883 1.00989 1.00282
1.07242 1.01214 0.843375 0.929809 0.99617 1.05802
1.1436 1.53314 0.912208 0.961969 0.999196 1.01177
1.16623 1.50056 0.699893 0.947712 0.9364 1.03284
0.779848 0.991285 0.624008 0.972935 0.950305 1.14036
0.59026 0.869882 0.793044 0.953251 0.948318 1.13543
0.489557 0.983025 0.955468 0.956677 0.958064 0.997938
0.460555 1.51138 1.02558 0.960716 0.970226 1.07537
0.739984 1.30345 0.594471 0.944961 0.929957 1.03899
1.04326 0.937642 0.643808 0.97151 0.964956 1.08117
1.38882 0.772398 1.40483 0.999106 0.981929 0.92656
0.943927 0.519531 1.24873 1.02856 0.969248 1.03251
0.916782 0.514039 1.21005 0.947952 0.938165 1.02111
end
gesture a07 hands 2
0.910265 0.448722 1.27438 0.974247 0.979863 0.986654
1.0613 0.8875 0.925166 0.97495 0.943812 0.997714
1.11541 1.55165 1.00239 1.01298 0.959151 1.02239
1.18471 1.43485 0.82125 0.937558 0.937632 1.02148
1.01287 1.1534 0.679507 0.994277 0.971843 1.0792
0.606322 0.810645 0.894506 0.954927 1.01148 0.999079
0.484358 0.921421 1.06646 0.990834 0.906088 1.05873
0.492212 1.4737 1.10871 0.942959 0.923514 1.05874
0.738383 1.32374 0.725296 0.948252 1.01282 1.09829
1.21344 0.848485 0.799314 0.910645 0.943642 1.05336
1.35231 0.791859 1.12992 0.924904 0.953196 1.10443
1.27952 0.828658 1.10327 0.984379 1.00259 0.967129
0.931455 0.42494 1.3449 1.0032 0.979523 1.00187
end
gesture a07 hands 2
0.941958 0.555813 1.25653 0.9972 0.975407 1.06954
1.13937 0.972632 0.851773 0.98559 0.984755 0.968069
1.19449 1.55732 0.884732 1.01689 0.967121 1.04572
1.16976 1.7266 1.03511 0.944674 0.933581 1.00334
1.16865 1.48384 0.651112 1.02515 0.96267 1.03749
0.696064 0.988255 0.770203 0.94218 0.925028 1.03771
0.570723 1.00689 0.915928 1.01475 0.96209 1.0436
0.620916 1.70366 1.00127 0.939778 0.933445 1.07998
0.672964 1.7345 0.950039 0.952935 1.06614 1.07759
0.887743 1.29271 0.505301 0.962086 0.957234 1.10006
1.17582 0.916714 0.61671 0.981551 1.0041 1.00564
1.31079 0.753354 1.13315 0.984988 0.976718 1.07076
0.904418 0.545707 1.24756 0.976412 1.00264 1.00632
end
gesture a07 hands 2
1.00044 0.567625 1.22699 0.959459 0.988421 1.02861
1.09645 0.834981 0.972223 0.977271 0.993997 1.0119
1.06223 1.61653 1.05235 0.967307 0.962772 1.02489
0.820622 1.14181 0.700324 0.969551 0.974165 0.981705
0.655141 0.823115 0.933687 0.942236 0.942098 1.07158
0.560452 1.05691 1.03076 0.976301 0.953022 1.12033
0.686827 1.5609 1.05655 0.982644 0.947987 1.09083
0.745318 1.55138 0.975917 0.969338 0.987248 1.06345
0.898794 1.31622 0.743916 0.977243 0.969931 1.06284
1.26802 0.757939 1.05947 0.973507 1.00498 1.06052
1.13624 0.71118 1.04819 0.956245 0.976902 1.07312
0.988887 0.5433 1.28589 0.95638 0.968827 0.994895
0.976267 0.547938 1.31497 0.95314 0.959493 1.06538
end
gesture a07 hands 2
0.995855 0.519758 1.31735 0.955067 0.958872 1.04899
1.15848 0.806181 0.997432 0.955769 0.956963 0.990226
1.13408 1.18598 0.931497 0.957025 0.9478 1.0102
1.09222 1.56885 1.02336 0.932878 0.949291 1.05068
1.01907 1.48344 0.83343 0.973255 0.955076 1.05236
0.870159 1.21985 0.701293 0.965158 0.953244 1.08541
0.713144 0.870289 0.879784 0.986733 0.950834 1.07038
0.572443 1.20194 1.025 0.982162 0.934023 1.07689
0.709835 1.53767 1.0091 0.991782 0.978437 1.05155
0.791747 1.51826 0.890773 0.968394 1.01901 1.07209
1.15293 0.916752 0.786817 0.955874 0.984533 1.07503
1.22869 0.67648 1.07719 0.95035 0.962404 1.03194
1.00709 0.520699 1.30746 0.959461 0.961775 1.04636
end
gesture a07 hands 2
1.01772 0.528221 1.29439 0.953994 0.970135 1.0413
1.24134 0.971518 0.930607 0.959912 0.952948 0.993799
1.24329 1.28775 0.93823 0.956736 0.949311 1.04319
1.14952 1.58627 1.05853 0.985244 0.948664 1.07683
1.05513 1.56309 0.913117 0.962794 0.956918 1.13466
0.750616 0.841984 0.756778 0.978777 0.981194 1.03773
0.649833 0.742265 0.936689 0.97862 1.02634 1.06142
0.559809 1.28758 0.967637 0.986825 0.975974 1.07172
0.732911 1.5661 1.03261 0.969851 0.988481 1.08348
0.8932 1.25348 0.696916 0.977445 0.989283 1.02002
1.18423 0.667085 0.957623 0.953995 0.988777 1.02473
1.1701 0.588462 1.20673 0.977108 0.979326 0.986516
1.02588 0.532044 1.27464 0.961515 0.977438 1.00675
end
gesture a07 hands 2
1.02364 0.641214 1.27554 0.952272 0.955817 1.09565
0.990444 1.0582 0.867651 0.946412 0.973305 1.02551
0.986668 1.50299 0.95702 0.952905 0.970087 1.01484
0.922325 1.49979 0.924004 0.970994 0.953313 1.05823
0.792041 1.22977 0.862564 0.975708 0.948071 1.03869
0.753195 1.20279 0.922067 0.952596 0.971163 1.08977
0.740343 1.483 1.01338 0.956085 0.9726 1.0581
0.81523 1.51696 1.00371 0.954368 1.00103 1.04695
0.911345 1.33732 0.830152 0.960262 0.964854 1.03316
1.0782 1.0814 0.807554 0.966396 0.955965 1.08851
1.03333 0.657511 1.08246 0.952128 0.95434 1.02052
1.00557 0.629651 1.20998 0.930929 0.956574 1.05605
1.01852 0.621029 1.22078 0.954118 0.955633 1.04662
end
gesture a07 hands 2
1.00066 0.494821 1.30688 0.929427 0.939624 1.06128
1.06615 0.609736 1.12318 0.947728 0.926905 1.09422
1.06672 0.895237 0.989426 0.951559 0.919819 1.07085
0.980626 1.43181 1.11095 0.938923 0.943463 1.08006
0.928353 1.40945 1.03394 0.943895 0.950268 1.05373
0.819609 1.26386 0.930445 0.942447 0.966531 1.06114
0.736041 1.14666 1.00032 0.957572 0.952062 1.06418
0.747182 1.37018 1.07306 0.927846 0.980575 1.0758
0.779465 1.39381 1.04749 0.929702 0.98049 1.07974
0.90406 1.18134 0.859644 0.935412 0.945735 1.07211
1.05004 0.88464 0.831621 0.933092 0.923636 1.08636
1.10025 0.696793 0.989145 0.925745 0.927663 1.08277
1.01208 0.499997 1.24921 0.945529 0.929767 1.09905
end
gesture a07 hands 2
1.03015 0.578216 1.28635 0.962306 0.951886 1.06249
1.07513 0.75575 1.01056 0.951878 0.951555 1.06901
1.08488 1.29961 0.937985 0.962577 0.946526 1.04714
1.03645 1.49457 1.04205 0.957435 0.947119 1.06578
0.937329 1.49022 1.0186 0.9584 0.957446 1.03618
0.782552 1.23462 0.901747 0.954327 0.967242 1.06974
0.730667 1.44909 1.02628 0.954624 0.953429 1.07575
0.794928 1.48776 0.974156 0.948508 0.995965 1.06672
1.05006 1.01357 0.723086 0.941187 0.991753 1.05633
1.11014 0.887807 0.868949 0.961836 0.940833 1.05599
1.08987 0.84037 0.889379 0.94537 0.950882 1.0692
1.01734 0.590777 1.12448 0.952627 0.943527 1.04932
0.99746 0.561213 1.30694 0.943617 0.958847 1.09451
end
gesture a08 hands 2
1.03724 0.488673 1.35881 0.985089 0.960381 1.00658
0.937155 0.749498 1.05651 0.988692 0.968359 1.03014
0.857663 1.03134 0.948424 0.965515 0.954673 1.01178
0.744982 1.44581 1.02183 0.997065 0.968393 1.05342
0.724208 1.42146 1.02307 0.994106 0.973867 1.08438
0.659639 1.31565 0.949395 1.00245 0.970224 1.07219
0.644891 0.966823 0.942532 0.984822 0.94992 1.09832
0.793723 0.824409 0.912984 0.974717 0.947706 1.06941
0.979333 1.2782 0.772549 0.930945 0.916435 1.09428
1.1193 1.50195 0.916133 0.903668 0.923018 1.09914
1.11363 1.47205 0.914219 0.922549 0.965965 1.11704
1.16548 0.877078 0.941591 0.905002 0.977644 1.01873
1.1152 0.580377 1.16122 0.93431 0.964353 1.02059
end
gesture a08 hands 2
1.07685 0.508129 1.35023 0.993655 0.969448 1.03177
0.98833 0.67938 1.04994 0.984049 0.956982 1.02816
0.8696 1.09379 0.844756 0.976704 0.956687 1.09744
0.709121 1.49193 0.996313 0.972861 0.968363 1.05141
0.600398 1.25078 0.858647 0.922805 0.931911 1.09964
0.631646 0.895287 0.896038 0.956007 0.955256 1.07425
0.791562 0.964027 0.799687 0.921003 0.96645 1.15686
0.936906 1.23584 0.714622 0.932648 0.985598 1.12212
1.15057 1.52123 0.903211 0.918031 0.973417 1.15151
1.30343 1.00193 0.880709 0.933142 0.96561 1.07443
1.23753 0.609919 1.17719 0.914033 0.97909 0.940363
1.09842 0.521501 1.38975 0.95229 0.993124 0.906577
1.08054 0.51194 1.44459 0.992308 0.983195 0.941362
end
gesture a08 hands 2
1.10801 0.514442 1.33094 1.04 0.979473 1.00298
0.961846 0.834063 0.970641 0.997931 0.984947 1.02674
0.88706 1.08024 0.929529 1.00169 0.97807 1.01894
0.773756 1.48868 0.986222 0.973185 0.955581 1.04717
0.67729 1.48942 0.984097 0.969675 0.954178 1.04051
0.603807 0.990569 0.861852 0.932877 0.950599 1.04674
0.664403 0.8832 0.877282 0.933663 0.944216 1.10072
0.81699 1.18399 0.731064 0.946464 0.928962 1.06269
1.06474 1.53031 0.846298 0.943279 0.93832 1.06547
1.10497 1.53545 0.864432 0.879124 0.936672 1.16096
1.13072 1.2129 0.800569 0.901678 0.963126 1.15375
1.12502 0.796258 0.936896 0.932433 0.963629 0.966576
1.06166 0.512337 1.29344 0.962282 0.955985 0.990505
end
gesture a08 hands 2
0.930393 0.363186 1.3722 0.928665 0.916356 1.10182
0.949784 0.541719 1.03926 0.926769 0.92297 1.09956
0.750337 1.31137 0.945038 0.979416 0.918517 0.978078
0.773837 1.43313 1.08807 0.947672 0.88739 1.08756
0.776899 1.42328 1.08484 0.970703 0.884195 1.06845
0.64216 1.09192 0.914105 1.04401 0.985693 1.03412
0.720017 0.66018 0.909008 1.02856 0.975892 1.05439
1.16242 1.20547 0.81644 1.04445 0.97214 1.1235
1.20035 1.47623 1.05383 0.925255 0.948553 1.13696
1.13909 1.36856 0.987493 0.934056 0.92182 0.988777
1.18297 0.862682 0.842047 0.857459 0.948096 0.986939
1.1726 0.441751 1.08242 1.06254 1.01478 1.04136
1.01228 0.315754 1.44202 1.1334 1.18397 0.979423
end
gesture a08 hands 2
1.03243 0.520579 1.33518 1.07465 0.998949 1.02953
1.0161 0.571513 1.36922 0.953478 0.960286 1.09724
0.922467 0.656198 1.1473 0.966245 0.951365 1.0823
0.796819 1.24431 0.897191 0.979085 0.926692 1.03307
0.696118 1.58514 0.910023 0.967974 0.914503 1.09571
0.703706 1.52357 0.887698 0.954834 0.990362 1.0362
0.585795 1.11616 0.76754 0.959991 0.942279 1.08673
0.739922 0.849641 0.735831 0.935766 0.98587 1.10288
1.04877 1.25511 0.650139 1.01095 0.949641 0.977648
1.24864 1.55122 0.852059 0.886836 0.971285 1.03011
1.21914 1.05486 0.789235 0.8651 0.984481 0.957522
1.10325 0.611846 1.13054 0.967585 0.984319 0.986364
1.00958 0.59593 1.31025 0.982784 0.951274 1.04463
end
gesture a08 hands 2
0.994522 0.592264 1.32616 0.991038 0.913092 1.12593
0.959921 0.611574 1.18944 0.975233 0.896501 1.06737
0.871652 0.96916 0.857821 0.984234 0.879901 1.14396
0.683397 1.49247 0.860248 0.975668 0.943698 1.1286
0.755443 1.62951 1.00666 0.982503 0.93775 1.0333
0.550367 1.13697 0.801114 0.956701 0.982426 1.11968
0.73318 0.834122 0.85908 0.946407 1.02967 0.890028
0.966181 1.17142 0.645188 0.866862 1.05311 0.922257
1.2233 1.49738 0.766859 0.937896 1.03737 1.04872
1.22235 1.46659 0.790051 1.00762 1.05112 0.954632
1.19568 0.840563 0.912692 1.05508 1.03132 1.01514
1.0407 0.56987 1.33286 0.951937 0.918191 1.10607
1.00722 0.577833 1.33108 0.994033 0.921578 1.14186
end
gesture a08 hands 2
0.983642 0.466853 1.3644 0.966889 0.96024 1.05156
0.878593 0.665429 1.02635 0.952572 0.991397 1.0185
0.809803 0.974727 0.926582 0.963646 0.967211 1.03897
0.699357 1.26501 0.976671 0.95508 1.02529 1.03268
0.694163 1.26 0.987082 0.957008 1.01004 1.06532
0.772515 1.15828 0.917912 0.951744 1.04839 1.07111
1.01775 1.37282 0.742523 0.958751 0.967206 1.06722
1.14526 1.50703 0.774403 0.967004 0.939544 1.07381
1.14721 1.47219 0.796889 0.979428 0.948222 1.01127
1.09458 1.29164 0.839098 0.96605 0.953897 1.02986
1.06482 0.664278 1.00203 0.971878 0.942715 1.07054
1.00327 0.466128 1.38478 0.968035 0.966337 1.02026
0.992639 0.462268 1.38217 0.964786 0.954742 1.04767
end
gesture a08 hands 2
0.980347 0.483425 1.40746 0.966581 0.961941 1.04852
0.949123 0.514023 1.23218 0.965529 0.958181 1.05497
0.844104 0.760186 0.991516 0.965599 0.972098 1.02246
0.787321 0.911699 0.934492 0.965211 0.968184 1.04115
0.670719 1.22966 0.921019 0.947603 0.998484 1.04576
0.651976 1.27488 0.933263 0.95618 0.985057 1.05814
0.68907 1.14817 0.888809 0.938953 1.01083 1.0764
1.05741 1.39896 0.723012 0.951569 0.958829 1.05942
1.19019 1.48982 0.773102 0.980764 0.951063 1.0162
1.16509 1.27482 0.800757 0.957171 0.957431 1.04759
1.1739 0.785558 0.958409 0.963923 0.961421 1.0309
1.01489 0.460979 1.38409 0.960172 0.964058 1.07003
0.973674 0.474339 1.40636 0.962879 0.965744 1.03264
end
gesture a08 hands 2
1.02027 0.513402 1.39515 0.964833 0.97331 1.03797
1.00718 0.514419 1.29676 0.959886 1.00134 0.989496
0.898056 0.645649 1.06732 0.967502 0.947411 0.989663
0.814701 0.812594 0.975301 0.958551 1.00133 1.04993
0.70338 1.20296 0.948505 0.963786 0.97934 1.07245
0.589884 1.21496 0.98115 0.956705 1.01344 1.08614
0.845785 1.23122 0.759201 0.958924 0.974295 1.07356
1.09205 1.43985 0.705969 0.943936 0.962509 1.0352
1.13836 1.47239 0.70721 0.972595 0.960268 1.05363
1.09656 1.18923 0.735054 0.955677 0.89916 1.06338
1.12612 0.830946 0.905873 0.971019 0.963368 1.05836
1.05408 0.521139 1.26996 0.986667 0.963443 1.00472
1.0266 0.501729 1.38595 0.983016 0.960066 1.01842
end
gesture a08 hands 2
0.995857 0.56528 1.23534 0.949532 0.980594 1.02338
0.938296 0.635204 1.09057 0.945889 0.977327 1.01959
0.752097 1.2309 0.851408 0.948813 0.964756 1.04406
0.642093 1.41386 0.898539 0.990191 0.967525 1.0278
0.686996 0.98234 1.00412 0.949129 0.96989 1.05678
0.776629 1.08426 0.919777 0.942042 0.986269 1.03568
1.0352 1.41452 0.773641 0.994446 0.965903 1.02862
1.20075 1.55865 0.817648 0.977042 0.951456 1.05088
1.22621 1.61627 0.876461 0.99564 0.960068 1.02533
1.21549 1.10599 0.834305 0.96324 0.944429 1.09018
1.20833 1.09824 0.903304 0.9254 0.961464 1.06154
1.11721 0.593925 1.12345 0.950435 0.956261 1.0797
1.01294 0.537244 1.2756 0.939712 0.955356 1.05033
end
gesture a08 hands 2
1.01753 0.489401 1.32566 0.950348 0.954917 1.05519
1.03237 0.53279 1.19867 0.959093 0.966346 1.02437
0.937332 0.745304 0.965067 0.946347 0.955427 1.05606
0.783236 1.18068 0.864566 0.934214 0.960219 1.03822
0.733674 1.44356 0.952998 0.989124 0.976292 1.0243
0.634197 1.28255 0.939821 0.970306 0.981153 1.02856
0.712875 0.927017 1.00663 0.950024 0.96046 1.07139
1.08935 1.44873 0.823609 0.953199 0.97906 1.0346
1.18252 1.54135 0.882883 0.9523 0.961557 1.05593
1.26476 1.10971 0.791139 0.989771 0.966963 1.02529
1.25508 0.997441 0.812055 0.98775 0.953658 1.03765
1.0556 0.510321 1.21043 0.934704 0.961056 1.07304
1.01918 0.508756 1.28728 0.943037 0.962065 1.07344
end
gesture a08 hands 2
0.995606 0.540215 1.30832 0.950846 0.968136 1.02927
0.831427 0.994062 0.856169 0.943804 0.9604 1.05376
0.653234 1.41375 0.917455 0.989909 0.963611 1.0347
0.638628 1.41339 0.922825 0.946968 0.984137 1.04386
0.728392 1.04803 0.920836 0.954771 0.972903 1.06187
0.757105 0.928454 0.96841 0.994644 0.969003 1.0182
1.20171 1.38352 0.839471 0.94718 0.968992 1.03404
1.25926 1.49694 0.900831 0.962182 0.959101 1.0589
1.24806 1.12236 0.894588 0.986292 0.971306 1.01775
1.20498 1.10292 0.924867 0.971032 0.958254 1.05663
1.13111 0.634034 1.09608 0.992381 0.964935 1.01325
0.996234 0.518863 1.27257 0.962873 0.956968 1.05964
0.994491 0.537679 1.30363 0.952963 0.976281 1.02682
end
gesture a08 hands 2
1.05096 0.656826 1.23929 0.950462 0.936494 1.04306
0.99404 0.697168 1.13981 0.948123 0.949506 1.0181
0.936206 0.997065 0.928924 0.972034 0.961001 0.999578
0.87916 1.2534 0.879371 0.952801 0.970332 1.04305
0.83767 1.32473 0.905496 0.971496 0.961506 1.00186
0.768987 1.04298 0.890104 0.967273 0.939612 1.05021
0.859203 1.07835 0.847899 0.954369 0.947408 1.05146
0.981134 1.39028 0.806484 0.938871 0.937842 1.12596
1.02064 1.48816 0.902141 0.927122 0.939217 1.16106
0.931744 0.996856 0.935961 0.926286 0.976771 1.02447
0.98761 0.71421 1.09332 0.98916 1.01094 0.953931
1.0535 0.634542 1.28218 0.95705 0.95325 1.0337
1.05095 0.635463 1.2659 0.937093 0.946876 1.05751
end
gesture a08 hands 2
1.03358 0.694079 1.28314 0.958281 0.94802 1.09895
0.943418 0.877869 1.00716 0.946355 0.948372 1.03586
0.910417 1.13458 0.891619 0.93675 0.950706 1.06834
0.836221 1.30273 0.915966 0.978239 0.970071 1.02446
0.793803 1.10895 0.87316 0.944705 0.9668 1.10231
0.818752 0.991688 0.89747 0.950024 0.982039 1.04823
0.854854 1.01836 0.888127 0.956905 0.950488 1.08247
0.979601 1.40294 0.804767 0.964991 0.984031 1.00897
1.00481 1.48505 0.853968 0.973118 0.983435 1.01867
0.988967 1.45086 0.866891 0.987432 0.981632 0.96605
0.935648 1.00928 0.930541 0.969192 0.952207 1.04032
1.0294 0.701033 1.19671 0.960876 0.956515 0.997921
1.01363 0.71094 1.17439 0.967559 0.959416 1.00463
end
gesture a08 hands 2
1.05004 0.66186 1.22062 0.9455 0.94234 1.03284
1.01097 0.770647 1.0923 0.938672 0.949213 1.07934
0.94825 0.979269 0.991351 0.927362 0.9409 1.03006
0.86737 1.22667 0.96422 0.928657 0.967123 1.06702
0.80825 1.22269 0.967617 0.972057 0.969167 1.00704
0.815254 0.943251 0.993839 0.943802 0.937628 1.1209
0.884667 0.912565 0.963521 0.932789 0.952639 1.06758
0.988423 1.12106 0.857292 0.942347 0.943257 1.13471
1.03039 1.34164 0.892167 0.970941 0.959791 0.987196
1.02819 1.34048 0.914633 0.954151 0.956435 1.05349
0.986678 1.21834 0.924802 0.960996 0.970448 1.00753
0.949769 0.765687 1.11228 0.953069 0.942505 1.07611
1.01208 0.681667 1.25523 0.945643 0.936334 1.06501
end
gesture a08 hands 2
0.951722 0.489727 1.34066 0.963201 0.951795 1.07251
0.969493 0.590453 1.1028 0.968264 0.954374 1.05505
0.893956 0.88778 0.935684 0.972195 0.962525 1.07327
0.739198 1.34015 0.984511 0.95899 0.961966 1.01906
0.746136 1.30988 0.949563 0.962958 0.977664 1.04545
0.854448 0.934242 0.8251 0.966878 0.976433 1.0618
1.04348 1.28183 0.796355 0.966872 0.975659 1.03099
1.14323 1.47435 0.959769 0.96585 0.973071 1.04666
1.13324 1.46618 1.01012 0.969435 0.953144 1.0498
1.09966 0.839341 0.892342 0.952377 0.984957 1.04006
1.07826 0.550655 1.15246 0.965 0.960429 1.02766
0.989367 0.477688 1.31923 0.957838 0.949449 1.03817
0.945038 0.482219 1.35409 0.951565 0.94505 0.993809
end
gesture a08 hands 2
0.984212 0.518873 1.36335 0.936867 0.963479 1.00357
1.01606 0.615994 1.04713 0.95671 0.939094 1.02844
0.881298 0.980356 0.865 0.943366 0.94332 1.01743
0.75582 1.26734 0.898236 0.967148 0.939564 1.05621
0.719132 1.3172 0.968796 0.954743 0.95064 1.04256
0.74796 1.07339 0.825099 0.978195 0.957033 1.06353
0.856137 0.990991 0.820768 0.977702 0.955837 1.06637
0.912162 1.12124 0.770772 0.961617 0.98025 1.05126
1.11726 1.47835 0.910425 0.963584 0.950698 1.03322
1.07512 1.35362 0.911394 0.962659 0.954676 1.06957
1.14256 0.734187 1.01587 0.955322 0.960436 1.05419
1.04493 0.506634 1.38002 0.971255 0.950712 1.06846
0.990334 0.514772 1.36211 0.952339 0.951806 1.02778
end
gesture a08 hands 2
0.98856 0.460908 1.40547 0.956811 0.97187 0.960998
1.09001 0.479321 1.27989 0.981438 0.964664 1.03252
0.947872 0.713942 0.950144 0.966122 0.951357 1.06374
0.73531 1.14891 0.932544 0.97627 0.974711 1.0447
0.728547 1.28879 1.04923 0.982629 0.955487 1.04561
0.920865 0.958568 0.839063 0.962259 0.981552 1.0471
1.14126 1.32376 0.909824 0.959967 1.01672 1.01686
0.851965 1.32531 1.03414 0.97807 0.97935 1.01845
0.822671 0.920904 0.913404 0.965814 0.993434 1.04445
1.03217 1.11405 0.808308 0.973788 0.966038 1.04151
1.17228 1.3453 0.939567 0.969399 0.967653 1.00891
1.14493 0.535755 1.19733 0.983425 0.964302 1.02646
0.985436 0.464889 1.40424 0.965622 0.956211 1.04008
end
gesture a08 hands 2
0.977378 0.598593 1.39415 0.95437 0.945597 1.06785
0.810797 0.937729 0.908002 0.952182 0.953015 1.05864
0.716461 1.26662 0.828305 0.941285 0.958669 1.09295
0.708307 1.37839 0.889343 0.970376 0.946986 1.05312
0.669094 1.26354 0.815881 0.961465 0.955896 1.04933
0.808993 0.739606 1.02875 0.970276 0.935829 1.05895
1.07919 1.13272 0.756577 0.964306 0.954081 1.05033
1.22307 1.44445 0.872328 0.979421 0.935814 1.04674
1.18274 1.49496 0.939659 0.969159 0.93833 1.0614
1.13958 1.14085 0.893129 0.968631 0.943494 1.04586
1.1077 0.806641 1.03989 0.949071 0.982121 1.0461
1.00747 0.617111 1.34539 0.9433 1.00012 1.0366
0.977855 0.599859 1.34904 0.95516 0.957511 1.03738
end
gesture a08 hands 2
0.963869 0.638071 1.31405 0.959951 0.964761 1.03445
0.750458 1.0417 0.853976 0.970862 0.940913 1.03633
0.675354 1.34374 0.840329 0.965025 0.953517 1.03508
0.668441 1.43912 0.88394 0.951408 0.963551 1.08037
0.654018 1.28718 0.830035 0.987716 0.932846 1.04063
0.757404 0.915944 0.838636 0.985846 0.946401 1.04299
0.858151 0.781359 0.967239 0.963142 0.960191 1.07859
0.974605 1.06437 0.769932 0.95457 0.944393 1.06942
1.17932 1.44456 0.787678 0.978148 0.971785 1.04289
1.24439 1.62201 0.952024 0.965625 0.964836 1.0504
1.24948 1.16946 0.834835 0.961703 1.00693 1.02275
1.07437 0.690609 1.14847 0.970279 0.967849 1.01784
0.970789 0.632552 1.31247 0.96333 0.952997 1.04087
end
gesture a08 hands 2
0.983005 0.589635 1.35513 0.964986 0.95497 1.03701
0.874237 0.731779 1.03551 0.979219 0.951732 1.04325
0.751028 1.05641 0.879824 0.9511 0.96861 1.09119
0.672748 1.45085 0.92051 0.968479 0.955417 1.06675
0.651357 1.275 0.791456 0.959636 0.947192 1.0879
0.875618 0.686996 1.02313 0.966786 0.966052 1.06702
1.09692 1.12599 0.736449 0.963969 0.943006 1.05493
1.26821 1.53139 0.894867 0.98216 0.950529 1.04077
1.29167 1.58706 0.96032 0.967702 0.951574 1.0576
1.288 1.42584 0.86774 0.956089 0.992096 1.03886
1.15732 0.900751 0.93224 0.959954 0.970128 1.03945
1.02949 0.613915 1.2606 0.958132 0.994777 1.01947
0.984543 0.601439 1.32017 0.97185 0.950283 1.01808
end
gesture a08 hands 2
0.95038 0.417515 1.31321 0.975986 0.881928 1.05993
0.894713 0.677369 0.968068 0.855136 0.828388 0.917004
0.815211 0.917348 0.890931 0.746702 1.73755 0.811275
0.683389 1.3181 1.00178 0.800644 1.56125 0.961212
0.665033 1.09278 0.794828 0.948554 1.56511 1.13543
1.00326 1.09538 0.866055 1.07706 1.60879 1.06756
1.15936 1.3804 0.790566 0.92838 1.60809 1.14606
1.33694 1.61571 0.948504 0.943433 1.1817 1.13259
1.36681 1.64775 1.0933 0.978225 0.909983 0.98228
1.19376 1.45131 0.931687 0.944675 0.826598 0.994496
1.15386 0.787437 0.86051 0.988425 0.884246 1.07542
1.12038 0.620614 0.931992 0.979951 0.879886 1.10844
0.967574 0.410211 1.32179 0.986031 0.881257 1.09568
end
gesture a08 hands 2
0.992178 0.368282 1.37267 0.972144 0.968848 1.06226
0.845483 0.706282 0.954829 0.939722 0.951006 1.03849
0.691405 1.08386 0.981612 0.957787 0.960814 1.09925
0.584172 1.30167 1.09952 0.974383 0.971326 1.0379
0.555694 1.28792 1.11881 0.940141 0.999521 1.0913
0.653064 0.771112 0.926251 0.96225 0.976456 1.0544
0.784196 0.822491 0.898063 0.951834 0.954139 1.13913
1.24497 1.43465 0.817689 0.981265 0.950881 1.0255
1.43434 1.53168 1.09944 0.900469 0.9234 1.02776
1.2802 1.32086 0.979734 0.938785 0.905428 1.03239
1.09616 0.87887 0.947706 0.946694 0.992238 0.965606
1.03719 0.505125 1.11794 1.0038 0.944213 1.02033
0.999157 0.386063 1.31167 0.928593 0.944298 1.04849
end
gesture a08 hands 2
0.979123 0.39191 1.38057 0.95905 0.962291 1.1047
0.880554 0.610312 0.995884 0.957881 0.995532 1.01544
0.729097 1.05675 0.906059 0.968672 0.996834 1.01304
0.585904 1.34683 0.988321 0.964009 0.961624 1.09418
0.551617 1.19304 0.883078 0.97544 0.930513 1.08718
0.714487 0.882697 0.843108 0.945219 0.94407 1.0835
0.778232 0.869754 0.822462 0.98147 0.964242 1.01822
1.20955 1.55487 0.87833 0.914333 0.925726 1.02217
1.34735 1.60789 1.07419 0.970803 0.972472 0.986381
1.18091 1.32642 0.959603 0.949324 0.998031 0.969602
1.13326 0.75848 0.986961 0.98847 0.968436 1.04393
1.09104 0.515078 1.10285 0.964796 0.994593 1.00892
0.974191 0.399887 1.38984 0.959636 0.973994 1.03603
end
gesture a08 hands 2
0.976913 0.502562 1.26715 0.960025 0.955885 1.04369
0.897702 0.688625 0.984523 0.97298 0.967878 1.02069
0.852855 0.840405 0.903784 0.957249 0.959061 1.05495
0.79682 1.42016 0.916578 0.96846 0.956369 1.03308
0.767663 1.47164 0.92462 0.956127 0.972951 1.03445
0.769576 1.16128 0.771006 0.967735 0.939588 1.06289
0.884389 0.995868 0.798862 0.983017 0.930784 1.04484
1.08959 1.55154 0.978279 0.962247 0.959596 1.03732
1.16038 1.60874 1.18354 0.953969 0.982998 1.07421
1.20298 1.22706 0.849575 0.956116 0.976408 1.0632
1.18751 0.821452 0.912921 0.971978 0.956478 1.01027
0.993264 0.518712 1.27833 0.966651 0.970322 1.07511
0.983506 0.5233 1.29395 0.964268 0.979631 1.08897
end
gesture a08 hands 2
0.970737 0.477931 1.34847 0.957922 0.969108 1.08726
0.922748 0.5081 1.24285 0.961571 0.951314 1.06503
0.833547 0.757558 0.99197 0.955782 0.988337 1.0255
0.752384 1.35669 0.952451 0.959399 0.982466 1.03203
0.745665 1.41194 0.964483 0.939512 0.969547 1.08066
0.972071 0.85405 0.859743 0.963493 0.951226 1.03867
1.00994 0.952355 0.804285 0.944256 0.946867 1.05519
1.13043 1.4229 0.963063 0.966453 0.956156 1.02618
1.1445 1.52661 1.13859 0.959539 0.955496 1.04805
1.14519 1.2653 0.887462 0.967232 0.955253 1.00993
1.11834 0.706282 0.975587 0.969175 0.959312 1.01071
1.01041 0.494093 1.25159 0.960095 0.954128 1.06535
0.967148 0.46956 1.34806 0.966599 0.96985 1.07675
end
gesture a08 hands 2
0.969593 0.562275 1.27066 0.974339 0.97649 1.06088
0.862024 0.85023 0.888793 0.971556 0.975537 1.01549
0.774886 1.24946 0.814416 0.962728 0.958906 1.06826
0.747093 1.51275 0.878846 0.977389 0.975711 1.01716
0.736074 1.44638 0.809073 0.97428 0.957641 1.04606
0.8632 1.10712 0.762789 0.980493 0.975571 1.00083
1.0682 1.48385 0.831422 0.967031 0.961404 1.04364
1.14866 1.63331 1.03561 0.951098 0.990473 1.06561
1.16037 1.57892 0.975607 0.962537 0.964195 1.01823
1.23385 1.29287 0.807679 0.967492 0.960899 1.0469
1.18664 0.795246 0.913218 0.96672 0.966291 1.01006
0.966608 0.563425 1.26305 0.959199 0.974641 1.06835
0.969372 0.550644 1.24595 0.978247 0.96967 1.00527
end
gesture a08 hands 2
1.05101 0.473915 1.25001 0.929293 0.934521 1.01242
0.996728 0.553004 1.13093 0.942246 0.939219 1.05372
0.904341 0.909226 0.961761 0.945224 0.936823 1.04941
0.820265 1.20742 1.00597 0.954698 0.96137 1.04463
0.867486 1.01029 0.884796 0.941485 0.958185 1.06613
0.924535 1.09166 0.875001 0.945449 0.955375 1.05342
0.986117 1.39073 0.941909 0.941744 0.948365 1.07365
1.03924 1.48349 1.09261 0.949178 0.950762 1.05714
1.02782 1.42452 1.05911 0.946961 0.956048 1.0821
1.002 1.20173 0.933955 0.957134 0.964086 1.05402
1.0399 0.8439 0.919509 0.970739 0.943699 1.05959
1.05314 0.614302 1.0466 0.934897 0.942921 1.11322
1.0534 0.489044 1.3219 0.930216 0.952004 1.14165
end
gesture a08 hands 2
1.01473 0.55888 1.28425 0.928649 0.950421 1.12949
0.939982 0.682855 1.02221 0.936116 0.954944 1.07531
0.847805 0.948922 0.945065 0.93277 0.956273 1.06386
0.791897 1.23805 1.00434 0.923953 0.961912 1.02264
0.793852 1.27467 1.01151 0.961509 0.947907 1.0367
0.896922 0.953748 0.884371 0.951556 0.950782 1.07836
0.9398 1.18148 0.827817 0.963047 0.947488 1.06663
1.01053 1.55554 1.03686 0.952369 0.943527 1.10606
1.03972 1.55311 1.06423 0.950557 0.959919 1.0871
1.02064 1.01777 0.839685 0.961896 0.949533 1.02044
1.0431 0.658289 1.02402 0.949719 0.947308 1.05616
1.04851 0.559327 1.29395 0.948254 0.953271 1.06367
1.02529 0.559774 1.2788 0.929323 0.957807 1.11046
end
gesture a08 hands 2
1.01711 0.532984 1.25019 0.935026 0.960314 1.11971
0.8782 0.793936 0.938207 0.937131 0.958872 1.04276
0.793783 1.19315 0.940289 0.961371 0.952467 1.02156
0.790987 1.30797 0.982231 0.962552 0.947197 1.02678
0.823691 0.976634 0.85728 0.955318 0.957326 1.0648
0.89827 1.09754 0.813093 0.959469 0.961686 1.04233
0.941903 1.40298 0.852988 0.954891 0.950868 1.06512
1.06189 1.63297 1.06556 0.972273 0.954307 1.02439
1.06874 1.58964 1.09686 0.964523 0.96602 1.03701
1.08454 1.21605 0.881073 0.938416 0.965044 1.02699
1.10467 0.843856 0.881846 0.957644 0.957476 1.05463
1.03085 0.544811 1.18856 0.930615 0.95687 1.13611
1.00832 0.548373 1.29479 0.921778 0.971058 1.16497
end
gesture a09 hands 2
1.02704 0.520863 1.32114 0.992288 0.973092 1.02957
1.11704 0.781575 1.01688 0.992273 0.964719 1.0071
1.07021 1.28278 0.981573 0.98698 0.989315 0.954323
1.04412 1.35351 0.888656 0.968831 0.991869 1.01019
1.04126 0.945589 0.816163 0.945425 0.956428 1.11398
0.980743 0.827285 0.892231 0.949711 0.95189 1.12927
0.551356 1.02574 1.02052 0.970513 0.949183 1.08137
0.763377 1.53069 0.93923 0.941256 0.964413 1.07619
1.0305 1.36086 0.846785 0.928884 0.932753 1.09077
1.01934 1.00751 0.852557 0.924904 0.965591 1.12216
0.960728 1.07093 0.863 0.929732 0.966907 1.0144
1.04942 0.516473 1.40696 0.99649 0.972171 0.983314
1.03506 0.519949 1.44687 0.982263 0.977726 1.05073
end
gesture a09 hands 2
1.00287 0.580512 1.38536 0.948441 0.968953 1.07259
1.14204 0.793446 1.02073 0.999851 0.971365 0.97206
1.08075 1.31414 0.946823 1.03125 0.978083 1.01922
1.01602 1.50698 0.887595 1.02279 0.97059 1.05612
1.13588 1.28073 0.718094 1.00031 1.00236 0.982255
0.791623 0.810159 0.90332 0.983273 0.991977 0.99389
0.560341 1.49211 0.915605 0.934941 0.965212 1.09306
0.824871 1.6328 0.865689 0.952907 0.965778 1.04791
1.12036 1.28019 0.783647 0.933627 0.957475 1.10578
0.97563 0.96757 0.831251 0.935356 0.952193 1.04831
0.933084 1.0331 0.834017 0.902567 0.971017 1.09226
1.07024 0.611408 1.23404 0.939476 0.96886 1.01782
1.00818 0.578465 1.36618 0.971973 0.959359 1.06952
end
gesture a09 hands 2
1.00094 0.649486 1.33508 0.968451 0.966678 1.10143
1.04174 0.707592 1.28601 1.00859 0.977311 1.04171
1.11727 0.867891 1.00231 1.00467 0.980005 1.06752
1.06129 1.55629 0.950243 1.0457 0.97353 1.01774
1.05503 1.36244 0.681147 1.03405 0.986508 1.04938
0.902772 0.998073 0.755355 0.976151 1.00936 0.993548
0.473051 1.21441 0.886792 0.928635 0.972769 1.102
0.552353 1.60252 0.854573 0.890671 0.968497 1.02069
0.817097 1.70559 0.78875 0.882546 0.965244 1.05451
1.08567 1.12823 0.707819 0.964714 0.965244 0.968654
1.07258 1.05847 0.770758 0.975051 0.974721 1.02288
0.98811 0.665631 1.3698 0.985034 0.975297 0.988641
1.03202 0.65227 1.22144 1.02594 0.982854 1.03671
end
gesture a09 hands 2
0.973561 0.62099 1.30512 0.971027 0.908425 1.07193
1.02081 1.4107 0.786363 0.968792 0.930327 1.0682
1.07507 1.60953 0.878292 1.09346 1.01445 1.00586
1.22203 1.22898 0.721546 0.98758 0.957282 1.06207
0.874221 0.865336 0.746254 0.993973 0.931578 1.06309
0.549682 1.00778 0.806267 1.0271 1.01891 0.997774
0.475934 1.46274 0.885277 0.979231 0.986786 1.05984
0.783772 1.69973 0.926102 0.94513 1.01843 1.05776
1.20976 1.32073 0.697209 0.968026 0.967658 0.987504
1.19252 1.17319 0.690533 1.03705 1.05887 0.998752
1.12803 1.35696 0.701173 0.975685 1.09049 0.908834
1.14824 0.740112 1.03926 0.839818 1.17179 0.928077
1.04748 0.600504 1.44258 0.949238 1.18869 0.92851
end
gesture a09 hands 2
1.05458 0.571005 1.44159 0.978568 1.14965 1.08891
1.04523 0.803857 1.06412 0.989376 0.928038 1.07922
1.0278 1.32956 0.842978 1.03326 0.954442 1.12778
1.05924 1.03441 0.761642 1.03483 0.900257 1.09111
0.689565 0.854029 0.768003 0.979271 0.969553 1.13154
0.401987 1.26948 0.915768 0.979957 0.933832 1.16511
0.682748 1.63204 0.995708 1.02861 0.923909 1.04999
1.16052 1.2666 0.767871 1.03304 0.96476 1.0999
1.13128 1.06315 0.764921 1.01928 0.99783 0.941066
1.09569 1.24634 0.772495 0.812045 1.01699 0.9861
1.17616 0.841898 0.944594 0.839672 1.07592 0.917949
1.00659 0.569605 1.38359 1.00279 0.924986 1.0968
0.978185 0.558216 1.42944 0.998923 0.935609 1.09705
end
gesture a09 hands 2
0.985424 0.597548 1.37089 1.05213 0.943321 1.05793
1.03722 1.03619 0.885126 1.0061 0.940972 1.09303
1.08918 1.34053 0.827033 1.02406 0.899875 1.04649
1.00627 1.06471 0.727575 1.00793 1.00119 1.06864
0.474429 1.03388 0.922813 0.977137 1.02563 0.92944
0.646135 1.65373 1.03089 0.887174 1.01179 0.949528
1.16005 1.47586 0.839184 0.921666 0.988909 0.94129
1.22334 1.05806 0.773251 0.830182 0.988 1.03962
1.07222 0.900644 0.776638 0.824268 0.974305 1.05651
1.09642 1.11941 0.777117 0.768778 1.02308 1.03687
1.09219 0.645717 1.14983 0.795081 1.05661 0.973102
1.05816 0.610104 1.43309 0.991185 0.95425 0.999883
0.998504 0.581635 1.35874 1.03973 0.907605 1.10149
end
gesture a09 hands 2
1.09716 0.569156 1.36765 0.987904 0.976356 0.999117
1.01074 0.870891 1.01785 0.986501 0.971487 1.02873
0.941656 1.20616 0.91626 1.00459 0.989378 0.984146
0.974118 1.38993 0.799476 0.996292 0.965425 1.04886
0.978814 1.20201 0.754189 0.986553 0.967987 1.00972
0.611816 1.14293 0.858532 1.00155 0.967472 1.01032
0.586415 1.4766 0.866408 0.964085 1.01441 1.01865
0.722336 1.58934 0.869592 0.965219 1.03753 0.987322
1.01506 1.47942 0.743828 0.983777 0.969913 1.04799
0.928359 1.13327 0.745941 0.928733 0.941846 1.03032
1.03942 1.05453 0.774585 0.973645 0.968941 1.02667
1.14937 0.572563 1.27329 0.942806 1.01862 1.06519
1.09576 0.58247 1.3905 0.988995 0.938203 1.02956
end
gesture a09 hands 2
1.12158 0.567144 1.42255 0.99778 0.93376 1.04542
1.04068 0.679012 1.09184 0.958209 0.965891 0.996398
0.95591 1.02937 0.920086 0.967801 0.957455 1.0517
0.930159 1.1411 0.84621 0.956948 0.908458 1.04761
0.742583 1.0501 0.88635 0.949805 1.00454 0.999724
0.57266 1.40424 0.946107 0.967119 1.02598 1.04454
0.664024 1.56465 0.917478 0.969461 0.951135 1.05181
1.04951 1.43887 0.734283 0.955434 1.01033 1.05787
1.04593 1.15407 0.758155 0.97076 0.987285 1
0.88797 1.09732 0.76219 0.976068 0.956396 1.06597
0.997424 1.06541 0.763908 0.927344 0.957903 1.04142
1.15268 0.547124 1.3345 1.00188 0.958258 1.02668
1.1135 0.580619 1.39671 0.985354 0.955929 1.04294
end
gesture a09 hands 2
1.11423 0.56025 1.4354 0.98212 0.956594 1.06661
1.07802 0.649317 1.12956 0.957799 0.982752 1.02148
1.04584 1.04906 0.904374 0.969831 0.950895 1.04229
1.00735 1.13874 0.850257 0.960686 0.980395 1.03845
0.908361 1.02862 0.873894 0.924748 0.919985 1.02362
0.597794 1.35659 0.942629 0.938338 0.925531 1.00858
0.710504 1.52709 0.902689 0.996538 0.943931 1.03289
0.963787 1.46919 0.843938 0.968395 0.956669 1.04068
1.04694 1.2211 0.756994 0.927161 1.07643 1.0776
0.935435 1.0794 0.791127 0.949627 0.985685 1.07006
0.977005 1.07042 0.797784 0.926208 1.08123 1.07001
1.15715 0.56968 1.20196 0.960749 0.975911 1.04024
1.11378 0.537457 1.44244 0.987736 0.96735 1.03442
end
gesture a09 hands 2
1.01488 0.697744 1.23064 0.966097 0.979125 1.01944
0.879303 0.859086 0.921407 0.960213 0.985049 1.00645
0.639748 1.165 0.813321 0.966502 0.964833 1.04036
0.636155 1.55491 0.812704 0.984129 0.967646 1.01915
0.795693 1.75566 0.851367 0.965593 0.9563 1.05606
1.10952 1.78256 0.881433 0.969526 0.957825 1.04788
1.25333 1.63518 0.856766 1.00619 0.965679 1.01415
1.3224 1.31755 0.88293 0.955669 0.962993 1.0297
1.0622 0.985559 0.892763 0.943071 0.972135 1.0187
0.830388 0.988573 0.896522 0.959518 0.968033 1.06187
1.04262 0.82598 0.992471 0.967287 0.967891 1.04507
1.04828 0.700284 1.20133 0.965512 0.959156 1.06441
1.0196 0.692372 1.25554 0.958308 0.970016 1.04262
end
gesture a09 hands 2
1.0248 0.544283 1.36261 0.965719 0.963892 1.05061
1.13881 0.749262 1.02754 0.939677 0.971239 1.04422
1.14128 0.734993 0.989147 0.966514 0.9535 1.05027
0.72151 0.847491 0.955809 0.955186 0.972785 1.03628
0.53601 1.29499 0.942919 0.972296 0.984749 1.03112
0.775098 1.66409 0.995404 0.952032 0.958716 1.02162
1.17617 1.63766 1.0195 0.983747 0.967859 1.01585
1.38412 1.40471 1.00739 0.949697 0.967214 1.01103
1.26009 1.00883 0.978112 0.947756 0.966937 1.04764
1.18768 0.989882 0.986908 0.992843 0.973685 1.02539
0.844409 0.845585 0.980487 0.94737 0.972584 1.06408
0.963477 0.8451 0.951764 0.941522 0.973092 1.04154
1.07377 0.538477 1.28949 0.971859 0.956664 1.05721
end
gesture a09 hands 2
1.01223 0.639665 1.29625 0.972876 0.968462 1.02782
1.13993 0.956905 0.866466 0.987045 0.971954 1.01871
0.746354 0.928816 0.879888 0.94646 0.970836 1.02152
0.503351 1.3397 0.88388 0.980404 0.961456 1.04397
0.596242 1.61535 0.897339 0.986787 0.99025 1.03295
1.15976 1.76699 0.953559 0.964708 0.977772 1.04291
1.42674 1.32599 0.926561 0.992173 0.951903 1.02378
1.25383 1.02425 0.900124 0.948922 0.977912 1.00989
0.84378 0.915227 0.89994 0.966137 0.98219 1.04119
0.864431 0.970724 0.856866 0.940848 0.987646 1.03639
1.08711 0.719718 1.07334 0.976477 0.963342 1.04881
1.01222 0.628648 1.28211 0.972198 0.970066 0.989679
1.00077 0.645522 1.26735 0.983803 0.966195 1.01283
end
gesture a09 hands 2
1.05931 0.667465 1.20646 0.965188 0.945787 1.00626
0.989962 0.841974 1.02456 0.976587 0.993103 0.977889
0.872559 1.24418 0.937218 0.947989 0.97932 1.05229
0.898764 1.37968 0.917443 0.954479 0.965672 1.02462
1.07112 1.38456 0.88391 0.95259 0.940972 1.10367
1.09347 0.887403 0.908826 0.938539 0.930605 1.08566
0.973363 0.776232 0.993036 0.935737 0.956982 1.14597
0.811918 0.805931 0.998496 0.948665 0.934037 1.11351
0.744607 1.07208 0.938778 0.929185 0.969896 1.03836
0.887384 1.34775 0.915204 0.937261 0.96894 1.10345
0.913694 0.921157 1.03483 0.946413 0.966248 1.05224
1.04332 0.715956 1.15198 0.954263 0.965513 1.08006
1.09289 0.663698 1.25541 0.954339 0.949004 1.02754
end
gesture a09 hands 2
1.09269 0.572782 1.26481 0.967911 0.933645 1.02517
0.965231 0.722224 1.11039 0.938932 0.931479 1.02225
0.895531 1.09712 0.990624 0.963612 0.934354 1.0228
1.03933 1.32201 0.980032 0.935282 0.947521 1.02454
1.12618 1.25685 0.965402 0.931392 0.961474 1.06517
1.19437 1.07227 0.930243 0.931618 0.963471 1.00176
1.0809 0.721806 1.00523 0.935396 0.953132 1.05979
0.852231 0.695754 1.08993 0.953585 0.933345 1.12227
0.746618 0.883426 1.03722 0.930311 0.94978 1.04596
0.916356 1.25224 0.976432 0.935998 0.948476 1.10336
0.942176 1.24152 0.953428 0.948118 0.935128 1.08124
0.892273 1.02238 1.02646 0.927515 0.937464 1.09521
1.01975 0.657533 1.14383 0.937858 0.93281 1.05275
end
gesture a09 hands 2
1.11776 0.634066 1.27353 0.952295 0.941345 1.02766
1.02093 0.758323 1.06526 0.980342 0.94349 1.01695
0.973831 0.839436 1.00959 0.951501 0.964442 1.0371
0.86526 1.27298 0.951578 0.951291 0.974987 1.02969
0.9419 1.38655 0.946916 0.952422 0.971547 1.06996
1.11804 1.25121 0.897833 0.944252 0.950974 1.04589
1.13498 1.05811 0.867988 0.939782 0.939945 1.09243
1.06559 0.77269 0.987927 0.937683 0.953938 1.0761
0.787367 0.789225 1.04094 0.944931 0.981455 1.01038
0.823394 1.23873 0.947049 0.936681 0.970898 1.09073
0.926434 1.29929 0.916199 0.960939 0.951715 1.06081
0.995827 0.737284 1.10787 0.95598 0.961197 1.0774
1.11693 0.630576 1.30619 0.959525 0.950018 1.02889
end
gesture a09 hands 2
1.00469 0.567849 1.35427 0.973583 0.961533 1.05572
1.11164 0.643022 1.1285 0.978829 0.958193 1.02799
0.971506 0.803446 0.927943 0.982249 0.962929 1.05223
0.649621 1.11126 0.934935 0.986562 0.948798 1.03412
0.726145 1.48103 0.964956 0.976933 0.96804 1.07759
1.07552 1.58093 0.963418 0.975568 0.970149 1.03772
1.26894 1.22635 0.878351 0.993007 0.942306 1.04878
1.02553 0.982056 0.812271 0.973989 0.945291 1.04867
0.752718 1.17569 0.878283 0.94855 0.980967 1.02614
0.767722 1.1651 0.869707 0.957983 0.969429 1.05572
1.12741 0.837215 0.943078 0.952597 1.00571 1.02347
1.19825 0.668193 1.16229 0.968096 0.965552 1.03378
1.11338 0.573982 1.37616 0.972496 0.966427 1.01139
end
gesture a09 hands 2
1.04862 0.649115 1.34435 0.966832 0.969435 1.03163
1.03854 0.808497 0.9238 0.959983 0.965666 0.984377
0.9128 1.00505 0.784268 0.989624 0.96638 1.0247
0.616829 1.31394 0.894528 0.95934 0.965274 0.975655
0.801883 1.62268 0.897981 0.962754 0.966545 0.972702
1.17793 1.55528 0.828023 0.97444 0.969564 1.07191
1.22415 1.19513 0.781166 0.95759 0.957845 1.04386
0.930169 1.05144 0.7501 0.975507 0.960489 1.07906
0.740238 1.17896 0.799095 1.00025 0.960792 1.04546
0.953084 1.07401 0.792003 0.989533 0.947936 1.06838
1.21059 0.796139 1.06772 0.9675 1.00697 1.03885
1.10524 0.671682 1.38835 0.987918 0.975479 1.04818
1.02182 0.660699 1.30769 0.989217 0.963531 0.978364
end
gesture a09 hands 2
1.01286 0.505548 1.38269 0.975849 0.958915 0.974089
0.928564 0.651413 1.05618 0.998421 0.958305 1.05428
0.670779 1.15966 0.961818 0.983965 0.959638 1.06818
0.905717 1.50519 0.99462 0.983664 0.97988 1.01696
1.26965 1.35275 0.935865 0.97275 0.967819 1.03387
1.01391 0.956654 0.806012 0.967625 0.985844 1.01485
0.723811 1.1297 0.87023 0.978493 0.949337 1.02307
1.09156 1.44885 0.917721 0.963617 1.00296 1.03487
1.08981 0.953373 0.823221 0.958476 0.977551 1.04145
0.733764 1.16207 0.833542 0.985208 0.967319 1.04535
1.12008 0.855241 0.917007 0.968012 1.01921 1.01881
1.22875 0.554057 1.47734 0.998399 0.961744 1.01729
1.00461 0.508047 1.37563 0.962594 0.968141 0.977235
end
gesture a09 hands 2
1.06105 0.670058 1.3193 0.967187 0.945778 1.0395
1.1099 0.69403 1.22577 0.949897 0.955465 1.07357
0.833665 0.848237 0.973484 0.973753 0.955451 1.03667
0.63129 1.22344 0.878756 0.982366 0.958744 1.03196
0.686562 1.48269 0.854427 0.948419 0.987746 1.05148
1.16518 1.61993 0.828031 0.951452 0.982608 1.02496
1.42382 1.22712 0.871029 0.944676 1.0091 1.0403
1.33641 0.930487 0.966982 0.959878 0.969327 1.06264
0.90963 0.824457 0.963475 0.980382 0.961497 1.03392
0.677429 1.16942 0.88924 0.950307 0.972418 1.06456
0.763842 1.14926 0.856768 0.974997 0.945149 1.02983
1.02554 0.733761 1.10063 0.959975 0.944805 1.05389
1.07428 0.673024 1.34534 0.957145 0.965496 1.02365
end
gesture a09 hands 2
1.06597 0.675433 1.36796 0.967253 0.954906 1.04159
0.994454 0.781966 1.00699 0.959029 0.942207 1.05843
0.802388 1.08536 0.790172 0.978528 0.944352 1.04862
0.658069 1.27834 0.746898 0.966494 0.947683 1.06425
0.872061 1.53735 0.758395 0.971099 0.964967 1.04223
1.255 1.5141 0.78183 0.949118 1.00036 1.04556
1.43352 1.21793 0.892103 0.936713 0.98782 1.06384
1.24496 0.832527 1.07907 0.968339 0.971552 1.03174
0.970294 0.765418 1.0692 0.969896 0.938749 1.05203
0.682382 1.19284 0.899632 0.966387 0.941381 1.05204
0.790696 1.23403 0.879506 0.962639 0.975262 1.02629
1.02805 0.80485 1.05672 0.972591 0.944577 1.03147
1.08046 0.679955 1.37623 0.957477 0.964092 1.01931
end
gesture a09 hands 2
1.08283 0.708258 1.33321 0.962035 0.967929 1.02798
0.917229 0.948537 0.835727 0.981565 0.948969 1.03722
0.773555 1.26476 0.639125 0.988849 1.02856 1.02013
0.677579 1.25408 0.702042 0.964687 0.966978 1.04687
0.812409 1.55688 0.743913 0.956856 0.999806 1.036
1.38676 1.42865 0.782045 0.948175 0.97239 1.0649
1.39067 1.02482 0.972007 0.951914 1.00394 1.05221
1.23606 0.863976 1.03112 0.980229 0.958832 1.02326
0.808405 0.924979 0.936827 0.957288 0.948242 1.06817
0.713759 1.24437 0.894185 0.973967 0.954152 1.03145
0.795602 1.18934 0.886614 0.948644 0.960212 1.0728
0.980446 0.859295 1.00517 0.970285 0.967509 1.03424
1.09203 0.717883 1.38922 0.964589 0.960262 1.03542
end
gesture a09 hands 2
1.01623 0.3881 1.42583 0.977628 0.981787 1.03621
1.04409 0.432766 1.18592 0.935447 1.00525 1.0291
0.910433 0.998523 0.943061 1.00218 0.939339 1.01405
0.875494 1.36732 1.05432 0.94125 0.947234 1.10911
0.890144 1.44504 1.05362 0.990902 0.971893 1.06757
1.26357 1.28301 0.836447 0.940622 0.92795 1.06612
1.05485 0.774523 0.801007 0.987108 0.95355 1.08948
0.600196 1.00419 0.953814 0.999579 0.973848 1.02471
0.575174 1.343 0.946725 0.904187 0.939586 1.05694
0.960048 1.46463 0.864378 0.942247 0.950181 1.09974
1.05113 1.30026 0.907908 0.919223 0.953147 1.01734
1.12425 0.68673 1.01419 1.0265 0.953869 1.01617
1.06766 0.436127 1.27588 1.00418 0.962057 1.0673
end
gesture a09 hands 2
1.00836 0.365206 1.47335 0.981666 0.977655 1.02383
1.01628 0.90001 0.968144 0.955114 0.954643 1.04111
1.04207 1.42603 0.975626 0.978119 0.966566 1.07728
1.27022 1.26209 0.825467 0.953864 1.0088 1.01041
1.13412 0.815922 0.777768 0.953291 0.950149 1.06681
0.866164 0.71496 0.801119 0.976575 0.964571 1.02766
0.578731 1.16703 0.979741 0.901239 0.948788 1.05051
0.623267 1.38938 1.00488 0.957355 0.974039 1.02439
0.984354 1.42201 0.863287 0.91281 0.961582 1.02897
1.00468 0.697242 0.976009 0.997244 0.958666 1.0168
1.05681 0.471253 1.06731 0.938513 0.930296 1.023
1.0163 0.37559 1.45151 0.995002 0.970509 1.04026
1.02884 0.369614 1.51603 0.998196 0.951814 1.04999
end
gesture a09 hands 2
0.991822 0.418943 1.45075 1.01812 0.986722 1.03297
1.01063 0.681722 1.01767 1.00711 0.984229 1.02932
1.01891 1.23816 0.938519 0.941071 0.972231 1.01356
1.02362 1.51724 0.991385 0.981888 0.98471 1.0153
1.20702 1.17246 0.77725 0.914985 0.971796 1.03116
0.865795 0.874048 0.804415 1.00258 0.95759 1.03134
0.62279 1.07505 0.975785 0.931654 0.956575 1.0451
0.59138 1.40543 0.994418 0.995939 0.97773 1.03476
0.823691 1.46961 0.916257 0.920564 0.954653 1.05895
1.01513 1.27188 0.844401 0.951408 0.96499 0.996885
1.11904 0.702501 0.961522 0.970154 0.986642 1.0656
1.12757 0.50964 1.07459 0.943745 0.959825 1.0194
1.00227 0.40755 1.46485 0.962838 0.956553 1.06719
end
gesture a09 hands 2
1.04263 0.476469 1.33529 0.972513 0.976679 1.02479
0.744995 1.23632 0.888798 0.96906 0.94745 1.04216
0.809521 1.45667 0.944979 0.960704 0.982505 1.04183
1.12637 1.44927 0.971095 1.00262 0.942081 1.00509
1.36956 0.873752 1.02805 0.984444 0.902821 1.01286
1.03551 0.620518 1.02893 0.952696 0.969163 1.05028
0.846513 0.694986 0.966219 0.958177 0.970313 1.02175
0.650559 1.12951 0.884653 0.972717 0.94773 1.06595
0.816664 1.45069 0.974496 0.959735 0.976672 1.06277
0.894039 1.43892 0.993624 0.988208 0.966498 1.01687
0.986793 1.00853 0.90536 0.964203 0.973073 1.04042
1.07373 0.507235 1.30146 0.960873 1.00624 1.03131
1.03555 0.489417 1.36947 0.964849 0.979178 1.06473
end
gesture a09 hands 2
1.05613 0.514823 1.39914 0.973355 0.972546 1.04644
0.923106 0.74019 0.971493 0.974202 0.962974 1.01884
0.766297 1.20228 0.840289 0.959852 0.958202 1.04957
0.821436 1.48109 0.921837 0.982685 0.954235 1.01136
1.28511 1.37667 0.963133 0.965927 0.949756 1.04021
1.448 0.996687 1.03242 0.951246 0.995579 1.04429
1.19701 0.684227 1.06899 0.970177 0.943314 1.02554
0.798617 0.810237 0.902627 0.958715 0.983253 1.03053
0.700098 1.11837 0.892705 0.935814 0.977246 1.09859
0.824588 1.39925 0.958472 0.972791 0.961103 1.05012
0.897921 1.19892 0.920257 0.975026 0.95883 1.0314
1.03492 0.655877 1.05435 0.951219 0.976632 1.0719
1.04122 0.511179 1.34551 0.967948 0.972653 1.06939
end
gesture a09 hands 2
1.03747 0.507642 1.36488 0.971167 0.967592 1.06882
0.869606 0.862275 0.916655 0.975031 0.959978 1.02877
0.77208 1.16824 0.845883 0.973907 0.952335 1.05015
0.815877 1.48071 0.935184 0.988754 0.947063 1.00756
1.04113 1.52755 0.994583 0.938683 0.984517 1.04088
1.46034 1.1507 1.03306 0.966815 1.01368 1.02772
1.42384 0.908378 1.04888 0.960946 1.00423 1.02594
1.07312 0.624242 1.04399 0.974309 0.935265 1.00815
0.799955 0.771533 0.89356 0.955682 0.974949 1.02418
0.773751 1.40582 0.93574 0.957723 0.962847 1.0476
0.874358 1.24489 0.913205 0.96269 0.982229 1.07196
1.04262 0.690623 0.985383 0.973764 0.962742 1.05393
1.07634 0.560233 1.15477 0.967448 0.964836 1.03795
end
gesture a09 hands 2
1.04845 0.587218 1.30883 0.956224 0.959232 1.0382
1.05696 0.788427 0.955726 0.956015 0.943473 1.07334
0.855201 0.948762 0.884779 0.96879 0.946499 1.05956
0.726302 1.26458 0.960505 0.945215 0.944481 1.08279
0.779679 1.46515 1.01103 0.955798 0.937072 1.08324
0.971423 1.54829 1.05314 0.954064 0.953176 1.05183
1.14504 1.43109 1.01434 0.943435 1.00786 1.05227
1.18161 1.13761 0.919328 0.942572 0.991513 1.05084
0.974422 1.06141 0.892324 0.947911 0.94852 1.05528
0.753437 1.18268 0.985946 0.94846 0.962296 1.04822
0.833109 1.0346 0.939243 0.954798 0.951355 1.04256
1.04 0.602347 1.23926 0.939991 0.951564 1.08182
1.05023 0.601042 1.33802 0.946894 0.952592 1.06298
end
gesture a09 hands 2
1.06593 0.619477 1.33565 0.926427 0.958196 1.06628
0.935737 0.829764 0.866862 0.939852 0.958371 1.06253
0.830489 0.962451 0.827 0.935726 0.959161 1.08875
0.68773 1.27214 0.909737 0.950271 0.959181 1.03763
0.754219 1.48391 0.977401 0.950029 0.957514 1.02031
0.973947 1.57853 1.02002 0.959417 0.952623 1.05907
1.14329 1.45084 0.969469 0.952213 0.953956 1.04065
1.08721 1.19579 0.831699 0.972522 0.944071 1.05375
0.872622 1.18312 0.869545 0.944519 0.989469 1.05663
0.815359 1.23529 0.933886 0.947652 0.954612 1.06116
0.931579 0.97082 0.883969 0.956138 0.949302 1.06667
1.02524 0.679513 1.05636 0.974661 0.951118 1.02944
1.07289 0.61763 1.28049 0.945332 0.949569 1.07578
end
gesture a09 hands 2
1.0486 0.635072 1.30184 0.938553 0.948328 1.07203
1.10699 0.67647 1.08526 0.961822 0.956153 1.05352
0.975927 0.733013 0.974169 0.938843 0.945492 1.05062
0.717507 1.30189 0.873439 0.962845 0.945894 1.10806
0.777054 1.53035 0.931552 0.962829 0.937491 1.10286
0.997218 1.58875 1.00114 0.967768 0.94484 1.05387
1.10915 1.48629 1.00196 0.962798 0.946593 1.05518
1.13943 1.26768 0.886928 0.955636 1.00403 1.03945
0.990969 1.16405 0.836413 0.963357 0.965734 1.04403
0.809222 1.25385 0.906121 0.952021 0.954479 1.06207
0.951933 0.771181 0.971805 0.941245 0.953845 1.08536
1.0053 0.638289 1.24691 0.949683 0.953786 1.03582
1.05108 0.618895 1.31038 0.940817 0.956478 1.05768
end
gesture a10 hands 2
0.861782 0.813698 1.09657 1.04103 0.832419 1.08272
0.994097 0.850191 1.15364 0.78227 0.925146 1.28907
1.28415 1.0432 1.32194 0.717751 0.962793 1.29561
1.35967 1.09412 1.11296 0.622366 1.07314 1.26232
1.29659 1.10282 0.89616 0.646684 1.09957 0.980015
1.01151 1.16106 0.65698 0.844147 1.15043 0.717695
0.617716 1.27808 0.642272 1.18979 1.21743 0.626531
0.776165 1.19332 0.691361 1.25973 1.20403 0.663447
0.945612 1.06091 0.713571 1.12652 1.14307 0.680024
1.11367 0.917675 0.989056 0.925314 0.977342 0.856278
0.889695 0.839877 1.32752 0.878324 0.918352 0.971953
0.919873 0.851376 1.32183 1.01347 0.869399 1.3055
0.916541 0.825755 1.1153 1.08789 0.844352 1.122
end
gesture a10 hands 2
0.860493 0.791995 1.16799 1.11638 0.807901 1.12583
1.1775 0.888865 1.3921 0.906185 0.872311 1.36473
1.23103 0.942026 1.40036 0.754184 0.977508 1.38838
1.36246 1.06992 1.24994 0.65555 1.04734 1.29307
1.32487 1.14776 0.965761 0.600132 1.12581 1.04156
1.16331 1.17779 0.754967 0.683667 1.15718 0.842689
0.600132 1.18719 0.659985 0.934496 1.17644 0.663196
0.552482 1.225 0.664614 1.18183 1.1765 0.631331
0.673503 1.1246 0.676429 0.892411 1.0483 0.763521
1.04949 0.930525 0.90832 0.806419 0.936175 0.932719
1.06226 0.841529 1.16331 0.871034 0.83209 1.21136
0.949057 0.798458 1.29431 1.0014 0.814673 1.30495
0.878755 0.795878 1.28074 1.0437 0.818099 1.24585
end
gesture a10 hands 2
0.937268 0.830473 1.2719 1.00254 0.844579 1.25725
0.918142 0.854212 1.09225 1.01604 0.87203 1.0158
1.09196 0.841451 1.34424 1.07854 0.85256 1.0604
1.29137 0.960036 1.38454 0.944287 0.863514 1.28174
1.35761 1.01183 1.321 0.664385 0.995437 1.36178
1.39883 1.1535 1.00136 0.56401 1.08033 1.22786
1.09921 1.21107 0.700039 0.589443 1.15494 0.952971
1.0065 1.22805 0.682244 0.749743 1.17057 0.773381
0.745665 1.22668 0.667767 1.0825 1.22778 0.713284
0.661585 1.22705 0.691545 1.13114 1.13529 0.758134
1.03708 0.886177 0.992679 0.957627 0.976815 0.872052
0.985851 0.831494 1.24387 0.910311 0.877282 1.1121
0.950466 0.84702 1.27865 1.01116 0.876707 1.3764
end
gesture a10 hands 2
0.936076 0.746938 1.2997 1.04476 0.734516 1.27014
1.24307 0.833867 1.32011 0.824596 0.756284 1.23814
1.31187 0.925238 1.11951 0.735623 0.818668 1.19343
1.1275 1.12211 0.772849 0.685583 0.954434 1.0461
0.802002 1.2497 0.771606 0.821661 1.11968 0.777914
0.709039 1.31909 0.719532 1.08004 1.28466 0.644831
0.692316 1.31923 0.555929 1.10306 1.2873 0.801199
0.730495 1.30644 0.563276 1.09286 1.32774 0.754655
1.13575 1.05376 0.724916 0.850039 1.119 0.835438
1.16568 0.830108 1.25521 0.765033 0.88408 1.13561
1.05924 0.789228 1.35532 0.898696 0.812281 1.34471
0.895186 0.759843 1.2923 1.01673 0.776929 1.25199
0.897 0.762197 1.30423 1.02306 0.774889 1.25908
end
gesture a10 hands 2
0.969917 0.703114 1.27703 1.04486 0.667321 1.29613
1.38445 0.814467 1.29785 0.690245 0.765521 1.25357
1.41668 0.949224 1.02213 0.617797 0.868793 1.10348
1.0628 1.14077 0.719484 0.765448 1.02254 0.855733
0.835665 1.26458 0.735525 0.970503 1.13456 0.739716
0.754114 1.31515 0.577198 1.13304 1.16173 0.794311
0.722009 1.33449 0.578712 1.11467 1.24311 0.833799
0.627253 1.1863 0.826157 0.954541 1.3131 0.857051
0.693512 1.07089 0.805832 0.946809 1.32838 0.811937
0.525009 1.0263 1.22368 0.957061 1.29757 0.895646
0.620608 1.10981 1.22033 0.938112 0.724736 1.17798
0.932689 0.798627 1.22683 1.03826 0.700106 1.26448
0.99883 0.727897 1.29283 1.04325 0.722024 1.26245
end
gesture a10 hands 2
0.909507 0.864079 1.16177 1.03723 0.876598 1.12652
0.904235 0.861072 1.16919 1.03416 0.845759 1.13814
1.1488 0.882315 1.25449 0.826765 0.859574 1.22938
1.42769 1.0962 1.23844 0.561076 1.05463 1.25662
1.39954 1.17007 0.889813 0.576226 1.13537 0.909557
0.815445 1.32098 0.600627 0.821749 1.19673 0.678266
0.720007 1.36283 0.537559 1.08397 1.30199 0.590925
1.0358 1.19748 0.65644 1.11107 1.41931 0.707191
1.0993 0.952776 0.906474 0.939006 1.25307 0.735584
1.10565 0.89475 1.06159 0.980702 1.20929 0.689866
0.933231 0.84712 1.17325 0.936648 1.10309 0.736339
0.982446 0.844228 1.22208 0.911727 0.888449 1.07653
0.891443 0.836436 1.16563 1.05425 0.841532 1.1538
end
gesture a10 hands 2
0.96585 0.638138 1.33245 1.02653 0.667203 1.30684
1.14883 0.702146 1.1036 0.870606 0.717827 1.14372
1.29838 0.957947 0.926376 0.72394 0.982885 0.964963
1.29885 1.13637 0.817232 0.711715 1.15677 0.850325
1.1789 1.30901 0.742571 0.951062 1.4501 0.708591
0.989205 1.3751 0.751254 1.03435 1.4234 0.711077
0.691998 1.39329 0.811061 1.11435 1.12612 0.903269
0.667708 1.35855 0.804936 1.103 1.2635 0.808941
0.925568 1.33257 0.742366 1.0704 1.38832 0.757405
1.18605 1.0541 0.799951 0.775347 1.20937 0.835558
1.2122 0.740569 1.08735 0.729354 0.974217 1.00055
1.09527 0.615506 1.31194 0.938033 0.650164 1.28117
0.971166 0.637378 1.3609 1.01303 0.647552 1.35379
end
gesture a10 hands 2
0.971144 0.601498 1.41896 1.05816 0.594877 1.38489
1.28242 0.650114 1.24076 0.778511 0.652777 1.29408
1.40769 0.867598 1.0117 0.59992 0.894732 1.10127
1.20097 1.28529 0.725863 0.594416 1.11569 0.954801
0.748869 1.37723 0.75489 0.744292 1.32164 0.808176
0.663794 1.32425 0.795755 0.919186 1.36506 0.758423
0.743919 1.32993 0.781024 1.17843 1.32013 0.734171
1.01893 1.17746 0.893255 0.915341 1.27889 0.742133
1.08231 1.11513 0.794173 0.755105 1.06719 0.883034
1.18736 0.864424 0.923695 0.758569 0.735935 1.14316
1.15462 0.600412 1.19463 0.976349 0.550511 1.37512
1.03942 0.552545 1.3608 1.06835 0.555576 1.39241
0.96237 0.582864 1.4172 1.03172 0.5837 1.38518
end
gesture a10 hands 2
0.967145 0.655721 1.37294 0.997239 0.64346 1.37182
1.22458 0.676394 1.24012 0.81772 0.671817 1.3008
1.39395 0.845812 1.03412 0.604963 0.840505 1.15506
1.40075 1.03923 0.855177 0.578401 1.03485 0.972667
1.23777 1.25676 0.698341 0.678301 1.24537 0.787778
1.08551 1.35221 0.672811 0.951113 1.37645 0.63853
0.659937 1.41431 0.710363 1.16678 1.37426 0.732034
0.706343 1.33148 0.832173 1.10238 1.3964 0.635827
0.872105 1.25564 0.735933 1.16556 1.36218 0.676408
1.04241 1.04652 0.810402 0.931299 1.05094 0.892538
1.06365 0.658756 1.22339 0.971433 0.659735 1.22273
0.965253 0.657846 1.37824 0.989543 0.663942 1.38417
0.976498 0.669819 1.37688 1.02654 0.677635 1.35472
end
gesture a10 hands 2
0.868234 0.852146 1.18174 1.04259 0.86411 1.17658
1.2154 0.92505 1.13806 0.923792 0.865679 1.18595
1.35717 1.02972 1.13405 0.617922 1.00085 1.13077
1.36202 1.08395 1.01991 0.675731 1.05221 0.917082
1.16244 1.07585 0.819678 0.782511 1.07811 0.808216
0.692027 1.19657 0.744071 0.995961 1.10606 0.724346
0.696762 1.2138 0.725173 1.2084 1.20105 0.682302
0.952969 1.11475 0.743627 1.08143 1.20633 0.68206
1.10783 0.989707 0.912268 0.953861 1.0865 0.76024
1.10354 0.890271 1.08648 0.803811 0.955831 0.987651
1.04892 0.855975 1.19482 0.834385 0.887222 1.14334
0.915598 0.825617 1.26606 0.968635 0.838312 1.26754
0.922501 0.837674 1.23817 1.0182 0.853008 1.22555
end
gesture a10 hands 2
0.928768 0.841048 1.25544 1.00846 0.867369 1.21099
1.18343 0.894805 1.17493 0.900069 0.855638 1.22715
1.29109 0.991903 1.08083 0.707813 0.920628 1.14681
1.26281 1.04208 0.955558 0.678604 1.00811 0.954098
1.04161 1.06676 0.794536 0.873222 1.06323 0.772684
0.864662 1.14896 0.718682 1.06755 1.13134 0.7016
0.702575 1.1613 0.744756 1.05708 1.1343 0.716528
0.675434 1.16697 0.73983 1.18775 1.16 0.713448
0.86758 1.11579 0.76057 1.14203 1.17715 0.706484
0.988802 1.04806 0.840477 1.03429 1.09989 0.751674
1.06633 0.929511 1.03074 0.849117 0.89707 1.09717
0.896093 0.831036 1.26704 0.971773 0.844539 1.30726
0.89544 0.846947 1.25815 1.02504 0.869567 1.26559
end
gesture a10 hands 2
0.945471 0.836502 1.3118 0.972552 0.862126 1.26798
1.14059 0.850306 1.2319 0.92712 0.83349 1.29682
1.26537 0.95357 1.10101 0.81768 0.849635 1.24399
1.23379 1.02616 0.940841 0.724261 0.924906 1.05432
1.01314 1.08856 0.818742 0.754839 1.00555 0.902655
0.777781 1.15108 0.821874 1.09612 1.13626 0.76656
0.71612 1.16428 0.81218 1.1872 1.15133 0.770077
0.779545 1.09383 0.798739 1.17719 1.13592 0.76189
0.966476 1.02139 0.838333 0.970409 1.06077 0.811375
1.09084 0.923184 1.02998 0.825252 0.95357 0.96256
0.934934 0.803496 1.24638 0.824021 0.8592 1.21428
0.955536 0.825298 1.28956 0.989648 0.832286 1.30797
0.93014 0.831117 1.25378 0.975533 0.863703 1.24657
end
gesture a10 hands 2
1.03254 0.867196 1.09698 0.901158 0.88454 1.12735
1.00115 0.879213 1.06952 0.894338 0.891872 1.15482
0.978384 1.0709 0.889304 0.896698 0.892499 1.10827
0.861364 1.11728 0.861088 0.936574 0.964984 0.952564
0.778674 1.11771 0.932304 1.05779 1.07691 0.882887
0.74311 1.13115 0.887634 1.17966 1.22156 0.860842
0.781906 1.16906 0.878338 1.0749 1.12848 0.852156
0.788988 1.13746 0.937584 0.961933 1.01466 0.940162
0.914718 1.0941 0.899474 0.930182 0.902686 1.10717
1.02274 0.987106 1.00107 0.911049 0.883145 1.13101
1.05075 0.873637 1.17244 0.92435 0.889095 1.20091
1.01649 0.854972 1.21594 0.931497 0.888276 1.12838
1.01253 0.852193 1.16632 0.890465 0.900449 1.11021
end
gesture a10 hands 2
1.01981 0.839065 1.16807 0.879329 0.861428 1.13115
1.0148 0.854048 1.14174 0.863435 0.877482 1.14345
1.03605 0.897189 1.04709 0.875114 0.889539 1.07461
0.994659 1.0254 0.900144 0.98367 1.01524 0.866443
0.951448 1.10767 0.838854 1.05822 1.07241 0.816094
0.738244 1.15124 0.863791 1.13231 1.14428 0.811831
0.732942 1.18093 0.858263 1.11458 1.14503 0.815505
0.734128 1.10958 0.868908 1.12563 1.17999 0.815025
0.820435 1.08469 0.88288 1.06721 1.04856 0.907886
0.893624 0.99313 0.94225 0.972581 0.963438 0.985558
1.00232 0.873743 1.08416 0.914325 0.874926 1.1672
1.06797 0.821422 1.2869 0.822052 0.844872 1.2935
1.05128 0.825019 1.28161 0.841976 0.853949 1.28535
end
gesture a10 hands 2
1.03515 0.818524 1.18762 0.841019 0.856912 1.25429
1.06255 0.819746 1.19016 0.844693 0.833906 1.17378
1.0372 0.810484 1.1819 0.893032 0.933571 0.962219
1.03947 0.94298 0.967567 0.922144 0.976099 0.904587
0.949955 1.08221 0.858387 1.04305 1.08768 0.853203
0.819926 1.13076 0.878289 1.10137 1.15166 0.845588
0.729696 1.12388 0.914683 1.10968 1.10813 0.912772
0.735033 1.08204 0.945135 1.07391 1.05558 0.898346
0.794913 1.05953 0.917997 0.965827 0.921415 1.01518
1.00339 0.860486 1.0741 0.902543 0.862129 1.11491
1.08167 0.817598 1.28502 0.829863 0.833399 1.27448
1.07111 0.808121 1.30018 0.837869 0.841558 1.29237
1.04914 0.801511 1.24793 0.865968 0.816926 1.22035
end
gesture a10 hands 2
0.845416 0.776143 1.21542 1.15427 0.730187 1.25854
1.22259 0.938813 1.14293 1.14439 0.731811 1.25722
0.870194 1.15298 0.708191 0.86326 0.801312 1.23225
0.677409 1.23896 0.7363 0.830611 1.09164 0.861434
0.845548 1.13763 0.716545 1.27351 1.13178 0.77538
1.27928 1.05965 1.17755 0.832968 1.10988 0.889868
1.28698 1.06277 1.2894 0.60993 1.12833 1.13668
1.19203 1.02292 0.957347 0.6593 1.12206 1.01911
0.690639 1.19463 0.691805 1.2795 1.15888 0.782597
1.17003 1.07761 0.940474 0.900398 1.13592 0.829567
1.19445 0.945687 1.1887 0.686051 1.06221 1.09715
0.924905 0.789877 1.19772 0.846618 0.819745 1.24555
0.832233 0.791104 1.1945 1.10448 0.743271 1.24142
end
gesture a10 hands 2
0.922836 0.759243 1.24127 1.03083 0.765308 1.18618
1.21529 0.870761 1.168 0.997342 0.745703 1.27104
1.09631 1.17798 0.718127 0.713631 0.88753 1.17276
1.00908 1.21989 0.695349 0.801665 1.18631 0.799834
0.651533 1.28622 0.635309 1.10079 1.21759 0.675313
0.699545 1.23635 0.673165 1.18499 1.1702 0.709805
1.23273 1.15145 0.893175 0.714623 1.19772 0.923527
0.889545 1.20224 0.681936 1.25596 1.21327 0.824703
0.744588 1.20925 0.700634 0.852473 1.14556 0.870032
1.24958 1.02047 1.07925 0.744857 0.920904 1.1779
1.13967 0.839595 1.32654 1.05826 0.744417 1.35094
0.903335 0.776895 1.27605 0.968981 0.790244 1.20558
0.93201 0.756719 1.27231 1.09247 0.742816 1.26331
end
gesture a10 hands 2
0.858417 0.65997 1.36234 1.15337 0.636074 1.34104
1.21282 0.785364 1.30539 0.677685 0.947786 1.15574
1.21941 0.931125 1.06227 0.713361 1.03576 1.038
0.650993 1.18445 0.76033 1.05642 1.13438 0.778283
0.610285 1.11349 0.791145 0.848794 1.09582 0.928081
1.15372 1.08273 0.95499 1.30323 1.05609 0.841354
0.700119 1.14701 0.844249 0.681554 1.06287 1.13689
0.687779 1.12779 0.791967 0.991067 1.07634 0.88191
1.27075 0.991711 1.16744 1.33616 1.09441 0.830699
0.748528 1.14297 0.824382 0.806775 1.03493 1.01244
0.77735 1.09261 0.79587 0.707108 0.993616 1.16183
1.24558 0.879015 1.37236 0.807026 0.771297 1.43789
0.980968 0.686131 1.41993 1.03044 0.632549 1.43283
end
gesture a10 hands 2
0.810277 0.611215 1.29357 1.16238 0.622503 1.25278
0.836057 0.635168 1.32948 0.855772 0.710674 1.32684
1.10052 0.701289 1.37455 0.615786 0.963986 1.21204
1.29184 0.879923 1.44112 0.588001 1.10003 1.07141
1.36736 1.0248 1.30329 0.741113 1.23093 0.831922
1.28279 1.18176 0.911559 1.11579 1.25807 0.680097
1.13392 1.24492 0.775335 1.28217 1.26092 0.728089
0.526095 1.26342 0.681325 1.23288 1.25248 0.747942
0.54036 1.29598 0.705232 1.05917 1.32653 0.739762
0.83654 1.27248 0.681929 0.73655 1.08306 0.954021
1.14649 1.03188 0.89734 0.751078 0.84905 1.17108
1.15173 0.848982 1.09236 0.870081 0.716721 1.30568
0.972715 0.659609 1.2967 0.974105 0.659539 1.34464
end
gesture a10 hands 2
0.874811 0.668704 1.32251 1.0739 0.654695 1.29871
0.855503 0.665301 1.21374 1.13736 0.673769 1.20953
1.20141 0.779104 1.28027 0.803783 0.764792 1.28351
1.33841 0.947947 1.27393 0.56011 1.21234 1.13807
1.38703 1.16243 1.16707 0.604751 1.33569 0.988639
1.26677 1.31299 0.84997 1.2093 1.4009 0.613817
1.12441 1.36204 0.748607 1.34874 1.30154 0.738078
0.574455 1.34635 0.652325 1.13497 1.32767 0.658363
0.541936 1.32902 0.648077 1.01369 1.32202 0.67372
0.97339 1.33448 0.691729 0.702862 1.25473 0.862234
1.18026 1.23506 0.817759 0.649576 1.06409 1.04361
1.19817 0.909012 1.06095 0.896017 0.734052 1.23299
0.877423 0.675681 1.26006 1.04097 0.661073 1.2532
end
gesture a10 hands 2
0.855587 0.686125 1.27585 1.1202 0.691199 1.20785
1.01582 0.7377 1.23083 1.07838 0.696527 1.21675
1.2837 0.932007 1.23743 0.653468 0.953626 1.26143
1.38889 1.14741 1.11893 0.585627 1.29899 0.964032
1.23074 1.37907 0.793873 0.791433 1.40564 0.737077
1.06619 1.40736 0.710031 1.19566 1.39803 0.615137
0.527696 1.39304 0.654823 1.27703 1.29669 0.722891
0.572919 1.37584 0.652199 1.09296 1.36639 0.613342
0.909755 1.33057 0.652808 0.785895 1.32011 0.778356
1.08558 1.26509 0.732973 0.671354 1.22443 0.891733
1.26132 1.09012 0.907556 0.671548 1.04231 1.03579
1.08147 0.779219 1.13491 0.915083 0.773337 1.19534
0.869849 0.692897 1.25807 1.11687 0.711126 1.20641
end
gesture a10 hands 2
0.884437 0.709597 1.26866 1.06563 0.718812 1.20293
0.920978 0.73709 1.33357 0.925806 0.77435 1.09862
0.886082 0.731051 1.21191 0.64871 0.922127 1.13926
1.07615 0.759897 1.17155 0.596135 1.01619 1.18697
1.4751 1.09463 1.10477 0.444492 1.29031 1.1567
1.5541 1.24853 1.10485 0.593897 1.40571 0.816663
1.39293 1.41849 0.692805 1.05593 1.44251 0.602783
0.625731 1.47325 0.573962 1.25882 1.31836 0.65712
0.668977 1.32272 0.650678 1.24047 1.12839 0.664129
0.771957 0.943472 0.790104 1.12308 0.800234 0.928216
0.822247 0.768477 0.963878 1.04206 0.677592 1.27916
0.897257 0.72061 1.3071 1.04794 0.709309 1.30358
0.887153 0.734739 1.18711 1.08312 0.740634 1.14429
end
gesture a10 hands 2
0.877798 0.676934 1.25614 1.08503 0.69657 1.15142
1.15583 0.738172 1.16584 1.08128 0.69392 1.14951
1.41937 0.963156 1.16171 1.00989 0.665405 1.22049
1.51417 1.09607 1.16649 0.79444 0.712362 1.19271
1.48595 1.3552 0.856751 0.506806 1.093 1.23509
1.37476 1.43937 0.738906 0.467604 1.28442 1.06088
0.928616 1.54684 0.652425 0.781878 1.51838 0.703419
0.630496 1.49744 0.662343 1.08676 1.52836 0.659563
0.615183 1.43429 0.647984 1.24384 1.42021 0.687368
0.706727 0.997543 0.804909 1.18776 1.04988 0.784964
0.781086 0.762345 0.979464 1.08475 0.676212 1.11687
0.895682 0.669894 1.34709 1.08255 0.632766 1.29048
0.862569 0.686973 1.24429 1.06326 0.663582 1.27491
end
gesture a10 hands 2
0.855381 0.628389 1.26092 1.03624 0.61988 1.22749
1.24341 0.728642 1.29886 0.861115 0.692898 1.2275
1.4652 0.966623 1.2505 0.541469 0.972977 1.2537
1.56527 1.16945 1.0923 0.463358 1.13971 1.14697
1.45842 1.4067 0.871852 0.512096 1.37821 0.95458
0.960696 1.53375 0.650717 0.774879 1.49889 0.748241
0.605681 1.43234 0.679625 1.12127 1.48598 0.696358
0.644751 1.27105 0.692536 1.24207 1.39068 0.700643
0.749493 0.889887 0.81239 1.21329 1.30351 0.691077
0.803515 0.712289 0.911486 1.12732 0.946795 0.787563
0.869662 0.621426 1.22997 1.08709 0.655724 1.07582
0.885774 0.612779 1.37994 1.06783 0.608981 1.40202
0.885855 0.643831 1.36506 1.07826 0.604082 1.33952
end
gesture a10 hands 2
0.855494 0.761552 1.25588 1.09971 0.753075 1.2169
0.90628 0.777154 1.26824 0.864853 0.824975 1.28079
1.11421 0.871578 1.28324 0.669788 0.993926 1.21207
1.28538 1.02823 1.1901 0.664074 1.1417 0.974014
1.28088 1.11975 0.979521 0.919532 1.22366 0.700487
1.13335 1.15808 0.777485 1.24781 1.22298 0.620823
0.825822 1.19147 0.645381 1.30431 1.24 0.672953
0.604246 1.17322 0.654852 1.16603 1.14675 0.657099
0.950206 1.12768 0.691022 0.784064 1.10882 0.870985
1.213 1.00377 1.07238 0.715202 1.01047 1.10777
1.21115 0.956569 1.19295 0.767328 0.908285 1.27059
0.850776 0.776642 1.23161 1.08044 0.75948 1.26316
0.843548 0.788384 1.25819 1.09715 0.784002 1.25282
end
gesture a10 hands 2
0.820924 0.727715 1.29117 1.11481 0.736402 1.24866
1.18044 0.884942 1.30391 0.803315 0.852049 1.29974
1.24372 0.961964 1.24863 0.657579 1.02078 1.16843
1.27719 1.06547 1.05678 0.666826 1.08356 1.04328
1.15728 1.14965 0.829951 0.777118 1.1793 0.808416
0.82351 1.23739 0.656315 1.12112 1.2981 0.61843
0.591321 1.26276 0.679556 1.13579 1.29533 0.660329
0.655439 1.26496 0.622014 1.04624 1.22932 0.661861
0.842592 1.18924 0.644738 0.809952 1.1653 0.812016
1.17913 1.1063 0.902473 0.702198 1.00677 1.08811
1.1886 0.920988 1.13184 0.86335 0.805804 1.26908
0.898067 0.717723 1.28501 1.04847 0.712351 1.30711
0.83519 0.743244 1.27916 1.12399 0.742455 1.24976
end
gesture a10 hands 2
0.833133 0.754146 1.28061 1.08714 0.755906 1.25756
0.933369 0.750304 1.30618 0.998309 0.738615 1.2596
1.17852 0.869461 1.29603 0.758549 0.851846 1.30087
1.26653 1.13029 0.938576 0.650748 0.977139 1.22317
1.07288 1.25416 0.738915 0.666954 1.15823 0.930339
0.913959 1.29734 0.661057 1.0249 1.32787 0.661532
0.699278 1.28098 0.759676 1.29742 1.31536 0.632645
0.627238 1.31149 0.705245 1.33888 1.30899 0.670626
0.920093 1.19598 0.67627 0.979332 1.19306 0.707434
1.12429 1.1448 0.831755 0.771225 1.12261 0.871471
1.2059 1.06709 0.951932 0.729622 0.911372 1.16505
1.09342 0.80527 1.20274 0.98226 0.724908 1.2755
0.825775 0.722847 1.23421 1.06261 0.727303 1.26058
end
gesture a10 hands 2
0.929228 0.823731 1.22043 0.993907 0.821212 1.21116
1.0813 0.815586 1.21467 0.869689 0.815901 1.19765
1.2621 0.944607 1.06406 0.672713 0.948058 1.03706
1.21886 1.07505 0.876971 0.703832 1.08384 0.873576
0.945609 1.23635 0.737335 0.940351 1.2158 0.737372
0.71025 1.25575 0.776734 1.1197 1.22919 0.779869
0.692517 1.28169 0.750831 1.17865 1.21739 0.756861
0.810083 1.23164 0.754356 0.960415 1.22326 0.785984
1.00975 1.12329 0.80439 0.886303 1.16671 0.828449
1.11484 0.977695 0.935496 0.812688 0.997596 0.949114
1.06409 0.825658 1.14322 0.904444 0.823991 1.18373
0.938235 0.791975 1.24567 1.00663 0.798356 1.28028
0.940067 0.800753 1.2468 0.995109 0.810718 1.27207
end
gesture a10 hands 2
0.907388 0.73149 1.3022 0.99897 0.733745 1.30121
1.115 0.754421 1.31418 0.816144 0.758593 1.28444
1.25936 0.911844 1.14085 0.712979 0.815209 1.27991
1.12414 1.06032 0.913891 0.63796 0.926547 1.10887
0.749527 1.16348 0.84233 0.754173 1.07729 0.887139
0.639524 1.23574 0.831023 0.884587 1.15056 0.828613
0.666179 1.22271 0.824847 1.16907 1.17064 0.807242
0.792538 1.13327 0.835073 1.12838 1.16326 0.850721
0.844186 1.14688 0.875719 0.933954 1.11829 0.855702
1.00169 0.993498 0.926885 0.795182 0.905546 1.0637
1.05821 0.79442 1.17791 0.84333 0.781722 1.20318
0.905417 0.724958 1.377 1.01749 0.732865 1.36523
0.900774 0.728734 1.362 1.01009 0.740689 1.39528
end
gesture a10 hands 2
0.925948 0.787584 1.26313 0.987867 0.800115 1.28558
0.989713 0.771375 1.29273 0.965654 0.781274 1.28696
1.15867 0.798997 1.25306 0.779549 0.799047 1.29681
1.24226 0.900521 1.10262 0.646237 0.995583 0.982741
1.19617 0.982672 0.959209 0.907143 1.18318 0.759317
1.05731 1.09254 0.81339 1.08989 1.18173 0.777561
0.83644 1.21938 0.847889 1.1526 1.26348 0.77705
0.651961 1.25175 0.832146 1.10957 1.18892 0.779899
0.663856 1.26447 0.776714 1.10737 1.20247 0.790492
0.922452 1.05193 0.838822 0.919836 1.09982 0.829334
1.03966 0.887165 1.01231 0.850845 0.870794 1.05194
0.98784 0.773761 1.27886 0.99117 0.776855 1.2965
0.974688 0.791591 1.34633 0.980796 0.785103 1.30899
end
gesture a11 hands 2
0.814918 0.469136 1.07673 1.05458 0.48863 1.03506
0.861259 0.484388 1.00756 0.581288 0.744628 1.15667
1.08552 0.54362 1.07182 0.489094 1.11949 1.12347
1.4191 1.13897 1.09011 0.547158 1.36453 1.0814
1.33945 1.38034 1.07274 0.889658 1.63384 0.999222
1.0589 1.62999 1.0009 1.21356 1.63515 0.995706
0.655342 1.64701 0.970794 1.27889 1.60443 0.968845
0.713897 1.6239 0.973664 0.781875 1.44479 0.914124
1.17664 1.52938 1.012 0.688997 1.30938 0.940544
1.41964 0.959875 1.11232 0.602846 0.960974 1.03578
1.18617 0.579813 1.16027 0.672539 0.752066 1.09344
0.930342 0.470692 1.14215 1.05265 0.479089 1.19836
0.913619 0.471857 1.06537 1.06483 0.518881 1.02485
end
gesture a11 hands 2
0.905139 0.43813 1.03109 1.088 0.454115 1.08318
1.10704 0.512246 1.063 0.533525 0.839409 1.02677
1.38192 0.85149 1.09938 0.529934 1.21483 1.01596
1.40845 1.21696 1.09746 0.911533 1.59554 1.01323
1.01775 1.60767 0.996619 1.24508 1.62322 1.01033
0.675237 1.60088 0.961946 1.24326 1.60222 1.01508
0.738409 1.59864 0.943655 0.896821 1.5226 0.901401
1.09531 1.54202 1.0185 0.65468 1.2695 0.900283
1.32922 1.30811 1.07507 0.565092 0.9063 0.988816
1.29785 0.714484 1.1669 0.815993 0.511752 1.1479
0.856551 0.461049 1.11997 1.03267 0.444921 1.17391
1.02175 0.483412 1.02407 0.953834 0.47267 1.0409
0.894011 0.439215 1.05714 1.09126 0.446862 1.05882
end
gesture a11 hands 2
0.814897 0.430483 1.06972 1.11837 0.445624 1.08671
1.29257 0.768682 1.09796 0.599584 0.691521 1.10632
1.28709 1.31233 1.07619 0.495726 0.936366 1.10174
1.03443 1.53744 0.955934 0.671427 1.44902 0.961012
0.622904 1.55978 0.950858 1.30327 1.59689 0.992727
0.808854 1.60399 0.984515 1.31123 1.58453 0.990488
1.17624 1.45014 1.04779 0.934195 1.51917 0.914274
1.31141 1.28995 1.11087 0.816318 1.44199 0.905919
1.37765 0.950257 1.16078 0.573079 1.10396 0.990081
0.97472 0.459721 1.14219 0.951336 0.469571 1.18986
0.816249 0.436652 1.07386 1.12925 0.455513 1.12438
1.00748 0.467375 0.985788 1.03581 0.460253 1.12692
0.870359 0.438398 0.999678 1.13854 0.460931 1.10142
end
gesture a11 hands 2
0.797112 0.510179 1.12785 1.1693 0.498319 1.07989
0.944067 0.545491 1.12834 0.700178 0.693357 1.27567
1.33221 0.767981 1.20005 0.484418 1.11297 1.19543
1.48695 1.20682 1.10954 0.572902 1.44297 1.00622
1.1756 1.6561 0.887856 1.02879 1.78094 0.884052
0.604104 1.8618 0.924908 1.25676 1.81854 0.916345
0.800657 1.49202 1.0006 1.3093 1.71638 0.940905
0.983783 1.74642 0.886414 1.06537 1.63837 0.949627
1.37709 1.36205 0.908474 0.946093 1.68849 0.93197
1.40006 1.07934 0.933161 0.598224 1.28817 0.925863
0.976037 0.581841 1.08905 0.717341 0.726435 1.08157
0.771591 0.547506 1.06939 1.14727 0.513073 1.07629
0.886862 0.534598 1.06913 1.03598 0.490146 1.05912
end
gesture a11 hands 2
0.86586 0.516347 1.07677 1.07605 0.532349 1.06426
0.7477 0.539791 1.08489 1.03463 0.522389 1.06845
1.27783 0.683507 1.14735 0.641558 0.779396 1.16191
1.47272 1.11378 1.11755 0.550354 1.41616 1.0352
1.39661 1.43229 1.01194 0.854009 1.74448 0.889996
1.07629 1.7133 0.917779 1.17461 1.65778 0.942156
0.601473 1.74655 0.929088 1.10803 1.74976 0.895203
1.01532 1.688 0.899732 0.745339 1.58569 0.88605
1.31409 1.44437 0.908618 0.56542 1.07818 0.993117
1.40831 0.93876 1.05011 0.650284 0.85131 1.04436
1.0849 0.594826 1.11566 0.972197 0.587306 1.174
0.846284 0.544758 1.11597 1.15731 0.576307 1.08728
0.767631 0.523453 1.08921 1.15787 0.527694 1.09891
end
gesture a11 hands 2
0.704551 0.537256 1.0851 1.18589 0.522816 1.07222
1.18672 0.617096 1.24793 0.730398 0.650804 1.21857
1.35751 0.870307 1.22697 0.503562 1.14862 1.11453
1.41938 1.32545 1.09947 0.540835 1.36068 1.05162
1.05604 1.70834 0.932325 0.881609 1.75482 0.918772
0.602894 1.75199 0.896987 1.24943 1.64031 0.931128
0.568636 1.71622 0.951823 1.03166 1.73014 0.90139
1.21051 1.52432 0.898415 0.670676 1.43872 0.931682
1.35306 1.33668 0.92051 0.620643 0.962923 1.08641
1.18375 0.677722 1.16055 1.01847 0.548521 1.19279
0.749108 0.47078 1.13119 1.17557 0.560303 1.07532
0.980554 0.54558 1.00477 0.984387 0.576259 1.06137
0.808124 0.514796 0.999505 1.09452 0.580062 0.992567
end
gesture a11 hands 2
0.829772 0.480323 1.19755 1.10698 0.45423 1.1065
1.01355 0.466649 1.11246 1.12563 0.448936 1.12384
1.28206 0.66475 0.962417 0.831845 0.530232 1.07157
1.36376 1.36636 0.769231 0.508277 1.03231 1.02828
1.08393 1.68508 0.807087 0.493095 1.21771 1.03176
0.595904 1.74182 0.973127 0.688852 1.60474 0.9802
0.847834 1.78375 0.898187 1.23658 1.74819 0.901668
1.29973 1.56704 0.876766 1.16652 1.77012 0.88907
1.48187 1.21187 0.904906 0.840833 1.70366 0.980376
1.44492 0.868768 1.00089 0.57119 1.20074 1.07399
1.19057 0.553952 1.11645 0.690268 0.67672 1.11763
0.820956 0.468002 1.19376 1.04441 0.4359 1.12995
0.829657 0.481855 1.19748 1.09772 0.45679 1.10921
end
gesture a11 hands 2
0.86035 0.47999 1.20333 1.09201 0.461473 1.13206
0.844498 0.469417 1.19995 1.12451 0.472052 1.1249
1.09677 0.493778 1.10688 0.913714 0.485134 1.11446
1.46009 1.0412 0.844175 0.495483 1.02837 1.01845
1.24867 1.58611 0.781071 0.683271 1.59531 0.974655
0.616691 1.72202 0.997127 1.07339 1.7903 0.919485
0.965997 1.75037 0.890598 1.19575 1.75845 0.905743
1.0699 1.69178 0.849149 0.859455 1.72438 0.939489
1.3868 1.41208 0.820927 0.718429 1.58067 0.960972
1.46628 1.19042 0.859474 0.590425 1.21663 0.964091
1.28315 0.643715 1.0031 0.708957 0.661416 1.08177
0.84031 0.451946 1.20481 0.979314 0.485038 1.08825
0.857112 0.473451 1.20412 1.1269 0.466745 1.11233
end
gesture a11 hands 2
0.819931 0.397847 1.23295 1.10309 0.404197 1.14672
1.16863 0.462291 1.11919 0.773376 0.506141 1.09433
1.40577 0.80596 0.980434 0.482412 1.08869 1.0319
1.40538 1.24314 0.831598 0.601014 1.41952 0.96204
1.16437 1.57942 0.835447 0.9723 1.74074 0.953584
0.636063 1.71318 0.943911 1.17012 1.73035 0.896663
0.566527 1.65754 1.00276 1.22459 1.64623 0.914538
0.638507 1.69211 0.936709 0.984891 1.68461 0.92557
1.14977 1.58289 0.871934 0.790881 1.62496 0.955529
1.44388 0.946226 0.953128 0.579358 1.28899 0.99645
1.23835 0.542392 1.08174 0.65935 0.714771 1.05555
0.798925 0.403179 1.1941 1.01397 0.41761 1.12993
0.818801 0.415204 1.21755 1.12843 0.374406 1.11668
end
gesture a11 hands 2
0.820106 0.444156 1.14724 1.08463 0.443445 1.14187
0.96411 0.454375 1.16247 0.93593 0.462334 1.14594
1.28411 0.653734 1.12265 0.656172 0.708009 1.02666
1.3988 1.00611 1.00655 0.674636 1.44173 0.879084
1.26859 1.44144 0.905618 1.19308 1.78732 0.953885
0.728614 1.75362 0.921033 1.30282 1.77231 0.942043
0.58824 1.73495 0.962507 1.20191 1.76133 0.950094
0.720241 1.75136 0.913649 0.734671 1.58177 0.948332
1.1838 1.595 0.927586 0.549174 0.939777 1.09758
1.4132 1.0269 1.05843 0.632926 0.770906 1.14606
1.23204 0.669377 1.1177 0.942233 0.507552 1.17683
0.833535 0.442886 1.11977 1.12872 0.466146 1.09312
0.825374 0.459756 1.10619 1.10013 0.472606 1.09523
end
gesture a11 hands 2
0.832584 0.460073 1.10408 1.08996 0.474462 1.07989
1.18478 0.567465 1.06587 0.735261 0.582444 1.05054
1.35707 0.828648 1.01979 0.563284 0.87518 0.957503
1.37351 1.30446 0.965405 0.568265 1.3105 0.915807
1.20797 1.55094 0.955935 0.736979 1.58948 0.921477
0.94333 1.71465 0.94434 1.20795 1.78482 0.990477
0.614039 1.71942 0.947151 1.28804 1.78826 0.977868
0.651462 1.72169 0.948139 1.22443 1.63818 0.974365
0.951856 1.7317 0.898591 1.01508 1.76592 0.92068
1.3783 1.35668 0.996947 0.529759 1.34069 1.01218
1.40225 0.927301 1.10188 0.576918 0.848031 1.14092
0.987657 0.49972 1.14645 1.11429 0.474063 1.12575
0.834923 0.469892 1.10879 1.09182 0.478555 1.14263
end
gesture a11 hands 2
0.819795 0.482886 1.15181 1.10935 0.49528 1.12148
1.10367 0.550374 1.13042 0.789842 0.575447 1.07932
1.34533 0.847161 1.04508 0.567333 0.888784 1.01554
1.26528 1.49434 0.965027 0.686057 1.53401 0.92769
0.95777 1.71029 0.929065 0.849947 1.68757 0.918912
0.697678 1.74803 0.89505 1.24426 1.76323 0.94098
0.690045 1.71941 0.89699 1.27312 1.75346 0.937486
1.06977 1.65108 0.867502 0.822606 1.65048 0.894536
1.32636 1.40466 0.923202 0.566368 1.36065 0.977149
1.41709 1.12252 0.990252 0.524299 1.02529 1.06864
1.28225 0.731474 1.09584 0.75674 0.629692 1.16634
0.872598 0.464105 1.13564 1.11952 0.465978 1.15199
0.833554 0.47871 1.14277 1.12455 0.484954 1.10696
end
gesture a11 hands 2
1.01381 0.526787 1.15292 0.908875 0.520962 1.16468
0.977877 0.523938 1.18744 0.937317 0.522546 1.15935
0.973538 0.529363 1.13526 0.920054 0.660733 0.952754
1.00251 0.70733 0.932524 0.914615 0.741381 0.906808
0.999994 0.701179 0.932219 0.902144 1.25239 0.878475
0.875378 1.30213 0.851056 1.05635 1.62176 1.06538
0.972803 1.63821 1.02029 1.15248 1.55296 1.04707
1.1208 1.58486 0.950861 1.18039 1.50156 1.01473
0.896474 1.6176 1.05067 0.890611 1.64034 0.972705
0.840882 1.59777 1.04507 0.848396 1.62845 0.964249
0.746223 1.50709 1.016 0.792278 1.58062 0.939244
0.754508 1.48834 0.99467 0.78966 1.56288 0.936767
0.85296 1.09484 0.906037 0.943494 1.10609 0.926929
end
gesture a11 hands 2
1.01714 0.375533 1.25811 0.935882 0.374996 1.24218
0.99311 0.389559 1.19888 0.944289 0.383987 1.20336
0.941546 0.621251 1.00377 0.866478 0.529923 1.03677
0.922497 0.713744 0.969775 0.831364 0.612211 1.0072
0.81233 1.27134 1.01937 0.731715 1.21518 0.998402
0.851873 1.36721 1.04893 0.770126 1.38145 1.05042
1.17386 1.39242 0.995904 1.15278 1.37309 1.11003
1.16535 1.37656 0.972661 1.1304 1.39556 1.09974
0.818572 1.39916 1.11109 0.822035 1.44431 1.00205
0.786352 1.36237 1.10427 0.815139 1.43182 0.993658
0.82561 1.27278 1.04579 0.883145 1.34275 1.01051
0.936204 0.548037 1.03923 0.958432 0.522561 1.07035
0.953695 0.479757 1.08478 0.953325 0.470954 1.1182
end
gesture a11 hands 2
0.959988 0.571969 1.14156 0.959272 0.562904 1.13325
0.939227 0.584768 1.14765 0.958113 0.570529 1.13282
0.759872 1.22697 0.944643 0.70497 0.958794 0.941535
0.896297 1.52918 0.986925 0.803518 1.45586 0.957276
1.05617 1.5295 0.962038 0.990954 1.55612 1.02492
1.21144 1.46415 0.885207 1.14369 1.54697 1.01836
0.917134 1.593 1.03285 0.833442 1.61118 0.93252
0.850087 1.56868 1.04252 0.792962 1.52622 0.895606
0.802082 1.46889 0.99273 0.951876 0.922125 0.915752
0.855136 0.877642 0.931341 0.962177 0.716079 0.998532
0.961619 0.603911 1.12143 0.925153 0.553367 1.25633
0.973685 0.559369 1.20085 0.926787 0.554978 1.23247
0.952203 0.561397 1.15241 0.953528 0.559879 1.14653
end
gesture a11 hands 2
0.827241 0.31332 1.16567 1.13207 0.339161 1.06175
0.996295 0.390889 1.00363 0.828707 0.685247 0.818378
1.05631 0.942289 0.714638 0.890467 1.10845 0.764283
0.694198 1.49199 0.960077 1.09376 1.38362 0.854059
1.02521 1.51494 1.06144 1.17407 1.49375 0.970817
1.13435 1.44497 1.06257 0.813816 1.40044 1.11291
0.714562 1.47126 0.9666 0.781915 1.3594 1.12551
0.7275 1.44652 0.959471 1.26538 1.46018 0.91331
1.2483 1.32711 1.13505 0.905026 1.45332 1.03091
1.33259 1.18636 1.07471 0.734154 1.33515 1.16913
1.35281 0.804359 1.05994 0.579424 1.03598 1.15492
1.1319 0.450386 1.1706 0.81031 0.448574 1.18567
1.00506 0.374023 1.19583 0.959476 0.363373 1.21894
end
gesture a11 hands 2
0.896031 0.288648 1.22174 1.01544 0.342966 1.04607
1.01402 0.67562 0.715186 0.952136 0.475496 0.863934
1.00099 0.687133 0.72806 1.03837 1.1358 0.757349
0.671281 1.4236 0.960217 1.20677 1.4248 0.954201
1.17903 1.38078 1.02439 0.797968 1.36358 1.1166
0.717216 1.42346 0.974261 1.1649 1.41436 0.913822
1.19913 1.35958 1.0213 1.20427 1.4193 0.938544
0.68189 1.41744 0.95736 0.813868 1.36753 1.10281
1.25638 1.31077 1.04502 1.22025 1.37053 0.933547
1.27412 1.28094 1.0282 0.760934 1.33472 1.10739
1.30652 0.562021 1.11628 0.584985 0.92253 1.08909
0.8797 0.287235 1.2692 1.12386 0.292445 1.17104
0.904418 0.286968 1.20639 1.07416 0.288965 1.15476
end
gesture a11 hands 2
0.863612 0.208893 1.22604 1.10865 0.19804 1.18962
0.848474 0.512214 0.745111 1.04968 0.551458 0.729002
0.727705 1.13591 0.858264 1.08926 0.695743 0.698424
1.1863 1.3144 1.0293 1.29747 1.3306 0.924631
0.690139 1.34902 0.935217 0.822042 1.31278 1.0436
1.24895 1.26764 1.0613 1.17719 1.36103 0.957889
0.649871 1.25038 0.921367 0.751767 1.24027 1.13658
0.701121 1.29506 0.990978 1.28088 1.2756 0.90177
1.2574 1.22602 1.11442 0.744691 1.24019 1.14325
0.975278 1.32755 0.955985 0.909571 1.35463 1.09459
1.15416 1.32408 1.08791 0.58381 1.0065 1.15921
1.37124 0.623268 1.13162 0.867929 0.302643 1.17649
0.889411 0.211118 1.22059 0.967638 0.259503 1.05278
end
gesture a11 hands 2
0.788248 0.58794 1.06379 1.14851 0.599009 1.06238
1.05394 0.62401 1.1245 0.72369 0.784237 1.08817
1.28315 0.882226 1.15573 0.568953 1.1739 1.04084
1.3282 0.977692 1.08031 0.782742 1.68341 0.952133
1.29365 1.50413 0.985706 1.07859 1.8433 0.855105
0.84671 1.8217 0.883566 1.2748 1.82156 0.852813
0.587533 1.81767 0.898724 1.32436 1.73429 0.871699
0.709051 1.81939 0.904534 1.26458 1.86834 0.861016
1.1268 1.65565 0.938457 0.821758 1.69319 0.939818
1.31318 1.38789 0.989465 0.614307 1.39842 0.990283
1.29861 0.932254 1.04617 0.585971 1.12138 1.0649
1.05919 0.672838 1.10286 0.719515 0.818748 1.11483
0.855015 0.574665 1.07492 1.08684 0.592298 1.12425
end
gesture a11 hands 2
0.779618 0.409803 1.11765 1.14125 0.422527 1.10385
0.847087 0.416142 1.08102 0.736561 0.612969 1.06038
1.14917 0.545416 1.09964 0.56951 0.917591 1.07993
1.34638 0.918491 1.13528 0.616468 1.28191 1.03067
1.32267 1.28673 1.03303 1.01705 1.67343 0.935725
0.895716 1.65973 0.948699 1.33611 1.66148 0.926416
0.566232 1.64538 0.92698 1.27574 1.55933 0.8984
1.21832 1.3837 1.0164 1.2641 1.71798 0.876784
1.35429 1.03362 1.04972 0.820551 1.54544 0.956195
1.27494 0.718755 1.09588 0.603826 1.27368 1.06839
1.00038 0.473504 1.10871 0.676015 0.710482 1.16775
0.803987 0.422008 1.13171 1.01318 0.432711 1.16199
0.787722 0.413144 1.08324 1.13101 0.418828 1.07432
end
gesture a11 hands 2
0.801715 0.481015 1.10506 1.1444 0.491665 1.07989
0.831401 0.48482 1.09828 0.819911 0.631536 1.052
1.10826 0.580149 1.05076 0.648589 0.863628 1.08433
1.20758 0.671785 1.05316 0.581717 1.24986 1.08652
1.36881 1.0965 1.06884 0.628767 1.41219 1.08874
1.04346 1.63922 0.945396 1.12072 1.74711 0.889735
0.684186 1.67088 0.897758 1.29966 1.58759 0.915192
0.594423 1.6451 0.923738 0.979938 1.68888 0.936833
1.25758 1.35356 0.980894 0.63093 1.35662 1.04005
1.34228 0.980599 1.03961 0.59073 0.971058 1.11214
1.21659 0.72306 1.05915 0.732329 0.706318 1.14398
0.796478 0.494413 1.13227 1.07812 0.497197 1.13603
0.800112 0.490118 1.1119 1.13874 0.500949 1.0683
end
gesture a11 hands 2
0.818086 0.203403 1.243 1.15541 0.201177 1.12295
1.47023 0.908418 1.06019 0.531572 0.75686 1.09811
1.49192 1.00068 1.12215 0.734943 1.35584 1.05414
0.73602 1.39262 0.949184 1.29548 1.42357 0.997768
1.51499 1.21152 1.13861 1.14303 1.37808 0.991362
0.75144 1.42089 0.891627 0.602984 1.25795 1.14613
0.547531 1.34044 0.910009 1.26899 1.33681 0.90744
1.34832 1.33965 0.997881 1.25075 1.39082 0.926345
1.48949 1.04122 1.10236 0.571284 1.16928 1.24012
1.17461 1.34674 0.876364 1.28785 1.30341 0.843066
0.549181 1.29791 0.892104 1.31271 1.24583 0.848339
0.804336 0.416725 0.737423 1.09432 0.565452 0.693558
0.82379 0.248563 0.9581 1.06373 0.320657 0.835758
end
gesture a11 hands 2
0.820383 0.223902 1.29186 1.12202 0.121082 1.17584
1.39602 0.676595 1.00948 0.447073 0.812331 1.10175
1.38531 1.19334 1.06579 0.530328 1.10473 1.20052
0.780616 1.43058 0.90867 1.41332 1.27009 0.896073
0.82366 1.39748 0.871977 0.813363 1.34532 0.997835
1.48546 0.983118 1.10089 0.512858 1.04297 1.25519
0.894476 1.37325 0.834129 1.04052 1.33109 0.879307
0.815214 1.00746 1.07273 1.50324 1.11569 0.864983
1.20627 1.35732 0.91673 1.46282 1.2256 0.827467
1.51541 1.03108 1.17088 0.538565 1.05799 1.27919
1.41765 1.13506 1.04867 0.519305 1.02856 1.24945
0.531116 1.26798 0.922438 1.34832 1.29407 0.85411
0.719216 0.29675 0.986766 1.1664 0.360627 0.857146
end
gesture a11 hands 2
0.811968 0.22317 1.34468 1.1576 0.194627 1.2096
1.44703 0.729748 1.14862 0.568123 0.700394 1.05262
1.49608 0.896229 1.17404 0.487016 0.855778 1.14282
1.03472 1.40678 0.915895 1.32845 1.30111 0.876157
0.587022 1.45795 0.946104 1.10256 1.41262 0.884108
1.4731 1.06381 1.10251 0.538201 1.06791 1.28222
1.52496 0.975734 1.13217 0.600295 1.18324 1.0933
0.479806 1.29166 0.875774 1.25821 1.31679 0.841081
1.17146 1.35644 0.92243 1.28961 1.27002 0.865266
1.52112 1.0126 1.19625 0.554731 1.07063 1.35159
0.638296 1.38177 0.8593 1.02974 1.37779 0.859813
0.495318 1.22182 0.929932 1.27772 1.19949 0.804233
0.805219 0.240711 1.06109 1.12945 0.25027 0.960617
end
gesture a11 hands 2
0.77838 0.409108 1.14855 1.14563 0.390571 1.10947
1.12045 0.551712 1.15933 0.807176 0.512296 1.17301
1.18721 0.633068 1.19502 0.65867 1.19255 1.01361
1.29436 1.16868 1.06539 1.02992 1.50374 0.905377
1.14309 1.38467 0.984446 1.14232 1.53396 0.94667
0.806173 1.4972 0.927598 0.916914 1.4918 1.02505
1.13719 1.41352 1.03143 0.839496 1.44081 1.05557
1.12708 1.41507 1.01562 1.21092 1.45854 0.892724
0.695598 1.46886 0.887359 1.06496 1.48915 0.930346
0.85237 1.48532 0.887335 0.73476 1.28605 0.968777
1.17571 1.26593 0.903128 0.683627 1.068 0.965061
1.20175 0.72739 0.994436 0.827481 0.589935 1.08537
0.839347 0.43593 1.16471 1.0883 0.408106 1.17414
end
gesture a11 hands 2
0.866125 0.363252 1.25785 1.11915 0.35504 1.22818
1.29463 0.634719 1.13808 0.595582 0.87164 1.11975
1.262 1.24443 1.02148 0.902376 1.40826 0.931122
0.752372 1.44805 0.984416 1.16294 1.44592 0.93284
0.751772 1.44291 0.97394 0.783979 1.36692 1.04734
1.18869 1.32769 1.02511 1.12123 1.44569 0.913078
1.17905 1.33435 1.01328 1.15622 1.42911 0.897117
0.746858 1.41106 0.911079 0.72226 1.31364 1.0897
1.12469 1.34953 0.967986 1.15746 1.38763 0.847624
1.11372 1.35538 0.955315 1.11065 1.32975 0.790024
0.738634 1.36921 0.860864 0.896959 1.05133 0.714738
1.07614 0.714007 0.795489 0.904142 0.533933 0.948217
0.900709 0.363033 1.20442 1.10172 0.355525 1.1995
end
gesture a11 hands 2
0.859551 0.321899 1.26247 1.12179 0.318214 1.24077
1.35997 0.770043 1.09862 0.646594 0.940789 1.03512
1.34654 0.968185 1.04266 1.00028 1.37938 0.934895
0.705027 1.37103 0.970621 1.25128 1.37978 0.929593
1.21215 1.23127 1.0248 0.744482 1.2554 1.09021
1.19197 1.24245 0.993812 0.768598 1.2738 1.05018
0.687168 1.37212 0.953799 1.2108 1.3578 0.918632
0.737307 1.35767 0.927486 0.848943 1.29202 0.990361
1.08694 1.3097 0.959026 1.08278 1.33892 0.885728
0.82232 1.33804 0.898403 0.725344 1.04772 0.911056
1.20197 1.03118 0.854906 0.673947 0.748706 0.986238
1.13513 0.432716 1.06739 1.09464 0.275096 1.19755
0.883218 0.316227 1.25077 1.14348 0.280629 1.19189
end
gesture a11 hands 2
0.784905 0.447861 1.14308 1.15682 0.457196 1.17053
1.19762 0.592842 1.09437 0.784214 0.578383 1.15149
1.35045 0.910263 1.06011 0.600351 0.883115 1.09629
1.33542 1.16328 0.998277 0.651975 1.31816 1.00987
1.04494 1.50603 0.973331 0.834112 1.49317 0.959976
0.606209 1.52885 1.0417 1.26503 1.53405 0.867259
0.595508 1.51915 1.01105 1.27093 1.52972 0.891033
0.951895 1.5586 0.986567 0.946259 1.56497 0.923824
1.2983 1.33655 1.05841 0.622428 1.3245 1.04164
1.33366 1.0983 0.987548 0.665443 0.7974 1.05959
1.12693 0.612315 0.976109 0.951134 0.506343 1.11304
0.794131 0.412522 1.15097 1.15598 0.447558 1.19729
0.796064 0.408704 1.18329 1.13068 0.436287 1.20697
end
gesture a11 hands 2
0.806818 0.378351 1.18383 1.09841 0.411159 1.22719
1.20487 0.540242 1.10344 1.05687 0.396121 1.13727
1.37657 1.0174 1.01758 0.634523 0.728942 1.12294
1.24543 1.33614 0.973719 0.626053 1.27651 1.02696
0.911667 1.55165 0.970371 0.919509 1.52685 0.961993
0.668424 1.56093 1.0201 1.18836 1.55799 0.882648
0.521121 1.46745 0.991708 1.33059 1.47605 0.882084
0.567293 1.48734 1.01668 1.28826 1.51807 0.89151
1.09611 1.49837 0.99156 0.791557 1.50571 0.984455
1.34797 1.24677 1.04453 0.571742 1.24601 1.10515
1.32634 0.798296 1.00548 0.617945 0.771192 1.10383
1.092 0.519675 1.02294 0.832484 0.498446 1.15567
0.798678 0.377366 1.17418 1.1389 0.390507 1.17726
end
gesture a11 hands 2
0.819034 0.434584 1.18102 1.11379 0.443225 1.19573
0.893684 0.428594 1.15233 1.14236 0.452054 1.15569
1.17722 0.565782 1.11342 0.837923 0.525731 1.14765
1.37296 0.903722 1.05633 0.552775 1.1021 1.05162
1.2789 1.3505 0.958646 0.800653 1.52818 0.951125
0.690979 1.61346 1.01866 0.965533 1.59875 0.940748
0.535202 1.50181 0.99424 1.28116 1.55437 0.877781
0.599809 1.52668 0.986765 1.22782 1.57772 0.882225
0.829854 1.56423 0.926131 0.96236 1.58685 0.912766
1.24991 1.39223 0.949399 0.67484 1.40383 0.980792
1.38806 1.07472 1.01379 0.535382 1.0795 1.06865
1.33623 0.801074 1.05931 0.749417 0.597081 1.17786
0.897002 0.461678 1.1613 1.05372 0.458835 1.1709
end
gesture a12 hands 2
0.804165 0.705708 0.98015 0.916341 0.949136 1.11644
0.868944 0.728549 0.948218 0.911968 0.986143 1.0016
0.831268 0.709777 1.04872 1.03493 1.02004 0.941218
1.01919 1.00064 1.03091 1.03464 1.05049 0.963726
0.986915 1.29904 1.10467 0.971418 1.00646 1.02443
0.972269 1.48472 1.1567 0.95807 0.99597 1.02416
1.34925 1.5809 1.08026 1.01328 0.981076 0.968661
1.4562 1.39913 1.0169 1.19919 1.0111 0.897839
1.24514 1.0239 1.01153 1.08356 0.99584 0.917518
1.00169 0.817818 0.995424 0.965595 0.971981 1.01373
0.809001 0.761543 1.02157 0.941772 0.961438 1.03669
0.861105 0.762955 1.0602 0.903754 0.942375 1.12289
0.801991 0.741433 0.985198 0.877285 0.937899 1.11401
end
gesture a12 hands 2
0.755938 0.708294 0.988951 0.820067 0.897534 1.0926
0.754678 0.749457 1.07992 0.795551 0.894628 1.07139
0.937181 0.834428 1.03567 0.873335 0.896982 1.07274
1.02987 0.990737 1.06114 1.00465 0.900067 0.991238
1.0107 1.36178 1.18645 1.0326 0.920681 0.984354
1.27082 1.52619 1.17007 1.27517 1.12722 1.0074
1.36957 1.52163 1.12231 1.17733 1.07962 0.957545
1.42201 1.3632 1.08333 0.980931 0.968461 0.928448
1.33946 1.11556 1.02425 0.901665 0.936961 1.0152
1.03778 0.786552 1.03739 0.835277 0.92311 0.998019
0.772121 0.690589 1.02017 0.756661 0.9019 1.14806
0.791944 0.709732 0.943882 0.786306 0.902532 1.15391
0.690209 0.706287 0.956497 0.765789 0.889062 1.06354
end
gesture a12 hands 2
0.615773 0.561672 0.991681 0.778623 0.900667 1.11397
0.739243 0.60969 0.980681 0.792015 0.892852 1.17903
0.843647 0.748165 0.987428 0.797641 0.900275 1.15423
0.961622 0.976308 1.06047 0.986588 0.935643 0.977615
0.935868 1.1618 1.133 1.12181 1.00581 0.982603
0.875672 1.25306 1.2163 1.08614 1.04344 1.02089
0.901296 1.28227 1.19698 1.08173 1.04673 1.01686
1.25952 1.37413 1.14108 1.02956 0.985672 1.01493
1.33851 1.30967 1.05415 1.01053 0.969899 1.00156
1.3515 1.19155 0.996839 0.95149 0.952804 1.01913
1.22089 0.897594 0.966882 0.936178 0.936397 1.03511
1.02458 0.661842 1.01247 0.865509 0.924196 1.09626
0.81964 0.593853 1.03332 0.855455 0.920023 1.12472
end
gesture a12 hands 2
0.963747 0.889919 1.01752 0.77192 0.473665 1.12503
0.898588 0.908321 0.947518 0.737771 0.566302 1.04322
0.909937 0.875548 1.1122 0.753272 0.510979 1.03625
1.09109 0.876091 1.01803 1.03441 0.812999 0.983745
0.96383 0.851457 1.09872 1.06457 0.795979 0.940934
1.08782 0.940647 1.20055 1.11554 0.859662 1.02459
0.914071 0.942905 1.10021 1.1106 1.06457 1.17532
1.40947 1.27553 0.973166 1.04889 1.25708 1.00897
0.930424 0.92612 1.10414 1.12178 1.21205 1.00599
0.749848 1.0868 0.984338 0.973151 1.18985 1.02347
0.739559 1.07796 1.00816 0.918855 1.06682 1.02132
0.883509 1.01165 1.12463 0.816616 1.12215 1.04893
0.849058 1.0039 1.08337 0.830537 1.09596 1.05756
end
gesture a12 hands 2
0.919648 0.982417 1.06458 0.79929 1.02081 0.983754
0.960734 1.04929 1.08061 0.835123 1.07645 1.03435
1.0091 1.05065 0.92474 0.909552 0.978037 1.12017
0.884174 0.938602 0.84039 0.889133 1.11399 1.05694
0.9905 0.871546 0.858724 1.14193 1.093 0.99052
1.08359 0.889493 1.0641 1.30392 1.11577 1.04126
1.10871 0.991059 1.08506 1.39262 1.07344 1.05918
1.08737 0.954483 1.02284 1.24759 0.854914 1.10863
1.12402 0.986185 1.28102 1.11904 0.82813 1.14025
1.09124 0.972434 1.05635 1.04006 0.884295 1.13041
0.934514 0.907595 1.05937 1.04657 0.84881 1.13771
0.945611 0.90686 1.1684 1.01962 0.791718 1.07321
1.01206 0.92413 1.11973 1.00722 0.791907 1.03933
end
gesture a12 hands 2
0.910106 0.733295 1.03967 1.19682 1.05225 1.08664
0.609534 0.836753 0.984324 0.924711 1.1011 0.965469
0.682583 0.864704 0.958521 0.785187 0.794 1.04538
0.79333 0.880941 1.0646 1.03697 0.84446 0.890357
0.771276 0.779525 1.05919 1.08608 1.27979 1.12303
0.961679 0.8667 1.1595 1.23021 1.25144 1.11468
0.922469 0.829406 1.20228 1.21549 1.40667 0.992438
0.984492 1.69647 1.17865 0.998215 1.364 1.0372
1.57889 1.5775 1.03021 1.10085 1.09781 0.983157
1.47179 1.27653 0.895085 0.80295 0.765499 1.03562
0.938329 0.791415 1.04332 0.907035 0.76708 1.03482
0.99422 0.851142 0.96176 0.743283 0.706024 1.02907
0.814287 0.731785 1.06176 0.819679 0.680781 1.09154
end
gesture a12 hands 2
0.790957 0.516702 0.919581 0.664309 0.692583 1.23902
0.887598 0.535345 0.85702 0.787341 0.755211 1.0566
1.01807 0.677921 0.784169 0.874547 0.809405 1.08146
1.12108 0.676451 0.981008 1.03606 0.952459 0.9467
1.18198 1.14896 0.928987 1.36996 1.30824 0.932849
1.22114 1.22068 0.952593 1.2498 1.4162 1.03624
1.35884 1.2663 0.96191 1.1467 1.34499 1.16012
1.07194 1.284 1.38858 1.17841 1.09756 0.992982
0.591075 1.15785 1.64483 1.16292 1.02068 1.03162
0.860777 1.36534 1.52929 0.917023 0.817261 0.960866
0.988948 1.43863 1.42748 0.721481 0.788748 1.04318
1.00592 1.44889 1.36435 0.73497 0.696326 1.1689
0.833769 1.53098 1.2842 0.675685 0.737615 1.19283
end
gesture a12 hands 2
0.747452 1.47728 1.19728 0.613392 0.68487 1.19058
0.747909 1.2178 1.02514 0.660255 0.556892 1.20359
0.881382 1.16738 0.799742 0.657053 0.641264 1.125
0.798545 0.464043 1.01032 0.881782 0.834907 0.875183
0.901769 0.694357 0.916111 1.29953 1.30676 0.867428
0.785752 0.487318 1.10692 1.35065 1.4485 0.924793
1.20632 1.10293 1.16301 1.20481 1.45896 0.992096
1.61762 1.2066 1.01109 1.16992 1.35909 0.978408
1.15992 1.20189 1.04015 1.45425 1.412 0.971356
1.11963 1.10528 1.15031 1.42186 1.34949 0.983165
1.16257 1.08105 0.94922 1.13534 1.01404 0.912328
0.892175 0.453258 1.02859 0.942793 0.835558 0.883905
0.762228 0.414607 0.963605 0.609987 0.65924 1.15419
end
gesture a12 hands 2
0.811589 0.478369 0.852591 0.64599 0.61737 1.18502
0.954868 0.680777 0.764622 0.902824 0.785535 0.87096
0.875752 0.541045 0.932999 1.44687 1.4039 0.899135
0.858494 0.532637 0.986362 1.44094 1.48145 0.94049
0.84937 0.709635 0.82418 1.25892 1.4411 0.966462
1.29853 1.22287 1.01579 1.49828 1.38606 0.938717
1.62013 1.27447 0.956954 1.47452 1.35212 0.959452
1.61403 1.28382 0.971694 1.03095 0.90286 0.886048
1.49968 1.31214 0.905836 0.88151 0.775726 0.892708
1.13419 1.28173 1.06734 0.610704 0.734161 1.13974
0.939011 1.18557 1.31557 0.587666 0.791634 1.21204
0.889122 1.49702 1.23855 0.662685 0.670708 1.13067
0.900806 1.31574 1.3209 0.645229 0.659427 1.1541
end
gesture a12 hands 2
0.882864 0.473251 0.774477 0.84631 0.976709 1.19805
0.791316 0.441922 0.928747 0.893842 0.989764 1.12875
0.886248 1.3004 0.802536 1.06846 1.07546 0.958159
0.948144 1.32471 0.780389 1.01159 1.00227 0.940873
1.28199 1.35454 0.791844 0.934997 1.00094 1.08025
1.00673 1.53557 1.15481 1.00801 0.963938 1.04011
1.02816 1.57211 1.0959 0.921251 0.943053 1.12371
0.972218 1.27483 1.39511 1.03008 0.958707 1.03462
0.921139 1.3413 1.36156 0.932522 0.933803 1.11071
0.969655 1.17894 1.32896 1.01478 0.918102 1.04514
1.25037 0.910189 0.922481 0.897141 0.937486 1.12611
1.26507 0.96192 0.839839 0.962721 0.960358 0.990687
0.820178 0.491206 0.788486 0.86558 0.97958 1.04326
end
gesture a12 hands 2
0.916222 0.649046 0.996083 0.790017 0.939765 1.18384
0.895208 0.646845 1.09964 0.824447 0.954494 1.08945
0.686735 0.614394 1.22079 0.858307 0.951321 1.06624
0.698426 0.599948 1.18443 0.974563 0.948345 1.00546
0.604172 0.600051 1.19274 1.04062 0.957215 1.02036
0.794074 0.610579 1.18009 1.07793 0.973389 1.05881
1.05545 1.55442 0.992563 1.0747 0.944523 1.05159
1.15609 1.59654 0.973022 1.05941 0.939779 1.00915
1.33057 1.54639 1.00204 1.02903 0.995448 0.984903
1.32061 1.60589 1.01327 0.933759 0.971129 0.991698
1.21269 1.60146 0.957567 0.917902 0.947205 1.0414
1.03015 1.38135 1.01588 0.894469 0.946548 1.04401
1.11768 1.36113 1.0404 0.923271 0.974136 1.01157
end
gesture a12 hands 2
0.878563 0.621114 0.976474 0.789569 0.96088 1.15076
0.819347 0.598536 1.07 0.836035 0.958194 1.09631
0.681791 0.610623 1.16689 0.950365 0.957715 0.997591
0.788792 0.66201 1.21615 1.01244 0.96491 1.0065
1.04901 1.62337 1.01218 1.08824 0.96282 1.0151
1.24843 1.6263 1.0404 1.12237 0.972559 1.03706
1.34726 1.55103 1.01081 1.09925 0.958183 1.00774
1.2833 1.60707 1.00585 1.02295 0.981012 0.9915
1.03985 1.35948 1.04243 0.984621 0.973633 0.983904
1.01494 1.3531 1.09167 0.997835 0.957618 0.988449
1.088 1.36289 0.967321 0.957527 0.972451 1.00012
0.895537 0.616397 1.06996 0.878601 0.966131 1.06531
0.847809 0.605198 0.972681 0.808905 0.950242 1.15014
end
gesture a12 hands 2
0.791195 0.578614 1.13121 0.902768 0.895619 1.08715
0.786148 0.596574 1.10976 0.91623 0.901154 1.07641
0.788919 0.670409 1.03281 0.913793 0.903855 1.08509
0.788492 0.995876 1.00311 0.892224 0.919086 1.10115
0.807755 1.07973 0.999036 0.902812 0.919033 1.11831
1.23127 1.36263 1.07267 0.906668 0.938652 1.0737
1.26105 1.35413 1.0843 0.907637 0.937244 1.07332
1.2422 1.37398 1.04613 0.935315 0.951603 1.04941
1.03331 1.22283 1.07175 0.916913 0.923178 1.07925
0.987176 1.15904 1.05508 0.909667 0.917524 1.10257
0.922284 0.973339 1.01776 0.938107 0.920425 1.10374
0.838733 0.593623 1.15889 0.895024 0.922275 1.09086
0.833578 0.589128 1.18871 0.930486 0.960153 1.0352
end
gesture a12 hands 2
0.8052 0.611609 1.17772 0.923189 0.909389 1.09232
0.812 0.631475 1.12037 0.919423 0.934381 1.05485
0.760186 0.781744 0.984965 0.914708 0.939413 1.08859
0.822281 1.09467 0.991351 0.917222 0.970979 1.02394
1.13207 1.38341 1.02607 0.921748 0.962281 1.02366
1.23169 1.37783 1.02948 0.916948 0.924338 1.09812
1.24849 1.38703 1.00809 0.938033 0.936852 1.10426
1.19193 1.38744 0.996675 0.913381 0.921078 1.11576
1.10116 1.27898 1.02284 0.911038 0.923566 1.09369
0.916883 0.882428 0.99889 0.97791 0.954458 1.07893
0.868075 0.690839 1.0787 0.917579 0.959453 1.03309
0.828706 0.615501 1.16834 0.946952 0.934172 1.04289
0.829246 0.599572 1.15546 0.9193 0.92271 1.07027
end
gesture a12 hands 2
0.829411 0.630688 1.18922 0.921824 0.888623 1.10493
0.862062 0.651146 1.16515 0.891428 0.898431 1.10113
0.824394 0.626719 1.18066 0.918884 0.895219 1.10113
0.798999 0.761595 1.02043 0.895985 0.908685 1.08747
0.790611 0.826591 0.997908 0.933396 0.917695 1.12711
0.769918 0.906726 1.00007 0.908191 0.944285 1.04403
1.22802 1.41812 1.02403 0.90566 0.940715 1.03519
1.22545 1.43627 1.00521 0.89333 0.913231 1.10984
1.17245 1.44291 0.968626 0.858625 0.927725 1.10103
0.851497 0.771669 1.04158 0.945771 0.946058 1.0627
0.848782 0.73327 1.06519 0.958373 0.949795 1.07019
0.860136 0.639546 1.22057 0.934561 0.951085 1.05036
0.859168 0.63642 1.2374 0.913146 0.902049 1.0927
end
gesture a12 hands 2
0.785846 0.561352 0.981684 0.605162 0.698448 1.04767
0.851481 0.941851 0.841693 0.82675 0.764536 0.97613
0.715565 1.19881 1.03158 1.0247 1.20045 0.967235
1.2179 1.33831 1.04582 1.06647 1.38657 0.983335
1.28851 1.36725 1.04632 1.34751 1.38127 0.880388
0.96371 1.05402 0.894563 1.49233 1.43679 1.05186
1.00509 1.04171 1.19391 1.4899 1.3788 1.03103
1.35437 1.27528 1.06827 1.09676 1.0999 0.994105
0.948278 1.07506 0.982892 1.06412 1.11709 1.03938
0.961893 1.07672 1.17916 1.32008 1.37271 0.914104
1.03364 0.76719 0.987236 1.35063 1.16621 0.913464
1.05333 0.849393 1.04732 0.851174 0.808749 0.877888
0.784056 0.563077 0.976116 0.707057 0.682467 1.1229
end
gesture a12 hands 2
0.806122 0.649551 0.974863 0.655326 0.689595 1.08799
0.875322 1.18228 0.890568 0.907299 0.956672 0.976451
0.879957 1.30551 0.955141 1.09591 1.43157 0.993769
1.332 1.37604 0.982963 1.40958 1.42064 0.980835
1.03044 1.17773 0.91464 1.44291 1.4097 0.994238
0.932793 0.915921 1.23098 1.11293 1.07179 1.00709
1.07282 0.879339 0.91895 1.04092 1.26806 0.979667
0.874179 0.928011 1.2606 1.39254 1.39002 0.986221
1.16263 1.36612 0.99691 1.41389 1.3594 1.00453
1.39997 1.37037 1.08271 1.16646 0.950457 0.879963
1.08499 1.18543 0.98362 0.819736 0.769512 0.882895
0.884005 1.07836 1.36886 0.626236 0.67687 1.17746
0.813467 0.670858 0.960146 0.710082 0.693285 1.17413
end
gesture a12 hands 2
0.783757 0.710086 1.00777 0.765977 0.744774 1.17944
0.902137 1.07429 0.912719 0.905569 0.917385 0.965787
0.897682 0.932811 0.958468 1.04472 1.285 0.9774
1.06847 1.41235 0.968067 1.53987 1.46911 0.992432
1.33116 1.41745 1.00661 1.49887 1.26226 1.04097
1.25865 1.34959 0.925611 1.1261 1.17123 1.01186
0.945716 1.04481 1.24431 1.07497 1.21506 0.925443
0.980198 0.960417 1.19391 0.914415 1.07191 0.796742
0.912851 1.00531 1.31524 0.823917 0.976705 0.811008
1.27808 1.37867 1.03042 0.708105 0.764131 1.08302
1.41804 1.42276 1.06897 0.789114 0.730149 1.2158
1.2437 1.00071 0.986396 0.74725 0.761664 1.01238
0.733517 0.684872 1.03009 0.760831 0.759204 1.01042
end
gesture a12 hands 2
0.827333 0.69253 1.07004 0.957109 0.939586 1.07105
0.853658 0.713006 1.1264 0.939365 0.931229 1.0408
0.848185 0.74676 1.02914 0.97248 0.937469 1.05117
0.84645 1.04765 0.984004 0.974764 0.941194 1.05862
0.911003 1.22008 0.974244 0.924417 0.932389 1.02987
0.912454 1.27943 1.04621 0.962958 0.929923 1.03757
1.15543 1.39709 0.998819 0.956301 0.922809 1.02873
1.33572 1.48583 1.04392 0.959068 0.943631 1.05386
1.37691 1.48068 1.02098 0.972908 0.978979 1.00115
1.28465 1.44831 0.960432 0.971563 0.989841 1.01135
1.10178 1.26908 0.974516 0.961968 1.01856 1.04145
0.898373 0.907766 0.969775 0.966314 1.00725 1.01675
0.872107 0.749866 1.12259 0.964284 0.969711 1.06077
end
gesture a12 hands 2
0.851851 0.666161 1.0993 0.966692 0.952468 1.04284
0.822983 0.610929 1.12574 0.943281 0.94654 1.06971
0.871005 0.636345 1.10395 0.925577 0.936635 1.04889
0.84006 0.711775 1.02222 0.96314 0.935104 1.03344
0.874486 0.994403 0.954055 0.957317 0.935322 1.04571
0.921383 1.24029 1.0397 0.970889 0.947921 1.01037
1.19007 1.39677 0.978086 0.971884 0.965525 1.02892
1.35851 1.45758 1.03222 0.981221 1.01582 1.00321
1.33729 1.41986 0.975838 0.978679 0.989062 0.998639
1.02386 1.08086 0.912867 0.983563 1.02729 1.02154
0.864388 0.857067 0.922697 0.979025 0.970281 1.04138
0.823896 0.779352 0.974476 0.963946 0.974383 1.05307
0.816524 0.636503 1.11231 0.955545 0.936021 1.07075
end
gesture a12 hands 2
0.847383 0.706877 1.1185 0.957583 0.949896 1.06499
0.887679 0.807373 0.987516 0.98121 0.951726 1.03013
0.911493 1.04346 0.878873 0.958319 0.946882 1.07907
0.991676 1.39905 1.03578 0.957495 0.959049 1.07645
1.08498 1.50106 1.03259 0.985459 0.980291 0.992398
1.35379 1.58132 1.02163 0.983057 1.01609 0.988991
1.38599 1.54848 1.05033 0.988797 0.990618 1.02036
1.33732 1.4712 0.914893 0.995574 1.01509 0.9915
1.24633 1.3541 0.887499 0.984282 0.988197 1.02533
1.10421 1.08276 0.892779 0.980542 0.994731 0.990559
1.01971 0.920155 0.935914 0.983313 0.996567 0.992596
0.885739 0.745427 1.04939 0.953909 0.973178 1.06633
0.851608 0.742155 1.04184 0.949254 0.976291 1.03917
end
gesture a12 hands 2
0.767743 0.692898 0.939571 0.632387 0.578979 1.03401
1.01876 1.1186 0.849125 0.933445 1.19278 0.942056
0.838235 0.829283 1.27333 1.42639 1.36663 1.06766
0.898392 0.878067 1.25313 1.49962 1.32401 1.09349
1.03022 0.861504 0.986788 1.16377 1.19902 1.18139
1.2937 1.5449 0.974644 0.984561 1.02901 0.972574
1.10016 1.16653 0.934775 0.989554 1.21222 0.962592
0.95805 0.871559 1.32181 1.50553 1.367 1.05102
1.14529 0.989299 1.06338 1.5895 1.31421 1.05238
1.42384 1.50437 1.04122 1.24934 1.18803 1.18754
0.97098 0.828704 1.03702 0.910306 0.816677 0.910938
0.661425 0.73498 1.09102 0.849799 0.734413 0.937023
0.729636 0.752051 1.00315 0.581299 0.613414 1.13125
end
gesture a12 hands 2
0.7277 0.780525 0.969207 0.555443 0.613407 1.16404
0.768447 0.641362 1.02568 0.716923 0.858359 0.891628
0.727828 0.724024 1.13603 0.876431 1.14682 0.939086
1.36364 1.57526 1.01762 0.958277 1.11647 1.01765
1.46514 1.46546 1.03756 1.42556 1.23589 1.09332
1.20334 1.2047 0.963624 1.07266 1.06803 1.03253
1.09301 1.04079 1.32805 1.00819 1.13029 0.981815
1.1946 1.06335 1.22778 1.48952 1.36101 1.09391
1.35425 1.54858 0.957545 1.67354 1.28307 1.07323
1.53752 1.44089 0.93311 1.32027 1.17726 1.20569
1.12961 0.974903 0.895922 0.926474 0.959326 0.903722
0.730111 0.799059 1.01609 0.795308 0.872088 0.874305
0.714541 0.770994 0.960497 0.553944 0.625185 1.17025
end
gesture a12 hands 2
0.588199 0.695239 0.961802 0.508693 0.59692 1.14824
0.994696 1.1704 0.923936 1.31621 1.32391 1.02181
0.916954 0.859681 1.26627 1.53591 1.31049 1.00971
1.05135 0.895563 1.1625 1.00914 1.09293 0.949876
1.28809 1.45817 1.07178 1.44947 1.36143 1.05594
1.17904 1.02041 1.28421 1.64211 1.27826 0.996649
1.1911 1.45632 1.05962 1.23962 1.13091 1.19161
1.44871 1.38857 1.05283 1.0966 1.19438 1.05692
1.14849 0.92986 1.11557 1.45798 1.34522 0.975178
1.22422 1.46293 1.04725 1.49308 1.07879 1.07818
1.4703 1.34007 0.994386 0.727241 0.852935 0.936382
0.652684 0.688178 1.0515 0.405519 0.588089 1.14125
0.59186 0.697524 0.924026 0.483891 0.553604 1.15066
end
gesture a12 hands 2
0.825207 0.593549 1.04859 0.918055 0.928449 1.13265
0.920736 0.751994 0.950332 0.924559 0.923514 1.14892
0.913516 1.02766 0.977621 0.937401 0.930987 1.12734
0.885077 1.17458 1.03005 0.941201 0.930044 1.11087
0.872512 1.21954 1.07139 0.951266 0.934143 1.07426
1.14328 1.28922 1.07736 0.95403 0.974742 1.03863
1.28813 1.31355 1.12214 0.975823 0.95724 1.02715
1.30761 1.33063 1.16734 0.966073 0.973068 1.02782
1.29909 1.32731 1.07126 0.953588 0.96878 1.05235
1.0096 1.21877 1.05658 0.961022 0.948048 1.04676
0.93693 1.01848 0.974727 0.937814 0.965962 1.04544
0.886567 0.722298 1.0665 0.945017 0.959381 1.04018
0.81876 0.583346 1.19156 0.9212 0.949335 1.08644
end
gesture a12 hands 2
0.778847 0.594236 1.16493 0.918079 0.945916 1.06714
0.85632 0.782681 0.993832 0.920405 0.931198 1.10566
0.896785 1.01608 0.973498 0.922874 0.93295 1.09901
0.873695 1.2379 1.06754 0.938642 0.95248 1.05297
1.16962 1.36059 1.0104 0.954217 0.972829 1.02204
1.28502 1.39366 1.07528 0.969363 0.960914 1.0353
1.32105 1.34444 1.03612 0.956799 0.950233 1.05116
1.16932 1.23376 0.961368 0.986337 0.948729 1.04268
1.09242 1.11615 0.956909 0.96672 0.936854 1.07856
1.00711 0.838859 0.983347 0.955631 0.969834 1.06141
0.829281 0.631326 1.12385 0.955398 0.973903 1.04888
0.797406 0.609963 1.18048 0.938261 0.961966 1.05823
0.79681 0.616324 1.15868 0.939691 0.964492 1.03359
end
gesture a12 hands 2
0.751224 0.533066 1.18225 0.926584 0.953926 1.06243
0.861885 0.717944 0.99874 0.9154 0.940798 1.0977
0.88546 0.943937 0.981132 0.914775 0.93889 1.091
0.782774 1.15353 1.10626 0.923593 0.944367 1.08385
0.784518 1.19095 1.1343 0.908188 0.957751 1.07783
0.876896 1.22706 1.08793 0.922284 0.966275 1.04893
1.13958 1.30657 1.04502 0.940397 0.950305 1.02933
1.23486 1.30213 1.09833 0.977251 0.953915 1.04327
1.2531 1.30821 1.09805 0.970626 0.94196 1.04486
1.28255 1.13878 0.998343 0.96425 0.939313 1.09007
1.14733 0.840626 0.990642 0.965449 0.939793 1.08899
1.0553 0.688528 1.04053 0.954936 0.928149 1.10986
0.831052 0.528091 1.12367 0.946719 0.939576 1.10785
end
gesture a12 hands 2
0.685859 0.537352 0.975358 0.549705 0.587687 1.21169
0.750637 0.61951 0.952775 0.58962 0.611904 1.16
0.942281 0.957065 0.984016 0.69724 0.703437 1.02391
0.951066 1.07123 1.05812 0.789096 0.815269 0.99448
1.09863 1.24732 1.10801 0.976371 1.06316 0.985941
1.2573 1.2553 1.1316 1.1234 1.25197 1.04434
1.07232 1.22762 1.14232 1.24843 1.23629 1.05427
1.26509 1.29478 1.15981 1.11927 1.18284 1.06889
1.00887 1.1387 1.07193 1.09742 1.20528 1.07016
0.94147 1.11038 1.03938 1.32436 1.32035 1.03265
0.973849 0.995357 1.05037 1.35768 1.30785 1.00995
0.885449 0.630597 1.05411 1.01028 0.764331 0.923777
0.794147 0.578552 1.08382 0.79509 0.62976 1.0611
end
gesture a12 hands 2
0.686114 0.588339 1.01052 0.514181 0.542643 1.28156
0.930859 0.863376 1.23063 0.639921 0.654854 1.05221
0.951026 0.744016 1.14139 0.93267 1.00862 0.994671
0.8568 0.767281 1.29236 1.17515 1.18744 1.02982
1.22039 1.33399 1.00882 1.29517 1.20211 1.02059
1.31719 1.31039 1.06883 1.04201 1.12144 1.01675
0.913405 1.23296 1.07146 1.28516 1.21404 1.00255
0.947052 1.21118 1.11723 1.33369 1.19326 1.03614
1.2324 1.37455 1.08782 1.25469 1.2016 1.13744
1.23701 1.3406 1.07725 1.01196 1.08309 1.06247
1.1577 1.04421 0.919171 0.75544 0.784598 0.918809
0.864321 0.636202 0.944823 0.605775 0.61159 1.00356
0.752276 0.573704 0.998188 0.561552 0.541183 1.13032
end
gesture a12 hands 2
0.702185 0.593128 0.975028 0.559802 0.546185 1.23571
0.887347 0.978363 1.08159 0.856327 0.925897 0.935083
0.87343 0.93342 1.3476 1.23456 1.25708 1.01564
0.901801 0.811852 1.15187 1.36653 1.26935 1.0074
1.24346 1.33217 1.06872 1.32868 1.23591 1.04958
1.31379 1.32365 1.08403 1.02283 1.13614 1.04178
1.0424 1.21678 1.04147 1.07363 1.18373 1.00515
1.00234 1.17282 1.14914 1.36576 1.27067 0.968877
1.289 1.30805 1.01431 1.37967 1.24427 1.00463
1.27141 1.1976 0.937804 1.20239 1.13413 1.03
0.959571 0.679092 0.91384 0.759661 0.79422 0.904032
0.748212 0.593845 1.00914 0.556836 0.581368 1.08017
0.723321 0.581858 1.01083 0.522379 0.549862 1.28648
end
gesture a13 hands 2
1.01051 1.17601 1.05921 0.987381 1.08734 1.0694
0.914804 0.897515 1.04132 0.949421 1.04764 1.13201
0.924218 0.846096 1.0274 0.946972 0.716723 1.00984
0.991376 0.584379 1.00275 0.947196 0.585359 1.00606
1.04942 0.477425 0.834805 1.00995 0.619542 0.950735
0.996566 0.329098 0.7391 0.942851 0.844021 0.904247
1.00364 0.45016 1.27662 1.03044 0.807348 1.0537
0.731131 0.474096 1.21357 0.963621 0.995962 0.95483
0.808969 0.389264 1.21237 0.982754 0.800122 1.01886
0.784022 0.441885 1.23553 0.946173 1.09672 0.902498
0.950424 0.907764 1.01943 0.949765 1.11691 0.90641
1.00011 1.20329 0.96083 0.952597 1.077 1.08524
0.987354 1.17781 1.0731 0.968267 1.07106 1.10371
end
gesture a13 hands 2
1.15228 1.13693 1.07902 0.828912 1.07429 1.03379
1.02685 0.744741 1.02113 0.840604 0.501205 1.03562
1.03124 0.818775 0.921261 0.875558 0.762711 1.09491
1.1376 0.628455 0.993499 0.955084 0.652853 0.986588
1.08998 0.88027 0.658787 0.927802 0.53932 1.23482
0.931519 0.524449 1.22864 0.916177 0.74206 1.20418
0.798925 0.475153 1.19258 0.946701 0.60987 1.12894
0.797333 1.17923 1.09412 0.733288 1.19856 0.952259
1.06495 0.678331 1.18406 0.904618 1.28974 0.891049
0.834894 0.522594 1.23701 1.17552 1.21099 1.07693
0.75805 0.42545 1.1931 0.978446 0.895244 1.16601
0.701311 1.12264 1.00022 1.31208 1.05453 1.02044
0.728641 1.14425 1.02703 1.23974 1.05668 1.09255
end
gesture a13 hands 2
0.686222 1.07514 1.04885 1.17375 1.00186 1.07777
0.754887 0.989087 0.946871 1.14985 0.758218 1.03765
0.751407 0.652159 1.01591 1.11608 0.621741 1.07105
0.792067 0.502375 1.06157 1.1385 1.00309 0.974868
0.948185 0.636972 1.24713 1.05402 1.33206 0.954556
0.99002 0.554246 1.21915 1.04741 1.26213 0.760188
1.05408 0.598147 1.00302 1.02008 1.35365 0.703034
1.14763 1.01163 0.890329 1.00585 1.35112 0.914742
1.06453 1.17556 0.933362 0.790546 0.869676 1.00092
1.06871 1.23582 0.934488 0.767726 0.900367 1.02788
1.18363 0.98774 1.00549 0.793011 1.03326 1.13317
1.15222 1.11337 1.09121 0.741852 1.04839 1.00933
1.07486 1.09166 1.09592 0.726292 1.02876 1.08242
end
gesture a13 hands 2
0.980105 1.07031 1.08914 0.996403 1.09134 1.08434
1.09054 1.09624 1.00516 0.889646 1.10288 1.0048
1.0743 1.04779 0.958505 0.877126 0.860342 0.930251
1.01909 0.833189 0.920568 0.989584 0.515555 0.884805
0.975606 0.875856 0.884181 1.01503 0.575754 1.07805
0.966185 0.538037 0.944005 0.965265 0.572394 0.967126
0.901899 0.544776 0.916316 0.990644 0.526351 1.01975
0.872925 0.530362 0.943443 0.999188 0.666728 1.18423
0.876746 0.566774 1.11951 0.92023 0.909737 1.10477
0.965748 0.908115 1.06792 1.0108 1.12863 1.11424
0.948356 1.08649 1.144 0.939689 1.16022 1.1021
0.955226 1.10579 1.05788 1.03848 1.15123 1.04017
0.975473 1.10899 1.08343 0.99005 1.12044 1.09853
end
gesture a13 hands 2
1.04443 1.75753 1.02645 0.999936 1.07532 0.987365
0.991391 1.77961 0.929715 0.963779 1.09451 1.01737
1.03187 0.980414 0.894294 0.920985 1.06233 0.914831
1.02623 0.947493 0.89763 0.928617 0.970858 1.03146
0.989673 0.624792 1.07951 1.04489 0.673154 1.14542
0.897004 0.618699 1.13635 1.00732 0.712319 1.15
0.908262 0.574635 1.13409 0.952423 0.889505 1.11987
0.870662 0.390672 1.14699 0.961824 0.853002 1.12577
0.929226 0.423426 1.1052 0.941026 1.02041 1.05858
0.901908 0.62366 1.07826 1.1012 1.25256 0.561609
0.981444 0.943744 1.00474 1.06947 1.3421 0.592045
1.01331 0.989036 0.970997 0.965296 1.03814 1.06628
0.995983 0.963973 0.974426 0.9636 1.0549 1.06735
end
gesture a13 hands 2
1.01657 1.16142 0.957312 0.999139 1.04801 0.998494
0.993834 0.828604 1.10537 0.941934 1.01988 0.995703
1.00523 0.737929 1.19921 0.987404 1.00155 1.05625
0.852425 0.753086 1.04618 0.963571 0.830704 1.08271
0.695492 0.809844 1.08565 1.04576 0.780213 1.07774
0.70078 0.753702 1.0751 0.990229 0.764112 1.06307
0.870694 0.531345 1.07299 0.934755 0.984413 1.02358
0.711375 0.601916 1.01988 0.99884 1.06363 0.958519
0.921817 0.548351 1.05344 0.977731 1.06677 1.04688
0.937196 0.646592 1.04207 0.975264 0.923763 1.07335
0.914671 0.858595 1.047 0.948231 1.06549 0.984752
1.04084 1.14774 0.966256 0.944528 1.05199 1.05357
0.99733 1.14587 0.990465 0.963669 1.04312 1.00211
end
gesture a13 hands 2
0.965397 1.14023 0.997522 0.959623 1.0658 1.05791
1.01354 0.909493 1.05497 0.919436 1.07955 1.02633
0.989747 0.695214 1.15855 0.920857 0.801246 1.04705
0.925547 0.767385 1.10859 0.940436 0.878697 1.11687
0.994244 0.69876 1.23044 0.981531 0.770416 1.21413
0.871692 0.669788 1.09723 1.06398 0.732805 1.08745
0.853294 0.781411 1.09566 1.02284 0.844743 1.11798
0.840801 0.60692 1.03397 1.06851 0.744219 1.0813
0.836667 0.690398 1.054 1.00181 1.02985 1.0742
1.02172 0.91746 1.12657 0.888353 0.885036 1.18918
0.997759 1.13743 0.908845 0.994429 0.899925 1.06423
1.01651 1.17249 0.883252 0.977417 1.0596 0.917207
0.966287 1.1217 0.995518 0.956785 1.08452 1.03253
end
gesture a13 hands 2
1.02446 1.08518 1.0987 0.904854 1.09541 1.09157
1.00924 1.09219 1.05655 0.947503 1.11439 1.02698
1.01502 1.09441 1.07172 0.913108 1.10517 1.05746
0.979798 1.10256 1.05205 0.928819 1.10159 1.03009
0.965042 0.980428 0.982908 0.970739 0.975013 0.961028
0.94534 0.797236 0.965135 1.03046 0.725886 0.940244
0.944462 0.675997 0.961199 1.06649 0.617053 0.952981
0.934154 0.608447 0.996314 1.07582 0.525194 1.01733
0.890895 0.795815 0.959592 1.04685 0.813172 0.989282
0.913177 0.972571 0.971115 0.98414 0.979844 1.03497
0.948244 1.04602 0.999307 0.976481 1.02519 1.12152
1.00976 1.09648 1.08001 0.94761 1.13157 1.05595
1.02038 1.10167 1.07577 0.950939 1.12434 1.06196
end
gesture a13 hands 2
1.01445 1.11635 1.07624 0.945355 1.13228 1.07203
1.00534 1.11995 1.07046 0.934313 1.10206 1.01428
0.978031 1.07641 0.973406 0.989931 0.987236 0.909457
0.959346 0.939313 0.94412 1.03093 0.869222 0.902259
0.926158 0.772949 0.964155 1.04772 0.661896 0.977993
0.938944 0.647563 1.0231 1.02902 0.510942 1.09786
0.908509 0.672961 1.18745 1.0306 0.561063 1.09949
0.951192 0.658206 1.03132 1.01794 0.712385 0.997607
0.953196 0.709535 1.04263 0.997715 0.879404 1.03989
0.940325 0.643781 1.01793 0.999472 1.06893 1.09749
0.959564 0.952329 0.972904 0.923292 1.05193 1.0809
0.974491 1.03231 1.04031 0.944447 1.07691 1.06802
0.995026 1.12412 1.04147 0.918742 1.14058 1.03547
end
gesture a13 hands 2
0.997027 1.12563 1.08605 0.915994 1.13594 1.08052
1.00946 1.10587 1.00561 0.926119 1.05759 0.960303
1.00836 1.08843 0.977832 0.982795 0.96293 0.900663
0.949913 0.880678 0.931406 1.02665 0.80416 0.924556
0.93322 0.692954 0.998609 1.04677 0.750669 0.938769
0.941849 0.636032 1.02247 1.05298 0.609065 1.0098
0.946535 0.648991 1.03041 1.03503 0.579439 1.05513
0.960672 0.705417 1.02993 1.02271 0.658587 1.03292
0.947165 0.661053 1.02944 1.00473 0.824294 1.0194
0.93548 0.839051 1.02035 1.00817 0.857614 1.05097
0.94387 1.01599 1.07392 0.941518 1.09486 1.13261
1.00055 1.09634 1.10754 0.918384 1.13564 1.04951
0.985952 1.12742 1.05852 0.909557 1.13418 1.06994
end
gesture a13 hands 2
0.989681 0.974019 1.07829 0.909243 0.972523 1.07658
0.945983 0.9787 1.02644 0.928178 0.974288 1.034
0.93422 0.961041 1.03774 0.940705 0.964198 1.07633
0.939013 0.877929 1.10516 0.960502 0.935496 1.12588
0.932414 0.870027 1.1248 0.972389 0.898562 1.08354
0.933098 0.892438 1.06148 0.960227 0.848758 1.05771
0.956613 0.958175 1.00639 0.959777 0.888251 1.0604
0.95186 0.976735 0.994605 0.940722 0.942204 0.984375
0.977789 0.981313 1.06838 0.92828 0.966297 0.978223
0.993151 0.971621 1.06467 0.899196 0.975522 1.03447
0.967057 0.959422 1.11309 0.905956 0.968909 1.11177
0.986893 0.969909 1.04931 0.91211 0.972682 1.04715
0.973015 0.96663 1.06268 0.926542 0.970761 1.06455
end
gesture a13 hands 2
1.06288 1.05592 1.18984 0.866417 1.04938 1.14648
1.04302 1.04621 1.10537 0.87324 1.03209 1.17398
1.01692 1.04506 1.0825 0.883949 1.02681 1.11411
0.934139 0.979824 1.03757 0.936271 1.01055 1.03396
0.913056 0.917617 1.06756 0.97135 0.966675 1.05246
0.935071 0.874798 1.03492 0.978199 0.952426 1.00671
0.882689 0.8009 1.01127 1.01291 0.927073 1.03035
0.861123 0.808996 1.02586 0.987286 0.837746 1.02853
0.859125 0.812377 0.995091 0.987935 0.812498 0.989846
0.911938 0.886199 0.966367 0.995268 0.832454 0.965597
1.00088 1.04985 1.01937 1.0126 0.89264 0.96243
1.06296 1.07931 1.03887 0.932841 1.03849 1.04587
1.07818 1.07562 1.10153 0.832351 1.05035 1.11199
end
gesture a13 hands 2
1.05521 1.08333 1.14324 0.894692 1.0801 1.10655
1.03575 1.08016 1.10686 0.941465 1.01353 1.02258
0.979175 1.02024 1.00585 0.964027 0.982956 1.01848
0.91417 0.949771 0.95807 0.996218 0.895055 0.937725
0.872417 0.797392 0.935877 1.04839 0.715307 0.940326
0.858494 0.707484 0.94387 1.06667 0.772392 0.894686
0.85312 0.712376 0.942203 1.04421 0.854357 0.930036
0.87253 0.815386 0.898865 0.90161 1.05382 1.15752
1.0178 1.0071 1.06684 0.872755 1.088 1.17452
1.05626 1.07855 1.13662 0.890361 1.06501 1.12111
1.04815 1.07889 1.13594 0.896472 1.08688 1.15743
1.0585 1.08918 1.07506 0.896975 1.07314 1.10348
1.06747 1.09562 1.0738 0.935818 1.08724 1.12669
end
gesture a13 hands 2
0.988362 1.0877 0.97888 0.930782 0.972094 1.0448
0.982992 1.00673 1.08542 1.01604 0.885563 1.15277
0.974088 0.945717 1.08692 1.0765 0.876414 1.19502
0.905091 0.819513 1.17932 1.04788 0.834336 1.19487
0.904218 0.794372 1.14447 0.950798 0.960593 1.12419
0.957984 0.68942 1.18224 0.928145 1.04369 1.04474
0.940745 0.662502 1.2329 0.927056 1.14954 0.942389
0.930794 0.6516 1.17333 0.936179 1.17626 0.941364
0.95945 0.732281 1.22373 0.974979 0.891009 1.10647
0.930091 0.658435 1.17356 0.991383 0.877741 1.09211
0.968558 1.0731 0.964059 0.981662 0.970348 0.970677
0.957568 1.10408 0.909977 0.942848 0.953743 0.965817
0.985971 1.06219 0.988911 0.92723 0.937864 1.02143
end
gesture a13 hands 2
0.976442 1.06533 1.01716 0.90279 0.932407 1.05369
0.982188 0.992026 1.01104 0.937986 0.908496 1.0842
0.967228 0.690981 1.18195 0.965354 0.902771 1.13219
1.00635 0.756719 1.116 1.02222 0.614142 1.1511
0.997821 0.761587 1.12853 1.00766 0.661762 1.17112
0.997863 0.738324 1.03263 0.957275 0.860982 1.10536
1.06467 0.837872 0.880588 0.868264 1.30123 0.87981
0.796455 0.879602 1.2613 1.11716 1.45644 0.72301
0.636889 0.88824 1.25685 1.13292 1.59395 0.72443
0.995961 1.06532 1.07823 0.989673 0.905335 1.09903
0.965843 1.09937 0.986518 0.934511 0.955746 1.03478
0.980868 1.09792 1.00229 0.910252 0.941325 1.10356
0.978068 1.07985 1.00824 0.876411 0.929071 1.07394
end
gesture a13 hands 2
0.956972 1.02162 1.02554 0.922928 0.994827 1.08547
0.964832 0.949037 1.05513 0.957236 0.973553 1.00107
0.951031 0.749187 1.05399 1.01768 0.690675 1.16262
0.942723 0.696786 1.11114 1.0042 0.724099 1.14523
0.955913 0.734737 1.12261 1.02856 0.927396 1.16208
0.898511 0.725452 0.8305 0.961064 0.965026 1.02914
1.08498 0.886961 0.932849 0.963204 0.95684 1.03087
1.00609 0.962953 1.01181 0.971114 1.22224 0.905529
0.995187 1.07051 1.02371 0.990276 1.17912 1.00717
0.999735 1.05168 1.0443 0.741623 1.33874 0.955895
0.984825 0.906041 1.11833 0.984509 0.858799 1.093
0.979211 1.02935 1.00711 0.959733 0.98663 1.07699
0.955658 1.01026 1.00543 0.940411 0.987332 0.989689
end
gesture a13 hands 2
1.05924 1.18232 0.982027 0.82106 1.03899 1.09108
1.06989 0.549717 0.937694 0.993454 0.617654 1.09359
0.927522 0.365703 1.07783 0.825541 0.856266 0.901444
0.840865 0.543272 1.164 1.21908 1.18104 1.16084
1.09414 0.936959 0.94248 1.18663 0.979152 0.923129
0.773174 0.887917 1.11493 1.11978 1.28837 0.83907
0.829066 0.863195 1.21845 0.817363 1.10001 0.898054
1.24745 1.09921 1.16981 0.923612 1.26374 0.883458
0.814666 1.31158 0.989365 1.2687 1.15195 0.998614
0.699594 1.0286 1.07129 1.15229 0.944037 1.18023
0.617862 1.0568 0.945276 1.23949 1.03713 1.05832
1.08777 1.11475 0.9982 0.763767 0.971497 0.976303
1.1066 1.16521 0.95802 0.869401 1.03669 1.02678
end
gesture a13 hands 2
0.922073 1.16524 1.02588 0.957154 1.1637 1.0559
0.949144 1.15557 1.09803 0.966646 1.18326 1.02553
0.945782 1.10926 0.980804 0.998906 1.00262 0.933245
0.938119 0.964827 0.925191 1.02309 0.501636 0.937124
0.935324 0.659951 0.916608 0.998942 0.607882 0.918111
1.11558 0.704914 0.844839 1.01208 0.669611 0.956816
1.1928 0.866286 0.87329 0.988575 0.884767 1.02189
1.21018 0.833152 0.851744 0.973287 0.888169 1.07967
1.02208 0.825376 0.763327 0.945991 1.03713 1.10053
0.993782 0.782459 0.781313 0.919098 0.967435 1.25969
0.971942 0.958063 1.3002 0.938106 1.08971 1.25783
0.98337 1.08045 1.34435 0.98058 1.21735 1.01313
0.975727 1.17126 1.11287 0.961317 1.2126 1.04664
end
gesture a13 hands 2
0.987452 1.07602 1.08262 0.917094 1.0238 1.08592
1.01553 1.04585 1.0638 0.966243 0.872273 1.06489
0.981748 0.828055 0.941722 0.984281 0.74562 0.970562
0.952855 0.749211 0.910083 0.980095 0.828502 0.97572
0.955299 0.768642 0.941225 1.00814 0.867749 0.924178
0.936307 0.671279 0.93641 0.984439 0.754456 0.950584
0.7557 0.472069 0.993637 0.974726 0.716675 0.949581
0.716463 0.497434 1.01528 0.9813 1.1711 1.08792
0.981769 0.920836 1.02305 1.17926 1.22028 1.04145
0.970346 0.913676 1.0391 1.00208 0.815463 1.01737
0.972473 1.04715 1.10063 1.00675 0.92375 1.07616
0.979849 1.08862 1.12924 0.982384 1.00164 1.06294
0.974453 1.09185 1.10561 0.917259 1.03294 1.03376
end
gesture a13 hands 2
0.99234 1.14374 1.06892 0.927454 1.05121 1.10382
0.984366 0.939713 0.971583 0.908956 1.04321 1.14672
0.937697 0.688436 0.940091 0.966838 1.04129 1.06647
0.934174 0.610027 0.902794 0.969522 0.982578 1.00228
0.956169 0.663359 0.909762 1.00382 0.717122 0.925167
0.957004 0.599182 0.92795 0.994444 0.809805 0.94387
0.969197 0.674228 0.935119 0.971199 0.802704 0.954489
0.896814 0.915501 1.22846 0.953112 0.977295 0.970395
0.822887 1.11732 1.24162 0.788399 1.14331 1.01665
0.977822 0.824159 1.0805 1.02319 0.767253 0.999391
0.951421 0.979546 1.14459 1.01246 0.918091 1.13141
0.995908 1.10703 1.08393 0.975664 1.03686 1.09461
1.00753 1.12709 1.06865 0.944178 1.03967 1.12054
end
gesture a15 hands 2
0.996703 0.920909 1.03304 1.04375 0.966964 1.0847
0.926881 0.93451 1.03276 0.972043 0.957225 1.04876
0.923748 0.944295 1.04513 0.910177 0.945342 1.07866
0.920431 0.976255 1.08788 0.864263 0.959946 1.05464
1.00744 1.0238 1.12519 0.772529 0.975089 1.04092
1.0621 1.07708 1.17565 0.787253 0.98438 1.0242
0.997303 1.00227 1.10442 0.921097 0.966262 0.976181
0.961803 0.991329 1.14408 0.971633 0.949181 1.01391
0.95884 0.988828 1.14451 0.986977 0.93438 1.02339
0.934726 0.971439 1.07529 1.048 0.949993 1.0387
0.93943 0.932784 1.03699 1.04453 0.95943 1.07867
0.977746 0.933147 0.945476 1.03388 0.965489 1.04677
0.961703 0.930547 0.974066 1.03126 0.966158 1.08138
end
gesture a15 hands 2
0.948947 0.958925 1.02848 1.00561 0.98008 1.09498
0.913746 0.948572 1.00466 1.01025 0.976368 1.05059
0.926282 0.9552 1.11508 0.97681 0.978735 1.09246
0.960749 1.04187 1.14085 0.954337 0.967646 1.05185
1.05852 1.07959 1.26948 0.927717 0.96865 1.09805
1.03767 1.13273 1.32629 0.830311 0.986388 1.02066
1.02889 1.05387 1.00392 0.836196 0.993368 0.967138
0.955938 1.01614 1.02945 0.836772 0.975356 0.962849
0.979789 0.961598 1.16368 0.955076 0.96722 0.967013
0.999783 0.957768 0.926689 1.00057 0.941505 1.02037
0.95093 0.973968 0.885399 1.04675 0.974245 1.05157
1.03566 0.923089 1.01626 1.06591 0.972617 0.98293
1.00067 0.946239 0.976347 1.06396 0.970452 0.984605
end
gesture a15 hands 2
0.869435 0.87674 0.980579 1.01967 0.961425 1.06448
0.872504 0.885981 1.02706 1.00778 0.969819 1.09032
1.17037 1.05965 1.01371 0.9269 0.97042 1.07883
1.32108 1.43153 1.07895 0.830489 0.991927 1.0241
1.32644 1.50176 1.09448 0.810437 1.0185 0.970352
1.31798 1.44659 1.09426 1.01994 0.937624 0.95183
1.19331 1.12177 1.10544 1.06096 0.939225 1.01767
0.990637 0.933017 1.11159 1.15201 0.995789 1.02301
0.901466 0.863702 1.06744 1.09173 0.985594 1.01308
0.932808 0.866191 1.07217 1.06173 0.982931 0.939045
0.954343 0.879545 0.980666 1.08877 0.975426 0.999456
0.821642 0.888333 1.0647 1.02974 0.967669 1.05166
0.825034 0.885019 1.05148 0.856663 0.959307 1.06843
end
gesture a15 hands 2
1.05766 0.895815 1.13403 0.979749 0.956037 1.10144
1.05104 0.897807 1.1001 0.962113 0.947927 1.0499
1.02109 0.909488 1.14193 1.01671 0.937558 1.05973
0.996666 0.943325 1.05688 0.875354 0.925895 1.1127
0.930979 0.94918 1.12007 0.822473 0.947405 1.13221
0.896254 0.951991 1.03064 0.847601 0.961669 1.0925
0.889629 0.973799 1.06635 0.807934 0.943208 1.06823
0.8537 0.979727 0.977861 0.85968 0.971446 0.962989
0.867418 1.00455 0.971425 0.856367 0.936556 1.01211
0.892901 0.972297 1.05701 0.950128 0.937967 1.00238
0.847208 1.00309 1.03993 1.01196 0.964781 1.05344
0.964103 0.948734 1.06387 0.974985 0.935746 1.07731
1.10148 0.885644 1.12326 1.00516 0.947911 1.11979
end
gesture a15 hands 2
1.07781 0.948645 1.05149 1.05826 0.976287 1.07286
1.05034 0.933833 1.0434 0.983779 0.959603 1.02523
1.03169 0.935471 1.11879 1.01399 0.982125 1.09837
1.01904 0.945697 1.05303 0.938723 0.943029 1.01151
0.994252 0.939857 1.09716 0.88374 0.991266 1.00047
0.992451 0.966795 1.08541 0.819393 0.950486 1.05246
0.913118 0.992126 0.944814 0.848535 0.950717 1.04406
0.857832 1.00504 0.977028 0.995793 0.964826 0.966865
0.885434 1.02899 0.94939 1.02032 0.975608 1.01086
0.90796 0.999483 0.967438 0.978198 0.967709 1.10975
0.925242 0.982047 1.02853 0.963392 0.977141 1.13545
1.02678 0.940945 1.1141 0.915118 0.94434 1.08783
1.03186 0.922789 1.1065 0.967399 0.961115 1.03237
end
gesture a15 hands 2
1.03689 0.896549 1.06544 1.09328 0.968837 1.03822
1.03745 0.868782 1.09215 1.09867 0.961111 1.01435
0.913433 1.07859 0.990522 1.0064 0.944875 1.08493
0.909926 1.15509 1.04559 0.865196 0.955226 1.09802
0.82807 1.08016 0.991014 0.846501 0.976658 1.02441
0.828717 1.09355 0.954768 0.744988 0.991771 1.19062
0.865371 1.11578 0.99956 0.713233 0.993346 1.22967
0.829534 1.03907 0.980348 0.869673 1.0092 0.826776
1.0168 0.983741 1.04263 0.881472 1.00316 0.870383
1.14859 0.916317 0.996087 0.792678 1.00699 1.06962
1.17656 0.88386 1.02508 1.11752 0.955856 1.03168
1.10612 0.903836 1.02291 1.1826 0.972496 0.956517
1.10768 0.895153 1.06176 1.17834 0.966967 0.995943
end
gesture a15 hands 2
1.09836 0.875281 1.07378 1.07552 0.984099 1.01602
1.01244 0.866353 1.02602 1.08783 0.938784 1.0823
1.0151 0.867281 1.08147 0.904869 1.02221 0.770219
1.06933 0.873762 1.08433 0.766285 1.02958 0.855541
0.982157 0.932376 1.03177 0.679527 1.06143 1.35355
0.88198 1.1618 0.961012 0.81187 0.975501 1.30911
0.908413 1.08886 0.996997 0.968285 0.991984 0.901424
0.853185 1.15587 0.966063 0.872156 1.00994 0.874232
0.919172 1.03742 0.977605 0.69753 0.990519 1.19021
0.925468 1.03769 0.971926 0.735207 1.0022 1.31186
0.961683 0.930794 1.03644 1.06297 0.9878 0.884658
1.09409 0.922199 1.07904 1.09645 0.95567 1.04611
1.09628 0.903441 1.02388 1.19451 0.977924 0.953444
end
gesture a15 hands 2
1.10432 0.908183 1.13991 1.18446 1.07747 1.12622
1.0228 0.890018 1.06139 1.02855 0.956597 1.18363
1.02497 0.888439 1.09614 1.01205 0.917316 1.09869
0.93708 0.870706 1.08731 0.902562 0.980669 0.82866
0.9527 0.865007 1.042 0.820672 1.00356 0.850392
0.963565 0.9439 1.06221 0.661143 0.978884 1.18465
0.949833 1.02375 1.0017 0.725631 0.951169 1.16547
0.909107 1.16173 1.01022 0.899269 0.94069 0.910776
0.925959 1.05419 0.994397 1.08383 1.04489 0.736658
0.954316 1.11873 1.02038 1.10806 1.06973 0.734805
1.0903 1.0237 0.965396 1.04775 1.02726 0.805993
0.951594 1.01262 0.99658 0.828764 1.01648 0.995996
1.03514 0.963254 1.03891 0.898369 1.00749 0.994008
end
gesture a15 hands 2
0.950837 0.927744 1.05365 0.995904 0.969623 1.03134
0.963625 0.927099 1.02323 1.0424 0.981076 1.06773
0.941519 0.919091 1.0571 0.996038 0.967004 1.02609
0.958923 0.927613 1.02754 0.981252 0.963897 1.02554
0.925257 0.936007 1.05748 0.972533 0.963853 1.07537
1.07886 1.02619 1.04936 0.955306 0.958757 1.01248
1.0843 1.06849 1.07528 0.941782 0.95389 1.0589
1.22588 1.15378 1.08997 0.883905 1.0151 1.00715
1.22549 1.1566 1.07892 0.91559 0.982227 0.985623
0.942561 0.992484 1.07383 0.993789 0.962858 1.06953
0.912785 0.983383 1.07754 0.916173 0.955657 1.03502
0.888915 0.96961 0.967157 0.952443 0.965357 1.07973
0.911788 0.935128 0.993841 0.969243 0.95806 0.992687
end
gesture a15 hands 2
0.890713 0.905563 0.995741 0.960571 0.941428 1.01028
0.898988 0.896694 1.03317 0.954399 0.966267 1.04205
0.901065 0.943267 1.06998 0.948478 0.961305 1.00803
0.971563 0.954876 1.04818 0.922668 0.950732 1.05342
1.16028 1.13804 1.03822 0.919039 0.979176 1.03859
1.17564 1.17448 1.01 0.898685 0.974539 1.07456
1.12001 1.13006 1.03363 0.957467 0.9713 0.991951
1.06547 1.0439 1.133 0.953219 0.966475 1.00041
0.992997 0.94546 1.11466 0.983271 0.962153 1.13897
0.920299 0.907119 1.00259 1.03026 0.968659 1.06588
0.915328 0.899979 1.03817 0.997172 0.956972 1.05434
0.949058 0.913135 0.982824 1.00798 0.96347 1.03765
0.93955 0.892606 1.04387 1.02386 0.965466 1.10155
end
gesture a15 hands 2
0.925994 0.922238 1.00065 0.992071 0.966684 1.03462
0.926316 0.972861 1.0649 0.974938 0.967568 1.06794
0.965385 0.988526 1.02734 0.96227 0.94298 1.01983
1.13025 1.07699 1.09916 0.905242 0.99016 0.963646
1.17606 1.10575 1.18445 0.888854 0.981556 1.00759
1.15869 1.08452 1.21171 0.915059 0.98307 0.958406
1.11237 1.04069 1.17053 0.938688 0.965102 1.05157
0.992716 0.993426 1.12451 0.93091 0.955197 1.02647
0.987228 0.970216 1.01247 0.967474 0.965338 1.11276
0.916011 0.933201 0.957459 1.01057 0.952169 1.07152
0.895259 0.937251 0.991828 0.982145 0.95237 1.03544
0.944681 0.927456 0.950531 1.04223 0.978725 1.08146
0.957006 0.933926 1.00854 1.04437 0.966681 1.07413
end
gesture a15 hands 2
1.00425 0.937952 1.02353 1.03268 0.981665 1.01439
0.96893 0.949475 1.02723 1.02521 0.985132 0.999754
0.936393 0.951721 1.06859 1.01295 0.97272 1.04118
0.94626 0.993354 1.05187 1.00392 0.983749 1.02796
1.00508 1.00994 1.05535 0.989434 0.983392 1.06245
1.02142 1.04622 1.01564 0.948531 0.973911 1.07772
1.05795 1.05128 1.07127 0.952157 0.968086 1.06288
1.05402 1.07065 1.04419 0.895631 0.972534 1.06066
0.97631 1.05071 1.00039 0.902654 0.968021 1.04114
0.957241 1.04014 0.998789 0.942512 0.94975 1.06035
0.94147 0.971995 1.05909 0.963197 0.988777 1.0006
0.959 0.947381 1.00743 0.977177 0.974296 1.01618
0.980102 0.938452 1.01398 1.00285 0.996534 0.980438
end
gesture a15 hands 2
0.915992 0.925812 0.996262 0.960623 0.994575 1.0302
0.889903 0.925893 1.01074 0.950971 0.99101 1.05889
0.920438 0.952772 1.00961 0.935007 0.974256 1.10121
0.992636 1.01671 1.02281 0.934619 0.977028 1.08824
0.986337 0.992672 1.05972 0.94734 0.927595 1.07983
1.0513 1.00148 1.09408 0.926635 0.935704 1.09294
1.06577 1.02175 1.1403 0.907034 0.955069 1.04876
1.04298 1.06129 1.19687 0.888728 0.946343 1.05624
0.997737 1.04292 1.10126 0.924059 0.930622 1.05093
0.938299 0.953408 1.07349 0.982799 0.9691 1.02162
0.939699 0.942042 1.0568 0.990573 0.97358 1.03468
0.955457 0.906379 0.989474 1.01969 0.977585 1.00737
0.978565 0.893707 0.989512 1.01718 0.978145 1.02259
end
gesture a15 hands 2
0.959339 0.915885 1.00586 1.01135 0.983124 1.04764
0.895193 0.93297 1.00464 1.0068 0.996114 1.00226
0.896786 0.941052 1.00193 1.00124 0.984098 1.04204
0.920442 0.966063 0.98315 0.963506 0.986486 1.0296
0.979339 1.0139 1.00289 0.931221 0.966449 1.09196
1.06725 1.00839 1.134 0.928115 0.933038 1.07531
1.07446 1.02321 1.20513 0.922284 0.921677 1.10108
1.02775 1.04648 1.14894 0.937288 0.923902 1.05633
1.01547 1.04774 1.16556 0.887854 0.961782 1.04303
0.981291 0.981851 1.02569 0.916679 0.933555 1.05826
0.931918 0.93214 0.989124 0.985627 0.969229 1.02665
0.93506 0.919783 0.978084 0.978866 0.970749 1.03817
0.953842 0.908088 0.996288 1.00831 0.980298 1.00509
end
gesture a15 hands 2
1.0738 0.909025 1.07918 1.02435 0.96585 1.03976
0.996961 0.923197 1.06356 1.00865 0.969556 1.07315
1.00205 0.982295 1.05791 1.01457 0.964025 1.05497
0.923847 1.04551 0.97161 0.956578 0.947618 1.0635
0.88449 1.06269 0.970021 0.943204 0.947035 1.0115
0.827835 1.00546 1.05536 0.922934 0.956563 1.027
0.830099 1.01335 0.978343 0.939085 0.953174 1.00572
0.87211 0.99405 0.988658 0.921769 0.952083 1.05068
0.981082 0.95228 1.05747 0.911035 0.963714 1.03099
1.07321 0.919716 1.13959 0.902554 0.947159 1.13266
1.076 0.916602 1.15282 0.979867 0.954772 1.06109
1.02249 0.897475 1.12335 0.954433 0.968122 1.06004
1.02136 0.903911 1.07121 0.984733 0.968191 1.04532
end
gesture a15 hands 2
1.06587 0.87615 1.10161 1.00041 0.954141 1.06928
1.0854 0.886379 1.06006 1.00935 0.952081 1.04211
1.0125 0.912912 1.06493 0.99385 0.957075 1.06049
0.974296 0.96039 1.03716 0.948213 0.951124 1.06993
0.94051 0.987429 1.01091 0.94831 0.982699 1.09992
0.908826 0.995957 1.03376 0.922046 0.986945 1.09946
0.851802 1.01763 1.0479 0.892184 0.942865 1.06851
0.851834 1.0305 1.03382 0.879761 0.920356 1.04882
0.830942 1.02083 1.05694 0.884375 0.910957 1.06676
0.873289 1.01441 1.00617 0.911663 0.914914 1.0368
0.863347 0.98936 1.05225 0.97638 0.933953 1.0637
1.00611 0.937134 1.09635 0.981374 0.947905 1.03316
1.01144 0.907685 1.07791 0.935807 0.945614 1.04879
end
gesture a15 hands 2
0.986091 0.923899 1.07861 0.931329 0.947615 1.03877
0.929711 0.982106 1.03357 0.923238 0.948587 1.06444
1.02613 0.979272 1.05467 0.92897 0.95633 1.02302
0.894643 1.01144 1.02112 0.930876 0.95669 1.07696
0.865852 1.0485 1.02186 0.940037 0.962632 1.05885
0.855564 1.03235 1.04781 0.924027 0.985766 1.05377
0.869535 1.00535 1.03106 0.927091 0.932132 1.04322
0.865426 0.9853 1.06035 0.926529 0.932203 1.0858
0.917623 0.980412 1.0447 0.939214 0.924282 1.05628
0.983771 0.946865 1.08052 1.04773 0.951466 1.02239
1.1067 0.903713 1.07548 1.0297 0.959363 1.07313
1.11755 0.892587 1.07014 1.02921 0.945373 1.06405
1.06563 0.898876 1.0155 1.01066 0.973074 1.04664
end
gesture a15 hands 2
1.00073 0.865209 1.09493 1.03578 0.931404 1.05734
0.993578 0.998151 1.07143 1.01832 0.941844 1.07527
0.965751 1.01677 1.01106 0.989437 0.960548 1.05728
0.922231 1.0899 0.953128 0.89674 0.96277 1.09793
0.922143 1.10939 0.958231 0.878212 0.969378 1.06795
0.915115 1.05148 0.980292 0.82106 0.970898 1.06707
0.898737 1.01844 1.00139 0.811635 0.978251 1.10244
0.942627 0.967843 1.02586 0.803356 0.974444 1.09799
0.951745 0.939509 1.04042 0.865404 0.954047 1.03372
0.976866 0.864492 1.16945 0.875449 0.944352 1.07353
0.977856 0.868893 1.21683 0.986435 0.934042 1.05972
0.969692 0.866287 1.20895 0.989413 0.931206 1.04048
0.956644 0.853782 1.14293 0.978687 0.920421 1.08953
end
gesture a15 hands 2
0.998854 0.851996 1.14985 1.02231 0.934733 1.0954
0.992959 0.891326 1.05557 1.01316 0.953772 1.12811
0.975721 0.909633 1.12231 1.04523 0.935714 1.07814
0.947086 0.972886 1.02817 0.977993 0.947048 1.11291
0.925854 0.991944 1.00958 0.873031 0.95396 1.04345
0.890006 1.06854 0.970886 0.831235 0.972425 0.991653
0.890035 1.11005 0.947343 0.865447 1.00145 0.997983
0.964602 0.972313 1.01957 0.841148 0.980584 0.982821
0.97959 0.924987 1.06918 0.874663 0.972089 1.039
1.03898 0.884723 1.11036 0.889679 0.993001 0.994047
1.04355 0.856721 1.20565 0.910884 0.947971 1.09136
1.03209 0.85018 1.21369 0.969196 0.920379 1.13024
1.00714 0.844739 1.16669 1.03305 0.947124 1.07593
end
gesture a15 hands 2
1.00007 0.823437 1.16739 1.01801 0.929332 1.10846
0.976596 0.85223 1.12969 1.01092 0.929078 1.10128
0.958869 0.885518 1.12321 0.992247 0.92997 1.14337
0.963328 0.926153 1.1389 0.971406 0.928185 1.14928
0.954964 0.94199 1.05449 0.947119 0.914627 1.1067
0.937782 0.961704 1.03467 0.934556 0.913549 1.11493
0.879622 1.03548 0.997476 0.918312 0.929078 1.07635
0.865189 1.0414 0.979486 0.86437 0.955212 1.03637
0.902761 0.98972 1.00163 0.841484 0.958306 1.05127
0.95914 0.911522 1.12229 0.87403 0.965237 1.0152
1.0404 0.862647 1.15752 0.882022 0.961965 1.01524
1.05097 0.857872 1.21849 0.929735 0.908546 1.12548
1.05269 0.848333 1.23376 0.977591 0.909813 1.13395
end
gesture a16 hands 2
1.00996 0.848516 1.10376 0.946403 0.854442 1.07927
1.00063 1.00442 0.8341 0.90552 0.964297 1.09594
0.993541 1.02051 0.900676 1.03206 1.11477 0.828082
0.994179 0.915824 1.10048 1.04016 1.18215 0.88798
0.952884 1.02667 1.08934 0.985076 0.917132 1.02609
0.919433 1.10587 0.835383 1.01968 0.979544 1.06207
0.881683 1.26776 0.836036 1.05343 1.26327 0.854909
0.914018 0.992558 1.09691 1.05105 1.29921 0.888206
0.937054 1.09259 1.06418 1.01628 0.97381 0.964116
0.914141 1.09103 0.83522 0.999334 1.00267 1.03433
0.869202 1.35669 0.889556 1.00385 1.11228 0.829356
1.04256 0.888737 1.09582 0.929845 0.872723 1.13326
1.04913 0.861588 1.10462 0.952608 0.864254 1.15099
end
gesture a16 hands 2
1.07814 0.859543 1.08602 0.986229 0.861003 1.10318
0.916645 1.12372 0.816565 1.00021 0.880026 0.969234
0.880055 1.328 0.842211 0.900166 0.848428 1.1666
0.906973 1.33493 0.887226 1.01953 1.11225 0.82261
1.0381 0.912585 1.11433 1.08508 1.36358 0.84246
0.930413 1.05036 0.922906 1.0947 1.3431 0.911227
0.850647 1.35277 0.85053 1.01504 1.01953 0.949365
0.88299 1.33485 0.863543 1.09041 1.31902 0.851634
0.979494 0.945561 1.09719 1.11168 1.34044 0.901532
0.95637 1.0812 1.06038 1.0102 0.937012 0.970062
0.919853 1.03104 0.882999 0.834569 0.878668 1.21692
0.99776 0.87985 1.17727 0.952908 0.887211 0.966542
1.01098 0.84414 1.10498 0.930095 0.857462 1.19778
end
gesture a16 hands 2
0.984861 0.852682 1.13404 0.892911 0.866037 1.09155
0.936124 0.967591 0.808051 0.844722 0.846612 1.21393
0.861559 1.25134 0.837636 0.959169 1.03885 1.05625
0.893154 1.1843 0.899813 0.991577 1.08458 0.836174
0.984548 0.916305 1.12139 1.05619 1.31279 0.887068
0.938708 1.03517 0.858376 1.03999 1.26157 0.905735
0.895306 1.2884 0.863162 1.02745 0.968654 0.982493
0.963964 0.969328 1.08067 0.995318 1.02215 1.06021
0.933574 1.02676 0.879374 1.07476 1.29719 0.890357
0.874535 1.26542 0.853035 1.03085 1.02267 0.957168
0.897755 1.27192 0.898445 0.963134 0.960367 0.895704
1.07287 0.887589 1.13602 0.978425 0.858906 1.12002
1.04766 0.847279 1.07162 0.978516 0.860766 1.08642
end
gesture a16 hands 2
1.01696 0.785095 1.17018 0.902097 0.764443 1.11878
1.03418 0.764544 1.17032 1.03928 1.06099 0.923455
1.02287 0.91319 1.20857 1.01648 1.06717 0.984152
0.92392 1.13251 0.887622 0.904518 0.797903 1.08543
1.02334 0.915422 1.18918 1.07375 1.25114 0.932854
1.01541 0.899169 0.981377 1.06032 1.01925 0.948345
0.854336 1.24908 0.884929 0.857027 1.00156 1.06134
0.927657 0.959746 0.949092 1.04651 1.22945 0.969112
1.05411 0.907635 1.14456 0.889331 0.916708 1.09707
0.86963 1.24293 0.879074 0.893896 0.979254 1.0842
1.01086 0.886643 1.12936 1.0811 1.25478 0.958197
0.914989 1.21446 0.887482 0.920871 0.879205 1.04845
0.942112 0.953706 1.01828 0.934661 0.820866 1.13848
end
gesture a16 hands 2
1.03166 0.806001 1.18903 0.958697 0.808769 1.20956
1.10814 1.14191 1.07332 1.06303 1.19006 0.94072
0.833469 1.21135 0.83879 0.885024 0.975938 1.13193
1.07189 0.989391 1.11672 0.958332 0.823703 1.11925
1.00804 0.978845 1.16203 1.0664 1.0473 0.885282
0.817121 1.29684 0.832613 1.04555 1.31934 0.98349
0.870785 0.996292 0.90347 0.920484 0.994077 0.981223
0.996953 1.03761 1.01165 0.899112 0.978019 1.10471
0.849884 1.2291 0.797153 1.01204 1.22642 0.84018
1.00219 0.939257 1.04552 0.877354 0.947248 1.07511
1.07796 1.00717 1.04848 1.02252 1.13894 0.812647
0.898276 1.21429 0.789398 1.09219 1.2614 0.90736
1.00382 0.834106 1.0126 0.943975 0.812496 1.10253
end
gesture a16 hands 2
0.977699 0.833104 1.08386 0.931391 0.786859 1.17539
1.01362 1.04273 1.19578 0.986394 1.15736 0.878852
0.996018 1.11755 1.22981 0.899766 0.925524 1.29065
0.909067 1.20887 0.931932 0.828017 0.811671 1.12626
0.811157 1.14534 0.851816 1.01427 1.20327 0.884719
1.02269 0.988872 1.12049 1.03828 1.35744 0.972555
1.04132 0.945024 1.0964 0.917076 0.911141 1.05089
0.810656 1.27198 0.863423 0.935808 1.01801 0.860337
1.08322 1.01596 1.11308 1.0463 1.26602 0.952451
1.03341 1.02507 1.08527 0.905067 0.887045 1.13476
0.864655 1.27056 0.815477 1.04618 1.21766 0.853442
0.849714 1.2216 0.907734 1.07201 1.24645 0.866557
1.03237 0.840886 1.03968 1.0042 0.805443 1.10442
end
gesture a16 hands 2
1.03207 0.859913 1.0825 0.961324 0.860367 1.10594
1.03852 0.878849 1.05848 0.994251 0.919787 1.02306
0.959014 1.05036 0.897454 1.01512 1.14289 0.892124
0.926279 1.24975 0.916285 1.00974 1.14916 0.800112
0.955564 1.03874 0.989633 1.00333 1.31961 0.822534
0.981345 1.04177 1.05033 1.00932 1.32993 0.86085
0.983132 1.14721 1.02429 0.994829 1.04332 0.987556
0.91374 1.05371 0.882238 1.02117 0.973391 1.00553
0.875209 1.18014 0.883327 1.00285 1.08753 1.04383
0.866349 1.16814 0.937597 0.945433 0.97653 1.03221
0.914316 0.970429 1.01296 0.901797 0.877635 1.15942
0.986896 0.898386 1.12933 0.899264 0.879953 1.10784
0.991162 0.891438 1.09456 0.977203 0.894196 1.10743
end
gesture a16 hands 2
1.02473 0.846648 1.12451 0.989325 0.838513 1.1446
0.877343 1.171 0.886245 0.980933 0.828784 1.07726
0.879941 1.31776 0.93464 1.02654 1.03974 1.05834
0.964206 0.907659 1.08363 0.978666 1.12621 0.84438
0.945006 1.14545 0.988001 0.985257 1.32206 0.871084
0.852384 1.11624 0.868282 1.00534 0.979369 1.01581
0.819323 1.32136 0.905508 0.999998 0.923214 1.06167
0.8397 1.26431 0.922804 0.968627 1.0916 1.0449
0.950619 0.961344 1.06835 0.975757 1.06349 1.03014
0.959339 1.08506 1.04224 0.958899 1.15126 0.837663
0.970191 0.970113 0.932935 0.97912 1.30988 0.865563
1.06716 0.854109 1.09469 0.969903 0.983018 0.974039
1.05329 0.847078 1.07485 0.935551 0.845943 1.07382
end
gesture a16 hands 2
1.02683 0.824176 1.10294 0.921486 0.833837 1.09404
0.908714 0.921147 0.908152 1.00143 1.06694 1.05063
0.864984 1.17461 0.897544 0.949381 1.07142 0.865373
0.837537 1.31003 0.943046 0.98269 1.31017 0.858755
0.891357 1.01243 1.01433 0.983327 1.27592 0.888777
0.947893 1.08738 1.04482 0.962633 0.942763 1.05061
0.895096 1.04576 0.921792 0.987301 1.08701 1.06593
0.799093 1.29009 0.934218 0.963732 1.05951 0.871489
0.868566 1.1909 0.958047 1.01287 1.30385 0.87373
0.962528 0.934234 1.07134 1.01871 1.02624 0.938791
0.969346 1.09008 1.03395 0.903905 0.871269 1.18496
1.11083 0.831786 1.14019 0.977768 0.83819 1.09816
1.03205 0.822442 1.07422 0.952625 0.805142 1.13499
end
gesture a16 hands 2
1.01563 0.802492 1.14423 0.892288 0.783622 1.14317
1.00822 0.825032 1.08917 1.00364 1.05952 0.91999
1.02065 0.861643 1.16042 0.993872 1.22439 0.900477
0.970849 0.898867 1.034 0.992898 1.24198 0.912383
0.925728 0.914772 1.03611 0.957913 1.04092 0.995808
0.900586 1.01355 0.927907 0.959064 1.0444 0.995284
0.876432 1.19792 0.93265 1.03399 1.20666 0.925518
0.896484 1.29042 0.898368 1.04311 1.17787 0.886718
0.918428 1.17745 0.891835 0.99025 1.0479 0.993311
0.919098 1.08103 0.939644 1.0456 1.14186 0.919176
0.911718 1.13357 0.937004 0.99232 0.98334 0.947067
1.03417 0.835148 1.15627 0.893945 0.809675 1.15596
1.04252 0.806205 1.15539 0.917501 0.792316 1.1624
end
gesture a16 hands 2
1.03788 0.775675 1.15162 0.906231 0.772571 1.11518
0.982658 0.810632 1.08942 0.929825 0.887472 0.945428
0.974387 0.862201 0.972095 0.952412 1.14106 0.885138
0.92443 1.14648 0.887914 0.968804 1.22167 0.899209
0.906831 1.25901 0.876823 0.985616 1.09251 0.967387
0.859957 1.22471 0.882337 0.974655 1.0999 0.931261
0.917001 1.03119 0.966996 1.06217 1.1844 0.935682
0.945816 0.976839 0.979257 0.994366 1.01849 0.996457
0.909611 1.10969 0.904035 1.04394 1.13107 0.995418
0.892848 1.18258 0.952952 1.02409 1.12457 0.981865
0.977701 0.950544 1.05625 0.951825 0.858459 1.10408
1.07955 0.777989 1.22276 0.889208 0.789337 1.23584
1.06239 0.76953 1.21549 0.903926 0.775181 1.25736
end
gesture a16 hands 2
1.04391 0.7997 1.18422 0.938709 0.808678 1.15693
0.968098 0.830212 1.10248 0.911766 0.85665 1.00324
0.940277 0.965167 0.932399 0.984179 1.01251 0.883541
0.895047 1.28291 0.86796 1.00514 1.20077 0.880976
0.86044 1.23885 0.874069 1.00489 1.1084 0.950135
0.915623 1.09126 0.943986 1.02883 1.20937 0.888632
0.951746 1.02759 0.970801 0.97419 1.06735 0.996147
0.933238 1.12852 0.936193 1.06125 1.24831 0.898092
0.872853 1.29499 0.903872 1.02438 1.03235 0.943498
0.878398 1.28041 0.891546 0.928347 0.880996 1.10866
1.04577 0.831643 1.05534 0.929091 0.814422 1.22188
1.03711 0.790337 1.17046 0.957218 0.819522 1.08057
1.0427 0.817833 1.1404 0.956785 0.813771 1.1232
end
gesture a16 hands 2
1.11439 0.737082 1.23846 0.966488 0.774048 1.20807
0.951469 1.18516 0.965094 1.00134 0.865348 1.44249
0.911312 1.22756 0.911221 0.946061 0.94951 1.1188
0.984872 0.894411 1.04225 1.06001 1.34412 0.824865
0.996609 1.08185 1.09795 1.0634 1.27827 0.830895
0.900406 1.20714 0.862986 1.02294 0.889482 1.05918
0.976611 0.878737 0.993532 0.99955 1.02571 1.04662
0.902088 1.14635 0.985548 0.975562 1.30089 0.721185
0.833603 1.21109 0.834915 0.984225 1.23549 0.739082
0.895951 0.86611 0.903631 0.910054 0.944059 0.980905
0.872344 1.07274 0.959214 0.932138 1.27377 0.758119
0.910854 1.03919 0.968959 0.981801 0.950574 0.851518
1.13536 0.768335 1.14249 0.956744 0.806532 1.2454
end
gesture a16 hands 2
1.10876 0.752661 1.18385 0.915394 0.781363 1.22703
1.05369 0.855639 1.0492 0.938302 0.848428 0.975141
0.857112 1.22495 0.897061 0.911007 0.848831 1.01613
0.879812 0.903752 0.953315 0.946876 0.856349 1.29267
0.934085 0.914564 1.0598 0.924245 0.932284 0.965543
0.916046 1.12354 1.07118 1.00448 1.33112 0.829306
0.91865 1.21948 0.909486 0.995843 0.969268 0.975964
0.911294 1.10811 0.868541 0.964859 0.92727 1.05095
1.01412 0.854916 1.10138 1.03422 1.28684 0.840815
1.01648 0.906404 1.09983 0.994913 1.26232 0.803918
0.926848 1.15114 0.98867 1.04947 1.06282 0.877523
1.00404 0.823539 0.992333 0.990223 0.835114 1.1862
1.07909 0.735522 1.22172 0.927572 0.7824 1.23378
end
gesture a16 hands 2
1.0977 0.763891 1.25966 0.941231 0.796688 1.25075
0.916672 1.10307 0.933001 0.975062 0.825985 1.1223
0.913017 1.02251 0.902838 1.08793 1.10647 0.976952
1.0199 0.988859 1.08245 1.01658 1.3482 0.817507
0.944538 1.26118 1.01688 0.966272 1.08037 0.774457
0.925104 1.28939 0.910787 0.994088 0.995484 0.818993
0.872346 1.00946 0.849509 0.947541 0.989888 1.07304
0.962817 0.933268 1.0304 0.958745 1.01252 1.02935
0.930025 1.16798 0.997541 1.02244 1.33989 0.856082
0.918258 0.984531 0.85394 0.957278 0.958844 0.808981
0.999907 0.821495 0.964431 0.975154 0.856811 1.21792
1.1077 0.774654 1.23059 0.998542 0.861555 1.18743
0.996665 0.82314 1.0792 0.886866 0.810411 1.08454
end
gesture a16 hands 2
0.945769 0.939487 1.08627 0.959196 0.895455 1.10988
0.998084 1.0005 1.04574 1.01326 0.942306 1.22792
0.99118 0.973502 1.08734 1.05822 1.01499 1.06564
0.949332 0.914743 1.20019 0.935694 0.922088 1.07458
0.951953 0.952592 1.16578 0.915769 0.974028 0.841914
0.978532 1.02659 0.95746 0.964505 1.1214 0.811033
0.980254 1.04834 0.814462 0.932952 0.86702 1.12922
0.97578 1.03642 0.758772 0.917587 0.969869 1.33867
0.982161 1.01118 1.00546 0.906364 0.952534 1.23325
0.937857 0.928892 1.15781 0.872615 0.91712 0.892916
0.936844 0.945345 1.15416 0.886061 1.08262 0.721519
0.971145 0.945977 1.04563 0.964328 1.10138 0.744258
0.97523 0.957065 1.02954 0.983754 0.879703 1.09477
end
gesture a16 hands 2
1.01782 0.961042 1.10622 1.02697 0.948164 1.07757
0.953633 0.98094 0.957837 1.023 1.07138 0.82293
0.955626 0.947414 0.999389 1.00805 1.06043 0.856638
0.970047 0.98317 1.12046 0.986302 0.880117 1.1805
1.00793 0.962259 0.942654 0.945171 0.974745 1.3045
0.998247 1.04242 0.865472 0.921168 0.901007 0.956203
0.992941 0.921075 1.14416 0.958676 1.10355 0.782739
0.974432 0.954311 1.13886 0.967085 0.884266 1.16452
1.00799 0.985092 0.973998 0.941341 0.970762 1.28109
0.988522 0.945953 0.912268 0.888518 0.904305 1.0903
0.986011 0.996664 0.965986 0.936535 1.09191 0.747798
0.947861 0.949703 1.08451 0.986109 0.924053 1.20362
0.99115 0.967023 1.04651 0.996644 0.919261 1.18157
end
gesture a16 hands 2
0.993545 0.982036 1.08032 1.00846 0.948303 1.09579
0.94373 0.943682 0.953869 0.944067 0.957144 1.15786
0.9702 0.934477 1.08953 1.01508 1.08306 0.803041
1.00587 0.98676 1.09319 0.968709 0.904911 1.17758
1.0241 0.957704 0.872569 0.984003 1.01492 1.31868
1.02274 1.00948 0.84398 0.927061 0.963647 0.797463
1.02939 0.973272 1.0636 0.949157 1.08566 0.727125
1.00741 0.935774 1.09908 0.99737 0.904769 1.09905
1.03905 0.979036 0.909826 0.988299 1.00579 1.31385
1.03892 0.943797 0.900144 0.915627 0.937012 0.9904
0.970343 0.969645 1.04106 0.89791 1.12969 0.734987
1.02375 0.996301 1.04852 0.994319 0.941624 1.05257
0.92333 0.974564 1.04698 0.950912 0.9461 1.0587
end
gesture a16 hands 2
1.0196 0.804472 1.14599 0.903228 0.832014 1.12686
1.02187 0.800825 1.14563 0.908659 0.829051 1.13027
0.904001 0.959399 0.925056 0.92718 0.859392 1.01271
0.856154 1.17 0.875803 0.908077 0.905842 1.17291
0.875671 1.13412 0.948586 0.926792 0.957489 1.17541
0.990652 0.996708 1.09079 1.00129 1.07997 0.838644
0.956798 1.05758 1.11773 1.02402 1.1403 0.868417
0.910881 1.1232 0.909093 0.948309 1.02614 1.04324
0.893558 1.16078 0.882972 0.943232 0.989136 1.0808
0.96151 0.963703 1.12187 0.982333 1.1217 0.985664
0.990582 1.00163 0.966371 1.03095 1.12504 0.890424
0.999788 0.971412 0.971374 0.987459 0.92823 1.09265
1.05535 0.851083 1.10751 0.949646 0.899451 1.08036
end
gesture a16 hands 2
1.04133 0.807389 1.18593 0.912658 0.840335 1.15596
0.995399 0.864606 1.04317 0.935159 0.814415 1.15483
0.876146 1.08978 0.90056 0.919162 0.920789 1.1319
0.923545 1.11276 0.9498 1.00461 1.11255 0.949667
0.992229 0.958789 1.06686 1.04236 1.14858 0.844306
1.03193 0.955242 1.13724 0.972766 0.984361 1.06764
0.992745 1.0368 1.0925 0.95425 0.972541 1.09693
0.899926 1.12672 0.868249 1.01164 1.09941 0.872129
1.00125 0.95234 1.11144 1.01217 1.10176 0.86508
0.946933 1.06586 0.882624 0.996791 1.01939 1.05954
0.951666 1.00796 0.950664 0.936571 0.979224 1.08814
1.02272 0.837718 1.12544 0.993804 0.968194 0.999903
1.02641 0.781386 1.21647 0.898923 0.8304 1.10357
end
gesture a16 hands 2
1.00037 0.829951 1.21919 0.907842 0.872802 1.1573
1.02743 0.865363 1.06901 0.949129 0.890671 1.13628
0.894225 1.07155 0.840213 0.921475 1.02732 1.06471
0.871809 1.21372 0.882153 1.01555 1.15401 0.802536
0.876359 1.16419 0.930421 1.04325 1.20942 0.8065
0.97573 1.00473 1.0408 1.07083 1.20082 0.854164
1.00841 1.05168 1.05951 1.01557 1.10244 0.997504
0.972964 1.10472 1.03988 0.93994 0.980921 1.05478
0.919265 1.15237 0.805392 1.0004 1.17352 0.92938
0.900548 1.15642 0.815233 1.02359 1.13096 0.814768
0.946456 1.03129 1.02084 0.985655 0.94636 1.01519
1.05692 0.895531 1.02494 0.962587 0.857688 1.12507
1.03879 0.840359 1.10563 0.964206 0.851392 1.12122
end
gesture a16 hands 2
1.04181 0.754303 1.16748 0.937485 0.795416 1.11153
0.891865 1.20545 0.788625 0.877586 0.955747 1.23542
0.857779 1.34746 0.814671 1.03708 1.09601 0.825038
0.977446 0.83127 1.1669 1.072 1.30928 0.880177
1.02266 0.913105 1.26272 0.954443 0.901269 1.05719
0.897536 1.23565 0.898306 0.921751 0.983948 1.16295
1.05296 0.86643 1.10966 1.04395 1.12279 0.859602
1.04566 0.950663 1.19722 1.12333 1.32364 0.875839
0.89069 1.37664 0.882221 1.01685 0.945398 0.987639
0.992169 0.894709 1.03666 0.917598 1.0447 1.08856
1.01418 0.921161 1.17123 1.03751 1.13421 0.842253
0.93895 1.20282 0.855673 1.09848 1.30116 0.87861
1.04903 0.786749 1.23751 0.909355 0.840172 1.10557
end
gesture a16 hands 2
1.03885 0.786786 1.29228 0.911208 0.814337 1.18536
0.930281 1.13654 0.802256 0.964521 0.859572 1.44679
0.883697 1.31571 0.796174 1.09089 1.31265 0.846385
0.995426 0.846394 1.17402 0.984427 0.928842 1.05959
1.02037 0.97582 1.18873 0.938846 0.979758 1.07024
0.930854 1.28855 0.842805 1.0987 1.28362 0.759354
0.987595 0.866249 1.18331 1.10069 1.31164 0.793889
0.993372 0.92762 1.1478 0.944624 0.98748 1.06405
0.922929 1.25955 0.758312 1.08524 1.27347 0.806372
1.02609 0.879458 1.11733 1.00203 0.959038 1.01465
0.935128 1.29213 0.77158 1.02645 1.03855 0.851721
1.02745 0.814997 1.22232 0.867874 0.801379 1.19376
1.02909 0.788687 1.15368 0.896193 0.793575 1.15961
end
gesture a16 hands 2
1.00905 0.799935 1.17357 0.894926 0.738687 1.22711
1.0152 0.850119 1.30764 1.07549 1.27451 0.865527
1.01548 1.07617 0.860699 0.978756 0.886917 1.08093
0.910415 1.28525 0.818191 0.943927 0.915843 1.21582
1.01104 0.880092 1.15613 1.05342 1.1817 0.941841
1.05638 0.967257 1.24122 0.931611 0.915863 1.19001
1.00695 1.06921 0.84578 1.06009 1.22929 0.837013
0.910923 1.27046 0.842153 0.951725 0.920965 1.0435
0.987927 0.896365 1.06387 0.906497 0.979542 1.13812
0.888264 1.34971 0.781381 1.03162 1.2112 0.851082
0.951757 0.880334 1.08914 1.04836 1.16811 0.884928
0.976218 0.976349 0.890701 0.889418 0.761744 1.22953
0.976026 0.793862 1.11729 0.897371 0.772418 1.0471
end
gesture a16 hands 2
1.0786 0.717783 1.19795 0.961706 0.731418 1.21656
0.966874 1.01291 1.03162 0.950349 0.811391 1.05949
0.952585 1.05584 1.02317 0.993283 0.982049 1.04843
0.935662 0.976899 1.00764 0.981998 0.958335 1.06887
0.934155 1.12482 1.02455 1.00079 1.08576 1.01
0.969914 1.01855 1.04409 1.01577 1.05903 0.958221
0.930154 1.03255 0.880496 1.00515 1.13996 1.01015
0.91284 1.1156 1.01431 0.993434 1.06231 1.0466
0.958392 1.03 1.0608 1.00355 1.16055 0.922916
0.907076 1.14466 0.890486 0.951471 1.11143 0.994393
0.907319 1.14638 0.892003 0.887835 0.893654 1.00156
1.01325 0.817836 1.18936 0.833669 0.7366 1.19206
1.02393 0.757066 1.19737 0.877126 0.731902 1.25204
end
gesture a16 hands 2
1.00391 0.798047 1.20169 0.886068 0.763987 1.25202
0.998791 0.789798 1.12626 0.926783 0.767443 1.13347
0.970826 0.921523 0.981914 0.915195 0.93192 1.06141
0.950902 1.07284 0.97063 0.969902 1.14607 0.861264
0.962488 1.05033 1.03136 0.97763 1.191 0.898812
0.911876 1.11584 0.884686 1.01149 1.07615 0.973514
0.894648 1.19537 0.937247 0.994943 1.17461 0.979177
1.01443 0.985392 1.10904 1.03805 1.15459 0.898443
0.982338 1.04947 0.940787 1.0529 1.2184 0.929032
0.935382 1.26935 0.945069 1.01582 1.03866 0.997725
0.998207 1.02992 1.0361 1.01503 1.14904 0.925657
1.01106 0.856466 0.966911 0.993836 0.897426 1.04726
1.01799 0.806974 1.16056 0.895225 0.765416 1.10919
end
gesture a16 hands 2
1.01906 0.845096 1.24525 0.911459 0.822459 1.0981
0.926197 0.857078 1.04097 0.9993 0.859309 1.05668
0.966266 0.856462 1.09104 0.957964 1.01196 0.864457
0.923987 1.23023 0.856128 0.98404 1.14335 0.891932
0.98196 1.09535 1.03294 0.965672 1.10913 0.970818
0.936492 1.18145 0.834126 1.01437 1.27251 0.848247
0.933389 1.26899 0.853641 0.974752 1.11854 0.985052
1.02906 0.968593 1.15226 1.04519 1.20783 0.879195
1.07804 0.922346 1.27202 1.01346 1.09317 0.898779
1.10308 0.859683 1.16909 0.939177 0.857545 1.20339
0.955759 0.952389 0.847831 0.92982 0.880442 1.31555
0.883053 0.844685 1.08473 0.907983 0.873907 0.99984
0.998482 0.838721 1.04427 0.939092 0.796369 1.1324
end
gesture a16 hands 2
0.926555 0.841805 1.10505 0.91831 0.76798 1.15665
0.971196 0.870263 1.04279 0.979915 0.838881 1.08758
0.939448 1.04907 0.899312 0.957029 0.979814 0.917594
0.990384 0.863963 1.25686 0.922995 1.34283 0.82423
0.989994 0.867539 1.31567 0.934084 1.16988 0.91749
0.933238 1.15049 0.853511 0.958862 0.864896 1.13069
0.916246 1.35326 0.868722 0.970718 0.836213 1.19573
0.909485 1.17157 0.931135 0.934473 1.00929 0.915246
0.954724 0.909381 1.11969 0.915302 1.08521 0.845717
0.996979 0.851427 1.20219 0.941355 1.24697 0.882066
0.970686 0.89793 1.19629 0.962502 1.25613 0.929082
0.999487 0.915457 0.983418 0.986858 0.828276 1.13773
0.964602 0.873731 1.04573 0.925424 0.80848 1.32946
end
gesture a16 hands 2
0.983373 0.842712 1.1057 0.968457 0.823203 1.25862
0.980473 1.00314 0.828689 0.95171 0.89318 0.964773
0.951417 1.34669 0.767983 0.971557 0.861616 1.41251
0.924909 1.35789 0.832488 0.97481 0.926955 1.31265
0.969121 1.00283 0.916217 0.878324 0.967921 0.846275
1.0323 0.856173 1.1572 0.978166 1.42853 0.84367
0.981581 0.965752 1.08036 0.971173 1.31631 0.858688
0.954311 1.26362 0.797864 0.991895 0.905261 1.05661
0.937969 1.41328 0.829579 0.958894 1.02355 1.01816
0.943144 1.23039 0.887063 0.961975 1.2555 0.803164
0.973617 0.857316 1.08452 0.94518 0.950844 0.905978
0.978576 0.900225 1.3085 0.967205 0.844636 1.33142
0.969424 0.835578 1.08237 0.977401 0.817821 1.14688
end
gesture a16 hands 2
0.959212 0.818429 1.11142 0.917698 0.823017 1.09036
0.967616 0.853224 1.03012 0.96886 0.817745 1.14189
0.919561 1.13562 0.769897 0.968024 0.88628 1.43242
0.896007 1.41102 0.868159 0.954934 0.920429 1.3869
0.893081 1.41926 0.883619 0.929155 0.991304 0.816548
0.947928 0.870292 1.03406 0.983543 1.37681 0.814332
0.96681 0.881465 1.21262 1.04247 1.42863 0.868063
0.981272 0.984479 0.849823 0.980998 0.898617 0.995544
0.922145 1.42468 0.873755 0.996814 0.834397 1.11272
0.898244 1.34459 0.829595 0.96114 1.23214 0.822133
0.965133 0.838191 1.02575 0.963371 1.19075 0.825788
1.07282 0.84562 1.25272 0.981396 0.81366 1.19627
1.00795 0.809869 1.13978 0.96017 0.837413 1.25165
end
gesture a17 hands 2
0.954801 0.770826 1.15445 0.945748 0.964227 1.27255
1.3001 1.22821 1.11623 0.954033 0.961002 1.22252
1.3174 1.41407 1.53053 1.02977 0.968076 1.13471
1.19289 1.30592 1.68956 1.06872 1.03627 1.00734
1.00174 0.984723 1.56201 1.01733 1.0091 0.928225
1.0331 0.790236 0.825716 1.04818 0.996801 0.915594
1.12155 0.924939 0.506725 0.971428 0.998706 0.852146
1.06673 1.26466 0.228605 0.851522 1.00711 0.803512
0.754202 1.6774 0.258798 0.857441 0.982229 0.787787
0.393489 1.29523 0.510617 0.922197 0.971457 0.775353
0.874649 0.870576 0.63179 0.92329 0.938233 0.88424
1.03028 0.759825 1.1592 0.993733 0.951274 1.10603
0.992242 0.76215 1.15509 0.986804 0.958917 1.15723
end
gesture a17 hands 2
0.858285 0.68176 0.964568 0.930028 0.991958 1.20485
1.145 0.984758 0.825882 1.04319 1.02647 1.07236
1.20561 1.3132 1.02841 1.04679 1.0202 1.1068
1.04755 1.54483 1.21965 1.07499 1.07746 1.01218
1.0647 1.46396 1.41465 1.09692 1.0213 0.960525
1.06908 1.40521 1.14922 0.883546 0.840147 0.685313
1.05186 1.08283 1.10184 0.887415 0.974905 0.734081
1.00169 1.09938 1.13855 0.872172 0.807141 0.699833
1.32963 1.13034 0.89755 0.960128 0.80929 0.675348
1.32208 1.12398 0.906468 0.964863 0.956094 0.98462
0.895799 0.78876 0.423389 0.927177 0.996938 1.19855
0.916405 0.696337 1.06401 0.989525 1.01226 1.1478
0.855641 0.695646 0.957596 0.944546 0.993022 1.21227
end
gesture a17 hands 2
0.993358 0.699391 1.12508 0.951397 0.951409 1.16147
1.16955 1.07221 0.882236 0.936705 0.938898 1.20081
1.25924 1.47727 1.16415 1.03798 0.972032 0.986003
1.17669 1.44513 1.59943 1.26565 1.08599 0.796332
1.27265 1.29489 1.45658 1.31197 1.05661 0.768816
0.940552 0.645883 1.18003 1.2994 1.23105 0.723491
1.02988 0.597546 0.70244 1.22496 1.2207 0.724034
0.983053 1.0862 0.112247 1.10237 1.11957 0.511594
0.738094 1.71459 0.517121 0.903695 0.963301 0.568635
1.02073 0.758584 0.901991 0.935605 0.952179 1.17126
0.997081 0.729332 1.26111 0.923627 0.973361 1.25666
0.851698 0.767071 0.994883 0.813145 0.921797 1.24673
0.910014 0.714587 1.10804 0.916478 0.941852 1.16645
end
gesture a17 hands 2
0.960771 0.82414 1.09315 0.933629 0.931638 1.19706
1.13312 0.852229 1.10285 1.00814 0.957375 1.04618
1.36653 1.21788 1.29514 1.17429 0.993579 1.05461
1.13263 1.39835 1.49327 1.17864 1.00184 1.08167
1.06722 0.84368 1.33513 1.16666 0.94981 0.967974
1.02641 0.712408 0.939194 1.00618 1.01589 0.774462
0.83647 1.05163 0.470528 0.895135 1.11912 0.714255
0.754726 1.56263 0.441572 0.901454 0.991987 0.85317
0.810635 1.40776 0.416177 0.985479 0.943672 1.08569
0.920014 0.856007 0.771884 0.915017 0.921224 1.19617
0.976277 0.789796 1.18036 0.971798 0.948575 1.06774
0.878934 0.844016 1.10457 0.97258 0.924923 1.20253
0.93719 0.804769 1.12377 0.935119 0.933857 1.16254
end
gesture a17 hands 2
0.913671 0.747915 1.19201 0.882024 0.888322 1.20657
1.19681 1.18506 1.05512 1.14255 0.98719 1.08473
1.27706 1.52966 1.21021 1.27184 1.08758 1.14967
1.25287 1.32421 1.51409 1.22898 1.03824 1.07953
1.28746 0.862855 1.22073 1.03169 0.960235 0.894683
1.09839 0.757821 0.774188 0.948301 1.03823 0.723454
0.919774 0.893306 0.524903 0.781115 1.08456 0.684975
0.698074 1.28578 0.369681 0.757936 1.01122 0.811383
0.701491 1.48298 0.374901 0.894811 0.973866 0.973215
0.853185 0.902292 0.559848 0.925971 0.989196 0.96096
0.886787 0.769204 0.728178 0.981348 0.9298 1.15146
0.955017 0.763429 1.13905 0.911744 0.903316 1.15089
0.88138 0.750893 1.13041 0.980802 0.922461 1.18437
end
gesture a17 hands 2
0.870812 0.741977 1.19028 0.973143 0.910359 1.21267
0.975025 1.12288 1.00246 1.25872 1.06515 1.05716
1.17848 1.53632 1.15898 1.24603 1.10369 1.05249
1.26072 1.3501 1.5497 1.1531 1.01496 1.00575
1.19434 0.889433 1.48858 0.958324 0.950407 0.747141
1.08276 0.633217 1.05836 0.870551 1.03479 0.717882
0.924848 0.679156 0.674387 0.849422 0.973731 0.848866
0.719073 1.14204 0.415239 0.868291 1.00637 0.883099
0.719797 1.37952 0.454172 0.847661 1.02509 1.06125
0.776738 1.23806 0.456629 0.848868 0.931266 1.17289
1.04341 0.883405 0.732931 0.91834 0.886373 1.27552
1.09753 0.704887 1.21369 0.891116 0.876894 1.19127
0.934182 0.690892 1.23659 0.92581 0.877492 1.25673
end
gesture a17 hands 2
0.889373 0.686467 0.795023 0.98135 0.657838 1.15211
1.12747 0.965272 0.838907 1.0807 0.717104 0.984756
1.19891 1.20871 0.99394 0.938949 0.845199 1.20583
1.20354 1.37412 1.27709 1.02159 1.5882 0.899181
1.16205 1.24322 1.34212 0.844336 1.60114 1.12851
1.11518 1.2298 1.4067 0.709142 1.51482 0.961086
1.16537 1.28559 1.33144 0.854329 1.57347 1.16607
1.19404 1.17309 1.36066 0.681742 1.46229 1.06909
0.825806 1.22856 1.56471 0.729947 1.45284 0.823837
0.556536 1.20657 1.45804 0.704198 1.18506 0.852845
0.35017 0.65611 0.877445 1.21599 0.822874 0.866992
0.469927 0.696708 0.854173 1.34077 0.660476 1.14711
0.454471 0.694443 0.862382 1.33262 0.661789 1.14626
end
gesture a17 hands 2
0.641306 0.53886 1.21112 1.22539 0.809209 1.04823
0.683527 0.565721 1.15414 1.25656 0.820637 1.069
1.14223 0.617118 1.23738 0.946758 0.856252 0.89445
1.36741 1.17097 1.41541 1.20912 0.961251 0.703106
1.42696 1.11736 1.55737 1.17265 0.901137 0.719722
1.52296 1.22757 1.357 0.931068 0.824644 0.860381
1.32574 0.558689 1.7187 0.739423 0.9239 0.836973
1.38099 0.370973 1.16354 0.657231 1.1549 1.15555
1.23053 0.513549 0.798098 0.661024 1.1406 1.18549
0.75356 1.39992 0.69934 0.859794 1.09479 1.44094
0.614199 1.32242 0.683638 0.95431 1.17576 1.50917
0.818108 0.727845 0.782236 0.80299 0.892213 1.16237
0.941283 0.596996 0.932688 0.850544 0.889483 1.0614
end
gesture a17 hands 2
1.02754 0.764323 0.990904 0.979121 0.856321 1.04734
1.32018 1.19586 1.39393 1.17504 0.927227 0.789376
1.31172 1.16104 1.4529 1.41699 1.13166 0.672511
1.19637 0.964863 1.59565 1.48483 1.21632 0.649169
1.29358 0.959354 1.54027 1.15469 1.03379 0.665564
1.3982 0.74216 1.35331 0.990632 1.03928 0.719247
1.33433 0.761465 0.926629 0.651972 1.13033 1.18115
1.06873 1.05239 0.595471 0.646241 1.15492 1.29141
0.612375 1.45751 0.643696 0.823495 1.14602 1.53409
0.490259 1.42557 0.705113 0.88026 1.16381 1.50162
0.765167 0.834488 0.811412 0.87439 0.810862 1.22074
1.07155 0.781557 1.10775 0.844108 0.859338 0.924091
1.0292 0.786701 1.07443 0.947096 0.803667 1.04912
end
gesture a17 hands 2
0.917655 0.589273 1.12176 0.858118 0.906748 1.19402
1.0546 0.850154 0.895851 0.851186 0.900347 1.19157
1.05063 1.04643 1.11176 0.89459 0.927534 1.10975
1.14147 1.61746 1.18672 0.98994 0.99449 0.959722
1.05407 1.62095 1.58028 1.17291 1.10389 0.825649
1.17896 1.52543 1.64964 1.26826 1.01661 0.779184
1.29549 0.758598 1.52558 1.23169 0.949705 0.794301
1.37037 0.672543 1.18999 1.0716 0.871381 0.949777
1.2634 0.808512 0.764164 1.01058 0.96587 1.02341
1.13246 0.918007 0.794652 0.927336 1.07898 1.01106
1.09683 0.790508 0.526042 0.864448 1.02324 1.11195
0.40224 1.47849 0.789299 0.8671 0.943109 1.14408
0.773541 0.674496 0.899031 0.834522 0.898643 1.16413
end
gesture a17 hands 2
1.01816 0.585282 1.07646 0.86495 0.933731 1.10224
1.17475 1.05156 1.03538 0.899366 0.959103 1.05939
1.22024 1.55035 1.07368 0.900466 0.950103 1.07254
1.16009 1.6316 1.55319 1.0067 0.946583 0.934783
1.37582 1.54291 1.53156 1.05878 0.955686 0.94364
1.39378 0.699681 1.59643 1.01763 0.95424 0.997391
1.49619 0.616831 1.31748 1.12727 0.924419 0.88856
1.30795 0.79492 0.742383 1.18475 0.949548 0.900709
1.09697 0.962022 0.568628 1.08158 0.94002 0.927924
0.626169 1.35193 0.727178 1.00445 1.07113 0.992377
0.495628 1.33917 0.872069 0.961141 1.07339 1.04043
0.829546 0.65928 0.854557 0.933611 0.942897 1.11805
0.972722 0.583029 1.05876 0.902582 0.948049 1.09427
end
gesture a17 hands 2
0.915087 0.62216 1.13133 0.900991 0.961174 1.09271
1.14948 1.29754 0.889068 1.03707 0.961989 0.955905
1.13046 1.57171 1.03279 1.09134 0.94058 0.964985
1.00534 1.71845 1.49368 1.15484 0.925199 0.911374
1.20328 1.51481 1.63141 1.15802 0.946937 0.981549
1.23969 1.61305 1.556 1.1127 0.933816 0.939238
1.31172 0.63576 1.52478 1.1196 0.947481 0.89156
1.3503 0.69486 0.979459 1.01687 1.00204 0.966485
1.05246 1.09689 0.554011 1.03395 1.02175 0.929301
0.763578 1.39078 0.574555 1.00484 1.06109 1.03106
0.792455 0.965767 0.611695 0.944773 0.962812 1.09862
0.8846 0.653918 0.926831 0.908205 0.96272 1.03713
0.940619 0.637995 1.11818 0.891303 0.994581 1.06122
end
gesture a17 hands 2
0.947325 0.792994 1.0678 1.012 0.908978 1.04058
1.04273 0.883255 1.03934 1.02126 0.914952 0.992266
1.20962 1.14397 1.21627 0.984138 0.914469 1.01678
1.2251 1.23585 1.42646 0.94608 0.973095 1.01379
1.20211 1.07381 1.52877 0.84546 0.997496 0.991644
1.19493 0.735736 1.29304 0.849723 1.01571 0.98208
1.12949 0.717689 1.05569 0.840986 0.991598 1.03123
0.910087 0.943296 0.758004 0.900311 0.973969 1.10304
0.66292 1.26893 0.710468 0.952228 0.938895 1.1575
0.64222 1.20199 0.702427 1.0023 0.911331 1.12721
0.74364 0.935367 0.853233 0.973354 0.902422 1.07941
0.918981 0.793137 1.02144 1.02687 0.900502 1.07693
1.02205 0.769915 1.17739 0.997749 0.888756 1.06903
end
gesture a17 hands 2
1.00335 0.807574 1.20479 0.985852 0.902956 1.07608
0.946683 0.852627 1.02937 0.994627 0.914837 1.05403
0.886496 0.86198 1.02924 1.04934 0.939122 1.05542
1.0849 1.07589 1.00145 0.994397 0.932127 1.06757
1.2119 1.25832 1.11989 0.969839 0.940774 0.98403
1.26097 1.31755 1.34406 0.999491 0.938396 1.01779
1.24811 1.18275 1.47178 0.848663 1.01661 0.950256
1.24279 0.945179 1.42226 0.842535 1.0162 1.00272
1.19181 0.830261 1.19263 0.823316 1.01007 0.965526
0.925269 0.986412 0.779787 0.893045 1.01203 0.997213
0.740699 1.1355 0.66905 0.864882 1.0134 1.03466
0.728539 0.945605 0.858485 0.963327 0.944382 1.18228
0.929526 0.806808 1.08849 1.03903 0.92554 1.13866
end
gesture a17 hands 2
0.970553 0.803819 1.14845 1.02268 0.916522 1.0711
0.868866 0.881832 1.0252 0.988979 0.924378 0.991854
0.969891 1.22563 0.946488 1.02089 0.932445 1.0035
1.20878 1.44823 1.23103 0.977655 0.925043 1.03464
1.33281 1.18075 1.46918 1.00392 0.929329 1.1104
1.27798 0.887827 1.4802 0.97257 0.926632 1.04319
1.22631 0.765583 1.37202 0.983233 0.94827 1.07543
1.13474 0.720047 1.13143 0.900594 0.996184 0.969039
0.914546 0.910799 0.821862 0.891252 0.996728 1.02631
0.820426 1.10112 0.731246 0.852746 1.01449 0.979732
0.795563 1.02396 0.761672 0.871203 0.956898 1.07901
0.893082 0.827711 0.946097 0.953338 0.956877 1.11839
0.974927 0.779672 1.08162 0.939334 0.925218 1.06668
end
gesture a17 hands 2
0.87424 0.654607 1.02079 0.943764 0.927839 1.08072
1.34083 1.20015 0.973981 1.04107 0.930838 1.06029
1.11719 1.4137 1.57856 0.999408 0.970121 0.977362
1.12553 0.874887 1.63376 0.908715 0.999691 0.866144
1.16758 0.565889 1.2071 0.867342 1.00503 0.887567
1.03275 0.700338 0.663303 0.863681 0.974093 0.995376
0.791888 1.38645 0.487362 0.908906 1.05136 1.05533
0.77715 1.63582 0.684309 1.02694 1.03023 1.12157
0.797892 1.60969 0.722867 1.03122 1.02548 1.09602
0.992762 1.24117 0.579669 0.964575 0.955471 1.00697
1.08661 0.820576 0.772285 0.978677 0.950214 1.04286
0.890051 0.682553 1.43055 0.956574 0.940951 1.02563
0.89033 0.641541 1.08847 0.972291 0.970681 0.911032
end
gesture a17 hands 2
0.911489 0.61256 1.18517 0.984835 0.959472 0.979912
1.11863 1.04766 0.744499 0.995921 0.926654 1.1135
1.27139 1.35149 1.10601 0.99987 0.921626 1.14596
1.15463 1.27774 1.59387 0.923454 0.985423 0.891534
1.10386 0.830967 1.74445 0.897006 0.985035 0.881415
1.05059 0.451495 1.37117 0.874239 0.9499 0.986184
0.966425 0.600441 0.8483 0.934912 1.04849 1.04435
0.831023 1.12244 0.544585 1.04218 0.993304 1.11053
0.816054 1.54221 0.679947 0.964218 0.946017 1.02225
0.856509 1.47091 0.712505 0.948466 0.933583 1.04299
0.960716 1.06878 0.672205 0.897819 0.920565 0.978689
0.891564 0.574654 1.16317 0.935054 0.960571 0.937567
0.847977 0.601793 1.24611 0.915898 0.955711 0.946564
end
gesture a17 hands 2
0.878946 0.685028 1.16763 0.919242 0.955192 0.967865
1.15154 1.08572 0.725035 0.975165 0.90929 1.18788
1.27979 1.4064 0.940767 1.03865 0.917189 1.10865
1.1712 1.28264 1.52801 1.02786 0.991828 0.916634
1.13039 0.837532 1.59163 1.00034 1.00692 0.859999
1.02185 0.504446 1.10112 0.874964 0.96848 0.918859
0.952164 0.631544 0.778641 0.883792 0.959653 0.99183
0.815994 1.28556 0.485407 0.954169 1.06386 1.05265
0.796482 1.59777 0.669073 1.03954 1.01366 1.09686
0.860714 1.08703 0.571953 1.02484 0.975856 1.05615
0.966121 0.699674 0.964757 0.908658 0.947191 1.08379
0.954593 0.684289 1.36558 0.90861 0.948507 1.01678
0.876429 0.670947 1.22007 0.916866 0.950407 1.01902
end
gesture a17 hands 2
0.915468 0.576277 1.08993 0.936549 0.924815 1.07224
1.12353 0.751607 0.964114 0.983927 0.952581 0.998685
1.18762 1.0963 1.00366 1.02833 1.01742 0.9415
1.2035 1.3366 1.29426 1.0515 1.00335 0.928638
1.06363 1.33601 1.5788 1.02624 1.0288 0.976951
1.29277 1.27205 1.40909 1.08431 0.984951 0.926633
0.968861 0.672477 1.53077 1.07025 0.972126 0.94005
0.931213 0.550494 0.865041 0.957802 0.988628 0.980573
0.856898 1.27059 0.489596 0.911471 1.05271 1.03151
0.804441 1.6353 0.689581 0.908986 1.03464 1.07054
0.769818 1.15149 0.475181 0.943467 0.971545 1.0761
0.868813 0.78408 0.644197 0.946975 0.983301 1.09607
0.934379 0.584713 1.08509 0.948615 0.928647 1.08684
end
gesture a17 hands 2
0.97689 0.694515 1.18507 0.974464 0.91892 1.05861
1.18837 0.895249 1.08417 0.988403 0.930503 1.03679
1.25003 1.04878 1.23648 1.01819 0.965563 0.963873
1.21801 1.22406 1.60811 1.02178 1.01351 0.933917
1.20207 1.13317 1.63969 1.03486 1.00937 0.903664
1.24875 1.14433 1.59133 0.989889 0.967636 0.94676
1.02604 0.704429 1.56126 0.921053 1.03091 0.989091
0.954012 0.615011 1.22272 0.910308 1.01658 1.08303
0.89711 0.790753 0.878067 0.953136 1.01617 1.08988
0.813317 1.57173 0.620296 0.948169 0.979008 1.08283
0.85365 1.06769 0.628374 0.962249 1.02472 1.06918
0.877172 0.984472 0.687227 0.945083 0.967632 1.08723
0.960729 0.699227 1.1527 0.959243 0.930799 1.03544
end
gesture a17 hands 2
0.93364 0.61386 1.13465 0.952402 0.930101 1.03066
1.18286 1.26535 1.05184 0.970041 0.916513 1.04283
1.24877 1.32113 1.56243 1.01011 1.04142 0.937845
1.22945 1.39011 1.57408 1.03137 1.04879 0.905979
1.36001 1.37311 1.45292 1.05373 0.983128 0.927114
1.03105 0.61458 1.51998 0.969192 0.964929 0.956903
0.931169 0.600558 1.03949 0.925278 1.01815 1.00151
0.86357 1.09698 0.636188 0.934256 1.02965 0.988378
0.805018 1.60861 0.718584 0.943867 1.04511 1.07661
0.775124 1.55465 0.692137 0.966725 0.977019 1.09377
0.865214 0.927631 0.709347 0.992133 1.02767 1.08195
0.961789 0.624925 1.11686 0.969791 1.00484 1.0697
0.945998 0.616013 1.14133 0.960998 0.930725 1.03996
end
gesture a17 hands 2
0.914098 0.624545 1.01227 0.953504 0.965326 0.986104
1.30843 1.03245 1.00574 0.932263 0.952969 1.03593
1.30175 1.34153 1.50098 0.950676 0.960197 1.00394
1.23718 0.872336 1.54722 0.970605 0.960487 1.00993
1.29905 0.761703 0.781229 1.02938 0.979022 0.940541
0.740246 1.36459 0.429765 1.05906 0.9961 0.90011
0.471909 1.54361 0.925081 1.06097 0.980604 0.933491
0.509852 1.61498 0.941134 0.909529 0.982653 1.16861
0.923188 1.36691 0.92451 0.927512 0.980365 1.12093
0.913178 1.29632 0.99121 0.930016 0.97219 1.20662
0.536308 1.19517 0.850442 0.899256 0.990376 1.14747
0.916332 0.661163 0.961684 1.00081 0.966761 0.99403
0.958576 0.63637 0.967332 1.00984 0.964402 0.980462
end
gesture a17 hands 2
1.00666 0.569783 1.07007 0.983774 0.95583 0.980582
1.22379 1.06218 0.872395 0.987197 0.950457 1.01238
1.31452 1.39384 1.20641 0.982385 0.986054 0.916696
1.31889 1.39637 1.39111 0.992755 0.94344 0.963412
1.38171 0.931406 1.61731 0.936596 0.977191 1.02719
1.27735 0.655469 0.836771 0.905552 1.00148 1.14892
0.778624 1.27143 0.520848 0.909194 1.03005 1.13633
0.567737 1.52161 0.833304 0.936095 0.985474 1.10188
0.530189 1.47951 1.11833 0.929912 0.97041 1.08855
0.656017 1.47877 1.00359 0.983788 0.969206 1.05322
0.826285 1.17035 0.908103 0.981565 0.947941 1.09389
0.713305 1.11767 1.01416 0.985031 0.973324 1.00192
0.947547 0.647177 1.01491 0.984012 0.957896 1.03571
end
gesture a17 hands 2
1.00782 0.663999 1.01377 1.00743 0.97567 1.01674
1.03611 0.929562 0.719549 0.982996 0.974673 1.0515
1.18766 1.40884 0.855592 1.00661 1.01591 0.910788
1.34396 1.39053 1.41723 1.01705 1.01084 0.872736
1.36691 0.874938 1.57577 1.0229 0.950134 0.900182
1.37353 0.644912 1.20805 0.978851 0.973252 0.974436
1.26055 0.892305 0.630128 0.934031 0.997566 1.02832
1.01415 1.18908 0.471855 0.952933 0.975976 1.06613
0.539114 1.5247 0.870319 0.969091 0.954747 1.05451
0.518554 1.49028 1.09794 0.959079 0.995683 1.09286
0.758075 0.863589 0.882648 0.950503 0.962762 1.06033
0.999845 0.622673 1.11469 0.926539 0.964234 1.09192
0.978392 0.627629 1.05089 0.936789 0.964932 1.06743
end
gesture a17 hands 2
0.924204 0.58346 1.01725 0.948192 0.929311 1.07394
1.04445 0.668015 0.984053 0.966881 0.934666 1.04938
1.25281 0.956609 1.1228 0.942881 0.932586 1.09689
1.22988 1.10854 1.65584 0.955344 0.945737 1.02964
1.10731 0.763702 1.48934 1.01295 0.983721 0.91143
1.03791 0.649135 0.828861 1.02331 0.98367 0.92667
0.913096 0.892131 0.548874 0.965267 0.978546 1.07881
0.720974 1.43853 0.532359 0.97906 0.967348 1.05814
0.663718 1.67934 0.836104 0.953436 0.960597 1.11621
0.709796 1.61426 0.772223 0.957147 0.942748 1.08606
0.993736 0.995956 0.626673 0.931507 0.994872 1.07623
0.89256 0.593334 1.14384 0.933279 0.972568 1.05785
0.888356 0.596009 1.17543 0.926586 0.958637 1.10111
end
gesture a17 hands 2
0.927279 0.59667 1.1947 0.928265 0.961259 1.09806
1.04341 0.731905 0.939106 0.960775 0.957741 1.01555
1.29091 1.13058 1.1458 0.960839 0.960271 0.999919
1.25401 1.18035 1.66047 1.00468 0.996731 0.92392
1.20182 0.829025 1.48606 1.01191 0.99279 0.924983
1.17151 0.668797 0.919951 0.958084 0.977175 1.0461
0.935131 0.943374 0.494781 0.962139 0.95991 1.11445
0.725397 1.27145 0.478335 0.981181 0.945781 1.10321
0.581298 1.51926 0.844568 0.956127 0.958297 1.12584
0.625152 1.48769 0.734118 0.952827 0.980811 1.06903
0.930486 0.975627 0.563077 0.950537 0.947467 1.05894
1.02188 0.61865 0.914121 0.926095 0.958011 1.08992
0.934705 0.581677 1.23756 0.936318 0.96503 1.05375
end
gesture a17 hands 2
0.906684 0.498686 1.20058 0.932475 0.964042 1.04655
1.21281 0.833173 1.03837 1.01057 0.991541 0.900373
1.25398 1.29434 1.46117 1.01705 0.990102 0.903919
1.2612 1.08733 1.64714 0.946848 0.978794 1.07794
1.24892 0.808774 1.4956 0.950799 0.96925 1.11987
1.12956 0.61051 0.863031 0.975512 0.938636 1.10887
0.960513 0.773633 0.535367 0.966612 0.961492 1.12496
0.705369 1.21527 0.457048 0.983043 0.95299 1.04731
0.592444 1.53907 0.832563 0.953412 0.980101 1.0532
0.73707 1.4601 0.724895 0.955992 0.963727 1.04518
1.01377 0.915208 0.60553 0.941824 0.954818 1.11113
0.888877 0.493381 1.18419 0.943896 0.950975 1.12537
0.896459 0.491315 1.21441 0.937043 0.966783 1.07968
end
gesture a17 hands 2
0.899281 0.511459 1.16291 0.984485 0.968844 1.02987
1.39341 0.944728 1.30125 0.954645 0.959444 1.00615
1.39621 1.10763 1.43197 0.97935 0.964148 1.04624
1.26179 0.855241 1.58622 0.98641 0.977982 1.01998
1.13797 0.534307 1.45306 0.947544 0.88979 1.05422
0.951666 0.435835 0.827377 0.949198 0.874243 1.062
0.792574 0.835321 0.515087 0.947548 0.9173 1.06004
0.712823 1.15617 0.471158 0.965548 0.994967 1.04375
0.693418 1.61544 0.740873 0.967123 0.952241 1.06423
0.735193 1.62715 0.961169 0.961146 0.963916 1.05045
0.814796 1.11408 0.641565 0.909357 0.997752 1.09626
0.881296 0.675204 0.820224 0.906592 0.962037 1.06934
0.862232 0.506135 1.22132 0.90328 0.96216 1.0798
end
gesture a17 hands 2
0.888462 0.588774 1.35398 0.905492 0.962223 1.10335
1.24812 0.856647 0.995676 0.978072 0.97352 1.00396
1.35141 1.3818 1.25608 0.982087 0.982326 0.999979
1.3468 1.37865 1.39709 0.95878 0.904066 1.02882
1.14884 0.620783 1.396 0.96823 0.896377 1.02736
0.898033 0.515037 0.756113 0.959318 0.951868 1.05512
0.731641 1.24236 0.412317 0.959464 0.956685 1.01506
0.741496 1.63676 0.713703 0.96995 0.995354 1.02432
0.795431 1.59043 0.949841 0.984899 0.960368 1.04329
0.868739 1.17117 0.611686 0.976805 0.992547 0.998727
0.928622 0.713594 0.776405 0.972755 0.966468 1.05935
0.921242 0.572214 1.30034 0.940915 0.965304 1.12008
0.914436 0.56129 1.27861 0.937838 0.97487 1.13149
end
gesture a17 hands 2
0.915835 0.543871 1.30655 0.947188 0.980068 1.102
1.17993 0.815163 1.02004 0.9866 0.973619 1.02793
1.2818 1.34197 1.1112 0.982918 0.99439 1.00432
1.3516 1.26283 1.54081 0.968527 0.991527 0.999254
1.15572 0.603597 1.47554 0.918593 0.907116 1.03798
1.03222 0.438338 1.21329 0.926948 0.867597 1.05493
0.840673 0.585901 0.718372 0.933688 0.905129 1.0559
0.70699 1.12451 0.507925 0.947857 1.03028 1.01717
0.724324 1.61604 0.842564 0.978674 0.965075 1.01965
0.739194 1.38664 0.739106 0.954765 1.00886 1.02169
0.788989 0.884718 0.631665 0.982124 0.944624 1.06615
0.876792 0.576964 1.00969 0.936087 0.940851 1.15026
0.905991 0.562536 1.17029 0.93493 0.940381 1.14661
end
gesture a18 hands 2
0.904767 0.568831 1.06985 0.783028 0.693099 1.19009
1.16324 0.722708 1.09081 0.878078 0.604946 1.09792
1.33157 1.04356 1.20888 1.03748 0.788651 0.776234
1.20573 1.28591 1.41185 1.14997 1.21322 0.602456
0.947838 1.41262 1.48435 1.10468 1.76475 0.752129
0.969856 1.38792 1.49964 1.25834 1.66258 1.04334
0.947346 1.41563 1.2001 1.30025 1.17377 1.04327
0.877339 1.69953 0.882219 1.36893 1.01978 1.16083
0.745481 1.57619 0.503135 1.0958 1.16946 0.85922
0.902268 1.02782 0.50247 0.888572 1.00614 0.791153
0.968383 0.733043 0.733907 0.992553 1.06308 0.955704
0.970904 0.586292 1.11071 0.943013 0.87201 0.969007
0.952999 0.601057 1.16519 0.776493 0.71427 1.37109
end
gesture a18 hands 2
0.938368 0.631959 1.23931 0.807686 0.80461 1.40428
0.840249 0.652052 1.05983 0.860554 0.726535 1.184
0.974126 0.627833 1.2139 1.02863 1.01181 0.721877
1.24223 0.923133 1.19328 1.10913 1.2824 0.67049
1.2172 1.16624 1.48508 1.14359 1.74061 0.738493
0.961928 1.34601 1.29105 1.17093 1.83658 0.965372
0.88034 1.73581 0.924871 1.24965 1.72373 0.97602
0.758636 1.75756 0.570731 1.35659 1.35267 0.882999
0.756473 1.70283 0.534518 1.28951 1.06551 0.871367
0.959167 1.25345 0.437113 1.04336 0.891356 0.918184
0.99415 1.03643 0.530508 1.02726 0.91468 0.792211
0.983629 0.728377 0.853653 0.896334 0.878515 0.871412
0.95193 0.654404 1.06892 0.850905 0.795505 1.23667
end
gesture a18 hands 2
0.950384 0.795123 1.15195 0.872011 0.769618 1.2738
0.862732 0.801512 1.04462 0.857901 0.738538 1.19823
0.989487 0.77005 1.15409 0.877142 0.75108 1.0773
1.28227 1.0325 1.07138 1.01614 1.06622 0.715293
1.35822 1.11468 1.16249 1.20987 1.68565 0.74618
1.21369 1.38764 1.55935 1.30817 1.79266 1.02761
0.946332 1.58284 1.34479 1.40189 1.54702 0.983518
0.922875 1.85636 0.998137 1.21311 1.22434 0.80218
0.774731 1.79852 0.510107 0.786748 0.994423 0.683097
0.5917 1.25315 0.189264 0.739979 0.81168 0.834929
0.998976 0.765872 0.875841 0.873446 0.691261 1.1474
1.02704 0.744361 1.19676 0.950395 0.821393 0.997863
0.942671 0.752228 1.08538 0.947099 0.794111 1.09259
end
gesture a18 hands 2
0.973706 0.660326 1.14049 0.947996 0.75253 1.24232
1.30152 0.92955 1.11598 0.986838 0.746058 1.2196
1.38568 1.22729 1.27325 1.0287 0.85604 0.898925
1.11703 1.53495 1.42161 1.04655 1.01249 0.744128
0.948655 1.57069 1.31866 1.0651 1.34761 0.676656
0.96854 1.76224 0.910655 1.16168 1.78716 0.781322
0.891462 1.69827 0.631915 1.29131 1.71524 0.883177
0.723283 1.50845 0.403366 1.27378 1.42183 0.910145
0.630497 1.3988 0.338668 1.02769 1.14615 0.829739
0.723577 1.35248 0.454106 0.839253 1.04052 0.844552
0.968653 0.750862 0.86794 0.814525 0.951934 0.861735
1.00349 0.65779 1.18728 0.913968 0.803512 1.21385
1.01373 0.634921 1.21866 0.954855 0.754647 1.2023
end
gesture a18 hands 2
1.06082 0.643628 1.238 0.962739 0.762811 1.25293
1.14467 0.693684 1.27223 1.03875 0.977856 0.882729
1.36291 1.10818 1.29414 1.09603 1.33553 0.784661
1.23258 1.43336 1.37923 1.17038 1.63903 0.823495
1.06882 1.56219 1.38033 1.27096 1.69964 0.880351
0.939591 1.63648 1.26698 1.29699 1.32905 0.923074
0.966612 1.80003 0.916713 1.16103 1.15489 0.931819
0.829651 1.71865 0.515419 0.876241 1.0721 0.787412
0.688662 1.56387 0.331035 0.80814 0.977886 0.835908
0.557784 1.33678 0.306854 0.869453 0.813374 1.01209
0.814602 0.929809 0.616023 0.872399 0.799015 1.03737
0.99267 0.656215 1.20305 0.9083 0.764416 1.22233
1.07126 0.641974 1.21475 0.929164 0.751094 1.2516
end
gesture a18 hands 2
1.02256 0.676875 1.18669 0.886406 0.734937 1.23795
1.23309 0.789639 1.35987 0.874499 0.714748 1.32163
1.34689 1.13725 1.44123 1.03961 0.794613 1.036
1.22217 1.4351 1.43393 1.1693 1.07146 0.755779
1.0107 1.7819 1.04708 1.26166 1.5324 0.725094
0.990676 1.79087 0.778168 1.27824 1.68859 0.868142
0.791834 1.70914 0.425381 1.32843 1.56966 0.927547
0.618542 1.48042 0.295729 1.19435 1.29513 0.888034
1.00823 0.786458 0.82336 0.828805 1.1106 0.805175
1.03337 0.687007 1.23948 0.818492 1.03611 0.794087
1.04264 0.676634 1.29084 0.917849 0.74543 1.21681
0.993893 0.707094 1.01541 0.937938 0.732933 1.18289
0.930495 0.714179 1.0047 0.895354 0.712041 1.3281
end
gesture a18 hands 2
1.0886 0.785273 1.11996 0.873721 0.734888 1.2689
1.29572 1.52345 1.32371 1.02695 0.695706 0.911265
1.193 1.6569 1.38746 1.01009 1.1555 0.49061
0.853013 2.00618 0.43046 1.03017 1.95381 0.721371
0.541161 1.65917 0.199449 1.0864 1.77775 0.568154
0.384418 1.07776 0.292766 0.919088 1.15605 0.460815
0.516305 0.724013 0.931712 0.732224 0.764482 0.986113
0.696602 0.852948 1.13838 0.821435 0.869014 1.38202
0.790377 0.84921 0.9649 0.89619 0.892315 1.13162
0.42044 0.848906 0.769478 0.951791 0.547595 1.11641
0.480001 0.931765 0.757468 1.00414 0.831263 1.42183
0.672467 0.767041 1.08377 0.985756 1.18284 1.05438
0.74324 0.808085 1.08735 1.24689 0.747202 1.19286
end
gesture a18 hands 2
0.854711 1.24681 0.59665 0.661171 0.856111 1.08418
0.92143 1.21402 0.680146 0.645311 0.942731 0.976237
0.975996 1.13757 0.803839 0.660906 1.01752 0.903338
0.994006 0.979178 0.990095 0.734934 1.07736 0.843444
0.961928 0.895914 1.08925 0.790272 1.07126 0.852369
0.916016 0.834407 1.18008 0.872811 1.02173 0.902894
0.888789 0.807139 1.24648 0.984885 0.913425 1.03472
0.904646 0.803412 1.26087 1.03714 0.846936 1.16926
0.929719 0.809909 1.27072 1.0599 0.822983 1.24449
0.951163 0.811854 1.27512 1.05153 0.838718 1.2643
0.953537 0.808288 1.28484 1.04639 0.837466 1.27516
0.952007 0.795566 1.27496 1.04155 0.827389 1.2908
0.933555 0.793438 1.2633 1.03395 0.822307 1.32542
end
gesture a18 hands 2
1.10922 0.806267 1.2371 0.952063 0.71868 1.20962
1.34384 1.47653 1.26881 1.01501 1.4324 0.500292
1.03734 1.8419 1.11093 1.02471 1.84204 0.722912
0.767018 1.91262 0.342814 1.00136 1.08839 0.438347
0.454037 1.5285 0.15571 0.782721 0.738555 1.04066
0.321429 0.844261 0.499693 1.05988 0.596778 1.19542
0.527592 0.73066 1.18442 1.36463 1.07095 1.18986
0.343086 0.616918 0.943579 1.23805 0.978919 1.3263
0.554482 1.00637 0.246894 0.900688 1.22966 1.4709
0.826298 1.43171 0.425387 0.843231 1.84072 0.773728
1.15066 1.35885 0.66935 0.67707 0.926856 1.12465
1.26719 0.91771 1.06079 0.715362 0.905369 0.819055
1.13745 0.781834 1.19991 1.00022 0.714264 1.13434
end
gesture a18 hands 2
1.00661 0.667514 0.993589 0.942271 0.629649 1.21017
1.32385 0.759074 1.35782 0.941454 0.958768 0.671724
1.37095 0.987618 1.63018 1.01858 1.78062 0.779359
1.29404 1.11954 1.69573 1.04173 1.81792 0.846609
1.19771 1.68715 1.60576 0.995258 1.32988 0.503318
1.0505 2.1399 1.01949 0.753812 0.736436 0.837553
0.852022 1.98557 0.659402 0.968923 0.807044 1.51917
0.607619 1.46491 0.492678 1.14566 1.0477 1.09758
0.609109 1.29006 0.845695 1.04683 1.35678 1.04014
0.818313 1.36725 0.958565 1.24746 1.1827 1.00478
0.439032 0.673012 0.97683 1.20341 0.798125 1.05097
0.858663 0.883589 0.687152 0.886745 0.63548 1.12539
1.00359 0.681935 1.03743 0.958248 0.632825 1.17782
end
gesture a18 hands 2
1.05188 0.787512 1.0701 1.01079 0.813638 1.06127
1.39748 0.979015 1.5869 0.995155 0.735963 1.1639
1.31834 1.5711 1.74402 0.97568 0.747892 1.01947
1.17 2.0758 1.3668 0.942257 1.26146 0.52362
0.886905 2.13898 0.858991 1.02167 1.90365 0.611437
0.671582 1.69059 0.595013 1.06529 1.98263 0.682087
0.562535 0.875643 0.724468 1.01113 1.62474 0.466091
0.618415 0.696222 0.923847 0.901738 1.03418 0.633502
0.587467 0.699574 0.915239 0.903218 0.859171 0.881616
0.551576 0.979909 0.655743 0.893026 0.866764 0.925417
0.664759 1.0732 0.612771 1.03111 0.838476 1.39021
1.0354 0.798623 1.01754 0.886609 0.891943 1.20583
1.0493 0.776075 1.10212 0.976702 0.807631 1.0538
end
gesture a18 hands 2
1.04129 0.789338 1.07504 0.96038 0.737041 1.10191
1.18494 0.783223 1.15782 0.949435 0.696312 1.02728
1.39884 0.90927 1.52163 0.966122 1.01549 0.594169
1.4222 1.50175 1.68515 1.06455 1.93069 0.705633
1.37892 1.61241 1.66942 1.09927 1.94245 0.727724
1.16265 2.20095 1.19287 1.08565 1.59878 0.483755
1.02445 2.23671 0.936391 1.01569 1.05934 0.461426
0.761599 1.97226 0.666167 0.917668 0.802443 0.821775
0.46365 1.26175 0.493176 0.944548 0.755269 1.2612
0.502746 0.725426 0.794999 1.03847 0.948051 1.3149
0.674922 0.970459 0.606661 0.925048 1.09042 1.41026
1.05608 0.79673 0.947577 0.829979 0.854998 1.21824
1.09034 0.775322 1.06617 0.993092 0.742537 1.03494
end
gesture a18 hands 2
1.06933 0.70405 1.14446 0.943578 0.86448 1.15618
0.96644 0.764783 1.03358 0.959275 0.831036 1.057
1.04119 0.990095 1.00478 1.01033 0.94211 0.829413
1.11948 1.35683 1.2611 1.10295 1.22878 0.607372
1.03167 1.33214 1.41322 1.18314 1.63292 0.611114
0.952692 1.32663 1.43102 1.20005 1.75724 0.59696
0.959436 1.58181 1.01129 1.19927 1.71895 0.549061
0.833378 1.51581 0.661229 1.03637 1.26635 0.542332
0.769194 1.38179 0.572336 0.922341 0.945296 0.823218
0.793436 1.05724 0.688769 0.931211 0.838036 1.38237
0.936912 0.788444 0.936346 0.916701 0.842052 1.38696
1.10584 0.70287 1.24543 0.911389 0.926971 1.01839
1.09797 0.693656 1.25291 0.958657 0.870672 1.09356
end
gesture a18 hands 2
1.06045 0.692945 1.19504 0.956291 0.875044 1.15124
0.994759 0.709207 1.11628 0.950532 0.828898 1.11378
1.09796 0.834197 0.984052 1.04686 0.974064 0.771871
1.18176 1.10696 1.00533 1.14951 1.67345 0.579559
1.15255 1.29148 1.17425 1.14214 1.57158 0.497545
1.03959 1.36892 1.34543 0.922866 1.15763 0.58374
0.954098 1.36868 1.29264 0.875138 0.967305 0.860598
0.944947 1.61044 1.06432 0.86601 0.856609 1.28134
0.820878 1.61236 0.69902 0.960419 0.834043 1.3162
0.697253 1.26819 0.549197 1.03743 0.879649 1.06656
1.02399 0.710281 1.06718 0.947261 0.866082 1.25055
1.09724 0.695985 1.24442 0.958703 0.927579 0.944964
1.075 0.708709 1.15877 0.966895 0.872694 1.08321
end
gesture a18 hands 2
1.05226 0.73054 1.16005 0.959814 0.869999 1.0539
1.05354 0.787287 1.07792 0.974866 0.858136 0.955588
1.15038 1.081 1.04579 1.09178 1.16515 0.587358
1.13351 1.27852 1.18273 1.18304 1.70287 0.615072
1.02769 1.37119 1.37656 1.18823 1.65972 0.529183
0.977585 1.40001 1.28949 0.981703 1.13256 0.60558
0.945577 1.57402 0.986948 0.87571 0.930152 0.875956
0.855868 1.49721 0.728444 0.841132 0.874577 1.23392
0.746403 1.12911 0.557488 0.986676 0.838065 1.24278
0.767167 1.01898 0.687579 0.959067 0.830919 1.28538
0.977932 0.748841 1.04086 0.898688 0.913756 1.02044
1.08254 0.70577 1.25079 0.942323 0.85861 1.13459
1.01759 0.714466 1.13681 0.910972 0.859787 1.10353
end
gesture a18 hands 2
0.899147 0.808071 1.051 0.829826 0.68632 1.20432
0.980495 0.830116 1.0258 0.856977 0.676372 1.26739
0.98105 0.767428 1.08104 0.827919 0.79015 1.06368
0.972529 0.67929 1.06828 0.814748 0.797739 1.04713
0.984354 0.845032 1.07017 0.813124 0.626361 1.25177
1.20963 1.10873 1.02187 0.913775 0.503741 1.08464
1.22459 1.4267 1.07259 1.0822 0.838511 0.754873
1.12982 1.57956 1.13851 1.12836 1.51014 0.707189
0.972048 1.61703 1.22836 1.09593 1.67297 0.82017
0.928343 1.58981 1.22436 1.08926 1.52573 0.79905
0.39504 0.861376 1.11301 1.24977 0.76505 1.31297
0.501273 0.898217 0.818352 1.18365 0.810353 0.96936
0.939804 0.868746 0.804689 0.829802 0.691494 1.2628
end
gesture a18 hands 2
0.990655 0.728537 1.05787 0.943284 0.753961 1.40541
0.960444 0.710651 1.19055 1.0092 0.878615 1.20629
0.934111 0.721336 1.0699 0.980379 0.793234 1.28065
0.96812 0.550035 1.14439 0.86935 0.873168 1.03268
0.998506 0.69075 1.1324 0.868089 0.745687 1.32111
1.27364 1.14436 1.06864 0.609884 0.865566 1.09988
1.02357 1.51706 1.28645 0.963051 0.582273 1.07739
0.979793 1.42746 1.26569 1.28888 0.847109 0.781124
1.08574 1.68609 0.891907 1.327 1.47457 0.72965
0.876058 1.68648 0.55009 1.22178 1.693 0.809957
0.768701 1.51864 0.491333 1.21123 1.5107 0.698932
0.861171 0.993362 0.613261 1.04421 1.02499 0.788331
0.9303 0.829884 0.759347 0.95678 0.817125 1.20864
end
gesture a18 hands 2
0.952877 0.862699 0.900816 0.972522 0.878208 1.17552
0.892031 0.832884 1.10897 0.663667 0.986945 0.966448
1.0056 0.855786 0.992708 0.767859 0.709793 1.08553
0.947936 0.678768 1.07473 1.20878 0.774639 0.788705
0.967069 0.87959 1.01198 1.39805 1.28824 0.672291
1.20559 1.07237 0.944822 1.24624 1.84697 0.836632
1.34098 1.19513 1.34132 1.22791 1.80982 0.827937
1.10863 1.49987 1.37271 1.10292 0.978756 0.810102
1.04577 1.85008 0.695414 0.910252 0.892434 0.832614
0.667776 1.38021 0.411444 0.991171 0.882679 1.49847
0.868123 0.912913 0.70804 0.995345 0.889397 1.4851
1.06694 0.864528 1.13624 0.920414 0.891858 0.978266
0.946332 0.838563 1.02467 1.00094 0.859773 1.17827
end
gesture a18 hands 2
0.925647 0.7488 1.04239 0.869617 0.868747 1.17535
1.25008 0.977494 0.976014 0.910927 0.84431 1.17592
1.28083 1.41535 1.14585 1.02643 0.845618 0.953504
1.08288 1.67201 1.34734 1.10798 0.93345 0.78905
0.921512 1.6404 1.43163 1.21652 1.36184 0.560538
1.0374 1.65268 1.3623 1.25202 1.79916 0.64645
1.17284 1.8161 1.06348 1.25357 1.44348 0.490659
0.96919 1.88517 0.746547 1.02218 1.09476 0.603062
0.788829 1.56967 0.516708 0.828948 0.962705 0.945356
0.679635 1.27517 0.550478 0.833123 1.01866 1.05877
0.661337 1.07084 0.661828 1.01787 0.914472 0.970457
0.943984 0.79623 0.883815 0.963789 0.93705 1.18226
0.987306 0.746935 1.02101 0.932809 0.891024 1.19007
end
gesture a18 hands 2
0.989173 0.737325 1.09145 0.951979 0.878442 1.13257
1.21196 0.892973 1.01723 1.07995 0.992452 0.652637
1.31025 1.22188 1.07883 1.1042 1.43791 0.499824
1.19312 1.5949 1.30175 1.15415 1.8279 0.590945
1.0498 1.62995 1.40098 1.22156 1.81856 0.61512
1.01944 1.62542 1.41978 1.32678 1.55708 0.583244
1.02865 1.83122 1.19398 1.1404 1.03925 0.684063
1.03313 1.91026 0.914795 0.937971 0.922678 0.871973
0.88839 1.76225 0.648618 0.867684 0.911401 1.01785
0.693957 1.35998 0.55854 0.915784 0.923376 0.896891
0.664354 1.11231 0.649231 0.928319 0.861505 1.4047
0.927204 0.785163 0.911942 0.850741 0.869024 1.20153
0.963102 0.732024 1.06937 0.872944 0.847682 1.11529
end
gesture a18 hands 2
0.956707 0.744114 1.03065 0.888721 0.873396 1.1398
1.2574 0.952199 0.997048 1.03532 0.920752 0.819335
1.28309 1.43779 1.18759 1.07195 1.10757 0.605056
0.939273 1.689 1.46441 1.1962 1.76768 0.55899
0.99533 1.59218 1.44316 1.29647 1.69835 0.595131
1.0428 1.61602 1.36838 1.35302 1.41135 0.52704
1.14206 1.87132 1.02464 1.10253 0.986114 0.591699
0.9194 1.66536 0.564308 0.910417 0.931891 0.837731
0.743261 1.35176 0.51952 0.895103 0.938117 1.02888
0.616313 1.17122 0.580974 1.03112 0.998802 0.838496
0.717587 1.04191 0.719252 0.906923 0.882626 1.241
0.959614 0.78945 0.886153 0.918517 0.921675 1.46707
0.969794 0.753834 1.04928 0.911776 0.86472 1.11471
end
gesture a18 hands 2
0.906403 0.768307 0.995379 0.758638 0.711543 1.22038
1.01329 0.762862 1.03831 0.81262 0.6475 1.27535
1.04256 0.832249 0.948982 0.870979 0.654661 1.0778
1.12819 0.93289 1.00557 1.03464 0.92332 0.688515
1.29366 1.12904 1.28049 1.06746 1.11952 0.599844
1.24078 1.31572 1.52444 1.16976 1.47887 0.577304
1.15884 1.39863 1.50093 1.17773 1.69058 0.673319
1.07728 1.82477 1.34764 1.24477 1.8092 0.976368
1.0353 1.98709 1.04241 1.29617 1.53956 1.0658
0.817152 1.47269 0.51729 1.11433 1.05576 0.943405
0.755712 1.20423 0.628671 0.920263 0.882355 1.06909
0.949223 0.806941 1.00957 0.935817 0.888315 1.059
0.95362 0.783181 1.02407 0.809974 0.818861 1.04806
end
gesture a18 hands 2
0.928321 0.760432 1.07848 0.783933 0.709707 1.17962
1.02583 0.778436 1.0454 0.732802 0.668131 1.40794
1.20918 0.938595 1.11099 0.752117 0.641594 1.35594
1.28093 1.09495 1.31176 0.900587 0.754361 0.812307
1.23805 1.26122 1.50034 0.998486 1.0475 0.61127
1.01676 2.00601 0.984009 1.15025 1.59414 0.611064
0.852649 1.83607 0.574215 1.19651 1.73903 0.802733
0.728746 1.27172 0.512414 1.25908 1.63839 1.06039
0.783817 0.931879 0.749175 1.19564 1.08515 1.02278
0.791928 0.889439 0.786148 1.07438 0.998129 0.937243
0.801167 0.951581 0.786462 0.898586 0.851346 1.08855
0.942829 0.773577 1.08361 0.908231 0.897684 1.02842
0.940203 0.751593 1.10045 0.813296 0.704074 1.19112
end
gesture a18 hands 2
0.948687 0.818977 1.06636 0.836176 0.753721 1.22089
1.07488 0.864991 0.991745 0.78848 0.746497 1.30024
1.26822 1.07799 1.13207 0.845064 0.732199 1.19241
1.27892 1.25818 1.42137 0.91795 0.936496 0.7371
1.20114 1.38005 1.50787 1.0595 1.41321 0.556967
0.933244 1.69906 0.789507 1.13203 1.74017 0.669787
0.749298 1.34927 0.522292 1.23153 1.80747 0.921961
0.855587 1.01625 0.749471 1.30214 1.67347 1.02417
0.871645 0.959033 0.804494 1.3306 1.37503 1.00446
0.858601 1.02348 0.72608 1.14294 0.986743 0.889971
0.900816 1.03452 0.742998 1.09843 1.00941 0.959228
0.961369 0.855227 0.970761 0.848445 0.78183 1.15123
0.938604 0.805748 1.09008 0.874071 0.791088 1.09555
end
gesture a18 hands 2
0.933825 0.637323 1.09581 0.867071 0.737389 1.2483
1.2194 0.775192 1.14142 0.901848 0.898156 0.721832
1.27475 1.36036 1.38037 1.04405 1.31476 0.526114
1.11227 1.58983 1.44262 1.10714 1.52896 0.594357
0.856197 1.67928 1.24781 1.24464 1.69415 0.829571
0.894423 1.90626 0.909493 1.19882 1.56938 0.601285
0.823078 1.69105 0.479577 1.08607 1.34317 0.550648
0.761615 1.25582 0.336298 0.999969 1.07469 0.6562
0.778811 0.961593 0.396999 0.907946 0.832421 0.917007
0.792879 0.937123 0.4242 0.92208 0.766493 1.3846
0.989696 0.660727 0.862005 0.864781 0.754881 1.34063
0.965865 0.665779 1.21264 0.926787 0.743202 1.16562
0.950463 0.647105 1.04817 0.8977 0.73889 1.2126
end
gesture a18 hands 2
0.955434 0.663552 1.10107 0.902171 0.704177 1.26643
1.2128 0.871085 1.41876 0.935873 0.768543 0.959197
1.16365 1.50431 1.45816 1.00512 0.93882 0.745873
0.958961 1.78662 1.21511 1.0971 1.31407 0.5851
0.950122 1.91218 0.891112 1.16862 1.55602 0.633909
0.867659 1.80827 0.618753 1.20978 1.67695 0.735987
0.746171 1.48395 0.349718 1.23152 1.65212 0.716267
0.639334 0.980171 0.448095 0.952613 1.3975 0.617039
0.658792 0.777006 0.617969 0.830042 0.885851 0.99536
0.855992 0.802733 0.63668 0.919493 0.753013 1.28987
1.08731 0.677926 1.08104 0.89375 0.740397 1.39588
0.994386 0.683049 1.27524 0.833524 0.741773 1.15228
0.962057 0.666719 1.2483 0.897562 0.686517 1.28032
end
gesture a18 hands 2
0.975456 0.654565 1.20056 0.968081 0.710413 1.23391
1.05714 0.695658 1.09685 1.01947 0.951935 0.717303
1.34681 1.01801 1.28855 1.10824 1.28929 0.570294
0.953223 1.68833 1.28946 1.16557 1.74731 0.711892
0.894163 1.68989 1.23627 1.16425 1.74861 0.655116
0.949953 1.92662 0.832335 0.903038 1.41019 0.469153
0.714602 1.45959 0.407866 0.774848 1.08611 0.67216
0.714795 0.84465 0.610897 0.973517 0.820802 0.974685
0.742414 0.685159 0.815591 0.941399 0.763928 1.48959
0.779197 0.958398 0.557132 0.95838 0.817043 1.03624
0.942188 0.900284 0.630998 0.949519 0.802998 1.04239
1.04163 0.702472 1.37352 0.878239 0.732523 1.4155
0.992311 0.654978 1.32336 0.869299 0.744724 1.43061
end
gesture a18 hands 2
0.981948 0.6456 1.08439 0.899803 0.640182 1.31748
0.986223 0.61295 1.12865 0.896685 0.615464 1.05061
1.31491 0.94746 1.08921 0.942782 0.882499 0.708277
1.3246 1.11355 1.17155 0.974313 1.24834 0.593216
1.17832 1.47415 1.30452 1.01038 1.66004 0.810737
0.843059 1.6174 1.26123 1.10005 1.64753 0.869452
0.826609 1.62596 1.30495 1.07996 1.37759 0.705431
0.798754 1.69214 1.21861 1.00221 1.06369 0.715105
0.823889 1.80196 0.931728 1.02341 1.03022 0.719553
0.781254 1.68672 0.657644 0.986162 0.885359 0.977937
0.767075 1.38769 0.480717 0.914657 0.611155 1.28376
0.84694 0.717051 0.789917 0.863426 0.638157 1.4925
0.980681 0.63272 1.11707 0.876704 0.649303 1.43265
end
gesture a18 hands 2
0.97113 0.652309 1.19451 0.865684 0.631743 1.42814
1.24175 0.843997 1.06003 0.904669 0.619597 1.1902
1.30125 1.04731 1.13196 0.94555 0.743738 0.916532
1.24535 1.34694 1.24612 1.0043 0.973252 0.726494
1.1616 1.50046 1.2676 1.03018 1.33526 0.725769
0.87537 1.65083 1.2589 1.03326 1.60124 0.836841
0.825151 1.77696 1.11468 1.06967 1.621 0.905553
0.807951 1.7941 0.849485 1.05317 1.24869 0.728259
0.782308 1.64311 0.612059 0.922775 0.917078 0.918232
0.792796 1.37522 0.493066 0.903457 0.870403 0.953885
0.796687 1.10165 0.510735 0.871555 0.712361 1.12102
0.960609 0.68023 0.950838 0.880164 0.606124 1.41284
0.989261 0.63062 1.17962 0.8893 0.607482 1.39641
end
gesture a18 hands 2
0.983199 0.680486 1.11888 0.914997 0.70031 1.2818
1.33966 1.01783 1.12121 0.9193 0.699686 1.26076
1.20676 1.48272 1.28925 0.929045 0.70433 1.0397
1.09219 1.59457 1.31704 0.973275 0.958915 0.698475
0.83254 1.72748 1.24838 1.06472 1.31055 0.582715
0.804627 1.8359 1.14707 1.04133 1.60831 0.644452
0.794355 1.90647 0.934976 1.05738 1.77551 0.799896
0.785851 1.70018 0.611961 1.10891 1.78092 0.862108
0.785852 1.30955 0.445314 1.07509 1.31914 0.639928
0.818166 1.07388 0.50969 0.928416 0.825988 1.03341
0.937232 0.766208 0.853705 0.870711 0.745737 1.25667
1.00921 0.678901 1.3809 0.923435 0.722158 1.29238
1.01688 0.650099 1.16776 0.92811 0.743497 1.11533
end
gesture a19 hands 2
0.982639 1.10831 0.994012 0.935772 0.97499 0.967877
0.696477 0.856601 1.02018 0.849837 0.668333 1.06135
0.676928 0.77639 1.05549 1.12732 0.567375 1.11929
1.10683 0.874416 1.06195 1.56851 0.988083 0.984153
1.33984 1.09765 0.991161 1.56884 0.970595 0.952558
1.46077 1.06417 0.980703 1.28559 0.648042 1.00834
1.01927 0.596025 1.14966 0.890156 1.19162 0.951348
0.999671 0.544986 1.19458 0.556427 1.48086 1.01187
0.837444 0.653013 1.1343 1.102 1.57718 0.728627
0.839183 0.611493 1.15812 1.10332 1.57065 0.84732
0.587377 1.39648 0.824721 0.346526 1.60263 0.980619
0.909617 1.19205 0.901364 0.901493 0.95123 1.0836
1.00459 1.12672 1.02108 0.905741 0.954936 1.03236
end
gesture a19 hands 2
1.01535 0.982871 1.01719 0.890125 0.951858 0.952205
0.791666 0.711051 0.966062 0.957811 0.646222 0.992218
1.01045 0.56258 0.997363 1.09068 0.565855 1.01269
1.18777 0.538958 1.0424 1.48449 0.727822 0.999332
1.56921 1.05656 1.04697 1.66813 1.00216 0.942257
1.58264 1.18309 1.04081 1.36296 0.629442 0.993588
1.25497 0.741494 1.02578 0.760958 0.634126 0.994262
0.73794 0.773874 0.993564 0.419982 1.13334 1.06078
0.452587 1.08384 0.95052 0.62347 1.83557 1.14134
0.487127 1.46024 0.944789 0.569395 1.86774 1.1165
0.460092 1.47462 0.968698 0.49401 1.31207 1.11838
0.956342 1.01582 1.02569 0.909711 0.951651 1.12454
1.05062 0.97984 1.11866 0.947244 0.957701 0.985496
end
gesture a19 hands 2
0.979715 0.995071 1.10038 0.931818 0.977938 1.01656
0.849432 0.755859 1.00199 0.885444 0.933326 1.02444
1.0971 0.657965 1.00281 1.16791 0.695498 0.996835
1.43061 1.14476 0.970479 1.4492 0.880588 0.989112
1.42566 1.22216 0.94917 1.57881 1.18367 0.927538
1.29887 0.943875 0.985324 1.33119 0.718953 1.00365
0.828188 0.821616 0.996189 0.755212 0.695585 0.984319
0.403272 1.11716 0.96068 0.381377 1.12317 0.986655
0.449432 1.20034 0.94665 0.314944 1.41092 1.01233
0.876143 1.04597 0.96497 0.385266 1.33292 1.08269
1.21477 1.04007 1.14434 0.705134 1.03763 1.21896
1.01688 1.01008 1.13843 0.871264 0.992998 1.20366
1.04075 1.00804 1.09111 0.861218 0.985155 1.01076
end
gesture a19 hands 2
0.860884 0.881088 0.884375 0.876725 0.878299 1.12261
0.97498 0.821212 1.05578 0.871434 0.890332 1.05959
1.36891 0.871412 1.05059 0.891909 0.90448 0.961105
1.61224 1.37967 1.09832 1.14729 0.885583 0.864978
1.53095 1.42535 1.0808 1.66069 1.17149 0.988724
1.31006 0.83512 1.12602 1.58456 1.12835 1.02012
0.730715 0.714087 1.05281 1.29635 0.794815 0.988491
0.419725 0.983428 0.977055 0.824114 0.761476 0.987013
0.373418 1.0669 0.934761 0.281354 1.23227 1.07854
0.448828 0.924739 0.903745 0.261668 1.21276 1.11203
0.789554 0.833405 0.978573 0.542289 0.91893 1.04609
0.885077 0.871957 1.18066 0.892022 0.932272 1.02878
0.801455 0.860456 1.13069 0.893633 0.929585 1.07397
end
gesture a19 hands 2
0.93958 0.813668 1.01807 0.966085 0.879989 0.996708
0.938976 0.81653 1.11202 1.23295 0.893674 0.94164
1.16962 0.850835 1.11655 1.58215 1.1381 0.996417
1.4827 1.0743 1.12113 1.543 1.26049 1.02627
1.55569 1.36726 1.13022 1.36111 0.879945 0.965667
1.4515 1.53526 1.09464 1.06698 0.739244 0.937685
1.46244 1.35604 1.06301 0.536442 0.848012 0.972667
1.02225 0.695219 1.03235 0.392513 0.986945 1.02875
0.547172 0.809858 1.0028 0.285666 1.18318 1.23903
0.375828 1.01594 0.9651 0.332031 1.0954 1.24526
0.524626 0.887222 0.962153 0.609033 0.889137 1.20081
0.993288 0.824196 1.03062 0.914466 0.845965 1.07054
0.95584 0.791874 1.09222 0.92985 0.881538 1.00803
end
gesture a19 hands 2
0.96699 0.829816 1.06262 0.909828 0.874628 0.999345
0.940489 0.822381 1.07243 0.855104 0.864894 1.05155
1.20506 0.851578 1.06116 1.38779 0.90392 0.972156
1.48263 1.01861 1.08429 1.67284 1.14014 1.03406
1.5418 1.50516 1.12183 1.64901 1.23162 1.03535
1.54521 1.38758 1.0936 1.40704 0.80584 0.986303
1.39123 0.890439 1.07242 0.807745 0.761835 0.940886
1.05191 0.721398 1.04815 0.499655 0.974205 0.952419
0.727296 0.755516 0.984544 0.350053 1.23166 1.03058
0.403718 1.15541 0.930991 0.437204 1.36286 1.10988
0.411044 1.19486 0.906382 0.494476 1.05736 1.1685
0.792917 0.866115 0.940771 0.804193 0.871272 1.1654
0.901792 0.831364 1.10197 0.879615 0.870809 1.0201
end
gesture a19 hands 2
1.061 0.793622 0.969289 0.967796 0.694525 0.917451
1.463 1.14738 0.923635 1.38184 1.05204 0.921546
1.3327 0.927127 0.867563 1.25995 0.873272 0.86287
0.640615 0.81245 1.00697 0.731352 0.631081 0.886441
0.509484 1.32753 1.24552 0.503856 0.708954 0.946787
0.718442 1.56645 1.24635 0.400169 1.3844 1.20282
0.688692 1.57915 1.19847 0.819544 1.66013 1.46738
0.428331 0.903756 1.19408 0.867045 1.64669 1.492
0.826585 1.62161 1.28201 0.987628 1.52329 1.08904
0.425594 1.16195 1.23254 0.76234 1.38203 1.4576
0.590213 0.854011 0.969514 0.552038 0.792105 0.953806
1.05697 0.807901 0.829811 0.992119 0.77999 0.792063
1.17597 0.809331 0.994808 1.09731 0.767392 0.928379
end
gesture a19 hands 2
1.17915 0.888785 0.989867 1.07215 0.704783 0.907038
1.46478 1.33966 0.850779 1.304 0.823894 0.92709
1.03689 0.837428 0.881299 1.37002 1.13244 0.886929
0.548136 0.96341 1.01782 0.913715 0.672596 0.82054
0.635393 0.951821 1.12626 0.541273 0.712877 0.962986
0.557505 1.03187 1.23225 0.368253 1.06327 1.14134
0.638426 0.927725 1.04889 0.529873 1.34474 1.3473
0.414023 1.32242 1.40958 0.791697 1.71601 1.12885
0.559125 0.901832 0.974515 0.996095 1.50087 1.17667
0.997296 0.929488 0.813424 0.722568 1.37698 1.47373
1.02662 0.936013 0.833021 0.547924 0.765157 1.09369
1.22522 0.804437 1.0839 0.908977 0.800939 0.826613
1.2399 0.78589 1.0919 0.793213 0.613957 0.91872
end
gesture a19 hands 2
1.2324 0.672214 1.07843 0.78733 0.631307 0.938339
1.43268 1.19093 0.863566 1.31869 0.914449 0.921758
1.38343 1.0853 0.826096 1.32952 1.02742 0.872584
0.846891 0.712138 0.867243 0.987774 0.726099 0.815606
0.522138 0.927859 1.13276 0.45059 0.771425 1.03907
0.707824 0.973194 1.27015 0.580512 1.46486 1.27425
0.689084 1.56146 1.27554 0.622384 1.54568 1.34484
0.720837 1.62603 1.45301 1.12566 1.56348 1.18977
0.788849 1.63607 1.34041 1.16896 1.54439 1.43508
0.444705 1.27773 1.10402 0.871276 1.3646 1.51963
0.524307 0.935792 1.17367 0.708674 0.742506 0.98989
1.08049 0.827073 0.802355 0.988649 0.813644 0.798216
1.01283 0.77558 0.920944 0.918533 0.743807 0.929672
end
gesture a19 hands 2
1.18416 0.744748 1.04327 0.962095 0.567387 1.05885
0.941386 0.860189 0.901682 1.15984 0.524892 0.907125
0.984994 0.748869 0.907314 1.63129 0.979922 0.958645
1.50854 1.20512 0.952817 1.45535 1.34024 1.24795
1.43456 1.42691 1.34707 1.06999 1.31023 1.06969
1.34765 0.800425 1.02562 1.04535 1.07831 0.641593
0.690285 0.954565 0.855705 0.800131 0.698857 0.768485
0.528066 1.27903 1.10156 0.573629 0.929974 0.837996
0.444626 1.26179 1.04731 0.74238 1.49989 1.33854
0.792408 0.823033 0.931114 0.605921 1.43876 1.20559
0.971042 0.664835 0.996916 0.570378 1.37157 1.47617
1.11428 0.9024 1.11045 1.04688 1.27954 1.01789
0.966397 1.08818 1.03388 1.06974 1.39765 1.01334
end
gesture a19 hands 2
0.940442 1.04063 1.0501 1.00036 1.29498 1.04511
1.06647 0.744258 1.02267 1.13067 1.46589 1.08368
0.906241 0.898408 0.802426 1.01772 0.62474 0.791554
1.2796 0.834766 0.908798 1.32688 0.59955 0.92291
1.47016 0.97173 0.999436 1.5787 1.18779 1.27796
1.44322 0.904749 1.35849 1.22745 0.707166 1.14754
1.50753 1.04029 1.24662 1.45195 0.861083 1.23456
1.38693 0.81927 1.08826 0.75554 0.568524 0.803557
0.919874 0.72226 0.90926 0.384166 0.988222 0.861771
0.53225 1.01377 0.855881 0.367245 1.09854 0.935937
0.485282 1.15988 0.9168 0.599879 0.792512 0.849687
0.998035 0.754231 0.909058 0.778385 0.43479 1.20957
1.1381 0.682825 1.1058 0.783258 0.448858 1.18183
end
gesture a19 hands 2
1.15577 0.751421 1.10507 0.771486 0.578794 1.03499
1.00565 0.975483 0.796301 0.861602 0.65298 0.846138
1.11782 0.890677 0.832939 1.07117 0.772493 0.722503
1.42556 1.02175 0.946647 1.08544 0.711147 0.729872
1.47084 1.00459 1.39162 1.54834 1.1726 1.10346
1.18328 1.21388 1.50784 1.46444 1.39814 1.22941
1.12326 1.07805 1.48104 1.4216 1.12889 1.15675
1.31484 0.748582 0.827705 1.11042 1.44038 0.91624
0.92834 0.778707 0.748492 1.06539 1.29602 0.93102
0.513887 1.11185 0.868744 0.798759 1.28819 1.18812
0.380757 1.28439 0.916477 0.65619 1.34339 1.07951
1.00442 0.728998 1.00853 0.640895 0.584987 0.888628
1.08187 0.771819 1.07423 0.743002 0.581673 1.05343
end
gesture a19 hands 2
1.10328 0.790033 1.05809 0.896965 0.809913 1.07725
0.99259 0.848648 1.01448 0.961293 0.828814 0.898874
1.06747 0.878121 0.961629 1.36109 0.980037 0.796306
1.33959 1.14697 0.958114 1.57916 1.20958 0.865328
1.37084 1.27708 1.06317 1.59678 1.20604 0.898845
1.40383 1.27278 1.06298 1.40055 0.90339 0.831936
1.38336 1.09345 1.01129 1.11131 0.724522 0.870759
1.01305 0.7258 0.967551 0.643122 0.767099 1.0476
0.642952 0.815434 1.03968 0.481263 0.962982 1.1774
0.582949 1.1505 1.17227 0.506931 1.25144 1.33459
0.557985 1.11092 1.18662 0.620356 1.03856 1.26793
0.939872 0.837292 0.929948 0.949689 0.841644 1.01255
1.07751 0.823268 0.952308 1.00731 0.857128 0.984533
end
gesture a19 hands 2
1.04482 0.819802 1.01008 0.962538 0.858905 1.01926
0.946285 0.852546 0.973395 0.851106 0.832821 1.03698
1.19276 0.991459 0.952123 1.02418 0.880797 0.82596
1.34384 1.33578 1.09136 1.48589 1.2069 0.869412
1.34822 1.52866 1.14009 1.57216 1.37092 0.996851
1.39699 1.4677 1.09215 1.53377 1.07382 0.969708
1.24951 0.817272 0.982183 1.34491 0.82655 0.880803
0.821326 0.685014 0.996357 0.909631 0.715964 0.953913
0.55572 0.914528 1.09939 0.59389 0.80479 1.11191
0.568111 1.01424 1.10554 0.395962 1.12318 1.34112
0.677798 0.912456 0.9956 0.410222 1.11667 1.36961
1.0371 0.783024 1.00035 0.658238 0.882385 1.09406
1.08344 0.793563 1.03192 0.912486 0.824496 1.01987
end
gesture a19 hands 2
1.13309 0.803904 1.03899 0.963575 0.85873 1.04761
0.785271 0.927272 0.929132 0.794171 0.861972 1.08129
0.826912 0.896598 0.992867 0.948461 0.867111 0.855676
1.04834 0.85582 0.915469 1.51131 1.18593 0.766348
1.40353 1.10647 1.03234 1.61094 1.34705 0.893196
1.46907 1.51028 1.24257 1.61631 1.03744 0.942162
1.489 1.4609 1.24748 1.34281 0.775723 0.894361
1.206 0.661459 0.966091 0.966894 0.686864 0.911685
0.904781 0.627217 0.999507 0.681526 0.785564 1.00184
0.574662 0.971543 1.10572 0.425825 1.06527 1.19052
0.571259 1.11504 1.14573 0.395188 1.24204 1.34059
0.626695 0.978555 1.03183 0.452985 1.14353 1.32056
0.878276 0.849329 0.954545 0.817763 0.867329 1.15195
end
gesture a19 hands 2
1.01953 0.78266 1.12768 0.832997 0.773389 1.15818
1.04889 0.957031 0.838176 1.09064 0.878511 0.931695
1.3281 1.08774 0.885823 1.53399 1.26974 1.04426
1.40088 1.44744 1.05142 1.53049 1.36026 1.15677
1.37479 1.38441 1.06346 1.41837 0.933193 0.981249
1.28594 0.880544 0.925392 1.26415 0.847432 0.957505
0.945702 0.738221 0.876495 0.725973 0.790372 0.904702
0.347868 1.20541 0.950808 0.420371 1.21973 0.880382
0.446187 1.47361 0.941128 0.626038 1.53127 0.976238
0.596442 1.07177 0.798394 0.694245 1.06991 0.836274
0.891137 0.853275 0.850212 0.932252 0.795562 1.04577
1.20337 0.798432 1.1286 0.918587 0.819273 0.941181
1.05779 0.766433 1.13431 0.866748 0.746899 1.14838
end
gesture a19 hands 2
1.09478 0.752118 1.16265 0.840261 0.731014 1.19111
0.78154 0.984282 0.799263 0.931411 0.978127 0.820276
0.827046 0.76966 0.952574 0.980564 0.756845 0.994445
1.58974 1.17907 1.01214 1.37223 0.831533 1.06571
1.3933 1.51382 1.12969 1.49164 1.36213 1.20391
1.3389 1.46201 1.11155 1.31213 0.884433 1.00061
1.17737 0.824252 0.935309 0.894381 0.756021 1.2148
0.805846 0.77414 0.912103 0.465809 0.973171 0.949716
0.317528 1.34113 0.992955 0.41274 1.50391 0.998879
0.37165 1.40672 0.933101 0.453731 1.45925 0.954079
0.608077 0.924515 0.861441 0.825453 0.77835 1.07293
1.35063 0.880189 1.20789 1.16487 1.00209 0.876722
1.0687 0.761497 1.14486 0.813158 0.738244 1.22362
end
gesture a19 hands 2
1.07611 0.731395 1.14882 0.840679 0.71674 1.21452
0.658155 0.978916 0.813105 0.808175 1.05934 0.79845
0.612829 1.1489 0.771781 1.117 0.745413 1.0082
1.20594 0.775362 0.95205 1.56379 1.25696 1.16196
1.51674 1.33007 1.08669 1.52201 1.34031 1.20315
1.35372 1.47053 1.13517 1.36746 0.865721 1.04086
1.38456 1.25375 1.07085 0.724246 0.709447 0.944602
1.03328 0.715668 0.894726 0.402853 1.10002 0.984011
0.359157 1.09467 0.985581 0.522162 1.53935 1.04652
0.445394 1.40972 0.968098 0.694703 0.917216 0.899292
0.818105 0.794505 0.892386 0.97072 0.80786 1.06457
1.5117 0.932476 1.33062 1.24222 1.11084 0.924496
1.10677 0.729086 1.17115 0.886309 0.722301 1.19979
end
gesture a19 hands 2
1.04739 0.853802 1.12099 0.872596 0.847825 1.15293
0.92273 0.810969 1.01613 1.05342 0.869947 1.05095
1.17766 0.788924 1.03798 1.28597 0.818878 1.02157
1.45667 1.16256 1.05374 1.30194 0.844237 1.01668
1.44583 1.25086 1.08123 1.55548 1.12867 1.04539
1.32956 0.921188 0.992826 1.55342 1.19531 1.03592
0.819176 0.812661 0.96916 1.52217 1.13843 1.00085
0.499326 1.13055 0.978876 1.2873 0.819581 0.945382
0.445941 1.37026 0.972259 0.734426 0.851157 0.950577
0.586162 1.12031 0.900376 0.506842 1.33794 0.96971
1.02008 0.909597 0.955225 0.537087 1.49734 0.958036
1.16742 0.876386 1.157 0.593543 1.34423 0.977098
1.0683 0.843321 1.1237 0.905372 0.840215 1.06279
end
gesture a19 hands 2
1.02029 0.792541 1.17817 0.836748 0.799865 1.09863
1.0716 0.944227 0.865852 0.95922 0.836029 0.965647
1.33015 1.11929 0.861694 1.29034 0.986461 0.831342
1.34833 1.35777 0.93759 1.47459 1.22623 0.911148
1.34314 1.36048 0.968841 1.48919 1.27892 0.9681
1.35541 1.12767 0.959619 1.48657 1.07673 0.948725
1.10122 0.728576 0.95587 1.26186 0.776866 0.939078
0.631591 0.823212 1.06552 0.813221 0.760216 1.03787
0.44027 1.22996 1.04262 0.634801 1.3489 1.04101
0.447475 1.28131 1.03716 0.656655 1.35518 1.103
0.872451 0.882696 0.983375 0.626692 1.04289 1.14285
1.01284 0.812388 1.20725 0.785943 0.823048 1.19347
1.00978 0.802724 1.19758 0.773784 0.801405 1.06721
end
gesture a19 hands 2
0.968768 0.86202 1.14926 0.818203 0.889067 1.03119
0.967877 0.85762 1.12185 0.903138 0.872 0.978005
1.16775 0.987597 0.966887 1.22969 0.998992 0.847984
1.2797 1.11863 0.828943 1.4884 1.24434 0.915575
1.29834 1.1708 0.874875 1.51225 1.21533 0.94228
1.29088 1.26186 0.898068 1.47452 0.933397 0.922605
1.31163 0.855406 0.889299 1.24774 0.749023 0.949773
1.07467 0.681375 0.983957 0.886347 0.740215 1.0443
0.64414 0.780669 1.04997 0.661022 1.02797 1.04057
0.509497 1.11706 1.02198 0.694057 1.14702 1.05282
0.688941 1.00883 0.931596 0.791078 1.08387 1.00371
1.06774 0.890286 1.1352 0.794789 0.934986 1.16106
0.96981 0.861206 1.16095 0.831027 0.87972 1.13668
end
gesture a19 hands 2
1.02899 0.724148 1.07275 0.858749 0.632514 0.983689
1.56524 1.11675 0.973914 1.16562 0.784125 0.809654
1.61561 1.28108 1.18893 1.50772 0.999684 0.93588
1.60494 1.05417 1.10678 1.43233 0.859321 1.02752
1.27029 0.608479 0.883456 1.15317 0.534005 0.913787
0.714145 0.542731 0.834888 0.707446 0.450143 0.934023
0.345014 0.851437 0.955588 0.543703 0.761336 0.919899
0.29128 1.13347 1.02482 0.505131 1.32733 1.23425
0.426754 1.40505 1.10649 0.619682 1.4056 1.3257
0.366818 1.3202 1.14866 0.533825 1.30686 1.29718
0.789814 0.866178 0.912292 0.680284 1.25752 1.06177
0.986838 0.74493 1.00729 0.75734 1.22623 1.23238
0.970849 0.746469 1.03774 0.882797 1.31957 1.04904
end
gesture a19 hands 2
0.969964 0.674336 0.966695 0.835886 1.15889 0.946335
1.0776 0.668955 0.927571 0.948994 1.16185 0.844924
1.54263 1.2209 1.14602 1.44738 0.876181 0.91627
1.10621 1.19531 1.67598 1.32666 1.13254 1.17952
1.07365 1.04412 1.67144 1.35224 0.54317 0.897497
1.56882 0.822975 1.12604 0.546002 0.589225 0.662286
1.2629 0.449959 0.839605 0.561122 1.23211 0.904705
0.447661 0.724275 0.711551 1.07747 1.50159 1.19738
0.59647 1.47498 1.0953 1.22674 1.17548 1.29732
0.475375 1.35482 0.938425 0.732082 1.05822 1.47953
0.54803 0.835197 0.870984 0.59753 0.52808 0.952471
0.832045 0.863954 0.675939 0.65457 0.60519 0.757564
1.05095 0.618251 1.01125 0.816328 0.435322 0.942946
end
gesture a19 hands 2
0.998364 0.626365 0.995536 0.819904 0.676968 1.01404
1.37842 1.18737 0.774974 1.29975 1.14874 0.762312
1.32824 1.54657 1.08429 1.30133 1.46215 1.1528
0.959065 1.68013 1.43338 1.32821 1.39318 1.24366
1.35848 1.5104 1.35652 1.35402 0.9121 1.01668
1.40665 0.628308 0.961332 0.636506 0.552253 0.859929
0.765248 0.369217 0.725069 0.316687 0.945879 0.904204
0.285512 0.75609 0.777256 0.719947 1.50796 1.40255
0.382977 1.40873 1.03024 1.10814 1.82275 1.24501
0.513059 1.45787 1.0724 1.24928 1.48488 1.43762
0.414101 0.99612 0.830448 0.724034 0.982787 1.27121
1.00342 0.482864 1.03035 0.693061 0.793835 0.973176
1.01625 0.619688 1.0247 0.790899 0.67898 1.0191
end
gesture a19 hands 2
1.0336 0.724433 1.0994 0.793875 0.716574 1.13554
1.3359 0.919784 1.07206 1.19251 0.914166 0.928582
1.35443 1.16039 0.943082 1.41568 1.0527 0.968588
1.11508 0.784226 0.98169 1.43552 0.993627 0.967378
0.473899 0.89683 0.977829 1.1469 0.728655 1.00072
0.374427 1.31825 1.0231 0.633224 0.905398 0.936405
0.651628 1.40984 1.11191 0.546428 1.63625 1.18254
0.541757 1.1364 0.825605 0.533374 1.63204 1.1833
0.636975 1.34203 1.198 0.586512 1.46571 0.975848
0.731177 1.37613 1.08972 0.783173 1.06601 0.866586
0.88966 0.756592 0.934875 0.787865 0.976434 0.860503
1.05734 0.698597 1.16823 0.869582 0.751396 1.08826
1.01186 0.670015 1.16827 0.870109 0.688341 1.08882
end
gesture a19 hands 2
1.15495 0.663733 1.14938 0.795855 0.728259 1.17055
1.37825 0.998796 0.789201 1.22268 1.0094 0.833572
1.4553 1.05262 0.835648 1.35484 1.01488 0.927557
0.825618 0.684001 0.939028 0.995036 0.687113 1.00778
0.46794 1.3396 0.999856 0.583632 0.768477 0.929397
0.528478 1.29697 0.988141 0.224919 1.58403 1.07075
0.231884 1.52713 1.0925 0.965391 1.08046 0.951589
0.186304 1.2191 1.06348 0.923942 1.36095 1.18779
0.607946 1.04137 1.1882 1.40542 0.809815 1.10306
0.705259 1.38674 1.20813 1.53204 0.919947 1.27606
0.70226 0.684112 1.25919 1.4284 0.830563 1.31077
1.28106 0.699723 1.24024 0.693338 0.739243 1.21907
1.15499 0.674664 1.18448 0.682 0.762348 1.14258
end
gesture a19 hands 2
0.954236 0.760515 1.2156 0.852384 0.830594 1.05525
1.33136 0.965046 1.04818 1.44707 1.0446 0.837672
1.32834 1.07048 0.878899 1.49954 1.02192 0.917099
1.33352 1.06159 0.862086 1.16128 0.736324 1.0126
0.831827 0.761749 0.976506 0.604828 0.964917 0.941001
0.356134 0.987314 0.985508 0.405938 1.54818 1.14454
0.272376 1.40838 0.988472 0.416657 1.53814 1.14962
0.453327 1.17238 0.990835 0.592063 1.18127 0.959658
0.447756 0.970385 0.922911 0.834563 0.801238 1.39013
0.865295 0.806243 0.926213 0.892932 0.870235 1.19808
1.34879 1.02482 1.16493 0.80855 0.795428 1.29034
1.32322 1.00169 1.23457 0.775859 0.873007 1.04591
0.953998 0.781507 1.16432 0.817043 0.884946 0.975335
end
gesture a19 hands 2
1.05845 0.643043 1.16947 0.943581 0.594052 1.0628
1.48731 1.2335 0.880289 1.02615 0.633613 1.02503
1.5876 1.25093 0.892588 1.16713 0.872073 0.812307
1.60435 1.05768 0.905408 1.38506 0.917425 0.866876
1.35327 0.582941 0.935243 1.18559 0.437477 1.03287
0.86777 0.513729 1.05461 0.693198 0.519983 1.11096
0.453406 0.913229 1.09279 0.468047 1.22621 1.19307
0.459542 1.39258 1.08451 0.875938 1.65978 1.25892
0.522424 1.47152 1.07471 0.935985 1.65251 1.23225
0.417495 1.07586 1.03714 0.608637 1.13114 1.22014
0.512587 0.883592 0.990534 0.907984 0.599051 1.05121
1.16888 0.650241 1.08039 0.913521 0.629578 0.858842
1.09336 0.643369 1.17396 0.931832 0.599692 0.890107
end
gesture a19 hands 2
1.04042 0.705158 1.22669 1.03043 0.671193 0.984982
1.32036 0.950164 0.982749 1.05951 0.68168 0.960004
1.4531 1.46877 0.938173 1.25886 1.09114 0.723327
1.43312 1.49074 0.947655 1.33263 1.20054 0.776254
1.47481 1.18381 0.888213 1.40578 0.799174 0.922574
1.31519 0.683217 0.933592 1.23049 0.520504 1.12805
0.979655 0.568699 0.957102 0.880725 0.512291 1.10934
0.420595 0.91967 1.0519 0.457415 1.18962 1.16316
0.356134 1.26944 1.06091 0.814441 1.71948 1.2229
0.385081 1.33615 1.03941 0.75935 1.60815 1.16637
0.43572 0.978709 1.01215 0.56438 1.15311 1.20256
1.22639 0.726445 1.13486 0.897788 0.70343 1.20246
1.07714 0.697832 1.17754 0.999318 0.67376 1.07138
end
gesture a19 hands 2
1.02445 0.724353 1.14932 1.03032 0.725445 1.04867
1.36943 1.40212 0.922948 1.20859 1.09394 0.747799
1.35111 1.56925 0.958407 1.31174 1.31686 0.800113
1.38811 1.35625 0.86387 1.39588 0.898177 0.92014
1.34242 0.724076 0.901756 1.18117 0.595179 1.05518
0.919494 0.593421 0.961733 0.623051 0.752975 1.14533
0.450608 0.861857 1.01179 0.482736 1.12624 1.17471
0.3787 1.19549 1.03214 0.693417 1.57683 1.20078
0.474704 1.31172 1.01107 0.71797 1.53756 1.20556
0.583108 0.983889 0.97237 0.649687 1.0574 1.17642
0.957293 0.751345 1.03984 0.982918 0.747404 1.18552
1.16018 0.734099 1.1924 0.838257 0.747911 1.06319
1.00917 0.691189 1.23658 1.04598 0.730758 0.987973
end
gesture a20 hands 2
0.978462 0.837615 1.1963 1.02367 1.05158 1.01688
0.896028 0.489036 1.09855 1.12894 0.554686 1.15183
0.8208 0.276622 1.18495 1.02241 0.703635 1.18795
0.885867 0.396446 0.965238 1.09846 0.625674 1.43102
1.2742 1.138 0.962398 0.737407 1.00974 1.33471
1.30522 1.46031 1.19127 0.952114 1.38902 0.843204
1.01913 1.65587 1.21592 1.01772 1.3316 0.92697
0.96765 1.89924 0.654285 1.00362 0.86406 1.08476
0.820987 1.70986 0.42126 1.0287 1.08824 0.817801
0.918131 1.43401 0.411078 0.861219 1.02226 0.762224
1.08014 0.893957 0.909163 0.901664 0.888144 1.08799
1.01418 0.843594 1.34788 0.991039 1.03801 0.992709
1.02748 0.836225 1.35888 0.972789 1.03979 1.1293
end
gesture a20 hands 2
1.03019 0.745768 1.36717 0.937715 1.08063 1.14568
0.88508 0.768035 1.08024 0.969602 1.0307 1.10293
0.874929 0.733601 1.08483 1.04579 0.633372 1.21323
0.88571 0.395935 1.21675 1.09386 0.686788 1.16175
0.845526 0.299019 1.15902 0.985246 0.609471 1.15571
1.18371 0.953197 0.971533 1.0449 0.737749 1.12673
1.27319 1.44811 1.30465 0.99974 0.587102 1.20514
1.15841 1.48328 1.42584 1.02272 0.894158 1.08417
1.01402 1.77598 0.871019 1.02307 0.987083 1.06409
0.870503 1.69927 0.492924 0.987799 1.15571 0.798425
1.03946 1.05581 0.644259 0.826794 1.01752 0.798679
1.02611 0.891332 0.793275 0.88276 0.976827 1.04224
1.01027 0.765635 1.24659 0.960316 1.09571 1.08646
end
gesture a20 hands 2
1.024 0.843099 1.25447 0.972247 1.06611 1.08589
0.913346 0.729751 1.13875 1.05382 0.606733 1.17688
0.802805 0.205961 1.08597 1.05454 0.607055 1.19473
0.859395 0.221267 1.27612 0.996729 0.979643 1.1003
0.948609 0.581726 1.07812 1.06644 0.870796 1.16865
0.980074 0.693114 1.137 1.01351 1.03848 1.10371
1.28361 1.2606 1.01966 0.999281 1.09395 0.821231
1.0388 1.54893 1.30444 1.01934 1.1176 0.859284
1.01334 1.8989 0.697021 0.942734 1.06618 0.642768
0.87097 1.71079 0.440496 0.823574 0.95664 0.833668
1.08751 1.58227 0.550785 0.884047 0.978494 1.13713
1.1616 0.87803 0.990068 0.987259 1.07796 1.06846
1.05952 0.834374 1.41148 0.978399 1.07377 1.09089
end
gesture a20 hands 2
0.949611 0.836859 1.05946 1.08527 0.888567 0.981181
1.26986 0.718061 1.12485 1.4073 1.139 0.784684
1.31571 0.549962 1.27072 1.45362 1.21415 0.793941
1.26772 0.397287 1.32982 1.27758 1.3535 0.533017
1.41664 0.562551 1.43023 0.928176 1.2436 0.424369
1.38268 1.3862 1.38551 0.702969 1.06654 0.620118
1.43398 1.58799 0.845239 0.608642 0.973868 1.20914
0.876682 1.67282 0.416186 0.952735 0.928361 1.58818
0.293676 1.46785 0.534754 0.980778 0.92582 1.61477
0.246633 1.44331 0.582226 0.651184 0.853951 1.39092
0.428755 1.36817 0.703142 0.808976 0.755061 1.2182
1.00591 0.751053 1.0917 0.819503 0.911285 0.814333
1.09723 0.723183 1.1799 0.964116 0.791104 1.05478
end
gesture a20 hands 2
1.00969 0.72011 1.17838 0.890546 0.855661 1.14325
1.29812 0.817382 1.27633 1.10803 1.00546 0.864641
1.31644 0.697625 1.46508 1.19646 1.07009 0.81484
1.18678 0.436883 1.51394 1.22753 0.886885 0.868212
1.12687 0.194383 1.38432 1.1889 1.11923 0.638476
1.37075 0.658116 1.54914 0.89203 1.20574 0.594009
1.38779 1.17844 1.45127 0.736643 1.20038 0.589256
1.35238 1.39888 1.30514 0.610158 1.05662 1.02131
1.29556 1.59776 0.908881 0.6361 0.942564 1.32792
0.898172 1.6882 0.454821 0.904342 0.965528 1.44569
0.306176 1.48109 0.411891 1.09592 0.920415 1.20897
0.353079 1.47839 0.444953 0.726601 0.84746 1.2906
0.938707 1.03522 0.794895 0.665984 0.865895 1.09869
end
gesture a20 hands 2
0.977362 0.958588 0.893301 0.765032 0.891617 1.05139
1.05329 0.824753 1.20953 0.974474 1.02434 0.849419
1.08618 0.270605 1.32995 1.07352 0.818303 0.871311
1.14425 0.303729 1.30566 1.05386 1.07227 0.732087
1.36235 1.16029 1.36132 0.893879 1.20988 0.777006
1.33082 1.43645 1.21612 0.872425 0.964604 1.20943
1.05454 1.82184 0.417463 1.07418 0.994669 1.50808
0.361882 1.63622 0.354974 1.20321 1.12588 0.976712
0.43694 1.5075 0.591015 0.914958 1.12435 0.709376
0.478521 1.16871 0.569611 0.719809 0.822533 1.36624
0.727299 0.856955 0.777231 0.715872 0.974409 1.20532
1.05788 0.905588 1.20269 1.1891 0.854914 1.27722
1.09499 0.809577 1.18209 1.29603 0.905069 1.28796
end
gesture a20 hands 2
1.01059 0.992291 1.14579 0.976271 1.04811 1.01635
0.953039 0.37924 0.983649 1.06757 0.768324 1.01431
0.938236 0.284327 1.02007 1.09225 0.819743 0.991189
1.00409 0.391559 0.974651 1.01505 0.78627 0.988988
0.953086 0.512718 1.24005 1.01941 0.937316 0.988646
1.0322 1.09116 1.15729 0.898997 1.08723 0.892309
1.00043 1.12551 1.21527 0.893546 1.0364 0.968645
0.780017 1.88749 0.505015 0.914694 1.03932 1.22618
0.839788 1.87747 0.566339 0.903751 0.977242 1.2206
0.93938 1.47864 0.588674 0.89651 1.02657 1.05565
0.98838 1.05333 0.871417 0.908101 1.02615 0.997363
1.01005 0.942613 1.13104 0.968404 0.969763 1.07181
1.03853 0.972124 1.21761 0.945848 1.01082 1.06179
end
gesture a20 hands 2
1.04137 0.776676 1.24106 0.912832 1.02208 1.09121
0.945167 0.107532 1.03746 1.01677 0.850839 1.09538
0.991575 0.118831 1.12806 0.969625 0.746701 0.909059
0.970844 0.155535 0.968064 0.962398 0.781334 0.998256
0.935026 0.87442 0.903934 1.00095 0.528879 1.06591
1.41651 1.30648 1.497 1.02728 0.668863 1.04655
1.03718 1.76726 1.55287 0.72402 0.816978 1.28785
0.93588 1.92416 0.73973 0.991295 0.878611 1.02822
0.630866 1.52719 0.53782 1.14382 1.12379 0.821283
0.761352 1.51689 0.54768 1.19883 1.17555 0.831492
0.940752 1.18218 0.581724 1.02738 1.04782 0.920387
1.0245 0.789479 1.09023 0.919171 0.991762 1.16353
1.04315 0.781351 1.26594 0.912976 1.01558 1.082
end
gesture a20 hands 2
1.05413 0.755272 1.26417 0.951947 1.03531 1.06937
0.93059 0.142722 1.01613 1.03999 0.770054 0.941207
0.919453 0.12884 0.992949 1.0084 0.53013 0.9396
1.54769 1.13226 1.24877 1.04077 0.52703 1.03432
1.22935 1.69372 1.45789 1.04928 0.780294 0.961666
0.980853 1.71122 1.44739 0.994688 0.845843 0.987247
0.999486 1.99735 1.07643 1.05412 1.06877 0.885918
0.81559 1.85336 0.585457 0.948473 1.03344 0.877852
0.542231 1.37905 0.476334 0.897915 1.11378 0.979326
0.572097 1.32862 0.498774 0.893552 1.00952 1.28749
0.979009 0.974147 0.792117 0.921352 1.04878 1.27007
1.029 0.740167 1.18212 0.907103 1.03266 1.07275
1.03372 0.73206 1.25712 0.935802 1.03173 1.03364
end
gesture a20 hands 2
1.18034 0.777126 1.18645 1.0073 0.990984 1.02671
1.1062 0.744335 1.25006 0.90117 0.739195 1.22569
1.06726 0.742427 1.0767 0.823959 0.646487 1.32832
0.857481 0.364408 1.01 0.821359 0.627536 1.2919
0.780978 0.360511 1.01775 0.843365 0.61752 1.14915
0.882003 0.832927 0.852396 1.01673 0.860314 0.883841
1.02459 1.1361 0.874336 1.09004 1.13355 0.746131
0.980885 1.57656 1.25566 1.04173 1.21647 0.700963
0.914484 1.77705 1.0188 1.00919 1.22439 0.708625
0.858963 1.56358 0.669865 0.980241 1.11945 0.870106
0.874226 1.05452 0.788612 0.888472 0.992094 1.14776
1.07519 0.749685 1.26858 0.931226 0.964825 1.27633
1.0782 0.739218 1.2371 0.903786 0.957986 1.15123
end
gesture a20 hands 2
1.11965 0.763646 1.31183 0.946527 1.003 1.04596
1.02943 0.800233 1.0636 1.01789 1.04929 0.987775
0.917732 0.450965 1.04472 0.972511 1.0084 1.02975
0.851607 0.300268 1.08651 0.916318 0.754029 1.25256
0.857236 0.702281 0.911272 0.884423 0.60377 1.22661
1.04339 1.19995 0.987436 0.894906 0.676092 1.10928
1.07446 1.59115 1.27352 0.965398 0.991567 0.86809
1.01947 1.66554 1.19806 0.947044 1.14129 0.744375
0.925892 1.75023 0.95028 0.978215 1.1486 0.783714
0.84866 1.63647 0.783743 0.977619 1.06097 0.993551
0.880024 1.40225 0.694644 0.972741 1.05779 1.03068
0.915302 0.939987 0.922673 0.92437 1.00492 1.19851
1.04808 0.780799 1.14505 0.952092 1.01034 1.09129
end
gesture a20 hands 2
1.06907 0.7821 1.12645 0.938198 1.02209 1.08177
0.870991 0.323389 1.09557 0.917696 1.00792 1.01441
0.801674 0.314775 1.18721 0.877866 0.669906 1.28269
0.873374 0.695724 0.924595 0.899476 0.681015 0.980893
1.02945 1.15005 0.955503 1.0582 1.02835 0.742136
1.08151 1.44924 1.14397 1.15184 1.17312 0.669166
0.996282 1.55656 1.36239 1.07853 1.14093 0.704719
1.00749 1.722 1.12842 0.919404 1.02335 0.955575
0.890314 1.70363 0.774577 0.887438 0.981516 1.06008
0.821345 1.32303 0.612704 0.945832 1.01414 1.35397
0.829301 1.22372 0.636102 0.989305 1.03782 1.35267
0.996735 0.834028 0.999935 0.921739 1.01518 1.05673
1.18979 0.779648 1.36948 0.916494 1.00703 1.0352
end
gesture a20 hands 2
0.954625 0.86623 1.19138 0.904088 1.04533 1.1143
1.00347 0.661785 0.93998 0.903455 0.924852 1.1294
0.977053 0.266806 0.921927 0.961921 0.713295 0.978572
1.03609 0.0724477 0.989462 0.975568 0.796493 0.92794
0.961782 0.203651 0.89178 0.99312 0.670453 0.909305
0.894564 0.382507 1.0775 1.0404 0.805166 0.733451
1.07066 0.632638 1.0164 1.03479 0.655135 0.962473
1.36469 1.21422 1.18751 1.00094 1.03132 1.04429
1.25719 1.65279 1.37888 1.03338 1.13337 0.91456
0.884821 1.84725 1.05635 1.01328 1.15455 0.911797
0.66121 1.75284 0.65484 0.992014 1.03684 1.16789
0.562808 1.39691 0.597674 0.931734 1.09942 1.27357
0.62904 1.25386 0.673403 0.922086 1.06457 1.27001
end
gesture a20 hands 2
0.837531 1.07026 0.867617 0.812049 1.11388 0.993376
0.975086 0.894713 1.29903 1.03653 1.05521 1.04654
0.988146 0.890283 1.29041 1.01977 0.861755 1.14963
0.873891 0.36716 0.879309 1.00495 0.646708 0.950273
0.706204 0.274907 0.978951 1.0054 0.579104 0.918669
0.888819 0.311015 0.841516 0.992757 0.75162 0.998039
1.28828 1.35027 0.996378 0.946239 1.11394 0.918181
1.01176 1.67715 1.33364 0.909207 1.17802 0.890732
1.06396 1.78557 0.613963 1.06237 1.0818 1.22329
0.911535 1.59882 0.501674 1.06295 1.06348 1.34173
0.856267 1.07198 0.751983 0.799987 1.11059 0.865686
1.00407 0.943589 1.23764 0.815115 1.11726 0.819455
0.959879 0.890159 1.27817 0.989777 1.05393 0.919696
end
gesture a20 hands 2
0.989617 0.695548 1.6988 0.830598 0.735393 1.7366
1.09812 0.607581 2.11223 1.01754 0.122058 1.53251
1.16605 0.384877 1.78194 1.21087 1.07888 -0.695103
1.02372 0.418398 1.69659 1.21087 1.07888 -0.695103
0.948007 1.01679 -0.721243 0.91337 0.966132 1.48307
0.948007 1.01679 -0.721243 1.1809 1.28321 1.35456
1.03462 0.813107 1.61875 1.22606 1.61754 1.45113
1.13559 1.44167 1.8141 1.21336 1.65923 1.74998
0.973893 1.49618 1.92672 1.14527 1.7853 1.58218
0.822733 1.75321 1.20268 0.683558 1.60864 1.337
0.951336 1.2025 1.09014 0.62786 0.819823 1.78638
0.994166 0.707878 1.7287 0.801729 0.758528 1.82773
1.00317 0.709773 1.71246 0.831694 0.769732 1.62314
end
gesture a20 hands 2
0.934898 0.742595 1.17839 0.941399 1.05453 0.984999
0.95521 0.618755 1.10909 0.965482 1.00099 1.07277
0.877393 0.150062 0.964669 1.01018 0.810994 1.06164
0.560255 0.651641 1.08431 1.11889 0.504066 0.920329
0.82355 0.574341 1.16496 0.953307 0.570142 0.832277
0.855713 0.517142 0.946015 1.09853 0.455736 1.16125
1.14625 1.00844 0.98657 1.0543 0.520925 1.15164
1.05096 1.48162 1.42764 1.08962 0.402256 1.20676
0.954452 1.54555 1.39069 1.01319 0.379374 1.13804
1.04608 1.87672 1.01631 0.935641 0.897499 1.08224
0.982157 1.77229 0.753489 0.952036 0.943515 1.11462
1.13017 1.28951 0.694344 0.972923 1.15818 0.928836
1.05285 0.855288 1.00071 0.945891 1.09833 1.04643
end
gesture a20 hands 2
1.05417 0.717043 1.35171 0.908715 0.929545 1.34669
0.913676 0.211325 1.26472 0.965228 0.760111 1.49023
0.854072 0.476145 1.2663 0.89555 0.716722 1.52438
0.892438 0.955152 -0.939462 0.762488 0.813593 1.60064
0.892438 0.955152 -0.939462 0.840523 0.68701 1.45274
1.14898 1.30965 1.44931 1.06772 1.23623 1.26545
0.950656 1.43243 1.68849 1.11585 1.18705 1.20525
0.986422 1.81424 1.41798 1.01671 1.26159 1.26485
0.964211 1.70571 1.0629 1.09223 1.32424 1.18621
1.13669 1.437 0.971488 1.26023 1.20085 -1.12834
1.13304 0.871945 1.14459 1.26023 1.20085 -1.12834
0.995631 0.667627 1.40793 0.922154 0.964503 1.2334
0.95682 0.65721 1.458 0.928711 0.908526 1.3543
end
gesture a20 hands 2
0.982259 0.947216 1.16135 0.908914 1.0295 1.06499
0.925254 0.371686 0.975368 1.0696 0.649924 1.03959
0.862611 0.273429 0.956562 1.14423 0.761069 0.982126
0.804668 0.435175 0.921731 1.12334 0.701454 1.0578
0.933838 0.841872 0.729329 0.936212 0.837171 1.15298
1.33563 0.958078 1.05987 0.767797 1.19358 0.788797
1.22915 1.37327 0.886128 0.855707 1.13164 1.03553
1.20523 1.74298 1.20394 1.04363 1.18991 1.04676
1.03575 1.78953 1.2799 1.03761 0.867078 0.979839
0.980313 2.07986 0.868404 1.07853 0.880116 0.881763
0.974501 1.97574 0.643824 0.970805 1.07257 0.855244
0.831639 1.55203 0.573916 0.929463 1.03177 1.16223
0.93023 1.15083 0.789984 0.91346 1.0246 1.1548
end
gesture a20 hands 2
1.08703 0.788541 1.13846 0.877991 0.985908 0.867462
1.0015 0.761005 1.17455 0.946438 0.915306 1.08204
0.971635 0.433121 1.00241 0.892743 0.903295 1.01464
0.935878 0.341531 0.982266 0.925892 0.854013 1.19871
0.965675 1.06262 0.839078 1.11879 0.688538 1.29386
0.873513 0.419704 0.934087 0.88386 0.755992 1.30087
0.887078 0.597039 0.891236 1.02048 0.916863 1.00652
1.14018 0.965618 0.810555 1.10938 1.32911 0.675164
1.24144 1.33405 1.08316 1.07175 1.5113 0.564818
0.885577 1.61735 1.42417 1.08714 1.41021 0.726723
0.961595 1.97951 0.950304 0.966467 1.13515 0.848176
0.837678 1.68645 0.600433 0.760743 0.911995 1.29833
0.880054 0.956761 0.760749 0.748915 0.911923 1.35261
end
gesture a20 hands 2
0.93462 0.836778 0.909669 0.742348 0.910343 1.33168
0.988055 0.806584 1.25049 0.961725 0.876854 1.10208
1.07622 0.783349 1.27526 0.952339 0.808842 1.18873
0.973646 0.467772 0.909642 0.918611 0.525596 1.2576
0.953173 0.160089 0.934144 0.988152 0.625343 1.21891
0.91041 0.198373 0.981098 0.922941 0.669306 1.22256
1.04699 1.22295 0.858031 0.873038 0.845539 1.19037
1.11315 1.56593 1.51294 1.03803 0.961962 0.991478
0.852991 1.61448 1.38182 1.06998 1.03133 0.916473
1.00252 2.00127 1.06591 1.18375 1.38737 0.723469
0.923057 1.87269 0.686855 1.14095 1.46175 0.542418
0.963121 1.36089 0.482869 0.936567 1.04785 0.837678
0.950897 0.893137 0.799004 0.856877 0.91604 1.23193
end
gesture a20 hands 2
0.947193 0.825233 0.925711 0.892784 0.975977 1.18668
0.956524 0.162223 0.92218 0.922303 0.952331 1.03784
0.884367 0.43337 1.01838 1.03431 0.710886 1.17424
1.15604 1.14146 0.878042 0.944339 0.750839 1.13893
1.19288 1.19719 0.913357 0.939523 0.792154 1.24246
1.13685 1.55299 1.3176 1.20866 1.00549 1.18399
0.875729 1.69247 1.23861 0.988174 0.959781 1.03322
0.931501 2.04872 0.988051 1.00506 1.04639 0.879918
0.865168 1.69399 0.455808 1.00156 1.2018 0.60843
0.954576 1.24596 0.416851 0.903084 1.00144 0.956163
1.04666 0.824242 1.02224 0.891053 1.00987 1.28223
1.1032 1.03476 1.58025 0.938128 1.03072 1.3242
1.16247 0.802485 1.31194 0.907235 1.00259 0.894769
end
gesture a20 hands 2
1.00405 0.692827 1.26856 0.990891 1.02754 0.906685
1.04667 0.569544 1.11513 0.957016 1.00762 0.970261
1.04682 0.163765 1.01554 0.953459 0.781016 1.34589
0.978223 0.0394217 1.06859 0.875346 0.704083 1.20689
0.991684 0.33596 1.05936 1.01341 0.833861 1.0671
1.08203 1.20339 0.889501 1.01803 0.673294 1.02123
0.962864 1.62168 1.08778 1.21053 1.01674 1.18809
0.901658 1.68396 1.19013 1.3213 1.1605 1.25925
0.865508 1.90609 0.839789 0.9483 0.876732 1.13183
0.928922 1.84985 0.816135 0.964977 1.07579 0.856424
1.00015 1.28228 0.734196 0.955029 1.00638 1.03306
0.931716 0.808952 0.963395 0.913913 1.04955 0.951088
0.932207 0.721414 1.17775 0.927316 1.03187 1.04302
end
gesture a20 hands 2
1.06313 0.640359 1.2326 0.94056 1.15901 1.06949
1.07852 0.1506 1.02277 0.965366 0.75477 1.22819
1.04418 0.236464 1.11289 0.898049 0.893975 1.1173
0.699228 0.772464 1.05651 0.859415 0.792438 1.0522
0.936287 0.971279 1.10758 0.958985 0.445316 1.21145
0.60898 0.884057 1.18482 1.06615 0.451489 1.11849
0.651354 0.651192 1.09982 0.914957 0.808597 0.990246
1.04376 1.58517 1.11893 0.882545 0.784331 0.996682
0.992152 1.66143 1.24371 1.06085 0.425702 1.12103
1.01444 1.85081 0.83751 1.10131 0.579237 1.1815
0.98646 1.82836 0.781746 0.968851 1.23552 0.766768
1.03988 1.28361 0.585524 0.973477 1.14805 0.998967
1.04936 0.96667 0.731503 0.924089 1.16566 1.02947
end
gesture a20 hands 2
1.13204 1.12851 0.853706 0.76668 0.758292 0.973982
1.15393 1.04379 1.13442 0.692706 0.427393 1.07936
1.15891 1.04304 1.14059 0.583453 0.526786 1.22125
1.18126 0.814614 0.945342 0.638372 0.760763 1.29109
1.18217 0.569196 0.946141 0.743981 0.672594 1.16759
1.15065 0.653259 1.05621 0.640505 0.611233 1.17022
1.2028 0.68799 1.01724 0.565139 0.918589 1.17304
1.1179 0.903481 1.1029 1.30947 0.978573 1.01848
1.1401 1.14338 1.01477 1.38872 1.32969 0.966331
0.75973 1.03503 1.07765 1.18416 1.37566 1.07564
0.735025 1.07731 0.992804 1.29582 1.16044 0.883111
0.758814 1.06661 1.16682 1.32961 1.30178 1.07804
1.13862 1.0834 0.981011 0.78749 0.75803 1.05511
end
