gesture a02 hands 2
1.39257 0.871516 1.23905 0.859922 0.976057 1.13791
1.34743 0.908639 1.17896 0.938401 0.96781 1.10205
1.22255 0.964788 1.09929 0.968862 0.952415 1.05441
1.217 1.00185 1.05826 0.966462 0.944163 1.02607
1.2358 1.0441 1.0232 0.950979 0.987263 1.06375
1.22668 1.06023 1.00041 0.946236 0.98283 1.06579
1.18159 1.07399 0.965372 0.968697 0.942776 1.02941
1.12996 1.08259 0.952601 0.955095 0.960586 1.04862
1.04865 1.08645 0.94085 0.986306 0.952466 0.999614
1.02107 1.08139 0.932581 0.9639 0.965431 1.03372
1.00559 1.05858 0.924094 0.995111 0.957312 0.984716
1.02554 0.990282 0.963669 0.941494 0.978396 1.06782
1.01655 0.873273 1.11756 1.00392 0.962157 0.969819
end
gesture a02 hands 2
0.984167 0.703912 1.37226 1.012 0.960805 0.986313
1.09749 0.724542 1.35064 1.01199 0.966254 1.0154
1.12131 0.737145 1.33934 0.975348 0.95546 1.06043
1.1409 0.768392 1.29581 0.951024 0.958507 1.07735
1.12138 0.797426 1.25484 0.941539 0.983796 1.06492
1.02508 0.867177 1.17676 0.935057 0.979057 1.07749
1.02313 0.906925 1.13835 0.941444 0.980978 1.05025
1.06194 0.956115 1.08121 0.937921 0.980784 1.06371
1.05607 0.986332 1.03409 0.928575 0.974317 1.09006
0.945737 1.03238 0.966824 0.934399 0.980591 1.07716
0.930098 1.04199 0.943276 0.937311 0.983727 1.07071
0.935994 1.04661 0.914455 0.941348 0.97816 1.03559
0.963697 1.03605 0.912124 0.940222 0.986864 1.06427
1.00733 1.01029 0.935256 0.960769 0.965378 1.0671
1.01814 0.949973 1.02593 0.98884 0.969342 1.015
end
gesture a02 hands 2
1.02816 0.678478 1.37124 1.01386 0.965995 0.982125
1.08657 0.705639 1.31164 0.965641 0.958486 1.0552
1.10615 0.735872 1.27338 0.915956 0.97987 1.12513
1.08716 0.772245 1.23132 0.919209 0.971984 1.09692
1.01125 0.835388 1.17934 0.939173 0.962579 1.07754
0.997318 0.870921 1.14526 0.937631 0.96506 1.06508
1.00072 0.890444 1.12584 0.922462 0.964097 1.06871
1.05312 0.94426 1.08277 0.936089 0.96754 1.05262
1.06517 0.979901 1.04067 0.942901 0.969262 1.04458
1.03252 1.00997 1.00582 0.962391 0.945288 1.02995
0.964908 1.03551 0.965461 0.949715 0.970983 1.03654
0.943476 1.03725 0.946791 0.944326 0.976411 1.06548
0.933299 1.01549 0.928905 0.958053 0.973167 1.04826
0.963303 0.954616 0.980398 0.973071 0.970105 1.06062
0.97207 0.915391 1.05433 0.97178 0.969924 1.03104
end
gesture a02 hands 2
0.926431 0.544745 1.39639 0.98631 0.933989 1.04337
1.03282 0.566116 1.372 1.00394 0.916492 1.02656
1.10095 0.635342 1.32485 0.967977 0.990911 1.04777
1.09247 0.673114 1.28797 0.978777 0.963076 1.04976
1.01637 0.750879 1.23083 0.959928 0.983514 1.06036
1.01799 0.786587 1.1942 0.948913 0.981635 1.03269
1.06202 0.861352 1.13008 0.977689 0.984597 1.02563
1.05257 0.880738 1.11031 0.953273 1.00083 1.02344
0.954052 0.950839 1.06801 0.971723 0.981669 1.03709
0.93917 0.990425 1.02911 0.936669 1.02284 1.05897
1.02442 1.0399 0.974719 0.971639 0.979533 1.03798
1.047 0.995166 0.996153 0.970457 0.981622 1.00843
1.04307 0.952275 1.0327 0.948664 1.00106 1.01238
end
gesture a02 hands 2
0.909647 0.460245 1.41854 1.00994 0.903563 1.03434
0.971681 0.494866 1.37794 0.988798 0.91082 1.05392
1.01322 0.569253 1.32276 0.965189 0.995866 1.05974
1.00411 0.679397 1.24812 0.977147 0.969026 1.05708
0.945514 0.695886 1.2382 0.95884 0.992465 1.05876
0.994995 0.789542 1.17347 0.904462 1.01048 1.05248
0.991159 0.831529 1.14077 0.930755 1.02366 1.05706
0.907639 0.922023 1.08806 0.981484 0.952546 1.05766
0.921827 0.95627 1.05375 0.959118 0.971888 1.05631
0.966609 0.976225 1.02748 1.00432 0.982167 1.02055
0.992803 0.963144 1.02539 0.992754 1.00781 0.970312
1.01796 0.920213 1.04721 0.911792 1.00696 1.00014
1.00757 0.839475 1.11871 0.953713 0.969275 1.01632
end
gesture a02 hands 2
0.91862 0.517166 1.38062 1.023 0.909301 1.03634
0.987694 0.546853 1.33961 0.982425 0.942241 1.06415
1.03358 0.623414 1.28844 0.968574 0.963396 1.04855
1.029 0.645409 1.27341 0.968342 0.993219 1.0509
0.997651 0.689446 1.24648 0.98905 0.973922 1.06051
1.01103 0.678425 1.25242 0.962704 0.975872 1.0747
0.979688 0.722462 1.22549 0.980014 0.95451 1.06325
1.00205 0.694933 1.24193 0.965676 0.980256 1.05792
0.970706 0.73897 1.215 0.949136 1.01267 1.01136
0.966216 0.747223 1.20975 0.939169 1.01129 0.953332
1.02442 0.667404 1.25837 0.915476 1.02781 0.945858
0.961725 0.755477 1.20451 0.927206 1.01874 0.970863
0.981275 0.830381 1.14598 0.922979 1.02642 0.999317
1.01934 0.869548 1.11683 0.956458 0.98946 1.02818
1.00082 0.905285 1.08744 0.964904 0.984086 1.05618
0.927162 0.975523 1.0462 0.939087 0.996545 1.06408
0.963774 1.02416 0.997061 0.944938 0.996444 1.03476
1.01973 1.01749 0.982303 0.926325 1.01365 1.01916
1.03872 0.995607 0.985818 0.929175 1.02371 0.991455
1.04476 0.945618 1.01593 0.903405 1.01461 1.00286
1.01955 0.865265 1.08591 0.994963 0.948275 1.03429
end
gesture a02 hands 2
1.01289 0.675543 1.3423 0.974042 0.975974 1.01923
1.05952 0.676079 1.30644 0.968845 0.969545 1.04789
1.10832 0.717927 1.25911 0.935892 0.923422 1.04429
1.10517 0.763111 1.19553 0.944659 0.952772 1.0637
1.04836 0.808784 1.15963 0.953249 0.928046 1.09885
0.910761 0.896806 1.13566 0.961475 0.953648 1.07572
0.88716 0.942811 1.07552 0.953427 0.982122 1.08311
0.930538 0.983224 1.01726 0.9697 0.979251 1.05259
1.0015 1.00992 0.989869 0.977836 0.977815 1.03733
1.05571 0.996559 0.987534 0.970257 0.977978 0.996665
1.07428 0.954516 1.01966 0.985973 0.976379 1.02206
end
gesture a02 hands 2
1.02159 0.647948 1.41187 0.976205 0.972637 1.01798
1.06278 0.645854 1.37042 0.965349 0.97522 1.0603
1.09824 0.666322 1.32779 0.975122 0.954394 1.09598
1.1195 0.696083 1.28787 0.954493 0.977802 1.10263
1.11359 0.748987 1.22937 0.952127 0.953272 1.13054
1.06487 0.798301 1.18232 0.97404 0.936152 1.17398
0.908639 0.893938 1.13873 0.94976 0.928741 1.15845
0.885378 0.925488 1.10192 0.961118 0.94512 1.10349
0.888128 0.955125 1.05818 0.952695 0.958895 1.04699
0.962202 1.00058 1.00335 0.949034 0.988447 1.04432
1.04382 1.0044 0.988114 0.956185 0.984695 1.01528
1.08199 0.968738 1.00811 0.955797 0.985087 0.957889
1.07452 0.896227 1.089 0.963336 0.980943 0.986241
end
gesture a02 hands 2
1.04436 0.657102 1.39302 0.983876 0.973301 1.02636
1.08599 0.665889 1.31933 0.958208 0.972025 1.01106
1.10041 0.725024 1.23848 0.960825 0.964566 1.06915
1.0704 0.773156 1.19673 0.931734 0.967991 1.07426
0.956838 0.868989 1.14517 0.948186 0.95241 1.09342
0.92173 0.923331 1.09374 0.941825 0.938441 1.08636
0.958779 0.99876 1.01974 0.947379 0.9652 1.12026
1.01912 1.0242 0.972141 0.935464 0.924472 1.07931
1.04473 1.01166 0.965253 0.95838 0.948101 1.05245
1.06755 0.971822 0.989876 0.955681 0.976942 1.01161
1.06679 0.887564 1.0938 0.981296 0.971731 1.02559
end
gesture a02 hands 2
0.983922 0.848176 1.12701 0.983112 0.980755 0.983641
0.96341 0.851617 1.14852 0.983187 0.967668 1.01028
0.972565 0.852461 1.11998 0.960448 0.986982 1.00976
0.963181 0.854993 1.1482 0.968073 0.969035 1.03216
1.04397 0.885339 1.07008 0.985611 0.963745 1.00854
1.0555 0.941554 1.01125 0.965951 0.97516 1.02779
0.972337 0.998664 0.977469 0.959523 0.970654 1.08622
0.941877 1.03085 0.948659 0.960888 0.976449 1.05249
0.970924 1.06452 0.916066 0.934219 0.972519 1.10187
1.06785 1.11423 0.885887 0.948067 0.966276 1.07024
1.05926 1.06725 0.918195 0.962253 0.982245 1.01877
1.045 1.00129 1.01052 0.961915 0.960033 1.03861
end
gesture a02 hands 2
0.989894 0.758898 1.23176 0.968161 0.946764 1.00238
0.979438 0.772601 1.20729 0.95125 0.953248 1.04345
1.02709 0.807499 1.14176 0.938964 0.961974 1.11384
1.04269 0.845184 1.10518 0.936652 0.960853 1.09918
1.02134 0.881137 1.07433 0.957051 0.96968 1.06094
0.959191 0.930515 1.04365 0.93434 0.959731 1.08451
0.947135 0.967969 1.00973 0.954028 0.958865 1.05769
0.969989 1.00772 0.981025 0.963873 0.958432 1.04428
1.01014 1.04342 0.962089 0.975139 0.977386 1.00803
1.03804 1.03345 0.958186 0.973717 0.957999 1.03086
1.03235 0.956779 1.0413 0.966388 0.959882 1.05966
end
gesture a02 hands 2
1.01983 0.767257 1.21764 0.964191 0.938396 1.02841
1.05712 0.802771 1.14652 0.955688 0.943284 1.00018
1.06389 0.846158 1.1079 0.939146 0.955658 1.02188
1.0597 0.855727 1.09835 0.922086 0.966589 1.13687
1.01108 0.893056 1.07394 0.913461 0.965161 1.10818
1.0555 0.865297 1.0888 0.931743 0.960897 1.08515
0.958273 0.939955 1.03999 0.928417 0.959526 1.05553
0.959524 0.981256 1.00153 0.942613 0.969656 1.03117
0.990829 1.0206 0.975581 0.964927 0.9619 1.04941
1.01962 1.01747 0.974546 0.971975 0.967253 1.021
1.03027 0.996314 0.990606 0.969142 0.956571 1.04883
1.02661 0.926879 1.08045 0.986915 0.961673 1.02526
1.02445 0.831712 1.1471 0.959739 0.949771 1.0289
end
gesture a02 hands 2
0.965778 0.693187 1.28452 0.926388 0.951405 1.01335
0.95994 0.696939 1.31345 0.942517 0.944062 1.01186
0.988691 0.689836 1.31752 0.974883 0.930897 1.03464
1.04506 0.696867 1.30377 0.974792 0.935395 1.03482
1.08478 0.730276 1.27608 0.958645 0.936718 1.01038
1.09654 0.762037 1.23801 0.966235 0.951342 1.02009
1.07473 0.794942 1.19864 0.974702 0.939892 1.03499
0.994878 0.858761 1.16713 0.973825 0.965966 1.02981
0.972888 0.893717 1.13459 0.973386 0.979003 1.02722
1.04264 0.949541 1.07106 0.971455 0.983459 1.03998
1.05571 0.978102 1.02435 0.966214 0.995578 1.05327
1.01247 0.996794 0.999059 0.969523 0.987916 1.05274
0.929704 1.01704 0.996667 0.971178 0.984085 1.05247
0.908071 1.02872 0.981924 0.972063 0.988062 1.03855
0.915341 1.03503 0.954458 0.972006 0.982169 1.05234
0.971153 1.03961 0.947679 0.972477 0.987105 1.03848
1.0468 1.01031 0.970076 0.972419 0.981211 1.05227
1.06251 0.969794 1.00647 0.972948 0.99204 1.02462
1.05477 0.932954 1.04752 0.972833 0.980254 1.0522
end
gesture a02 hands 2
1.02463 0.765787 1.25182 0.974218 0.955072 1.04597
1.00296 0.761209 1.27155 0.96814 0.953316 1.05184
1.02148 0.752254 1.24992 0.947853 0.955705 1.03197
0.999493 0.747246 1.26918 0.962061 0.95156 1.05771
1.00389 0.754004 1.29795 0.987429 0.942731 1.04517
1.07077 0.765635 1.24261 0.976994 0.959435 1.05389
1.08387 0.791735 1.1964 0.977666 0.950267 1.07237
1.0589 0.817695 1.15909 0.972112 0.963203 1.06749
0.984566 0.882102 1.13289 0.972533 0.965586 1.03846
0.973865 0.916255 1.09228 0.969546 0.970863 1.05053
1.02883 0.95263 1.04172 0.969966 0.973246 1.02151
1.03587 0.962979 1.01718 0.968262 0.974692 1.04206
0.998438 0.984627 0.985214 0.968683 0.977075 1.01303
0.920733 1.01827 0.982127 0.967621 0.976607 1.03782
0.901658 1.0336 0.968785 0.968041 0.97899 1.00879
0.909877 1.04234 0.943945 0.9673 0.977565 1.0357
0.963179 1.0478 0.935598 0.96772 0.979948 1.00667
1.03573 1.02022 0.972759 0.96756 0.980426 1.00561
1.05368 0.986502 1.01597 0.966559 0.976139 1.0626
1.04731 0.947246 1.05608 0.967399 0.980905 1.00456
end
gesture a02 hands 2
1.02782 0.708088 1.2869 0.985713 0.961755 1.00358
1.00928 0.702566 1.30908 0.98466 0.95852 1.00526
1.08356 0.715126 1.26741 0.960289 0.956669 0.989027
1.09718 0.74707 1.22236 0.983607 0.955284 1.00695
1.07552 0.776352 1.18791 0.957291 0.950575 1.01992
0.983532 0.861675 1.14078 0.984361 0.962641 1.02356
0.983034 0.87825 1.11986 0.993382 0.97728 1.04805
1.04599 0.933394 1.04732 0.971804 0.990495 1.03213
1.03878 0.946839 1.02183 0.98257 0.985504 1.02246
0.945562 0.999308 1.00516 0.961826 0.986744 1.06013
0.9298 1.01873 0.990095 0.975058 0.9865 1.03612
0.931205 1.03487 0.966051 0.993336 0.980513 1.01278
1.01 1.05176 0.954286 0.98829 0.986256 1.0121
1.03223 1.0528 0.935357 0.985767 0.989127 1.01176
1.03703 1.06164 0.907768 0.978071 0.9889 1.0313
1.00973 1.06697 0.898987 0.969078 0.973645 1.06543
0.902114 1.08508 0.93139 0.970375 0.988672 1.05084
0.881513 1.10243 0.920342 0.983243 0.991998 1.01142
0.89539 1.11787 0.899842 0.971673 1.0037 1.03624
0.950101 1.11891 0.890414 0.970826 0.989831 1.00983
1.01849 1.07746 0.917993 0.990553 0.977002 1.02819
1.03546 1.03929 0.954479 0.970154 0.967361 1.00886
1.03492 0.963799 1.03455 0.975934 0.967748 1.03828
end
gesture a02 hands 2
0.853014 0.632643 1.32691 0.968482 0.974865 1.0373
0.961244 0.655252 1.35344 0.962886 0.9889 1.03427
1.00685 0.685553 1.34594 0.992109 0.956804 1.03899
1.02184 0.703293 1.32757 0.9747 0.979869 1.03512
1.0227 0.737423 1.28369 0.999276 0.945681 1.02637
0.955602 0.790202 1.22842 0.978284 0.974308 1.02881
0.939583 0.824276 1.18745 1.00286 0.940119 1.02005
0.969595 0.864564 1.16115 0.980075 0.971527 1.02565
1.0326 0.914803 1.15065 1.00465 0.937338 1.0169
1.05259 0.949125 1.11657 0.980971 0.970136 1.02407
1.03194 0.974468 1.07288 1.00555 0.935948 1.01532
0.970204 1.00234 1.03081 1.006 0.935253 1.01453
0.965591 1.03321 0.987104 0.957291 1.00293 1.03125
0.997461 1.06767 0.959336 1.00644 0.934558 1.01374
1.09674 1.11552 0.94229 1.02393 0.931174 0.989985
1.12471 1.11544 0.933567 0.997344 0.951891 1.01309
1.11002 1.03202 0.948586 0.972562 0.997593 1.01975
1.05517 0.932732 1.02465 0.970758 0.972609 1.0362
end
gesture a02 hands 2
0.89319 0.605803 1.35254 0.968189 0.954154 1.04253
0.920579 0.610084 1.36327 0.966064 0.964003 1.04042
1.00316 0.637975 1.35267 0.979854 0.949045 1.03486
1.04328 0.666022 1.32715 0.963939 0.973851 1.0383
1.06414 0.699857 1.29257 0.970644 0.972049 1.03307
1.057 0.753652 1.23529 0.991519 0.943935 1.02719
1.00407 0.823969 1.17854 0.97735 0.970247 1.02783
1.03595 0.905796 1.12408 0.95969 0.993549 1.03407
1.03029 0.945139 1.08898 0.963181 0.996558 1.02848
0.958293 1.00864 1.03318 0.964926 0.998062 1.02568
0.967767 1.04883 0.994783 0.97233 0.979713 1.02714
1.03075 1.08619 0.948842 0.992163 0.947144 1.01647
1.07296 1.05 0.937773 0.979735 0.961364 1.02861
1.07707 1.02084 0.942843 0.973521 0.968474 1.03467
1.06287 0.951907 0.988538 0.966672 0.999567 1.02289
1.02767 0.881394 1.06371 0.967307 0.975584 1.04074
end
gesture a02 hands 2
0.923951 0.622394 1.35342 0.973803 0.963976 1.02119
0.953487 0.624004 1.35098 0.969088 0.961433 1.05058
0.997553 0.640758 1.31665 0.963835 0.990461 1.0556
1.03883 0.7105 1.24179 0.974584 0.966129 1.04236
1.0387 0.752693 1.20918 0.966824 0.994426 1.03942
1.00042 0.834067 1.1497 0.974286 0.967948 1.0282
1.03551 0.938303 1.0842 0.963323 0.995002 1.03175
0.957867 1.02316 1.01046 0.970905 0.968441 1.03086
0.979791 1.09023 0.958365 0.981748 0.94147 1.01698
1.01541 1.11728 0.921014 0.978488 0.94188 1.02996
1.03505 1.11148 0.90031 0.976857 0.942085 1.03645
1.04572 1.05596 0.907219 0.976042 0.942188 1.0397
1.04572 1.00633 0.934706 0.959823 0.995578 1.02409
1.00105 0.8543 1.08711 0.975227 0.942291 1.04294
end
gesture a02 hands 2
0.955356 0.580198 1.3078 0.985153 1.0226 0.989021
0.980948 0.575036 1.29531 0.989751 1.0123 1.01732
1.02362 0.594365 1.26166 0.969949 0.99693 1.00086
1.08042 0.645336 1.23543 0.992948 0.989469 1.01848
1.10464 0.682792 1.204 0.991443 0.95991 1.01561
1.08922 0.739296 1.15268 0.979595 0.947354 1.03999
1.01122 0.802528 1.12775 1.0002 0.96632 1.05066
0.989726 0.837836 1.09286 1.01097 0.985618 1.03103
1.00852 0.874061 1.06017 1.01531 0.997051 1.05807
1.10501 0.92529 1.04672 1.00406 0.995174 1.08572
1.12618 0.960636 1.01215 0.982489 0.981226 1.07065
1.09511 0.987724 0.981837 0.952359 0.973094 1.02111
0.997523 1.02824 0.97499 0.978582 0.983357 1.01246
0.975059 1.04198 0.961604 0.958698 0.977819 0.990713
0.977874 1.05816 0.936533 0.976918 0.99903 1.00043
1.02619 1.0787 0.922608 0.966006 0.944597 1.02144
1.13095 1.09311 0.940287 0.988835 0.97749 1.06506
1.15401 1.1057 0.926075 0.985091 1.00697 1.06301
1.13192 1.11626 0.908739 1.008 0.998552 1.04607
1.07628 1.13098 0.902992 0.940995 0.9484 1.0292
0.973878 1.13813 0.935849 0.977465 1.01573 0.999693
0.925744 1.10938 0.932398 0.98159 1.00661 1.02756
0.917371 1.08176 0.930618 0.964487 0.982243 1.03041
0.92067 1.05717 0.941464 0.992965 0.975929 1.02481
0.929533 0.986086 1.00849 0.98057 0.996269 1.04269
0.926751 1.00934 0.980402 0.950986 0.992132 1.04347
0.935614 0.938249 1.04743 1.00726 0.993489 1.05598
0.929792 0.985418 0.999871 0.970062 0.947657 1.05455
0.938654 0.914331 1.0669 0.955091 0.926682 1.03994
0.931312 0.973459 1.00961 0.960797 0.90881 1.01686
0.940174 0.902372 1.07664 0.976644 0.913999 0.992068
0.940935 0.896392 1.0815 0.993524 0.934979 1.00513
0.923969 1.03259 0.95231 1.01717 0.951439 0.997354
0.941695 0.890413 1.08637 1.01997 0.960688 0.969413
end
gesture a02 hands 2
0.981275 0.53329 1.34298 0.964423 0.913723 1.0351
0.974458 0.539018 1.28526 0.951801 0.912472 1.00815
0.989851 0.558464 1.23512 0.945625 0.931644 0.986208
1.02244 0.596583 1.20771 0.920909 0.89667 1.02593
1.10044 0.66824 1.18365 0.904912 0.898248 1.05074
1.12434 0.710681 1.15803 0.952459 0.933308 1.04173
1.11179 0.75377 1.12917 0.923608 0.931564 1.03392
1.02407 0.855777 1.09689 0.90104 0.912381 1.03812
1.02782 0.897353 1.06538 0.886013 0.930142 1.01931
1.04374 0.917309 1.05356 0.861916 0.927682 1.03669
1.11879 0.94603 1.05071 0.868502 0.926944 1.06558
1.15512 0.974313 1.02395 0.894704 0.931279 1.07773
1.13392 1.00873 0.991979 0.87962 0.926755 1.10316
1.00826 1.06529 0.983515 0.886447 0.934025 1.07514
0.993753 1.08217 0.965207 0.913266 0.941519 1.0849
1.02441 1.11278 0.928696 0.931075 0.978731 1.04186
1.1312 1.12645 0.929508 0.931681 0.971936 1.07085
1.15282 1.13829 0.915188 0.918595 0.945832 1.06498
1.14158 1.15114 0.891478 0.91785 0.939674 1.09411
1.1181 1.16279 0.883345 0.900281 0.924585 1.07553
1.01887 1.04911 0.957635 0.899157 0.921995 1.10528
1.05674 1.11178 0.916424 0.892436 0.879354 1.06863
0.95751 0.998097 0.990713 0.910629 0.877338 1.0449
1.02607 1.08627 0.932963 0.908357 0.906175 1.05164
0.926832 0.97259 1.00725 0.938429 0.941511 1.08701
1.01073 1.07352 0.941233 0.921562 0.965258 1.07994
0.911492 0.959836 1.01552 0.912319 0.969489 1.0518
1.00306 1.06714 0.945367 0.907322 0.949037 1.07272
0.903823 0.95346 1.01966 0.898353 0.92259 1.06301
0.999222 1.06395 0.947435 0.921311 0.925659 1.04474
0.899988 0.950271 1.02172 0.899003 0.906164 1.04162
0.997304 1.06236 0.948468 0.894324 0.926791 1.02085
0.898071 0.948677 1.02276 0.91718 0.945813 1.02139
0.996346 1.06156 0.948985 0.919352 1.00077 1.03443
0.897112 0.94788 1.02327 0.91675 1.05634 1.0141
0.995866 1.06116 0.949244 0.9424 1.07022 1.01324
0.896633 0.947482 1.02353 0.992258 1.05778 0.997539
0.995627 1.06096 0.949373 1.00974 1.08853 0.954416
0.896393 0.947282 1.02366 1.03214 1.08958 0.940631
1.09462 1.17444 0.875213 1.08103 1.0723 0.944733
0.896153 0.947083 1.02379 1.11987 1.04718 0.979781
end
gesture a02 hands 2
0.54255 0.509785 1.2654 1.32545 0.960406 1.11986
0.564173 0.519929 1.28223 1.33471 0.949567 1.14592
0.564886 0.538585 1.25905 1.34898 0.893648 1.135
0.547346 0.485782 1.24875 1.33325 0.944021 1.10864
0.520268 0.51288 1.294 1.3553 0.95149 1.05661
0.617979 0.559879 1.27195 1.39038 0.981148 1.02272
0.648892 0.58978 1.24806 1.17087 0.978638 1.01137
0.660847 0.627074 1.22194 1.08547 0.981732 1.0224
0.661598 0.729808 1.17704 0.971209 1.01056 1.01343
0.675633 0.746801 1.16327 0.918413 0.986957 1.00547
0.737282 0.768093 1.16376 0.905712 0.978393 1.03106
0.713475 0.765943 1.15663 0.884538 0.976792 1.01038
0.775124 0.787236 1.15712 0.864361 0.958872 1.02284
0.689669 0.763793 1.1495 0.871156 0.97299 0.997399
0.812966 0.806378 1.15048 0.890208 0.9839 1.01759
0.853249 0.82954 1.13596 0.895126 0.95552 1.02566
0.8653 0.866196 1.09923 0.91895 0.973361 1.02687
0.797118 0.947732 1.06751 0.920112 1.00202 1.01866
0.807951 0.983405 1.02861 0.932168 0.983133 1.03788
0.857073 0.994942 1.01891 0.915048 1.00744 1.03826
0.966971 1.00225 1.0329 0.893227 1.00781 1.01788
1.00241 1.02405 0.997311 0.861936 0.960258 1.02055
0.992847 1.03944 0.973582 0.899781 0.978894 1.05728
0.979646 1.04557 0.970148 0.892089 0.99018 1.08374
0.914361 1.05635 0.988775 0.883054 0.972921 1.06139
0.905749 1.05613 0.980713 0.904363 0.982245 1.04254
0.901443 1.05603 0.976682 0.909202 0.980322 1.07192
0.966446 1.0517 0.966715 0.903668 1.00252 1.05255
0.897137 1.05592 0.972651 0.911414 0.983272 1.03124
0.835875 1.07325 1.00397 0.884781 0.9714 1.0361
0.827828 1.06015 0.978587 0.874049 0.945345 1.02681
0.844984 1.03292 0.931554 0.877007 0.9875 0.986036
0.884038 0.962018 0.956168 0.901585 0.987222 1.00314
end
gesture a02 hands 2
0.930097 0.791682 1.1884 0.961384 0.971627 1.00437
0.949311 0.788933 1.2112 0.966123 0.974999 1.00567
0.976543 0.798485 1.20444 0.965373 0.964146 1.03212
1.07278 0.830533 1.25629 0.970862 0.978371 1.00698
1.12001 0.857702 1.26732 0.966346 0.971458 1.02279
1.13952 0.870432 1.25289 0.964088 0.968002 1.0307
1.14455 0.886749 1.19796 0.969361 0.956665 1.05987
1.02458 0.922291 1.11133 0.96183 0.964545 1.0386
1.02131 0.944625 1.05858 0.958064 0.968485 1.02797
1.06694 0.968235 1.04318 0.956181 0.970456 1.02265
1.16634 0.996535 1.09268 0.98034 0.985115 1.00958
1.19395 1.00392 1.08915 0.954298 0.972426 1.01734
1.19752 1.01261 1.06254 0.955048 0.975844 1.03606
1.14519 1.03628 1.0028 0.955422 0.977553 1.04543
1.04584 1.05771 0.973273 0.955609 0.978408 1.05011
0.992443 1.04927 0.954097 0.974905 0.963878 1.07204
0.973159 0.999554 0.963836 0.955797 0.979263 1.05479
0.969692 0.945887 1.0308 0.961227 0.981337 1.02562
end
gesture a02 hands 2
0.950144 0.78489 1.29072 0.975867 0.973487 1.02379
0.981495 0.784853 1.24098 0.977854 0.961558 1.04373
1.08427 0.829554 1.21831 0.955192 0.961307 1.0757
1.12233 0.876798 1.16268 0.958143 0.966996 1.07066
1.09653 0.898663 1.11885 0.97984 0.949629 1.06366
1.00946 0.933441 1.0727 0.974743 0.965483 1.05115
0.995469 0.958059 1.02493 0.961095 0.972686 1.06563
1.01109 0.971489 1.00603 0.969645 0.981338 1.03864
1.03856 0.981969 1.00853 0.969986 0.969095 1.0393
1.14279 1.01233 1.0455 0.970157 0.962973 1.03963
1.16065 1.01739 1.02353 0.972649 0.967766 1.01225
1.0903 1.0177 0.983416 0.970327 0.956852 1.03997
1.00849 1.01983 0.996991 0.966639 0.96251 1.04568
0.962857 0.99294 1.00911 0.964795 0.965338 1.04854
0.96025 0.965927 1.01847 0.963873 0.966753 1.04997
1.01585 0.908626 1.09838 0.964056 0.981831 1.02474
0.994828 0.850118 1.1606 0.962951 0.968167 1.0514
end
gesture a02 hands 2
0.945452 0.764969 1.27882 0.954239 0.979482 1.07058
0.970096 0.765734 1.29585 0.956367 0.976903 1.06974
1.02537 0.779387 1.2812 0.945678 0.975418 1.04212
1.09101 0.819435 1.24234 0.95882 0.969926 1.0432
1.08366 0.86106 1.17614 0.958496 0.974323 1.0689
1.02139 0.890925 1.1433 0.971961 0.964433 1.04427
0.994748 0.914183 1.10515 0.976667 0.958758 1.04533
1.00028 0.928074 1.08302 0.97902 0.955921 1.04585
1.02353 0.942144 1.07312 0.967448 0.955611 1.0725
1.10155 0.975903 1.07362 0.97441 0.954347 1.05944
1.12196 0.987662 1.0562 0.968096 0.961075 1.04777
1.12135 0.996588 1.02787 0.965858 0.959538 1.04588
1.09938 1.00159 1.00995 0.981373 0.953083 1.04638
0.996259 1.01562 0.993759 0.963621 0.958002 1.044
0.94899 0.994308 0.987721 0.954744 0.960461 1.04281
0.965048 0.947321 1.01471 0.950306 0.961691 1.04221
0.997652 0.910627 1.08404 0.968744 0.966539 1.02303
0.998038 0.881264 1.13367 0.945868 0.96292 1.04161
end
gesture a02 hands 2
1.00025 0.62111 1.36371 0.976543 0.971072 1.03503
1.01965 0.628146 1.31 0.969241 0.979105 1.03901
1.02517 0.675906 1.2472 0.956033 0.960074 1.05367
0.975659 0.782002 1.17535 0.958986 0.973606 1.04833
0.997014 0.899029 1.08295 0.957153 0.965127 1.06052
0.92917 1.00242 1.02375 0.961939 0.987139 1.043
0.9412 1.02242 1.00726 0.95337 0.975113 1.04231
0.986625 1.04345 0.984216 0.949085 0.9691 1.04196
1.02278 1.00584 0.990119 0.958272 0.970181 1.06736
1.0231 0.943289 1.04552 0.944801 0.963087 1.04162
end
gesture a02 hands 2
0.998641 0.560128 1.4619 0.946485 0.956759 1.05135
1.00827 0.564496 1.40494 0.954926 0.964205 1.0417
1.01485 0.613207 1.33651 0.958676 0.957206 1.05442
0.968369 0.740636 1.24566 0.958622 0.962577 1.04367
1.00603 0.838464 1.15718 0.963368 0.971651 1.03205
0.986868 0.878432 1.12451 0.958568 0.967948 1.03293
0.935545 0.935444 1.09325 0.956167 0.966097 1.03337
0.927553 0.956516 1.07776 0.963517 0.961875 1.04543
0.939054 0.97402 1.05696 0.954967 0.965171 1.03359
0.98951 0.975302 1.03294 0.954367 0.964709 1.0337
1.00873 0.95308 1.03885 0.970867 0.957652 1.05748
1.02015 0.889181 1.09035 0.953767 0.964246 1.03381
end
gesture a02 hands 2
0.995402 0.495665 1.50801 0.946244 0.960379 1.03376
1.02229 0.507589 1.42821 0.955242 0.961274 1.05183
1.0334 0.583598 1.3467 0.945305 0.955532 1.09211
0.990092 0.709223 1.25511 0.945513 0.966524 1.07235
1.01442 0.81108 1.17002 0.96424 0.962169 1.06991
0.943235 0.892336 1.12937 0.945721 0.977516 1.0526
0.937055 0.915309 1.11441 0.949669 0.966735 1.05373
0.943715 0.935637 1.09683 0.941113 0.966177 1.07997
0.969267 0.936915 1.08297 0.947464 0.95669 1.08167
0.993224 0.922093 1.07868 0.953617 0.955954 1.05485
0.998716 0.898241 1.09029 0.953815 0.947203 1.08336
end
gesture a03 hands 2
0.940637 0.743649 1.1719 0.920653 0.969585 1.10773
0.958328 0.737812 1.19525 1.00343 0.979397 1.07884
1.01321 0.748617 1.17519 1.02707 0.985488 1.06173
1.06023 0.777913 1.16887 1.0311 0.990383 1.03275
1.09015 0.819541 1.16791 1.01336 1.00142 1.01156
1.10448 0.945746 1.18936 0.967708 0.988357 0.979488
1.0967 0.989941 1.17429 0.904085 0.918486 1.04761
1.09231 0.994227 1.16427 0.897679 0.929707 1.02103
1.0381 0.975024 1.09014 0.879939 0.931388 1.04498
1.00879 0.967565 1.04807 0.917759 0.95915 0.970786
1.08793 0.998512 1.15424 0.974883 0.962542 0.979715
0.979493 0.960106 1.006 0.991707 0.962566 1.00412
0.949969 0.932999 0.965871 0.992251 0.973014 1.03217
0.939611 0.906656 0.957034 0.971008 0.985974 1.04861
0.940852 0.837631 1.01121 0.993891 0.978755 1.06601
0.999811 0.730807 1.1743 0.995295 0.979017 1.09572
end
gesture a03 hands 2
0.946817 0.700017 1.21139 0.954966 0.981357 1.12775
1.02461 0.73052 1.21091 0.99501 0.983597 1.0844
1.05817 0.770004 1.22046 1.02931 1.00207 1.00446
1.07792 0.864691 1.23704 1.03002 0.996006 0.97512
1.07215 0.931281 1.22192 0.987425 0.97674 0.940233
1.0207 0.926405 1.13367 0.937954 0.954354 0.955781
1.05382 0.946636 1.17841 0.923949 0.915826 0.995712
0.96924 0.921528 1.04542 0.894294 0.915485 1.04591
0.943828 0.893524 0.970262 0.928283 0.940254 1.00433
0.949314 0.840543 0.986581 0.980133 0.964544 1.0132
0.968631 0.735051 1.15627 0.960446 0.977535 1.12927
end
gesture a03 hands 2
0.911036 0.63507 1.19886 0.950641 0.961432 1.04759
0.955525 0.665651 1.18038 0.952328 0.968835 1.10579
1.01419 0.712346 1.19649 0.99318 0.969566 1.0645
1.02213 0.793432 1.20325 1.01053 0.980362 1.00947
1.03687 0.805272 1.22035 0.980934 0.975513 0.959284
1.03007 0.874517 1.21001 0.954757 0.965501 0.949446
1.01017 0.886991 1.16523 0.928219 0.956291 0.959569
0.96705 0.877508 1.10278 0.924387 0.937708 0.982636
0.933085 0.882729 1.02811 0.901785 0.932032 1.06653
0.933117 0.871893 0.972902 0.910385 0.945647 1.0916
0.950507 0.849758 0.966341 0.934356 0.95581 1.07731
0.965134 0.830766 0.9837 0.955378 0.967916 1.09493
0.976556 0.777847 1.07942 0.959884 0.97335 1.12385
end
gesture a03 hands 2
0.941394 0.670353 1.29803 0.96972 0.887068 1.20693
0.944963 0.683462 1.27132 0.974717 0.941597 1.13924
0.971265 0.681844 1.28517 1.01242 0.963284 0.999791
0.996941 0.689779 1.27839 1.02777 1.01691 0.981955
1.03738 0.730847 1.27609 1.03469 0.988572 0.982714
1.05845 0.810781 1.28282 1.01452 0.97304 0.96703
1.05545 0.882847 1.25511 0.9421 0.935907 0.999452
1.03925 0.911991 1.20905 0.913419 0.943089 0.995635
0.970497 0.937607 1.03358 0.916609 0.980971 0.951029
0.960588 0.918914 1.01467 0.861293 1.04755 0.958641
0.956635 0.87066 1.04279 0.870094 1.06307 0.982651
end
gesture a03 hands 2
0.985173 0.811752 1.18505 0.886931 1.03343 1.01916
0.990356 0.785903 1.23751 0.913001 0.995195 1.05504
0.971156 0.771619 1.22009 0.955295 0.922511 1.17421
0.96161 0.755781 1.22322 0.968776 0.919733 1.14819
1.00736 0.807162 1.24992 0.991686 0.900482 1.14856
0.952065 0.739942 1.22636 1.04146 0.930975 1.13915
0.879581 0.699243 1.24515 1.09669 0.965715 1.00963
0.917999 0.735395 1.25852 1.08185 0.991218 1.00609
0.941633 0.786574 1.26713 1.06273 0.999705 0.984689
0.952385 0.833839 1.26107 1.01553 0.990469 0.951477
0.949317 0.877477 1.23562 0.992916 0.972821 0.942784
0.944962 0.892969 1.21502 1.00805 0.94981 0.933887
0.937863 0.912061 1.14484 1.024 0.924694 0.984439
0.932137 0.929354 1.09945 0.93886 0.936887 0.995122
0.940607 0.908461 1.19443 0.897135 0.976133 0.983432
0.92641 0.946646 1.05406 0.869271 1.03484 0.923789
0.933297 0.942783 1.00035 0.881569 1.04383 0.948977
0.94616 0.919301 0.988412 0.872891 1.05389 0.975545
0.958121 0.865975 1.05395 0.907808 1.02632 1.01439
end
gesture a03 hands 2
0.973271 0.777835 1.19347 0.997462 0.959153 1.07932
0.994034 0.765949 1.21125 1.00584 0.949193 1.10597
1.01488 0.819869 1.2217 0.997163 0.929074 1.12611
0.987371 0.771116 1.20508 1.04409 0.910581 1.10038
1.02598 0.79745 1.24076 1.07216 0.919557 1.09838
1.04807 0.78134 1.25265 1.10619 0.95613 0.994948
1.02108 0.790394 1.24571 1.10533 0.982939 0.982341
0.965855 0.778686 1.25961 1.07499 0.977897 0.935581
1.00923 0.845197 1.27813 1.06189 1.00452 0.932093
1.01887 0.897154 1.2759 1.03454 1.00856 0.920749
1.01975 0.941044 1.25357 0.965219 0.921727 0.955123
1.00829 0.970797 1.20879 0.951309 0.927678 0.981006
0.973355 1.0119 1.03704 0.896279 0.983316 0.943333
0.969939 1.01718 1.00962 0.802489 1.05135 0.95314
0.971679 1.00295 0.985111 0.79185 1.07451 0.968634
0.979408 0.947063 0.986037 0.80093 1.09548 0.987166
0.975435 0.836509 1.11676 0.847684 1.07329 1.01017
0.984805 0.832631 1.17245 0.949754 0.969891 1.10821
0.941996 0.791425 1.17325 0.985009 0.89787 1.13786
end
gesture a03 hands 2
1.03137 0.79088 1.21122 0.966868 0.965069 1.0115
1.07035 0.840223 1.15617 0.978925 0.970698 0.984659
1.09037 0.99688 1.12006 0.970579 0.98875 0.898075
1.07695 0.999292 1.09643 0.94431 0.985623 0.911816
0.998506 0.970838 1.04968 0.940564 0.974836 1.028
0.952574 0.957817 1.01449 0.993579 0.970149 1.12063
1.06352 1.0017 1.0728 0.998005 0.965385 1.14872
0.906642 0.944796 0.979299 0.984939 0.944913 1.16607
0.89486 0.924565 0.961586 0.937515 0.935554 1.13609
0.92804 0.884137 0.986096 0.912205 0.948516 1.0531
0.957209 0.846145 1.05811 0.91732 0.957912 0.995378
end
gesture a03 hands 2
1.08051 0.705478 1.31341 0.890486 0.961137 0.836595
1.05954 0.746251 1.28027 0.895401 0.963939 0.8504
1.05572 0.756711 1.25269 0.881058 0.970845 0.89197
1.09638 0.776808 1.21852 0.900316 0.96674 0.864206
1.10651 0.800488 1.20513 0.871629 0.980553 0.947344
1.12605 0.93255 1.17515 0.877918 0.962753 1.00106
1.12131 0.971158 1.13792 0.91773 0.959411 1.07859
1.08614 0.967048 1.10279 0.984551 0.968237 1.15055
0.940687 0.911644 1.04833 1.03562 0.98052 1.19843
0.898988 0.906647 1.01106 1.05137 0.977062 1.22251
0.893825 0.908233 0.982378 1.03583 0.962106 1.24192
0.915862 0.905866 0.963493 1.02461 0.934873 1.23791
0.943358 0.894772 0.967605 0.979123 0.925649 1.20461
0.984021 0.857421 1.03066 0.94352 0.928584 1.09759
end
gesture a03 hands 2
1.05441 0.735744 1.30803 0.959494 0.977047 0.925554
1.0968 0.801023 1.2293 0.945105 0.974172 0.951472
1.11391 0.927642 1.19397 0.924211 0.96066 0.935513
1.104 0.968403 1.15871 0.905598 0.926261 0.979544
1.06992 0.9683 1.12223 0.910284 0.917621 1.00732
0.981472 0.951868 1.04619 0.930679 0.948571 1.05245
0.915887 0.928162 1.01801 1.04927 0.982192 1.20889
0.893027 0.935436 0.970146 1.06088 0.986001 1.23578
0.892712 0.942799 0.941304 1.05386 0.977802 1.26344
0.91047 0.954979 0.922126 1.00404 0.964115 1.23634
0.966584 0.951906 0.925759 0.957751 0.962857 1.16493
0.996956 0.902849 1.02077 0.952363 0.969242 1.02128
end
gesture a03 hands 2
1.10562 0.723181 1.17455 0.902916 0.925723 1.03703
1.10579 0.719531 1.20397 0.879632 0.918019 1.05417
1.07614 0.768271 1.13641 0.907995 0.931451 1.00377
1.07143 0.814992 1.11025 0.947774 0.955114 0.968298
1.071 0.943008 1.12839 1.06157 1.0169 0.904501
1.06442 0.965047 1.11682 0.963794 0.978115 0.955329
0.983233 0.93316 1.04614 0.947933 0.967336 0.977972
1.05784 0.987087 1.10526 0.931517 0.951991 1.02977
0.895462 0.923312 0.963898 0.944641 0.935163 1.11389
0.87354 0.906814 0.952931 0.910358 0.91875 1.15533
0.902103 0.865078 0.979459 0.883767 0.929178 1.07233
end
gesture a03 hands 2
1.09312 0.785869 1.12827 0.828413 0.91431 1.00774
1.07466 0.805498 1.07584 0.846433 0.917221 0.984726
0.976525 0.878106 0.999933 0.871315 0.900654 0.983677
1.02553 0.881466 1.03025 0.895274 0.903449 1.00084
1.0699 0.943896 1.05325 0.889861 0.916679 0.974797
1.07394 1.04463 1.09418 0.908029 0.917049 0.951366
1.06891 1.0732 1.09116 0.947818 0.941841 0.915449
1.05985 1.07637 1.08104 1.00261 0.959608 0.902809
0.982034 1.01312 1.02582 1.01828 0.96906 0.926305
1.01641 1.04633 1.04837 1.08312 1.02808 0.93096
0.982201 0.983006 1.03727 1.13933 1.12668 0.934801
1.01649 1.03127 1.05409 1.12035 1.14303 0.918739
0.982284 0.967949 1.043 1.08399 1.10362 0.934421
0.982326 0.96042 1.04586 1.01514 1.00537 1.05227
1.05078 1.07954 1.07091 0.979333 0.970967 1.07814
0.982368 0.952891 1.04873 0.88158 0.910574 1.06163
0.895155 0.953039 0.960473 0.860394 0.90023 1.08004
0.913953 0.826241 1.02654 0.841636 0.886887 1.06083
end
gesture a03 hands 2
0.87006 0.81552 0.997965 0.988633 0.969123 0.980226
0.865081 0.826232 0.970397 0.962864 0.967721 0.986
0.879482 0.826747 0.996425 0.98055 0.958895 1.06733
0.93292 0.822341 1.01585 0.937094 0.966319 0.991773
0.958018 0.834534 1.0221 0.925336 0.978015 0.984105
0.982633 0.873511 1.04331 0.907765 1.02067 0.893802
1.00004 0.972151 1.0773 0.913577 0.989711 0.976437
0.997258 0.996695 1.07014 0.958491 0.955186 1.10435
0.980789 1.01011 1.04985 0.966224 0.942636 1.12883
0.847177 0.924835 0.932788 0.959815 0.914127 1.13515
0.845391 0.895137 0.929675 0.931018 0.935405 1.05676
1.00708 0.80029 1.05927 0.947816 0.96241 0.9744
end
gesture a03 hands 2
1.01184 0.729859 1.16561 0.996312 0.974901 1.01631
1.02487 0.723565 1.13939 0.97151 0.97228 0.999907
1.00122 0.726236 1.15686 0.968644 0.962603 1.02813
1.03152 0.768497 1.08636 0.951065 0.966564 1.00433
1.04582 0.835206 1.04032 0.975735 0.963042 0.987897
1.04558 0.91673 1.02437 1.00165 0.968579 1.0015
1.03271 1.07402 1.02941 0.974154 0.96965 0.990319
0.987225 1.09583 0.926466 0.985108 0.964244 1.01735
0.977431 1.14452 0.904286 0.988231 0.991096 1.00504
0.981082 1.22871 0.915017 0.979077 1.00477 1.02992
0.969115 1.21906 0.889841 0.970102 0.995452 1.05688
0.91843 1.15878 0.863723 0.975218 1.00559 1.0295
0.877091 1.131 0.83511 1.00318 1.008 1.01904
0.890541 1.1257 0.809253 0.98423 1.00396 1.0416
0.934654 1.08767 0.814089 0.985717 0.978241 1.05686
0.945125 1.06808 0.830968 1.00133 0.975731 1.03156
0.955973 0.996239 0.91131 0.983974 0.975387 1.00718
0.955596 1.0485 0.847847 0.987749 0.9716 1.0366
0.977292 0.904813 1.00853 0.947217 0.975972 0.997204
0.995854 0.788083 1.09501 1.00286 0.966226 1.01556
1.00489 0.7526 1.13998 0.975727 0.967367 1.00308
end
gesture a03 hands 2
0.987944 0.616037 1.31494 0.980649 0.923318 1.04197
1.00927 0.61812 1.29426 0.976647 0.926394 1.05593
1.03373 0.651389 1.25319 0.953698 0.957679 1.012
1.04652 0.773392 1.22087 0.972645 0.929471 1.06989
0.997069 0.832353 1.10868 0.968468 0.948155 1.0637
0.995533 0.932855 1.09119 0.96638 0.957497 1.0606
0.988909 0.948786 1.06888 0.926747 0.992039 0.982031
0.91478 0.926897 0.982731 0.964292 0.966838 1.0575
0.89943 0.891157 0.944148 0.949035 0.958426 1.08145
0.924577 0.848978 0.973013 0.9765 0.972108 1.03171
0.941484 0.807687 1.04001 0.978013 0.951381 1.05306
end
gesture a03 hands 2
1.02638 0.615266 1.29495 0.948287 0.943593 1.02452
1.01191 0.622129 1.32024 0.962877 0.946203 1.02259
1.02093 0.633454 1.2944 0.954429 0.972812 1.02657
1.01298 0.621919 1.32088 0.977467 0.948813 1.02065
1.04064 0.632752 1.31966 0.980104 0.967554 1.03065
1.07121 0.678354 1.25868 0.981422 0.976924 1.03565
1.07486 0.809456 1.23122 0.960571 1.00203 1.02862
1.07256 0.830782 1.211 0.98274 0.986295 1.04065
1.02336 0.869541 1.12085 0.991193 0.989447 1.02877
1.02128 0.975235 1.08417 0.995419 0.991024 1.02283
0.973108 0.967378 1.01382 0.997532 0.991812 1.01986
0.96218 0.982694 0.991168 0.980016 0.995981 1.03878
0.958297 1.0364 0.976614 0.998589 0.992206 1.01837
0.968823 1.09004 0.984431 0.980544 0.996178 1.03803
0.96464 1.08535 0.95513 0.999117 0.992403 1.01763
0.94086 1.04627 0.922366 0.980808 0.996277 1.03766
0.926379 1.04396 0.896595 0.999381 0.992501 1.01726
0.930348 1.09995 0.887054 0.98094 0.996326 1.03748
0.946533 1.14846 0.906631 0.999513 0.992551 1.01707
0.961352 1.17163 0.897952 0.962499 1.00015 1.0577
0.93456 1.0352 0.879593 0.999645 0.9926 1.01689
0.941538 0.979798 0.887474 1.00238 0.96491 1.00625
0.965522 0.912886 0.932217 0.981764 0.956289 1.02594
0.978277 0.828326 1.03731 0.961086 0.952233 1.00463
end
gesture a03 hands 2
0.978968 0.558618 1.31263 0.965255 0.92803 1.05536
1.01118 0.601618 1.24629 0.961545 0.955883 1.04521
1.0285 0.647063 1.2147 0.984851 0.942022 1.058
1.03079 0.831207 1.20861 0.977527 0.947793 1.05269
0.988015 0.883404 1.10306 0.972434 0.983126 1.04971
0.961924 0.956321 1.0234 0.970202 0.953564 1.04738
0.959642 0.974129 1.00087 0.962878 0.959335 1.04207
0.968369 0.971507 0.973188 0.961447 0.991783 1.04174
0.974954 0.947373 0.956778 0.959215 0.962221 1.03941
0.982045 0.919913 0.964064 0.960016 1.02423 1.04141
0.98841 0.834285 1.03339 0.955553 0.965106 1.03676
end
gesture a03 hands 2
0.989287 0.540314 1.2798 0.958427 0.944972 1.04516
1.01687 0.567917 1.23967 0.9677 0.949863 1.01709
1.03135 0.614559 1.21959 0.963202 0.979054 1.01423
1.03284 0.775836 1.21945 0.958687 0.974806 1.04345
1.02578 0.828904 1.20088 0.960588 1.00376 1.05073
0.997858 0.878964 1.11106 0.956119 1.00245 1.05341
0.967474 0.977156 1.02626 0.968309 0.977115 1.06155
0.953819 1.0046 0.978374 0.964063 0.959756 1.05662
0.960204 0.949242 0.973733 0.951649 1.00115 1.05609
0.968461 0.860191 1.04027 0.959817 0.942397 1.05169
end
gesture a03 hands 2
1.00546 0.532952 1.3734 0.962877 0.942212 1.04198
0.997415 0.528616 1.34528 0.97222 0.949044 1.01448
1.00614 0.556895 1.34253 0.958595 0.974335 1.02252
1.02076 0.563064 1.31812 0.954414 0.971336 1.05198
1.03821 0.603791 1.28414 0.949529 1.00054 1.0535
1.04722 0.659714 1.27005 0.966869 0.977915 1.04519
1.045 0.764093 1.26936 0.969285 0.950855 1.05705
1.03789 0.815415 1.25021 0.96714 0.979371 1.05054
0.964233 0.980549 1.02133 0.964103 0.950274 1.0551
0.951424 0.990615 0.968481 0.964549 0.979081 1.04957
0.955356 0.964338 0.956165 0.961511 0.949984 1.05413
0.967074 0.91268 0.975518 0.964995 1.00789 1.04403
0.976688 0.829221 1.05161 0.95892 0.949694 1.05315
end
gesture a03 hands 2
0.990876 0.648427 1.32831 0.971097 0.967606 1.0202
0.986412 0.635841 1.30159 0.944872 0.975389 1.00847
0.988417 0.649611 1.24514 0.938476 0.97358 1.03754
0.993125 0.686114 1.20015 0.944461 0.962373 1.06445
0.994312 0.734046 1.17517 0.956029 0.934994 1.06181
0.98695 0.873308 1.16026 0.945479 0.955216 1.08104
0.986797 0.896854 1.14356 0.944292 0.946652 1.10972
0.962121 0.854731 1.06141 0.961984 0.953933 1.08688
0.944793 0.837419 0.993981 0.945311 0.937887 1.10526
0.937445 0.812608 0.979261 0.954155 0.942932 1.16306
0.946736 0.785277 0.981597 0.945316 0.963061 1.1076
0.960241 0.756743 1.02822 0.97437 0.95767 1.02411
end
gesture a03 hands 2
0.973863 0.695954 1.26441 0.984342 0.946362 1.04032
0.953367 0.681477 1.28045 0.938932 0.951356 1.00641
0.958461 0.692313 1.22305 0.947923 0.974164 1.02319
0.965444 0.728996 1.18109 0.974138 0.972463 1.0374
0.970519 0.775775 1.15685 0.947998 0.961934 1.02785
0.964151 0.836894 1.11792 0.964916 0.956881 1.05175
0.968352 0.932227 1.12114 0.944037 0.942234 1.06697
0.957783 0.898013 1.07898 0.968759 0.955865 1.07642
0.946667 0.813712 1.06181 0.962574 0.96244 1.13501
0.953637 0.788268 1.04807 0.985493 0.960475 1.11612
0.985435 0.775548 1.00049 0.933315 0.943387 1.1391
0.996665 0.766463 0.997287 0.950107 0.9555 1.08417
0.987655 0.755091 1.0389 0.947628 0.945059 1.0567
1.0079 0.757377 0.994081 0.967091 0.9675 1.00656
0.989876 0.734634 1.07731 0.959787 0.976304 0.978919
end
gesture a03 hands 2
0.926575 0.631468 1.31883 0.9561 0.958575 1.01076
0.939532 0.646016 1.26353 0.941616 0.951678 1.03569
0.954972 0.687466 1.22642 0.961471 0.973509 1.03911
0.960834 0.88187 1.18023 0.959371 0.960973 1.06598
0.95647 0.873125 1.12666 0.971299 0.937405 1.07908
0.953222 0.850908 1.1104 0.96663 0.939871 1.10792
0.951435 0.765787 1.10274 0.969728 0.958683 1.08495
0.95509 0.753052 1.07661 0.959492 0.968727 1.05236
0.966371 0.780272 1.02842 0.948444 0.948774 1.103
0.98783 0.851594 0.984822 0.949256 0.97877 1.01978
0.981498 0.786449 1.0379 0.9638 0.952816 1.02136
end
gesture a03 hands 2
0.961807 0.558292 1.35929 0.956076 0.952932 1.04764
0.977972 0.572425 1.30447 0.957654 0.97296 1.05535
0.985983 0.607984 1.26651 0.947663 0.967339 1.07248
0.986373 0.764927 1.24212 0.948992 0.965984 1.06779
0.979712 0.77621 1.16139 0.959231 0.992989 1.06306
0.973037 0.807158 1.11563 0.954776 0.978809 1.06308
0.969974 0.908753 1.11184 0.958552 0.976479 1.04888
0.970026 0.919768 1.08669 0.954437 0.970554 1.05599
0.969797 0.907081 1.06011 0.958212 0.968224 1.04179
0.964785 0.859334 1.02815 0.954267 0.966427 1.05244
0.961235 0.855 1.00023 0.958042 0.964097 1.03824
0.958648 0.8682 0.974457 0.954182 0.964363 1.05067
0.96976 0.913204 0.940635 0.957958 0.962033 1.03647
0.978316 0.909765 0.912179 0.950322 0.964629 1.0631
0.979468 0.829827 0.9913 0.957873 0.959969 1.0347
end
gesture a03 hands 2
0.96682 0.644627 1.27324 0.961322 0.962615 1.03095
0.965277 0.633888 1.21495 0.959931 0.968813 1.05351
0.982851 0.677265 1.14706 0.969018 0.990209 1.02266
0.98851 0.728591 1.12919 0.971344 0.993212 1.0421
0.984006 0.861764 1.12693 0.95854 0.975011 1.07607
0.985915 0.893247 1.08762 0.961261 0.976782 1.07975
0.981682 0.914708 1.00783 0.97367 0.996215 1.06154
0.978468 0.967088 0.995037 0.968826 0.987384 1.07249
0.976275 1.02261 1.00348 0.97242 0.980825 1.04471
0.975973 1.04896 0.995927 0.968202 0.979689 1.06407
0.980457 1.06453 0.971434 0.971796 0.97313 1.03629
0.975305 1.02313 0.933337 0.967889 0.975841 1.05987
0.966117 0.968607 0.938343 0.971483 0.969282 1.03209
0.963825 0.92006 0.968451 0.963983 0.978553 1.08344
0.97153 0.80525 1.09708 0.971171 0.965434 1.02788
end
gesture a03 hands 2
0.965576 0.559812 1.33135 0.957692 0.963612 1.02207
0.973286 0.56664 1.27317 0.963947 0.991826 1.07046
0.984075 0.60208 1.23591 0.982381 0.970474 1.12169
0.988234 0.651943 1.22068 0.971951 0.969464 1.1062
0.981844 0.752134 1.22517 0.971109 0.975995 1.1488
0.98125 0.802353 1.19919 0.96152 0.968454 1.09071
0.978804 0.809304 1.17019 0.940421 0.963186 1.07004
0.939778 0.760256 1.07765 0.959464 0.95393 1.01482
0.933965 0.768405 1.02082 0.954495 0.973354 0.992742
0.948721 0.765804 0.995074 0.96126 0.968959 1.00535
1.00219 0.741598 0.992225 0.944255 0.970468 1.04521
1.01732 0.79561 0.985218 0.95614 0.967516 1.03158
1.0119 0.899269 1.01304 0.939135 0.969025 1.07145
1.00919 0.911031 0.988994 0.95358 0.966794 1.0447
1.00308 0.898973 0.964097 0.936575 0.968303 1.08456
0.994876 0.870624 0.961072 0.968026 0.964564 1.01796
0.98659 0.813542 1.02297 0.934015 0.967582 1.09768
end
gesture a03 hands 2
1.06419 0.565483 1.39535 0.957945 0.975996 1.03181
1.06248 0.580418 1.33789 0.956781 0.972726 1.01735
1.06036 0.614753 1.2928 0.957894 0.994261 1.03694
1.04399 0.776568 1.25062 0.955617 0.969457 1.00289
1.01317 0.80306 1.15013 0.958951 0.965815 1.0362
1.00871 0.822887 1.12887 0.959701 0.976648 1.03853
1.00168 0.87255 1.1121 0.957843 1.01253 1.04207
0.995264 0.952471 1.12803 0.960451 0.987481 1.04085
0.989848 0.979091 1.11549 0.962284 0.962173 1.06951
0.978872 0.978361 1.06161 0.963059 0.962437 1.03964
0.95404 0.884305 0.917764 0.958515 0.989682 1.028
0.956609 0.854788 0.914214 0.975191 0.970856 1.01232
0.96765 0.802916 0.940973 0.977211 0.949435 1.03302
0.976551 0.747007 1.00766 0.971277 0.951568 1.06197
end
gesture a03 hands 2
1.0283 0.556952 1.306 0.95666 0.950323 1.06962
1.03119 0.555613 1.33545 0.966588 0.957022 1.01267
1.03426 0.55833 1.2778 0.959981 0.976913 1.034
1.03344 0.61635 1.21566 0.958713 0.993033 1.03298
1.02086 0.769751 1.19598 0.975812 0.954802 1.04656
0.98634 0.838923 1.04896 0.965458 0.97041 1.0486
0.977949 0.893024 1.0401 0.957445 1.00915 1.03196
0.97146 0.975019 1.06043 0.955105 0.986018 1.05064
0.96745 1.00102 1.05273 0.970221 0.966717 1.03382
0.954825 0.949254 0.92005 0.964901 0.995853 1.03042
0.958984 0.922113 0.909812 0.980818 0.97078 1.02835
0.964066 0.895992 0.91992 0.970671 0.953734 1.05053
0.97696 0.84063 0.977723 0.963728 0.958118 1.07938
end
gesture a03 hands 2
1.01093 0.624074 1.32146 0.947801 0.959728 1.06806
1.03209 0.613089 1.26698 0.955948 0.959213 1.05385
1.02378 0.644551 1.18973 0.964863 0.972011 1.01304
1.00963 0.788494 1.158 0.964094 0.958698 1.03965
0.99056 0.83349 1.06 0.960456 0.98826 1.0394
0.982089 0.875316 1.02514 0.97461 0.962151 1.04014
0.972706 0.973624 1.03622 0.958401 1.01894 1.03825
0.969404 0.997838 1.02728 0.956939 0.990775 1.04757
0.966482 1.00697 1.00054 0.965945 0.967118 1.06544
0.966951 0.987503 0.945863 0.985979 0.946584 1.02528
0.972901 0.945808 0.907664 0.974951 0.943461 1.08331
0.979811 0.893265 0.927958 0.968875 0.940812 1.05441
0.987966 0.843246 0.99231 0.956337 0.944821 1.08097
end
gesture a05 hands 2
1.00111 0.738733 1.23425 0.944198 0.915344 1.08156
1.01369 0.776338 1.19349 0.989352 0.925981 1.04404
1.01868 0.881982 1.16531 1.02289 0.999549 0.96549
1.01398 0.924801 1.13911 1.03052 1.08339 0.942319
0.973832 1.04771 0.98138 1.00659 1.10091 0.944619
0.969581 1.05458 0.952982 1.00859 1.12384 0.963569
0.967424 1.03942 0.92744 0.988155 1.11766 0.984176
0.968853 1.02528 0.929949 0.965386 1.11602 0.964965
0.984764 0.963983 1.00267 0.940652 1.06284 0.961427
0.977523 0.987563 0.967563 0.944181 0.994749 1.01781
0.993434 0.926262 1.04028 0.942227 0.951602 1.0949
0.970282 1.01114 0.932458 0.950284 0.942293 1.06777
1.0021 0.888542 1.0779 0.986662 0.944522 1.02179
0.996598 0.802205 1.15519 0.96285 0.929954 1.07427
end
gesture a05 hands 2
1.00705 0.7064 1.23717 0.95808 0.942936 1.05596
1.01323 0.704403 1.26615 0.960324 0.95121 1.02736
1.02121 0.737725 1.222 0.974675 0.948281 1.05352
1.0251 0.841361 1.19093 0.988546 0.950879 1.02734
1.02025 0.884657 1.16349 0.98476 0.94747 0.997855
0.997925 0.95022 1.0692 1.01311 0.954568 1.00292
0.979571 1.00916 1.0016 1.02049 0.981348 0.991657
0.975602 1.01578 0.974905 1.03115 1.00844 0.941586
0.973247 1.00233 0.948351 1.04587 1.03039 0.927527
0.974638 0.987519 0.949964 1.05258 1.11402 0.905818
0.991019 0.92418 1.02372 1.02783 1.13044 0.908725
0.983524 0.948443 0.987649 1.03019 1.15323 0.928076
0.999906 0.885104 1.06141 1.00985 1.14671 0.948565
0.987967 0.928905 1.00649 0.987171 1.14473 0.929232
1.00435 0.865566 1.08025 0.962472 1.09142 0.925648
0.990189 0.919136 1.01591 0.966004 1.02332 0.982029
1.00657 0.855797 1.08967 0.964051 0.980165 1.05912
0.9913 0.914251 1.02062 0.972108 0.970855 1.03198
1.00768 0.850912 1.09438 1.00848 0.973084 0.986006
0.976029 0.972706 0.951576 0.984673 0.958516 1.03848
1.00879 0.846027 1.09909 0.95794 0.957868 1.05096
1.00404 0.780278 1.17674 0.9593 0.959557 1.08085
1.00586 0.693556 1.23421 1.00051 0.962048 1.03899
0.999288 0.714529 1.25438 1.00477 0.972882 1.01164
1.0142 0.746017 1.21297 0.976592 0.962964 1.01132
1.02847 0.848933 1.18241 0.953969 0.97217 1.02855
1.02526 0.89707 1.15516 0.951233 0.93608 1.07423
0.997116 1.01594 1.02718 0.968463 0.930238 1.05061
0.993038 1.02839 1.00423 0.957366 0.957289 1.0558
0.992676 1.01929 0.975959 0.959876 0.950068 1.08481
1.00047 0.968413 0.997165 0.970716 0.965397 1.06179
1.01328 0.871536 1.10397 0.954052 0.967488 1.0373
1.00339 0.805078 1.15971 0.979685 0.95419 1.02964
end
gesture a05 hands 2
0.970763 0.656113 1.31541 0.962098 0.950605 1.04938
0.974044 0.691784 1.27039 0.984672 0.947583 1.03022
0.983446 0.838849 1.21402 0.964225 0.964299 1.082
0.968837 0.950548 1.08129 0.961119 0.960893 1.08717
0.963022 0.966393 1.03054 0.957708 1.00758 1.11985
0.964749 0.939104 1.02165 0.95786 0.982533 1.1061
0.969402 0.915568 1.03821 0.952137 0.98491 1.04737
0.988985 0.854117 1.12856 0.949351 0.973576 1.01113
1.00455 0.811679 1.16254 0.958013 0.957486 1.09235
0.938754 0.723545 1.19349 0.946566 0.962242 0.974889
0.929552 0.702341 1.21163 0.972157 0.965389 0.959933
0.94059 0.680992 1.22906 0.950014 0.953973 1.01214
end
gesture a05 hands 2
0.956241 0.773678 1.24866 0.933792 0.902381 1.19499
0.973254 0.787246 1.2281 0.982056 0.920974 1.16559
1.02062 0.811277 1.25086 0.987174 0.934487 1.11113
1.02208 0.829821 1.22877 1.04258 1.0219 0.97501
1.05879 0.866789 1.20189 1.0428 1.03011 0.946835
1.07787 0.894545 1.17741 1.02127 1.01954 0.893452
1.02354 0.848365 1.20668 1.0152 1.03647 0.87067
1.09696 0.922301 1.15292 0.987021 1.03057 0.862885
1.09225 0.977372 1.1352 0.935692 0.96968 0.899313
1.07763 1.01614 1.09931 0.895399 0.94903 0.936964
1.04448 1.0616 1.01019 0.926722 0.98191 0.971891
1.0263 1.09712 0.970551 0.95011 0.962585 1.05456
1.01133 1.10706 0.921076 0.947858 0.943246 1.10961
1.00672 1.09207 0.897009 0.963896 0.939496 1.13468
1.01133 1.03828 0.910764 0.989624 0.953591 1.13942
1.00416 0.965303 0.991123 0.970066 0.937619 1.15484
1.01202 0.890396 1.11137 0.99742 0.94662 1.14687
end
gesture a05 hands 2
1.0287 0.773734 1.29445 1.01659 0.91943 1.16201
1.01676 0.793905 1.2761 0.989394 0.908945 1.16888
0.994845 0.739546 1.26759 1.00888 0.927604 1.15597
1.01247 0.795829 1.26568 1.02244 0.970168 1.081
1.00537 0.833008 1.22448 1.06953 1.01957 0.953679
1.02998 0.812141 1.27266 1.01802 1.01883 0.928083
1.02765 0.792653 1.25007 0.973038 0.984277 0.91158
1.03738 0.871616 1.23774 0.944278 0.982981 0.916799
1.03137 0.914718 1.20305 0.888366 0.927182 0.954572
0.97986 1.01339 1.04658 0.887879 0.948799 0.933907
0.971434 1.03116 0.995526 0.888671 0.977719 0.941046
0.976502 1.01942 0.97141 0.924239 0.953419 1.05734
0.992754 0.967606 0.967902 0.901071 0.99707 1.02663
0.990227 0.822483 1.14102 0.959808 0.92912 1.17364
end
gesture a05 hands 2
0.979415 0.736058 1.15438 0.967762 0.803807 1.16479
0.957789 0.738244 1.13374 0.941123 0.795735 1.17525
1.0062 0.805963 1.15966 0.99747 0.797333 1.15632
1.02501 0.856844 1.13726 0.976761 0.809366 1.13873
1.04652 0.876925 1.13195 0.996969 0.819863 1.12022
1.02897 0.854725 1.14003 1.01837 0.863048 1.01705
1.05132 0.835745 1.13813 1.03659 0.896401 0.941658
1.07972 0.835786 1.12978 1.03977 0.906233 0.913882
1.08624 0.888872 1.12329 1.01083 0.904303 0.907768
1.08515 0.941042 1.10447 0.997932 0.89385 0.882811
1.04325 1.01887 1.03734 1.01405 0.901269 0.859404
0.990522 1.17359 1.00213 1.01472 0.929082 0.850737
1.00086 1.16702 0.976926 0.982894 1.03965 0.860909
1.00264 1.11892 0.950291 0.970584 1.05352 0.913976
1.00902 1.06285 0.954947 0.98909 1.14759 0.8879
0.992131 1.03826 0.957457 0.958274 1.0674 0.967043
0.964007 1.03552 0.964589 0.932638 1.07102 1.04568
0.947448 0.907406 1.0276 0.937894 0.967502 1.08274
0.925867 0.860079 1.05463 0.920356 0.922823 1.1173
end
gesture a05 hands 2
1.08091 0.544624 1.40858 0.928692 0.971301 1.01232
1.07558 0.54773 1.37952 0.93005 0.980813 0.984094
1.09636 0.581959 1.34259 0.902483 1.00357 0.93698
1.09757 0.63598 1.32915 0.873037 1.00751 0.936992
1.04377 0.738733 1.22005 0.869111 1.03324 0.950866
1.07127 0.714367 1.26787 0.848366 1.04127 0.970874
1.01748 0.81712 1.15877 0.848321 1.01414 0.982569
1.09877 0.690001 1.3157 0.865208 0.998843 0.998051
0.991184 0.895508 1.0975 0.972436 0.950658 1.08162
0.980721 0.946456 1.06955 1.02914 0.927402 1.14527
1.00499 0.962403 1.06451 1.00194 0.928172 1.15188
1.02784 0.914577 1.09016 0.9686 0.95423 1.1122
1.034 0.870876 1.12811 0.934439 0.977121 1.0043
end
gesture a05 hands 2
1.06329 0.599931 1.39769 0.970455 0.98532 0.986656
1.06516 0.604667 1.36815 0.951354 0.985999 1.00974
1.09997 0.624415 1.32575 0.940066 1.00841 0.993835
1.11309 0.645556 1.31016 0.928193 1.01119 0.966427
1.12348 0.723794 1.28683 0.91479 1.02279 0.989933
1.11216 0.753769 1.26045 0.897598 1.00882 1.00911
1.06152 0.824453 1.18148 1.0036 0.946687 1.12551
1.10084 0.783743 1.23408 1.00811 0.936549 1.15243
0.99955 0.925112 1.07613 0.969691 0.948344 1.19006
0.997996 0.958972 1.03444 0.921328 0.949053 1.08635
1.01814 0.951896 1.01459 0.945864 0.95977 1.00447
1.03483 0.910718 1.04802 0.966522 0.968958 0.985077
1.05406 0.805427 1.17861 0.988285 0.970321 1.00546
end
gesture a05 hands 2
1.07249 0.578375 1.46449 0.986888 0.955167 0.910781
1.13458 0.608641 1.41585 0.935598 0.934876 0.889617
1.15226 0.673771 1.37375 0.910729 0.928512 0.904528
1.02385 0.861241 1.17045 0.909069 0.956724 0.954078
1.01795 0.899676 1.12964 0.964433 0.95814 1.13999
1.03973 0.894309 1.11099 0.968343 0.966308 1.19742
1.06286 0.848039 1.13337 0.920079 0.963475 1.0604
1.06318 0.77255 1.21347 0.963029 0.971192 0.920612
end
gesture a05 hands 2
1.06856 0.550797 1.35215 0.939006 0.938108 0.962985
1.04831 0.571863 1.34602 0.929276 0.963901 0.951511
1.05085 0.591345 1.32445 0.948336 0.953206 1.15532
1.0006 0.782015 1.17956 0.922313 0.951568 1.14093
1.01293 0.735243 1.24458 0.921618 0.95098 1.11144
0.95034 0.972685 1.03467 0.954763 0.943745 1.06355
0.95416 0.944724 1.03798 0.96103 0.940368 1.09256
0.975539 0.877172 1.08863 0.967887 0.938556 1.06387
end
gesture a05 hands 2
1.05334 0.69149 1.26269 0.944277 0.942505 1.01836
1.04486 0.727202 1.21657 0.972174 0.94844 1.00966
1.0058 0.822667 1.16539 0.947911 0.9637 1.00127
1.00028 0.858729 1.14263 0.952201 0.983402 1.02309
0.960607 0.966145 1.04019 0.955925 0.978529 0.993916
0.964067 0.967263 1.03932 0.955045 0.992573 1.02018
0.99475 0.894791 1.11988 0.951255 0.988113 1.04916
0.967527 0.968381 1.03845 0.976148 0.974578 1.0585
0.953916 1.00518 0.997736 0.962515 0.962282 1.11468
0.915409 1.10962 0.915 0.948243 0.967243 1.05982
0.940305 1.04197 0.957021 0.958449 0.960502 1.08687
end
gesture a05 hands 2
1.06865 0.723725 1.30539 0.925371 0.945686 1.02795
1.03175 0.742011 1.22893 0.952452 0.955895 0.976109
1.03116 0.77597 1.1806 0.96658 0.946946 1.00101
1.00816 0.846404 1.13771 0.966659 0.951729 1.02999
0.981887 0.92536 1.06052 0.94235 0.953527 1.013
0.985158 0.916839 1.09482 0.955225 0.979415 1.01968
0.973008 0.942792 1.05817 0.961135 0.992661 0.962229
0.966933 0.955768 1.03985 0.952304 0.96912 1.10648
0.932616 1.07475 0.940433 0.962272 0.953749 1.16275
0.960858 0.968745 1.02153 0.949565 0.945131 1.04752
end
gesture a05 hands 2
1.0935 0.487248 1.37113 1.00624 0.958925 0.986334
1.08339 0.550367 1.32123 1.00755 0.983499 0.96927
1.05693 0.704672 1.28048 0.988338 0.987767 0.991607
1.038 0.786799 1.20153 0.996482 0.964585 1.07463
1.02572 0.843472 1.12932 0.988788 0.979454 1.05003
1.01907 0.868926 1.12258 0.967682 0.998498 1.04115
1.00061 0.971605 1.165 0.979105 0.981735 1.09656
0.987091 1.0246 1.07421 0.950292 1.00464 1.05374
0.993237 0.998003 1.15902 0.949112 0.987585 1.02929
0.973568 1.0776 0.983421 0.961132 1.00202 1.05267
0.963231 1.09587 0.964139 0.9838 0.98388 1.04583
0.954744 1.13219 1.07327 0.989529 0.975608 1.07394
0.936805 1.15456 1.07807 0.979453 0.994769 1.05339
0.945125 1.11814 0.983252 0.968376 0.991057 1.02589
0.91857 1.15826 0.878065 0.963971 0.962489 1.03294
0.953444 1.08172 0.888431 0.928393 0.957524 0.988052
0.9799 0.934105 0.993752 0.955431 0.956895 0.975277
end
gesture a05 hands 2
1.06931 0.493405 1.34462 0.971717 0.944509 1.02194
1.05115 0.484935 1.36675 0.968508 0.943543 0.992163
1.06579 0.520665 1.32794 0.990156 0.945782 1.01252
1.05595 0.629796 1.30365 0.979232 0.972954 1.00636
1.03437 0.74368 1.20879 0.979253 0.994625 1.02694
1.01537 0.855858 1.19257 1.00173 0.986512 1.04468
0.995699 0.962589 1.06532 0.987674 1.00141 1.02291
0.991586 0.990816 1.06448 0.973573 0.984441 1.04299
0.990522 1.06173 1.11657 0.99829 0.994069 1.05635
0.977862 1.0868 1.10706 0.98686 1.00009 1.04515
0.961054 1.12037 0.971723 0.99678 0.975824 1.07999
0.946085 1.14246 0.959138 0.97543 1.00611 1.03394
0.956896 1.16647 1.06986 0.99466 0.986988 1.04631
0.946521 1.1919 1.08177 0.988958 0.977582 1.07396
0.931616 1.17047 0.910156 0.968897 0.986536 1.0201
0.929001 1.15282 0.886168 0.973064 0.963103 1.00198
0.939609 1.09879 0.878181 0.975279 0.958107 0.97278
0.971007 0.992315 0.9594 0.953531 0.966307 0.953961
0.983849 0.851715 1.05277 0.938488 0.964874 0.979341
end
gesture a05 hands 2
1.03213 0.614507 1.31877 0.971547 0.933417 1.03343
1.01881 0.637008 1.30419 0.967978 0.946246 1.02665
1.02242 0.666115 1.29834 0.965319 0.947445 1.04132
1.0076 0.808152 1.21013 0.96441 0.959075 1.01986
0.963269 1.01288 1.00562 0.959092 0.961472 1.04922
0.958867 1.03928 0.992874 0.958946 0.961471 1.04922
0.967278 1.0612 1.01132 0.958873 0.96147 1.04921
0.971487 1.02306 1.0545 0.951315 0.98958 1.05521
1.00199 0.858315 1.17027 0.9588 0.961469 1.04921
end
gesture a05 hands 2
1.01631 0.635274 1.30578 0.963811 0.966243 1.04086
1.01867 0.664688 1.30333 0.958674 0.977738 1.04877
1.02276 0.705315 1.26462 0.96136 0.965737 1.04039
1.00898 0.801692 1.21434 0.957448 0.977486 1.04854
0.976271 0.942853 1.07296 0.960135 0.965484 1.04016
0.959668 1.01389 1.02703 0.956836 0.977359 1.04842
0.972618 1.04041 1.03135 0.959522 0.965358 1.04004
0.990249 0.959405 1.05609 0.953536 0.989234 1.05668
1.00312 0.843413 1.13958 0.958909 0.965231 1.03993
end
gesture a05 hands 2
1.01734 0.682538 1.22808 0.959749 0.954046 1.05561
1.02163 0.668245 1.25371 0.962819 0.966688 1.04881
1.03062 0.732117 1.19778 0.971441 0.953622 1.02828
1.01266 0.855995 1.14773 0.968665 0.966476 1.03514
0.970564 1.02203 0.988794 0.97577 0.956126 1.02701
0.950982 1.10002 0.956922 0.977934 0.957379 1.02637
0.960497 1.11458 0.981367 0.965889 0.97933 1.04201
1.01043 0.801148 1.17946 0.980098 0.958631 1.02574
end
gesture a05 hands 2
0.994463 0.671419 1.2718 0.985989 0.959784 1.01106
1.00707 0.661087 1.24681 0.960753 0.95005 0.998726
0.998845 0.667901 1.18881 0.919835 0.917359 1.02218
1.01829 0.676843 1.20914 0.943006 0.933344 1.03087
1.01601 0.718739 1.17055 0.964828 0.983785 1.01145
1.01647 0.748634 1.17195 0.974716 0.964223 1.03159
0.990945 0.816398 1.12334 0.967984 0.983384 1.05339
0.990809 0.929062 1.10995 0.951451 0.999883 1.03459
0.98619 0.974458 1.08887 0.938257 1.02445 1.04481
0.984076 0.979021 1.06954 0.946822 1.00735 1.09982
0.96762 1.04196 1.01239 0.968864 0.98771 1.1002
0.981961 0.983584 1.0502 0.963997 0.976207 1.12721
0.979846 0.988147 1.03087 0.949364 0.978384 1.10183
0.964447 1.0488 0.983387 0.953184 0.946158 1.05613
0.978789 0.990428 1.0212 0.93344 0.935847 1.0364
0.949049 1.10946 0.935909 0.987969 0.95552 1.0282
0.977731 0.99271 1.01153 0.990688 0.981164 1.01338
0.996569 0.826655 1.16264 0.997061 0.971511 1.04069
end
gesture a05 hands 2
1.0367 0.60237 1.35862 0.979647 0.963267 1.0592
1.02177 0.675668 1.28015 0.984023 0.971065 1.03084
1.00605 0.647686 1.25667 0.967599 0.986315 1.01119
1.00684 0.748966 1.20169 0.938655 0.981948 1.01612
0.995041 0.858991 1.18351 0.947086 1.00014 1.03798
0.992438 0.90659 1.15595 0.946548 0.983143 1.09359
0.984778 0.974815 1.08377 0.946731 0.96035 1.11269
0.962164 1.00711 1.00743 0.926009 0.940775 1.10341
0.95491 0.988863 0.987186 0.926663 0.905898 1.05537
0.965355 0.905419 1.04753 0.955445 0.912261 1.04984
0.95948 0.934004 0.983715 0.964853 0.927531 1.07384
0.975801 0.821975 1.10788 0.958551 0.961647 1.02787
end
gesture a05 hands 2
0.994688 0.654739 1.34335 0.989364 0.967606 1.05275
0.988074 0.643299 1.31646 0.9735 0.960985 1.07671
1.00268 0.682611 1.27646 0.973116 0.981737 1.02201
0.997267 0.799565 1.23341 0.977455 0.953313 1.02898
0.993549 0.868905 1.21895 0.964224 0.990586 0.986415
0.992704 0.892713 1.20465 0.940942 0.997412 1.00381
0.987179 0.935072 1.15973 0.94487 1.02578 1.05267
0.983994 0.968156 1.13013 0.947614 0.988013 1.09357
0.991858 0.91652 1.19035 0.939789 1.01469 1.08305
0.980809 1.00124 1.10052 0.932056 0.934567 1.04752
0.965209 1.02444 1.0273 0.959286 0.943972 1.04046
0.964892 0.990962 0.984306 0.983824 0.927113 1.03991
0.969231 0.962261 0.984279 0.929548 0.904568 1.0375
0.97839 0.910042 1.00522 0.958401 0.911673 1.03418
0.984131 0.849936 1.06298 0.975548 0.935661 1.03544
end
gesture a05 hands 2
0.999846 0.556552 1.33658 0.932583 0.95103 1.05668
0.978337 0.586148 1.28977 0.937701 0.973461 1.00421
0.993556 0.654508 1.23601 0.952555 0.945468 1.05406
0.977289 0.816108 1.13628 0.964 0.940878 1.14039
0.978344 0.841121 1.20681 0.952654 0.913742 1.14426
0.971176 0.895384 1.12361 0.962347 0.917306 1.11633
0.961022 0.977707 1.03654 0.946807 0.942173 1.11733
0.964009 0.949647 1.0404 0.942519 0.954694 1.09048
end
gesture a05 hands 2
0.959025 0.641535 1.23462 0.943072 0.965377 1.04582
0.971657 0.630057 1.35043 0.94251 0.963607 1.03043
0.992978 0.667107 1.27523 0.955158 0.955715 0.988869
1.00019 0.71017 1.23911 0.941949 0.961836 1.01504
0.993331 0.81886 1.2201 0.962684 0.947578 1.09849
0.987508 0.867988 1.1953 0.970813 0.959096 1.12479
0.974499 0.971059 1.06815 0.960705 0.933701 1.11243
0.970062 0.990813 1.01791 0.957672 0.93619 1.08277
0.973588 0.973816 0.995397 0.95696 0.96269 1.06896
0.976224 0.90606 1.04469 0.933312 0.972656 1.08392
end
gesture a05 hands 2
0.980564 0.69923 1.27743 0.947692 0.983664 1.05516
1.00872 0.694288 1.2856 0.961003 0.977276 1.02942
0.996305 0.703997 1.26049 0.982436 0.939318 1.06633
0.99988 0.738924 1.21316 0.981661 0.909908 1.07018
0.997089 0.894045 1.1614 0.995873 0.913447 1.04402
0.983096 1.00033 1.05508 0.981653 0.950595 1.03999
0.976372 1.04206 0.978631 0.974579 0.952956 1.08233
0.982619 1.01864 0.961891 0.963452 0.968172 1.07183
0.989999 0.967097 0.985443 0.967434 0.987742 1.03595
0.986957 0.871028 1.08922 0.952324 0.983388 1.06134
0.976743 0.759833 1.18105 0.961225 0.972243 1.03501
end
gesture a05 hands 2
1.03071 0.675741 1.27085 0.949715 0.951526 1.04141
1.00058 0.813627 1.16219 0.948776 1.00705 1.06043
1.0339 0.70222 1.21942 0.947099 0.991475 1.08579
0.970451 0.951514 1.05353 0.949288 0.966999 1.10254
0.975111 0.926054 1.03965 0.953958 0.943132 1.08541
0.984978 0.879554 1.07198 0.956785 0.940985 1.05597
end
gesture a05 hands 2
1.01714 0.603024 1.35165 0.936296 0.931975 1.06083
0.993439 0.744939 1.23159 0.934304 0.9497 1.08493
1.02486 0.646664 1.27799 0.928668 0.978431 1.09077
0.998312 0.752109 1.19413 0.932788 0.950089 1.08334
0.969737 0.886854 1.11153 0.931937 0.933777 1.10842
0.971766 0.857554 1.11027 0.941459 0.92112 1.08338
0.986195 0.795503 1.16519 0.93972 0.934999 1.05709
end
gesture a05 hands 2
1.05271 0.660138 1.3507 0.949306 0.949372 1.0467
1.01937 0.67149 1.30399 0.937225 0.946182 1.07366
1.01697 0.698736 1.2517 0.940708 0.975717 1.07586
0.995961 0.807883 1.18652 0.937206 0.961229 1.1018
0.966879 0.915776 1.08503 0.948431 0.934431 1.09521
0.969066 0.888998 1.07394 0.942897 0.939577 1.06584
0.973981 0.864779 1.08802 0.937188 0.929637 1.12236
0.984147 0.813126 1.153 0.937364 0.944723 1.03647
end
gesture a06 hands 2
0.938574 0.482655 1.19935 0.925706 0.948372 1.06781
0.936095 0.490574 1.17079 0.930614 0.957683 1.09579
0.984881 0.526607 1.10925 0.957475 0.958436 1.04308
1.02596 0.598187 1.09 1.0271 0.977142 0.994418
1.04179 0.678551 1.11546 1.04423 1.00813 0.950089
1.03884 0.778142 1.16067 1.02003 1.05041 0.916238
1.02985 0.855856 1.16269 0.973816 1.01511 0.90822
1.00371 0.932691 1.08206 0.930169 0.966332 0.965584
0.993711 0.969964 1.0667 0.932908 0.918985 1.0732
0.977582 1.00953 1.00142 0.924535 0.920619 1.1292
0.973893 1.0066 0.973165 0.931386 0.942181 1.14884
0.974693 0.980994 0.961681 0.951297 0.961095 1.13746
0.974741 0.904012 0.993646 0.978801 0.98008 1.08803
end
gesture a06 hands 2
0.928005 0.438638 1.2921 0.944393 0.981762 1.0923
0.93916 0.430437 1.23463 0.967577 0.971049 1.10747
0.894548 0.432656 1.19822 1.00662 0.984903 1.06535
0.939543 0.483584 1.15237 0.995585 1.00829 0.980776
0.977688 0.581589 1.15861 0.969258 0.998969 0.929689
0.979911 0.70144 1.20632 0.948924 0.952721 0.954104
0.978353 0.776332 1.19495 0.949079 0.949551 0.904854
0.954602 0.913841 1.08119 0.928591 0.906472 0.978519
0.954111 0.926552 1.02699 0.94559 0.910685 1.03355
0.955985 0.915532 1.00008 0.947183 0.951379 1.11098
0.95379 0.861167 1.0074 0.93255 0.963084 1.16681
end
gesture a06 hands 2
0.900299 0.601686 1.19998 0.952952 0.963518 1.11312
0.922503 0.592438 1.21709 0.940313 0.967483 1.13981
0.950138 0.587183 1.20751 0.940695 0.96735 1.05072
0.950178 0.591245 1.14964 0.999094 0.958868 1.0448
0.946573 0.614842 1.09693 1.02609 0.996101 1.01067
0.985594 0.670544 1.05582 1.01679 1.02019 0.925781
1.01609 0.765256 1.07599 0.997858 1.01967 0.902639
1.01048 0.837977 1.10931 0.973523 1.00283 0.899545
1.00582 0.884907 1.11256 0.962102 0.977009 0.909081
0.99339 0.994762 1.05933 0.948828 0.954812 0.923744
0.990286 1.04606 1.00088 0.951468 0.94176 0.950588
0.994496 1.0383 0.973412 0.955107 0.928353 1.00691
0.996581 1.01385 0.961631 0.970905 0.940353 1.06209
0.992012 0.943851 1.0019 0.961104 0.970762 1.144
0.982253 0.902766 1.00083 0.937917 0.978394 1.09099
0.987442 0.873849 1.04217 0.935169 0.975896 1.03242
0.967924 0.791679 1.04004 0.948594 0.974789 1.00623
0.928795 0.717334 1.06236 0.97289 0.962306 0.994091
end
gesture a06 hands 2
0.898899 0.702814 1.11441 0.880229 0.871591 1.15114
0.953969 0.663128 1.16921 0.91694 0.809412 1.20316
0.971413 0.711751 1.1441 0.976757 0.82879 1.14429
0.973527 0.68362 1.15387 1.0462 0.911106 1.04962
0.952632 0.682413 1.13342 1.04375 0.927428 1.02487
0.947709 0.6772 1.07741 1.0021 0.951451 0.952966
0.99459 0.77366 1.10186 1.01091 1.03031 0.919435
0.998631 0.828138 1.09312 0.983147 1.10669 0.887218
0.962371 1.04984 1.00485 0.952111 1.1834 0.913972
0.97487 1.08718 0.964783 0.965209 1.20319 0.931366
0.983527 1.08598 0.937015 0.957728 1.15102 0.939087
0.991128 1.03173 0.930907 0.959937 1.03395 1.00985
0.970284 0.861496 1.03762 0.941164 0.945902 1.07555
end
gesture a06 hands 2
0.93438 0.688278 1.1938 0.879858 0.74611 1.17151
0.967418 0.731928 1.1726 0.908218 0.73817 1.1665
0.989756 0.765363 1.13002 0.930876 0.750892 1.15164
1.01988 0.738327 1.09205 0.92658 0.721673 1.14998
0.994558 0.728106 1.08029 0.939977 0.748146 1.14632
1.0072 0.775018 1.09048 0.991834 0.791891 1.09481
1.00946 0.824709 1.08154 1.01928 0.836232 1.0821
0.979617 0.994417 1.02047 1.02907 0.917515 1.07753
0.983831 1.02986 0.979781 1.02733 0.995376 1.04882
0.9881 1.02221 0.951158 0.954113 1.13531 0.98978
0.98927 0.994679 0.948024 0.950032 1.08345 0.975931
0.9754 0.947613 0.974953 0.945931 1.02696 0.988496
0.973792 0.85778 1.0421 0.947689 0.877832 1.07193
end
gesture a06 hands 2
0.984913 0.548524 1.10159 0.966586 0.812679 1.12243
0.959356 0.581918 1.06224 0.994979 0.821547 1.12058
0.99491 0.571577 1.10849 1.0208 0.835106 1.07241
0.98288 0.592977 1.09127 1.07029 0.931794 0.981329
1.00225 0.610288 1.07753 1.04348 0.981592 0.91611
1.00261 0.597816 1.05086 1.00634 0.974677 0.873039
1.03244 0.646552 1.05966 1.00239 1.00227 0.864367
1.05225 0.725946 1.07167 0.942762 1.15718 0.907406
0.999813 0.924954 0.986688 0.937792 1.20681 0.937326
1.00244 0.993328 0.935532 0.95046 1.22803 0.953243
1.02479 1.01041 0.926011 0.944664 1.23462 0.981097
1.05385 1.00938 0.931109 0.962885 1.05091 1.05176
1.09168 1.0299 0.962219 0.922232 1.15609 1.01099
1.01038 1.0988 1.00445 0.981106 0.867201 1.12242
0.835383 1.15207 1.09571 0.965688 0.846989 1.13775
end
gesture a06 hands 2
0.955261 0.493412 1.20319 1.02798 0.868767 1.02753
1.01331 0.48922 1.19673 1.02536 0.885051 1.00298
1.06195 0.517023 1.19271 1.00179 0.893027 0.986497
1.08688 0.560555 1.19944 0.931456 0.965968 0.850793
1.11662 0.687272 1.22857 0.893789 1.03523 0.821128
1.11302 0.719963 1.21086 0.872702 1.0451 0.838382
1.06679 0.808826 1.15213 0.853051 1.05515 0.888073
1.10942 0.752653 1.19316 0.872184 1.0544 0.940612
1.01695 0.930379 1.07569 0.934048 1.03904 1.03028
1.02493 0.973143 1.04679 0.942659 1.03687 1.13913
1.04996 0.974465 1.03205 0.946847 1.01336 1.15607
1.06973 0.954853 1.02996 0.944921 0.992032 1.13511
1.07264 0.929366 1.03901 0.97788 0.953784 1.03035
1.0578 0.861922 1.07206 1.00893 0.919469 0.997384
end
gesture a06 hands 2
1.01896 0.3993 1.35238 1.00058 0.90558 1.00935
1.08552 0.437536 1.32517 0.927185 0.955751 0.892967
1.10868 0.507476 1.33367 0.905887 0.966582 0.876255
1.115 0.553211 1.3185 0.88444 0.98697 0.879022
1.10135 0.613844 1.28303 0.87399 0.994435 0.904696
1.06593 0.686287 1.23436 0.884968 0.999404 0.959564
1.06124 0.723133 1.20046 0.944667 0.998391 1.01825
1.0305 0.75873 1.18569 1.00544 0.982665 1.11421
1.02112 0.832422 1.11788 0.999676 0.981801 1.14237
1.02796 0.829968 1.1054 0.932874 1.00019 1.19611
1.03218 0.79413 1.11973 0.911224 0.998023 1.17678
1.03479 0.827513 1.09293 0.893517 0.992449 1.12201
1.04324 0.755838 1.12158 0.899547 0.987453 1.039
end
gesture a06 hands 2
1.0266 0.481231 1.34075 1.01593 0.936819 1.03544
1.0456 0.481006 1.31802 1.01327 0.941865 1.00628
1.08866 0.511082 1.29494 0.989318 0.957322 0.997009
1.11514 0.581528 1.29711 0.905253 0.976035 0.922302
1.12047 0.648229 1.27978 0.890744 0.99405 0.941255
1.0736 0.770054 1.18802 0.89636 1.00609 0.99711
1.03094 0.850344 1.13594 0.97565 0.999013 1.0766
1.02674 0.891878 1.09625 0.99878 0.990182 1.12899
1.03978 0.883129 1.07362 0.982562 0.984546 1.15352
1.04611 0.856351 1.07734 0.923821 0.982823 1.16236
1.03286 0.748677 1.14525 0.877469 1.00904 1.17623
1.04265 0.789125 1.11315 0.883916 0.982475 1.12472
1.0294 0.68145 1.18106 0.880006 0.975514 1.06823
1.02767 0.647837 1.19897 0.91012 0.978327 0.987875
1.05244 0.829574 1.08106 0.962053 0.95664 0.983507
1.02594 0.614224 1.21688 1.00323 0.925209 1.05261
end
gesture a06 hands 2
1.01321 0.636498 1.1382 0.976539 0.947871 1.03295
1.02466 0.681226 1.10972 0.977317 0.964807 0.976038
1.02936 0.78238 1.1362 0.961219 0.970339 0.951658
1.0189 0.860252 1.12746 0.931336 0.97101 0.949987
0.992622 0.93373 1.05735 0.919327 0.977313 0.923623
0.963559 0.970211 0.995169 0.89338 0.991159 0.929318
0.953757 0.94604 0.984027 0.876056 1.01151 0.915772
0.955141 0.931709 0.986803 0.936202 0.944211 1.15905
0.972902 0.866187 1.04107 0.957395 0.978142 1.04888
0.956524 0.917378 0.989578 0.987545 0.960172 1.00204
0.992048 0.786334 1.0981 0.980977 0.949312 1.02912
end
gesture a06 hands 2
1.00849 0.603299 1.2385 0.952563 0.926765 1.06045
1.00735 0.603027 1.20853 0.975029 0.930648 1.07973
0.980204 0.614307 1.21391 0.965935 0.936799 1.10733
0.997482 0.608216 1.19055 0.960744 0.928696 1.07929
0.998927 0.618402 1.16254 0.986597 0.942863 1.07441
1.01596 0.63533 1.14557 0.93841 0.95457 0.968963
1.04823 0.711809 1.15596 0.937105 0.976139 0.913711
1.04688 0.762202 1.1696 0.940678 0.987813 0.905241
1.03867 0.84141 1.15987 0.946304 0.962288 1.01925
0.984879 0.93524 1.0408 0.94425 0.999486 0.896771
0.966766 0.931012 1.0177 0.955502 0.948436 1.1248
0.955035 0.905177 1.00819 0.943693 0.941466 1.1514
0.962458 0.8308 1.05188 0.928477 0.960708 1.03949
end
gesture a06 hands 2
1.0248 0.658038 1.22124 0.958196 0.955352 0.983806
1.02604 0.672548 1.16968 0.972548 0.940788 1.03938
1.00144 0.676925 1.10809 0.973856 0.95276 1.09725
1.02729 0.687058 1.11813 0.945417 0.952605 0.984892
1.06357 0.731818 1.12339 0.932501 0.963875 0.9603
1.0639 0.809197 1.15599 0.916916 0.981528 0.978266
1.05458 0.885979 1.15103 0.906663 1.00847 0.927718
1.03353 0.943635 1.10986 0.920218 1.0324 0.916061
0.979621 1.00643 1.00056 0.957945 0.990827 1.01803
0.965075 0.988461 0.981807 0.972705 0.967081 1.10049
0.964531 0.960132 0.987806 0.961555 0.957167 1.12576
0.975697 0.889242 1.03782 0.968967 0.964556 1.03837
end
gesture a06 hands 2
1.00558 0.367983 1.20558 0.960651 0.953341 1.03838
1.00849 0.374159 1.1765 0.98316 0.951431 1.01876
1.06272 0.383839 1.18887 0.971728 0.97745 1.0102
1.10867 0.450779 1.17497 0.969242 0.988969 0.982831
1.11454 0.501122 1.17491 0.944726 0.995858 0.967287
1.0886 0.644477 1.18686 0.991605 0.973996 1.0366
1.03656 0.791381 1.07728 0.985483 1.00058 1.04899
1.01936 0.895689 1.08958 0.982913 0.972047 1.04053
1.02674 0.838145 1.05925 0.963243 0.971332 1.01795
1.00216 0.999996 1.10187 0.961535 0.992067 0.996619
0.981495 1.07228 1.02071 0.989076 0.997571 1.04771
0.963555 1.09233 0.973816 1.00138 0.973188 1.06002
0.960616 1.08591 0.945624 0.989784 0.999881 1.05339
0.975916 1.03611 0.926348 0.986375 0.986323 1.02691
0.984508 0.888395 1.00739 0.975152 0.959245 1.07527
0.976395 0.80967 1.02392 0.970345 0.955008 1.04598
end
gesture a06 hands 2
1.01106 0.386817 1.20474 0.962045 0.964156 1.00152
1.0351 0.373758 1.21646 0.983369 0.987336 0.951567
1.05008 0.38522 1.19546 1.00193 0.966759 0.962286
1.06941 0.450567 1.16282 1.0052 0.956888 0.990052
1.05923 0.5717 1.16712 0.9846 0.941463 1.04138
1.04536 0.642839 1.1293 0.948657 0.995652 0.983964
1.03619 0.71903 1.13179 0.926954 1.00427 1.00233
1.02467 0.792695 1.11413 0.956661 0.995268 1.0495
1.03149 0.713978 1.09148 0.981353 0.978743 1.05256
1.01316 0.86636 1.09646 0.990516 0.978889 1.02405
1.00151 0.936136 1.01951 0.977859 0.970743 0.998426
0.992728 0.980709 0.994882 0.989228 0.996235 0.987554
0.986493 1.03616 1.00943 0.997854 0.987161 1.0448
0.97478 1.09959 1.06529 0.978344 0.968151 1.0573
0.97472 1.12672 1.06581 0.967838 0.970285 1.02965
0.976431 1.14238 1.04252 0.973849 0.997101 1.04137
0.968428 1.14633 0.988491 0.990292 0.999836 1.06597
0.951826 1.12012 0.942494 0.979455 0.980834 1.04589
0.949406 1.0699 0.925354 0.962907 0.960371 1.05975
0.958718 1.02323 0.943359 0.962408 0.955393 1.0893
0.977424 0.932434 1.02608 0.951165 0.94274 1.0362
0.977722 0.855793 1.05452 0.968808 0.954985 0.981748
end
gesture a06 hands 2
0.934385 0.386387 1.13392 0.969499 0.93759 1.07482
0.971687 0.442156 1.08032 0.967429 0.967766 1.04884
0.982372 0.49365 1.07362 0.976515 0.947657 1.04778
0.970094 0.737174 1.09932 0.96536 0.997942 1.02287
0.956978 0.883822 1.03492 0.975 0.958952 1.03261
0.948565 0.960777 1.02159 1.00453 0.920434 1.02012
0.944604 1.0151 1.03568 0.98464 0.919963 1.04236
0.968026 1.06229 1.05716 0.970471 0.949061 1.04569
0.993643 1.04942 1.05497 0.963387 0.96361 1.04735
1.02426 1.00211 1.0465 0.953731 1.00016 1.02938
1.02235 0.871302 1.06502 0.956303 0.978159 1.04901
end
gesture a06 hands 2
0.93412 0.504427 1.1806 0.953143 0.944267 1.07119
0.962988 0.500497 1.18716 0.96173 0.936771 1.06164
0.994649 0.530043 1.1505 0.955913 0.964406 1.05317
1.00336 0.554504 1.14147 0.970316 0.929275 1.05208
0.996465 0.741944 1.13905 0.967453 0.946856 1.05412
0.982643 0.915855 1.06194 0.958683 0.984544 1.03516
0.990779 0.951195 1.018 0.96459 0.964438 1.05616
1.00339 0.933326 0.998129 0.964324 0.989385 1.03979
1.00607 0.877872 1.00832 0.950333 0.969367 1.05719
0.974248 0.705971 1.09988 0.959171 0.95185 1.03455
end
gesture a06 hands 2
0.885489 0.465806 1.15264 0.966375 0.93501 1.06306
0.933686 0.503773 1.09148 0.963568 0.965015 1.03599
0.951501 0.552408 1.06931 0.971314 0.967395 1.01389
0.94733 0.727907 1.08779 0.962621 0.978471 1.02568
0.948758 0.845918 1.03404 0.960762 0.995021 1.00893
0.945778 0.922111 1.01873 0.961818 0.978475 1.02672
0.955332 0.975411 1.02533 0.953928 0.989548 1.03748
0.993321 1.00932 1.04693 0.958401 0.975739 1.041
1.03364 0.971415 1.05659 0.957267 0.958847 1.06536
1.04702 0.920098 1.07247 0.962874 0.96193 1.04451
0.997059 0.765637 1.09992 0.960606 0.928147 1.09323
end
gesture a06 hands 2
0.95893 0.399252 1.19628 0.972753 0.94443 1.07364
0.958319 0.404828 1.2256 0.981634 0.963418 1.05224
0.975666 0.411385 1.20214 0.957376 1.00144 1.01453
0.969985 0.409782 1.21563 0.958116 0.99136 1.04277
0.968486 0.423366 1.17508 0.963573 0.997666 1.01431
0.966396 0.415772 1.2021 0.951045 1.02067 1.0004
0.964896 0.429356 1.16155 0.961741 1.00518 0.97716
0.964601 0.418768 1.19534 0.969949 0.980621 0.99195
0.963101 0.432351 1.15479 0.947034 0.963338 0.999557
0.962204 0.433848 1.15141 0.946928 0.934278 0.992966
0.964305 0.408179 1.22913 0.965341 0.91131 0.998342
0.961306 0.435346 1.14803 0.943363 0.891721 0.99384
0.979148 0.511067 1.11448 0.946883 0.942913 1.02203
0.994208 0.617559 1.1215 0.951526 0.913716 1.02711
0.978888 0.769635 1.16445 0.973397 0.923037 1.0447
0.973434 0.841604 1.15748 0.978414 0.958597 1.09195
0.973702 0.901184 1.113 0.973986 0.987898 1.08857
0.973589 0.945047 1.04432 0.951906 0.969523 1.09691
0.96543 0.984901 1.00277 0.975714 0.964397 1.08002
0.973475 0.988911 0.975631 0.963992 0.965345 1.05278
0.976404 0.970838 0.954718 0.984698 0.947652 1.06455
0.980664 0.890953 0.96823 0.993382 0.975351 1.05727
end
gesture a06 hands 2
0.976591 0.494545 1.26651 0.974458 0.993958 1.05833
0.9588 0.474419 1.279 0.950905 0.981097 1.04565
0.939052 0.496465 1.27596 0.939227 0.994646 1.02161
0.959548 0.509593 1.22651 0.951848 0.982684 1.04574
0.973781 0.574854 1.18601 0.953618 0.913923 0.993116
0.971466 0.69555 1.18634 0.953716 0.886726 1.0053
0.972186 0.76256 1.20056 0.976303 0.899097 0.990058
0.969152 0.816247 1.18668 0.950153 0.885643 0.986085
0.968035 0.903584 1.09361 0.983691 0.947454 1.0365
0.96787 0.927441 1.03968 0.981858 0.965195 1.09281
0.965631 0.923078 1.01228 0.959074 0.984322 1.09402
0.971986 0.895924 1.00199 0.935272 0.990532 1.07742
0.978788 0.840975 1.01545 0.939591 0.961842 1.07023
0.976853 0.772769 1.06581 0.965193 0.97332 1.06047
end
gesture a06 hands 2
0.953679 0.520025 1.24903 0.989489 0.97035 0.995739
0.975425 0.542914 1.19883 0.98002 0.99846 0.994766
1.00953 0.611557 1.15815 0.953923 1.00413 1.00833
1.00666 0.725758 1.15767 0.941723 0.978477 1.0172
1.0122 0.769738 1.16717 0.957859 0.956144 1.00581
1.00379 0.839959 1.15719 0.960574 0.908397 0.975184
0.992084 0.907665 1.0924 0.9818 0.915517 0.994775
0.979916 0.941938 1.01887 0.957083 0.90991 1.01082
0.976755 0.926499 0.994711 0.960235 0.924945 1.03601
0.979079 0.899732 0.994385 0.970185 0.9513 1.04429
0.978006 0.836514 1.05095 0.977175 0.953166 1.10034
0.979704 0.854739 1.0225 0.967122 0.964952 1.12555
0.978631 0.791521 1.07907 0.965925 0.992672 1.11475
0.980017 0.832242 1.03656 0.952698 0.976346 1.13562
0.978943 0.769024 1.09313 0.94943 0.960836 1.11028
0.980173 0.820994 1.04359 0.976506 0.972093 1.10399
0.979099 0.757776 1.10016 0.953338 0.968329 1.08614
0.981403 0.872964 0.994059 0.981969 1.00378 1.05043
0.979256 0.746528 1.10719 0.969038 1.01748 1.02713
end
gesture a06 hands 2
0.960498 0.395035 1.22449 0.956529 0.969592 1.05935
0.998282 0.433452 1.16195 0.941923 0.983775 1.00462
1.01104 0.481924 1.1504 0.960071 0.97622 0.982103
1.00836 0.556004 1.15924 0.955057 0.970394 1.03135
0.971881 0.676784 1.19036 0.997314 0.942376 1.05321
0.968691 0.727926 1.1839 0.978696 0.954304 1.05281
0.968119 0.895757 1.05558 0.950042 0.964568 1.08061
0.978327 0.923957 1.00817 0.950668 0.969176 1.09567
0.990657 0.908385 0.987253 0.960078 0.966233 1.0524
0.99712 0.882719 0.984512 0.951293 0.973783 1.11073
0.990269 0.763645 1.04603 0.928435 0.978576 1.09194
end
gesture a06 hands 2
0.966558 0.329468 1.31543 0.946438 0.966494 1.08175
0.977264 0.339747 1.25799 0.94256 0.979669 1.02399
0.999095 0.395525 1.20341 0.95073 0.972399 0.996116
1.00778 0.478134 1.195 0.959063 0.955337 1.01893
0.988282 0.633227 1.22283 0.980475 0.901033 1.02725
0.985219 0.702403 1.20399 0.966453 0.928656 1.06841
0.973229 0.811395 1.12392 0.985203 0.916064 1.08178
0.965589 0.864613 1.06188 0.967192 0.945724 1.08424
0.961893 0.864701 1.03375 0.952432 0.95628 1.10957
0.964418 0.785497 1.04724 0.949182 0.975384 1.08671
end
gesture a06 hands 2
0.959965 0.454241 1.31966 0.948412 0.969923 1.06503
0.95883 0.443081 1.34735 0.951673 0.959909 1.06523
0.954816 0.43059 1.29007 0.949548 0.958594 1.03744
0.971693 0.444465 1.23504 0.951177 0.949168 1.03741
0.988161 0.471217 1.18549 0.954933 0.949894 1.06544
0.995715 0.510277 1.15327 0.952805 0.939741 1.03738
0.995648 0.564424 1.142 0.957403 0.953891 1.01149
0.963444 0.766971 1.18605 0.962307 0.965385 1.03846
0.955011 0.897111 1.10472 0.985486 0.978964 1.02525
0.968614 0.96391 1.02311 0.986308 1.00107 1.04507
0.996253 0.945385 0.980965 0.983768 1.00487 1.07449
1.00919 0.892997 0.981859 0.977839 0.984175 1.05407
end
gesture a06 hands 2
0.981677 0.451286 1.3109 0.945155 0.942921 1.07674
0.996689 0.454151 1.25584 0.960935 0.949397 1.04352
1.01832 0.494286 1.22001 0.949101 0.959836 1.02101
1.01116 0.680343 1.2025 0.976716 0.955873 1.01029
0.98789 0.812057 1.11489 0.967862 0.951157 1.03818
0.976209 0.82965 1.06492 0.944143 0.968942 1.04095
0.973338 0.805819 1.05026 0.950328 0.962053 1.06916
0.97247 0.778007 1.05988 0.93039 0.947603 1.08575
0.970674 0.711851 1.11167 0.926087 0.950611 1.14333
end
gesture a06 hands 2
0.959482 0.42726 1.29373 0.929689 0.952635 1.12019
0.981263 0.458779 1.21469 0.939277 0.949099 1.10417
1.00032 0.500173 1.18213 0.939611 0.960596 1.06431
1.0083 0.576173 1.17657 0.948865 0.945563 1.08816
0.997858 0.678543 1.18242 0.958453 0.942027 1.07214
0.981368 0.820257 1.11144 0.963247 0.940259 1.06414
0.980699 0.859074 1.07402 0.949534 0.968557 1.00842
0.979668 0.854011 1.04513 0.968041 0.938491 1.05613
0.979328 0.799841 1.03223 0.96454 0.942717 1.08541
end
gesture a06 hands 2
0.961049 0.416514 1.26442 0.917127 0.940491 1.12664
0.984347 0.410029 1.28148 0.923812 0.94361 1.06772
0.990399 0.434957 1.22913 0.949747 0.951662 1.05581
1.00429 0.479788 1.20038 0.949928 0.941999 1.06725
0.996027 0.639172 1.19204 0.953903 0.974521 1.03689
0.979666 0.759244 1.13524 0.95011 0.932337 1.07869
0.977879 0.794529 1.09051 0.939557 0.942553 1.10453
0.975953 0.739025 1.08706 0.930888 0.921718 1.12428
end
gesture a10 hands 2
0.861782 0.813698 1.09657 1.04103 0.832419 1.08272
0.939019 0.833487 1.13543 1.03599 0.836254 1.1118
1.02711 0.883276 1.18384 0.959315 0.84432 1.15489
1.07517 0.913717 1.17927 0.89589 0.877542 1.19906
1.09067 0.926954 1.15945 0.826869 0.926315 1.20774
1.09186 0.949895 1.11111 0.80685 0.95164 1.16504
0.997673 1.01417 0.998085 0.819363 0.972499 1.11814
1.0007 1.01535 0.941525 0.897968 1.02009 1.01872
1.02216 0.996794 0.950556 0.912083 1.01478 0.964638
1.02559 0.982444 0.974909 0.902293 0.986816 0.966759
0.984701 0.927237 1.09597 0.905721 0.972572 0.991826
0.962461 0.880217 1.12329 0.969335 0.923371 1.10773
0.926453 0.83442 1.11785 1.06045 0.854531 1.11885
end
gesture a10 hands 2
0.860493 0.791995 1.16799 1.11638 0.807901 1.12583
0.973271 0.800662 1.26033 1.10771 0.806149 1.18347
1.01927 0.823531 1.28738 1.06979 0.815215 1.22775
1.06463 0.854653 1.28853 1.02488 0.83335 1.25998
1.09718 0.887025 1.25898 0.976369 0.860395 1.27304
1.09692 0.900106 1.23522 0.933256 0.889324 1.25505
1.05477 0.925164 1.17919 0.914053 0.916184 1.20943
1.03357 0.944234 1.1393 0.95195 0.973988 1.07631
1.09665 0.913188 1.21146 0.946591 0.980676 1.04816
1.01236 0.963303 1.0994 0.924164 0.973556 1.02969
1.01288 0.961697 1.04539 0.903993 0.955244 1.03976
1.03619 0.920504 1.07737 0.899379 0.938002 1.06378
0.992163 0.881854 1.14132 0.940031 0.900014 1.12992
end
gesture a10 hands 2
0.937268 0.830473 1.2719 1.00254 0.844579 1.25725
0.958713 0.831764 1.25137 0.987107 0.841957 1.20151
0.97175 0.837112 1.19439 0.991907 0.850461 1.14389
0.968304 0.845235 1.13617 1.00883 0.84907 1.15344
0.931564 0.848994 1.09161 1.05028 0.852248 1.08028
0.927177 0.845226 1.12088 1.02576 0.84768 1.16298
0.951511 0.832811 1.17268 0.965333 0.864815 1.22143
1.01033 0.841076 1.23537 0.941257 0.875264 1.23265
1.0588 0.863492 1.2532 0.896734 0.901091 1.22455
1.1097 0.908629 1.21404 0.871869 0.929034 1.18651
1.10404 0.938966 1.16303 0.883098 0.956932 1.14031
0.970753 1.01294 1.00957 0.978019 1.02446 0.986889
0.960272 1.01684 0.984116 0.987689 1.02783 0.958903
0.966133 1.0013 0.959552 0.979272 1.01355 0.934585
0.988434 0.959005 0.987111 0.956479 0.975055 0.968256
0.980855 0.925856 1.066 0.966235 0.947689 1.05004
end
gesture a10 hands 2
0.936076 0.746938 1.2997 1.04476 0.734516 1.27014
0.907048 0.753256 1.29851 0.962213 0.749895 1.24575
1.01778 0.7675 1.31826 0.93016 0.781353 1.21192
1.05185 0.792153 1.28164 0.947152 0.86026 1.1376
1.05105 0.821623 1.23998 0.933216 0.833934 1.14875
0.98322 0.922138 1.10963 0.964145 0.939167 1.06329
0.992372 0.930035 1.08655 0.951429 0.974841 1.02472
1.01994 0.931665 1.07882 0.923584 0.97093 1.02001
1.046 0.925037 1.08863 0.902973 0.959639 1.03503
1.06133 0.900349 1.13479 0.894388 0.934589 1.08374
0.995987 0.841483 1.20678 0.952506 0.865943 1.15549
end
gesture a10 hands 2
0.969917 0.703114 1.27703 1.04486 0.667321 1.29613
1.01346 0.702373 1.31652 1.02613 0.690458 1.29662
1.09842 0.724377 1.31484 0.94059 0.703068 1.29013
1.14007 0.749309 1.28915 0.902474 0.729454 1.25734
1.14844 0.763126 1.26689 0.898618 0.759727 1.21736
1.09342 0.857814 1.15365 0.915369 0.855983 1.14844
1.05571 0.88095 1.12381 0.922968 0.810329 1.16776
0.983447 0.907597 1.12848 0.932119 0.952239 1.07952
0.977056 0.866223 1.16611 0.953428 0.884609 1.12403
end
gesture a10 hands 2
0.909507 0.864079 1.16177 1.03723 0.876598 1.12652
0.91517 0.834811 1.16174 1.03066 0.8522 1.14228
0.870787 0.857272 1.12983 1.05274 0.837889 1.12828
0.889852 0.859438 1.15226 0.977717 0.856723 1.16792
0.966267 0.874645 1.18238 0.91323 0.893247 1.15661
1.03187 0.911805 1.16571 0.911126 0.921886 1.11176
1.03621 0.938546 1.1242 0.942337 1.02444 0.996737
0.985257 1.01228 1.01713 0.941712 1.03309 0.968093
0.993192 1.03439 0.965221 0.93106 1.01924 0.943724
1.01441 1.01806 0.953471 0.924973 0.997943 0.961731
1.03276 0.982526 0.991381 0.981555 0.936634 1.04276
0.975893 0.921496 1.07165 1.0068 0.89533 1.09228
0.98215 0.874111 1.14457 0.918886 0.976645 0.979738
0.902571 0.840951 1.16388 1.03205 0.854026 1.1418
end
gesture a10 hands 2
0.96585 0.638138 1.33245 1.02653 0.667203 1.30684
1.01958 0.655109 1.26706 1.03523 0.670868 1.27859
1.05608 0.729165 1.20066 0.98813 0.67734 1.24656
1.04813 0.767482 1.17442 0.939882 0.749249 1.18206
0.954833 0.921825 1.08035 0.939727 0.807116 1.14231
0.947392 0.962398 1.04796 1.00495 0.978376 1.01991
0.973531 0.986048 1.0112 0.997465 1.0195 0.991108
0.999911 0.979882 0.999725 0.951354 1.04294 0.96977
1.01902 0.958344 1.00761 0.924714 1.0347 0.973464
1.0335 0.91847 1.03912 0.912721 1.01292 0.98672
1.02607 0.882188 1.07978 0.92176 0.931036 1.05809
end
gesture a10 hands 2
0.971144 0.601498 1.41896 1.05816 0.594877 1.38489
1.02665 0.593689 1.40101 0.977514 0.611836 1.35887
1.06862 0.607625 1.37095 0.929531 0.683033 1.30131
1.10613 0.674355 1.29926 0.962701 0.799866 1.20112
1.08593 0.733832 1.25072 0.945006 0.82293 1.17507
0.975178 0.895165 1.12609 0.995871 0.916699 1.10093
0.982388 0.951536 1.06565 0.960481 0.962827 1.04882
1.00493 0.941954 1.05003 0.934797 0.952477 1.04714
1.03412 0.893687 1.06229 0.9113 0.906829 1.07164
1.02529 0.835991 1.12229 0.931905 0.845921 1.12741
end
gesture a10 hands 2
0.967145 0.655721 1.37294 0.997239 0.64346 1.37182
1.06688 0.665985 1.31941 1.013 0.664559 1.3579
1.09908 0.691273 1.28441 0.940585 0.683071 1.32716
1.11284 0.725937 1.24674 0.92348 0.707154 1.30359
1.09436 0.781623 1.19873 0.949932 0.813743 1.20331
0.992908 0.93273 1.08508 0.906374 0.731237 1.28001
0.98566 0.952104 1.06413 0.959279 0.944416 1.07947
0.999271 0.960726 1.00995 0.955641 0.958264 1.05516
1.01096 0.934428 1.00663 0.94572 0.951297 1.02786
1.01517 0.912375 1.02397 0.948515 0.89859 1.04871
1.0033 0.830509 1.13604 0.973928 0.81155 1.16129
end
gesture a10 hands 2
0.868234 0.852146 1.18174 1.04259 0.86411 1.17658
0.957818 0.880601 1.15969 0.927001 0.879899 1.17693
1.00814 0.884685 1.16187 0.863429 0.913843 1.14155
1.0474 0.909056 1.13764 0.866057 0.936185 1.09458
1.04915 0.934176 1.09387 0.929775 0.997053 0.999269
0.974442 0.998598 1.00154 0.932425 1.00689 0.972976
0.984169 1.01764 0.950989 0.915832 1.00941 0.949408
1.01137 1.01149 0.94247 0.890067 0.997088 0.958204
1.02699 0.979283 0.988173 0.882829 0.982805 0.982272
1.00156 0.937818 1.06012 0.917276 0.934558 1.0776
end
gesture a10 hands 2
0.928768 0.841048 1.25544 1.00846 0.867369 1.21099
0.9177 0.848471 1.22866 1.00866 0.863243 1.24036
0.975463 0.843223 1.2256 0.950196 0.855787 1.23652
1.0281 0.858648 1.21205 0.896905 0.86706 1.21806
1.07608 0.896557 1.15819 0.858306 0.886698 1.18444
1.06322 0.920496 1.11203 0.852216 0.909636 1.13158
0.988019 0.979504 1.01767 0.919241 0.971725 1.02562
0.988136 0.989788 0.991092 0.924381 0.986249 0.971725
1.00884 0.985619 0.969937 0.890371 0.956447 1.00437
1.02511 0.954186 1.01273 0.900238 0.937145 1.05528
0.979944 0.909933 1.10767 0.940525 0.914096 1.12675
end
gesture a10 hands 2
0.945471 0.836502 1.3118 0.972552 0.862126 1.26798
0.936381 0.843451 1.28409 0.95029 0.848094 1.28211
0.964768 0.834528 1.2861 0.922442 0.848418 1.27411
1.01767 0.843042 1.26646 0.873715 0.869663 1.21276
1.05927 0.876946 1.20726 0.875149 0.893637 1.16275
1.0565 0.889643 1.18395 0.910351 0.93652 1.07499
0.964925 0.961254 1.07243 0.956197 0.965042 1.04052
0.958299 0.978649 1.01685 0.945554 0.979403 0.987238
0.97738 0.977566 0.993797 0.917884 0.973462 0.981562
1.00234 0.965602 1.00176 0.923224 0.937046 1.0682
1.01724 0.930891 1.04559 0.889452 0.937264 1.05331
0.979834 0.883139 1.14237 0.928563 0.90063 1.15484
end
gesture a10 hands 2
1.03254 0.867196 1.09698 0.901158 0.88454 1.12735
1.01798 0.863392 1.12281 0.905962 0.922055 1.04908
1.00912 0.879012 1.06679 0.988702 1.01256 0.972217
1.00037 0.956101 0.982241 1.0017 1.04643 0.929689
0.874511 1.06094 0.939214 0.979033 1.02832 0.935659
0.892604 1.07586 0.921331 0.961105 0.98962 0.977048
0.937057 1.04748 0.947837 0.925122 0.908196 1.09505
0.979545 0.998321 1.00577 0.924914 0.903039 1.12363
1.00875 0.916394 1.11964 0.9085 0.878256 1.12674
1.0114 0.869717 1.15559 0.892268 0.89823 1.11186
end
gesture a10 hands 2
1.01981 0.839065 1.16807 0.879329 0.861428 1.13115
1.01265 0.901304 1.07183 0.875321 0.88831 1.08152
0.938253 0.967348 1.01514 0.897814 0.913116 1.03439
0.954434 0.944312 1.04853 0.984571 0.996266 0.954593
0.908254 0.988266 0.970523 0.968763 0.962213 0.999473
0.970616 0.921276 1.08191 0.922669 0.922433 1.09819
end
gesture a10 hands 2
1.03515 0.818524 1.18762 0.841019 0.856912 1.25429
0.973546 0.894778 1.10224 0.840123 0.844002 1.16963
1.02824 0.878155 1.0913 0.860107 0.881424 1.09304
0.911942 0.971033 1.01685 0.962837 0.979506 0.997401
0.910052 0.948195 0.997576 0.964302 0.951042 1.00611
0.944819 0.918596 1.03245 0.952568 0.934148 1.02678
0.991783 0.87575 1.12729 0.894506 0.872714 1.14506
end
gesture a10 hands 2
0.845416 0.776143 1.21542 1.15427 0.730187 1.25854
0.862762 0.770046 1.23843 1.13373 0.739431 1.27802
0.947379 0.771851 1.2613 1.0525 0.739002 1.25298
1.0306 0.797721 1.2695 0.968012 0.762365 1.2459
1.07574 0.827427 1.25086 0.91903 0.788274 1.23133
1.06699 0.86412 1.18432 0.882616 0.82189 1.20306
1.00663 0.918025 1.10777 0.894308 0.871252 1.13748
0.994523 0.946753 1.06009 0.962425 0.923111 1.06651
1.01247 0.962633 1.04249 0.97826 0.953622 1.02167
1.07124 0.981672 1.07634 0.937573 0.987372 1.00334
1.03947 0.974902 1.04318 0.83769 1.03327 1.02542
1.13001 1.00071 1.11019 0.834632 1.04619 0.999033
1.14118 1.00471 1.08268 0.849993 1.05407 0.975044
1.11886 1.01672 1.03365 0.966648 1.08393 0.907241
1.04193 1.05287 0.964885 0.976937 1.09559 0.882485
1.03124 1.07583 0.913671 0.95474 1.10728 0.867139
1.08358 1.07352 0.937324 0.901447 1.10789 0.893322
1.11035 1.0553 0.981533 0.868625 1.09252 0.934482
1.10761 1.01894 1.02407 0.86085 1.05982 0.976213
1.05382 0.967296 1.06202 0.899058 1.00178 1.02681
end
gesture a10 hands 2
0.922836 0.759243 1.24127 1.03083 0.765308 1.18618
0.956182 0.76751 1.25415 1.05445 0.75774 1.20229
0.903003 0.767575 1.26159 1.05293 0.75575 1.23211
0.989527 0.775777 1.26703 1.02902 0.75143 1.24885
1.04807 0.813574 1.22083 0.94628 0.7741 1.23184
1.04836 0.84382 1.18051 0.905188 0.825989 1.18284
0.99246 0.916692 1.08713 0.956207 0.925375 1.06496
1.00699 0.949377 1.04934 0.936492 0.965055 1.0311
1.05711 1.00005 1.00547 0.88771 1.02339 0.998683
1.04167 1.02938 0.961392 0.912552 1.05289 0.958043
0.973397 1.07694 0.895179 1.00819 1.09645 0.90378
0.974142 1.09462 0.872764 1.01448 1.11002 0.879388
0.999711 1.10228 0.860779 0.96287 1.12813 0.866508
1.02752 1.09936 0.868958 0.908386 1.09732 0.918351
1.06216 1.08362 0.908067 0.903201 1.06344 0.96239
1.01825 0.972635 1.03869 0.941628 0.990782 1.04054
1.07944 1.0441 0.977977 0.948886 0.923264 1.09377
0.974344 0.861652 1.16932 0.985059 0.86534 1.14189
end
gesture a10 hands 2
0.858417 0.65997 1.36234 1.15337 0.636074 1.34104
0.879584 0.655663 1.38303 1.13715 0.629366 1.36503
0.936544 0.666011 1.39064 1.07923 0.634379 1.37056
0.981411 0.689216 1.36962 1.02825 0.656648 1.35907
1.00019 0.720697 1.32759 0.992527 0.692199 1.33143
0.949391 0.807916 1.20967 1.00395 0.808217 1.18761
0.989655 0.896846 1.11126 0.967071 0.903162 1.09733
0.915777 0.960526 1.0172 0.988863 0.928609 1.05622
0.936069 0.971222 1.00014 1.04625 0.955488 1.00312
0.964067 0.973581 1.00142 1.02026 0.965916 0.992686
1.04152 0.978744 1.03508 0.915523 0.994171 1.02702
1.07031 0.984596 1.03238 0.889926 1.00665 1.02022
1.04547 1.00382 0.987672 0.92836 1.02374 0.980898
0.953439 1.03771 0.931757 1.03223 1.0374 0.942664
0.954819 1.04829 0.903889 1.03895 1.04024 0.913641
1.00559 1.04109 0.930156 0.983034 1.03998 0.928602
1.03767 1.02818 0.972068 0.944535 1.03095 0.967191
1.05716 1.0059 1.02154 0.924384 1.00979 1.01217
1.05431 0.971699 1.06838 0.92914 0.975773 1.05413
end
gesture a10 hands 2
0.810277 0.611215 1.29357 1.16238 0.622503 1.25278
0.825487 0.625347 1.31476 1.07923 0.638933 1.27615
0.929199 0.662295 1.3393 0.992579 0.698932 1.262
0.986613 0.710453 1.3294 0.980512 0.729279 1.23769
1.00252 0.744774 1.29657 1.00215 0.777093 1.19247
0.93866 0.833077 1.19403 0.968445 0.759627 1.21338
0.934826 0.869191 1.15093 1.01172 0.855253 1.12294
0.940831 0.886292 1.12884 0.99905 0.915034 1.07404
0.982017 0.902657 1.09725 0.949026 0.933548 1.06468
1.00917 0.894069 1.09646 0.925272 0.923408 1.07745
1.01179 0.85012 1.13194 0.924609 0.885185 1.11772
end
gesture a10 hands 2
0.874811 0.668704 1.32251 1.0739 0.654695 1.29871
0.854743 0.672892 1.30071 1.11168 0.660603 1.25763
0.846561 0.67451 1.21324 1.0821 0.663465 1.25882
0.853367 0.675468 1.24204 1.09144 0.659035 1.23094
0.936117 0.695534 1.25228 1.11688 0.660885 1.21564
0.981119 0.729508 1.25315 1.13334 0.661579 1.159
1.01541 0.771483 1.2386 1.13563 0.668527 1.1878
1.02242 0.793691 1.22134 1.05545 0.684572 1.21241
0.995577 0.830867 1.1822 1.00887 0.718576 1.21369
1.0125 0.823383 1.19314 0.975477 0.762221 1.20178
0.985659 0.860559 1.15399 0.963525 0.816148 1.16262
1.02943 0.815899 1.20408 1.00482 0.888155 1.09654
0.97574 0.890251 1.12579 1.01021 0.926549 1.05875
0.963629 0.946766 1.0686 0.978761 0.985418 1.01552
0.98409 0.986771 1.03303 0.928302 1.00415 1.01366
1.03045 1.00625 1.01126 0.905082 0.994407 1.02766
1.06417 0.968853 1.03303 0.893919 0.973998 1.04504
1.04974 0.926872 1.06422 0.904388 0.932009 1.07535
end
gesture a10 hands 2
0.855587 0.686125 1.27585 1.1202 0.691199 1.20785
0.859079 0.670522 1.2506 1.10387 0.681953 1.1848
0.861286 0.673515 1.28026 1.12992 0.687839 1.1983
0.879996 0.679704 1.25813 1.11549 0.687035 1.17207
0.933644 0.701279 1.24846 1.07256 0.697865 1.20924
1.00795 0.742885 1.25093 1.0213 0.717725 1.22554
1.05892 0.801124 1.22834 0.97725 0.749034 1.22583
1.03054 0.861824 1.17171 0.942431 0.789702 1.21025
1.0658 0.841736 1.19593 0.930665 0.847985 1.16468
1.00217 0.922523 1.11508 0.971094 0.919316 1.09434
0.988436 0.959722 1.07391 0.975421 0.95853 1.05621
0.995002 0.994557 1.03547 0.939119 1.01417 1.01519
1.05438 1.03128 0.992475 0.884309 1.02778 1.01313
1.078 1.01359 0.992621 0.864801 1.01113 1.02658
1.08648 0.963573 1.01947 0.866129 0.963466 1.05995
1.03146 0.890309 1.08159 0.934842 0.888843 1.10429
end
gesture a10 hands 2
0.884437 0.709597 1.26866 1.06563 0.718812 1.20293
0.897957 0.719769 1.29268 1.08722 0.73188 1.18713
0.893682 0.723831 1.2636 1.08231 0.730033 1.21655
0.870928 0.725292 1.24417 1.08833 0.732161 1.18753
0.886133 0.720985 1.26904 1.06627 0.716615 1.19987
0.885832 0.722229 1.23937 1.02163 0.726868 1.16445
0.910212 0.726551 1.22319 0.971106 0.751436 1.1552
0.986039 0.754683 1.20531 0.89045 0.82384 1.15858
1.04723 0.803295 1.19693 0.847043 0.888501 1.13541
1.0888 0.854601 1.16339 0.848184 0.920077 1.10749
1.0918 0.889662 1.12974 0.894127 0.96231 1.05488
1.03255 0.968315 1.05293 0.91767 0.999214 1.01461
1.0007 0.989508 1.01729 0.849325 0.951654 1.07958
0.980114 0.985365 0.996844 0.941212 1.03612 0.97435
0.962748 0.961507 0.993218 0.963494 1.02742 0.957137
0.956271 0.940513 1.00853 0.979452 1.0047 0.954245
0.927618 0.853131 1.11925 1.01205 0.892272 1.06953
0.902381 0.781622 1.16432 1.04353 0.822483 1.10917
end
gesture a10 hands 2
0.877798 0.676934 1.25614 1.08503 0.69657 1.15142
0.889786 0.685441 1.23038 1.08656 0.689074 1.17984
0.918816 0.680122 1.23387 1.08149 0.693726 1.15072
1.02922 0.705607 1.2111 1.01847 0.671261 1.20421
1.09488 0.754812 1.20619 0.960107 0.680661 1.20242
1.12388 0.791588 1.188 0.893557 0.730106 1.20759
1.13093 0.832161 1.15799 0.843379 0.796164 1.18837
1.11497 0.872988 1.12738 0.834326 0.836376 1.16371
1.05489 0.940906 1.06948 0.84508 0.877568 1.13422
1.01711 0.927815 1.05524 0.898575 0.948325 1.07047
1.01303 0.955563 1.03534 0.932886 0.968835 1.03358
0.97934 0.914724 1.04099 0.953292 0.954004 1.02215
0.950869 0.843517 1.12382 0.981644 0.904645 1.03262
0.919082 0.780744 1.17473 1.01636 0.788614 1.15187
end
gesture a10 hands 2
0.855381 0.628389 1.26092 1.03624 0.61988 1.22749
0.880687 0.628215 1.2769 1.0439 0.622965 1.2559
0.966714 0.639851 1.28152 1.01558 0.625575 1.26458
1.01487 0.66848 1.28081 0.920126 0.680392 1.25698
1.05873 0.722975 1.25454 0.873122 0.740449 1.23759
1.05239 0.811625 1.18798 0.873681 0.825359 1.18195
0.999016 0.878699 1.12579 0.917364 0.888947 1.12001
0.967896 0.888781 1.08626 0.946122 0.905465 1.07494
0.951458 0.871132 1.06879 0.962657 0.895477 1.05392
0.944096 0.848659 1.08329 0.976345 0.869104 1.05633
0.915797 0.762298 1.19253 1.00965 0.775996 1.15628
end
gesture a10 hands 2
0.855494 0.761552 1.25588 1.09971 0.753075 1.2169
0.960973 0.804882 1.26881 1.08214 0.754715 1.24101
1.01956 0.852315 1.23729 1.00271 0.781832 1.25203
0.982848 0.902298 1.15321 0.944111 0.8299 1.22657
1.01602 0.893128 1.17166 0.940027 0.877409 1.1634
0.946133 0.952281 1.06912 0.992575 0.943229 1.0568
0.946418 0.964559 1.04265 0.988734 0.957231 1.03374
0.987626 0.986111 1.01514 0.94421 0.981316 1.01631
1.03628 0.984748 1.04082 0.895472 0.985657 1.04586
1.06364 0.96839 1.087 0.863595 0.974428 1.09135
1.04831 0.929176 1.12517 0.88107 0.936312 1.12757
1.00645 0.898756 1.15022 0.922583 0.90382 1.15341
end
gesture a10 hands 2
0.820924 0.727715 1.29117 1.11481 0.736402 1.24866
0.879658 0.732781 1.29579 1.10547 0.715015 1.26745
0.958259 0.766911 1.30105 1.0211 0.734121 1.27541
1.01811 0.814208 1.2741 0.972043 0.763618 1.27633
1.02358 0.847266 1.22994 0.933039 0.799736 1.25525
0.976614 0.901993 1.15271 0.944767 0.863902 1.17366
0.969798 0.930664 1.10577 0.927445 0.832389 1.21511
0.993856 0.960929 1.06936 0.956496 0.928068 1.09207
1.0215 0.96896 1.06163 0.923962 0.959538 1.0611
1.04824 0.961284 1.07286 0.895133 0.965678 1.06461
1.05364 0.9403 1.09321 0.874357 0.958391 1.0823
1.03278 0.900474 1.1276 0.881261 0.920748 1.12457
0.993776 0.868605 1.15665 0.938687 0.869548 1.16249
end
gesture a10 hands 2
0.833133 0.754146 1.28061 1.08714 0.755906 1.25756
0.885048 0.760291 1.28183 1.09119 0.736003 1.23588
0.855969 0.744048 1.26458 1.07657 0.726496 1.26001
0.936963 0.766437 1.28304 1.04762 0.73098 1.25986
0.994099 0.812351 1.25222 0.994026 0.751355 1.26969
0.993919 0.848716 1.20886 0.949613 0.78498 1.25623
0.979175 0.904753 1.13876 0.935244 0.837404 1.2028
0.945738 0.92886 1.11109 0.972661 0.908436 1.11163
0.964432 0.96079 1.06865 0.950338 0.939845 1.07377
1.01785 0.973993 1.05435 0.897944 0.955108 1.07192
1.04548 0.966961 1.05997 0.872695 0.948548 1.08589
1.05171 0.945941 1.07853 0.865638 0.927528 1.10496
1.03587 0.901083 1.11015 0.883772 0.88633 1.14175
0.9981 0.867852 1.13355 0.921423 0.852597 1.16779
end
gesture a10 hands 2
0.929228 0.823731 1.22043 0.993907 0.821212 1.21116
0.926406 0.815233 1.24888 0.938509 0.825678 1.19804
0.928199 0.820369 1.21954 0.90444 0.850371 1.16647
0.946241 0.80863 1.24031 0.901652 0.883695 1.127
0.974603 0.81009 1.23493 0.946728 0.968931 1.03693
1.02388 0.827923 1.21083 0.940685 0.988709 1.01608
1.03558 0.84275 1.1908 0.915086 0.990486 1.00269
1.03429 0.87764 1.14863 0.906844 0.971033 1.02057
0.979815 0.955968 1.06444 0.92908 0.937634 1.07808
0.982509 0.971027 1.04104 0.913842 0.944607 1.05826
1.00501 0.972161 1.02309 0.936078 0.911208 1.11578
1.02882 0.955523 1.0271 0.939576 0.897995 1.13463
1.03446 0.934744 1.04568 0.898603 0.951579 1.03845
0.983453 0.86235 1.16083 0.943075 0.884782 1.15348
end
gesture a10 hands 2
0.907388 0.73149 1.3022 0.99897 0.733745 1.30121
0.963952 0.730802 1.31129 0.975864 0.736878 1.31962
1.01145 0.753967 1.29187 0.899344 0.762095 1.29525
1.01464 0.791287 1.24761 0.896577 0.81529 1.23007
0.959936 0.871599 1.16318 0.930467 0.88136 1.15463
0.982459 0.888933 1.11502 0.922251 0.895785 1.13267
0.998367 0.869085 1.12823 0.896837 0.897737 1.11888
0.996013 0.849191 1.15021 0.886671 0.875694 1.13489
0.976611 0.823804 1.19559 0.918903 0.832443 1.20337
end
gesture a10 hands 2
0.925948 0.787584 1.26313 0.987867 0.800115 1.28558
0.981846 0.779851 1.2747 0.992954 0.797283 1.25639
1.03103 0.793499 1.25606 0.97439 0.786397 1.27718
1.03718 0.807265 1.23512 0.917652 0.785382 1.28531
1.00545 0.85024 1.19042 0.878232 0.807694 1.25734
1.04332 0.821031 1.21419 0.873401 0.841032 1.21344
0.979881 0.90698 1.12477 0.915775 0.905638 1.13706
0.974712 0.920026 1.09904 0.9161 0.921172 1.11244
0.991599 0.911482 1.07649 0.897176 0.906563 1.0949
1.00214 0.890046 1.0942 0.897114 0.882524 1.11206
0.997212 0.864928 1.14558 0.918536 0.85798 1.15867
end
gesture a13 hands 2
1.01051 1.17601 1.05921 0.987381 1.08734 1.0694
1.02346 1.17358 1.08602 0.983491 1.0944 1.098
0.999413 1.15904 1.09622 0.966756 1.09518 1.07351
0.959501 1.09061 1.0558 0.983274 1.08157 1.12875
0.942533 1.00589 1.04485 0.962285 1.06053 1.13077
0.942886 0.949636 1.03898 0.951207 1.00537 1.11178
0.958907 0.857 0.999128 0.960381 0.790429 1.03812
0.961591 0.83259 1.01578 0.956875 0.801147 1.01134
0.928557 0.761699 1.0525 0.982623 0.803317 1.02617
0.951273 0.911597 1.04097 0.964452 0.99162 0.949964
0.96051 0.980904 1.00417 0.950634 1.04655 0.95766
0.973989 1.06149 1.02944 0.955194 1.05753 1.01404
end
gesture a13 hands 2
1.15228 1.13693 1.07902 0.828912 1.07429 1.03379
1.14192 1.14821 1.0533 0.845569 1.0852 1.01151
1.14179 1.14012 1.02447 0.832066 1.08125 1.03791
1.11581 1.10011 0.990584 0.824362 1.06848 1.01196
1.07315 1.02278 0.993071 0.854967 0.958643 0.980535
1.05135 0.907632 1.00621 0.857069 0.842482 0.977581
1.04652 0.886306 0.985824 0.85706 0.786334 0.986425
1.06892 0.838494 0.972176 0.86187 0.780192 1.01463
1.08151 0.821337 0.952754 0.878648 0.757271 1.00958
1.08235 0.82723 0.923357 0.883072 0.737655 1.02985
1.05684 0.789029 0.956728 0.888369 0.73836 1.05775
1.03115 0.784331 0.966442 0.898869 0.715232 1.07056
1.01712 0.808025 0.974103 0.903734 0.739744 1.08579
1.01184 0.823734 0.99878 0.895682 0.789038 1.06971
1.01822 0.806286 1.02101 0.924544 0.837042 1.06478
0.990543 0.764768 1.04555 0.95536 0.864701 1.10585
0.843314 0.96544 1.0356 1.17333 0.998755 1.07811
end
gesture a13 hands 2
0.686222 1.07514 1.04885 1.17375 1.00186 1.07777
0.666245 1.06578 1.0287 1.17677 1.00879 1.04923
0.695504 1.05314 0.97882 1.16269 0.954441 1.03068
0.752685 0.992165 0.948403 1.13561 0.697604 1.06282
0.761537 0.793253 0.989774 1.13152 0.806359 1.03541
0.813809 0.747771 1.03871 1.11716 0.875178 1.00419
0.861516 0.716253 1.03788 1.05896 0.876994 1.00606
0.913264 0.806374 1.01611 0.958436 0.924972 1.01366
1.0626 0.938716 1.01758 0.856298 1.00251 1.0759
1.13209 1.05893 1.06647 0.800128 1.0202 1.06733
1.1465 1.08217 1.05486 0.764097 1.04181 1.02559
1.09495 1.09322 1.07687 0.745478 1.03362 1.07887
end
gesture a13 hands 2
0.980105 1.07031 1.08914 0.996403 1.09134 1.08434
1.04908 1.08563 1.03518 0.934096 1.10597 1.02837
1.0574 1.07314 1.00988 0.913994 1.09585 1.00916
1.06253 1.02125 0.983364 0.890281 1.05213 0.982127
1.04999 0.966594 0.963911 0.8958 0.971838 0.95206
1.01238 0.902879 0.922669 0.9186 0.865038 0.94617
0.977762 0.763089 0.926257 0.943945 0.755163 0.972446
0.967631 0.742398 0.943482 0.950574 0.744551 0.99786
0.966059 0.805097 0.977562 0.952553 0.819915 1.04112
0.960208 0.826101 1.00321 0.952889 0.961618 1.06441
0.9575 0.721706 0.960708 0.996552 1.06744 1.05046
0.954356 0.847104 1.02887 1.00392 1.09453 1.0604
0.955713 0.987187 1.05393 1.02156 1.11677 1.05116
0.975703 1.09606 1.09178 0.991387 1.12338 1.10177
end
gesture a13 hands 2
1.04443 1.75753 1.02645 0.999936 1.07532 0.987365
1.01955 1.77326 1.02174 0.983029 1.0596 1.00616
1.0026 1.77845 0.96537 0.924458 1.05563 1.01131
1.00384 1.67824 0.964086 0.947054 1.07227 1.02046
0.985504 1.45403 0.996822 0.911594 1.06784 0.975645
0.995292 1.51603 0.979812 0.920204 1.06442 0.92002
0.976956 1.29182 1.01255 0.944966 1.00482 0.976557
1.00508 1.57803 0.962801 1.00438 0.736737 1.13831
0.968408 1.12961 1.02827 0.958422 0.875761 1.1249
0.974444 1.07328 1.01748 0.955291 0.901798 1.11297
1.00688 1.00031 0.977797 0.965461 0.932879 1.07096
0.998381 0.971967 0.975168 0.959565 1.04987 1.06665
end
gesture a13 hands 2
1.01657 1.16142 0.957312 0.999139 1.04801 0.998494
1.02468 1.16817 0.985335 0.98053 1.04008 1.02029
1.04196 1.11807 1.01137 0.98311 1.0621 1.00035
1.01944 0.951822 1.06395 0.974669 1.0608 1.02871
1.01278 0.824854 1.13311 0.986384 1.04194 1.0091
0.968647 0.795499 1.11321 0.978628 1.05652 1.0339
0.912465 0.791746 1.10621 0.97999 1.05025 1.0046
0.90787 0.763102 1.10256 1.00672 0.999861 1.00514
0.886256 0.745371 1.09346 0.978861 1.00847 1.00108
0.90253 0.699761 1.0806 0.980996 1.02541 1.02541
0.901828 0.661127 1.09144 0.985802 1.00751 1.04854
0.918805 0.65415 1.06774 0.976509 0.980799 1.05774
0.915993 0.681345 1.07941 0.968802 0.86453 1.07105
0.915738 0.709926 1.07381 1.02336 0.795421 1.07706
0.936461 0.798597 1.05473 1.01055 0.774704 1.09422
0.925972 0.768552 1.06147 0.994902 0.766548 1.07024
0.946694 0.857224 1.04239 0.950656 0.932986 1.03589
0.931088 0.797865 1.0553 0.955153 0.958784 1.02146
0.951811 0.886537 1.03622 0.979154 0.9679 1.00657
0.933647 0.812522 1.05221 0.983976 1.02311 0.989661
0.95437 0.901193 1.03313 0.977906 1.05996 1.03459
0.934926 0.81985 1.05067 0.9788 1.00152 1.04082
0.955649 0.908522 1.03159 0.961823 1.04359 1.00386
0.956289 0.912186 1.03082 0.964822 1.07221 0.996504
0.915483 0.738507 1.06821 0.935777 1.06623 0.995365
0.956928 0.91585 1.03005 0.921563 1.06431 1.02155
0.998318 1.03537 0.999621 0.938098 1.05544 1.04461
0.998374 1.09319 0.991892 0.952929 1.04829 1.01996
end
gesture a13 hands 2
0.965397 1.14023 0.997522 0.959623 1.0658 1.05791
0.97715 1.13028 1.0232 0.982652 1.05435 1.04304
1.02577 1.10735 1.00052 0.961125 1.0386 1.02948
1.02876 1.09555 1.00925 0.936256 1.05413 1.0347
1.01826 0.984551 1.04423 0.952965 1.07507 1.02223
1.02501 1.03415 1.0311 0.92346 1.07901 1.02584
1.0145 0.92315 1.06608 0.931056 1.07606 0.997344
1.02313 1.00345 1.04203 0.94237 1.05421 0.980578
1.01262 0.892449 1.07701 0.927509 0.863165 1.04925
1.02219 0.988098 1.04749 0.934362 0.841554 1.06797
1.01168 0.877099 1.08247 0.937277 0.859383 1.09144
1.02172 0.980422 1.05022 0.945686 0.842479 1.11475
1.01121 0.869424 1.0852 0.987725 0.805343 1.10007
1.01098 0.865586 1.08657 1.00634 0.826225 1.10956
1.03176 1.08375 1.01798 1.02622 0.823746 1.13153
1.01074 0.861748 1.08793 1.03189 0.813477 1.10418
0.991149 0.840045 1.09268 1.04507 0.788544 1.09594
0.999252 0.754484 1.17238 1.0533 0.816353 1.08842
0.977567 0.740086 1.15961 1.03592 0.871132 1.08382
0.90275 0.762891 1.11833 1.01231 0.873356 1.10067
0.875285 0.723784 1.08914 0.994228 0.955559 1.0229
0.907749 0.800515 1.08187 0.96829 1.08202 0.9558
0.980624 1.02744 0.978334 0.945166 1.09865 1.00647
0.967704 1.11249 0.991968 0.956088 1.08537 1.03097
end
gesture a13 hands 2
1.02446 1.08518 1.0987 0.904854 1.09541 1.09157
1.01893 1.08954 1.06954 0.924548 1.09553 1.06896
0.999982 1.10672 1.05421 0.924997 1.10033 1.03957
0.973894 1.03288 1.01576 0.959839 1.00042 0.989212
0.960701 0.919623 0.994127 0.990611 0.88975 0.972925
0.950397 0.776549 0.993214 1.01565 0.821564 0.97922
0.931016 0.722421 0.984162 1.03765 0.723928 0.983661
0.909569 0.804416 0.971197 1.04069 0.753379 0.985516
0.91903 0.888745 0.979288 1.00348 0.913772 1.04221
0.99605 1.06003 1.05511 0.95999 1.08126 1.05758
end
gesture a13 hands 2
1.01445 1.11635 1.07624 0.945355 1.13228 1.07203
0.989296 1.0881 0.996735 0.947644 1.08503 0.998149
0.971591 1.0405 0.967958 0.976314 1.01498 0.955865
0.961652 0.984448 0.956243 0.995939 0.877975 0.977477
0.949328 0.871938 0.971292 0.995593 0.933034 0.955279
0.943018 0.828294 1.00901 1.00558 0.837002 0.977184
0.947132 0.771527 1.02205 0.987108 0.933837 0.998963
0.945163 0.713224 1.01327 1.01556 0.74097 0.999089
0.940394 0.76599 0.989535 0.978624 0.934639 1.04265
0.9504 0.853978 0.981428 0.919465 1.09948 1.05284
0.988703 1.10669 1.03982 0.922899 1.12785 1.04429
end
gesture a13 hands 2
0.997027 1.12563 1.08605 0.915994 1.13594 1.08052
0.999828 1.09127 1.00656 0.916171 1.09005 1.00558
0.981419 1.01381 0.970861 0.948879 1.02501 0.959311
0.967172 0.928449 0.971592 0.98002 0.890176 0.98524
0.958102 0.758441 1.00984 0.982192 0.917738 0.959192
0.944902 0.844289 1.02726 1.01116 0.755344 1.01117
0.952668 0.926451 1.05588 0.999494 0.86658 1.04603
0.992325 1.09665 1.07382 0.967449 0.971837 1.08059
0.992265 1.12556 1.0659 0.923533 1.1098 1.06657
end
gesture a13 hands 2
0.989681 0.974019 1.07829 0.909243 0.972523 1.07658
0.954792 0.977067 1.03296 0.91271 0.978757 1.04768
0.956972 0.932253 1.07187 0.945402 0.969253 1.09451
0.940297 0.883584 1.10221 0.954613 0.948661 1.11365
0.927038 0.881529 1.07575 0.961817 0.872026 1.07759
0.940074 0.924577 1.0383 0.949195 0.909519 1.03451
0.979094 0.962612 1.05936 0.917582 0.955302 1.0496
0.972594 0.960889 1.08838 0.912234 0.961561 1.0782
0.982603 0.967203 1.06103 0.912122 0.97157 1.05025
end
gesture a13 hands 2
1.06288 1.05592 1.18984 0.866417 1.04938 1.14648
1.03281 1.04724 1.10735 0.869487 1.0416 1.15885
0.994395 1.02421 1.07018 0.887865 1.03415 1.12002
0.957188 0.98446 1.04953 0.872558 1.03382 1.17123
0.9413 0.960397 1.05602 0.909313 1.01891 1.09356
0.935424 0.903453 1.04185 0.985138 0.949032 1.04085
0.887009 0.799701 1.01191 0.991886 0.863926 1.02846
0.8619 0.808717 1.02544 0.988229 0.81675 0.994842
0.859208 0.812267 0.996002 0.994423 0.83057 0.969106
0.906305 0.880837 0.977118 0.999498 0.886671 0.974318
0.952406 0.951106 0.996373 0.980866 0.937257 0.996244
0.988894 0.987179 1.02284 0.923788 0.989272 1.03694
end
gesture a13 hands 2
1.05521 1.08333 1.14324 0.894692 1.0801 1.10655
1.0412 1.08105 1.11705 0.927202 1.05981 1.06368
0.965855 1.00954 1.01515 0.967121 0.971204 0.996135
0.931122 0.938163 0.983654 1.0043 0.865411 0.964966
0.895063 0.83073 0.964463 1.03109 0.784737 0.945984
0.873277 0.783635 0.936 1.04149 0.759618 0.933797
0.861663 0.776921 0.909545 1.0571 0.767538 0.909548
0.869487 0.804616 0.901856 1.0539 0.82323 0.91789
0.881823 0.82824 0.915246 0.992021 0.914076 1.00923
1.00036 1.00464 1.06754 0.939808 0.999837 1.06785
1.03481 1.05242 1.07115 0.937213 1.0494 1.09996
end
gesture a13 hands 2
0.988362 1.0877 0.97888 0.930782 0.972094 1.0448
0.983644 1.07799 1.00667 0.958135 0.963154 1.05236
0.997017 1.08801 1.03151 0.931855 0.969774 1.04025
0.975188 0.933686 1.09505 0.968215 0.952627 1.0829
0.962382 0.963488 1.08873 1.01117 0.902529 1.13754
0.953358 0.779364 1.1586 0.972847 0.943687 1.12044
0.955491 0.873909 1.09244 0.941462 0.977283 1.08293
0.974124 0.914312 1.05536 0.930451 1.07204 1.01512
0.957623 0.968454 1.02628 0.957552 0.994681 1.03624
0.972956 1.01364 1.00281 0.976942 0.972325 1.03409
0.980623 1.03623 0.991078 0.991929 0.963942 1.00986
0.99489 1.04926 0.952112 0.961787 0.969013 0.962005
0.98829 1.05883 0.979343 0.924157 0.944553 1.00026
end
gesture a13 hands 2
0.976442 1.06533 1.01716 0.90279 0.932407 1.05369
0.98228 1.06291 1.04639 0.932611 0.931864 1.05406
0.984253 1.01027 1.02039 0.952258 0.916332 1.10629
0.974945 0.952145 1.02609 0.953301 0.922204 1.08242
0.989702 0.799024 1.10617 0.993511 0.749553 1.14243
0.992232 0.780207 1.08337 0.954343 0.928076 1.05855
1.02209 0.796259 1.00239 0.967738 0.975 1.0323
0.982011 0.808045 1.03713 0.974319 0.9541 1.05232
0.984786 0.892743 1.03711 0.947249 0.955219 1.04039
0.976944 1.00389 1.00713 0.916948 0.943669 1.08992
0.976391 1.0632 1.00725 0.890599 0.93418 1.07953
end
gesture a13 hands 2
0.956972 1.02162 1.02554 0.922928 0.994827 1.08547
0.967217 1.01478 1.05285 0.956227 0.972795 1.06089
0.964979 0.993462 1.07358 0.946771 0.993247 0.972791
0.956861 0.879053 1.06571 0.989527 0.950764 1.03631
0.95501 0.824808 1.08404 0.984581 0.927921 1.05462
0.94936 0.814873 1.05869 1.00086 0.873888 1.06922
0.969703 0.825686 1.03981 1.00506 0.794744 1.10986
0.984378 0.938986 1.02928 1.00976 0.821275 1.1203
0.988371 0.968287 1.03318 0.987242 0.919421 1.06166
0.987378 0.950858 1.05702 0.972818 0.971433 1.04968
0.994083 0.957516 1.08501 0.970588 0.92339 1.08057
0.997888 0.986535 1.08019 0.969935 0.933779 1.10861
0.998224 1.02357 1.03534 0.970418 0.963392 1.10647
0.981873 1.02854 1.01106 0.966289 0.988033 1.05526
0.959111 1.00916 1.01121 0.955879 0.984453 0.998563
end
gesture a13 hands 2
1.05924 1.18232 0.982027 0.82106 1.03899 1.09108
1.08732 1.17522 0.988619 0.814377 1.05222 1.06519
1.09129 1.15737 1.01221 0.772121 1.04985 1.02401
1.08779 1.10074 0.994464 0.765753 1.05442 0.995336
1.08789 1.07363 1.00631 0.791468 1.06199 0.982905
1.08197 1.04522 1.00181 0.821024 1.06104 0.983793
1.07311 0.974758 1.01356 0.891118 1.05898 1.0376
1.07458 0.995783 1.00543 0.925159 1.02009 1.06315
1.06572 0.925322 1.01718 0.930723 0.999731 1.04198
1.07605 1.01681 0.997306 0.95967 0.827662 1.06038
1.05833 0.875886 1.02081 0.953353 0.744784 1.08132
1.06229 0.790929 1.04219 0.933268 0.722826 1.08264
1.0635 0.708565 1.02408 0.890337 0.797435 1.00931
1.03226 0.629365 1.0347 0.929162 0.829618 1.00939
1.00929 0.619034 1.05021 0.969763 0.897266 0.980196
1.02325 0.674002 1.04014 0.925191 0.967374 0.956368
0.985824 0.708323 1.06335 0.919968 1.01966 0.942962
1.02119 0.804151 1.0932 0.944379 1.02892 0.946857
0.983884 0.876601 1.08124 1.02124 0.995206 1.02144
0.87542 0.963904 1.05231 1.07178 0.976303 1.04122
0.873781 0.99674 1.03044 1.1288 0.965314 1.04223
0.799841 0.991748 1.01996 1.20092 1.01209 1.05583
0.872142 1.02958 1.00856 1.11861 1.01512 1.04672
end
gesture a13 hands 2
0.922073 1.16524 1.02588 0.957154 1.1637 1.0559
0.942034 1.16364 1.08174 0.97563 1.17364 1.0347
0.957031 1.15206 1.02877 0.955686 1.17062 1.05652
0.953722 1.135 1.0046 0.969901 1.17527 1.08222
0.949052 1.06029 0.958314 0.973096 1.16417 1.0252
0.948411 0.915164 0.935066 0.992012 1.06374 0.969987
0.9291 0.715298 0.93094 0.987484 0.897886 0.942815
0.94796 0.692418 0.926666 0.996811 0.753528 0.935179
0.974779 0.694417 0.913574 0.992241 0.81874 0.96356
1.02609 0.708466 0.89196 1.00614 0.60917 0.927542
1.13701 0.798747 0.873261 0.996997 0.739595 0.984304
1.09181 0.799324 0.839041 0.983291 0.800896 1.04121
1.06594 0.855831 0.952451 0.971685 0.876437 1.08206
1.04515 0.912208 1.01366 0.96878 0.932936 1.09217
1.00158 1.06632 1.08682 0.969086 1.10329 1.06251
end
gesture a13 hands 2
0.987452 1.07602 1.08262 0.917094 1.0238 1.08592
0.995434 1.0743 1.11118 0.910726 1.01794 1.11447
1.01031 1.06956 1.08558 0.920708 1.02328 1.08683
1.00393 0.995868 1.04078 0.939342 1.00419 1.07334
1.01457 1.02644 1.04533 0.949973 0.946293 1.07047
0.997546 0.92218 0.995977 0.960335 0.899114 1.03868
0.976788 0.841697 0.968996 0.97133 0.8919 1.01234
0.961509 0.819336 0.971304 0.974154 0.810004 0.981669
0.973659 0.922405 1.02241 0.986931 0.858381 0.992247
0.959944 0.859689 0.998008 0.995566 0.833918 1.00657
0.972095 0.962758 1.04911 1.00352 0.877759 1.04519
0.946229 0.796974 0.973611 0.98417 0.961729 1.05735
0.97053 1.00311 1.07581 0.947374 1.00525 1.04437
end
gesture a13 hands 2
0.99234 1.14374 1.06892 0.927454 1.05121 1.10382
0.990026 1.0782 1.03785 0.9158 1.04617 1.13085
0.981523 0.968718 1.01475 0.950885 1.04419 1.08343
0.984617 0.990687 1.01077 0.963929 1.01378 1.03588
0.976586 0.943378 1.0091 0.978598 0.9083 0.989753
0.987712 1.01266 1.00679 0.976674 0.880845 0.980584
0.971649 0.918038 1.00345 0.958095 0.857599 0.983244
0.963617 0.870728 1.00177 0.953386 0.945437 0.978089
0.959601 0.847073 1.00094 0.918404 0.989495 0.98451
0.970705 0.793696 0.960577 0.94792 0.942321 0.999716
0.955585 0.823418 1.0001 0.976624 0.925393 1.04602
0.963368 0.823677 1.02824 0.985234 0.93756 1.07126
0.964086 0.889022 1.08485 0.988485 0.988678 1.10019
0.971524 0.974594 1.09891 0.969069 1.04379 1.10324
0.998919 1.11759 1.07862 0.944676 1.03975 1.12019
end
gesture a20 hands 2
0.978462 0.837615 1.1963 1.02367 1.05158 1.01688
0.999646 0.823712 1.18031 0.939757 1.02957 1.02241
0.990257 0.823907 1.15198 0.948829 1.04095 1.07946
0.979431 0.813833 1.15304 0.960538 1.01803 1.09451
0.942726 0.659867 1.13228 1.00707 0.851834 1.10868
0.955665 0.731813 1.14319 1.00968 0.82664 1.12215
0.91896 0.577846 1.12243 1.02825 0.785112 1.19309
0.943782 0.690803 1.13827 1.00991 0.790808 1.2146
0.907077 0.536836 1.11751 0.988109 0.808323 1.22421
0.937841 0.670298 1.1358 0.988222 0.856553 1.19487
0.901136 0.516331 1.11505 0.995878 0.871407 1.14052
0.968605 0.803759 1.1541 1.01048 0.961138 1.00056
0.895194 0.495826 1.11259 1.01386 0.993774 0.92233
0.881572 0.442065 1.12897 0.99557 1.00012 0.867134
0.882302 0.43431 1.10113 0.97273 1.00389 0.849299
0.941675 0.549808 1.06913 0.93533 0.981624 0.883887
0.96885 0.697879 1.09131 0.926989 0.957861 0.967031
0.954029 0.859667 0.98528 0.941304 0.971623 1.02156
0.966245 0.889602 0.941766 0.973316 1.01764 1.00439
0.994719 0.890691 0.933615 0.996038 1.03266 1.01681
1.00322 0.873729 1.04326 0.982486 1.03632 1.07469
end
gesture a20 hands 2
1.03019 0.745768 1.36717 0.937715 1.08063 1.14568
1.01595 0.7478 1.28355 0.920521 1.07573 1.08889
0.985508 0.753792 1.23315 0.944426 1.0585 1.08427
0.949399 0.740853 1.18958 0.978319 1.0155 1.10623
0.915228 0.663823 1.17447 1.01607 0.881279 1.13531
0.899041 0.551045 1.17227 1.024 0.796307 1.13666
0.929173 0.608582 1.14667 1.02085 0.76911 1.14556
0.936146 0.580962 1.13277 1.01235 0.765997 1.17416
0.882855 0.438267 1.17007 1.01781 0.838428 1.12677
0.943119 0.553342 1.11888 1.01672 0.937445 1.03141
0.978669 0.678613 1.14991 0.992409 0.987809 0.934638
0.983231 0.750289 1.15074 0.954755 0.999109 0.893861
0.973445 0.882497 1.05629 0.929296 0.995332 0.908468
0.978526 0.91301 1.00681 0.919524 0.991446 0.93656
0.984712 0.910192 0.979048 0.92284 1.01344 1.04829
0.993224 0.882444 0.985902 0.932821 1.08587 1.09466
0.994928 0.870763 1.01197 0.959766 1.09551 1.08662
end
gesture a20 hands 2
1.024 0.843099 1.25447 0.972247 1.06611 1.08589
1.03215 0.826706 1.23119 0.941339 1.03739 1.04361
1.00382 0.823132 1.18144 0.94994 1.02472 1.06911
0.950549 0.828429 1.15995 1.00119 0.807205 1.12708
0.891502 0.832451 1.15865 1.02844 0.76242 1.15189
0.884647 0.709869 1.13161 1.02302 0.820258 1.14215
0.919749 0.781136 1.15555 1.04868 0.869117 1.15811
0.877792 0.587288 1.10457 1.04306 0.896216 1.14941
0.856041 0.476306 1.10655 1.02016 1.01641 0.953871
0.856343 0.453353 1.12181 0.995936 1.02874 0.87128
0.937781 0.621353 1.09276 0.976967 1.02649 0.850326
0.96975 0.778328 1.11452 0.95089 1.01462 0.847494
0.968725 0.939846 1.00992 0.929519 0.996595 0.897404
0.986196 0.97671 0.973947 0.925762 1.00051 0.985549
1.00816 0.981302 0.956749 0.938992 1.02203 1.03905
1.03118 0.965811 0.961747 0.994118 1.06743 1.08886
1.03454 0.936468 1.0397 0.98261 1.07339 1.11579
end
gesture a20 hands 2
0.949611 0.836859 1.05946 1.08527 0.888567 0.981181
0.974546 0.844113 1.07392 1.12969 0.926479 0.969297
0.996046 0.858481 1.0588 1.18742 0.967069 0.918455
1.07709 0.831216 1.06674 1.26433 1.04199 0.876572
1.13282 0.714389 1.13194 1.27314 1.08171 0.841943
1.14985 0.705279 1.14984 1.25589 1.0898 0.821065
1.16492 0.720157 1.16553 1.20939 1.0918 0.797567
1.19048 0.782953 1.20001 1.13708 1.08003 0.828039
1.20823 0.832963 1.18743 1.0924 1.06912 0.901906
1.17361 0.878251 1.14383 1.05928 1.04328 1.02845
1.06771 0.9461 1.0785 1.02508 1.02641 1.06812
1.02653 0.95871 1.04824 0.988473 0.988073 1.08094
1.00637 0.943125 1.03327 0.964392 0.976488 1.06845
1.00634 0.92968 1.03736 0.922296 0.966358 1.03049
1.0413 0.852512 1.09431 0.904895 0.943645 0.98034
1.00631 0.916235 1.04145 0.91144 0.915568 0.974183
1.07623 0.7619 1.15536 0.931726 0.867841 1.00273
end
gesture a20 hands 2
1.00969 0.72011 1.17838 0.890546 0.855661 1.14325
1.01116 0.718806 1.14876 0.941458 0.879587 1.07431
1.0293 0.735088 1.13185 1.01306 0.925028 1.00506
1.05506 0.749574 1.12767 1.08296 0.920556 0.956869
1.1042 0.766732 1.15104 1.12081 0.929036 0.914436
1.13237 0.731299 1.21309 1.12626 0.944251 0.892359
1.12946 0.633858 1.2538 1.09343 0.971963 0.860198
1.14047 0.588788 1.28375 1.042 0.988682 0.864464
1.15889 0.594335 1.30498 1.00057 0.986823 0.902739
1.18188 0.637496 1.3233 0.98954 0.98649 0.978455
1.1911 0.68574 1.3173 1.0158 0.966292 1.0561
1.18729 0.723665 1.29205 1.00818 0.954904 1.08061
1.06976 0.837443 1.166 0.954874 0.937312 1.14282
1.04157 0.87636 1.10842 0.902589 0.922609 1.14336
end
gesture a20 hands 2
0.977362 0.958588 0.893301 0.765032 0.891617 1.05139
1.02108 0.86658 1.0623 0.797963 0.925001 0.978688
1.04285 0.721539 1.12807 0.872037 0.948273 0.942326
1.05638 0.702735 1.14507 0.89937 0.945114 0.936906
1.09457 0.711014 1.18419 0.940013 0.907231 0.924902
1.11758 0.756702 1.19745 0.976383 0.830029 0.937649
1.13217 0.807339 1.19207 0.99941 0.823407 0.920455
1.13368 0.830504 1.17805 1.01359 0.866296 0.885113
1.07541 0.890022 1.11775 1.00135 0.9167 0.864759
1.1053 0.871845 1.1409 0.969615 0.959463 0.884362
1.04703 0.931364 1.08059 0.964006 0.953662 0.995296
1.03284 0.952034 1.06201 1.00925 0.990591 0.997342
1.13518 0.853669 1.16404 1.0274 1.04358 1.00816
1.01865 0.972705 1.04343 1.00289 1.11805 0.97019
0.978161 0.971894 1.00717 0.990243 1.12045 0.913589
0.962205 0.947073 1.00367 0.90293 1.06821 1.00489
1.0115 0.913456 1.10242 0.90071 1.04995 1.02698
1.07195 0.823981 1.14316 0.933177 1.02025 1.06207
1.08647 0.814906 1.16769 0.978883 1.0047 1.09118
end
gesture a20 hands 2
1.01059 0.992291 1.14579 0.976271 1.04811 1.01635
1.0354 0.980018 1.15719 0.988199 1.05022 1.04361
1.03038 0.95373 1.1443 0.995644 1.02623 1.06001
1.03242 0.925983 1.1534 1.00647 0.940935 1.06726
1.00945 0.82305 1.10801 1.04763 0.806026 1.03457
0.997971 0.685241 1.0753 1.0686 0.812473 1.01418
0.991972 0.638788 1.10012 1.02006 0.788033 0.991976
0.982402 0.670032 1.14587 1.01542 0.903992 0.981242
0.975151 0.723604 1.16696 0.944461 1.01287 0.918324
0.986819 0.85358 1.17746 0.920475 1.02882 0.911716
0.977989 0.911466 1.1334 0.907365 1.04026 1.02633
0.998487 0.983557 1.18796 0.90973 1.01759 1.10854
0.980828 1.09933 1.09983 0.894504 1.03034 1.05259
0.9772 1.12467 1.05256 0.901575 1.02816 1.02387
0.978877 1.11397 1.02539 0.942277 0.994748 1.04278
0.997315 1.05717 1.08436 0.940938 1.00177 1.07189
end
gesture a20 hands 2
1.04137 0.776676 1.24106 0.912832 1.02208 1.09121
1.03251 0.764856 1.18526 0.924863 1.0343 1.06689
1.0255 0.71898 1.14952 0.981323 0.905486 1.07404
1.00861 0.612716 1.11535 0.974927 0.832747 1.02645
0.997459 0.500536 1.10344 0.991822 0.749726 1.03674
0.993461 0.448965 1.07869 0.970398 0.755106 1.05683
0.992133 0.439586 1.05045 0.975204 0.783512 1.05025
0.98485 0.479549 1.01274 1.04632 0.918528 0.970802
0.981562 0.56202 0.997571 1.05293 0.943389 0.957958
1.02484 0.640707 1.03819 1.03334 0.995613 0.940588
1.02988 0.750478 1.08214 0.990751 1.0356 0.942505
1.01697 0.810919 1.05549 0.961166 1.03963 0.940981
0.960217 0.929675 0.969789 0.929463 1.01449 1.11095
0.954717 0.962032 0.930236 0.917306 1.0371 1.12635
0.963675 0.967537 0.903818 0.902143 1.0185 1.10899
0.990917 0.895496 1.02176 0.903553 1.00913 1.0807
end
gesture a20 hands 2
1.05413 0.755272 1.26417 0.951947 1.03531 1.06937
1.03018 0.743898 1.18086 0.998912 0.961247 1.07588
1.01623 0.698543 1.14501 1.01761 0.864695 1.01424
1.00091 0.567196 1.10558 1.02769 0.781302 1.01021
0.973834 0.484815 1.08853 1.03978 0.780738 0.983024
0.985591 0.435849 1.06615 1.0231 0.804826 0.984586
1.01084 0.430477 1.05426 1.00708 0.887367 0.963401
1.0542 0.463682 1.05974 1.0363 1.01658 0.90208
1.08248 0.525213 1.0784 1.03508 1.0461 0.896905
1.0683 0.636681 1.08055 1.01189 1.06013 0.884786
1.07642 0.689468 1.11918 0.959064 1.0406 0.877059
1.05413 0.748148 1.08271 0.935276 1.06037 0.924894
0.992444 0.827055 1.00512 0.924796 1.04553 1.00991
0.970434 0.892991 0.926789 0.924891 1.05127 1.12531
0.983215 0.87234 0.943061 0.907156 1.03281 1.07334
0.998349 0.825304 1.04506 0.92463 1.03215 1.04912
end
gesture a20 hands 2
1.18034 0.777126 1.18645 1.0073 0.990984 1.02671
1.14649 0.765858 1.19282 1.03095 0.997936 1.01029
1.12853 0.755529 1.25441 1.02132 0.989748 1.03722
1.11264 0.754591 1.19919 0.997901 0.972203 1.03131
1.08316 0.729912 1.15527 0.974652 0.959396 1.04493
1.00794 0.621568 1.11655 0.920168 0.832117 1.1528
0.988639 0.616807 1.09764 0.910184 0.804219 1.15233
0.985322 0.71633 1.09086 0.91438 0.793708 1.12545
0.982332 0.659197 1.06783 0.935057 0.815985 1.07852
0.982005 0.815854 1.08408 0.955662 0.870682 1.02425
0.967137 0.90844 1.0359 0.963852 0.935615 0.971273
0.953025 0.940145 0.996357 0.963166 0.989786 0.950666
0.961305 0.913347 0.989597 0.94674 1.01034 0.964142
0.972062 0.889759 1.00401 0.925929 1.0107 1.01903
1.00052 0.846832 1.07306 0.923064 0.974524 1.15747
end
gesture a20 hands 2
1.11965 0.763646 1.31183 0.946527 1.003 1.04596
1.08024 0.761052 1.21541 0.964549 1.02071 0.992295
1.06935 0.798293 1.14832 0.990686 1.03472 0.99008
1.04083 0.758458 1.11899 0.980145 1.01945 1.01309
0.999151 0.65835 1.10535 0.991572 0.991815 1.06262
0.967402 0.613306 1.08905 0.981373 0.947259 1.09756
0.953081 0.624873 1.06594 0.96129 0.872311 1.13369
0.950237 0.650829 1.05574 0.942658 0.8193 1.13402
0.960586 0.741606 1.06367 0.940515 0.8173 1.10558
0.947394 0.676786 1.04554 0.9444 0.848389 1.05648
0.968091 0.858339 1.06141 0.954017 0.950242 0.957463
0.952358 0.947672 1.0104 0.967758 0.999388 0.9296
0.945348 0.96791 0.990684 0.971582 1.03228 0.977096
0.934231 0.957579 0.96552 0.949618 1.01284 1.12161
0.964923 0.896474 1.01643 0.952043 1.01039 1.0919
end
gesture a20 hands 2
1.06907 0.7821 1.12645 0.938198 1.02209 1.08177
1.06906 0.790496 1.0978 0.927305 1.03096 0.996942
1.05019 0.788032 1.0753 0.917888 1.00838 1.01406
1.01181 0.749949 1.05654 0.93083 0.978792 1.0601
0.959182 0.619547 1.06786 0.918571 0.887316 1.13183
0.930735 0.571748 1.06099 0.906182 0.833273 1.13006
0.922131 0.590344 1.04053 0.905244 0.811957 1.10918
0.930396 0.643208 1.0279 0.93182 0.83574 1.03474
0.945399 0.771958 1.06219 0.973097 0.902894 0.960034
0.945554 0.827555 1.05549 0.981511 0.947764 0.922705
0.923659 0.927229 0.968915 0.9635 0.969684 0.932237
0.918153 0.943029 0.917161 0.941879 0.974389 0.98688
0.947544 0.910221 0.954142 0.954495 0.991479 1.13114
0.985387 0.888187 1.02075 0.909278 1.00678 1.05707
end
gesture a20 hands 2
0.954625 0.86623 1.19138 0.904088 1.04533 1.1143
0.95299 0.863733 1.22119 0.914067 1.04642 1.08635
0.973228 0.863438 1.19917 0.919392 1.00931 1.13114
0.99065 0.871942 1.11326 0.919538 0.923705 1.1225
1.00203 0.851094 1.06004 0.937565 0.864437 1.06441
1.00213 0.838789 1.05223 0.979556 0.835004 0.930223
0.99959 0.717042 1.0235 0.996138 0.789393 0.956695
0.998367 0.650016 1.00523 0.992618 0.781147 0.984658
1.00222 0.826483 1.04443 0.983012 0.795071 1.0091
0.997145 0.58299 0.986955 0.988832 0.849913 1.02607
0.990452 0.55388 0.984369 0.996445 0.986503 0.992307
0.962135 0.521133 1.01968 0.989827 1.04498 0.994273
1.04941 0.664231 1.0495 0.977583 1.09589 1.01983
1.06374 0.771195 1.08217 0.974015 1.10652 1.04716
1.04502 0.851336 1.07116 0.973478 1.06576 1.1539
0.981247 0.93554 1.00742 0.951632 1.07058 1.20716
end
gesture a20 hands 2
0.837531 1.07026 0.867617 0.812049 1.11388 0.993376
0.897344 0.9962 1.00646 0.894184 1.09044 1.01029
0.923909 0.948689 1.02595 0.914466 1.07038 1.01851
0.937868 0.89658 1.00651 0.961964 1.00173 1.09927
0.928934 0.79158 0.966405 1.01104 0.902484 1.13526
0.894827 0.64237 0.95572 1.00954 0.873687 1.12782
0.901893 0.594134 0.930237 1.00323 0.767505 1.03336
0.920339 0.583546 0.909119 1.01654 0.742383 1.02771
0.943918 0.596758 0.896257 1.01016 0.674459 0.974832
0.974047 0.720142 0.925493 0.993319 0.726394 0.991023
0.980441 0.660418 0.89801 0.96297 0.952184 0.94478
1.00417 0.843526 0.95473 0.962066 1.00822 0.946453
1.0015 0.9092 0.922873 0.974663 1.04751 0.982794
0.985173 0.9355 0.897576 1.01924 1.08419 1.11166
0.984504 0.91804 1.03789 1.01202 1.07195 1.16475
0.976676 0.93992 0.955084 0.984146 1.0642 1.16016
0.976008 0.92246 1.0954 0.932824 1.0714 1.0915
0.968849 0.9618 0.872278 0.91555 1.08152 1.00777
0.967511 0.926879 1.15291 0.934107 1.07462 0.985753
end
gesture a20 hands 2
0.989617 0.695548 1.6988 0.830598 0.735393 1.7366
1.01296 0.711346 1.84395 0.853132 0.739046 1.75606
1.03239 0.689575 1.92675 0.863445 0.725332 1.78042
1.03953 0.623309 1.87918 0.886938 0.550354 1.70002
1.02362 0.691708 1.42715 0.943247 0.642228 1.28367
1.02102 0.758775 1.52387 0.95528 0.753457 1.3632
1.02137 0.815711 1.52885 1.01308 0.901549 1.3853
1.04969 0.889499 1.5368 1.03949 0.991176 1.42344
1.03912 1.03349 1.61247 1.037 1.03742 1.42553
1.01406 1.14016 1.56236 1.00189 1.07928 1.42213
1.00391 1.1771 1.52242 0.922218 1.08409 1.45055
1.00076 1.17862 1.49648 0.896996 1.05617 1.48655
0.996046 1.145 1.45426 0.868516 0.981667 1.56716
0.995986 1.11869 1.45764 0.847634 0.930909 1.58993
0.995791 0.953548 1.55708 0.832498 0.847356 1.60308
end
gesture a20 hands 2
0.934898 0.742595 1.17839 0.941399 1.05453 0.984999
0.945327 0.749367 1.20539 0.950162 1.04476 1.01393
0.949951 0.650916 1.1478 0.938765 1.0425 0.958024
0.935755 0.551391 1.11012 0.958925 1.03498 1.04287
0.917704 0.504832 1.07968 0.963187 1.01289 1.0623
0.892683 0.515109 1.08 0.985776 0.92705 1.06345
0.860308 0.543986 1.12006 0.999175 0.82613 1.0203
0.859527 0.539423 1.09048 1.0095 0.762267 1.04374
0.865776 0.553132 1.06551 0.990538 0.84345 1.04491
0.887155 0.597231 1.03728 1.00518 0.770927 1.05604
0.915461 0.644232 1.028 0.986219 0.85211 1.05722
0.946364 0.707968 1.04513 0.98406 0.85644 1.06337
0.95125 0.798283 1.07989 1.01982 0.698405 1.06717
0.960762 0.992577 1.01942 0.981901 0.86077 1.06952
0.985247 1.04945 0.967674 0.975455 1.01896 0.997631
1.01955 1.06347 0.925355 0.9754 1.06096 1.00967
1.04132 1.05249 0.908245 0.98694 1.09919 0.965883
1.05319 1.02564 0.910671 0.975346 1.10296 1.0217
1.05621 0.973276 0.935352 0.952636 1.11868 1.03333
end
gesture a20 hands 2
1.05417 0.717043 1.35171 0.908715 0.929545 1.34669
1.02499 0.668751 1.36122 0.918084 0.894529 1.42645
0.963948 0.45171 1.30745 0.939022 0.850416 1.45655
0.945287 0.429913 1.30206 0.927722 0.801509 1.48614
0.888023 0.428664 1.28881 0.904589 0.803201 1.50217
0.872066 0.45098 1.27823 0.92078 0.848712 1.46437
0.87345 0.485231 1.12757 0.891135 0.778801 1.49179
0.901906 0.65658 1.20899 0.925033 0.846927 1.3724
0.926409 0.899377 1.17282 0.93697 0.894224 1.42658
0.946361 0.940765 1.15495 0.95893 0.915054 1.25301
0.992301 0.958696 1.13152 0.932697 0.958802 1.22514
1.01763 0.94308 1.13387 0.961121 0.923758 1.26175
1.02883 0.876076 1.18641 0.912609 0.957245 1.32856
0.994746 0.773502 1.31542 0.916097 0.928828 1.33646
end
gesture a20 hands 2
0.982259 0.947216 1.16135 0.908914 1.0295 1.06499
0.99382 0.941779 1.18838 0.924801 1.02582 1.0901
1.00979 0.931684 1.16548 0.95208 1.0271 1.07831
1.00613 0.891464 1.14717 0.970257 1.01404 1.09816
0.973054 0.717241 1.09263 0.984553 0.991047 1.08532
0.987763 0.784242 1.11075 1.03835 0.861797 1.12445
0.954688 0.610019 1.05621 1.05179 0.782357 1.08988
0.97858 0.730631 1.09253 1.0884 0.76292 1.05033
0.945505 0.556409 1.03799 1.10308 0.737104 1.05347
0.973989 0.703826 1.08343 1.08138 0.750113 1.0664
0.940914 0.529603 1.02889 1.00506 0.790484 1.06508
1.00247 0.851243 1.12886 0.967448 0.859332 1.04043
0.936322 0.502798 1.01978 0.976596 0.942992 1.04669
0.904692 0.422504 1.01697 1.00572 0.91699 1.00626
0.883687 0.425165 0.996971 1.03524 0.95821 0.936416
0.885667 0.468635 0.962258 1.03738 1.01692 0.872962
0.92627 0.55806 0.966584 0.995965 1.05424 0.85717
0.945694 0.698053 0.999611 0.966964 1.0589 0.90713
0.946948 0.75069 0.989924 0.971841 1.0435 0.963256
0.934622 0.885614 0.924069 0.943558 1.0345 1.0772
end
gesture a20 hands 2
1.08703 0.788541 1.13846 0.877991 0.985908 0.867462
1.10699 0.788492 1.16077 0.922909 0.942167 0.964593
1.08815 0.771393 1.17608 0.923236 0.924236 0.988171
1.0033 0.761162 1.15582 0.903416 0.910624 1.00538
0.966797 0.502666 1.03542 0.919202 0.884738 1.11804
0.95236 0.495915 1.01016 0.949196 0.747778 1.2209
0.951042 0.550249 0.993558 0.981726 0.698771 1.21713
0.919512 0.509336 0.966082 1.00777 0.696827 1.23171
0.888448 0.529578 0.924191 1.03275 0.681832 1.22673
0.887914 0.555888 0.911339 0.981375 0.698895 1.24587
0.924057 0.631115 0.886992 0.95352 0.765901 1.19506
0.962402 0.70339 0.893106 0.945881 0.840199 1.1582
0.983062 0.7949 0.94819 0.978544 0.905072 1.07309
0.975741 0.909948 1.0083 0.998126 1.01094 0.990522
0.969443 0.984202 0.991122 1.0169 1.09487 0.926419
0.960414 1.02734 0.961967 1.01771 1.11682 0.907951
0.948684 1.05494 0.918723 0.998749 1.1236 0.885834
0.93839 1.04022 0.895027 0.928183 1.0667 0.991791
end
gesture a20 hands 2
0.93462 0.836778 0.909669 0.742348 0.910343 1.33168
0.961092 0.825238 1.02044 0.789302 0.896718 1.29906
0.994264 0.809761 1.06571 0.88352 0.886494 1.18847
1.01545 0.792069 1.07576 0.929756 0.865627 1.16008
1.02949 0.766699 1.06909 0.947959 0.818078 1.18645
1.0175 0.702295 1.00964 0.934575 0.678928 1.21899
0.999411 0.595403 0.969119 0.95547 0.65803 1.21896
0.973975 0.426361 0.95872 0.930039 0.658058 1.23448
0.932767 0.399152 0.987105 0.904676 0.710166 1.24576
0.896177 0.433628 1.01156 0.915452 0.686059 1.23207
0.87978 0.489381 1.00608 0.894507 0.740966 1.23232
0.899803 0.616812 0.972837 0.883474 0.795892 1.21247
0.922596 0.693795 0.992775 0.944211 0.879519 1.11389
0.940895 0.786654 1.04493 0.998902 1.00001 1.01768
0.935203 0.857944 1.0789 1.02662 1.09206 0.919479
0.93581 0.900479 1.08257 1.02728 1.12229 0.870917
0.938431 1.00107 1.02348 1.00551 1.10442 0.86294
0.940934 1.02365 0.975098 0.969363 1.06998 0.889752
0.942229 1.00669 0.952206 0.931868 1.02494 0.985971
end
gesture a20 hands 2
0.947193 0.825233 0.925711 0.892784 0.975977 1.18668
0.967248 0.780163 0.952562 0.888782 0.985265 1.12814
0.954066 0.808854 1.01184 0.915529 0.957595 1.0856
0.987303 0.735094 0.979413 0.960242 0.88385 1.0987
0.982497 0.601119 0.947163 0.974653 0.834056 1.12364
0.962342 0.462834 0.942599 0.957681 0.795161 1.16311
0.951519 0.436932 0.948884 0.934097 0.788819 1.18013
0.930702 0.435827 0.970428 0.942219 0.760463 1.17567
0.905807 0.50573 1.01507 0.943873 0.752956 1.14701
0.876883 0.556167 1.0168 0.917526 0.766245 1.15151
0.888622 0.633521 0.986808 0.92547 0.793426 1.20161
0.926697 0.707063 0.981178 0.972829 0.821092 1.2202
0.954954 0.825376 1.0236 1.02911 0.879937 1.20558
0.950449 0.91791 1.03858 1.01435 0.944966 1.07925
0.946697 0.969711 1.06269 1.0329 1.03498 0.915299
0.945944 1.01044 1.05356 1.0162 1.07311 0.840874
0.94139 1.05469 1.02054 0.996674 1.07661 0.819285
0.951685 1.04414 1.00055 0.97275 1.05994 0.813708
0.943738 1.07095 0.950433 0.947219 1.03712 0.86157
0.96198 1.03359 0.980562 0.926552 1.02558 1.09107
0.98082 1.02853 1.06448 0.904102 1.00839 1.09941
1.00427 1.00472 1.10967 0.904541 1.00758 1.07076
end
gesture a20 hands 2
1.00405 0.692827 1.26856 0.990891 1.02754 0.906685
0.997952 0.702996 1.2558 1.01186 1.03193 0.926894
1.00908 0.697364 1.29756 1.00401 1.02627 0.955168
0.991855 0.713165 1.24303 0.960261 1.00829 0.986206
1.02396 0.630315 1.16564 0.941287 0.990384 1.0381
1.03035 0.524088 1.13052 0.941445 0.910106 1.15203
1.02004 0.414309 1.11896 0.932852 0.883323 1.15916
1.01318 0.391095 1.1059 0.962335 0.857198 1.11743
1.01701 0.455009 1.08528 0.982438 0.810718 1.09152
1.01167 0.411445 1.08906 1.00658 0.811972 1.07382
1.0155 0.47536 1.06844 1.04272 0.850207 1.09461
1.01091 0.42162 1.08063 1.01628 0.857634 1.10503
1.01474 0.485535 1.06001 0.999751 0.877148 1.09023
1.00632 0.367881 1.09283 0.963988 1.0192 0.954075
1.01398 0.49571 1.05159 0.949336 1.01648 1.041
1.00243 0.659498 1.05109 0.936403 1.04203 1.03247
0.98982 0.800943 1.02815 0.93078 1.05638 1.00711
0.986896 0.876166 0.994797 0.920923 1.06541 0.980629
0.969239 0.854658 0.984748 0.914824 1.05161 0.954928
0.964795 0.838669 1.00791 0.921268 1.03841 1.01203
end
gesture a20 hands 2
1.06313 0.640359 1.2326 0.94056 1.15901 1.06949
1.08486 0.606705 1.19154 0.943619 1.14888 1.12683
1.09242 0.531903 1.14646 0.973708 1.13831 1.07915
1.0935 0.454172 1.11799 0.964518 1.08044 1.0738
1.08095 0.369786 1.10837 0.959518 1.02559 1.09534
1.03341 0.433309 1.10415 0.926283 0.948105 1.09767
1.00312 0.507172 1.10954 0.944104 0.867777 1.10533
0.931295 0.547891 1.11456 0.924456 0.837855 1.06001
0.937049 0.658579 1.11708 0.945545 0.784326 1.06745
0.94121 0.749777 1.09181 0.991599 0.718188 1.10176
0.946407 0.813388 1.0644 0.973227 0.911665 0.996808
0.958083 0.842955 1.02014 0.949356 1.08165 1.02174
end
gesture a20 hands 2
1.13204 1.12851 0.853706 0.76668 0.758292 0.973982
1.14152 1.10247 0.936865 0.795333 0.761246 0.965841
1.15946 1.07028 0.981214 0.825062 0.737088 1.01037
1.16884 1.04309 0.989235 0.823657 0.693874 1.05049
1.17463 0.905223 0.971883 0.791586 0.622203 1.0723
1.18069 0.796014 1.00873 0.753438 0.619058 1.1106
1.14939 0.830247 1.04262 0.734441 0.650864 1.1535
1.14855 0.858429 1.04011 0.680399 0.63459 1.16532
1.0057 0.935721 1.03055 0.670025 0.66015 1.16602
0.843173 0.988726 1.04528 0.785829 0.76085 1.12848
0.762328 1.04506 1.10729 0.900258 0.946643 1.08519
0.760676 1.05519 1.13527 0.95915 0.995849 1.06935
0.787132 1.05716 1.12447 0.941984 0.972067 1.06793
end
