gesture g3 hands 1
0.55837 0.6341 0.274785 0.566547 0.286613 1
0.510049 0.673368 0.377292 0.716236 0.427914 0.674321
0.508392 0.654437 0.38867 0.78263 0.517122 0.559889
0.500238 0.68181 0.415208 0.899439 0.745236 0.32711
0.534009 0.640213 0.380392 0.987908 0.942915 0.164713
0.521804 0.647259 0.411291 0.997087 0.999792 0.135314
0.494983 0.548128 0.47101 0.453711 0.854531 0.00684778
0.489542 0.552527 0.477653 0.000492456 0.834718 0.122845
0.516541 0.525029 0.421919 0.44401 0.173192 0.601927
0.551974 0.613505 0.271515 0.548311 0.0344355 0.81856
0.554713 0.638966 0.266915 0.565339 0 0.857055
end
gesture g3 hands 1
0.487876 0.49913 0.496834 0.459396 0.0244817 0.999972
0.494911 0.502758 0.480957 0.82323 0.438657 0.499197
0.485931 0.540948 0.471093 0.905125 0.609142 0.414547
0.478087 0.547618 0.488189 0.987318 0.925576 0.365088
0.479396 0.523475 0.489575 0.998355 0.996177 0.357191
0.487072 0.573484 0.449397 0.865909 0.97402 0.263342
0.483525 0.574174 0.456823 0.468192 0.985143 0.0251039
0.474936 0.539011 0.50124 0 0.773312 0.122416
0.483409 0.510342 0.498996 0.0456331 0.677566 0.196593
0.489152 0.503241 0.460758 0.486549 0.0182423 0.922333
0.490474 0.512766 0.462974 0.499349 0 0.955057
end
gesture g3 hands 1
0.471026 0.526773 0.47244 0.511285 0.33007 0.7991
0.477094 0.4933 0.463539 0.681585 0.477952 0.598235
0.468204 0.591337 0.46073 0.949571 0.869101 0.240533
0.474052 0.535649 0.463404 0.971659 0.845453 0.210141
0.472845 0.628663 0.466179 0.74699 1 0.0999777
0.488001 0.581754 0.495184 0.0556477 0.89909 0.0402748
0.492172 0.6239 0.464656 0.141395 0.593472 0.283211
0.496252 0.565848 0.46513 0.192708 0.65304 0.350426
0.492186 0.620713 0.465062 0.36141 0.358432 0.692356
0.490787 0.592968 0.472779 0.435338 0 1
0.497291 0.584718 0.452167 0.441544 0.0467024 0.99692
end
gesture g3 hands 1
0.436203 0.523553 0.439794 0.383833 0.133214 0.832767
0.436135 0.459059 0.462243 0.407955 0.0697472 0.885821
0.427857 0.502437 0.464254 0.782841 0.707919 0.38847
0.433561 0.471779 0.463852 0.984484 0.960219 0.122812
0.439298 0.518212 0.446814 0.678738 0.97524 0.0599265
0.429335 0.484109 0.502497 0.174658 0.817755 0.00614237
0.435325 0.512078 0.46557 0.0238898 0.747982 0.100583
0.425173 0.498866 0.49822 0.137388 0.531582 0.319734
0.436982 0.482688 0.460452 0.277716 0.146581 0.721035
0.432885 0.518449 0.465387 0.360866 0.02768 0.99781
0.436668 0.485266 0.467033 0.358381 0 0.999232
end
gesture g3 hands 1
0.505683 0.56687 0.358909 0.570177 0 0.997369
0.502377 0.591259 0.356246 0.754411 0.245835 0.657511
0.504168 0.533702 0.385348 0.85849 0.487342 0.438588
0.499143 0.620996 0.37322 0.992498 0.942516 0.172047
0.49564 0.62662 0.39353 0.834142 1 0.107971
0.502257 0.538453 0.406397 0.353115 0.991583 0.00154013
0.503292 0.577139 0.397958 0.00654766 0.67446 0.121575
0.500623 0.538374 0.397637 0.182882 0.503583 0.352917
0.49273 0.611241 0.38214 0.420535 0.0947982 0.755952
0.491235 0.560412 0.380246 0.520673 0.0818338 0.98755
0.497234 0.575733 0.353134 0.52912 0.108341 1
end
gesture g3 hands 1
0.520597 0.587287 0.41044 0.606114 0 1
0.517275 0.598485 0.414851 0.876324 0.60383 0.49994
0.509586 0.672471 0.39657 0.963405 0.742484 0.295353
0.514964 0.724422 0.388479 0.920569 0.960398 0.164589
0.512112 0.725959 0.393072 0.817163 0.986674 0.116135
0.519757 0.663088 0.402775 0.166397 0.923173 0.0418542
0.509877 0.694459 0.399064 0.0102433 0.874237 0.126172
0.512674 0.650384 0.403597 0.00379364 0.901434 0.131678
0.512335 0.681199 0.396753 0.141724 0.718583 0.314364
0.507474 0.663 0.390608 0.219479 0.806106 0.413221
0.500391 0.633687 0.412874 0.598421 0.0513123 0.963378
end
gesture g3 hands 1
0.489494 0.5112 0.38373 0.656386 0.0582406 0.946399
0.495014 0.541147 0.379673 0.71494 0.161199 0.840927
0.486648 0.506627 0.397529 0.925292 0.636201 0.365668
0.501307 0.537884 0.37699 1 0.733207 0.238667
0.489481 0.596994 0.383825 0.860411 0.893409 0.13294
0.480715 0.541058 0.408197 0.528761 0.994551 0.00830485
0.477898 0.591834 0.409347 0.28775 0.937373 0.00290352
0.481172 0.528016 0.411359 0.0159872 0.618241 0.173761
0.482618 0.557495 0.400531 0.102067 0.536861 0.273548
0.481143 0.508276 0.378747 0.571488 0.0449807 0.972782
0.484131 0.528963 0.376926 0.584644 0 1
end
gesture g3 hands 1
0.500844 0.65586 0.385161 0.595369 0 1
0.507945 0.67737 0.36845 0.828965 0.408534 0.599727
0.505387 0.644805 0.386783 0.867723 0.543843 0.508404
0.508415 0.623285 0.379393 0.894341 0.618449 0.426747
0.506484 0.677078 0.373095 0.990662 0.846297 0.236493
0.499659 0.649686 0.391616 0.364318 0.987293 0.00302433
0.492807 0.690214 0.407298 0.00549014 0.897719 0.111404
0.485874 0.652206 0.4285 0.0276448 0.77864 0.138124
0.486589 0.678246 0.398163 0.278372 0.709579 0.476384
0.50153 0.648936 0.38061 0.421662 0.525091 0.714246
0.502402 0.661619 0.375371 0.529399 0.130366 0.948807
0.0 0.0 0.0 0.557547 0.14603 0.964518
end
gesture g3 hands 1
0.545802 0.432436 0.451889 0.563775 0.0650088 0.89494
0.537416 0.427368 0.450923 0.75493 0.167363 0.716179
0.544007 0.501221 0.452388 0.99245 0.833508 0.242644
0.536894 0.476971 0.456682 0.958954 0.925419 0.263317
0.527059 0.59896 0.475557 0.564248 0.764413 0.0333222
0.518386 0.510461 0.509245 0.0715767 0.957239 0.0948079
0.526008 0.485228 0.484545 0.00183846 1 0.176166
0.53566 0.542082 0.472062 0.187034 0.589053 0.353996
0.498333 0.462696 0.583213 0.507948 0.230456 0.792843
0.52157 0.491515 0.482381 0.556458 0.172572 0.97743
0.546244 0.426862 0.453686 0.563396 0.153167 1
end
gesture g3 hands 1
0.553463 0.419335 0.463991 0.63679 0.0220843 1
0.537986 0.4073 0.503828 0.673416 0.079661 0.768352
0.535257 0.490671 0.500802 0.719614 0.167856 0.665113
0.538094 0.43533 0.508385 0.840002 0.479917 0.401175
0.549933 0.497036 0.452315 0.997478 0.823367 0.165148
0.554234 0.490445 0.450393 0.694021 1 0.0506586
0.523533 0.391053 0.515184 0.402332 0.970186 0
0.505604 0.418539 0.549182 0.0152645 0.89395 0.159203
0.51617 0.544797 0.510129 0.332605 0.377678 0.536953
0.524744 0.644047 0.416929 0.510251 0.0585733 0.860057
0.533337 0.596922 0.418388 0.526264 0.0369328 0.894945
end
gesture g3 hands 1
0.512332 0.476173 0.39155 0.592317 0.0691466 0.970525
0.509098 0.438896 0.444677 0.667102 0.168641 0.745579
0.510905 0.447981 0.432708 0.838814 0.502694 0.445759
0.505053 0.496751 0.442736 0.991479 0.957705 0.25532
0.502792 0.435219 0.484325 1 1 0.243423
0.52174 0.503904 0.414412 0.876287 0.924329 0.16312
0.519653 0.518317 0.436194 0.276065 0.677139 0.0129044
0.474642 0.418275 0.572786 0.0145799 0.775667 0.0757735
0.473343 0.412939 0.588171 0.0345989 0.682186 0.144393
0.492716 0.483463 0.470774 0.576914 0.0858672 0.911862
0.523226 0.467016 0.438207 0.599789 0.030723 1
end
gesture g3 hands 1
0.551751 0.391316 0.644918 0.623443 0.025217 0.962663
0.55206 0.389248 0.65255 0.655196 0.0844902 0.867262
0.549646 0.391707 0.651353 0.951132 0.702887 0.350502
0.526824 0.410814 0.681158 1 0.855001 0.271412
0.547893 0.453209 0.656666 0.833159 0.848996 0.0757969
0.551835 0.459576 0.662402 0.520281 0.853902 0
0.549209 0.437696 0.709242 0.0437807 0.981559 0.407019
0.539353 0.385079 0.714954 0 0.993764 0.502794
0.531273 0.351551 0.706773 0.0439999 0.875964 0.591685
0.524524 0.382844 0.645766 0.351993 0.349326 0.758119
0.532138 0.406958 0.650106 0.611861 0.0204262 0.994962
end
gesture g3 hands 1
0.532367 0.504651 0.478153 0.551965 0.0457685 0.946695
0.516736 0.556136 0.467505 0.709257 0.190586 0.679084
0.485027 0.607782 0.495789 0.910325 0.604047 0.312543
0.49256 0.564092 0.553049 0.977613 0.903189 0.127509
0.488437 0.474947 0.548204 0.843684 0.980474 0.0498434
0.508768 0.541188 0.504393 0.516911 0.996646 0
0.484454 0.53292 0.525886 0.195635 0.875013 0.153848
0.461284 0.452364 0.597157 0.000889867 0.688721 0.459469
0.47013 0.432877 0.565477 0.136202 0.673468 0.488314
0.491694 0.508786 0.450231 0.451784 0.256408 0.809955
0.510294 0.490911 0.445945 0.509143 0.112476 1
end
gesture g3 hands 1
0.523641 0.543993 0.421499 0.44232 0.0244308 0.98701
0.517096 0.564965 0.431705 0.748145 0.2145 0.531449
0.493551 0.530066 0.48704 0.982826 0.817175 0.298017
0.490193 0.480363 0.507679 0.949316 0.897299 0.205679
0.488723 0.485247 0.503152 0.604477 0.951286 0.0165893
0.493962 0.536968 0.477818 0.124857 0.926686 0.113257
0.497598 0.510726 0.476243 0.0197736 0.71819 0.200084
0.466161 0.511404 0.522806 0.00303004 0.725956 0.207704
0.454484 0.54323 0.513415 0.385424 0.364743 0.677632
0.473466 0.482794 0.488981 0.477435 0.0822203 0.94444
0.493675 0.473581 0.447788 0.479472 0.101731 0.950963
end
gesture g3 hands 1
0.465024 0.535083 0.387527 0.496216 0 0.984535
0.470502 0.54961 0.393391 0.562165 0.158481 0.849456
0.459824 0.619929 0.4132 0.788821 0.51937 0.41247
0.469617 0.586714 0.401078 0.983059 0.692725 0.106522
0.477516 0.635477 0.376347 0.863657 0.729299 0.0762606
0.478542 0.622041 0.375709 0.366064 0.933813 0
0.473413 0.631867 0.397766 0.082173 0.983008 0.0473066
0.472854 0.589679 0.37902 0.000374313 0.902562 0.0725843
0.474427 0.605457 0.37422 0.134305 0.805259 0.199825
0.476046 0.541091 0.366594 0.46108 0.284862 0.890442
0.474706 0.527823 0.36547 0.498008 0.0956208 1
end
gesture g3 hands 1
0.447464 0.564733 0.445578 0.495791 0 1
0.454039 0.573126 0.429555 0.656469 0.501951 0.700782
0.463547 0.57951 0.434449 0.767534 0.745339 0.48786
0.466528 0.553346 0.43475 0.968779 0.794644 0.239993
0.465622 0.549314 0.429035 0.984971 0.675998 0.207454
0.469212 0.592338 0.395212 0.93224 0.696508 0.177814
0.476673 0.585367 0.403524 0.487685 0.959273 0.0560538
0.474483 0.615434 0.40645 0.037693 0.869451 0.00262494
0.470396 0.581464 0.407024 0.0332024 0.767759 0.0393744
0.479509 0.576049 0.356767 0.25079 0.692576 0.283633
0.493224 0.567079 0.361443 0.416136 0.290589 0.672236
0.0 0.0 0.0 0.453604 0.111902 0.855682
end
gesture g3 hands 1
0.524089 0.609564 0.407284 0.39818 0 0.999022
0.524243 0.646751 0.415245 0.454998 0.329815 0.846987
0.518995 0.648064 0.422367 0.734623 0.763826 0.349152
0.514364 0.616074 0.440998 0.881626 0.862953 0.116141
0.515844 0.640074 0.40963 0.99228 0.87747 0.00863103
0.517412 0.679693 0.40815 0.775533 0.858589 0.0494679
0.483859 0.729922 0.414435 0.245577 0.941439 0.0542164
0.454212 0.713599 0.419685 0 1 0.229155
0.445219 0.724811 0.423596 0.146941 0.898983 0.36633
0.44227 0.714563 0.423848 0.426459 0.567015 0.727801
0.422556 0.752823 0.439601 0.471112 0.533384 0.81467
end
gesture g3 hands 1
0.492066 0.450187 0.400932 0.548326 0.00546901 0.915983
0.492422 0.443807 0.391815 0.607792 0.174188 0.7186
0.497451 0.504927 0.400292 0.774747 0.270376 0.419874
0.491248 0.524582 0.420923 1 0.578182 0.0593613
0.492501 0.497428 0.426174 0.974668 0.620045 0.0513381
0.490075 0.53789 0.40453 0.50721 0.566672 0.00271885
0.481965 0.539307 0.418045 0.0709812 0.869614 0.0244962
0.495815 0.485388 0.401971 0.0148857 1 0.0622401
0.509693 0.482636 0.381047 0.46226 0.36233 0.869949
0.507255 0.518624 0.383526 0.483624 0.212363 0.985846
0.503871 0.486084 0.380407 0.482584 0.203489 1
end
gesture g3 hands 1
0.475165 0.586919 0.39529 0.472686 0.0164757 0.998959
0.469074 0.605093 0.403618 0.563082 0.484789 0.752189
0.454922 0.639877 0.434421 0.654559 0.723415 0.557361
0.449772 0.628124 0.445178 0.907403 0.854 0.266949
0.452261 0.590845 0.446566 0.972709 0.852099 0.217916
0.461923 0.624142 0.41571 0.480564 0.995522 0.00987614
0.454702 0.641041 0.434127 0.0772227 0.901479 0.0386504
0.447542 0.612479 0.445605 0.00732624 0.80165 0.0664638
0.448524 0.58268 0.432046 0.264361 0.632848 0.320521
0.462272 0.607288 0.400709 0.449798 0.238952 0.783579
0.458805 0.593703 0.402017 0.49137 0 0.945681
end
gesture g3 hands 1
0.465915 0.574619 0.420672 0.442166 0 1
0.465306 0.592875 0.415748 0.748976 0.74013 0.380185
0.463582 0.635195 0.436831 0.967178 0.918044 0.13509
0.461727 0.635913 0.442858 0.994204 0.856424 0.101208
0.460027 0.600248 0.451117 0.701297 0.893844 0.0299828
0.460488 0.601601 0.444166 0.200041 0.995103 0.0322398
0.469027 0.650758 0.422647 0.020647 0.907364 0.0991818
0.451042 0.642144 0.45717 0.262082 0.718082 0.495781
0.452602 0.590562 0.456811 0.423819 0.279699 0.823104
0.489179 0.566947 0.402206 0.47234 0.0891684 0.956398
0.48726 0.582815 0.401462 0.478542 0.0629967 0.975942
end
gesture g3 hands 1
0.532255 0.609404 0.403777 0.628308 0.0603854 1
0.530831 0.606474 0.411985 0.762083 0.615686 0.598889
0.53305 0.642314 0.413111 0.881909 0.81142 0.311072
0.539966 0.697577 0.444974 0.992285 0.809892 0.037094
0.533117 0.700398 0.472251 1 0.751144 0.0130753
0.530608 0.678347 0.469636 0.325384 1 0.0308983
0.529886 0.67073 0.442722 0.023866 0.871058 0.0717335
0.531483 0.646831 0.447388 0.00775105 0.858563 0.0962748
0.526578 0.564017 0.417938 0.305268 0.889029 0.425088
0.54536 0.548826 0.382897 0.548227 0.369308 0.806445
0.545971 0.558642 0.37819 0.628511 0.0777092 0.969464
0.0 0.0 0.0 0.625249 0 0.985798
end
gesture g3 hands 1
0.528082 0.541921 0.452187 0.591404 0.187106 0.891953
0.529763 0.532857 0.441994 0.761976 0.537233 0.497371
0.526068 0.550453 0.440817 0.885974 0.748841 0.275167
0.534864 0.619446 0.466465 0.999826 0.768989 0.07776
0.541114 0.643911 0.455128 0.881595 0.718101 0.0486817
0.537517 0.658931 0.468262 0.229354 0.927597 0.0381612
0.5331 0.637559 0.488486 0.0680349 0.847298 0.0852106
0.498657 0.638022 0.521551 0.126059 0.993053 0.21456
0.509381 0.561378 0.504659 0.44425 0.804159 0.623127
0.525703 0.560747 0.460388 0.644131 0.245075 0.946058
0.536518 0.606888 0.436439 0.660053 0.00726324 0.993825
end
gesture g3 hands 1
0.531475 0.484385 0.478155 0.604746 0 0.954702
0.516693 0.484447 0.474474 0.692313 0.475251 0.694973
0.526444 0.525315 0.47873 0.73979 0.581104 0.583401
0.521228 0.607931 0.498389 0.99198 0.871949 0.0452304
0.519337 0.593168 0.497275 0.899941 0.914108 0.0108431
0.53937 0.625331 0.487512 0.425791 0.980917 0.0299622
0.513309 0.697131 0.50707 0.0364972 0.737409 0.147581
0.514728 0.629055 0.520278 0.137408 0.915106 0.298304
0.525831 0.589106 0.482175 0.288004 0.86377 0.472301
0.521167 0.558965 0.493356 0.542557 0.406979 0.832083
0.521097 0.558778 0.493153 0.607692 0.0229594 1
end
gesture g3 hands 1
0.525227 0.695876 0.424757 0.579493 0 0.99346
0.511866 0.622462 0.448911 0.804429 0.691784 0.477919
0.508555 0.496494 0.526121 0.851011 0.822184 0.332992
0.504553 0.520225 0.54131 0.951409 0.909613 0.0708459
0.504603 0.501727 0.549853 0.992279 0.869847 0.00552
0.5033 0.481089 0.519898 0.220915 0.932555 0.0593137
0.504189 0.498007 0.513042 0.0120607 0.696382 0.138315
0.491511 0.486503 0.539024 0.260913 0.787958 0.361717
0.489001 0.509276 0.525981 0.48265 0.413628 0.718056
0.49691 0.450686 0.500876 0.514235 0.113674 0.940124
0.499966 0.422297 0.495322 0.512545 0.0784197 0.95693
end
gesture g3 hands 1
0.511072 0.600739 0.386971 0.580988 0.0387484 0.983788
0.507684 0.595422 0.392594 0.655318 0.352601 0.815101
0.508232 0.648962 0.394492 0.891609 0.951503 0.276654
0.4976 0.669421 0.466458 0.975369 0.938248 0.103257
0.491182 0.63995 0.464523 0.289345 0.887988 0.0096389
0.506 0.725865 0.439695 0.0225463 0.849739 0.111582
0.491461 0.692302 0.451305 0.162339 0.93639 0.254016
0.50966 0.710865 0.431114 0.478707 0.561757 0.692603
0.514288 0.673663 0.40676 0.530239 0.446634 0.793961
0.506551 0.56266 0.389818 0.62068 0.0194968 0.991456
0.516281 0.601625 0.384159 0.617469 0 1
end
gesture g3 hands 1
0.531693 0.531271 0.412822 0.576723 0.123884 0.999533
0.531031 0.60527 0.455712 0.659633 0.427389 0.792548
0.531764 0.620893 0.477608 0.870235 0.986456 0.341067
0.534936 0.620532 0.462896 0.999911 0.699851 0.106929
0.529563 0.605215 0.466908 0.849722 0.709003 0.0657191
0.490292 0.628709 0.495647 0.265099 0.903139 0.0251928
0.478482 0.615145 0.514153 0.00253137 0.740537 0.14111
0.497545 0.550038 0.455836 0.188906 0.840219 0.228725
0.498936 0.531366 0.437113 0.424642 0.65785 0.557103
0.524901 0.560704 0.418856 0.587391 0 0.936987
0.526352 0.559306 0.423148 0.587432 0.00548908 0.933379
end
gesture g3 hands 1
0.538986 0.556948 0.429317 0.628367 0.0101501 0.951459
0.53504 0.541796 0.441867 0.721567 0.531621 0.730184
0.536816 0.609428 0.442192 0.87645 0.950127 0.402977
0.536005 0.649002 0.460277 0.964393 1 0.209376
0.528416 0.628928 0.463533 0.961688 0.872191 0.100218
0.526327 0.680753 0.469186 0.443142 0.893873 0.0048245
0.498856 0.69732 0.478125 0.0690709 0.755214 0.116527
0.492782 0.666595 0.471287 0.00707347 0.707413 0.152074
0.499282 0.595495 0.443583 0.128004 0.923144 0.238915
0.501566 0.592877 0.427482 0.447546 0.556268 0.624311
0.525623 0.549198 0.401939 0.634057 0.019379 1
end
gesture g3 hands 1
0.466537 0.613723 0.353453 0.431301 0 1
0.467488 0.610309 0.332882 0.885828 0.897712 0.18613
0.473479 0.663898 0.340912 0.989516 0.840296 0.0976512
0.46856 0.683211 0.351227 0.524396 0.938138 0.0165108
0.464477 0.685746 0.358535 0.407934 0.980929 0.0101651
0.462098 0.651627 0.365031 0.00361019 0.932565 0.0476978
0.457227 0.647156 0.354505 0.00209713 0.914691 0.0458031
0.458957 0.68074 0.350896 0.103535 0.814692 0.131154
0.445677 0.666469 0.357453 0.215105 0.651761 0.342877
0.46233 0.663019 0.314236 0.371052 0.229748 0.756699
0.465486 0.652877 0.321574 0.386446 0.099743 0.841358
end
gesture g3 hands 1
0.504278 0.619622 0.404446 0.572617 0.230573 0.971136
0.504157 0.620174 0.40747 0.78291 0.824381 0.51933
0.511239 0.670082 0.412501 0.84001 0.931109 0.398415
0.50872 0.712682 0.429036 0.96503 0.953145 0.1196
0.515851 0.690251 0.426735 0.967622 0.730775 0.0837659
0.515887 0.72155 0.425519 0.17483 0.931311 0.0393514
0.509568 0.703068 0.438242 0.032586 0.823619 0.0650266
0.490058 0.732076 0.456816 0.310825 0.799561 0.445953
0.477092 0.702501 0.461616 0.52634 0.418128 0.83421
0.498716 0.651577 0.418287 0.567102 0.132205 0.961437
0.506828 0.613195 0.38002 0.579688 0 1
end
gesture g3 hands 1
0.494313 0.427619 0.563495 0.538807 0.159639 0.922637
0.492724 0.402368 0.55625 0.593149 0.0326481 0.870776
0.495638 0.435768 0.553497 0.894743 0.377111 0.397721
0.491013 0.448511 0.521472 0.996419 0.795454 0.307741
0.479885 0.454347 0.558709 0.999559 0.899427 0.2832
0.4762 0.466003 0.55502 0.611494 0.976049 0.0511922
0.479391 0.401755 0.603005 0.471484 0.993888 0.0107999
0.486145 0.466142 0.556785 0.0581354 0.907364 0.0942579
0.485002 0.479152 0.548551 0.082756 0.620439 0.271037
0.470641 0.43811 0.576594 0.506661 0.136339 0.829341
0.490823 0.400361 0.579534 0.541777 0.10742 0.903577
end
gesture g3 hands 1
0.518858 0.578718 0.421659 0.60797 0 0.985656
0.509245 0.601908 0.408407 0.717264 0.575764 0.702996
0.519609 0.658866 0.438277 0.882884 0.985309 0.31996
0.513234 0.652053 0.437549 0.938226 0.887026 0.0895193
0.498523 0.745089 0.435245 0.768223 0.911222 0.0506732
0.506483 0.757649 0.438944 0.28303 0.997858 0.0149199
0.47474 0.740951 0.480247 0.00735225 0.827173 0.0970703
0.494333 0.673947 0.420082 0.103258 0.936773 0.185316
0.499669 0.683951 0.416746 0.394308 0.736295 0.621391
0.517914 0.645485 0.403312 0.445941 0.620814 0.720312
0.522658 0.65686 0.403646 0.574933 0.182095 0.957939
0.0 0.0 0.0 0.582457 0.0237141 1
end
gesture g3 hands 1
0.565615 0.438885 0.533267 0.619896 0.01554 0.922876
0.553321 0.432808 0.56744 0.63516 0.0106332 0.915547
0.551742 0.414499 0.580183 0.699845 0.157843 0.734657
0.550173 0.417354 0.591878 0.946741 0.621882 0.235425
0.549922 0.431011 0.597693 1 0.709996 0.177816
0.552403 0.430441 0.607138 0.838242 0.823135 0.0541558
0.553251 0.400868 0.624292 0.271175 1 0.0842077
0.548221 0.409546 0.616138 0.0722596 0.97628 0.238165
0.547975 0.390143 0.60324 0.00601592 0.964441 0.30424
0.548609 0.350415 0.53574 0.0859269 0.831755 0.458064
0.558106 0.353942 0.533312 0.633545 0.0362209 0.978859
0.0 0.0 0.0 0.562966 0.0340831 0.899664
end
gesture g3 hands 1
0.497855 0.455184 0.567201 0.514403 0.0197816 0.993661
0.492681 0.48435 0.564031 0.528716 0.015043 0.972102
0.48573 0.557864 0.55633 0.607576 0.158722 0.822973
0.48129 0.567976 0.562277 0.892367 0.706392 0.259777
0.485852 0.519889 0.56322 0.997827 0.874767 0.138572
0.495708 0.555805 0.581792 0.863739 0.962605 0.04296
0.482101 0.506494 0.608668 0.649352 0.902125 0
0.46203 0.404926 0.612021 0.295601 0.898262 0.120341
0.458928 0.399823 0.57802 0.0132029 1 0.390177
0.481603 0.448923 0.572204 0.0821705 0.779257 0.586588
0.479356 0.435118 0.569323 0.451806 0 0.953687
end
gesture g3 hands 1
0.506824 0.438992 0.594828 0.445242 0.018116 0.990006
0.50728 0.469563 0.59147 0.511405 0.0790398 0.895887
0.487589 0.519775 0.591129 0.833936 0.639325 0.339228
0.49025 0.504397 0.586643 0.999814 0.966714 0.145166
0.50181 0.514162 0.587509 0.56345 0.996873 0
0.494318 0.559542 0.592231 0.213165 0.99932 0.163029
0.4881 0.555136 0.598972 0 0.943812 0.410394
0.487778 0.513008 0.599103 0.0329783 0.885945 0.486807
0.490325 0.455928 0.598736 0.154637 0.685396 0.643304
0.491857 0.457134 0.588742 0.527437 0.00264721 0.98392
0.506635 0.479062 0.576649 0.559514 0.0315383 0.984156
end
gesture g3 hands 1
0.540561 0.499513 0.57656 0.576205 0.0220459 0.948476
0.537344 0.493966 0.586328 0.59664 0.0448509 0.952462
0.514276 0.522722 0.599787 0.698925 0.253599 0.641348
0.522138 0.496542 0.599271 0.882626 0.575297 0.328315
0.527119 0.512536 0.598336 0.990164 0.773644 0.216629
0.521221 0.51235 0.62833 0.455553 0.955289 0.0170025
0.503944 0.406681 0.644717 0 0.930268 0.479787
0.493568 0.379037 0.636917 0.0330993 0.844083 0.582368
0.496523 0.388945 0.606972 0.17254 0.593084 0.754091
0.520091 0.434358 0.586574 0.48154 0.129049 0.927881
0.517562 0.429686 0.597696 0.588299 0 0.999139
end
gesture g3 hands 1
0.526586 0.415803 0.63447 0.568896 0.065319 0.934145
0.525779 0.415074 0.645874 0.649702 0.168889 0.777034
0.525365 0.462887 0.634425 0.970733 0.590715 0.301623
0.520017 0.436696 0.643936 1 0.758512 0.280077
0.525137 0.498547 0.665594 0.616567 0.803349 0
0.511652 0.455383 0.674677 0.299194 0.892436 0.0963714
0.499543 0.382432 0.681258 0.0702667 0.983897 0.360086
0.493821 0.342221 0.687388 0 1 0.490963
0.484056 0.329667 0.668231 0.172642 0.573157 0.763264
0.484961 0.383334 0.643327 0.624722 0.011974 0.991729
0.492598 0.402025 0.629782 0.63931 0 1
end
gesture g3 hands 1
0.533431 0.460267 0.614043 0.626112 0 0.981416
0.519764 0.459533 0.648473 0.620476 0.159744 0.851709
0.517565 0.523068 0.646092 0.775548 0.456708 0.565099
0.509665 0.527965 0.650253 0.995268 0.948317 0.331501
0.514325 0.49934 0.66354 0.944703 0.995341 0.245259
0.532147 0.529008 0.678318 0.725418 0.951961 0.0450904
0.530338 0.519 0.682814 0.45445 0.920168 0.00206978
0.514715 0.413612 0.677317 0 0.947595 0.442358
0.510602 0.398841 0.657553 0.0519939 0.863142 0.54173
0.52608 0.441127 0.611551 0.451929 0.147361 0.944961
0.5328 0.428061 0.633161 0.473284 0.120465 0.962543
end
gesture g3 hands 1
0.495676 0.48798 0.627213 0.558263 0.0135759 0.992985
0.49278 0.48751 0.63848 0.595888 0.0951348 0.873116
0.483807 0.55241 0.638338 0.933052 0.801841 0.321957
0.474791 0.571002 0.645707 0.995508 1 0.290779
0.473472 0.555662 0.657305 0.696575 0.880692 0
0.495098 0.58088 0.660942 0.273822 0.900176 0.160919
0.493791 0.53834 0.672019 0.0699945 0.916362 0.442984
0.487284 0.479228 0.656454 0.00239521 0.865511 0.64389
0.48576 0.480545 0.613112 0.135721 0.737684 0.729393
0.496534 0.519786 0.57851 0.5433 0.137881 0.935354
0.504611 0.492836 0.597712 0.59348 0.0206062 0.9876
end
gesture g3 hands 1
0.530539 0.501814 0.626544 0.605976 0.0668737 0.995015
0.530821 0.503124 0.628564 0.607825 0.064197 0.987
0.528502 0.542039 0.614833 0.646878 0.185395 0.83704
0.520609 0.525113 0.644292 0.961978 0.845096 0.306302
0.541959 0.582596 0.642251 0.999619 0.988091 0.290831
0.539842 0.588852 0.666188 0.813671 0.816451 0.0596704
0.542619 0.542423 0.676115 0.507837 0.823442 0
0.524653 0.466515 0.655745 0.0637512 0.925958 0.467629
0.521501 0.440434 0.633871 0.00225468 0.905791 0.6215
0.544343 0.458628 0.589177 0.0938439 0.714271 0.719354
0.544757 0.452222 0.603488 0.600113 0.0394576 0.95926
0.0 0.0 0.0 0.638988 0 0.996541
end
gesture g3 hands 1
0.530032 0.461519 0.650792 0.60724 0.000198769 0.998055
0.531397 0.464911 0.648582 0.635701 0.108135 0.901713
0.532307 0.527175 0.63899 0.754356 0.366338 0.670174
0.522599 0.58364 0.64909 0.937741 0.731364 0.375003
0.517769 0.550366 0.666307 1 0.94505 0.310708
0.53891 0.579608 0.646482 0.756757 0.877341 0.0404244
0.532838 0.570903 0.695217 0.501786 0.846017 0.0158691
0.509988 0.416864 0.704477 0 0.871813 0.645486
0.49792 0.422212 0.65855 0.105525 0.687626 0.812488
0.519298 0.471368 0.621838 0.41807 0.24253 0.895878
0.52345 0.46564 0.629994 0.568753 0.168023 0.988286
end
gesture g3 hands 1
0.570402 0.502323 0.374856 0.657402 0.148349 1
0.568351 0.469525 0.412094 0.867729 0.702677 0.383955
0.545397 0.548415 0.416426 0.960984 0.917005 0.162384
0.532685 0.531232 0.45177 1 1 0.0982819
0.532804 0.449756 0.485441 0.551848 0.679862 0.0147059
0.556478 0.508924 0.412494 0.40904 0.659725 0
0.554773 0.494012 0.402339 0.0206325 0.572484 0.150517
0.517462 0.459015 0.481582 0.00451354 0.579657 0.146294
0.521201 0.518202 0.422832 0.174192 0.48244 0.24676
0.529107 0.519992 0.367175 0.541651 0.206405 0.719387
0.57212 0.503942 0.334742 0.638304 0 0.997052
end
gesture g3 hands 1
0.549368 0.621317 0.389703 0.579982 0.00035302 0.998251
0.535079 0.596391 0.39252 0.790421 0.486326 0.499258
0.523654 0.613945 0.398272 0.830183 0.645126 0.404791
0.52963 0.623829 0.389021 0.980153 1 0.114896
0.527371 0.605206 0.394951 0.994904 0.992625 0.0866391
0.528868 0.615628 0.393232 0.335746 0.902924 0.0170195
0.535112 0.595179 0.404973 0.249072 0.870082 0.0336832
0.52969 0.610752 0.409391 0 0.877484 0.109174
0.533035 0.588676 0.397145 0.165535 0.673415 0.259533
0.568307 0.637091 0.340127 0.626818 0.127127 0.923827
0.566752 0.634748 0.344723 0.652099 0.0880295 0.982061
end
gesture g3 hands 1
0.505003 0.590444 0.374685 0.480255 0.0748718 0.963228
0.494828 0.611316 0.379281 0.612377 0.245071 0.715725
0.49213 0.597596 0.377631 0.828529 0.773773 0.342939
0.495831 0.618001 0.379399 0.998842 0.990716 0.113203
0.502617 0.601925 0.373978 0.859675 0.971839 0.0752821
0.503395 0.616401 0.387914 0.0110766 0.805117 0.0660892
0.503279 0.584492 0.386353 0.0051665 0.804754 0.0932556
0.508091 0.606325 0.378574 0.304703 0.452486 0.488877
0.506637 0.593611 0.37112 0.370728 0.341062 0.600401
0.52314 0.608816 0.349581 0.480531 0.0161525 0.955597
0.5275 0.596668 0.355032 0.48321 0.00951434 1
end
gesture g3 hands 1
0.516339 0.60345 0.367777 0.451609 0.0700181 0.99962
0.491291 0.580394 0.400128 0.851812 0.713704 0.396859
0.474858 0.596016 0.395953 0.978539 0.986148 0.173466
0.487416 0.580365 0.403136 0.976066 0.993921 0.108267
0.502894 0.570937 0.383719 0.78665 0.977315 0.0491407
0.505074 0.59098 0.378142 0.331461 0.874175 0.00256941
0.51803 0.585029 0.378522 0.00884204 0.812122 0.0440311
0.498198 0.604456 0.382755 0 0.806037 0.0566738
0.480657 0.598534 0.392478 0.0871809 0.701854 0.165436
0.501617 0.608362 0.358258 0.354388 0.332635 0.536484
0.520852 0.593398 0.350988 0.521581 0 0.955152
end
gesture g3 hands 1
0.537185 0.647057 0.314634 0.543261 0.235221 0.927241
0.52533 0.641248 0.331076 0.681223 0.316942 0.648152
0.527617 0.654202 0.327667 0.88672 0.778583 0.274965
0.521667 0.630102 0.345456 1 1 0.0663132
0.529789 0.652867 0.336404 0.776799 0.9072 0.0195933
0.526163 0.643227 0.338151 0.00613864 0.754472 0.109482
0.527603 0.656346 0.333683 0.0178203 0.758773 0.136809
0.528557 0.629351 0.334571 0.37072 0.476802 0.519995
0.537408 0.623167 0.358289 0.44417 0.353041 0.62521
0.531738 0.631471 0.356828 0.580397 0 0.978344
0.554297 0.641453 0.300798 0.564598 0.00210537 1
end
gesture g3 hands 1
0.409174 0.497245 0.534877 0.281922 0.0198907 0.974324
0.405811 0.502694 0.530346 0.440055 0.106619 0.847106
0.401104 0.480193 0.547418 0.735024 0.563565 0.566427
0.418711 0.51086 0.502081 0.922491 0.973068 0.3792
0.424547 0.495966 0.507259 0.951591 1 0.346836
0.405502 0.509331 0.541835 0.992978 0.926025 0.304223
0.402705 0.492147 0.552327 0.634191 0.898812 0.0906737
0.396658 0.506965 0.55648 0.0867944 0.907861 0.0231404
0.389028 0.495676 0.538032 0.0136789 0.873369 0.0527267
0.427303 0.510377 0.480559 0.113886 0.394804 0.532283
0.423089 0.516806 0.487275 0.240783 0.0738045 1
end
gesture g3 hands 1
0.530803 0.533468 0.41288 0.488076 0.0197877 1
0.503056 0.539335 0.428712 0.548022 0.0151911 0.886355
0.500221 0.562594 0.424761 0.709943 0.240025 0.637647
0.494734 0.553401 0.43317 0.942004 0.784005 0.303627
0.501742 0.565629 0.435992 0.992849 0.961265 0.146607
0.504647 0.546404 0.435259 0.800159 0.972744 0.0342599
0.51232 0.56576 0.423321 0.129371 0.807888 0.0328489
0.507704 0.538719 0.435118 0.0201671 0.79092 0.0607591
0.517459 0.554172 0.427611 0.121405 0.680657 0.226754
0.541352 0.571666 0.390303 0.521166 0.28491 0.839001
0.550523 0.556654 0.388469 0.465147 0.209692 0.977678
end
gesture g3 hands 1
0.540909 0.609243 0.372068 0.479162 0.0736012 0.931712
0.531235 0.597333 0.373556 0.618809 0.207815 0.674324
0.531568 0.613199 0.373671 0.852863 0.714545 0.377456
0.533282 0.596087 0.376903 0.948962 0.966333 0.23719
0.532102 0.606794 0.372927 0.924415 0.925409 0.134544
0.502508 0.598946 0.397358 0.4774 0.94543 0.00205979
0.502247 0.597045 0.397787 0.104335 0.89115 0.0539545
0.522076 0.623123 0.390378 0.000582811 0.807861 0.0993844
0.508487 0.61551 0.402708 0.138848 0.749707 0.201115
0.538164 0.614599 0.359996 0.523972 0.12289 0.888027
0.545648 0.614945 0.360196 0.49386 0 1
end
gesture g3 hands 1
0.535755 0.591419 0.392161 0.511335 0.0382412 1
0.524417 0.62007 0.399018 0.878807 0.837461 0.347707
0.51756 0.60248 0.405251 0.93809 0.993815 0.207881
0.527306 0.629549 0.370288 0.821387 0.950893 0.106674
0.533086 0.622003 0.370061 0.445062 0.979159 0
0.522153 0.599317 0.396638 0.000921323 0.779725 0.153708
0.52295 0.618019 0.397856 0.00728423 0.774532 0.158043
0.522732 0.615958 0.399159 0.241808 0.548521 0.344902
0.53437 0.604999 0.368758 0.315266 0.450055 0.411825
0.534812 0.61705 0.361391 0.557371 0.170652 0.712784
0.538772 0.595483 0.370798 0.60332 0.111194 0.870176
end
gesture g3 hands 1
0.5282 0.592259 0.386274 0.534891 0 0.9967
0.530014 0.596082 0.367703 0.759291 0.455103 0.56262
0.519342 0.619594 0.373851 0.807716 0.602857 0.473326
0.521616 0.599841 0.375468 1 0.951132 0.139539
0.526209 0.616374 0.379997 0.985308 0.992062 0.132486
0.547294 0.60004 0.384786 0.166904 0.768866 0.0588179
0.530042 0.603851 0.394977 0.0335654 0.754327 0.112718
0.528781 0.633047 0.376018 0.536026 0.260739 0.738716
0.528191 0.622422 0.360877 0.572127 0.206391 0.826458
0.529318 0.640342 0.348938 0.601526 0.0211231 1
0.529913 0.621128 0.360165 0.0 0.0 0.0
end
gesture g3 hands 1
0.532213 0.656153 0.381489 0.552954 0.108332 0.978711
0.522711 0.622642 0.405168 0.763972 0.50537 0.598611
0.521608 0.632295 0.413423 0.916903 0.967205 0.303077
0.520412 0.653635 0.397937 0.99047 0.944607 0.198182
0.518446 0.634328 0.395082 0.902171 0.93893 0.160042
0.53263 0.66148 0.389931 0.49922 0.975592 0.00633088
0.534656 0.646145 0.406658 0.0096447 0.821078 0.152718
0.525976 0.664722 0.428133 0.166812 0.746405 0.214444
0.540051 0.650941 0.393562 0.568014 0.207949 0.764578
0.5673 0.668423 0.354242 0.593113 0.15867 0.8538
0.574226 0.631128 0.363242 0.604991 0 1
end
gesture g3 hands 1
0.52671 0.652591 0.367874 0.498585 0.0115157 1
0.509988 0.660121 0.367973 0.643055 0.257154 0.734013
0.50032 0.651478 0.388588 0.702055 0.369574 0.655729
0.504442 0.650408 0.380204 0.938543 0.958681 0.336511
0.502034 0.650345 0.407789 0.967004 1 0.287095
0.501127 0.658884 0.396972 0.496912 0.930496 0.0053921
0.499857 0.639393 0.400918 0.00404369 0.78799 0.176557
0.504823 0.656664 0.406638 0.335617 0.477936 0.458458
0.503618 0.637419 0.407427 0.402554 0.414112 0.542528
0.517125 0.650507 0.352586 0.535926 0.056043 0.891139
0.518515 0.633951 0.351698 0.540935 0.0263633 0.930462
end
gesture g3 hands 1
0.552259 0.61687 0.434354 0.490894 0.148902 0.971841
0.525179 0.599559 0.459928 0.579927 0.267278 0.807208
0.526006 0.615453 0.44949 0.807004 0.733846 0.44521
0.522355 0.607371 0.459392 0.903789 0.964286 0.279285
0.531097 0.614908 0.444603 0.992857 0.966077 0.196574
0.533511 0.617892 0.431012 0.515074 0.986261 0.0232397
0.525432 0.606623 0.473991 0.397 0.988014 0
0.524153 0.614135 0.458193 0.0325322 0.871752 0.0769072
0.522348 0.604849 0.462198 0.199598 0.743611 0.230346
0.546878 0.625047 0.421426 0.524672 0.022409 0.972377
0.564725 0.60285 0.424327 0.512797 0.00226876 1
end
gesture g3 hands 1
0.401448 0.531472 0.456977 0.136485 0.128163 0.999054
0.384239 0.544275 0.458924 0.683433 0.493652 0.544971
0.379188 0.535008 0.476395 0.955189 0.940306 0.367088
0.39649 0.561533 0.46574 0.937359 0.973662 0.229461
0.39614 0.538076 0.481487 0.666072 0.908504 0.104103
0.385743 0.550984 0.491474 0.0241981 0.79738 0.0212268
0.378946 0.530148 0.505662 0.00368582 0.797767 0.0373348
0.381917 0.551298 0.473919 0.0912056 0.37148 0.442843
0.377985 0.54347 0.457506 0.123283 0.25705 0.550757
0.386974 0.565402 0.443734 0.220181 0.0126647 0.970983
0.392225 0.549474 0.441036 0.220933 0 0.998275
end
gesture g3 hands 1
0.605761 0.376256 0.566007 0.54125 0.00347246 0.989712
0.614094 0.374468 0.607473 0.885162 0.461218 0.451833
0.599652 0.391475 0.607711 0.97057 0.844682 0.190662
0.610306 0.409386 0.586688 0.99676 0.998568 0.0378001
0.621897 0.392508 0.582256 0.752728 0.897579 0.00511739
0.619861 0.407753 0.576664 0.670816 0.881606 0.00524929
0.617189 0.387707 0.60328 0 0.803373 0.149064
0.618975 0.4023 0.637492 0.613121 0.192937 0.803719
0.606848 0.392731 0.599138 0.671364 0.081869 0.982063
0.629463 0.381731 0.574448 0.0 0.0 0.0
0.633421 0.389344 0.572654 0.0 0.0 0.0
end
gesture g3 hands 1
0.509623 0.522496 0.476542 0.559943 0.0680474 1
0.511163 0.525826 0.460845 0.64412 0.238629 0.895474
0.503406 0.506897 0.486044 0.962538 0.816386 0.36366
0.50946 0.568579 0.480272 0.817863 1 0.190822
0.496026 0.54588 0.495124 0.492585 0.926511 0.0318153
0.50227 0.492041 0.494948 0.398567 0.917268 0.00443444
0.497404 0.536551 0.498643 0.0461192 0.745104 0.0490251
0.502433 0.493772 0.495793 0.0151631 0.83298 0.0615542
0.503193 0.496061 0.458698 0.181318 0.724301 0.297742
0.508187 0.558546 0.42449 0.508875 0 0.789751
0.518378 0.564065 0.420759 0.541739 0.0802256 0.814387
end
gesture g3 hands 1
0.536423 0.533448 0.42373 0.521186 0.0486506 0.969592
0.530585 0.546808 0.428783 0.750582 0.334669 0.572497
0.525318 0.534314 0.427265 0.932089 0.799262 0.252209
0.538889 0.56615 0.417708 0.982853 0.996399 0.127209
0.543733 0.560755 0.405722 0.54135 0.930271 0.00662835
0.54669 0.569207 0.413732 0.00879947 0.829258 0.147067
0.534975 0.544478 0.42917 0.00865371 0.758436 0.210312
0.529134 0.561117 0.434114 0.202092 0.56003 0.391681
0.524846 0.543284 0.437428 0.48316 0.168629 0.708849
0.5336 0.553976 0.401883 0.636269 0.0168003 0.929435
0.546809 0.568896 0.387218 0.639814 0 0.998647
end
gesture g3 hands 1
0.548338 0.553757 0.386559 0.530636 0.00335668 1
0.528677 0.548973 0.40024 0.634545 0.151599 0.753026
0.540886 0.562115 0.403091 0.854821 0.565958 0.429521
0.537418 0.549013 0.397327 0.999045 0.985477 0.138593
0.535391 0.555869 0.379916 0.996197 0.997177 0.122335
0.523749 0.569758 0.40024 0.739062 0.925653 0.0335487
0.538645 0.57251 0.438247 0.113395 0.781828 0.0502627
0.523049 0.565877 0.391685 0.333086 0.430175 0.434556
0.525563 0.559515 0.37849 0.367794 0.353185 0.528013
0.538965 0.576511 0.375821 0.475872 0.123572 0.842479
0.541086 0.539708 0.358562 0.497855 0.0829516 0.916705
end
gesture g3 hands 1
0.498577 0.529791 0.414955 0.433912 0.0291899 0.868907
0.510638 0.566436 0.387358 0.556136 0.098863 0.767664
0.503287 0.553387 0.388118 0.77925 0.486398 0.402505
0.504258 0.573939 0.397396 0.946929 0.990521 0.126192
0.495512 0.556395 0.414352 0.992801 0.981798 0.103391
0.489572 0.566128 0.426775 0.61627 0.948446 0.00794108
0.509515 0.55233 0.417786 0.0799664 0.885724 0.0424049
0.485494 0.556451 0.435319 0.0315264 0.814079 0.0943495
0.483263 0.566301 0.410867 0.272649 0.582439 0.389165
0.508877 0.567797 0.404184 0.512355 0.193917 0.991115
0.506164 0.555686 0.399859 0.490288 0.17153 0.995702
end
gesture g3 hands 1
0.523142 0.519988 0.410097 0.509045 0.0873943 0.992702
0.514467 0.500302 0.392956 0.617258 0.171027 0.781958
0.514261 0.535287 0.383778 0.665276 0.257068 0.667948
0.513431 0.520107 0.406586 0.887817 0.721047 0.292547
0.514349 0.531988 0.407222 0.921216 0.835158 0.222023
0.51059 0.537752 0.415239 0.995156 0.994624 0.108288
0.537675 0.534914 0.412336 0.709012 0.912786 0.00975893
0.518397 0.524266 0.430499 0.00623892 0.730596 0.0905676
0.52973 0.540901 0.393703 0.0173002 0.710069 0.0990548
0.534432 0.514353 0.396412 0.186507 0.532383 0.221663
0.543462 0.520273 0.389667 0.611621 0.0328269 0.916648
0.0 0.0 0.0 0.621375 0 0.965028
end
gesture g3 hands 1
0.555498 0.563989 0.37667 0.610401 0.00341269 0.914413
0.555934 0.591782 0.37141 0.704617 0.224988 0.690748
0.550113 0.571761 0.370123 0.883876 0.623937 0.359854
0.547361 0.584 0.360781 0.979009 0.958914 0.160654
0.553526 0.573199 0.365794 0.996807 0.994068 0.0989841
0.558916 0.593588 0.361191 0.164482 0.802145 0.0532048
0.559018 0.598019 0.37204 0.00990954 0.847072 0.104354
0.542926 0.567412 0.383383 0.169618 0.728526 0.144052
0.539507 0.57281 0.375876 0.391805 0.44645 0.431934
0.555631 0.588344 0.347082 0.608508 0.0411212 0.974357
0.565376 0.568077 0.329466 0.609837 0.0212539 1
end
gesture g3 hands 1
0.542621 0.526112 0.407392 0.552105 0.0398117 0.999285
0.536351 0.488368 0.417827 0.641071 0.11755 0.786135
0.53799 0.495323 0.417226 0.873225 0.551799 0.425872
0.517925 0.497081 0.438924 0.999812 0.996688 0.111464
0.527129 0.517669 0.43455 0.992016 0.981636 0.108234
0.548363 0.531398 0.439038 0.629114 0.917298 0
0.544621 0.508154 0.441926 0.0387927 0.731195 0.0902516
0.515108 0.511046 0.460022 0.00381107 0.732323 0.10203
0.535814 0.509016 0.425888 0.418391 0.338139 0.549257
0.53945 0.535402 0.412966 0.559852 0.0992868 0.817439
0.553965 0.528487 0.412824 0.598792 0.00317666 0.98805
end
gesture g3 hands 1
0.534292 0.580476 0.39426 0.518627 0 0.995303
0.532342 0.6018 0.378261 0.871982 0.845354 0.269971
0.517372 0.585539 0.376154 0.981623 0.997244 0.121505
0.504229 0.623457 0.386773 0.970608 0.96684 0.0954851
0.513542 0.605016 0.380766 0.803311 0.97477 0.0298924
0.527382 0.595945 0.389734 0.444039 0.929432 0.00970792
0.523747 0.605106 0.383471 0.358909 0.897523 0.0117007
0.525619 0.579904 0.403228 0.0633649 0.816092 0.0710869
0.516446 0.617965 0.383357 0.509025 0.302348 0.655754
0.522039 0.581364 0.365621 0.643095 0.117024 0.948699
0.544027 0.597511 0.346518 0.647701 0.129086 1
end
gesture g3 hands 1
0.549355 0.596458 0.386731 0.6401 0.0877836 0.918903
0.549498 0.594593 0.387708 0.813119 0.459461 0.486721
0.53881 0.548393 0.39404 0.957018 0.918042 0.192462
0.5412 0.590682 0.389103 0.990823 0.991499 0.0539809
0.540408 0.587398 0.391 0.899336 0.967941 0.04338
0.54328 0.620299 0.382072 0.381562 0.906371 0.00926186
0.528645 0.617451 0.404307 0 0.809827 0.0787812
0.535114 0.611277 0.376158 0.290707 0.60361 0.417396
0.569781 0.617679 0.351972 0.529105 0.246171 0.802684
0.573144 0.594348 0.356854 0.568172 0.0254724 0.986554
0.589424 0.600735 0.352613 0.555992 0 1
end
gesture g3 hands 1
0.538213 0.527575 0.391025 0.563632 0 0.998046
0.520576 0.533573 0.410106 0.703227 0.317637 0.640331
0.546349 0.556147 0.388919 0.912039 0.805824 0.326822
0.547439 0.561145 0.395116 0.997679 0.99699 0.138911
0.537564 0.540478 0.423234 0.934587 0.997507 0.0880489
0.523423 0.525551 0.417922 0.302264 0.764393 0.0237521
0.53337 0.556718 0.408427 0.0639135 0.779027 0.0783709
0.531798 0.545343 0.402657 0.0627675 0.707909 0.108565
0.534809 0.566309 0.394536 0.33341 0.464669 0.333904
0.550722 0.572376 0.361808 0.550165 0.126802 0.727797
0.556333 0.566395 0.363396 0.617397 0.00840583 0.98443
end
gesture g3 hands 1
0.561289 0.579655 0.360037 0.600412 0.00585944 0.987111
0.550139 0.566309 0.334945 0.622414 0.00737634 0.931824
0.551454 0.556944 0.350698 0.704307 0.165197 0.725773
0.543096 0.563196 0.33569 0.869966 0.52129 0.427437
0.53628 0.555297 0.360932 0.945806 0.784137 0.272168
0.524881 0.579794 0.353861 0.991449 0.981724 0.0827663
0.533529 0.577019 0.367884 0.715046 0.906721 0.018976
0.54177 0.599222 0.341717 0.632984 0.856728 0
0.535886 0.583794 0.358844 0.0967537 0.746556 0.0631044
0.562853 0.575382 0.302602 0.0812807 0.630659 0.12051
0.583299 0.582606 0.290995 0.604001 0.0822912 1
end
gesture g3 hands 1
0.590071 0.561188 0.383601 0.638096 0.0207919 0.922137
0.577982 0.587049 0.36949 0.701062 0.151613 0.797033
0.57851 0.581473 0.389848 0.882378 0.590467 0.431759
0.573835 0.596725 0.381482 0.996857 0.992899 0.118635
0.585676 0.583394 0.388928 0.983843 0.993615 0.0539071
0.589603 0.587142 0.373032 0.433896 0.906755 0
0.572921 0.584036 0.408338 0.00616395 0.852479 0.0822132
0.581293 0.572304 0.391717 0.0212363 0.82622 0.0832171
0.604439 0.587572 0.351921 0.26219 0.597748 0.297061
0.610005 0.580127 0.360733 0.751753 0.0987629 0.88131
0.624266 0.612619 0.351279 0.729281 0.015656 0.982793
end
gesture g3 hands 1
0.472854 0.488427 0.443775 0.481783 0.000665252 0.995088
0.463492 0.488123 0.43536 0.673694 0.257537 0.668709
0.475687 0.500663 0.458166 0.924041 0.795671 0.344889
0.480862 0.508238 0.458775 0.995757 0.995615 0.237569
0.485218 0.538445 0.427067 0.530247 0.82684 0.0207628
0.490827 0.539794 0.458562 0.03095 0.798724 0.0714959
0.483908 0.533394 0.433104 0.0973524 0.706553 0.146469
0.481055 0.53529 0.458531 0.30795 0.459072 0.403061
0.473032 0.529051 0.462099 0.368644 0.373482 0.488795
0.485096 0.540597 0.410298 0.492694 0.113624 0.840785
0.494097 0.536501 0.394536 0.507324 0.0469147 0.955666
end
gesture g3 hands 1
0.478086 0.554578 0.41568 0.391098 0.0121489 1
0.477136 0.555359 0.391848 0.485894 0.156313 0.794408
0.476653 0.579593 0.395193 0.687962 0.46075 0.539439
0.474437 0.564688 0.403478 0.944755 0.922369 0.289499
0.484725 0.580674 0.40161 0.996484 0.995298 0.16947
0.484318 0.562206 0.397121 0.531281 0.87644 0.00593517
0.48954 0.58181 0.389529 0.0524114 0.766806 0.039859
0.470886 0.564989 0.398808 0.020298 0.701292 0.0823105
0.479972 0.578475 0.422489 0.232564 0.5074 0.345988
0.483396 0.569127 0.388836 0.455865 0.222336 0.855447
0.493217 0.562047 0.38971 0.43509 0.137462 0.979757
end
gesture g3 hands 1
0.545255 0.414877 0.656788 0.62958 0.0246728 0.971953
0.562805 0.381066 0.679924 0.67009 0.0639976 0.939728
0.559079 0.393114 0.68075 0.78398 0.310659 0.636597
0.543415 0.42697 0.679145 0.995954 0.857187 0.260966
0.535499 0.394246 0.70417 0.644352 0.904015 0
0.559462 0.450112 0.690737 0.372742 0.916435 0.0652533
0.554546 0.459472 0.7079 0.114945 0.955232 0.318877
0.538297 0.408512 0.725299 0.0167791 1 0.468435
0.528293 0.355781 0.69992 0.356896 0.318342 0.729638
0.521016 0.353 0.645196 0.577581 0.0401809 0.928986
0.534771 0.367115 0.627231 0.612273 0 0.956797
end
gesture g3 hands 1
0.536593 0.486695 0.426869 0.549332 0.255416 1
0.529797 0.569084 0.407307 0.874513 0.801252 0.359812
0.52454 0.55001 0.410333 0.987477 0.957999 0.209587
0.523246 0.62626 0.425707 0.935279 0.9958 0.167248
0.534942 0.568854 0.438703 0.651144 0.87212 0.0480938
0.534376 0.649022 0.428733 0.230921 0.945269 0.00599822
0.514913 0.564137 0.46583 0.0432137 0.823408 0.0803005
0.513523 0.608054 0.473098 0.229289 0.502176 0.343898
0.497022 0.580596 0.475584 0.416695 0.130649 0.63111
0.499136 0.645974 0.440621 0.540207 0.04139 0.84864
0.511821 0.612153 0.433164 0.549083 0 0.877901
end
gesture g3 hands 1
0.522295 0.58401 0.409851 0.563669 0.00483109 0.958086
0.520426 0.59891 0.438215 0.612927 0.0827634 0.878138
0.519407 0.578225 0.438186 0.783429 0.395876 0.605285
0.515617 0.599386 0.447621 0.983929 0.777851 0.214274
0.515961 0.563798 0.446769 0.90792 0.716616 0.179326
0.510993 0.601362 0.440449 0.21341 0.991218 0.0233672
0.510033 0.602779 0.441566 0 0.907501 0.101082
0.513847 0.553579 0.433248 0.162136 0.673691 0.289049
0.508301 0.56798 0.434923 0.225436 0.753997 0.391483
0.519142 0.547826 0.416817 0.486037 0.276924 0.922756
0.514292 0.616335 0.418875 0.517576 0.217725 0.99518
end
gesture g3 hands 1
0.550117 0.36821 0.624727 0.62854 0 1
0.55631 0.342889 0.62182 0.738395 0.243033 0.723749
0.547728 0.413944 0.631928 0.960714 0.739451 0.219719
0.544616 0.397998 0.632611 0.99245 0.934103 0.0873855
0.557734 0.435417 0.626158 0.804018 1 0.0162527
0.529899 0.468762 0.618406 0.164074 0.873405 0.0355885
0.523697 0.401156 0.630409 0.00989947 0.824788 0.120882
0.52646 0.377142 0.632545 0.0397349 0.82101 0.217341
0.539305 0.396632 0.62008 0.246887 0.680105 0.441882
0.539875 0.35808 0.630563 0.592255 0.153591 0.899027
0.543184 0.366402 0.627017 0.636413 0.0110813 0.97811
end
gesture g3 hands 1
0.501667 0.372402 0.655809 0.561934 0 0.987791
0.50734 0.323917 0.66345 1 0.796444 0.16506
0.5092 0.329294 0.660134 0.899281 0.971189 0.061527
0.510142 0.363424 0.65179 0.449313 0.922608 0.0113744
0.513245 0.327896 0.661584 0.163475 0.939813 0.0227268
0.511717 0.380259 0.654645 0.00217876 0.901299 0.0864056
0.507373 0.41757 0.663274 0.0518554 0.832248 0.178125
0.510892 0.40162 0.663055 0.193319 0.733758 0.328276
0.499777 0.345562 0.66042 0.390475 0.459733 0.604928
0.503956 0.36922 0.65706 0.536581 0.155264 0.983158
0.506711 0.371078 0.653393 0.558347 0.0221652 0.983224
end
gesture g3 hands 1
0.589111 0.336145 0.662797 0.669826 0 0.989082
0.592389 0.339272 0.655367 0.894908 0.462074 0.492634
0.586067 0.369751 0.639725 1 0.876791 0.117548
0.590927 0.353246 0.645661 0.877003 0.990389 0.0376733
0.580335 0.421548 0.643516 0.261005 0.913802 0.0177426
0.59399 0.435312 0.634266 0.0322434 0.921176 0.0948223
0.583713 0.411646 0.63093 0.0155556 0.940843 0.200238
0.57055 0.442511 0.631688 0.410243 0.454533 0.641442
0.583503 0.386542 0.650124 0.618125 0.20209 0.928423
0.581961 0.411614 0.650124 0.650686 0.134503 0.993458
0.5805 0.407613 0.652204 0.661633 0.0907597 0.979484
end
gesture g3 hands 1
0.564059 0.411107 0.636417 0.624718 0 0.979281
0.559873 0.418852 0.6311 0.750012 0.274129 0.73893
0.564211 0.382758 0.640978 0.959069 0.779947 0.273561
0.558242 0.389015 0.641115 0.92755 0.978861 0.0728823
0.54468 0.434792 0.635569 0.25056 0.976572 0.00146681
0.56243 0.474147 0.608983 0.0343868 0.987242 0.0522323
0.529761 0.47322 0.62482 0.0241031 0.945459 0.146979
0.56253 0.370709 0.635707 0.164968 0.785068 0.319008
0.560591 0.391448 0.633208 0.364602 0.486335 0.597909
0.563539 0.361105 0.645264 0.608455 0.112042 0.982604
0.560829 0.368948 0.645699 0.630438 0.0781469 0.99317
end
gesture g3 hands 1
0.577006 0.328243 0.576095 0.630483 0.00929219 0.95107
0.574833 0.366363 0.562871 0.675029 0.142101 0.814095
0.573419 0.340497 0.572683 0.869385 0.47984 0.377252
0.571892 0.356222 0.570542 1 0.878854 0.0734612
0.551969 0.395422 0.584659 0.896724 0.98512 0.0216994
0.564518 0.402336 0.587781 0.205086 0.904995 0.044157
0.56561 0.442069 0.57246 0.0193485 0.946787 0.12219
0.561359 0.444158 0.583433 0.0393536 0.934471 0.203814
0.534448 0.504493 0.586533 0.360203 0.528589 0.553144
0.52633 0.446298 0.596367 0.660036 0.00480671 0.997725
0.535766 0.434274 0.609124 0.65821 0.00312953 0.993332
end
gesture g3 hands 1
0.551955 0.571365 0.393512 0.519294 0.00386615 0.995648
0.538454 0.557467 0.396157 0.895441 0.860846 0.300879
0.525235 0.549667 0.402102 0.981428 1 0.179907
0.521789 0.564322 0.394792 0.921654 0.970733 0.086839
0.532954 0.56586 0.390412 0.581849 0.911889 0.00438035
0.522743 0.580423 0.410806 0.0921635 0.81456 0.035697
0.513682 0.56788 0.411744 0.00354922 0.796439 0.0603009
0.504609 0.578278 0.415727 0.164641 0.555392 0.230566
0.511106 0.57567 0.417803 0.456483 0.287323 0.599795
0.524745 0.583942 0.382675 0.586799 0.0792607 0.939557
0.55313 0.581503 0.362764 0.57749 0.0158839 1
end
gesture g3 hands 1
0.580942 0.36766 0.718276 0.650777 0.168411 1
0.592203 0.348638 0.700078 0.725284 0.315193 0.8429
0.588037 0.376917 0.684999 0.909414 0.602851 0.39216
0.577279 0.400908 0.68413 1 0.928844 0.0849093
0.579185 0.380642 0.677181 0.728923 1 0
0.580597 0.425643 0.657022 0.112316 0.860766 0.0688273
0.572384 0.425365 0.664284 0.0226825 0.840929 0.18423
0.564581 0.41706 0.669496 0.346512 0.567844 0.541843
0.58635 0.349222 0.678116 0.556517 0.107495 0.871634
0.588514 0.311963 0.689966 0.654033 0.102817 0.957033
0.590268 0.318642 0.682994 0.649117 0.0107863 0.979396
end
gesture g3 hands 1
0.523598 0.372687 0.638655 0.610856 0.144309 0.984713
0.533539 0.343633 0.645223 0.618651 0.15062 0.978058
0.536005 0.339651 0.648539 0.714534 0.307099 0.826305
0.537037 0.353593 0.664705 0.960033 0.783288 0.273108
0.531276 0.382718 0.664222 0.998433 0.913028 0.132536
0.526248 0.403595 0.686735 0.372264 0.95338 0
0.541027 0.37406 0.692204 0.0562089 0.909622 0.0901004
0.529678 0.416687 0.679729 0 0.859706 0.197023
0.52353 0.398187 0.667516 0.329311 0.334204 0.605276
0.550125 0.356636 0.654491 0.610065 0.0115884 0.945748
0.548296 0.358692 0.641247 0.595822 0.0491527 0.928503
end
gesture g3 hands 1
0.499898 0.378255 0.645096 0.555377 0.0109404 0.96998
0.508195 0.375561 0.655584 0.600728 0.0992339 0.915117
0.50393 0.406003 0.704492 0.860363 0.657851 0.476367
0.507377 0.380419 0.712647 1 0.958879 0.224918
0.481175 0.452059 0.689049 0.893408 1 0.117437
0.478735 0.404325 0.685294 0.117907 0.886669 0.0611292
0.477148 0.381281 0.670828 0 0.9394 0.141146
0.483408 0.411177 0.655762 0.0577148 0.874451 0.317445
0.498972 0.367954 0.657873 0.413683 0.20134 0.831945
0.496133 0.402015 0.645296 0.498295 0.094037 0.944804
0.497375 0.385562 0.650207 0.555252 0.0391115 0.977357
end
gesture g3 hands 1
0.539297 0.297785 0.671619 0.598531 0.0111556 0.997197
0.5419 0.297657 0.67209 0.663664 0.136742 0.86728
0.530208 0.336296 0.676037 0.916409 0.600232 0.363063
0.517314 0.335019 0.699809 1 0.813097 0.162458
0.523362 0.366719 0.689829 0.811501 1 0.0369814
0.516014 0.371576 0.692139 0.116609 0.895896 0.0669657
0.504845 0.344291 0.6964 0.00306034 0.841901 0.213434
0.518348 0.347353 0.674736 0.115483 0.701 0.395022
0.54406 0.331753 0.676867 0.415759 0.224004 0.812357
0.543838 0.317997 0.677158 0.523236 0.0817629 0.955528
0.535868 0.339661 0.663814 0.595792 0.0265331 0.964544
end
gesture g3 hands 1
0.488911 0.409991 0.663004 0.576483 0 0.999662
0.503202 0.357165 0.670367 0.902152 0.520278 0.46186
0.513091 0.3444 0.671965 0.990516 0.740313 0.270668
0.506663 0.395565 0.670389 0.917244 0.929519 0.13745
0.499935 0.400854 0.677098 0.620463 0.977921 0.0274
0.506035 0.399726 0.671672 0.278549 0.973643 0.0120452
0.499377 0.381728 0.687793 0.0121778 0.959671 0.103139
0.485603 0.401989 0.670794 0.0195582 0.893679 0.201774
0.493152 0.341297 0.672663 0.155221 0.692084 0.426557
0.521544 0.352414 0.650441 0.508264 0.0823446 0.969718
0.5136 0.365565 0.642651 0.537072 0.093238 0.95648
end
gesture g3 hands 1
0.560645 0.298821 0.68234 0.593089 0.053373 0.931947
0.559194 0.276156 0.684233 0.653369 0.100074 0.851331
0.546803 0.330952 0.682802 0.766539 0.290533 0.656985
0.554639 0.327876 0.702054 1 0.72537 0.194125
0.552467 0.346519 0.706168 0.891808 0.896667 0.0685148
0.564702 0.329708 0.705376 0.474637 0.967016 0
0.538505 0.359079 0.703506 0.151693 0.995754 0.0277447
0.543701 0.356003 0.67442 0.0388526 0.900569 0.203102
0.555654 0.32386 0.68124 0.37721 0.424075 0.661122
0.563087 0.333464 0.682076 0.601236 0.0120182 1
0.556977 0.311715 0.685773 0.620534 0 0.98022
end
gesture g3 hands 1
0.525749 0.30584 0.669198 0.550691 0.0427244 0.991658
0.526804 0.311094 0.660407 0.749267 0.375639 0.69
0.51223 0.302928 0.663718 0.982245 0.750314 0.24314
0.509593 0.356146 0.687005 0.928182 0.939764 0.107489
0.527754 0.366717 0.667051 0.670233 1 0.0088607
0.523304 0.378515 0.66327 0.229296 0.940166 0.0198421
0.509581 0.352984 0.67063 0.0178941 0.93739 0.0850278
0.502336 0.375932 0.668639 0.0324747 0.808072 0.213073
0.491147 0.373667 0.660027 0.220525 0.494247 0.461067
0.485386 0.389253 0.653025 0.458563 0.103028 0.843861
0.509053 0.34512 0.659177 0.569851 0.00742513 0.970944
end
gesture g3 hands 1
0.52252 0.344559 0.670705 0.580947 0.0417684 0.928238
0.529742 0.324909 0.683322 0.60907 0.0643793 0.906364
0.525983 0.373177 0.674377 0.826178 0.503825 0.565377
0.51249 0.404319 0.696784 0.994159 0.948098 0.151491
0.511421 0.393138 0.708356 0.828863 1 0.0654428
0.509747 0.427122 0.700189 0.389509 0.952265 0
0.495634 0.388139 0.704128 0.0795396 0.961272 0.0553182
0.525551 0.347747 0.672374 0 0.942542 0.178883
0.531058 0.368908 0.66443 0.0816986 0.8058 0.378126
0.53209 0.334403 0.675801 0.410135 0.242628 0.843614
0.532966 0.333797 0.681764 0.577533 0.0641246 0.965621
end
gesture g3 hands 1
0.535627 0.478023 0.573089 0.634544 0.0463563 0.98427
0.532016 0.496946 0.57039 0.721729 0.13237 0.76267
0.531504 0.542328 0.561547 0.961094 0.785866 0.272909
0.533458 0.509353 0.579883 1 0.973894 0.203286
0.543641 0.511693 0.58491 0.96896 0.998451 0.156723
0.538009 0.549825 0.631496 0.793875 0.951984 0.0374412
0.512405 0.475474 0.695605 0.555738 0.916634 0.00828407
0.507366 0.421867 0.662259 0.0711586 0.98383 0.375087
0.506078 0.431565 0.613555 0.007041 0.995667 0.489296
0.511931 0.409931 0.601664 0.494458 0.085896 0.878624
0.519177 0.427961 0.59473 0.605356 0 1
end
gesture g3 hands 1
0.51493 0.479581 0.60306 0.561505 0.0138772 0.990494
0.516661 0.464528 0.59837 0.602844 0.0476486 0.894542
0.507531 0.49847 0.591754 0.91562 0.685667 0.416685
0.503709 0.477712 0.615736 0.991729 0.999608 0.303977
0.514337 0.492226 0.610539 0.667978 0.946438 0.0125231
0.534936 0.514419 0.635103 0.11877 0.943086 0.277713
0.527771 0.534582 0.651835 0.00820097 0.966278 0.514664
0.515638 0.491351 0.667831 0.103527 0.735073 0.580195
0.51352 0.42284 0.670416 0.389004 0.169359 0.75595
0.504903 0.416916 0.62874 0.506528 0.00926875 0.90889
0.510178 0.460536 0.610615 0.559382 0.011138 0.999392
end
gesture g3 hands 1
0.507511 0.600801 0.496369 0.558214 0 0.974602
0.504759 0.600286 0.51448 0.573105 0.0196386 0.970849
0.497338 0.636342 0.515085 0.669749 0.168728 0.787105
0.488852 0.622588 0.529685 0.934083 0.745435 0.436443
0.496397 0.606171 0.522179 0.998519 0.962773 0.367609
0.506359 0.624722 0.535859 0.696494 0.900713 0.0499492
0.506164 0.631641 0.574355 0.447153 0.861757 0
0.500834 0.609868 0.587261 0.0370151 0.92492 0.315287
0.500786 0.581246 0.575639 0.140013 0.661443 0.591496
0.494635 0.557482 0.518644 0.498006 0.150211 0.942618
0.509234 0.596454 0.502349 0.531859 0.0942553 1
end
gesture g3 hands 1
0.499146 0.459224 0.642446 0.590042 0.00879928 0.994369
0.491626 0.490256 0.64205 0.595066 0.00722719 0.991794
0.488182 0.462625 0.653198 0.667882 0.127994 0.788998
0.479034 0.477374 0.659904 0.981542 0.637468 0.193486
0.481717 0.448001 0.673062 0.922703 0.784629 0.0819728
0.507531 0.488973 0.678495 0.679142 0.790804 0
0.500299 0.478051 0.700141 0.316965 0.892462 0.184064
0.474488 0.409272 0.706309 0.0118264 1 0.625109
0.46559 0.358245 0.674986 0.0621656 0.853088 0.807928
0.506507 0.428459 0.633985 0.408938 0.267014 0.901955
0.514488 0.411335 0.652887 0.526595 0.102797 0.961801
end
gesture g3 hands 1
0.505153 0.454144 0.568851 0.595031 0 0.96464
0.512465 0.466934 0.582355 0.938188 0.733473 0.327304
0.501192 0.502531 0.583739 1 0.940954 0.242938
0.4853 0.475872 0.617954 0.967594 1 0.182167
0.509528 0.547801 0.592901 0.661107 0.881577 0
0.515522 0.552989 0.598031 0.113937 0.929912 0.26045
0.512493 0.53173 0.625135 0 0.978901 0.418925
0.508269 0.486954 0.617858 0.083962 0.841644 0.501001
0.49951 0.514958 0.561836 0.369802 0.372316 0.697723
0.485617 0.517706 0.563411 0.593668 0.0705131 1
0.486291 0.514968 0.566656 0.593036 0.0605929 0.997375
end
gesture g3 hands 1
0.540763 0.420724 0.634092 0.607925 0.0100431 0.977489
0.550453 0.417061 0.631287 0.660671 0.112353 0.884131
0.530431 0.471011 0.635305 0.935662 0.803325 0.335799
0.526435 0.466789 0.662525 1 0.911512 0.229983
0.535636 0.437485 0.659078 0.965993 0.913515 0.170264
0.561333 0.487474 0.64838 0.569253 0.909035 0
0.547487 0.502335 0.698541 0.311385 0.935457 0.0814972
0.537022 0.424765 0.70641 0.0116055 0.992927 0.423332
0.527134 0.441619 0.659149 0.0751287 0.850653 0.586298
0.526537 0.427531 0.639607 0.35273 0.384121 0.728201
0.541493 0.461545 0.620541 0.606762 0.0219381 0.989162
end
gesture g3 hands 1
0.551628 0.395417 0.61575 0.629899 0.0186126 0.94388
0.549732 0.375962 0.635482 0.665497 0.0425503 0.892644
0.519244 0.418477 0.642662 0.762973 0.234771 0.652876
0.519837 0.399717 0.665276 0.928831 0.583736 0.367954
0.536591 0.444972 0.664885 1 0.765921 0.255763
0.524506 0.404871 0.70225 0.679431 0.860416 0.00884047
0.523037 0.36409 0.695216 0.140394 0.982157 0.241282
0.519094 0.347827 0.682762 0.00225286 0.950044 0.439972
0.512772 0.361275 0.660783 0.100496 0.743629 0.563519
0.520356 0.356082 0.624688 0.398966 0.220112 0.794373
0.532243 0.37541 0.615652 0.614197 0.0249335 1
end
gesture g3 hands 1
0.534927 0.464621 0.510777 0.571062 0.235451 0.996044
0.499453 0.621793 0.511765 0.563639 0.169301 0.982022
0.502466 0.594801 0.516004 0.723915 0.291723 0.69723
0.51702 0.552786 0.477646 0.98103 0.870006 0.399476
0.511849 0.628702 0.524128 0.993339 0.919313 0.38443
0.521921 0.521238 0.537161 0.806744 0.854657 0.207861
0.533099 0.625238 0.505655 0.324296 0.986172 0
0.50004 0.590394 0.596111 0 0.938826 0.124929
0.501468 0.544113 0.558177 0.241234 0.79789 0.354866
0.515065 0.683154 0.435049 0.480452 0.216124 0.816156
0.537729 0.661754 0.43127 0.53171 0 1
end
gesture g3 hands 1
0.522552 0.626287 0.366991 0.514486 0 1
0.51547 0.648815 0.354725 0.724931 0.378307 0.633234
0.511781 0.64913 0.370387 0.85194 0.680718 0.442912
0.518165 0.658459 0.343658 0.971822 0.969323 0.170063
0.515383 0.642941 0.355749 1 0.957382 0.140055
0.511516 0.665176 0.364649 0.66976 0.965995 0.0214591
0.509149 0.642924 0.358267 0.448455 0.969231 0.00257628
0.522357 0.653457 0.342926 0.335558 0.925949 0.0115639
0.527467 0.632572 0.336895 0.00431264 0.898507 0.0883834
0.548512 0.633967 0.316256 0.447032 0.285478 0.616078
0.545887 0.632876 0.323839 0.564473 0.0669987 0.893583
end
gesture g3 hands 1
0.513952 0.43946 0.656066 0.592432 0.0755199 0.97383
0.510825 0.443838 0.629413 0.67383 0.2226 0.726592
0.51328 0.501196 0.614062 0.956171 0.827893 0.311517
0.505572 0.518496 0.617092 0.953573 0.943567 0.225319
0.494619 0.496738 0.634836 0.456808 0.973658 0.0146377
0.53346 0.505038 0.658663 0.144131 0.939361 0.263327
0.526878 0.48818 0.700056 0.0262616 0.819798 0.564584
0.490831 0.473886 0.70194 0.108545 0.684372 0.625095
0.481153 0.373821 0.66042 0.422463 0.225291 0.828242
0.495396 0.382703 0.650339 0.550529 0.00960821 0.986355
0.502419 0.367466 0.650542 0.575516 0.0208534 1
end
gesture g3 hands 1
0.514964 0.428775 0.634043 0.6164 0.00191898 0.975939
0.515009 0.476899 0.637685 0.714272 0.22797 0.706694
0.50641 0.476504 0.654111 0.890833 0.643384 0.374683
0.513983 0.490704 0.644064 0.986348 0.836057 0.273842
0.539625 0.490773 0.670009 0.671657 0.883199 0.00761019
0.522131 0.47123 0.706151 0.408386 0.885844 0.0362677
0.514871 0.476047 0.708336 0.0312489 0.972363 0.451539
0.505938 0.433357 0.678147 0.126669 0.80944 0.684014
0.512668 0.434367 0.639493 0.411094 0.303739 0.835238
0.529875 0.4672 0.613623 0.601973 0.022951 0.998619
0.518857 0.445946 0.634972 0.61563 0.0217075 1
end
gesture g3 hands 1
0.542233 0.472138 0.621052 0.652652 0.0129224 0.991271
0.540868 0.480211 0.617158 0.689311 0.0836118 0.884074
0.519013 0.519548 0.637592 0.8486 0.392762 0.531799
0.522553 0.465677 0.648038 0.962469 0.682336 0.311555
0.538935 0.497187 0.639623 1 0.862673 0.217996
0.552657 0.501636 0.6706 0.664247 0.896613 0.000652873
0.54163 0.478696 0.686849 0.387966 0.906036 0.0553272
0.533904 0.415668 0.657638 0.00790028 1 0.539223
0.530871 0.410475 0.625284 0.00759134 0.969577 0.616966
0.548009 0.423374 0.599433 0.475564 0.156287 0.873289
0.551143 0.477266 0.590994 0.5832 0.0484206 0.968153
end
gesture g3 hands 1
0.556831 0.431586 0.622575 0.60242 0.00925065 0.972177
0.553827 0.420833 0.631293 0.610263 0.00642074 0.978385
0.551913 0.446279 0.627947 0.660116 0.116241 0.830377
0.527182 0.487438 0.664918 0.957862 0.735649 0.291405
0.521144 0.480266 0.665172 1 0.918083 0.210546
0.552976 0.506246 0.669251 0.58752 0.930344 0
0.564303 0.475617 0.684049 0.0691464 1 0.433332
0.54661 0.39881 0.681668 0 0.986119 0.622593
0.534127 0.41617 0.628809 0.0383802 0.89625 0.696914
0.554338 0.499273 0.61396 0.399756 0.280595 0.856679
0.550843 0.496345 0.622702 0.612842 0.0254226 0.978892
end
gesture g3 hands 1
0.496027 0.445203 0.594276 0.725986 0.321025 0.511064
0.483582 0.456877 0.588673 0.690196 0.349573 0.590103
0.499403 0.42349 0.595584 0.585642 0.0761096 0.831769
0.510136 0.427525 0.586454 0.578066 0.0835833 0.862144
0.491363 0.499962 0.60039 0.882829 0.666585 0.292947
0.486215 0.514302 0.604628 1 0.892175 0.207935
0.513316 0.500909 0.613986 0.472822 0.996662 0.017975
0.512956 0.51427 0.634606 0.0527049 0.971512 0.357623
0.504228 0.480964 0.639497 0.0302263 0.923688 0.525086
0.501742 0.423112 0.598315 0.315838 0.32505 0.833163
0.522793 0.452357 0.573599 0.50136 0.0245661 1
end
gesture g3 hands 1
0.542611 0.478168 0.588824 0.595981 0.00776192 0.969874
0.535717 0.458809 0.588252 0.605813 0.0115591 0.936835
0.528257 0.451478 0.620068 0.699591 0.166874 0.691928
0.548499 0.443745 0.60961 0.970662 0.747569 0.240251
0.559944 0.466948 0.614865 0.973074 0.840886 0.158901
0.5586 0.467739 0.648997 0.679725 0.871498 0.00179506
0.544526 0.446387 0.667 0.351809 0.869738 0.0805172
0.517088 0.402947 0.624309 0.0534713 0.971803 0.419522
0.518639 0.40502 0.615724 0 0.965674 0.564037
0.518867 0.427673 0.60256 0.423613 0.166029 0.870808
0.517898 0.428917 0.607919 0.553118 0.0723832 1
end
gesture g3 hands 1
0.535528 0.575594 0.530156 0.660042 0.0571823 0.951724
0.538122 0.600073 0.544623 0.681366 0.138367 0.889914
0.526013 0.59544 0.590621 0.882096 0.684207 0.370354
0.541368 0.576152 0.600873 1 0.968037 0.155284
0.571728 0.608561 0.603015 0.979995 0.931859 0.124232
0.567436 0.62773 0.625569 0.637122 0.916177 0.00275672
0.547645 0.593653 0.659333 0.295885 0.8991 0.199212
0.528925 0.492471 0.645664 0.0215738 0.996353 0.572915
0.51928 0.50557 0.607024 0 0.952831 0.662177
0.51495 0.558319 0.554191 0.481732 0.276896 0.83619
0.515644 0.551071 0.564284 0.654832 0.011622 1
end
gesture g3 hands 1
0.509926 0.454036 0.62626 0.59697 0.0159833 0.979262
0.517997 0.448372 0.608104 0.625606 0.0800195 0.889405
0.515423 0.477051 0.619827 0.727376 0.270948 0.625223
0.501488 0.491384 0.643272 0.993403 0.792315 0.229535
0.498803 0.459096 0.656609 0.913578 0.877126 0.12577
0.529939 0.481738 0.671114 0.640817 0.875068 0
0.518237 0.400418 0.681992 0.354489 0.914794 0.0970346
0.509561 0.371127 0.672902 0.0144126 0.938351 0.589285
0.49984 0.376113 0.648935 0.208395 0.557477 0.727697
0.513072 0.424683 0.606689 0.568471 0.00431706 1
0.520962 0.43924 0.60269 0.578236 0 0.988575
end
gesture g3 hands 1
0.534724 0.497619 0.592951 0.602848 0 0.997422
0.516992 0.547358 0.627155 0.919257 0.727665 0.354084
0.507572 0.526448 0.646095 0.993908 0.92281 0.257345
0.512914 0.518306 0.645457 0.989931 0.985483 0.22794
0.543638 0.570236 0.636497 0.721433 0.89436 0.0133497
0.538848 0.587335 0.654391 0.435742 0.860139 0.0376496
0.531861 0.556263 0.66871 0.126402 0.923011 0.330627
0.524331 0.447994 0.658194 0.00407183 0.992737 0.583607
0.496893 0.477721 0.636344 0.164697 0.759118 0.731602
0.510054 0.481278 0.617736 0.514535 0.144956 0.928095
0.517588 0.50668 0.620263 0.587302 0.0372221 0.980831
end
gesture g3 hands 1
0.576019 0.651394 0.408619 0.580886 0.344453 0.933984
0.582485 0.675315 0.41066 0.6363 0.698508 0.765021
0.593132 0.757099 0.419526 0.868496 0.963485 0.306673
0.591251 0.782823 0.417868 0.979372 0.865289 0.0228036
0.590554 0.748495 0.413945 0.62865 0.825728 0.00325296
0.596487 0.794098 0.386773 0.151081 0.946344 0.0685684
0.595669 0.780418 0.381383 0 0.883769 0.157164
0.587644 0.775687 0.409672 0.267386 0.950741 0.398425
0.580377 0.791072 0.419686 0.352907 0.837959 0.510015
0.55823 0.722544 0.410628 0.608684 0.291193 0.909045
0.569669 0.706174 0.396564 0.630961 0 1
end
gesture g3 hands 1
0.501726 0.725645 0.335314 0.594926 0.0871093 0.920944
0.498785 0.760923 0.356025 0.729107 0.70108 0.544294
0.501457 0.733878 0.363229 0.906756 0.967631 0.222574
0.508228 0.760461 0.380524 0.996597 0.95436 0.0768513
0.507041 0.744876 0.375215 0.965428 0.917671 0.0768203
0.516012 0.77433 0.342269 0.0662127 0.919838 0.084583
0.500949 0.795898 0.360558 0 0.823892 0.124483
0.4766 0.743017 0.387014 0.144039 0.985985 0.264865
0.494186 0.7196 0.328607 0.208006 0.926532 0.350783
0.495794 0.734634 0.320658 0.511449 0.435831 0.82984
0.515278 0.69676 0.304325 0.58714 0 1
end
gesture g3 hands 1
0.522581 0.63046 0.386892 0.637565 0.000284858 1
0.524085 0.618723 0.384165 0.688453 0.352364 0.781948
0.522152 0.672369 0.392616 0.740142 0.480939 0.674057
0.520006 0.664985 0.409093 0.830082 0.729633 0.429562
0.529898 0.72343 0.394101 0.884679 0.816716 0.32364
0.51752 0.696362 0.413395 0.993757 0.762135 0.0789029
0.507074 0.707479 0.426904 0.422982 0.968055 0.00520976
0.495044 0.648997 0.428357 0.0490167 0.902415 0.114432
0.497755 0.625421 0.414637 0.00741265 0.800377 0.169377
0.498546 0.563389 0.389285 0.486493 0.602562 0.724913
0.502755 0.588193 0.372232 0.62245 0.23982 0.958746
end
gesture g3 hands 1
0.546968 0.656543 0.422806 0.568982 0.204827 0.932686
0.531911 0.69457 0.454698 0.708317 0.767412 0.544105
0.524068 0.682719 0.465756 0.773209 0.826695 0.436246
0.524429 0.710648 0.471097 0.917379 0.922718 0.055913
0.540788 0.759447 0.447982 0.247233 0.883226 0.0288936
0.527236 0.755783 0.466724 0 0.951776 0.158649
0.535277 0.694382 0.45526 0.103565 1 0.22084
0.528845 0.714915 0.441923 0.470651 0.700169 0.612575
0.529241 0.669146 0.419526 0.58406 0.205233 0.93634
0.548397 0.670413 0.408999 0.59129 0.0215926 0.995315
0.555136 0.615981 0.405595 0.590387 0 1
end
gesture g3 hands 1
0.515186 0.634523 0.346685 0.589265 0 1
0.500411 0.642457 0.399558 0.639766 0.457 0.786738
0.494813 0.593547 0.402554 0.781195 0.803525 0.438155
0.513709 0.628317 0.358187 0.991804 0.872704 0.0928567
0.506336 0.682296 0.39031 0.963041 0.827328 0.0631502
0.495477 0.669317 0.402006 0.517641 0.959749 0
0.486565 0.704189 0.411801 0.0724642 0.894941 0.101814
0.510587 0.676888 0.360636 0.00338055 0.646783 0.143152
0.512077 0.69147 0.354289 0.0287933 0.64732 0.148951
0.503229 0.604419 0.336858 0.25753 0.666505 0.332765
0.510523 0.611919 0.328062 0.578291 0.0424204 0.952895
end
gesture g3 hands 1
0.519282 0.524517 0.544963 0.498199 0.141069 0.908318
0.51901 0.51578 0.55133 0.888634 0.546031 0.42842
0.519268 0.525074 0.499989 0.986633 0.885744 0.389324
0.51731 0.52067 0.488041 1 1 0.387292
0.513624 0.586012 0.472652 0.635859 0.833704 0.0832837
0.509674 0.510737 0.515053 0.367706 0.824314 0
0.504571 0.586452 0.483598 0.0307315 0.765571 0.146789
0.487412 0.596556 0.520309 0 0.705643 0.226306
0.487208 0.505102 0.568941 0.310188 0.601478 0.566296
0.503241 0.466305 0.551005 0.526482 0.0733757 0.981658
0.501712 0.527226 0.544205 0.527175 0 1
end
gesture g3 hands 1
0.571414 0.508717 0.60927 0.645342 0.177584 0.898075
0.573698 0.52871 0.602511 0.693518 0.287181 0.713451
0.557538 0.430465 0.587748 0.872159 0.585 0.331911
0.574018 0.371766 0.588863 0.957319 0.930478 0.0623797
0.566249 0.391202 0.595621 0.693577 0.977079 0.00389326
0.574917 0.371316 0.593478 0.050873 0.970216 0.0473534
0.579499 0.424495 0.580114 0.00192388 0.931867 0.152756
0.576476 0.373146 0.597612 0.190715 0.726084 0.374409
0.550956 0.423605 0.59245 0.540194 0.28404 0.761505
0.566832 0.412664 0.592647 0.670671 0.211621 0.965048
0.57125 0.526244 0.594812 0.697481 0 1
end
gesture g3 hands 1
0.515565 0.578629 0.386472 0.585805 0 0.929785
0.512802 0.545139 0.384581 0.754611 0.515307 0.54229
0.508134 0.633616 0.392179 0.801883 0.592409 0.434434
0.510975 0.611397 0.394648 0.998673 0.604518 0.109555
0.506547 0.656363 0.389742 0.836368 0.580339 0.0552103
0.473944 0.597212 0.452872 0.478808 0.778054 0.00650849
0.482535 0.606019 0.440143 0.0708161 1 0.11539
0.494172 0.549446 0.398014 0.0250829 0.987633 0.152774
0.500487 0.556126 0.394424 0.214329 0.914644 0.278487
0.516421 0.490617 0.389518 0.483464 0.369187 0.680314
0.518546 0.494898 0.387594 0.610336 0.128156 1
end
gesture g3 hands 1
0.520995 0.61184 0.365621 0.675012 0.0737258 0.983045
0.520124 0.654782 0.395223 0.78136 0.664816 0.519187
0.516688 0.648822 0.406402 0.826255 0.746074 0.383543
0.514618 0.635354 0.400375 0.99642 0.743505 0.0335354
0.514039 0.653547 0.395098 0.842082 0.745897 0.00549569
0.499824 0.645115 0.425512 0.295159 1 0.074597
0.501843 0.612772 0.442343 0.0447891 0.732601 0.146822
0.497315 0.63844 0.447089 0.0223814 0.770499 0.192568
0.501995 0.606941 0.411398 0.217483 0.91498 0.35569
0.519696 0.614572 0.38164 0.352888 0.778982 0.518188
0.518076 0.599311 0.38648 0.551213 0.318177 0.844497
0.0 0.0 0.0 0.60803 0 1
end
gesture g3 hands 1
0.439294 0.538312 0.475805 0.479242 0 1
0.443864 0.521821 0.446587 0.526906 0.172877 0.896597
0.443994 0.575296 0.446981 0.62973 0.479179 0.707452
0.438096 0.573596 0.463263 0.749261 0.687971 0.47666
0.441626 0.541351 0.451677 0.821722 0.726558 0.369123
0.451759 0.579103 0.439135 0.960684 0.727544 0.21004
0.452386 0.597836 0.446587 0.998507 0.715138 0.177363
0.453133 0.568269 0.437026 0.412182 0.9195 0.00227788
0.452588 0.57896 0.425861 0.0185104 0.991317 0.0679978
0.476512 0.556006 0.402746 0.166914 0.71082 0.286024
0.482314 0.571053 0.401733 0.356293 0.249539 0.714792
0.0 0.0 0.0 0.411319 0.028498 0.928009
end
gesture g3 hands 1
0.471468 0.559259 0.48778 0.612147 0.0234668 0.999076
0.476687 0.472107 0.493184 0.684931 0.137478 0.882039
0.473263 0.541991 0.48586 0.856424 0.693498 0.510913
0.477417 0.481483 0.488597 0.985752 0.913776 0.234392
0.478329 0.570505 0.477896 0.800383 0.979415 0.108538
0.486946 0.472911 0.514479 0.292761 0.860404 0.0130831
0.485163 0.572968 0.48394 0.112118 0.808848 0.0682949
0.475671 0.604004 0.502356 0.0447247 0.82387 0.120911
0.475424 0.446301 0.512737 0.189922 0.76475 0.315059
0.479208 0.458227 0.497023 0.481907 0.2652 0.741645
0.486877 0.522873 0.466911 0.590644 0.0342732 0.945997
end
gesture g3 hands 1
0.486035 0.570858 0.385476 0.507504 0 0.96224
0.485215 0.577021 0.37842 0.714512 0.800081 0.471106
0.488875 0.629836 0.404419 0.758265 0.940797 0.359187
0.480529 0.674316 0.3986 0.998123 0.725854 0.101024
0.475062 0.660004 0.410485 0.942303 0.680354 0.0859194
0.458828 0.692898 0.425125 0.0705891 0.882221 0.0884574
0.446573 0.67041 0.449329 0.0242957 0.764827 0.139341
0.453932 0.681537 0.437165 0.146003 0.850976 0.209229
0.463568 0.63243 0.404511 0.346535 0.737806 0.508588
0.476626 0.656024 0.385229 0.565154 0.161959 0.955338
0.48427 0.65238 0.371363 0.584931 0.021645 1
end
gesture g3 hands 1
0.555911 0.603444 0.368126 0.66712 0 0.888734
0.551176 0.615623 0.365866 0.689115 0.26611 0.714086
0.552011 0.688343 0.371576 0.867738 0.906207 0.27009
0.548802 0.677084 0.376513 0.992547 0.962366 0.0744447
0.548143 0.641579 0.381034 0.946378 0.8201 0.0456841
0.531873 0.674126 0.385466 0.879486 0.816794 0.0345307
0.532078 0.636595 0.406821 0.466063 0.905633 0.014544
0.520178 0.660442 0.42425 0.0200977 0.874908 0.182113
0.512681 0.641088 0.42077 0.0634251 0.856352 0.233983
0.529484 0.561163 0.402657 0.355893 0.497871 0.545714
0.529177 0.586914 0.397541 0.609017 0.099914 1
end
gesture g3 hands 1
0.539221 0.635675 0.363355 0.600992 0.0514815 1
0.53695 0.635984 0.364172 0.764725 0.744868 0.488759
0.533174 0.667037 0.374189 0.915647 0.989968 0.21058
0.523894 0.658785 0.404963 0.98502 0.888223 0.0537728
0.510394 0.665196 0.422695 0.80816 0.984077 0.0210004
0.50165 0.648896 0.425328 0.153897 0.907954 0.0857576
0.514489 0.652246 0.414948 0 0.752588 0.188792
0.51747 0.62278 0.393252 0.246813 0.773145 0.233063
0.536425 0.618192 0.366109 0.404379 0.622833 0.409024
0.537108 0.62724 0.362296 0.56593 0.139183 0.833933
0.54728 0.620254 0.352613 0.590142 0 0.947136
end
gesture g3 hands 1
0.579981 0.540265 0.417414 0.667384 0 1
0.585986 0.553616 0.419165 0.759161 0.563173 0.62845
0.586982 0.594871 0.454341 0.829285 0.886545 0.393199
0.58205 0.600749 0.453996 0.981861 0.92001 0.0886566
0.582407 0.658875 0.442987 0.973361 0.765984 0.0584147
0.591603 0.664804 0.441952 0.845655 0.787267 0.0290747
0.616547 0.715709 0.422905 0.38933 0.955539 0.0296583
0.618508 0.726847 0.423462 0 0.923104 0.222279
0.594922 0.667067 0.425956 0.234538 0.83908 0.311281
0.590131 0.681022 0.425929 0.618671 0.113573 0.80868
0.604606 0.640896 0.383617 0.636566 0.0121585 0.858446
end
gesture g3 hands 1
0.495422 0.580633 0.419231 0.557635 0.0803846 0.953448
0.501468 0.612392 0.412677 0.728405 0.504749 0.495673
0.513256 0.59071 0.414862 0.792354 0.576169 0.372884
0.50905 0.622349 0.415852 0.908731 0.673924 0.178547
0.506902 0.600715 0.414104 0.999878 0.589813 0.0792373
0.523145 0.610936 0.391993 0.824148 0.766633 0.0293938
0.51751 0.710787 0.388614 0.311148 0.971702 0.016168
0.491529 0.666304 0.414309 0.0548503 0.98727 0.0708474
0.483621 0.660322 0.400267 0.0215755 0.996813 0.110029
0.499512 0.531735 0.362687 0.310368 0.828798 0.479185
0.499087 0.544827 0.357939 0.401776 0.566684 0.70379
0.0 0.0 0.0 0.551183 0.00975718 0.999009
end
gesture g3 hands 1
0.513357 0.601565 0.400472 0.615148 0.00409163 0.998755
0.511494 0.591764 0.406176 0.689896 0.557519 0.715506
0.514529 0.654183 0.43864 0.795679 0.838311 0.481451
0.518266 0.648285 0.458933 0.853107 0.943057 0.368745
0.519763 0.693122 0.453782 0.98848 0.950308 0.107933
0.52248 0.666158 0.458069 0.563578 0.959845 0
0.52776 0.712819 0.44469 0.289132 0.930764 0.0573542
0.521 0.723596 0.453057 0 0.726287 0.201624
0.525191 0.664789 0.421008 0.0351644 0.770867 0.200345
0.528872 0.649158 0.397844 0.290413 0.829665 0.42617
0.537123 0.668101 0.391034 0.551292 0.0498104 0.964875
end
gesture g3 hands 1
0.546607 0.607023 0.378779 0.579467 0.0659199 0.887147
0.544024 0.584577 0.388273 0.645471 0.364527 0.680771
0.543352 0.614629 0.390795 0.840078 0.834734 0.330083
0.541584 0.64938 0.413213 0.990932 0.806871 0.125435
0.545514 0.603149 0.409416 0.739733 0.772661 0.0431345
0.54677 0.631747 0.396549 0.292842 0.988197 0.0181664
0.545707 0.693332 0.412533 0.0320318 0.905459 0.135638
0.51999 0.605649 0.426958 0.0076784 0.863864 0.171574
0.496682 0.58892 0.417606 0.210683 0.748886 0.308034
0.480919 0.614771 0.419618 0.591191 0.0969738 0.979453
0.477343 0.583256 0.416586 0.597946 0 1
end
gesture g3 hands 1
0.529257 0.562141 0.387562 0.582979 0 1
0.526827 0.563232 0.390899 0.758618 0.564409 0.586514
0.529697 0.586082 0.387331 0.830796 0.740238 0.394754
0.535712 0.641101 0.395359 0.948596 0.999403 0.0690525
0.541004 0.62824 0.396912 0.989481 0.864464 0.00099119
0.544138 0.653808 0.399258 0.754223 0.722281 0.0106717
0.544123 0.602981 0.398003 0.280455 0.792269 0.0548783
0.554768 0.635509 0.371439 0 0.936462 0.195461
0.541986 0.642298 0.371406 0.239479 0.687856 0.254469
0.54334 0.611634 0.358058 0.557282 0.174648 0.848482
0.561809 0.620368 0.306583 0.573883 0.109062 0.929891
end
gesture g3 hands 1
0.479701 0.652395 0.394102 0.513332 0.40812 1
0.48209 0.66865 0.396346 0.627022 0.676947 0.696097
0.497573 0.704277 0.417257 0.868089 0.799379 0.264873
0.503062 0.605166 0.409912 0.983093 0.597219 0.0775148
0.506734 0.662957 0.399072 0.873822 0.680713 0.0517299
0.502245 0.635848 0.39811 0.479136 0.747497 0
0.49626 0.686886 0.403049 0.0804941 0.873999 0.104102
0.492186 0.614062 0.413536 0.0209834 0.937136 0.150476
0.499008 0.649148 0.385955 0.377279 0.484482 0.58712
0.494963 0.603933 0.377008 0.543609 0.124911 0.921138
0.491931 0.621984 0.378868 0.553895 0 0.971361
end
gesture g3 hands 1
0.496977 0.553424 0.382073 0.551148 0.140629 0.941486
0.497224 0.616832 0.37188 0.655409 0.567117 0.607389
0.49884 0.620675 0.377427 0.709848 0.721339 0.486991
0.495755 0.685772 0.401442 0.996107 0.748994 0.0850282
0.495624 0.639335 0.408528 0.952098 0.759626 0.0640327
0.499213 0.66986 0.395025 0.0874724 0.983864 0.0929266
0.493003 0.684881 0.401123 0 0.958246 0.149118
0.482716 0.572047 0.388898 0.208962 0.837029 0.282641
0.511648 0.611029 0.347255 0.45759 0.235322 0.680596
0.508823 0.623692 0.345367 0.530369 0.0196257 0.983622
0.500977 0.587439 0.356286 0.532214 0 1
end
gesture g3 hands 1
0.427465 0.521329 0.537155 0.433386 0 1
0.42295 0.530557 0.527782 0.56237 0.287082 0.74821
0.42162 0.513557 0.52484 0.622281 0.37131 0.647922
0.416898 0.516823 0.526533 0.974465 0.868962 0.212919
0.421518 0.541152 0.508464 1 0.866527 0.195814
0.430611 0.532696 0.502762 0.42938 0.880677 0.00770654
0.42615 0.549602 0.498076 0.132232 0.980684 0.010284
0.428114 0.541857 0.495316 0.00390791 0.969426 0.0479055
0.448163 0.522986 0.50284 0.196116 0.78358 0.4563
0.454138 0.583186 0.486256 0.354945 0.39967 0.838501
0.487477 0.561948 0.45996 0.388625 0.265414 0.901091
end
gesture g3 hands 1
0.514253 0.511895 0.554437 0.506624 0 0.984362
0.514038 0.513012 0.56387 0.647513 0.195348 0.712955
0.500679 0.562076 0.565671 0.838258 0.557741 0.326849
0.483015 0.528798 0.589509 0.959861 0.775187 0.150551
0.504216 0.490606 0.638125 0.955999 0.896403 0.0562242
0.503196 0.497192 0.638797 0.531726 0.922243 0.020129
0.484454 0.439723 0.636566 0.0539451 0.957803 0.447515
0.471712 0.409394 0.635921 0 1 0.554583
0.477755 0.426691 0.595394 0.125601 0.739068 0.719217
0.502304 0.501357 0.5729 0.437618 0.17898 0.932868
0.498632 0.498984 0.572658 0.521918 0.0866014 0.979602
end
gesture g3 hands 1
0.524001 0.478377 0.572264 0.527919 0.00836762 0.992411
0.519006 0.464756 0.585919 0.541706 0.0201347 0.973898
0.512727 0.490943 0.587048 0.65529 0.152418 0.737802
0.495319 0.495031 0.607214 0.884833 0.677232 0.256315
0.491064 0.450382 0.625202 0.985688 0.883985 0.12221
0.509997 0.50962 0.607845 0.921708 0.957782 0.0629694
0.509104 0.501276 0.622891 0.416308 0.849707 0.0628906
0.486903 0.461613 0.664512 0.0184065 0.937196 0.49052
0.475251 0.367581 0.653247 0.0734564 0.826498 0.651147
0.50122 0.411885 0.609237 0.397807 0.21786 0.875322
0.516955 0.422113 0.614147 0.52443 0 0.983325
end
gesture g3 hands 1
0.493805 0.452878 0.619424 0.502857 0.0163706 0.974558
0.479038 0.483406 0.616715 0.560325 0.0301759 0.873712
0.461847 0.46515 0.649055 0.688513 0.234755 0.600077
0.470583 0.497981 0.663019 0.897787 0.630699 0.292065
0.472819 0.47488 0.676899 1 0.867082 0.207194
0.468734 0.503022 0.693125 0.505807 0.946395 0.0144664
0.468913 0.484128 0.696811 0.0864477 0.968586 0.435501
0.452796 0.407238 0.687232 0.0172043 0.936318 0.628954
0.452648 0.385665 0.656903 0.12073 0.744897 0.737844
0.46483 0.43788 0.64428 0.436659 0.118544 0.973664
0.474197 0.435738 0.647128 0.479058 0.0949663 1
end
gesture g3 hands 1
0.505195 0.493842 0.53798 0.503532 0 1
0.488007 0.54 0.541001 0.535997 0.0334339 0.942961
0.471546 0.532058 0.563711 0.646964 0.160718 0.665618
0.472146 0.518141 0.563462 0.965322 0.710949 0.132863
0.496833 0.533908 0.558633 0.956513 0.889955 0.074141
0.486564 0.543813 0.595081 0.511867 0.917332 0.0348587
0.479104 0.528375 0.609566 0 1 0.536589
0.47576 0.493432 0.600065 0.166355 0.669423 0.762686
0.468004 0.49391 0.569194 0.372378 0.219513 0.885736
0.49662 0.525326 0.527077 0.465936 0.0524547 0.966232
0.499885 0.505082 0.552683 0.468623 0.048735 0.971777
end
gesture g3 hands 1
0.50606 0.497189 0.563889 0.516165 0.00819016 0.985259
0.500133 0.498577 0.586529 0.552696 0.0261745 0.940449
0.491663 0.514841 0.581537 0.65285 0.189972 0.692849
0.467468 0.490422 0.620357 0.970358 0.750026 0.171575
0.491299 0.521019 0.613603 0.936568 0.904397 0.0883864
0.502058 0.510839 0.624967 0.445319 0.883474 0.0658934
0.498447 0.52939 0.636742 0 1 0.651857
0.484948 0.501745 0.650749 0.0330316 0.906609 0.731581
0.471245 0.439333 0.606967 0.168785 0.5925 0.820849
0.501659 0.475145 0.555432 0.405999 0.148595 0.882279
0.50324 0.468658 0.562509 0.52225 0.0441531 0.959184
end
gesture g3 hands 1
0.520653 0.441883 0.629894 0.611188 0.081277 0.984814
0.529424 0.45268 0.594146 0.668839 0.213242 0.815181
0.53171 0.48998 0.573935 0.93124 0.673466 0.309728
0.531161 0.512966 0.572881 0.998289 0.855244 0.194145
0.529204 0.487565 0.587979 0.987997 0.904843 0.1494
0.548033 0.529895 0.614972 0.859136 0.938455 0.0539182
0.534383 0.539235 0.653177 0.529291 0.956256 0
0.515831 0.497942 0.671391 0.276837 0.96527 0.111786
0.519615 0.488697 0.643192 0.0472885 1 0.34822
0.526454 0.450851 0.580518 0.0302037 0.889581 0.481161
0.546188 0.436552 0.594914 0.53181 0.0353254 0.914437
0.0 0.0 0.0 0.622707 0.0117528 0.974654
end
gesture g3 hands 1
0.520371 0.422909 0.591572 0.612186 0.00545198 0.985779
0.517511 0.464937 0.574264 0.651232 0.0495872 0.909029
0.514099 0.497202 0.578608 0.740992 0.232698 0.689913
0.512561 0.487643 0.594439 0.961622 0.723785 0.290442
0.513557 0.455566 0.604316 0.998976 0.832503 0.203153
0.519993 0.473624 0.599422 0.755731 0.794056 0.0260831
0.544031 0.518385 0.610071 0.237041 0.856163 0.163113
0.522862 0.513278 0.652205 0.0121502 0.989828 0.415257
0.496863 0.442436 0.60769 0 0.977469 0.46502
0.497916 0.416346 0.565489 0.502962 0.1844 0.866542
0.51238 0.457647 0.561498 0.609588 0.0291922 0.987565
end
gesture g3 hands 1
0.51302 0.631053 0.409001 0.52313 0.0128141 1
0.523164 0.595485 0.433527 0.547943 0.0153519 0.991813
0.513204 0.699932 0.455847 0.688378 0.255801 0.758793
0.515153 0.646231 0.456096 0.80498 0.582101 0.596468
0.510736 0.710561 0.436411 0.849878 0.687109 0.531858
0.520741 0.632722 0.468342 0.870423 0.989273 0.195108
0.509076 0.602453 0.438974 0.220985 0.95291 0.00259859
0.504638 0.649489 0.422243 0.0232065 0.77446 0.0702677
0.51042 0.608433 0.428117 0.00725928 0.790715 0.0537505
0.507796 0.671145 0.422635 0.172891 0.787862 0.268224
0.50744 0.670682 0.432887 0.542125 0.310297 0.96928
0.0 0.0 0.0 0.53924 0.316938 0.973088
end
gesture g3 hands 1
0.512804 0.577501 0.421759 0.556756 0.2101 0.991791
0.519222 0.505518 0.426445 0.569941 0.211071 0.969354
0.51903 0.625448 0.437288 0.680133 0.417755 0.758525
0.514818 0.649042 0.439066 0.85813 0.736106 0.369189
0.519779 0.559513 0.453945 0.947758 0.855242 0.20645
0.515089 0.609484 0.447275 0.973264 0.778976 0.172726
0.509892 0.536972 0.455655 0.847556 0.968078 0.113109
0.508096 0.598774 0.441563 0.109526 0.722117 0.0610863
0.512318 0.533685 0.447617 0.0852503 0.725516 0.203338
0.518098 0.527817 0.418578 0.50437 0.226571 0.751856
0.522562 0.567776 0.393679 0.573212 0.0152533 0.951774
0.0 0.0 0.0 0.565158 0.0208081 0.94035
end
gesture g3 hands 1
0.504008 0.675839 0.421416 0.586933 0.0797022 0.913881
0.514003 0.587006 0.424791 0.809248 0.510323 0.51805
0.502107 0.643839 0.437129 0.854187 0.652113 0.429752
0.506521 0.664915 0.43284 0.971584 0.872337 0.186017
0.500625 0.57348 0.449361 0.948266 0.86222 0.141833
0.498224 0.611739 0.440608 0.323072 0.845709 0.0157826
0.505544 0.572043 0.438886 0.00549362 0.96934 0.0923059
0.49636 0.644742 0.434035 0 0.994809 0.0890717
0.509263 0.531709 0.41537 0.368641 0.617672 0.531021
0.505291 0.599951 0.402119 0.563182 0.00223287 0.968892
0.509314 0.58464 0.406301 0.582189 0.0339383 0.999192
end
gesture g3 hands 1
0.529578 0.496786 0.444367 0.53337 0.104346 0.996857
0.526565 0.540591 0.442681 0.717861 0.382416 0.65541
0.525972 0.505475 0.447167 0.770685 0.469816 0.557356
0.525312 0.537701 0.456709 0.972664 0.782981 0.226165
0.530799 0.499327 0.469566 0.83958 1 0.0698551
0.54213 0.525711 0.447252 0.376408 0.845104 0.00477129
0.539065 0.491762 0.447395 0.00165094 0.537869 0.131768
0.531056 0.525494 0.445081 0.0615196 0.618723 0.140796
0.525449 0.469322 0.43291 0.390061 0.240546 0.597811
0.523991 0.513503 0.423596 0.438223 0.221337 0.663695
0.52277 0.493263 0.426538 0.555849 5.13724e-05 0.901174
end
gesture g3 hands 1
0.536167 0.49277 0.575688 0.62268 0.0122526 0.986258
0.527554 0.478628 0.587618 0.633208 0.0131883 0.960636
0.528433 0.501608 0.581004 0.698341 0.0875136 0.7864
0.518235 0.542345 0.56709 0.967716 0.804069 0.299188
0.515408 0.535063 0.575321 0.962468 0.991832 0.194004
0.535897 0.536972 0.576717 0.555523 0.897271 0
0.543137 0.579302 0.600061 0.237711 0.919902 0.159857
0.527619 0.534047 0.623356 0 0.973632 0.473619
0.523648 0.468624 0.616473 0.0368229 0.912712 0.532164
0.527059 0.481322 0.543011 0.537778 0.167859 0.854987
0.525703 0.492433 0.536251 0.60877 0.13109 0.95897
end
gesture g3 hands 1
0.615265 0.452185 0.53407 0.611701 0.0115941 0.996536
0.608607 0.498822 0.533978 0.749108 0.317882 0.753687
0.615807 0.443245 0.533359 0.913099 0.64101 0.412611
0.617079 0.508311 0.536545 0.994039 0.815544 0.240434
0.619797 0.489966 0.539235 0.758669 1 0.0652893
0.6018 0.515819 0.576442 0.343657 0.827688 0.00767017
0.603076 0.422225 0.575081 0.0390486 0.812243 0.102898
0.60254 0.465369 0.562865 0 0.729559 0.159218
0.608371 0.432757 0.550988 0.234523 0.58681 0.440818
0.613958 0.510853 0.53438 0.547829 0.190067 0.862339
0.614536 0.487442 0.541957 0.611645 0.068013 0.977948
end
gesture g3 hands 1
0.521156 0.473413 0.601768 0.589441 0.00437629 0.983176
0.523035 0.485388 0.614579 0.618607 0.0497552 0.95096
0.522895 0.538661 0.613054 0.710542 0.253594 0.725352
0.513017 0.592557 0.627039 0.961658 0.741505 0.263644
0.52232 0.56648 0.609605 1 0.861074 0.215472
0.522867 0.603708 0.611295 0.939371 0.853005 0.163499
0.522191 0.571759 0.626921 0.541937 0.902817 0.00448168
0.521708 0.580658 0.636495 0.218814 0.974997 0.192149
0.516328 0.465444 0.625044 0.0212093 0.977546 0.583229
0.514579 0.452551 0.608197 0.473493 0.252465 0.907926
0.521248 0.506948 0.587431 0.54966 0.204747 0.937045
end
gesture g3 hands 1
0.57234 0.455544 0.463602 0.64208 0.0845287 0.998158
0.547121 0.409475 0.518869 0.661873 0.196222 0.865628
0.549355 0.489924 0.510137 0.799137 0.593705 0.600605
0.508898 0.454456 0.590937 0.984371 0.900311 0.215173
0.514149 0.50137 0.542524 0.939217 1 0.0831952
0.512397 0.49215 0.539134 0.602791 0.805324 0.00832689
0.502393 0.441622 0.605159 0.43179 0.72008 0
0.508745 0.350908 0.602986 0 0.686759 0.155153
0.5272 0.389404 0.566473 0.0513141 0.591901 0.247928
0.551291 0.387264 0.472077 0.584173 0.0910854 0.932574
0.56122 0.420756 0.439174 0.602089 0 1
end
gesture g3 hands 1
0.538309 0.510435 0.433498 0.632936 0.0286865 0.975604
0.538408 0.482851 0.46404 0.89837 0.693563 0.319028
0.516048 0.503445 0.469112 1 0.98222 0.101732
0.509436 0.529114 0.487668 0.957352 0.973851 0.0785266
0.52143 0.44613 0.529698 0.517884 0.676869 0.00622384
0.540316 0.518682 0.459545 0.399913 0.623494 0.00868108
0.536607 0.51137 0.458585 0.0180023 0.72566 0.245533
0.523471 0.473102 0.516636 0.024446 0.723158 0.273156
0.52641 0.519004 0.42493 0.423721 0.453355 0.572975
0.528664 0.492516 0.418245 0.607959 0.249493 0.893772
0.542094 0.417109 0.415057 0.643414 0.181597 1
end
gesture g3 hands 1
0.573385 0.561784 0.388411 0.652518 0.0295128 0.999255
0.549416 0.63028 0.42788 0.707858 0.117063 0.872132
0.553723 0.604582 0.437148 0.942561 0.749274 0.307875
0.560548 0.643246 0.426001 0.984249 0.99943 0.152593
0.566962 0.639795 0.44311 0.459692 0.929064 0
0.529587 0.555931 0.51683 0.148165 0.959352 0.0866176
0.520557 0.484722 0.507984 0.004262 0.933503 0.179618
0.545302 0.615778 0.418418 0.221289 0.614053 0.356157
0.541661 0.628144 0.39217 0.31665 0.538504 0.447441
0.563029 0.550368 0.363719 0.644111 0.119397 0.931854
0.57428 0.570646 0.358276 0.661391 0.0855818 1
end
gesture g3 hands 1
0.590386 0.531122 0.391621 0.663404 0.0522689 0.998865
0.570186 0.494447 0.425452 0.645785 0.00198982 0.959981
0.571131 0.551887 0.445977 0.719731 0.115973 0.75349
0.566893 0.515924 0.47723 0.953282 0.771197 0.268927
0.573907 0.565808 0.431193 0.998959 0.953693 0.176098
0.577957 0.559413 0.423183 0.990216 0.958756 0.175136
0.559568 0.532988 0.458801 0.606315 0.821778 0.0238947
0.510494 0.561666 0.523024 0.461838 0.836961 0.00209723
0.536551 0.611844 0.430196 0.0607072 0.955977 0.114626
0.560596 0.520252 0.359406 0.00887466 0.959848 0.160627
0.576943 0.566853 0.338709 0.377695 0.244373 0.56137
0.0 0.0 0.0 0.600295 0.0517347 0.973939
end
gesture g3 hands 1
0.515555 0.498992 0.444067 0.525697 0.051351 0.991081
0.502569 0.545088 0.467487 0.582036 0.0823456 0.879853
0.496133 0.570138 0.498702 0.724976 0.386825 0.684008
0.488733 0.510606 0.531911 0.892321 0.796059 0.415908
0.500737 0.551668 0.489892 1 0.997478 0.275133
0.496078 0.540018 0.495222 0.637709 0.820023 0.0716383
0.455328 0.443611 0.563271 0.0774296 0.765976 0.0618497
0.493521 0.422362 0.451572 0.000161973 0.737613 0.111771
0.502022 0.461151 0.418653 0.165719 0.501896 0.27303
0.523597 0.619069 0.362568 0.38032 0.401495 0.583729
0.528907 0.631041 0.355244 0.514333 0.374282 1
end
gesture g3 hands 1
0.553166 0.550377 0.410916 0.585013 0.0460529 0.947794
0.543985 0.454571 0.451168 0.712965 0.118727 0.720507
0.545498 0.457101 0.450896 0.918607 0.565912 0.329823
0.541784 0.517288 0.456162 0.975685 0.942248 0.161704
0.51896 0.540448 0.522441 0.730373 0.84416 0.063041
0.510229 0.465595 0.561966 0.139192 0.949753 0.049422
0.536636 0.530594 0.518415 0 0.923626 0.158133
0.521904 0.39486 0.516811 0.199536 0.70351 0.314691
0.531713 0.40656 0.488756 0.504063 0.286561 0.650052
0.551397 0.550719 0.39076 0.609983 0.165161 0.952152
0.564765 0.51841 0.398931 0.610571 0.155916 1
end
gesture g3 hands 1
0.517724 0.48913 0.552178 0.606468 0.0162155 0.979106
0.515711 0.496752 0.55347 0.613969 0.0230799 0.95938
0.513639 0.543976 0.549967 0.730163 0.251516 0.688927
0.50166 0.52539 0.590165 0.979568 0.8462 0.286751
0.497609 0.513665 0.598363 1 0.922373 0.241062
0.530467 0.546979 0.619232 0.48796 0.916295 0.00857121
0.517503 0.552613 0.650536 0.0539464 0.988234 0.340687
0.513336 0.517816 0.621369 0.0898876 0.797879 0.602023
0.509806 0.49362 0.574886 0.431088 0.251943 0.806837
0.519193 0.517002 0.54706 0.577652 0.0531893 0.987156
0.525015 0.518925 0.544501 0.608354 0.0222173 0.990659
end
gesture g3 hands 1
0.605789 0.555818 0.348409 0.629131 0 0.991936
0.552127 0.592331 0.443188 0.63357 0.0536156 0.88491
0.538746 0.508065 0.502923 0.734328 0.332803 0.687718
0.56719 0.532578 0.412259 0.967899 0.911719 0.240601
0.530974 0.495264 0.512913 0.996984 0.991802 0.172635
0.51485 0.383348 0.570989 0.985405 0.913356 0.176485
0.524911 0.398142 0.543145 0.37266 0.755639 0
0.537082 0.498442 0.47581 0.0336313 0.796118 0.0682644
0.542377 0.512579 0.466087 0.00149169 0.806179 0.0771586
0.548162 0.448244 0.444416 0.583917 0.116635 0.873229
0.575742 0.513538 0.396728 0.634482 0.000753417 1
end
gesture g3 hands 1
0.591895 0.445409 0.476265 0.637711 0.073908 0.948453
0.581505 0.494302 0.451344 0.648061 0.06287 0.819204
0.575732 0.468724 0.505321 0.695522 0.260348 0.70733
0.560977 0.493004 0.584365 0.946934 0.861855 0.168352
0.56266 0.44124 0.59474 0.98761 0.99191 0.120795
0.558404 0.491355 0.579613 0.753778 0.964451 0.0817271
0.593904 0.496737 0.507498 0.139183 0.821155 0.0551747
0.600411 0.571072 0.520629 0 0.892397 0.137155
0.572564 0.465238 0.591076 0.441498 0.403619 0.618818
0.584553 0.42341 0.56104 0.630358 0.0921906 0.985526
0.610753 0.486887 0.459614 0.639335 0.0704308 0.990605
end
gesture g3 hands 1
0.515995 0.516362 0.346638 0.481285 0.0136819 1
0.520165 0.50969 0.352306 0.714023 0.259269 0.617494
0.503971 0.530205 0.369549 0.940781 0.722499 0.288207
0.479399 0.499484 0.414655 0.991824 1 0.156886
0.490195 0.543291 0.383003 0.968883 0.922022 0.135974
0.491315 0.54089 0.391445 0.514457 0.723881 0.00176008
0.462698 0.48895 0.435507 0.123734 0.659685 0.0650034
0.461581 0.470697 0.426259 0.0162487 0.606555 0.165955
0.512864 0.483691 0.330827 0.218168 0.344492 0.411234
0.527357 0.472786 0.314181 0.452322 0.0787716 0.956356
0.52469 0.500274 0.323219 0.450051 0.058504 0.985352
end
gesture g3 hands 1
0.494676 0.59739 0.35918 0.469371 0.0938413 1
0.434245 0.57378 0.428266 0.690901 0.223921 0.565389
0.44547 0.548861 0.447308 0.915113 0.565705 0.304268
0.477928 0.681106 0.380738 0.999317 0.834789 0.225894
0.473965 0.700803 0.391828 0.768687 0.935007 0.0843996
0.45421 0.593435 0.426712 0.151034 0.906124 0.030287
0.446789 0.578222 0.439231 0.0218321 0.989827 0.0782179
0.437088 0.678184 0.394158 0.0827829 0.923691 0.17523
0.437945 0.657295 0.352222 0.221307 0.777739 0.393328
0.510748 0.637145 0.283136 0.479226 0.157098 0.875466
0.519133 0.633358 0.289007 0.49726 0 0.980244
end
gesture g3 hands 1
0.536198 0.598239 0.342898 0.545839 0.0043741 0.983366
0.494864 0.703543 0.387245 0.574759 0.054749 0.917829
0.475271 0.704437 0.395417 0.712482 0.313644 0.648805
0.452258 0.577073 0.453298 0.999529 0.977647 0.156621
0.45492 0.596657 0.450843 0.96129 0.976893 0.113953
0.47725 0.688694 0.390345 0.644421 0.865654 0.0123062
0.48529 0.654088 0.394125 0.162487 0.873011 0.121447
0.464047 0.499646 0.421095 0 0.851509 0.253617
0.479272 0.577305 0.356625 0.339261 0.289643 0.623223
0.494763 0.554782 0.322484 0.512958 0.103826 0.963308
0.498877 0.563238 0.321353 0.524802 0.0827895 1
end
gesture g3 hands 1
0.566645 0.544129 0.411366 0.544255 0.209947 0.984468
0.50083 0.581491 0.483002 0.694107 0.00730966 0.771749
0.501466 0.588123 0.498765 0.790434 0.160189 0.592023
0.49783 0.538385 0.518907 0.951605 0.712314 0.256519
0.499697 0.51985 0.521241 0.994378 0.974642 0.144137
0.500926 0.585819 0.47041 0.982466 0.96443 0.132697
0.504848 0.588306 0.494298 0.436689 0.950728 0.00342911
0.456879 0.477794 0.560863 0.0025525 0.927614 0.249229
0.477024 0.53598 0.497353 0.0466064 0.823578 0.243062
0.494498 0.556662 0.445657 0.564227 0.0661255 0.874824
0.525013 0.505502 0.41612 0.585632 0.0255533 0.948996
end
gesture g3 hands 1
0.56579 0.669398 0.302412 0.630877 0.0401642 1
0.535766 0.605458 0.395991 0.768864 0.0895715 0.821513
0.527144 0.571964 0.403122 0.905376 0.490746 0.42769
0.494375 0.598622 0.466571 0.994778 0.832115 0.120728
0.498863 0.524035 0.497798 0.943497 0.93305 0.0871356
0.523744 0.63831 0.417279 0.503473 0.966438 0.0030165
0.518226 0.624767 0.441445 0.175613 0.959481 0.159017
0.511074 0.491975 0.464617 0.0190216 0.858509 0.296541
0.547127 0.603141 0.323322 0 0.833993 0.323004
0.554613 0.552172 0.320888 0.276227 0.453773 0.500565
0.560811 0.54311 0.326921 0.640963 0.0429485 0.925719
end
gesture g3 hands 1
0.534355 0.53292 0.44862 0.58295 0.027884 0.894737
0.530825 0.508028 0.465018 0.732847 0.148738 0.653311
0.510424 0.556545 0.489108 0.907251 0.638401 0.359255
0.483322 0.472315 0.577417 0.998288 1 0.194487
0.479973 0.475739 0.577417 0.798346 0.925939 0.0783255
0.515308 0.588026 0.473561 0.501609 0.90679 0
0.537098 0.587818 0.487013 0.219854 0.793562 0.099436
0.526503 0.460771 0.550479 0.0153446 0.774467 0.28705
0.503605 0.436283 0.570903 0.0476714 0.711532 0.36459
0.507239 0.556698 0.420602 0.203515 0.571729 0.528606
0.529286 0.544464 0.383026 0.523302 0.152224 1
end
gesture g3 hands 1
0.511381 0.596962 0.448415 0.537921 0.0540422 0.996634
0.514136 0.550725 0.433818 0.64376 0.282792 0.867399
0.511884 0.593663 0.453036 0.849622 0.825598 0.546868
0.520755 0.67574 0.425984 1 0.941759 0.231447
0.514768 0.709944 0.43697 0.976135 0.94678 0.220522
0.515809 0.636768 0.44257 0.334054 0.894868 0.0112924
0.508904 0.671165 0.443886 0.0224169 0.88288 0.116381
0.51016 0.613451 0.450006 0.0178126 0.822285 0.140619
0.510758 0.663532 0.442356 0.316422 0.322937 0.503596
0.504084 0.580514 0.449272 0.370573 0.343059 0.570278
0.510929 0.661459 0.429136 0.536322 0.171028 0.855984
0.0 0.0 0.0 0.572291 0.036845 0.976864
end
gesture g3 hands 1
0.506612 0.474018 0.470002 0.588837 0.0331761 0.994056
0.504768 0.499022 0.477605 0.747919 0.175009 0.735676
0.515156 0.442123 0.479295 0.929951 0.649751 0.403077
0.505416 0.591235 0.478691 0.726345 0.960055 0.0500829
0.502294 0.49653 0.495376 0.618415 0.87327 0.0392819
0.501002 0.543479 0.490247 0.261912 1 0.0130035
0.505658 0.457242 0.49444 0.0133106 0.712409 0.11323
0.501986 0.509816 0.48901 0.0152534 0.712088 0.121919
0.509195 0.440262 0.47667 0.190239 0.683633 0.349856
0.504451 0.510748 0.470696 0.518325 0.20171 0.856268
0.504132 0.471722 0.480653 0.534216 0.0293759 0.953779
end
gesture g3 hands 1
0.485791 0.616727 0.431556 0.562796 0 0.862871
0.499126 0.582081 0.464499 0.691265 0.275903 0.658001
0.495169 0.680136 0.439807 0.919558 0.821593 0.266009
0.487613 0.60605 0.446899 0.983292 0.849892 0.198472
0.479043 0.652019 0.455381 0.676827 0.982121 0.0588525
0.48488 0.58697 0.459318 0.568309 0.8655 0.0446677
0.476087 0.620989 0.457118 0.211348 0.910339 0.00697662
0.480921 0.524377 0.437085 0.0180059 0.753639 0.113363
0.482451 0.587365 0.435175 0.340106 0.643222 0.584848
0.489685 0.516568 0.440009 0.555543 0.187052 0.99835
0.488178 0.534037 0.44027 0.560744 0.235251 0.985555
end
gesture g3 hands 1
0.510032 0.471882 0.411636 0.544481 0.0452044 0.863986
0.506239 0.46617 0.407489 0.783114 0.387104 0.48466
0.512449 0.458799 0.402613 0.878347 0.814201 0.306981
0.508982 0.521648 0.430918 0.997319 0.856762 0.142251
0.504658 0.53372 0.447476 0.859662 1 0.0846921
0.502907 0.630369 0.431329 0.697756 0.906332 0.0451164
0.510861 0.633848 0.431646 0.429185 0.893412 0.00497071
0.499788 0.556311 0.440416 0.0396732 0.705997 0.105461
0.493079 0.572862 0.437155 0.329874 0.42369 0.547887
0.484408 0.506491 0.443613 0.445253 0.406618 0.729365
0.492027 0.556939 0.429968 0.567256 0.0964506 1
end
gesture g3 hands 1
0.529016 0.545918 0.488732 0.547909 0.0501734 0.997582
0.531983 0.542675 0.467554 0.638577 0.255556 0.839034
0.530725 0.458711 0.45792 0.890492 0.735935 0.342565
0.534306 0.497905 0.444893 1 0.805843 0.117829
0.543863 0.466239 0.470323 0.840959 0.994204 0.0567109
0.520976 0.545062 0.492438 0.192656 0.856247 0.0415777
0.519332 0.534008 0.482765 0.0255907 0.764613 0.113265
0.528265 0.58463 0.447467 0.124715 0.709846 0.230002
0.535715 0.508055 0.44852 0.421648 0.208298 0.691954
0.528515 0.452897 0.464121 0.454696 0.201054 0.73123
0.525367 0.540381 0.454878 0.578062 0 1
end
gesture g3 hands 1
0.497799 0.52758 0.45281 0.586254 0.0363609 0.99679
0.499702 0.504318 0.449435 0.79384 0.397404 0.567864
0.499278 0.561892 0.442354 0.929359 0.813499 0.269009
0.494967 0.554636 0.474946 1 0.873356 0.143471
0.497603 0.513726 0.488711 0.486776 0.89506 0
0.498644 0.591384 0.467435 0.0361941 0.907549 0.163424
0.488838 0.50358 0.500391 0.00345989 0.982332 0.155714
0.486736 0.540188 0.468097 0.0900996 0.840423 0.214082
0.493228 0.490851 0.464656 0.557358 0.0576029 0.855139
0.486278 0.514426 0.459328 0.552045 0.041868 0.863609
0.501802 0.441804 0.456979 0.0 0.0 0.0
end
gesture g3 hands 1
0.512256 0.470101 0.497087 0.508765 0.0765239 0.99579
0.508451 0.547931 0.484161 0.521663 0.0191308 0.990931
0.517691 0.524976 0.447739 0.776626 0.527428 0.638931
0.522426 0.585179 0.451831 0.971778 0.961134 0.242117
0.508398 0.519264 0.501062 0.996993 1 0.179991
0.506398 0.595629 0.489372 0.557594 0.874349 0.0190501
0.512156 0.526662 0.494702 0.46491 0.888939 0
0.504961 0.567899 0.504065 0 0.807833 0.13129
0.5009 0.482188 0.520701 0.163057 0.575261 0.303036
0.507309 0.530612 0.503476 0.528295 0.208015 0.879928
0.503835 0.573515 0.488106 0.54026 0.0866072 0.941289
end
gesture g3 hands 1
0.510643 0.453375 0.523216 0.564288 0.0827326 0.948585
0.501992 0.531063 0.52183 0.580941 0.0462585 0.931869
0.504763 0.471696 0.508623 0.703929 0.277866 0.737676
0.507062 0.572669 0.506766 0.745406 0.302252 0.666332
0.505652 0.464613 0.526194 0.894208 0.537462 0.378743
0.509006 0.511556 0.526813 0.967149 0.703408 0.177211
0.505358 0.570571 0.518735 0.48218 0.98778 0
0.508346 0.473173 0.531825 0.13212 0.943983 0.0717276
0.502106 0.545282 0.49117 0.0627156 0.642365 0.206426
0.502269 0.461439 0.501135 0.403231 0.612694 0.702181
0.509882 0.477377 0.500811 0.557949 0.156626 1
end
gesture g3 hands 1
0.536003 0.466533 0.502266 0.571367 0.0363372 0.993479
0.524567 0.558984 0.500093 0.78364 0.484244 0.656472
0.527788 0.515894 0.50071 0.89263 0.808222 0.43543
0.531243 0.577412 0.483783 0.965013 0.920086 0.274343
0.524859 0.525135 0.524021 0.994091 0.844984 0.22485
0.527401 0.52818 0.526516 0.530009 0.99191 0.00370193
0.517548 0.572943 0.552242 0.0101363 0.76406 0.161514
0.51735 0.503204 0.560075 0.112646 0.880674 0.31839
0.517218 0.556309 0.490329 0.425907 0.52182 0.678093
0.532127 0.510548 0.488022 0.541912 0.058498 0.874242
0.53002 0.539403 0.493011 0.554407 0.0565981 0.883199
end
gesture g3 hands 1
0.518213 0.530082 0.492608 0.560362 0.000321348 0.961129
0.516833 0.534491 0.48812 0.858045 0.770832 0.411209
0.513891 0.627026 0.493596 0.894633 0.885477 0.334722
0.512441 0.669736 0.488627 0.999543 0.907206 0.164249
0.510673 0.590885 0.496589 0.883116 0.841414 0.123026
0.508454 0.650771 0.506153 0.263637 0.997598 0.0205712
0.510687 0.568812 0.521648 0.0385946 0.864248 0.135636
0.500969 0.622063 0.526617 0.0134754 0.870295 0.144559
0.502451 0.570284 0.523785 0.112776 0.671402 0.264139
0.511335 0.639675 0.485421 0.14084 0.762337 0.296011
0.515251 0.63061 0.486971 0.404519 0.740799 0.691405
0.0 0.0 0.0 0.557871 0.180404 0.948038
0.0 0.0 0.0 0.577163 0.040991 0.99292
end
gesture g3 hands 1
0.496354 0.530067 0.458942 0.547591 0 0.983785
0.505624 0.548004 0.448576 0.76515 0.222116 0.625685
0.502508 0.524901 0.451414 0.865637 0.658794 0.468974
0.504055 0.614516 0.442929 0.998194 0.611319 0.230636
0.491595 0.567566 0.462504 0.893743 0.855203 0.154742
0.488659 0.587923 0.468092 0.303507 0.998354 0.00321413
0.485899 0.564781 0.473189 0.0350959 0.888113 0.111018
0.483739 0.589601 0.476258 0.0083999 0.811816 0.135399
0.485997 0.572098 0.469019 0.164594 0.639308 0.348488
0.488435 0.580548 0.459087 0.398993 0.626602 0.745678
0.485043 0.592395 0.468961 0.528066 0.0748865 0.994006
end
gesture g3 hands 1
0.507067 0.459261 0.449658 0.56078 0.00901116 0.923303
0.49705 0.5586 0.446015 0.722448 0.20331 0.640739
0.502155 0.499346 0.450392 0.937299 0.714584 0.267285
0.495878 0.502731 0.449794 0.991869 0.700033 0.172698
0.498116 0.59751 0.473719 0.951004 1 0.12221
0.491112 0.54277 0.478396 0.718345 0.878353 0.0585084
0.497589 0.640907 0.478232 0.032702 0.891512 0.0829776
0.505245 0.509101 0.418147 0.0517275 0.689086 0.138142
0.496945 0.57367 0.419969 0.326039 0.601584 0.577554
0.497852 0.442272 0.412873 0.358873 0.606461 0.645741
0.507673 0.550846 0.409909 0.540406 0.0505613 0.993285
end
gesture g3 hands 1
0.546245 0.369684 0.649624 0.62729 0.0425713 0.987605
0.555456 0.335016 0.64758 0.928911 0.699989 0.266423
0.560187 0.337049 0.650885 1 0.880695 0.123404
0.556061 0.347456 0.640643 0.919652 0.983716 0.0546459
0.55858 0.322006 0.647623 0.244155 0.844766 0.0292474
0.560622 0.391508 0.648885 0.0328918 0.848085 0.0858504
0.571256 0.415508 0.63549 0.0145897 0.826619 0.156957
0.571404 0.379045 0.646406 0.303426 0.551647 0.491792
0.550681 0.418745 0.646428 0.565062 0.242957 0.876943
0.566578 0.388645 0.661562 0.679778 0.041547 0.999152
0.562468 0.381632 0.66752 0.661129 0.0178763 0.985105
end
gesture g3 hands 1
0.551591 0.415954 0.619242 0.607022 0 0.964304
0.557834 0.389587 0.623655 0.985979 0.763386 0.193069
0.555798 0.401866 0.623155 0.96825 0.864493 0.114068
0.549163 0.385453 0.635047 0.698509 1 0.0121742
0.533193 0.401078 0.644156 0.331938 0.953994 0
0.55747 0.39029 0.642677 0.0570602 0.903779 0.0645014
0.513977 0.422503 0.646286 0.0219383 0.86225 0.158416
0.535622 0.376248 0.654699 0.295422 0.697712 0.525534
0.532964 0.400551 0.648634 0.437887 0.515283 0.732995
0.539483 0.363696 0.657243 0.592471 0.0688584 0.998609
0.536908 0.39197 0.648025 0.615284 0.0178314 0.989652
end
gesture g3 hands 1
0.564905 0.347398 0.647039 0.65622 0.0608628 0.98129
0.565622 0.338559 0.645768 0.782183 0.311273 0.733356
0.564047 0.36065 0.641058 0.967891 0.65469 0.229949
0.55923 0.404475 0.648178 0.995979 0.777628 0.0987841
0.563963 0.415248 0.633762 0.757024 0.899751 0.0153796
0.54999 0.396296 0.639743 0.107684 0.985688 0.049162
0.570009 0.337636 0.638714 0 0.97275 0.134998
0.575527 0.365474 0.632798 0.0874507 0.821571 0.268616
0.577018 0.341854 0.637903 0.294627 0.462662 0.524111
0.580707 0.367691 0.631703 0.646693 0.0463376 0.984839
0.577025 0.351858 0.637509 0.683222 0.0107928 0.979297
end
gesture g3 hands 1
0.550042 0.351715 0.626075 0.644239 0 1
0.556982 0.337528 0.621756 0.714336 0.194967 0.810235
0.546731 0.407692 0.608649 0.904456 0.603804 0.388382
0.552927 0.433493 0.611823 0.988915 0.864717 0.150486
0.561465 0.400444 0.616941 0.984135 0.945373 0.0792053
0.551337 0.429945 0.598392 0.821617 1 0.0128482
0.550204 0.373962 0.613788 0.0929403 0.814306 0.0572878
0.551344 0.37792 0.607742 0 0.721576 0.147592
0.564663 0.34795 0.606813 0.0752179 0.656334 0.246707
0.56761 0.378806 0.602775 0.620145 0.0627479 0.928158
0.569407 0.368757 0.600508 0.636983 0.0426331 0.938329
end
gesture g3 hands 1
0.549555 0.325489 0.677254 0.638286 0.0158815 1
0.552463 0.316671 0.674299 0.679672 0.0737081 0.93629
0.555985 0.38404 0.667158 0.844509 0.436587 0.49981
0.550103 0.381187 0.683499 1 0.868382 0.1034
0.553879 0.39455 0.681641 0.792685 1 0.0254304
0.571583 0.356501 0.681798 0.122531 0.940099 0.0507041
0.563432 0.375413 0.669015 0 0.948479 0.150859
0.533518 0.357935 0.659233 0.0919455 0.810029 0.328155
0.55553 0.333154 0.655853 0.382263 0.3569 0.696605
0.553961 0.319074 0.658987 0.570533 0.0911327 0.921314
0.551956 0.339282 0.652428 0.647145 0.00277771 0.97448
end
gesture g3 hands 1
0.503573 0.393153 0.68074 0.583598 0 0.995332
0.507556 0.369467 0.67516 0.646712 0.13313 0.861357
0.504418 0.38632 0.66918 0.856934 0.507299 0.428955
0.501296 0.390643 0.672382 0.983172 0.969014 0.124461
0.524492 0.357075 0.672626 0.777957 1 0.0392344
0.512046 0.359503 0.665668 0.0949358 0.899583 0.0378118
0.508112 0.3189 0.67187 0 0.857873 0.115325
0.51682 0.315078 0.650552 0.109362 0.750353 0.29218
0.524831 0.341921 0.637749 0.363694 0.321897 0.723713
0.532785 0.301647 0.650953 0.524663 0.0545918 0.97417
0.533237 0.307041 0.663223 0.559617 0.00355579 1
end
gesture g3 hands 1
0.494922 0.344777 0.637468 0.563698 0.00375159 0.978532
0.497277 0.34792 0.646609 0.707179 0.260419 0.723143
0.5001 0.344906 0.656083 0.976587 0.698367 0.235794
0.493024 0.383803 0.654879 0.93521 0.900962 0.0943443
0.497392 0.371216 0.672936 0.655917 1 0
0.5072 0.396814 0.655748 0.0258979 0.944349 0.0873442
0.49613 0.360618 0.645026 0.00656679 0.890246 0.167644
0.538163 0.316882 0.645115 0.132258 0.735142 0.302205
0.538627 0.346441 0.63515 0.325587 0.434288 0.539649
0.535707 0.309551 0.652315 0.505895 0.00395419 0.891678
0.538197 0.308243 0.657064 0.584944 0.0601359 0.988385
end
gesture g3 hands 1
0.55539 0.408232 0.605142 0.632092 0.0983904 1
0.564316 0.388122 0.608778 0.759387 0.303524 0.741379
0.556061 0.407618 0.604036 0.945301 0.636953 0.285582
0.552676 0.398912 0.606046 1 0.845893 0.136344
0.552538 0.417055 0.624336 0.851226 0.999432 0.0380716
0.538806 0.43294 0.620113 0.121364 0.951951 0.0461556
0.547016 0.425326 0.620474 0.00402591 0.927707 0.107779
0.519253 0.445331 0.630433 0.318011 0.532352 0.56597
0.511617 0.401376 0.639398 0.529082 0.152628 0.875895
0.530227 0.424824 0.612052 0.606269 0 0.967258
0.538028 0.427622 0.61982 0.639109 0.0268918 0.95057
end
gesture g3 hands 1
0.504993 0.380573 0.658565 0.546957 0.11095 0.940401
0.503533 0.388757 0.655679 0.593539 0.142924 0.89614
0.502607 0.372502 0.661837 0.702114 0.329131 0.70755
0.505524 0.378823 0.671175 0.995939 0.777759 0.162778
0.503826 0.362782 0.660701 0.935187 0.905022 0.0844335
0.519051 0.379855 0.648976 0.211871 0.878245 0.0146327
0.51408 0.389441 0.646545 0.0100727 0.859859 0.0764809
0.483721 0.342908 0.656088 0.0237722 0.89101 0.172502
0.483092 0.388194 0.647068 0.356792 0.44364 0.638068
0.49336 0.343712 0.644546 0.555545 0.0369142 0.98355
0.492485 0.362682 0.637411 0.587787 0.0162015 0.980232
end
gesture g3 hands 1
0.508219 0.392708 0.626805 0.598111 0 1
0.520519 0.349275 0.638195 0.747635 0.370553 0.669381
0.521628 0.355157 0.63749 0.88627 0.575325 0.369834
0.518691 0.392381 0.629925 0.953675 0.942162 0.101017
0.521946 0.411226 0.626356 0.298673 0.969491 0
0.510324 0.390408 0.630694 0.0532136 0.963735 0.0534684
0.501202 0.400726 0.618898 0.00708222 0.898246 0.159144
0.520451 0.384435 0.611098 0.26438 0.525428 0.473801
0.520136 0.39784 0.610051 0.535725 0.0997202 0.890926
0.525505 0.377004 0.619454 0.58866 0.0359169 0.946126
0.5214 0.393192 0.61441 0.589094 0.0271359 0.942728
end
gesture g3 hands 1
0.55786 0.356059 0.640309 0.618197 0.0907946 0.974148
0.551928 0.350749 0.646456 0.69663 0.267312 0.812192
0.552211 0.378723 0.644835 0.870964 0.593403 0.370483
0.537192 0.388668 0.64792 0.980936 0.757095 0.168374
0.549586 0.370632 0.641209 0.983707 0.896631 0.0884095
0.547781 0.366556 0.643236 0.773923 1 0.00869232
0.531862 0.42048 0.611755 0.134528 0.908944 0.0383723
0.569652 0.347272 0.633193 0 0.923833 0.0858423
0.569951 0.350367 0.638034 0.0795979 0.743645 0.2344
0.579158 0.336952 0.643777 0.624341 0 0.99464
0.568245 0.34263 0.640849 0.631233 0.0565285 0.984124
end
gesture g3 hands 1
0.54192 0.54655 0.599799 0.666765 0.0332631 0.977201
0.537446 0.576821 0.615807 0.682826 0.0530786 0.929964
0.533119 0.554894 0.634424 0.770081 0.312327 0.630185
0.528889 0.535281 0.630128 0.898932 0.715507 0.316109
0.562828 0.561133 0.615876 0.993336 0.969471 0.158921
0.559004 0.584711 0.632969 0.750034 0.888338 0.00429641
0.539578 0.533245 0.656877 0.392131 0.861057 0.104892
0.525193 0.438001 0.670459 0.0056993 0.888429 0.729858
0.505796 0.418267 0.665816 0.433452 0.233413 0.860505
0.501468 0.45561 0.596588 0.639635 0.0575387 0.983623
0.518864 0.461464 0.584785 0.649299 0.0411327 0.989005
end
gesture g3 hands 1
0.497258 0.524841 0.53523 0.496719 0.167434 0.924709
0.49689 0.477075 0.504693 0.669833 0.228525 0.728775
0.495717 0.52193 0.475851 0.93513 0.672041 0.444715
0.488259 0.521829 0.490633 0.994525 1 0.430216
0.478785 0.475285 0.543359 0.637038 0.797595 0.0783668
0.482138 0.450462 0.540754 0.0334243 0.645714 0.168533
0.492323 0.525828 0.489786 0.0082145 0.605694 0.227536
0.492792 0.521715 0.497255 0.259853 0.331642 0.61303
0.486552 0.465484 0.591408 0.317875 0.274531 0.707936
0.491937 0.435498 0.565453 0.488492 0.00404318 0.994037
0.501721 0.461757 0.533912 0.487993 0 1
end
gesture g3 hands 1
0.48509 0.492663 0.481129 0.484719 0.0351261 0.984652
0.491206 0.478089 0.459408 0.602974 0.103704 0.794742
0.487206 0.510945 0.462622 0.771386 0.413107 0.547928
0.488708 0.512834 0.455336 0.857128 0.612521 0.428358
0.479213 0.463301 0.482098 0.995067 0.993169 0.363199
0.477525 0.457035 0.493208 0.900071 0.918239 0.300477
0.488202 0.494959 0.470878 0.518451 0.79653 0.0176197
0.484956 0.511024 0.458245 0.0885546 0.653423 0.0956616
0.483948 0.470918 0.512849 0.0182347 0.544981 0.251497
0.493568 0.455193 0.489855 0.426793 0.264588 0.729582
0.485553 0.48603 0.525399 0.483261 0.221945 0.842448
end
gesture g3 hands 1
0.525333 0.454905 0.543291 0.511775 0.0638068 0.938002
0.528036 0.412011 0.516155 0.658545 0.115593 0.78273
0.528625 0.421231 0.512384 0.889972 0.445028 0.432471
0.528343 0.439005 0.495448 1 1 0.285234
0.517099 0.405749 0.559176 0.99564 0.992325 0.285142
0.526771 0.397503 0.545702 0.878484 0.851376 0.208525
0.527178 0.448109 0.501413 0.412731 0.663261 0
0.523541 0.459478 0.499991 0.0401055 0.650714 0.185902
0.516078 0.420967 0.512817 0 0.613394 0.281773
0.520792 0.374606 0.548452 0.374838 0.294824 0.579554
0.529986 0.380936 0.533463 0.535088 0.060324 1
end
gesture g3 hands 1
0.490017 0.472958 0.505292 0.485394 0.0115251 0.996953
0.490454 0.462724 0.481422 0.835307 0.452515 0.499957
0.48588 0.510455 0.471868 0.966842 0.750748 0.353693
0.47738 0.508966 0.485474 0.925971 0.975887 0.269781
0.470882 0.448056 0.539572 0.531492 0.760009 0.0274779
0.493453 0.425907 0.5068 0.400778 0.712708 0
0.49126 0.505526 0.462285 0.00392159 0.588517 0.199326
0.479472 0.450168 0.51171 0.0858803 0.496441 0.274277
0.477033 0.451199 0.524872 0.347901 0.335603 0.551363
0.493684 0.407823 0.493194 0.401657 0.321601 0.628768
0.49307 0.428094 0.492247 0.478796 0.0912181 0.873732
end
gesture g3 hands 1
0.507777 0.520994 0.553938 0.532924 0.167349 0.937927
0.509753 0.48606 0.504001 0.55419 0.159919 0.89138
0.496773 0.519646 0.521748 0.657637 0.263951 0.757976
0.48929 0.467901 0.563709 0.953358 0.800562 0.282049
0.488703 0.448967 0.575902 0.999096 0.992912 0.222939
0.495094 0.520364 0.491039 0.516414 0.81404 0.0068938
0.488516 0.527128 0.490042 0.092168 0.744679 0.121809
0.489153 0.479395 0.530522 0.0444795 0.603491 0.276523
0.495861 0.447276 0.524768 0.353339 0.357056 0.635598
0.496548 0.514761 0.521834 0.41125 0.310711 0.73063
0.495461 0.51053 0.5185 0.513847 0 1
end
gesture g3 hands 1
0.492438 0.477272 0.544409 0.499968 0.0282447 0.996379
0.500752 0.44533 0.532204 0.57478 0.0578153 0.864926
0.490249 0.473677 0.527824 0.876121 0.552998 0.416551
0.488272 0.52325 0.501312 0.996338 0.99409 0.274703
0.483339 0.458723 0.528817 0.947223 0.97822 0.235752
0.486886 0.416525 0.545081 0.476347 0.895557 0.0171105
0.488249 0.463344 0.545723 0.270799 0.897618 0.0118839
0.492564 0.53053 0.476084 0.00298451 0.758152 0.130606
0.487205 0.483411 0.537226 0.111693 0.649399 0.300252
0.500279 0.438427 0.533372 0.516757 0.0439128 0.980583
0.508811 0.458098 0.510246 0.522345 0.0470808 1
end
gesture g3 hands 1
0.512724 0.483533 0.519303 0.543643 0.0491274 0.994359
0.506397 0.450752 0.532143 0.56696 0.0249895 0.971235
0.500433 0.458933 0.527687 0.753953 0.0521595 0.714877
0.501187 0.521638 0.496055 0.910668 0.302659 0.469957
0.489783 0.47216 0.525786 0.994612 0.709622 0.371353
0.49637 0.445619 0.532704 0.851164 0.943269 0.201601
0.501089 0.471563 0.528964 0.375611 0.999757 0.00570307
0.501881 0.513106 0.470344 0.000692872 0.901375 0.21871
0.49846 0.52042 0.490227 0.0548564 0.659521 0.298647
0.496837 0.448954 0.528933 0.501979 0.0506872 0.911431
0.496883 0.444234 0.534823 0.517712 0.0213604 0.956993
end
gesture g3 hands 1
0.518596 0.48128 0.566365 0.602693 0.0151929 0.854203
0.499443 0.5136 0.600069 0.647783 0.0946752 0.753786
0.494493 0.475967 0.623337 0.93035 0.644586 0.305902
0.511441 0.471036 0.627702 1 0.832519 0.282113
0.528169 0.508778 0.642559 0.915283 0.875328 0.159845
0.521928 0.481201 0.648774 0.645277 0.926644 0
0.503156 0.377167 0.64649 0.363993 0.974754 0.0583304
0.494199 0.335755 0.61588 0.106821 0.992667 0.323013
0.50736 0.344258 0.607064 0.011005 0.976718 0.436293
0.521457 0.397224 0.603248 0.383103 0.223199 0.925425
0.522238 0.385597 0.599751 0.483367 0.0244239 0.984131
end
gesture g3 hands 1
0.491082 0.488155 0.534449 0.492571 0.0309585 0.993571
0.495627 0.463072 0.488579 0.622964 0.0932752 0.818736
0.49844 0.475926 0.480506 0.934426 0.633757 0.314058
0.489837 0.486923 0.474257 0.994302 0.917662 0.244805
0.482959 0.453023 0.510946 0.996721 0.993291 0.235117
0.494612 0.412216 0.513188 0.518583 0.769149 0.0201238
0.501938 0.467039 0.468785 0.371423 0.772076 0
0.489425 0.480325 0.477606 0.0718046 0.767462 0.110277
0.481133 0.442001 0.524312 0.00241717 0.70153 0.195498
0.505597 0.376085 0.503829 0.428565 0.114282 0.732651
0.512604 0.401387 0.491988 0.523392 0 0.950034
end
gesture g3 hands 1
0.499755 0.580642 0.417896 0.514698 0.00390926 0.975273
0.500524 0.597283 0.420927 0.762865 0.461959 0.530593
0.49918 0.559927 0.466084 0.916504 0.738597 0.268065
0.509163 0.551659 0.461497 0.998836 0.995718 0.200897
0.519658 0.574975 0.435874 0.793492 0.885492 0.123687
0.514567 0.551935 0.45952 0.326701 0.87308 0
0.51654 0.547102 0.457885 0.00801829 0.800293 0.149177
0.533473 0.535129 0.420637 0.146623 0.634999 0.358061
0.519377 0.552049 0.458992 0.383959 0.254352 0.68222
0.521661 0.54559 0.422351 0.54141 0.0755081 0.988744
0.520617 0.532172 0.427465 0.536806 0.0625141 0.994781
end
gesture g3 hands 1
0.543724 0.438265 0.520268 0.521303 0.0148755 0.999916
0.550102 0.434452 0.499669 0.759862 0.120618 0.616826
0.540597 0.466543 0.504489 0.995175 0.87205 0.265855
0.527411 0.460688 0.515055 0.947619 0.940595 0.214287
0.540411 0.389365 0.535234 0.596345 0.747794 0.0567809
0.53515 0.454322 0.513289 0.475708 0.718322 0.012892
0.538238 0.435909 0.52279 0.040455 0.618226 0.106892
0.515076 0.462139 0.582879 0.216126 0.415639 0.486644
0.539369 0.408981 0.544623 0.283279 0.392296 0.542445
0.546924 0.387677 0.522034 0.469145 0.205552 0.84154
0.551539 0.389505 0.527246 0.483525 0.167786 0.883523
end
gesture g3 hands 1
0.489838 0.468234 0.486969 0.51622 0.0121413 0.996335
0.492409 0.45705 0.476877 0.653164 0.0986845 0.788054
0.478972 0.475456 0.500392 0.886283 0.466797 0.420898
0.480795 0.496132 0.494997 0.981717 0.831503 0.317209
0.473479 0.482591 0.515724 0.931682 0.971649 0.269198
0.484328 0.425941 0.535548 0.534702 0.817572 0.0215534
0.48806 0.438382 0.529482 0.407313 0.787473 0
0.492072 0.477945 0.501372 0.0313786 0.68178 0.126791
0.480574 0.453238 0.522874 0.00512125 0.675723 0.16729
0.498219 0.446989 0.487743 0.463866 0.261603 0.795023
0.497945 0.443839 0.491771 0.504013 0.155717 0.906714
end
gesture g3 hands 1
0.528766 0.564159 0.455271 0.542235 0.190268 0.96807
0.526411 0.566322 0.461673 0.796658 0.473008 0.493389
0.506448 0.605162 0.463412 0.875596 0.584819 0.375602
0.504891 0.5705 0.483558 1 0.984991 0.247936
0.527015 0.593562 0.45574 0.603273 0.974174 0.0403753
0.517575 0.613394 0.457368 0.0950401 0.963994 0.0746516
0.503676 0.598953 0.492583 0.00115482 0.890415 0.161473
0.502052 0.55922 0.512564 0.0542019 0.757663 0.299957
0.505569 0.564777 0.506685 0.32856 0.270606 0.661514
0.502064 0.589538 0.490485 0.51374 0.00816632 0.97679
0.499208 0.627156 0.487698 0.529596 0 1
end
gesture g3 hands 1
0.529488 0.503367 0.523429 0.580036 0.0959996 0.999585
0.535049 0.491746 0.490316 0.838423 0.38141 0.494698
0.517104 0.498358 0.515704 0.995381 0.879109 0.188266
0.534124 0.465706 0.480404 1 0.975483 0.167307
0.529522 0.475278 0.47675 0.601476 0.804563 0.0253883
0.498922 0.495395 0.530073 0.465966 0.783203 0
0.516477 0.443504 0.514818 0.0333279 0.752713 0.153354
0.518931 0.504484 0.467198 0.0255587 0.720498 0.243528
0.518118 0.456796 0.477497 0.134471 0.552715 0.378664
0.5105 0.466769 0.502802 0.420185 0.0684372 0.72012
0.534142 0.436373 0.471849 0.554004 0.0320822 0.930674
0.0 0.0 0.0 0.557655 0.0428612 0.941859
end
gesture g3 hands 1
0.510119 0.587395 0.464633 0.585655 0.167072 0.96426
0.508517 0.588274 0.449476 0.810837 0.409742 0.461378
0.509317 0.627193 0.444833 0.999997 0.954419 0.146735
0.496121 0.633962 0.465136 0.998321 0.999005 0.135017
0.496334 0.592787 0.474785 0.628079 0.928385 0.0216455
0.499604 0.57029 0.500513 0.507529 0.934532 0
0.517176 0.562673 0.479567 0.0249471 0.914535 0.246825
0.511749 0.596376 0.44556 0.047154 0.771121 0.326275
0.50727 0.532332 0.480489 0.367466 0.372209 0.576457
0.510445 0.534502 0.448413 0.611854 0.0306173 0.991974
0.511962 0.528902 0.453586 0.609104 0 1
end
gesture g3 hands 1
0.500343 0.560448 0.434418 0.487635 0.0452358 0.996077
0.50932 0.53851 0.408525 0.793328 0.275592 0.551732
0.501631 0.58074 0.418644 0.94017 0.670853 0.341478
0.496759 0.527827 0.458877 0.994261 0.974312 0.311256
0.510043 0.522985 0.432361 0.983132 0.944178 0.316424
0.502827 0.545045 0.427031 0.544739 0.895687 0.0396645
0.496974 0.551675 0.440397 0.317091 0.847991 0.00127165
0.490931 0.532124 0.431793 0.0577274 0.741457 0.086526
0.505944 0.506096 0.41326 0.0415248 0.559398 0.259876
0.502987 0.530065 0.428032 0.457521 0.168968 0.899269
0.498156 0.510286 0.444726 0.465826 0.132499 0.94053
end
gesture g3 hands 1
0.475779 0.536854 0.489316 0.471658 0.00657348 0.960929
0.459189 0.527072 0.528143 0.72003 0.160856 0.643483
0.464487 0.507833 0.525705 0.896265 0.475427 0.446664
0.470938 0.538999 0.497553 0.996088 0.890703 0.404179
0.45788 0.558179 0.50224 0.562555 0.978908 0.0500989
0.463723 0.525149 0.518524 0.244192 0.973189 0.00582544
0.466012 0.528638 0.515002 0.0697455 0.886924 0.0792261
0.478337 0.505704 0.479264 0.10502 0.618773 0.391038
0.484026 0.523618 0.4765 0.33379 0.334941 0.715448
0.476292 0.499834 0.489993 0.387783 0.298041 0.796028
0.482706 0.494263 0.491457 0.493385 0.119659 1
end
gesture g3 hands 1
0.452173 0.523639 0.566191 0.470001 0.00756217 0.994217
0.458334 0.503689 0.584001 0.557977 0.156343 0.847851
0.465026 0.508014 0.580137 0.882718 0.768633 0.472133
0.469396 0.500729 0.569364 1 1 0.469933
0.46642 0.471702 0.612634 0.83081 0.962028 0.236464
0.469951 0.471527 0.60877 0.365452 0.998666 0
0.458812 0.502832 0.603806 0.0291583 0.883744 0.179043
0.451949 0.491044 0.628704 0.0709865 0.663563 0.354503
0.471819 0.472352 0.584359 0.306619 0.367902 0.635747
0.471976 0.477576 0.581109 0.444248 0.28127 0.840532
0.47307 0.454861 0.59439 0.478161 0.233483 0.923849
end
gesture g3 hands 1
0.465464 0.48776 0.554908 0.45398 0.00587921 0.969765
0.46484 0.489377 0.552468 0.867353 0.623793 0.473096
0.470895 0.465885 0.55342 0.950914 0.783335 0.390834
0.470353 0.481667 0.58773 0.979294 0.996658 0.402206
0.469133 0.446609 0.606764 0.675858 0.952825 0.0861905
0.472371 0.447839 0.608985 0.395593 0.975907 0.00258668
0.48431 0.477095 0.587657 0.0536186 0.887711 0.0899729
0.470703 0.463815 0.61267 0.00871304 0.842286 0.121477
0.474088 0.439936 0.61389 0.102308 0.603977 0.345738
0.488633 0.439489 0.552224 0.158926 0.51512 0.429049
0.472839 0.415417 0.585095 0.483483 0.0681543 1
end
gesture g3 hands 1
0.5668 0.372453 0.627888 0.686047 0.00943853 0.934589
0.584109 0.335409 0.632343 0.947577 0.613793 0.300628
0.581645 0.338164 0.629192 0.899362 0.969326 0.0379208
0.567466 0.401685 0.660594 0.18312 0.947756 0.0260121
0.58751 0.402313 0.641123 0.00520066 0.940532 0.104005
0.566074 0.381586 0.628301 0.0295457 0.870875 0.19169
0.594086 0.381063 0.616219 0.186637 0.698699 0.36795
0.598795 0.352789 0.627389 0.514052 0.253126 0.79036
0.583593 0.379055 0.621695 0.64405 0.0244039 1
0.581238 0.358739 0.622325 0.644152 0.102544 0.935437
0.577823 0.36887 0.61724 0.659358 0.0792203 0.921594
end
gesture g3 hands 1
0.568657 0.313818 0.620224 0.639536 0.102555 0.96423
0.569374 0.338492 0.624693 0.66386 0.145076 0.910238
0.56806 0.313773 0.628681 0.921529 0.621072 0.288227
0.56201 0.386984 0.625368 1 0.814184 0.158467
0.559412 0.414425 0.626196 0.897751 0.95695 0.0783835
0.555879 0.383838 0.629248 0.17254 0.98519 0.0480415
0.534222 0.424458 0.62345 0.00365498 0.935724 0.111886
0.53172 0.410473 0.62491 0.372521 0.312641 0.595091
0.524065 0.456599 0.619134 0.495169 0.218455 0.769013
0.531158 0.427765 0.627003 0.618598 0.0327019 0.997559
0.536299 0.436057 0.625782 0.644647 0.00393945 1
end
gesture g3 hands 1
0.511954 0.348517 0.633699 0.578454 0 1
0.519881 0.356707 0.624298 0.966312 0.708636 0.251527
0.531437 0.330842 0.637033 0.983984 0.913909 0.123419
0.518178 0.348992 0.650307 0.782693 1 0.037841
0.522364 0.340772 0.65476 0.112178 0.877759 0.0471345
0.505167 0.396271 0.634796 0 0.843796 0.140823
0.498644 0.346861 0.6505 0.0570171 0.770632 0.265812
0.494382 0.359581 0.648392 0.209651 0.561727 0.461493
0.505382 0.332023 0.656115 0.461941 0.126804 0.831684
0.505671 0.38922 0.647209 0.553722 0.00152827 0.972829
0.502855 0.371411 0.649338 0.560059 0.0323433 0.947638
end
gesture g3 hands 1
0.523359 0.435322 0.637146 0.611733 0.0501503 1
0.540119 0.357442 0.656238 0.650532 0.143881 0.903413
0.540452 0.368415 0.651188 0.85026 0.499292 0.474309
0.539001 0.334651 0.666401 0.98405 0.894812 0.132322
0.53365 0.388272 0.671646 0.799454 0.9575 0.046939
0.52631 0.377861 0.67468 0.110107 0.930712 0.0902157
0.535039 0.401661 0.661699 0 0.959779 0.169227
0.511489 0.432459 0.648523 0.0570449 0.866756 0.275978
0.519285 0.36396 0.645034 0.397161 0.271624 0.75733
0.536292 0.388598 0.62267 0.504907 0.0803478 0.907487
0.531026 0.376557 0.628196 0.595608 0.0177862 0.971871
end
gesture g3 hands 1
0.498491 0.362807 0.647789 0.567346 0.058546 0.959526
0.505764 0.328555 0.653944 0.714806 0.294391 0.747832
0.505352 0.332202 0.653253 0.982495 0.753169 0.249292
0.514413 0.314479 0.658716 0.93069 0.937921 0.120242
0.50585 0.332171 0.655639 0.66215 0.991352 0.00999044
0.508334 0.326626 0.663533 0.0518736 0.96102 0.0746382
0.51411 0.369845 0.662887 0.00563239 0.916178 0.187521
0.490489 0.387686 0.681173 0.110461 0.765167 0.327454
0.502099 0.345046 0.682979 0.373485 0.319321 0.706444
0.506628 0.372664 0.663868 0.523451 0.00352845 1
0.509419 0.358812 0.664782 0.550664 0.0327578 0.970809
end
gesture g3 hands 1
0.486064 0.408624 0.637729 0.519692 0 1
0.487876 0.367166 0.64628 0.699958 0.354651 0.687017
0.486992 0.37099 0.655966 0.979573 0.882921 0.226942
0.483053 0.410872 0.675253 0.986888 1 0.145358
0.484882 0.41501 0.66816 0.723584 0.974328 0.02608
0.473467 0.376872 0.67536 0.13961 0.950849 0.0458383
0.475431 0.388739 0.666617 0 0.96886 0.117778
0.47621 0.351832 0.669317 0.0432927 0.803393 0.26768
0.492137 0.36865 0.645037 0.309638 0.299928 0.6337
0.501725 0.339916 0.643815 0.505328 0.0368697 0.934618
0.504858 0.351038 0.640986 0.525554 0.0757163 0.927889
end
gesture g3 hands 1
0.516436 0.359118 0.658466 0.575411 0.0335662 0.973163
0.529118 0.320725 0.658137 0.763378 0.26907 0.656096
0.521526 0.320648 0.660945 0.905047 0.546763 0.381821
0.523751 0.324636 0.66156 1 0.735314 0.20129
0.52292 0.304215 0.681485 0.922597 0.883603 0.108885
0.519415 0.322232 0.689801 0.558843 0.973807 0.0216585
0.526009 0.289772 0.694717 0.034193 0.960004 0.103465
0.521333 0.32559 0.686817 0.0261896 0.851536 0.215729
0.504924 0.316737 0.683108 0.139023 0.693652 0.364442
0.509704 0.342818 0.674024 0.426345 0.159773 0.796734
0.523934 0.314613 0.682011 0.576701 0.0451858 0.973404
end
gesture g3 hands 1
0.511102 0.397155 0.658828 0.553277 0.154134 0.975779
0.516768 0.412387 0.640941 0.539775 0.132656 0.980331
0.516308 0.404578 0.644656 0.617666 0.186762 0.836572
0.512579 0.424966 0.645214 0.86283 0.632474 0.389942
0.500211 0.440908 0.671862 0.979954 0.793032 0.196667
0.516374 0.422496 0.679248 0.94057 0.931662 0.0923751
0.503922 0.464795 0.656251 0.663683 1 0.00609821
0.502427 0.43068 0.665463 0.00812386 0.990378 0.112796
0.505005 0.411245 0.658076 0.0659862 0.830282 0.343583
0.529346 0.419071 0.637785 0.376316 0.344332 0.725258
0.528149 0.413841 0.644634 0.566627 0 0.990531
end
gesture g3 hands 1
0.52625 0.367792 0.646468 0.609583 0 1
0.528478 0.348595 0.649736 0.654773 0.139277 0.879021
0.525836 0.326785 0.657694 0.87367 0.518247 0.476186
0.520835 0.364615 0.654966 0.979152 0.922841 0.11708
0.513052 0.369996 0.678409 0.721359 1 0
0.530215 0.351358 0.676358 0.367462 0.898459 0.0107522
0.518792 0.367316 0.670903 0.0781404 0.893171 0.0993396
0.506591 0.324705 0.686975 0.0568977 0.759292 0.317855
0.526211 0.364785 0.648925 0.386326 0.249448 0.730362
0.520879 0.340451 0.658302 0.468292 0.107372 0.861777
0.523925 0.354132 0.654966 0.544964 0.0214733 0.992111
end
gesture g3 hands 1
0.573126 0.351194 0.602948 0.676217 0.0461445 0.951814
0.568511 0.381302 0.602052 0.708081 0.112588 0.887798
0.567456 0.385614 0.614973 0.984826 0.709067 0.189729
0.567107 0.429341 0.616154 0.985997 0.877848 0.0855944
0.565987 0.425617 0.621466 0.711796 1 0
0.564842 0.384982 0.630802 0.360462 0.989611 0.0235029
0.563264 0.413028 0.619892 0.0914083 0.957644 0.0932902
0.554936 0.412643 0.610448 0 0.852393 0.175146
0.563464 0.387756 0.612962 0.357349 0.486666 0.540655
0.575626 0.399306 0.608873 0.636924 0 0.987057
0.573763 0.384692 0.612983 0.668174 0.0520904 0.979558
end
gesture g3 hands 1
0.528008 0.390554 0.606355 0.591316 0.0906012 0.883021
0.541592 0.358025 0.621721 0.555586 0.00644156 0.998693
0.541907 0.365646 0.615277 0.64834 0.128068 0.859296
0.543325 0.352466 0.622036 0.794172 0.386198 0.655958
0.54054 0.371513 0.616494 0.979735 0.770268 0.198675
0.539002 0.404031 0.622509 0.71323 1 0
0.518621 0.390657 0.661127 0.096456 0.884987 0.0822594
0.534369 0.411841 0.648375 0 0.875799 0.221544
0.521693 0.411857 0.644297 0.449673 0.227114 0.764758
0.528737 0.372467 0.637785 0.58782 0.0900576 0.965889
0.54286 0.363841 0.642089 0.621515 0.0752057 0.941713
end
gesture g3 hands 1
0.532813 0.493766 0.596563 0.629952 0.0762874 0.989986
0.534918 0.49387 0.60444 0.644136 0.0949873 0.954873
0.528098 0.511899 0.595842 0.768092 0.316791 0.629486
0.509877 0.535969 0.607941 1 0.839496 0.24893
0.505384 0.513434 0.626064 0.843074 0.901516 0.0783095
0.533182 0.536128 0.641716 0.600747 0.866801 0
0.534115 0.55067 0.658603 0.255314 0.909043 0.174224
0.512999 0.505281 0.670625 0.00474093 1 0.516424
0.503626 0.470663 0.671526 0.10139 0.81667 0.645215
0.499724 0.462997 0.62192 0.62804 0 0.99256
0.527128 0.47679 0.580603 0.639174 0.00728819 0.999279
end
gesture g3 hands 1
0.415777 0.592302 0.424536 0.148855 0.0494643 1
0.408772 0.599637 0.417594 0.559392 0.403489 0.665133
0.404307 0.59515 0.437249 0.643454 0.525213 0.593064
0.415255 0.630535 0.410652 0.891794 0.947582 0.407355
0.420594 0.609304 0.410791 0.990901 0.935239 0.338157
0.418384 0.597786 0.432342 0.296416 0.842724 0.000836409
0.412866 0.613354 0.453977 0.06224 0.836019 0.0150552
0.398551 0.580262 0.458968 0.00821226 0.823691 0.0395339
0.397999 0.585508 0.435967 0.0280062 0.660278 0.246014
0.402684 0.600803 0.434266 0.0591706 0.244019 0.632486
0.416951 0.617855 0.398162 0.0993363 0.0170869 0.945578
0.0 0.0 0.0 0.105046 0 0.973403
end
gesture g3 hands 1
0.510282 0.613602 0.41133 0.404125 0.0363359 0.9568
0.510997 0.631229 0.410282 0.524847 0.201111 0.794314
0.506828 0.610927 0.417419 0.902727 0.896381 0.302281
0.483804 0.630699 0.43979 0.944019 0.96066 0.231932
0.484055 0.619757 0.434547 0.985245 0.960069 0.17976
0.488506 0.635811 0.428109 0.600661 1 0.0433744
0.494527 0.610995 0.432071 0 0.886814 0.0385971
0.4854 0.616699 0.443053 0.0243889 0.839995 0.0716595
0.495442 0.600747 0.41739 0.311692 0.519605 0.569343
0.49545 0.621529 0.404281 0.392273 0.417879 0.666929
0.522617 0.625389 0.390561 0.436808 0.020986 1
end
gesture g3 hands 1
0.507318 0.466237 0.605663 0.588816 0.016426 0.98832
0.499685 0.467251 0.612096 0.694385 0.150336 0.753796
0.499618 0.494926 0.602157 0.971036 0.742824 0.3045
0.507056 0.489667 0.609473 1 0.903637 0.2486
0.526248 0.527947 0.622111 0.793692 0.886573 0.0581454
0.524148 0.533019 0.649178 0.452018 0.868185 0.015867
0.519401 0.509465 0.666054 0.0342393 0.997281 0.344155
0.514104 0.411098 0.652533 0 0.991532 0.413147
0.509023 0.398221 0.604982 0.0408111 0.892744 0.481055
0.513053 0.424681 0.570953 0.170693 0.615163 0.592956
0.514645 0.418226 0.573223 0.56827 0.0833665 0.991549
end
gesture g3 hands 1
0.515818 0.647301 0.398007 0.58555 0.0890042 0.836866
0.527459 0.641762 0.367384 0.706146 0.339698 0.627179
0.511178 0.637796 0.373535 0.930212 0.821658 0.3433
0.520188 0.681569 0.354839 0.978552 0.987706 0.238618
0.522911 0.649776 0.365477 0.955176 0.979334 0.0994176
0.529957 0.671784 0.363435 0.388955 0.883437 0.0194482
0.539789 0.642015 0.363435 0.0609512 0.836627 0.141054
0.542632 0.660865 0.369345 0.00232145 0.8106 0.208263
0.528358 0.643016 0.378908 0.15803 0.766711 0.317646
0.551968 0.676707 0.357848 0.477775 0.271107 0.730276
0.552879 0.654034 0.383071 0.536199 0 1
end
gesture g3 hands 1
0.522931 0.579314 0.381482 0.487501 0 0.998167
0.510937 0.580999 0.38808 0.781709 0.508854 0.516635
0.509468 0.589302 0.384696 0.869793 0.841823 0.352318
0.502722 0.573388 0.391068 0.999212 0.990855 0.160652
0.502439 0.587243 0.389687 0.895382 0.988245 0.118445
0.500426 0.574783 0.402261 0.462158 0.896137 0
0.505395 0.589629 0.372037 0.352814 0.888501 0.0009586
0.497861 0.582408 0.366849 0.00494099 0.795155 0.0461543
0.49966 0.601274 0.364566 0.153138 0.628983 0.231928
0.500673 0.587943 0.366257 0.442208 0.25841 0.576492
0.518894 0.585328 0.361239 0.523867 0.0255698 0.919561
end
gesture g3 hands 1
0.534181 0.604984 0.374992 0.521704 0.07337 0.933361
0.524963 0.593392 0.372291 0.638437 0.244313 0.739228
0.502042 0.592173 0.392621 0.891247 0.669959 0.386791
0.504393 0.604314 0.391038 0.987979 0.944792 0.227124
0.538342 0.613966 0.377694 1 1 0.135789
0.533099 0.594856 0.38891 0.790879 0.935391 0.0404694
0.537171 0.607223 0.372591 0.0964279 0.809616 0.0443444
0.515056 0.594561 0.387709 0.134421 0.770379 0.197598
0.529928 0.609829 0.375265 0.370763 0.472988 0.544767
0.518762 0.61069 0.368525 0.434051 0.351227 0.636049
0.51992 0.587764 0.384189 0.584199 0 1
end
gesture g3 hands 1
0.506546 0.474176 0.618197 0.579045 0.0124926 0.997716
0.507334 0.439278 0.629366 0.654366 0.0937868 0.91733
0.498819 0.471099 0.629742 0.939452 0.58424 0.457599
0.492404 0.478815 0.626579 0.957134 0.805991 0.296951
0.480792 0.531746 0.638325 0.536333 0.801902 0
0.473459 0.517067 0.673763 0.259289 0.891725 0.138687
0.495279 0.482988 0.64332 0.062268 0.969513 0.402962
0.501135 0.519774 0.675795 0.00460516 0.996334 0.516904
0.497339 0.431669 0.67715 0.0552082 0.844365 0.62949
0.492947 0.447219 0.63052 0.40681 0.280703 0.772594
0.494121 0.44459 0.631423 0.544383 0.101055 0.902999
end
gesture g3 hands 1
0.502696 0.454769 0.676002 0.569279 0.0534477 0.980918
0.503655 0.440102 0.689539 0.592017 0.0128509 0.990196
0.505483 0.486123 0.685806 0.673791 0.176853 0.830337
0.492818 0.570836 0.694086 0.958532 0.703335 0.397283
0.490156 0.582481 0.714824 0.987571 0.897011 0.365111
0.503487 0.554543 0.70431 0.718588 0.909102 0.0488882
0.508198 0.557193 0.765473 0.39034 0.897216 0.0486779
0.494074 0.392 0.734773 0.0272487 0.98171 0.5742
0.49278 0.382622 0.72334 0 0.998284 0.692898
0.505395 0.440919 0.683756 0.412601 0.289545 0.914787
0.510577 0.453258 0.672007 0.527409 0.0992771 0.999133
end
gesture g3 hands 1
0.514532 0.559527 0.623225 0.606305 0.00586765 0.989947
0.507375 0.580857 0.606953 0.655367 0.143271 0.858741
0.498839 0.631128 0.623888 0.92299 0.728598 0.361248
0.501091 0.620353 0.621136 1 0.956901 0.264207
0.511482 0.590229 0.663953 0.778724 0.945968 0.0529446
0.506405 0.606637 0.666214 0.45948 0.919709 0.0238423
0.499439 0.500168 0.709573 0.205155 0.979732 0.258972
0.492181 0.457424 0.698193 0 0.989012 0.678842
0.486503 0.454493 0.612483 0.398931 0.291948 0.810982
0.503659 0.484836 0.576401 0.560623 0.0482587 0.944622
0.505717 0.500954 0.581636 0.573557 0.047167 0.954601
end
gesture g3 hands 1
0.515849 0.490241 0.623656 0.64398 0.0141278 0.98327
0.518997 0.472786 0.645644 0.656751 0.0550975 0.969646
0.514021 0.511057 0.630945 0.725492 0.23059 0.762166
0.49349 0.561408 0.659172 0.968063 0.706875 0.280449
0.497428 0.51738 0.660964 0.997165 0.876455 0.215129
0.504989 0.556481 0.709483 0.520089 0.920008 0.00635756
0.501677 0.500267 0.711968 0.268064 0.942065 0.200263
0.490389 0.452896 0.685606 0.0093672 1 0.620077
0.493397 0.465498 0.646696 0.00458788 0.96316 0.683103
0.519464 0.487537 0.6015 0.345481 0.437857 0.843881
0.519949 0.499774 0.606017 0.614845 0.0983619 0.990703
end
gesture g7 hands 1
0.545148 0.446831 0.66671 1 1 1
0.559621 0.442057 0.693091 0.53487 0.466311 0.222169
0.558067 0.44489 0.636753 0.0904271 0.028276 0.780924
0.558858 0.441337 0.714641 0.0426927 0.0576557 0.82992
0.550449 0.440244 0.686134 0 0.5468 0.434963
0.558688 0.429646 0.657915 0.0950792 0.8463 0.571512
0.55959 0.441127 0.698214 0.209907 0.933512 0.634712
0.549807 0.436869 0.639264 0.527543 0.579824 0.0135292
0.555286 0.447991 0.653471 0.902543 0.0994977 0.561655
0.54847 0.448352 0.580702 0.945117 0.0026613 0.848473
0.558344 0.443809 0.608534 0.983078 0 0.798706
end
gesture g7 hands 1
0.4646 0.525658 0.172085 1 1 1
0.429757 0.509091 0.319706 0.780988 0.794398 0.470557
0.410935 0.510349 0.373296 0.39925 0.476444 0.0355522
0.403205 0.511213 0.357993 0.271341 0.374293 0
0.400526 0.507654 0.392032 0.00612068 0.0527317 0.481322
0.412813 0.512873 0.317902 0.0468452 0.495694 0.0961247
0.414798 0.514264 0.321276 0.175185 0.921211 0.124694
0.417453 0.514138 0.270073 0.230089 0.882746 0.110729
0.407999 0.508965 0.255642 0.586139 0.494614 0.152566
0.425603 0.511056 0.1896 0.905971 0.128514 0.465611
0.427007 0.511997 0.166966 0.950682 0 0.72879
end
gesture g7 hands 1
0.434537 0.552215 0.43142 0.892232 0.974348 0.368566
0.421596 0.547825 0.377408 0.406636 0.45406 0.430562
0.441573 0.552137 0.405213 0.136779 0.0849717 0.751578
0.450525 0.537698 0.51171 0.0855841 0.0031778 0.986932
0.44649 0.52346 0.462273 0.0129763 0.34577 0.44363
0.425603 0.537583 0.514033 0.0056047 0.741839 0.20813
0.411934 0.536062 0.472364 0.0408065 0.963023 0.23216
0.412072 0.562925 0.36093 0.514444 0.527545 0.0105256
0.422335 0.560068 0.374287 0.805892 0.250363 0.160943
0.434637 0.56652 0.282962 0.968301 0.11056 0.609583
0.451471 0.576011 0.28652 0.99258 0.0826362 0.747514
end
gesture g7 hands 1
0.482954 0.531128 0.457541 0.825169 0.948432 0.717055
0.502607 0.547697 0.497085 0.313251 0.342746 0.520549
0.494017 0.542871 0.465156 0.148689 0.112092 0.68478
0.482157 0.546869 0.594255 0.0776359 0.0384682 0.784979
0.465272 0.539773 0.631635 0.00261549 0.647867 0.0530415
0.492655 0.537389 0.568211 0.0354756 0.96198 0.0492343
0.483773 0.528171 0.603255 0.0708219 0.988179 0.0591849
0.470082 0.544198 0.505996 0.431367 0.72377 0.0753656
0.469907 0.55118 0.508593 0.805754 0.306834 0.349312
0.473649 0.556262 0.452437 0.993627 0.0904635 0.981656
0.486574 0.559138 0.508939 0.990259 0.112873 0.909579
end
gesture g7 hands 1
0.603921 0.633758 0.523572 0.985319 0.992889 0.928914
0.595319 0.632555 0.517219 0.996971 0.989683 0.989297
0.586346 0.630985 0.618238 0.925614 0.920828 0.709249
0.540662 0.616982 0.66477 0.392563 0.457055 0.0178571
0.563837 0.655398 0.617036 0.234494 0.248983 0.191277
0.562391 0.63531 0.696535 0.020979 0.000366172 0.72373
0.562179 0.65478 0.662422 0.0027484 0.136189 0.558207
0.550555 0.599357 0.704948 0.0209675 0.544236 0.152587
0.564329 0.637028 0.644623 0.228999 0.951116 0.216747
0.599497 0.647753 0.503884 0.3959 0.779537 0.211939
0.631805 0.641344 0.441326 0.95592 0.195703 0.731856
0.0 0.0 0.0 0.988044 0.129645 0.948432
end
gesture g7 hands 1
0.442714 0.519634 0.257392 0.894672 0.96324 0.754984
0.432006 0.523179 0.293196 0.605714 0.617186 0.148163
0.423069 0.526713 0.30185 0.251492 0.223732 0.0408531
0.370492 0.507878 0.40741 0.0967131 0.0131525 0.529854
0.372138 0.516405 0.378766 0.0576959 0.0134813 0.580444
0.332012 0.491818 0.436929 0.0172899 0.684995 0.0750605
0.375366 0.510919 0.368566 0.127771 0.979985 0.165937
0.384643 0.518849 0.345846 0.308897 0.780568 0.103549
0.377757 0.521139 0.338015 0.727369 0.337244 0.387615
0.399924 0.520518 0.292681 0.810873 0.255968 0.482973
0.404166 0.520806 0.253476 1 0.05098 1
end
gesture g7 hands 1
0.546619 0.589196 0.387295 0.999054 0.929923 1
0.531614 0.587456 0.398685 0.564134 0.606642 0.221561
0.537568 0.591326 0.385219 0.343055 0.337035 0.134953
0.538699 0.592348 0.403601 0.145724 0.052838 0.37809
0.513916 0.58151 0.478602 0.0128991 0.107319 0.304346
0.483853 0.580881 0.496218 0.0423017 0.551148 0.0102423
0.502366 0.600284 0.428319 0.150208 0.94248 0.0554448
0.516246 0.597428 0.431979 0.291372 0.849424 0.0558545
0.551369 0.600629 0.381969 0.522004 0.448771 0.131265
0.554703 0.597663 0.380604 0.579913 0.35146 0.172644
0.579443 0.60042 0.3599 0.778856 0.0565082 0.574141
end
gesture g7 hands 1
0.515741 0.526072 0.178387 1 0.992659 1
0.485268 0.525091 0.244909 0.68983 0.733103 0.289978
0.486164 0.522016 0.249669 0.562501 0.62653 0.134532
0.455137 0.531258 0.266799 0.15152 0.217853 0.0833121
0.455299 0.524136 0.292559 0.0263836 0.00207772 0.431395
0.430938 0.521104 0.340421 0.0128834 0.188518 0.260775
0.426883 0.520391 0.3221 0.112437 0.674362 0.0296693
0.401938 0.526536 0.313429 0.265782 0.932891 0.0271189
0.436708 0.523492 0.313387 0.370234 0.745505 0.0652895
0.449465 0.52826 0.225186 0.912903 0.0474228 0.388804
0.456163 0.526677 0.221105 0.994907 0 0.515345
end
gesture g7 hands 1
0.496586 0.545538 0.262503 1 0.985083 1
0.482037 0.549601 0.283404 0.658448 0.643411 0.297758
0.439356 0.55589 0.399151 0.355279 0.341046 0.101688
0.422924 0.546715 0.419821 0.0473298 0.03488 0.354591
0.427073 0.54435 0.418619 0.0270032 0 0.47325
0.402919 0.549039 0.404237 0 0.0895121 0.35607
0.439843 0.546272 0.38648 0.0717543 0.512281 0.0253873
0.443673 0.549517 0.383335 0.221253 0.998932 0.0412024
0.461143 0.540825 0.338989 0.612108 0.441384 0.137249
0.499467 0.553372 0.212329 0.852142 0.17556 0.476533
0.497589 0.552924 0.21774 0.911586 0.0824675 0.694473
end
gesture g7 hands 1
0.517702 0.497079 0.23603 0.992322 0.890872 1
0.492669 0.502129 0.282506 0.693484 0.648879 0.407453
0.478662 0.500275 0.287026 0.268027 0.278378 0.134738
0.448421 0.500602 0.356569 0.0469772 0.0201471 0.454569
0.426192 0.493427 0.379295 0.0217165 0.0138107 0.504796
0.381142 0.505179 0.356953 0.0399787 0.492536 0.0219161
0.420004 0.479672 0.364372 0.204078 0.979916 0.164542
0.44633 0.501037 0.333161 0.251232 0.993662 0.161984
0.446729 0.501949 0.326893 0.574413 0.505419 0.0445576
0.480265 0.502993 0.245666 0.980825 0.0823267 0.631561
0.499223 0.507841 0.235262 1 0.107551 0.665033
end
gesture g7 hands 1
0.511219 0.521017 0.216513 0.910775 0.959314 1
0.478238 0.528471 0.305306 0.456336 0.447959 0.107371
0.466313 0.534974 0.299617 0.329787 0.329944 0.0394828
0.448897 0.530135 0.351729 0.0266325 0.0117748 0.437112
0.437089 0.544976 0.329574 0.0103786 0.0201838 0.471207
0.417623 0.506153 0.380781 0.0877144 0.541631 0.0102155
0.464872 0.534271 0.33828 0.248193 0.998225 0.055819
0.465 0.528121 0.32979 0.321635 0.910423 0.0374569
0.493612 0.535162 0.276298 0.775688 0.292133 0.1625
0.490067 0.535352 0.276557 0.965512 0.034739 0.464354
0.525003 0.538559 0.207289 1 0.0024857 0.557069
end
gesture g7 hands 1
0.538274 0.536001 0.396282 0.970984 0.832634 0.990819
0.536242 0.539795 0.396356 0.785142 0.671737 0.375737
0.516774 0.546276 0.441856 0.677694 0.543591 0.244901
0.510933 0.548411 0.445891 0.274687 0.178026 0.242754
0.490794 0.553797 0.48743 0.0773141 0 0.503684
0.473176 0.552617 0.507607 0.0287322 0.122614 0.401541
0.474079 0.553657 0.505201 0.0492965 0.567746 0.0401699
0.452763 0.553668 0.507718 0.143201 0.987192 0.0270268
0.476058 0.558372 0.478989 0.342691 0.759649 0.0609389
0.520379 0.572436 0.398207 0.831427 0.110121 0.656289
0.534725 0.57803 0.3881 0.84199 0.113539 0.672579
end
gesture g7 hands 1
0.6463 0.612928 0.530743 0.965816 0.864629 1
0.636665 0.608899 0.529686 0.805197 0.666908 0.512429
0.610461 0.606122 0.598372 0.413477 0.269694 0.219229
0.609743 0.607449 0.592965 0.342637 0.192272 0.221977
0.572665 0.603537 0.630238 0.0598294 0 0.509741
0.574501 0.605867 0.632292 0.0124475 0.0823373 0.397106
0.600321 0.622322 0.580098 0.0612077 0.766295 0.00262783
0.5992 0.618751 0.583662 0.187954 0.951586 0.0744253
0.614295 0.62065 0.55089 0.647398 0.405939 0.205304
0.647436 0.621556 0.515489 0.973008 0.133137 0.652339
0.6755 0.621341 0.525306 0.970379 0.13997 0.614281
end
gesture g7 hands 1
0.471184 0.537773 0.437131 0.905975 0.957258 0.973654
0.477181 0.535057 0.426458 0.743539 0.646964 0.358209
0.441765 0.541974 0.47167 0.199684 0.131923 0.331233
0.424744 0.541563 0.468099 0.0487141 0.025977 0.546242
0.414143 0.530822 0.519361 0.0679178 0.369256 0.126896
0.423763 0.529047 0.523521 0.0378999 0.518249 0.049582
0.454264 0.538823 0.480242 0.00681852 0.979925 0.260431
0.448218 0.54026 0.557346 0.0675653 0.849579 0.106139
0.479987 0.537531 0.414021 0.55916 0.368896 0.0544561
0.484855 0.531831 0.432887 0.948001 0.124179 0.522207
0.47901 0.533931 0.399482 1 0.102429 0.653138
end
gesture g7 hands 1
0.381124 0.573334 0.301135 0.995083 0.892958 0.88167
0.380532 0.572394 0.328863 0.317849 0.428675 0.0813594
0.384207 0.568099 0.26646 0.00793926 0.221994 0.568171
0.374756 0.574075 0.317731 0.00384942 0.242968 0.592592
0.370021 0.541267 0.659025 0.0154074 0.55811 0.195304
0.373246 0.536563 0.739845 0.0211461 0.670618 0.232004
0.380948 0.556489 0.540493 0.0493296 0.999409 0.695608
0.37196 0.561691 0.482205 0.0512657 0.998625 0.697497
0.380474 0.558732 0.500825 0.348943 0.582504 0.0145045
0.384596 0.577549 0.215525 0.899826 0.0165032 0.960332
0.382402 0.577191 0.201965 0.911558 0 1
end
gesture g7 hands 1
0.398516 0.586844 0.254477 1 0.997621 0.989222
0.420219 0.5831 0.160756 0.784249 0.743374 0.415808
0.41919 0.579362 0.213785 0.612951 0.554287 0.0377226
0.415005 0.567196 0.308834 0.328953 0.258732 0.109887
0.410271 0.555834 0.602024 0.26093 0.182653 0.231256
0.402205 0.532148 0.758849 0.124417 7.39595e-05 0.539284
0.410966 0.53778 0.729015 0.0325131 0.423515 0.244455
0.391839 0.509334 0.574063 0.00162199 0.971635 0.545298
0.398827 0.54779 0.572501 0.0239673 0.99168 0.506404
0.40197 0.546137 0.428796 0.448274 0.382508 0.178538
0.356423 0.529437 0.561958 0.532651 0.254 0.213839
0.0 0.0 0.0 0.74193 0.0291987 0.730787
0.0 0.0 0.0 0.786834 0.0160072 0.866058
end
gesture g7 hands 1
0.445777 0.610883 0.211937 1 0.995666 0.690761
0.443541 0.591516 0.349153 0.638104 0.699427 0.163643
0.422344 0.565322 0.576399 0.421578 0.50466 0
0.393079 0.525768 0.682897 0.0306493 0.078123 0.619023
0.395766 0.5395 0.644391 0.000606975 0.372161 0.26669
0.423827 0.580987 0.533158 0.00435015 0.994355 0.44473
0.431678 0.583122 0.548936 0.0296897 0.982328 0.427424
0.437841 0.577624 0.520438 0.307111 0.706196 0.0651322
0.466291 0.586185 0.306455 0.714614 0.303071 0.247165
0.506177 0.576674 0.219037 0.913466 0.00789236 0.98442
0.512415 0.57886 0.208634 0.91899 0 1
end
gesture g7 hands 1
0.520251 0.600334 0.241416 0.972921 0.981663 0.548621
0.506901 0.609246 0.217305 0.635888 0.67111 0.0263722
0.508823 0.589033 0.303242 0.511569 0.557477 0
0.492343 0.587744 0.539521 0.173099 0.157278 0.324993
0.480572 0.598054 0.557446 0.00266471 0.854694 0.441466
0.450133 0.579423 0.631645 0.0192066 0.986104 0.521257
0.447802 0.587487 0.617289 0.582877 0.43015 0.191862
0.483501 0.606632 0.582866 0.758609 0.257817 0.432107
0.49946 0.594532 0.433913 0.996629 0.00274385 0.995717
0.501059 0.604987 0.397825 1 0 1
0.544817 0.611123 0.203187 0.0 0.0 0.0
end
gesture g7 hands 1
0.535437 0.516826 0.26621 0.994414 0.881738 0.452462
0.525909 0.543513 0.182048 0.497674 0.447289 0.034926
0.524904 0.531992 0.226311 0.170836 0.0869762 0.538684
0.515817 0.519593 0.465701 0.164631 0.0768474 0.496725
0.480945 0.488645 0.842974 0.0105031 0.667944 0.405894
0.498748 0.506223 0.846491 0.000531724 0.965688 0.777346
0.479375 0.518687 0.726494 0.0385567 0.999846 0.713436
0.475358 0.52207 0.715822 0.273236 0.792543 0.152377
0.480036 0.539051 0.578483 0.696718 0.335263 0.212163
0.48756 0.562671 0.350796 0.960756 0.0391842 0.950582
0.543071 0.539999 0.255053 0.971408 0 1
end
gesture g7 hands 1
0.496569 0.587819 0.179227 0.99551 0.918521 0.61075
0.495724 0.572419 0.342791 0.605785 0.646939 0.0160656
0.479768 0.563124 0.648753 0.465144 0.549085 0
0.473701 0.556592 0.784775 0.0660016 0.154698 0.481256
0.464416 0.548834 0.675223 0.0701246 0.128036 0.459733
0.444062 0.583008 0.649059 0.00353353 0.90104 0.373693
0.464006 0.566455 0.674152 0.104041 0.928784 0.408119
0.479033 0.572507 0.564752 0.649994 0.454287 0.234967
0.47589 0.576846 0.541037 0.750925 0.345861 0.345948
0.507237 0.578425 0.227425 0.986945 0.00497569 1
0.510693 0.579611 0.223599 0.98262 0 0.982608
end
gesture g7 hands 1
0.534791 0.620121 0.287496 0.996771 0.949428 0.806491
0.53221 0.63576 0.228773 0.454028 0.542805 0.0244198
0.531861 0.619341 0.251217 0.142703 0.103383 0.682925
0.502094 0.599865 0.597365 0.130753 0.0968691 0.710277
0.46858 0.551026 0.852658 0.038287 0.587609 0.328743
0.513922 0.604185 0.851574 0.00607929 0.938575 0.719779
0.492443 0.5956 0.735277 0.0448375 0.987523 0.711617
0.504988 0.611395 0.646971 0.247904 0.755336 0.176613
0.510584 0.609133 0.651497 0.660162 0.321194 0.164754
0.493848 0.606791 0.723226 0.88183 0.0365153 0.878666
0.520959 0.617212 0.393591 0.904687 0 1
end
gesture g7 hands 1
0.478188 0.599514 0.270171 0.99417 0.98932 0.662679
0.47199 0.605879 0.22112 0.650842 0.716494 0.110164
0.470205 0.60411 0.252549 0.544119 0.628613 0.0128634
0.442706 0.58913 0.485881 0.0987249 0.210977 0.494747
0.438 0.600184 0.550339 0.0338858 0.545538 0.21849
0.41327 0.574092 0.587233 0.00336174 0.96087 0.370542
0.434081 0.596402 0.501053 0.0228593 1 0.369129
0.44475 0.594071 0.558868 0.246736 0.797395 0.145032
0.442423 0.605537 0.491205 0.621336 0.385263 0.208783
0.47073 0.623201 0.217351 0.883975 0.0525583 0.905574
0.469993 0.62293 0.202132 0.878464 0 1
end
gesture g7 hands 1
0.533686 0.560542 0.375003 0.994859 0.940948 0.576761
0.524898 0.575618 0.303213 0.571787 0.573898 0.00685753
0.523345 0.579094 0.298499 0.245207 0.235831 0.131365
0.518053 0.556984 0.498481 0.12445 0.125737 0.375236
0.516006 0.54975 0.519097 0.0726805 0.417235 0.17641
0.504836 0.559651 0.59723 0.0132472 0.8555 0.368035
0.51799 0.552581 0.591229 0.0185548 0.994755 0.484527
0.50745 0.57644 0.455922 0.357838 0.702827 0.128064
0.52643 0.573708 0.522483 0.688271 0.386802 0.259515
0.522562 0.576931 0.481123 0.924796 0.0867925 0.865592
0.533327 0.593707 0.290484 0.955856 0 0.971027
end
gesture g7 hands 1
0.495493 0.585878 0.348045 0.996148 0.993091 0.694793
0.492794 0.601315 0.297298 0.679076 0.715536 0.146394
0.491256 0.597163 0.319833 0.581958 0.628862 0.0460094
0.494808 0.594799 0.304084 0.291064 0.339603 0.068545
0.485784 0.582444 0.428881 0.114548 0.158158 0.488775
0.475092 0.564559 0.685134 0.100609 0.13751 0.506274
0.473714 0.540289 0.693286 0.0101122 0.65778 0.384934
0.473589 0.565592 0.635027 0.0366607 0.879928 0.496373
0.502008 0.56057 0.518084 0.598119 0.410024 0.231199
0.518866 0.56779 0.325211 0.675428 0.335111 0.327614
0.519028 0.566842 0.323248 0.888586 0.0614559 0.877123
0.0 0.0 0.0 0.929142 0.00630401 0.992189
end
gesture g7 hands 1
0.560418 0.651671 0.343981 0.997808 0.885857 0.967346
0.574492 0.636031 0.357643 0.640987 0.613786 0.252476
0.579019 0.610321 0.476692 0.393352 0.381106 0.107245
0.493729 0.57849 0.747971 0.0837342 0.0561845 0.468203
0.482796 0.588211 0.847028 0.00197216 0.114892 0.503952
0.483407 0.592605 0.887728 0.0426454 0.668708 0.0194208
0.5004 0.571733 0.784719 0.146319 0.997687 0.398278
0.508378 0.585869 0.765869 0.179809 0.964811 0.391899
0.521695 0.598433 0.641916 0.5673 0.431235 0.196973
0.583799 0.613599 0.469267 0.881378 0.0216192 0.91908
0.604341 0.607916 0.453368 0.900007 0 1
end
gesture g7 hands 1
0.481531 0.545787 0.276397 0.98941 1 0.658252
0.466999 0.554544 0.272819 0.628187 0.702323 0.0418558
0.491839 0.552744 0.162378 0.537912 0.612606 0
0.473012 0.552888 0.295868 0.183683 0.272434 0.196147
0.470363 0.554858 0.340535 0.0605825 0.101381 0.574284
0.466665 0.559375 0.563156 0.00149194 0.598402 0.200797
0.454251 0.558269 0.617993 0.034191 0.903526 0.344662
0.440646 0.549928 0.543991 0.261606 0.760745 0.0849902
0.394044 0.581886 0.444639 0.744511 0.288972 0.347371
0.415891 0.584653 0.414129 0.891954 0.00449381 0.98937
0.444577 0.59293 0.128494 0.895175 0.00124076 0.988757
end
gesture g7 hands 1
0.49398 0.570211 0.227456 0.999237 0.995306 0.574769
0.472616 0.557278 0.491785 0.556451 0.534514 0.00921405
0.478499 0.542549 0.460276 0.397828 0.373422 0.0254178
0.466096 0.51078 0.494479 0.109641 0.0409086 0.494651
0.464221 0.526452 0.488779 0.0840827 0.0510658 0.457325
0.471852 0.573865 0.524699 0.017362 0.690072 0.165938
0.472879 0.566412 0.514938 0.0197415 0.995787 0.31821
0.463856 0.557193 0.44993 0.272532 0.761241 0.137709
0.462729 0.554799 0.434 0.629784 0.368368 0.262494
0.456291 0.56382 0.356653 0.85555 0.00119568 0.990551
0.474975 0.588473 0.213243 0.864886 0.00454973 0.993714
end
gesture g7 hands 1
0.434165 0.622844 0.249504 0.99769 1 0.504564
0.434323 0.630218 0.188847 0.588336 0.646165 0.0242807
0.443521 0.626966 0.241197 0.462523 0.547027 0.00867184
0.422508 0.595283 0.424538 0.0843174 0.147683 0.519808
0.435352 0.597262 0.539189 0.00969661 0.5922 0.191693
0.433228 0.611077 0.589987 0.00835888 0.958578 0.426015
0.428588 0.581993 0.519061 0.0252918 0.956151 0.416293
0.436448 0.606821 0.507514 0.487049 0.503393 0.0857599
0.429814 0.614394 0.377437 0.569142 0.395873 0.130031
0.448324 0.636218 0.139189 0.78112 0.0836407 0.722227
0.455642 0.63582 0.12997 0.838666 0 1
end
gesture g7 hands 1
0.451415 0.641426 0.431471 0.996847 1 0.699425
0.444551 0.642353 0.332959 0.627917 0.723127 0.132481
0.443193 0.646 0.341874 0.387713 0.558228 0
0.437386 0.641021 0.439805 0.0285309 0.268011 0.37302
0.429935 0.640493 0.501297 0.00318997 0.607139 0.223482
0.422871 0.631899 0.637508 0.0245706 0.997492 0.629986
0.418821 0.652159 0.586096 0.214501 0.92055 0.350439
0.41154 0.66231 0.448673 0.519534 0.651005 0.255125
0.416626 0.665281 0.426335 0.77532 0.219389 0.560838
0.439549 0.661565 0.269528 0.854057 0.00750591 0.971798
0.449303 0.675983 0.253538 0.857471 0 1
end
gesture g7 hands 1
0.459192 0.650608 0.32978 0.996964 0.909221 1
0.467494 0.638216 0.277458 0.592228 0.641991 0.124025
0.473185 0.62888 0.360219 0.263268 0.395754 0.0381795
0.472575 0.603603 0.554143 0.0465807 0.143833 0.368409
0.466336 0.573348 0.828209 0.024515 0.16111 0.415784
0.463381 0.56181 0.961313 0.00123869 0.566963 0.222501
0.468638 0.589233 0.731305 0.00408677 0.914649 0.672623
0.475542 0.600082 0.672231 0.0662365 0.98662 0.742056
0.505234 0.587132 0.613216 0.288312 0.821452 0.23804
0.491811 0.60073 0.411784 0.711334 0.31316 0.383599
0.521629 0.589253 0.37215 0.863821 0 0.964963
end
gesture g7 hands 1
0.472655 0.644621 0.274488 0.991588 0.875881 0.470001
0.471453 0.656364 0.203651 0.695597 0.666299 0.075911
0.475904 0.658041 0.206696 0.593282 0.60887 0.0187136
0.495799 0.605181 0.439788 0.286608 0.406287 0.0350329
0.481424 0.59167 0.552478 0.117667 0.289438 0.262158
0.490288 0.6098 0.447055 0.0686203 0.412146 0.194366
0.511104 0.614954 0.417502 0.00757426 0.838767 0.315783
0.523701 0.617812 0.265598 0.0308259 0.999112 0.390111
0.540618 0.624616 0.165898 0.497083 0.65623 0.0306077
0.553917 0.63269 0.149864 0.741904 0.375174 0.136924
0.575318 0.631115 0.0683909 0.913572 0.14473 0.55671
0.0 0.0 0.0 0.996676 0 1
end
gesture g7 hands 1
0.489928 0.621105 0.418768 0.988256 0.93826 0.541945
0.47835 0.636501 0.37247 0.630168 0.692071 0.0814281
0.482867 0.630231 0.405555 0.350317 0.517691 0.104027
0.451155 0.628837 0.644544 0.0740374 0.229963 0.749841
0.42997 0.621222 0.690003 0.0105527 0.617665 0.446046
0.436948 0.611441 0.836186 0.00235548 0.734786 0.455536
0.473726 0.615058 0.589699 0.00681456 0.994647 0.620227
0.472163 0.611478 0.572344 0.0442063 0.975294 0.580116
0.47021 0.622969 0.430618 0.265713 0.795699 0.136483
0.485931 0.641042 0.206993 0.532115 0.564949 0
0.490309 0.647757 0.16945 0.664899 0.437763 0.0814805
0.0 0.0 0.0 0.929171 0.0381395 0.865718
0.0 0.0 0.0 0.951574 0 1
end
gesture g7 hands 1
0.489233 0.57234 0.281841 0.998067 1 0.429897
0.467428 0.578384 0.33992 0.662062 0.676905 0.00320307
0.437041 0.535617 0.727749 0.350854 0.397117 0.115345
0.442461 0.539055 0.720204 0.124364 0.15512 0.688865
0.460135 0.560478 0.594872 0.0284861 0.675011 0.440372
0.466394 0.562065 0.596934 0 0.880546 0.653312
0.466601 0.5696 0.513833 0.0324624 0.949643 0.625304
0.466426 0.561109 0.549495 0.217591 0.778904 0.227432
0.475608 0.571264 0.293131 0.685506 0.38052 0.186397
0.464294 0.580977 0.224576 0.940837 0.0274005 0.962976
0.486639 0.574631 0.233206 0.946372 0 0.992395
end
gesture g7 hands 1
0.49445 0.570525 0.417669 0.994135 0.919823 0.395107
0.475012 0.586423 0.368631 0.674893 0.700902 0.0454277
0.476029 0.569747 0.4289 0.439484 0.5205 0.0285304
0.432036 0.576398 0.639941 0.0887325 0.147696 0.790564
0.439625 0.559793 0.650069 0.0785036 0.267494 0.616025
0.437607 0.584359 0.667167 0.021863 0.752177 0.511182
0.436595 0.567489 0.613517 0.0088853 0.997061 0.752558
0.449811 0.596132 0.497443 0.184036 0.877988 0.341306
0.456367 0.587034 0.514891 0.342366 0.759686 0.161202
0.472587 0.58581 0.445146 0.698519 0.396353 0.235761
0.451296 0.599535 0.326664 0.977443 0 1
end
gesture g7 hands 1
0.479287 0.532615 0.489981 1 0.899306 0.530168
0.471893 0.535975 0.401477 0.50173 0.439582 0.017658
0.442936 0.518559 0.615508 0.192188 0.190676 0.49992
0.441024 0.498988 0.810653 0.118168 0.132378 0.7275
0.440388 0.492242 0.814067 0.0559029 0.526085 0.460229
0.440471 0.521204 0.626711 0.00582078 0.996193 0.867377
0.469391 0.519348 0.562694 0.0332349 0.98115 0.800426
0.462817 0.517725 0.652211 0.256709 0.785355 0.346705
0.450845 0.516145 0.596889 0.362092 0.694908 0.251694
0.450318 0.540388 0.406385 0.723243 0.313851 0.322112
0.462646 0.545672 0.376618 0.950582 0 0.993491
end
gesture g7 hands 1
0.549704 0.460481 0.709162 1 0.996734 0.935844
0.561658 0.450627 0.75388 0.500004 0.5964 0.411924
0.56252 0.446808 0.728903 0.0882311 0.138554 0.942896
0.578029 0.438188 0.671494 0 0.518219 0.620405
0.572504 0.431394 0.77513 0.102281 0.990926 0.771277
0.558173 0.437735 0.812596 0.158553 0.997777 0.70138
0.542987 0.444132 0.755391 0.372515 0.672528 0.134555
0.552027 0.437047 0.785404 0.579654 0.35533 0.0811754
0.553316 0.449741 0.705435 0.81216 0.054551 0.699164
0.55895 0.445076 0.760023 0.895044 0 1
0.560871 0.438785 0.756398 0.916155 0.0139297 0.798771
end
gesture g7 hands 1
0.58994 0.539897 0.633879 0.976838 0.72978 0.583435
0.600043 0.532253 0.671169 0.985922 0.971617 0.882226
0.595598 0.5366 0.552552 0.832531 0.83749 0.534807
0.603002 0.525843 0.630974 0.2805 0.344862 0.429682
0.602041 0.531855 0.677915 0.0739098 0.141544 0.930104
0.603214 0.530524 0.655897 0.0397068 0.219048 0.897592
0.603672 0.532545 0.690565 0.171497 0.875357 0.57772
0.597147 0.534 0.638939 0.280328 0.905776 0.504825
0.601158 0.53032 0.682881 0.587181 0.447539 0.0102118
0.611906 0.533467 0.591435 0.800979 0.0794487 0.466785
0.612581 0.535877 0.62451 0.899585 0.00261215 0.566945
end
gesture g7 hands 1
0.558021 0.490886 0.481764 0.999504 0.996875 0.658808
0.562626 0.478936 0.522327 0.607275 0.613997 0.286279
0.55897 0.468975 0.510758 0.27414 0.299008 0.424879
0.554794 0.466609 0.592762 0.0579831 0.20064 0.735832
0.553903 0.469075 0.60001 0.00117939 0.568871 0.415727
0.555367 0.465812 0.583316 0.08446 1 0.359716
0.552891 0.479496 0.626441 0.174163 0.963809 0.284815
0.552575 0.474858 0.610919 0.480033 0.615346 0.0160338
0.558709 0.464954 0.551247 0.642584 0.371387 0.136111
0.56078 0.469649 0.597154 0.907574 0 1
0.55139 0.473485 0.597008 0.924431 0.0086533 0.847708
end
gesture g7 hands 1
0.564167 0.508281 0.716247 1 1 1
0.575127 0.496974 0.734152 0.870753 0.893518 0.749141
0.572595 0.499196 0.686188 0.48938 0.542064 0.469245
0.574318 0.492474 0.701496 0.113952 0.167821 0.926152
0.560332 0.499487 0.790743 0.0666091 0.218996 0.849893
0.570839 0.485262 0.750665 0 0.604273 0.544855
0.565713 0.50214 0.744079 0.0886571 0.947191 0.644864
0.55154 0.503674 0.70029 0.215062 0.922364 0.390853
0.557631 0.504144 0.726173 0.485244 0.50234 0
0.569978 0.504014 0.651028 0.862454 0.0699056 0.853603
0.573394 0.492137 0.650006 0.978566 0.00249635 0.811299
end
gesture g7 hands 1
0.493675 0.504102 0.651228 0.991491 0.989771 0.722929
0.48372 0.512328 0.575215 0.949815 0.954864 0.614395
0.486704 0.515875 0.604965 0.712312 0.675149 0.241775
0.494718 0.508142 0.505004 0.0686124 0.0989536 0.848984
0.492872 0.504663 0.528072 0.0289428 0.104172 0.848102
0.485186 0.5031 0.629547 0.00374082 0.553198 0.411067
0.477302 0.507123 0.644925 0.124577 0.932508 0.648304
0.478376 0.50751 0.621101 0.177738 0.948528 0.608218
0.478394 0.507092 0.686398 0.474582 0.504889 0
0.476812 0.50685 0.571309 0.827102 0 1
0.480999 0.505967 0.636102 0.847946 0.00511636 0.900163
end
gesture g7 hands 1
0.511111 0.510553 0.674307 1 0.984879 1
0.528666 0.483673 0.647831 0.870482 0.890719 0.738421
0.529795 0.496806 0.603156 0.474025 0.53747 0.47348
0.527429 0.503709 0.611005 0.094336 0.104316 0.820525
0.525687 0.495651 0.683795 0.075592 0.131314 0.762138
0.522469 0.494647 0.692851 0.029308 0.787569 0.356878
0.532651 0.479849 0.635498 0.100913 1 0.384217
0.522758 0.486153 0.645934 0.274801 0.869666 0.132298
0.535385 0.484763 0.472928 0.544578 0.477354 0
0.536065 0.479888 0.529505 0.921564 0 0.78275
0.531155 0.48566 0.518638 0.907317 0.00717613 0.748857
end
gesture g7 hands 1
0.512609 0.475239 0.678124 0.979603 0.94749 1
0.50842 0.47142 0.668986 0.279392 0.351186 0.290066
0.520588 0.47287 0.593085 0.0804207 0.0753016 0.73405
0.520496 0.469565 0.619061 0.0487878 0.0924986 0.811559
0.50487 0.473048 0.727963 0.00879336 0.375633 0.386106
0.512252 0.476475 0.687516 0.121019 0.996966 0.73185
0.513713 0.473987 0.714932 0.187183 0.989548 0.685903
0.521316 0.481587 0.653923 0.40718 0.714997 0.149686
0.507762 0.47419 0.648086 0.714895 0.308363 0.154679
0.516781 0.469888 0.574977 0.990865 0.000285598 0.912423
0.523961 0.463535 0.66027 0.998131 0.00623743 0.892368
end
gesture g7 hands 1
0.550206 0.458206 0.694374 0.928959 0.991914 0.994512
0.552961 0.464072 0.648543 0.836492 0.912669 0.711887
0.548845 0.458625 0.679959 0.493545 0.560664 0.109305
0.555492 0.460094 0.660164 0.0331695 0.0798071 0.882195
0.551286 0.457391 0.750426 0.00319687 0.374355 0.420441
0.55306 0.457515 0.737408 0.0606791 0.807955 0.474448
0.549867 0.456668 0.68437 0.149847 1 0.830338
0.538272 0.469115 0.706316 0.389987 0.757906 0.221732
0.563382 0.456557 0.556989 0.774972 0.353338 0.139968
0.554604 0.446258 0.676623 0.965052 0.0481077 0.755998
0.559587 0.448922 0.666941 0.987517 0.00129755 0.931899
end
gesture g7 hands 1
0.560249 0.497724 0.561675 1 1 1
0.556779 0.457597 0.558469 0.886711 0.91764 0.758686
0.551593 0.460233 0.572418 0.497183 0.536115 0.133264
0.5683 0.439068 0.551017 0.202171 0.18271 0.411489
0.568837 0.440266 0.648756 0.0656163 0.171261 0.829303
0.565218 0.441279 0.70187 0.0339859 0.764064 0.476475
0.556374 0.44229 0.618256 0.151191 0.917364 0.566329
0.555709 0.441587 0.64243 0.26095 0.843444 0.353695
0.565483 0.437153 0.564447 0.590185 0.456928 0.00641194
0.574275 0.43619 0.556822 0.977654 0.000977349 0.836063
0.574119 0.431565 0.619382 0.985637 0.00400783 0.805823
end
gesture g7 hands 1
0.565964 0.482209 0.717658 0.996393 0.999543 0.962103
0.562473 0.479512 0.718643 0.873579 0.912975 0.763066
0.569964 0.471928 0.703089 0.496276 0.568807 0.22512
0.569376 0.462951 0.769237 0.0648997 0.114111 0.836893
0.569625 0.461471 0.776424 0.0227017 0.198615 0.935229
0.563547 0.463542 0.830267 0 0.409148 0.66857
0.56671 0.463752 0.797488 0.200679 0.994103 0.87676
0.570146 0.476315 0.674249 0.440575 0.734541 0.187223
0.579063 0.462137 0.636646 0.600282 0.535702 0
0.579183 0.474138 0.678874 0.952002 0.0790268 0.655871
0.572857 0.462624 0.691868 0.993625 0.00029463 0.976179
end
gesture g7 hands 1
0.536614 0.450383 0.687743 1 1 1
0.538593 0.457674 0.614503 0.85488 0.883673 0.678908
0.543438 0.45084 0.608028 0.522421 0.528465 0.227259
0.537251 0.437335 0.684878 0.151755 0.0823188 0.675936
0.549619 0.447372 0.64019 0.0705322 0.0682102 0.795775
0.544188 0.438626 0.710246 0.0609329 0.146417 0.806922
0.540003 0.441478 0.71789 0.0582895 0.833951 0.647915
0.546965 0.440428 0.662269 0.297072 0.804089 0.260482
0.535715 0.447423 0.648469 0.572395 0.476286 0
0.547315 0.445302 0.535849 0.919571 0.0232923 0.707037
0.539429 0.446432 0.620978 0.932266 0 0.71744
end
gesture g7 hands 1
0.539591 0.486145 0.675094 0.974328 1 0.987901
0.532493 0.48048 0.689936 0.415989 0.463691 0.268078
0.549463 0.460593 0.642578 0.0493855 0.0575281 0.867284
0.549452 0.460574 0.641538 0.035583 0.0957192 0.855279
0.543238 0.451327 0.742681 0 0.424517 0.552982
0.545223 0.457028 0.746463 0.127505 0.922945 0.684848
0.55361 0.457516 0.704398 0.194228 0.9015 0.568674
0.54347 0.457594 0.738334 0.468185 0.596487 0.0444286
0.543675 0.45965 0.698915 0.766076 0.232102 0.270347
0.553748 0.463991 0.585578 0.996405 0.00562372 0.90935
0.55202 0.458361 0.620741 0.989921 0.00606841 0.907458
end
gesture g7 hands 1
0.538204 0.453599 0.547191 0.985308 0.99905 1
0.542118 0.445078 0.520387 0.924451 0.959067 0.841182
0.544189 0.451966 0.470103 0.569082 0.643291 0.326984
0.547761 0.449685 0.487833 0.201556 0.252926 0.328646
0.538589 0.460179 0.539365 0.0489061 0.068625 0.630558
0.538719 0.452232 0.534447 0 0.392984 0.327607
0.537794 0.441866 0.600523 0.0497257 0.725344 0.272128
0.539411 0.442195 0.60731 0.137201 0.885281 0.352541
0.542467 0.452011 0.510898 0.548571 0.509074 0
0.543459 0.440474 0.542135 0.999033 0.000819069 0.781064
0.546778 0.441019 0.513946 0.998135 0.000834026 0.763955
end
gesture g7 hands 1
0.55788 0.426063 0.458707 1 1 1
0.552917 0.397412 0.575793 0.877292 0.9093 0.776781
0.554348 0.393997 0.553684 0.515854 0.577132 0.274445
0.560973 0.411745 0.501722 0.141776 0.0204569 0.448035
0.557616 0.404426 0.515547 0.0868304 0.0258908 0.454915
0.550739 0.42438 0.494241 0 0.424037 0.285399
0.56143 0.417227 0.416896 0.0855685 0.933994 0.426795
0.565209 0.404878 0.422106 0.261932 0.826066 0.234571
0.559972 0.41107 0.454099 0.571881 0.454035 0
0.560137 0.406347 0.437936 0.858787 0.131366 0.290274
0.556625 0.412992 0.459175 0.96288 0.00858452 0.556972
end
gesture g7 hands 1
0.535272 0.441945 0.633843 0.990056 1 1
0.563794 0.418313 0.648659 0.863604 0.869268 0.684877
0.554123 0.424747 0.587323 0.495285 0.477881 0.119775
0.546752 0.434095 0.704862 0.318443 0.24639 0.287145
0.558365 0.418911 0.710905 0.0682002 0.0872695 0.842645
0.551531 0.427114 0.676967 0.05032 0.765814 0.633308
0.57678 0.408312 0.567043 0.109516 0.85195 0.617084
0.579639 0.417385 0.503556 0.444446 0.511766 0
0.575078 0.415997 0.483027 0.623556 0.300541 0.059846
0.581238 0.397177 0.542542 0.819994 0.0421248 0.623954
0.570362 0.419122 0.511336 0.927742 0.00142949 0.732803
end
gesture g7 hands 1
0.54969 0.461517 0.636685 0.989375 1 1
0.550438 0.466294 0.614351 0.894433 0.898633 0.741019
0.547693 0.45979 0.666622 0.479875 0.50035 0.172021
0.538766 0.457803 0.669949 0.0906587 0.0589313 0.8161
0.552637 0.452507 0.715757 0.0400984 0.0727984 0.910474
0.549779 0.464435 0.656073 0 0.527566 0.526897
0.561499 0.454588 0.651511 0.2323 0.957906 0.750334
0.553472 0.462624 0.712051 0.30582 0.929272 0.616328
0.551641 0.454151 0.723836 0.563022 0.605476 0.0648175
0.542411 0.451538 0.693422 0.960193 0.00544684 0.842235
0.547938 0.455042 0.707773 0.970184 0.0167214 0.815815
end
gesture g7 hands 1
0.543812 0.438322 0.599332 0.99559 1 0.900591
0.542692 0.445283 0.580498 0.563881 0.585238 0.32804
0.535934 0.441314 0.614958 0.213716 0.194816 0.565034
0.535186 0.446101 0.719096 0.0439499 0.0609118 1
0.532141 0.444058 0.747221 0.0254194 0.31905 0.670777
0.536236 0.443646 0.714366 0.177908 0.926445 0.758952
0.550918 0.434182 0.738859 0.302838 0.903032 0.5413
0.534714 0.438568 0.681596 0.512342 0.586268 0.0597972
0.54783 0.43065 0.573657 0.633269 0.38509 0.0663006
0.547832 0.443082 0.581427 0.884041 0.0484413 0.626352
0.547553 0.433051 0.574501 0.950946 0.00132686 0.722128
end
gesture g7 hands 1
0.515644 0.443679 0.612871 0.999273 1 1
0.527843 0.43915 0.646922 0.865951 0.900206 0.741463
0.532972 0.421665 0.630976 0.482664 0.511835 0.167072
0.531998 0.416719 0.719718 0.0685934 0.0812826 0.829831
0.527136 0.420423 0.775441 0.0431132 0.104172 0.902627
0.524385 0.4251 0.716434 0 0.381229 0.61726
0.531821 0.430207 0.712588 0.241603 0.920121 0.610976
0.536454 0.431337 0.681256 0.456672 0.690249 0.100374
0.529754 0.431457 0.710056 0.576716 0.506154 0
0.533675 0.426803 0.62075 0.895488 0.0200121 0.768667
0.5305 0.428207 0.683978 0.938087 0.00158428 0.847091
end
gesture g7 hands 1
0.558314 0.473915 0.723235 1 0.997224 0.963512
0.555382 0.474479 0.728815 0.418108 0.442666 0.31881
0.57221 0.448476 0.694494 0.148312 0.103082 0.692103
0.57241 0.461232 0.689996 0.0828861 0.0583646 0.862879
0.581 0.453713 0.732482 0 0.459336 0.604465
0.571834 0.449442 0.769385 0.120301 0.977339 0.688354
0.570649 0.455829 0.733481 0.193471 0.939794 0.581556
0.571447 0.458926 0.652841 0.480706 0.604722 0.0593969
0.577272 0.456207 0.704491 0.665832 0.374932 0.0718094
0.576519 0.452637 0.687913 0.9549 0.0389153 0.784405
0.580225 0.450046 0.702824 0.986322 0.00124044 1
end
gesture g7 hands 1
0.526034 0.48744 0.673075 1 1 0.851089
0.5366 0.485666 0.708793 0.593764 0.634995 0.292618
0.531643 0.48487 0.694943 0.255238 0.287354 0.484954
0.543846 0.465724 0.624132 0.0635079 0.123936 1
0.532585 0.482448 0.701295 0.058972 0.205906 0.931689
0.545256 0.472298 0.71702 0.000414132 0.564324 0.61408
0.544229 0.480944 0.673596 0.0969619 0.857334 0.723732
0.533048 0.488708 0.666931 0.249183 0.955 0.607935
0.54542 0.47468 0.597058 0.493391 0.617445 0.01937
0.541979 0.484202 0.584561 0.904963 0.0694374 0.62314
0.538187 0.482982 0.611115 0.936228 0.0344081 0.736749
end
gesture g7 hands 1
0.571635 0.455654 0.698783 1 1 0.908138
0.587575 0.455136 0.617405 0.491456 0.514693 0.182827
0.590544 0.434273 0.576367 0.190184 0.195372 0.678183
0.592696 0.428405 0.558693 0.128181 0.123118 0.901947
0.581783 0.439161 0.625593 0 0.43196 0.571742
0.581621 0.445693 0.624395 0.11591 0.839766 0.441139
0.567481 0.457017 0.698583 0.250145 0.843665 0.323116
0.571616 0.446902 0.646761 0.497229 0.594327 0
0.574054 0.457441 0.662637 0.910289 0.0414592 0.772042
0.597248 0.439573 0.61431 0.92003 0.00446305 0.981227
0.586779 0.429242 0.611414 0.93437 0.0109659 0.858013
end
gesture g7 hands 1
0.66075 0.631229 0.543685 0.99871 0.99955 0.960436
0.659515 0.623744 0.64306 0.952289 0.982613 0.855556
0.65612 0.634402 0.611614 0.751768 0.823753 0.474292
0.672019 0.608536 0.668253 0.382877 0.407725 0.187085
0.675171 0.613202 0.604336 0.103046 0.139912 0.339741
0.657986 0.617975 0.681783 0 0.467236 0.299524
0.663328 0.615862 0.675065 0.149456 0.958221 0.362975
0.664796 0.623636 0.553109 0.221327 0.935844 0.294019
0.667489 0.613442 0.548817 0.403043 0.723437 0.0604647
0.670747 0.609339 0.627384 0.628529 0.414168 0.0978819
0.672058 0.614439 0.620106 0.885687 0 0.730148
end
gesture g7 hands 1
0.459608 0.57433 0.205781 0.909063 0.992774 0.751985
0.445408 0.57343 0.258463 0.665107 0.733502 0.153259
0.432674 0.577303 0.280228 0.375372 0.46656 0
0.388357 0.567836 0.354796 0.00253431 0.165956 0.626737
0.382698 0.566484 0.363647 0.0054314 0.26313 0.476267
0.364528 0.568698 0.346612 0.0726115 0.573283 0.0920885
0.38738 0.567417 0.350794 0.212583 0.97475 0.0477115
0.399593 0.566809 0.31836 0.30895 0.830652 0.0036981
0.429969 0.569477 0.261859 0.682267 0.403905 0.185329
0.422008 0.563079 0.254341 0.889353 0.208505 0.461899
0.429624 0.566561 0.19596 0.993879 0 1
end
gesture g7 hands 1
0.499705 0.604273 0.231852 1 0.971298 1
0.487957 0.600745 0.263525 0.892777 0.878331 0.647324
0.475285 0.605267 0.284557 0.629915 0.653597 0.145417
0.434106 0.588307 0.339271 0.313653 0.346005 0.000100892
0.452085 0.604069 0.310408 0.0402318 0.257951 0.366179
0.455774 0.602232 0.301574 0 0.485961 0.146672
0.458632 0.602231 0.275622 0.168965 0.942412 0.144313
0.466274 0.609041 0.271807 0.23923 0.996825 0.155758
0.476845 0.610588 0.217496 0.355763 0.848747 0.0611887
0.499867 0.610219 0.19064 0.768766 0.290432 0.247767
0.503673 0.611599 0.192548 0.967367 0 0.647324
end
gesture g7 hands 1
0.491306 0.555525 0.24787 1 0.918983 1
0.43115 0.557621 0.321523 0.586168 0.644065 0.103726
0.429754 0.5555 0.331194 0.197993 0.232684 0.0540896
0.404968 0.570551 0.301814 0.0780844 0.00927865 0.350123
0.426778 0.543533 0.331924 0 0.0315033 0.363043
0.435148 0.560272 0.311851 0.0727707 0.440765 0.0597833
0.436544 0.556873 0.314515 0.307676 0.998077 0.143035
0.465049 0.56183 0.267725 0.415969 0.852868 0.146027
0.478038 0.56181 0.261885 0.680113 0.355611 0.202672
0.501088 0.558526 0.227942 0.733183 0.263839 0.238841
0.49806 0.559067 0.225825 0.928847 0.0476685 0.448046
end
gesture g7 hands 1
0.420936 0.504428 0.292623 0.825955 0.988425 1
0.418668 0.510241 0.307223 0.498372 0.644722 0.175252
0.393794 0.507717 0.364345 0.351479 0.4494 0.0320855
0.36619 0.499194 0.384607 0.108246 0.143517 0.107582
0.382213 0.506707 0.374282 0.00952268 0 0.341956
0.384394 0.502298 0.375447 0.0786963 0.512634 0.000221482
0.39538 0.508799 0.339808 0.165959 0.958911 0.144442
0.394311 0.508966 0.334868 0.311328 0.834336 0.19729
0.396821 0.508198 0.316382 0.720226 0.319127 0.409736
0.41883 0.51466 0.248269 0.967606 0.0638024 0.796159
0.4288 0.513714 0.244716 1 0.0138866 0.898635
end
gesture g7 hands 1
0.469821 0.446608 0.32478 0.987392 0.861183 0.9981
0.462427 0.458113 0.393605 0.83585 0.738756 0.537699
0.431726 0.46514 0.501411 0.442341 0.3751 0.0857725
0.423144 0.460088 0.521801 0.314301 0.272691 0.0654854
0.429831 0.468753 0.475166 0.015422 0.00067824 0.550231
0.455263 0.475786 0.38929 0.0445898 0.360184 0.134104
0.461229 0.475701 0.35873 0.263315 0.988424 0.0150483
0.481727 0.483181 0.270748 0.402254 0.882352 0.00919311
0.483544 0.484932 0.273984 0.720835 0.274529 0.414227
0.496881 0.484903 0.247996 0.80694 0.0979079 0.784334
0.491722 0.478828 0.268129 0.81181 0.100472 0.785105
end
gesture g7 hands 1
0.528408 0.483817 0.25177 0.936945 1 1
0.494392 0.498232 0.421513 0.667388 0.695043 0.321728
0.47007 0.501548 0.486964 0.3979 0.442305 0.0399679
0.470205 0.497042 0.498016 0.0599356 0.0965672 0.189324
0.477507 0.500729 0.417275 0.0130265 0.0417082 0.428059
0.473623 0.497805 0.425054 0.118656 0.517121 0.0939922
0.477533 0.504743 0.393509 0.280959 0.953699 0.116042
0.474232 0.50133 0.331062 0.38404 0.843021 0.143938
0.471456 0.50521 0.307887 0.847969 0.342121 0.390291
0.491859 0.50115 0.263305 0.991388 0.000588893 0.869474
0.494211 0.503746 0.257618 0.991931 0.0272677 0.815397
end
gesture g7 hands 1
0.449413 0.496265 0.254985 1 1 1
0.446441 0.491493 0.314175 0.750136 0.734816 0.32416
0.445981 0.504499 0.324714 0.493553 0.454165 0.0493958
0.418794 0.496341 0.399819 0.363594 0.343483 0
0.411809 0.494394 0.383318 0.0250331 0.0625821 0.506999
0.426866 0.500245 0.339777 0 0.0588472 0.557247
0.421641 0.500833 0.319018 0.137593 0.64767 0.00958161
0.427648 0.503638 0.268026 0.230289 0.974997 0.0955985
0.433854 0.50268 0.254612 0.635388 0.427937 0.18417
0.457528 0.508401 0.18483 0.713649 0.31925 0.245223
0.458693 0.507255 0.18153 0.988718 0.00660538 0.759461
0.0 0.0 0.0 0.997341 0 0.787459
end
gesture g7 hands 1
0.412553 0.460288 0.317873 0.843911 0.844226 0.792964
0.396839 0.468938 0.349862 0.292876 0.305988 0.271012
0.373244 0.454665 0.43697 0.025567 0.0202257 0.71108
0.352688 0.459906 0.412183 0.0071264 0.0762176 0.61728
0.387082 0.454972 0.480047 0.0442698 0.473307 0.0693301
0.357702 0.462712 0.400776 0.150107 0.827777 0
0.366163 0.464341 0.394149 0.26467 0.999407 0.0836677
0.385762 0.478354 0.299967 0.534475 0.631211 0.0799724
0.388971 0.472452 0.319466 0.761865 0.322471 0.298095
0.442291 0.48255 0.228917 0.969487 0.0489402 0.829858
0.452519 0.479588 0.229362 1 0 1
end
gesture g7 hands 1
0.392405 0.486228 0.269561 1 1 1
0.383305 0.49424 0.342997 0.662119 0.735864 0.296378
0.353759 0.481164 0.399476 0.258097 0.328117 0.000810705
0.372045 0.484019 0.331174 0.0114976 0.018959 0.528644
0.385846 0.475787 0.313069 0 0.00176147 0.601405
0.380778 0.479638 0.262535 0.111806 0.524005 0.0668834
0.383224 0.478813 0.266859 0.172185 0.951954 0.0662754
0.383557 0.477793 0.235241 0.695834 0.366694 0.225173
0.393221 0.4773 0.203624 0.764153 0.277062 0.278949
0.419486 0.487637 0.103976 0.916652 0.0101863 0.690109
0.419227 0.487229 0.0908015 0.914167 0.0122265 0.696797
end
gesture g7 hands 1
0.404053 0.471927 0.235757 0.993023 1 1
0.406392 0.470484 0.264376 0.738414 0.735204 0.383166
0.400976 0.473407 0.253563 0.493867 0.434759 0.124349
0.395719 0.472869 0.265219 0.0541588 0.0234756 0.500025
0.387033 0.474922 0.32107 3.41688e-05 0.0519894 0.559694
0.38307 0.47168 0.347705 0.0206607 0.243168 0.307574
0.376312 0.484695 0.334214 0.23461 0.951773 0.00238083
0.383395 0.48698 0.295773 0.276151 0.907994 0.00372006
0.381566 0.492599 0.299742 0.673466 0.434404 0.167898
0.376791 0.483285 0.253662 0.748251 0.328217 0.215862
0.397095 0.483496 0.221769 0.998444 0.0141156 0.706512
end
gesture g7 hands 1
0.540237 0.562393 0.481176 0.935626 0.854345 0.959405
0.537723 0.567018 0.422652 0.965426 0.935433 1
0.529255 0.566021 0.429268 0.848747 0.831366 0.718739
0.523261 0.569449 0.476765 0.447052 0.397623 0.233399
0.513068 0.57101 0.480604 0.235439 0.18955 0.234216
0.492956 0.565265 0.563223 0.0696843 0 0.467656
0.507006 0.570755 0.49596 0.0456287 0.105899 0.417423
0.511449 0.569622 0.490773 0.104054 0.930534 0.00775915
0.536212 0.572927 0.421795 0.331905 0.808423 0.0300989
0.544172 0.582626 0.364333 0.664382 0.406965 0.190885
0.55126 0.582352 0.369356 0.931819 0.142538 0.503146
0.0 0.0 0.0 0.997706 0.0850223 0.654988
end
gesture g7 hands 1
0.488029 0.515989 0.266082 0.95721 0.995489 0.998124
0.478863 0.517591 0.26855 0.699009 0.778818 0.385573
0.470949 0.518476 0.331899 0.586614 0.66288 0.237151
0.44655 0.513879 0.383694 0.155631 0.208374 0.0527335
0.456361 0.514287 0.393223 0.0135011 0.0113922 0.355948
0.448176 0.521039 0.430502 1.35681e-05 0 0.394806
0.467102 0.517312 0.330467 0.0224039 0.393575 0.0483884
0.45285 0.520832 0.300891 0.216458 0.94853 0.0413766
0.44941 0.518928 0.30262 0.289519 0.899162 0.0562885
0.463436 0.526513 0.239912 1 0.0474199 0.69654
0.479597 0.526711 0.233543 0.988658 0.0420095 0.676493
end
gesture g7 hands 1
0.444017 0.478595 0.260312 0.985751 1 1
0.43858 0.479039 0.293036 0.524466 0.502753 0.0715855
0.409134 0.479062 0.3508 0.396923 0.377483 0
0.406717 0.479588 0.360312 0.0350222 0.0328898 0.340407
0.416883 0.479248 0.3295 0.0227105 0.0461216 0.442683
0.402769 0.46509 0.306979 0 0.12637 0.351789
0.413534 0.487064 0.301654 0.067492 0.609172 0.0339838
0.431752 0.482582 0.272711 0.152907 0.912696 0.0423988
0.423366 0.486552 0.254255 0.182721 0.9618 0.0695936
0.448792 0.485979 0.240353 0.842766 0.182593 0.34187
0.448564 0.485575 0.240597 0.998848 0.0230373 0.651707
end
gesture g7 hands 1
0.419662 0.519385 0.29653 1 0.990921 1
0.433344 0.527774 0.289327 0.680563 0.815847 0.349422
0.419654 0.534411 0.324314 0.296903 0.456551 0
0.401243 0.528429 0.351655 0.0075523 0.0102011 0.437623
0.407515 0.53204 0.333378 0.0102341 0.0286076 0.439779
0.399826 0.528753 0.352831 0.0256628 0.264902 0.234958
0.417203 0.533782 0.319756 0.134621 0.786165 0.0954035
0.417168 0.533423 0.301773 0.189986 0.989383 0.106184
0.401803 0.531352 0.301283 0.279823 0.928205 0.119169
0.424782 0.533789 0.184319 0.922278 0.128733 0.589182
0.430311 0.530805 0.177949 0.938114 0.0907157 0.679588
end
gesture g7 hands 1
0.44337 0.46153 0.326932 1 0.924797 1
0.431107 0.470791 0.339824 0.897508 0.712498 0.518072
0.433805 0.464782 0.411569 0.80862 0.624506 0.405385
0.406692 0.459639 0.457044 0.279822 0.22954 0.211943
0.427708 0.463216 0.421225 0.124448 0.0934264 0.30834
0.42989 0.460948 0.379365 0.00435711 0.090681 0.37372
0.419848 0.464752 0.379419 0.0378858 0.508542 0.0217931
0.430682 0.474202 0.307135 0.132966 1 0.0673213
0.459107 0.470503 0.264843 0.316097 0.838977 0.0900314
0.465854 0.466142 0.271694 0.899281 0.214045 0.622722
0.478314 0.465369 0.246718 0.951663 0.181179 0.728882
end
gesture g7 hands 1
0.539845 0.52226 0.287213 0.997554 0.957103 1
0.534214 0.522206 0.287177 0.695585 0.66193 0.384963
0.523977 0.516323 0.325003 0.291621 0.205722 0.273043
0.472674 0.516334 0.381706 0.0402675 0.00184187 0.568079
0.457074 0.509321 0.391633 0.0799885 0.685172 0.00753621
0.477879 0.523181 0.354713 0.219248 0.995705 0.0500003
0.485082 0.524174 0.354133 0.276108 0.896104 0.0288405
0.489133 0.532154 0.306887 0.553182 0.493977 0.106051
0.48886 0.529262 0.316162 0.639193 0.394276 0.150471
0.501851 0.523814 0.289677 0.964151 0.0398943 0.594057
0.523509 0.526732 0.255655 1 0.00267607 0.690939
end
gesture g7 hands 1
0.499723 0.581301 0.261365 1 0.997181 1
0.48741 0.582285 0.265383 0.583575 0.73207 0.280982
0.47929 0.57838 0.300338 0.233433 0.426302 0.0818306
0.465583 0.574272 0.393686 0.0476391 0.066225 0.482767
0.445047 0.578365 0.408686 0.0408157 0 0.650401
0.444244 0.567535 0.434758 0.00591234 0.095023 0.518615
0.445415 0.573904 0.411231 0.0375261 0.5804 0.116473
0.40919 0.565785 0.43699 0.273927 0.982959 0.151428
0.451992 0.573361 0.399936 0.434785 0.680664 0
0.471427 0.581694 0.327659 0.741353 0.242441 0.241875
0.463735 0.58021 0.324311 0.922299 0.018236 0.691472
end
gesture g7 hands 1
0.449686 0.482498 0.253475 0.885957 0.892779 1
0.414555 0.481805 0.336241 0.509053 0.525052 0.191367
0.409208 0.484878 0.364095 0.266135 0.272035 0.233627
0.392641 0.47867 0.414117 0.0601914 0.0370445 0.874495
0.383309 0.482566 0.4071 0.0091876 0.192142 0.626728
0.353336 0.477027 0.445427 0.0615324 0.769594 0.00441154
0.357126 0.476624 0.43857 0.159596 0.993955 0.0460345
0.334294 0.489207 0.403805 0.453862 0.634915 0.0011163
0.368812 0.481959 0.412682 0.724846 0.295353 0.195567
0.396734 0.486332 0.334647 0.964456 0.0153245 0.704816
0.443368 0.491943 0.226258 1 0 0.766266
end
gesture g7 hands 1
0.499046 0.570683 0.230311 0.996394 0.914692 1
0.491398 0.568341 0.242347 0.467524 0.626066 0.230089
0.448035 0.561229 0.335028 0.321849 0.485805 0.160958
0.419013 0.574905 0.32355 0.076759 0.0507074 0.511701
0.425494 0.561475 0.357429 0.0498659 0 0.683433
0.40587 0.557701 0.366083 0.0227642 0.104055 0.557949
0.39009 0.593148 0.330757 0.0141186 0.572334 0.164264
0.415545 0.553536 0.351708 0.201569 0.998244 0.0900817
0.427141 0.572245 0.291901 0.441854 0.731952 0
0.435649 0.578448 0.237258 0.815818 0.248641 0.125446
0.450212 0.574218 0.221656 1 0.0127647 0.412667
end
gesture g7 hands 1
0.417708 0.545039 0.267807 0.999998 0.910572 0.476132
0.4089 0.553685 0.18847 0.617967 0.652865 0.00719653
0.409834 0.555932 0.17655 0.515584 0.583537 0.0147872
0.399837 0.538728 0.384591 0.0744494 0.27267 0.434243
0.404498 0.535047 0.417709 0.0152541 0.627304 0.304977
0.405731 0.527478 0.515938 0 1 0.697668
0.407126 0.524836 0.552654 0.292979 0.68901 0.132865
0.408581 0.534064 0.508571 0.51399 0.469597 0.0223222
0.418608 0.528062 0.574133 0.678002 0.27439 0.260894
0.420383 0.525395 0.558614 0.867368 0.0150003 0.942423
0.441952 0.555929 0.320491 0.876551 0.00390787 0.99016
end
gesture g7 hands 1
0.455052 0.514862 0.189151 1 0.915796 0.607655
0.441543 0.515184 0.22885 0.612714 0.541571 0.0199472
0.42221 0.525259 0.38921 0.481503 0.440824 0
0.408923 0.520564 0.460052 0.0626839 0.168722 0.42334
0.420761 0.504514 0.687831 0.0476931 0.172425 0.425588
0.425995 0.500547 0.722347 0.0162787 0.522907 0.217317
0.404024 0.497411 0.67595 0.0050864 0.809742 0.295736
0.424571 0.5043 0.545805 0.0152074 0.988141 0.499217
0.431324 0.511526 0.511289 0.290068 0.72486 0.182018
0.442419 0.526836 0.246451 0.674915 0.302602 0.247433
0.448045 0.527205 0.193649 0.88502 0.00155115 0.989342
end
gesture g7 hands 1
0.376571 0.543442 0.278931 0.993211 0.952663 0.54536
0.387255 0.547872 0.261152 0.676719 0.638784 0.095936
0.356706 0.535953 0.40812 0.436272 0.432127 0.00256511
0.381106 0.492456 0.660543 0.0188106 0.165421 0.444599
0.38842 0.494747 0.624116 0.00615013 0.151406 0.466116
0.376194 0.505736 0.491189 0.00301585 0.557792 0.236731
0.3928 0.525173 0.461761 0.038023 0.985049 0.482417
0.383509 0.519415 0.444807 0.046483 0.98993 0.496153
0.381366 0.534051 0.224508 0.276046 0.70262 0.184004
0.386282 0.555786 0.155175 0.668272 0.313663 0.235558
0.391743 0.557364 0.133006 0.947432 0 1
end
gesture g7 hands 1
0.430017 0.623602 0.343943 1 0.930858 0.697722
0.437195 0.617961 0.375508 0.543774 0.62579 0.415031
0.431601 0.613375 0.367358 0.302526 0.445644 0.353792
0.451926 0.621957 0.361279 0.0261495 0.282495 0.438311
0.436803 0.619142 0.500643 0 0.595731 0.137473
0.431648 0.61548 0.484613 0.0157948 0.929203 0.0183272
0.437163 0.620232 0.431884 0.041471 0.990512 0.00486357
0.4271 0.605371 0.477634 0.503453 0.598108 0.126351
0.424781 0.605852 0.466962 0.728474 0.351046 0.283367
0.425876 0.647307 0.326742 0.911026 0.00358504 1
0.415026 0.635982 0.334262 0.906659 0.0176872 0.968525
end
gesture g7 hands 1
0.430376 0.490923 0.525069 0.801887 0.924094 0.649831
0.453723 0.496802 0.527487 0.773957 0.874397 0.631521
0.439238 0.496697 0.448928 0.555727 0.583121 0.534167
0.437417 0.50959 0.531081 0.139216 0.113317 0.626546
0.433714 0.501295 0.536884 0.0879461 0.00104172 0.737236
0.432052 0.497721 0.497777 0.0415149 0.145629 0.500104
0.439489 0.492416 0.548215 0.0139353 0.891155 0
0.426626 0.48887 0.516017 0.10893 0.938283 0.0775928
0.442253 0.49163 0.521477 0.690553 0.30239 0.318801
0.434217 0.512008 0.436076 0.961881 0.0368135 0.919782
0.443144 0.506857 0.438908 0.964028 0.050194 0.936295
end
gesture g7 hands 1
0.478158 0.545856 0.502752 0.850033 0.87562 0.982689
0.491306 0.549252 0.461275 0.645975 0.607602 0.3279
0.449637 0.552966 0.519755 0.28135 0.270081 0.246837
0.446882 0.553772 0.52305 0.01746 0.0172839 0.599473
0.436808 0.547676 0.57204 0.000840696 0.203799 0.237786
0.467006 0.550864 0.504816 0.0577687 0.620335 0.0083919
0.467821 0.54934 0.498841 0.158506 0.951674 0.321573
0.467222 0.548289 0.54269 0.176839 1 0.431327
0.475573 0.553444 0.498226 0.351764 0.688088 0.0633128
0.495652 0.539632 0.523534 0.958365 0.154898 0.580141
0.490235 0.541515 0.495414 0.998847 0.0981522 0.777022
end
gesture g7 hands 1
0.543674 0.507127 0.385681 0.935006 0.935657 0.407818
0.532455 0.50582 0.378682 0.527165 0.469782 0.402185
0.533302 0.526055 0.38423 0.384774 0.292974 0.431717
0.53403 0.520734 0.34915 0.11299 0.0587965 0.743599
0.514762 0.53873 0.395582 0.0567453 0.0675497 0.730711
0.492574 0.538793 0.541622 0.00477071 0.529381 0.113605
0.483704 0.538397 0.493654 0.0661865 0.965351 0
0.517797 0.535644 0.53377 0.0805913 1 0.0252638
0.486486 0.530895 0.572861 0.195374 0.900483 0.164817
0.449292 0.565432 0.409068 0.790424 0.280979 0.418487
0.460141 0.56587 0.398996 0.988898 0 1
end
gesture g7 hands 1
0.420905 0.553384 0.47251 0.866891 0.897394 0.735057
0.44488 0.561666 0.51373 0.802433 0.791419 0.709993
0.443528 0.561634 0.471379 0.493898 0.533514 0.497174
0.432247 0.560996 0.551361 0.0469321 0.177972 0.764377
0.435958 0.56418 0.564924 0.060045 0.196986 0.68167
0.443594 0.562991 0.493719 0.0122288 0.914778 0.0610325
0.435995 0.554048 0.532213 0.0433021 1 0.0607008
0.442599 0.561687 0.504223 0.500401 0.627437 0
0.434232 0.565507 0.521709 0.648474 0.461948 0.0928795
0.418093 0.59038 0.403764 0.957734 0.0894509 0.490326
0.420349 0.58812 0.432352 0.987711 0.00655754 0.985706
end
gesture g7 hands 1
0.472606 0.538675 0.589741 0.819711 0.895082 0.745595
0.487044 0.540885 0.59387 0.297499 0.323879 0.636357
0.495314 0.545288 0.536808 0.061489 0.0444498 0.938394
0.492071 0.537258 0.524142 0.0584511 0.050216 0.925317
0.473782 0.536192 0.712813 0.0528156 0.195292 0.660036
0.485865 0.544696 0.650864 0.0186034 0.764105 0.0678689
0.493656 0.525521 0.682457 0.134468 0.93839 0.108687
0.48171 0.562468 0.39811 0.516605 0.538907 0
0.483026 0.569027 0.376704 0.744249 0.294396 0.162307
0.488527 0.559891 0.438171 0.999245 0.0199961 0.894067
0.495889 0.556387 0.433627 0.988816 0.00247069 0.997934
end
gesture g7 hands 1
0.376683 0.561666 0.258692 0.682594 0.988825 0.256107
0.404848 0.582177 0.285401 0.16442 0.176479 0.396739
0.409319 0.575808 0.299494 0.0413271 0.00148125 0.636982
0.411668 0.578867 0.430093 0.0443455 0.0457933 0.546965
0.411183 0.581095 0.46005 0.000234265 0.607449 0.0915666
0.40521 0.562903 0.416517 0.00343314 0.9641 0.0253081
0.416936 0.566418 0.452154 0.204983 0.882658 0.0691361
0.405232 0.569449 0.416443 0.641693 0.452164 0.28444
0.384459 0.586621 0.283335 0.905453 0.147764 0.774737
0.401374 0.601961 0.278982 0.959285 0.0920229 0.961412
0.399951 0.599055 0.299937 0.965927 0.0903445 0.911018
end
gesture g7 hands 1
0.451676 0.5477 0.37775 0.842116 0.978749 0.540657
0.477314 0.565769 0.39866 0.411654 0.39363 0.557018
0.441011 0.567086 0.641255 0.0805987 0.0774761 0.84453
0.441624 0.565705 0.673684 0.0616144 0 1
0.443693 0.556739 0.547741 0.0631267 0.100783 0.791384
0.453775 0.56331 0.532833 0.0200443 0.388022 0.279768
0.448322 0.555441 0.599628 0.000367864 0.690585 0.0810261
0.461132 0.57611 0.332349 0.029917 1 0.0962236
0.446733 0.579084 0.277072 0.634221 0.424856 0.0420126
0.467996 0.581504 0.330218 0.894266 0.203017 0.364763
0.455497 0.580232 0.294982 1 0.075201 0.899129
end
gesture g7 hands 1
0.407568 0.503841 0.404987 0.817832 0.986212 0.434492
0.427375 0.524839 0.457512 0.44099 0.456176 0.372156
0.43794 0.524288 0.392384 0.318086 0.278193 0.42688
0.431006 0.53439 0.474428 0.0266485 0.00217373 1
0.432255 0.517241 0.446684 0.0385169 0.0786313 0.79523
0.43574 0.510698 0.509105 0.0176014 0.345172 0.31887
0.44354 0.503396 0.505131 0.0196048 0.995825 0.0780682
0.430446 0.516233 0.445669 0.585563 0.509439 0.0340861
0.419319 0.525421 0.44364 0.764687 0.37035 0.126787
0.41605 0.534296 0.33267 0.962312 0.163158 0.53692
0.427135 0.532983 0.373269 0.974668 0.0982348 0.691788
end
gesture g7 hands 1
0.483392 0.52812 0.331699 0.846115 0.94026 0.387267
0.502386 0.555534 0.344638 0.312759 0.298521 0.373526
0.481092 0.54398 0.420558 0.213069 0.163122 0.56464
0.477352 0.557185 0.582358 0.0664765 0.015294 1
0.471002 0.553024 0.614191 0.0586037 0.030371 0.963243
0.480539 0.553092 0.521554 0.00877994 0.706125 0.105462
0.476194 0.55024 0.532203 0.0340377 0.982396 0.203252
0.492621 0.544083 0.638008 0.683743 0.381137 0.0490095
0.484933 0.537279 0.602511 0.831894 0.257959 0.270812
0.463479 0.566104 0.430519 0.977704 0.139143 0.828468
0.470624 0.567148 0.449757 0.995234 0.126716 0.933585
end
gesture g7 hands 1
0.495087 0.522631 0.457435 0.877564 0.935454 0.573945
0.515323 0.536873 0.498184 0.699333 0.760072 0.492274
0.481035 0.532892 0.481521 0.295919 0.317839 0.606924
0.473615 0.532467 0.49473 0.156293 0.122835 0.848313
0.481038 0.54415 0.434643 0.135063 0.0807881 0.945006
0.482462 0.548274 0.451909 0.0609628 0.271229 0.641457
0.460021 0.53682 0.58115 0.0376153 1 0.0951395
0.473886 0.533978 0.645124 0.114267 0.9437 0.119831
0.471034 0.532476 0.640634 0.609821 0.338525 0.0357421
0.469709 0.552198 0.431448 0.941239 0.0501617 0.515843
0.471471 0.554215 0.481521 0.991072 0.00114325 0.811621
end
gesture g7 hands 1
0.497741 0.526005 0.571467 0.774203 0.853842 0.594303
0.499206 0.533116 0.464198 0.52582 0.448111 0.470568
0.500688 0.52892 0.485768 0.308369 0.157485 0.671112
0.495914 0.536705 0.48198 0.187794 0.0159201 0.975879
0.4974 0.527436 0.590568 0.0332653 0.426876 0.2734
0.484534 0.526414 0.588756 0.00663995 0.842386 0.0114423
0.483467 0.521406 0.644243 0.0499952 0.990707 0.0492295
0.493234 0.518836 0.555332 0.36201 0.809542 0.0143245
0.482349 0.527778 0.527259 0.822374 0.339014 0.319749
0.470192 0.554663 0.378992 0.990549 0.168986 0.814687
0.489104 0.558847 0.3906 0.958603 0.148526 0.890343
end
gesture g7 hands 1
0.410048 0.495502 0.429707 0.960871 0.922382 0.771282
0.443082 0.487835 0.398607 0.200511 0.143229 0.434052
0.44383 0.479319 0.558454 0.0789896 0 0.739733
0.43868 0.476423 0.534247 0.0798148 0.0359897 0.693945
0.448856 0.475103 0.466053 0 0.575388 0.19964
0.454821 0.469602 0.535372 0.075597 0.996508 0.0541074
0.455285 0.467786 0.532599 0.131946 0.959337 0.0290018
0.447203 0.500877 0.410297 0.558484 0.540616 0.133093
0.453611 0.485273 0.460132 0.68561 0.412156 0.223021
0.462569 0.493158 0.411497 0.981928 0.0894558 0.851843
0.461054 0.490899 0.427833 0.977974 0.0442722 1
end
gesture g7 hands 1
0.443714 0.536841 0.420648 0.933934 0.988213 0.485187
0.458056 0.565163 0.404294 0.368642 0.304153 0.487974
0.461554 0.564954 0.444995 0.236172 0.192789 0.59717
0.472727 0.563038 0.556244 0.068648 0.0233813 0.907377
0.470667 0.561672 0.579052 0.0489593 0.00403677 1
0.472951 0.56302 0.521997 0.00927098 0.712736 0.25396
0.469765 0.533028 0.538717 0.00479547 0.979482 0.182238
0.46682 0.546226 0.486136 0.18028 0.903046 0.176005
0.441516 0.56509 0.355012 0.600198 0.447183 0.000733342
0.459843 0.56395 0.336605 0.670839 0.351063 0.0539748
0.446016 0.564848 0.25997 1 0 0.751833
end
gesture g7 hands 1
0.53316 0.527127 0.325702 0.957224 0.89369 0.129022
0.534733 0.530395 0.3223 0.358633 0.275129 0.196791
0.50524 0.520053 0.410583 0.0667837 0.0324055 0.825182
0.514243 0.520636 0.362358 0.0306879 0.0165923 0.932522
0.527034 0.514864 0.42575 0.0173626 0.43501 0.343899
0.511496 0.495237 0.356135 0.0268719 0.573276 0.224501
0.493248 0.507716 0.359441 0.0858262 0.999194 0.105007
0.507629 0.537382 0.24685 0.552298 0.545141 0.0854634
0.507245 0.541712 0.295173 0.670702 0.417134 0.176179
0.513314 0.547205 0.220598 0.969816 0.0113593 0.896646
0.521192 0.533531 0.347579 0.969368 0.0432884 0.876518
end
gesture g7 hands 1
0.451181 0.427993 0.280902 0.963192 0.759388 0
0.483406 0.450791 0.247136 0.915543 0.701049 0.050157
0.479244 0.457835 0.314078 0.339262 0.248694 0.406497
0.49588 0.449864 0.291072 0.0502275 0.047831 0.874704
0.488832 0.441948 0.428019 0.0367804 0.00114828 0.963467
0.481243 0.436454 0.515106 0.00135431 0.483062 0.36878
0.499496 0.436648 0.440856 0.0195772 0.883616 0.0902449
0.49971 0.428134 0.500196 0.0442989 0.993796 0.174368
0.436876 0.429113 0.441151 0.487946 0.563262 0.0713863
0.43179 0.473629 0.210602 0.925339 0.117333 0.548874
0.474731 0.480569 0.338861 0.994883 0.015669 0.73361
end
gesture g7 hands 1
0.442781 0.51016 0.29453 0.914208 0.95173 0.30154
0.452271 0.509643 0.325562 0.484327 0.437563 0.233802
0.459778 0.506333 0.28797 0.348128 0.299785 0.285546
0.427935 0.513113 0.475926 0.203334 0.15166 0.444019
0.439865 0.503303 0.4903 0.0479078 0.018182 0.875949
0.446007 0.484135 0.435829 0.015832 0.0968957 0.791627
0.444759 0.487295 0.462216 0.0639004 0.700637 0.0609561
0.422288 0.488678 0.361015 0.0922059 1 0.0435609
0.399788 0.515288 0.188611 0.515124 0.586142 0.0498261
0.407991 0.529905 0.14306 0.987917 0.0755131 0.588413
0.423909 0.531163 0.154853 1 0.0699608 0.595341
end
gesture g7 hands 1
0.415505 0.539513 0.357399 0.717116 0.998616 0.152437
0.410474 0.547874 0.298162 0.25722 0.180776 0.461353
0.414733 0.552691 0.344589 0.101546 0 0.980828
0.41405 0.55345 0.276151 0.0972303 0.0067646 0.993552
0.410205 0.558864 0.431598 0.0199067 0.396446 0.365488
0.402663 0.56316 0.459025 0.0157676 0.514162 0.220875
0.400396 0.545148 0.392822 0.0139912 0.991657 0.0893294
0.420228 0.541214 0.464442 0.0852023 0.926299 0.068265
0.410778 0.546146 0.416209 0.592097 0.510989 0.0909639
0.393877 0.552316 0.244683 0.999896 0.1875 0.84911
0.421812 0.563508 0.280623 0.974785 0.205965 0.765197
end
gesture g7 hands 1
0.442084 0.472859 0.321754 0.903737 0.953516 0.099345
0.46065 0.489717 0.276781 0.592746 0.520308 0.0364986
0.45211 0.493983 0.318314 0.448356 0.366629 0.0940589
0.434572 0.490345 0.466409 0.0287927 0.00498271 1
0.43199 0.486731 0.479583 0.00828245 0.0650326 0.894445
0.434081 0.4893 0.384181 0.072326 0.723478 0.242657
0.446496 0.485604 0.434274 0.139564 0.995503 0.183504
0.471026 0.464446 0.406751 0.529792 0.550866 0.00973233
0.453221 0.489049 0.265872 0.781322 0.293739 0.0771934
0.457538 0.490411 0.203782 0.973655 0.142003 0.443783
0.466894 0.487352 0.277116 0.962049 0.120552 0.552609
end
gesture g7 hands 1
0.457657 0.503772 0.216193 0.808143 0.885019 0.0106421
0.472265 0.527084 0.225047 0.271866 0.308182 0.33706
0.463637 0.533671 0.234079 0.190253 0.211376 0.453318
0.443528 0.526152 0.338802 0.0456199 0.0315369 0.889733
0.437746 0.524992 0.354273 0.00231232 0.423416 0.450456
0.45258 0.520536 0.437352 0.0494177 0.983505 0.150062
0.459563 0.516636 0.444954 0.157874 0.917807 0.201127
0.440949 0.522393 0.257599 0.419869 0.675793 0.104095
0.428174 0.524004 0.223527 0.737652 0.302429 0.239759
0.436434 0.52779 0.289705 0.925193 0.152274 0.576641
0.437522 0.532132 0.261891 0.989802 0.0977519 0.643176
end
gesture g7 hands 1
0.484793 0.560131 0.248607 0.886896 0.947001 0.020233
0.476536 0.552884 0.253021 0.411484 0.362856 0.396763
0.479379 0.555217 0.2063 0.299168 0.226134 0.570771
0.480376 0.557141 0.234352 0.145463 0 1
0.471069 0.547524 0.323287 0.0342425 0.166428 0.907109
0.472086 0.542381 0.342601 0.00271819 0.814075 0.190287
0.464846 0.554548 0.326598 0.0157829 0.969395 0.1615
0.462435 0.54151 0.401738 0.274138 0.785666 0.22303
0.442435 0.54585 0.353821 0.750721 0.320432 0.0755076
0.462144 0.567405 0.216785 0.897691 0.135731 0.299548
0.464411 0.571181 0.231592 0.961701 0.104676 0.470522
end
gesture g7 hands 1
0.466516 0.536971 0.290497 0.935921 0.955149 0.178502
0.47927 0.55753 0.230086 0.690291 0.682693 0.133166
0.485294 0.553656 0.196441 0.357368 0.29752 0.465372
0.474317 0.553617 0.2456 0.136075 0.0645067 0.847499
0.467258 0.545609 0.399849 0.00322817 0.0467126 1
0.471661 0.5428 0.337799 0.00789544 0.584157 0.240551
0.475272 0.534617 0.398428 0.00478593 0.917439 0.104326
0.44513 0.541941 0.32917 0.208713 0.841657 0.100503
0.443705 0.558954 0.206709 0.677072 0.364222 0.0179158
0.443596 0.558738 0.191307 0.977786 0.110977 0.434346
0.450299 0.553874 0.256195 0.991204 0.101212 0.49574
end
gesture g7 hands 1
0.456182 0.534241 0.504912 0.987764 0.918094 0.969456
0.461879 0.544247 0.456532 0.448412 0.528289 0.454184
0.476204 0.540197 0.491363 0.150459 0.158838 0.528899
0.474604 0.534745 0.583838 0.0352615 0 0.794534
0.471533 0.532614 0.592947 0.0158194 0.016001 0.828064
0.470184 0.530616 0.582307 0.00714489 0.538799 0.279415
0.465511 0.523668 0.617061 0.064655 0.991455 0.0881122
0.450501 0.532704 0.572125 0.282764 0.795758 0
0.463481 0.537336 0.501391 0.613298 0.449066 0.201026
0.463617 0.534974 0.51739 0.934554 0.108191 0.741483
0.465981 0.537764 0.491287 0.945467 0.0937821 0.782209
end
gesture g7 hands 1
0.5448 0.592772 0.291115 0.960706 1 0.279444
0.561629 0.616942 0.305686 0.826541 0.779531 0.213879
0.55657 0.613275 0.256652 0.465743 0.418555 0.131317
0.560109 0.611957 0.246939 0.0547262 0.0059903 0.960586
0.551149 0.598211 0.446715 0.0156892 0.115791 0.814514
0.550959 0.604364 0.391516 0.0158842 0.748914 0.0862055
0.549339 0.593084 0.470718 0.0356826 0.977844 0.0198944
0.55648 0.583427 0.416641 0.0745495 0.960884 0.00261604
0.553933 0.591297 0.468103 0.718929 0.366442 0.139815
0.559497 0.614143 0.237599 0.966867 0.172047 0.576445
0.548074 0.608455 0.25768 0.973241 0.155641 0.626786
end
gesture g7 hands 1
0.436531 0.511059 0.295536 0.955962 1 0.0241985
0.456724 0.541159 0.235156 0.984406 0.96013 0.0103368
0.455405 0.537175 0.269379 0.690778 0.749975 0.103218
0.454384 0.533196 0.290916 0.250444 0.276376 0.46887
0.441958 0.517573 0.412851 0.0611733 0.0572086 0.847914
0.443516 0.514831 0.434858 0.052427 0.00652667 0.950427
0.443263 0.525404 0.345187 0.00291723 0.603378 0.337301
0.438586 0.502111 0.416062 0.0479222 0.985974 0.12734
0.443889 0.522557 0.366645 0.500682 0.577415 0.0181682
0.414773 0.521296 0.271415 0.996715 0.0773064 0.477249
0.426189 0.533398 0.171093 1 0.0975456 0.452268
end
gesture g7 hands 1
0.429729 0.628597 0.297638 0.870951 0.958743 0.37869
0.42623 0.630736 0.300572 0.195812 0.366635 0.35335
0.414018 0.640601 0.282907 0.0669928 0.209112 0.577404
0.403136 0.634262 0.36474 0.0559556 0.226074 0.545856
0.407015 0.631758 0.384493 0.00390689 0.586295 0.140415
0.411756 0.63331 0.327154 0.0102676 0.974632 0.100232
0.406738 0.630652 0.326138 0.225196 0.881302 0.0567189
0.414647 0.632518 0.376254 0.642591 0.483636 0.0158587
0.395425 0.630664 0.327606 0.89532 0.185732 0.272759
0.402895 0.645302 0.349898 0.9821 0.037516 0.769343
0.367683 0.643125 0.335055 1 0 1
end
gesture g7 hands 1
0.443051 0.549183 0.331381 0.868601 0.922992 0.406336
0.45113 0.551266 0.345077 0.298434 0.358459 0.352641
0.454477 0.561488 0.299701 0.118815 0.202983 0.500544
0.433476 0.564406 0.394037 0.0768908 0.150493 0.59392
0.428486 0.561267 0.365685 0.0410677 0.267693 0.426241
0.445203 0.565796 0.360565 0.00795106 0.945088 0.04576
0.439102 0.540892 0.427381 0.0272097 0.99167 0.063808
0.44367 0.542558 0.412149 0.300404 0.747033 0.013184
0.433272 0.565356 0.302453 0.751377 0.289096 0.254272
0.43398 0.571143 0.296565 0.839405 0.206832 0.40288
0.424191 0.594616 0.225205 0.994486 0 1
end
gesture g7 hands 1
0.523652 0.556754 0.568624 0.992903 0.990147 0.979832
0.52139 0.557133 0.537449 0.713988 0.627083 0.564226
0.524878 0.559927 0.549563 0.388294 0.286302 0.494374
0.531499 0.553728 0.517465 0.116748 0.0663501 0.638013
0.509816 0.553603 0.530808 0.0540554 0.0269476 0.672385
0.522359 0.56228 0.508549 0.0834265 0.611354 0.16805
0.523779 0.590933 0.489857 0.00181694 0.965011 0.254074
0.51743 0.601462 0.507689 0.0213761 0.975811 0.24362
0.52265 0.579058 0.565672 0.440186 0.561582 0
0.537894 0.574694 0.551961 0.908909 0.0674753 0.338806
0.562551 0.594782 0.461264 0.879362 0.0655478 0.324847
end
gesture g7 hands 1
0.6463 0.565302 0.557312 0.954275 0.910464 0.946341
0.642902 0.56802 0.531902 0.999965 0.931647 0.994176
0.634594 0.570342 0.535834 0.841089 0.729472 0.675792
0.625862 0.575311 0.519525 0.329835 0.00391539 0.820459
0.615752 0.577721 0.533432 0.200502 0.440864 0.0804521
0.60482 0.574801 0.555419 0.12157 0.630325 0.051984
0.588206 0.570415 0.653999 0 0.984636 0.318456
0.602123 0.573229 0.68538 0.0692842 0.9656 0.286202
0.603754 0.575091 0.684506 0.622144 0.436516 0
0.632733 0.577177 0.561608 0.960652 0.00715208 0.605169
0.660342 0.57266 0.540858 0.951167 0.00188469 0.632034
end
gesture g7 hands 1
0.488166 0.566151 0.459395 0.90913 0.985801 0.988816
0.503083 0.570586 0.426784 1 0.965259 0.92476
0.508652 0.566367 0.449604 0.826649 0.743538 0.437619
0.505608 0.570304 0.456194 0.370979 0.246234 0.13696
0.457084 0.565723 0.57508 0.0850007 0.0165739 0.441987
0.47924 0.568521 0.517087 0.0470844 0.518826 0.0173226
0.481552 0.567478 0.522547 0.00718216 0.917502 0.188062
0.503392 0.55925 0.509066 0.00927829 0.938694 0.241912
0.487571 0.559481 0.509367 0.194746 0.59834 0.00323856
0.513713 0.553163 0.481802 0.704679 0.0575863 0.468122
0.522595 0.557774 0.49212 0.823101 0.0105971 0.741856
0.0 0.0 0.0 0.816217 0.0289977 0.687968
end
gesture g7 hands 1
0.447165 0.541813 0.586171 0.877003 0.928391 0.970591
0.461691 0.544866 0.528406 0.753217 0.686172 0.383495
0.45928 0.542348 0.558608 0.366245 0.25027 0.248483
0.45536 0.5563 0.625666 0.143933 0.0448198 0.643118
0.462345 0.548257 0.536854 0.0365733 0.00773278 0.724484
0.410774 0.547275 0.620967 0.0316415 0.509191 0.0558641
0.435823 0.54341 0.577511 0.00326761 1 0.502561
0.455802 0.547904 0.545989 0.467492 0.482391 0
0.434803 0.544627 0.531733 0.608178 0.351755 0.0926132
0.445446 0.542591 0.558503 0.986193 0.0892807 0.893606
0.449871 0.549238 0.510876 0.972131 0.125271 0.826338
end
gesture g7 hands 1
0.496789 0.549418 0.487321 0.910222 0.991291 0.968383
0.48997 0.552475 0.48901 0.649247 0.534072 0.192692
0.515763 0.553196 0.439824 0.460055 0.330812 0.134093
0.507015 0.557433 0.45025 0.191375 0.0436155 0.428296
0.47773 0.548731 0.538245 0.122073 0.00293867 0.569774
0.485055 0.551494 0.485101 0.0888666 0.321539 0.0732732
0.481158 0.552806 0.506822 0.0638819 0.725678 0.114833
0.492947 0.554306 0.46671 0.0094006 0.912055 0.324806
0.483559 0.557159 0.481384 0.0540354 0.813239 0.231066
0.503445 0.548594 0.460194 0.669353 0.264437 0.0547376
0.517384 0.550798 0.431521 0.991914 0.00114959 0.64406
0.0 0.0 0.0 0.97046 0.0575075 0.618236
end
gesture g7 hands 1
0.495505 0.566171 0.466725 0.935147 0.947913 0.979453
0.489516 0.571983 0.43402 0.871282 0.71835 0.443871
0.50755 0.566008 0.45466 0.499883 0.362146 0.200346
0.47752 0.570538 0.510216 0.245783 0.176387 0.313932
0.4078 0.569985 0.591493 0.0111445 0.0172523 0.647575
0.431064 0.5548 0.668308 0.0751654 0.4156 0.109609
0.445417 0.557954 0.646961 0.0121793 1 0.412314
0.44689 0.564095 0.575936 0.161376 0.793547 0.161408
0.504219 0.558199 0.466284 0.584956 0.402529 0.02064
0.496453 0.553721 0.523607 0.984812 0.0900184 0.538718
0.5144 0.554705 0.490945 0.992033 0.111378 0.600152
end
gesture g7 hands 1
0.528794 0.633902 0.428812 0.934556 0.95905 1
0.53553 0.630952 0.374882 0.900925 0.805225 0.495613
0.52268 0.619333 0.378123 0.615642 0.49767 0.114189
0.522761 0.618807 0.432603 0.402887 0.269166 0.0792748
0.521457 0.610162 0.413465 0.157863 0 0.379621
0.490229 0.612864 0.43725 0.0579882 0.412727 0.02189
0.474224 0.61198 0.500933 0.0145378 1 0.380018
0.470286 0.604162 0.523068 0 0.994122 0.371641
0.518438 0.60494 0.4821 0.351264 0.556724 0.0124125
0.508096 0.591641 0.494329 0.511565 0.427557 0.047785
0.527786 0.59352 0.456205 0.943757 0.134563 0.570547
end
gesture g7 hands 1
0.455167 0.586004 0.56961 0.810022 0.976834 0.9917
0.465981 0.571112 0.50985 0.630042 0.689981 0.27503
0.46048 0.581059 0.585248 0.321271 0.280454 0.160623
0.439778 0.577058 0.554713 0.0747687 0.0012216 0.683295
0.420635 0.575015 0.625393 0.05473 0.0328244 0.643237
0.424321 0.572874 0.636358 0 0.489421 0.174384
0.444336 0.573871 0.564892 0.0632156 0.994641 0.406779
0.448478 0.564301 0.567775 0.0612625 0.97794 0.385156
0.457677 0.564214 0.515661 0.425942 0.513826 0
0.459948 0.553793 0.57341 0.959098 0.0484239 0.901057
0.468332 0.555939 0.544492 0.0 0.0 0.0
end
gesture g7 hands 1
0.489553 0.529665 0.469192 0.850173 0.988584 0.996791
0.490353 0.533804 0.443172 0.855476 0.911248 0.728956
0.497272 0.526751 0.481856 0.727121 0.652726 0.207338
0.50006 0.535365 0.471144 0.476142 0.250381 0.0444946
0.479381 0.536545 0.474267 0.238048 0.0230472 0.451191
0.452001 0.532436 0.545345 0.0701906 0.40282 0.0987034
0.477632 0.535717 0.476045 0.00185965 0.878929 0.245501
0.498015 0.53029 0.477345 0.0270074 0.841501 0.215144
0.489336 0.527791 0.437622 0.406034 0.515782 0.000173472
0.485443 0.523994 0.460432 0.969164 0.0239161 0.678
0.499795 0.526593 0.448984 0.983186 0.0209084 0.841233
end
gesture g7 hands 1
0.445325 0.523008 0.506572 0.813703 0.949173 0.901191
0.445613 0.526357 0.526349 0.853296 0.873036 0.720574
0.454012 0.518398 0.502948 0.423234 0.427343 0.213229
0.472757 0.513977 0.496279 0.0355014 0.014848 0.541808
0.448009 0.508565 0.560429 0.0205337 0.374561 0.169088
0.470968 0.510243 0.540266 0.043136 0.515657 0.151238
0.470461 0.522521 0.576543 0.110844 0.927335 0.346273
0.474061 0.509422 0.496124 0.11749 0.986939 0.397817
0.474187 0.50774 0.504413 0.518349 0.304735 0.0434481
0.495526 0.505872 0.470295 1 0.00161958 0.701144
0.497534 0.508179 0.467133 0.995246 0.00407292 0.698676
end
gesture g7 hands 1
0.488115 0.520787 0.430057 0.932001 0.994726 0.978514
0.487148 0.527298 0.430827 0.901457 0.783568 0.459453
0.493259 0.513086 0.386722 0.674382 0.458083 0.0377594
0.487831 0.51989 0.396332 0.366342 0.146391 0.139704
0.46674 0.520354 0.463963 0.202146 0.0269935 0.430715
0.47792 0.522631 0.467997 0.158768 0.0190363 0.46521
0.495592 0.524352 0.433728 0.133481 0.226946 0.110194
0.501718 0.522178 0.449322 0.0337677 0.781952 0.162096
0.492683 0.507079 0.375571 0.019819 0.833798 0.239926
0.494591 0.518304 0.43885 0.415914 0.443555 0.00997237
0.50762 0.515508 0.399414 0.567763 0.315359 0.0360364
0.0 0.0 0.0 1 0.00705795 0.742895
end
gesture g7 hands 1
0.468959 0.553465 0.499851 0.935595 1 0.962746
0.470332 0.561497 0.448492 0.658289 0.657332 0.25691
0.468242 0.55652 0.456739 0.272174 0.289481 0.16824
0.476081 0.544511 0.421248 0.0270553 0.0113296 0.636617
0.484233 0.54506 0.447525 0.0117775 0.309436 0.111705
0.485975 0.545835 0.445534 0.0359552 0.727168 0.0815033
0.448447 0.546552 0.518961 0.0365143 0.923007 0.353657
0.457134 0.547302 0.586758 0.084405 0.837149 0.233136
0.476666 0.549953 0.551495 0.476057 0.513798 0.0270732
0.481324 0.543763 0.521521 0.958159 0.0883739 0.682687
0.480592 0.547857 0.49587 0.988043 0.0438149 0.866569
end
gesture g7 hands 1
0.510238 0.563425 0.451649 0.960587 0.941923 1
0.520019 0.565268 0.432549 0.428113 0.304097 0.188717
0.513394 0.562986 0.455631 0.138491 0.0129582 0.449135
0.516854 0.555919 0.473461 0.1421 0.0725175 0.367609
0.48085 0.544799 0.483794 0.06993 0.610392 0.0177024
0.506479 0.542018 0.462534 0.00654512 0.991583 0.22082
0.499933 0.54796 0.430643 0.00790185 0.999877 0.240047
0.518718 0.544401 0.449871 0.2375 0.684547 0.00351475
0.508493 0.545122 0.44301 0.579722 0.424077 0.0303231
0.528731 0.546685 0.414846 0.965973 0.134948 0.519862
0.513193 0.552503 0.397271 0.981148 0.103054 0.653692
end
gesture g7 hands 1
0.468916 0.580012 0.489817 0.891201 0.994869 0.987187
0.474549 0.583133 0.4454 0.685559 0.604495 0.26264
0.468576 0.581863 0.466388 0.364676 0.247797 0.199268
0.475359 0.578512 0.49059 0.155228 0 0.561969
0.453409 0.579096 0.505436 0.143122 0.00169939 0.561237
0.437672 0.570221 0.57312 0.0594202 0.45532 0.0902583
0.463373 0.573417 0.523699 0.0210183 0.724561 0.146756
0.461621 0.570645 0.541678 0.0262467 0.999052 0.434492
0.479529 0.572843 0.486319 0.345095 0.570368 0.00658939
0.501181 0.568281 0.490427 0.928079 0.0932844 0.539598
0.504445 0.565584 0.449183 1 0.0319268 0.802644
end
gesture g7 hands 1
0.491743 0.585186 0.481497 0.95223 1 0.956857
0.507655 0.577188 0.442949 0.930572 0.910965 0.717722
0.504791 0.584171 0.50773 0.50652 0.47276 0.129651
0.47565 0.586659 0.536819 0.188304 0.13402 0.307442
0.464921 0.585105 0.613067 0.0742998 0 0.553851
0.474886 0.593271 0.590447 0 0.377655 0.139288
0.491126 0.578095 0.521829 0.049412 0.959697 0.403231
0.504345 0.57737 0.546367 0.392347 0.546112 0.015526
0.49825 0.569399 0.4968 0.746666 0.266838 0.168154
0.50291 0.582558 0.520089 0.958324 0.0845705 0.590301
0.516082 0.576256 0.466729 1 0.0727722 0.741904
end
gesture g7 hands 1
0.492523 0.567096 0.454346 0.86969 0.97716 0.950092
0.488632 0.567387 0.411826 0.638962 0.590819 0.11863
0.491792 0.570821 0.469918 0.282713 0.196568 0.121824
0.494283 0.566184 0.458788 0.109141 0.00855305 0.457553
0.453731 0.568592 0.491578 0.0413272 0.164821 0.256226
0.440715 0.563442 0.592092 0.0107245 0.629162 0.141239
0.447501 0.57099 0.589696 0.0489218 1 0.430054
0.480251 0.56477 0.526563 0.061637 0.963528 0.371312
0.482977 0.569693 0.551367 0.480014 0.461628 0
0.483678 0.56484 0.513937 0.933234 0.0973535 0.493836
0.501033 0.564088 0.452999 0.984066 0.0471208 0.710385
end
gesture g7 hands 1
0.48202 0.550661 0.43808 0.922209 0.990262 0.825238
0.494836 0.557031 0.423826 0.867843 0.826501 0.503234
0.487771 0.551911 0.452335 0.460493 0.366314 0.112265
0.461784 0.556536 0.558502 0.0767588 0.0149488 0.593004
0.450999 0.538269 0.587464 0.0045481 0.103121 0.415152
0.467375 0.545803 0.532259 0.0348925 0.445227 0.00453177
0.469698 0.55531 0.536008 0.125136 0.980035 0.195155
0.481325 0.550348 0.489001 0.146897 0.898173 0.153257
0.497408 0.546377 0.474747 0.592434 0.311725 0.160302
0.543967 0.541488 0.402279 0.998941 0.0308826 0.994479
0.535453 0.54146 0.405328 0.970874 0.0515956 0.937008
end
gesture g7 hands 1
0.523348 0.577935 0.49183 0.898788 0.931666 0.953929
0.515603 0.577536 0.474767 0.900776 0.812572 0.599244
0.523708 0.574655 0.511199 0.605492 0.359236 0.0924644
0.522785 0.57539 0.512536 0.208521 0.00830195 0.511344
0.49057 0.576957 0.55003 0.0557887 0.46018 0.0113452
0.483757 0.571854 0.594256 0.00613619 0.993214 0.40071
0.49254 0.570324 0.577239 0.0314826 0.953576 0.323234
0.495269 0.577458 0.518255 0.274499 0.677174 0.0363401
0.511171 0.571991 0.543896 0.730491 0.316631 0.217533
0.518888 0.57233 0.526049 1 0.0915741 0.917036
0.523122 0.573743 0.483713 0.997722 0.0992317 0.9044
end
gesture g7 hands 1
0.475224 0.611484 0.458411 0.908537 0.994976 0.764016
0.478181 0.615012 0.425218 0.566148 0.614935 0.229546
0.470388 0.61147 0.431152 0.331904 0.42998 0.248462
0.467745 0.615616 0.411337 0.0186271 0.156665 0.593232
0.449571 0.61656 0.427628 0.000473647 0.420788 0.227748
0.437784 0.608222 0.493798 0.0147871 0.524779 0.143021
0.467903 0.611346 0.437661 0.117907 0.903719 0.0898331
0.470085 0.607654 0.471609 0.175943 0.906035 0.0989316
0.465922 0.605869 0.470243 0.534661 0.511157 0.0111479
0.485605 0.603241 0.398786 0.977288 0.0374305 0.743086
0.498044 0.6013 0.413854 0.996926 0.00886853 1
0.0 0.0 0.0 0.993394 0.0201897 0.95066
end
gesture g7 hands 1
0.441804 0.552047 0.489427 0.874975 0.869272 0.95182
0.462098 0.54818 0.454664 0.8335 0.795242 0.65605
0.440959 0.55261 0.478325 0.450572 0.401653 0.20841
0.439867 0.554662 0.488398 0.0724925 0.0315182 0.562518
0.429828 0.550343 0.538165 0.0252255 0.0443094 0.54713
0.437807 0.554322 0.500958 0.00901184 0.499292 0.0742852
0.440349 0.547968 0.539879 0.0683623 0.996326 0.348793
0.442912 0.553061 0.541594 0.303328 0.67136 0.0115307
0.448996 0.557916 0.486556 0.608587 0.364176 0.0624116
0.435629 0.550105 0.52402 0.996569 0.0352523 0.804578
0.449711 0.547142 0.502716 0.996147 0.0425672 0.796133
end
gesture g7 hands 1
0.495986 0.601194 0.489057 0.989812 0.997477 1
0.488576 0.595035 0.482398 0.589303 0.622243 0.428367
0.489826 0.595441 0.526539 0.228722 0.255532 0.367878
0.468217 0.59038 0.571715 0.0249821 0.122855 0.44942
0.46752 0.583659 0.577418 0.0396971 0.329682 0.243431
0.471837 0.585947 0.549864 0.0030237 0.835021 0.267435
0.48965 0.599991 0.5007 0.0142319 0.986497 0.413613
0.510714 0.600604 0.45313 0.105733 0.895283 0.348579
0.506047 0.594829 0.462421 0.513997 0.455655 0.0093305
0.499378 0.597138 0.450738 0.853284 0.00637303 0.416604
0.513997 0.600885 0.416167 0.858528 0 0.449659
end
gesture g7 hands 1
0.510116 0.607359 0.439117 0.948474 0.981274 0.999677
0.511664 0.606381 0.436005 0.839545 0.874765 0.729601
0.492501 0.599738 0.450149 0.531287 0.572058 0.3941
0.491638 0.599464 0.476175 0.0874426 0.0475895 0.405698
0.470464 0.590206 0.565041 0.0192738 0.0401683 0.433178
0.475427 0.591438 0.567587 0.00698282 0.478574 0.183997
0.502864 0.601451 0.555585 0.0283044 0.824076 0.29808
0.511261 0.600364 0.532267 0.0691103 0.946912 0.379268
0.495141 0.600748 0.546128 0.649007 0.412772 0.00222265
0.494237 0.596797 0.530327 0.989056 0.0297439 0.401414
0.525674 0.60076 0.478478 0.987922 0.00770556 0.428531
end
gesture g7 hands 1
0.547031 0.631029 0.504206 0.992131 0.992503 0.994844
0.523838 0.620716 0.516418 0.631471 0.673837 0.490231
0.542566 0.615814 0.511456 0.442651 0.493981 0.392534
0.517904 0.612226 0.586396 0.0259092 0.132422 0.515431
0.50996 0.612347 0.620047 0.00349035 0.161146 0.486199
0.511935 0.608911 0.604074 0.0198298 0.851987 0.23145
0.545893 0.620076 0.545107 0.0257131 0.983603 0.34198
0.555693 0.612865 0.557823 0.186917 0.839633 0.256921
0.555697 0.623258 0.52394 0.631185 0.407876 0
0.546425 0.624052 0.530452 0.930598 0.0170625 0.432039
0.573524 0.622017 0.486179 0.952013 0.0103184 0.488564
end
gesture g7 hands 1
0.522761 0.52449 0.399587 0.997811 0.946465 0.994463
0.523219 0.526703 0.37535 0.64807 0.635427 0.35226
0.51616 0.52827 0.39326 0.285141 0.257041 0.285085
0.456784 0.528683 0.576592 0.0587078 0.0202908 0.487005
0.452497 0.527705 0.591621 0.0121903 0.0994613 0.409717
0.459708 0.541126 0.549078 0.00213836 0.460773 0.234576
0.486077 0.54634 0.533825 0.0338999 0.996905 0.521186
0.461873 0.552859 0.570491 0.0467301 0.993312 0.538474
0.460897 0.551343 0.56614 0.17605 0.814251 0.339322
0.488596 0.561276 0.440604 0.641331 0.35886 0
0.492397 0.561993 0.412243 0.94126 0.0266021 0.372429
0.0 0.0 0.0 0.927796 0.00977531 0.378248
end
gesture g7 hands 1
0.522686 0.625071 0.490015 0.989946 0.999673 0.995549
0.511761 0.629933 0.491042 0.546887 0.533049 0.343244
0.521881 0.623965 0.498329 0.0660416 0.100062 0.486206
0.52577 0.61837 0.471332 0.00363271 0.135902 0.479995
0.515603 0.624026 0.490161 0.0102207 0.41623 0.288368
0.479432 0.609591 0.580497 0.0186767 0.889984 0.428494
0.481419 0.609774 0.5893 0.0284878 0.986373 0.524844
0.516893 0.621237 0.568808 0.400917 0.521927 0.0917048
0.510823 0.60317 0.584752 0.757812 0.182265 0.0661253
0.50328 0.591322 0.56778 0.94255 0.0215576 0.331507
0.525608 0.599276 0.553059 0.958087 0 0.406386
end
gesture g7 hands 1
0.519975 0.545555 0.52626 0.987853 0.999549 1
0.523534 0.546564 0.52752 0.685986 0.664906 0.494642
0.523434 0.563456 0.573295 0.326807 0.295753 0.410598
0.516178 0.555 0.574384 0.00131851 0.00360808 0.573359
0.52331 0.557889 0.577421 0.00200746 0.0647523 0.479403
0.53827 0.565207 0.55353 0.0224578 0.380167 0.197192
0.54578 0.569114 0.517782 0.0311981 0.575346 0.19725
0.532987 0.56806 0.522708 0.0546275 0.919184 0.475164
0.524567 0.568524 0.500136 0.700531 0.309268 0.00962473
0.546602 0.57201 0.427836 0.946016 0.0437156 0.353365
0.557822 0.572718 0.41655 0.979374 0.0255625 0.436264
end
gesture g7 hands 1
0.487228 0.565044 0.530427 0.98249 0.972139 0.969662
0.488521 0.569148 0.504351 0.939566 0.880326 0.802874
0.483748 0.568572 0.51823 0.665873 0.598256 0.406634
0.492996 0.56645 0.515947 0.205676 0.0787832 0.453438
0.477088 0.563912 0.611718 0.0977721 0.00798986 0.556118
0.470606 0.561505 0.612859 0.0513499 0.483735 0.208484
0.499327 0.568121 0.529165 0.00053107 0.98258 0.566451
0.500762 0.543489 0.506214 0.0304948 0.971877 0.562246
0.508606 0.548502 0.457668 0.148132 0.821833 0.355384
0.539647 0.555198 0.401911 0.616704 0.360593 0
0.544235 0.565446 0.394642 0.897427 0.0489454 0.363496
end
gesture g7 hands 1
0.515887 0.557657 0.61415 0.997701 0.855647 0.977212
0.51807 0.557157 0.624805 0.588489 0.55048 0.669094
0.537032 0.553229 0.600539 0.359576 0.328802 0.666087
0.53849 0.551611 0.600592 0.128834 0.0511911 0.81669
0.525939 0.547823 0.638943 0.119937 0.0994184 0.685763
0.515343 0.546842 0.647435 0.0618498 0.815571 0.115261
0.519891 0.549429 0.613517 0.0402247 0.950411 0.0926302
0.539074 0.554187 0.636938 0.373631 0.594987 0.00316509
0.541801 0.549879 0.589251 0.741855 0.205444 0.178562
0.564124 0.552019 0.544202 0.911103 0 0.584376
0.564623 0.554038 0.539243 0.900906 0.0122018 0.509838
end
gesture g7 hands 1
0.518505 0.582303 0.54924 0.996347 0.988831 0.978713
0.524587 0.582809 0.509111 0.814546 0.795142 0.654068
0.521821 0.591488 0.515169 0.21936 0.249261 0.368386
0.489845 0.594226 0.592815 0.0322109 0.120447 0.52779
0.481518 0.584864 0.61777 0.0197869 0.115608 0.568308
0.483997 0.59353 0.612379 0.0169999 0.53424 0.286794
0.505072 0.597896 0.566525 0.0503639 0.930867 0.469931
0.508342 0.60489 0.570694 0.43673 0.474339 0.0276229
0.520973 0.599687 0.556743 0.74898 0.152415 0.13984
0.521942 0.60075 0.571361 0.972834 0.000554841 0.611827
0.553414 0.596942 0.53162 0.976403 0.0123324 0.614495
end
gesture g7 hands 1
0.528934 0.573959 0.455211 0.979654 0.977973 0.973604
0.526402 0.580565 0.431688 0.722503 0.76099 0.48169
0.460785 0.580534 0.590469 0.269303 0.295222 0.328388
0.457578 0.578713 0.617734 0.00358072 0.0824969 0.513366
0.456911 0.579123 0.597152 0.0313253 0.593949 0.148155
0.485214 0.585919 0.517093 0.0690651 0.998139 0.404638
0.490134 0.589157 0.517961 0.171786 0.91027 0.254276
0.510192 0.596167 0.488156 0.683586 0.409902 0
0.532788 0.598704 0.459888 0.978692 0.0302678 0.404571
0.54287 0.596602 0.391858 0.991503 0.014866 0.467923
0.54707 0.597624 0.390054 0.0 0.0 0.0
end
gesture g7 hands 1
0.38567 0.488193 0.487768 1 0.986453 0.991108
0.389794 0.489664 0.43533 0.585815 0.603019 0.447105
0.379276 0.488636 0.510872 0.0782986 0.1011 0.644228
0.356741 0.483403 0.546191 0 0.0720919 0.658522
0.358488 0.483385 0.53655 0.0285473 0.615874 0.279232
0.374356 0.486988 0.489348 0.0193194 0.899049 0.426328
0.378265 0.486105 0.518268 0.0545711 0.95937 0.424168
0.388229 0.490221 0.499984 0.300319 0.65687 0.103881
0.39252 0.497292 0.508627 0.630801 0.331327 0.0238511
0.416007 0.492742 0.464831 0.832313 0.0850047 0.359096
0.417208 0.4992 0.430592 0.873465 0.0167707 0.487577
end
gesture g7 hands 1
0.508716 0.627818 0.56745 0.999827 0.975066 0.989484
0.509548 0.629476 0.536707 0.627983 0.694919 0.484811
0.524333 0.612231 0.537876 0.452639 0.519869 0.400614
0.521825 0.615674 0.587167 0.029336 0.0914747 0.690448
0.499233 0.61409 0.661506 0 0.0887969 0.722944
0.484393 0.610715 0.673482 0.0707789 0.421232 0.224406
0.4989 0.610861 0.661653 0.0761246 0.916899 0.380459
0.514626 0.612485 0.606081 0.128587 0.923936 0.400102
0.531819 0.617137 0.571686 0.432061 0.574701 0.0489996
0.527322 0.624578 0.608563 0.890959 0.0890542 0.372864
0.543514 0.631603 0.556789 0.966534 0.00202923 0.618446
end
gesture g7 hands 1
0.518088 0.578774 0.660918 1 1 0.990011
0.514936 0.578236 0.640109 0.671928 0.706763 0.579732
0.517564 0.570774 0.60959 0.342851 0.325378 0.60602
0.516777 0.575433 0.603902 0.0459391 0.0216079 1
0.478959 0.568971 0.708084 0.0313439 0.0616534 0.891378
0.470076 0.56778 0.707321 0.0280202 0.312589 0.480544
0.489582 0.586211 0.679645 0.0238319 0.964547 0.652493
0.496207 0.592785 0.685611 0.130631 0.85487 0.520358
0.483679 0.592651 0.725078 0.595804 0.327342 0
0.510102 0.615492 0.705379 0.867318 0.0557799 0.35687
0.531584 0.619568 0.651415 0.961646 0.00827016 0.548796
end
gesture g7 hands 1
0.538137 0.566704 0.450592 0.999401 0.949255 0.962632
0.541204 0.572115 0.421279 0.602841 0.560121 0.363474
0.542138 0.56984 0.435077 0.1382 0.0185258 0.386273
0.517498 0.563982 0.527988 0.0680778 0.0707035 0.325516
0.487479 0.57023 0.614623 0.06566 0.356919 0.090306
0.493719 0.571732 0.602365 0.0203781 0.719104 0.230294
0.517718 0.589072 0.525442 0.00116479 0.963338 0.514122
0.525177 0.581291 0.517093 0.0110214 0.991992 0.587136
0.528556 0.574676 0.536634 0.38266 0.610557 0.134955
0.543226 0.58157 0.474752 0.721043 0.300632 0.0362408
0.549325 0.582077 0.475759 0.950785 0.0228481 0.407235
0.0 0.0 0.0 0.934772 0.0350879 0.389529
end
gesture g7 hands 1
0.520552 0.568584 0.57905 0.980333 0.989617 0.930556
0.522122 0.575163 0.520969 0.861564 0.856601 0.674033
0.524821 0.572291 0.52665 0.400868 0.362316 0.282478
0.535476 0.569643 0.491857 0.0445903 0.0503498 0.521395
0.527941 0.5772 0.516409 0.0224207 0.0626284 0.511223
0.520824 0.581032 0.586836 0.0391912 0.288791 0.125281
0.513751 0.575437 0.604933 0 0.87789 0.318252
0.542943 0.591815 0.529947 0.294897 0.724449 0.0637634
0.554305 0.60276 0.477898 0.767023 0.299233 0.111954
0.561069 0.605712 0.489262 0.939864 0.0458362 0.545805
0.5507 0.608079 0.433286 0.935865 0.0182423 0.663791
end
gesture g7 hands 1
0.453546 0.557119 0.460443 0.995606 0.993188 0.996292
0.458024 0.557525 0.434663 0.910215 0.885774 0.746558
0.453782 0.559412 0.442668 0.629466 0.6027 0.44332
0.46217 0.553805 0.40806 0.146689 0.0555399 0.387699
0.46738 0.554351 0.419302 0.0735129 0.0457858 0.339965
0.439415 0.549412 0.516241 0.014718 0.616988 0.0582691
0.444594 0.551238 0.514887 0.0313227 0.977948 0.415186
0.493738 0.567375 0.429719 0.124804 0.86413 0.290524
0.511903 0.55976 0.437372 0.514536 0.420355 0.00470807
0.490892 0.566222 0.470155 0.839905 0.0730436 0.362684
0.509525 0.573313 0.430897 0.855065 0.0291115 0.435197
end
gesture g7 hands 1
0.497328 0.609643 0.653277 0.929786 0.916862 0.968247
0.486181 0.613942 0.638874 0.433004 0.479802 0.490552
0.51329 0.613827 0.592332 0.0736943 0.19163 0.646948
0.513676 0.613677 0.596295 0 0.145408 0.753178
0.498639 0.607826 0.700833 0.055778 0.542543 0.241458
0.498615 0.603159 0.709001 0.0367047 0.900226 0.419651
0.516974 0.613876 0.669854 0.060978 0.996833 0.497415
0.518078 0.61716 0.695952 0.331046 0.694817 0.0902816
0.519721 0.615772 0.684885 0.634216 0.390906 0.0450437
0.514013 0.60943 0.600452 0.990641 0.0103842 0.925717
0.546287 0.609546 0.581023 0.993373 0.0064232 0.961722
end
gesture g7 hands 1
0.550007 0.58553 0.451022 0.994295 0.99884 0.980431
0.554653 0.58867 0.420558 0.567099 0.527214 0.33856
0.556514 0.58768 0.428619 0.0966045 0.0331539 0.391373
0.539891 0.584699 0.413442 0.0445687 0 0.433568
0.511686 0.583709 0.427284 0.0625534 0.343408 0.0973984
0.496163 0.584473 0.502946 0.00170978 0.936144 0.319157
0.491423 0.57359 0.53897 0.0287522 0.964234 0.399433
0.525227 0.575031 0.501778 0.176904 0.830474 0.223205
0.51498 0.573692 0.519957 0.647699 0.412657 0
0.522949 0.575376 0.520513 0.970517 0.0471492 0.417167
0.543695 0.589981 0.459195 0.940039 0.0611615 0.370525
end
gesture g7 hands 1
0.473174 0.569223 0.537904 0.996565 0.985866 0.972231
0.482288 0.574945 0.489994 0.946447 0.967155 0.910294
0.482414 0.569432 0.50249 0.766598 0.772493 0.611483
0.501036 0.559457 0.488411 0.121261 0.0671834 0.479485
0.492513 0.570701 0.507019 0.0261537 0.0345815 0.510315
0.465788 0.569922 0.539377 0.0633009 0.267475 0.188967
0.472571 0.565749 0.543524 0.0414027 0.645628 0.104224
0.502441 0.580938 0.482354 0 0.911106 0.318456
0.508706 0.577144 0.47968 0.0978765 0.852898 0.305469
0.490814 0.579298 0.503417 0.542514 0.405137 0
0.51515 0.580653 0.48732 0.891664 0.0549244 0.412475
end
gesture g7 hands 1
0.507421 0.563618 0.504159 0.971015 0.971639 0.951735
0.508301 0.561222 0.502281 0.466875 0.451489 0.417816
0.516358 0.561337 0.485925 0.144058 0.107444 0.490482
0.496506 0.570803 0.520783 0.0133154 0.0412198 0.521854
0.488838 0.564805 0.540197 0.0369148 0.287133 0.217623
0.486933 0.56776 0.533386 0.0529509 0.810371 0.230171
0.505312 0.581116 0.524805 0.0401832 0.965435 0.394166
0.525599 0.584004 0.4619 0.0857345 0.897382 0.294525
0.529881 0.583876 0.481688 0.605749 0.380338 0
0.553351 0.585501 0.442379 0.955867 0.0958774 0.227061
0.560614 0.588493 0.43782 0.992674 0.0645882 0.300531
end
gesture g7 hands 1
0.532407 0.557445 0.560273 0.971006 1 0.996583
0.53234 0.553394 0.541831 0.654136 0.701111 0.635334
0.508699 0.558789 0.59233 0.482628 0.529034 0.544859
0.49903 0.560201 0.600846 0.0611011 0.0129853 0.66354
0.501869 0.567523 0.596724 0.0170589 0.008677 0.672869
0.514448 0.574543 0.566782 0.0475542 0.354543 0.181548
0.52345 0.57815 0.566457 0.0282446 0.714604 0.144338
0.550913 0.579546 0.543567 0.0103798 0.918577 0.346768
0.554663 0.579418 0.534725 0.416244 0.592006 0.0523976
0.552477 0.589686 0.562063 0.616687 0.417998 0
0.595923 0.615409 0.480971 0.806405 0.24156 0.096117
0.0 0.0 0.0 0.998685 0.00594097 0.465883
end
gesture g7 hands 1
0.497572 0.578616 0.610028 0.995251 0.967168 0.948165
0.500952 0.580704 0.57996 0.846489 0.856758 0.75984
0.502349 0.579046 0.582983 0.34479 0.350131 0.556398
0.508679 0.581227 0.566108 0.0472017 0.106637 0.686895
0.512344 0.578957 0.601123 0.0379848 0.328529 0.384785
0.498925 0.576589 0.647023 0.0058351 0.92763 0.479552
0.497685 0.589074 0.615305 0.0992558 0.880965 0.419415
0.513291 0.581848 0.609973 0.522561 0.437773 0
0.51347 0.585828 0.57974 0.6914 0.246406 0.0697554
0.514978 0.582606 0.615965 0.922972 0 0.510224
0.520015 0.585497 0.557532 0.933231 0.0222035 0.538699
end
gesture g7 hands 1
0.52775 0.609369 0.606299 1 1 0.989639
0.524625 0.611146 0.590723 0.579044 0.650454 0.598538
0.523709 0.608018 0.611446 0.284057 0.32492 0.59847
0.528698 0.595392 0.602709 0.0742477 0.133806 0.894623
0.496926 0.593507 0.704294 0.0756666 0.305506 0.502032
0.503803 0.598958 0.704633 0.0110478 0.804793 0.376609
0.533911 0.613179 0.647542 0.0135684 0.988079 0.583232
0.554472 0.616911 0.636571 0.128403 0.87607 0.369701
0.552274 0.612092 0.677544 0.619702 0.415701 0
0.571339 0.61196 0.663796 0.960356 0.0152264 0.543479
0.581208 0.615002 0.615306 0.964125 0.0310112 0.56752
end
gesture g7 hands 1
0.479854 0.56932 0.516496 1 0.962045 0.960086
0.487599 0.569598 0.475802 0.91655 0.940882 0.877687
0.492116 0.569826 0.480992 0.436593 0.497741 0.509554
0.465578 0.560714 0.547454 0.0315271 0.0792176 0.605457
0.455052 0.555803 0.560728 0 0.0762118 0.591586
0.48051 0.562888 0.553057 0.0349233 0.982622 0.39041
0.47704 0.545972 0.58282 0.0474306 0.951053 0.359728
0.477022 0.533631 0.571843 0.367699 0.530322 0.044323
0.518458 0.533039 0.547913 0.812483 0.141565 0.183263
0.52469 0.547486 0.518104 0.919516 0.000127922 0.393349
0.525675 0.54804 0.514292 0.873866 0.0129152 0.365378
end
gesture g7 hands 1
0.45015 0.571837 0.539707 0.858425 0.875252 0.99095
0.454178 0.572578 0.518191 0.38188 0.412984 0.488403
0.463442 0.557954 0.52941 0.0844851 0.0820045 0.576632
0.444105 0.570697 0.547944 0.0577932 0.078246 0.542381
0.464954 0.580408 0.512338 0.0810334 0.276097 0.317093
0.459869 0.581102 0.501824 0.0213718 0.884592 0.247562
0.479447 0.569504 0.509249 0.0238713 0.993995 0.317852
0.469499 0.56166 0.524749 0.0719958 0.934071 0.267235
0.490004 0.5613 0.521822 0.579507 0.388565 0.00200522
0.509895 0.565629 0.476082 0.877757 0.106884 0.231249
0.517681 0.567861 0.464105 1 0.00350683 0.428572
end
gesture g7 hands 1
0.440644 0.560443 0.494442 0.916451 0.970904 0.926848
0.447324 0.556539 0.504675 0.856921 0.940777 0.877065
0.440888 0.560739 0.477779 0.495193 0.602656 0.558667
0.466187 0.546351 0.449223 0.0274168 0.0189607 0.600152
0.465507 0.54642 0.440373 0.0288087 0.393476 0.172163
0.446828 0.568318 0.502186 0.0422596 0.70245 0.163105
0.440008 0.564735 0.536203 0.0412704 0.94511 0.397427
0.437238 0.551387 0.559435 0.170726 0.743753 0.220078
0.442869 0.554263 0.546782 0.47909 0.473881 0.00200512
0.473015 0.566416 0.480959 0.983595 0.0556979 0.167877
0.477889 0.56643 0.472593 0.993451 0.0331663 0.193736
end
gesture g7 hands 1
0.591503 0.598031 0.520084 0.990025 0.834287 0.933099
0.58269 0.597527 0.510328 0.649827 0.542714 0.515697
0.597164 0.587098 0.522207 0.271944 0.15819 0.528905
0.570107 0.581398 0.658665 0.157001 0.0705707 0.627464
0.556035 0.572965 0.692978 0.108716 0.320317 0.193735
0.571972 0.59248 0.639418 0.0706653 0.485283 0.0897325
0.571051 0.595836 0.63663 0 0.970595 0.324086
0.58517 0.601658 0.582073 0.568792 0.428172 0
0.600416 0.595201 0.563291 0.696744 0.281621 0.0656401
0.609153 0.583452 0.582007 0.951378 0.000711015 0.498507
0.632057 0.585601 0.512584 0.943623 0.00451207 0.476738
end
gesture g7 hands 1
0.416283 0.559813 0.205218 0.842789 0.990922 0.303998
0.439399 0.573543 0.226307 0.717616 0.823106 0.32117
0.426874 0.572259 0.224375 0.425814 0.528472 0.232037
0.406276 0.574887 0.330359 0.107804 0.204368 0.344996
0.404375 0.569285 0.290112 0.10504 0.139766 0.412611
0.418055 0.56606 0.339428 0.00115275 0.70394 0.0154548
0.411065 0.5492 0.345331 0.00490302 0.96193 0.0511935
0.407167 0.566604 0.291186 0.179236 0.886954 0
0.422588 0.573931 0.305138 0.789802 0.298286 0.210786
0.407718 0.567431 0.2936 0.987617 0.0565823 0.725784
0.399606 0.590469 0.222766 0.982019 0.00194504 1
end
gesture g7 hands 1
0.471309 0.565842 0.350678 0.874393 0.972316 0.431191
0.425819 0.62274 0.246473 0.705753 0.825545 0.349334
0.427566 0.606367 0.314897 0.344761 0.482392 0.279754
0.447484 0.608145 0.334824 0.103244 0.231922 0.461357
0.428074 0.596665 0.402423 0.0328858 0.180537 0.527855
0.44184 0.599048 0.407157 0 0.66151 0.0988656
0.445018 0.580263 0.371982 0.0129895 0.928548 0.0801499
0.456814 0.582089 0.39268 0.506353 0.63035 0.0067709
0.436495 0.601386 0.322108 0.845202 0.250419 0.279754
0.423792 0.620927 0.347761 0.98775 0.0220483 0.903666
0.4286 0.619827 0.332622 0.954529 0.0127101 0.997633
end
gesture g7 hands 1
0.500719 0.57856 0.46518 0.85365 1 0.706348
0.495215 0.574235 0.456907 0.451828 0.478542 0.464337
0.505404 0.577401 0.49685 0.100523 0.106804 0.50057
0.487997 0.573859 0.478091 0.0121892 0.034242 0.609272
0.495386 0.576133 0.522884 0.0129073 0.0622109 0.552853
0.469036 0.567676 0.595209 0.00614161 0.482351 0.092582
0.491693 0.569091 0.543996 0.0426693 0.974004 0.0771755
0.492668 0.573696 0.568747 0.687909 0.432755 0.216975
0.468275 0.573113 0.471957 0.939869 0.105664 0.644722
0.473607 0.59023 0.432228 0.999715 0 0.994936
0.478979 0.59215 0.43986 0.994408 0.0257533 0.973752
end
gesture g7 hands 1
0.467052 0.594034 0.275162 0.844696 1 0.41775
0.479095 0.599186 0.362224 0.421418 0.512617 0.260581
0.475362 0.60596 0.35489 0.0445582 0.119729 0.497747
0.459186 0.603322 0.46476 0.0255679 0.193695 0.41526
0.462059 0.602078 0.4655 0.00639848 0.643043 0.0148692
0.456694 0.603461 0.41255 0.00128334 0.907522 0.0217991
0.477874 0.597716 0.411474 0.0262564 0.971929 0.0547663
0.467314 0.605228 0.357043 0.468124 0.632531 0.101258
0.459097 0.602243 0.354553 0.747326 0.303402 0.301959
0.462534 0.620804 0.292049 0.955759 0.0677001 0.746554
0.462919 0.62134 0.335782 0.992474 0.0023231 0.985467
end
gesture g7 hands 1
0.517171 0.507103 0.636582 0.996238 1 0.946493
0.534028 0.509417 0.679407 0.521697 0.580608 0.28818
0.532446 0.497059 0.633192 0.161126 0.108137 0.814214
0.543073 0.500495 0.640792 0.0452131 0.0842044 0.981
0.528703 0.496194 0.729116 0 0.488228 0.588785
0.52574 0.493684 0.745342 0.230391 0.966064 0.635103
0.523487 0.499617 0.805319 0.298476 0.932265 0.476944
0.522936 0.498758 0.792481 0.505108 0.636079 0.0182808
0.525901 0.510148 0.575886 0.64219 0.439482 0.0547397
0.54402 0.493527 0.621074 0.843111 0.121157 0.520694
0.539365 0.489401 0.610496 0.904309 0.00579983 0.829722
end
gesture g1 hands 2
0.319118 0 1 0.417483 0.0156048 0.94698
0.273438 0.0431627 0.957878 0.477758 0.0512792 0.935965
0.182817 0.155019 0.869235 0.591815 0.139132 0.868808
0.000662497 0.311342 0.664595 0.766027 0.280826 0.676534
0.0319723 0.471218 0.48495 0.807066 0.416771 0.502618
0.138735 0.573022 0.338047 0.753275 0.564481 0.350691
0.297448 0.710374 0.202219 0.635544 0.679841 0.223841
0.540062 0.853162 0.0836797 0.461902 0.845644 0.106996
0.756994 0.927835 0.0205165 0.131501 1 0.0120799
1 0.958055 0.00252169 0.0642101 0.994954 0.0329191
0.998025 0.952444 0.00510392 0.0431468 0.982675 0.0419568
end
gesture g1 hands 2
0.336152 0.0610841 0.993631 0.504252 0.0128103 0.965622
0.298062 0.0359661 0.960908 0.588911 0.0530748 0.925634
0.197418 0.0938424 0.890244 0.729222 0.136358 0.851094
0.0202056 0.342989 0.604234 0.850873 0.27558 0.707953
0.0194905 0.46824 0.408484 0.878983 0.366635 0.593035
0.13654 0.62558 0.253131 0.853378 0.512922 0.409049
0.301605 0.771274 0.13272 0.741289 0.640295 0.264467
0.555815 0.879072 0.0378645 0.354481 0.845475 0.0656006
0.803566 0.924608 0.0121151 0.115277 0.965844 0.0429287
0.945737 0.971636 0.00151925 0.0795341 0.999555 0.046532
0.976526 0.974734 0.00625233 0.0837902 0.980784 0.0546152
end
gesture g1 hands 2
0.329518 0.0333341 0.995548 0.591165 0.020926 0.949082
0.288236 0.02747 0.97885 0.622016 0 0.951277
0.230179 0.0898989 0.918946 0.713663 0.0571284 0.904768
0.00967548 0.299393 0.677074 0.972019 0.280847 0.6692
0.0279595 0.420971 0.512649 0.947137 0.390038 0.521675
0.166503 0.60217 0.313258 0.842751 0.578579 0.329817
0.343893 0.738553 0.169218 0.668204 0.731693 0.190188
0.605211 0.860551 0.0554728 0.392397 0.853423 0.0932623
0.820891 0.925772 0.0130524 0.209239 0.952733 0.0383938
0.970078 0.968751 0.00330339 0.080838 0.968588 0.0402872
0.970608 0.960214 0.0188132 0.02942 0.959971 0.0615377
end
gesture g1 hands 2
0.408646 0.0693755 0.983837 0.562148 0.0279095 0.95765
0.408075 0.0180907 0.997515 0.559346 0.0034635 0.956115
0.316787 0.040401 0.971815 0.657504 0.0684461 0.930577
0.0517322 0.239092 0.790544 0.84738 0.201861 0.85665
0 0.313852 0.612729 0.926649 0.3153 0.753832
0.088044 0.479504 0.356056 0.936871 0.445994 0.594442
0.262973 0.68801 0.171896 0.822179 0.59118 0.356882
0.574455 0.891717 0.0352965 0.425551 0.772173 0.0867946
0.808888 0.925532 0.000303049 0.246104 0.8648 0.0567512
1 0.995995 0.0246489 0.124041 0.965343 0.0740661
0.948204 0.988855 0.0241237 0.150144 0.967362 0.0628124
end
gesture g1 hands 2
0.262111 0.023273 0.975105 0.390559 0.0132366 0.962374
0.292319 0 0.99844 0.384678 0.00917346 0.957554
0.245002 0.029068 0.958414 0.491266 0.0567064 0.914185
0.163422 0.0342197 0.950089 0.667216 0.204194 0.741563
0.0505165 0.11707 0.859099 0.722093 0.320383 0.57044
0.0774273 0.388535 0.429854 0.711741 0.406909 0.433854
0.212968 0.524205 0.281357 0.64661 0.523199 0.303668
0.439459 0.719129 0.128261 0.495533 0.674811 0.169715
0.632318 0.841748 0.0524631 0.35145 0.81316 0.0668753
0.97324 0.9575 0.00824419 0.0248283 0.977578 0.0281053
0.976341 0.973607 0 0.0128853 1 0.0318121
end
gesture g1 hands 2
0.314308 0 1 0.433814 0.0182258 0.937734
0.283573 0.0189476 0.973553 0.630835 0.0855523 0.868787
0.0555069 0.135952 0.774669 0.710744 0.154692 0.772241
0.00811625 0.229298 0.653229 0.816586 0.247352 0.66507
0.0352888 0.382116 0.508889 0.858784 0.362306 0.519541
0.133797 0.587608 0.338141 0.700001 0.681051 0.2412
0.30175 0.730568 0.206805 0.558406 0.789884 0.133434
0.501632 0.821499 0.112982 0.320142 0.88506 0.052289
0.764225 0.889995 0.0460674 0.141396 0.944701 0.0404557
0.99791 0.95555 0.010299 0.0474459 0.974743 0.0359679
0.985349 0.951301 0.0131758 0.00726509 0.991082 0.0259757
end
gesture g1 hands 2
0.235548 0.0245453 1 0.466177 0.00322053 0.959633
0.114042 0.122409 0.879978 0.484517 0.0195115 0.942067
0.0211325 0.284801 0.684962 0.608646 0.107447 0.876063
0.0301427 0.380014 0.544496 0.786524 0.276649 0.686862
0.134148 0.578406 0.332702 0.834651 0.379592 0.551068
0.319697 0.714044 0.200615 0.773103 0.55398 0.361888
0.61412 0.865621 0.0676406 0.637613 0.691562 0.225286
0.807863 0.904325 0.0313067 0.396606 0.854874 0.0903399
0.933625 0.871403 0.0745209 0.223414 0.906306 0.0733657
1 0.936243 0.0165799 0.0257682 0.98245 0.046613
0.974772 0.937391 0 0 0.979886 0.0376429
end
gesture g1 hands 2
0.408268 0 1 0.349734 0.025548 0.909298
0.362863 0.0355619 0.942782 0.460537 0.0454543 0.898366
0.353792 0.0353124 0.927457 0.530576 0.0800817 0.851846
0.148495 0.16099 0.764061 0.681852 0.156092 0.767336
0.128849 0.271645 0.656495 0.758741 0.259277 0.662974
0.153036 0.449096 0.463504 0.744417 0.406463 0.486614
0.243784 0.582 0.312757 0.673529 0.566712 0.33167
0.452617 0.72946 0.143777 0.475148 0.713623 0.176219
0.646354 0.821065 0.0517911 0.316379 0.838849 0.058776
0.844458 0.875372 0.00728162 0.152109 0.942391 0.00936653
1 0.920828 0.00326015 0 1 0.0115139
end
gesture g1 hands 2
0.411268 0.00964174 1 0.497246 0.0295768 0.946631
0.343073 0.0389344 0.932233 0.513299 0.0298331 0.931449
0.099299 0.159885 0.778778 0.678697 0.1485 0.847361
0.0213833 0.262694 0.659486 0.823942 0.213976 0.787315
0.0257882 0.440929 0.484869 0.925661 0.334036 0.661722
0.185731 0.709099 0.271107 0.918988 0.493434 0.500707
0.3973 0.889638 0.121432 0.788751 0.720309 0.268824
0.715482 0.957921 0.0442844 0.618236 0.844457 0.131069
0.872517 0.986683 0.00446047 0.339818 0.915648 0.0557216
0.946688 0.985823 0.0137214 0.0831715 0.954704 0.0234984
1 1 0.00184018 0.0502568 0.990399 0.0255186
end
gesture g1 hands 2
0.325107 0.0105481 1 0.410662 0.00499625 0.964718
0.277001 0.0243072 0.977277 0.522391 0.0609742 0.927735
0.0455076 0.207446 0.853875 0.867154 0.299166 0.761531
0.00997854 0.322895 0.761946 0.922465 0.399155 0.615935
0.0362927 0.594237 0.424073 0.9363 0.563428 0.441422
0.136193 0.70701 0.297607 0.87725 0.706347 0.305744
0.303816 0.833079 0.161686 0.744237 0.837166 0.177735
0.543634 0.924779 0.0692718 0.536188 0.963903 0.0749846
0.932364 0.931612 0.0215551 0.100607 0.992698 0.037737
0.98942 0.939204 0.0135326 0.0111999 1 0.0330204
0.97748 0.941467 0 0.0368425 0.97255 0.0187384
end
gesture g1 hands 2
0.251786 0.0167567 0.998895 0.538592 0.0169476 0.956922
0.20575 0.0419669 0.967272 0.54015 0.0084781 0.969536
0.0353051 0.136454 0.849597 0.595206 0.0325679 0.960301
0 0.281259 0.713848 0.781885 0.138683 0.851089
0.156112 0.527968 0.407058 0.858575 0.255361 0.714465
0.342158 0.68195 0.205854 0.835197 0.400882 0.552387
0.542958 0.802719 0.0732526 0.739375 0.529187 0.407758
0.794381 0.870092 0.0363136 0.582151 0.677321 0.228275
0.935725 0.936369 0.00441936 0.255858 0.867418 0.0442267
1 1 0 0.0941334 0.930293 0.0247149
0.982205 0.978741 0.000229306 0.0360344 0.990776 0.0358884
end
gesture g1 hands 2
0.397946 0 1 0.418248 0.00413718 0.952641
0.234021 0.0706241 0.940287 0.438676 0.0163783 0.959497
0.104617 0.150944 0.874463 0.566186 0.0704452 0.927836
0.00976339 0.270327 0.764051 0.823794 0.270092 0.770395
0 0.366719 0.63553 0.877442 0.367288 0.640563
0.0966227 0.479052 0.438301 0.849819 0.500246 0.433231
0.227776 0.604779 0.286931 0.735865 0.624461 0.28057
0.422641 0.782848 0.133462 0.543996 0.759051 0.134281
0.783592 0.907664 0.0220824 0.166842 0.910452 0.0506705
0.945487 0.950187 0.0135116 0.0621072 0.982579 0.0329643
1 0.977165 0.0114949 0.045939 0.981967 0.0517192
end
gesture g1 hands 2
0.428409 0.0365548 0.987655 0.51119 0.000287447 0.974782
0.400029 0.0262216 0.981817 0.528123 0.0119247 0.969283
0.28693 0.103416 0.93869 0.65162 0.0854203 0.938816
0.149154 0.2364 0.845371 0.929019 0.400927 0.68693
0.0176397 0.364173 0.661689 0.924739 0.533909 0.522188
0.0465931 0.503406 0.496945 0.77506 0.659182 0.291497
0.207346 0.69004 0.280898 0.544394 0.763899 0.117547
0.714039 0.875848 0.0481839 0.343347 0.861775 0.0498294
0.876225 0.878588 0.0252181 0.193479 0.912039 0.0418019
0.971689 0.951906 0.00627659 0.14422 0.969575 0.0336691
1 0.99034 0.00954449 0.145148 1 0.00973411
end
gesture g1 hands 2
0.486978 0.00202888 1 0.479494 0.0119932 0.966218
0.321193 0.0663321 0.907076 0.534663 0.0312384 0.961029
0.240456 0.123522 0.849918 0.686608 0.156922 0.864208
0.167282 0.235615 0.766417 0.769138 0.248155 0.770131
0.089347 0.522761 0.48168 0.835932 0.460648 0.489628
0.188494 0.717683 0.299787 0.761517 0.643981 0.296583
0.374876 0.851566 0.179149 0.624767 0.789638 0.162942
0.634521 0.947111 0.0639377 0.368878 0.926961 0.0568361
0.832557 0.973662 0.0187876 0.159238 0.956021 0.0405734
0.965392 0.982602 0 0.0438396 0.985484 0.0248872
0.993147 0.94921 0.0160043 0.0075069 1 0.0303942
end
gesture g1 hands 2
0.407299 0.0477243 0.997991 0.493298 0.00333352 0.956591
0.170866 0.229675 0.872261 0.61269 0.0514489 0.953024
0.0535642 0.347637 0.737451 0.677617 0.141299 0.929883
0 0.458508 0.584234 0.932654 0.410635 0.776092
0.0439766 0.57821 0.430381 0.977981 0.546067 0.624104
0.244222 0.74488 0.240044 0.936297 0.667109 0.463344
0.476348 0.853342 0.114887 0.74462 0.814697 0.242466
0.697694 0.930501 0.0327546 0.521231 0.878235 0.111591
0.88986 0.980558 0.0143891 0.132656 0.917047 0.019497
0.987733 0.995307 0.00430444 0.0576315 0.94972 0.0208293
0.98492 0.999977 0.0148195 0.0636588 0.96676 0.0343165
end
gesture g1 hands 2
0.40735 0 1 0.40151 0.0576746 0.956271
0.185508 0.213383 0.870223 0.548098 0.115958 0.93016
0.0873575 0.392861 0.752979 0.652207 0.223611 0.880748
0.0853545 0.53196 0.64513 0.836325 0.437703 0.676617
0.141771 0.639183 0.509897 0.854236 0.541037 0.523026
0.274195 0.770391 0.316289 0.768649 0.708042 0.328597
0.434687 0.847561 0.171825 0.619148 0.84074 0.172053
0.609248 0.895371 0.0704983 0.408708 0.915093 0.0639981
0.789316 0.941232 0.0161426 0.186538 0.944982 0.030031
0.944714 0.944046 0 0.0268382 0.970859 0.0232417
1 0.950467 0.00190759 0.00588925 0.999558 0.0249441
end
gesture g1 hands 2
0.414699 0.00403103 1 0.356905 0 0.980546
0.111873 0.188937 0.887628 0.518828 0.0975635 0.942122
0.0425045 0.273419 0.799639 0.668738 0.165875 0.879856
0.0112111 0.393313 0.644943 0.765393 0.241519 0.794476
0.0374895 0.515395 0.479796 0.8172 0.338634 0.649187
0.137566 0.638225 0.341495 0.800241 0.463616 0.494553
0.338024 0.768772 0.189866 0.724941 0.619097 0.35012
0.692263 0.930774 0.0247815 0.582971 0.782273 0.194193
0.901627 0.960006 0 0.436888 0.891268 0.0895388
0.972088 0.949689 0.00838356 0.0767918 0.980822 0.0283152
1 0.946638 0.00617243 0.00916539 0.997059 0.0318196
end
gesture g1 hands 2
0.346062 0.00219731 0.991269 0.349281 0.0394607 0.987658
0.296294 0.0339872 0.979162 0.407988 0.0809104 0.968425
0.20802 0.142416 0.91119 0.525863 0.164363 0.899556
0.059759 0.288888 0.764055 0.676747 0.301724 0.761986
0 0.437654 0.604063 0.72324 0.420509 0.6096
0.0566896 0.605815 0.444176 0.711256 0.547783 0.446837
0.242852 0.793984 0.282142 0.595411 0.698333 0.264403
0.408132 0.899237 0.17014 0.471471 0.801801 0.160569
0.760175 0.937171 0.0344447 0.176625 0.929464 0.0686956
0.950252 0.929823 0.00891852 0.0457308 0.986404 0.0422734
1 0.929738 0 0.02127 1 0.0362513
end
gesture g1 hands 2
0.386641 0.0127619 1 0.445612 0.0109282 0.969626
0.247715 0.0842415 0.905109 0.561044 0.0528007 0.940421
0.174385 0.161129 0.822704 0.773988 0.187797 0.820733
0.102226 0.286081 0.706838 0.8711 0.284613 0.719263
0.0757139 0.453485 0.575729 0.949771 0.569017 0.433678
0.132721 0.623598 0.417346 0.888411 0.683885 0.305956
0.230858 0.743265 0.288343 0.737744 0.811541 0.172979
0.552182 0.885562 0.0936529 0.297348 0.926918 0.0473411
0.771137 0.935039 0.0241895 0.0878276 0.975052 0.0129242
0.919551 0.933229 0.0114433 0.0112055 1 0.00825568
1 0.984609 0 0.0225236 0.986906 0.0207847
end
gesture g1 hands 2
0.286339 0.128872 0.993593 0.67149 0.169574 0.934067
0.349879 0.0700041 0.999502 0.549282 0 0.966642
0.273989 0.0725493 0.986418 0.604196 0.0461699 0.930708
0.0106855 0.224251 0.77593 0.822534 0.205908 0.761919
0 0.32661 0.582362 0.876476 0.354822 0.582576
0.0817876 0.428724 0.416186 0.827943 0.459701 0.445783
0.303361 0.587377 0.221561 0.526673 0.75372 0.102669
0.541384 0.719943 0.102206 0.204929 0.895724 0.0559097
0.890096 0.875812 0.0216688 0.0791668 0.953454 0.0708601
0.978931 0.931129 0.0215858 0.0593236 0.991119 0.0416228
0.984992 0.98289 0.0132294 0.0497191 0.992725 0.0372683
end
gesture g1 hands 2
0.253561 0.00883515 0.993874 0.589019 0.0222987 0.956461
0.203629 0.027499 0.976036 0.661102 0.037822 0.933554
0.116479 0.158383 0.893567 0.887862 0.289357 0.774044
0 0.427251 0.649254 0.922045 0.469917 0.536395
0.184096 0.592607 0.36643 0.866448 0.596739 0.387561
0.584485 0.834631 0.0946005 0.67267 0.724765 0.241041
0.787336 0.906351 0.047869 0.294557 0.908034 0.0447761
0.897906 0.88807 0.0928646 0.13606 0.908657 0.0691596
0.967761 0.96006 0.0274563 0.0714887 0.944432 0.0607391
0.96035 0.913431 0.0733299 0.0907681 1 0.0158432
0.940817 0.949087 0.0227073 0.11015 0.970486 0.0505228
end
gesture g1 hands 2
0.212996 0.0939514 0.975908 0.470905 0.00646386 0.965347
0.183639 0.0400495 0.987419 0.484058 0 0.964491
0.155562 0.0663765 0.961927 0.596309 0.0653057 0.900614
0.0081465 0.250659 0.723161 0.762645 0.171292 0.781144
0.0210862 0.483977 0.370331 0.852768 0.221096 0.696267
0.160315 0.596249 0.218388 0.905012 0.295754 0.56581
0.37529 0.713343 0.0975168 0.8976 0.44795 0.387636
0.646041 0.843521 0.023509 0.809474 0.602474 0.26031
0.87642 0.919752 0.00886693 0.623074 0.771734 0.136522
1 0.960311 0.0105003 0.0371515 0.996176 0.0424466
0.952179 0.944947 0.0147977 0.0131847 0.969054 0.0475995
end
gesture g1 hands 2
0.323398 0.0114464 0.998413 0.557036 0.0161595 0.930305
0.319913 0.0116991 0.982484 0.646362 0.0513094 0.889619
0.302191 0.073133 0.936502 0.76052 0.200087 0.742211
0.138647 0.282994 0.699808 0.800619 0.296272 0.615413
0.138007 0.345832 0.582333 0.774509 0.427514 0.480462
0.185871 0.47117 0.444922 0.681669 0.641364 0.315478
0.309298 0.625597 0.272063 0.518611 0.805058 0.18636
0.680867 0.853047 0.0699649 0.294068 0.930967 0.0777529
0.871179 0.953517 0.0306282 0.120178 0.960713 0.0680526
1 0.997919 0.0127552 0.0141963 0.985947 0.0604154
0.989189 0.96843 0 0 0.97394 0.0676956
end
gesture g1 hands 2
0.416871 0 1 0.543065 0.0271027 0.932601
0.338736 0.0544889 0.920271 0.547332 0.0178414 0.946991
0.15641 0.237752 0.746777 0.624445 0.0657105 0.911681
0.0804119 0.48116 0.488251 0.858402 0.252723 0.790341
0.145113 0.627476 0.347738 0.929468 0.350399 0.685741
0.285796 0.743427 0.211799 0.913659 0.592713 0.354744
0.56697 0.863726 0.091083 0.765879 0.720342 0.200589
0.809748 0.928393 0.032898 0.477535 0.834161 0.0887311
0.942816 0.944264 0.00698719 0.253941 0.949981 0.00232699
0.996087 0.990974 0.0113958 0.0440245 0.970736 0.0219161
1 0.988108 0.0241848 0.0132801 0.967568 0.0307749
end
gesture g1 hands 2
0.379011 0.0317525 0.990326 0.44273 0.00599713 0.974559
0.172328 0.147079 0.857308 0.502487 0.0372882 0.967837
0.0376357 0.283898 0.726723 0.723652 0.198385 0.844373
0 0.42573 0.568873 0.854931 0.309979 0.720909
0.0637135 0.545999 0.397699 0.918239 0.425134 0.581109
0.228474 0.733717 0.196625 0.888451 0.5752 0.407581
0.42196 0.877468 0.0831339 0.72178 0.727686 0.201721
0.659665 0.946158 0.0281036 0.304807 0.904429 0.0248025
0.883974 0.95261 0.00258498 0.120001 0.926292 0.0189385
0.983288 0.967398 0 0.0348062 0.957456 0.0247627
0.978251 0.969591 0.0087462 0.0576512 1 0.0290909
end
gesture g1 hands 2
0.495519 0 1 0.38622 0.0320242 0.953331
0.223978 0.127725 0.880988 0.452319 0.0921299 0.93378
0.113864 0.255959 0.804019 0.630802 0.161836 0.874467
0.0348838 0.418671 0.61092 0.756941 0.236762 0.821401
0.0386178 0.552771 0.4623 0.872921 0.392393 0.62275
0.150932 0.724467 0.284575 0.871732 0.533136 0.480899
0.312457 0.831205 0.1633 0.76754 0.706618 0.296367
0.785846 0.948372 0.0202498 0.611213 0.814979 0.160318
0.955203 0.911086 0.0712853 0.167668 0.938067 0.0227213
0.990903 0.980166 0 0.0211604 0.94654 0.0500666
1 0.971808 0.0132878 0.00308643 0.982679 0.0511109
end
gesture g1 hands 2
0.400708 0.0149108 1 0.438342 0 0.972838
0.339264 0.0104326 0.975536 0.705371 0.188843 0.840908
0.285485 0.0720751 0.909821 0.791009 0.304088 0.710539
0.176302 0.154555 0.826507 0.828565 0.397146 0.586181
0.0433076 0.343433 0.57261 0.830133 0.538965 0.415288
0.0668514 0.505276 0.402404 0.69623 0.706342 0.210049
0.233731 0.715145 0.20401 0.535054 0.7926 0.0944499
0.644153 0.950104 0.0360925 0.329017 0.835156 0.0571509
0.882135 0.974833 0.0142289 0.104656 0.895347 0.0241372
0.967454 0.972204 0.0281251 0.0132783 0.946468 0.0313349
1 1 0.016642 0.0170816 0.978126 0.0416114
end
gesture g1 hands 2
0.340858 0 1 0.416567 0.0158729 0.969091
0.328712 0.035659 0.976614 0.49395 0.0508596 0.946935
0.1141 0.212918 0.814786 0.530448 0.0626374 0.931719
0.0351011 0.336805 0.694979 0.71797 0.215688 0.818332
0.0147673 0.542862 0.457073 0.796956 0.339414 0.691917
0.127406 0.712995 0.288659 0.815252 0.534557 0.477689
0.299032 0.826635 0.169289 0.7707 0.689276 0.305023
0.564442 0.926763 0.0626758 0.64126 0.790102 0.174211
0.763605 0.953593 0.0173208 0.229286 0.930339 0.045649
0.890695 0.956909 0.00379347 0.0992643 0.956309 0.0324968
0.995704 0.93025 0.01038 0.0450403 1 0.0323092
end
gesture g1 hands 2
0.343952 0.0119206 1 0.621376 0.00301251 0.95289
0.302811 0.0781995 0.95159 0.687898 0.0764021 0.924093
0.137055 0.206233 0.810933 0.814903 0.193022 0.827295
0.058596 0.245272 0.722604 0.929034 0.396337 0.62226
0.00211665 0.36424 0.573057 0.923325 0.536925 0.46199
0.0195439 0.498064 0.419443 0.780206 0.706691 0.266119
0.194698 0.672701 0.237244 0.582407 0.813677 0.133425
0.425043 0.794146 0.129197 0.17921 0.909352 0.0162355
0.885412 0.940301 0.0107226 0.107705 0.923937 0.0175205
0.977351 0.980421 0.00240152 0.135253 0.977475 0.0151401
0.985818 0.999751 0.00229618 0.151893 0.958123 0.0193743
end
gesture g1 hands 2
0.583959 0.00647314 0.995077 0.433955 0.0116212 0.997493
0.245956 0.156413 0.823265 0.434389 0.00518114 0.996073
0.0912623 0.299289 0.658324 0.50548 0.0581953 0.944962
0.0537227 0.412009 0.568881 0.742875 0.206849 0.729896
0.0495784 0.51697 0.474995 0.79742 0.36764 0.56587
0.151505 0.714717 0.300527 0.790203 0.478252 0.468
0.360117 0.871435 0.168628 0.71495 0.682208 0.293463
0.611949 0.955192 0.0697275 0.634324 0.776988 0.217712
0.732764 0.975396 0.0388826 0.455327 0.91515 0.112308
0.920593 0.974777 0.00895352 0.0536494 0.992069 0.055908
1 0.944409 0.00162585 0 0.971782 0.052725
end
gesture g1 hands 2
0.575746 0 0.976343 0.547188 0.00618491 1
0.437516 0.0830041 0.867429 0.673197 0.176784 0.732388
0.390498 0.130157 0.809966 0.709561 0.299863 0.586219
0.281729 0.222641 0.686922 0.709321 0.355944 0.503919
0.247127 0.291617 0.617546 0.723193 0.497599 0.341579
0.218474 0.62594 0.300765 0.668673 0.676173 0.208727
0.245205 0.718195 0.238036 0.618994 0.751431 0.161225
0.357606 0.844876 0.140728 0.471534 0.891586 0.0915853
0.540737 0.920679 0.0679726 0.370689 0.940673 0.0715972
0.916754 0.981468 0.00392742 0.0656827 0.998739 0.0484716
1 0.978383 0.0020844 0 0.990112 0.0523113
end
gesture g1 hands 2
0.547287 0.00995134 0.986638 0.606117 0 0.998892
0.525097 0.0257056 0.962328 0.609103 0.00807446 0.995025
0.408062 0.124758 0.871892 0.65941 0.0697256 0.906522
0.319929 0.193738 0.806676 0.774664 0.314239 0.634385
0.168621 0.317642 0.666969 0.811728 0.445206 0.460833
0.10861 0.383184 0.58507 0.780042 0.62212 0.290516
0.0691325 0.546933 0.399048 0.74177 0.715393 0.218002
0.121239 0.726444 0.241397 0.619225 0.860144 0.115791
0.248876 0.869973 0.137165 0.412048 0.96487 0.0678679
0.721485 0.987694 0.0242222 0.00517518 0.974898 0.0426898
1 0.959286 0.00349756 0.00625334 0.975846 0.0526828
end
gesture g1 hands 2
0.651676 0 0.988411 0.616092 0.0252876 0.998582
0.567451 0.047136 0.919523 0.738192 0.0747986 0.8484
0.379962 0.11569 0.777849 0.836506 0.163475 0.666789
0.211186 0.266436 0.582578 0.877298 0.243194 0.559807
0.154534 0.470458 0.386031 0.871553 0.447323 0.356075
0.246579 0.712357 0.208246 0.836291 0.560767 0.268801
0.350055 0.805924 0.143683 0.679938 0.767127 0.12956
0.616997 0.931433 0.0484221 0.558759 0.855485 0.0851794
0.83709 0.970637 0.00961827 0.2973 0.957926 0.0380335
0.966214 0.961302 0 0.0959555 1 0.0220818
1 0.945285 0.00262316 0 0.987582 0.0216564
end
gesture g1 hands 2
0.533422 0.0021915 0.997693 0.466543 0.0397786 0.965579
0.528149 0.00893022 0.989702 0.483579 0.0378144 0.947355
0.453706 0.0726574 0.93285 0.535756 0.123778 0.851876
0.150497 0.284627 0.664338 0.75633 0.349057 0.548923
0.0920173 0.458054 0.474576 0.78649 0.444222 0.461413
0.136611 0.662403 0.294406 0.798864 0.63166 0.296199
0.296552 0.843984 0.15654 0.772321 0.722994 0.230609
0.401238 0.90484 0.102765 0.622447 0.855989 0.134276
0.654841 0.970453 0.0332436 0.41776 0.949131 0.0735141
0.984164 0.962476 0.00352518 0.0952319 1 0.0461031
1 0.959208 0.00846044 0 0.982206 0.0470645
end
gesture g1 hands 2
0.537053 0.0262154 0.964016 0.535347 0.00212457 0.983975
0.555513 0.0233902 0.969974 0.592303 0.027525 0.9721
0.409507 0.0809024 0.894256 0.681667 0.130452 0.808193
0.117366 0.363243 0.54435 0.705892 0.19139 0.709471
0.100384 0.466288 0.44518 0.762991 0.35642 0.487997
0.190527 0.65816 0.26261 0.778196 0.471324 0.384996
0.393698 0.82439 0.125027 0.700565 0.683071 0.21515
0.527053 0.878345 0.074399 0.52523 0.837827 0.104957
0.767251 0.947781 0.0197894 0.306893 0.92765 0.0506045
0.932187 0.988025 0.00146841 0.0229001 0.993781 0.0365163
1 0.988002 0.000404347 0 1 0.0356651
end
gesture g1 hands 2
0.605351 0.0275256 1 0.532006 0.0410552 0.97388
0.660926 0.00129209 0.989807 0.460361 0.0315184 0.976995
0.36909 0.0762717 0.909366 0.482388 0.0330404 0.982091
0.286726 0.127215 0.875616 0.652164 0.0600543 0.906804
0.00786368 0.464653 0.586812 0.722867 0.0804167 0.871326
0.0166651 0.632547 0.393568 0.988078 0.343476 0.627824
0.0724074 0.701681 0.304321 1 0.434751 0.540447
0.256917 0.807146 0.167875 0.967619 0.607396 0.353828
0.797407 0.947047 0.00818279 0.844624 0.73616 0.211578
0.910214 0.990674 0.0112973 0.259302 0.99137 0.0523954
0.917381 0.984045 0.0137041 0.225233 0.980408 0.0581715
end
gesture g1 hands 2
0.685077 0.0249735 0.983232 0.413938 0.053886 0.983664
0.484325 0.0428259 1 0.524582 0.0420333 0.980777
0.393062 0.0783989 0.976554 0.79166 0.147115 0.875825
0.17015 0.218752 0.896361 0.927033 0.271406 0.76297
0.0317191 0.389335 0.742767 0.998442 0.439765 0.595293
0.00205156 0.475204 0.649451 0.997493 0.527489 0.504193
0.0465174 0.682155 0.446926 0.914678 0.687538 0.337769
0.110688 0.755176 0.347457 0.837688 0.75619 0.260229
0.534706 0.939414 0.090925 0.484959 0.932551 0.097043
0.635705 0.95433 0.0531611 0.211524 1 0.070652
0.976416 0.946667 0.0103814 0.169124 0.976019 0.060708
end
gesture g1 hands 2
0.712 0.0158883 0.994045 0.408484 0.034139 0.991357
0.764723 0.0127338 0.987493 0.388229 0.0325549 0.994926
0.663175 0.0177733 0.990476 0.474733 0.0397994 0.989991
0.332826 0.144005 0.93084 0.664686 0.0970879 0.915104
0.127134 0.276915 0.81681 0.930262 0.330126 0.68668
0.0190036 0.447402 0.647744 0.96473 0.496268 0.510672
0.00668973 0.527589 0.548573 0.905285 0.651796 0.340965
0.208754 0.810301 0.21755 0.64096 0.857748 0.120543
0.389776 0.898557 0.109179 0.473314 0.92766 0.071697
0.696859 0.962077 0.015139 0.396797 0.951507 0.0681004
1 0.982425 0.0135498 0.1194 0.996354 0.080535
end
gesture g1 hands 2
0.622873 0.0154087 0.991624 0.399614 0.0234107 0.990243
0.402524 0.0602912 0.925743 0.503979 0.0468028 0.944607
0.325481 0.092007 0.882881 0.721188 0.184823 0.730473
0.105302 0.284595 0.715417 0.828831 0.549794 0.431347
0.0206726 0.478109 0.553777 0.769044 0.714015 0.279843
0 0.564985 0.463413 0.712593 0.784372 0.219156
0.0654242 0.7452 0.296 0.558407 0.886809 0.124254
0.461868 0.936931 0.0624272 0.470981 0.929892 0.0955116
0.850787 0.974024 0 0.133969 0.994414 0.0604656
0.978888 0.958986 0.00801769 0.0212248 0.978354 0.0622809
1 0.954288 0.00789162 0.00420897 0.968104 0.063466
end
gesture g1 hands 2
0.515905 0.0307487 0.997545 0.483989 0.0166531 0.972602
0.509023 0 0.993913 0.565089 0.0445293 0.912092
0.413097 0.0408784 0.954681 0.812138 0.326187 0.673173
0.148315 0.24651 0.774456 0.855087 0.484618 0.502947
0.0307292 0.42135 0.615687 0.834318 0.653866 0.338859
0.00600189 0.590835 0.431523 0.732314 0.780745 0.208299
0.090283 0.739997 0.269916 0.644917 0.836668 0.15807
0.454443 0.932257 0.0644485 0.283668 0.980919 0.0646198
0.871764 0.990271 0 0.0460358 0.997528 0.0612951
0.992275 0.967254 0.00455231 0 0.970701 0.064006
0.991579 0.952902 0.00358046 0.0145789 0.965623 0.0653359
end
gesture g1 hands 2
0.484773 0 0.999315 0.579316 0.0374317 0.969706
0.452841 0.052357 0.946466 0.650022 0.0532832 0.936809
0.382597 0.0896411 0.895694 0.750813 0.143992 0.828691
0.262302 0.221852 0.753675 0.786227 0.210126 0.746987
0.199256 0.398913 0.544745 0.821816 0.356112 0.537326
0.21146 0.593748 0.32949 0.805705 0.445296 0.429847
0.340154 0.793471 0.165282 0.711582 0.656433 0.24338
0.552516 0.930485 0.0533056 0.6222 0.761017 0.17019
0.686421 0.978324 0.0286275 0.395433 0.919514 0.074217
0.891855 1 0.00194048 0.172945 0.990694 0.0463885
1 0.980361 0.00171217 0 0.987788 0.0387408
end
gesture g1 hands 2
0.528871 0.00719063 0.996663 0.429268 0.0456542 0.954606
0.557826 0.00543106 0.981391 0.498059 0.0333918 0.950618
0.435272 0.0278627 0.96072 0.761871 0.219702 0.766509
0.144459 0.189572 0.812473 0.847173 0.335545 0.617691
0.0713329 0.256827 0.748861 0.864572 0.408899 0.526138
0.000858781 0.412316 0.567465 0.809824 0.569563 0.350927
0 0.500806 0.467964 0.747586 0.654435 0.276736
0.196875 0.837119 0.16154 0.444954 0.895272 0.104671
0.621669 0.993568 0.0284831 0.285178 0.953464 0.0824273
0.932675 0.974699 0.00488282 0.0919178 0.969841 0.0781141
0.992553 0.948969 0.00406901 0.0470008 0.945062 0.0889648
end
gesture g1 hands 2
0.59601 0.00316305 0.996034 0.463585 0.0044362 0.994666
0.477003 0.0679348 0.931862 0.67652 0.134958 0.812627
0.35422 0.136673 0.844193 0.776791 0.266234 0.677689
0.121664 0.356575 0.668117 0.816112 0.356531 0.593522
0.0589848 0.459993 0.578862 0.844084 0.564235 0.427129
0.00130037 0.670238 0.3954 0.820282 0.666802 0.340253
0.0789074 0.813941 0.234888 0.701958 0.805962 0.196017
0.497926 0.948946 0.0407025 0.555267 0.893888 0.110236
0.741254 0.978825 0 0.282308 0.981005 0.0590295
0.808015 0.984745 0.00221565 0.0863696 0.980966 0.0788336
1 0.948385 0.0142513 0.0337758 0.95453 0.0843044
end
gesture g1 hands 2
0.498848 0 1 0.46385 0.0447464 0.984714
0.337432 0.108979 0.881404 0.643983 0.166464 0.800099
0.220052 0.255483 0.772319 0.679959 0.238028 0.735957
0.1748 0.350337 0.69679 0.734085 0.572311 0.420166
0.105388 0.525779 0.522751 0.697766 0.661791 0.342937
0.140709 0.696721 0.364514 0.603894 0.79734 0.21067
0.229331 0.822278 0.229887 0.551571 0.847965 0.158372
0.36632 0.903162 0.127803 0.327609 0.968416 0.0695775
0.548352 0.966354 0.0582581 0.112244 0.999393 0.0719616
0.902614 1 0.00304351 0.010978 0.979608 0.0787841
1 0.969489 0.00842039 0 0.973519 0.0792406
end
gesture g1 hands 2
0.630046 0.0320098 0.994559 0.499253 0.0225545 0.983565
0.581071 0.00499139 0.991531 0.510535 0.0226349 0.97858
0.422459 0.0657949 0.952507 0.605776 0.0361875 0.940629
0.083864 0.424962 0.68508 0.90638 0.305527 0.725142
0.0722249 0.605807 0.492188 0.947511 0.395462 0.644228
0.172964 0.773921 0.308944 0.930446 0.601379 0.477307
0.348732 0.890495 0.168422 0.807661 0.773159 0.306151
0.457533 0.921913 0.118893 0.615084 0.882432 0.174099
0.660395 0.96049 0.0395594 0.383147 0.945043 0.0993755
0.960291 0.969 0.000723659 0.130392 0.986116 0.0710728
1 0.954495 0.00873736 0 0.964305 0.0799978
end
gesture g1 hands 2
0.662363 0.00650612 0.995513 0.44544 0.0288668 0.976264
0.488883 0.0593007 0.945098 0.632751 0.0758436 0.885048
0.429987 0.0803195 0.928235 0.746733 0.163105 0.796889
0.0632475 0.453221 0.605157 0.863995 0.323387 0.66152
0.0508753 0.545862 0.515543 0.885123 0.401434 0.578316
0.107433 0.703902 0.33528 0.863844 0.578886 0.407422
0.340714 0.843796 0.141385 0.747566 0.720479 0.252526
0.630896 0.921254 0.0387545 0.679127 0.778436 0.196317
0.699216 0.947586 0.0177995 0.503282 0.882696 0.124157
0.976962 0.973109 0.00130661 0.0702603 1 0.078007
1 0.961829 0.00187365 0 0.988098 0.0857235
end
gesture g1 hands 2
0.571694 0.0114616 0.985924 0.497163 0.0217027 0.959932
0.48509 0.0194899 0.963059 0.491923 0.00541789 0.969853
0.183778 0.229009 0.802302 0.669116 0.0818354 0.855177
0.124597 0.293171 0.724114 0.733888 0.134058 0.808919
0.0137856 0.476051 0.546837 0.833549 0.259083 0.680848
0.0135266 0.677624 0.36188 0.904499 0.438214 0.508456
0.150511 0.821265 0.208023 0.908696 0.543247 0.423394
0.623717 0.963613 0.0348005 0.655515 0.866869 0.153173
0.905414 0.961273 0.00332391 0.462494 0.950101 0.0840753
0.993198 0.953528 0.0038779 0.115792 0.998275 0.0691428
0.986895 0.951599 0.00813355 0.0625259 0.959108 0.0817335
end
gesture g1 hands 2
0.583377 0.0102826 0.998904 0.513424 0.0294442 0.990667
0.494863 0.0296129 0.933495 0.609073 0.0712064 0.864996
0.364 0.123703 0.834084 0.64558 0.125167 0.806474
0.226523 0.256773 0.690947 0.748772 0.408694 0.499567
0.142859 0.443423 0.528248 0.731736 0.591758 0.333937
0.127104 0.631699 0.372483 0.656632 0.741125 0.201237
0.189397 0.783882 0.227774 0.597484 0.802018 0.157011
0.262112 0.855252 0.168275 0.429282 0.892374 0.0969166
0.460466 0.933865 0.0860915 0.166056 0.979964 0.0982272
0.778514 0.960182 0.0196583 0.0931083 0.998253 0.0881002
1 0.945328 0.00140586 0 0.97922 0.0969166
end
gesture g1 hands 2
0.684845 0 0.996909 0.483137 0.0294183 0.977783
0.618778 0.0117393 0.970448 0.453763 0.0117597 0.980874
0.231127 0.23544 0.805673 0.586083 0.0462925 0.931711
0.0738855 0.407092 0.667482 0.888433 0.29983 0.695394
0.00188375 0.584998 0.489006 0.958479 0.463684 0.53413
0.050831 0.749672 0.319706 0.926993 0.639708 0.372645
0.108308 0.808056 0.251354 0.875071 0.704249 0.300236
0.536385 0.927316 0.0563098 0.639484 0.853107 0.14738
0.636435 0.940685 0.0300468 0.270224 0.957664 0.0731657
0.930626 0.96445 0.00113759 0.152576 0.996265 0.0648812
0.998436 0.953471 0.00353638 0.0760886 0.985324 0.0801148
end
gesture g1 hands 2
0.60104 0.0224011 1 0.498766 0 0.977096
0.50157 0.0302393 0.963467 0.760883 0.172203 0.753569
0.183601 0.275146 0.721914 0.825201 0.254126 0.674727
0.0996991 0.355567 0.636984 0.883528 0.435985 0.505445
0.0406282 0.560527 0.450399 0.850396 0.632793 0.334479
0.105893 0.742381 0.29226 0.738106 0.799706 0.203078
0.2558 0.87538 0.166153 0.65663 0.861504 0.159181
0.701939 0.957005 0.0247401 0.451237 0.953885 0.100243
0.894736 0.948762 0.00579997 0.340814 0.975724 0.086044
1 0.934604 0.00368213 0.0264791 0.98498 0.0765138
0.992941 0.937745 0.00327301 0.00862464 0.961422 0.0911701
end
gesture g1 hands 2
0.551967 0.0279919 0.990046 0.576864 0.00201365 0.9807
0.414943 0.0884288 0.93496 0.708089 0.121132 0.856679
0.215967 0.22815 0.783578 0.76694 0.206046 0.7612
0.135151 0.320609 0.676557 0.844942 0.42823 0.557089
0.0267235 0.51534 0.47384 0.837117 0.539278 0.447663
0.022552 0.608548 0.385814 0.790833 0.708118 0.268437
0.131916 0.757683 0.23068 0.735934 0.776451 0.194309
0.404413 0.855024 0.0917769 0.518861 0.883121 0.0827435
0.768912 0.94593 0.0102909 0.362122 0.928885 0.0584588
0.922262 0.962261 0.00175526 0.113758 0.986683 0.0420846
1 0.961422 0 0 0.999752 0.0560062
end
gesture g1 hands 2
0.604837 0 1 0.416492 0.0241958 0.981717
0.58988 0.00900135 0.995799 0.45907 0.024867 0.979935
0.500171 0.0353408 0.938688 0.559859 0.0752165 0.865521
0.150246 0.239055 0.683427 0.797984 0.316846 0.571499
0.0121259 0.408476 0.506344 0.824489 0.40637 0.475755
0 0.502688 0.411321 0.804498 0.596759 0.304505
0.0933273 0.702495 0.237335 0.762857 0.689171 0.23212
0.285606 0.870964 0.108898 0.623067 0.842015 0.122522
0.61099 0.975723 0.0297862 0.519209 0.91127 0.0898507
0.902579 1 0.00275798 0.0985068 0.985659 0.0508783
0.986484 0.986972 0.0022064 0.0778727 0.99495 0.0532969
end
gesture g1 hands 2
0.536192 0.00454984 0.991788 0.562722 0.0406169 0.967391
0.513425 0.00912708 0.990577 0.557009 0.0446799 0.977999
0.411522 0.0776123 0.914932 0.629681 0.0904523 0.896115
0.289278 0.257928 0.721765 0.713025 0.239548 0.687682
0.26103 0.342981 0.636828 0.738143 0.318758 0.606746
0.228631 0.74149 0.312795 0.772728 0.515498 0.446532
0.261441 0.827154 0.237018 0.732259 0.772875 0.235283
0.576733 0.975212 0.0424815 0.530522 0.920397 0.11205
0.85023 0.986013 0.00286894 0.154913 1 0.0535125
0.995246 0.93139 0.0029742 0.00600508 0.951814 0.0558287
1 0.926977 0.00181613 0 0.939111 0.0625931
end
gesture g1 hands 2
0.625141 0.00256585 0.998531 0.470255 0.0234494 0.99291
0.331282 0.185192 0.829596 0.72455 0.220274 0.739856
0.262052 0.263205 0.767692 0.816278 0.374592 0.574634
0.134576 0.414775 0.606697 0.839533 0.464507 0.487319
0.0859846 0.500118 0.522912 0.838951 0.66018 0.324209
0.0690725 0.676848 0.361993 0.773184 0.814684 0.201559
0.164564 0.82836 0.214886 0.707988 0.876247 0.1545
0.336333 0.933734 0.111798 0.32626 0.996486 0.0571337
0.711339 0.9839 0.0132467 0.173969 0.996573 0.0476238
0.981057 0.954936 0.00185558 0.116746 0.992407 0.0461291
1 0.940855 0 0 0.954983 0.0572625
end
gesture g1 hands 2
0.573737 0.0116303 0.996713 0.433678 0.00676182 0.981149
0.527627 0.0113513 0.981158 0.554123 0.0687743 0.905386
0.423451 0.0681639 0.930511 0.601923 0.102137 0.863999
0.137444 0.298872 0.694707 0.695252 0.200293 0.744163
0.0864551 0.389169 0.605565 0.718042 0.267003 0.663818
0.0559299 0.57825 0.438162 0.736497 0.669882 0.335516
0.0736976 0.680668 0.362261 0.652155 0.826197 0.211653
0.372314 0.924498 0.135113 0.589159 0.883821 0.1667
0.479961 0.959299 0.091734 0.249663 0.982355 0.0851971
0.936766 0.981995 0.00108794 0.0488611 1 0.08816
1 0.964434 0.00284718 0 0.987434 0.0942478
end
gesture g1 hands 2
0.524753 0.00485122 0.993736 0.609261 0.0111051 0.969146
0.457412 0.0333988 0.927818 0.603465 0.00588387 0.977877
0.346934 0.163128 0.776213 0.639916 0.0444331 0.898058
0.20775 0.467469 0.453023 0.713403 0.249024 0.669847
0.225844 0.612851 0.308403 0.726385 0.54594 0.352177
0.330857 0.734316 0.185112 0.699334 0.666084 0.224949
0.397047 0.783567 0.137611 0.656658 0.717839 0.179358
0.55091 0.866865 0.061378 0.467946 0.868476 0.0926468
0.626573 0.90431 0.0358349 0.326743 0.942975 0.0701772
0.827325 0.973276 0.00719491 0.0806632 1 0.0709921
1 0.990758 0.00158337 0 0.982699 0.0693157
end
gesture g1 hands 2
0.609596 0.0151927 0.989313 0.511566 0 0.966945
0.572153 0.030865 0.962088 0.552002 0.0429702 0.944903
0.477348 0.101906 0.890847 0.590476 0.0607256 0.898054
0.255195 0.284698 0.629792 0.679758 0.126317 0.815549
0.194155 0.474423 0.449259 0.811756 0.387506 0.542401
0.202291 0.573624 0.363853 0.805273 0.468009 0.455981
0.301889 0.746977 0.216142 0.762995 0.642219 0.304309
0.493094 0.866351 0.116109 0.629589 0.777192 0.19511
0.722258 0.939834 0.0443615 0.535094 0.830592 0.15296
0.831947 0.961666 0.0240234 0.0920773 0.976846 0.0646743
1 0.990012 0 0 1 0.0602059
end
gesture g1 hands 2
0.532264 0 0.99751 0.581406 0.0284036 0.990595
0.52646 0.0230713 0.989902 0.627948 0.0960654 0.85438
0.473594 0.0787721 0.916653 0.665783 0.145904 0.783947
0.423354 0.114864 0.861088 0.704291 0.26239 0.639708
0.313894 0.198232 0.738046 0.714376 0.561278 0.307833
0.205781 0.508126 0.415711 0.653253 0.718405 0.184396
0.245465 0.672727 0.259278 0.537259 0.847071 0.110217
0.291751 0.744093 0.196849 0.474027 0.895009 0.0856668
0.593791 0.912757 0.037904 0.310878 0.95315 0.0524862
0.880313 0.980706 0.000372301 0.236249 0.970705 0.0446448
1 0.945811 0.00167532 0 0.974644 0.0575843
end
gesture g1 hands 2
0.680567 0.0181061 0.99683 0.390711 0.0272657 0.980429
0.686261 0.00827575 0.994014 0.416038 0.0208145 0.972441
0.530353 0.0514565 0.94479 0.725891 0.171825 0.748763
0.137684 0.283871 0.712269 0.79234 0.226075 0.679182
0.0163524 0.433782 0.515977 0.86968 0.396175 0.502643
0 0.530438 0.417446 0.859949 0.715068 0.257377
0.0546589 0.740575 0.249291 0.727349 0.882144 0.14072
0.248569 0.902109 0.12427 0.453166 0.989144 0.0707221
0.562781 0.956799 0.0389204 0.228129 0.994541 0.0494055
0.86462 0.929406 0.00707075 0.164942 0.984813 0.0425642
0.997795 0.921269 0.00302436 0.148621 0.979728 0.0500313
end
gesture g1 hands 2
0.473309 0.0250174 0.98248 0.318495 0.0086887 1
0.347231 0.0419037 0.921955 0.556959 0.0184125 0.865166
0.160058 0.126976 0.783629 0.657677 0.103852 0.791678
0.091515 0.236858 0.704585 0.81784 0.254503 0.635701
0.0070712 0.453602 0.533605 0.909319 0.569205 0.456891
0.0616494 0.610345 0.333792 0.83984 0.76515 0.213619
0.26567 0.689495 0.183018 0.482633 0.971771 0.0518516
0.499251 0.820417 0.09938 0.353827 0.994209 0.0264416
0.596808 0.910734 0.0761967 0.144613 0.919741 0.00213314
0.976359 0.942023 0.0410115 0.102509 0.889524 0.0035865
0.970558 0.8616 0.0441528 0.144344 0.894371 0.0238865
end
gesture g1 hands 2
0.473969 0.238079 0.981243 0.256721 0.200193 0.992756
0.334481 0.247032 0.955888 0.477041 0.215989 0.925818
0.0678002 0.143668 0.724687 0.657985 0.0265849 0.82447
0.00112125 0.167469 0.546546 0.820019 0.00408368 0.666933
0.00184421 0.132441 0.457569 0.896249 0.171576 0.497024
0.173452 0.39296 0.225192 0.82475 0.537547 0.246277
0.560876 0.785947 0.0518263 0.723458 0.658247 0.120493
0.665731 0.848278 0.0376437 0.657318 0.73429 0.0751464
0.885849 1 0.0499212 0.474111 0.861397 0.0180163
0.988402 0.929265 0.0622222 0.137367 0.927451 0.00769102
0.994446 0.941361 0.0689254 0.0850114 0.946478 0.0362208
end
gesture g1 hands 2
0.876866 0.367334 0.915319 0.0798629 0 1
0.781388 0.0667123 0.920034 0.340035 0.185791 0.930935
0.714698 0.125184 0.897985 0.485244 0.109853 0.895079
0.340873 0.218078 0.781342 0.741958 0.195542 0.792287
0.214164 0.202152 0.718788 0.866709 0.259364 0.647713
0.0530231 0.36074 0.546235 0.885315 0.425965 0.479227
0.043996 0.371203 0.45694 0.688422 0.67922 0.227529
0.175821 0.631391 0.233532 0.538162 0.776599 0.141151
0.508946 0.90276 0.0406848 0.278672 0.924192 0.0740163
0.914471 0.959287 0.00181872 0.00477884 0.955476 0.0441112
1 1 0 0 0.927939 0.0456806
end
gesture g1 hands 2
0.309525 0.145558 0.939636 0.374887 0.0316557 0.993301
0.226704 0.210908 0.90455 0.606765 0.0703429 0.872615
0.0191233 0.242977 0.645545 0.757302 0.17061 0.741632
0.00840617 0.302942 0.559468 0.9143 0.552839 0.350314
0 0.429931 0.461556 0.893743 0.556034 0.262724
0.154687 0.490105 0.27816 0.734581 0.77303 0.115809
0.396609 0.562479 0.145971 0.472142 0.829771 0.0264429
0.70788 0.715375 0.0703116 0.184409 0.779757 0
0.917751 0.799558 0.0535983 0.13327 0.791766 0.00179918
1 0.833199 0.0541665 0.17732 0.978782 0.0169973
0.981933 0.836335 0.0548767 0.167123 0.982336 0.0202405
end
gesture g1 hands 2
0.588562 0.102048 0.976891 0.517813 0.00874523 0.989022
0.609963 0.113346 0.987337 0.609188 0.0176724 0.971236
0.496336 0.0975043 0.946663 0.797626 0.154315 0.902442
0.117742 0.342129 0.754785 0.932382 0.390719 0.726176
0 0.476615 0.532545 1 0.564184 0.511167
0.0481523 0.619937 0.326694 0.896695 0.733442 0.309552
0.286407 0.786706 0.143488 0.68787 0.912164 0.137633
0.59754 0.895914 0.0643587 0.405602 0.987413 0.0606108
0.832717 0.98831 0 0.201215 0.993635 0.0218004
0.926323 0.936841 0.055887 0.0508996 0.955928 0.000377011
0.938205 0.907962 0.0480362 0.0659946 0.906646 0.0878446
end
gesture g1 hands 2
0.476178 0.199186 0.957018 0.53025 0.165199 0.993155
0.52081 0.118533 0.969369 0.503378 0.0774107 0.985581
0.334755 0.0813982 0.911904 0.739304 0.000590774 0.919445
0.194045 0.146975 0.8343 0.90007 0.091166 0.8374
0.0238926 0.317463 0.651469 1 0.322782 0.619191
0.0793084 0.453336 0.499487 0.933726 0.477664 0.457838
0.304013 0.658117 0.223447 0.712668 0.697661 0.189097
0.473614 0.770155 0.105956 0.5124 0.840819 0.0722467
0.828362 0.884445 0.0219791 0.152876 0.96974 0
0.916714 0.892346 0.0338646 0.0588898 0.994274 0.0268587
0.946412 0.945006 0.0547821 0 0.964414 0.069016
end
gesture g1 hands 2
0.588309 0.150197 0.964251 0.4292 0.122461 0.994726
0.518604 0.0685128 0.935511 0.508236 0 0.966525
0.294657 0.130982 0.87914 0.771969 0.088016 0.886149
0.0275602 0.274399 0.701337 0.907217 0.158334 0.783957
0 0.369103 0.573341 0.996096 0.305767 0.641396
0.0484164 0.478858 0.434167 0.990957 0.441701 0.498926
0.165472 0.634447 0.266463 0.784628 0.683756 0.200987
0.484544 0.852868 0.0601469 0.419287 0.884526 0.0241966
0.776559 0.964489 0.0135908 0.26049 0.969216 0
0.864909 0.952712 0.0345028 0.0346437 0.991085 0.042867
0.870354 0.967858 0.0307897 0.0431783 0.983956 0.0526398
end
gesture g1 hands 2
0.656292 0.1309 0.914055 0.408742 0.144797 0.96253
0.679462 0.03218 0.935248 0.464368 0.0110044 0.978918
0.377375 0.116344 0.894667 0.575115 0.0123476 0.949447
0.163315 0.221711 0.765982 0.759637 0.0607357 0.903228
0.0990987 0.305973 0.646238 0.957562 0.208729 0.727849
0.0764881 0.496152 0.397086 1 0.323061 0.560581
0.178589 0.600996 0.24104 0.932522 0.533908 0.283625
0.3818 0.818847 0.0900169 0.810397 0.685215 0.1415
0.729349 0.944026 0.0155074 0.552411 0.837355 0.02779
0.87961 0.962311 0.0197711 0.174789 0.956053 0.00827449
0.957475 0.982611 0.0339952 0 0.988975 0.0655323
end
gesture g1 hands 2
0.718356 0 0.981153 0.333104 0.0183397 1
0.658534 0.00687975 0.954735 0.401394 0.000919832 0.975146
0.486447 0.0700968 0.883023 0.594614 0.0397424 0.902079
0.284154 0.159215 0.797825 0.774776 0.146179 0.820079
0.0863364 0.348145 0.669349 0.925796 0.324678 0.661848
0.0239081 0.495591 0.52902 0.954779 0.508237 0.501635
0.191672 0.764002 0.210335 0.741677 0.826959 0.170331
0.399302 0.877849 0.105149 0.5345 0.913493 0.0541606
0.682216 0.972142 0.0224182 0.276269 0.977408 0
0.889813 1 0.00931343 0.0828456 0.993217 0.0365022
1 0.971366 0.0220011 0 0.963997 0.0627813
end
gesture g1 hands 2
0.175341 0.0736736 0.962996 0.65608 0.0959746 0.990901
0.358028 0.0152362 0.928793 0.532602 0.00825929 0.970767
0.510027 0.0220879 0.866019 0.288388 0.0584374 0.815374
0.698962 0.100999 0.787723 0.146293 0.144366 0.714522
0.943356 0.322664 0.570219 0.00507629 0.353765 0.473596
0.993159 0.568783 0.359494 0.046833 0.592941 0.262922
0.865123 0.766438 0.19253 0.230332 0.775841 0.124172
0.761189 0.824094 0.1334 0.343989 0.865433 0.0792135
0.507392 0.910062 0.0678991 0.608498 0.973108 0.0245948
0.111664 0.877391 0.0355309 0.911939 0.979814 0.00451115
0.00783194 0.847584 0.031071 0.990825 0.942595 0.00756958
end
gesture g1 hands 2
0.45744 0.011271 0.993312 0.41106 0.0367071 0.969957
0.498184 0.0200418 0.960092 0.38566 0.0364707 0.935324
0.402652 0.0123769 0.911925 0.521579 0.0092568 0.88901
0.352834 0.0336488 0.843287 0.788721 0.069462 0.751452
0.200546 0.201215 0.638283 0.981856 0.297207 0.518879
0.177361 0.426351 0.399712 0.963021 0.581909 0.314439
0.300835 0.679394 0.200641 0.867665 0.70394 0.236537
0.39595 0.779076 0.131625 0.584368 0.875406 0.121929
0.619082 0.915938 0.0461567 0.293433 0.948108 0.061109
0.955594 1 0.000156957 0.0883553 0.947303 0.0352047
0.982539 0.998481 0.000816361 0 0.928928 0.0330727
end
gesture g1 hands 2
0.437533 0.0107125 0.991788 0.484491 0.0524233 0.949843
0.424711 0.00600595 0.940756 0.435649 0.0620015 0.948395
0.346397 0.0681687 0.851781 0.614719 0.0747608 0.845482
0.233402 0.218495 0.661528 0.729757 0.104912 0.770759
0.19772 0.44098 0.440662 0.83722 0.215183 0.668789
0.279798 0.670651 0.235873 0.931004 0.449862 0.432381
0.457206 0.846119 0.1009 0.852213 0.679895 0.246281
0.680708 0.960149 0.0318085 0.745168 0.77507 0.176655
0.869032 0.996158 0.00613515 0.476058 0.878152 0.0908885
0.983991 0.985837 0.00352377 0.0294479 0.889625 0.0468726
1 0.986654 0.0069532 0 0.890698 0.0484457
end
gesture g1 hands 2
0.668552 0.044982 0.999664 0.270326 0.0358254 1
0.60099 0.0262818 0.949075 0.268845 0.019883 0.963813
0.392755 0.0594279 0.835804 0.480845 0 0.88877
0.302567 0.103991 0.745127 0.779634 0.0883211 0.739042
0.129399 0.280287 0.543071 0.89176 0.187129 0.645666
0.0781314 0.510861 0.343054 1 0.56132 0.349662
0.0947034 0.626456 0.260238 0.862162 0.782366 0.183641
0.308605 0.879247 0.0844655 0.729475 0.844482 0.125999
0.564666 0.940856 0.0268549 0.172035 0.969004 0.0207398
0.861379 1 0.00177031 0.0230528 0.936349 0.0209498
0.890169 0.994095 0 0 0.929192 0.0211899
end
gesture g1 hands 2
0.689716 0.0436817 0.988705 0.288599 0.0673877 1
0.680487 0.00717311 0.984875 0.284921 0.0711627 0.955579
0.466844 0.0805238 0.862639 0.463789 0.0792035 0.896101
0.372451 0.13695 0.773681 0.709167 0.1852 0.772587
0.182818 0.308305 0.56803 0.908719 0.346965 0.579673
0.0721532 0.508145 0.360753 1 0.520874 0.384292
0.124455 0.73866 0.195025 0.997998 0.59228 0.288487
0.177138 0.820488 0.137924 0.804272 0.752816 0.149046
0.377968 0.93067 0.0511142 0.52334 0.878201 0.0528927
0.495524 0.938996 0.0258719 0.225061 0.910677 0.0154355
0.83687 1 0.00553298 0 0.91123 0
end
gesture g1 hands 2
0.373941 0.0280869 0.997842 0.480017 0.00990188 0.952087
0.39814 0.0419711 0.948274 0.540329 0.0549376 0.877024
0.345218 0.0750119 0.86248 0.663454 0.116951 0.792763
0.252257 0.164966 0.717069 0.741575 0.183326 0.715685
0.192197 0.318081 0.509512 0.845455 0.368748 0.52607
0.252444 0.567585 0.299797 0.821266 0.62198 0.322714
0.327157 0.690141 0.218261 0.66524 0.809095 0.194052
0.511132 0.868267 0.107256 0.452947 0.939743 0.101956
0.624779 0.928098 0.0694981 0.274079 0.97331 0.0493782
0.930204 1 0.00681352 0.0432548 0.953584 0.0276885
1 0.981266 0 0 0.933345 0.0257296
end
gesture g1 hands 2
0.466361 0 0.995429 0.442578 0.0193038 0.972739
0.517407 0.0362263 0.977644 0.37626 0.0202817 0.951701
0.451473 0.0387239 0.895017 0.492523 0.030488 0.897701
0.257041 0.128453 0.683822 0.857086 0.210924 0.603409
0.175279 0.28226 0.455339 0.930948 0.391452 0.364817
0.157653 0.480281 0.254251 0.920923 0.507022 0.264932
0.267738 0.732005 0.114898 0.776355 0.765043 0.127075
0.477636 0.888273 0.0332089 0.535701 0.917839 0.0404344
0.736947 0.986217 0.00364496 0.296915 0.964408 0.00808685
0.966555 0.919984 0.0120248 0.0392395 0.864953 0.000117226
1 0.89533 0.0155116 0 0.837281 0.00574287
end
gesture g1 hands 2
0.285729 0 1 0.479876 0.0133161 0.966908
0.305337 0.0491191 0.975163 0.484117 0.0378756 0.949255
0.317406 0.059745 0.907868 0.457635 0.0213423 0.946001
0.278391 0.0538604 0.842507 0.561842 0.0510016 0.851076
0.191905 0.198427 0.632025 0.720553 0.212937 0.659627
0.182681 0.448093 0.394527 0.764098 0.479589 0.401652
0.301275 0.701211 0.200532 0.670738 0.731981 0.217204
0.494486 0.900562 0.0868483 0.477005 0.906049 0.0984561
0.737406 0.988376 0.0321402 0.26465 0.992904 0.0417832
0.908327 1 0.0150708 0.0801713 0.991801 0.010653
1 0.991239 0.0162067 0 0.943699 0
end
gesture g1 hands 2
0.314647 0.00382568 1 0.567299 0.014189 0.979546
0.215879 0.0823597 0.851035 0.703803 0.0425863 0.839994
0.162895 0.139872 0.756674 0.780314 0.113582 0.745019
0.155233 0.246904 0.63802 0.825581 0.378983 0.525147
0.162012 0.5046 0.394564 0.809193 0.536996 0.413867
0.291813 0.737156 0.200084 0.691733 0.782953 0.23498
0.515372 0.910242 0.0918139 0.486947 0.93316 0.115194
0.649089 0.948307 0.0574598 0.258267 0.995324 0.0485552
0.841166 0.986304 0.0292195 0.106867 0.980363 0.0112252
0.901155 0.971736 0.0266963 0.0250104 0.909338 0
1 0.964272 0.0297691 0 0.897 0.000711968
end
gesture g1 hands 2
0.284908 0.0328056 0.995414 0.405971 0 0.964961
0.276945 0.0141469 0.947832 0.526678 0.0418049 0.886194
0.213886 0.0500873 0.863701 0.656224 0.133217 0.806232
0.112887 0.252561 0.636601 0.834752 0.287456 0.672964
0.0955892 0.481751 0.424704 0.974128 0.517934 0.490222
0.143433 0.593105 0.321562 0.964071 0.73584 0.305284
0.316535 0.818073 0.178093 0.705739 0.878992 0.160203
0.556166 0.939937 0.0818434 0.5582 0.90849 0.112786
0.766274 0.998631 0.0400142 0.276879 0.976198 0.0349086
0.93618 0.947803 0.0254782 0.0904241 0.969539 0.00850479
0.923897 0.940217 0.0202809 0.00694612 0.904027 8.3377e-05
end
gesture g1 hands 2
0.315123 0.0129699 0.99506 0.500135 0 0.9985
0.362987 0.0286401 0.938877 0.511717 0.0105472 0.971976
0.603285 0.0738428 0.835167 0.365124 0.0274882 0.930368
0.898361 0.250029 0.626619 0.155788 0.117768 0.751615
0.97906 0.354182 0.498849 0.0139455 0.319863 0.494442
0.992513 0.603405 0.272647 0.00420039 0.551129 0.261782
0.903174 0.731129 0.194309 0.157439 0.795802 0.119196
0.761763 0.828411 0.130224 0.417294 0.965107 0.0490288
0.452827 0.94198 0.067933 0.645503 0.99511 0.010288
0.172465 0.93916 0.0345774 0.720125 0.972259 0.0102344
0.0792623 0.868031 0.0234856 0.724168 0.957206 0
end
gesture g1 hands 2
0.433199 0.0621499 1 0.348206 0.078604 0.964819
0.422776 0.0148822 0.933558 0.328893 0.0499371 0.9157
0.222962 0.0606461 0.688621 0.380043 0.0423945 0.917349
0.0539402 0.286759 0.478332 0.575705 0.0531323 0.798779
0.00690851 0.560589 0.277935 0.699367 0.124481 0.687328
0.126041 0.782336 0.134532 0.930689 0.321458 0.52354
0.318781 0.898145 0.0511855 0.98346 0.565603 0.340284
0.415716 0.949451 0.0308002 0.841064 0.778606 0.194473
0.568916 1 0.00703931 0.630781 0.918421 0.0985922
0.662117 0.980302 0.00222433 0.321074 0.988243 0.0421207
0.708911 0.926901 0.00607109 0.125913 0.905894 0.0217617
0.0 0.0 0.0 0.113883 0.908199 0.0227037
end
gesture g1 hands 2
0.253347 0.0333209 0.953553 0.520555 0.00832727 1
0.46868 0.01277 0.896688 0.195732 0.0937317 0.778061
0.576957 0.030022 0.861876 0.134975 0.179594 0.694768
0.972188 0.377582 0.542976 0.0619121 0.383384 0.510426
0.98545 0.61206 0.369804 0.0849775 0.618379 0.31757
0.93202 0.726708 0.280081 0.139258 0.722864 0.243312
0.757701 0.870529 0.145964 0.312394 0.885435 0.114898
0.640075 0.920455 0.0987593 0.428815 0.938414 0.0782385
0.387698 0.971622 0.0350458 0.82685 0.977661 0.0185878
0.0574782 0.92126 0.00341084 0.916721 0.914619 0.0232224
0 0.927233 0.00182258 0.921436 0.925294 0.0211915
end
gesture g1 hands 2
0.528577 0.0508076 0.954865 0.146579 0.00456756 1
0.724491 0.159629 0.815433 0.126957 0.0375677 0.975194
0.823924 0.30154 0.668045 0.0657329 0.0686109 0.893651
0.832999 0.406395 0.571125 0.0395364 0.288381 0.655344
0.774589 0.622696 0.377152 0.1394 0.485638 0.454754
0.605584 0.810376 0.22462 0.324623 0.701144 0.263996
0.370548 0.924235 0.117977 0.414423 0.793006 0.193436
0.234526 0.958616 0.0780364 0.635392 0.940999 0.0841141
0.137493 0.964751 0.0493999 0.76725 0.993248 0.0522368
0.0184485 0.893105 0.00270828 0.946648 0.991425 0.0139834
0.00636727 0.896 0.0050924 0.998327 0.944895 0.002652
end
gesture g1 hands 2
0.398853 0.0334793 0.941211 0.313887 0.0231548 1
0.444875 0.0470976 0.927147 0.280315 0.0332069 0.927561
0.609787 0.0833406 0.832566 0.161602 0.127265 0.781139
0.745612 0.166874 0.766248 0.0779022 0.323434 0.573279
0.875025 0.381978 0.591644 0.107521 0.449747 0.465765
0.849279 0.598787 0.390844 0.261777 0.678793 0.258568
0.767855 0.694271 0.296097 0.494614 0.842318 0.120199
0.508644 0.839801 0.165944 0.5956 0.903117 0.0758031
0.263124 0.915508 0.074645 0.804875 0.988092 0.0204054
0.0494131 0.915523 0.0236592 0.940979 0.993961 0.00328141
0.00356863 0.85123 0.00796911 0.999265 0.94009 0
end
gesture g1 hands 2
0.508822 0.0520728 0.940355 0.276752 0.0322244 0.99846
0.497181 0.0361826 0.954352 0.292415 0.0286485 0.967192
0.717355 0.166741 0.786784 0.232148 0.163598 0.789127
0.87483 0.396068 0.60634 0.193606 0.272425 0.704952
0.90016 0.631061 0.397595 0.150629 0.510248 0.486941
0.845008 0.747612 0.304349 0.192153 0.622643 0.379811
0.598576 0.905957 0.154698 0.370617 0.818019 0.193013
0.473792 0.942904 0.101652 0.589822 0.95115 0.0732301
0.218796 0.989963 0.0433978 0.827271 0.99508 0.0201831
0 0.919879 0.0186239 1 0.975597 0.00335917
0.0271824 0.913824 0.0161325 0.98974 0.97822 0.00145561
end
gesture g1 hands 2
0.426369 0.0128125 0.964471 0.235443 0.00849399 1
0.46632 0.0531018 0.925733 0.139967 0.108229 0.858432
0.562903 0.110522 0.865801 0.133118 0.139575 0.807838
0.653137 0.215317 0.769451 0.121159 0.294654 0.665082
0.773595 0.414737 0.575279 0.167927 0.493016 0.460894
0.750627 0.668853 0.361074 0.29484 0.68475 0.24949
0.604918 0.828912 0.189088 0.51145 0.858548 0.122496
0.482495 0.890064 0.131703 0.754355 0.970371 0.046661
0.261395 0.930293 0.0652066 0.83562 1 0.0271081
0.0723512 0.90258 0.0232994 0.974524 0.97006 0.00039615
0 0.843819 0.0183475 1 0.94066 0
end
gesture g1 hands 2
0.519386 0 0.956046 0.220952 0.0111721 1
0.718138 0.0818794 0.831355 0.160827 0.064547 0.857983
0.821976 0.15935 0.737453 0.104831 0.269149 0.638282
0.933558 0.425116 0.506079 0.117032 0.416785 0.506264
0.935808 0.590733 0.39451 0.244983 0.671112 0.270856
0.789837 0.832933 0.222896 0.334659 0.769576 0.183487
0.511648 0.932634 0.106527 0.577096 0.921209 0.0757812
0.290986 0.950472 0.0500045 0.766824 0.97904 0.0226665
0.117677 0.957626 0.0207493 0.914707 1 0.00869145
0.00794483 0.899527 0.0073707 1 0.942371 0.00360723
0.00993158 0.86062 0.00612094 0.996056 0.924069 0.00292555
end
gesture g1 hands 2
0.449824 0.0315022 0.944231 0.311143 0 1
0.586037 0.0400718 0.919577 0.291233 0.0280246 0.947437
0.658004 0.063587 0.879165 0.216772 0.110228 0.823191
0.976918 0.375566 0.582124 0.135323 0.275073 0.649527
0.976531 0.588068 0.376131 0.115904 0.464459 0.42509
0.757016 0.787416 0.188988 0.230263 0.670346 0.224956
0.459194 0.937259 0.0869266 0.43138 0.857131 0.100601
0.221434 1 0.0318414 0.638532 0.95997 0.032769
0.078026 0.94386 0.00485485 0.790417 0.988809 0.0166042
0.00234772 0.866455 0 0.906604 0.925959 0.0185027
0.0255334 0.885133 0.00108487 0.900176 0.951485 0.0211607
end
gesture g1 hands 2
0.28578 0.0461799 0.960552 0.486695 0.0511708 0.989892
0.457959 0.0347674 0.946449 0.468039 0.0176047 0.997257
0.71297 0.148767 0.87292 0.318377 0.0419529 0.921939
0.942438 0.3086 0.704036 0.245347 0.0915758 0.842239
0.998435 0.395848 0.607966 0.0650935 0.236797 0.635727
0.964743 0.585457 0.411532 0.00204478 0.456826 0.418153
0.794713 0.746296 0.215069 0.0938056 0.677411 0.231528
0.570512 0.863082 0.0997972 0.253559 0.818005 0.111396
0.47583 0.91091 0.0477369 0.594032 0.977984 0.00742438
0.123424 0.948528 0.00134175 0.776834 0.95678 0.0119268
0.0788033 0.916395 0.00366747 0.76227 0.95057 0.0107639
end
gesture g1 hands 2
0.244624 0.0548023 0.930562 0.521958 0.0239688 1
0.483827 0.0500191 0.864375 0.357607 0.0344779 0.910581
0.7719 0.206356 0.70734 0.267777 0.0934573 0.816275
0.883526 0.313408 0.622082 0.0971023 0.30329 0.615834
0.997028 0.541753 0.437905 0.0566592 0.433769 0.516139
0.942907 0.734105 0.281071 0.0653849 0.655702 0.331512
0.854309 0.802605 0.208794 0.214839 0.806634 0.181569
0.621725 0.901709 0.11341 0.588646 0.964338 0.0279936
0.498786 0.92935 0.0805799 0.670677 0.992042 0.0169666
0.145092 0.966738 0.0211092 0.806096 0.997218 0
0 0.916522 0.0183274 0.954773 0.927128 0.00468649
end
gesture g1 hands 2
0.279857 0.00896905 0.98023 0.488449 0.0278699 0.981265
0.301206 0.00545656 0.979843 0.503381 0.014184 0.984159
0.526385 0.0232669 0.934887 0.408067 0.00432421 0.975866
0.643969 0.0682169 0.870598 0.109231 0.179407 0.790429
0.808504 0.187235 0.788531 0 0.396574 0.563944
0.983466 0.466663 0.551903 0.0156355 0.636075 0.325587
0.964691 0.737426 0.330996 0.185566 0.841438 0.154649
0.749087 0.922303 0.165726 0.432246 0.983348 0.0658394
0.446768 0.99287 0.0788252 0.549601 1 0.0291161
0.24916 0.930982 0.0273053 0.639279 0.953625 0.00495213
0.192913 0.932132 0.0234868 0.639982 0.950473 0
end
gesture g1 hands 2
0.625547 0.106514 0.964932 0.360563 0.0882874 0.989801
0.527801 0.0450527 0.951364 0.394518 0.0209434 0.979129
0.234819 0.0726676 0.876758 0.644615 0.00902276 0.908426
0.101429 0.147617 0.799792 0.919873 0.12209 0.759875
0.00198486 0.332724 0.548335 0.987743 0.224765 0.634146
0.0678355 0.519454 0.340823 0.984798 0.36904 0.487673
0.175461 0.67515 0.200834 0.777422 0.731465 0.169762
0.358435 0.837177 0.0908118 0.582108 0.869212 0.0673943
0.534618 0.899434 0.0333304 0.433119 0.941326 0.00719623
0.843517 0.984417 0.00465269 0.140235 0.994751 0.0349988
0.911708 0.970697 0.0321972 0.0621781 1 0.0610323
end
gesture g1 hands 2
0.633043 0.0707714 0.989663 0.389871 0.0863602 0.998171
0.377932 0.0523942 0.954131 0.417342 0.0252023 0.988207
0.230264 0.0927331 0.891203 0.627204 0.00372723 0.954567
0.00644884 0.285309 0.641626 0.770053 0.0542792 0.889198
0.0194905 0.416796 0.484839 0.934236 0.152535 0.740702
0.111118 0.602845 0.283226 0.974901 0.443126 0.440445
0.395505 0.847145 0.0815808 0.862568 0.645827 0.253368
0.615616 0.927705 0.0188905 0.724903 0.775749 0.143936
0.805385 0.992804 0 0.356516 0.945399 0.0246988
0.905664 0.983721 0.012098 0.199924 0.986765 0.0353219
0.953748 0.949734 0.041051 0.0896601 0.975958 0.0764247
end
gesture g1 hands 2
0.705403 0.0368997 0.954581 0.364503 0.00904196 0.975229
0.685387 0.0464503 0.924828 0.374348 0.00699713 0.992781
0.580752 0.0909485 0.858701 0.425112 0.035391 0.937656
0.0940233 0.308011 0.569516 0.730635 0.167953 0.751409
0 0.447448 0.418673 0.936654 0.35309 0.54687
0.0287016 0.620205 0.265454 1 0.517107 0.370241
0.210264 0.832303 0.122868 0.938199 0.682915 0.204705
0.420323 0.935462 0.0577794 0.746693 0.843452 0.0817274
0.679165 0.983549 0.0118691 0.335822 0.975895 0.0124665
0.82684 1 0.00110249 0.215434 0.996422 0.0274424
0.843118 0.99102 0.00215193 0.177531 0.983909 0.0338175
end
gesture g1 hands 2
0.658409 0.0239926 0.995826 0.345357 0.000382524 1
0.616338 0.064008 0.929614 0.409893 0.00571589 0.949592
0.430099 0.0977072 0.856045 0.588086 0.0424607 0.868344
0.106942 0.264215 0.630088 0.791237 0.131133 0.769088
0 0.425496 0.426622 0.927358 0.262773 0.615213
0.0436975 0.573685 0.285876 1 0.453774 0.394085
0.155992 0.707787 0.163459 0.933772 0.629301 0.241646
0.384134 0.845765 0.0680672 0.551083 0.916594 0.0403959
0.774331 0.984349 0.00495658 0.16221 0.994445 0.0174236
0.852982 0.993977 0 0.0899793 0.989067 0.0272601
0.883546 0.985114 0.0113127 0.0871894 0.991235 0.0446268
end
gesture g1 hands 2
0.664875 0.0375311 0.946937 0.264465 0.0193976 0.988586
0.675581 0.0310556 0.94604 0.443627 0.00340205 0.938743
0.589581 0.021355 0.915303 0.810135 0.164095 0.717549
0.223779 0.178368 0.749822 0.959089 0.32797 0.51394
0.051105 0.329217 0.580943 1 0.489589 0.348976
0 0.46613 0.424974 0.887133 0.689389 0.18431
0.069226 0.664879 0.24373 0.731646 0.856206 0.100145
0.394596 0.942428 0.0737394 0.486796 0.971555 0.043774
0.694979 0.980635 0 0.140707 1 0.0229782
0.773387 0.971454 0.0080797 0.0605282 0.994666 0.0359823
0.778757 0.974149 0.0110828 0.0553381 0.9987 0.0384555
end
gesture g1 hands 2
0.608477 0.0425351 0.974941 0.509981 0 0.954004
0.573731 0.050936 0.990794 0.549009 0.00533913 0.963912
0.430059 0.105361 0.94435 0.674965 0.0853886 0.920627
0.179154 0.306429 0.819118 0.985755 0.487401 0.649253
0.0305366 0.491443 0.703216 0.977529 0.667912 0.458814
0.00951762 0.65719 0.524129 0.854793 0.80641 0.20963
0.140175 0.796533 0.275048 0.639491 0.882842 0.089351
0.358429 0.883252 0.121269 0.391116 0.947271 0.0530426
0.664732 0.898068 0.058622 0.279214 0.993326 0.0328345
0.878411 0.908108 0 0.217146 0.937981 0.0859245
0.899131 0.883061 0.0106097 0.201444 0.919018 0.0866883
end
gesture g1 hands 2
0.667277 0.103991 0.912726 0.306529 0.0825973 0.975385
0.684616 0.0279955 0.934265 0.362143 0.0233587 0.987664
0.440582 0.053931 0.820845 0.467074 0 0.90564
0.0978617 0.230482 0.599788 0.805062 0.0770365 0.684842
0.0182488 0.346122 0.470044 0.969472 0.246444 0.500425
0.00108348 0.545906 0.328106 0.937116 0.621589 0.189426
0.0565451 0.712518 0.211581 0.695903 0.868269 0.0431142
0.192979 0.853175 0.108875 0.477067 0.960732 0.0114217
0.436901 0.975639 0.0279802 0.160938 0.967772 0.0460487
0.80426 0.990839 0.00245016 0.0994084 0.969506 0.0611457
0.861651 0.961882 0.00629348 0.092707 0.969007 0.074009
end
gesture g1 hands 2
0.7162 0.0348182 0.947841 0.424534 0.0153596 1
0.609923 0.0569041 0.897095 0.628921 0.0144841 0.924422
0.429084 0.116463 0.808519 0.811163 0.0961178 0.796438
0.218165 0.182451 0.668753 0.96523 0.188627 0.627958
0.0887684 0.277019 0.516239 1 0.312994 0.454408
0.105854 0.445418 0.294437 0.948452 0.516735 0.237623
0.20676 0.619902 0.158413 0.810885 0.674089 0.113961
0.402371 0.800761 0.0487725 0.589886 0.817982 0.018447
0.59944 0.905634 0.0245831 0.385595 0.906275 3.88217e-05
0.897612 0.988238 0.0152265 0.0269329 1 0.0305694
0.921222 0.989864 0.0178456 0 0.997718 0.0359711
end
gesture g1 hands 2
0.689004 0.0890358 0.93907 0.353643 0.0349869 0.980038
0.682595 0.0514942 0.951429 0.399615 0.0195034 0.995391
0.593922 0.0386931 0.892249 0.51094 0 0.934978
0.267743 0.169891 0.646839 0.899308 0.169629 0.643687
0.106703 0.331944 0.471354 0.995375 0.332307 0.422436
0.0779018 0.595614 0.197353 0.986644 0.484619 0.269848
0.158658 0.703657 0.107702 0.883784 0.639562 0.130176
0.367508 0.845038 0.0407723 0.543779 0.861315 0.00856291
0.763017 0.971222 0.00887202 0.118381 0.978359 0.0220604
0.863517 0.987209 0.016475 0.0157126 0.995473 0.039882
0.889628 0.98262 0.0147695 0.00398856 1 0.0464282
end
gesture g1 hands 2
0.560176 0.0145648 0.984541 0.350523 0.0133263 0.988589
0.549908 0.0267554 0.964515 0.430248 0.00442813 0.984584
0.273491 0.15007 0.802981 0.59949 0.0551305 0.897391
0.0792521 0.280889 0.644269 0.962767 0.273131 0.580604
0.00761576 0.40389 0.49354 1 0.414966 0.412356
0.0065688 0.577074 0.295757 0.941307 0.589025 0.217743
0.100155 0.697235 0.168109 0.830258 0.700764 0.112365
0.475418 0.887369 0.0328169 0.627967 0.823974 0.043314
0.856982 0.981644 0.00567933 0.214603 0.953551 0.0397151
0.895609 0.987181 0.0140673 0.0511311 0.995042 0.0701317
0.886927 0.985191 0.0196112 0.0183453 0.998769 0.0852997
end
gesture g1 hands 2
0.671337 0.0414043 0.973269 0.425784 0 1
0.360589 0.129003 0.816469 0.726196 0.136912 0.789759
0.175733 0.237591 0.655529 0.910235 0.275086 0.607792
0.0500264 0.353823 0.504074 0.98447 0.402573 0.449887
0 0.518933 0.327789 0.977734 0.571417 0.278974
0.0760912 0.66763 0.209829 0.87735 0.702149 0.17641
0.27424 0.823031 0.107241 0.681686 0.835479 0.0871195
0.680514 0.947076 0.0129759 0.233971 0.961107 0.0305144
0.830151 0.975185 0 0.0824979 0.984152 0.035969
0.924672 0.990742 0.0101098 0.0101939 0.997328 0.0417527
0.968217 1 0.0149526 0.000142242 0.999897 0.0450789
end
gesture g1 hands 2
0.650079 0.012119 0.978246 0.387905 0.0169831 0.999294
0.502832 0.0632554 0.877769 0.476812 0.0106032 0.950893
0.170138 0.24058 0.626952 0.585494 0.0537828 0.862596
0.0576841 0.357844 0.492063 0.919253 0.251981 0.602029
0.0398218 0.557637 0.305976 0.995475 0.384344 0.454792
0.104493 0.695055 0.177445 0.978793 0.570477 0.271927
0.292443 0.807402 0.0693545 0.893972 0.705015 0.154725
0.51414 0.884063 0.0227791 0.689636 0.822785 0.0572416
0.770266 0.950534 0 0.207612 0.953508 0.0099118
0.893797 0.983975 0.00483441 0.0621709 0.985418 0.0273762
0.951548 1 0.0034471 0 0.990531 0.0361776
end
gesture g1 hands 2
0.62991 0.0669402 0.922589 0.320075 0.0636318 0.948983
0.63452 0.00823323 0.962812 0.359365 0.00428418 1
0.640004 0.00839751 0.953098 0.393596 0.0171301 0.983682
0.460567 0.109099 0.831063 0.615359 0.106759 0.817806
0.0844736 0.330298 0.515913 0.838181 0.207027 0.637581
0 0.503441 0.301941 0.971279 0.32588 0.462213
0.0531056 0.65977 0.163621 0.992582 0.517136 0.253638
0.19347 0.803483 0.0800637 0.912471 0.669205 0.117667
0.520601 0.926183 0.0025683 0.584377 0.891969 0.00915571
0.738206 0.975461 0.0142225 0.189746 0.977327 0.0277243
0.888707 0.998144 0.0779367 0.0860433 0.988803 0.0969806
end
gesture g1 hands 2
0.651431 0.063061 0.971611 0.295856 0.032393 0.966564
0.573377 0.0349153 0.959946 0.325372 7.44659e-05 0.995741
0.282418 0.128672 0.766162 0.423243 0.0158195 0.951975
0.106243 0.238721 0.597137 0.780106 0.149887 0.721196
0.0102543 0.364635 0.451123 0.938627 0.261914 0.541015
0.000367487 0.558835 0.271832 0.989578 0.395895 0.395478
0.0852945 0.68489 0.148925 0.968303 0.578652 0.231189
0.263114 0.794734 0.0657475 0.692837 0.820736 0.0762678
0.525397 0.91394 0.00990375 0.42422 0.928302 0.0406321
0.92978 0.998536 0.0201063 0.0649424 0.984875 0.0747295
1 0.994952 0.0245242 0.021521 0.979409 0.0796782
end
gesture g1 hands 2
0.568014 0.0404401 0.996259 0.489751 0 0.96355
0.300357 0.15899 0.841981 0.779566 0.149528 0.830313
0.0920604 0.288057 0.665286 0.930069 0.3005 0.663739
0.00416966 0.45033 0.489745 1 0.445525 0.474885
0.0452083 0.637461 0.262301 0.930934 0.652688 0.244746
0.172649 0.772752 0.127635 0.778263 0.797153 0.110966
0.370233 0.859241 0.0399738 0.557325 0.88924 0.0423723
0.662178 0.920204 0.00295684 0.246016 0.951291 0.0293897
0.856798 0.962189 0.0127296 0.0863312 0.98866 0.0440281
0.95151 0.980944 0.0452494 0.022074 1 0.0643217
0.911133 0.96132 0.0327564 0.0511061 0.978898 0.0662609
end
gesture g1 hands 2
0.499723 0.0948554 0.974082 0.513109 0.0165524 0.991348
0.442965 0.0799471 0.965473 0.611666 0.0291289 0.980411
0.307258 0.144282 0.912623 0.754243 0.108603 0.919743
0.102659 0.332991 0.739485 0.927031 0.297062 0.731417
0.000553497 0.470807 0.569296 0.979252 0.485369 0.537194
0.0255019 0.597201 0.393893 0.920401 0.635787 0.339959
0.210149 0.755447 0.209133 0.751291 0.823248 0.152765
0.415351 0.849382 0.118601 0.554687 0.943535 0.073235
0.683682 0.883171 0.0360803 0.321973 1 0.029849
1 0.915465 0.00762622 0.102044 0.957451 0.0197021
0.99936 0.916753 0.0120481 0.0949839 0.965752 0.0368344
end
gesture g1 hands 2
0.691297 0.0201674 0.963994 0.441906 0.00540221 0.990059
0.674081 0.0222438 0.961552 0.446542 0.00540907 0.986861
0.617081 0.0325894 0.95289 0.475846 0.012342 0.973345
0.504609 0.0408162 0.927775 0.610204 0.0185233 0.922738
0.289565 0.0997824 0.797812 0.844225 0.0779295 0.777282
0.0803088 0.233761 0.590617 0.991377 0.249843 0.557412
0 0.553866 0.257964 0.90993 0.597981 0.210951
0.158473 0.810473 0.0918401 0.675231 0.851635 0.0439158
0.499696 0.955732 0.010479 0.28903 0.98679 0
0.764641 0.987991 0.0163943 0.0806221 0.999736 0.0284285
0.83597 0.991629 0.0199929 0.0511261 0.991444 0.047962
end
gesture g1 hands 2
0.836853 0.0254129 0.941254 0.138625 0.0155499 0.956561
0.79974 0.0116077 0.962778 0.208124 0.00362371 0.997264
0.63312 0.0583159 0.917596 0.461947 0.0459601 0.925778
0.333054 0.173787 0.803392 0.639036 0.105188 0.850655
0.209915 0.258947 0.70879 0.873137 0.258959 0.67699
0.112642 0.586163 0.291477 0.912976 0.57165 0.266171
0.221466 0.674239 0.178476 0.828789 0.671909 0.166697
0.465327 0.818191 0.0490302 0.598864 0.825222 0.0507497
0.764727 0.927403 0.00243502 0.290707 0.941208 0.028877
0.967258 0.974891 0.0600928 0.0394904 0.99604 0.109189
1 0.978746 0.0778592 0 0.999085 0.126205
end
gesture g1 hands 2
0.600929 0.0282136 0.972224 0.445399 0.0130897 0.985991
0.597687 0.026132 0.97902 0.492898 0 1
0.484369 0.0854435 0.93706 0.642988 0.0760366 0.958785
0.181916 0.311928 0.781168 0.920633 0.265813 0.786824
0.123335 0.415223 0.645293 0.973828 0.406818 0.648317
0.152105 0.492754 0.522899 0.938178 0.513648 0.519237
0.242934 0.567183 0.401163 0.847207 0.597285 0.3772
0.371587 0.690539 0.257898 0.676054 0.728482 0.21289
0.693769 0.88936 0.0888523 0.31227 0.92535 0.059213
0.966646 0.956993 0.00613834 0.0423032 1 0.00366107
1 0.956137 0.00103037 0 0.998724 0
end
gesture g1 hands 2
0.788658 0.0818849 0.926253 0.261163 0.056994 0.95205
0.707286 0.0165777 0.955631 0.347935 0 0.977426
0.347483 0.103742 0.785259 0.7256 0.0573109 0.73058
0.204019 0.142908 0.673537 0.879282 0.103131 0.601539
0.0626842 0.247729 0.498894 0.987133 0.265587 0.432581
0.00765443 0.366185 0.345947 0.996778 0.418654 0.299912
0.0390651 0.53782 0.192731 0.914322 0.597886 0.162067
0.123575 0.664496 0.104758 0.648262 0.822058 0.0448144
0.484996 0.902755 0.00715376 0.441257 0.913929 0.0279372
0.778207 1 0.0163194 0.284281 0.967581 0.0347255
0.85033 0.993849 0.0348749 0.0943358 0.993172 0.0900317
end
gesture g1 hands 2
0.502889 0.0402073 0.989196 0.457084 0 1
0.377016 0.147494 0.952471 0.507852 0.0177696 0.983907
0.286376 0.180043 0.93284 0.744856 0.144666 0.951159
0.136267 0.296053 0.835784 0.88884 0.260748 0.850534
0 0.599352 0.567159 0.97539 0.41054 0.718286
0.0613241 0.730903 0.387324 0.997245 0.607733 0.555702
0.160102 0.826241 0.257988 0.92437 0.792188 0.350162
0.53349 0.965837 0.0655035 0.629438 0.967602 0.102826
0.878748 0.90401 0 0.440258 1 0.0419721
0.915595 0.861688 0.00884777 0.0670217 0.939309 0.0017032
0.888741 0.843348 0.0153411 0.0103097 0.90187 0.0148652
end
gesture g1 hands 2
0.532083 0.0630041 0.975461 0.491869 0.0231445 1
0.17051 0.171645 0.863857 0.745648 0.0335172 0.949382
0.0565645 0.279869 0.78336 0.896427 0.10805 0.879767
0.00846368 0.392509 0.636061 0.997601 0.268984 0.768582
0.0290463 0.571487 0.438266 0.99145 0.435216 0.598507
0.15225 0.726367 0.267832 0.928187 0.637553 0.370562
0.303695 0.809159 0.167645 0.786285 0.794423 0.189609
0.530904 0.900413 0.0633845 0.623479 0.888583 0.0905334
0.753055 0.940246 0.0124671 0.386877 0.956787 0.0191772
0.931897 0.943783 0.00554429 0.029341 0.981633 0.0175858
0.956967 0.9427 0.0117478 0.0168281 0.974628 0.0285874
end
gesture g1 hands 2
0.531091 0.0301566 0.986733 0.663507 0.00625822 0.985528
0.502765 0.026384 0.995816 0.773228 0.0531247 0.939259
0.428444 0.118734 0.882056 0.87371 0.171974 0.778658
0.345605 0.263106 0.684067 0.94589 0.285204 0.677179
0.308833 0.497243 0.449949 0.959713 0.418634 0.56723
0.345736 0.614005 0.338809 0.879847 0.673659 0.361075
0.504468 0.815102 0.166706 0.672666 0.857534 0.189756
0.713683 0.937296 0.0723038 0.437026 0.953521 0.0728345
0.881726 0.994416 0.0262082 0.323544 0.980649 0.0401763
0.921852 0.999909 0.020425 0.109314 0.991982 0.007178
1 0.973723 0.00828018 0 0.991159 0.0109541
end
gesture g1 hands 2
0.393159 0.0214863 0.979334 0.714141 0.115819 0.981273
0.41816 0.0205985 0.980931 0.81117 0.0524473 0.923848
0.341287 0.00596688 0.952219 0.888603 0.0995904 0.735244
0.255574 0.0233858 0.811189 0.912115 0.239177 0.441998
0.215386 0.225048 0.561788 0.779998 0.48952 0.19668
0.299509 0.518831 0.273824 0.669363 0.636211 0.0953218
0.494942 0.821194 0.0614773 0.375666 0.840733 0.00665661
0.755463 0.992843 0.005383 0.157846 0.869484 0.0285342
0.843436 0.996946 0.0130159 0.0329127 0.823399 0.0771275
1 0.904602 0.0273068 0.0017786 0.818231 0.0895088
0.968702 0.904846 0.0131047 0.0361183 0.830455 0.0856479
end
gesture g1 hands 2
0.547633 0.0880989 0.999185 0.547499 0.0367206 0.969878
0.535116 0.0357539 0.98413 0.565541 0.0925538 0.968404
0.521648 0.0596983 0.986769 0.613511 0.0691859 0.975815
0.282267 0.0066586 0.846926 0.714512 0.0358485 0.897434
0.120182 0.164167 0.648959 0.866684 0.12731 0.717316
0.135425 0.452945 0.408815 0.859342 0.354856 0.489006
0.307367 0.769327 0.188614 0.70793 0.621404 0.274782
0.616948 0.973914 0.0545941 0.46151 0.837674 0.135445
0.845421 1 0.014279 0.333245 0.884937 0.0984673
0.966446 0.922304 0.00605307 0.0713503 0.915785 0.0844211
1 0.904553 0 0 0.898441 0.0991658
end
gesture g1 hands 2
0.5717 0.0732426 0.986463 0.5504 0.000705209 0.991073
0.528987 0.0371512 0.97585 0.621419 0.00531945 0.987471
0.373607 0.100918 0.907342 0.804511 0.171725 0.878311
0.14299 0.364906 0.516758 1 0.462765 0.430597
0.129334 0.511656 0.334032 0.906161 0.625599 0.258715
0.172137 0.645966 0.266559 0.711053 0.779284 0.14377
0.366503 0.859531 0.141077 0.445263 0.933319 0.0803968
0.624651 0.999585 0.0491584 0.30698 0.946634 0.0589403
0.83561 0.989859 0.014713 0.0839902 0.954101 0.0508558
0.971143 0.911946 0.00199238 0 0.937278 0.0718525
0.985353 0.909054 0.00360161 0.00196948 0.929385 0.0714694
end
gesture g1 hands 2
0.67162 0.0468417 0.967043 0.545996 0 0.991455
0.651135 0.0588369 0.972374 0.781093 0.0531385 0.906838
0.5762 0.0269016 0.956154 0.835685 0.0919393 0.842676
0.307173 0.118439 0.827376 0.922382 0.232932 0.679682
0.162381 0.24213 0.651413 0.935876 0.420409 0.44882
0.113073 0.465119 0.440628 0.828297 0.652989 0.238526
0.219758 0.694551 0.22485 0.58553 0.896058 0.0901253
0.463897 0.930552 0.0674134 0.434909 0.968657 0.0462291
0.758851 0.972982 0.0119855 0.103734 0.992662 0.0551142
0.97467 0.940111 0.003176 0.000132197 0.952753 0.076136
1 0.933467 0.00495303 0 0.941987 0.0791985
end
gesture g1 hands 2
0.314264 0.135739 1 0.724761 0.0054892 0.948014
0.291379 0.13669 0.995521 0.799901 0.0114623 0.945774
0.217368 0.111224 0.935127 0.888757 0.0307607 0.894202
0.129088 0.186666 0.813999 0.999489 0.126552 0.754582
0.115064 0.352093 0.580702 0.982345 0.383355 0.514566
0.25899 0.619324 0.309607 0.796828 0.68953 0.258365
0.381157 0.736266 0.181557 0.665733 0.810098 0.155966
0.525742 0.822976 0.0889642 0.323997 0.966979 0.062559
0.855365 0.938073 0.0157785 0.0191571 0.993235 0.0732128
0.974052 0.891508 0.000135721 0.00546425 0.977375 0.0843413
0.877234 0.877763 0.0133356 0.107814 0.964823 0.084172
end
gesture g1 hands 2
0.519824 0.10363 1 0.552551 0.152659 0.951654
0.538435 0.0885833 0.964232 0.661115 0.00824929 0.944929
0.46538 0.0281245 0.942425 0.839765 0.081622 0.801729
0.26023 0.133961 0.718915 0.940647 0.262418 0.547703
0.208462 0.229726 0.580967 0.934872 0.389134 0.425124
0.222991 0.545892 0.331967 0.822851 0.68948 0.223133
0.342639 0.828671 0.138109 0.732331 0.816722 0.154318
0.464703 0.918332 0.0781645 0.482608 0.983002 0.0717346
0.730746 1 0.0242723 0.230823 0.969064 0.0515931
0.986559 0.93203 0 0.0746178 0.95032 0.0571008
1 0.917915 0.00326621 0 0.94752 0.0721189
end
gesture g1 hands 2
0.665965 0.0935018 0.988757 0.537858 0.0396141 0.997438
0.641119 0.093742 0.962943 0.501273 0.0257755 1
0.52949 0.0942158 0.917473 0.594721 0.0084873 0.977934
0.240119 0.13762 0.737656 0.8675 0.0675181 0.822632
0.0617051 0.342603 0.486939 1 0.269806 0.557039
0.0491131 0.467417 0.358369 0.962667 0.391163 0.405103
0.0996354 0.585826 0.242074 0.740849 0.679819 0.173124
0.210398 0.712394 0.149374 0.328327 0.841685 0.0663513
0.506464 0.859754 0.0413775 0.0896779 0.974307 0.0542663
0.68437 0.940178 0.000152973 0.00273459 1 0.0631772
0.694383 0.924983 0.00263873 0.013902 0.995754 0.070405
end
gesture g1 hands 2
0.754296 0.0802761 0.982384 0.242528 0.00142562 0.995698
0.744869 0.0602815 0.965525 0.591526 0.0647279 0.923023
0.595706 0.0806269 0.951958 0.726893 0.106107 0.851631
0.182479 0.223607 0.738304 0.926124 0.260366 0.666699
0.0192483 0.395306 0.545289 0.999771 0.458328 0.464422
0.0111442 0.591186 0.343811 0.925127 0.641869 0.290244
0.157026 0.780202 0.172442 0.691795 0.80893 0.169349
0.281245 0.861814 0.106774 0.374874 0.936153 0.0892503
0.567431 0.96208 0.022826 0.13991 0.984705 0.0445696
0.81011 0.956998 0.00294864 0.014761 0.993407 0.0391927
0.808378 0.938712 0 0.0147514 0.983059 0.035585
end
gesture g1 hands 2
0.721415 0.116721 0.996293 0.356982 0.053268 0.981531
0.727253 0.105474 0.978029 0.510663 0.00812209 0.969584
0.605748 0.0762211 0.966837 0.70285 0.00103295 0.902331
0.550182 0.0606849 0.952281 0.888365 0.126812 0.714683
0.358491 0.0874631 0.86007 0.959277 0.205207 0.597927
0.159417 0.190507 0.663393 0.980095 0.471489 0.369838
0.0316558 0.399405 0.408973 0.773061 0.782574 0.195785
0.0368613 0.530827 0.295203 0.616473 0.890675 0.130935
0.218977 0.779416 0.109856 0.442248 0.956286 0.0875416
0.584846 0.926172 0.0184696 0.140191 1 0.062309
0.8879 0.916399 0.000480619 0 0.970915 0.0658107
end
gesture g1 hands 2
0.678891 0.179421 0.987385 0.389751 0.0673517 0.979598
0.666262 0.160993 0.979866 0.545831 0 0.965161
0.558361 0.127842 0.976478 0.62788 0.0182429 0.936143
0.388835 0.161316 0.910965 0.806705 0.114356 0.809178
0.225579 0.177985 0.739805 0.906732 0.212075 0.69372
0.0483791 0.311575 0.516335 1 0.432389 0.467955
0.0316985 0.498785 0.306066 0.843979 0.707753 0.277241
0.0910753 0.598664 0.207585 0.57831 0.887769 0.117026
0.392773 0.796977 0.0528055 0.258079 0.98243 0.0580437
0.742924 0.893887 0.00638894 0.0641657 0.999613 0.0551493
0.924606 0.929287 0 0 0.979477 0.0630559
end
gesture g1 hands 2
0.557853 0.0306273 0.985764 0.56915 0.0137476 0.980839
0.535675 0.0408798 0.978943 0.587728 0.0168342 0.994655
0.432915 0.0381447 0.920178 0.718132 0.067709 0.899968
0.303792 0.0971109 0.79618 0.800122 0.222272 0.748546
0.223621 0.259104 0.588477 0.848605 0.395639 0.504781
0.270211 0.529366 0.361502 0.768674 0.621234 0.29463
0.418557 0.793032 0.160761 0.57438 0.831226 0.136213
0.647982 0.951886 0.0323201 0.336017 0.9324 0.068215
0.842208 0.996696 0.00503686 0.223976 0.921682 0.0626185
0.973873 0.977101 0.000314794 0.0654773 0.897103 0.0787436
1 0.954921 0.00258837 0 0.871603 0.0839204
end
gesture g1 hands 2
0.590204 0.0420309 1 0.476974 0.0583095 0.947524
0.644875 0.0377332 0.957237 0.695984 0.00182154 0.871862
0.410111 0.0838298 0.867277 0.782693 0.040911 0.818047
0.239437 0.166164 0.724435 0.935125 0.166344 0.655541
0.179949 0.251366 0.625126 1 0.389211 0.452328
0.164571 0.473274 0.409093 0.881102 0.63452 0.26579
0.216677 0.678004 0.204692 0.778517 0.732541 0.195942
0.44145 0.872519 0.0635181 0.466097 0.89496 0.113404
0.733223 0.974524 0.00697188 0.184584 0.959916 0.0859341
0.984653 0.988609 0.00906022 0.00473614 0.971901 0.106818
0.991262 0.985402 0.00979921 0 0.969775 0.107043
end
gesture g1 hands 2
0.703219 0.036589 0.99137 0.526181 0.0247421 0.98746
0.689544 0.0440198 0.996563 0.721515 0.0103289 0.904703
0.625009 0.0382574 0.98685 0.904767 0.158328 0.750864
0.506861 0.0581919 0.926497 0.979457 0.257677 0.647488
0.304047 0.167745 0.783634 0.998019 0.365938 0.53324
0.216918 0.268623 0.690709 0.912685 0.596977 0.330133
0.16009 0.449793 0.474803 0.693025 0.806369 0.163706
0.235248 0.66185 0.247465 0.53938 0.885842 0.105705
0.429143 0.861313 0.0899797 0.267623 0.982915 0.0550338
0.718713 0.958231 0.0229337 0.0230527 0.98754 0.0744959
1 0.998983 0.00182349 0 0.997208 0.0829119
end
gesture g1 hands 2
0.659059 0.0730235 0.978633 0.30165 0 0.988856
0.634729 0.0828027 0.964456 0.462308 0.0108928 0.967966
0.552481 0.0714538 0.950586 0.709418 0.0852142 0.884746
0.184385 0.123783 0.827154 0.899972 0.184399 0.771299
0.0985905 0.209551 0.751978 0.982424 0.284374 0.672199
0.0205893 0.452926 0.540657 0.968875 0.527582 0.452358
0.0677634 0.695316 0.3109 0.777723 0.767071 0.260939
0.26111 0.904465 0.139553 0.494508 0.932316 0.138972
0.384619 0.953422 0.0839354 0.21866 0.993891 0.0882634
0.652962 0.963752 0.0357143 0.0525598 0.977744 0.0730303
0.812355 0.951506 0 0 0.95814 0.0691453
end
gesture g1 hands 2
0.57171 0.0658226 0.999314 0.336965 0.131302 0.9864
0.630344 0.0815527 0.972004 0.393157 0.0712931 0.958763
0.608559 0.0659198 0.968345 0.587954 0 0.905808
0.213459 0.108835 0.820228 0.692065 0.0201747 0.85612
0.0422005 0.235047 0.643984 0.928923 0.156732 0.696928
0 0.365517 0.537291 0.993259 0.369602 0.465378
0.0564591 0.600675 0.314495 0.888243 0.635157 0.275348
0.12178 0.714982 0.218974 0.660615 0.831035 0.140201
0.38011 0.912075 0.0847408 0.35688 0.949381 0.0813008
0.702266 0.997649 0.0332887 0.23307 0.948763 0.0685603
0.960174 0.948259 0 0.0106486 0.87331 0.0651302
end
gesture g1 hands 2
0.5366 0.0440501 0.995585 0.487467 0.0457889 0.967254
0.45243 0.070666 0.953468 0.446953 0.00505196 0.976425
0.31304 0.12558 0.838562 0.657864 0.0588344 0.86845
0.23916 0.177456 0.763602 0.840077 0.222674 0.719208
0.191461 0.256983 0.660857 0.943357 0.41153 0.501933
0.146209 0.490072 0.431389 0.89158 0.660235 0.305751
0.254455 0.723741 0.214046 0.700935 0.868294 0.164897
0.355607 0.824771 0.135045 0.420078 0.983427 0.0814789
0.596357 0.963999 0.0475851 0.154713 0.984931 0.0673833
0.843209 0.993118 0.00529855 0.0140844 0.953982 0.0747198
1 0.983503 0.0110047 0 0.935629 0.0817166
end
gesture g1 hands 2
0.738204 0.114179 0.991839 0.365873 0.0785224 0.98335
0.413141 0.107562 0.872184 0.571733 0.0121868 0.968598
0.341635 0.182429 0.818561 0.642199 0.0368412 0.923459
0.160787 0.275405 0.659307 0.834677 0.138793 0.814693
0.102559 0.337085 0.567571 0.978744 0.308994 0.632013
0.0812318 0.535525 0.375965 0.979123 0.507767 0.430467
0.115806 0.676325 0.290782 0.927263 0.619264 0.338067
0.268659 0.876625 0.159953 0.740728 0.81569 0.202141
0.598516 0.988566 0.0491915 0.612094 0.885204 0.150069
0.793191 0.972442 0.0139914 0.348974 0.976064 0.0766615
0.839451 0.945697 0 0 0.977285 0.0344024
end
gesture g1 hands 2
0.657269 0.022411 0.984569 0.505116 0 0.984072
0.613382 0.018111 0.939912 0.569935 0.0156621 0.997533
0.526486 0.0520505 0.891413 0.673603 0.0297407 0.956541
0.31692 0.178253 0.712434 0.840147 0.136183 0.794833
0.12931 0.357344 0.487632 0.98266 0.299795 0.534608
0.0805769 0.477411 0.371707 0.994372 0.398192 0.406558
0.150169 0.727666 0.164493 0.878289 0.60817 0.204103
0.425307 0.94713 0.0395429 0.585966 0.828525 0.0784831
0.707917 0.990393 0.0134958 0.275265 0.929794 0.0344957
0.897406 0.911395 0.00274921 0.0344125 0.937767 0.0515549
0.907487 0.897615 0 0 0.920486 0.0543041
end
gesture g1 hands 2
0.706934 0.14643 0.975015 0.454303 0.121035 0.986406
0.718979 0.126004 0.97646 0.55439 0.0229753 0.983146
0.61719 0.0884006 0.966533 0.714458 0.0321093 0.938807
0.338628 0.149717 0.791511 0.893492 0.272996 0.782378
0.174482 0.372183 0.556555 0.955343 0.384141 0.648397
0.143917 0.603522 0.325451 0.997649 0.552381 0.362323
0.285421 0.825373 0.146389 0.943372 0.630798 0.259939
0.553471 0.9715 0.0420795 0.698882 0.82105 0.110811
0.714895 1 0.0288556 0.308548 0.960766 0.0369863
0.912379 0.937208 0.007075 0.0045208 0.979775 0.0393199
0.928108 0.917708 0 0.0198097 0.990401 0.0459874
end
gesture g1 hands 2
0.567795 0.07326 1 0.580132 0.0648354 0.980832
0.587178 0.0846835 0.974432 0.621492 0.00793988 0.970691
0.467564 0.0835946 0.943547 0.735638 0.0161177 0.928417
0.338567 0.155196 0.818991 0.864276 0.177955 0.77898
0.217191 0.332401 0.583432 0.901472 0.405516 0.520217
0.182937 0.44496 0.455758 0.82375 0.630963 0.291189
0.213049 0.672627 0.257418 0.62094 0.854526 0.149107
0.378185 0.900461 0.100105 0.498401 0.941048 0.0980045
0.67892 0.991352 0.0279309 0.23082 0.994851 0.046406
0.942273 0.95465 0 0.0083384 0.954798 0.0940987
1 0.943575 0.00679399 0 0.955786 0.0944926
end
gesture g1 hands 2
0.660108 0.0438326 0.996682 0.526665 0.0409941 0.997348
0.632942 0.0553454 0.957771 0.647521 0.00819161 0.973163
0.450432 0.102723 0.898795 0.832489 0.0607709 0.872518
0.288788 0.246434 0.738992 0.977895 0.265446 0.676241
0.187699 0.427807 0.504699 1 0.390008 0.554026
0.181902 0.576648 0.396565 0.955118 0.610343 0.329157
0.2216 0.701788 0.295166 0.773444 0.798303 0.169964
0.393028 0.846317 0.138626 0.627577 0.886306 0.115573
0.534264 0.8927 0.0799008 0.287863 0.964905 0.0532648
0.793305 0.947604 0.0316737 0.0787043 0.995626 0.0509
0.955361 0.955659 0 0 0.974218 0.0718964
end
gesture g1 hands 2
0.567529 0.00954095 0.938113 0.628762 0.0945366 0.980224
0.531077 0.0251291 0.942963 0.653086 0.0808578 0.99481
0.280106 0.0787766 0.845171 0.762213 0.0249469 0.915098
0.201003 0.137038 0.77465 0.878962 0.144429 0.741767
0.135176 0.371743 0.611291 0.889575 0.3862 0.526238
0.196515 0.600111 0.431819 0.852291 0.484058 0.415896
0.247136 0.67765 0.343491 0.720821 0.647492 0.226825
0.636139 0.920507 0.0609036 0.539316 0.771461 0.0892439
0.731923 0.959196 0.0290526 0.435093 0.82784 0.0431803
0.917588 0.985625 0.00646178 0.14462 0.871091 0.000169611
1 0.942128 0.00544417 0 0.821968 0.011906
end
gesture g1 hands 2
0.647153 0.119074 1 0.430204 0 0.977819
0.63084 0.0886122 0.986302 0.49246 0.0253284 0.986198
0.355255 0.061669 0.917742 0.623 0.0316525 0.966033
0.166112 0.108112 0.759274 0.89096 0.152273 0.801793
0.0630133 0.342173 0.526684 0.991301 0.334918 0.589784
0.143445 0.600224 0.29086 0.981699 0.451872 0.476722
0.236414 0.710211 0.183048 0.868146 0.653889 0.270798
0.582958 0.871336 0.0475959 0.640194 0.852477 0.123005
0.830484 0.9665 0.00737062 0.289608 0.968407 0.0650489
0.918801 0.946301 0.00500644 0.174741 1 0.0624414
1 0.85431 0 0 0.91535 0.0837187
end
gesture g1 hands 2
0.597913 0.135574 1 0.407211 0.0957772 0.977202
0.616198 0.136773 0.990071 0.624422 0.0143341 0.951452
0.546606 0.0735168 0.982421 0.788187 0.0393685 0.841712
0.250306 0.0483406 0.790578 0.895732 0.0881434 0.754174
0.114911 0.200408 0.61013 0.963972 0.180523 0.658464
0.109374 0.485879 0.385473 0.983908 0.450348 0.445495
0.271701 0.740945 0.173968 0.947006 0.606479 0.348516
0.542202 0.938865 0.0499055 0.751571 0.79216 0.174676
0.759097 1 0.00367859 0.424665 0.921106 0.0769484
0.894764 0.985333 0.00332049 0.0954128 0.995782 0.047031
0.928881 0.954657 0.00852919 0 0.953591 0.0665636
end
gesture g1 hands 2
0.568632 0.0219442 0.998528 0.484604 0.00281219 0.969095
0.493903 0.0537476 0.95858 0.66594 0.0701201 0.903628
0.287023 0.134636 0.841485 0.80232 0.196062 0.792292
0.222158 0.177273 0.762212 0.863287 0.293547 0.70291
0.170582 0.319515 0.532928 0.884077 0.47955 0.490346
0.195148 0.560461 0.280548 0.846103 0.582235 0.376131
0.344124 0.843312 0.0988045 0.687324 0.723152 0.192227
0.646489 0.962503 0.0175691 0.571023 0.803556 0.130425
0.849518 0.985801 0 0.317294 0.879351 0.0669864
0.971257 0.926206 0.00405695 0.212652 0.894465 0.0534075
1 0.887646 0.00824474 0 0.83167 0.0791899
end
gesture g1 hands 2
0.626358 0.0148598 0.972391 0.619998 0.0293945 0.981273
0.633718 0.00665003 0.972492 0.756194 0.00483366 0.928671
0.514249 0.0222474 0.915107 0.900015 0.130628 0.784608
0.320154 0.208462 0.694865 0.992332 0.332328 0.553398
0.234934 0.38676 0.493618 0.952091 0.562204 0.326636
0.247564 0.601068 0.296619 0.748437 0.799088 0.144986
0.411346 0.838973 0.129851 0.476002 0.937892 0.0283109
0.664605 0.970751 0.0365842 0.329444 0.937613 0.00369851
0.770734 1 0.0180246 0.0460093 0.902883 0.0389786
0.970517 0.942172 0.00401288 0 0.854268 0.0613504
0.983788 0.926891 0.00565145 0.00561741 0.865325 0.0636913
end
gesture g1 hands 2
0.533228 0.0162218 0.989891 0.569227 0.0529517 0.973111
0.321668 0.15525 0.844442 0.61428 0.0208083 0.979912
0.27665 0.168991 0.768517 0.645454 0.0578514 0.946587
0.227789 0.315338 0.560438 0.766695 0.064248 0.815544
0.256379 0.563808 0.347472 0.836519 0.22718 0.65204
0.309226 0.678001 0.249074 0.70947 0.715182 0.263577
0.46718 0.853053 0.106096 0.645072 0.771262 0.186632
0.686036 0.910338 0.0366947 0.465085 0.919352 0.0870286
0.774569 0.94594 0.0136639 0.352782 0.967537 0.0611537
0.991991 0.997899 0.0069865 0.110007 0.945704 0.0249845
1 0.978646 0.000927424 0 0.92024 0.0433164
end
gesture g1 hands 2
0.488673 0.0601515 0.978039 0.544841 0.00801155 0.958702
0.451527 0.067575 0.997715 0.643381 0.0143959 0.964745
0.423737 0.0028104 0.997126 0.804868 0.102651 0.865588
0.275498 0.0465877 0.898154 0.954988 0.243863 0.651985
0.219658 0.128199 0.805704 0.97747 0.382374 0.539563
0.170766 0.359949 0.572348 0.865707 0.673041 0.305583
0.262566 0.643077 0.315228 0.65323 0.925702 0.139401
0.445784 0.851695 0.126201 0.519959 0.982823 0.0837249
0.688681 0.964612 0.0339364 0.272624 0.96752 0.0527363
0.878099 1 0.00935923 0.016918 0.906303 0.0728549
1 0.928871 0.00648511 0.00625707 0.914377 0.0780136
end
gesture g1 hands 2
0.521414 0.106855 0.978517 0.663045 0.0892906 0.990193
0.589948 0.0922446 0.968261 0.626315 0 0.995752
0.469269 0.0751828 0.954172 0.890869 0.170059 0.837076
0.306776 0.238084 0.750428 0.948633 0.368467 0.610438
0.246089 0.413317 0.505798 0.935175 0.495432 0.48498
0.247479 0.502202 0.392634 0.81054 0.701903 0.264764
0.36288 0.722331 0.190168 0.594658 0.85837 0.0950342
0.477944 0.801852 0.117097 0.311704 0.949269 0.0151253
0.755403 0.896683 0.0437495 0.122044 1 0.00583599
0.960213 0.989322 0.0268975 0.0195888 0.946596 0.0298017
1 0.929264 0.0273465 0 0.922524 0.040576
end
gesture g1 hands 2
0.467599 0.1028 0.96755 0.60907 0.0681756 0.991646
0.49821 0.0442751 0.960389 0.596917 0.016534 0.986398
0.426355 0.0861201 0.902834 0.707544 0.0778109 0.893782
0.312707 0.186469 0.756755 0.804114 0.212763 0.747077
0.267899 0.336482 0.573469 0.834239 0.309813 0.650437
0.275614 0.452101 0.468952 0.795899 0.532649 0.407419
0.36573 0.688858 0.247058 0.643323 0.749547 0.207604
0.446548 0.815021 0.15552 0.430959 0.909227 0.0701755
0.646188 0.946444 0.0422007 0.145359 0.971833 0
0.846821 1 0.0181227 0.0275873 0.928223 0.00990574
1 0.943078 0.0210467 0 0.905047 0.0164399
end
gesture g1 hands 2
0.667016 0.0183502 0.992805 0.567908 0.00888661 0.987398
0.530305 0.041291 0.947649 0.810617 0.0956008 0.86111
0.37176 0.153914 0.80378 0.958705 0.278377 0.665202
0.299511 0.253429 0.688266 1 0.493829 0.446229
0.205795 0.460492 0.453464 0.88206 0.691885 0.269806
0.256099 0.673166 0.269924 0.775318 0.773562 0.196608
0.433498 0.845919 0.136167 0.521479 0.901348 0.0933449
0.630416 0.959598 0.0555793 0.286692 0.975081 0.0452721
0.854921 0.99871 0.0196807 0.181205 0.982716 0.0371433
0.939747 0.989818 0.0045117 0.016879 0.975258 0.0400214
0.959408 0.984875 0 0 0.96974 0.0399047
end
gesture g1 hands 2
0.536069 0.124773 0.976912 0.587301 0.0440451 1
0.487502 0.0941717 0.962399 0.604307 0.0984029 0.983435
0.37265 0.0973026 0.930233 0.616288 0.0228698 0.987103
0.253892 0.128039 0.856952 0.791453 0.0351968 0.930697
0.15861 0.218704 0.756011 0.955205 0.186145 0.717131
0.12163 0.337233 0.577127 0.958769 0.357954 0.528892
0.172288 0.423329 0.42469 0.803366 0.543112 0.247514
0.43376 0.650546 0.158851 0.65019 0.665886 0.125874
0.783465 0.794884 0.0179754 0.284696 0.846118 0.0231375
0.91581 0.827484 0 0.0306118 0.996044 0.0337039
0.999385 0.832088 0.0278892 0 0.988874 0.0393321
end
gesture g1 hands 2
0.526654 0.0663181 0.957808 0.502676 0.0513372 0.987629
0.517938 0.0899123 0.955459 0.497719 0.0537634 0.9985
0.461881 0.0764958 0.954072 0.540703 1.21472e-05 0.973361
0.19047 0.155564 0.744726 0.750103 0.0673862 0.85956
0.139762 0.235815 0.643097 0.845856 0.140662 0.74052
0.150193 0.341144 0.496571 0.889137 0.342054 0.452874
0.26548 0.51813 0.268741 0.757612 0.572975 0.221137
0.558715 0.75325 0.0874518 0.615091 0.714902 0.109374
0.768598 0.828222 0.0225084 0.475578 0.810024 0.0454358
0.996464 0.926961 0.0338631 0.0400716 0.974165 0.0172826
1 0.925162 0.0360882 0.00735891 1 0.0420868
end
gesture g1 hands 2
0.53866 0.118254 1 0.479625 0.0495611 0.99709
0.495823 0.0830348 0.963997 0.516184 0 0.97514
0.395235 0.130107 0.915993 0.761126 0.118925 0.856442
0.0831363 0.344495 0.70924 0.902504 0.275493 0.719556
0.0146248 0.427827 0.573181 0.950691 0.417247 0.574632
0.0303276 0.54433 0.413806 0.928058 0.583138 0.394077
0.263818 0.704347 0.176752 0.719999 0.773931 0.148509
0.504681 0.82518 0.0636762 0.451751 0.899848 0.0400307
0.777883 0.865866 0.00936129 0.227965 0.970401 0
0.996557 0.888699 0.0313307 0.00908913 0.996391 0.0263849
1 0.894357 0.0334686 0.00580439 0.984593 0.0380923
end
gesture g1 hands 2
0.704317 0.0295015 0.993525 0.329468 0.0256362 0.999396
0.517531 0.0457111 0.954996 0.381718 0.00438433 0.98293
0.234803 0.128433 0.850047 0.486263 0.0147416 0.961123
0.0288009 0.303398 0.654616 0.629279 0.0329603 0.915766
0.00413773 0.419665 0.531552 0.808108 0.0945629 0.847766
0.0180715 0.530017 0.409881 0.992852 0.317992 0.645253
0.174324 0.747119 0.214265 0.981843 0.437952 0.526718
0.295473 0.834272 0.145476 0.81944 0.655122 0.28802
0.597781 0.919299 0.0487241 0.673573 0.764543 0.194752
0.719215 0.931529 0.0136558 0.378794 0.919513 0.0791894
0.765698 0.934243 0 0.0944214 0.991905 0.0225924
0.0 0.0 0.0 0.0376402 1 0.0109339
end
gesture g1 hands 2
0.567609 0.0725154 0.97205 0.49686 0.0635408 0.97156
0.608447 0.0625031 0.997304 0.476979 0 0.985115
0.500068 0.0999442 0.954043 0.541364 0.0209343 0.964486
0.332096 0.209119 0.8065 0.794316 0.105355 0.855084
0.279479 0.300168 0.702342 0.962189 0.295282 0.675065
0.22873 0.536578 0.452917 0.984172 0.543069 0.442929
0.233621 0.646224 0.329886 0.936963 0.649607 0.3338
0.358397 0.810204 0.136808 0.738418 0.871849 0.154572
0.473431 0.858391 0.072819 0.43877 0.98473 0.0582552
0.840366 0.924288 0.00299292 0.0119917 0.963783 0.0329763
0.840988 0.920711 0.00116253 0 0.961083 0.031418
end
gesture g1 hands 2
0.552601 0.0389952 0.958817 0.460128 0.026271 0.968185
0.593255 0.0729815 0.980343 0.423508 0 0.987692
0.494842 0.150147 0.900604 0.622996 0.0818775 0.899994
0.412838 0.190683 0.835739 0.848686 0.209215 0.780099
0.249689 0.34379 0.678471 0.958036 0.31411 0.699267
0.21575 0.583974 0.452702 0.996549 0.54676 0.517621
0.322727 0.789179 0.245276 0.863582 0.768508 0.322171
0.506497 0.909761 0.104164 0.631771 0.925162 0.172339
0.714288 0.966868 0.0355689 0.506045 0.973048 0.125389
0.867966 0.984821 0.00292252 0.0272522 0.999939 0.0614033
0.884342 0.984977 0 0 0.999059 0.0589798
end
gesture g1 hands 2
0.578063 0.0550197 1 0.445946 0.0318736 0.973475
0.593945 0.0560469 0.991337 0.444646 0.000970465 0.977521
0.525219 0.0516775 0.97416 0.603494 0.0356323 0.911741
0.33135 0.101171 0.887107 0.842273 0.149739 0.783632
0.180135 0.234827 0.692177 0.97754 0.26834 0.685385
0.179861 0.339424 0.572185 0.957128 0.535819 0.4525
0.271074 0.586183 0.336768 0.78457 0.729951 0.256923
0.353185 0.6789 0.243112 0.541753 0.881249 0.128764
0.530287 0.839123 0.108574 0.42188 0.93158 0.0884277
0.611819 0.887915 0.0654818 0.183356 0.992061 0.0463536
0.914394 0.982234 0.00012412 0 1 0.047272
end
gesture g1 hands 2
0.579971 0.0481418 0.997111 0.516792 0 0.992734
0.582904 0.118043 0.987351 0.549643 0.0776115 0.996695
0.340733 0.119541 0.826476 0.533284 0.0833969 0.993281
0.251515 0.164837 0.723223 0.536508 0.0657043 0.989058
0.191606 0.354949 0.471439 0.597524 0.051494 0.944435
0.205656 0.477352 0.353196 0.836043 0.104502 0.810938
0.33492 0.698701 0.173808 0.989845 0.31191 0.590843
0.55869 0.878304 0.0711034 0.945783 0.532204 0.356655
0.767611 0.966016 0.0250799 0.773849 0.788913 0.171029
0.85662 0.98457 0.00748457 0.506784 0.95453 0.0703375
0.852672 0.978503 0 0.206497 1 0.0317328
0.0 0.0 0.0 0 0.987331 0.00923535
end
gesture g1 hands 2
0.576579 0.0292025 0.9796 0.432661 0.0210416 0.947775
0.517 0.0451814 0.988158 0.584944 0.0751157 0.919489
0.440984 0.0855797 0.956987 0.863058 0.199774 0.777288
0.305948 0.13709 0.89748 1 0.441319 0.582198
0.122918 0.316978 0.702963 0.926941 0.636539 0.369993
0.08334 0.458678 0.590492 0.85367 0.734015 0.275235
0.131758 0.675567 0.341617 0.607536 0.901482 0.132314
0.22586 0.750939 0.237257 0.477105 0.952164 0.0887034
0.486712 0.873469 0.0903279 0.179661 1 0.0470086
0.752402 0.920845 0.0218897 0.0326053 0.989784 0.0381771
0.908994 0.925626 0.00320672 0.010583 0.991558 0.0295446
end
gesture g1 hands 2
0.588103 0.111163 0.992776 0.437219 0.0274505 0.996105
0.479833 0.0573784 0.959335 0.435055 0.00230332 0.98527
0.286953 0.110197 0.847265 0.625736 0.0355294 0.885542
0.152315 0.27751 0.669222 0.915107 0.223038 0.742759
0.132263 0.526892 0.430766 1 0.523014 0.549177
0.221458 0.708505 0.20382 0.874104 0.719661 0.336861
0.296611 0.796717 0.125893 0.66985 0.850861 0.14463
0.529818 0.921476 0.0381967 0.432813 0.958745 0.0413434
0.651028 0.945437 0.0160842 0.199988 0.998249 0.00330261
0.841604 0.943049 0.0023386 0.038689 0.985678 0.00397819
0.866743 0.932209 0.00574251 0 0.959222 0.00920099
end
gesture g1 hands 2
0.640709 0.122641 0.951485 0.675154 0.0860499 0.970633
0.698911 0.121235 0.970362 0.615262 0.0171465 1
0.606776 0.114184 0.932861 0.644659 0.00501047 0.977626
0.273366 0.233564 0.771428 0.799252 0.0328345 0.877413
0.189456 0.458127 0.569354 0.972184 0.199805 0.724748
0.190194 0.556777 0.453456 0.984568 0.467943 0.525866
0.226825 0.638906 0.344576 0.840282 0.721526 0.309248
0.394425 0.790038 0.184439 0.591982 0.868125 0.151744
0.690435 0.863386 0.0428473 0.458812 0.92269 0.100206
0.822627 0.837797 0.00704409 0.0112776 0.992277 0.0294864
0.885348 0.854652 0 0 0.970621 0.0334898
end
gesture g1 hands 2
0.64291 0.0540876 0.965578 0.356759 0.0385326 0.969809
0.626127 0.0764901 0.974249 0.429456 0.0182926 0.978741
0.544672 0.100011 0.947166 0.512304 0.0659759 0.931993
0.19545 0.230677 0.832907 0.675848 0.115825 0.860695
0.0740774 0.356494 0.742883 0.954505 0.387564 0.672682
0.0092689 0.618339 0.489292 0.974924 0.639818 0.433637
0.0203916 0.734195 0.3579 0.905142 0.755462 0.324549
0.238344 0.87697 0.160747 0.676565 0.930063 0.155968
0.370295 0.921345 0.0939148 0.524805 0.97553 0.107339
0.643144 0.94305 0.0222774 0.223012 0.990243 0.0704884
0.785603 0.947612 0 0 0.994714 0.057404
end
gesture g1 hands 2
0.523045 0.079442 0.984342 0.608748 0.0474112 0.973667
0.587065 0.0631148 0.988257 0.562193 0.00386796 0.996536
0.591934 0.0898763 0.988874 0.580215 0 1
0.509269 0.147638 0.943917 0.553277 0.00957068 0.994235
0.352961 0.299419 0.813081 0.781066 0.188942 0.86003
0.301096 0.482961 0.609295 0.985481 0.383506 0.690762
0.339376 0.653532 0.373624 0.936774 0.602297 0.470892
0.380629 0.719617 0.262194 0.771778 0.793512 0.26867
0.570357 0.818604 0.103198 0.505797 0.934976 0.122367
0.781736 0.881301 0.0308882 0.216785 0.99583 0.0569843
0.88949 0.891776 0 0 0.960242 0.027211
end
gesture g1 hands 2
0.545952 0.124749 0.935442 0.58466 0.0504285 0.970552
0.597572 0.111874 0.965559 0.510209 0.0175359 0.994222
0.584592 0.111402 0.958465 0.533857 0.00869132 0.993753
0.528239 0.11064 0.942001 0.667305 0.0805497 0.922587
0.345793 0.180683 0.861264 0.879776 0.217946 0.808321
0.251739 0.230557 0.789965 1 0.419454 0.622129
0.196053 0.402665 0.583985 0.916516 0.606787 0.40205
0.280924 0.594958 0.350743 0.69386 0.787541 0.216728
0.48547 0.774558 0.175461 0.58016 0.86478 0.158278
0.70137 0.885572 0.0725937 0.0300202 1 0.0425389
0.920768 0.915693 0 0 0.979324 0.041892
end
gesture g1 hands 2
0.544984 0.00598424 0.995579 0.604835 0.0204097 0.94654
0.569874 0.0261647 0.986932 0.70705 0.0425473 0.911441
0.47298 0.109095 0.933612 0.788018 0.111202 0.852893
0.262753 0.475087 0.57341 0.931988 0.308746 0.694348
0.323709 0.676442 0.351188 0.973019 0.510108 0.497455
0.406753 0.742496 0.248382 0.914007 0.623042 0.396138
0.591556 0.826338 0.0944774 0.814896 0.703115 0.3
0.718444 0.876948 0.0472143 0.563593 0.840105 0.14165
0.904077 0.900484 0.00425003 0.315178 0.961568 0.0596297
0.954711 0.884937 0 0.171522 0.98379 0.0440707
1 0.817596 0.00214945 0 0.961194 0.0372317
end
gesture g1 hands 2
0.543746 0.120413 0.965441 0.614673 0.076513 0.981595
0.618721 0.0940588 0.989141 0.618018 0.0119026 0.968719
0.500937 0.118195 0.942152 0.691627 0.05347 0.918118
0.304036 0.198097 0.806572 0.908513 0.188532 0.750931
0.21861 0.400503 0.598781 0.99444 0.396991 0.538846
0.186608 0.637883 0.350341 0.969861 0.543465 0.431258
0.316137 0.847185 0.159019 0.825266 0.785419 0.230196
0.59099 0.907305 0.0500583 0.517033 0.965569 0.100282
0.805716 0.86195 0.0118937 0.16127 0.996395 0.0581726
0.87286 0.901459 0.00141375 0 0.962125 0.0352782
0.887644 0.908554 0.00178622 0.0165797 0.957275 0.035324
end
gesture g1 hands 2
0.552265 0.120306 0.961011 0.515792 0.0304158 0.978368
0.613772 0.0694709 0.993438 0.521947 0.0171386 0.981606
0.548786 0.0922522 0.96906 0.650216 0.100832 0.908028
0.390198 0.170879 0.881617 0.861014 0.246592 0.789076
0.185429 0.287749 0.74652 0.996093 0.465831 0.61935
0.145636 0.435755 0.544229 0.917888 0.653364 0.416894
0.27085 0.606858 0.323051 0.728505 0.794235 0.225535
0.468427 0.786146 0.158464 0.599635 0.852726 0.156369
0.591289 0.848106 0.102976 0.357442 0.944836 0.0733593
0.777508 0.942356 0.0335744 0.151813 0.993759 0.0479756
0.959267 0.945817 0 0 0.997857 0.0409111
end
gesture g1 hands 2
0.601991 0.0591533 0.97654 0.627327 0.0190345 0.98387
0.621844 0.10417 0.976969 0.587704 0.0206831 0.996544
0.416069 0.23367 0.782895 0.637076 0.033967 0.982402
0.340497 0.322711 0.681712 0.764878 0.15354 0.851874
0.255676 0.540661 0.454384 0.939973 0.368979 0.652243
0.271992 0.63339 0.347374 1 0.516548 0.546001
0.414316 0.815592 0.174782 0.960746 0.630122 0.441791
0.527152 0.87539 0.114918 0.801056 0.803495 0.250336
0.758507 0.926472 0.0365062 0.575375 0.927005 0.106638
0.915114 0.914099 0.00429221 0.286608 0.97828 0.0384376
0.969328 0.908658 0 0 1 0.00818904
end
gesture g1 hands 2
0.569472 0.00869893 0.992272 0.293371 0 0.98582
0.550212 0.0361989 0.99476 0.418472 0.0600857 0.987631
0.362723 0.121759 0.93405 0.694928 0.172403 0.892799
0.185729 0.278195 0.798384 0.901034 0.366661 0.734843
0.0418477 0.495592 0.620167 0.977918 0.478145 0.647739
0.0092086 0.611603 0.529103 0.982872 0.6722 0.462953
0.0180918 0.712558 0.435647 0.799721 0.846686 0.277589
0.16596 0.878031 0.260714 0.531916 0.964548 0.124728
0.399321 0.970775 0.127534 0.260833 1 0.0398936
0.649329 0.99349 0.0590966 0.0864279 0.991774 0.010722
0.841022 0.952407 0.0249262 0.0534066 0.972964 0
end
gesture g1 hands 2
0.704548 0.0661095 0.969402 0.613488 0.00567056 0.990423
0.667008 0.0657096 0.969833 0.833915 0.0892004 0.816055
0.412148 0.148448 0.816821 0.924878 0.154951 0.71538
0.334134 0.207856 0.722084 1 0.256605 0.593254
0.287235 0.284699 0.611449 0.953972 0.486569 0.362528
0.274102 0.468198 0.380171 0.825134 0.68534 0.180114
0.338611 0.633239 0.198142 0.614786 0.857645 0.0594953
0.412988 0.717115 0.132446 0.340833 0.977967 0.0127849
0.59315 0.848622 0.0433586 0.203503 0.997977 0.00926549
0.814754 0.936347 0.00703889 0.0213901 0.989079 0.0131201
0.964566 0.942857 0.00143652 0 0.981873 0.0167113
end
gesture g1 hands 2
0.617773 0.042164 0.991536 0.583131 0 0.990013
0.538145 0.0966723 0.938766 0.68649 0.0303281 0.935772
0.387719 0.195779 0.80052 0.869373 0.136097 0.802911
0.275349 0.345469 0.614322 0.962813 0.316849 0.617107
0.247805 0.537074 0.410943 1 0.434468 0.517999
0.278456 0.619747 0.319179 0.930949 0.627365 0.321327
0.350552 0.708243 0.238429 0.715149 0.800424 0.159387
0.562328 0.836019 0.115433 0.57648 0.858764 0.101181
0.667849 0.880202 0.0672603 0.284433 0.958503 0.0242004
0.852466 0.923656 0.00445483 0.00689294 0.990097 0.00802113
0.891382 0.910254 0.00166445 0.00467863 0.980284 0.0121577
end
gesture g1 hands 2
0.648365 0.0506768 0.982111 0.513388 0.0179067 0.993204
0.669323 0.0546972 0.993034 0.538004 0.0206695 0.963542
0.588918 0.110738 0.936672 0.644176 0.0646358 0.921792
0.407637 0.23931 0.783533 0.838552 0.21592 0.769552
0.323026 0.419725 0.588816 0.989545 0.427368 0.586144
0.313534 0.5874 0.376014 0.990028 0.539713 0.486358
0.35314 0.67033 0.284335 0.918136 0.724448 0.295596
0.512465 0.812414 0.140444 0.828691 0.813044 0.213724
0.70463 0.911846 0.053789 0.55456 0.928984 0.0886451
0.773917 0.94631 0.022671 0.258864 0.975488 0.025244
0.922069 0.964355 0 0 1 0.00050975
end
gesture g1 hands 2
0.705697 0.0697062 0.940234 0.481805 0.0178514 0.961083
0.770425 0.0643689 0.964797 0.450071 0.00043997 0.991373
0.704055 0.0733276 0.94635 0.505672 0.0196297 0.971684
0.503075 0.174301 0.829187 0.75674 0.152114 0.811632
0.270647 0.33801 0.634457 0.97026 0.381585 0.594046
0.121029 0.55456 0.399423 0.979689 0.621284 0.364543
0.117041 0.661706 0.290521 0.918412 0.72863 0.263584
0.280755 0.826957 0.130518 0.665221 0.900593 0.0992675
0.578971 0.928139 0.0317521 0.499016 0.955808 0.047192
0.725958 0.94916 0.00852897 0.14207 1 0.00557066
0.82301 0.961396 0 0 0.988019 0.00766635
end
gesture g1 hands 2
0.564609 0.0408524 0.980291 0.54843 0.00110527 0.997418
0.537218 0.0473635 0.979174 0.597484 0.0297738 0.937358
0.502473 0.0766378 0.945609 0.802256 0.140339 0.786161
0.388002 0.164808 0.80774 0.989713 0.307069 0.574789
0.236878 0.325489 0.604019 0.966976 0.511266 0.344272
0.216529 0.507524 0.370757 0.892839 0.604757 0.2429
0.261323 0.600686 0.269037 0.693499 0.777838 0.0972615
0.401524 0.767179 0.114258 0.561455 0.854771 0.0530422
0.588799 0.874357 0.0314257 0.320462 0.957948 0.0271294
0.803918 0.925963 0.00190742 0.0347858 1 0.0311303
0.835244 0.922871 0.0095603 0 0.974429 0.0384808
end
gesture g1 hands 2
0.52399 0.0683312 0.993062 0.551632 0 1
0.543128 0.0796527 0.977965 0.687671 0.0866853 0.948994
0.525144 0.0735099 0.987295 0.836622 0.27329 0.840394
0.42718 0.176933 0.926548 0.90777 0.458924 0.684146
0.322094 0.293733 0.812669 0.92122 0.542083 0.594769
0.277187 0.426864 0.627354 0.90035 0.618928 0.49901
0.298654 0.496004 0.537669 0.745373 0.75434 0.305672
0.58396 0.816771 0.142331 0.294803 0.951046 0.0639425
0.756145 0.899438 0.0415741 0.0964277 0.987915 0.0297503
0.839801 0.938534 0.018634 0 0.986814 0.0162426
1 0.938274 0.000230673 0.0 0.0 0.0
end
gesture g1 hands 2
0.600211 0.0638895 0.934423 0.629924 0.0144933 0.992365
0.501123 0.111208 0.866295 0.662778 0.0236286 0.942795
0.308807 0.235431 0.701622 0.751263 0.0577138 0.875295
0.196045 0.417933 0.476824 0.944511 0.177781 0.690767
0.201671 0.513178 0.366869 1 0.283026 0.57826
0.350899 0.724004 0.190278 0.959588 0.535731 0.334797
0.585291 0.870653 0.0896663 0.865658 0.666188 0.230162
0.6905 0.897836 0.0575708 0.568201 0.879413 0.0858187
0.853705 0.926347 0.0276813 0.256474 0.981207 0.0252396
0.944169 0.914206 0.0132989 0.147592 1 0.0128469
0.947227 0.915002 0.0120661 0 0.971154 0.00196813
end
gesture g1 hands 2
0.47541 0.0816199 0.986041 0.519555 0.0114561 0.986066
0.504302 0.0754602 0.976927 0.524323 0.0209535 0.978231
0.456837 0.120611 0.942412 0.589217 0.0603862 0.934579
0.261221 0.284248 0.783383 0.862698 0.218588 0.7549
0.133447 0.482266 0.548882 1 0.448963 0.519166
0.189378 0.67835 0.309767 0.971778 0.564058 0.405708
0.246901 0.747712 0.217255 0.898201 0.672202 0.303236
0.412546 0.860082 0.0984282 0.704611 0.841837 0.141214
0.557771 0.92059 0.0340353 0.456858 0.95703 0.0575881
0.695493 0.891876 0.0034949 0.185328 0.997526 0.0293092
0.69367 0.900142 0.001302 0 0.977017 0.0114235
end
gesture g1 hands 2
0.663476 0.0745449 0.981158 0.490477 0.00785903 0.997108
0.677348 0.0617024 0.987615 0.55434 0.0306314 0.961459
0.511814 0.0745325 0.936811 0.691421 0.0579106 0.854111
0.311248 0.147048 0.819821 0.918313 0.225911 0.664501
0.22035 0.227362 0.724266 0.995293 0.486012 0.414156
0.164366 0.334316 0.594609 0.897377 0.724741 0.223427
0.162468 0.559347 0.350945 0.655346 0.907227 0.113747
0.295784 0.749572 0.175932 0.38664 0.981799 0.062898
0.53 0.86933 0.0674627 0.247184 1 0.0594004
0.766629 0.938638 0.0100219 0.0298885 0.983437 0.0630997
0.925558 0.931268 0.00186089 0 0.961126 0.0668215
end
gesture g1 hands 2
0.689539 0.0739952 0.946945 0.514595 0.0160501 0.995879
0.549539 0.109526 0.881813 0.615786 0.100503 0.857416
0.315716 0.217541 0.76242 0.804878 0.217883 0.706845
0.170718 0.389832 0.562285 0.946586 0.406346 0.521594
0.134465 0.482748 0.459698 0.943673 0.601323 0.337924
0.167664 0.687286 0.280277 0.8064 0.787613 0.189746
0.387628 0.848082 0.159582 0.69536 0.85623 0.133882
0.67128 0.92725 0.0719861 0.423835 0.94611 0.0696477
0.795071 0.939064 0.0436913 0.150051 0.99789 0.0520089
0.986378 0.92653 0.00164431 0 0.998309 0.0387691
1 0.920838 0 0.0 0.0 0.0
end
gesture g1 hands 2
0.494801 0.0423137 0.972666 0.525705 0.0274677 0.976333
0.481153 0.0701059 0.939378 0.511698 0.00256349 1
0.317671 0.158599 0.829631 0.682261 0.0766827 0.896219
0.242283 0.215928 0.73939 0.908985 0.161487 0.734978
0.198474 0.310972 0.634244 0.980435 0.252955 0.615169
0.192061 0.495211 0.395927 0.977998 0.464563 0.359723
0.306114 0.691143 0.201948 0.92473 0.577297 0.24619
0.564156 0.852735 0.0865428 0.696735 0.819181 0.0953622
0.801562 0.915036 0.026991 0.534587 0.905487 0.0541933
0.966945 0.909573 0.000836565 0.00580708 0.962802 0.0313632
0.96707 0.912917 0.00257581 0 0.961866 0.0314293
end
gesture g1 hands 2
0.582066 0.05165 0.977662 0.519599 0.00035723 0.998435
0.555614 0.0498544 0.966568 0.572071 0.0140576 0.971799
0.376499 0.0951473 0.853583 0.671462 0.0360023 0.932958
0.276848 0.139155 0.761858 0.880977 0.112759 0.76532
0.214221 0.215048 0.639889 0.959205 0.20491 0.646073
0.171637 0.459301 0.391415 0.9988 0.316489 0.515279
0.20113 0.590152 0.291522 0.94839 0.56676 0.27858
0.36967 0.801998 0.146298 0.775967 0.7945 0.107358
0.609253 0.908652 0.0548676 0.508573 0.949529 0.0182181
0.811915 0.919852 0.0152324 0.227996 0.997401 0.00431062
0.957851 0.895502 0.00706491 0 0.970099 0.0146789
end
gesture g1 hands 2
0.554453 0.0435819 0.996393 0.503449 0.00855265 0.994607
0.545819 0.0334797 0.999363 0.490651 0.00320774 0.985403
0.468891 0.0613794 0.981061 0.628347 0.0541944 0.946332
0.313958 0.144125 0.886923 0.820668 0.178321 0.856332
0.20577 0.300005 0.707214 0.936468 0.377338 0.691293
0.189439 0.525365 0.48732 0.935282 0.571945 0.495961
0.307124 0.739636 0.27984 0.81143 0.751646 0.311585
0.524622 0.898165 0.133793 0.342439 0.98374 0.0637321
0.749823 0.98962 0.0449337 0.224112 0.99868 0.0463846
0.970778 0.97598 0.00323608 0.0443035 0.971476 0.0268621
1 0.941279 0 0 0.936654 0.0238382
end
gesture g1 hands 2
0.486782 0.00495815 1 0.434746 0.0126102 0.946177
0.447133 0.0288475 0.967048 0.475606 0.0142472 0.930371
0.292264 0.0692474 0.836251 0.652391 0.0565934 0.856121
0.124131 0.232473 0.635606 0.874732 0.210639 0.738096
0.0730114 0.370703 0.518643 0.984279 0.419128 0.572551
0.128293 0.635528 0.300041 0.997592 0.527857 0.480472
0.346706 0.825702 0.135306 0.844407 0.707652 0.292572
0.716585 0.971703 0.0169767 0.375108 0.942255 0.0507305
0.868823 1 0.00256181 0.139374 0.983527 0.0191946
0.898362 0.985525 0.00516662 0.00660588 0.977448 0.00295885
0.857217 0.964554 0.00610231 0.00697263 0.975686 0
end
gesture g1 hands 2
0.513459 0.169446 0.966923 0.373322 0.130954 0.948062
0.508783 0.091702 0.972835 0.323713 0.0778583 0.977459
0.315217 0.0589335 0.875612 0.445773 0.0213447 0.900226
0.200126 0.0738585 0.805737 0.70554 0.0265479 0.789613
0.1246 0.119841 0.710697 0.936557 0.229676 0.614374
0.0390247 0.350572 0.489802 0.994709 0.476991 0.41311
0.0692067 0.580685 0.282097 0.862281 0.719734 0.230363
0.264523 0.786432 0.127834 0.578026 0.920948 0.101819
0.56461 0.920079 0.0406077 0.425074 0.984756 0.0617435
0.89945 0.930434 0.000580845 0.0578952 0.98754 0.0258281
0.906318 0.945091 0 0.00313392 0.974326 0.0194618
end
gesture g1 hands 2
0.429035 0.15145 0.917334 0.633413 0.0553091 0.927993
0.536203 0.149448 0.957591 0.54739 0.0139675 0.997141
0.562278 0.136493 0.961007 0.594918 0.0109007 0.996676
0.515235 0.130092 0.936811 0.573451 0 0.987821
0.390496 0.130393 0.820689 0.792442 0.0745372 0.825538
0.26983 0.216503 0.608944 0.933815 0.223525 0.637967
0.246434 0.315401 0.483804 0.942211 0.451427 0.415252
0.333473 0.513877 0.259253 0.552979 0.800982 0.108861
0.533371 0.676512 0.109173 0.442656 0.87139 0.0788079
0.919602 0.931525 0.000418358 0.0310854 1 0.0654664
1 0.97101 0.00288212 0 0.986543 0.0689993
end
gesture g1 hands 2
0.620265 0.0707185 0.998534 0.489284 0.0155517 0.964919
0.601952 0.0689423 0.992697 0.596642 0.0321302 0.921719
0.488444 0.105907 0.937623 0.783436 0.103434 0.823172
0.342841 0.160011 0.785294 0.945685 0.285277 0.685748
0.281293 0.235616 0.698821 0.998441 0.400161 0.601907
0.208763 0.459259 0.487269 0.947402 0.595433 0.428438
0.288181 0.660276 0.286921 0.875539 0.689799 0.339505
0.453598 0.816219 0.141051 0.66899 0.835605 0.186754
0.659322 0.914852 0.0566886 0.584048 0.894759 0.135009
0.906327 0.964808 0.00238481 0.121361 0.998095 0.0327115
1 0.961431 0.0049435 0 0.980851 0.0253335
end
gesture g1 hands 2
0.56837 0.0183589 0.98633 0.401582 0.0338407 0.976112
0.517874 0.0406731 0.941377 0.508961 0.0395842 0.932642
0.241221 0.2283 0.704277 0.832529 0.233397 0.690411
0.0772046 0.365444 0.494426 0.975836 0.382371 0.49521
0.0525557 0.509307 0.329174 0.995694 0.535419 0.34256
0.167773 0.697391 0.160303 0.860307 0.706949 0.180065
0.360024 0.831831 0.0649713 0.681923 0.831121 0.0705318
0.648459 0.941289 0.0128336 0.395626 0.921246 0.0111404
0.83197 0.994163 0.00385183 0.174823 0.968921 0.00143518
0.938259 0.997325 0.0203297 0.0520139 0.981443 0.0186602
0.990664 0.98039 0.0236952 0 0.975173 0.0465305
end
gesture g1 hands 2
0.596724 0.0393743 0.970579 0.342031 0.0325336 0.975283
0.530366 0.0480935 0.967807 0.38075 0.0138665 0.973846
0.268215 0.144926 0.837164 0.620029 0.0632045 0.88196
0.177227 0.242595 0.736321 0.779261 0.128654 0.803703
0.0682935 0.484982 0.446931 0.901456 0.233056 0.69367
0.093006 0.624905 0.312003 0.994952 0.501199 0.424095
0.170509 0.752984 0.200712 0.950621 0.646862 0.300023
0.441508 0.91933 0.0702492 0.708478 0.904794 0.13622
0.719134 0.985031 0.0145016 0.368467 0.997558 0.0619666
0.856277 0.981857 0.00118068 0.104414 0.981506 0.0442824
0.878892 0.978344 0 0 0.950682 0.0468234
end
gesture g2 hands 2
0.452663 0.721247 0.99634 0.96134 0.774312 0.957476
0.49465 0.521474 0.926867 0.985984 0.671833 0.935918
0.462789 0.266355 0.81935 0.935346 0.514456 0.892155
0.530591 0.0801606 0.624522 0.822031 0.184532 0.77289
0.536077 0.0690636 0.508487 0.728554 0.0606403 0.687672
0.493952 0.286819 0.27042 0.472963 0.0311541 0.477037
0.489467 0.507248 0.182555 0.288074 0.30529 0.284424
0.430596 0.660096 0.111637 0.118072 0.689878 0.153904
0.381261 0.921998 0.0161152 0.0255738 0.981259 0.0612714
0.38146 0.955351 0.00608934 0.00563739 0.994182 0.0552436
0.393263 0.884951 0.0141162 0.0216198 0.897074 0.0750185
end
gesture g2 hands 2
0.696941 0.251835 0.999098 0.983588 0.294874 0.96245
0.605918 0.123626 0.763335 0.913628 0.162843 0.86384
0.615319 0.08485 0.604852 0.707344 0.0150875 0.607721
0.609693 0.073566 0.521746 0.646808 0 0.531563
0.635097 0.143036 0.358874 0.520332 0.0810284 0.375712
0.622492 0.211286 0.281643 0.409601 0.240389 0.232952
0.667474 0.458629 0.0895417 0.346365 0.306125 0.190973
0.650908 0.498174 0.0666504 0.216419 0.600159 0.0542833
0.60135 0.628103 0.00441248 0.111747 0.83435 0.0666675
0.727948 0.973622 0.0571185 0.0225199 0.982764 0.0997733
0.735803 0.980561 0.0524378 0 1 0.109793
end
gesture g2 hands 2
0.426521 0.291566 0.977992 0.990084 0.325472 0.980238
0.512471 0.190252 0.959419 0.971952 0.275224 1
0.527848 0.0793004 0.873243 0.882288 0.265667 0.979598
0.550541 0.0335437 0.785537 0.721963 0.086072 0.848439
0.627587 0.0442538 0.540673 0.539334 0 0.641751
0.626715 0.103065 0.406818 0.371386 0.0866181 0.381398
0.612229 0.306032 0.16753 0.24361 0.294634 0.16002
0.625326 0.423085 0.0842104 0.170772 0.406924 0.0869131
0.636305 0.646304 0 0.0790343 0.622668 0.0237895
0.738592 0.968529 0.0379015 0.00198823 0.964176 0.0712179
0.750406 1 0.0533226 0 0.994356 0.0867303
end
gesture g2 hands 2
0.446127 0.486276 0.943355 0.937462 0.434971 0.989242
0.380627 0.243858 0.952957 0.967818 0.18272 0.922137
0.39747 0.0850254 0.877736 0.864249 0.120872 0.867935
0.437239 0.0452892 0.827358 0.55151 0.00356139 0.536343
0.534924 0.00213076 0.669486 0.396896 0.0677544 0.366364
0.52164 0.0599922 0.420516 0.309898 0.135997 0.2822
0.566945 0.206399 0.241596 0.127536 0.537055 0.0435209
0.35086 0.654416 0.00599796 0.126549 0.650657 0.0281958
0.327632 0.842721 0.00599796 0.138341 0.838846 0.0384859
0.429023 0.983732 0.0486164 0.0709868 0.962668 0.0728227
0.421481 1 0.0495518 0 0.994813 0.0787932
end
gesture g2 hands 2
0.393175 0.466146 0.895855 1 0.462046 1
0.312313 0.378137 0.866624 0.970088 0.362609 0.954019
0.312465 0.321736 0.822501 0.810781 0.197748 0.780633
0.262917 0.22965 0.759159 0.607913 0.0233216 0.562431
0.243385 0.0914319 0.592984 0.528209 0 0.464255
0.225899 0.0680125 0.501189 0.439974 0.0341624 0.368355
0.200416 0.151549 0.319843 0.29045 0.241672 0.190948
0.255858 0.568381 0.0709962 0.143357 0.504943 0.0728335
0.345902 0.760363 0.027178 0.0838917 0.620588 0.0419393
0.423284 0.962091 0.00102612 0.0350109 0.923178 0.011627
0.406848 0.976972 0 0.0121396 1 0.012875
end
gesture g2 hands 2
0.417675 0.122222 0.941675 1 0.155344 0.999514
0.450702 0.130754 0.944746 0.885353 0.0280912 0.932502
0.457591 0.0636572 0.885275 0.827358 0.00565627 0.857981
0.4479 0.0450565 0.816957 0.666874 0.0412327 0.629797
0.407985 0.0873609 0.627477 0.534495 0.0940233 0.498815
0.37168 0.141393 0.520606 0.346265 0.296639 0.249955
0.319466 0.32668 0.306346 0.134873 0.544523 0.0868352
0.282701 0.522654 0.144443 0.0458833 0.756463 0.0194284
0.312433 0.744341 0.058003 0.0191533 0.835488 0.00678016
0.319195 0.9607 0.0113621 0 0.980535 0.00750986
0.374924 0.963864 0.00911217 0.0208654 0.998721 0.00979019
end
gesture g2 hands 2
0.645143 0.331363 0.965466 0.982814 0.434598 0.965935
0.660976 0.213372 0.920096 0.954893 0.25507 0.98664
0.513881 0.0797637 0.638899 0.94752 0.198199 0.961733
0.459069 0.0631486 0.535373 0.717864 0.0381612 0.683921
0.327605 0.160623 0.320583 0.52232 0.00299749 0.488567
0.282021 0.381057 0.160201 0.401388 0.0328205 0.395771
0.252549 0.525134 0.101773 0.243969 0.207609 0.212477
0.280557 0.83344 0.0462466 0.178444 0.34053 0.13673
0.265008 0.967305 0.00949113 0.0651667 0.677425 0.0402164
0.322921 0.993322 0.00544079 0.0404554 0.99102 0.0011335
0.401969 0.969068 0 0 0.98637 0.0098085
end
gesture g2 hands 2
0.568951 0.476132 0.953566 0.932974 0.532019 0.984521
0.594195 0.164948 0.792356 0.990526 0.502445 0.999714
0.594153 0.134204 0.693093 0.959538 0.330933 0.959507
0.541406 0.00624261 0.44206 0.803927 0.12141 0.796008
0.496934 0.0713064 0.245219 0.722858 0.0787597 0.6758
0.444588 0.513242 0.098503 0.53918 0.00342132 0.416726
0.411337 0.870985 0.0433889 0.364602 0.101327 0.21356
0.391783 0.971581 0.0276874 0.128585 0.554968 0.0629331
0.407726 0.97381 0.0150372 0.0445417 0.869847 0.0152883
0.348077 0.85992 0.0315015 0.029356 0.951557 0.00835931
0.336283 0.849175 0.0411957 0.0462915 0.829528 0.02565
end
gesture g2 hands 2
0.647259 0.468003 0.988164 0.987917 0.545898 0.986489
0.638545 0.474477 0.993269 0.944728 0.45563 0.957601
0.675537 0.373163 0.942864 0.710381 0.0814514 0.657383
0.559878 0.148331 0.630845 0.672223 0.0337724 0.569314
0.508463 0.0622279 0.462319 0.528959 0.024548 0.383027
0.481762 0.0719171 0.375564 0.468541 0.105905 0.291871
0.527064 0.327279 0.237118 0.374135 0.266214 0.198269
0.502271 0.673378 0.120649 0.241001 0.61961 0.0681686
0.391722 0.919947 0.0141473 0.149994 0.849831 0.0181579
0.483753 0.997445 0.0115489 0.133695 0.89821 0.00461589
0.477898 0.992676 0.00992878 0 0.956486 0.00269008
end
gesture g2 hands 2
0.602997 0.472631 0.99936 0.939834 0.512816 0.98781
0.574606 0.4593 0.968212 0.991244 0.408867 0.964601
0.611749 0.39578 0.961425 0.84134 0.230732 0.874518
0.603018 0.226476 0.887509 0.746179 0.152976 0.788789
0.595018 0.150884 0.799571 0.53043 0.0153739 0.547481
0.578657 0.114974 0.699628 0.416324 0 0.442512
0.549368 0.0360428 0.456175 0.234036 0.166639 0.272527
0.509319 0.157434 0.284877 0.162677 0.288909 0.202196
0.502755 0.276381 0.217363 0.0184059 0.757296 0.0339075
0.471639 0.735212 0.0351815 0 0.951001 0.0187336
0.433771 1 0.0028171 0.00568795 0.961422 0.0174531
end
gesture g2 hands 2
0.00803521 0.219169 0.959576 0.915095 0.219144 0.99068
0.109521 0.205786 0.962724 0.898094 0.200773 0.992902
0.217152 0.0932019 0.832586 1 0.101834 0.919022
0.254132 0.0731799 0.577309 0.90044 0.0441426 0.819498
0.232107 0.123339 0.435475 0.789498 0.0156413 0.539192
0.406048 0.302422 0.171063 0.714802 0.0877556 0.384705
0.475911 0.427025 0.0885118 0.543476 0.319574 0.127854
0.583421 0.692158 0.000312908 0.389399 0.723212 0.00101837
0.764087 0.955203 0.0384872 0.0684997 0.988109 0.0588504
0.826594 0.973359 0.0663849 0 1 0.0833847
0.784941 0.957913 0.0692858 0.0926176 0.94507 0.100697
end
gesture g2 hands 2
0.0291241 0.068799 0.903682 0.786379 0.0292818 0.979798
0.0564259 0.0235611 0.987475 0.661167 0.0246198 0.990037
0.0109508 0.0247415 0.965804 0.653002 0.0349378 0.993572
0.150569 0.00804523 0.860432 0.594031 0.0144416 0.729843
0.250029 0.0249019 0.734355 0.515057 0.0593635 0.570936
0.423804 0.137585 0.428019 0.42523 0.219041 0.262029
0.53169 0.229225 0.274989 0.312164 0.434765 0.0697883
0.608179 0.417073 0.082886 0.272633 0.658395 0
0.63528 0.613818 0.0328861 0.145749 0.833398 0.0214417
0.745507 0.798411 0.0394976 0.061072 0.954257 0.0267672
1 1 0.0568994 0.094441 0.982809 0.0317263
end
gesture g2 hands 2
0.0348331 0.0546207 0.89346 0.96947 0.06661 0.939594
0.0416237 0.0310145 0.942289 0.89833 0.0415347 0.993062
0.175118 0.0146583 0.869024 0.722667 2.495e-06 0.890544
0.205706 0.0168091 0.771322 0.728192 0.00546886 0.783253
0.302728 0.0900023 0.488866 0.604394 0.0347703 0.632036
0.392337 0.161572 0.335442 0.531586 0.164982 0.305479
0.611111 0.358029 0.122495 0.355397 0.369583 0.0963317
0.74769 0.665871 0.0260742 0.316494 0.569707 0.016129
0.755974 0.794631 0.0383145 0.359936 0.644871 0.0139633
0.929843 0.990416 0.0616906 0.223669 0.921559 0.0194432
0.942633 1 0.0594365 0.227105 0.967959 0.0373393
end
gesture g2 hands 2
0 0.0264222 0.924595 0.923844 0.0214234 0.967633
0.0931681 0.0156182 0.963569 0.944003 0.00214721 0.952874
0.0831528 0 0.967131 0.817272 0.0209668 0.76073
0.227519 0.0432889 0.635309 0.634563 0.132169 0.441375
0.420073 0.200341 0.344245 0.593685 0.201139 0.32726
0.6375 0.394938 0.144978 0.419863 0.312562 0.19249
0.676402 0.514687 0.0629137 0.321575 0.532908 0.0553862
0.846425 0.803575 0.00411511 0.317356 0.627862 0.0203678
0.843183 0.852144 0.0241371 0.188666 0.815419 0.00517396
0.968242 0.938093 0.00989208 0.208209 0.909924 0.0154617
0.972034 1 0.00696404 0.275065 0.950056 0.0249581
end
gesture g2 hands 2
0 0.00640771 1 1 0.0347457 0.984423
0.0159741 0 0.978192 0.856662 0.0266288 0.87584
0.116235 0.00526989 0.913833 0.788292 0.0376055 0.770677
0.347429 0.0589771 0.672276 0.691734 0.165066 0.465671
0.500486 0.122615 0.534441 0.687398 0.229755 0.337978
0.550362 0.19573 0.389614 0.608045 0.422415 0.11652
0.627614 0.394441 0.13438 0.524494 0.656538 0.0361282
0.70713 0.645131 0.0132974 0.520942 0.737041 0.037116
0.746077 0.841832 0.00797842 0.445526 0.928705 0.0680419
0.741765 0.952312 0.0368907 0.464786 0.950783 0.0873801
0.705002 0.996716 0.0334338 0.500489 0.918646 0.0905331
end
gesture g2 hands 2
0.112922 0.145915 0.936939 1 0.136983 0.972051
0.0944678 0.0879568 0.924354 0.894406 0.0632424 0.940315
0.183995 0.0597753 0.893417 0.70579 0 0.682424
0.257999 0.0196285 0.700303 0.526649 0.0244523 0.518141
0.216464 0.0532971 0.552942 0.322337 0.209649 0.207804
0.243419 0.12488 0.402382 0.247332 0.451506 0.0462581
0.388496 0.328195 0.168692 0.192341 0.70764 0
0.3829 0.449051 0.0878353 0.143441 0.808537 0.00336685
0.585544 0.711082 0.021626 0.165572 0.892401 0.0118272
0.787731 0.949403 0.03661 0.0403675 0.969105 0.0269383
0.794509 0.971294 0.0451549 0.0679624 0.99308 0.052403
end
gesture g2 hands 2
0.0101485 0.0734334 0.991042 0.999596 0.0750144 0.997986
0.122801 0.0423391 0.97544 0.914261 0.0205144 0.945206
0.133548 0.0310352 0.953351 0.827803 0.000322608 0.739753
0.197164 0.0109344 0.766949 0.795427 0.0415781 0.573322
0.316177 0.111741 0.459589 0.592908 0.237387 0.254218
0.58739 0.345862 0.18753 0.454863 0.366205 0.149921
0.644 0.473505 0.100508 0.412815 0.50249 0.0836898
0.705057 0.733317 0.0205863 0.280961 0.759402 0.0355873
0.792727 0.913182 0.0142021 0.201578 0.923653 0.0392057
0.865653 0.996934 0.0157043 0.121391 0.972294 0.0433708
0.887941 0.992117 0 0.106674 0.929433 0.0410493
end
gesture g2 hands 2
0.388642 0.0694247 0.98205 0.947387 0.0427708 0.98767
0.265114 0.0599224 0.95996 0.944674 0.0398767 0.988908
0.269892 0.0357819 0.912724 0.734995 0.00967047 0.939538
0.342269 0.0308582 0.863599 0.739127 0.00399739 0.876053
0.326241 0.068168 0.66206 0.715669 0.0323244 0.653865
0.415543 0.22058 0.401792 0.580954 0.197276 0.344425
0.453318 0.409915 0.230755 0.371086 0.447793 0.150016
0.476191 0.533581 0.155339 0.216362 0.698074 0.0822257
0.59853 0.807113 0.0640767 0.0522268 0.90472 0.0495931
0.749858 0.972145 0.00727871 0 0.963451 0.0485527
0.825887 1 0.00475424 0.101761 0.987076 0.0360246
end
gesture g2 hands 2
0.020721 0.052961 0.969237 0.970757 0.0475052 1
0.0599583 0.0563855 0.928817 1 0.0426328 0.980142
0.195985 0.0215455 0.892217 0.824735 0.0111867 0.892916
0.256455 0.0229599 0.791467 0.742411 0.010817 0.650545
0.321874 0.100381 0.511994 0.569131 0.174057 0.333867
0.358338 0.190554 0.373991 0.495414 0.362639 0.194054
0.41625 0.487684 0.148109 0.341095 0.644886 0.0665079
0.515024 0.793997 0.0600783 0.307477 0.752592 0.0464987
0.610332 0.912529 0.0159872 0.0925652 0.947473 0.0240261
0.766015 0.992339 0.00341866 0.036227 0.999838 0.0329252
0.778521 0.967821 0 0 0.967042 0.0320197
end
gesture g2 hands 2
0.0803493 0.0631184 0.894491 0.842353 0.0421694 0.919923
0.167216 0.0349848 0.960477 0.767005 0.0215528 1
0.122685 0.0363746 0.960839 0.784354 0.0219097 0.977535
0.12618 0.0118007 0.905845 0.590754 0.00637185 0.856152
0.166139 0.0063051 0.859948 0.580719 0 0.775594
0.16815 0.0606724 0.531387 0.542953 0.0552671 0.489025
0.231594 0.129831 0.383835 0.352538 0.24234 0.199396
0.503122 0.351648 0.157173 0.153464 0.48363 0.0609831
0.741171 0.79537 0.0108701 0.106161 0.721435 0.00872429
0.863564 0.941504 0.00785064 0.0903624 0.973758 0.0462878
1 0.998511 0.0278581 0 0.996144 0.0259168
end
gesture g2 hands 2
0.226894 0.17533 0.941461 1 0.171076 0.987518
0.24444 0.152176 0.956827 0.978372 0.122858 0.971167
0.214927 0.0881684 0.885474 0.854617 0.0271437 0.847914
0.249834 0.0361553 0.725468 0.855399 0.0131967 0.600314
0.184352 0.0450951 0.612837 0.829344 0.0590885 0.461185
0.233374 0.139637 0.358156 0.619394 0.204858 0.225775
0.263021 0.211013 0.252714 0.535875 0.303981 0.134677
0.527692 0.427178 0.0859557 0.341775 0.541811 0.0191248
0.728643 0.655824 0.0204792 0.225628 0.651363 0
0.865531 0.879549 0.0725249 0.0649783 0.92221 0.0440162
0.888061 0.965028 0.0899344 0.0041614 0.999912 0.0703676
end
gesture g2 hands 2
0.0781063 0.0266324 0.987777 0.983245 0.0343581 0.962713
0.057075 0.0329949 0.984509 0.858033 0.0295786 0.966698
0.254885 0.0206065 0.843608 0.855988 0.0215051 0.974354
0.386232 0.107993 0.609895 0.807395 0 0.89824
0.491087 0.267198 0.328408 0.67707 0.0888073 0.587067
0.684273 0.371163 0.225879 0.479073 0.273156 0.311356
0.707 0.491414 0.133244 0.415422 0.490255 0.125414
0.74732 0.724531 0.0245803 0.363413 0.718697 0.0469725
0.822823 0.819782 0.00658161 0.175898 0.9235 0.0401671
0.820035 0.956845 0.019118 0.150022 0.996831 0.0552107
0.810042 0.985353 0.0208641 0.149885 0.99487 0.0608969
end
gesture g2 hands 2
0.403831 0.10627 0.754312 0.869317 0.0881977 0.817662
0.20862 0.0564979 0.928027 0.889372 0.0521204 0.941719
0.19452 0.0271241 1 0.837596 0.0485453 0.980284
0.250784 0.00947735 0.957232 0.806267 0.0116175 0.871349
0.296119 0.00709555 0.760508 0.730529 0.0453513 0.608891
0.594405 0.284523 0.202054 0.639098 0.0943913 0.448002
0.698722 0.526229 0.0278625 0.484123 0.27919 0.182858
0.816636 0.734779 0.00892667 0.318398 0.509493 0.0399948
0.845646 0.796905 0.0273425 0.0202608 0.926354 0.0224023
0.979577 0.980024 0.038522 0.00401821 0.991472 0.0168988
0.996839 0.999509 0.0352283 0.0024143 0.996278 0.0136489
end
gesture g2 hands 2
0.00502941 0.0580275 0.968694 0.992808 0.0725287 0.990188
0.0251986 0.0462205 0.972762 0.915289 0.0590238 0.982812
0.148617 0.0150682 0.932114 0.810633 0.00487491 0.863761
0.185505 0.0245879 0.767739 0.75487 0.0071594 0.729391
0.269031 0.0754896 0.626625 0.576037 0.129181 0.391829
0.427896 0.243873 0.321306 0.414029 0.243008 0.249315
0.59548 0.483364 0.117614 0.206639 0.506376 0.0721904
0.682062 0.6055 0.0640795 0.0987483 0.640889 0.0399826
0.636385 0.725627 0.0249633 0.0337229 0.858667 0.0224604
0.693219 0.948652 0 0.0934082 0.928193 0.0446556
0.811385 0.999368 0.00964555 0.100343 0.926323 0.0518313
end
gesture g2 hands 2
0.102798 0.0489361 0.971946 0.970364 0.0631434 0.984029
0 0.0460839 0.975291 0.979132 0.0502892 0.996256
0.161162 0.003211 0.934468 0.768659 0.0059889 0.937113
0.263973 0.00751621 0.875842 0.627081 0.0496485 0.625224
0.427586 0.0566548 0.656913 0.543427 0.115249 0.472566
0.470593 0.116546 0.510228 0.46138 0.310996 0.203333
0.585661 0.200183 0.378201 0.391642 0.561771 0.0635386
0.640731 0.429977 0.146246 0.334718 0.695628 0.0423903
0.654764 0.68815 0.0103949 0.153986 0.892828 0.03785
0.787846 0.947246 0.00541653 0.0969773 0.961476 0.0347828
0.917777 0.995431 0.0218652 0.110003 0.965625 0.0289286
end
gesture g2 hands 2
0.142111 0.0390007 0.934959 1 0.027985 0.965956
0.0931647 0.0251313 0.954512 0.853438 0.0130764 0.996097
0.123587 0.0132067 0.943771 0.852347 0.00686236 0.982415
0.237802 0.0584592 0.712467 0.815669 0.0237796 0.823986
0.333696 0.216881 0.42929 0.619217 0.154336 0.514093
0.39889 0.341649 0.312994 0.538035 0.268437 0.34975
0.445949 0.626573 0.131266 0.381443 0.392739 0.248825
0.51279 0.854952 0.0519916 0.239452 0.747449 0.0568358
0.49273 0.972125 0.00724377 0.154312 0.927396 0.0409813
0.533812 0.995664 0.00253516 0 0.986585 0.0297139
0.529555 0.921605 0.00997975 0.0707697 0.92977 0.0213035
end
gesture g2 hands 2
0.0202378 0.0105027 0.938245 0.936537 0.0358617 0.97413
0 0.019403 0.958897 1 0.0114132 0.991608
0.144327 0.00726423 0.959918 0.936293 0.0125058 0.968548
0.364467 0.0594613 0.660645 0.739442 0.0199129 0.757138
0.530573 0.19807 0.401108 0.60142 0.127687 0.487605
0.614935 0.30949 0.286209 0.417408 0.342974 0.242152
0.709632 0.581709 0.0924962 0.36063 0.57415 0.0905467
0.733872 0.705686 0.0334223 0.262121 0.690874 0.0523441
0.848346 0.912899 0.00277307 0.143996 0.88705 0.0259631
0.854535 1 0.0189367 0.088341 0.957398 0.010164
0.834427 0.991147 0.0226953 0.0474868 0.970498 0.036253
end
gesture g2 hands 2
0.0481228 0.0696369 0.949002 1 0.0379678 0.977392
0.0664334 0.0478896 0.955347 0.976205 0.0127454 0.974461
0.145549 0.0493573 0.840541 0.865778 0.00719321 0.835642
0.254853 0.110512 0.604545 0.83395 0.0356222 0.721841
0.407501 0.186533 0.462956 0.550201 0.181223 0.431755
0.486652 0.278851 0.338914 0.354666 0.388463 0.190298
0.578671 0.504802 0.120427 0.27615 0.628655 0.0493113
0.577777 0.886228 0.00208769 0.224125 0.844039 0.00493956
0.630811 0.979522 0.00501947 0.278842 0.919491 0
0.688281 0.970889 0.0152588 0.243762 0.996637 0.0199574
0.708229 0.914199 0.00200779 0.251577 0.935963 0.0186323
end
gesture g2 hands 2
0 0.0452547 0.874955 1 0.0421732 0.981406
0.10305 0.0534507 0.920344 0.910079 0.0438964 1
0.149904 0.0247126 0.91438 0.963763 0.0185033 0.975617
0.248931 0.0316748 0.757953 0.862884 0 0.861466
0.415072 0.164553 0.471238 0.736236 0.0741087 0.592728
0.504567 0.283928 0.327398 0.504921 0.304781 0.272902
0.680133 0.555801 0.115408 0.46414 0.578864 0.0800332
0.751137 0.684637 0.0521712 0.35128 0.816548 0.00692846
0.813101 0.896449 0.0173951 0.337656 0.938744 0.00254306
0.796864 0.985664 0.0224821 0.185694 0.98613 0.00741086
0.786799 0.954589 0.0244555 0.197097 0.967911 0.018769
end
gesture g2 hands 2
0 0.0820452 0.966165 1 0.101079 0.984074
0.0900311 0.035823 0.937038 0.952126 0.0683843 0.984205
0.172013 0.0254311 0.862531 0.882 0.0325105 0.943455
0.323549 0.0587274 0.591494 0.729692 0.00569409 0.851117
0.415521 0.110049 0.442381 0.539641 0.021872 0.552201
0.518762 0.29377 0.17998 0.391267 0.18321 0.2479
0.54491 0.414958 0.0988067 0.260218 0.438758 0.0625349
0.522011 0.683224 0.00492556 0.221711 0.704837 0.0208644
0.587414 0.889245 0.00380944 0.197832 0.901482 0.0421103
0.663438 0.983276 0.0102452 0.146489 0.967475 0.0431607
0.724387 1 0.00341538 0.126794 0.972021 0.0464116
end
gesture g2 hands 2
0 0.0463755 0.997361 0.96383 0.0577884 1
0.00214557 0.0435723 0.99064 0.786112 0.0138294 0.787525
0.0931648 0.0326592 0.983788 0.761142 0.0365846 0.653176
0.12675 0 0.912974 0.652557 0.0915486 0.491516
0.289595 0.0391237 0.690009 0.651326 0.181532 0.343757
0.445711 0.150662 0.397247 0.538025 0.407084 0.138758
0.59015 0.245006 0.26706 0.521478 0.516804 0.0886958
0.63747 0.364965 0.159758 0.490353 0.7277 0.0461422
0.722899 0.611501 0.0354401 0.486546 0.870947 0.0468959
0.885919 0.913287 0.00052456 0.312849 0.950984 0.0679109
1 0.999974 0.0254734 0.286769 0.960358 0.0666651
end
gesture g2 hands 2
0.0199134 0.0191313 0.989433 1 0.0360832 0.996822
0.0949813 0.00424419 0.941907 0.84949 0.0213507 0.971365
0.168569 0.029268 0.774638 0.843216 0.0103013 0.935328
0.327566 0.110252 0.491783 0.762713 0.0170591 0.737958
0.562159 0.284598 0.202119 0.700798 0.121189 0.437854
0.717977 0.400069 0.101863 0.617759 0.307425 0.178536
0.771122 0.660053 0.00408567 0.47275 0.541715 0.0512508
0.879385 0.954822 0.0144919 0.379023 0.769317 0.0301586
0.865282 0.976283 0.0486789 0.350063 0.899595 0.0565936
0.910461 1 0.0433361 0.0915339 0.988689 0.0583047
0.89358 0.977604 0.047352 0.0735863 0.994773 0.0576409
end
gesture g2 hands 2
0.383113 0.203206 0.941169 0.9988 0.232443 0.959166
0.404772 0.158146 0.967466 0.879455 0.17085 0.999543
0.464815 0.130961 0.93919 0.742793 0.0587059 0.878296
0.555528 0.056926 0.773341 0.620009 0 0.61236
0.589438 0.0389395 0.653541 0.424129 0.11065 0.306616
0.55714 0.109398 0.361004 0.250242 0.344929 0.0988317
0.555659 0.19471 0.235913 0.195962 0.497652 0.0368763
0.594093 0.467808 0.0647753 0.122625 0.796469 0
0.758037 0.911466 0.0527495 0 0.959868 0.0108079
0.848963 0.986784 0.0330365 0.0261433 0.981768 0.016326
0.977665 0.950063 0.0534726 0.0395316 0.912675 0.048179
end
gesture g2 hands 2
0.0965331 0.100506 0.901654 0.797292 0.0842485 0.949925
0.150252 0.0969196 0.918443 0.946146 0.0734288 1
0.0752867 0.0850571 0.929246 1 0.0307397 0.978186
0.183296 0.0197355 0.755407 0.819308 0.00611999 0.868448
0.359979 0.0385679 0.644915 0.58143 0.0169788 0.616772
0.548098 0.163359 0.346306 0.394298 0.142253 0.265491
0.48496 0.371144 0.129759 0.423095 0.256164 0.139675
0.590079 0.753613 0.0474873 0.168128 0.567614 0.0233206
0.606029 0.837965 0.0664954 0.225012 0.79425 0.0227348
0.904201 0.996262 0.0870112 0.0324024 0.986055 0.0824814
0.93574 1 0.0847089 0 0.98828 0.0902276
end
gesture g2 hands 2
0.0694235 0.0975782 0.955484 0.892705 0.0945826 0.996441
0.0627876 0.0363842 0.847118 0.991999 0.0690354 0.990632
0.180296 0.0885402 0.587639 0.844478 0.0119606 0.852076
0.243624 0.161807 0.425152 0.796831 0.00733355 0.732747
0.512038 0.372725 0.154013 0.671296 0.133833 0.404745
0.576759 0.487214 0.0792337 0.636013 0.233283 0.25183
0.562368 0.593974 0.0487976 0.447006 0.498433 0.0535078
0.62018 0.700521 0.026544 0.299294 0.735063 0
0.760273 0.869482 0.0600883 0.214193 0.841555 0.0215991
0.968172 0.993506 0.0730975 0.00106231 0.983836 0.0589895
0.930623 0.995978 0.0672063 0.0281386 0.994692 0.0828389
end
gesture g2 hands 2
0.503484 0.313979 0.998179 0.901643 0.278697 0.997747
0.570643 0.299514 0.980356 1 0.174651 0.951129
0.546424 0.266492 0.96597 0.974748 0.126517 0.916735
0.511276 0.145206 0.924656 0.870356 0.056205 0.829896
0.354153 0.0342349 0.834084 0.598618 0.0556826 0.604069
0.357135 0.0159 0.636415 0.241278 0.198709 0.345556
0.430689 0.149463 0.372371 0.144056 0.294342 0.231517
0.416847 0.367803 0.145452 0.123268 0.530448 0.0694483
0.390904 0.627308 0.0236274 0.16993 0.648526 0.0321861
0.680346 0.971752 0.0317536 0.0962732 0.935456 0.030183
0.725846 0.997504 0.0434308 0 1 0.0577028
end
gesture g2 hands 2
0.626513 0.357462 0.993703 0.981746 0.343641 0.99342
0.644963 0.328109 0.986295 0.921328 0.300127 0.976303
0.581105 0.144875 0.97631 0.972046 0.190166 0.968665
0.613011 0.0840071 0.930343 0.893948 0.0602968 0.86884
0.52651 0.00500522 0.662087 0.776068 0.0330902 0.796093
0.530945 0.0981802 0.408647 0.384097 0.203227 0.28038
0.495479 0.181977 0.284689 0.218516 0.418372 0.0911517
0.396758 0.402304 0.0914117 0.364003 0.641791 0.0190264
0.458504 0.740434 0.00442416 0.285904 0.828772 0.0057056
0.536436 0.968991 0.0533589 0.219074 0.914033 0.0305066
0.557662 0.980213 0.0664727 0 1 0.0714121
end
gesture g2 hands 2
0.46309 0.414078 0.986798 0.953062 0.383896 0.997182
0.58478 0.405356 0.991366 0.995455 0.325405 0.992637
0.583131 0.407967 0.994184 0.954022 0.177022 0.951887
0.516523 0.214265 0.948935 0.822583 0.045219 0.827754
0.57774 0.0581071 0.840233 0.68885 0.0254113 0.727187
0.631216 0.00451617 0.618579 0.493226 0.0545328 0.598894
0.629195 0.0699555 0.48115 0.393141 0.123968 0.466079
0.598156 0.311861 0.2317 0.207208 0.37267 0.237197
0.62918 0.477169 0.141224 0.126536 0.661537 0.0784279
0.472007 0.876051 0.0113861 0.175725 0.795987 0.040906
0.443678 0.957294 0 0 1 0.00529303
end
gesture g2 hands 2
0.604226 0.380218 0.993612 0.967443 0.361192 0.981236
0.617008 0.351949 0.983785 0.91329 0.277527 0.959852
0.617228 0.201771 0.940551 0.843899 0.12125 0.909498
0.588561 0.120862 0.903817 0.772492 0.0650066 0.861629
0.553032 0.00336748 0.75462 0.604397 0.0341568 0.768063
0.486394 0.0438732 0.521638 0.391687 0.0743204 0.528516
0.421681 0.117906 0.397218 0.263373 0.236493 0.293583
0.334972 0.336138 0.185487 0.127228 0.498989 0.115459
0.301782 0.629901 0.0449614 0.05299 0.745651 0.0244227
0.46914 0.95157 0.00419026 0.00913751 0.94505 0
0.492636 1 0.00461173 0 0.991158 0.000199633
end
gesture g2 hands 2
0.48109 0.359267 0.996593 0.980514 0.361092 0.984713
0.581799 0.348261 0.987432 0.920535 0.216765 0.949532
0.503675 0.226147 0.945857 0.770082 0.132183 0.897845
0.517604 0.145825 0.913973 0.505214 0.0210778 0.755507
0.502424 0.0197987 0.761809 0.396729 0.0127728 0.649632
0.340917 0.0841571 0.423763 0.221828 0.124041 0.424629
0.284216 0.324497 0.198717 0.0983255 0.335015 0.22027
0.290801 0.47867 0.112844 0.0451403 0.485043 0.13234
0.382571 0.650848 0.0531032 0.116471 0.776679 0.0354044
0.564756 0.904987 0.00230116 0.0186372 0.900117 0.0162651
0.569419 1 0.00358446 0.0328646 0.993685 0.0178582
end
gesture g2 hands 2
0.359134 0.359408 0.99953 1 0.422381 0.927405
0.349139 0.301776 0.977388 0.91685 0.241693 0.90424
0.331911 0.184094 0.889402 0.743847 0.0955255 0.764673
0.352374 0.0412925 0.689933 0.657635 0.0186199 0.655623
0.376431 0.0364019 0.563467 0.5063 0 0.529932
0.389322 0.188997 0.316812 0.29543 0.164216 0.31584
0.397459 0.365205 0.209061 0.151297 0.549634 0.172347
0.454509 0.720498 0.0831767 0.106652 0.726326 0.125327
0.520652 0.884623 0.0481535 0.0233955 0.954751 0.08682
0.530897 0.962732 0.0228881 0.00849089 0.992056 0.0816508
0.566274 0.971986 0 0 0.9571 0.0733304
end
gesture g2 hands 2
0.378279 0.329407 1 1 0.420203 0.956898
0.407814 0.182839 0.917734 0.922249 0.190551 0.890929
0.408209 0.0510873 0.763486 0.844042 0.168749 0.82956
0.359714 0.0459325 0.647513 0.748257 0.108052 0.735177
0.371444 0.0395227 0.407179 0.516452 0.0135246 0.496557
0.382408 0.133465 0.307324 0.364507 0.0134319 0.291884
0.403706 0.290286 0.214113 0.284298 0.151872 0.224051
0.441088 0.667561 0.083588 0.167895 0.742243 0.0767779
0.461269 0.885904 0.0245655 0.148671 0.953635 0.0353148
0.494068 0.993914 0.00294667 0.118522 0.99265 0.0276475
0.468528 0.951484 0.00514162 0 0.951347 0.0334807
end
gesture g2 hands 2
0.264198 0.250194 0.996724 0.992716 0.328752 0.97657
0.269552 0.173515 0.983024 0.994157 0.269488 0.98884
0.383385 0.0312176 0.862253 0.92564 0.111492 0.940651
0.4058 0 0.763909 0.561382 0.0134128 0.618217
0.358778 0.0670994 0.476709 0.417542 0.0334833 0.477403
0.372311 0.206608 0.339498 0.292859 0.155621 0.340638
0.462826 0.646933 0.140159 0.11641 0.651695 0.140525
0.415151 0.950484 0.0345783 0.044626 0.861022 0.0717855
0.412424 0.998621 0.0121813 0.0140309 0.982009 0.0141262
0.419169 0.913189 0.00589708 0.00413675 0.882104 0.011684
0.389396 0.898676 0.00348465 0.0144659 0.862373 0.0139475
end
gesture g2 hands 2
0.61254 0.491681 0.979032 0.955049 0.531454 1
0.696028 0.471386 0.936683 0.983306 0.540475 0.991567
0.576787 0.205905 0.880805 0.983669 0.413394 0.955025
0.516695 0.070742 0.724937 0.940561 0.189254 0.859887
0.411183 0.0502438 0.483754 0.764176 0.0273458 0.684096
0.375912 0.116295 0.373603 0.678946 0 0.561991
0.444763 0.388753 0.190554 0.490415 0.0867723 0.333411
0.436268 0.66629 0.0776245 0.137807 0.650773 0.040088
0.546345 0.941739 0.00793854 0.0888233 0.844876 0.00419476
0.542698 0.949752 0.00185026 0.105413 0.897119 0.0038241
0.592183 0.992315 0.00172983 0.00211185 1 0.00953862
end
gesture g2 hands 2
0.0857208 0.389218 0.995099 0.940679 0.372136 0.98116
0.0997056 0.357117 0.994104 0.84384 0.284829 0.902794
0.177049 0.327482 0.938999 0.455072 0.108999 0.683047
0.342439 0.24558 0.846129 0.306332 0.0369914 0.451556
0.275102 0.1733 0.765972 0.216913 0.20361 0.233972
0.296785 0.028384 0.558438 0.231932 0.338796 0.139409
0.457182 0.0522548 0.323663 0.12276 0.503551 0.075
0.510217 0.317498 0.126878 0.150053 0.791968 0.00800331
0.702741 0.677951 0.0269679 0.207663 0.884534 0.00494328
0.73634 0.971433 0.00348296 0 0.996307 0.00932185
0.680998 0.999937 0.0121405 0.0134875 0.996424 0.00909795
end
gesture g2 hands 2
0.229636 0.597576 0.954409 0.913142 0.604937 0.973291
0.17643 0.579371 0.981639 0.970175 0.596545 0.993726
0.268771 0.522212 0.955476 0.92134 0.522919 0.958712
0.344315 0.413062 0.88209 0.697062 0.25952 0.76365
0.420581 0.102562 0.674636 0.504196 0.119208 0.648506
0.487106 0.0148936 0.428862 0.24102 0.0179537 0.487156
0.486021 0.0895317 0.325903 0 0.0940077 0.281446
0.551571 0.538071 0.0828879 0.0609439 0.287373 0.146494
0.64831 0.899506 0 0.329562 0.706858 0.0299714
0.657495 0.983509 0.00429537 0.343396 0.879441 0.0238537
0.669367 0.992508 0.0172597 0.385315 0.985694 0.0441592
end
gesture g2 hands 2
0.431785 0.380601 0.994337 0.988259 0.36623 0.985761
0.556662 0.336742 0.979084 0.928823 0.365728 0.986047
0.494627 0.174065 0.93899 0.981358 0.368453 0.987046
0.469368 2.91786e-05 0.717771 0.766648 0.0838702 0.878018
0.393142 0.0101966 0.59518 0.397395 0.0540617 0.588507
0.358308 0.149799 0.337673 0.134541 0.179663 0.343134
0.457328 0.40045 0.143863 0.0486512 0.289842 0.238129
0.464797 0.553354 0.0698377 0.0445135 0.552728 0.0885309
0.444736 0.816234 0.00618662 0.12177 0.688589 0.0452244
0.421553 0.90099 0 0.0903564 0.816287 0.0217627
0.487054 0.986723 0.0045686 0 1 0.0178604
end
gesture g2 hands 2
0.478825 0.449255 0.982135 0.956269 0.428394 0.992936
0.583099 0.443927 0.994105 0.965049 0.406647 0.990424
0.565374 0.427485 0.990786 0.897764 0.226299 0.962027
0.511111 0.143392 0.946461 0.702072 0.0316968 0.806838
0.537721 0.0153772 0.820073 0.608332 0.0256194 0.700433
0.426445 0.0796836 0.462906 0.338151 0.123267 0.446781
0.42763 0.3023 0.227957 0.155385 0.325521 0.225082
0.496052 0.59463 0.074453 0.135481 0.466165 0.141171
0.557803 0.729669 0.0367879 0.0565501 0.604682 0.0856576
0.563099 0.975143 0 0.00881485 0.851653 0.0318031
0.571405 0.997304 0.0047881 0.0160895 1 0.013978
end
gesture g2 hands 2
0.490531 0.413983 0.982021 1 0.393736 1
0.533485 0.411588 0.976061 0.906359 0.30905 0.988831
0.593656 0.336736 0.980027 0.721914 0.146403 0.929254
0.479185 0.250359 0.966605 0.640222 0.0715246 0.857522
0.418545 0.0649323 0.881264 0.490887 0.0366981 0.753948
0.439153 0.00905658 0.784378 0.31527 0.0778284 0.503322
0.376504 0.038912 0.532672 0.201849 0.278306 0.257084
0.367699 0.250526 0.275264 0.117764 0.412279 0.166815
0.445467 0.540298 0.0955717 0.0516748 0.686967 0.0550294
0.552872 0.792557 0.0186309 0.0582345 0.807817 0.0325268
0.560765 0.981243 0.00164252 0.0176973 1 0.0152333
end
gesture g2 hands 2
0.262598 0.423287 0.994501 0.910047 0.413828 0.974405
0.402488 0.421243 0.993799 0.970555 0.400636 0.980244
0.359957 0.419568 1 0.947003 0.279426 0.955961
0.379938 0.373076 0.992441 0.724865 0.12321 0.847198
0.229406 0.201301 0.942111 0.660047 0.0615266 0.761564
0.333185 0.00271503 0.685458 0.456061 0.0463546 0.556396
0.287927 0.0471577 0.444193 0.415113 0.0809062 0.46266
0.628513 0.4601 0.117407 0.0799092 0.443397 0.141418
0.672328 0.574496 0.0655834 0.144234 0.674899 0.053476
0.603519 0.852701 0.0069023 0 0.939194 0.0231963
0.702266 1 0.0113605 0.0410715 0.996036 0.0282203
end
gesture g2 hands 2
0 0.0432106 0.961186 1 0.0498645 0.977532
0.0829085 0.0264928 0.955773 0.891791 0.0427509 1
0.136291 0.0200073 0.946428 0.736192 0.00102881 0.827504
0.170747 0.00790724 0.803702 0.655636 0.01303 0.702446
0.298531 0.0523951 0.531732 0.451368 0.126289 0.362099
0.500268 0.187968 0.267983 0.378173 0.210187 0.21871
0.602536 0.415805 0.0604054 0.243958 0.431198 0.0487672
0.582887 0.53191 0.0450349 0.255237 0.646707 0.00132767
0.48936 0.735678 0.0258346 0.168544 0.764349 0.00188939
0.571456 0.970592 0.0453924 0.0819063 0.933089 0.0459582
0.636559 1 0.0456988 0.0760425 0.950488 0.050963
end
gesture g2 hands 2
0.144302 0.250038 0.980229 0.992263 0.22413 0.993362
0.188957 0.249713 0.990686 0.931038 0.227627 0.998357
0.32105 0.211817 0.952122 0.944735 0.22576 0.999423
0.374074 0.166099 0.909939 0.771393 0.134517 0.89523
0.516214 0.0284501 0.746001 0.493224 0.0293557 0.71504
0.630336 0.0295263 0.475184 0.368405 0.0127765 0.585337
0.776016 0.263589 0.207187 0.161897 0.153469 0.320359
0.890265 0.682252 0.0474673 0.0145064 0.497213 0.113928
0.860411 0.841413 0.0195375 0 0.84973 0.0233229
0.836263 0.965385 0.000954693 0.0334277 0.953983 0.0134876
0.741888 0.933168 0.00235338 0.0685083 0.992349 0.00533952
end
gesture g2 hands 2
0.196145 0.297022 0.986271 0.950167 0.252077 0.981176
0.208089 0.270685 0.998671 0.913157 0.264494 0.984014
0.27688 0.204765 0.916145 1 0.256689 0.964482
0.256944 0.0532645 0.73821 0.967624 0.255926 0.955687
0.3526 0 0.471485 0.890784 0.158778 0.848926
0.590571 0.124401 0.23884 0.65919 0.0621084 0.64839
0.682797 0.265615 0.152915 0.480772 0.0358307 0.522174
0.889341 0.857132 0.0210991 0.181563 0.144952 0.276566
0.900846 0.944223 0.0198209 0.0753372 0.278807 0.179086
0.839607 0.975062 0.0202811 0.0481326 0.515774 0.0758527
0.909872 0.963925 0.0260077 0.149357 0.860784 0.0137286
0.0 0.0 0.0 0.152757 0.970927 0.00201965
end
gesture g2 hands 2
0.171779 0.284386 0.958387 0.99977 0.262811 0.959483
0.232116 0.261574 0.994288 0.903847 0.262712 0.979317
0.314515 0.256521 0.976009 0.913506 0.269487 0.987606
0.389988 0.0823192 0.742884 0.78673 0.119567 0.848839
0.452103 0.0171298 0.604506 0.522441 0.0182381 0.587033
0.549145 0.00681613 0.451204 0.349673 0.0283697 0.435409
0.642104 0.0885636 0.313312 0.19348 0.111297 0.303083
0.851719 0.396919 0.11254 0.0257066 0.420052 0.110087
0.936556 0.58084 0.0573637 0.00763953 0.762486 0.0355388
0.925766 0.745295 0.0222649 0.104627 0.96146 0.0335456
0.925272 0.995439 0.0075837 0.119543 0.9552 0.0369972
end
gesture g2 hands 2
0.264696 0.18526 0.998846 0.993309 0.207442 0.964893
0.305749 0.204603 0.998692 0.903981 0.202401 0.963893
0.23301 0.199002 0.989178 0.675519 0.0559058 0.855187
0.199679 0.135762 0.938659 0.478727 0.0109074 0.764508
0.205701 0.0340409 0.754533 0.199509 0.0220825 0.493218
0.270272 0.0286296 0.463495 0.0519126 0.215112 0.243878
0.46454 0.216752 0.218541 0.0142049 0.522114 0.0852161
0.486774 0.347101 0.127939 0.0467687 0.688908 0.0445955
0.644073 0.689239 0.0292089 0.161565 0.917912 0.0176946
0.658793 0.924435 0 0.197014 0.957829 0.0143352
0.645996 0.991998 0.0170535 0.128624 0.972025 0.0372612
end
gesture g2 hands 2
0.324478 0.298678 0.997797 1 0.288263 0.979715
0.336905 0.191721 0.878519 0.781842 0.206855 0.876982
0.446117 0.0239689 0.681337 0.446531 0.0602755 0.675417
0.608026 0.0310504 0.41591 0.279796 0.00532234 0.541133
0.654739 0.125688 0.302553 0.0710147 0.130175 0.307649
0.647754 0.243854 0.210216 0.0365704 0.25006 0.214782
0.600957 0.525453 0.0710204 0 0.514941 0.0785011
0.544411 0.688187 0.0251956 0.0401637 0.659199 0.0441267
0.536193 0.901466 0.00479588 0.175145 0.894268 0.0302668
0.500463 0.992686 0.0114964 0.224472 0.962125 0.0374263
0.496444 0.995963 0.02414 0.233945 0.972986 0.0529383
end
gesture g2 hands 2
0.533746 0.411919 0.997906 0.278576 0.403911 0.969924
0.602496 0.367511 0.981064 0.232431 0.347853 0.968744
0.546957 0.321384 0.96201 0.208463 0.14871 0.834394
0.417185 0.132663 0.846037 0.253859 0.0667903 0.726354
0.31322 0.0207753 0.617804 0.287537 0.0259235 0.589438
0.119677 0.0975002 0.304891 0.349165 0.0525736 0.437715
0.00642761 0.422155 0.0936763 0.555529 0.279179 0.179339
0.013361 0.593526 0.0473101 0.70693 0.449116 0.107371
0.0535399 0.880086 0.00392285 0.932297 0.755212 0.0537488
0.0938126 0.988592 0.0140691 0.98609 0.986279 0.0757522
0.0985238 0.967689 0.0610253 1 0.963834 0.126572
end
gesture g2 hands 2
0.0384903 0.300968 0.997039 0.977412 0.32915 0.962962
0.144636 0.308046 0.973001 1 0.319982 0.941828
0.110603 0.253054 0.954334 0.950362 0.316414 0.943395
0.292683 0.0964451 0.741363 0.820725 0.240426 0.897585
0.324457 0.0274853 0.49344 0.498014 0.0389224 0.637148
0.49545 0.111435 0.265053 0.206042 0.0114371 0.401127
0.654584 0.326916 0.105034 0.117628 0.0802384 0.293306
0.686773 0.591712 0.0171863 0 0.309058 0.128642
0.719657 0.820505 0.00432558 0.106202 0.699502 0.0177147
0.644269 0.892058 0.00461591 0.223944 0.873346 0.0205887
0.752674 1 0.0268826 0.203144 0.948812 0.0260175
end
gesture g2 hands 2
0.200839 0.361779 0.996022 1 0.358641 0.972968
0.287246 0.352176 0.964711 0.770351 0.342789 0.926898
0.25155 0.279696 0.902089 0.732747 0.289279 0.891214
0.292931 0.1921 0.831997 0.527632 0.0988404 0.718837
0.187202 0.0855003 0.718902 0.385449 0.0372206 0.57926
0.287681 0.00841995 0.420068 0.0824425 0.101668 0.287381
0.447466 0.19711 0.149994 0.0238545 0.210901 0.165327
0.400097 0.352427 0.0525996 0 0.573183 0.0467961
0.533535 0.753221 0 0.176595 0.859183 0.045642
0.607366 0.987103 0.0721878 0.373097 0.961936 0.0895864
0.673018 0.997701 0.0650814 0.35268 0.978962 0.0888879
end
gesture g2 hands 2
0.407591 0.358389 0.998324 0.997226 0.320537 0.979943
0.415338 0.35512 0.99682 0.922395 0.351818 0.996113
0.442794 0.278305 0.90599 0.893605 0.256261 0.896162
0.389742 0.197416 0.81543 0.793343 0.190299 0.813145
0.421271 0.0132712 0.560316 0.58527 0.0512208 0.556822
0.488167 0.0694535 0.28913 0.470765 0.0438692 0.424113
0.718347 0.411815 0.100394 0.26852 0.247206 0.192662
0.791668 0.620228 0.0499137 0.171126 0.428906 0.10543
0.778104 0.799406 0.0151097 0 0.801109 0.0203919
0.838342 0.92224 0.0062608 0.0165484 0.984377 0.00141237
0.698839 0.969639 0.00640869 0.0553449 0.981064 0.0126522
end
gesture g2 hands 2
0.0647543 0.358713 0.995187 0.821369 0.330941 0.983356
0.0412323 0.275541 0.948458 0.794674 0.333595 0.974443
0.0982646 0.230089 0.910127 0.776203 0.293357 0.937781
0.28215 0.131983 0.784427 0.810927 0.127947 0.78399
0.336867 0.0480489 0.676063 0.746335 0.051628 0.675897
0.571456 0.0277683 0.423166 0.512087 0.0510294 0.429359
0.761203 0.182829 0.18041 0.325432 0.232676 0.19279
0.99435 0.473517 0.0479079 0.319054 0.355735 0.108835
0.99911 0.748949 0.00694922 0.272512 0.671267 0.0365681
0.95961 0.915973 0.0102151 0.343321 0.906599 0.0202141
0.855922 0.978852 0.0221 0.150774 0.950684 0.0398585
end
gesture g2 hands 2
0.19267 0.363982 1 1 0.373675 0.996486
0.222991 0.331664 0.966294 0.962428 0.359081 0.988755
0.203475 0.227336 0.852038 0.857175 0.219412 0.848686
0.264018 0.0498225 0.636745 0.38045 0.00946689 0.511054
0.400244 0.00923624 0.361445 0.160343 0.0975762 0.24635
0.400966 0.0765142 0.23708 0.0810214 0.211029 0.146123
0.544457 0.357734 0.0739269 0.0204217 0.372595 0.0783869
0.619857 0.721602 0.018029 0.0557279 0.704358 0.0154071
0.551071 0.914166 0.0105957 0.128025 0.928511 0.00224349
0.593827 0.992277 0.0154341 0.136806 0.97565 0.00886582
0.651932 0.990627 0.0231647 0.108977 0.942098 0.0132717
end
gesture g2 hands 2
0.240128 0.345316 0.998201 0.969711 0.34538 0.993755
0.236661 0.307512 0.92387 0.990343 0.337996 0.984079
0.293001 0.164045 0.791834 0.931672 0.224048 0.896119
0.309 0.0150942 0.601005 0.818388 0.148999 0.828111
0.436483 0.0553835 0.374168 0.605428 0.0379753 0.625396
0.491611 0.1512 0.268026 0.382265 0.0470561 0.374572
0.59937 0.437069 0.109387 0.165612 0.278982 0.173902
0.697003 0.764555 0.0331479 0.0745035 0.589855 0.0562868
0.653318 0.865035 0.0184016 0.167338 0.932795 0.00302559
0.720283 0.980559 0.00736227 0.0813 1 0.000490657
0.66187 0.948046 0.0223539 0 0.965758 0.00992174
end
gesture g4 hands 2
0.757955 0.0100454 0.83433 0.146577 0.0758011 0.811504
0.767645 0.393827 0.360752 0.0088888 0.459885 0.387622
0.763318 0.500409 0.250553 0.0385673 0.639964 0.15409
0.664807 0.794735 0.0472026 0.362805 0.911608 0.00729255
0.545169 0.941399 0.014521 0.823173 0.876442 0.212903
0.263937 0.972572 0.127421 0.949919 0.721027 0.398156
0.121671 0.849675 0.282964 0.992215 0.464311 0.679393
0.0926978 0.319252 0.881293 0.959827 0.410063 0.746951
0.161233 0.236716 0.936899 0.715102 0.193036 0.925518
0.479218 0.0707056 0.974476 0.656219 0.14231 0.956883
0.567892 0.0687744 0.929978 0.327574 0.000773727 0.944728
end
gesture g4 hands 2
0.677603 0.0727687 0.920337 0.398335 0.0209443 0.953015
0.843915 0.182114 0.547946 0.243366 0.114997 0.738524
0.835696 0.590427 0.0829209 0.15916 0.544581 0.237475
0.652907 0.814616 0 0.25541 0.805456 0.0852567
0.525883 0.870352 0.0198953 0.461657 0.991997 0.0607999
0.141645 0.918776 0.278412 0.610437 0.995058 0.100855
0.00619264 0.813459 0.561142 0.862733 0.886001 0.263887
0 0.749784 0.701122 0.990084 0.708824 0.51377
0.160562 0.440189 0.953184 0.9514 0.507818 0.752249
0.351956 0.138519 0.999898 0.480723 0.0771862 0.916299
0.671445 0.0260267 0.933492 0.382598 0.0834748 0.904264
end
gesture g4 hands 2
0.598509 0.0347636 0.964128 0.397182 0.000500637 0.958869
0.784098 0.196423 0.705616 0.170773 0.246787 0.699039
0.774374 0.546566 0.23644 0.148987 0.655857 0.23433
0.63831 0.814434 0.0464731 0.255794 0.87111 0.0330725
0.422211 0.942203 0.0151884 0.493363 0.997634 0
0.0615519 0.817737 0.246343 0.919713 0.871594 0.273779
0.0216286 0.523497 0.621242 0.986887 0.556758 0.677304
0.16129 0.296848 0.805681 0.85652 0.287147 0.846077
0.296829 0.194039 0.890644 0.734012 0.167936 0.912436
0.559632 0.193414 0.99045 0.394958 0.0969081 0.973803
0.555474 0.168865 0.993226 0.397874 0.0909516 0.973756
end
gesture g4 hands 2
0.620937 0.0748736 0.985723 0.403874 0.019703 0.996663
0.67485 0.119031 0.929548 0.190234 0.328138 0.608758
0.77783 0.285507 0.632738 0.162111 0.485983 0.367228
0.72304 0.59113 0.156883 0.206958 0.688299 0.146978
0.505404 0.823063 0.0274128 0.41354 0.924687 0.0142432
0.211415 0.945056 0.0673373 0.740119 1 0.0596087
0.0721651 0.878891 0.195841 0.907482 0.909503 0.20533
0.0422564 0.402807 0.646546 0.984532 0.439524 0.667569
0.302763 0.0934931 0.906333 0.765987 0.0979435 0.919329
0.561447 0.0561832 0.978492 0.494724 0.0158341 0.954127
0.586876 0.0599024 0.979097 0.433172 0 0.981356
end
gesture g4 hands 2
0.561342 0.0277159 0.972662 0.391274 0.00169842 0.983198
0.620982 0.0554732 0.9247 0.311615 0.0482088 0.906133
0.747674 0.243955 0.679848 0.166012 0.296582 0.621631
0.740757 0.570695 0.207003 0.186115 0.671604 0.163119
0.539068 0.851081 0.0305521 0.389672 0.895641 0.0112881
0.149161 0.962986 0.0949822 0.82025 0.936072 0.131624
0.023725 0.820844 0.252155 0.958611 0.808034 0.319549
0.0144182 0.51597 0.521072 0.990725 0.565451 0.595641
0.0951516 0.349489 0.702331 0.920413 0.367741 0.767888
0.359316 0.136518 0.902937 0.697492 0.0974793 0.928337
0.595625 0.0339476 1 0.358179 0.00412 0.97479
end
gesture g4 hands 2
0.568089 0.0671645 0.986481 0.377961 0.0542346 0.990822
0.718929 0.446613 0.445705 0.137775 0.495081 0.411502
0.681531 0.667142 0.186009 0.176926 0.693276 0.152093
0.515041 0.857901 0.03545 0.350761 0.894773 0.0161801
0.272362 0.948181 0.0412269 0.642696 1 0.0338943
0.0160653 0.748547 0.358549 0.860656 0.899143 0.18872
0.0364405 0.479275 0.633538 0.986587 0.738649 0.417471
0.169536 0.273226 0.815187 0.966903 0.488569 0.708665
0.456753 0.0500749 0.958771 0.681111 0.102534 0.947075
0.596993 0.0236835 0.99511 0.427104 0.00405681 0.970519
0.566461 0.0402188 0.988782 0.381092 0.034571 0.985021
end
gesture g4 hands 2
0.55083 0.0908812 0.928806 0.399398 0.0124841 0.941259
0.720619 0.343525 0.70222 0.158386 0.340678 0.679762
0.740254 0.666635 0.194538 0.102621 0.550246 0.44692
0.586584 0.791387 0.0485352 0.259458 0.906848 0.0238894
0.341067 0.859258 0.0459159 0.554619 1 0.0117189
0.152038 0.829502 0.139102 0.780331 0.94083 0.114208
0.0190616 0.742618 0.326288 0.968361 0.772345 0.351679
0.0462679 0.568745 0.652205 1 0.601202 0.56009
0.313883 0.202099 0.84508 0.857682 0.312364 0.844482
0.522878 0.0659157 0.936416 0.525409 0.126082 0.913328
0.601473 0 0.971845 0.3769 0.00291205 0.95361
end
gesture g4 hands 2
0.572613 0.0509437 0.97174 0.386245 0.0108547 0.987741
0.646873 0.119625 0.86835 0.268656 0.118424 0.847554
0.753749 0.329927 0.463871 0.105618 0.378285 0.424699
0.742249 0.520859 0.210999 0.114667 0.55857 0.182683
0.534709 0.823246 0.0370426 0.298274 0.838061 0.0143545
0.162364 0.969401 0.106001 0.774035 0.983527 0.106961
0.0358558 0.865451 0.234766 0.942098 0.892404 0.277323
0 0.622648 0.467867 1 0.675425 0.526623
0.20835 0.196085 0.815237 0.832213 0.221364 0.858763
0.565234 0.00439033 0.995057 0.396209 0.00877847 0.968467
0.546699 0.0385495 0.980774 0.371968 0.00116206 0.977288
end
gesture g4 hands 2
0.580818 0.0530932 0.949981 0.426206 0.00279597 0.976081
0.740625 0.251579 0.613228 0.305071 0.11823 0.823184
0.775868 0.427559 0.35312 0.165814 0.479269 0.359679
0.720175 0.611359 0.134681 0.199117 0.6845 0.133283
0.479912 0.821607 0.0316049 0.394998 0.905591 0.010714
0.271932 0.909718 0.0643997 0.610415 1 0.0157928
0.105482 0.8764 0.169508 0.822733 0.976507 0.130164
0 0.674617 0.392613 0.983026 0.812747 0.366644
0.0346838 0.483898 0.5807 0.891579 0.352756 0.768575
0.314783 0.211725 0.866301 0.454856 0.0448324 0.965367
0.584904 0.0612511 0.990829 0.421344 0.0336323 0.990399
end
gesture g4 hands 2
0.613375 0.111951 0.916437 0.357442 0 1
0.694417 0.15401 0.709638 0.353572 0.082547 0.93414
0.64686 0.521559 0.250291 0.207067 0.193821 0.712055
0.480066 0.797529 0.0957172 0.174858 0.602633 0.24581
0.317826 0.927145 0.102636 0.327325 0.820379 0.0457072
0.118524 0.988564 0.178271 0.815575 0.99763 0.142478
0 0.697204 0.51275 1 0.765696 0.526503
0.155357 0.453353 0.870708 0.877407 0.460291 0.857254
0.348464 0.267835 0.95469 0.69174 0.274617 0.948155
0.63205 0.106273 0.908068 0.37572 0.062276 0.926172
0.628424 0.084139 0.896507 0.370187 0.0590205 0.8989
end
gesture g4 hands 2
0.579729 0.223054 0.945112 0.383554 0.208093 0.9333
0.756576 0.495711 0.315476 0.178441 0.531769 0.327378
0.702779 0.639541 0.115676 0.220791 0.682589 0.115533
0.509539 0.804443 0.0246349 0.387908 0.853969 0.0153074
0.309157 0.913708 0.0314354 0.59792 0.981322 0.000652433
0.113324 0.905707 0.160745 0.827436 0.974324 0.134028
0 0.613506 0.538135 1 0.683581 0.530012
0.0801729 0.428997 0.707394 0.812475 0.298707 0.839046
0.246312 0.282609 0.811008 0.528293 0.0587157 0.944567
0.654249 0.109222 0.958813 0.435425 0 0.984969
0.642045 0.108579 0.972765 0.407147 0.0483144 0.997616
end
gesture g4 hands 2
0.605181 0.130158 0.951663 0.420457 0.0762389 0.988653
0.684199 0.143473 0.856959 0.286777 0.117196 0.859997
0.810761 0.342782 0.462512 0.139392 0.328854 0.472041
0.770381 0.506806 0.253348 0.251784 0.710701 0.0942847
0.41371 0.878504 0.0529681 0.4849 0.944202 0.00852113
0.19406 0.927404 0.0969425 0.70649 1 0.0686329
0.016306 0.795808 0.271847 0.9311 0.920895 0.245855
0.0740228 0.427361 0.627461 0.984476 0.541183 0.643325
0.376127 0.127195 0.91855 0.912504 0.329137 0.82249
0.567541 0.101232 0.934356 0.456563 0.0206353 0.944193
0.576556 0.0780166 0.919477 0.444234 0.00148622 0.920418
end
gesture g4 hands 2
0.404351 0.316583 1 0.51309 0.0680293 0.979319
0.213629 0.153375 0.857455 0.749923 0.148069 0.858887
0.0178032 0.293203 0.53256 0.985192 0.473174 0.540456
0.00481535 0.433308 0.3815 0.85345 0.888515 0.128229
0.24752 0.799321 0.105457 0.594477 0.990924 0.0116015
0.691083 0.790381 0.0583856 0.26226 0.84356 0.0618394
0.842549 0.452498 0.200026 0.121022 0.651557 0.232377
0.847515 0.423455 0.256517 0.10396 0.57791 0.303343
0.855354 0.248119 0.410504 0.109164 0.213645 0.580104
0.620116 0.167547 0.879807 0.375201 0.0361478 0.908672
0.504273 0.169054 0.949869 0.42749 0.0165227 0.968969
end
gesture g4 hands 2
0.834489 0 0.98281 0.137037 0.0567129 0.964254
0.860025 0.35471 0.45973 0.0454542 0.312843 0.599524
0.913449 0.655314 0.200909 0.0380033 0.738855 0.110054
0.762531 0.959846 0.00186926 0.21565 0.89123 0.00147204
0.395995 0.954 0.105344 0.358857 0.914134 0.00991691
0.163618 0.800932 0.298376 0.691693 0.885812 0.0936313
0.0605938 0.520322 0.64762 0.985276 0.667796 0.42592
0.0732816 0.441784 0.717215 0.967219 0.486498 0.67179
0.148393 0.286188 0.852832 0.922553 0.427543 0.739282
0.410709 0.0886944 0.991989 0.548674 0.125467 0.988454
0.506553 0.0714092 1 0.509461 0.119605 0.989556
end
gesture g4 hands 2
0.744967 0.0507015 0.899901 0.176416 0.0620588 0.916221
0.781741 0.672013 0.22335 0.124673 0.637521 0.197358
0.755755 0.769292 0.125107 0.230194 0.8325 0.0446058
0.53896 1 0.034585 0.560986 0.919454 0.0159125
0.234675 0.93012 0.137925 0.887484 0.746187 0.183449
0 0.57326 0.466734 0.952794 0.690082 0.276957
0.102073 0.248021 0.819721 0.966555 0.424024 0.729569
0.157354 0.188811 0.883261 0.925215 0.364412 0.793619
0.319989 0.0908422 0.975312 0.603846 0.142376 0.961665
0.612928 0.0172861 0.966901 0.522409 0.13708 0.973863
0.662111 0 0.937953 0.275 0.1053 0.931806
end
gesture g4 hands 2
0.697008 0.00142757 0.869496 0.162028 0.0647406 0.855096
0.754936 0.231494 0.571633 0.0862625 0.461579 0.316562
0.778234 0.340929 0.446214 0.0998224 0.561459 0.192539
0.768999 0.776449 0.0352929 0.258639 0.796667 0.00251571
0.60512 0.949272 0.00737762 0.70643 0.934917 0.140165
0.307242 0.993994 0.132299 0.983058 0.593424 0.475813
0.0655603 0.762825 0.352498 0.958412 0.342763 0.743335
0.0170953 0.346881 0.704431 0.915735 0.299323 0.81834
0.111463 0.218156 0.861553 0.641333 0.18049 0.971011
0.521873 0.0605094 0.974477 0.402135 0.106705 0.916643
0.563614 0.0266967 0.943804 0.34993 0.0813296 0.893114
end
gesture g4 hands 2
0.652649 0.0834558 0.881093 0.254732 0.113523 0.853174
0.646171 0.108656 0.737954 0.172938 0.0990447 0.656862
0.663064 0.405961 0.358617 0.133922 0.473142 0.264177
0.532119 0.733533 0.0529603 0.304835 0.775817 0.0243513
0.382781 0.892641 0.0403313 0.513457 0.955772 0.0170678
0.131041 0.949642 0.227702 0.886789 0.920063 0.318413
0.00226049 0.736963 0.57184 0.980257 0.783451 0.515193
0.0377015 0.455947 0.81129 0.952185 0.452378 0.831229
0.257436 0.168699 0.975592 0.705528 0.143962 0.99478
0.512586 0.00323874 0.946896 0.423791 0.0223463 0.945264
0.559709 0 0.921357 0.365797 0.0297772 0.91835
end
gesture g4 hands 2
0.711015 0 0.838755 0.120778 0.0547578 0.822231
0.781401 0.578816 0.273802 0.0693293 0.257253 0.571394
0.687324 0.931374 0.0131746 0.0580342 0.701874 0.171743
0.625667 0.97583 0.00454396 0.27498 0.944452 0.00183565
0.237046 0.979703 0.158383 0.725613 0.933278 0.154482
0.149869 0.94539 0.232967 0.82039 0.913436 0.240176
0.0315103 0.832116 0.400428 1 0.638124 0.616125
0.0413685 0.54168 0.748166 0.825886 0.378173 0.890214
0.177893 0.275218 0.935173 0.510234 0.154851 0.985634
0.376587 0.129925 0.994429 0.351168 0.182421 0.961255
0.531483 0.116359 0.954206 0.309482 0.186697 0.947343
end
gesture g4 hands 2
0.683583 0.00767386 0.807531 0.106039 0.0457935 0.786469
0.722048 0.303432 0.529326 0.0203999 0.513801 0.281572
0.744255 0.776621 0.116146 0.0259103 0.609398 0.171437
0.569381 0.984018 0.044454 0.203271 0.841164 0
0.278384 0.953886 0.153141 0.567652 0.910115 0.0868363
0.128286 0.829077 0.288999 0.822626 0.86887 0.250213
0.00179118 0.601339 0.589117 1 0.693562 0.580934
0.10876 0.26124 0.913951 0.904466 0.452663 0.839869
0.322897 0.0938331 0.995214 0.81882 0.369896 0.883571
0.501893 0.0690067 0.963162 0.265606 0.159019 0.910491
0.534048 0.0915251 0.951009 0.229163 0.159552 0.89585
end
gesture g4 hands 2
0.66089 0.0675575 0.86999 0.399858 0.0291579 0.927371
0.767892 0.132265 0.675387 0.236712 0.0623837 0.733097
0.858504 0.41623 0.22128 0.0702844 0.419787 0.277919
0.824268 0.658754 0.0621436 0.179208 0.751183 0.0580618
0.659342 0.896111 0 0.411754 0.926243 0.0475618
0.137759 1 0.297277 0.829988 0.912411 0.248649
0.00817944 0.921332 0.586567 0.990769 0.737824 0.759363
0.0347292 0.767282 0.842263 0.944688 0.661761 0.856561
0.16884 0.495858 0.990572 0.616346 0.257436 0.926794
0.584569 0 0.894115 0.464396 0.136236 0.884906
0.641256 0.0110854 0.872975 0.416348 0.135087 0.869325
end
gesture g4 hands 2
0.775856 0.0270179 0.846441 0.393126 0.0278495 0.900527
0.9573 0.10599 0.544672 0.140307 0.0937395 0.596809
0.982628 0.163727 0.426797 0.0903721 0.168124 0.475181
0.875948 0.619044 0.0397686 0.0831601 0.426864 0.214923
0.557642 0.917003 0.0254411 0.244881 0.793422 0.0659043
0.1834 0.992353 0.245081 0.698763 0.985903 0.159831
0.0241601 0.932156 0.495697 0.792779 0.960483 0.227239
0.111919 0.553087 0.951792 0.946968 0.848535 0.43819
0.294286 0.267133 1 0.944727 0.518489 0.86561
0.660972 0.0395683 0.88028 0.786083 0.263021 0.923583
0.770388 0.0211672 0.830434 0.404407 0.0829039 0.857524
end
gesture g4 hands 2
0.720997 0.163877 0.886423 0.417444 0.0962352 0.915967
0.873705 0.0861785 0.602077 0.205768 0.123568 0.637745
0.900951 0.212989 0.327546 0.133822 0.284552 0.367112
0.694748 0.835942 0.00110068 0.168659 0.536907 0.136953
0.159121 0.970002 0.232773 0.336612 0.841345 0.0388314
0.014942 0.962609 0.486986 0.816395 0.996651 0.17534
0.0200531 0.790399 0.771378 0.904319 0.972459 0.275044
0.125791 0.504843 0.963081 0.980027 0.631182 0.790878
0.20758 0.334519 0.992662 0.854861 0.319864 0.949286
0.599217 0.016365 0.887775 0.565605 0.0522324 0.937178
0.711717 0.0409263 0.841546 0.400459 0.016054 0.877351
end
gesture g4 hands 2
0.797113 0.0862333 0.862784 0.302041 0.0173099 0.909071
0.929137 0.122191 0.43617 0.121881 0.0883813 0.512694
0.894146 0.587431 0.0793511 0.095288 0.345723 0.238499
0.529018 0.95311 0.0271065 0.196764 0.681204 0.0835914
0.113343 0.965939 0.298148 0.470736 0.960781 0.0586905
0.033232 0.911985 0.425427 0.874185 0.914799 0.236294
0.0455564 0.612971 0.821021 0.993769 0.748606 0.482433
0.188125 0.324199 0.966775 0.951264 0.559452 0.831167
0.498397 0.0425413 0.978301 0.902721 0.468609 0.909474
0.734251 0 0.918277 0.513143 0.0486288 0.957379
0.740118 0.00801373 0.91491 0.407742 0.017087 0.92228
end
gesture g4 hands 2
0.796782 0.0671759 0.86231 0.289058 0.00647021 0.899781
0.949694 0.171469 0.427538 0.0777254 0.112369 0.494151
0.919477 0.461211 0.141169 0.129775 0.526313 0.109715
0.803376 0.697872 0.0210555 0.336704 0.82782 0.045949
0.5302 0.881093 0.0266535 0.6401 0.97798 0.0988182
0.234609 0.932418 0.179917 0.763089 0.991806 0.16081
0.0353308 0.84525 0.433758 0.949449 0.891854 0.381685
0.0969508 0.531077 0.902371 0.966291 0.592244 0.747715
0.254692 0.27768 0.992029 0.696819 0.176103 0.979811
0.589492 0.0320094 0.971043 0.400865 0.10306 0.925559
0.714904 0.0492969 0.929554 0.367377 0.0890054 0.924062
end
gesture g4 hands 2
0.722395 0.106965 0.685394 0.25239 0.0727986 0.718025
0.741525 0.1701 0.611985 0.235064 0.143727 0.634385
0.779229 0.422511 0.266761 0.107674 0.396112 0.302356
0.73783 0.649582 0.0604087 0.155212 0.724507 0.0363983
0.684499 0.744618 0.0204359 0.368692 0.89569 0.0202634
0.272154 0.996743 0.122543 0.836667 0.937528 0.323472
0.163287 0.995617 0.224723 0.919811 0.868696 0.461202
0.00823022 0.533488 0.745413 1 0.617735 0.697687
0.124378 0.169004 0.949165 0.900251 0.226536 0.8759
0.277464 0.0201483 0.991811 0.808897 0.0905592 0.932712
0.579253 0.0548224 0.793672 0.339635 0.0506503 0.81916
end
gesture g4 hands 2
0.631104 0.0280742 0.819531 0.398322 0.0822803 0.856056
0.690562 0.208692 0.425093 0.199552 0.372438 0.348465
0.773212 0.725825 0.0448758 0.158214 0.4651 0.260383
0.753951 0.821942 0.0141933 0.30197 0.906932 0.0749817
0.48994 0.996479 0.0417189 0.775122 0.975858 0.2602
0.0269004 0.814239 0.565043 0.881079 0.911249 0.368972
0.0134368 0.504639 0.857832 0.991123 0.661924 0.617093
0.189843 0.159658 0.991521 0.991193 0.482263 0.726178
0.282124 0.0572057 0.992669 0.836252 0.147626 0.842384
0.537655 0.0409801 0.870251 0.623239 0.00396035 0.857595
0.63395 0.02228 0.815983 0.377597 0.0229847 0.826417
end
gesture g4 hands 2
0.664604 0.02671 0.987656 0.416337 0.051413 1
0.885446 0.0387157 0.671297 0.20392 0.0507335 0.69689
0.90772 0.116446 0.512562 0.127305 0.229169 0.399031
0.83197 0.66213 0.02989 0.246741 0.788264 0.0208743
0.74786 0.79361 0 0.603142 0.96982 0.0782392
0.407378 0.991923 0.0813169 0.922154 0.866952 0.302093
0.0322509 0.81412 0.40479 0.970295 0.497693 0.714283
0.0848128 0.440291 0.797304 0.922972 0.403635 0.790969
0.150966 0.342864 0.872638 0.596021 0.12966 0.942657
0.599244 0.0248122 0.984111 0.399679 0.0700101 0.942724
0.652659 0.0156605 0.975603 0.358636 0.0790089 0.938359
end
gesture g4 hands 2
0.575382 0.0799061 0.983249 0.648701 0.0446028 0.96649
0.933512 0.224319 0.583132 0.328797 0.0472478 0.818495
0.989644 0.710592 0.135585 0.176817 0.32593 0.481355
0.890653 0.949435 0.00493036 0.0814451 0.832421 0.103529
0.792016 0.974975 0.000547839 0.183737 0.963996 0.040193
0.202506 0.954864 0.103854 0.40474 0.983148 0.0384863
0.0769697 0.825824 0.220497 0.797006 0.923857 0.108312
0.0339836 0.421714 0.601147 0.843376 0.898239 0.155066
0.101676 0.294862 0.706623 0.98483 0.627965 0.461591
0.570843 0.0526769 0.995428 0.81128 0.12987 0.908927
0.581187 0.0464627 0.996102 0.62147 0.0618721 0.990363
end
gesture g4 hands 2
0.681496 0.0365213 0.981007 0.59047 0.0159075 0.989754
0.741962 0.0190948 0.97137 0.457865 0.0193465 0.930586
0.85452 0.123093 0.781606 0.305496 0.17285 0.686632
0.978866 0.834779 0.0604901 0.139622 0.640725 0.239181
0.854012 0.945326 0.000713864 0.108529 0.925321 0.0482829
0.618755 0.965141 0.0203663 0.149956 0.972368 0.0280425
0.136864 0.85141 0.18273 0.608836 0.953975 0.0731214
0.020094 0.732348 0.297664 0.995216 0.620617 0.417481
0.0777391 0.451064 0.588818 1 0.538055 0.491073
0.323981 0.166559 0.83733 0.883054 0.177778 0.803748
0.501154 0.0674054 0.939413 0.748681 0.0683771 0.90705
end
gesture g4 hands 2
0.60464 0.0445856 0.969524 0.549628 0.0299836 0.972724
0.743713 0.0205277 0.943139 0.360338 0.0426853 0.896867
0.882174 0.140477 0.680851 0.281332 0.163131 0.705233
0.885774 0.806094 0.0458955 0.159384 0.611189 0.226659
0.819393 0.884697 0.0145632 0.346265 0.953087 0.0224102
0.418578 0.984522 0.0549761 0.67963 0.958322 0.0919496
0.0901988 0.796413 0.295119 0.934868 0.728194 0.338646
0.00577932 0.548282 0.534748 1 0.573609 0.490447
0.315202 0.20239 0.800141 0.845822 0.228025 0.776849
0.57067 0.0467049 0.971837 0.554228 0.058522 0.946532
0.586117 0.0493505 0.978819 0.540004 0.0604678 0.948373
end
gesture g4 hands 2
0.712216 0.0178973 0.991517 0.541758 0.00874481 0.979573
0.877408 0.064009 0.875098 0.332079 0.223617 0.673795
0.961007 0.478041 0.36733 0.299176 0.325048 0.550932
0.977188 0.697868 0.149245 0.180831 0.885861 0.0619956
0.958497 0.792098 0.0745899 0.238207 0.969147 0.036438
0.822736 0.950529 0.00564087 0.455799 0.985273 0.0413846
0.304857 0.960585 0.107459 0.819595 0.831004 0.222826
0.0599758 0.738468 0.317213 1 0.501253 0.528585
0.029422 0.390865 0.658053 0.973361 0.350674 0.671278
0.361374 0.139279 0.907685 0.832992 0.173653 0.840786
0.456364 0.108284 0.944068 0.771773 0.134597 0.881704
end
gesture g4 hands 2
0.678874 0.0533041 0.975666 0.369235 0.062436 0.946678
0.892128 0.162799 0.684364 0.14015 0.26682 0.558149
0.914689 0.584821 0.134073 0.150323 0.799358 0.0620383
0.747635 0.898023 0 0.329449 0.950323 0.00259123
0.289463 0.990804 0.132273 0.699556 0.985385 0.0889728
0.200691 0.944675 0.197809 0.956753 0.768848 0.404587
0.0197524 0.709452 0.464243 0.986646 0.686937 0.505614
0.120123 0.303554 0.854016 0.985035 0.464909 0.696756
0.379032 0.0877963 0.994622 0.806563 0.182854 0.885297
0.565705 0.016332 0.979777 0.43328 0.0302162 0.920365
0.607385 0 0.968021 0.394096 0.017277 0.915432
end
gesture g4 hands 2
0.676676 0.0547358 0.968748 0.493732 0.0074674 0.998591
0.764099 0.0850603 0.758653 0.414074 0.0312072 0.784703
0.835336 0.279146 0.416781 0.378487 0.0854393 0.666505
0.843764 0.885065 0.0096861 0.287893 0.291042 0.412404
0.554473 0.972212 0.0206644 0.173309 0.580345 0.195002
0.110991 0.870533 0.22671 0.139533 0.704276 0.114615
0.000287273 0.596458 0.537023 0.35291 0.985098 0.0268254
0.0269499 0.515182 0.622392 0.678067 0.967916 0.105505
0.310266 0.215936 0.862243 0.907369 0.842358 0.28573
0.647744 0.137068 0.91637 0.994175 0.579586 0.581315
0.723014 0.126524 0.9095 0.870583 0.339401 0.750961
0.0 0.0 0.0 0.38894 0.111521 0.897184
end
gesture g4 hands 2
0.702772 0.158891 0.797961 0.286026 0.11221 0.826145
0.678955 0.391099 0.514297 0.284381 0.19309 0.710175
0.677529 0.73085 0.103006 0.220472 0.538013 0.284128
0.406374 0.92895 0.0345442 0.230133 0.738624 0.0834827
0.213191 0.955984 0.115005 0.524016 0.993805 0.009097
0.0021513 0.777345 0.459617 0.972057 0.844574 0.40973
0.0186261 0.552269 0.725089 1 0.61547 0.680787
0.235672 0.207909 0.995098 0.740529 0.195142 0.972282
0.510666 0.00354306 0.948881 0.427762 0 0.950918
0.65301 0.0822011 0.791815 0.279806 0.0750557 0.840312
0.655835 0.0919136 0.785867 0.279633 0.0807245 0.82456
end
gesture g4 hands 2
0.673877 0 0.837822 0.300042 0.00903088 0.838567
0.697411 0.566768 0.259133 0.285497 0.273409 0.600921
0.658992 0.757479 0.0837303 0.226742 0.569705 0.254219
0.555224 0.884338 0.0214155 0.252891 0.773781 0.0630234
0.319664 1 0.0603613 0.392732 0.898243 0
0.00964578 0.853672 0.409514 0.65707 0.962546 0.0510089
0.0966887 0.556724 0.833576 0.977832 0.813033 0.408703
0.286871 0.293484 0.976291 0.944581 0.591427 0.791706
0.53899 0.019176 0.980732 0.785244 0.372268 0.966451
0.71777 0.0450562 0.854909 0.469789 0.0422755 0.97269
0.729418 0.0488847 0.844304 0.286166 0.0346937 0.859534
end
gesture g4 hands 2
0.701696 0.194448 0.852884 0.315557 0.220198 0.846409
0.683629 0.238792 0.754142 0.318384 0.250692 0.783486
0.675019 0.591618 0.150054 0.200331 0.611671 0.204112
0.405232 0.929778 0.0393652 0.264994 0.772703 0.0347643
0.157117 1 0.167506 0.509261 0.909103 0
0.0290637 0.925325 0.345661 0.783865 0.94842 0.122589
0.077769 0.552354 0.812685 1 0.75402 0.513242
0.346026 0.0930463 1 0.96218 0.52268 0.774232
0.505053 0 0.97381 0.865191 0.308443 0.936857
0.647036 0.125742 0.842342 0.502208 0.0340152 0.961689
0.683406 0.154481 0.800339 0.329399 0.137203 0.811153
end
gesture g4 hands 2
0.706612 0.120967 0.84532 0.25846 0.10902 0.853388
0.729716 0.575338 0.305125 0.256828 0.165759 0.785893
0.61393 0.873687 0.0254668 0.149812 0.567265 0.31776
0.418915 0.986523 0.0330161 0.271267 0.917241 0.0165897
0.137346 0.972535 0.183933 0.501336 0.985004 0.00946631
0 0.72705 0.579176 0.804285 0.956067 0.163128
0.0975259 0.480554 0.811052 1 0.688212 0.569848
0.322277 0.0997283 0.98954 0.92185 0.503903 0.803122
0.491226 0.00786089 0.989824 0.645807 0.151833 0.954417
0.65786 0.0381762 0.923536 0.459099 0.0232083 0.972238
0.684135 0.0369308 0.902331 0.272515 0.0487997 0.904199
end
gesture g4 hands 2
0.693235 0.0975938 0.858182 0.328698 0.102224 0.845947
0.754957 0.640155 0.240399 0.330789 0.197372 0.824849
0.707571 0.779762 0.0467265 0.284745 0.374456 0.566362
0.53501 0.826205 0.0104084 0.224313 0.638458 0.211375
0.244073 0.891162 0.0832085 0.292866 0.796101 0.0293635
0.0421299 0.945124 0.276413 0.741088 0.999774 0.0835012
0.021609 0.863768 0.565951 0.93499 0.964021 0.269728
0.202252 0.369381 0.910188 1 0.82696 0.532479
0.323406 0.161386 0.980904 0.858648 0.383467 0.899335
0.60181 0.0398069 0.954632 0.534457 0.000839685 0.997307
0.727969 0.106509 0.892322 0.281855 0.0722312 0.944528
end
gesture g4 hands 2
0.65428 0.106099 0.922936 0.366793 0.0720816 0.966757
0.704192 0.215022 0.737049 0.321964 0.161195 0.777509
0.728588 0.548123 0.168302 0.229978 0.548917 0.187819
0.603261 0.750822 0.0127999 0.316812 0.799356 0.0116362
0.421823 0.908826 0.0207865 0.50159 0.94873 0.00140167
0.172976 0.935854 0.157776 0.906607 0.92289 0.278819
0 0.668324 0.599344 0.998551 0.718926 0.514426
0.0658581 0.5141 0.759105 0.883349 0.386534 0.830534
0.310274 0.181315 0.961733 0.521646 0.0341896 0.983683
0.605552 0.01645 0.977521 0.313912 0.00366592 0.975723
0.693032 0.0382022 0.951657 0.297061 0 0.970989
end
gesture g4 hands 2
0.68913 0.138133 0.882286 0.288079 0.0914326 0.898045
0.672607 0.139486 0.86831 0.305957 0.0855094 0.891317
0.674958 0.257666 0.678187 0.257767 0.256366 0.68729
0.696751 0.635208 0.125362 0.17201 0.649118 0.139382
0.612527 0.774941 0.00778658 0.226408 0.858241 0.0215248
0.205948 0.945474 0.121221 0.684263 0.999198 0.084288
0 0.797323 0.456799 0.869765 0.926751 0.230822
0.0292641 0.596366 0.709051 0.996899 0.58034 0.659672
0.253356 0.23586 0.944435 0.933613 0.416553 0.824578
0.581459 0 0.970147 0.625955 0.0808193 0.983109
0.714435 0.0630386 0.907857 0.270764 0.0454896 0.921805
end
gesture g4 hands 2
0.663411 0.0481086 0.898439 0.27491 0.00478446 0.924656
0.658549 0.0535765 0.825779 0.281553 0.0235992 0.873008
0.658394 0.166751 0.614886 0.234359 0.176005 0.664046
0.651879 0.608346 0.0991891 0.173867 0.5858 0.0990694
0.583663 0.743017 0.00889061 0.229968 0.788641 0.00581469
0.163734 0.970947 0.159095 0.717871 0.999256 0.107058
0 0.83784 0.464438 0.9866 0.836204 0.418462
0.0575149 0.65233 0.707506 0.896681 0.539168 0.819088
0.241918 0.359008 0.971195 0.599974 0.127902 0.988153
0.546541 0.0616261 0.980137 0.447537 0.0467272 0.997779
0.678338 0.0659442 0.885881 0.333276 0.0879726 0.898465
end
gesture g4 hands 2
0.662521 0.156977 0.980877 0.305617 0.146071 0.968573
0.669609 0.330889 0.626982 0.270754 0.22217 0.811389
0.674412 0.757985 0.130211 0.20441 0.55486 0.351526
0.586829 0.876263 0.0278804 0.20314 0.796263 0.108511
0.41439 0.98604 0.0266592 0.29721 0.922215 0.0209595
0.105791 0.920444 0.18317 0.523174 1 0.00181934
0.00769956 0.783201 0.402284 0.88218 0.904427 0.218492
0.079227 0.432158 0.785287 0.994661 0.753262 0.433694
0.261214 0.222164 0.932603 0.932662 0.459872 0.80785
0.560949 0.0358148 0.982497 0.425533 0.0143243 0.99053
0.674749 0.0772072 0.924952 0.283439 0.0401339 0.931913
end
gesture g4 hands 2
0.700268 0.0801869 0.984318 0.376308 0.079965 0.959899
0.907515 0.0143472 0.754348 0.37458 0.0376766 0.959489
0.943812 0.0810263 0.617695 0.275323 0.00777038 0.843547
0.944543 0.384124 0.232702 0.164265 0.212784 0.442669
0.808927 0.901778 0.00673709 0.15446 0.627697 0.11715
0.571283 0.995212 0.0146122 0.313566 0.927194 0.00976648
0.150564 0.907402 0.184678 0.780722 0.93691 0.124911
0.053726 0.461072 0.698289 0.978799 0.746756 0.392073
0.105253 0.38526 0.771395 0.945301 0.404251 0.684225
0.444493 0.0976766 0.985183 0.543889 0.117517 0.958897
0.499793 0.0818767 1 0.468932 0.0888084 0.969185
end
gesture g4 hands 2
0.67815 0.101835 0.983781 0.410572 0.0813301 0.991631
0.876152 0.139344 0.624998 0.256456 0.0457191 0.749003
0.874773 0.564211 0.178653 0.24175 0.125865 0.637221
0.840297 0.814079 0.0418258 0.192431 0.565486 0.207994
0.656992 0.973972 0 0.400817 0.968769 0.0343293
0.316327 0.978556 0.0946206 0.498117 0.995461 0.0395284
0.0252471 0.766466 0.334625 0.876731 0.906117 0.212982
0.000529836 0.710661 0.408704 0.996928 0.673812 0.474356
0.105909 0.443965 0.68688 0.978018 0.60734 0.535203
0.608753 0.105723 0.925364 0.871185 0.412293 0.688325
0.638377 0.0794784 0.936293 0.421129 0.105781 0.903033
end
gesture g4 hands 2
0.674869 0.0516337 0.924321 0.318274 0.0662288 0.905649
0.643531 0.11408 0.812784 0.32163 0.112449 0.810004
0.66467 0.551558 0.283344 0.255558 0.549069 0.248779
0.620207 0.828691 0.0717679 0.274791 0.797385 0.0372034
0.524717 0.93672 0.0293404 0.398638 0.945626 0
0.109062 0.93498 0.214796 0.648505 0.995201 0.0709647
0 0.766368 0.444534 0.86325 0.91649 0.224417
0.0356346 0.585502 0.63724 0.998482 0.732655 0.477639
0.340313 0.135806 0.936088 0.879087 0.346846 0.887291
0.595087 0.0104459 0.980859 0.392549 0.0440933 0.991822
0.65126 0 0.98269 0.340076 0.017645 0.990699
end
gesture g4 hands 2
0.695385 0.0201117 0.921462 0.263231 0 0.9273
0.685207 0.157081 0.687138 0.247456 0.173951 0.68055
0.710948 0.564287 0.227046 0.182217 0.589849 0.216316
0.504657 0.956176 0.0327666 0.228455 0.791293 0.0392677
0.315362 1 0.0721488 0.657667 0.908253 0.0575744
0.0154217 0.817982 0.39787 0.902171 0.858422 0.228673
0.0834399 0.459737 0.807275 0.990882 0.775046 0.403983
0.221466 0.271091 0.915947 0.91302 0.515972 0.83135
0.529953 0.0101848 0.980158 0.63226 0.173866 0.989931
0.720975 0.0516757 0.939792 0.27189 0.0198538 0.937368
0.727413 0.0527618 0.933728 0.273796 0.0194783 0.933135
end
gesture g4 hands 2
0.678524 0.0683467 0.89635 0.257632 0.0703646 0.895969
0.679959 0.664889 0.293546 0.261912 0.357974 0.607639
0.656813 0.850112 0.113264 0.211728 0.652401 0.291516
0.564896 0.945676 0.033626 0.216538 0.825708 0.0922844
0.363899 1 0.0624454 0.539732 0.968875 0.0244686
0.018667 0.846336 0.372177 0.802757 0.953026 0.178933
0.0696381 0.500216 0.804157 1 0.707365 0.589814
0.19088 0.318641 0.918232 0.945122 0.5007 0.828062
0.490211 0.0456214 0.999173 0.796193 0.331474 0.929648
0.566576 0.00388214 0.986781 0.452203 0.0356516 0.990247
0.678499 0.0638588 0.953193 0.271512 0.0736111 0.954621
end
gesture g4 hands 2
0.698211 0.0503225 0.948508 0.262538 0.0504652 0.941462
0.672133 0.118448 0.814521 0.258848 0.124275 0.811957
0.692675 0.469113 0.259381 0.192552 0.443654 0.239189
0.646286 0.635697 0.0809693 0.200799 0.632647 0.0618878
0.537162 0.811767 0.0159189 0.326466 0.878538 0.00346516
0.365795 0.90763 0.0529939 0.532389 0.997574 0.0315561
0.0840254 0.863821 0.264186 0.722628 0.982476 0.126825
0.00123093 0.763938 0.475583 0.982245 0.714242 0.481219
0.0957002 0.494659 0.809395 0.914913 0.461836 0.846724
0.518516 0.0224666 0.977384 0.444596 0.0231319 0.986902
0.674192 0.0376159 0.942781 0.282949 0.0219508 0.955507
end
gesture g4 hands 2
0.660823 0.136083 0.952508 0.298515 0.150712 0.942546
0.651756 0.250387 0.680412 0.307315 0.285764 0.691627
0.685767 0.615615 0.124025 0.251007 0.657398 0.099735
0.645381 0.767192 0.0264944 0.28024 0.80129 0.00682411
0.500931 0.934883 0.0275262 0.464688 0.946358 0.00445558
0.255047 1 0.116193 0.723414 0.974279 0.116221
0.00952304 0.888051 0.437347 0.979031 0.819958 0.459092
0.0968435 0.487245 0.830073 0.992249 0.681916 0.66025
0.34368 0.180571 0.989443 0.918107 0.486008 0.859883
0.59656 0.0598232 0.972722 0.625641 0.187237 0.990456
0.668663 0.041626 0.915362 0.31602 0 0.926459
end
gesture g4 hands 2
0.745101 0 0.722019 0.267278 0.0835303 0.784877
0.814349 0.289516 0.356509 0.128689 0.356808 0.413618
0.78361 0.482801 0.131753 0.121681 0.458553 0.28989
0.742706 0.58832 0.0580265 0.257079 0.747097 0.0354334
0.556907 0.802896 0.00617516 0.483036 0.906843 0.0227581
0.114336 1 0.318608 0.926716 0.915554 0.427319
0.00905497 0.934494 0.638791 0.980311 0.864246 0.577998
0.0430926 0.802859 0.910223 0.880289 0.369593 0.955406
0.159961 0.488109 1 0.680361 0.184605 0.913155
0.628675 0.129191 0.831671 0.335692 0.196712 0.803703
0.700661 0.126541 0.765419 0.331727 0.200886 0.797202
end
gesture g4 hands 2
0.681214 0.199304 0.886838 0.293615 0.231655 0.873399
0.742766 0.548236 0.320329 0.29554 0.189179 0.829708
0.702766 0.741751 0.0846168 0.242604 0.31093 0.617354
0.528113 0.898048 0 0.185966 0.743437 0.105801
0.266366 0.995309 0.138716 0.397569 0.945296 0.0080416
0.139192 0.971833 0.261839 0.532239 0.9925 0.0406918
0.00593912 0.70174 0.565078 0.805661 0.941516 0.221446
0.045834 0.36999 0.86644 0.973944 0.383217 0.85351
0.124941 0.230984 0.956562 0.799106 0.124313 0.985256
0.420537 0.0229446 0.982497 0.450455 0.00261333 0.952511
0.73355 0.0240874 0.885311 0.285039 0.0357072 0.904872
end
gesture g4 hands 2
0.742289 0.0100177 0.782238 0.208046 0.0150483 0.796454
0.859811 0.492931 0.202557 0.162763 0.0671557 0.732805
0.810954 0.773105 0.033667 0.0851932 0.247561 0.499695
0.710643 0.893254 0.00328369 0.0709025 0.67452 0.140089
0.473042 0.984775 0.0565473 0.269127 0.929355 0.0592946
0.194143 0.912196 0.258217 0.390654 0.979603 0.0802634
0.0305209 0.69991 0.521853 0.917718 0.820444 0.423352
0.00117785 0.488049 0.79268 0.988302 0.443653 0.798794
0.0785043 0.257694 0.965451 0.768139 0.0728327 0.90495
0.244273 0.0846571 0.979913 0.476862 0.0392412 0.775742
0.540283 0.00275015 0.851707 0.36906 0.0650071 0.742134
end
gesture g4 hands 2
0.570968 0.00914898 0.997675 0.346078 0.0197747 0.943358
0.732389 0.47936 0.325003 0.0655848 0.42267 0.365801
0.73596 0.605812 0.183381 0.0425705 0.553766 0.236571
0.661906 0.904069 0 0.176475 0.888844 0.0400967
0.372743 0.960949 0.0889372 0.420106 1 0.0633176
0.0386035 0.719418 0.487947 0.744024 0.931025 0.242507
0.00465285 0.444443 0.764365 0.874548 0.836086 0.376601
0.0408093 0.331117 0.862969 0.996 0.583011 0.650143
0.284617 0.142159 0.954048 0.92043 0.370348 0.860723
0.532922 0.116818 0.89136 0.443567 0.10629 0.857266
0.55738 0.111586 0.886741 0.344881 0.118355 0.834015
end
gesture g4 hands 2
0.707809 0.104417 0.862101 0.347003 0.135136 0.890253
0.821412 0.0744903 0.568812 0.189731 0.117021 0.62886
0.838877 0.225354 0.301429 0.126307 0.342248 0.233708
0.619756 0.83519 0.000137184 0.464642 0.890024 0.00949353
0.150307 0.979322 0.233543 0.730395 0.983578 0.111586
0.0115394 0.886485 0.507763 0.841309 0.983447 0.211048
0 0.822354 0.649435 1 0.750673 0.629318
0.218752 0.324734 0.984452 0.951992 0.507047 0.85815
0.381469 0.108436 0.991471 0.872446 0.379683 0.921281
0.667265 0.0032999 0.89521 0.444435 0.108771 0.914192
0.702186 0.0077693 0.882703 0.282849 0.094921 0.853714
end
gesture g4 hands 2
0.742622 0.0504934 0.851802 0.330339 0.00985175 0.893009
0.853459 0.118098 0.361548 0.158632 0.274245 0.31553
0.825015 0.349663 0.114097 0.239398 0.606014 0.0819414
0.650465 0.676403 0 0.456603 0.91035 0.0164638
0.380705 0.906744 0.0707099 0.71738 1 0.118741
0.0452846 0.974298 0.464505 0.920007 0.9401 0.340579
0.0022191 0.967243 0.635006 1 0.721819 0.643799
0.0462568 0.768091 0.894181 0.937986 0.377562 0.873566
0.29092 0.255606 1 0.776177 0.207532 0.947794
0.546142 0.093956 0.911114 0.56732 0.247777 0.910455
0.724971 0.134671 0.826356 0.382528 0.164048 0.898028
end
gesture g4 hands 2
0.744722 0.13977 0.851092 0.239585 0.222072 0.869585
0.889688 0.157453 0.51633 0.0604475 0.259423 0.57582
0.921895 0.32252 0.190077 0.0418781 0.400982 0.262536
0.689807 0.746859 0 0.235162 0.711207 0.0375803
0.318736 0.973634 0.113512 0.462537 0.911675 0.0317851
0.101091 1 0.317032 0.736825 0.992112 0.145771
0.00233476 0.930678 0.69904 0.999055 0.842309 0.596933
0.0810741 0.747007 0.888298 0.802741 0.389723 0.90972
0.292178 0.315819 1 0.436563 0.127438 0.891602
0.639688 0 0.918954 0.256942 0.0795085 0.866246
0.701776 0.0144215 0.893253 0.24895 0.0869818 0.86588
end
gesture g4 hands 2
0.567276 0.07205 0.96319 0.460794 0 0.988531
0.75627 0.221003 0.661136 0.351915 0.117177 0.827237
0.797265 0.271387 0.541273 0.147682 0.398726 0.405441
0.810831 0.5381 0.0833918 0.169604 0.675637 0.0856604
0.745647 0.623454 0.0236776 0.380446 0.882969 0.000769084
0.511556 0.797623 0.0135681 0.648741 0.991618 0.0609911
0.225358 0.887742 0.145379 0.890091 0.95457 0.259603
0.0384902 0.870772 0.395192 0.991599 0.682012 0.672909
0.00849351 0.771739 0.677438 0.81782 0.408612 0.898271
0.267611 0.345687 0.969309 0.517688 0.111241 0.964636
0.589906 0.0298924 0.991293 0.405742 0.0553422 0.959291
end
gesture g4 hands 2
0.625902 0.08046 0.962382 0.402729 0.0737106 0.956721
0.744899 0.142614 0.87342 0.275194 0.148454 0.848559
0.821189 0.411211 0.418491 0.112336 0.497164 0.406436
0.636504 0.867558 0.0379672 0.274772 0.828342 0.018165
0.361776 1 0.0298044 0.556207 0.953344 0.0175902
0.18705 0.938451 0.11764 0.7744 0.866865 0.119314
0 0.519445 0.474595 1 0.538576 0.52483
0.108906 0.209607 0.796967 0.976753 0.382013 0.725404
0.242988 0.105265 0.896666 0.787287 0.150375 0.935291
0.653014 0.00448801 0.995217 0.505422 0.0276477 0.960906
0.605485 0.0187206 1 0.404969 0.00260999 0.981118
end
gesture g4 hands 2
0.587998 0.0447338 0.972046 0.39168 0.00959566 0.982358
0.713319 0.177351 0.804535 0.134796 0.355488 0.536158
0.76203 0.519188 0.325679 0.19148 0.746677 0.0907381
0.523347 0.922141 0.0303311 0.373337 0.91445 0.00541119
0.288856 1 0.047699 0.621843 0.994725 0.0303405
0.114672 0.940294 0.151079 0.833785 0.967067 0.16529
0.000316388 0.601595 0.537354 1 0.674263 0.584056
0.102339 0.381627 0.776321 0.90366 0.410716 0.820707
0.252127 0.230264 0.906285 0.791068 0.245838 0.927159
0.542929 0.0948086 0.955505 0.386824 0.00270737 0.965935
0.621889 0.00246236 1 0.380855 0.00339183 0.973237
end
gesture g4 hands 2
0.629169 0.12575 0.894381 0.350568 0.0627 1
0.720363 0.225303 0.643652 0.22449 0.168173 0.796685
0.671491 0.595864 0.176126 0.149073 0.437884 0.335433
0.525663 0.829287 0.0533973 0.334085 0.811763 0
0.311444 0.964847 0.060583 0.597766 0.980894 0.0133255
0.139225 0.932807 0.139262 0.815452 0.985527 0.111629
0 0.564131 0.47531 1 0.610676 0.495679
0.0669476 0.371704 0.696385 0.944136 0.35268 0.720734
0.368141 0.0798642 0.91423 0.686374 0.0641951 0.91459
0.49989 0.035308 0.923895 0.436744 0 0.879548
0.620884 0.0355927 0.890331 0.406219 0.0628837 0.80412
end
gesture g4 hands 2
0.563358 0.0896859 0.92366 0.386641 0.0496906 0.920528
0.760185 0.231888 0.624707 0.211052 0.154239 0.788726
0.730522 0.629975 0.159429 0.133035 0.426921 0.336721
0.550911 0.876971 0.0145836 0.361672 0.830235 0.0137103
0.369977 0.985626 0.0143302 0.770367 0.948868 0.11934
0.055472 0.868268 0.237774 0.919955 0.900842 0.283309
0 0.641692 0.472856 1 0.732255 0.526087
0.159523 0.247912 0.832342 0.881062 0.353709 0.844695
0.298436 0.123513 0.939121 0.759841 0.17776 0.94544
0.551205 0.027548 1 0.474012 0.0256855 0.969171
0.635743 0.0647199 0.948892 0.341434 0.0243926 0.953894
end
gesture g4 hands 2
0.606306 0.101551 0.981657 0.378675 0.0783099 0.986362
0.73219 0.230099 0.77392 0.197425 0.221543 0.751964
0.749356 0.390113 0.490133 0.144777 0.437966 0.449671
0.587341 0.822206 0.0940011 0.3098 0.806952 0.0512922
0.369802 0.98272 0.0314671 0.545625 0.949511 0
0.0660983 0.879403 0.211657 0.747383 0.969601 0.0753323
0 0.688045 0.401112 0.994837 0.763422 0.434599
0.0519542 0.421799 0.670248 0.893235 0.351113 0.872634
0.309887 0.131666 0.928932 0.663976 0.116297 1
0.634533 0.0494298 0.960557 0.369757 0.0175971 0.956515
0.627606 0.0623983 0.956703 0.377543 0.00408868 0.961037
end
gesture g4 hands 2
0.585932 0.101683 0.921092 0.336863 0.0325191 0.926525
0.677825 0.217134 0.786018 0.196615 0.19689 0.772407
0.718936 0.637421 0.279533 0.127313 0.446118 0.492334
0.465954 0.960449 0.0189174 0.256447 0.805215 0.0635402
0.233178 1 0.0649071 0.442305 0.955901 0
0.0902091 0.88773 0.225687 0.698234 0.992351 0.080861
0.00536272 0.446296 0.65347 0.881746 0.870341 0.269115
0.112369 0.20855 0.863294 0.988668 0.472945 0.742429
0.251761 0.0720197 0.950771 0.88591 0.315358 0.922757
0.626701 0.0438445 0.995406 0.613136 0.109098 0.977637
0.587481 0.0467979 0.979394 0.352157 0.0108731 0.961051
end
gesture g4 hands 2
0.615734 0.152484 0.870095 0.382265 0.179844 0.82125
0.66005 0.122071 0.866382 0.359463 0.072067 0.990129
0.732184 0.213877 0.690592 0.342768 0.102922 0.961012
0.695281 0.555429 0.224657 0.302632 0.15764 0.860285
0.577087 0.764309 0.0912881 0.175712 0.394186 0.45785
0.331 0.978105 0.0665648 0.272571 0.727598 0.0933468
0.18176 0.999217 0.129854 0.584754 0.955077 0.0267444
0 0.687655 0.531301 0.962298 0.903472 0.306761
0.134782 0.308919 0.789368 0.918192 0.347468 0.780076
0.564348 0.0738553 0.935428 0.487724 0.0515653 0.912811
0.65476 0.0791323 0.890776 0.355312 0.0553685 0.92576
end
gesture g4 hands 2
0.631382 0.0569679 0.907695 0.346401 0 1
0.775102 0.198924 0.630521 0.342095 0.03347 0.951022
0.667325 0.586318 0.170112 0.153182 0.221903 0.61956
0.497956 0.80303 0.0464479 0.168987 0.635777 0.151084
0.266926 0.94347 0.0583954 0.301793 0.832723 0.0185877
0.110836 0.941514 0.152429 0.804673 0.992446 0.093298
0.0120267 0.812142 0.334593 0.959125 0.847651 0.3059
0.0663499 0.499517 0.623714 0.889763 0.290664 0.763859
0.317585 0.160726 0.828013 0.603513 0.0238596 0.882859
0.474377 0.0587127 0.876541 0.383548 0.0364126 0.942
0.605281 0.060551 0.923522 0.376278 0.0442885 0.943166
end
gesture g4 hands 2
0.609972 0.0605236 0.950763 0.360995 0 1
0.722858 0.181283 0.708554 0.340383 0.0148825 0.972292
0.700932 0.358404 0.417492 0.151244 0.382831 0.429969
0.566562 0.740722 0.0642423 0.23408 0.778286 0.0661701
0.360327 0.937812 0.0573325 0.508576 0.974617 0.0161665
0.16986 0.962857 0.123159 0.945272 0.889453 0.328672
0.0213689 0.850777 0.320594 1 0.713016 0.54633
0.0405031 0.504668 0.697314 0.879037 0.303041 0.891563
0.302545 0.179325 0.944982 0.50213 0.10899 0.950319
0.505176 0.120899 0.969005 0.38834 0.0797319 0.930258
0.598192 0.0812532 0.945858 0.400506 0.0438105 0.952668
end
gesture g4 hands 2
0.642901 0.116462 0.808791 0.364255 0.0776135 0.846675
0.720091 0.139646 0.454679 0.318151 0.0596633 0.744848
0.722452 0.197153 0.336455 0.263784 0.149359 0.481377
0.560864 0.726078 0.00291528 0.34234 0.644596 0.0808274
0.364006 0.917557 0.0412479 0.63293 0.972385 0.0896146
0.154979 0.983189 0.206199 0.850344 0.999414 0.235006
0 0.899966 0.67777 1 0.824786 0.620607
0.0253391 0.727791 0.836269 0.891987 0.355748 0.908062
0.19822 0.281044 0.998697 0.753429 0.170731 0.915753
0.411189 0.0651106 0.951929 0.452993 0.0383194 0.836544
0.655186 0.0142154 0.791713 0.386365 0.0834422 0.803194
end
gesture g4 hands 2
0.595814 0.054823 0.938907 0.366768 0.0206923 0.993638
0.673968 0.0816858 0.839606 0.262499 0.114242 0.822441
0.710336 0.212648 0.607079 0.174417 0.433559 0.341989
0.671436 0.629479 0.160934 0.224262 0.606562 0.154381
0.485084 0.870025 0.0379376 0.43215 0.901398 0
0.315341 0.965787 0.0425688 0.86583 0.958865 0.198714
0.0908034 0.909374 0.165857 0.986547 0.787331 0.403161
0.018314 0.522853 0.543546 0.931881 0.337645 0.766687
0.23247 0.168021 0.841876 0.680263 0.0458333 0.892538
0.60862 0.0675268 0.863638 0.372633 0.0100075 0.834311
0.639045 0.0502169 0.873081 0.357411 0.0134467 0.840719
end
gesture g4 hands 2
0.745499 0.0118336 0.821174 0.242612 0.0408599 0.822748
0.78108 0.488106 0.294221 0.144065 0.69153 0.183117
0.745801 0.772964 0.0694878 0.185923 0.797182 0.0888632
0.664289 0.895168 0.0147408 0.425548 0.961361 0.0299001
0.41438 0.992457 0.0470644 0.720376 0.975209 0.172655
0.127276 0.946422 0.275795 0.848534 0.941003 0.279682
0 0.730606 0.60434 0.993975 0.715119 0.589363
0.0596789 0.409142 0.878139 0.955507 0.393595 0.876027
0.254408 0.117648 0.995565 0.877214 0.23833 0.951949
0.630605 0.0566006 0.928795 0.506627 0.00305517 0.942236
0.655731 0.0546376 0.91777 0.349773 0.0382471 0.895297
end
gesture g4 hands 2
0.633869 0.0574094 0.941522 0.375836 0.035183 0.935786
0.714451 0.156271 0.807818 0.216348 0.279078 0.589379
0.77512 0.365548 0.414326 0.199664 0.559279 0.224555
0.64357 0.779487 0.0574416 0.326036 0.780619 0.0335631
0.402003 0.936826 0.0383836 0.563981 0.95881 0.0153974
0.0726119 0.898392 0.227431 0.77827 1 0.105951
0.00354619 0.759107 0.405129 0.922107 0.928806 0.258781
0.0323 0.522432 0.646271 1 0.770568 0.461602
0.290102 0.132106 0.925392 0.973404 0.507899 0.712467
0.618622 0.0363857 0.939166 0.775599 0.141811 0.94329
0.628806 0.00561494 0.98442 0.383865 0.0105631 0.946516
end
gesture g4 hands 2
0.680921 0.169526 0.820571 0.334942 0.177472 0.850441
0.66628 0.218929 0.594859 0.19504 0.456781 0.365042
0.647148 0.569724 0.113821 0.160291 0.606941 0.137446
0.645947 0.856459 0 0.152822 0.824966 0.0363424
0.542042 0.897357 0.0440115 0.198379 0.884742 0.0512854
0.217619 0.932059 0.319367 0.760063 1 0.317238
0 0.70314 0.779284 0.899887 0.903919 0.502708
0.0579031 0.455309 0.966503 0.991075 0.639474 0.709913
0.117951 0.358122 0.999092 0.950089 0.346013 0.876057
0.625145 0.0239371 0.852955 0.757833 0.145581 0.916753
0.688768 0 0.835037 0.353565 0.0170559 0.851462
end
gesture g4 hands 2
0.694778 0 0.801811 0.245195 0.0631747 0.841313
0.771491 0.34457 0.276319 0.0950104 0.455465 0.308508
0.789409 0.678016 0.0876777 0.1064 0.706704 0.124315
0.601303 0.991103 0 0.3244 0.933066 0.0340699
0.302949 0.999693 0.133262 0.789941 0.907954 0.229559
0.110062 0.899454 0.357585 0.885467 0.849518 0.325966
0 0.670998 0.636986 0.958999 0.333572 0.807783
0.0468599 0.373433 0.892899 0.879229 0.220402 0.893442
0.219153 0.156559 0.994489 0.630333 0.0805201 0.942412
0.438225 0.0656534 0.960526 0.382827 0.0903931 0.925717
0.628253 0.0692594 0.906375 0.318834 0.125125 0.918733
end
gesture g4 hands 2
0.605885 0.0944549 0.912368 0.432733 0.124661 0.914983
0.728772 0.211931 0.498272 0.221143 0.419071 0.311645
0.763963 0.39722 0.225141 0.216306 0.5189 0.205319
0.660999 0.883115 0 0.475878 0.985061 0.0630663
0.561502 0.95472 0.0102896 0.714175 0.968203 0.170478
0.354718 0.949753 0.137394 0.93922 0.714998 0.379384
0.101932 0.733195 0.446538 0.988445 0.548952 0.524467
0 0.441839 0.786778 0.943864 0.240979 0.78765
0.11626 0.204397 0.982193 0.857854 0.130635 0.852531
0.385817 0.0458664 0.970789 0.570382 0.0355045 0.868508
0.574468 0 0.905136 0.392378 0.0275789 0.858419
end
gesture g4 hands 2
0.5916 0.0690681 0.98119 0.517356 0.0408333 0.970859
0.795128 0.108158 0.796314 0.316299 0.138071 0.705323
0.879218 0.242113 0.596961 0.240807 0.298179 0.488143
0.944402 0.552224 0.166448 0.17479 0.714298 0.095662
0.903565 0.738824 0.0412603 0.202017 0.816936 0.0434402
0.567791 0.962004 0.027176 0.495049 1 0.0460255
0.243836 0.94475 0.152591 0.680152 0.969035 0.118311
0 0.72437 0.411238 0.954585 0.792049 0.343576
0.157841 0.379667 0.678613 0.97252 0.573285 0.547852
0.279879 0.250753 0.786325 0.536772 0.0954877 0.931626
0.59999 0.0868971 0.975833 0.50407 0.0772783 0.953321
end
gesture g4 hands 2
0.63985 0.0195271 0.92434 0.339891 0.00765552 0.912837
0.765887 0.375237 0.308798 0.134221 0.433643 0.320149
0.749462 0.646633 0.0652436 0.115469 0.575701 0.200984
0.705726 0.774681 0.0129521 0.173905 0.852296 0.0596884
0.496077 0.982571 0.0157297 0.282063 0.949128 0.0386148
0.356424 0.985179 0.0798261 0.86636 0.889332 0.335456
0.0886634 0.856474 0.33902 0.945906 0.8111 0.480466
0 0.613958 0.666506 0.997863 0.520854 0.784342
0.134224 0.277109 0.978685 0.860118 0.159035 0.952781
0.462048 0.101767 0.950607 0.7439 0.0606562 0.970352
0.570611 0.0881274 0.912203 0.384558 0.102707 0.879597
end
gesture g4 hands 2
0.67366 0.0621626 0.862058 0.428094 0.122349 0.85678
0.705606 0.122814 0.663026 0.203804 0.446579 0.303652
0.814284 0.585432 0.140137 0.205836 0.713747 0.120907
0.762357 0.813406 0.0130354 0.248265 0.833018 0.0808277
0.560199 1 0.0168154 0.465377 0.966283 0.0899163
0.15261 0.843278 0.336141 0.75307 0.906249 0.233694
0.00787695 0.548459 0.665916 0.998142 0.557296 0.608274
0.0951918 0.259585 0.928403 0.943587 0.193574 0.843912
0.199657 0.167927 0.988243 0.843695 0.0895227 0.905642
0.420356 0.0200933 0.976014 0.511971 0.0116472 0.875736
0.542102 0.00136821 0.922538 0.476823 0.0309079 0.857559
end
gesture g4 hands 2
0.660893 0.012519 0.885197 0.412032 0.101928 0.860093
0.78576 0.299277 0.442948 0.145321 0.438376 0.320089
0.80649 0.601704 0.167252 0.11432 0.702246 0.143136
0.732544 0.827856 0.0176285 0.15449 0.813114 0.0887985
0.576074 0.993173 0.0142015 0.386453 0.947311 0.0682369
0.469984 0.98937 0.0715012 0.676789 0.896666 0.202208
0.326803 0.92897 0.164203 0.935744 0.718904 0.435879
0.0668962 0.687383 0.475185 1 0.587565 0.579114
0.00141834 0.457674 0.793338 0.954593 0.302218 0.840723
0.144608 0.257806 0.971278 0.626219 0.0763527 0.96447
0.422944 0.126909 0.979061 0.52545 0.0830292 0.957471
end
gesture g4 hands 2
0.605669 0.0616543 0.958325 0.317469 0.100205 0.933578
0.736317 0.36249 0.29158 0.243853 0.141215 0.625984
0.749386 0.627796 0.0823981 0.150431 0.364137 0.336221
0.554947 0.951645 0.00770993 0.195883 0.709686 0.0556872
0.313216 0.997156 0.140297 0.385223 0.918845 0.0343435
0.0907976 0.890809 0.409283 0.821818 0.96145 0.244743
0.0190879 0.764218 0.57131 0.987503 0.721894 0.527362
0.0273679 0.497118 0.836246 0.974156 0.463553 0.808284
0.103805 0.394944 0.928765 0.906372 0.342149 0.912175
0.604026 0 0.95121 0.48695 0.10864 0.944712
0.683842 0.010865 0.927961 0.314636 0.104735 0.902977
end
gesture g4 hands 2
0.600714 0.0803513 0.972802 0.590241 0.00582671 0.988018
0.736226 0.0834923 0.918551 0.35701 0.277257 0.642038
0.942914 0.49816 0.389881 0.315903 0.379294 0.521327
0.999983 0.77099 0.102924 0.157235 0.778185 0.121363
0.987262 0.837875 0.0514209 0.212134 0.918857 0.0300696
0.713084 0.946695 0.00322082 0.3888 0.989238 0.0110217
0.186104 0.90202 0.141844 0.813525 0.933858 0.13413
0.0325311 0.779258 0.276607 0.995699 0.720758 0.390697
0.0067809 0.662291 0.417997 0.860949 0.475912 0.649992
0.506049 0.224406 0.889091 0.601688 0.226814 0.904389
0.623167 0.194934 0.944354 0.527062 0.206155 0.939716
end
gesture g4 hands 2
0.653553 0.0300991 0.999397 0.560305 0.00552653 0.997718
0.901279 0.13652 0.687231 0.509325 0.000626411 0.965451
0.933358 0.205208 0.565761 0.33462 0.123162 0.704883
0.875199 0.659638 0.105132 0.175811 0.45213 0.333627
0.801636 0.841344 0.0272946 0.155202 0.855298 0.0296194
0.682097 0.935138 0.0120975 0.266997 0.975277 0
0.388964 0.973753 0.0857155 0.539053 0.990058 0.0504348
0.00883993 0.768706 0.340968 0.877889 0.872658 0.229551
0.0277558 0.64387 0.48448 0.98654 0.628031 0.544021
0.640815 0.183234 0.930795 0.873257 0.353337 0.751142
0.688946 0.165309 0.964891 0.472002 0.163304 0.935164
end
gesture g4 hands 2
0.625639 0.104901 0.984789 0.458755 0.0779826 0.994138
0.781481 0.03086 0.861197 0.3448 0 0.8524
0.874625 0.139502 0.61834 0.243283 0.130751 0.612756
0.897447 0.505874 0.235222 0.117538 0.704373 0.126142
0.858258 0.759671 0.063298 0.192557 0.933823 0.0107975
0.702437 0.94866 0.0121814 0.743694 0.920433 0.109089
0.354704 0.973893 0.0785087 0.972064 0.714631 0.335236
0.0153493 0.736744 0.325395 0.890353 0.364903 0.685939
0.0264414 0.560718 0.497533 0.828195 0.291272 0.747682
0.314777 0.242526 0.776124 0.503726 0.145681 0.970915
0.587133 0.0955165 1 0.505913 0.120041 0.989832
end
gesture g4 hands 2
0.685702 0.121436 0.961682 0.460083 0.0923632 0.940742
0.914419 0 0.763356 0.302629 0.0255529 0.738082
0.98492 0.641825 0.120296 0.183509 0.339617 0.352929
0.880534 0.929599 0.0118 0.210119 0.84677 0.0362797
0.615396 1 0.0183866 0.399764 0.974756 0.0190302
0.0807626 0.786253 0.301609 0.835482 0.762531 0.231924
0 0.519258 0.500193 0.970673 0.501603 0.520253
0.092633 0.311317 0.693499 0.909932 0.283161 0.804484
0.325983 0.131787 0.915254 0.735958 0.159954 0.977387
0.413117 0.0903322 0.958721 0.503799 0.0971459 0.990324
0.649477 0.0718084 1 0.478441 0.0960988 0.986205
end
gesture g4 hands 2
0.567666 0.0631661 0.988201 0.497862 0.0762677 0.94561
0.892384 0.12559 0.546902 0.402163 0 0.843883
0.974363 0.650262 0.0788512 0.24578 0.0554444 0.638458
0.783269 0.965369 0 0.128321 0.403257 0.232184
0.400916 0.992557 0.0601782 0.159095 0.902656 0.0138876
0.00441132 0.684283 0.401239 0.271541 0.975988 0.010801
0.0101987 0.607157 0.486614 0.675439 0.922872 0.097117
0.236594 0.315783 0.781091 0.976844 0.743115 0.374628
0.294439 0.263044 0.841225 1 0.624684 0.558665
0.585563 0.149071 0.957926 0.816095 0.276174 0.846094
0.603184 0.161509 0.957926 0.48214 0.142084 0.930549
end
gesture g4 hands 2
0.687791 0.0233421 0.976411 0.399563 0.046207 0.960828
0.931615 0.066776 0.721133 0.124902 0.124885 0.591384
0.949497 0.120592 0.573381 0.0655586 0.431961 0.233005
0.873793 0.613551 0.0723418 0.0952948 0.659781 0.0798046
0.77858 0.756373 0.0196955 0.284842 0.902227 0
0.287257 1 0.107266 0.551027 0.988119 0.0233799
0.00524568 0.777666 0.432601 0.879163 0.881175 0.2071
0 0.685016 0.525014 0.995719 0.563361 0.59773
0.209472 0.305368 0.852185 0.912611 0.406148 0.75496
0.291307 0.209539 0.910718 0.569068 0.0968214 0.935194
0.62353 0 0.997558 0.377566 0.052132 0.948429
end
gesture g4 hands 2
0.54128 0.12468 0.950372 0.39079 0.0685645 0.92954
0.757656 0.274045 0.712698 0.136158 0.340783 0.658901
0.77699 0.40883 0.47233 0.092291 0.520542 0.432501
0.749935 0.629349 0.230481 0.119553 0.716834 0.179445
0.556112 0.871229 0.0572334 0.311958 0.920978 0.0160335
0.367057 0.966462 0.050025 0.764228 0.958574 0.133366
0.185308 0.946514 0.125454 0.960978 0.74632 0.380897
0 0.643335 0.467772 0.940489 0.373405 0.767274
0.063512 0.469317 0.638437 0.705865 0.145194 0.946113
0.329337 0.161798 0.878626 0.398113 0.0441078 0.957385
0.637848 0.00559226 0.990366 0.371557 0.0259059 0.95743
end
gesture g4 hands 2
0.702851 0.0962314 0.962882 0.426119 0.101535 0.945518
0.879708 0.0234244 0.74324 0.277086 0.0221852 0.73128
0.920569 0.373387 0.259036 0.174442 0.407884 0.275208
0.891807 0.759567 0.0382561 0.184672 0.690256 0.074322
0.695474 0.94448 0 0.225864 0.795584 0.03412
0.227264 0.986418 0.122883 0.522872 0.939207 0.0353621
0.140798 0.963754 0.17354 0.814768 0.938725 0.144665
0.0145209 0.628007 0.518527 0.974502 0.822447 0.317874
0.296676 0.233021 0.837412 0.959765 0.517059 0.59639
0.365391 0.178133 0.890055 0.529819 0.179029 0.970298
0.617084 0.139689 1 0.502296 0.169666 0.983629
end
gesture g4 hands 2
0.704244 0.0107965 0.996836 0.389896 0 0.988054
0.807634 0.0802212 0.866931 0.307365 0.0559318 0.877875
0.858933 0.328348 0.394811 0.239709 0.349616 0.416286
0.864432 0.704836 0.095953 0.262047 0.819532 0.0668083
0.720337 0.914562 0.00569055 0.35314 0.931036 0.0436428
0.606687 0.957262 0.000637036 0.774487 0.945472 0.130954
0.216982 0.990576 0.124512 0.854191 0.91154 0.198794
0.0651536 0.894867 0.273017 0.998635 0.642678 0.534534
0.0179986 0.580562 0.622092 0.993349 0.554065 0.61212
0.597339 0.134693 0.996688 0.739259 0.278337 0.873819
0.668425 0.116695 0.980741 0.44434 0.110195 0.972533
end
gesture g4 hands 2
0.687597 0.0678319 0.9945 0.418274 0.0356268 0.99432
0.872477 0.102271 0.695809 0.25767 0.117906 0.703196
0.885066 0.469869 0.183741 0.20587 0.570659 0.182585
0.790866 0.819497 0.0136153 0.271684 0.770988 0.0450886
0.71188 0.899083 0 0.514896 0.957186 0.0275709
0.488087 1 0.0321953 0.808812 0.93686 0.183193
0.17373 0.955571 0.192934 0.985684 0.5594 0.561602
0.00483425 0.650911 0.502398 0.96127 0.503699 0.618426
0.123643 0.353921 0.769543 0.697682 0.168632 0.868248
0.630864 0.00711194 0.958207 0.627153 0.120621 0.898319
0.701347 0.0330385 0.939432 0.382108 0.0135581 0.937973
end
gesture g4 hands 2
0.643362 0.0765858 1 0.434142 0.0383351 0.987765
0.820291 0.140893 0.617959 0.310705 0.0822232 0.682372
0.912579 0.549334 0.159355 0.284003 0.170061 0.569868
0.754329 0.904384 0 0.218621 0.622104 0.138161
0.348977 0.986541 0.0939895 0.227247 0.732029 0.0787547
0.0312637 0.781847 0.355204 0.401241 0.964369 0.0351711
0.030796 0.546944 0.594411 0.589628 0.999032 0.071275
0.255056 0.201411 0.828891 0.977496 0.814985 0.345784
0.608293 0.06658 0.947252 0.985021 0.574991 0.553368
0.671891 0.0555585 0.944765 0.529893 0.0971647 0.893427
0.426448 0.137546 0.960855 0.380172 0.0691203 0.913379
end
gesture g4 hands 2
0.640173 0.0301144 0.764987 0.18543 0.0314804 0.753831
0.722566 0.250357 0.476115 0.193011 0.0178573 0.75978
0.707508 0.683254 0.112564 0.129453 0.0799479 0.55664
0.597017 0.857722 0.0424508 0.0674936 0.424026 0.223976
0.226076 0.947461 0.155811 0.215655 0.876769 0.000733427
0.140821 0.922809 0.218834 0.415063 0.984501 0.0152124
0.0118725 0.804686 0.488638 0.890227 0.941523 0.320766
0.0527529 0.473098 0.849416 0.988213 0.800908 0.555092
0.104574 0.367315 0.908636 0.907268 0.397707 0.908725
0.398034 0.106304 0.989995 0.630659 0.222231 0.998913
0.64517 0 0.912656 0.274236 0.0466085 0.914675
end
gesture g4 hands 2
0.690461 0.0550402 0.975615 0.229547 0.10559 0.952159
0.845288 0.508243 0.4303 0.0535198 0.507518 0.44332
0.859782 0.611289 0.293583 0.0356705 0.620033 0.303968
0.855814 0.797807 0.0854315 0.241028 0.941529 0.00368136
0.810479 0.888093 0.0284884 0.481718 0.955772 0.00550514
0.435247 0.995473 0.0500025 0.865376 0.84305 0.252024
0.063279 0.848011 0.324824 0.99386 0.55412 0.650187
0.0279565 0.477639 0.719913 0.96719 0.463754 0.743605
0.353443 0.104077 0.978858 0.82691 0.286542 0.854484
0.597451 0.00946586 0.992131 0.482466 0.0893388 0.969792
0.649421 0 0.982134 0.340782 0.0676475 0.959387
end
gesture g4 hands 2
0.670563 0.00186495 0.860785 0.388961 0.00386306 0.911919
0.777656 0.412661 0.33532 0.124078 0.437499 0.380983
0.776886 0.51989 0.216394 0.121735 0.643586 0.176508
0.605924 0.796304 0.00973689 0.387438 0.879804 0.04322
0.289187 1 0.143611 0.656242 0.938115 0.141891
0.178613 0.966521 0.275661 0.895384 0.806723 0.374926
0.0147926 0.401267 0.893643 0.971383 0.671844 0.52443
0.0797008 0.277233 0.971538 0.98666 0.375651 0.812922
0.38184 0.0675372 0.951576 0.831108 0.182192 0.922014
0.592534 0.0424039 0.82363 0.358899 0.103497 0.813769
0.604075 0.0486459 0.821741 0.345181 0.108747 0.817351
end
gesture g4 hands 2
0.704681 0.0185876 0.908886 0.374274 0.0922382 0.918009
0.702733 0.188703 0.605232 0.290018 0.129523 0.746156
0.758889 0.766968 0.0637197 0.178441 0.326065 0.457538
0.615777 0.976428 0 0.112877 0.620525 0.202177
0.457842 0.977822 0.0543978 0.145005 0.774888 0.125046
0.184917 0.885611 0.253315 0.352716 0.973755 0.0637919
0.0208758 0.724074 0.528161 0.554845 1 0.122189
0 0.618874 0.67659 0.920528 0.8051 0.381098
0.0816536 0.387856 0.924252 0.916727 0.295488 0.827166
0.276617 0.182778 0.993475 0.696032 0.104134 0.906342
0.606984 0.0805903 0.887957 0.376419 0.0786874 0.86295
end
gesture g4 hands 2
0.70653 0.00921376 0.988328 0.218388 0.0823316 0.980721
0.803738 0.402872 0.504449 0.132258 0.237804 0.74306
0.812814 0.506056 0.372172 0.103059 0.321389 0.618809
0.765312 0.817244 0.102711 0.122856 0.657237 0.163945
0.601896 0.990246 0.0271053 0.211274 0.764837 0.0366755
0.181611 0.885871 0.171221 0.494774 0.924291 0.0081243
0 0.647056 0.415712 0.881843 0.800111 0.244095
0.0725604 0.380668 0.761343 0.998182 0.615542 0.548077
0.358363 0.110098 0.984249 0.92141 0.362715 0.80328
0.443733 0.0674564 0.997215 0.707373 0.167405 0.979726
0.742619 0.00786972 0.959975 0.354278 0.0930616 0.966893
0.0 0.0 0.0 0.28707 0.0564398 0.948986
end
gesture g4 hands 2
0.696238 0.0102931 0.899128 0.200678 0.0702521 0.885826
0.730028 0.322729 0.614997 0.086601 0.377091 0.61533
0.774136 0.736876 0.193622 0.0673387 0.776446 0.0878637
0.720258 0.884729 0.0633103 0.125408 0.826456 0.0296968
0.467099 0.998083 0.0674753 0.435153 0.930543 0.0288125
0.258664 0.972085 0.162471 0.682704 0.93601 0.158982
0.107422 0.865897 0.308701 0.877397 0.840841 0.347117
0 0.548516 0.685831 0.997415 0.499183 0.737426
0.160507 0.188293 0.951903 0.686956 0.154829 0.946332
0.340131 0.0827049 0.996434 0.62071 0.128985 0.981677
0.539591 0.0365989 0.965482 0.408297 0.0841425 0.972634
end
gesture g4 hands 2
0.525364 0.26265 0.774528 0.450703 0.259993 0.78531
0.609085 0.395155 0.350641 0.063918 0.607885 0.115227
0.740553 0.653589 0.0416049 0.126554 0.806806 0.0583221
0.556041 0.914053 0.0193964 0.349358 0.965137 0.0622633
0.11262 0.949764 0.357483 0.732364 0.989559 0.235968
0.00257459 0.753292 0.620065 0.927102 0.88364 0.434647
0.00864671 0.607608 0.747537 0.980083 0.746176 0.546309
0.107457 0.263403 0.942342 0.980976 0.402434 0.750635
0.206426 0.133254 0.993667 0.905143 0.242927 0.83316
0.547195 0.0757495 0.907513 0.454955 0 0.904944
0.658825 0.109844 0.878617 0.324211 0.0836483 0.879902
end
gesture g4 hands 2
0.661228 0.0287989 0.874995 0.430415 0.0868784 0.870622
0.882537 0.200556 0.541058 0.123417 0.286079 0.42428
0.915286 0.356164 0.325793 0.101637 0.381038 0.309037
0.880111 0.637711 0.0663245 0.119775 0.600935 0.117358
0.741614 0.822753 0.003931 0.337554 0.904346 0.0108495
0.256258 0.959979 0.152064 0.733752 0.992015 0.120459
0.0693627 0.940865 0.353047 0.999362 0.777894 0.508797
0.0125425 0.729525 0.750033 0.872394 0.274641 0.899275
0.258469 0.213453 1 0.726959 0.143944 0.952671
0.513237 0.0430684 0.925551 0.498347 0.125556 0.90373
0.635155 0 0.862699 0.457176 0.123098 0.895977
end
gesture g4 hands 2
0.686547 0.000342052 0.918371 0.233468 0.0522863 0.912599
0.777035 0.340175 0.42107 0.0972676 0.210986 0.574551
0.780004 0.57682 0.193797 0.096944 0.62413 0.107078
0.694779 0.858882 0.0122754 0.194935 0.768653 0.00534601
0.322166 0.992631 0.0862836 0.402287 0.863333 0.0119581
0.14967 0.90156 0.224486 0.511675 0.891948 0.0321799
0 0.602716 0.573979 0.913074 0.814728 0.34876
0.121985 0.273572 0.883028 0.985334 0.522123 0.691879
0.270625 0.131049 0.96347 0.846889 0.322189 0.863853
0.576561 0.036056 0.985857 0.545437 0.156332 0.948031
0.608216 0.00484183 0.979571 0.360561 0.0637019 0.946815
end
gesture g4 hands 2
0.660489 0 0.940348 0.218753 0.0939712 0.92793
0.689777 0.274433 0.650953 0.126266 0.211895 0.754092
0.69912 0.394713 0.542281 0.0519449 0.546577 0.307006
0.646545 0.900459 0.0272853 0.257368 0.819601 0
0.230844 0.969276 0.116489 0.677369 0.865366 0.128444
0.147891 0.925702 0.180163 0.869997 0.825917 0.311058
0.00330704 0.640863 0.535365 0.976052 0.486329 0.732796
0.0694568 0.335677 0.869606 0.714265 0.252226 0.916871
0.300007 0.131651 0.990099 0.661802 0.219848 0.952211
0.600508 0.0469668 0.959298 0.357888 0.142786 0.957482
0.634937 0.0523062 0.954027 0.279956 0.118976 0.951907
end
gesture g4 hands 2
0.589938 0.124847 0.944858 0.326198 0.144633 0.94278
0.656185 0.0869461 0.790149 0.2465 0.0379128 0.894887
0.68834 0.470736 0.243785 0.20279 0.132758 0.698176
0.566914 0.820222 0.0137064 0.199476 0.590529 0.153008
0.506883 0.885364 0.000850755 0.305813 0.777712 0.019567
0.152453 0.999354 0.178435 0.610678 0.894601 0.0352585
0.00257478 0.707517 0.55755 0.945471 0.845997 0.368088
0.0886478 0.208692 0.890347 0.984929 0.477726 0.732111
0.220751 0.0821978 0.969183 0.839794 0.216592 0.889058
0.513195 0 0.985379 0.494769 0.0911098 0.995746
0.539021 0.00817403 0.978194 0.462703 0.0618057 0.994265
end
gesture g4 hands 2
0.615375 0.0142123 0.942659 0.183537 0.119681 0.860575
0.706352 0.288816 0.563891 0.00252638 0.605887 0.247791
0.760761 0.521691 0.312452 0.00117555 0.710897 0.144144
0.764263 0.734712 0.125561 0.118009 0.924077 0
0.677015 0.903993 0.0476668 0.467334 0.929523 0.0526591
0.329152 0.952261 0.121 0.915234 0.626855 0.399839
0.250875 0.900458 0.172048 0.979298 0.531408 0.506374
0.0341044 0.579534 0.449968 0.997333 0.351253 0.707433
0.0439659 0.256082 0.806967 0.973159 0.267849 0.779459
0.368354 0.0321123 0.99623 0.566279 0.098901 0.958171
0.525632 0 0.985558 0.308853 0.132006 0.903079
end
gesture g4 hands 2
0.610513 0.000557956 0.886191 0.200283 0.0823557 0.890454
0.644283 0.0677901 0.832559 0.0654756 0.477463 0.324798
0.736986 0.451957 0.348487 0.0433364 0.752895 0.0744183
0.721008 0.859725 0.0533193 0.319692 0.944187 0.0173957
0.606547 0.986033 0.0287884 0.506531 0.89885 0.0726787
0.546728 0.996992 0.0419089 0.785417 0.801678 0.246135
0.248592 0.898139 0.174442 0.994266 0.57057 0.523582
0.00855013 0.651392 0.455515 0.989707 0.389188 0.697008
0.0593321 0.268664 0.796736 0.817582 0.248079 0.875329
0.102383 0.202157 0.8588 0.483375 0.0883861 0.969266
0.510544 0.0610715 0.988265 0.37666 0.0819139 0.948155
end
gesture g4 hands 2
0.704717 0.0720941 0.864487 0.117372 0.0938479 0.843931
0.713217 0.250699 0.609906 0.0513272 0.276896 0.585185
0.773757 0.643249 0.197018 0.00964085 0.604553 0.156493
0.778269 0.732385 0.123373 0.108605 0.794722 0.00637304
0.591678 1 0.0418552 0.299844 0.876878 0.0141623
0.520486 0.970949 0.0661861 0.703536 0.810592 0.166039
0.332806 0.90524 0.146996 0.989354 0.583289 0.529726
0.0665861 0.632894 0.407696 0.9657 0.419912 0.778473
0.0919102 0.312259 0.76671 0.68473 0.147998 0.9623
0.390559 0.048084 0.971327 0.490827 0.0692983 0.998102
0.610468 0 0.949432 0.261478 0.107393 0.942161
end
gesture g4 hands 2
0.729239 0.0962719 0.848471 0.297537 0.121579 0.863778
0.725648 0.275695 0.420924 0.152288 0.448524 0.288214
0.718219 0.597668 0.119122 0.172508 0.722179 0.082463
0.562306 0.955595 0.00414013 0.364497 0.950125 0.0501128
0.463029 0.993495 0.0541359 0.488152 1 0.0911715
0.182121 0.9206 0.289354 0.813517 0.937804 0.284588
0.00631539 0.625188 0.630644 0.995781 0.632142 0.569372
0.0426294 0.308518 0.921937 0.948548 0.308242 0.850358
0.238305 0.111836 1 0.714819 0.0731819 0.953234
0.477655 0.0408816 0.953459 0.441134 0.000354838 0.943497
0.616872 0.0582345 0.906233 0.311608 0.0160863 0.92351
end
gesture g4 hands 2
0.693935 0.0709381 0.997275 0.399482 0.056821 0.974098
0.87927 0.0505852 0.739566 0.230337 0.0744025 0.737568
0.910526 0.367195 0.290186 0.190993 0.257551 0.472593
0.850634 0.77788 0.0268941 0.182421 0.540219 0.229703
0.563995 0.977174 0.0233496 0.206457 0.660536 0.136194
0.165587 0.94607 0.220514 0.419822 0.943057 0.0447009
0.100894 0.888347 0.288259 0.773236 0.950872 0.183957
0.0239519 0.590245 0.604475 0.857233 0.922868 0.24973
0.0608961 0.498336 0.679641 0.96605 0.493655 0.652167
0.549889 0.0673603 0.977625 0.612693 0.129932 0.917807
0.587383 0.0488949 0.981635 0.510981 0.0860856 0.956664
end
gesture g4 hands 2
0.686918 0.049582 0.957739 0.392674 0.0238242 0.956303
0.909492 0.143266 0.554823 0.378253 0.00315305 0.965471
0.926495 0.586381 0.124424 0.261693 0.0234486 0.807692
0.884449 0.703671 0.0554452 0.158432 0.552685 0.158809
0.667996 0.913544 0 0.283396 0.810157 0.0511056
0.406742 1 0.066185 0.564619 0.982554 0.0766235
0.108495 0.91878 0.285958 0.761989 0.935186 0.20633
0 0.676141 0.554976 0.990058 0.692348 0.531188
0.171979 0.320512 0.864268 0.927872 0.363329 0.808216
0.635707 0.091543 0.9957 0.64213 0.180407 0.94517
0.676533 0.0882875 0.991356 0.428626 0.152891 0.980337
end
gesture g4 hands 2
0.708535 0.00348947 0.82813 0.201222 0.036075 0.81718
0.723806 0.145532 0.637292 0.0961952 0.516738 0.224442
0.78568 0.486434 0.258236 0.0959892 0.624146 0.134613
0.572303 0.966308 0.0166376 0.176282 0.816386 0.0209707
0.387004 0.994302 0.0551831 0.262683 0.902302 0.0083366
0.0972235 0.842449 0.226376 0.70902 0.917636 0.111122
0.0504247 0.762557 0.305864 0.98061 0.630935 0.458222
0.0668613 0.363264 0.788449 1 0.500986 0.644503
0.324653 0.0982346 0.978509 0.9021 0.301307 0.837052
0.51973 0.0197755 0.993214 0.692502 0.13629 0.926396
0.565973 0.0140254 0.974312 0.336624 0.0869655 0.918124
end
gesture g4 hands 2
0.728259 0.169213 0.86183 0.31068 0.192146 0.899975
0.714011 0.281088 0.520219 0.18706 0.509582 0.394588
0.71923 0.427554 0.378629 0.156388 0.715766 0.142063
0.714971 0.730859 0.125477 0.218027 0.877547 0.0309587
0.660525 0.911508 0.0116352 0.313531 0.919785 0.024143
0.360151 0.984111 0.075429 0.856578 0.941688 0.278293
0.119526 0.948115 0.29282 0.9372 0.856865 0.402487
0.00324795 0.621988 0.694233 0.995745 0.542519 0.661883
0.125541 0.232904 0.904977 0.874192 0.186465 0.871885
0.314591 0.0358238 0.993324 0.513473 0.00521192 0.945346
0.712413 0.0300937 0.87746 0.269412 0.0377975 0.882151
end
gesture g4 hands 2
0.74404 0.167803 0.705496 0.268262 0.210449 0.766437
0.758121 0.389749 0.398906 0.134049 0.640525 0.209894
0.732701 0.826862 0.0137337 0.152805 0.74129 0.126471
0.411908 0.992112 0.0477935 0.277828 0.900383 0.0476783
0.130296 0.941 0.269678 0.557361 0.980377 0.106119
0.0412624 0.848935 0.415622 0.870398 0.861938 0.293369
0.00734456 0.563843 0.750674 0.995291 0.63501 0.565585
0.148608 0.198202 0.972559 0.93233 0.314613 0.783493
0.24839 0.0784429 1 0.837307 0.196781 0.840495
0.646039 0.0790821 0.78217 0.35154 0.143867 0.750951
0.678224 0.100664 0.754598 0.327119 0.1745 0.744019
end
gesture g4 hands 2
0.76226 0.0525691 0.700436 0.299026 0.119882 0.717382
0.75732 0.177922 0.489522 0.208832 0.684389 0.119084
0.737691 0.54621 0.215246 0.237081 0.842936 0.0462548
0.673376 0.942154 0.0079365 0.534582 0.992386 0.0523758
0.603445 0.988793 0 0.803649 0.930232 0.225629
0.128772 0.931206 0.344357 0.904229 0.856943 0.355985
0.0276337 0.811572 0.507859 0.99983 0.618149 0.650258
0.0379782 0.4615 0.824904 0.918967 0.268956 0.878992
0.360104 0.0832833 1 0.697528 0.0434427 0.954881
0.70823 0.0421789 0.803118 0.468814 0.0145598 0.895433
0.751777 0.105112 0.746758 0.349942 0.120513 0.75382
end
gesture g4 hands 2
0.776334 0.19827 0.698166 0.279597 0.193368 0.718554
0.775746 0.22907 0.578513 0.227981 0.241393 0.593932
0.817254 0.511692 0.284005 0.118005 0.477756 0.308748
0.739944 0.872037 0.00340694 0.177972 0.780736 0.0378836
0.542231 1 0.0252318 0.312968 0.867269 0.0353476
0.398527 0.967709 0.0930375 0.788344 0.848103 0.252418
0.116245 0.771879 0.357856 0.988397 0.397628 0.774448
0.0752748 0.211736 0.941698 0.856085 0.179745 0.924379
0.251877 0.0397929 1 0.636717 0.0623352 0.934011
0.591017 0.0843083 0.846355 0.331623 0.141576 0.818841
0.630929 0.108872 0.817947 0.29368 0.17825 0.804957
end
gesture g4 hands 2
0.738759 0.151445 0.718898 0.212272 0.142355 0.732074
0.792549 0.458218 0.211685 0.14287 0.245844 0.518485
0.746678 0.747881 0.0268898 0.0507632 0.510706 0.220678
0.677832 0.87773 0 0.155064 0.774015 0.0347576
0.392451 0.960553 0.06985 0.260618 0.90094 0.010955
0.107973 0.749247 0.342066 0.599179 0.991462 0.114965
0.0392106 0.606399 0.5088 0.876807 0.840787 0.35579
0.00919272 0.346285 0.829082 1 0.526504 0.647308
0.0990069 0.183438 0.982112 0.953406 0.25767 0.872813
0.265773 0.111491 0.995961 0.780652 0.0316498 0.948231
0.365815 0.12266 0.976053 0.570175 0.0185 0.921486
end
gesture g4 hands 2
0.631909 0.0156735 0.949709 0.374246 0.000704798 0.946824
0.789914 0.102388 0.707629 0.14656 0.144117 0.698109
0.811847 0.481039 0.166651 0.106393 0.235382 0.571853
0.479376 0.893146 0.0207426 0.153145 0.704063 0.083173
0.0432164 0.900222 0.405165 0.226596 0.805168 0.0305964
0.00237058 0.869808 0.552311 0.769835 0.982668 0.172771
0.0743417 0.615072 0.898389 0.996159 0.687057 0.721815
0.219059 0.316193 0.995263 0.951924 0.566689 0.835739
0.303342 0.201289 0.999127 0.64398 0.148399 0.962465
0.568633 0.0129246 0.934365 0.402697 0.0271184 0.90897
0.588423 0.00876596 0.931932 0.386019 0.0212312 0.903828
end
gesture g4 hands 2
0.586928 0.097466 0.820694 0.421473 0.11402 0.850134
0.610399 0.112382 0.68389 0.327271 0.192395 0.535282
0.593673 0.237186 0.34105 0.244861 0.558862 0.152725
0.617064 0.689485 0.037001 0.240194 0.601364 0.129464
0.480906 0.89854 0.00872561 0.360525 0.834333 0.028821
0.179069 0.987777 0.23378 0.43835 0.894313 0.0310301
0.0282841 0.872596 0.491617 0.771795 0.926983 0.197833
0 0.759586 0.638251 0.989537 0.704448 0.549685
0.0283605 0.47623 0.879807 0.987744 0.416748 0.77136
0.269382 0.0712532 0.992445 0.813028 0.0834805 0.939069
0.529476 0.00598555 0.855884 0.449155 0.0119717 0.849184
end
gesture g4 hands 2
0.689501 0.00421914 0.860618 0.376607 0.0330439 0.907725
0.698658 0.0450904 0.720566 0.340312 0.133429 0.6795
0.685905 0.26261 0.39213 0.288811 0.422743 0.340987
0.714841 0.690047 0.0532382 0.257003 0.792336 0.0847843
0.708627 0.76723 0.0258834 0.279966 0.829833 0.0706276
0.588209 0.899324 0 0.625865 0.978544 0.146204
0.231744 0.995309 0.206688 0.807898 0.921192 0.281863
0.0053704 0.747473 0.653305 1 0.538853 0.684605
0.0844022 0.230554 0.960049 0.852204 0.0518828 0.865611
0.301337 0.0374688 0.98299 0.404225 0.0469009 0.866414
0.627918 0.0638027 0.871988 0.0 0.0 0.0
end
gesture g4 hands 2
0.609904 0.0526256 0.831744 0.237802 0.101596 0.797881
0.707504 0.345307 0.315344 0.0475442 0.373141 0.201827
0.715261 0.556057 0.118456 0.0729196 0.487598 0.10515
0.559661 0.902607 0.0130674 0.208568 0.751889 0.00594939
0.311582 1 0.0893203 0.353945 0.867879 0.00966774
0.178252 0.982385 0.18552 0.661032 0.974665 0.126079
0.0191428 0.77674 0.435979 0.798933 0.961078 0.23192
0.0051134 0.485185 0.729942 0.985971 0.449053 0.77063
0.0555494 0.330838 0.86104 0.832198 0.213543 0.942843
0.491194 0 0.98101 0.367963 0.0183196 0.896337
0.615137 0.0275537 0.921675 0.352657 0.0210523 0.88659
end
gesture g4 hands 2
0.709556 0.0942623 0.841164 0.340475 0.0542218 0.852851
0.861712 0.371862 0.283125 0.155103 0.261491 0.436105
0.844789 0.468771 0.159267 0.150255 0.490412 0.181752
0.497728 0.899043 0.0305388 0.387414 0.836166 0.0101789
0.254284 0.970113 0.163211 0.760974 1 0.146817
0.0524313 0.901142 0.415861 0.986868 0.895887 0.495889
0.0822707 0.566123 0.899914 0.979565 0.637209 0.754747
0.144304 0.425407 0.967845 0.934898 0.469356 0.861084
0.333575 0.121849 0.993341 0.613176 0.0707959 0.951752
0.661819 0.0226542 0.905172 0.318504 0.105716 0.905373
0.731673 0.0999487 0.846444 0.31017 0.106513 0.904381
end
gesture g4 hands 2
0.6479 0.0971047 0.879055 0.360081 0.0361726 0.857982
0.808229 0.0688726 0.535497 0.170692 0.11222 0.556367
0.840182 0.226603 0.265327 0.136496 0.224109 0.43168
0.647408 0.802394 0 0.229952 0.662805 0.0537697
0.28962 0.975414 0.120857 0.711474 0.993723 0.123133
0.0873588 0.995905 0.337618 0.815499 0.99897 0.202157
0.0250316 0.952879 0.471745 0.994372 0.835274 0.583038
0.112801 0.548289 0.932375 0.97195 0.600786 0.855011
0.301086 0.256719 0.999912 0.678306 0.220963 0.976286
0.577442 0.0328044 0.912614 0.32113 0.0472302 0.86828
0.676725 0.0138869 0.88581 0.308754 0.0521851 0.857453
end
gesture g4 hands 2
0.779397 0.0230784 0.755973 0.256015 0.00814938 0.786709
0.894407 0.187526 0.48114 0.0725686 0.429577 0.283286
0.816311 0.549035 0.0430702 0.169117 0.665474 0.0898105
0.60103 0.775824 0.00827404 0.393875 0.878899 0.0271773
0.321409 0.875918 0.106519 0.526502 0.936418 0.047715
0.101247 0.979652 0.325883 0.791838 0.993032 0.188577
0.0311746 0.98577 0.467765 0.955359 0.975203 0.431131
0.0536664 0.800716 0.869429 0.994071 0.93179 0.579587
0.209277 0.532883 0.994877 0.962795 0.715726 0.830618
0.40802 0.240145 0.946094 0.636157 0.160129 0.896448
0.673914 0.0312783 0.801854 0.368318 0.00882502 0.793578
end
gesture g4 hands 2
0.796175 0.152564 0.823819 0.287436 0.118848 0.856927
0.953115 0.39584 0.234632 0.120563 0.475521 0.256149
0.886203 0.607023 0.0607559 0.207757 0.724697 0.083503
0.664008 0.840051 0 0.285201 0.836341 0.041634
0.382368 0.935825 0.0765323 0.546813 0.983613 0.0376955
0.0655337 0.867079 0.373151 0.794788 0.976952 0.155605
0.0663924 0.543443 0.857721 0.941779 0.824803 0.347988
0.247174 0.287568 0.986573 0.988459 0.538269 0.737787
0.357834 0.165221 0.990758 0.683996 0.108666 0.944671
0.637451 0 0.874729 0.34731 0.0421305 0.834325
0.715068 0.00462952 0.823394 0.331737 0.0502714 0.818795
end
gesture g4 hands 2
0.722549 0.0878965 0.978457 0.398119 0.102593 0.96386
0.851982 0.131023 0.746704 0.24398 0.175555 0.762326
0.886693 0.421393 0.22597 0.123189 0.589977 0.291826
0.831321 0.678147 0.053105 0.200569 0.765444 0.094004
0.624383 0.903652 0.00270991 0.289335 0.838018 0.0392595
0.368864 0.997152 0.0903377 0.540161 0.973844 0.0312664
0.0183944 0.904097 0.549633 0.791163 0.987886 0.159748
0.138955 0.462967 0.964134 1 0.627074 0.651697
0.467951 0.0680609 0.977638 0.980717 0.493157 0.771594
0.66088 0 0.928404 0.837938 0.267438 0.916335
0.712626 0.00715196 0.906474 0.393993 0.0700356 0.897821
end
gesture g4 hands 2
0.666482 0.0220078 0.716062 0.419054 0.0501721 0.7811
0.865958 0.0863618 0.571292 0.132767 0.0681062 0.494992
0.94916 0.398785 0.160412 0.0836411 0.54828 0.0979623
0.67721 0.803454 0.000981093 0.319982 0.918747 0.0185487
0.544048 0.852275 0.024358 0.685368 0.987843 0.11166
0.0985027 0.884542 0.311825 0.988161 0.821756 0.452917
0 0.773112 0.615574 1 0.726674 0.553312
0.179345 0.37409 0.940209 0.836031 0.278284 0.91023
0.256502 0.329231 0.991094 0.75954 0.207339 0.957305
0.580708 0.147809 0.917247 0.466662 0.160317 0.952493
0.676377 0.112908 0.889606 0.408994 0.163161 0.931305
end
gesture g4 hands 2
0.678457 0.118674 0.971824 0.465721 0.166884 1
0.811223 0.0933434 0.827368 0.270921 0.119065 0.787968
0.895279 0.234033 0.567754 0.23664 0.164666 0.699013
0.937512 0.499919 0.220791 0.202308 0.680446 0.107753
0.788927 0.766807 0.0239275 0.435538 0.902611 0.0389645
0.515213 0.942952 0.0237048 0.688219 0.982534 0.115275
0.251278 0.998459 0.188006 0.802351 0.955563 0.17617
0.00153335 0.651682 0.733019 0.960503 0.769206 0.410225
0.230854 0.151402 0.996395 0.926053 0.320843 0.892264
0.458883 0.00634341 0.921222 0.574388 0.0403593 0.937595
0.486867 0 0.909518 0.545634 0.0340064 0.933785
end
gesture g4 hands 2
0.666275 0.0111238 0.955448 0.415174 0.0446118 0.989574
0.858225 0.206901 0.617304 0.229852 0.157811 0.733004
0.893878 0.259779 0.494534 0.17397 0.217017 0.619525
0.831158 0.588024 0.0843249 0.134742 0.526099 0.168746
0.692615 0.758611 0.00569567 0.252861 0.700897 0.0496682
0.596528 0.833894 0.00311333 0.561286 0.883842 0.0599011
0.346659 0.967045 0.0950163 0.88642 0.885944 0.269241
0.00862209 0.915303 0.573042 0.994575 0.784981 0.524219
0.132986 0.379859 0.960758 0.979996 0.595376 0.775987
0.586087 0.030987 0.911693 0.73845 0.187226 0.972415
0.599865 0.0254457 0.908242 0.461162 0.106434 0.928177
end
gesture g4 hands 2
0.719286 0.00527248 0.943691 0.436288 0.0778387 0.940747
0.800742 0.109607 0.811276 0.343127 0.105812 0.823611
0.947701 0.378043 0.397612 0.143506 0.324954 0.546677
0.702404 0.850229 0 0.139481 0.581248 0.155764
0.193862 0.980829 0.255909 0.267297 0.844226 0.0267534
0.0294562 0.915606 0.500943 0.744464 0.978464 0.165981
0.0208421 0.675616 0.850215 0.97914 0.803926 0.508419
0.0563205 0.557907 0.930772 0.996417 0.719159 0.625896
0.374215 0.130397 0.997548 0.836304 0.256813 0.965495
0.557892 0.0192016 0.941171 0.580412 0.11998 0.931256
0.582566 0.0199323 0.926753 0.508597 0.119588 0.914999
end
gesture g4 hands 2
0.588222 0.071546 0.947014 0.486245 0 0.93889
0.810519 0.401317 0.625118 0.491637 0.0378753 0.938703
0.864548 0.488064 0.501151 0.388101 0.176116 0.805401
0.839907 0.771578 0.0417647 0.103485 0.628176 0.237109
0.405209 0.984027 0.0619719 0.119593 0.705537 0.121336
0.0221232 0.910564 0.498754 0.52022 0.938973 0.0324992
0.0173336 0.720837 0.769526 0.862759 0.94629 0.267652
0.0744442 0.620782 0.867024 0.990158 0.705117 0.798231
0.255342 0.36901 0.986148 0.79458 0.477246 0.952927
0.546226 0.166122 0.923804 0.50101 0.354213 0.901199
0.600525 0.174663 0.916727 0.456783 0.330111 0.887371
end
gesture g4 hands 2
0.71918 0.0673905 0.84848 0.387191 0.0588027 0.860519
0.864761 0.148641 0.404945 0.195146 0.00550366 0.668628
0.861211 0.255283 0.282769 0.0908312 0.15208 0.442379
0.793829 0.676939 0.0354655 0.166498 0.708468 0.0665835
0.570896 0.889841 0.0073145 0.401565 0.921885 0.0331148
0.284583 0.958752 0.126538 0.897246 0.934905 0.279832
0 0.812107 0.55271 0.992653 0.692304 0.635963
0.00790917 0.718304 0.672477 0.903076 0.408857 0.845869
0.245446 0.286312 0.991687 0.737134 0.26553 0.949834
0.605869 0.0313606 0.967638 0.435979 0.0844848 0.947403
0.633762 0.0231691 0.966076 0.416485 0.056681 0.945862
end
gesture g4 hands 2
0.701278 0.0783177 0.827215 0.0797684 0.0861936 0.822118
0.739654 0.305989 0.498471 0.0292832 0.227417 0.58134
0.796309 0.731524 0.0852379 0.0051136 0.510251 0.269233
0.623176 0.972873 0.00427654 0.0349836 0.70451 0.0795659
0.55285 0.996223 0.0165617 0.093285 0.778357 0.0185234
0.261457 0.942301 0.121655 0.480108 0.866835 0.0396188
0.022825 0.710429 0.355646 0.816891 0.775469 0.199626
0.00811802 0.454205 0.599515 1 0.539176 0.516057
0.0372738 0.358346 0.676646 0.915896 0.427545 0.720718
0.319966 0.0245221 0.977044 0.857843 0.397218 0.773825
0.557004 0 0.923909 0.301378 0.0990973 0.910521
end
gesture g4 hands 2
0.631378 0.152041 0.720375 0.272469 0.205939 0.684751
0.739908 0.537409 0.293361 0.187769 0.232436 0.571065
0.733859 0.664285 0.195462 0.113378 0.362768 0.356844
0.436818 0.980794 0.0718655 0.136463 0.677716 0.0478792
0.148755 0.988866 0.223739 0.348414 0.867184 0.000192196
0.0965423 0.940353 0.279414 0.449985 0.924217 0.00892244
0.00233586 0.600145 0.597905 0.790807 0.986326 0.226026
0.0179387 0.482498 0.682791 0.875458 0.933048 0.319287
0.174231 0.0849907 0.94481 0.992004 0.509206 0.704709
0.314029 0 0.97715 0.819851 0.151224 0.948277
0.472596 0.00991952 0.937205 0.471975 0.106642 0.960961
end
gesture g4 hands 2
0.688939 0.0077669 0.905721 0.207081 0.0541271 0.907164
0.8335 0.477442 0.400248 0.18124 0.114472 0.82316
0.925072 0.680799 0.238876 0.135896 0.28305 0.639693
0.771058 0.989809 0.0168845 0.0139988 0.667212 0.230882
0.376112 0.869757 0.127172 0.0497799 0.887913 0.0266377
0.277024 0.812997 0.180511 0.340826 0.954368 0.0229658
0.0509617 0.629406 0.417545 0.572481 0.909953 0.0816847
0.0176012 0.561422 0.495011 0.986615 0.576971 0.459445
0.0622114 0.372244 0.811764 0.947503 0.424969 0.759481
0.322157 0.0902901 0.985828 0.633437 0.12061 0.946493
0.417093 0 0.999936 0.49614 0.0703508 0.926619
end
gesture g4 hands 2
0.772538 0.010167 0.853564 0.105461 0.0188398 0.844365
0.770433 0.133818 0.657851 0.028591 0.299201 0.467681
0.824427 0.500074 0.243654 0.0409348 0.402353 0.365234
0.825546 0.805942 0.0358413 0.0410682 0.670276 0.10857
0.556373 0.993225 0.0372397 0.133834 0.803468 0.0197112
0.15972 0.760568 0.256301 0.352654 0.83392 0.0247576
0 0.365786 0.692537 0.800318 0.714208 0.225395
0.0166026 0.288666 0.774677 1 0.539174 0.547571
0.235384 0.0601034 0.963003 0.886226 0.247595 0.843788
0.385866 0.00167961 1 0.690185 0.118153 0.939638
0.628149 0.0122982 0.911111 0.307622 0.100825 0.888171
end
gesture g4 hands 2
0.630714 0.000395465 0.89089 0.241986 0.0521482 0.868299
0.768296 0.521341 0.350598 0.108771 0.328669 0.530101
0.80598 0.782382 0.116723 0.0837544 0.440835 0.426248
0.652151 0.964401 0.0338109 0.00824666 0.768105 0.0935733
0.567112 0.988482 0.0399199 0.0449596 0.821327 0.0461698
0.14431 0.975574 0.213029 0.464984 0.948699 0.0320428
0.0775262 0.937841 0.277907 0.895719 0.885539 0.319752
0.00980987 0.489411 0.707211 0.970073 0.495103 0.77311
0.178909 0.170966 0.918263 0.619747 0.145246 0.978437
0.504082 0.00501917 0.995888 0.436373 0.112054 0.964221
0.533702 0.0029456 0.981174 0.390799 0.110244 0.952444
end
gesture g4 hands 2
0.663987 0.0700824 0.845611 0.203817 0.0813068 0.806298
0.750284 0.337722 0.468906 0.130021 0.176157 0.633494
0.769297 0.427597 0.359267 0.0445514 0.466852 0.300737
0.790533 0.81942 0.0742234 0.0538622 0.784763 0.0148194
0.664225 0.937229 0.0604001 0.203459 0.921979 0.0113696
0.235709 0.97596 0.224143 0.730901 0.999865 0.225863
0.134763 0.950578 0.286482 0.934376 0.928995 0.438825
0.00634292 0.812059 0.519511 0.989765 0.676253 0.732662
0.0849058 0.414742 0.836573 0.704267 0.222789 0.968291
0.422798 0.0493001 0.996307 0.406357 0.0682859 0.956994
0.580605 0 0.931491 0.308008 0.0426678 0.909281
end
gesture g4 hands 2
0.735982 0 0.835739 0.131081 0.0284001 0.889229
0.788968 0.221324 0.599085 0.0510122 0.215744 0.631449
0.847595 0.546255 0.228908 0.0280421 0.653197 0.154548
0.848907 0.751854 0.0687324 0.076981 0.768593 0.0849683
0.70587 0.926264 0.00264085 0.4037 0.999825 0.0305704
0.404434 0.930369 0.0692606 0.832705 0.809746 0.199688
0.292223 0.886422 0.132852 0.916983 0.744236 0.288879
0.00253226 0.522518 0.601268 0.921225 0.319078 0.74902
0.0482848 0.286934 0.853204 0.643537 0.0826936 0.973986
0.347477 0.0813662 0.999789 0.267177 0.085698 0.888563
0.637022 0.065116 0.906866 0.22753 0.0654619 0.881271
end
gesture g4 hands 2
0.647211 0.0997551 0.99673 0.484136 0.0513834 0.989812
0.805008 0.0420217 0.862755 0.28278 0.066995 0.744215
0.890434 0.30712 0.390099 0.149804 0.581331 0.17139
0.89422 0.420868 0.266173 0.191248 0.843657 0.0295324
0.798214 0.880909 0.00129947 0.345523 0.983237 0.00958786
0.497791 0.97868 0.0442033 0.755259 0.933317 0.122271
0.100087 0.862995 0.240335 0.989697 0.711433 0.377919
0.0278873 0.534554 0.549413 0.943518 0.408685 0.687862
0.200241 0.324859 0.749985 0.743142 0.194436 0.87089
0.280127 0.264059 0.800554 0.561458 0.171718 0.945067
0.628369 0.144205 0.948065 0.505203 0.149665 0.972532
end
gesture g5 hands 2
0.692208 0.135083 0.89458 0.296229 0.0694063 0.989269
0.383286 0.181691 0.886965 0.95384 0.478468 0.631195
0.0943666 0.397463 0.698556 0.936558 0.71951 0.353428
0.0414591 0.790015 0.379299 0.862654 0.74627 0.270177
0.0838156 0.819892 0.314568 0.238629 0.858034 0.00590944
0.634373 0.965427 0.0720849 0.0664364 0.972881 0.0165167
0.761398 0.937322 0.0661755 0.389078 0.98293 0.108125
0.498769 0.911505 0.162704 0.73813 0.659184 0.517507
0.191498 0.594642 0.514252 0.73431 0.613139 0.577466
0.802763 0.0891178 0.817931 0.547183 0.353053 0.776629
0.796539 0.0761741 0.818228 0.146922 0.033205 0.877485
end
gesture g5 hands 2
0.643521 0.0731063 0.962103 0.41957 0.0491985 0.992897
0.267323 0.30879 0.61623 0.746706 0.18314 0.715252
0.23662 0.492187 0.352263 0.800864 0.398293 0.436573
0.312265 0.631731 0.231785 0.520858 0.757094 0.100378
0.608273 0.875005 0.0586645 0.206994 0.951538 0.0255071
1 0.976765 0.00227576 0.014729 0.970642 0.0475982
0.511325 0.911593 0.0839739 0.0696244 0.962947 0.0375986
0.191903 0.722923 0.315299 0.795005 0.809095 0.275407
0.060303 0.444674 0.613886 0.942713 0.50663 0.548293
0.173311 0.189183 0.861279 0.726271 0.0603958 0.905636
0.638529 0.0556406 0.942494 0.427071 0.090856 1
end
gesture g5 hands 2
0.607134 0.0478732 0.977367 0.284046 0.0209546 0.962627
0.139108 0.205678 0.746626 0.490694 0.0885685 0.899248
0.0466108 0.333793 0.535519 0.776442 0.330299 0.579125
0.501925 0.76154 0.1384 0.503367 0.744139 0.144298
0.853703 0.906681 0.0367174 0.209467 0.895709 0.0339078
1 1 0.0140642 0.0118373 0.96862 0
0.827273 0.958939 0.0350538 0.154946 0.953926 0.0323675
0.0301839 0.592417 0.378261 0.904009 0.639044 0.408333
0.121408 0.204331 0.764329 0.853171 0.245478 0.768934
0.508619 0.0611731 0.95034 0.464056 0.0652001 0.928594
0.607692 0.0338892 0.992668 0.315693 0 0.961909
end
gesture g5 hands 2
0.552266 0.0647546 0.979484 0.311904 0.0273739 0.963843
0.081697 0.374702 0.538785 0.785028 0.415967 0.577242
0.202827 0.649443 0.275049 0.475584 0.820659 0.119045
0.944897 0.955846 0.0261308 0.113825 0.940402 0.0105536
0.995767 1 0.0151973 0.0861966 0.964706 0.00318722
0.687217 0.949964 0.0642928 0.415421 0.930661 0.07396
0.170648 0.664565 0.32062 0.87907 0.667412 0.362391
0 0.407494 0.545244 0.980928 0.449821 0.582033
0.207382 0.102913 0.849231 0.765251 0.214019 0.83701
0.558626 0.0338782 0.972603 0.26598 0.0020499 0.975389
0.580917 0.0209823 0.985267 0.273318 0.0016121 0.970323
end
gesture g5 hands 2
0.596398 0.0400022 0.961484 0.330567 0.0121199 0.94878
0.0412225 0.250593 0.691188 0.797956 0.300629 0.731167
0.0155696 0.408352 0.470964 0.815415 0.466274 0.516285
0.225087 0.669351 0.218012 0.665858 0.686246 0.24524
0.99188 0.979969 0.00843378 0.125376 0.962061 0
0.92193 0.993136 0.0104172 0.210924 0.960343 0.0146331
0.212928 0.774234 0.197712 0.802701 0.766982 0.250887
0.0519783 0.588227 0.374928 0.938835 0.467313 0.604185
0.0639016 0.399026 0.575278 0.516712 0.129065 0.864686
0.538598 0.0812662 0.949827 0.278787 0.0280643 0.938317
0.592936 0.0194151 0.975268 0.275953 0 0.940725
end
gesture g5 hands 2
0.599441 0.0395782 0.94669 0.324775 0.0330537 0.916153
0.135981 0.247653 0.617185 0.729552 0.276696 0.657042
0.13217 0.430824 0.390591 0.783183 0.457512 0.433157
0.309928 0.659243 0.203818 0.661925 0.662238 0.225912
0.997564 0.973386 0.0169268 0.177512 0.924278 0
0.879306 0.991498 0.0274065 0.305527 0.926416 0.0322358
0.240109 0.788011 0.200226 0.7819 0.729627 0.275048
0.0164175 0.305884 0.636715 0.88685 0.373727 0.684661
0.159747 0.155189 0.790768 0.330524 0.0250189 0.937429
0.604084 0.00986108 0.992573 0.319119 0 0.93765
0.579233 0.00728042 0.97766 0.0 0.0 0.0
end
gesture g5 hands 2
0.510363 0.110694 0.970943 0.279011 0.0450184 0.96772
0.0901693 0.291834 0.674276 0.69878 0.331874 0.701325
0.157939 0.509663 0.398244 0.659827 0.563723 0.419197
0.774489 0.872193 0.0641172 0.499428 0.734818 0.209887
1 0.991422 0.0108218 0.0763469 0.936593 0
0.803822 0.98327 0.0282437 0.5088 0.853387 0.123374
0.471969 0.888579 0.101268 0.824707 0.628176 0.314933
0.147577 0.644986 0.280079 0.933939 0.327012 0.669756
0.0118133 0.245842 0.638073 0.787828 0.191999 0.796713
0.11898 0.0998314 0.786406 0.296687 0.0228996 0.954252
0.602416 0.00396528 0.985688 0.270978 0 0.960986
end
gesture g5 hands 2
0.533344 0.0630651 0.965665 0.35156 0.0219222 0.963315
0.161828 0.198412 0.721393 0.689405 0.256072 0.70171
0.119557 0.355109 0.516475 0.717269 0.402925 0.494224
0.576685 0.833143 0.109945 0.360363 0.831497 0.0832396
0.919711 0.955874 0.0242735 0.0707415 0.968057 0.00278177
1 0.998217 0.0178734 0 0.984137 0.00171188
0.664807 0.971547 0.0688988 0.132022 0.971414 0.0283236
0.225967 0.783747 0.31391 0.830391 0.648989 0.508892
0.041704 0.42592 0.625801 0.761305 0.271772 0.832143
0.501793 0.0231827 0.995195 0.417512 0.0135514 0.978002
0.520223 0.0134754 0.999475 0.414534 0 0.990355
end
gesture g5 hands 2
0.544153 0.0613283 0.972988 0.299979 0 0.95523
0.325374 0.0925688 0.908885 0.478957 0.0842273 0.908691
0 0.292359 0.587615 0.760592 0.334469 0.626439
0.412319 0.732844 0.161591 0.514186 0.750952 0.156315
0.983884 0.97188 0.0130277 0.0330977 0.953213 0
0.944265 1 0.00862588 0.0945851 0.961846 0.0128747
0.290823 0.811386 0.182794 0.679335 0.805371 0.220978
0.0738889 0.585479 0.395734 0.864122 0.619044 0.435467
0.0892388 0.21873 0.750172 0.76276 0.313534 0.75717
0.49528 0.0666423 0.961211 0.38314 0.0609721 0.929625
0.490558 0.0671658 0.989481 0.273784 0.02133 0.977755
end
gesture g5 hands 2
0.49073 0.0327797 0.977599 0.332635 0.00158106 0.949326
0.217993 0.107507 0.881958 0.552435 0.122493 0.879113
0.0240594 0.351351 0.500573 0.758277 0.426927 0.534016
0.19673 0.591401 0.291239 0.431487 0.816839 0.131803
0.946374 0.954315 0.0140965 0.158746 0.9355 0.0116034
0.973645 1 0.00232728 0.15875 0.959981 0.00922215
0.399736 0.848791 0.121242 0.599957 0.845476 0.180299
0.153536 0.684786 0.271323 0.861314 0.542256 0.523964
0.0415781 0.286661 0.687068 0.797125 0.308779 0.714439
0.548648 0.0331563 0.995358 0.237731 0.0355279 0.952455
0.56452 0.0525965 0.988811 0.259268 0.0201024 0.955688
end
gesture g5 hands 2
0.521066 0.0885517 1 0.320721 0.0475628 0.98704
0.302593 0.178398 0.865121 0.549053 0.188909 0.870486
0.195997 0.394744 0.481085 0.67343 0.481446 0.4987
0.286849 0.565975 0.298625 0.397062 0.769792 0.108712
0.894964 0.913409 0.0265512 0.107665 0.871563 0.0198692
0.986875 1 0.00595057 0.0203311 0.935891 0.0024379
0.4552 0.866917 0.108974 0.51522 0.83991 0.142274
0.127352 0.629241 0.297873 0.826201 0.655443 0.351165
0.0404795 0.46924 0.490004 0.87563 0.357027 0.682054
0.185513 0.141527 0.818191 0.508687 0.0598518 0.926458
0.506178 0.0034082 0.988542 0.349335 0 0.958456
end
gesture g5 hands 2
0.539329 0.0372356 0.963444 0.332098 0.00773693 0.949686
0.418971 0.0893277 0.924224 0.430208 0.0703068 0.919973
0.118319 0.318042 0.646573 0.719186 0.348595 0.682249
0.335976 0.700552 0.228431 0.581885 0.687693 0.249896
0.760055 0.913399 0.0617594 0.237182 0.895382 0.0617877
0.960551 1 0.00382716 0.0455832 0.989776 0.00294706
0.196869 0.748859 0.250756 0.276789 0.966956 0.05442
0.00273084 0.53187 0.468254 0.927356 0.557106 0.517617
0.0419319 0.349694 0.693383 0.831137 0.383929 0.713315
0.428032 0.111254 0.941785 0.303248 0.0849172 0.931882
0.515529 0.0671222 0.997537 0.266309 0.0558038 0.955257
end
gesture g5 hands 2
0.522834 0.058253 0.942939 0.316937 0.0234461 0.942156
0.107703 0.381899 0.483383 0.649256 0.246292 0.746889
0.229425 0.563524 0.292406 0.724619 0.453999 0.50623
0.602607 0.799938 0.110598 0.401838 0.849616 0.0945853
0.971624 0.940255 0.0128663 0.0310198 0.996341 0.00163508
0.943308 0.977332 0.0142632 0.115494 0.994648 0.0142082
0.373328 0.926263 0.14568 0.597112 0.83454 0.182872
0.0770888 0.76254 0.339373 0.803143 0.64212 0.394134
0.0609984 0.298116 0.678591 0.788105 0.324549 0.70608
0.438799 0.0414301 0.919092 0.461356 0.0842015 0.897942
0.519989 0.0139439 0.993861 0.332499 0.00225602 0.962735
end
gesture g5 hands 2
0.542297 0.0966277 0.976273 0.309568 0.0362489 0.97145
0.0768843 0.231649 0.669197 0.779926 0.251537 0.707372
0.0981349 0.354687 0.452658 0.768712 0.414868 0.481355
0.887417 0.87434 0.0394216 0.12604 0.855158 0.0178584
1 1 0.0184601 0.0503474 0.932193 0
0.764354 0.959933 0.0538815 0.283301 0.91809 0.060647
0.22958 0.717525 0.305378 0.70373 0.703602 0.331374
0.0159549 0.462527 0.526899 0.838952 0.513998 0.564462
0.114155 0.0950313 0.851939 0.71683 0.205365 0.846842
0.565835 0.0366457 0.997952 0.328384 0.0119368 0.969761
0.538298 0.0299535 0.984675 0.313434 0.00219664 0.976136
end
gesture g5 hands 2
0.593738 0.0804687 0.953644 0.314526 0.00569654 0.951017
0.125594 0.266217 0.690193 0.784052 0.290034 0.724378
0.074651 0.398462 0.484172 0.840024 0.460563 0.516705
0.237407 0.586942 0.281332 0.528935 0.859491 0.119428
0.930311 0.942148 0.0325653 0.252616 0.977577 0.0093813
1 1 0.026182 0.155726 0.968865 0.0114819
0.731042 0.984739 0.0533265 0.410934 0.942253 0.0666275
0.283245 0.86998 0.212013 0.898755 0.612943 0.486604
0 0.435707 0.619242 0.835726 0.339183 0.787355
0.579709 0.0399599 0.994514 0.313206 0.0653731 0.964151
0.569895 0.0419822 0.989354 0.319626 0.0349563 0.963825
end
gesture g5 hands 2
0.528809 0.0621801 0.959223 0.315423 0.0123429 0.958608
0.0682387 0.35473 0.508801 0.492197 0.11918 0.898192
0.158824 0.527442 0.286941 0.769322 0.336891 0.557373
0.517177 0.76993 0.0893257 0.45212 0.739177 0.10292
0.950514 0.951906 0.0190397 0.0997414 0.888861 0.00670371
0.981679 1 0.0161197 0.0718638 0.934765 0.00847214
0.373718 0.796745 0.179311 0.580513 0.818688 0.198725
0.00165058 0.427104 0.511186 0.862611 0.516254 0.52515
0.0503858 0.244743 0.709028 0.723501 0.203443 0.817275
0.395816 0.0596171 0.914045 0.364156 0.0285201 0.935227
0.515163 0.026897 0.987395 0.262657 0.0214832 0.960458
end
gesture g5 hands 2
0.603777 0.0925677 0.963458 0.323861 0.0559537 0.947328
0.145814 0.289433 0.632682 0.74143 0.325769 0.650133
0.154711 0.444747 0.413534 0.766403 0.463754 0.449919
0.36383 0.620119 0.225372 0.657452 0.631799 0.245702
0.99661 0.958665 0.0144962 0.133608 0.964644 0
0.918268 0.996699 0.018132 0.222822 0.996467 0.0144615
0.231024 0.842186 0.241815 0.562677 0.915918 0.128948
0.0296747 0.585923 0.451036 0.966725 0.490689 0.503598
0.118472 0.148904 0.770699 0.960898 0.332436 0.663042
0.503494 0.0173585 0.946035 0.634811 0.113467 0.885867
0.599012 0.020822 0.989338 0.30953 0.0367556 0.967202
end
gesture g5 hands 2
0.580228 0.0408664 0.994372 0.323049 0.00822569 0.981184
0.111517 0.189088 0.738824 0.779203 0.208695 0.780338
0 0.430975 0.468895 0.930482 0.421791 0.511373
0.450783 0.828698 0.116981 0.607684 0.855715 0.116934
0.872356 0.963341 0.0276755 0.263287 1 0.00958752
0.97384 0.972996 0.0313993 0.12567 0.997103 0.00502914
0.795406 0.894764 0.0653623 0.301845 0.932802 0.0464611
0.0672782 0.53043 0.443043 1 0.526357 0.489415
0.213347 0.174674 0.778394 0.749887 0.220694 0.799042
0.599522 0.0645876 0.928671 0.369473 0.0856152 0.907608
0.676642 0.0363092 0.98059 0.255826 0.00177342 0.960832
end
gesture g5 hands 2
0.544718 0.0627809 0.967805 0.392313 0 0.976157
0.252487 0.137154 0.817498 0.691521 0.125747 0.831066
0.0743399 0.432962 0.423835 0.857674 0.455283 0.439396
0.228616 0.638333 0.242408 0.719617 0.649317 0.237006
0.953046 0.949719 0.0193306 0.0661068 0.969065 0
0.940774 1 0.0236089 0.0679355 0.966604 0.0207273
0.392922 0.823231 0.161784 0.613499 0.814631 0.183518
0.106018 0.630222 0.330533 0.883547 0.667075 0.3753
0.0671098 0.269211 0.698428 0.921396 0.30225 0.723777
0.414032 0.0785146 0.906776 0.521036 0.114526 0.886293
0.581254 0.0155798 0.991834 0.309626 0.0111799 0.972054
end
gesture g5 hands 2
0.552213 0.0822703 0.979057 0.310255 0.0199343 0.970089
0.217261 0.186882 0.820917 0.657751 0.197977 0.833496
0.0777211 0.308729 0.622666 0.790692 0.318277 0.640815
0.407835 0.698795 0.171931 0.539228 0.743568 0.163911
0.984248 0.910434 0.0197222 0.0444759 0.979021 0.00500364
0.97047 0.9051 0.0244232 0.306629 0.965506 0.0535676
0.728599 0.871562 0.059227 0.857555 0.707572 0.327338
0.164286 0.667523 0.300372 0.924255 0.356077 0.662786
0.0140941 0.377637 0.624401 0.758648 0.177239 0.819878
0.518795 0.0725703 0.958034 0.389711 0.0304055 0.942084
0.54379 0.0432935 0.992858 0.333866 0 0.984051
end
gesture g5 hands 2
0.504004 0.104174 0.968966 0.291443 0.0586727 0.961528
0.141618 0.123988 0.819768 0.596512 0.15541 0.813773
0.0329473 0.422672 0.415995 0.771545 0.501408 0.400512
0.216835 0.654114 0.219317 0.628432 0.712227 0.206344
0.950623 0.985129 0.00785333 0.0440076 0.973664 0.0010279
0.929456 1 0.00467087 0.0768721 0.977859 0.0136983
0.397558 0.861546 0.133806 0.583544 0.841388 0.18039
0.142095 0.635214 0.321174 0.813702 0.650899 0.391221
0.0721354 0.302214 0.643805 0.829757 0.333327 0.69798
0.395217 0.0939871 0.890394 0.51022 0.0954424 0.87495
0.52279 0.0537439 0.983752 0.275885 0.000547778 0.95712
end
gesture g5 hands 2
0.534526 0.0459982 0.95704 0.365519 0.00480802 0.960226
0.120014 0.174659 0.730413 0.73153 0.208545 0.741912
0.0948896 0.314855 0.536481 0.712201 0.547783 0.342951
0.398276 0.69016 0.179868 0.573717 0.691228 0.161653
0.817698 0.896656 0.0449068 0.186625 0.870763 0.027778
1 0.982813 0.00672438 0 0.962315 0
0.868168 0.986143 0.0144635 0.175527 0.987755 0.0292785
0.0934715 0.55717 0.373603 0.637919 0.780892 0.220052
0.0581956 0.351021 0.551584 0.84913 0.572382 0.418151
0.318885 0.0289211 0.856352 0.816003 0.20903 0.730895
0.512643 0.0296028 0.988214 0.420269 0.0203382 0.919734
0.0 0.0 0.0 0.356988 0.0167464 0.982101
end
gesture g5 hands 2
0.471015 0.0507651 0.984384 0.39424 0.0265633 0.976281
0.151796 0.170444 0.740323 0.708712 0.199203 0.748686
0.128675 0.293175 0.541711 0.781849 0.364745 0.55424
0.570149 0.733131 0.13728 0.664524 0.622498 0.289903
0.917354 0.931904 0.0277663 0.434188 0.77835 0.11745
0.865713 0.947095 0.0252786 0.0707372 0.901631 0.0132474
0.603608 0.85468 0.0769653 0.00780546 0.946865 0
0.0996334 0.585215 0.376246 0.714584 0.809649 0.260309
0.0937131 0.275222 0.736809 0.881187 0.461169 0.603301
0.30767 0.146646 0.891198 0.584567 0.10664 0.881772
0.523134 0.0475339 0.98622 0.315777 0.00676213 0.966765
end
gesture g5 hands 2
0.80909 0.0701529 0.976394 0.158624 0.0862633 0.900318
0.238987 0.140331 0.810551 0.611764 0.0614162 0.888562
0.0302481 0.491754 0.476344 0.741768 0.134136 0.850269
0.0576982 0.60155 0.380248 0.997689 0.528246 0.531283
0.528351 0.973044 0.0850268 0.78052 0.778864 0.245644
0.842845 0.947445 0.0674403 0.0062249 0.911001 0.00693375
0.727525 0.95501 0.0856257 0.00380016 0.915682 0.00665011
0.303551 0.791109 0.253202 0.816129 0.757299 0.422864
0.148864 0.403989 0.693402 0.900189 0.409975 0.777999
0.719684 0.015514 1 0.308564 0.0404805 0.958183
0.729429 0 0.999181 0.202367 0.0469841 0.939084
end
gesture g5 hands 2
0.9259 0.132186 0.911601 0.20681 0.0169422 0.990625
0.0219421 0.510086 0.550344 0.629257 0.107302 0.855208
0.0458241 0.755282 0.314229 0.970846 0.549505 0.531503
0.410035 0.970637 0.100106 0.976921 0.739248 0.271133
0.877636 0.894324 0.012408 0.637105 0.931189 0.0498719
0.83046 0.915839 0.0204747 0.158247 0.961382 0.00471466
0.217978 0.646199 0.431006 0.0963518 0.968042 0.0143075
0.194535 0.604701 0.503143 0.679584 0.857851 0.209379
0.558511 0.191224 0.84952 0.820374 0.423563 0.745925
0.880307 0.0970485 0.914354 0.543357 0.144011 0.925083
0.917136 0.0999668 0.917733 0.171173 0.0270064 0.991879
end
gesture g5 hands 2
0.874393 0.0872684 0.965226 0.266001 0.0800417 0.984066
0.610216 0.0787838 0.85478 0.803015 0.12447 0.590132
0 0.329313 0.387367 0.973369 0.368305 0.334172
0.0820961 0.649752 0.154382 0.474171 0.941597 0.0118697
0.770005 0.935961 0.00116181 0.160768 0.997389 0.0168964
0.846009 0.966594 0.00507414 0.662815 0.916074 0.110839
0.377396 0.89159 0.100487 0.8478 0.816321 0.204142
0.0685269 0.483891 0.548957 0.981983 0.406066 0.558572
0.457188 0.0799608 0.849326 0.55356 0.0426832 0.851807
0.853773 0.0270374 0.95567 0.201985 0.00427107 0.966947
0.885806 0.0360435 0.961432 0.207114 0.0182882 0.975459
end
gesture g5 hands 2
0.889678 0.0328147 0.981565 0.243529 0.0416393 0.977118
0.725205 0.0327368 0.891114 0.775101 0.0836629 0.629418
0.300103 0.121683 0.627435 0.996717 0.2928 0.34457
0.0398363 0.304861 0.37554 0.929458 0.602601 0.139466
0.0515821 0.57535 0.18354 0.225828 0.954865 0
0.7732 0.924847 0.00072851 0.183011 1 0.018457
0.903309 0.981595 0.0136141 0.440765 0.964877 0.0433188
0.367536 0.862935 0.121251 0.874156 0.689237 0.289908
0.130844 0.453814 0.50469 0.927081 0.438652 0.529237
0.460313 0.0892162 0.857085 0.607684 0.0848429 0.858114
0.761901 0.0151033 0.9977 0.255171 0 1
end
gesture g5 hands 2
0.859472 0.0517721 0.97403 0.137036 0.0439607 0.976141
0.802378 0.0255057 0.970699 0.551331 0.00236038 0.801266
0.495913 0.0373664 0.802532 1 0.371639 0.262846
0.000396791 0.386628 0.292764 0.767628 0.764671 0.0559611
0.193799 0.743938 0.0853141 0.154167 0.996485 0.0080788
0.886671 0.95236 0.0103843 0.367687 0.998173 0.0368034
0.687082 0.958883 0.0263057 0.924896 0.725387 0.271538
0.0572892 0.72909 0.248354 0.905962 0.312634 0.64862
0.0899661 0.298022 0.635098 0.702681 0.137728 0.807337
0.766425 0.0231034 0.975447 0.278305 0.0143386 0.968656
0.887697 0.0164465 0.99914 0.252475 0.0334986 0.978622
end
gesture g5 hands 2
0.873383 0.0467757 0.9758 0.351787 0.0342075 0.988964
0.129291 0.270167 0.441004 0.984201 0.24329 0.389718
0.0323412 0.59244 0.186648 0.945275 0.657257 0.139842
0.295464 0.820159 0.0645396 0.718569 0.885425 0.0302323
0.713207 0.929994 0.00782453 0.355146 0.981934 0
0.848708 0.948918 0.00579647 0.279108 0.997515 0.012074
0.356347 0.925387 0.111775 0.767912 0.916708 0.122934
0.199328 0.799403 0.243976 0.917663 0.544492 0.490625
0.203399 0.567577 0.471189 0.599993 0.159366 0.841481
0.56131 0.124506 0.84124 0.339421 0.0384361 0.993303
0.805848 0.0618698 0.981224 0.308333 0.0483955 0.99875
end
gesture g5 hands 2
0.83824 0.0681271 0.9634 0.3265 0.0463123 0.968606
0.0859132 0.199136 0.395327 0.719463 0.0423809 0.720389
0 0.477002 0.182556 0.975322 0.26598 0.369706
0.644353 0.923379 0.0226647 0.728757 0.815554 0.0301555
0.832108 0.92221 0.0185045 0.356971 0.951109 0
0.682719 0.968289 0.0400269 0.24671 0.986001 0.0120237
0.204221 0.830937 0.229376 0.643235 0.945501 0.0969592
0.119311 0.633367 0.402253 0.921683 0.584577 0.41566
0.440982 0.149849 0.798074 0.720852 0.13519 0.819055
0.787871 0.000644658 0.97386 0.387024 0.00863346 0.976253
0.823831 0.00170596 1 0.355666 0.0111938 0.999387
end
gesture g5 hands 2
0.848689 0.0184815 0.978851 0.321849 0.0320684 0.988801
0.182287 0.197752 0.61014 0.922202 0.228174 0.561429
0 0.390836 0.412726 1 0.463793 0.345155
0.0902229 0.677191 0.191145 0.885774 0.735864 0.128674
0.700157 0.921162 0.0130066 0.373976 0.978524 0.0151787
0.870713 0.929104 0.00881848 0.282978 0.98919 0.0324515
0.373377 0.843728 0.129312 0.717919 0.853922 0.156639
0.0756715 0.532633 0.560039 0.988985 0.415674 0.551284
0.350706 0.232946 0.917616 0.88744 0.26159 0.760612
0.829238 0.186927 0.961344 0.228521 0.144369 0.986278
0.825139 0.184962 0.962905 0.220214 0.154563 0.989686
end
gesture g5 hands 2
0.843298 0.0433856 0.986335 0.207789 0.055514 0.995469
0.661777 0.0417371 0.884973 0.924633 0.216455 0.505984
0.138827 0.184068 0.51412 1 0.458774 0.290174
0 0.401416 0.321871 0.826783 0.760424 0.0824916
0.159922 0.720735 0.123465 0.41862 0.969342 0
0.594719 0.925709 0.0169861 0.194024 0.990485 0.0130867
0.873175 0.94739 0.0129081 0.61568 0.827593 0.121299
0.245902 0.727402 0.23053 0.793849 0.648016 0.254939
0.166658 0.482682 0.469236 0.819609 0.207978 0.691144
0.416757 0.0717854 0.856881 0.651449 0.0787624 0.829873
0.7441 0.00613329 0.973781 0.29196 0.00418948 0.977345
end
gesture g5 hands 2
0.648882 0.00870593 0.975242 0.360322 0.0303329 0.974761
0.622601 0.00919367 0.947598 0.418597 0.0124217 0.946889
0.231663 0.0959316 0.697711 0.818231 0.0616417 0.634272
0.0127937 0.46711 0.281125 0.96624 0.480741 0.214901
0.430525 0.888995 0.0275682 0.570707 0.915093 0.0283277
0.754605 0.953412 0.0101261 0.356769 0.985937 0.0247835
0.355527 0.820632 0.110804 0.687984 0.794786 0.140525
0.0928096 0.525371 0.452179 0.892864 0.466306 0.466584
0.164471 0.288844 0.70771 0.663786 0.0976035 0.832616
0.632936 0.0706771 0.930333 0.361828 0.0113301 0.956458
0.702609 0.0606628 0.945522 0.301328 0.0248709 0.973596
end
gesture g5 hands 2
0.800572 0.0468746 0.950616 0.238633 0.0538936 0.992716
0.73499 0.0680202 0.932718 0.614923 0.0907009 0.769959
0.46969 0.112929 0.789707 0.905097 0.230022 0.528161
0 0.482961 0.328083 0.997022 0.53375 0.245718
0.110873 0.714968 0.166055 0.580941 0.945245 0.0201504
0.829599 0.94227 0.000348018 0.262923 0.978909 0.0264396
0.706291 0.92254 0.0178982 0.368685 0.948867 0.0296463
0.220306 0.712167 0.24861 0.693785 0.829927 0.109144
0.169145 0.448713 0.489738 0.93657 0.43367 0.482048
0.513942 0.0893382 0.882255 0.635839 0.0471532 0.871531
0.841633 0.0884473 0.959267 0.264394 0.0496325 0.993114
end
gesture g5 hands 2
0.764682 0.213962 0.939239 0.259728 0.183694 0.978443
0.543688 0.19191 0.826672 0.368161 0.15492 0.952203
0.0637051 0.368298 0.480125 0.813078 0.149316 0.616336
0.185119 0.79713 0.123791 0.951851 0.69006 0.179993
0.773046 0.90611 0 0.422621 0.95283 0.0118489
0.809155 0.923887 0.00438574 0.233716 0.992522 0.033951
0.387663 0.869956 0.131448 0.648418 0.894473 0.135343
0.136483 0.480821 0.466026 0.880424 0.50739 0.464843
0.399532 0.0798009 0.872759 0.834545 0.206042 0.709106
0.716037 0.0288233 0.974052 0.4907 0 0.939517
0.755488 0.0612021 0.968775 0.263274 0.0554919 1
end
gesture g5 hands 2
0.886163 0.0840477 0.961295 0.30295 0.0526345 0.991108
0.614553 0.104924 0.852706 0.540374 0.0451703 0.876416
0.0723995 0.26287 0.473362 0.941638 0.293718 0.388786
0 0.482785 0.305217 0.733082 0.830903 0.0665119
0.196997 0.754938 0.132401 0.262601 0.999426 0.025267
0.775749 0.937653 0.0053252 0.647362 0.922926 0.0783931
0.851451 0.920819 0 0.956852 0.596088 0.362763
0.448371 0.923577 0.0645552 0.982541 0.301277 0.618748
0.168317 0.581726 0.353093 0.869036 0.150388 0.772374
0.426935 0.0718515 0.89905 0.513192 0.00477482 0.927507
0.806591 0.0812641 0.968077 0.248096 0.0667363 0.996056
end
gesture g5 hands 2
0.92801 0.14814 0.922871 0.205238 0.151839 0.969932
0.636761 0.211246 0.807296 0.528486 0.19574 0.840626
0.0898554 0.479093 0.527341 0.976265 0.478223 0.432835
0.017124 0.688111 0.311702 0.967381 0.693175 0.197118
0.448317 0.905067 0.0604975 0.562721 0.959271 0.0321174
0.805733 0.92632 0.00887848 0.260015 0.999963 0.0502872
0.339525 0.850857 0.136377 0.712689 0.87297 0.130297
0.175372 0.432744 0.545227 0.972133 0.374959 0.517284
0.508543 0.0892703 0.85494 0.693266 0.0460948 0.841117
0.860345 0.07357 0.942667 0.311643 0.0294676 0.988489
0.928006 0.077617 0.951855 0.246665 0.0821473 0.99058
end
gesture g5 hands 2
0.840302 0.0262456 0.970971 0.3925 0.0180745 0.984049
0.614853 0.0511671 0.865207 0.564134 0.00940917 0.893799
0.0675009 0.232016 0.448576 0.994765 0.248371 0.405077
0.0209937 0.474501 0.246992 0.963196 0.591501 0.182272
0.342017 0.818316 0.0771487 0.6919 0.862943 0.0252497
0.690147 0.938699 0.0271786 0.409228 0.939569 0
0.813225 0.994945 0.0313447 0.356392 0.995228 0.0265617
0.610728 0.977223 0.070819 0.740059 0.831583 0.187129
0.24539 0.614591 0.380146 0.857528 0.377837 0.601987
0.463043 0.173169 0.765912 0.537294 0.0838647 0.897574
0.831554 0.0408313 0.93152 0.4053 0.0307505 0.944391
end
gesture g5 hands 2
0.899581 0.051784 0.938904 0.169517 0.0199101 0.995138
0.602264 0.0737526 0.844493 0.70293 0.103879 0.687146
0.0708962 0.387538 0.483707 0.9276 0.360154 0.42455
0.0777868 0.738895 0.170801 0.868223 0.747298 0.0954731
0.339393 0.858657 0.0585543 0.636353 0.908043 0.0112881
0.826081 0.89689 0.00512615 0.232278 0.961897 0.0338537
0.667169 0.912057 0.0263178 0.674469 0.935193 0.115159
0.221227 0.757781 0.253453 0.975987 0.602594 0.417495
0.365024 0.159871 0.809852 0.778238 0.112987 0.761951
0.842998 0.0458854 0.933408 0.239025 0.0130082 0.972863
0.886203 0.0418246 0.943448 0.165189 0.0371693 0.969349
end
gesture g5 hands 2
0.473699 0.0444261 0.965209 0.380999 0 0.958373
0.188194 0.129268 0.833127 0.718676 0.271228 0.679557
0.0324978 0.403113 0.445891 0.735312 0.459585 0.468981
0.258437 0.636381 0.208132 0.353899 0.85555 0.0745052
0.962827 0.947988 0.0151462 0.0345912 0.968566 0.00387215
0.97441 1 0.0128502 0.0343569 0.99543 0.0119084
0.411452 0.825332 0.154836 0.328114 0.949347 0.0766261
0.207932 0.667105 0.294176 0.732996 0.692157 0.33538
0.127818 0.296306 0.680634 0.796089 0.293401 0.708257
0.411508 0.108576 0.914267 0.677924 0.162587 0.829014
0.548172 0.0616426 0.994318 0.317528 0.0235237 0.970863
end
gesture g5 hands 2
0.519924 0.0730143 0.98159 0.359683 0.0612519 0.977271
0.182721 0.500964 0.386355 0.712669 0.294771 0.680332
0.346363 0.738184 0.19264 0.674036 0.535041 0.400223
0.977166 0.991093 0.0170722 0.527641 0.730638 0.193816
0.96521 0.989025 0.017721 0.0262546 0.99362 0
0.35039 0.802739 0.155454 0.323208 0.930477 0.0568938
0.00859401 0.393269 0.532908 0.637941 0.808775 0.190491
0.021759 0.222822 0.715816 0.899047 0.487022 0.574006
0.451732 0.084029 0.947425 0.843131 0.320646 0.73607
0.54175 0.0581149 0.994262 0.476244 0.0603004 0.924453
0.51171 0.0662831 0.982543 0.33953 0.00073433 0.973783
end
gesture g5 hands 2
0.513967 0.042012 0.99176 0.402693 0 0.980162
0.154583 0.149814 0.731961 0.713004 0.224024 0.731925
0.127573 0.313884 0.498061 0.724732 0.378889 0.505438
0.650624 0.812886 0.100309 0.546627 0.617953 0.23683
1 0.960336 0.0207234 0 0.994405 0
0.913933 0.989232 0.0237912 0.333949 0.942879 0.0758297
0.325729 0.810378 0.19075 0.790426 0.650132 0.39075
0.024303 0.513674 0.516193 0.856194 0.467892 0.562212
0.107584 0.292703 0.731922 0.782578 0.268929 0.760105
0.529034 0.0417375 0.985074 0.504955 0.0760768 0.939907
0.560131 0.0209997 0.998781 0.346942 0.030353 0.978982
end
gesture g5 hands 2
0.512509 0.0471422 0.972945 0.372501 0.00159088 0.973975
0.325652 0.0906905 0.880658 0.542296 0.14609 0.886761
0.0683324 0.334183 0.510318 0.728855 0.409334 0.536472
0.171447 0.539416 0.309629 0.655557 0.581962 0.326615
0.847288 0.901894 0.0326893 0.139468 0.917458 0.0200926
1 0.990831 0.0134521 0 0.987776 0
0.871863 0.987518 0.0338034 0.413824 0.911688 0.124495
0.362695 0.795464 0.227827 0.813348 0.56802 0.45459
0.145004 0.566081 0.426585 0.766041 0.211627 0.773089
0.147798 0.207817 0.77552 0.383116 0.00601826 0.977914
0.488965 0.0398346 0.997653 0.411643 0.00479888 0.978511
end
gesture g5 hands 2
0.611402 0.00594505 0.939489 0.309873 0.0118293 0.919826
0.20135 0.0741394 0.825514 0.630071 0.131634 0.822119
0.0472883 0.167021 0.67822 0.819482 0.406256 0.481095
0.156035 0.589318 0.280403 0.722596 0.6118 0.279456
0.923263 0.926597 0.0358134 0.437876 0.882132 0.085119
1 0.977636 0.0188014 0.12131 1 0
0.150945 0.779828 0.316052 0.515523 0.893199 0.115835
0.0837101 0.620397 0.481475 0.83765 0.681529 0.379297
0.260403 0.240541 0.832522 0.775994 0.345015 0.731695
0.581626 0.0510679 0.991151 0.378943 0.0832838 0.963012
0.604421 0.0136938 0.998121 0.341209 0.000345594 0.982354
end
gesture g5 hands 2
0.832765 0.0856582 0.971555 0.274593 0.0685273 0.990671
0.640417 0.123733 0.898719 0.882751 0.164295 0.570079
0.195197 0.206512 0.603246 1 0.447839 0.308127
0.0741137 0.661819 0.210185 0.919786 0.704538 0.152139
0.653596 0.938657 0.0139485 0.632844 0.914594 0.0413125
0.789339 0.960721 0.000663017 0.317109 1 0.0262123
0.303393 0.707729 0.234104 0.665467 0.889538 0.120684
0.266684 0.585017 0.368038 0.873844 0.50056 0.519319
0.344579 0.306023 0.69396 0.791488 0.329794 0.655784
0.790036 0.0663623 0.939214 0.443129 0.0304181 0.9405
0.828721 0.0727813 0.956354 0.267268 0 1
end
gesture g5 hands 2
0.862771 0.0433984 0.960948 0.240071 0.0535227 0.997419
0.191021 0.176563 0.655298 0.889237 0.136348 0.6123
0 0.456377 0.404525 0.999066 0.471113 0.320113
0.384695 0.843907 0.0874053 0.64676 0.877792 0.04604
0.728959 0.935393 0.0165315 0.342872 0.961921 0.021547
0.864714 0.924096 0 0.251716 0.992263 0.0335987
0.497009 0.920094 0.059942 0.610426 0.960537 0.0766197
0.265357 0.781937 0.221022 0.979308 0.57372 0.40131
0.271993 0.374628 0.652985 0.942867 0.346206 0.614053
0.696935 0.130336 0.904195 0.460779 0.0598884 0.945487
0.871283 0.13124 0.954228 0.29755 0.110962 0.985197
end
gesture g5 hands 2
0.89252 0.115897 0.946883 0.278317 0.0888816 0.987373
0.665224 0.126679 0.880352 0.761153 0.172862 0.695635
0.0622185 0.316183 0.446559 0.999485 0.386089 0.388186
0.0023118 0.530108 0.260166 0.723117 0.850479 0.0546215
0.216455 0.758777 0.115267 0.344551 0.961524 0
0.86672 0.925506 0.00179121 0.243918 0.993448 0.0210451
0.80873 0.926686 0.0101614 0.71 0.866442 0.125242
0.166318 0.696987 0.301372 0.929073 0.663608 0.303838
0.228024 0.313921 0.664184 0.948005 0.263134 0.655219
0.582351 0.0476445 0.884489 0.527863 0.0136127 0.867679
0.861779 0.0963356 0.933179 0.232692 0.0394066 0.951262
end
gesture g5 hands 2
0.772005 0.170823 0.949026 0.155521 0.140082 0.962127
0.281441 0.168547 0.700705 0.649268 0.116619 0.680594
0.0244695 0.350236 0.404025 0.871712 0.351491 0.357701
0.0317371 0.607481 0.198464 0.557692 0.875718 0.0341605
0.242618 0.840178 0.0737828 0.189064 0.993033 0.000523226
0.643903 0.97178 0.0161235 0.0654792 1 0.00373748
0.85983 0.949119 0.00162454 0.55096 0.945687 0.0619674
0.130929 0.803132 0.20564 0.994324 0.573606 0.406363
0.0569787 0.328083 0.622568 0.971836 0.309095 0.625055
0.574543 0 0.936391 0.441178 0.0249507 0.952833
0.78927 0.0741395 0.958492 0.202636 0.0699787 1
end
gesture g5 hands 2
0.794406 0.0266041 0.960217 0.283776 0.0357596 0.974751
0.495552 0.099121 0.842032 0.908815 0.198936 0.559898
0.00204369 0.443395 0.408845 0.975318 0.494142 0.309675
0.0573725 0.6528 0.244215 0.630191 0.900349 0.0496536
0.735367 0.927463 0.013137 0.313913 0.977138 0.0231412
0.872007 0.927776 0.00290874 0.255769 0.986451 0.0292209
0.320089 0.824159 0.178387 0.839429 0.841617 0.188963
0.192965 0.625538 0.406699 1 0.61369 0.420875
0.320162 0.269925 0.714405 0.888752 0.238271 0.730274
0.701186 0.05968 0.932012 0.430353 0.0117814 0.965548
0.862133 0.125331 0.949321 0.22723 0.0891893 0.993682
end
gesture g5 hands 2
0.849086 0.0457273 0.954788 0.249901 0.0262128 0.969087
0.567886 0.0618524 0.825194 0.535032 0.0286224 0.804106
0.0752068 0.344445 0.443727 0.968754 0.327823 0.375511
0 0.566565 0.275305 0.991729 0.570989 0.201461
0.571851 0.905926 0.0271119 0.473934 0.952181 0.0241385
0.887924 0.934129 0.00447452 0.279438 1 0.0418683
0.399504 0.85377 0.142512 0.71545 0.869671 0.171318
0.246932 0.665301 0.311319 0.938136 0.394182 0.583361
0.286892 0.19037 0.749007 0.740891 0.081303 0.854577
0.733104 0.0333176 0.93867 0.390361 0 0.951429
0.784427 0.040398 0.956327 0.31333 0.00217741 0.98138
end
gesture g5 hands 2
0.842244 0.112155 0.967688 0.204541 0.0926594 0.999881
0.522018 0.132026 0.820341 0.867247 0.299191 0.544508
0.0147623 0.514239 0.407437 1 0.520717 0.319447
0.0540438 0.757035 0.211086 0.930137 0.761195 0.127968
0.658577 0.919332 0.0168023 0.395679 0.98231 0.0187891
0.738996 0.964482 0.00941116 0.371446 1 0.0380392
0.43665 0.922882 0.07037 0.644513 0.958077 0.089777
0.14474 0.632889 0.378157 0.962318 0.697145 0.367406
0.355553 0.146931 0.788305 0.965157 0.393572 0.596626
0.779555 0.0703515 0.955782 0.618301 0.0336258 0.88362
0.840131 0.0856719 0.950696 0.255036 0.0366356 0.96043
end
gesture g5 hands 2
0.826269 0.104509 0.97472 0.161123 0.0798923 0.990046
0.663589 0.0674935 0.90177 0.396012 0.044297 0.903412
0.126088 0.168687 0.564027 0.935765 0.170961 0.527208
0.110889 0.687171 0.164064 0.986224 0.402122 0.314607
0.795173 0.924132 0.00293056 0.826267 0.714601 0.116298
0.925089 0.91511 0.0037056 0.185934 0.980951 0.00927129
0.75674 0.915588 0.0161545 0.132549 0.996583 0.0175786
0.156037 0.733427 0.19739 0.86242 0.700809 0.241367
0.0318832 0.572113 0.37245 0.981581 0.332484 0.577124
0.255072 0.129859 0.777233 0.56542 0.0379145 0.856789
0.766074 0.0616327 0.953455 0.228868 0.0195632 0.974448
end
gesture g5 hands 2
0.891861 0.024609 0.971211 0.36846 0.0381333 0.981226
0.790825 0.0175698 0.94974 0.671242 0.0478966 0.772732
0.467364 0.0841407 0.770508 1 0.255753 0.416668
0.0649418 0.259128 0.463888 0.959889 0.580454 0.161571
0.0366137 0.51524 0.224154 0.355021 0.967725 0
0.742831 0.946889 0.0198155 0.344892 1 0.0167953
0.822661 0.979417 0.0208791 0.620805 0.932746 0.100228
0.545972 0.955125 0.0749258 0.915097 0.573036 0.395742
0.1704 0.639806 0.372713 0.785246 0.300242 0.66454
0.301821 0.325566 0.649378 0.322807 0.0293544 0.988919
0.810718 0.0138051 0.993027 0.300206 0.0182292 1
end
gesture g5 hands 2
0.820541 0.0931246 0.959135 0.249553 0.08704 0.969118
0.521281 0.0897706 0.814921 0.832722 0.0370025 0.614153
0.0509179 0.302483 0.476687 0.987782 0.233079 0.405812
0.163777 0.780789 0.138524 0.768345 0.823305 0.0770755
0.83267 0.913626 0.00139827 0.234706 0.991811 0.0156967
0.843435 0.905233 0.00151878 0.267224 0.989069 0.0265935
0.439213 0.879432 0.0953469 0.65151 0.924103 0.117143
0.276039 0.740707 0.293732 0.874434 0.541487 0.511622
0.258282 0.529279 0.492695 0.593739 0.0327023 0.88932
0.504132 0.0451449 0.867814 0.329613 0.0174049 0.99542
0.758762 0.0709887 0.977746 0.298144 0.0346832 0.999759
end
gesture g5 hands 2
0.859917 0.0657346 0.921869 0.290707 0.0407082 0.949778
0.363102 0.103138 0.684336 0.763103 0.0439434 0.662167
0.0605912 0.261324 0.420963 1 0.262388 0.36366
0.140441 0.725005 0.117329 0.78977 0.766576 0.0598596
0.814711 0.93804 0 0.457432 0.945851 0.00798479
0.879518 0.977924 0.00555869 0.226497 0.997997 0.0198159
0.42749 0.900585 0.102435 0.438593 1 0.0527705
0.208427 0.71445 0.298389 0.906446 0.750028 0.316527
0.31585 0.354097 0.717196 0.892327 0.353774 0.711671
0.70982 0.0843368 0.952283 0.477181 0.0456609 0.968937
0.900347 0.0692603 0.99276 0.289114 0.0283421 1
end
gesture g5 hands 2
0.837513 0.0833491 0.973263 0.295901 0.0663609 0.984243
0.475054 0.12291 0.773494 0.956835 0.245856 0.472238
0.115861 0.245281 0.516603 0.988388 0.504977 0.264485
0 0.433871 0.329976 0.640081 0.913404 0.0291648
0.386136 0.854387 0.0629794 0.250804 0.987213 0.0212515
0.928197 0.989234 0.00753978 0.444877 0.988842 0.0642959
0.787147 0.983729 0.0380491 0.914766 0.675934 0.318711
0.280783 0.703732 0.294167 0.993446 0.471049 0.504451
0.342132 0.179987 0.750431 0.845409 0.197757 0.741686
0.740039 0.0399272 0.929215 0.452193 0.00922157 0.946124
0.846157 0.0318362 0.970392 0.310343 0.0037906 0.968627
end
gesture g5 hands 2
0.831481 0.04547 0.963132 0.328083 0.0349038 0.982133
0.689886 0.0403007 0.909291 0.45391 0.0148976 0.920714
0.172826 0.192657 0.557638 0.930265 0.180948 0.529083
0.112069 0.6682 0.142719 0.85452 0.742804 0.110302
0.691385 0.951839 0.00127106 0.308219 0.988939 0.0124061
0.728346 0.993147 0.0194737 0.219181 0.99465 0.016555
0.282497 0.820459 0.189844 0.582679 0.924799 0.0947855
0.184142 0.663346 0.358512 0.864144 0.609517 0.37267
0.362012 0.194855 0.782137 0.843322 0.400979 0.590549
0.722489 0.0514323 0.988481 0.594127 0.122296 0.874716
0.786998 0.0427971 0.996515 0.320244 0.0151842 0.996187
end
gesture g5 hands 2
0.861401 0.0203646 0.956619 0.256412 0.00626375 0.968969
0.716808 0.0241132 0.882778 0.734582 0.0778996 0.674888
0.339367 0.124996 0.687706 0.978435 0.530533 0.217924
0 0.484543 0.264441 0.832054 0.753445 0.0767101
0.10394 0.71247 0.120584 0.378154 0.986726 0.00193786
0.59606 0.953639 0.00984798 0.176369 1 0.00752502
0.840363 0.982893 0.00572053 0.32049 0.987764 0.0207882
0.161942 0.82824 0.238292 0.885388 0.737517 0.244174
0.121772 0.595431 0.444665 0.863275 0.296384 0.676449
0.485368 0.0720635 0.84631 0.41015 0.0763307 0.95266
0.820532 0.0593882 0.986216 0.274489 0.0670888 0.997408
end
gesture g5 hands 2
0.811637 0.118467 0.972555 0.288681 0.136799 0.978407
0.649288 0.117137 0.896266 0.493656 0.11701 0.910081
0.13027 0.321354 0.493205 0.936255 0.321827 0.440368
0 0.525377 0.284859 0.984313 0.539092 0.224008
0.184798 0.782845 0.117553 0.799343 0.795297 0.0593484
0.758397 0.965297 0.000349488 0.273968 0.992704 0.0143391
0.72751 0.979436 0.00743917 0.5777 0.942989 0.0474907
0.225682 0.795627 0.193443 0.99719 0.494624 0.407416
0.145911 0.35388 0.605191 0.956498 0.300875 0.619407
0.619328 0.0110751 0.893071 0.538052 0.0615638 0.891733
0.819942 0.0438706 0.974078 0.301866 0.0607506 0.984198
end
gesture g5 hands 2
0.801816 0.0974778 0.866481 0.287847 0.0874788 0.899256
0.647755 0.1161 0.797733 0.73899 0.0887995 0.628423
0.0498238 0.29604 0.41271 0.989928 0.340386 0.363218
0.184728 0.808927 0.098453 0.770835 0.817465 0.062132
0.710436 0.939639 0 0.249793 0.954724 0.02045
0.726728 0.953257 0.00373494 0.209912 0.982921 0.0439553
0.287777 0.903221 0.119941 0.622506 0.933078 0.107723
0.168413 0.602003 0.475831 0.804017 0.822439 0.212526
0.52725 0.100085 0.867452 0.879254 0.586916 0.435377
0.869602 0.0608631 0.966378 0.567001 0.0911407 0.827745
0.86252 0.0658028 0.967026 0.183707 0.0755754 0.987525
end
gesture g5 hands 2
0.853211 0.0836066 0.948261 0.242823 0.0494229 0.983331
0.319851 0.173174 0.660022 0.802043 0.18056 0.661398
0 0.486038 0.355886 1 0.530467 0.313282
0.336226 0.89254 0.0719056 0.619103 0.9216 0.036122
0.774211 0.967337 0 0.313007 0.948137 0.0075547
0.463055 0.977713 0.0778549 0.261459 0.969615 0.0283519
0.203743 0.798786 0.274876 0.545585 0.950638 0.0810758
0.163079 0.592335 0.464436 0.821576 0.772249 0.269585
0.407293 0.092872 0.825042 0.900233 0.385748 0.619932
0.711999 0.0195357 0.929028 0.365739 0 0.922914
0.809291 0.0661514 0.929695 0.242362 0.0540403 0.969792
end
gesture g5 hands 2
0.813875 0.0290212 0.975874 0.300202 0.0160539 0.981879
0.71091 0.0270483 0.949861 0.410743 0.00165911 0.941411
0.177563 0.219054 0.493316 0.636245 0.0636496 0.722013
0 0.458061 0.268924 0.862875 0.521776 0.199628
0.256905 0.815667 0.0873123 0.273599 0.952123 0.0177494
0.773963 0.932 0.000770542 0.13882 1 0.0400425
0.192322 0.863682 0.150604 0.281021 0.987578 0.0444799
0.0425464 0.696882 0.364048 0.77895 0.859637 0.147655
0.0903025 0.473775 0.581612 0.981725 0.670171 0.346113
0.584685 0.0766173 0.903521 0.828378 0.241237 0.763917
0.803045 0.078177 0.96604 0.287299 0.0411831 1
end
gesture g5 hands 2
0.881036 0.0567004 0.948998 0.221667 0.00686535 0.98788
0.452532 0.0784157 0.749303 0.361134 0.0145168 0.942658
0.0250151 0.385425 0.31165 0.888931 0.198638 0.519097
0.158134 0.702459 0.109461 0.701147 0.780546 0.0739607
0.518254 0.890684 0.0242638 0.126567 0.988585 0.0139547
0.756518 0.885271 0.000926824 0.194696 1 0.0219872
0.698126 0.918419 0.00606002 0.522991 0.962614 0.0550891
0.164837 0.862872 0.14632 0.9363 0.737693 0.260276
0.000777544 0.631145 0.466288 0.867621 0.261477 0.685142
0.56045 0.063775 0.886996 0.417474 0.0639241 0.888759
0.783607 0.0672056 0.920766 0.239716 0.0574348 0.907866
end
gesture g5 hands 2
0.707981 0.100861 0.971191 0.317679 0.101952 0.994055
0.0819264 0.186344 0.547174 0.942036 0.22085 0.534577
0 0.448378 0.334615 0.979405 0.47688 0.299295
0.204916 0.828809 0.11331 0.752547 0.796921 0.0712892
0.530351 0.972189 0.0350432 0.468576 0.932992 0.0104662
0.807081 0.964229 0.0219606 0.295596 0.967093 0.0150107
0.792685 0.971778 0.0217311 0.59583 0.940669 0.0688104
0.219845 0.90091 0.19036 0.932917 0.660182 0.361954
0.106484 0.728931 0.355524 0.689362 0.224132 0.754389
0.400749 0.218732 0.755373 0.325833 0.0450974 0.90289
0.773801 0.0261328 0.925217 0.262512 0.0375556 0.935872
end
gesture g5 hands 2
0.5883 0.0863068 0.958982 0.488822 0.0182688 0.992045
0.399004 0.149812 0.810895 0.492362 0.00529733 0.968997
0.185335 0.391098 0.439428 0.641768 0.169982 0.702854
0.387807 0.762613 0.0747576 0.549964 0.812132 0.07695
0.939354 0.931885 0.00298803 0.0613712 0.997546 0.0196258
0.99231 0.933942 0.00650896 0.0963787 0.949418 0.0340139
0.852482 0.937921 0.0140836 0.786902 0.668104 0.385496
0.336775 0.798766 0.166663 0.840592 0.511644 0.538056
0.0265442 0.542525 0.500178 0.655127 0.199572 0.768267
0.249257 0.188359 0.83556 0.574802 0.156649 0.796301
0.686828 0.11671 0.867762 0.267091 0.096187 0.836363
end
gesture g5 hands 2
0.753704 0.0305967 1 0.313791 0.0724138 0.935632
0.488709 0.0571192 0.840726 0.9429 0.363519 0.556298
0.174984 0.412739 0.461167 0.992837 0.580226 0.37107
0.167821 0.526451 0.356802 0.651887 0.903922 0.0975208
0.365306 0.820851 0.139519 0.0186267 0.975151 0.00923236
0.942149 0.970299 0.0272774 0.0267628 0.949314 0.0201433
0.842201 0.937313 0.0373814 0.562589 0.831638 0.149042
0.396766 0.792525 0.203564 0.887653 0.596254 0.409032
0.20381 0.515223 0.539513 0.924136 0.390137 0.67916
0.332092 0.248935 0.853929 0.532531 0.127624 0.917974
0.537202 0.179563 0.913455 0.489846 0.141039 0.893537
end
gesture g5 hands 2
0.662345 0.00723813 0.965153 0.243969 0.0482714 0.936213
0.327166 0.107189 0.710018 0.868089 0.250506 0.634781
0.158858 0.538395 0.371156 0.967312 0.710879 0.321278
0.674682 0.985688 0.00787181 0.560361 0.947877 0.0826664
0.950791 0.945518 0.0277536 0.0151925 0.883623 0.0441786
0.928027 0.934686 0.0454263 0.0133729 0.900021 0.0484723
0.394328 0.869224 0.196639 0.624861 0.821473 0.206125
0.191991 0.662232 0.427286 0.861862 0.556476 0.505036
0.173338 0.593124 0.502644 0.754414 0.284241 0.774826
0.243446 0.251628 0.805414 0.69664 0.208986 0.819879
0.684001 0.0209073 0.994928 0.238514 0.0115672 0.970065
end
gesture g5 hands 2
0.747226 0.00334974 0.997628 0.317602 0.047976 0.910624
0.48593 0.102927 0.851355 0.987917 0.518094 0.570763
0.133143 0.447284 0.556053 0.862053 0.878669 0.244174
0.199833 0.774565 0.238311 0.29729 0.995912 0.0198749
0.898926 0.968657 0.0131142 0.00370116 0.959149 0.00230806
0.978922 0.974372 0.0245263 0.100173 0.961262 0.00811024
0.584303 0.895085 0.135891 0.705121 0.818591 0.242955
0.224864 0.58146 0.527138 0.930711 0.589852 0.534604
0.223009 0.504594 0.606093 0.734428 0.151193 0.857667
0.659196 0.0447151 0.990191 0.342285 0.0211203 0.937487
0.746197 0.00629521 0.997884 0.262127 0 0.93146
end
gesture g5 hands 2
0.791632 0.00216165 0.955235 0.146354 0.0551214 0.915822
0.529145 0.0808472 0.841629 0.710829 0.217514 0.665735
0.146771 0.438742 0.518075 0.877783 0.451455 0.500996
0.275248 0.817462 0.170476 0.650429 0.913791 0.152826
0.69851 0.979322 0.0161286 0.151466 0.996588 0.00266116
0.99357 0.939341 0.0268049 0.00499546 0.948083 0.00944079
0.721097 0.945779 0.0443876 0.639676 0.886161 0.126532
0.14999 0.580958 0.574149 0.859589 0.76125 0.277933
0.185973 0.357949 0.814035 0.930274 0.323395 0.818277
0.637641 0.073625 0.994804 0.890577 0.272132 0.864657
0.657461 0.0697207 1 0.351513 0.0939761 0.951652
end
gesture g5 hands 2
0.663962 0.019876 0.995622 0.220524 0.052571 0.94491
0.184701 0.239654 0.699269 0.700029 0.177054 0.750746
0 0.550649 0.425387 0.976016 0.616327 0.425591
0.142016 0.813611 0.174861 0.354301 0.989817 0.032619
0.85691 0.963598 0.0215477 0.0230962 0.930649 0.0385395
0.800216 0.963127 0.0292739 0.123645 0.918263 0.0460585
0.34255 0.927382 0.149848 0.518207 0.970594 0.108579
0.231854 0.874928 0.222965 0.972545 0.734683 0.462535
0.0101205 0.659389 0.558391 0.950433 0.497259 0.702849
0.655961 0.107334 0.922888 0.167251 0.132493 0.877742
0.741384 0.0960377 0.920014 0.116332 0.0963871 0.887392
end
gesture g5 hands 2
0.730682 0.00841268 0.980699 0.251042 0.094202 0.933113
0.347893 0.119073 0.818068 0.786818 0.219254 0.755857
0.266611 0.185415 0.749412 0.993566 0.504639 0.475751
0.0884979 0.581977 0.361839 0.890345 0.785219 0.193679
0.173034 0.77633 0.188039 0.185108 0.988892 0.0213088
0.99016 0.947433 0.0221905 0.0105589 0.95816 0.0327466
0.977248 0.962465 0.0332112 0.337242 0.925952 0.0446013
0.225679 0.803015 0.29485 0.830928 0.745326 0.309009
0.18135 0.739116 0.373396 0.917084 0.495593 0.599123
0.346922 0.23013 0.851756 0.672779 0.239744 0.861002
0.745211 0.0119492 1 0.267364 0.0414295 0.940708
end
gesture g5 hands 2
0.750156 0.0719418 0.961513 0.221153 0.0854678 0.922386
0.43446 0.0426844 0.946829 0.737148 0.116524 0.907169
0.0633352 0.355605 0.635291 1 0.529685 0.538521
0.161691 0.86725 0.168413 0.447608 0.991355 0.0181481
0.442406 0.980607 0.0468831 0.0763754 0.851105 0.0614904
0.763959 0.898691 0.0678438 0.200762 0.8968 0.0725036
0.23358 0.720848 0.323693 0.902321 0.641305 0.460156
0.187223 0.466937 0.603968 0.928067 0.571146 0.549535
0.235285 0.368799 0.711969 0.855549 0.330016 0.783181
0.692531 0.140992 0.90846 0.328476 0.131856 0.878926
0.722811 0.140094 0.910651 0.300828 0.123462 0.881945
end
gesture g5 hands 2
0.750609 0.0356429 0.961324 0.191803 0.0683448 0.923775
0.241264 0.181521 0.793935 0.890169 0.316791 0.721231
0.15104 0.837355 0.194499 0.997774 0.549789 0.525387
0.804289 0.916533 0.0346809 0.472034 0.996832 0.0206316
0.733681 0.916153 0.0386078 0.0190906 0.884034 0.0363701
0.374546 0.905992 0.159405 0.603426 0.872098 0.191792
0.14651 0.638909 0.484836 0.73954 0.808941 0.275066
0.131049 0.546599 0.577647 0.989829 0.480511 0.660489
0.213981 0.197836 0.843955 0.919692 0.311425 0.798334
0.767801 0.012082 0.988625 0.377782 0.02385 0.951014
0.779692 0.0170593 1 0.167892 0.0290133 0.96373
end
gesture g5 hands 2
0.889653 0.0504692 1 0.116745 0.0850594 0.983791
0.504118 0.0284814 0.925759 0.744087 0.179136 0.823468
0.077276 0.385016 0.602818 0.991804 0.615993 0.441259
0.0145127 0.684201 0.319122 0.11981 0.902811 0.0101674
0.311988 0.931106 0.0734627 0.0793299 0.86421 0.0260385
0.809705 0.937857 0.0220677 0.67472 0.886541 0.156882
0.638759 0.961296 0.034436 0.897814 0.802431 0.319343
0.0107266 0.665309 0.490884 0.933102 0.324391 0.801676
0.33803 0.139444 0.933943 0.878666 0.255896 0.848019
0.750791 0.00404562 0.980657 0.24927 0.00315583 0.962588
0.779764 0 0.981122 0.172168 0.0132797 0.956885
end
gesture g5 hands 2
0.858537 0.143196 1 0.14944 0.150027 0.963432
0.401295 0.0444728 0.836938 0.713342 0.106941 0.832736
0.00677957 0.410962 0.458657 0.989789 0.377602 0.545533
0.00498587 0.5219 0.36628 0.354746 0.931807 0.0160971
0.48387 0.969961 0.02638 0.0194989 0.909404 0.0212275
0.691782 0.96316 0.00741044 0.402124 0.966445 0.0975805
0.208487 0.883243 0.216044 0.872233 0.730757 0.41319
0.0193773 0.612022 0.559046 0.959604 0.579563 0.616502
0.157344 0.287228 0.839218 0.694816 0.199289 0.954502
0.667591 0.137547 0.980144 0.160643 0.152229 0.977493
0.802876 0.122582 0.980999 0.0 0.0 0.0
end
gesture g5 hands 2
0.716091 0.0615301 1 0.097697 0.110881 0.891622
0.499535 0.00295834 0.917385 0.574683 0.0823903 0.880215
0.0783539 0.388645 0.568854 0.987671 0.539975 0.594725
0.0229887 0.510171 0.471529 0.825166 0.916174 0.227671
0.120669 0.890422 0.189552 0.230093 0.976698 0.00198133
0.686339 0.983854 0.061697 0.170869 0.975611 0.00720481
0.616948 0.961037 0.0665902 0.26525 0.985537 0.0325416
0.276061 0.87932 0.200299 0.686073 0.875898 0.269969
0.134452 0.590883 0.527787 0.765918 0.440586 0.764128
0.300733 0.281542 0.850231 0.501909 0.211169 0.912876
0.715346 0.134577 0.99991 0.101353 0.185303 0.881836
end
gesture g5 hands 2
0.677653 0.00876795 0.994872 0.214165 0.045202 0.938955
0.135852 0.340596 0.635917 0.898307 0.366835 0.601876
0.0533734 0.665636 0.325518 0.914164 0.778226 0.230826
0.693258 0.994567 0 0.251688 0.943951 0.0179552
0.930686 0.943211 0.0110571 0.0397628 0.903304 0.040099
0.483152 0.898253 0.067054 0.194507 0.894363 0.0515711
0.294554 0.840569 0.174631 0.666509 0.848218 0.217071
0.158114 0.572742 0.550188 0.918074 0.578023 0.543863
0.300159 0.180112 0.841673 0.928229 0.50934 0.632172
0.625281 0.0433477 1 0.643977 0.138959 0.919627
0.675715 0.0115554 0.973439 0.315731 0.0509069 0.951494
end
gesture g5 hands 2
0.393916 0.123039 0.863468 0.615489 0.104404 0.840293
0.117676 0.41843 0.609637 0.997294 0.696826 0.468507
0.076077 0.518677 0.523858 0.340985 0.994343 0.0375154
0.207929 0.818248 0.222092 0.023408 0.981579 0.0067496
0.487787 0.93754 0.0816607 0.0758756 0.961141 0.0056356
0.928879 0.961978 0.0463069 0.621228 0.804724 0.245737
0.545329 0.863891 0.159511 0.73026 0.755744 0.345212
0.253476 0.659205 0.496794 0.872346 0.416782 0.746028
0.237756 0.402339 0.743253 0.774461 0.274998 0.839507
0.743448 0.0697804 0.991416 0.137853 0.0334587 0.936459
0.797036 0.0594146 0.998722 0.102833 0 0.932134
end
gesture g5 hands 2
0.752255 0.0340292 0.879062 0.0708902 0.0274117 0.838771
0.37276 0.0993959 0.725423 0.937794 0.431929 0.528905
0.104096 0.472564 0.420272 0.996128 0.726157 0.313781
0.234878 0.821818 0.161753 0.668955 0.949188 0.128582
0.656918 1 0.0313225 0.000742356 0.945274 0.00169512
0.855603 0.957092 0.0291343 0.0918197 0.937189 0.0155334
0.765835 0.945213 0.0448218 0.618606 0.851577 0.182548
0.357289 0.860796 0.172756 0.863887 0.538762 0.580098
0.125448 0.600058 0.530917 0.264777 0.0689109 0.913787
0.269802 0.278222 0.810518 0.156433 0.055879 0.926361
0.805839 0.0506905 1 0.0 0.0 0.0
end
gesture g5 hands 2
0.730823 0.0637412 0.995919 0.253245 0.0645849 0.954394
0.294912 0.106018 0.70548 0.541158 0.0411774 0.823429
0.0861663 0.444597 0.427254 0.976502 0.378521 0.528113
0.165998 0.758864 0.216774 0.698294 0.927655 0.143467
0.760704 0.995189 0.025202 0.578468 0.978583 0.0862098
0.564171 0.904553 0.0785711 0.0702389 0.933773 0.00784278
0.483022 0.893245 0.121482 0.066987 0.90143 0.0221893
0.218172 0.68083 0.38855 0.647512 0.803767 0.256804
0.193512 0.530015 0.545341 0.871171 0.502265 0.627646
0.444367 0.166714 0.872922 0.745243 0.239547 0.871251
0.693202 0.086993 0.933113 0.302185 0.0656147 0.936094
end
gesture g5 hands 2
0.847117 0.0374635 0.948916 0.281685 0.018835 0.950188
0.461663 0.168697 0.714064 0.815423 0.342074 0.545626
0.258399 0.521368 0.380033 0.854105 0.447732 0.452657
0.261564 0.614766 0.311012 0.76135 0.849311 0.159986
0.513113 0.903315 0.080331 0.127529 0.948958 0.0151444
0.928069 0.910714 0.0580579 0.0353247 0.878125 0.0361035
0.588468 0.908757 0.127932 0.761244 0.891017 0.247994
0.23475 0.722485 0.397641 0.859766 0.834503 0.34185
0.208485 0.659343 0.478553 0.988048 0.509002 0.71113
0.264098 0.358986 0.776119 0.778434 0.213246 0.909748
0.715246 0.0594127 1 0.365046 0.0809926 0.955838
end
gesture g5 hands 2
0.755175 0.00434592 0.983474 0.173788 0.0258972 0.948633
0.159329 0.320421 0.619413 0.374506 0.0316455 0.909527
0.0742507 0.597416 0.382794 0.834963 0.308591 0.773457
0.34958 0.924268 0.108043 1 0.555878 0.520519
0.770526 0.95009 0.0430166 0.767507 0.886274 0.207984
0.823287 0.919912 0.0536977 0.205604 0.970599 0.00974172
0.556417 0.907786 0.113122 0.00452038 0.904563 0.0161782
0.263708 0.469555 0.704687 0.405562 0.987992 0.0981115
0.278887 0.406636 0.766234 0.829208 0.544055 0.607464
0.493849 0.079299 0.96987 0.791884 0.395921 0.745587
0.665784 0.0462046 0.982813 0.311397 0.0119426 0.935691
end
gesture g5 hands 2
0.655895 0.0357094 0.979928 0.26708 0.00291105 0.936343
0.102836 0.514719 0.528352 0.56365 0.052404 0.89091
0.442352 0.918762 0.146989 0.952094 0.390442 0.701895
0.800144 0.929716 0.0657947 0.749346 0.930162 0.262056
0.747683 0.898426 0.0740567 0.0662216 0.960386 0
0.454299 0.806985 0.216696 0.153169 0.902126 0.0292018
0.285962 0.551891 0.544764 0.601481 0.803689 0.229484
0.366443 0.274763 0.854534 0.792009 0.548477 0.621137
0.408672 0.228491 0.906525 0.653465 0.240497 0.910221
0.710287 0.137218 1 0.201026 0.0667913 0.951487
0.767732 0.126428 0.989457 0.18217 0.0658382 0.951813
end
gesture g5 hands 2
0.721952 0.060919 0.988099 0.172242 0.0646847 0.938715
0.138304 0.246192 0.69324 0.604541 0.0719207 0.893428
0.0625569 0.605714 0.377785 0.953943 0.381564 0.681751
0.307554 0.880126 0.142846 0.990443 0.482762 0.59178
0.807347 0.923967 0.0652489 0.87505 0.819535 0.26636
0.751935 0.934243 0.0705838 0.00146938 0.901819 0.0121231
0.485328 0.901699 0.160555 0.264829 0.972158 0.0530941
0.214618 0.687484 0.42577 0.928062 0.508008 0.700697
0.268936 0.39 0.810093 0.819494 0.329756 0.869785
0.700112 0.0121247 0.99787 0.306814 0.0675935 0.905234
0.716416 0.00154091 1 0.296464 0.0523869 0.907106
end
gesture g5 hands 2
0.87823 0.0431342 1 0.119888 0.00992941 0.903932
0.198153 0.252045 0.679449 0.687587 0.137599 0.788131
0.000481446 0.576175 0.400388 0.940497 0.429828 0.625426
0.323283 0.907064 0.125076 0.81247 0.783913 0.280788
0.838886 0.978437 0.0550953 0.0118225 0.942565 0.000391101
0.664651 0.956832 0.0861238 0.00638244 0.938336 0.00237928
0.239954 0.85336 0.294819 0.224612 0.941783 0.0592215
0.104034 0.571822 0.619511 0.698825 0.918023 0.269347
0.127712 0.4982 0.68613 0.994074 0.555676 0.771084
0.705966 0.145512 0.934847 0.727215 0.275973 0.924925
0.872545 0.0794098 0.951599 0.0678743 0.066591 0.903411
end
gesture g5 hands 2
0.736596 0.053832 0.995106 0.142678 0.0830214 0.919609
0.236833 0.141988 0.835127 0.623939 0.11984 0.91971
0 0.521429 0.548143 0.993485 0.489546 0.724933
0.394229 0.96561 0.13689 0.863606 0.854418 0.390699
0.809389 0.919151 0.0766448 0.523733 1 0.136218
0.780375 0.934174 0.0774886 0.0968588 0.864473 0.00526512
0.334411 0.822336 0.277225 0.235651 0.925855 0.0217355
0.273479 0.415769 0.653884 0.741254 0.847624 0.3477
0.401623 0.211125 0.848459 0.808052 0.444919 0.707416
0.7152 0.120484 0.973506 0.49127 0.130209 0.898818
0.770539 0.0920321 0.988491 0.168981 0.0768059 0.900101
end
gesture g5 hands 2
0.650072 0.00556214 0.988343 0.240062 0.0289777 0.9495
0.19295 0.217024 0.717784 0.916229 0.362685 0.632579
0.109466 0.638494 0.288164 0.942479 0.784882 0.242198
0.162415 0.739152 0.209795 0.608411 0.952242 0.0730828
0.56676 0.962923 0.0170717 0.0122591 0.913547 0.0235749
0.823116 0.960102 0.0202193 0.561662 0.838187 0.127099
0.348471 0.831087 0.174958 0.860105 0.646724 0.37397
0.211617 0.726078 0.330177 0.909254 0.571322 0.464236
0.194506 0.300522 0.742138 0.720035 0.213485 0.781877
0.728219 0.056981 0.899491 0.358553 0.058806 0.847417
0.755972 0.0536619 0.89789 0.219997 0.0577118 0.84923
end
gesture g5 hands 2
0.735879 0.0687947 1 0.456251 0.0671709 0.992976
0.500458 0.119928 0.818258 0.628606 0.120106 0.821652
0.259246 0.491234 0.36029 0.764963 0.574915 0.345509
0.49667 0.80587 0.0740629 0.317904 0.968999 0.0371958
0.80354 0.948404 0.00164377 0.0764934 0.984083 0.0293705
0.996183 0.938102 0.00960802 0.10753 0.921892 0.027472
0.527781 0.930962 0.0635056 0.606514 0.872584 0.124756
0.0882754 0.530145 0.54782 0.860446 0.629528 0.370235
0.198279 0.273841 0.789596 0.846452 0.238354 0.683342
0.557919 0.0228298 0.946172 0.765238 0.117712 0.811071
0.672093 0.000786747 0.982266 0.456261 0.0249531 0.970078
end
gesture g5 hands 2
0.596478 0.0389151 0.910396 0.51373 0 0.892169
0.275547 0.328032 0.574359 0.745821 0.301833 0.53409
0.233437 0.46443 0.459034 0.555143 0.832251 0.143564
0.303579 0.714603 0.2493 0.4302 0.91892 0.0834988
0.782816 0.954408 0.0142614 0.108778 1 0.0241166
0.870746 0.944534 0 0.0378523 0.959112 0.032669
0.210124 0.80804 0.259109 0.233346 0.929478 0.0339034
0.0570434 0.664169 0.505609 0.798927 0.724229 0.378095
0.221231 0.354592 0.816296 0.834596 0.439799 0.732471
0.629697 0.122371 0.971343 0.434847 0.138217 0.970066
0.649685 0.124357 0.974407 0.405897 0.123026 1
end
gesture g5 hands 2
0.666692 0.0896444 0.916437 0.425539 0.100019 0.99199
0.24428 0.482529 0.434291 0.76402 0.340344 0.58881
0.356512 0.745786 0.200433 0.766168 0.47114 0.441271
0.800718 0.966937 0.00964384 0.203619 0.966207 0.0483236
0.991882 0.975105 0.00891773 0 0.932188 0.0690408
0.751181 0.937445 0.0322899 0.20391 0.920084 0.0578767
0.151533 0.67906 0.418929 0.77805 0.732224 0.320779
0.0822432 0.58596 0.541712 0.849588 0.63324 0.426113
0.256646 0.164794 0.924016 0.850827 0.381942 0.657882
0.59003 0.0257373 0.96924 0.504225 0.0455778 0.958951
0.64536 0 0.982151 0.431878 0.0185456 1
end
gesture g5 hands 2
0.676818 0.0153995 0.971179 0.430309 0.0124857 0.995431
0.321486 0.196074 0.687001 0.712935 0.194989 0.64577
0.26199 0.307619 0.581391 0.732179 0.45113 0.405573
0.357523 0.776802 0.178789 0.546491 0.800457 0.138575
0.45851 0.851743 0.102928 0.270206 0.969646 0.0529161
1 0.926825 0.00523176 0 0.948318 0.0542906
0.294431 0.798986 0.212264 0.00762943 0.922527 0.0601874
0.0747147 0.57994 0.562127 0.522431 0.923654 0.116141
0.184288 0.364602 0.759647 0.799288 0.800239 0.283004
0.573234 0.0399307 0.914716 0.845692 0.378094 0.638342
0.611073 0.00829205 0.917487 0.440013 0.0113057 0.972708
end
gesture g5 hands 2
0.792127 0.0634681 0.92301 0.476968 0 0.989492
0.384462 0.250604 0.731752 0.788497 0.167973 0.746557
0.256597 0.49218 0.491391 0.839623 0.4827 0.45258
0.440743 0.862565 0.154748 0.360856 0.976731 0.0586179
0.869648 0.978343 0.0021766 0.00910101 0.96552 0.0548498
1 0.957059 0.000561711 0.0608892 0.931666 0.0421414
0.676503 0.857789 0.0498273 0.795837 0.754938 0.254113
0.156126 0.617108 0.4623 0.936856 0.578896 0.494543
0.26092 0.317032 0.78846 0.891743 0.334091 0.739419
0.636013 0.0740109 0.912221 0.544046 0.0304344 0.981253
0.706199 0.0758381 0.921372 0.49232 0.0330399 1
end
gesture g5 hands 2
0.562953 0.0689937 0.944781 0.288274 0.0256688 0.93388
0.104331 0.205117 0.726271 0.707727 0.219681 0.757656
0 0.317326 0.520408 0.798088 0.372042 0.564359
0.172349 0.533262 0.270261 0.467516 0.777497 0.122995
0.955566 0.926556 0.0117292 0.14391 0.900627 0.0193909
0.7263 0.966052 0.0387777 0.11197 0.939983 0.0171266
0.128294 0.67252 0.315362 0.597223 0.793533 0.199796
0.023841 0.497186 0.492217 0.862763 0.548925 0.511057
0.177573 0.15426 0.834894 0.703889 0.228502 0.814446
0.487637 0.0479164 0.972074 0.360418 0.045827 0.92927
0.540088 0.0220417 0.985272 0.303095 0 0.95944
end
gesture g5 hands 2
0.691636 0.0143192 0.940619 0.458312 0.0851579 0.966976
0.382186 0.195902 0.645184 0.744112 0.43675 0.378305
0.4262 0.677611 0.160834 0.290121 0.925349 0.0357391
0.849594 0.965278 0.00755404 0.0451204 0.963458 0.0274014
1 1 0 0.0456747 0.950573 0.033954
0.955759 0.987948 0.00970924 0.319049 0.890911 0.0552229
0.649785 0.948886 0.0694884 0.952373 0.628549 0.455631
0.0397447 0.727604 0.528237 0.981937 0.52595 0.586161
0.0325356 0.607511 0.652585 0.856183 0.280642 0.827759
0.167053 0.335787 0.843853 0.503281 0.213597 1
0.649877 0.157992 0.958993 0.464094 0.188696 0.994253
end
gesture g5 hands 2
0.700999 0.0790484 0.934958 0.450148 0.0692047 0.997742
0.382635 0.0759405 0.691107 0.481957 0.0189 0.966392
0.316654 0.280646 0.348127 0.693323 0.0639252 0.743557
0.785593 0.904245 0.0243156 0.692236 0.653317 0.241004
1 0.999011 0.00180197 0.138405 0.999394 0.0579211
0.883182 0.965115 0.0208203 0.00280835 0.976848 0.084994
0.505629 0.882536 0.109724 0.235144 0.98655 0.0666053
0.198837 0.735739 0.339269 0.593111 0.852696 0.132301
0.109248 0.609536 0.604201 0.868699 0.618174 0.320204
0.210804 0.39641 0.810731 0.898759 0.327973 0.581163
0.415718 0.178569 0.884416 0.636796 0.0163964 0.858318
end
gesture g5 hands 2
0.723003 0.0852606 0.956255 0.404635 0.0280648 0.98266
0.417775 0.139124 0.702524 0.742572 0.228545 0.576558
0.310444 0.362328 0.496972 0.558002 0.836393 0.146773
0.362272 0.658333 0.26497 0.241785 0.980603 0.0475636
0.871846 0.962731 0.0037094 0.0236849 0.975443 0.0497366
0.977305 0.945353 0.00654082 0.0334636 0.919664 0.0546752
0.500641 0.885032 0.0884987 0.266046 0.911679 0.0437226
0.182207 0.760132 0.309527 0.900446 0.70601 0.395391
0.0873882 0.486355 0.695325 0.923634 0.375447 0.778007
0.440512 0.138231 0.942625 0.556525 0.110309 0.976383
0.700532 0.0683022 0.993832 0.435537 0.106371 1
end
gesture g5 hands 2
0.696954 0.00297364 1 0.327476 0.0140354 0.975879
0.233349 0.22285 0.655974 0.717125 0.227154 0.683032
0.140633 0.462963 0.418475 0.687541 0.77697 0.22137
0.354504 0.851259 0.130692 0.596652 0.870527 0.135336
0.91399 0.978355 0.0229423 0.0904335 0.956893 0.00820615
0.981487 0.952708 0.0248629 0.124801 0.897392 0.00434314
0.85653 0.953702 0.0144961 0.699169 0.824198 0.220322
0.231627 0.888701 0.212885 0.878634 0.695496 0.4504
0.0486825 0.602115 0.549032 0.733046 0.330532 0.806343
0.223852 0.253718 0.80351 0.380913 0.0528978 0.910732
0.646578 0.0139702 0.935049 0.335427 0.0232484 0.920226
end
gesture g5 hands 2
0.760438 0.0565388 0.98563 0.429666 0.0550595 0.992502
0.593081 0.0129361 0.901913 0.80643 0.133799 0.737127
0.221197 0.220651 0.629711 0.890395 0.320688 0.480993
0.23966 0.561469 0.28825 0.673728 0.712092 0.161389
0.755076 0.893055 0.0177669 0.0372782 0.996938 0.0462946
0.987034 0.952515 0.00811247 0.157541 0.964337 0.035411
0.325091 0.830774 0.185804 0.848783 0.790821 0.270739
0.0888345 0.621642 0.550978 0.961685 0.574108 0.518717
0.325837 0.254848 0.853372 0.778024 0.160024 0.827973
0.629221 0.0640497 1 0.496304 0.021258 0.956052
0.739344 0.0412936 0.997117 0.420362 0 0.969863
end
gesture g5 hands 2
0.712005 0.0338484 0.958657 0.412128 0.0377286 0.99004
0.344687 0.116557 0.712815 0.75507 0.216673 0.627226
0.225883 0.366592 0.457083 0.778589 0.370285 0.485365
0.664619 0.937956 0.0515592 0.654238 0.717145 0.226952
1 1 0.00805869 0.371413 0.929928 0.0677816
0.967025 0.980806 0.0030672 0.237983 0.992989 0.0292492
0.284699 0.886701 0.171005 0.00977001 0.952256 0.0295058
0.158307 0.809596 0.289984 0.616125 0.959036 0.0830126
0.197917 0.412265 0.748268 0.968215 0.709496 0.431625
0.603419 0.289204 0.943566 0.741138 0.223788 0.858023
0.635097 0.279431 0.954925 0.457626 0.122465 1
end
gesture g5 hands 2
0.720432 0.198395 0.954345 0.450411 0.0415879 1
0.257689 0.208245 0.624677 0.829819 0.117491 0.598482
0.191622 0.340347 0.41021 0.821212 0.388702 0.348749
0.459528 0.632758 0.124801 0.340116 0.874162 0.0343031
0.757385 0.83001 0.0227462 0.115203 0.995658 0.0141083
0.999541 0.905412 0.00302708 0.266908 0.925269 0.0172867
0.341739 0.705386 0.172564 0.901681 0.582096 0.358047
0.115169 0.422246 0.539639 0.928487 0.315017 0.632644
0.164013 0.319067 0.656786 0.867575 0.199824 0.747608
0.548045 0.0208976 0.901112 0.464921 0.0398981 0.949427
0.675716 0.0136099 0.936832 0.447796 0.041548 0.947329
end
gesture g5 hands 2
0.664556 0.0729568 0.994656 0.414142 0.120811 0.987689
0.19102 0.0656945 0.665567 0.777166 0.1809 0.620542
0.162189 0.3258 0.377021 0.76482 0.372717 0.325126
0.657244 0.832182 0.0352445 0.267727 0.91958 0.0118631
1 0.916595 0.032923 0.166167 0.98826 0
0.93676 0.893722 0.0323368 0 0.899782 0.0236113
0.468279 0.823945 0.106015 0.553855 0.820151 0.0891994
0.0981368 0.574058 0.576506 0.933479 0.571002 0.453652
0.141528 0.490386 0.69326 0.917892 0.318076 0.734083
0.531825 0.170239 0.907072 0.493156 0.0645599 0.974276
0.682987 0.0990638 0.942762 0.391318 0.0456548 1
end
gesture g5 hands 2
0.707918 0.0848632 0.949946 0.424228 0.0572225 1
0.474112 0.0996697 0.830092 0.80733 0.132778 0.596774
0.179768 0.40005 0.422379 0.823398 0.44385 0.322592
0.433115 0.742043 0.103521 0.634104 0.745448 0.118183
0.87805 0.984158 0 0.182666 0.96118 0.0181402
0.935661 0.949604 0.0183306 0.0214072 0.919275 0.045495
0.262647 0.627044 0.259848 0.237879 0.872813 0.0397609
0.129704 0.389764 0.643873 0.877255 0.598942 0.396478
0.210817 0.291429 0.762763 0.859126 0.276451 0.785697
0.676478 0.120316 0.961391 0.528433 0.131921 0.942047
0.681421 0.11783 0.962307 0.42292 0.151938 0.98926
end
gesture g5 hands 2
0.751663 0.150812 0.945756 0.42867 0.05801 1
0.398855 0.101867 0.754703 0.745426 0.0749173 0.710872
0.306834 0.144808 0.638912 0.797237 0.335243 0.416966
0.270561 0.479424 0.345703 0.303179 0.893104 0.0659198
0.478036 0.773643 0.0978034 0.0149487 0.91362 0.0926529
0.804999 0.962372 0.000586042 0.407646 0.867489 0.0739217
0.993331 0.92666 0.0148542 0.781827 0.727635 0.243472
0.204607 0.724306 0.296993 0.944668 0.578313 0.510127
0.107678 0.505292 0.722875 0.873375 0.394558 0.780906
0.598444 0.119058 0.935861 0.441388 0.127909 0.97054
0.711918 0.0982729 0.911224 0.417003 0.12316 0.974326
end
gesture g5 hands 2
0.750835 0.067982 0.949088 0.439249 0.0255848 1
0.452079 0.0480395 0.812724 0.714276 0.113838 0.712186
0.203003 0.375313 0.477717 0.771936 0.405613 0.414814
0.302939 0.697507 0.210132 0.605485 0.761307 0.172672
0.914738 0.982509 0.00185874 0.30361 0.972346 0.0543643
0.986644 0.977656 0.00924538 0.0247249 0.953236 0.0759207
0.709936 0.948953 0.0202288 0.243263 0.916361 0.0454569
0.136326 0.575532 0.478562 0.62001 0.799432 0.15645
0.120321 0.502852 0.635034 0.868835 0.598869 0.412641
0.280186 0.255009 0.873604 0.886629 0.328708 0.715469
0.543293 0.0576444 0.963137 0.466026 0.0702777 0.978612
end
gesture g5 hands 2
0.693822 0.212033 0.982261 0.430529 0.142641 0.998282
0.459789 0.162826 0.843848 0.700457 0.193826 0.741339
0.346133 0.23246 0.770459 0.800411 0.514895 0.386145
0.195618 0.602489 0.326658 0.262156 0.975744 0.0434574
0.372006 0.799947 0.142575 0.00917518 0.955212 0.0524633
0.910174 0.994534 0.00114723 0.0771301 0.936019 0.0554139
0.995156 0.984226 0.011122 0.528021 0.85987 0.128606
0.281318 0.701296 0.205837 0.909127 0.609485 0.452402
0.0932029 0.533305 0.460602 0.92865 0.358168 0.676427
0.327415 0.126998 0.846492 0.558934 0.00893555 0.886865
0.685611 0.0586234 0.932918 0.440204 0.00114063 0.925729
end
gesture g5 hands 2
0.756482 0.0217365 0.945185 0.477991 0.00859284 1
0.400164 0.360456 0.500739 0.829402 0.276872 0.564413
0.341555 0.479355 0.373902 0.851411 0.433449 0.436582
0.476406 0.789604 0.0964583 0.651339 0.841596 0.122376
0.814278 0.921011 0 0.0360933 0.95476 0.043636
0.964391 0.882033 0.0369838 0.0468772 0.921254 0.0458232
0.35787 0.79576 0.197909 0.679054 0.812437 0.128871
0.161504 0.651499 0.415216 0.904535 0.663676 0.334004
0.133337 0.569788 0.531404 0.90113 0.415912 0.67331
0.395077 0.210557 0.858514 0.558048 0.0741169 0.886066
0.538372 0.11543 0.89278 0.530261 0.0405687 0.895787
end
gesture g5 hands 2
0.683694 0.0348954 0.968942 0.432989 0.0178424 1
0.410841 0.0443104 0.827851 0.746408 0.257441 0.544926
0.15806 0.326042 0.514452 0.761524 0.523614 0.321474
0.295739 0.734375 0.196626 0.347607 0.935628 0.0604545
0.816814 0.956991 0.00825283 0.00694792 0.960162 0.0519509
0.920718 0.937256 0.000731274 0.00803412 0.936599 0.0481901
0.299324 0.817907 0.157764 0.412521 0.89865 0.0650092
0.0845874 0.607813 0.498239 0.830803 0.637793 0.38361
0.176781 0.418027 0.691209 0.828231 0.453931 0.603636
0.517641 0.094682 0.856558 0.478448 0.0509233 0.893884
0.620159 0.0182681 0.884847 0.419428 0.0113659 0.931951
end
gesture g5 hands 2
0.729905 0 0.971783 0.43034 0.0701195 0.993401
0.234556 0.303064 0.655581 0.800239 0.330913 0.512117
0.104968 0.701001 0.309859 0.700067 0.714513 0.179685
0.306166 0.904097 0.132552 0.273733 0.976157 0.0206688
0.992725 0.932482 0.00694594 0.0413891 0.989705 0.0180756
0.991502 0.921052 0.00902971 0.114218 0.9277 0.0133987
0.405917 0.830517 0.110857 0.597254 0.872436 0.103603
0.161453 0.689879 0.325232 0.897332 0.533184 0.558354
0.117663 0.619087 0.444494 0.853878 0.413445 0.67199
0.374089 0.218313 0.816935 0.433484 0.0955927 0.956287
0.631026 0.0300065 0.932747 0.426562 0.0852376 0.969091
end
gesture g5 hands 2
0.699822 0 0.985307 0.399789 0.0197681 1
0.328776 0.285042 0.750093 0.806804 0.315305 0.646015
0.195779 0.518171 0.540428 0.800986 0.608859 0.390969
0.351108 0.816071 0.190343 0.349933 0.962151 0.0497705
0.890349 0.973592 0.00669192 0 0.953071 0.0288528
0.963823 0.955736 0.00161761 0.301672 0.896388 0.033484
0.466599 0.806001 0.0820092 0.858777 0.55937 0.374638
0.0611128 0.447014 0.51202 0.872839 0.478152 0.498217
0.16148 0.259287 0.723281 0.766242 0.252774 0.708946
0.470413 0.0912281 0.891974 0.402071 0.121738 0.961821
0.522708 0.089048 0.909878 0.396507 0.109627 0.967515
end
gesture g5 hands 2
0.796621 0.0345749 0.996396 0.161233 0.0729784 0.905023
0.525577 0.0482889 0.890379 0.740517 0.27777 0.741242
0.172206 0.407313 0.61649 0.854451 0.36803 0.670553
0.184663 0.778857 0.301037 0.84317 0.775603 0.340846
0.418816 0.929364 0.128714 0.43032 0.983596 0.0854629
0.859681 0.955106 0.0708186 0.00339567 0.937904 0.00535765
0.809228 0.947808 0.070851 0.331047 0.971557 0.10566
0.227775 0.703821 0.380038 0.87095 0.698829 0.460078
0.217008 0.331871 0.82258 0.924758 0.337994 0.899763
0.521341 0.145932 0.977758 0.31572 0.0732052 0.907589
0.789411 0.0563298 0.999578 0.2163 0.0632588 0.906842
end
gesture g5 hands 2
0.727033 0.0473524 0.980802 0.130615 0.0751255 0.887663
0.519657 0.00988857 0.921168 0.791734 0.168 0.802871
0.120315 0.29763 0.644676 0.975323 0.409188 0.662619
0.0476711 0.686447 0.315862 0.92576 0.718606 0.369628
0.380026 0.939622 0.0906296 0.415983 0.984141 0.0515088
0.82965 0.902108 0.0554958 0.0628717 0.888919 0.00583473
0.682483 0.940314 0.0697375 0.0106154 0.874325 0.0129243
0.177194 0.875044 0.302122 0.577575 0.991355 0.163561
0.128487 0.545282 0.664189 0.941082 0.722927 0.596429
0.331016 0.260312 0.923019 0.807816 0.4446 0.840734
0.771366 0.0969551 1 0.725768 0.361836 0.889231
0.0 0.0 0.0 0.0833331 0.12944 0.925808
end
gesture g5 hands 2
0.75831 0.105544 0.990261 0.140373 0.120165 0.921043
0.474627 0.0326652 0.909105 0.454183 0.0751249 0.901367
0.112401 0.311597 0.701013 0.871324 0.327139 0.82021
0.0763843 0.798679 0.288043 0.971538 0.729323 0.492967
0.427812 0.970316 0.0787251 0.812681 0.859593 0.309553
0.753359 0.97253 0.0593138 0.0252074 0.953108 0.00433943
0.721734 0.981446 0.0688207 0.713556 0.82212 0.318099
0.275107 0.869742 0.23395 0.78088 0.441205 0.680256
0.115869 0.541087 0.580206 0.640387 0.194967 0.825212
0.67193 0.134513 0.915664 0.18564 0.116529 0.861319
0.742228 0.100027 0.924011 0.176507 0.115386 0.854826
end
gesture g5 hands 2
0.80001 0.0282534 1 0.112777 0.0785228 0.926046
0.394634 0.0462107 0.899923 0.596084 0.101703 0.89845
0.0323442 0.410487 0.562052 0.842227 0.252341 0.789239
0 0.52275 0.469549 0.973359 0.655353 0.438791
0.22347 0.890432 0.16701 0.701416 0.892157 0.177596
0.845358 0.958645 0.0612456 0.0970973 0.969598 0.00321782
0.751261 0.964145 0.0672262 0.255501 0.933866 0.0550278
0.307277 0.877622 0.221843 0.741857 0.869137 0.290089
0.137936 0.58144 0.549148 0.88881 0.640467 0.581057
0.651613 0.0877914 0.981473 0.75257 0.307612 0.834224
0.698062 0.0842656 0.987746 0.185016 0.0937942 0.89351
end
gesture g5 hands 2
0.716929 0.0731603 0.9948 0.219197 0.105422 0.877036
0.466149 0.00523896 0.919602 0.784051 0.164996 0.816272
0.159541 0.327091 0.600812 0.996995 0.498401 0.599296
0.162896 0.66121 0.340927 0.947719 0.707675 0.422537
0.512948 0.951543 0.0892232 0.518789 0.957565 0.0833797
0.968822 0.977469 0.0621693 0.000165866 0.917247 0.0216395
0.838963 0.982671 0.0630057 0.162558 0.960817 0.033021
0.342316 0.796829 0.318601 0.724719 0.801916 0.401955
0.187815 0.501211 0.599866 0.8247 0.65362 0.554969
0.303172 0.145513 0.922366 0.412485 0.098996 0.945467
0.507895 0.0627748 1 0.391857 0.0887468 0.947648
end
gesture g5 hands 2
0.678256 0.0445328 0.973466 0.229816 0.0891732 0.902769
0.470127 0.022072 0.948926 0.372885 0.0195245 0.93659
0.0929623 0.338043 0.578597 0.840337 0.238241 0.742356
0.0104663 0.569578 0.400801 0.958601 0.678809 0.379641
0.257378 0.876255 0.134711 0.876185 0.774403 0.303862
0.854201 0.983966 0.0432481 0.310561 0.990773 0.0330365
0.893356 0.988478 0.0488686 0.030103 0.979036 0.00581651
0.271587 0.838034 0.269014 0.118951 0.989785 0.0149007
0.116701 0.457113 0.707083 0.528443 0.977448 0.149302
0.266801 0.270205 0.888146 0.94801 0.608085 0.575311
0.663906 0.142641 0.989543 0.938032 0.502849 0.680989
0.0 0.0 0.0 0.380267 0.186148 0.900972
end
gesture g5 hands 2
0.781001 0.0489051 0.959077 0.154035 0.158594 0.846969
0.607409 0.0091077 0.952727 0.279188 0.0966355 0.884172
0.193933 0.204301 0.718095 0.816665 0.290942 0.81214
0.0235419 0.682262 0.410339 1 0.532803 0.589919
0.163238 0.835473 0.261561 0.718024 0.856169 0.209105
0.855757 0.956388 0.0835648 0.10021 0.93721 0.00705566
0.868791 0.952021 0.0866115 0.111201 0.950007 0.02524
0.453783 0.912173 0.171312 0.701715 0.839216 0.294094
0.17974 0.710195 0.413899 0.944951 0.448193 0.720257
0.155222 0.411163 0.67451 0.675198 0.136426 0.948186
0.592847 0.0584653 1 0.251056 0.0598642 0.916179
end
gesture g5 hands 2
0.723576 0.0223776 0.999661 0.14899 0.0534892 0.915985
0.176625 0.199739 0.742221 0.816234 0.224933 0.844369
0 0.507372 0.465853 1 0.55251 0.559475
0.199265 0.856321 0.202842 0.716135 0.95019 0.136522
0.275347 0.892401 0.160309 0.0260317 0.958071 0.0155726
0.834348 0.955931 0.0971566 0.119224 0.967577 0.0268366
0.425309 0.905921 0.195394 0.607648 0.877994 0.247961
0.182978 0.639139 0.465115 0.713383 0.824201 0.337027
0.298153 0.164871 0.881728 0.878586 0.480522 0.699783
0.595695 0.0666372 0.992306 0.723356 0.178838 0.913646
0.619734 0.0475527 0.9984 0.263876 0.028716 0.941529
end
gesture g5 hands 2
0.886218 0.0997793 0.922205 0.112729 0.00472562 0.993648
0.163877 0.243008 0.696398 0.953661 0.380233 0.586005
0.0392716 0.584363 0.370762 0.98223 0.544057 0.35706
0.816916 1 0.0377452 0.681444 0.727019 0.119063
0.844435 0.923139 0.052146 0.585522 0.783344 0.0758865
0.48575 0.787718 0.211428 0.146553 0.930323 0.00200581
0.421374 0.739132 0.264222 0.0655123 0.917924 0.0099519
0.206734 0.516044 0.532101 0.590626 0.829316 0.206033
0.221269 0.402313 0.65677 0.850233 0.601114 0.561833
0.788526 0.0704336 0.902662 0.467263 0.168139 0.897009
0.94566 0.128149 0.901504 0.0359046 0.0448774 0.930697
end
gesture g5 hands 2
0.754855 0.0814535 0.877435 0.25459 0.025161 0.978736
0.340464 0.183501 0.810064 0.732013 0.265507 0.794337
0.0526074 0.387519 0.613867 1 0.541393 0.449851
0.0578115 0.692156 0.315911 0.972742 0.683169 0.297506
0.626018 0.997031 0.041578 0.595685 0.860119 0.0485722
0.825179 0.937292 0.0526076 0.0355382 0.975715 0.0144232
0.404923 0.814455 0.155426 0.783032 0.681662 0.296048
0.133495 0.576552 0.418702 0.83381 0.44119 0.622611
0.289961 0.229216 0.814519 0.612204 0.22901 0.874327
0.786555 0.100712 0.911398 0.538295 0.162088 0.909192
0.826252 0.0937382 0.91739 0.20977 0.0285128 0.969987
0.0 0.0 0.0 0.130743 0.00323442 0.993743
end
gesture g5 hands 2
0.713932 0.0565928 0.957026 0.239502 0.00687502 0.989676
0.173127 0.276677 0.755774 0.971429 0.432963 0.563573
0.0278765 0.59162 0.45757 0.872936 0.812192 0.220128
0.163962 0.862449 0.253695 0.502373 0.954739 0.0496338
0.505405 0.999966 0.0979896 0.39481 0.966624 0.0236475
0.830935 0.857127 0.054876 0.0141934 0.884796 0.0068037
0.745594 0.933881 0.090241 0.662837 0.856822 0.214127
0.0837361 0.629044 0.436544 0.880021 0.697838 0.608907
0.141495 0.451674 0.719417 0.862724 0.601111 0.737894
0.651658 0.0780652 0.878807 0.56856 0.181241 0.905271
0.748784 0.105597 0.875689 0.289846 0.0233661 0.930569
end
gesture g5 hands 2
0.729911 0.0545969 0.941408 0.299771 0.0835819 0.985397
0.680085 0.00726874 0.956844 0.91447 0.388186 0.713809
0.312684 0.153399 0.835357 0.905756 0.673435 0.25667
0.105328 0.63337 0.378332 0.0703911 0.860805 0.0124617
0.370318 0.865391 0.167226 0.00111855 0.874491 0.0258924
0.452175 0.916572 0.135251 0.302544 0.953996 0.0620831
0.779007 0.990171 0.0677574 0.869435 0.638923 0.405106
0.884268 0.958836 0.0866888 0.894995 0.587128 0.468879
0.252264 0.688314 0.298198 0.777922 0.318556 0.796129
0.234132 0.256386 0.720612 0.426941 0.0295656 0.907901
0.786443 0.0717585 0.879798 0.253672 0.070043 0.911596
end
gesture g5 hands 2
0.704106 0.0787128 0.954428 0.407035 0.0606039 0.988411
0.018902 0.197338 0.655092 0.955984 0.328926 0.7027
0.0310026 0.408988 0.401136 0.982953 0.557192 0.330413
0.407699 0.900675 0.123189 0.525943 0.866058 0.0196238
0.78799 0.970292 0.0427243 0.43701 0.893394 0.00500217
0.903224 0.825568 0.0548788 0.161145 0.802045 0.022023
0.310749 0.667757 0.296114 0.221038 0.783634 0.0358073
0.18607 0.51515 0.567792 0.673283 0.682468 0.196623
0.320712 0.218098 0.811969 0.842517 0.396787 0.763767
0.587658 0.0501151 0.915973 0.367134 0.0584736 0.968425
0.729965 0.0232458 0.926339 0.361479 0.0596379 0.96288
end
gesture g5 hands 2
0.92843 0.127583 0.923852 0.237034 0.00356924 0.990699
0.50901 0.00682074 0.901013 0.728011 0.128651 0.815805
0.122758 0.156069 0.709146 0.966626 0.43146 0.51498
0.0513186 0.242817 0.642006 0.877885 0.716225 0.127987
0.0700401 0.577073 0.305831 0.590127 0.929807 0.00967734
0.771872 0.972024 0.00758892 0.197826 0.987611 0.00947677
0.771139 0.981567 0.0087422 0.279488 0.998441 0.0150425
0.27769 0.68528 0.297759 0.888024 0.54789 0.529822
0.269528 0.498182 0.61686 0.580428 0.163207 0.915436
0.799912 0.190309 0.885043 0.234919 0.0136699 0.961617
0.933 0.114284 0.922022 0.206823 0.0330137 0.973174
end
gesture g5 hands 2
0.89253 0.176663 0.903512 0.185253 0.0528291 0.999274
0.697826 0.07565 0.926852 0.889843 0.181008 0.669411
0.268289 0.131233 0.823597 0.970074 0.445074 0.332687
0.00420063 0.321502 0.496886 0.643816 0.76504 0.0680265
0.383678 0.854064 0.102364 0.293422 0.984995 0.00416499
0.722769 0.961152 0.0340132 0.240421 0.99592 0.0050746
0.397459 0.752034 0.165191 0.699504 0.736477 0.177794
0.336614 0.690608 0.198333 0.743755 0.670725 0.22553
0.137728 0.301382 0.532707 0.848517 0.426738 0.456673
0.391696 0.0527863 0.746832 0.569658 0.0456164 0.80858
0.913462 0.145457 0.877657 0.13451 0.0185361 0.939829
end
gesture g5 hands 2
0.954836 0.140124 0.921162 0.168794 0.0244759 1
0.255942 0.0559317 0.725774 0.813812 0.145696 0.67222
0.0297007 0.206751 0.563717 0.941278 0.246337 0.540824
0.02805 0.420118 0.377713 0.958865 0.495031 0.282123
0.510677 0.891085 0.0729069 0.541565 0.884836 0.0272901
0.870044 0.936273 0.0247214 0.121166 0.971492 0.0071747
0.600806 0.866717 0.051177 0.111768 0.960523 0.00794801
0.12715 0.601899 0.231415 0.919853 0.619803 0.257997
0.138813 0.137948 0.691879 0.908989 0.227519 0.694403
0.767474 0.123046 0.856854 0.187518 0.0111001 0.954483
0.929716 0.157039 0.88028 0.168329 0.0221211 0.95853
end
gesture g5 hands 2
0.940577 0.199422 0.878405 0.144498 0.127711 0.9366
0.514398 0.130646 0.822981 0.74507 0.207123 0.717972
0.000722758 0.420062 0.477579 0.979417 0.536108 0.267826
0.258587 0.794489 0.158731 0.875245 0.659528 0.15749
0.666075 0.946392 0.0323687 0.208175 0.993573 0.00338035
0.761339 0.952733 0.0123541 0.456066 0.946465 0.0384241
0.324067 0.717809 0.193701 0.881636 0.593764 0.406615
0.176472 0.423632 0.538887 0.906124 0.512901 0.493702
0.595067 0.115135 0.843361 0.803497 0.225703 0.803016
0.912069 0.0738181 0.910992 0.185807 0.0164931 0.996838
0.941892 0.0986163 0.91554 0.16674 0.0300856 1
end
gesture g5 hands 2
0.644666 0.0506299 0.986734 0.355163 0.0761577 0.99116
0.246912 0.0546338 0.81889 0.503041 0.129295 0.978306
0.0792632 0.401582 0.498179 0.881019 0.355738 0.762296
0.140947 0.561684 0.305553 0.990204 0.616268 0.394068
0.479436 0.987827 0.0835652 0.773814 0.784334 0.13749
0.827397 0.881679 0.0455001 0.199579 0.924309 0.000676521
0.177797 0.760976 0.24532 0.0413915 0.844549 0.00566015
0.0869857 0.461155 0.62277 0.73866 0.67916 0.26217
0.170218 0.374268 0.749074 0.715665 0.321545 0.814523
0.471916 0.107312 0.897073 0.409849 0 0.945811
0.683132 0.0769624 0.925148 0.277008 0.0327748 0.963288
end
gesture g5 hands 2
0.867801 0.112756 0.913775 0.238614 0 1
0.0881087 0.235315 0.594923 0.54228 0.0614337 0.910462
0 0.370805 0.463459 0.988476 0.325419 0.408366
0.151804 0.716613 0.211123 0.974474 0.513289 0.271629
0.584181 1 0.0274877 0.505305 0.887929 0.0214118
0.801194 0.939127 0.0030598 0.130147 0.969894 0.00872587
0.733467 0.924767 0.00830914 0.739852 0.799917 0.195308
0.137083 0.595327 0.356538 0.853962 0.591767 0.5524
0.220261 0.299967 0.683977 0.683405 0.269641 0.789842
0.795166 0.126912 0.833607 0.229103 0.0306753 0.899042
0.849058 0.150076 0.837084 0.132153 0.0231698 0.907031
end
gesture g5 hands 2
0.898888 0.0895932 0.916184 0.257287 0.00526185 0.996503
0.101634 0.13632 0.657838 0.826611 0.130297 0.785345
0.0113098 0.254599 0.527329 0.966823 0.322564 0.565371
0.406307 0.862397 0.0766795 0.945663 0.612771 0.176398
0.779096 0.962722 0.00510406 0.652017 0.845955 0.0297502
0.857668 0.950975 0.00474963 0.217863 0.951014 0.00505683
0.287974 0.874228 0.199603 0.509654 0.970923 0.0479454
0.200361 0.670068 0.461283 0.899314 0.616588 0.60429
0.322217 0.345639 0.736312 0.865408 0.553358 0.670573
0.868211 0.168316 0.866585 0.294889 0.0469618 0.943713
0.904172 0.150996 0.889388 0.301718 0.0538627 0.967556
end
gesture g5 hands 2
0.932961 0.105224 0.913838 0.213953 0.0179945 0.997955
0.0346821 0.316465 0.56397 0.733997 0.156377 0.798269
0.21429 0.662956 0.171256 0.952996 0.362332 0.513042
0.288827 0.707908 0.11861 0.977074 0.579138 0.233776
0.63611 0.972103 0.00538682 0.693841 0.838243 0.0363835
0.912243 0.959849 0.00832964 0.618721 0.888978 0.022293
0.654612 0.933581 0.0367351 0.219412 0.977001 0.0151604
0.216509 0.382817 0.500525 0.457218 0.930893 0.0592276
0.2816 0.344773 0.627938 0.823193 0.46017 0.485609
0.958797 0.0731901 0.894411 0.497157 0.131294 0.829243
0.962 0.0783146 0.903514 0.151173 0.022425 0.987531
end
gesture g5 hands 2
0.887294 0.178907 0.877918 0.220102 0.0809534 0.966574
0.274035 0.228863 0.740654 0.762928 0.257504 0.734155
0.000827839 0.47256 0.489351 0.977901 0.539948 0.461923
0.00773498 0.553828 0.423533 0.97644 0.6885 0.266136
0.448695 0.912091 0.0723814 0.51338 0.91403 0.0325325
0.846542 0.933734 0 0.160532 0.941452 0.0319014
0.868135 0.982456 0.00656408 0.360408 1 0.0409143
0.205136 0.559263 0.392354 0.718254 0.828093 0.229883
0.215697 0.377902 0.58814 0.833041 0.531084 0.486235
0.806669 0.113475 0.916066 0.459789 0.0625528 0.922165
0.899644 0.124959 0.927932 0.231381 0 1
end
gesture g5 hands 2
0.984258 0.101657 0.907425 0.0962471 0 0.997667
0.0412097 0.373527 0.515861 0.785788 0.259371 0.641716
0.0180803 0.435239 0.444317 0.890957 0.550811 0.340043
0.271354 0.795934 0.144979 0.846302 0.629232 0.199829
0.356911 0.860794 0.102686 0.0517679 0.989435 0.0133681
0.929787 0.973792 0.00171921 0.00583651 0.992467 0.0175925
0.2974 0.774794 0.143653 0.371427 0.922323 0.0434544
0.0110513 0.552362 0.352069 0.902904 0.64638 0.358021
0.174058 0.364953 0.646497 0.897949 0.500455 0.502386
0.885925 0.0740633 0.855407 0.130909 0.0339525 0.906622
0.998757 0.103387 0.846737 0.0170224 0.0528321 0.937986
end
gesture g5 hands 2
1 0.164513 0.840192 0.221018 0.0523826 0.924386
0.273439 0.273699 0.697167 0.49586 0.106366 0.875344
0.006353 0.459631 0.427167 0.877071 0.345775 0.620325
0.341813 0.912058 0.0937837 0.860592 0.84949 0.0819576
0.423351 0.945682 0.0649445 0.111468 0.955059 0.00685316
0.892433 0.975814 0.0110618 0.098262 0.934684 0.0249924
0.934437 0.958685 0.0152909 0.480649 0.992901 0.0589269
0.325445 0.774792 0.209166 0.783014 0.800724 0.211989
0.22965 0.553101 0.440211 0.89466 0.491308 0.590925
0.952469 0.0802324 0.923347 0.456711 0.0497083 0.921278
0.985494 0.117618 0.917462 0.191119 0.0264218 0.99279
end
gesture g5 hands 2
0.959455 0.143042 0.912624 0.299708 0.0123338 1
0.759254 0.101637 0.899331 0.755258 0.217263 0.814652
0.364427 0.185151 0.75783 0.834864 0.295077 0.7488
0.00710281 0.412635 0.347312 0.908151 0.612634 0.171333
0.272069 0.789868 0.14129 0.833537 0.695478 0.115804
0.590029 0.946619 0.0612016 0.46281 0.997453 0.00407937
0.923263 0.939555 0.0275121 0.115994 0.947589 0.0260025
0.88773 0.954948 0.0331733 0.862566 0.674061 0.299737
0.248331 0.615994 0.320477 0.788662 0.258934 0.717109
0.26623 0.40468 0.591463 0.317667 0.0164057 0.978549
0.990067 0.166674 0.906019 0.243048 0.032303 0.989427
end
gesture g5 hands 2
0.951252 0.0777794 0.865915 0.237812 0.0474008 0.945748
0.164276 0.248611 0.672314 0.818261 0.302243 0.73261
0.00186554 0.434612 0.462335 1 0.502085 0.269409
0.516117 0.938897 0.0645849 0.769059 0.751206 0.0689119
0.940259 0.970127 0.0264912 0.677975 0.828306 0.0398104
0.846493 0.951635 0.0393253 0.257232 0.94535 0
0.281967 0.657304 0.252139 0.136293 0.929918 0.0267855
0.152019 0.488146 0.462581 0.795379 0.781564 0.183629
0.334749 0.167052 0.792915 0.835766 0.302138 0.693317
0.507492 0.13206 0.842344 0.259184 0.0228554 0.985586
0.939457 0.0608178 0.905071 0.235858 0.0316909 0.999564
end
gesture g5 hands 2
0.933011 0.109477 0.913465 0.20774 0.0623284 0.998344
0.264993 0.120582 0.769342 0.663459 0.130292 0.829806
0.0109746 0.38519 0.510714 0.931278 0.349166 0.54608
0.178077 0.782784 0.21708 0.91757 0.619091 0.218149
0.26171 0.832858 0.170353 0.492452 0.882603 0.0280074
0.9521 0.994678 0.00134034 0.06852 0.981869 0.0184675
0.772963 0.977465 0.0187119 0.0720084 0.980869 0.0188091
0.209759 0.588596 0.311428 0.352938 0.981366 0.0387299
0.160802 0.517474 0.425538 0.837991 0.601562 0.379355
0.948074 0.0476922 0.792232 0.639943 0.155322 0.772041
1 0.0822919 0.806529 0.118344 0 0.887361
end
gesture g5 hands 2
0.956913 0.0994156 0.914245 0.173738 0.0154172 0.993647
0.126455 0.468261 0.729457 0.673934 0.214361 0.823595
0.0122996 0.60732 0.493609 0.898663 0.695038 0.361507
0.71643 0.994496 0.0188382 0.773727 0.756805 0.122533
0.972671 0.898463 0.00196585 0.402255 0.960908 0.00692601
0.298159 0.772187 0.168034 0 0.950937 0.0120294
0.128115 0.425953 0.589922 0.707429 0.84031 0.152789
0.352218 0.193235 0.853525 0.899047 0.627212 0.399001
0.427691 0.16863 0.880631 0.818756 0.351669 0.7522
0.794527 0.035648 0.897425 0.188289 0.0506179 0.969197
0.959371 0.0754796 0.891853 0.136387 0.0826677 0.967791
end
gesture g5 hands 2
0.634391 0.16754 0.99468 0.344404 0.203308 1
0.307488 0.0756665 0.894653 0.598497 0.188469 0.955828
0.0436444 0.285438 0.634388 0.955429 0.553437 0.658105
0.0438012 0.582017 0.351419 0.794163 0.936254 0.181772
0.392773 0.915168 0.113288 0.665076 0.935868 0.117989
0.752507 0.87697 0.0314745 0.151094 0.880109 0.00696483
0.547498 1 0.0834357 0.1006 0.793333 0.0126925
0.287893 0.880953 0.209398 0.784333 0.601492 0.367301
0.0594934 0.524432 0.515253 0.747916 0.229997 0.80597
0.488634 0.0775927 0.907047 0.249789 0.0337015 0.977868
0.726016 0.0598359 0.976054 0.26898 0.0100092 0.984375
end
gesture g5 hands 2
1 0.0768793 0.906628 0.191035 0.0109769 1
0.286323 0.405687 0.679828 0.855443 0.367656 0.551627
0.0634732 0.620941 0.387183 0.848738 0.745115 0.144424
0.467631 0.88148 0.0470889 0.689189 0.852848 0.0727613
0.863872 0.90162 0.000154383 0.0644671 0.966471 0.0185448
0.946281 0.9038 0.0023673 0 0.957376 0.0246689
0.419789 0.76521 0.149218 0.661193 0.810124 0.143806
0.167983 0.549061 0.440113 0.934361 0.504733 0.603579
0.39924 0.315893 0.823334 0.909714 0.439263 0.669169
0.76033 0.0508762 0.930095 0.187 0.0250135 0.956616
0.910883 0.0757809 0.918979 0.0964582 0.0237567 0.965237
end
gesture g5 hands 2
0.852353 0.176192 0.860706 0.290437 0.0665361 0.942288
0.12524 0.398405 0.655746 0.822024 0.38641 0.583323
0.0360347 0.631089 0.372723 0.909683 0.64611 0.288747
0.344615 0.867542 0.104672 0.478331 0.965042 0.0105461
0.454299 0.913266 0.0666737 0.136556 0.957529 0.00339171
0.853753 0.925785 0.00382098 0.392179 0.894478 0.054082
0.961332 0.913665 0.00935901 0.452769 0.868703 0.0641776
0.432847 0.717541 0.138509 0.792076 0.654217 0.265694
0.198667 0.498192 0.483166 0.679221 0.303823 0.765256
0.932613 0.124588 0.907793 0.147944 0.0171675 0.994488
1 0.089183 0.925546 0.137441 0 1
end
gesture g5 hands 2
0.965157 0.139816 0.917996 0.203298 0.0530886 0.999402
0.261939 0.195875 0.774614 0.707167 0.193415 0.830242
0.00774366 0.487861 0.54435 1 0.532168 0.399969
0.151183 0.742254 0.250565 0.648939 0.872606 0.0631064
0.234207 0.794745 0.186834 0.16681 0.98679 0.00874021
0.951714 0.955889 0.00277034 0.127295 0.957068 0.00936453
0.711765 0.940976 0.0330749 0.555659 0.904763 0.110033
0.204361 0.615757 0.380133 0.907618 0.596714 0.529199
0.242387 0.52656 0.570155 0.761984 0.292556 0.773769
0.68649 0.116092 0.830723 0.24875 0.00432496 0.901178
0.891994 0.156721 0.814466 0.240759 0.0335272 0.914237
end
gesture g5 hands 2
1 0.103837 0.911884 0.187028 0 0.999348
0.4723 0.186692 0.80596 0.756828 0.279233 0.710647
0 0.517589 0.518461 0.928956 0.475979 0.508377
0.073088 0.688342 0.302855 0.76142 0.765374 0.0768006
0.726813 1 0.00911796 0.428013 0.947854 0.000313179
0.923129 0.930548 0.0075261 0.1219 0.938191 0.0187892
0.394251 0.843363 0.163372 0.676792 0.822828 0.180115
0.131801 0.459821 0.546931 0.835079 0.6905 0.363518
0.187056 0.377175 0.671148 0.775859 0.372156 0.790892
0.726242 0.142303 0.892547 0.255726 0.0998441 0.983481
0.87921 0.106063 0.911962 0.226364 0.0916997 0.988935
end
gesture g5 hands 2
0.846448 0.103385 0.920405 0.170761 0.0666745 0.990193
0.275358 0.232987 0.79446 0.437211 0.0751987 0.939723
0.0158572 0.450256 0.514857 0.956893 0.453903 0.452523
0.0109386 0.576638 0.352313 0.746219 0.809759 0.0976079
0.283972 0.862136 0.115539 0.655428 0.839988 0.0594641
0.851265 0.90199 0.0115921 0.167815 0.925761 0.00081273
0.651507 0.852911 0.0615745 0.330251 0.885337 0.0467315
0.224739 0.634265 0.292985 0.808027 0.490633 0.584374
0.209578 0.472386 0.47861 0.776036 0.442312 0.653265
0.750685 0.150487 0.850511 0.122285 0.0187144 0.981009
0.959063 0.0755154 0.938041 0.107555 0 1
end
gesture g5 hands 2
0.809542 0.0536996 0.924169 0.214493 0.0223934 0.992185
0.263575 0.112968 0.805288 0.531044 0.0550676 0.937554
0.161353 0.162594 0.733255 0.878761 0.302459 0.696899
0.0948307 0.694005 0.275664 0.865843 0.672287 0.191473
0.66067 0.970122 0.0378253 0.531409 0.830322 0.0299777
0.819962 0.910684 0.0534241 0.44362 0.886428 0.0129331
0.227195 0.555109 0.387138 0.129739 0.906241 0.0226729
0.16 0.520247 0.530749 0.234499 0.898082 0.0501446
0.373096 0.206848 0.871564 0.834636 0.609743 0.483233
0.6638 0.0813065 0.895965 0.835156 0.47 0.648327
0.789083 0.108065 0.876282 0.622106 0.185929 0.861081
0.0 0.0 0.0 0.183522 0.0783972 0.925886
end
gesture g5 hands 2
0.894022 0.0916249 0.920892 0.288711 0.010319 0.995992
0.332144 0.1407 0.820164 0.863791 0.256659 0.688588
0.074269 0.323615 0.625828 0.923148 0.340885 0.607584
0.0560726 0.664564 0.311674 0.982706 0.612417 0.26089
0.220174 0.804608 0.175058 0.6658 0.859881 0.049731
0.916171 0.981095 0.0261813 0.110352 0.979919 0.0156893
0.282743 0.644018 0.264896 0.0963343 0.978032 0.0144763
0.227315 0.492697 0.542003 0.674626 0.808746 0.168126
0.585328 0.238906 0.805002 0.885845 0.52401 0.590312
0.665792 0.186414 0.832531 0.552525 0.120286 0.867656
0.95865 0.0508315 0.928671 0.149362 0.00273333 0.996256
end
gesture g5 hands 2
0.821661 0.128647 0.894774 0.25034 0.0525495 0.992564
0.26239 0.206278 0.792786 0.667176 0.127652 0.844197
0.00111542 0.462408 0.490783 0.765181 0.162473 0.775243
0.178885 0.752697 0.216731 0.998203 0.284288 0.46599
0.658495 0.967991 0.0407602 0.912626 0.528851 0.256827
0.864335 0.914428 0.0239361 0.262532 0.998544 0
0.267162 0.516711 0.350066 0.0591851 0.967704 0.00484125
0.231313 0.492036 0.413725 0.452072 0.821365 0.111162
0.265556 0.345264 0.705858 0.818206 0.493339 0.67042
0.744528 0.110427 0.927994 0.345376 0.0481205 0.987482
0.875864 0.155545 0.909511 0.16576 0.0556241 0.999037
end
gesture g5 hands 2
0.568023 0.165796 0.94235 0.356181 0.0126491 0.958129
0.0955465 0.140081 0.716365 0.779639 0.114441 0.805594
0.000327704 0.293781 0.483345 0.961314 0.345024 0.609742
0.289355 0.756303 0.123043 0.925965 0.6518 0.262333
0.734034 0.913952 0.0461534 0.331513 0.974284 0.0221237
0.748623 0.837091 0.0464197 0.0461844 0.959914 0.000488188
0.181023 0.552173 0.257227 0.622432 0.612719 0.282636
0.00277148 0.224915 0.600443 0.807969 0.350299 0.648397
0.22886 0.0799114 0.875535 0.672904 0.119358 0.845115
0.592629 0.138127 0.991501 0.327999 0.0977347 0.988619
0.640197 0.0385935 0.998114 0.224352 0.045401 0.987265
end
gesture g5 hands 2
0.208027 0.06356 0.965604 0.870918 0.0599773 0.974891
0.717158 0.146025 0.744077 0.41062 0.0897968 0.843032
0.868667 0.336269 0.553755 0.134363 0.517853 0.456105
0.810221 0.762626 0.215436 0.343489 0.895368 0.12125
0.413824 0.98838 0.0519161 0.838982 0.97736 0.00311515
0.201922 0.982096 0.0552998 0.921454 0.951363 0.00598866
0.319682 0.996805 0.0664715 0.436831 0.961982 0.135698
0.719962 0.889364 0.230582 0.0323456 0.659929 0.511346
0.993214 0.569965 0.598522 0.00296611 0.428683 0.740285
0.814049 0.210419 0.86334 0.674007 0.0441442 0.924269
0.216221 0.103739 0.884207 0.854657 0.101992 0.883208
end
gesture g5 hands 2
0.862511 0.0310328 0.976983 0.274925 0.0328621 0.99271
0.589909 0.0566619 0.847759 0.513336 0.0275619 0.849344
0 0.348061 0.360657 0.990745 0.401686 0.326961
0.158487 0.726724 0.127274 0.782635 0.759836 0.0987712
0.845551 0.934924 0.000414488 0.148357 0.976948 0.032623
0.775148 0.958157 0.00187742 0.234648 0.993536 0.0260886
0.275407 0.891355 0.108451 0.757667 0.880204 0.11045
0.132195 0.678975 0.43095 0.988841 0.645694 0.402326
0.396766 0.196933 0.837129 0.778711 0.180894 0.82662
0.785957 0.0794906 0.959258 0.357208 0.0638644 0.988126
0.911559 0.0800017 0.984274 0.28422 0.0790692 0.998805
end
gesture g5 hands 2
0.0902897 0.106639 0.951659 0.86078 0.10088 0.97611
0.501613 0.137541 0.760488 0.358167 0.129628 0.800321
0.592844 0.189596 0.694166 0.276786 0.199172 0.729126
0.672761 0.735097 0.182576 0.149569 0.713715 0.253095
0.211769 0.990284 0.0396065 0.492614 0.935943 0.0407997
0.100436 0.979388 0.0550941 1 0.968609 0.00305537
0.722777 0.814325 0.253455 0.469013 0.930499 0.09469
0.906613 0.485418 0.627474 0.099245 0.757168 0.323763
0.566041 0.0979656 0.890578 0.0551931 0.341393 0.753938
0.139158 0.0563984 0.950817 0.832754 0.0375266 0.958911
0.0909956 0.0640797 0.942151 0.86864 0.0438534 0.951351
end
gesture g5 hands 2
0.542986 0.158406 0.965947 0.269813 0.0903158 0.957446
0.103157 0.242304 0.727719 0.372878 0.107608 0.929313
0.224652 0.561749 0.286744 0.719732 0.286703 0.751821
0.872578 0.875091 0.043779 0.715272 0.647674 0.303109
0.998767 0.985795 0.0217915 0.163873 0.901038 0.0312562
0.725596 0.982373 0.0484338 0.02658 0.964184 0.00114326
0.348521 0.799572 0.152349 0.258962 0.95501 0.0469148
0.00221694 0.381221 0.462337 0.827715 0.575805 0.345491
0.0307519 0.19706 0.647159 0.828638 0.222763 0.688227
0.517814 0.0142132 0.981401 0.223629 0.00549502 0.931334
0.539112 0.0759335 0.982647 0.225107 0.0288059 0.965878
end
gesture g5 hands 2
0.465246 0.143581 0.989357 0.308748 0.0348636 0.975163
0.13888 0.290019 0.734016 0.691043 0.253811 0.749895
0.120227 0.457927 0.502081 0.746603 0.460457 0.520977
0.534996 0.741206 0.157951 0.47688 0.856543 0.141962
0.894101 0.899665 0.0520753 0.14139 0.971726 0.0191852
0.853041 0.946833 0.0513005 0 0.999274 0
0.552419 0.887467 0.108122 0.447727 0.882262 0.116131
0.049633 0.57167 0.394554 0.864501 0.61398 0.449497
0.000653811 0.388836 0.562899 0.785304 0.286954 0.755522
0.522478 0.0518018 0.981284 0.295702 0.0331928 0.954938
0.547111 0.0550046 0.99527 0.260487 0 0.973716
end
gesture g5 hands 2
0.519894 0.0257189 0.998705 0.396846 0.0177546 0.980694
0.0730902 0.180264 0.746926 0.754389 0.250191 0.750079
0.0264915 0.394237 0.486121 0.784879 0.471287 0.484984
0.174344 0.625907 0.281908 0.362734 0.887264 0.082161
0.507852 0.871217 0.104772 0.126066 0.978625 0.00885194
1 0.986938 0.0125995 0 0.995501 0.00150754
0.580986 0.897937 0.100655 0.47596 0.886177 0.129011
0.211105 0.526375 0.433183 0.790802 0.553913 0.49602
0.215641 0.240868 0.761596 0.698498 0.217317 0.776712
0.487472 0.0878129 0.957422 0.405041 0.0441128 0.935197
0.550737 0.0522 0.988094 0.363058 0 0.96815
end
gesture g5 hands 2
0.84662 0.0859269 0.933189 0.285051 0.04811 0.961492
0.349548 0.140979 0.770156 0.8699 0.145366 0.768891
0.263789 0.203428 0.698207 0.906797 0.603753 0.293134
0.167566 0.626333 0.28923 0.645166 0.833771 0.13718
0.482234 0.910324 0.0691286 0.0142256 0.955162 0.0411765
0.756844 0.987907 0.00783061 0.000402705 0.961865 0.0445906
0.732423 0.947597 0.0205475 0.744826 0.793266 0.34657
0.274739 0.736569 0.313129 0.877025 0.665738 0.467851
0.0997132 0.409689 0.58529 0.793204 0.0472081 0.921744
0.398933 0.0896056 0.975756 0.276824 0.107164 0.916889
0.786186 0.147071 0.950041 0.26706 0.125354 0.918205
end
gesture g5 hands 2
0.520324 0.0695198 0.953834 0.31479 0.00379509 0.945783
0.14819 0.19425 0.716648 0.701658 0.184783 0.752625
0.112837 0.299633 0.465766 0.756722 0.354793 0.506946
0.209434 0.464268 0.284288 0.46809 0.769371 0.0973298
0.567718 0.679686 0.107252 0 1 0.00230317
1 0.928575 0.0194845 0.172023 0.976905 0.0406757
0.836412 0.911548 0.0381155 0.63592 0.76661 0.250388
0.331082 0.747258 0.222308 0.842455 0.411311 0.633497
0.0998457 0.292071 0.744636 0.666636 0.166457 0.868112
0.347917 0.101073 0.92965 0.422143 0.0632131 0.937763
0.500403 0.0816379 0.987867 0.344486 0.0335496 0.963509
end
gesture g5 hands 2
0.506169 0.0304012 0.998387 0.348916 0.00573175 0.987432
0.0726956 0.201486 0.751105 0.743467 0.245234 0.758671
0.0609007 0.3378 0.552442 0.739813 0.399725 0.556169
0.242662 0.561498 0.308163 0.414973 0.762776 0.126928
0.917498 0.916994 0.0264945 0.0830955 0.903542 0.0133136
1 0.999665 0.00188885 0.225283 0.950366 0.0418398
0.77752 0.967946 0.0193476 0.797168 0.688406 0.324121
0.403242 0.830097 0.12847 0.894156 0.525255 0.499403
0.0320637 0.451167 0.463515 0.835451 0.299638 0.710624
0.449679 0.101813 0.925183 0.449044 0.0740586 0.9061
0.543008 0.0822406 0.983338 0.277422 0.0212414 0.973383
end
gesture g5 hands 2
0.558262 0.0617643 0.969689 0.279404 0.0360028 0.948661
0.0596683 0.316287 0.498152 0.603888 0.134427 0.777251
0.462297 0.78619 0.153277 0.72196 0.361612 0.52879
0.79159 0.913119 0.0510719 0.54251 0.769788 0.147363
1 0.983603 0.0148472 0.163522 0.999884 0
0.889647 0.963328 0.0250328 0.506446 0.919155 0.100891
0.269772 0.841546 0.179481 0.696591 0.831408 0.223879
0 0.4767 0.551442 0.822417 0.677912 0.374117
0.068367 0.264427 0.722893 0.761447 0.288576 0.737904
0.398762 0.0485304 0.925476 0.327775 0.0184097 0.960366
0.520641 0.026279 0.995811 0.310887 0.00629612 0.969731
end
gesture g5 hands 2
0.50581 0.0413755 0.973319 0.364296 0 0.961934
0 0.274267 0.627698 0.793241 0.340899 0.660057
0.0931937 0.526145 0.351971 0.733795 0.551776 0.366328
0.346063 0.743928 0.1642 0.302859 0.843887 0.0478365
1 0.996273 0.00935871 0.090395 0.915592 0
0.926558 0.984684 0.0257599 0.196056 0.921433 0.0340159
0.250589 0.774592 0.2262 0.689612 0.795216 0.282084
0.0582816 0.592058 0.398508 0.808802 0.663175 0.448078
0.0493036 0.414179 0.63094 0.688918 0.333924 0.786426
0.523601 0.0493667 0.992087 0.368887 0.116023 0.935421
0.553491 0.0600284 0.982063 0.267627 0.0677912 0.956282
end
gesture g5 hands 2
0.850189 0.0887592 0.949763 0.333788 0.0530837 0.985992
0.702877 0.0696003 0.917929 0.673367 0.0580302 0.804504
0.248137 0.189809 0.655292 1 0.342652 0.374337
0.0325425 0.576503 0.227579 0.934208 0.639681 0.148642
0.587868 0.873888 0.0267026 0.709458 0.841677 0.0300299
0.786183 0.893067 0.0064215 0.297745 0.986691 0.0244017
0.325259 0.727771 0.205687 0.311626 0.998909 0.0430712
0.244112 0.530852 0.418044 0.762662 0.746827 0.208022
0.495861 0.103953 0.877391 0.889858 0.505605 0.402155
0.777648 0.0820581 0.978226 0.719103 0.0509504 0.854983
0.76843 0.0902858 0.967615 0.3162 0.0587182 0.996008
end
gesture g5 hands 2
0.78796 0.0716839 0.978759 0.122715 0.0849461 0.899535
0.257927 0.146773 0.78506 0.211673 0.0218938 0.919887
0.0834627 0.362083 0.615065 0.865763 0.245478 0.747567
0.0309536 0.454904 0.519088 0.834183 0.894334 0.263475
0.127382 0.841676 0.197534 0.0153576 0.884846 0.0150841
0.787204 0.935061 0.0435488 0.259141 0.952682 0.034512
0.229668 0.868281 0.197603 0.810246 0.829005 0.305717
0.0638018 0.583064 0.529349 0.830598 0.403854 0.761932
0.276504 0.228446 0.856103 0.789318 0.336089 0.808758
0.334151 0.199113 0.900466 0.298622 0.0996235 0.935963
0.69833 0.101776 0.990047 0.214828 0.0848283 0.948858
end
gesture g5 hands 2
0.296723 0.0017421 0.891166 0.678588 0.0274216 0.897927
0.753137 0.300971 0.482453 0.142722 0.197911 0.618691
0.701926 0.66361 0.212576 0.0570825 0.594328 0.241269
0.00316138 0.99364 0.0544275 0.419962 0.880069 0.0541317
0.0560765 0.991317 0.0604069 0.978498 0.988737 0.0028735
0.411499 0.908233 0.153162 0.87574 0.992353 0.0160578
0.747607 0.628817 0.463965 0.399737 0.887291 0.170403
0.796888 0.544002 0.555009 0.298096 0.81737 0.249847
0.76732 0.200277 0.855585 0.0884221 0.427909 0.647997
0.448375 0.0360925 0.946164 0.24783 0.113177 0.981386
0.434864 0.0258843 0.952143 0.54044 0.0289589 0.97754
end
gesture g5 hands 2
0.35573 0.0359051 0.919972 0.594042 0.0189349 0.954221
0.789224 0.188328 0.618172 0.272769 0.0829135 0.80292
0.839772 0.523084 0.338617 0.0274664 0.423423 0.433391
0.476283 0.895757 0.0855121 0.205224 0.763219 0.167653
0.0342443 0.99939 0.0412118 0.727341 0.969914 0.0091896
0.149661 0.990149 0.0635415 1 0.980065 0.00234494
0.524976 0.864911 0.221645 0.73746 0.966462 0.0395682
0.597617 0.796655 0.294464 0.292757 0.780007 0.261281
0.730516 0.538919 0.54662 0.173783 0.611328 0.453038
0.661216 0.217245 0.848483 0.381407 0.136708 0.992522
0.525267 0.136513 0.937168 0.452383 0.109509 0.972896
end
gesture g5 hands 2
0.487982 0.0385201 0.985583 0.509894 0.0662828 1
0.713511 0.159134 0.668676 0.21216 0.208918 0.684735
0.726382 0.23414 0.567668 0.168996 0.514742 0.375546
0.653917 0.68449 0.207716 0.420069 0.860346 0.0785293
0.490239 0.852693 0.11015 0.870662 0.973824 0.000247515
0.0381102 0.999259 0.076466 0.897498 0.983639 0.00985552
0.0526076 0.969478 0.0775685 0.484034 0.924604 0.0922326
0.65858 0.779267 0.279135 0.168241 0.607485 0.412628
0.712437 0.360954 0.682177 0.346042 0.186924 0.86713
0.564627 0.149444 0.887163 0.541349 0.0773849 0.939922
0.531322 0.135927 0.897559 0.0 0.0 0.0
end
gesture g5 hands 2
0.386504 0.0522264 0.978101 0.739165 0.0189911 1
0.648171 0.0898127 0.762702 0.304849 0.097651 0.781874
0.827691 0.32936 0.455421 0.050501 0.500726 0.380596
0.628517 0.833669 0.132003 0.08555 0.626355 0.287691
0.134935 0.999097 0.0409391 0.428061 0.875887 0.0799736
0 0.995084 0.0437798 1 0.972627 0.00161358
0.465749 0.859821 0.161388 0.710595 0.959225 0.0469751
0.764258 0.664681 0.421491 0.28625 0.763605 0.259602
0.803531 0.514721 0.592665 0.135374 0.56563 0.517181
0.642552 0.112404 0.913718 0.239834 0.251471 0.842303
0.275287 0 0.937739 0.696268 0.021208 0.947502
end
gesture g5 hands 2
0.236405 0.0632327 0.989078 0.758848 0.0710672 0.991097
0.775757 0.139658 0.697691 0.307059 0.109765 0.901347
0.829235 0.618873 0.295296 0.109773 0.189513 0.753559
0.775021 0.726922 0.222521 0.00483025 0.478269 0.435676
0.555475 0.880185 0.116155 0.224479 0.772657 0.173428
0.0635683 1 0.0608056 1 0.953583 0.00154738
0.0912763 0.981808 0.061615 0.638053 0.918582 0.051326
0.664254 0.797834 0.282917 0.189247 0.734796 0.344856
0.891823 0.490869 0.646698 0.0762905 0.471724 0.661454
0.707095 0.122059 0.910851 0.300037 0.132519 0.944436
0.32789 0.0151351 0.952226 0.667682 0.0450706 0.965386
end
gesture g5 hands 2
0.721672 0.005401 0.981455 0.287892 0.0515076 0.912747
0.369077 0.112942 0.903539 0.679271 0.315763 0.579751
0.202222 0.262811 0.734786 0.715855 0.434482 0.465521
0.128549 0.5589 0.375733 0.550703 0.84221 0.0707196
0.257025 0.729433 0.176371 0.448957 0.912413 0.0292025
0.782544 0.867873 0.0459247 0.0382481 0.995504 0.00616775
0.997247 0.878783 0.0409737 0 0.984574 0.00616775
0.420182 0.823883 0.144903 0.719744 0.69639 0.334886
0.0363231 0.56172 0.485347 0.762713 0.369044 0.634169
0.114453 0.205202 0.807456 0.578849 0.226142 0.757881
0.195981 0.146125 0.858896 0.171791 0.135131 0.837685
end
gesture g5 hands 2
0.333812 0.0338934 0.964171 0.675669 0.0298188 0.982486
0.722117 0.135742 0.741348 0.445448 0.0577941 0.903088
0.847058 0.406513 0.421327 0.111085 0.308157 0.576443
0.759055 0.632743 0.216733 0.132509 0.691145 0.235619
0.224872 0.960714 0.0552686 0.730809 0.977168 0.000810171
0.126513 0.994038 0.0792642 0.965276 0.977157 0.00845924
0.454764 0.927584 0.159567 0.297677 0.781556 0.306105
0.81708 0.568434 0.510137 0.109508 0.343736 0.760306
0.804455 0.249382 0.890945 0.266339 0.126062 0.979555
0.480386 0.110834 0.963742 0.646262 0.0985505 0.990826
0.354807 0.0653819 0.999247 0.653918 0.113726 0.991374
end
gesture g5 hands 2
0.357757 0.0368696 0.965043 0.667903 0.0842787 0.971083
0.835492 0.164253 0.656528 0.395728 0.05416 0.947093
0.851965 0.233662 0.545321 0.0161823 0.253069 0.59311
0.665288 0.695623 0.174974 0.297471 0.802941 0.1219
0.218298 0.958028 0.0482159 0.436458 0.882976 0.0651108
0.143657 0.975088 0.081643 0.996634 0.95852 0.00144121
0.634548 0.718919 0.30817 0.962166 0.973722 0.0100653
0.721779 0.645249 0.398177 0.245271 0.736326 0.309887
0.807805 0.295133 0.774174 0.0829531 0.348656 0.721194
0.707345 0.119821 0.883963 0.535537 0.00329479 0.917548
0.363041 0.026526 0.911439 0.649744 0.0306263 0.902113
end
gesture g5 hands 2
0.371833 0.0608762 0.921607 0.696735 0.0854179 0.906586
0.791331 0.340248 0.457774 0.164129 0.301044 0.607471
0.549366 0.779831 0.115468 0.150427 0.591711 0.284861
0.422503 0.883232 0.0721846 0.99311 0.980564 0.00269645
0.00236184 0.996354 0.0622664 0.959911 0.974405 0.0154752
0.00154439 0.993827 0.0674717 0.522599 0.903137 0.126615
0.690264 0.687595 0.392708 0.400472 0.832369 0.197144
0.790638 0.532915 0.585139 0.118369 0.451276 0.631762
0.726011 0.178575 0.908031 0.135965 0.348337 0.741706
0.444436 0.082613 0.969087 0.373705 0.106348 0.990856
0.407325 0.0663469 0.970424 0.648927 0.0818622 0.972145
end
gesture g5 hands 2
0.403612 0.069989 0.927147 0.622693 0.124842 0.932144
0.6665 0.0563579 0.757349 0.152719 0.172272 0.73537
0.833218 0.360044 0.44941 0 0.447818 0.392827
0.563428 0.83801 0.102862 0.431265 0.90556 0.0618265
0.10667 0.980489 0.048325 0.992743 0.957739 0.00427477
0.0591281 0.989232 0.0678314 0.922066 0.958139 0.0188539
0.330455 0.912799 0.142865 0.537898 0.899431 0.150179
0.795381 0.482183 0.614641 0.109449 0.607052 0.522599
0.777662 0.213508 0.906853 0.071175 0.407156 0.753122
0.759847 0.183078 0.969377 0.470037 0.0964234 0.99478
0.473066 0.0802098 0.95869 0.530681 0.0749147 0.957095
end
gesture g5 hands 2
0.547619 0.0403673 0.991438 0.407571 0.0210506 0.99224
0.28976 0.0990695 0.842652 0.68683 0.118451 0.756599
0.0436335 0.452776 0.375995 0.848564 0.520292 0.307431
0.185747 0.748279 0.124338 0.744242 0.723577 0.1543
0.718713 0.932559 0 0.265141 0.983114 0.0346101
1 0.950405 0.01792 0.0128251 0.966682 0.0325997
0.810384 0.927563 0.0287066 0.273221 0.942965 0.0715093
0.00642428 0.609473 0.455674 0.676327 0.774518 0.276693
0.125487 0.299093 0.768032 0.780142 0.632361 0.436243
0.202989 0.236658 0.813772 0.721651 0.339415 0.714771
0.67029 0.149924 0.852812 0.243661 0.1663 0.819546
0.0 0.0 0.0 0.229148 0.156295 0.825966
end
gesture g5 hands 2
0.732356 0.0399786 0.98807 0.253612 0.0400028 0.967197
0.292875 0.120659 0.873854 0.730987 0.143516 0.76664
0.0177813 0.609202 0.343812 0.818606 0.220201 0.667888
0.17748 0.812804 0.164356 0.905138 0.46441 0.447512
0.77954 0.967463 0.00399276 0.654216 0.898954 0.122914
0.966264 0.967689 0.00389595 0.0230566 0.997586 0.036213
0.744104 0.95012 0.0327163 0.00480429 0.990403 0.0399395
0.218505 0.780582 0.264804 0.476119 0.869762 0.149171
0.0830282 0.288647 0.813309 0.880111 0.49227 0.590719
0.331324 0.0413453 0.966001 0.780559 0.202414 0.840397
0.756124 0.0340191 0.948482 0.14283 0.0217529 0.929716
end
gesture g5 hands 2
0.798944 0.0203384 0.928258 0.147897 0.0234321 0.91887
0.26843 0.206348 0.718676 0.714048 0.243955 0.599505
0.0970129 0.484041 0.40902 0.809248 0.567189 0.30598
0.376182 0.837951 0.0800813 0.0924137 1 0.0297272
0.913157 0.934671 0.00175929 0.193944 0.975685 0.0587004
0.804938 0.957759 0.0281941 0.613517 0.817079 0.203007
0.323635 0.876329 0.167657 0.703537 0.759234 0.276553
0.00637188 0.527179 0.561414 0.900203 0.40844 0.6683
0.202673 0.1112 0.903948 0.739261 0.125567 0.876467
0.681631 0.0119828 0.987617 0.353939 0.0423117 0.94944
0.71868 0.00653918 1 0.292961 0.0547088 0.948369
end
gesture g5 hands 2
0.655194 0.0261185 0.991541 0.296639 0.0474341 0.95566
0.0365171 0.336392 0.56557 0.875726 0.320012 0.573113
0.156598 0.764953 0.171981 0.885251 0.552402 0.352821
0.259037 0.838771 0.104378 0.561784 0.891557 0.0770966
0.865068 0.962481 0.00328973 0.127896 0.997098 0.0342129
0.999982 0.966125 0.0164016 0.0450596 0.965975 0.0522358
0.893162 0.96862 0.0297954 0.534944 0.849376 0.156473
0.266618 0.800794 0.190121 0.728628 0.744126 0.289823
0.0623352 0.399454 0.684118 0.824042 0.378149 0.663439
0.240603 0.132528 0.918462 0.65249 0.14079 0.87095
0.665619 0.0524541 0.980215 0.265075 0.027962 0.973024
end
gesture g5 hands 2
0.75775 0.112815 1 0.296174 0.0932329 0.9993
0.120052 0.213322 0.777315 0.859508 0.187387 0.727437
0.0146603 0.515163 0.434181 1 0.501204 0.42461
0.376665 0.881763 0.0937197 0.696096 0.884582 0.124386
0.992084 0.956237 0.00934358 0.204764 0.996442 0.0454264
0.25434 0.747054 0.232927 0.0607354 0.991557 0.040932
0.0893799 0.50224 0.551697 0.569933 0.859238 0.134652
0.212414 0.214874 0.842815 0.883481 0.66844 0.364976
0.281588 0.155802 0.908551 0.961104 0.40804 0.660588
0.733041 0.0346843 0.988149 0.696383 0.115283 0.894439
0.748784 0.0397582 0.992643 0.274226 0.00342585 0.953599
end
gesture g5 hands 2
0.728207 0.0198986 0.926212 0.297126 0.0110884 0.904297
0.214561 0.363643 0.434677 0.3345 0.0139981 0.901849
0.233682 0.673234 0.145107 0.472041 0.111972 0.7235
0.793486 0.939448 0 0.710039 0.411306 0.383381
0.993092 0.940547 0.00705513 0.563985 0.834425 0.067727
0.720744 0.891988 0.0612758 0.204041 0.993657 0.0230308
0.154479 0.604246 0.333353 0.0600197 0.977626 0.034651
0 0.427781 0.648945 0.842106 0.59362 0.41461
0.1622 0.178098 0.887865 0.895325 0.386091 0.664714
0.565819 0.0404099 0.997323 0.650854 0.085611 0.875683
0.633997 0.0404585 0.995414 0.392066 0.0481729 0.968291
end
gesture g5 hands 2
0.738141 0.0211778 0.998954 0.276634 0.00289414 0.964162
0.066334 0.314233 0.585263 0.775052 0.193335 0.658452
0.027365 0.612541 0.282273 0.921253 0.518061 0.354788
0.499302 0.927541 0.0391323 0.518064 0.96706 0.0593076
0.995534 0.963732 0.00806827 0.109475 0.990637 0.0407994
0.906601 0.975883 0.0246698 0.0418639 0.976635 0.0469378
0.410704 0.90971 0.131441 0.509544 0.927514 0.117785
0.0571408 0.626059 0.467331 0.890028 0.695682 0.38848
0.332475 0.193894 0.938011 0.801241 0.321256 0.801635
0.648669 0.108709 0.986165 0.751666 0.268032 0.860182
0.711029 0.0833051 0.98491 0.340239 0.070823 0.975718
end
gesture g5 hands 2
0.683869 0.0515012 1 0.293791 0.0248655 0.979671
0.266613 0.111422 0.848137 0.851209 0.128895 0.772718
0 0.428884 0.49321 0.988168 0.509176 0.403962
0.155109 0.726063 0.204148 0.622303 0.899408 0.0984401
0.634606 0.941296 0.012524 0.183412 0.991084 0.0198514
0.929018 0.943301 0.011712 0.137582 0.963867 0.0418976
0.457777 0.806541 0.126101 0.527982 0.799855 0.17538
0.141262 0.588381 0.397594 0.866225 0.519894 0.52433
0.156694 0.249233 0.827125 0.837963 0.249583 0.784848
0.7045 0.0591393 0.95667 0.425131 0.0494742 0.910408
0.718424 0.0590122 0.951183 0.284136 0.0447686 0.924482
end
gesture g5 hands 2
0.76325 0.0800766 0.984848 0.347555 0.0520306 0.992951
0.445407 0.0569426 0.947181 0.761128 0.0813188 0.880282
0.0680478 0.3115 0.64996 0.845905 0.128808 0.82111
0.149172 0.719639 0.183617 0.939766 0.637449 0.257726
0.352075 0.840571 0.063332 0.18096 0.990523 0.0421642
0.79736 0.952231 0.00216821 0.170475 0.973316 0.0436038
0.930804 0.926747 0.0120008 0.708789 0.803336 0.206522
0.831983 0.936791 0.022741 0.911268 0.50266 0.557343
0.346757 0.836071 0.182105 0.578543 0.116795 0.887616
0.132236 0.333401 0.803399 0.237041 0.00259088 0.906149
0.76538 0.00126042 0.919902 0.217999 0 0.906575
end
gesture g5 hands 2
0.882961 0.0227687 0.838447 0.218797 0 0.841754
0.146759 0.300445 0.578966 0.687869 0.105867 0.740359
0.132588 0.788271 0.15364 0.878822 0.272857 0.564852
0.276373 0.846396 0.0972606 0.896023 0.711756 0.20893
0.977621 0.957169 0.00939663 0.424621 0.946787 0.0584957
0.976025 0.96326 0.0120719 0.159499 0.986856 0.0642442
0.353612 0.859161 0.161025 0.163065 0.989766 0.0663888
0.248878 0.812811 0.230295 0.561419 0.882862 0.143132
0.073927 0.543642 0.602867 1 0.53318 0.575664
0.344815 0.198515 0.94393 0.51116 0.0971892 0.958869
0.681089 0.0860175 0.985054 0.447176 0.0943489 0.95825
end
gesture g5 hands 2
0.680923 0.0521905 0.956706 0.350939 0.055019 0.953691
0.085526 0.24717 0.722518 0.646329 0.048937 0.846438
0.0745201 0.633388 0.295828 0.806671 0.176545 0.694463
0.403771 0.829765 0.0764561 0.842859 0.263245 0.596226
0.985386 0.931644 0.011917 0.75364 0.702655 0.212004
0.851426 0.929734 0.0316001 0.186308 0.991024 0.0529324
0.32917 0.775369 0.218143 0.0573773 0.991461 0.0712988
0.0411874 0.306957 0.742535 0.239831 0.927705 0.110464
0.335902 0.0826691 0.985249 0.673763 0.643242 0.312004
0.623945 0.0822321 0.991319 0.82987 0.321691 0.709995
0.640581 0.0799903 0.99692 0.557825 0.0993257 0.899351
0.0 0.0 0.0 0.306235 0.0542109 0.956503
end
gesture g5 hands 2
0.625156 0.0376134 1 0.341372 0.0130329 0.975527
0.14464 0.204675 0.577569 0.6916 0.140704 0.635112
0.169303 0.610156 0.190969 0.714526 0.212108 0.534205
0.225164 0.69289 0.131227 0.657971 0.714506 0.133219
0.995861 0.962253 0.00670029 0.264942 0.97879 0.0480202
0.937278 0.94252 0.013042 0.0758485 0.946374 0.0773311
0.411393 0.880975 0.104359 0.668129 0.733905 0.266619
0.00068757 0.434675 0.581154 0.906815 0.400406 0.572838
0.0140294 0.343792 0.669916 0.714571 0.15116 0.824894
0.611782 0.0583774 0.948325 0.286781 0.0611543 0.916188
0.629934 0.0505594 0.94763 0.277018 0.0520883 0.928782
end
gesture g5 hands 2
0.309417 0.0689729 0.913545 0.583335 0.0212658 0.858728
0.108281 0.506593 0.322169 0.801897 0.323726 0.521183
0.428958 0.843003 0.054217 0.73651 0.634832 0.229189
0.549682 0.907826 0.0257381 0.109284 0.995173 0.0377718
0.987835 0.972411 0.0113028 0.124987 0.978153 0.0582111
1 0.967708 0.0114333 0.432222 0.902422 0.10833
0.831574 0.961584 0.0293143 0.883027 0.615628 0.433815
0.276913 0.800477 0.210733 0.933062 0.519325 0.54452
0 0.432984 0.660602 0.804555 0.159672 0.875695
0.234285 0.102537 0.974131 0.467371 0.0181678 0.931896
0.583477 0.00602482 0.976298 0.381722 0 0.930904
end
gesture g5 hands 2
0.671253 0.0165308 1 0.297545 0.0167774 0.972398
0.266036 0.123163 0.752318 0.581193 0.112821 0.705307
0.15049 0.300731 0.529701 0.63364 0.201695 0.603015
0.200615 0.649885 0.199589 0.629261 0.647474 0.189156
0.54242 0.882797 0.0263391 0.464571 0.860865 0.0715658
1 0.926993 0.00544877 0.096521 1 0.0359947
0.936773 0.930652 0.0109798 0.00455218 0.971551 0.0407855
0.071811 0.621122 0.440547 0.622316 0.756198 0.253164
0.168519 0.208777 0.853932 0.74671 0.47821 0.556218
0.253668 0.142886 0.908605 0.420614 0.124222 0.89957
0.591641 0.0597792 0.986265 0.355338 0.0874073 0.932304
end
gesture g5 hands 2
0.639534 0.00530197 0.998085 0.376431 0.0103334 0.96015
0.249392 0.143781 0.714891 0.646636 0.14101 0.676913
0.13499 0.339535 0.488743 0.733605 0.613849 0.254665
0.236126 0.720689 0.17859 0.600642 0.850016 0.111056
0.797848 0.92271 0.00355349 0.0855889 0.988242 0.0542429
0.985151 0.935628 0.00566006 0 0.956469 0.0576049
0.520013 0.87927 0.105498 0.466492 0.818201 0.154613
0.215962 0.708297 0.315409 0.704392 0.669157 0.345034
0.123432 0.361588 0.673696 0.757375 0.349151 0.658316
0.435958 0.142482 0.917482 0.684843 0.224674 0.780177
0.588058 0.125254 0.933313 0.37726 0.107737 0.897847
end
gesture g5 hands 2
0.679448 0.0691263 1 0.365843 0.0566395 0.9615
0.325369 0.0680495 0.801462 0.653348 0.0638071 0.764805
0.0689874 0.481225 0.354015 0.833943 0.33165 0.453179
0.101883 0.612736 0.254352 0.790999 0.598552 0.259115
0.585362 0.953518 0.0199011 0.363173 0.964318 0.0597459
0.995602 0.945755 0.00310323 0.0358049 0.96332 0.062242
0.99517 0.937821 0.00591411 0.474377 0.841808 0.168538
0.62183 0.929891 0.0810659 0.587273 0.782716 0.228983
0.0771357 0.634504 0.398112 0.861146 0.553772 0.47643
0.268564 0.110172 0.91754 0.825344 0.214262 0.814075
0.734572 0.0132496 0.965415 0.297332 0 0.950099
end
gesture g5 hands 2
0.822547 0.0620937 0.95865 0.21471 0.0418533 0.959214
0.384527 0.087107 0.905254 0.688314 0.0980006 0.798984
0.0107262 0.409892 0.529833 0.860029 0.463184 0.397726
0.0375418 0.618541 0.307901 0.663339 0.810141 0.157414
0.571092 0.935162 0.0335595 0.114038 1 0.07328
0.978012 0.967307 0.00472385 0.0981882 0.968041 0.0833322
0.927945 0.973347 0.0070298 0.558135 0.813866 0.191264
0.0425458 0.527998 0.5494 0.795774 0.651622 0.425644
0.181069 0.199642 0.885956 0.792371 0.334143 0.747312
0.717983 0.0252389 0.993015 0.264777 0.0240141 0.991206
0.742679 0.025278 0.990396 0.242768 0.013292 0.991385
end
gesture g5 hands 2
0.761905 0.0241895 0.997172 0.229661 0.0148824 0.995944
0.291669 0.153614 0.857509 0.743848 0.331813 0.524841
0.208356 0.231428 0.778201 0.635035 0.770641 0.170751
0.132515 0.719102 0.247723 0.553908 0.840816 0.122022
0.233377 0.796753 0.17111 0.0638345 0.99681 0.0636935
0.807779 0.974515 0.00465468 0.0426407 0.989586 0.0663215
1 0.972638 0.00625821 0.495745 0.887083 0.159527
0.323981 0.832121 0.184651 0.865555 0.563012 0.530965
0.023359 0.601713 0.452529 0.776018 0.288615 0.743723
0.549345 0.0239835 0.910804 0.282127 0.051171 0.888508
0.761929 0.0325285 0.883054 0.242104 0.0518908 0.895613
end
gesture g5 hands 2
0.843592 0.0700779 0.977031 0.176983 0.0589227 0.987411
0.464224 0.0548993 0.939265 0.370067 0.0264991 0.978149
0.171499 0.23454 0.702561 0.696361 0.128944 0.757924
0.271643 0.843142 0.165342 0.699342 0.795065 0.190025
0.855354 0.998816 0.000332601 0.117263 0.993609 0.0703047
0.996698 0.991159 0.00598729 0.13219 0.971228 0.0778784
0.906329 0.973755 0.0160685 0.68443 0.848609 0.250281
0.125189 0.767046 0.334547 0.857956 0.688247 0.422352
0.0415817 0.360916 0.791348 0.859978 0.313201 0.795101
0.33153 0.0504714 0.979666 0.689928 0.134866 0.893508
0.893975 0.0723892 0.902343 0.120576 0.0586511 0.921551
end
gesture g5 hands 2
0.485888 0.0228592 0.972541 0.375139 0.00742474 0.95482
0.11533 0.271639 0.589155 0.743619 0.330728 0.603334
0.144747 0.457686 0.370661 0.727737 0.534243 0.385935
0.825962 0.886923 0.0492224 0.490254 0.786016 0.146652
1 0.975524 0.014476 0.156263 0.916791 0.0307839
0.831909 0.977949 0.038012 0 0.971643 0
0.270532 0.793941 0.227116 0.441529 0.883903 0.140081
0.0952303 0.624753 0.414487 0.793534 0.578785 0.46616
0.155317 0.270123 0.730451 0.744618 0.294284 0.746163
0.465121 0.097249 0.933633 0.415462 0.0841804 0.917385
0.547949 0.0273607 0.991159 0.324038 0.00630671 0.973577
end
gesture g5 hands 2
0.729194 0.166336 0.923684 0.414857 0.118682 0.983023
0.385755 0.0953998 0.758711 0.682792 0.0718138 0.729674
0.220217 0.218977 0.57093 0.771028 0.27126 0.47197
0.4554 0.695626 0.109311 0.411449 0.818128 0.0529225
0.776426 0.883586 0.00681436 0.155757 1 0.012973
0.996148 0.933931 0.0113807 0.0472018 0.961771 0.0296225
0.993487 0.925511 0.0129964 0.273641 0.972508 0.0157362
0.577201 0.875454 0.0564819 0.908123 0.62148 0.396076
0.0765569 0.548146 0.545757 0.931561 0.334557 0.699091
0.182988 0.362722 0.816247 0.516814 0.0250738 0.980634
0.61807 0.105709 0.936493 0.435185 0 1
end
gesture g5 hands 2
0.518947 0.0607528 0.944936 0.358311 0.00224773 0.934366
0.0768657 0.200959 0.677289 0.729318 0.286843 0.72102
0.0988871 0.41449 0.415084 0.712422 0.488226 0.449048
0.638844 0.883735 0.0661434 0.260807 0.853295 0.0588811
0.942665 0.978332 0.0265435 0.0432742 0.932821 0.00489371
0.993901 0.998884 0.0255256 0.0310516 0.96198 0.00454138
0.798994 0.947991 0.0425361 0.238065 0.937328 0.0415574
0.204126 0.687799 0.250538 0.794491 0.689243 0.291411
0.0394244 0.35249 0.579415 0.886083 0.409689 0.61698
0.492636 0.0403007 0.946424 0.430791 0.068272 0.910445
0.516614 0.00853678 0.98712 0.329263 0.00347477 0.952433
end
gesture g5 hands 2
0.239246 0.106825 0.904306 0.837385 0.125915 0.916963
0.658246 0.138097 0.772778 0.264998 0.211333 0.745525
0.879178 0.494153 0.424072 0.161679 0.75231 0.249022
0.616805 0.899133 0.13239 0.262124 0.842103 0.171639
0.110185 0.992806 0.0776206 0.799619 0.98397 0.00265916
0.32182 0.967817 0.101106 1 0.977167 0.0132735
0.731174 0.840283 0.285103 0.777678 0.981668 0.0386137
0.945504 0.504377 0.628313 0.147177 0.775534 0.351077
0.953504 0.390898 0.730902 0.0116209 0.339792 0.800809
0.655133 0.0499932 0.929758 0.523735 0 0.979464
0.287278 0.0738706 0.889312 0.746742 0.0740366 0.891332
end
gesture g5 hands 2
0.241553 0.045106 0.917485 0.688638 0.0568637 0.936669
0.600485 0.0555636 0.740429 0.130226 0.148944 0.718639
0.670587 0.12339 0.65638 0.0283345 0.621445 0.308008
0.773858 0.606945 0.307 0.366004 0.902833 0.0892466
0.423225 0.949009 0.0889901 0.930985 0.967204 0.00110563
0.0192305 0.996813 0.0703713 0.749195 0.947974 0.0342746
0.154782 0.998526 0.0788625 0.189345 0.759698 0.304624
0.861507 0.55776 0.535445 0.092557 0.664786 0.410279
0.667435 0.142541 0.901497 0.0871272 0.263147 0.843332
0.584595 0.0960403 0.918745 0.602736 0.0092017 0.959158
0.224392 0 0.930929 0.674557 0.0190881 0.945426
end
gesture g6 hands 2
0.490875 0.0868072 0.933004 0.401105 0.0216926 0.964786
0.501807 0.0636635 0.974542 0.386253 0 0.958939
0.137571 0.124079 0.658862 0.715124 0.111892 0.615279
0.0994929 0.157602 0.562318 0.705903 0.236661 0.420211
0.145838 0.259144 0.366204 0.651576 0.295565 0.328626
0.322216 0.337608 0.229281 0.149337 0.400822 0.182172
0.739363 0.388934 0.186014 0.0472446 0.395846 0.200075
0.768891 0.395816 0.181191 0.253365 0.54359 0.139086
0.288099 0.730712 0.0131941 0.825028 0.919055 0.0548487
0.0486099 0.895986 0.0014559 0.954431 0.982285 0.0490024
0 0.92402 0 1 1 0.0561454
end
gesture g6 hands 2
0.501921 0.057646 0.977776 0.503345 0.0201065 0.975875
0.362555 0.0263115 0.754967 0.595397 0.011533 0.858244
0.322094 0.0479949 0.656479 0.68304 0.071029 0.661707
0.431981 0.266371 0.220499 0.67573 0.169279 0.434497
0.515472 0.320424 0.1588 0.571855 0.279821 0.234528
0.804072 0.326921 0.127819 0.317194 0.363021 0.108403
0.810229 0.293427 0.13508 0.180962 0.293298 0.126182
0.589448 0.468517 0.0331815 0.205688 0.29601 0.11551
0.460556 0.582274 0.00495082 0.317927 0.402001 0.0572667
0.0141911 0.946331 0.0629744 0.827223 0.849529 0.02886
0 0.959813 0.0738003 1 1 0.0784122
end
gesture g6 hands 2
0.548168 0.0394211 0.999506 0.418332 0.0176974 0.986486
0.314003 0.102948 0.809425 0.643141 0.0734882 0.808646
0.124612 0.233787 0.594323 0.862298 0.245745 0.599028
0.117285 0.412221 0.383246 0.907615 0.351808 0.493053
0.405794 0.528353 0.243232 0.854261 0.440176 0.39593
0.721187 0.548384 0.218681 0.580535 0.558045 0.249397
0.859379 0.535588 0.212396 0.385182 0.563107 0.216583
0.771706 0.565576 0.18589 0.139912 0.532439 0.218702
0.504669 0.683105 0.0925568 0.220439 0.57575 0.170517
0.166901 0.838444 0.0135351 0.365082 0.648081 0.125651
0 0.908136 0 1 1 0.0183113
end
gesture g6 hands 2
0.547305 0.0301148 1 0.349434 0.000662971 0.983511
0.331806 0.169482 0.777118 0.648578 0.214004 0.637986
0.279601 0.280705 0.596855 0.644864 0.284715 0.535248
0.387896 0.447191 0.336802 0.536797 0.4425 0.364961
0.599431 0.550542 0.241611 0.23111 0.583355 0.238755
0.83492 0.568851 0.258947 0.129408 0.580694 0.239698
0.853832 0.560735 0.245526 0.146297 0.593183 0.214344
0.542237 0.667441 0.0972921 0.326476 0.684504 0.141041
0.242003 0.797625 0.0203801 0.982289 0.984185 0.00422177
0.0316389 0.886547 0.010262 0.981879 0.989184 0
0.00617858 0.918184 0.0172197 0.0 0.0 0.0
end
gesture g6 hands 2
0.636124 0.0232172 1 0.313061 0.00979021 0.962506
0.656979 0.0354528 0.953753 0.280289 0.00558933 0.947585
0.330345 0.138034 0.916027 0.40312 0.00610527 0.948647
0.248496 0.194731 0.872806 0.662269 0.105868 0.873967
0.128044 0.31899 0.71702 0.852008 0.300175 0.603093
0.310198 0.519118 0.271882 0.848458 0.378838 0.472209
0.573656 0.54959 0.103459 0.726255 0.523623 0.235716
0.764167 0.533628 0.081371 0.492262 0.599149 0.0702657
0.648545 0.597528 0.052858 0.297817 0.617534 0.0782834
0.108792 0.838388 0.00618579 0.900283 0.954509 0.0724693
0 0.876727 0.0429554 1 1 0.107832
end
gesture g6 hands 2
0.579211 0.0703079 0.936809 0.350439 0.0386335 0.925192
0.566728 0.0356007 0.9638 0.342282 0.0211354 0.989528
0.454255 0.0966009 0.90088 0.465378 0.0530036 0.866018
0.333107 0.26647 0.689612 0.613778 0.230649 0.682599
0.336356 0.379485 0.487814 0.631279 0.357052 0.476936
0.451161 0.443649 0.255456 0.543574 0.467477 0.250035
0.62695 0.471273 0.143185 0.3659 0.500965 0.106937
0.599703 0.494885 0.115958 0.360057 0.526616 0.107232
0.433688 0.613089 0.0124188 0.509115 0.671759 0.0553448
0.191474 0.776515 0.000707932 0.76818 0.862969 0.016879
0 0.875812 0.126695 1 1 0.200182
end
gesture g6 hands 2
0.609015 0.0940385 0.946091 0.372048 0.0121622 0.948092
0.62207 0.0622744 0.959545 0.748333 0.2012 0.727158
0.473273 0.0953972 0.924164 0.778224 0.369173 0.469291
0.266079 0.239176 0.770201 0.739272 0.454299 0.34161
0.22124 0.361593 0.531963 0.595534 0.62689 0.130398
0.516039 0.650139 0.129322 0.494837 0.677166 0.0697799
0.745095 0.693513 0.0866618 0.154912 0.667704 0.110232
0.87202 0.642095 0.100086 0.250566 0.737119 0.0926312
0.683517 0.71797 0.0281614 0.479509 0.847396 0.0388144
0.260934 0.871662 0.0101727 0.962189 0.99683 0.0887232
0 0.901885 0.04439 1 0.993212 0.118346
end
gesture g6 hands 2
0.612759 0.0661591 0.998724 0.385922 0.0184904 0.974452
0.495325 0.0868301 0.918051 0.371219 0.00354449 0.971384
0.202333 0.294128 0.685627 0.504425 0.0341641 0.910915
0.210137 0.464728 0.443834 0.775268 0.191053 0.733691
0.377348 0.625198 0.222541 0.829102 0.401846 0.522579
0.784991 0.713795 0.0749382 0.521999 0.742221 0.110649
0.906729 0.672988 0.0934318 0.162729 0.70414 0.0833609
0.879683 0.694188 0.0653018 0.15824 0.737521 0.070735
0.690598 0.81446 0.00486028 0.778779 0.991524 0.108884
0.126871 0.967773 0.071384 0.966609 0.996461 0.169786
0 0.914399 0.130006 1 0.986679 0.194061
end
gesture g6 hands 2
0.606496 0.0508499 0.974259 0.384005 0.00500754 0.988881
0.219652 0.232233 0.786461 0.408874 0 0.957135
0.199418 0.296867 0.677809 0.54858 0.0332911 0.897113
0.315523 0.39422 0.445671 0.760089 0.192578 0.708004
0.584635 0.448022 0.299892 0.717348 0.34714 0.466441
0.816918 0.441168 0.290165 0.633362 0.417534 0.358855
0.827711 0.503364 0.20613 0.384252 0.481966 0.247908
0.670005 0.641107 0.0726986 0.160526 0.459725 0.278698
0.550078 0.70903 0.0308443 0.25209 0.611953 0.169799
0.297369 0.837554 0.000683 0.480756 0.758639 0.078168
0 0.908456 0.0653221 1 1 0.16633
end
gesture g6 hands 2
0.585864 0.0376395 1 0.390245 0.014756 0.973073
0.334611 0.151293 0.870726 0.531788 0.0405769 0.900508
0.23339 0.24713 0.693147 0.72264 0.170079 0.712668
0.252666 0.409257 0.428569 0.774537 0.348275 0.501904
0.395447 0.578733 0.189697 0.680911 0.537623 0.262731
0.690361 0.712377 0.0509265 0.441906 0.692933 0.101991
0.91737 0.737593 0.0229539 0.204077 0.751956 0.0572087
0.972674 0.735055 0.0418634 0.0579911 0.735477 0.0619573
0.921006 0.765056 0.0233087 0.104739 0.766341 0.061466
0.314132 0.954852 0.0455476 0.713852 0.967571 0.125406
0 0.958904 0.212375 1 0.988777 0.275148
end
gesture g6 hands 2
0.487391 0.0847863 0.976452 0.428836 0.0128862 1
0.35671 0.0691755 0.925714 0.58615 0.0477348 0.809353
0.179406 0.195234 0.800129 0.732841 0.211252 0.607846
0.111161 0.38681 0.59794 0.745589 0.339803 0.495457
0.225182 0.545177 0.380875 0.646388 0.557123 0.293451
0.3367 0.604639 0.275858 0.410019 0.684278 0.171119
0.635782 0.651476 0.143714 0.288138 0.71615 0.144045
0.855337 0.635114 0.127737 0.0933282 0.695601 0.128802
0.882614 0.636804 0.1227 0.208903 0.778282 0.10102
0.521689 0.839187 0.0020463 0.770618 0.972418 0.0861712
0 0.947244 0.0645896 1 1 0.150918
end
gesture g6 hands 2
0.528306 0.088947 0.964684 0.422226 0.0488995 0.996695
0.413115 0.110019 0.899016 0.551773 0.059177 0.883451
0.245532 0.372815 0.569704 0.715047 0.334515 0.515592
0.295171 0.524482 0.315591 0.664668 0.53598 0.256255
0.507781 0.638901 0.110853 0.589128 0.631762 0.150891
0.613938 0.65319 0.0677929 0.376382 0.719538 0.0440816
0.791424 0.617268 0.0931156 0.217631 0.678619 0.0830397
0.821337 0.604451 0.0905775 0.255972 0.68267 0.066453
0.296598 0.854027 0.0191248 0.72453 0.935627 0.0833348
0.0211691 0.903676 0.173247 0.976907 1 0.251739
0 0.897102 0.157604 1 0.991616 0.244479
end
gesture g6 hands 2
0.569175 0.0719491 0.97886 0.422705 0.00444749 0.983163
0.568851 0.0547821 0.973677 0.710988 0.190744 0.699729
0.411891 0.105299 0.892656 0.757157 0.393139 0.48331
0.231562 0.316825 0.659174 0.550558 0.647445 0.183349
0.23426 0.492829 0.41911 0.203289 0.659403 0.135079
0.301953 0.564285 0.310382 0.146312 0.633992 0.148695
0.555328 0.638514 0.145036 0.184823 0.693268 0.103786
0.859622 0.600905 0.164535 0.4125 0.838705 0.0332712
0.818857 0.652651 0.106036 0.546564 0.902332 0.0268556
0.290808 0.879902 0.0161649 0.85986 0.996099 0.0987152
0 0.914714 0.13128 1 0.984483 0.186963
end
gesture g6 hands 2
0.588211 0.0624815 0.990035 0.399337 0.0179423 0.989104
0.271901 0.258753 0.793501 0.467429 0.0185356 0.942571
0.235619 0.339908 0.70517 0.664254 0.14851 0.828099
0.250934 0.468215 0.470739 0.762078 0.405503 0.544101
0.431708 0.579547 0.236366 0.661557 0.584919 0.298694
0.67786 0.633641 0.124148 0.554123 0.649798 0.199647
0.883367 0.612495 0.153726 0.323369 0.688524 0.112588
0.809116 0.684958 0.077874 0.138649 0.642061 0.134339
0.500669 0.833094 0.00222412 0.220585 0.725633 0.0849162
0 0.923576 0.0965627 0.526834 0.875496 0.035725
0.00292213 0.923791 0.0939341 0.818009 0.977937 0.0845407
0.0 0.0 0.0 1 0.982068 0.171687
end
gesture g6 hands 2
0.552172 0.0462018 0.934139 0.398436 0 0.969964
0.494878 0.074507 0.963156 0.568883 0.0937546 0.875242
0.336858 0.237075 0.764342 0.712811 0.344931 0.583517
0.321849 0.401937 0.514233 0.667252 0.48154 0.358263
0.474035 0.529959 0.256141 0.467423 0.596551 0.138926
0.654629 0.572357 0.14766 0.220082 0.533491 0.154694
0.831601 0.517639 0.197937 0.291729 0.593317 0.0962646
0.828059 0.522242 0.172118 0.470117 0.768752 0.0212176
0.554111 0.722819 0.00365184 0.761219 0.944055 0.0715792
0.043233 0.915785 0.111367 0.970601 0.997604 0.185183
0 0.911745 0.146414 1 0.998488 0.218388
end
gesture g6 hands 2
0.596896 0.0831941 0.982724 0.419819 0.00723253 0.996885
0.259133 0.233069 0.76219 0.56796 0.0594615 0.900578
0.212997 0.398788 0.522062 0.771702 0.320673 0.58883
0.303825 0.54688 0.298412 0.763946 0.426483 0.477151
0.533435 0.653982 0.1366 0.650464 0.606441 0.248377
0.869288 0.656756 0.185161 0.458435 0.702653 0.122463
0.790662 0.692162 0.11692 0.201393 0.679784 0.176321
0.586149 0.802537 0.00433787 0.228546 0.729475 0.16258
0.314484 0.888352 0.0219515 0.417459 0.842499 0.0519791
0.16728 0.908141 0.0533358 0.698353 0.958394 0.0491842
0 0.909833 0.163967 1 0.994821 0.213995
end
gesture g6 hands 2
0.527841 0.0435989 0.998433 0.374996 0.000648398 0.988236
0.502008 0.0586077 0.974236 0.382133 0.00603616 0.97703
0.327597 0.124796 0.888364 0.516325 0.041129 0.906454
0.145196 0.372283 0.576455 0.70373 0.189301 0.725442
0.252715 0.517648 0.393024 0.770945 0.363997 0.540018
0.579306 0.631465 0.190523 0.738133 0.467199 0.444318
0.791511 0.62765 0.176207 0.41511 0.672559 0.170289
0.835249 0.63102 0.165582 0.167012 0.642509 0.162267
0.77811 0.686404 0.112725 0.194719 0.665261 0.145773
0.550877 0.794686 0.0128024 0.76878 0.983956 0.0986772
0 0.921152 0.0780366 1 0.997248 0.182318
end
gesture g6 hands 2
0.524329 0.0549794 0.99499 0.379487 0.0163258 0.970743
0.233082 0.150283 0.847908 0.388754 0 0.966718
0.127626 0.272052 0.655623 0.570672 0.0594247 0.871192
0.114721 0.349223 0.540658 0.743566 0.279396 0.60126
0.244314 0.49648 0.31341 0.742694 0.362044 0.478519
0.638565 0.591443 0.142235 0.41888 0.644554 0.133649
0.818479 0.567145 0.172845 0.133255 0.595239 0.150761
0.784642 0.61874 0.116663 0.188188 0.641525 0.124012
0.573788 0.741027 0.0179882 0.403593 0.770815 0.0715803
0.165566 0.934235 0.0243949 0.838007 0.967824 0.138468
0 0.9738 0.0878053 1 0.997748 0.23216
end
gesture g6 hands 2
0.539132 0.069348 1 0.398964 0.0010365 0.982725
0.479212 0.0825832 0.952234 0.584118 0.0629004 0.867052
0.250673 0.265198 0.6714 0.694214 0.422037 0.40301
0.23971 0.320236 0.573958 0.595351 0.606781 0.212133
0.29229 0.461841 0.365912 0.397113 0.710837 0.115726
0.6438 0.647161 0.120821 0.166566 0.684614 0.162324
0.824426 0.636488 0.174159 0.2008 0.70215 0.131462
0.759999 0.657131 0.112435 0.520313 0.831945 0.0459877
0.468164 0.793844 0 0.800035 0.934714 0.106968
0.0311135 0.952288 0.0786541 0.979087 0.989227 0.198042
0 0.948283 0.0951332 1 1 0.219112
end
gesture g6 hands 2
0.496385 0.0590033 0.988825 0.372534 0.00430758 0.97872
0.340109 0.0977108 0.951796 0.378691 0.00466479 0.995553
0.100352 0.261543 0.720941 0.560786 0.0472643 0.940023
0.0882236 0.334767 0.612527 0.783561 0.275812 0.63937
0.162498 0.498635 0.372831 0.786956 0.359845 0.52516
0.42815 0.600873 0.161297 0.476564 0.673955 0.118689
0.854381 0.626133 0.112755 0.0724446 0.675146 0.128455
0.861473 0.63472 0.104152 0.0776719 0.680408 0.133696
0.538067 0.790309 0 0.744366 0.932293 0.0944173
0.0419724 0.960419 0.0646353 0.968639 0.997243 0.165776
0 0.96097 0.0852011 1 1 0.180783
end
gesture g6 hands 2
0.669561 0.0675465 0.991783 0.346974 0.00549475 0.994975
0.693897 0.0756517 0.957366 0.345279 0.0112828 0.984223
0.380208 0.206937 0.83628 0.524801 0.0429716 0.938897
0.025389 0.46445 0.449277 0.825132 0.205529 0.773943
0.0772641 0.550033 0.339906 0.901433 0.564915 0.344713
0.301698 0.729217 0.156728 0.552845 0.819916 0.0729382
0.875723 0.801459 0.070241 0.19461 0.848277 0.0483877
0.968485 0.788245 0.0745888 0.00556369 0.822793 0.0844975
0.695925 0.870324 0.00382707 0.16711 0.867833 0.0548703
0.156967 0.983256 0.0433995 0.596055 0.970398 0.0406294
0.00504329 0.948913 0.0911988 1 0.989997 0.141201
end
gesture g6 hands 2
0.664928 0.0478843 1 0.269002 0 0.972521
0.53831 0.0862827 0.934864 0.821518 0.24777 0.742197
0.159466 0.251298 0.803389 0.885817 0.335997 0.670718
0.0853809 0.576736 0.387349 0.920635 0.533825 0.466589
0.638686 0.703686 0.115735 0.767014 0.683734 0.265514
0.85483 0.644888 0.151004 0.326289 0.744239 0.114099
0.883026 0.631815 0.145131 0.132222 0.689567 0.147724
0.763533 0.700924 0.055474 0.128362 0.691216 0.128665
0.273749 0.937372 0.0150358 0.316418 0.771514 0.0868759
0.0534658 0.965386 0.0871902 0.898624 0.986576 0.152393
0 0.957546 0.141607 0.998143 0.991702 0.261579
end
gesture g6 hands 2
0.621112 0.0284828 0.991676 0.313638 0.00245776 0.958826
0.618724 0.0398763 0.99773 0.693099 0.144216 0.829895
0.427278 0.0977802 0.956444 0.808949 0.300681 0.679326
0.176071 0.389957 0.620215 0.759063 0.534603 0.407927
0.424899 0.571505 0.251584 0.579672 0.623637 0.254611
0.679204 0.590838 0.196984 0.22345 0.591263 0.209457
0.809471 0.575916 0.196171 0.175461 0.586603 0.196732
0.778647 0.58965 0.168479 0.262904 0.668989 0.139582
0.604252 0.704498 0.0500308 0.76156 0.959537 0.0735748
0.138335 0.934532 0.0302988 0.974103 1 0.171394
0 0.929257 0.1025 1 0.997402 0.194069
end
gesture g6 hands 2
0.548924 0.0438229 0.979477 0.345008 0.00210283 0.960339
0.492113 0.0450524 0.965682 0.397955 0.010031 0.949303
0.23471 0.215029 0.781086 0.611532 0.107899 0.814679
0.164161 0.338427 0.583879 0.754561 0.45247 0.415478
0.220999 0.467001 0.356013 0.714893 0.534356 0.304614
0.415651 0.560727 0.171392 0.515939 0.619635 0.149776
0.730525 0.52963 0.169252 0.227911 0.543567 0.155153
0.71357 0.542844 0.143127 0.256291 0.569188 0.139332
0.468916 0.726758 0.0103601 0.49536 0.766269 0.0691478
0.215928 0.872442 0.0113454 0.799804 0.923239 0.122806
0 0.94816 0.0995186 1 1 0.262836
end
gesture g6 hands 2
0.567929 0.0594076 0.967641 0.384971 0.0264465 0.957996
0.573901 0.0318312 0.984413 0.350376 0.0116446 0.999884
0.468015 0.0619221 0.966739 0.47531 0.0175852 0.948258
0.284483 0.196089 0.812588 0.737275 0.224685 0.707162
0.249205 0.335222 0.658552 0.752152 0.312126 0.608939
0.518739 0.504269 0.258391 0.481083 0.559738 0.206278
0.765882 0.534213 0.197551 0.269436 0.563619 0.178895
0.759837 0.569214 0.168715 0.218566 0.603745 0.164186
0.363646 0.826865 0 0.284446 0.652036 0.123955
0.105144 0.925186 0.0191563 0.790632 0.939681 0.0853517
0 0.929807 0.0635443 1 1 0.172093
end
gesture g6 hands 2
0.618271 0.0474025 1 0.321453 0 0.972823
0.377587 0.174067 0.859411 0.566995 0.122987 0.795208
0.340292 0.238344 0.787369 0.620563 0.18895 0.734469
0.371701 0.513119 0.359338 0.660645 0.369645 0.556795
0.625006 0.561243 0.127946 0.592338 0.529685 0.34664
0.747971 0.526124 0.144085 0.372001 0.606256 0.13765
0.704289 0.580014 0.0909197 0.268625 0.569841 0.151924
0.283376 0.84381 0.00568065 0.265498 0.588932 0.13698
0.170881 0.89639 0.0282285 0.726845 0.897548 0.0862907
0.0118257 0.94289 0.134297 0.946425 0.97385 0.179832
0 0.947881 0.16369 1 1 0.264226
end
gesture g6 hands 2
0.569547 0.048521 0.985195 0.354595 0.0140123 0.974519
0.201399 0.282631 0.708685 0.464995 0.0299447 0.934012
0.159046 0.343478 0.626761 0.673304 0.184106 0.725536
0.184347 0.467144 0.413116 0.761988 0.476092 0.342843
0.375044 0.5523 0.196572 0.569181 0.592586 0.146583
0.539613 0.571761 0.13655 0.278565 0.60821 0.0964174
0.793527 0.550588 0.128596 0.149235 0.580596 0.116813
0.835835 0.570778 0.116296 0.226559 0.663025 0.114654
0.383877 0.82647 0.00661872 0.764637 0.951341 0.100565
0.0318945 0.92282 0.0345707 0.981012 0.999247 0.165701
0 0.922907 0.0434904 1 1 0.17925
end
gesture g6 hands 2
0.559943 0.0285951 0.963658 0.365938 0.0313382 0.923885
0.463178 0.0343701 0.970295 0.346719 0.00353056 0.970135
0.237917 0.154823 0.824345 0.59228 0.0829449 0.852688
0.186014 0.322411 0.547084 0.712796 0.312874 0.465477
0.268978 0.489181 0.242566 0.630882 0.497999 0.186587
0.49645 0.573426 0.0679672 0.545659 0.56316 0.095954
0.705125 0.564951 0.0571528 0.247952 0.600663 0.0448157
0.659211 0.662584 0.0357316 0.319279 0.699992 0.0606075
0.452639 0.818816 0 0.549648 0.859908 0.076903
0.0625713 0.956142 0.138334 0.943999 0.993831 0.301188
0 0.952576 0.135964 1 0.98362 0.330461
end
gesture g6 hands 2
0.615601 0.038458 0.994009 0.333022 0.0180109 0.995504
0.248115 0.222405 0.778289 0.709792 0.186883 0.754146
0.211788 0.305148 0.664864 0.774002 0.366686 0.522627
0.265253 0.446571 0.439542 0.628235 0.520602 0.295454
0.500239 0.509989 0.252311 0.490415 0.559762 0.233748
0.738765 0.487335 0.220388 0.273471 0.51364 0.221237
0.761811 0.509175 0.205439 0.245424 0.523019 0.216626
0.376345 0.816782 0.021704 0.309867 0.580156 0.198476
0.232452 0.889694 0 0.503823 0.752927 0.131014
0.0323549 0.938872 0.0659931 0.800435 0.934954 0.0807924
0 0.932253 0.0833504 1 1 0.158328
end
gesture g6 hands 2
0.768786 0.0593908 0.935614 0.425857 0.012454 0.981854
0.684792 0.0415423 0.909735 0.630231 0.0086978 0.872373
0.178017 0.105857 0.672073 0.985147 0.208597 0.479016
0.00826479 0.205205 0.478323 0.984331 0.276049 0.3715
0.219221 0.400211 0.197345 0.74949 0.429781 0.150237
0.781467 0.451254 0.0827133 0.163643 0.475041 0.0606443
0.960903 0.445673 0.0708898 0.0105891 0.450773 0.0669185
0.923158 0.468718 0.0635084 0.124977 0.501301 0.0348073
0.452832 0.669833 0.0284138 0.648808 0.780982 0.00988088
0.00111997 0.943084 0.117101 0.905471 0.954893 0.0469623
0.0206013 0.930452 0.117189 0.99549 0.990124 0.0806867
end
gesture g6 hands 2
0.609491 0.0323578 0.976859 0.28233 0 0.998938
0.273569 0.113871 0.967576 0.364732 0.0184513 0.983861
0.120368 0.222118 0.870985 0.75964 0.163302 0.851257
0.0753532 0.297693 0.793228 0.84909 0.23317 0.781421
0.123442 0.446832 0.57292 0.873862 0.402111 0.567816
0.363121 0.549065 0.361197 0.547129 0.611808 0.281493
0.553386 0.571355 0.295031 0.23112 0.579438 0.286772
0.847459 0.550139 0.296821 0.200997 0.602783 0.235199
0.88784 0.533292 0.287629 0.469179 0.783301 0.0927045
0.105055 0.851619 0 0.892886 0.966116 0.0262053
0 0.884112 0.000306446 1 1 0.0311503
end
gesture g6 hands 2
0.719328 0.0186701 0.97005 0.164984 0.034435 0.995364
0.374119 0.129855 0.75359 0.559011 0.0702429 0.74172
0.17949 0.334307 0.542639 0.705615 0.26736 0.518695
0.142514 0.4399 0.434077 0.720127 0.394911 0.413035
0.240715 0.647857 0.268217 0.61909 0.614701 0.246207
0.352829 0.711488 0.214753 0.412791 0.739567 0.164328
0.575124 0.74435 0.157321 0.24344 0.781863 0.112766
0.663777 0.746174 0.101456 0.345191 0.834418 0.0435914
0.629442 0.767461 0.0793099 0.822318 0.975609 0.0382217
0.242748 0.92906 0.0468899 0.989184 0.990294 0.154022
0 0.987504 0.133607 1 0.991121 0.170498
end
gesture g6 hands 2
0.74079 0.0130798 0.952495 0.198447 0.0250418 0.993336
0.681113 0.0227336 0.923145 0.542949 0.0431361 0.79872
0.442622 0.118105 0.771963 0.751703 0.244037 0.562903
0.226511 0.300302 0.549804 0.780848 0.359212 0.457684
0.16937 0.39828 0.436935 0.667217 0.597893 0.300067
0.17411 0.491284 0.34859 0.566868 0.660121 0.26077
0.37564 0.617505 0.222621 0.234659 0.727339 0.208504
0.695067 0.648933 0.212214 0.256452 0.736717 0.174
0.70177 0.665989 0.199706 0.694929 0.887974 0.003086
0.0864169 0.989466 0.116154 0.993642 0.935642 0.0593893
0 0.995701 0.144354 1 0.932745 0.0803362
end
gesture g6 hands 2
0.719243 0 0.96414 0.181199 0.0312298 0.993679
0.420814 0.0968235 0.75571 0.522914 0.041244 0.742269
0.190729 0.260933 0.52732 0.735211 0.208619 0.510202
0.125963 0.369763 0.431917 0.750569 0.447306 0.332313
0.202709 0.562312 0.266258 0.603424 0.619493 0.207536
0.418797 0.680391 0.165014 0.406019 0.692635 0.145011
0.594199 0.692789 0.124785 0.299968 0.710845 0.126699
0.594111 0.716064 0.0816349 0.379422 0.781125 0.0534905
0.422508 0.802235 0.0515047 0.864734 0.982921 0.0326027
0.0122677 0.998228 0.123376 0.988781 0.996873 0.108938
0 0.993322 0.129457 1 0.99385 0.116565
end
gesture g6 hands 2
0.707396 0.00636167 0.983115 0.168236 0.0231789 0.996743
0.621452 0.0107795 0.894501 0.529529 0.0414752 0.711392
0.37281 0.100422 0.698341 0.685764 0.235178 0.455421
0.17807 0.274766 0.440572 0.673678 0.413251 0.30462
0.17971 0.446187 0.281799 0.608171 0.50712 0.213461
0.252197 0.540964 0.202684 0.279921 0.682941 0.0923117
0.491161 0.634013 0.115358 0.273505 0.711744 0.0680211
0.650546 0.657075 0.0709492 0.459303 0.795533 0.00624168
0.22438 0.906722 0.070135 0.74322 0.907661 0.0108895
0.0143972 0.997598 0.163567 0.979791 0.976487 0.143099
0 1 0.172693 1 0.981897 0.151716
end
gesture g6 hands 2
0.693133 0.0425637 0.980483 0.157971 0.0274865 0.944327
0.711007 0.00934298 0.995276 0.479354 0.0890487 0.843076
0.233896 0.254061 0.706378 0.680192 0.238617 0.732812
0.115331 0.418091 0.524822 0.708819 0.546278 0.372248
0.186516 0.559073 0.349171 0.570246 0.617809 0.229508
0.618323 0.654752 0.191047 0.259657 0.694644 0.141309
0.734539 0.674786 0.155557 0.33314 0.747021 0.089193
0.651977 0.721665 0.082617 0.543626 0.824042 0.00497241
0.231218 0.928401 0.0169187 0.781905 0.928652 0.0306115
0.0357332 0.974172 0.09424 0.87415 0.957532 0.0816101
0 0.960904 0.118014 1 1 0.197094
end
gesture g6 hands 2
0.682296 0.000670912 0.997062 0.135679 0.00449258 0.9622
0.630677 0.023943 0.968439 0.615669 0.325139 0.73266
0.431623 0.159332 0.8866 0.6783 0.412854 0.640091
0.167903 0.423902 0.652733 0.690802 0.577371 0.452246
0.156801 0.570889 0.44772 0.401807 0.753643 0.19098
0.308948 0.679692 0.291766 0.166936 0.763806 0.126142
0.681263 0.751942 0.143504 0.273487 0.803476 0.0711402
0.70918 0.776987 0.102964 0.536017 0.879437 0
0.21911 0.965131 0.0509361 0.795788 0.946007 0.070678
0.0268766 0.997685 0.128978 0.994093 0.980924 0.249017
0.00015191 0.976991 0.147498 0.995686 0.972699 0.242447
end
gesture g6 hands 2
0.652703 0 0.995577 0.16508 0.0240662 0.950338
0.146857 0.317303 0.681818 0.608289 0.210559 0.778874
0.0880971 0.403613 0.569971 0.755519 0.406067 0.618706
0.113356 0.580351 0.38206 0.750597 0.583192 0.437922
0.272912 0.701435 0.224743 0.619432 0.708362 0.253703
0.583802 0.737726 0.130184 0.268055 0.748825 0.132462
0.657782 0.745727 0.10087 0.234217 0.750683 0.106072
0.613314 0.770095 0.067754 0.637255 0.886349 0
0.216227 0.928563 0.0203117 0.863269 0.95415 0.074528
0.0638782 0.987156 0.0610665 0.986586 0.966957 0.162873
0 1 0.0949121 1 0.962328 0.18188
end
gesture g6 hands 2
0.680934 0.0240917 0.99929 0.164411 0.00833662 0.956276
0.24394 0.203384 0.790572 0.6503 0.215581 0.776664
0.0849014 0.404105 0.622001 0.800031 0.442487 0.611713
0.125565 0.60398 0.419921 0.753346 0.652936 0.421169
0.319417 0.737559 0.261359 0.594038 0.766102 0.256254
0.557616 0.774006 0.175885 0.378232 0.805 0.176529
0.692561 0.784005 0.144151 0.244239 0.780985 0.158604
0.652602 0.82328 0.0767787 0.269641 0.813849 0.110755
0.481156 0.901658 0.00809314 0.347271 0.846663 0.0591083
0.107261 1 0.042489 0.599105 0.923499 0.0263453
0 0.975073 0.0974734 1 0.992734 0.212913
end
gesture g6 hands 2
0.691977 0.00236604 0.994611 0.181014 0.0103168 0.985537
0.666755 0.0444569 0.970938 0.292967 0.0397306 0.94464
0.388331 0.190326 0.860183 0.53338 0.156169 0.851827
0.178361 0.339967 0.69649 0.633277 0.243508 0.791009
0.121892 0.428071 0.589078 0.768178 0.412701 0.593819
0.153124 0.584044 0.375618 0.770343 0.497955 0.490909
0.346041 0.688186 0.222533 0.495598 0.72265 0.200873
0.670996 0.720767 0.133574 0.274868 0.766511 0.0901525
0.589585 0.785183 0.0459119 0.382969 0.804039 0.0198861
0.14469 0.935579 0.0522223 0.925433 0.976942 0.104376
0 0.98471 0.132346 1 1 0.174131
end
gesture g6 hands 2
0.690098 0.0140657 0.990748 0.114661 0.0052094 0.951408
0.62853 0.0294595 0.96263 0.451958 0.125429 0.834241
0.423649 0.128022 0.85222 0.632496 0.300427 0.687556
0.159744 0.419415 0.542314 0.702402 0.416613 0.567256
0.207129 0.585467 0.330665 0.667321 0.583512 0.340169
0.288857 0.647574 0.238902 0.329776 0.698198 0.115951
0.695507 0.668664 0.127661 0.217676 0.675777 0.107118
0.68682 0.695364 0.0615279 0.578305 0.897539 0.00652198
0.493589 0.802025 0.00143441 0.90121 0.998672 0.124897
0.0937403 0.999376 0.076438 0.995339 0.956412 0.219039
0 0.977233 0.127661 1 0.953508 0.224436
end
gesture g6 hands 2
0.701157 0.0189975 0.990896 0.159517 0.0463174 0.953508
0.609919 0.0478741 0.933068 0.463158 0.110266 0.815597
0.291902 0.277065 0.685097 0.616117 0.241957 0.69104
0.205824 0.425797 0.507835 0.646591 0.518665 0.453523
0.290405 0.55914 0.360651 0.335472 0.66481 0.249725
0.482547 0.644305 0.270756 0.239161 0.707637 0.162797
0.644909 0.701819 0.150885 0.276427 0.737983 0.0971123
0.560419 0.799798 0.052123 0.46789 0.840242 0
0.371141 0.910592 0.0416026 0.601765 0.885203 0.00681127
0.0396037 0.983484 0.193877 0.986335 0.953115 0.296324
0 1 0.236396 1 0.950466 0.318714
end
gesture g6 hands 2
0.723002 0 1 0.191097 0.0594601 0.960039
0.30141 0.302355 0.698084 0.332542 0.049416 0.92059
0.152588 0.466055 0.489168 0.575707 0.147756 0.800201
0.150233 0.534692 0.393171 0.757274 0.323896 0.624669
0.292342 0.665958 0.249687 0.794697 0.42768 0.53047
0.525263 0.724162 0.164478 0.670028 0.686068 0.286195
0.625544 0.737896 0.155629 0.3855 0.761473 0.154273
0.675399 0.770569 0.105075 0.310371 0.785871 0.109078
0.532492 0.822702 0.0340379 0.350395 0.802126 0.0666302
0.18952 0.951219 0.0690804 0.554024 0.860353 0.000775594
0 0.997155 0.185877 1 0.978415 0.212055
end
gesture g6 hands 2
0.724598 0.0363925 0.97228 0.0919734 0.0282675 0.944364
0.665264 0.0246799 0.97228 0.176653 0.00391007 0.932419
0.456922 0.114119 0.853357 0.419078 0.0715159 0.830816
0.151873 0.359307 0.598223 0.681933 0.362995 0.580494
0.146707 0.551531 0.389289 0.558988 0.686566 0.235176
0.299141 0.688057 0.244121 0.27417 0.729381 0.172605
0.70935 0.695029 0.159171 0.202298 0.734897 0.147098
0.719473 0.700411 0.131697 0.334309 0.790892 0.0550865
0.486356 0.824639 0.0251409 0.621265 0.89491 0
0.0405998 0.997008 0.100534 0.920859 0.99353 0.139685
0.00150583 0.975689 0.118663 1 0.981584 0.209705
end
gesture g6 hands 2
0.709904 0.0142466 1 0.15691 0.00175172 0.99009
0.277928 0.293082 0.748086 0.463207 0.0898219 0.86173
0.165563 0.465493 0.571216 0.642009 0.253588 0.72826
0.256041 0.620021 0.407354 0.695446 0.352234 0.646849
0.358114 0.658907 0.339164 0.690494 0.510391 0.47757
0.715742 0.67171 0.213376 0.485952 0.666111 0.296048
0.718266 0.703258 0.167834 0.254811 0.735493 0.183328
0.617934 0.783805 0.0482895 0.354137 0.810959 0.0599869
0.413151 0.889316 0.0171636 0.569022 0.906239 0
0.187303 0.945826 0.0707539 0.982571 0.994235 0.224033
0 0.939806 0.18531 1 0.997491 0.250109
end
gesture g6 hands 2
0.697743 0.00539351 0.986064 0.136221 0.0719136 0.919632
0.600041 0.0337001 0.959215 0.455705 0.118275 0.855575
0.243058 0.248991 0.718285 0.645879 0.249004 0.75189
0.173602 0.336984 0.633 0.739813 0.482237 0.492662
0.12444 0.486248 0.42662 0.629899 0.619135 0.322229
0.251136 0.605111 0.275063 0.540172 0.656304 0.255343
0.671548 0.70619 0.155058 0.242867 0.750625 0.0715534
0.700174 0.731907 0.126198 0.326406 0.792733 0.0294732
0.627695 0.837664 0.0482713 0.570153 0.862306 0.00654205
0.192072 0.99488 0.051372 0.902435 0.907752 0.161472
0 0.976149 0.165382 1 0.909005 0.274117
end
gesture g6 hands 2
0.739076 0.0377695 0.957635 0.379734 0.00976484 0.993621
0.586306 0 0.972555 0.523147 0.012695 0.971961
0.346414 0.0465911 0.882707 0.747813 0.106437 0.838182
0.212972 0.187214 0.645159 0.823221 0.26264 0.614047
0.297653 0.361685 0.430126 0.701304 0.384808 0.418899
0.546552 0.477263 0.280567 0.464017 0.435254 0.298766
0.733508 0.455498 0.227237 0.272352 0.412395 0.267241
0.821726 0.48475 0.20103 0.398065 0.543713 0.164098
0.704223 0.567769 0.163832 0.727798 0.801946 0.0682518
0.0940701 0.922592 0.110266 0.947938 0.94673 0.0280979
0 0.984826 0.141437 1 0.9987 0.00886368
end
gesture g6 hands 2
0.778788 0.0333707 0.960923 0.264256 0.0480208 0.999025
0.523103 0.0107687 0.905237 0.771749 0.0710196 0.737861
0.287193 0.059814 0.736563 0.925629 0.191979 0.485244
0.159929 0.163766 0.515382 0.900793 0.265168 0.37855
0.184032 0.243777 0.398247 0.620833 0.388481 0.231708
0.457026 0.410016 0.222866 0.337648 0.409711 0.17399
0.861347 0.436653 0.189148 0.317832 0.389221 0.183401
0.750481 0.506828 0.139087 0.419473 0.491726 0.150908
0.354002 0.73591 0.0273555 0.755655 0.774802 0.0287894
0.0573489 0.89991 0.0674212 0.902823 0.896241 0
0 0.921715 0.0927567 1 1 0.0290122
end
gesture g6 hands 2
0.623664 0.0306774 1 0.373985 0.0166567 0.952882
0.555277 0.00808411 0.932387 0.725158 0.0844918 0.749931
0.345249 0.0202052 0.773188 0.911869 0.2754 0.517469
0.140576 0.14698 0.532933 0.859554 0.355763 0.407046
0.15918 0.272047 0.413263 0.723105 0.423835 0.318284
0.390213 0.457889 0.220814 0.460614 0.479728 0.190081
0.790073 0.502738 0.141529 0.289119 0.457911 0.169018
0.647537 0.590515 0.103656 0.325367 0.481893 0.175268
0.457715 0.696799 0.0374423 0.415 0.545996 0.1463
0.128134 0.933284 0.00958679 0.74156 0.807432 0.052486
0 0.998379 0.0213455 1 1 0
end
gesture g6 hands 2
0.575842 0.0678693 0.99414 0.31635 0.0309022 0.908468
0.305665 0.0167545 0.881864 0.397738 0.00646074 0.910176
0.240229 0.109685 0.636495 0.613832 0.0219208 0.838682
0.34478 0.315879 0.368482 0.755881 0.180189 0.648376
0.477315 0.40655 0.269279 0.654716 0.356618 0.410956
0.730377 0.485675 0.186596 0.421034 0.445003 0.238847
0.86464 0.471259 0.180766 0.313734 0.454167 0.186286
0.77107 0.515731 0.126263 0.258251 0.402772 0.16432
0.43856 0.729743 0.0123963 0.499387 0.594773 0.134433
0.0996167 0.899258 0.0323607 0.843175 0.902663 0.0535161
0 0.917647 0.069079 1 1 0.0676208
end
gesture g6 hands 2
0.691978 0.0911314 0.980607 0.266651 0.0564702 0.969503
0.366709 0.0137217 0.88804 0.661452 0.0735695 0.862628
0.158261 0.152262 0.610107 0.907831 0.219998 0.590471
0.20182 0.469233 0.336111 0.89772 0.343915 0.453027
0.563996 0.64753 0.21467 0.634413 0.569477 0.268409
0.767401 0.574223 0.192634 0.445563 0.605307 0.232094
0.877687 0.585781 0.172696 0.183583 0.521105 0.201899
0.81681 0.613342 0.146178 0.180798 0.527202 0.199342
0.52748 0.743295 0.0285578 0.301997 0.576395 0.181817
0.170218 0.904795 0.0138765 0.984325 0.983481 0.0110466
0 0.97852 0.0669409 1 1 0.0147815
end
gesture g6 hands 2
0.707566 0.0543957 0.935157 0.343312 0.0287663 0.995707
0.653691 0.0179304 0.941073 0.563606 0.0173278 0.935763
0.454094 0.000585065 0.8751 0.766784 0.0814643 0.787162
0.271092 0.106274 0.694564 0.830201 0.285414 0.513711
0.24813 0.223116 0.562507 0.59921 0.48831 0.293165
0.427326 0.51506 0.325335 0.258333 0.528101 0.235631
0.764353 0.600246 0.240576 0.288393 0.562846 0.214967
0.799449 0.586636 0.177603 0.520581 0.632652 0.192958
0.626768 0.614456 0.165575 0.814023 0.827626 0.091179
0.00069685 0.921402 0.119201 0.941254 0.922775 0.0350473
0 0.91828 0.119004 0.998913 1 0
end
gesture g6 hands 2
0.488735 0 1 0.392262 0.00505039 0.909701
0.368772 0.0102477 0.942682 0.602643 0.0224058 0.869795
0.0955999 0.0376884 0.754894 0.89463 0.122564 0.709075
0.000906648 0.199119 0.499572 0.995643 0.299475 0.468972
0.171788 0.449334 0.253851 0.915307 0.432541 0.359338
0.615075 0.621879 0.123221 0.59982 0.57455 0.199687
0.779044 0.642073 0.121402 0.218897 0.561001 0.144322
0.980302 0.596491 0.116133 0.0351374 0.521158 0.136405
0.91769 0.625444 0.0910183 0.135126 0.566542 0.120731
0.612742 0.802506 0.0208086 0.853334 0.974017 0.0368273
0.0828456 0.951573 0.0377124 0.973229 1 0.0399837
end
gesture g6 hands 2
0.678596 0.160152 0.9897 0.271236 0.0574228 0.958362
0.20498 0.0658247 0.804205 0.740847 0.0392146 0.815374
0.113557 0.119855 0.712658 0.967022 0.190444 0.61721
0.0731385 0.290299 0.45968 0.985815 0.285941 0.503481
0.265727 0.449551 0.207918 0.838542 0.443241 0.277667
0.622957 0.555104 0.0883869 0.549082 0.521866 0.146043
0.845861 0.556889 0.0682423 0.094321 0.526126 0.0971548
0.833636 0.488682 0.0851969 0.0267024 0.453902 0.141334
0.756767 0.54061 0.0628342 0.156771 0.536853 0.113927
0.121836 0.886186 0.0293507 0.912688 0.992203 0.0704169
0 0.910954 0.0631074 1 0.981028 0.103232
end
gesture g6 hands 2
0.596696 0.116474 0.987588 0.396596 0.0533819 0.997579
0.419881 0.0301778 0.86323 0.453877 0.00358314 0.940891
0.182403 0.0420271 0.681483 0.657016 0.0359946 0.860137
0.0139409 0.178126 0.464047 0.916121 0.136516 0.669951
0.00737589 0.300125 0.360689 1 0.327002 0.426961
0.23419 0.554055 0.179614 0.955252 0.436984 0.326289
0.439011 0.603433 0.122663 0.711281 0.583759 0.183181
0.718909 0.606792 0.0951227 0.414367 0.611505 0.121032
0.844013 0.539894 0.083382 0.210379 0.502988 0.101463
0.700991 0.646233 0.044597 0.364183 0.66279 0.0627074
0.332723 0.849646 0.00449769 0.722841 1 0.0199796
end
gesture g6 hands 2
0.552336 0.0878024 0.994694 0.364807 0.0338557 0.941894
0.431345 0.0288801 0.961449 0.510716 0.000929018 0.910897
0.166805 0.017808 0.794737 0.834111 0.0451167 0.7532
0.00924252 0.189268 0.539092 0.954004 0.259408 0.489623
0.0352235 0.294548 0.405923 0.886696 0.370161 0.379872
0.34643 0.488918 0.220856 0.573715 0.494918 0.230865
0.870041 0.549021 0.143077 0.0766702 0.501884 0.175529
0.949311 0.498954 0.14462 0.0256049 0.43569 0.19272
0.868963 0.524565 0.103497 0.2038 0.563154 0.126068
0.277935 0.851222 0.00917754 0.624465 0.841032 0.0488846
0 0.921182 0.0713899 1 0.991491 0.0787184
end
gesture g6 hands 2
0.673361 0.00777288 0.996209 0.310315 0.00458461 0.989545
0.130898 0.079111 0.745268 0.737561 0.0332292 0.841612
0 0.234608 0.513689 0.980113 0.155372 0.593
0.0613507 0.358027 0.391319 0.989549 0.25322 0.46619
0.380648 0.483081 0.196486 0.897478 0.352944 0.361556
0.870568 0.432384 0.13878 0.565679 0.44467 0.21552
0.920274 0.448861 0.11449 0.222662 0.432189 0.168646
0.785872 0.593171 0.0430827 0.110428 0.401952 0.149636
0.437867 0.807534 0.00251835 0.252202 0.592399 0.0717298
0.130898 0.890744 0.0695394 0.648383 0.869231 0.0218771
0.0884885 0.893973 0.0841079 0.911339 1 0.0393431
end
gesture g6 hands 2
0.644056 0.107633 0.998242 0.286814 0.0780709 0.971167
0.209943 0.0333536 0.777049 0.529484 0 0.904576
0.0729255 0.0700449 0.632278 0.806748 0.0853593 0.744758
0 0.172697 0.484358 0.964349 0.290292 0.434905
0.227299 0.441179 0.21771 0.714971 0.469273 0.23348
0.472553 0.524607 0.150705 0.364912 0.502418 0.163249
0.819518 0.515706 0.117848 0.237437 0.492272 0.131398
0.80344 0.590773 0.0802705 0.285742 0.551342 0.117719
0.682148 0.670049 0.0380704 0.438467 0.66698 0.0881659
0.322609 0.847534 0.00402642 0.833286 0.905988 0.0524185
0.0846934 0.925633 0.0678015 1 1 0.0767835
end
gesture g6 hands 2
0.643528 0.148335 0.996985 0.294695 0.0773183 0.991125
0.653079 0.100473 0.971143 0.482143 0.00775227 0.889237
0.521844 0.0431552 0.887721 0.796952 0.0981308 0.727024
0.0215518 0.130205 0.515273 0.942426 0.164952 0.599214
0.0958253 0.327434 0.283017 0.968195 0.3309 0.358291
0.264199 0.413527 0.18008 0.709035 0.489771 0.191151
0.642824 0.496916 0.104625 0.38577 0.528709 0.134836
0.81177 0.52809 0.0964152 0.246386 0.494248 0.12808
0.578518 0.669181 0.0230883 0.38403 0.57079 0.0934353
0.103467 0.917554 0.0416892 0.718264 0.809019 0.00917929
0.0528625 0.931529 0.0608285 0.938142 1 0.0249268
end
gesture g6 hands 2
0.745459 0.0533732 1 0.375595 0.00873361 0.995519
0.386629 0.0676383 0.793568 0.662703 0.0300477 0.822695
0.250764 0.107086 0.71921 0.814297 0.0648097 0.748781
0.0101704 0.345553 0.313184 0.985379 0.17426 0.525918
0.0775539 0.402954 0.223446 0.961465 0.301906 0.308517
0.740813 0.499066 0.0368754 0.57295 0.46875 0.090088
0.892625 0.488057 0.0446706 0.216194 0.505831 0.0554065
0.809995 0.52798 0.0217518 0.103423 0.530144 0.0592807
0.275218 0.778068 0.0150302 0.313311 0.650313 0.0221953
0.0618452 0.93146 0.103111 0.836186 0.94639 0.0164773
0.051246 0.936902 0.113334 0.915632 1 0.0524191
end
gesture g6 hands 2
0.567171 0.0799524 0.998794 0.371988 0.0750536 0.946137
0.300387 0.0830106 0.827344 0.506208 0 0.925277
0.036202 0.1298 0.569033 0.870206 0.0982208 0.712766
0.00245478 0.205074 0.436779 0.992592 0.282026 0.403856
0.0765241 0.320639 0.311844 0.759683 0.463716 0.245151
0.452706 0.495471 0.175863 0.27992 0.473288 0.179341
0.814645 0.493732 0.16838 0.26004 0.480592 0.157139
0.892768 0.483191 0.138503 0.338486 0.547256 0.116545
0.644052 0.602674 0.0424855 0.791534 0.822919 0.0203355
0.214374 0.849364 0.00556423 0.973332 0.963247 0.0424554
0.162513 0.88116 0.0144177 0.999464 1 0.0411397
end
gesture g6 hands 2
0.576253 0.0922807 0.99462 0.300291 0.0174347 0.94382
0.15346 0.101026 0.716423 0.424245 0.00337245 0.882822
0 0.206586 0.449761 0.822017 0.134429 0.732188
0.201683 0.385064 0.217226 0.939113 0.237349 0.597666
0.579282 0.474473 0.141133 0.904663 0.414459 0.342647
0.868084 0.401927 0.185456 0.458447 0.444915 0.167228
0.88792 0.417681 0.140383 0.180443 0.316153 0.162143
0.795743 0.492309 0.0870938 0.300783 0.437858 0.0942401
0.370947 0.690044 0 0.712083 0.802269 0.0561533
0.117847 0.793717 0.0366147 0.983167 0.989548 0.0667791
0.0851198 0.793743 0.0417269 1 1 0.0660297
end
gesture g6 hands 2
0.655205 0.0381783 0.983741 0.384957 0.0175552 0.945708
0.69243 0.0343202 0.991267 0.356998 0.0114194 0.969561
0.492289 0.059369 0.868746 0.542736 0.0182688 0.87547
0.147937 0.187402 0.596948 0.956554 0.261241 0.504355
0.0438013 0.326743 0.36417 0.913727 0.423788 0.290113
0.299769 0.545769 0.119966 0.818133 0.492971 0.202525
0.881152 0.582234 0.0787151 0.272033 0.597948 0.0625145
0.782649 0.616343 0.0526316 0.155514 0.581511 0.0584266
0.561385 0.700587 0.0148651 0.735032 0.887684 0.0241673
0.0795577 0.903781 0.0285456 0.955559 0.981195 0.0449784
0 0.923315 0.0548381 1 1 0.0649998
end
gesture g6 hands 2
0.567213 0.0996376 0.994219 0.263548 0.0420709 0.964917
0.432177 0.0436187 0.920083 0.477923 0.000800264 0.924614
0.182247 0.0104959 0.75912 0.813563 0.0999206 0.773175
0 0.120636 0.502905 0.933982 0.191261 0.63809
0.0815143 0.236806 0.369609 0.955837 0.272924 0.507436
0.425168 0.412204 0.188933 0.733272 0.375292 0.297085
0.784193 0.414466 0.1502 0.392412 0.376744 0.204779
0.752318 0.446927 0.0965451 0.169413 0.361641 0.174249
0.409329 0.596259 0.00847901 0.26573 0.419962 0.132047
0.0973126 0.788314 0.0215829 0.644236 0.700978 0.0263069
0.0177964 0.830381 0.0487818 0.851759 0.859832 0.00406331
0.0 0.0 0.0 1 1 0.0323083
end
gesture g6 hands 2
0.512769 0.140724 0.98244 0.312508 0.115559 0.959262
0.412836 0.0744948 0.915127 0.332885 0 0.954327
0.125266 0.0541491 0.696402 0.629579 0.0413606 0.833817
0.0518473 0.132689 0.552823 0.823218 0.240278 0.536045
0.20209 0.328518 0.269912 0.642434 0.400041 0.301022
0.553262 0.404805 0.180104 0.253868 0.343053 0.194026
0.781659 0.363173 0.138127 0.161294 0.307204 0.166912
0.773876 0.386832 0.11523 0.329595 0.452638 0.0880064
0.508011 0.549418 0.0196832 0.778866 0.82508 0.0357856
0.0401316 0.804416 0.0284632 0.996073 0.97867 0.0412372
0 0.80904 0.0395099 0.99807 1 0.040606
end
gesture g6 hands 2
0.569304 0.118283 0.890151 0.401724 0.0128573 0.943078
0.553899 0.0892013 0.892276 0.391113 0.00128163 0.985821
0.174684 0.184333 0.590424 0.472167 0.0076824 0.922443
0.116349 0.287502 0.380615 0.806653 0.151979 0.534065
0.135211 0.340555 0.292126 0.789106 0.298017 0.333409
0.314565 0.407732 0.149598 0.607888 0.40301 0.191616
0.728118 0.457963 0.0603541 0.263422 0.442814 0.105947
0.789368 0.459612 0.0600476 0.128546 0.407 0.109522
0.707319 0.502712 0.0335482 0.251335 0.483013 0.0791202
0.187402 0.842042 0.0238842 0.788335 0.877896 0.095404
0 0.948124 0.058883 1 1 0.147178
end
gesture g6 hands 2
0.58063 0.165631 0.975285 0.391003 0.118513 0.988949
0.567429 0.0958666 0.974895 0.52334 0.00957977 0.936482
0.339669 0.00691404 0.88697 0.82381 0.0814522 0.773718
0.0567376 0.115927 0.541467 0.910004 0.208995 0.51186
0.111909 0.222208 0.417605 0.743447 0.324629 0.334183
0.422221 0.386147 0.242683 0.241728 0.308593 0.213315
0.834527 0.377807 0.186442 0.142854 0.28371 0.215801
0.935617 0.365673 0.183297 0.329639 0.514382 0.135572
0.892671 0.417265 0.172637 0.730352 0.803578 0.0262338
0.193023 0.779536 0.0461697 0.988703 0.970287 0.00769645
0 0.871427 0.0947736 1 1 0.0112302
end
gesture g6 hands 2
0.625308 0.114566 0.995386 0.397997 0.0347957 0.960594
0.563518 0.0762272 0.97693 0.602772 0.0455674 0.882266
0.326475 0.118464 0.878581 0.849763 0.245626 0.663735
0.00267288 0.205961 0.580676 0.847573 0.41944 0.414359
0.171772 0.377581 0.351899 0.732113 0.479321 0.347127
0.532578 0.474103 0.23979 0.420117 0.488304 0.276269
0.813166 0.474004 0.219165 0.190546 0.425402 0.260065
0.878387 0.463055 0.196452 0.173492 0.414649 0.262785
0.627547 0.609565 0.0791519 0.291653 0.497671 0.185828
0.249849 0.795379 0.00010988 0.697727 0.803905 0.0630634
0.00358423 0.877355 0.0493258 1 1 0.0399687
end
gesture g6 hands 2
0.552487 0.0948311 0.997121 0.294395 0.0543081 0.93319
0.354858 0.0909156 0.830626 0.372481 0.00340944 0.913852
0.258681 0.0785773 0.725327 0.613318 0.0466001 0.808432
0.15422 0.16423 0.43074 0.776764 0.121748 0.549642
0.308595 0.311725 0.184954 0.778655 0.180228 0.405182
0.592678 0.375742 0.0918708 0.367785 0.350594 0.133602
0.814933 0.3552 0.0837779 0.1905 0.308528 0.127661
0.698583 0.444809 0.0452837 0.32998 0.43243 0.106837
0.402149 0.652703 0 0.701137 0.773623 0.0483996
0.0211884 0.839545 0.0637427 0.971459 0.962 0.0265155
0 0.843833 0.0847175 0.999563 0.996649 0.0522793
end
gesture g6 hands 2
0.602134 0.0591734 0.985491 0.333127 0.0206664 0.995678
0.435544 0.0286465 0.904291 0.61781 0.00645606 0.904061
0.176098 0.155343 0.707344 0.898257 0.144491 0.69185
0.119966 0.265562 0.580739 0.91696 0.27533 0.559592
0.158233 0.38357 0.460892 0.844731 0.40407 0.444399
0.430435 0.57884 0.289571 0.524181 0.607751 0.27643
0.744266 0.564697 0.219729 0.305221 0.603325 0.226619
0.86488 0.638843 0.16241 0.25047 0.571586 0.213903
0.791371 0.708228 0.11509 0.325543 0.708633 0.128241
0.387029 0.866102 0.00438555 0.731907 0.892939 0.0428856
0 0.984414 0.0286265 1 1 0
end
gesture g6 hands 2
0.675685 0.0909538 0.944928 0.375674 0.0789379 0.957415
0.574602 0.0533595 0.99634 0.615497 0.00169773 0.942491
0.380944 0.0584141 0.853114 0.823659 0.125516 0.71145
0.292103 0.111312 0.703446 0.820742 0.249704 0.551342
0.377184 0.347933 0.413588 0.717674 0.364922 0.427806
0.631108 0.499526 0.237477 0.493042 0.495656 0.266336
0.767236 0.515702 0.179001 0.343684 0.518925 0.218215
0.722491 0.521943 0.154912 0.392438 0.509564 0.178068
0.638445 0.595569 0.123815 0.492645 0.599499 0.134402
0.316641 0.810655 0.0621338 0.784585 0.861593 0.035154
0 0.952251 0.130795 1 1 0.000907932
end
gesture g6 hands 2
0.505125 0.0744863 1 0.298655 0.0511789 0.979858
0.18908 0.0362562 0.847108 0.56244 0.0197424 0.93736
0.0755659 0.117678 0.702542 0.722815 0.0818236 0.84739
0.0799985 0.230312 0.552835 0.806676 0.317457 0.561444
0.306014 0.450762 0.318886 0.581812 0.465542 0.345629
0.781344 0.490804 0.212152 0.301116 0.472129 0.243198
0.785771 0.484864 0.213326 0.180846 0.466879 0.226042
0.58277 0.603834 0.160378 0.210448 0.465392 0.220063
0.220777 0.862032 0.0441438 0.303559 0.509356 0.208104
0.0575375 0.953201 0.0397291 0.957975 0.973695 0.00421909
0 0.982 0.0420202 1 1 0
end
gesture g6 hands 2
0.669121 0.0817317 0.965909 0.361158 0.0169814 1
0.610184 0.047958 0.94263 0.404328 0 0.960995
0.474166 0.0865696 0.866607 0.625523 0.0946478 0.916155
0.237556 0.30792 0.606773 0.766321 0.344106 0.636725
0.413161 0.457422 0.443904 0.601281 0.485083 0.454943
0.753715 0.513034 0.376322 0.0421035 0.509824 0.32245
0.95858 0.520279 0.342697 0.0270938 0.540281 0.272954
0.969802 0.526162 0.295767 0.201694 0.629548 0.181989
0.780469 0.614288 0.20501 0.714754 0.836727 0.0198647
0.092288 0.900145 0.0331389 0.92521 0.9816 0.00362116
0.0459342 0.935822 0.0343597 0.911206 0.965089 0.00852528
end
gesture g6 hands 2
0.646057 0.0208793 0.975474 0.352966 0.0137577 0.991385
0.602207 0.0255003 0.958703 0.406647 0.00887106 0.978399
0.41031 0.0975997 0.879158 0.56163 0.0989164 0.914914
0.232721 0.370881 0.608318 0.691991 0.362823 0.638451
0.402541 0.519473 0.486555 0.555153 0.51048 0.504516
0.689066 0.574719 0.419181 0.269993 0.563056 0.414683
0.945511 0.589086 0.396701 0.0489622 0.556603 0.374534
0.981461 0.574893 0.328929 0.0247332 0.577185 0.305466
0.484867 0.786103 0.115595 0.45658 0.784872 0.0981348
0.144005 0.951621 0.0221467 0.640512 0.878098 0.0299444
0.103603 0.979638 0.0333341 0.837725 0.999904 0.0134248
end
gesture g6 hands 2
0.640724 0.033258 0.983985 0.399232 0.0149089 0.998231
0.306554 0.161245 0.779676 0.608173 0.0947666 0.916734
0.297294 0.349737 0.603618 0.691129 0.19912 0.807934
0.47744 0.480607 0.497637 0.687655 0.372062 0.622287
0.776794 0.550236 0.420646 0.512778 0.50395 0.496244
0.982721 0.586471 0.36639 0.20372 0.541254 0.405633
0.91235 0.62454 0.276827 0.0239316 0.561065 0.350575
0.630225 0.726434 0.171588 0.0824041 0.627404 0.258523
0.24603 0.894594 0.0318005 0.562648 0.815928 0.0491945
0.135386 0.956561 0.0115548 0.745632 0.899407 0.00339484
0.0812925 0.977412 0.0247845 0.879013 1 0.0137646
end
gesture g6 hands 2
0.80273 0.01302 0.970834 0.299352 0.00483723 0.998764
0.49885 0.108552 0.858681 0.554999 0.133674 0.881421
0.411042 0.214517 0.699266 0.613078 0.247403 0.722104
0.430085 0.401465 0.473355 0.606164 0.404548 0.490186
0.578376 0.548689 0.355048 0.491777 0.511381 0.367231
0.975529 0.570541 0.275476 0.11157 0.517518 0.281628
0.918496 0.61441 0.23941 0.180699 0.559357 0.234166
0.577963 0.738071 0.135342 0.784771 0.823429 0.0358432
0.0792901 0.884858 0.0230657 0.96198 0.928523 0.0105799
0 0.914888 0.0397266 1 0.979963 0.00946755
0.0494829 0.939774 0.042421 0.968556 0.993755 0.00321353
end
gesture g6 hands 2
0.635901 0.0238978 0.973127 0.388885 0.0249222 0.990261
0.614609 0 0.973565 0.456492 0.00528115 0.99385
0.441104 0.0482233 0.90896 0.594287 0.0884721 0.938415
0.209153 0.303015 0.680238 0.749103 0.303031 0.705447
0.295463 0.448675 0.57022 0.653301 0.422026 0.590222
0.532444 0.555408 0.48872 0.117037 0.529146 0.436829
0.853551 0.567229 0.449042 0 0.526425 0.411289
1 0.551268 0.420744 0.235965 0.706421 0.213469
0.799212 0.726991 0.215286 0.675129 0.887264 0.0321931
0.297735 0.898238 0.056466 0.822363 0.948925 0.000634689
0.0745066 0.963076 0.0354343 0.866252 1 0.0054713
end
gesture g6 hands 2
0.669257 0.0641483 0.964473 0.343824 0 0.998703
0.318636 0.194526 0.828396 0.637096 0.161509 0.867992
0.288349 0.330271 0.694845 0.665076 0.294913 0.71716
0.376174 0.484708 0.529103 0.592725 0.465716 0.539546
0.560048 0.561116 0.44764 0.42975 0.556401 0.446459
0.97991 0.555295 0.397407 0.152076 0.580376 0.407359
0.953653 0.589806 0.328597 0.00918535 0.564088 0.393164
0.655134 0.722271 0.176782 0.0630687 0.592536 0.322297
0.166286 0.879596 0.0568675 0.542855 0.799007 0.067692
0.0661346 0.905492 0.037016 0.833246 0.948908 0.0046052
0.0879814 0.905568 0.0411741 0.822012 0.987368 0.0082491
end
gesture g6 hands 2
0.660594 0.0186263 0.989735 0.347945 0.000617151 0.994441
0.457755 0.069444 0.898721 0.561884 0.0594569 0.931011
0.253293 0.161806 0.784677 0.707506 0.174846 0.817533
0.259583 0.360085 0.611859 0.683528 0.357674 0.621663
0.532236 0.469732 0.520447 0.470111 0.442653 0.527105
0.855019 0.475604 0.488145 0.105581 0.447241 0.451027
1 0.482156 0.435622 0 0.464727 0.397329
0.865214 0.545404 0.312789 0.0998913 0.533812 0.30103
0.51605 0.682262 0.157023 0.44259 0.697683 0.133539
0.0754242 0.953817 0.00633465 0.866893 0.99098 0.012363
0.113988 0.987447 0.0041112 0.894676 1 0.0144396
end
gesture g6 hands 2
0.567234 0.0654397 0.994433 0.413574 0.086876 0.9837
0.527609 0.0133092 0.975477 0.441782 0.0243144 0.979802
0.24694 0.169095 0.809264 0.70639 0.195166 0.836079
0.252203 0.332519 0.668261 0.731938 0.329892 0.69951
0.450923 0.468088 0.556474 0.58304 0.430292 0.582838
0.948768 0.5254 0.504896 0.253259 0.503575 0.495062
0.974441 0.560608 0.444815 0.0311156 0.498123 0.481397
0.777313 0.642269 0.318935 0.046209 0.517326 0.424614
0.310308 0.87993 0.0703858 0.489026 0.75765 0.176602
0.176664 0.938336 0.0238417 0.678434 0.871527 0.0638936
0.133802 0.971292 0.012361 0.835057 0.985358 0.00801081
end
gesture g6 hands 2
0.640436 0.0573123 0.97059 0.369639 0.0146439 0.986594
0.336561 0.143327 0.820751 0.646839 0.165892 0.841898
0.287368 0.291675 0.683132 0.681155 0.33322 0.694256
0.395523 0.434323 0.551732 0.575359 0.465264 0.548571
0.734954 0.557874 0.455582 0.239705 0.563214 0.433346
0.963188 0.567152 0.449297 0.0424509 0.561488 0.409721
0.975057 0.607684 0.38574 0.0442968 0.580838 0.354009
0.515359 0.776575 0.128917 0.517578 0.786411 0.120768
0.304477 0.854727 0.0527007 0.720482 0.87896 0.0448154
0.126539 0.943771 0.00448328 0.863947 1 0.00995995
0.134932 0.936239 0.0189441 0.853587 0.989159 0.0163553
end
gesture g6 hands 2
0.776362 0.0466026 0.983516 0.315526 0.0212829 0.994536
0.585192 0.0494231 0.895533 0.338605 0.0109732 0.975345
0.39728 0.148319 0.797696 0.47769 0.0684689 0.923571
0.386821 0.315004 0.663045 0.585133 0.309858 0.671534
0.561898 0.446113 0.555869 0.434245 0.441799 0.548169
0.917417 0.517335 0.476619 0.0807396 0.50802 0.444353
1 0.563371 0.398713 0 0.53658 0.360871
0.83373 0.643372 0.269078 0.167667 0.615398 0.247919
0.547874 0.745967 0.149542 0.714938 0.814204 0.0451249
0.114816 0.91878 0.0139063 0.892421 0.934741 0.015812
0.107001 0.942444 0.011331 0.893484 1 0.0192829
end
gesture g6 hands 2
0.730765 0.0412057 0.986096 0.370622 0 0.999679
0.628092 0.0584194 0.944161 0.457749 0.0420332 0.951768
0.387582 0.137171 0.834333 0.696425 0.176244 0.846781
0.243878 0.259827 0.689637 0.702203 0.435647 0.545546
0.275216 0.424616 0.549525 0.469683 0.548812 0.446962
0.885649 0.602479 0.436806 0.092187 0.573806 0.397103
1 0.654227 0.343063 0.0342781 0.591917 0.310213
0.806732 0.727924 0.219078 0.253121 0.742687 0.202184
0.290722 0.900939 0.0480176 0.78121 0.928427 0.0384484
0.135366 0.963272 0.0178835 0.908183 0.978663 0.0260477
0.127326 0.95373 0.0189115 0.933864 1 0.0322588
end
gesture g6 hands 2
0.645384 0.0582095 0.978109 0.34629 0.0234013 1
0.324208 0.140877 0.879243 0.461226 0.0158283 0.963221
0.182511 0.284195 0.74997 0.639119 0.150216 0.889686
0.177524 0.456541 0.5919 0.702704 0.422579 0.597134
0.480096 0.621363 0.454644 0.443971 0.574052 0.4523
0.872904 0.636609 0.419408 0.099256 0.595421 0.400251
1 0.660793 0.375341 0 0.617493 0.338208
0.882965 0.730042 0.266615 0.154033 0.71868 0.240392
0.337257 0.844576 0.0308963 0.659347 0.918353 0.0448052
0.20776 0.904193 0.00963401 0.848752 0.995578 0.00279473
0.18836 0.953008 0.0094328 0.797734 0.988649 0.00228051
end
gesture g6 hands 2
0.69676 0.0103215 0.994602 0.356339 0.000152894 0.998804
0.657623 0.0469818 0.963561 0.378534 0.020691 0.986306
0.461753 0.0928925 0.896417 0.567263 0.0935979 0.916001
0.168603 0.397492 0.588342 0.784752 0.355662 0.61803
0.35147 0.550453 0.487231 0.612516 0.491431 0.485773
0.750613 0.63351 0.451811 0.237925 0.559886 0.426576
0.983039 0.608119 0.429038 0.00200476 0.561974 0.393784
0.948192 0.62729 0.337049 0.0581893 0.596079 0.311002
0.335381 0.790685 0.0737086 0.6082 0.829619 0.0546678
0.147188 0.871235 0.01605 0.774733 0.928338 0.0116855
0.174097 0.920435 0.0289319 0.815303 0.988228 0.0223029
end
gesture g6 hands 2
0.764144 0.0628045 0.962574 0.332803 0.0305829 0.992659
0.611421 0.0688291 0.924106 0.489276 0.030723 0.947164
0.303348 0.106961 0.842829 0.767118 0.135831 0.877821
0.112848 0.23818 0.69957 0.892941 0.273196 0.723739
0.215671 0.442404 0.519626 0.758702 0.464852 0.5103
0.860011 0.654016 0.332844 0.0853252 0.610997 0.301159
1 0.655861 0.262033 0 0.615065 0.243813
0.819331 0.679973 0.186272 0.196454 0.666997 0.174931
0.292035 0.871254 0.0497043 0.820019 0.859169 0.0222753
0.171775 0.919992 0.015683 0.956423 0.990188 0.00096486
0.14878 0.895116 0.0229193 0.909216 0.988955 0.00362865
end
gesture g6 hands 2
0.714183 0.0447284 0.979412 0.329197 0.0398163 0.995453
0.49453 0.0161709 0.865573 0.656594 0.148887 0.767618
0.377517 0.108165 0.72566 0.666312 0.309362 0.548049
0.381094 0.311903 0.53324 0.568712 0.437994 0.40715
0.492617 0.463064 0.410889 0.343839 0.518579 0.32606
0.940381 0.548874 0.334078 0.0947657 0.503355 0.314345
0.988275 0.525665 0.310804 0.0382189 0.487836 0.301174
0.747517 0.625518 0.197637 0.558874 0.703658 0.0764975
0.224127 0.848733 0.0328592 0.833625 0.847868 0.0111778
0.0619572 0.93475 0.0235406 0.97486 0.951697 0.00215042
0.0147581 0.924029 0.0329712 0.987569 0.977006 0.00215042
end
gesture g6 hands 2
0.7095 0.0257274 0.982264 0.305238 0.0136997 0.995832
0.621988 0.028763 0.95922 0.552583 0.119838 0.903128
0.223902 0.21135 0.777978 0.708696 0.242206 0.79631
0.206678 0.384687 0.65449 0.7039 0.363997 0.657231
0.37457 0.513067 0.553251 0.572892 0.478836 0.54479
0.991093 0.626605 0.433357 0.272617 0.549393 0.466507
0.962713 0.655415 0.341468 0.00815398 0.566413 0.40613
0.72471 0.72342 0.195355 0.0613092 0.614034 0.323767
0.213812 0.86336 0.0268368 0.55989 0.802456 0.0759301
0.0686201 0.90051 0 0.978599 0.998854 0.00673236
0.0124836 0.949273 0.00606417 0.964482 0.988067 0.00699696
end
gesture g6 hands 2
0.638434 0.0567781 0.98781 0.407886 0.037252 0.998629
0.45601 0.0312354 0.942557 0.73317 0.182009 0.8658
0.270908 0.118889 0.856436 0.78422 0.305744 0.729896
0.194026 0.273554 0.724937 0.694166 0.422104 0.578452
0.276958 0.433029 0.591652 0.471987 0.527974 0.466816
0.526211 0.554335 0.492129 0.112067 0.601074 0.399976
0.892116 0.61501 0.439272 0 0.616919 0.335255
1 0.658044 0.357909 0.152874 0.683606 0.246723
0.868005 0.720224 0.259612 0.452249 0.776439 0.13918
0.230473 0.960885 0.0137753 0.822823 0.950352 0.0243031
0.154892 0.979524 0.0129857 0.876741 0.997412 0.0302661
end
gesture g6 hands 2
0.589524 0.024236 0.979054 0.385425 0.0280105 0.999853
0.49263 0.0323148 0.935464 0.490882 0.0904275 0.934374
0.237724 0.251715 0.733522 0.680257 0.267472 0.742958
0.275824 0.37882 0.612754 0.631567 0.381941 0.603104
0.541311 0.488689 0.48146 0.146561 0.5137 0.390531
0.969319 0.524992 0.342841 0 0.525117 0.330513
0.952138 0.582263 0.241954 0.064299 0.569106 0.236406
0.773859 0.678421 0.118508 0.606802 0.791883 0.0299231
0.460733 0.818657 0.0323317 0.789376 0.891865 0.00635962
0.132203 0.970318 0.00202989 0.866437 0.958718 0.00612943
0.12904 0.992058 0.00715692 0.839314 0.970408 0.00370192
end
gesture g6 hands 2
0.538625 0.0239776 0.989062 0.467393 0.0167836 0.984534
0.259588 0.146953 0.765136 0.618788 0.0867373 0.877694
0.213599 0.302282 0.623767 0.794433 0.333611 0.642888
0.2802 0.47803 0.482168 0.725558 0.474983 0.489406
0.618295 0.647401 0.3558 0.461509 0.62108 0.35832
0.884768 0.689075 0.336755 0.142988 0.651345 0.32514
1 0.675843 0.309948 0 0.650092 0.298815
0.945225 0.730395 0.212583 0.0843434 0.699108 0.205667
0.774273 0.804918 0.0993876 0.260733 0.802568 0.104104
0.523869 0.875311 0.0248998 0.799235 0.956137 0.00777808
0.203224 0.979258 0.0088584 0.786056 0.99773 0.00714258
end
gesture g6 hands 2
0.617711 0.0308213 0.967525 0.412167 0.0136788 0.995179
0.32132 0.148128 0.799934 0.645479 0.148818 0.820861
0.288579 0.279634 0.673324 0.665988 0.26912 0.690255
0.394521 0.44267 0.518979 0.581036 0.419516 0.513413
0.604025 0.557785 0.423603 0.396007 0.488665 0.418534
1 0.566277 0.358487 0 0.513456 0.34874
0.94578 0.573833 0.295234 0.081314 0.54641 0.288137
0.745719 0.637011 0.207868 0.513194 0.75552 0.100406
0.227079 0.833741 0.0383533 0.71573 0.886029 0.0256033
0.135834 0.899659 0.0185039 0.814291 0.961005 0.00480399
0.111529 0.951863 0.0277973 0.831324 0.979891 0.0152544
end
gesture g6 hands 2
0.643938 0.0154451 0.993416 0.385012 0.00226451 1
0.443024 0.0663613 0.915466 0.504446 0.0775882 0.926316
0.319357 0.191814 0.795281 0.629893 0.219561 0.812649
0.324164 0.355817 0.662791 0.628811 0.357223 0.662858
0.545285 0.509726 0.513558 0.436441 0.449898 0.509015
0.794949 0.55768 0.442575 0.0149833 0.510881 0.374039
0.974696 0.574823 0.386235 0.0428489 0.574467 0.301297
0.969163 0.597688 0.300009 0.578452 0.813432 0.0734269
0.444243 0.806088 0.0783985 0.757674 0.912245 0.0269268
0.254957 0.889724 0.03535 0.856451 0.965003 0.00750348
0.0865599 0.935249 0.00319219 0.863175 0.99378 0.00244399
end
gesture g6 hands 2
0.681007 0.0326094 0.973747 0.351184 0.0166656 0.993932
0.325989 0.142425 0.827784 0.492931 0.0574462 0.942711
0.260823 0.274642 0.700276 0.725384 0.285911 0.716507
0.318066 0.426785 0.574987 0.493695 0.487573 0.466343
0.529266 0.518113 0.473737 0.0287379 0.56004 0.29749
0.969306 0.579437 0.320263 0.0164275 0.56503 0.265331
0.9983 0.563405 0.270549 0.132906 0.625011 0.210951
0.692787 0.732202 0.124355 0.410451 0.727977 0.124181
0.201844 0.923967 0.0330028 0.801897 0.914294 0.0243341
0.0834971 0.986524 0.0118699 0.917442 0.970098 0.00830666
0.0564682 0.966702 0.0291528 0.8956 1 0.00550291
end
gesture g6 hands 2
0.774617 0.011128 0.971481 0.341902 0.00561462 1
0.50126 0.0890641 0.879737 0.606071 0.0891532 0.904358
0.29768 0.206629 0.760378 0.768245 0.240583 0.782835
0.293936 0.392425 0.612424 0.745881 0.376901 0.618226
0.644889 0.637001 0.362297 0.366576 0.600248 0.357016
0.938194 0.649676 0.277023 0.0459429 0.639415 0.26615
0.994985 0.662464 0.228364 0.00795226 0.653634 0.215839
0.847682 0.702828 0.174338 0.249659 0.701652 0.15226
0.319054 0.87238 0.05602 0.774239 0.878168 0.0339422
0.12865 0.947111 0.0240984 0.935797 0.949347 0.0119808
0.0816225 0.943866 0.0277314 0.961455 0.999218 0.00885807
end
gesture g6 hands 2
0.680691 0.0476465 0.995279 0.339465 0.00760202 0.997705
0.633912 0.0682453 0.960255 0.477028 0.0831666 0.922917
0.326806 0.179242 0.807323 0.594106 0.177619 0.814858
0.281919 0.276639 0.675886 0.620535 0.311594 0.673572
0.419482 0.398715 0.551766 0.522847 0.40876 0.539667
0.967542 0.524097 0.365607 0.0227385 0.519396 0.347642
0.968196 0.588269 0.26034 0.0561484 0.565313 0.274109
0.530625 0.79573 0.060846 0.269628 0.694839 0.151763
0.178876 0.937495 0.00363444 0.714212 0.910109 0.025348
0.14635 0.959089 0.00787715 0.819497 0.984058 0.0118623
0.179181 0.958215 0.0248263 0.806061 0.996456 0.0147845
end
gesture g6 hands 2
0.75421 0.0513815 0.98703 0.334846 0.00365358 1
0.468263 0.136777 0.899017 0.646634 0.104101 0.920063
0.24297 0.249115 0.778121 0.809261 0.215324 0.790685
0.19072 0.373545 0.643969 0.816427 0.352282 0.642107
0.361106 0.476018 0.530532 0.636541 0.463462 0.507977
0.730614 0.549347 0.408869 0.0367809 0.541165 0.318183
0.954676 0.58571 0.332875 0.0210748 0.608162 0.256638
0.988485 0.612343 0.254494 0.500295 0.800018 0.0708285
0.642468 0.773304 0.0753763 0.779207 0.911215 0.0160385
0.343244 0.878706 0.0180502 0.949294 0.999794 0.0055536
0.0775145 0.936978 0.0209059 0.93672 0.986727 0.0179139
end
gesture g6 hands 2
0.719925 0.00925214 0.960183 0.346969 0.0151878 1
0.365763 0.10829 0.733796 0.511382 0.0421367 0.929451
0.329149 0.253118 0.592033 0.640106 0.15335 0.77475
0.590611 0.488719 0.391995 0.65667 0.269767 0.61329
0.865128 0.489461 0.360496 0.400584 0.441506 0.380573
0.971707 0.433062 0.358801 0.13967 0.456824 0.341201
0.830344 0.538139 0.272396 0 0.42597 0.330194
0.465955 0.718981 0.128616 0.164626 0.528787 0.238789
0.217265 0.867335 0.059634 0.503911 0.70983 0.0881002
0.0725998 0.963512 0.0305175 0.939439 0.97402 0.000922612
0.00274884 0.944617 0.0430052 0.992325 0.99267 0.00832509
end
gesture g6 hands 2
0.763103 0.0789602 0.984613 0.255136 0.00465203 0.994244
0.670504 0.0932532 0.936788 0.346281 0.0444594 0.945953
0.330045 0.25453 0.735454 0.663934 0.232208 0.749889
0.501144 0.537795 0.426534 0.637055 0.395939 0.558353
0.761533 0.649471 0.298146 0.305974 0.610291 0.300941
0.948628 0.661276 0.223698 0.0370418 0.647067 0.227298
0.992271 0.698711 0.176804 0.0379463 0.69465 0.191154
0.39187 0.815676 0.0589969 0.666601 0.835106 0.0421966
0.13465 0.870589 0.0171601 0.872167 0.901855 0.0124431
0.0432743 0.90305 0.0213501 0.953564 0.968703 0.00277219
0.0402607 0.887815 0.0272754 0.952509 0.996533 0.0235742
end
gesture g6 hands 2
0.6635 0.0624399 0.996795 0.281689 0.0146337 1
0.416353 0.141383 0.862948 0.333816 0.0369445 0.962021
0.333427 0.278137 0.723327 0.508602 0.122787 0.88152
0.428849 0.402699 0.588272 0.592816 0.234057 0.735906
0.944048 0.581791 0.367096 0.519672 0.355316 0.579974
0.961471 0.587291 0.299679 0.055968 0.508562 0.327844
0.780565 0.649697 0.195029 0.0304839 0.553857 0.267979
0.44647 0.72369 0.0985906 0.531493 0.758277 0.0873288
0.171468 0.792265 0.0342246 0.982432 0.947753 0.0301853
0.00670825 0.873096 0.0115692 0.99939 0.997765 0.0295047
0.0496676 0.890777 0.0154988 0.935858 0.975772 0.0216456
end
gesture g6 hands 2
0.747216 0 0.998297 0.126867 0.0153191 0.959805
0.245836 0.247844 0.698886 0.453775 0.0558405 0.846256
0.168509 0.32534 0.614552 0.675437 0.219521 0.732185
0.140108 0.497261 0.439694 0.759469 0.513591 0.485438
0.297625 0.624183 0.308657 0.647488 0.626416 0.3338
0.706362 0.662673 0.1918 0.298003 0.67112 0.186125
0.73889 0.67391 0.166779 0.265591 0.717891 0.120131
0.660471 0.731346 0.0683614 0.444557 0.790429 0.0160481
0.448073 0.837825 0.0145186 0.728444 0.89715 0.0262664
0.0484472 0.985935 0.109006 0.995787 0.989316 0.192053
0 0.998102 0.145556 1 0.997675 0.201321
end
gesture g6 hands 2
0.799765 0.0215948 0.997418 0.0460363 0.0453516 0.903884
0.793775 0.014881 0.985136 0.0896633 0.0209262 0.913105
0.56652 0.0511766 0.89311 0.383525 0.00113298 0.844574
0.108746 0.380197 0.533637 0.792126 0.250126 0.654803
0.106215 0.455089 0.438366 0.821729 0.452405 0.514312
0.249524 0.59719 0.270838 0.618047 0.648407 0.263463
0.760718 0.691885 0.164685 0.276575 0.69749 0.152663
0.73227 0.733796 0.0802211 0.214833 0.706617 0.143516
0.479271 0.811313 0.00995687 0.251884 0.746052 0.0796328
0.0163281 0.963989 0.0994009 0.501308 0.821414 0.00693423
0 0.956198 0.101023 1 1 0.183683
end
gesture g6 hands 2
0.719561 0.023913 0.989664 0.120964 0.053042 0.921878
0.657642 0.00612814 0.964395 0.319427 0.0391884 0.903707
0.47353 0.0873694 0.853679 0.441732 0.0767709 0.850042
0.192673 0.417241 0.48556 0.635705 0.206597 0.733624
0.202828 0.498695 0.375949 0.729751 0.392606 0.541215
0.326396 0.627208 0.212341 0.71174 0.480838 0.436238
0.673569 0.710214 0.135355 0.602772 0.623847 0.253209
0.63974 0.736998 0.0828296 0.299655 0.715817 0.0953018
0.208006 0.909474 0.0430682 0.339529 0.744398 0.0402017
0.0605028 0.972939 0.0904807 0.662862 0.862862 0.0213323
0 0.995144 0.135392 1 1 0.244528
end
gesture g6 hands 2
0.727223 0.0110984 0.995482 0.0828987 0.0280317 0.924926
0.246059 0.258458 0.611791 0.33847 0.0374236 0.82366
0.190071 0.338934 0.513071 0.712479 0.33139 0.526066
0.215899 0.515072 0.327573 0.688579 0.512234 0.358784
0.382951 0.616765 0.203393 0.628025 0.574312 0.281723
0.628988 0.647439 0.167893 0.26756 0.683218 0.152343
0.739302 0.664623 0.0991512 0.237335 0.69967 0.13635
0.585724 0.758535 0.0289748 0.329683 0.755586 0.0592176
0.2291 0.928237 0.0172123 0.593663 0.826128 0.0133539
0.00694848 0.983139 0.107936 0.913568 0.916298 0.128605
0 0.983517 0.110088 0.999594 0.957006 0.22546
end
gesture g6 hands 2
0.692319 0 1 0.174489 0.0174532 0.942649
0.18093 0.246981 0.688714 0.511962 0.0659242 0.847176
0.106898 0.348091 0.613598 0.733221 0.19054 0.723746
0.0994404 0.536363 0.433781 0.804239 0.425187 0.561198
0.166541 0.613023 0.343975 0.698397 0.612518 0.385147
0.378865 0.69966 0.208094 0.252617 0.68954 0.139239
0.610824 0.70795 0.163818 0.227938 0.699503 0.10297
0.677664 0.71134 0.077776 0.736551 0.909783 0.0313832
0.259533 0.907158 0.0279361 0.843082 0.945802 0.0890261
0.0157944 0.952739 0.159577 0.963826 0.969187 0.312236
0 0.957884 0.127753 1 1 0.246484
end
gesture g6 hands 2
0.711056 0.0155183 0.992838 0.13323 0.0229309 0.927042
0.388832 0.103724 0.821586 0.527111 0.0723256 0.83342
0.15904 0.266842 0.661041 0.639954 0.133888 0.782872
0.0754571 0.455701 0.465523 0.778342 0.303823 0.610993
0.178276 0.611997 0.265207 0.786377 0.410981 0.516467
0.406011 0.671598 0.147771 0.692882 0.580749 0.31921
0.63798 0.650138 0.131501 0.612022 0.637372 0.231325
0.726231 0.644615 0.108174 0.257484 0.661504 0.119138
0.449277 0.767044 0.00495746 0.670343 0.864639 0
0.189053 0.901938 0.0108675 0.897192 0.957145 0.0702235
0 1 0.0869673 1 0.989645 0.145072
end
gesture g6 hands 2
0.720761 0.00754921 0.991907 0.128515 0.0157501 0.955414
0.683217 0.0110497 0.985006 0.475525 0.0667583 0.884706
0.464028 0.105167 0.904867 0.698616 0.212626 0.760883
0.0920155 0.352392 0.651625 0.82166 0.402425 0.56256
0.121401 0.614362 0.336489 0.800732 0.511152 0.456913
0.228142 0.66273 0.25523 0.546025 0.690437 0.205694
0.755262 0.642176 0.113199 0.197736 0.685684 0.0929281
0.804925 0.625888 0.0810062 0.195586 0.689847 0.0694071
0.644433 0.716942 0.0181378 0.499451 0.804027 0.00198719
0.142467 0.956266 0.0713954 0.930457 0.960863 0.154423
0 0.99402 0.152293 1 0.980205 0.249593
end
gesture g6 hands 2
0.750935 0.0104226 1 0.067584 0.0146609 0.964773
0.64304 0.0363791 0.949462 0.522564 0.0812705 0.814865
0.372106 0.139404 0.845108 0.751262 0.247934 0.667955
0.0661592 0.392447 0.619949 0.829316 0.456165 0.499087
0.0727977 0.556782 0.424313 0.728443 0.618049 0.337608
0.256458 0.650237 0.262555 0.408985 0.697349 0.190001
0.632665 0.67706 0.143841 0.255543 0.706232 0.137266
0.724204 0.671754 0.0806166 0.239917 0.734207 0.0989268
0.689559 0.699266 0.045171 0.377617 0.803877 0.0315535
0.240658 0.926315 0.0225855 0.985128 0.99285 0.146816
0 0.98332 0.11324 1 1 0.176198
end
gesture g6 hands 2
0.899645 0.0139338 0.996833 0.130991 0.00562525 0.970882
0.212226 0.242199 0.732678 0.538684 0.0441905 0.863657
0.0371945 0.461538 0.57819 0.699669 0.101731 0.805001
0.0524438 0.546238 0.480844 0.963829 0.431221 0.592545
0.222452 0.671885 0.302536 0.756779 0.696136 0.338198
0.784833 0.66371 0.16557 0.368651 0.727591 0.2076
0.857688 0.63591 0.143195 0.166232 0.72133 0.141957
0.700118 0.732091 0.0453308 0.209874 0.755963 0.106846
0.188097 0.991331 0.0531804 0.447641 0.836262 0.024371
0.0145797 0.979961 0.0945561 0.939507 0.969994 0.0310489
0.00511632 0.947218 0.0891521 0.979614 0.92669 0.0614428
end
gesture g6 hands 2
0.749003 0.067285 0.979082 0.198292 0.0334043 0.983904
0.544244 0.104791 0.885304 0.438095 0.00393357 0.898281
0.190368 0.362797 0.592696 0.567412 0.0371583 0.833895
0.189664 0.460456 0.51271 0.754426 0.198754 0.700976
0.327283 0.590389 0.354334 0.787925 0.420444 0.540615
0.551869 0.609116 0.286332 0.675589 0.594319 0.390677
0.721351 0.507452 0.263109 0.386535 0.610172 0.282575
0.639352 0.577892 0.180783 0.259801 0.624008 0.22638
0.192301 0.858621 0.0799504 0.321036 0.673002 0.17575
0.0405954 0.926512 0.0720085 0.77852 0.939708 0.00638186
0.00155408 0.944911 0.0839919 1 1 0.0666903
end
gesture g6 hands 2
0.761558 0 0.982803 0.160015 0.0206748 0.997672
0.261199 0.317746 0.627211 0.493178 0.0847697 0.788447
0.188099 0.403907 0.549439 0.721691 0.236963 0.610602
0.194954 0.557958 0.39727 0.778146 0.433174 0.45381
0.355139 0.647955 0.259474 0.691042 0.599443 0.345436
0.640826 0.646787 0.159804 0.299298 0.655038 0.171166
0.744732 0.616352 0.137367 0.221041 0.640196 0.159121
0.725171 0.628582 0.105213 0.288769 0.702101 0.0902227
0.550954 0.707416 0.055884 0.517811 0.821506 0.0108644
0.000665628 0.96649 0.148839 0.835537 0.959761 0.0245631
0 0.964053 0.154777 1 1 0.123052
end
gesture g6 hands 2
0.71516 0.0492887 0.972498 0.143113 0.00232852 1
0.640312 0.0604914 0.941579 0.386344 0.02463 0.87618
0.442991 0.155731 0.819182 0.503796 0.083773 0.804208
0.231658 0.473532 0.434852 0.653562 0.240888 0.617713
0.365996 0.590718 0.280916 0.670507 0.340677 0.523572
0.724071 0.598456 0.191479 0.586618 0.533576 0.360156
0.729212 0.602678 0.161144 0.274063 0.635274 0.236154
0.587704 0.691007 0.0941663 0.265056 0.693749 0.129872
0.222242 0.865347 0.0582893 0.7204 0.946956 0.00185949
0.041734 0.951924 0.0888067 0.986734 0.989016 0.0822186
0 0.94927 0.0839206 1 0.978729 0.0809425
end
gesture g6 hands 2
0.768246 0.012859 0.981463 0.157576 0.0315108 0.994506
0.210953 0.235071 0.623362 0.254098 0.00747773 0.960736
0.122632 0.42324 0.441647 0.530918 0.0449942 0.825689
0.166088 0.508759 0.373002 0.746627 0.205669 0.631011
0.38578 0.634528 0.272261 0.793279 0.313143 0.531744
0.725958 0.625337 0.209713 0.638287 0.585162 0.309493
0.743892 0.631116 0.162609 0.184332 0.662612 0.228284
0.36602 0.848171 0.0448491 0.146061 0.668532 0.197529
0.152835 0.96121 0.0722537 0.556029 0.862921 0.0125297
0.0402986 1 0.112993 0.68249 0.919419 0.0033502
0 0.989017 0.1409 1 0.994963 0.143692
end
gesture g6 hands 2
0.738446 0.0138142 0.992269 0.0602822 0.0442329 0.974437
0.366444 0.0983567 0.759476 0.0801801 0.0244746 0.946393
0.176037 0.241373 0.582929 0.224749 0.0181563 0.890621
0.144052 0.346182 0.491737 0.619555 0.242432 0.629116
0.26617 0.521172 0.357079 0.599217 0.42005 0.415256
0.562419 0.579442 0.253029 0.26519 0.556996 0.159429
0.631448 0.566961 0.231493 0.209807 0.555762 0.139116
0.524468 0.616856 0.077389 0.499458 0.71305 0.00374706
0.263199 0.769688 0.034832 0.816489 0.845377 0.119829
0.00110516 0.981562 0.256618 0.980066 0.936088 0.333136
0.0178065 0.984212 0.241116 0.979673 0.950648 0.355422
end
gesture g6 hands 2
0.734994 0.0679653 0.987263 0.269032 0 0.993685
0.530893 0.117124 0.913519 0.477241 0.079033 0.927757
0.330837 0.235761 0.791201 0.636413 0.230883 0.808641
0.315209 0.419684 0.632166 0.64006 0.384772 0.638125
0.491794 0.593032 0.505168 0.507274 0.531348 0.476154
0.843376 0.670046 0.415594 0.199049 0.622728 0.37671
1 0.695536 0.328338 0 0.639358 0.295702
0.893234 0.717227 0.226443 0.149401 0.729107 0.212266
0.315545 0.857352 0.0199815 0.717915 0.912384 0.0258523
0.165185 0.890933 0.00587302 0.891355 0.960834 0.00794623
0.159611 0.91996 0.0239778 0.867332 1 0.0267796
end
gesture g6 hands 2
0.672915 0.0196109 0.990535 0.22348 0.00388075 0.997262
0.661454 0.0236373 0.968689 0.646894 0.179471 0.866917
0.521663 0.0678854 0.927893 0.773037 0.31955 0.715598
0.108794 0.321713 0.68256 0.711181 0.481533 0.53023
0.187161 0.502632 0.512153 0.375351 0.636139 0.359386
0.638237 0.679028 0.380638 0.022968 0.65893 0.27962
0.976173 0.701928 0.3148 0.0603539 0.716973 0.190448
0.958034 0.72498 0.214695 0.57773 0.873513 0.0335536
0.433342 0.89609 0.0513721 0.748253 0.944254 0.0125007
0.254306 0.94673 0.0228783 0.803112 1 0.00825447
0.149967 0.93515 0.0132151 0.774849 0.992254 0.00940533
end
gesture g6 hands 2
0.773602 0.0388368 0.986043 0.305542 0.00497099 0.995447
0.678802 0.0783482 0.942044 0.382784 0.0303467 0.969278
0.430058 0.143657 0.848006 0.589783 0.117604 0.879364
0.241305 0.300082 0.696693 0.718048 0.273385 0.725955
0.358396 0.473316 0.549865 0.637364 0.426756 0.558075
0.820148 0.579309 0.416584 0.234872 0.543972 0.407912
0.972321 0.607233 0.333072 0.0224254 0.590321 0.303731
0.846391 0.670884 0.225397 0.199645 0.686729 0.200091
0.497579 0.760216 0.113666 0.786152 0.881732 0.0280627
0.0344743 0.889778 0.0156835 0.96467 0.964308 0.00601825
0.019402 0.911071 0.0228964 0.996553 0.994591 0.00903864
end
gesture g6 hands 2
0.671654 0.0284581 0.992646 0.334388 0.0244493 0.998535
0.604928 0.0167346 0.962811 0.39319 0.0329317 0.968315
0.388726 0.0476065 0.902245 0.606296 0.120931 0.89573
0.280702 0.221583 0.749089 0.666672 0.269089 0.746056
0.381324 0.422389 0.591345 0.572203 0.435974 0.571898
0.754299 0.585436 0.426976 0.220229 0.559666 0.411373
0.991713 0.61531 0.360018 0 0.604185 0.343948
0.918235 0.664869 0.260165 0.104697 0.670599 0.253694
0.203134 0.932213 0.0316824 0.817674 0.854238 0.0477646
0.0463175 0.991048 0.0153963 0.955432 0.943246 0.0310942
0.0125508 0.949161 0.00626256 0.987779 0.974711 0.0308181
end
gesture g6 hands 2
0.715485 0.0546705 0.964137 0.316745 0.0195399 0.992612
0.288254 0.115274 0.784389 0.620685 0.0659146 0.923612
0.207759 0.271195 0.59006 0.755571 0.143033 0.802552
0.302626 0.453133 0.432366 0.691916 0.426921 0.438745
0.507472 0.59768 0.342784 0.497552 0.549801 0.329471
0.849889 0.631867 0.298871 0.160456 0.576884 0.285666
1 0.587781 0.270989 0 0.57052 0.264478
0.764675 0.688868 0.16087 0.233995 0.70786 0.138218
0.199301 0.927361 0.0440564 0.840594 0.94018 0.00920731
0.075482 0.957315 0.0267467 0.914692 0.998618 0.000216656
0.0793276 0.944888 0.0332243 0.877428 0.95868 0.00990054
end
gesture g6 hands 2
0.66491 0.0947623 0.953516 0.354866 0.0534761 0.967864
0.305171 0.139498 0.731067 0.392271 0.0061592 0.958855
0.293812 0.265258 0.569375 0.63265 0.0262424 0.90314
0.493509 0.421195 0.418697 0.670496 0.273426 0.596159
0.823011 0.465208 0.35602 0.501104 0.418615 0.427269
1 0.426675 0.346364 0.0155287 0.408627 0.34541
0.933675 0.449718 0.291857 0.0951153 0.429924 0.285428
0.60879 0.549346 0.198554 0.335819 0.546075 0.177102
0.072749 0.826374 0.0556782 0.775639 0.84373 0.0236869
0.0190988 0.898738 0.0497511 0.88592 0.933414 0
0.00810858 0.864414 0.0644072 0.89039 0.989194 0.0199582
end
gesture g6 hands 2
0.670115 0.0700586 0.967159 0.355358 0.0142705 0.994874
0.326436 0.125441 0.819881 0.384921 0.000164787 0.981004
0.25418 0.299588 0.679404 0.557839 0.0402985 0.962359
0.36209 0.54156 0.519828 0.762293 0.27988 0.713423
0.570392 0.668725 0.439771 0.679166 0.497758 0.529415
0.893239 0.644522 0.407463 0.467397 0.617785 0.430403
1 0.551188 0.398347 0.149025 0.580654 0.388566
0.925358 0.602953 0.318352 0 0.553982 0.370727
0.568711 0.731336 0.176967 0.083696 0.596097 0.296541
0.139042 0.898413 0.0433937 0.819043 0.957579 0.00913638
0.149799 0.906246 0.0223697 0.855165 1 0.00436146
end
gesture g6 hands 2
0.651865 0.0799892 0.970893 0.389493 0.019505 1
0.239903 0.153771 0.757672 0.813305 0.204003 0.781339
0.193147 0.332212 0.598235 0.868074 0.346168 0.617282
0.348158 0.54516 0.448877 0.746457 0.529542 0.441204
0.53778 0.618713 0.368575 0.514207 0.610801 0.348249
0.852637 0.612001 0.321434 0.175513 0.589675 0.307567
1 0.567223 0.298517 0 0.553038 0.293829
0.941033 0.617227 0.233772 0.0860413 0.607125 0.216023
0.297611 0.822923 0.060148 0.736283 0.850541 0.0194619
0.157124 0.902542 0.0410949 0.910653 0.945055 0
0.108902 0.901237 0.0684275 0.894445 0.972392 0.0149235
end
gesture g6 hands 2
0.722138 0.0283485 0.960809 0.391278 0.0120234 1
0.652489 0.0378341 0.9308 0.590175 0.0835088 0.91345
0.432215 0.136447 0.751653 0.700452 0.266335 0.624986
0.388337 0.259797 0.608784 0.585698 0.393723 0.442474
0.487018 0.433757 0.441597 0.330723 0.430428 0.351892
0.960702 0.458318 0.366917 0.113283 0.409882 0.347751
0.977333 0.455685 0.31908 0.0910794 0.429314 0.303967
0.760979 0.57914 0.200284 0.278592 0.560488 0.177109
0.3606 0.74328 0.0748433 0.632702 0.720607 0.0374947
0.00649748 0.91577 0.0441477 0.972291 0.969817 0.00440725
0.0425193 0.918982 0.034846 0.966276 0.969322 0.00168315
end
gesture g6 hands 2
0.828227 0.0805336 0.904812 0.212775 0.03248 0.992644
0.546945 0.0503061 0.890379 0.724399 0.048671 0.881877
0.32111 0.0815488 0.789935 0.834219 0.0728312 0.801065
0.102248 0.150603 0.657481 0.997323 0.183034 0.565148
0 0.243316 0.495121 0.794217 0.382213 0.235865
0.0931452 0.347427 0.336948 0.306152 0.441283 0.101357
0.190175 0.375731 0.265445 0.126349 0.445631 0.100238
0.685356 0.468678 0.134285 0.20422 0.529455 0.0652378
0.831948 0.468439 0.108362 0.526018 0.79593 0.00760939
0.151613 0.832425 0.0595612 0.740701 0.979033 0.00649334
0.055633 0.927831 0.0556043 0.769291 1 0.00816741
end
gesture g6 hands 2
0.868277 0.0714807 0.942741 0.10932 0.0400501 0.991999
0.461314 0.0051834 0.869491 0.650362 0.0532739 0.882558
0.00457588 0.126642 0.576669 0.956374 0.134396 0.666204
0.0335952 0.26217 0.411244 1 0.210355 0.489806
0.13073 0.339786 0.339878 0.958878 0.236851 0.40209
0.677998 0.434924 0.147924 0.761102 0.333272 0.254155
0.799236 0.391907 0.112922 0.641431 0.348893 0.198345
0.688078 0.461735 0.0791573 0.120103 0.333276 0.129282
0.293821 0.806993 0.0424707 0.253863 0.45959 0.0689638
0.138076 0.908177 0.0460378 0.599282 0.856308 0.0066635
0.0834846 0.912892 0.0476479 0.745223 0.995137 0.0160767
end
gesture g6 hands 2
0.830209 0.0490246 0.894229 0.218465 0.0286785 0.949901
0.856309 0.0676808 0.910859 0.300567 0.0111497 0.988241
0.709568 0.0306228 0.906221 0.538236 0 0.949785
0.205584 0.0590401 0.744769 0.900417 0.116546 0.743314
0.0316708 0.172551 0.605884 0.953393 0.356649 0.412386
0.0097674 0.309781 0.459044 0.673691 0.471248 0.207608
0.259497 0.486618 0.28342 0.268289 0.524072 0.109637
0.593041 0.555389 0.125008 0.296432 0.578812 0.0642236
0.503457 0.623179 0.0865522 0.551059 0.861546 0.00129885
0.23215 0.893573 0.0425304 0.661677 0.982567 0.00269049
0.156178 0.955312 0.0476563 0.681944 1 0.00473152
end
gesture g6 hands 2
0.785796 0.0651982 0.9132 0.241762 0.040886 0.988554
0.571499 0.0158454 0.916631 0.542689 0.00918889 0.972621
0.102466 0.0639094 0.714495 0.891065 0.0484308 0.782987
0.000466797 0.20509 0.470129 0.998018 0.18447 0.529957
0.10642 0.319599 0.320087 0.915975 0.279324 0.355512
0.546652 0.467149 0.104754 0.578194 0.39522 0.149513
0.829442 0.455019 0.0584667 0.103829 0.458712 0.0708809
0.786061 0.458231 0.0462052 0.0266365 0.43415 0.06541
0.604029 0.609474 0.0211302 0.120479 0.484479 0.0365927
0.294274 0.900389 0.037087 0.515866 0.863452 0.00225555
0.198349 0.945292 0.0641536 0.659112 0.997819 0.040072
end
gesture g6 hands 2
0.684269 0.101804 0.97592 0.358016 0.0014948 0.988702
0.151238 0.0862662 0.74181 0.500815 0.0328451 0.963593
0.0116568 0.171992 0.582392 0.867454 0.107921 0.766336
0.116467 0.333363 0.35507 0.988474 0.225263 0.487738
0.224214 0.372649 0.300601 0.639796 0.341013 0.231572
0.489755 0.395574 0.216253 0.204006 0.32456 0.148166
0.746164 0.327163 0.154879 0.193431 0.319736 0.121318
0.773122 0.316759 0.13294 0.328322 0.58901 0.0335181
0.62943 0.499541 0.0738432 0.380141 0.660458 0.0193545
0.452071 0.852638 0.0405835 0.556532 1 0.0134589
0.410946 0.897987 0.0384695 0.520725 0.949155 0.0104994
end
gesture g6 hands 2
0.77826 0.0813738 0.940861 0.173526 0.0312579 0.976417
0.556743 0.0278707 0.95528 0.198884 0.0127949 1
0.310898 0.0687485 0.865615 0.374341 0.00217323 0.993215
0.0117377 0.274331 0.541673 0.853386 0.11099 0.811266
0.0377196 0.421853 0.392471 0.926809 0.160521 0.736607
0.111955 0.459923 0.331594 0.935823 0.399728 0.399661
0.592127 0.531307 0.128536 0.620847 0.540229 0.202775
0.587217 0.565458 0.0830891 0.134312 0.518454 0.12159
0.399437 0.796995 0.0481506 0.0921994 0.53069 0.0793243
0.283714 0.933255 0.0542289 0.449887 0.931581 0
0.273262 0.94808 0.0501555 0.513326 0.988089 0.00989492
end
gesture g6 hands 2
0.789361 0.165116 0.859673 0.201791 0.0501326 0.98817
0.554726 0.111397 0.844076 0.198193 0.0349623 0.998152
0.289143 0.155433 0.751258 0.440251 0 0.995771
0 0.34702 0.474582 0.787435 0.115949 0.840843
0.137078 0.491697 0.266625 0.991202 0.246617 0.604142
0.354727 0.567044 0.170803 0.9762 0.309107 0.442881
0.484868 0.582661 0.134965 0.810175 0.397411 0.303896
0.765962 0.521585 0.117242 0.42396 0.459134 0.197006
0.766039 0.480927 0.120061 0.0929022 0.366532 0.212095
0.327268 0.877051 0.00681637 0.583255 0.899456 0.0394449
0.249161 1 0.000670069 0.62121 0.951306 0.0388903
end
gesture g6 hands 2
0.81699 0.139034 0.86819 0.384303 0.0160584 1
0.222755 0.0793682 0.692683 0.538447 0.00102309 0.963896
0.0272671 0.158457 0.544643 0.9897 0.108445 0.649952
0.03593 0.265824 0.393542 0.916473 0.230138 0.386233
0.378184 0.447328 0.159455 0.60451 0.350055 0.192792
0.685666 0.486921 0.0854583 0.125804 0.442486 0.10931
0.749223 0.495619 0.0717134 0.0033753 0.422669 0.116536
0.589081 0.636062 0.00851996 0.0617504 0.454035 0.0942713
0.311243 0.872309 0.00927287 0.227088 0.639039 0.0342314
0.192803 0.944667 0.0135096 0.47817 0.916796 0.0141789
0.174926 0.948724 0.0204759 0.563243 0.994804 0.0319718
end
gesture g6 hands 2
0.95592 0.118944 0.911938 0.255338 0.0321238 0.982821
0.393193 0.0850694 0.858705 0.759257 0.052911 0.939686
0.132172 0.238223 0.633857 0.994758 0.182681 0.718104
0.189451 0.352213 0.472788 0.975023 0.284469 0.528909
0.486677 0.46367 0.258835 0.728266 0.434327 0.291319
0.963192 0.543872 0.0865958 0.193022 0.504558 0.156206
0.878668 0.534577 0.0810606 0 0.473435 0.122496
0.543741 0.686471 0.0527613 0.287531 0.625887 0.0409155
0.433658 0.737359 0.0524621 0.672922 0.851015 0.00660731
0.106347 0.901476 0.0632084 0.877126 0.991145 0.00974893
0.0615869 0.913579 0.0689181 0.903857 0.999118 0.0144114
end
gesture g6 hands 2
0.837479 0.0723728 0.912535 0.292339 0.0174977 0.970389
0.706177 0.0365613 0.923481 0.543341 0.014459 0.967138
0.233357 0.0677395 0.747605 0.924696 0.144974 0.73192
0.0173729 0.183694 0.61396 0.973115 0.291566 0.494072
0 0.261009 0.532081 0.573364 0.425843 0.215429
0.232168 0.438003 0.302981 0.233318 0.490782 0.12442
0.785775 0.527037 0.106527 0.139196 0.51369 0.102887
0.62739 0.558072 0.0680966 0.293359 0.5866 0.0558052
0.328384 0.79861 0.0346852 0.552608 0.834831 0.00764781
0.1977 0.931686 0.0342789 0.676408 0.997603 0.00430187
0.189113 0.940885 0.0378878 0.669264 1 0.00487547
end
gesture g6 hands 2
0.845483 0.0266497 0.937299 0.38593 0.020446 0.998805
0.72153 0 0.924054 0.487843 0.0339259 0.979179
0.133592 0.0575634 0.721772 0.760023 0.0855024 0.866814
0.00116899 0.223198 0.47856 0.990747 0.18839 0.53432
0.448335 0.427838 0.204537 0.917392 0.258238 0.364094
0.911471 0.443994 0.115966 0.503812 0.371455 0.150524
0.998468 0.450803 0.102976 0.152295 0.418984 0.124924
0.778298 0.600844 0.0467678 0.249179 0.416522 0.127669
0.507398 0.868142 0.0154482 0.453143 0.695575 0.0493692
0.441283 0.964639 0.0148886 0.706569 0.998572 0.00101688
0.447619 0.960539 0.0174563 0.723155 0.961952 0.00887226
end
gesture g6 hands 2
0.967299 0.136947 0.868026 0.210637 0.0312561 0.959702
0.776839 0.0908528 0.871849 0.86878 0.059456 0.810752
0.254017 0.109688 0.731391 0.995201 0.145122 0.648891
0.0213632 0.255166 0.501846 0.590337 0.504682 0.208299
0.152462 0.477376 0.294274 0.469414 0.547093 0.175376
0.420686 0.59474 0.189049 0.0871987 0.591525 0.134954
0.909815 0.641517 0.0760019 0.0166463 0.590736 0.113998
0.911558 0.658288 0.0526874 0.385216 0.773621 0.0398835
0.446166 0.860765 0.0134571 0.464681 0.841827 0.0299519
0.185767 0.96794 0.012464 0.794303 1 0.0229997
0.181557 0.967996 0.000819119 0.732474 0.982854 0.0212368
end
gesture g6 hands 2
0.802379 0.165244 0.835063 0.368699 0.129875 0.876599
0.805224 0.105643 0.936209 0.382125 0.0586942 0.994021
0.592321 0.00952757 0.921404 0.601511 0.0373864 0.964553
0.520094 0 0.916611 0.688873 0.0373898 0.934325
0.0763441 0.105358 0.700391 0.97824 0.150807 0.668043
0.00804047 0.26134 0.505549 1 0.185335 0.595962
0.297806 0.421459 0.282354 0.891001 0.340092 0.325812
0.774558 0.488489 0.15995 0.156118 0.48458 0.168861
0.768104 0.489676 0.146995 0.239871 0.560175 0.126083
0.430742 0.883069 0.0481505 0.758127 0.996689 0.00721283
0.27111 0.970652 0.0342705 0.753819 0.977706 0.000593162
end
gesture g6 hands 2
0.865815 0.0614194 0.910324 0.355637 0.041189 0.988562
0.675739 0.0100234 0.895082 0.663881 0.00704495 0.919795
0.109507 0.103638 0.644311 0.972111 0.141355 0.659244
0.00594606 0.187906 0.511352 0.984596 0.27581 0.450491
0.207869 0.418701 0.29011 0.743604 0.420223 0.230813
0.853339 0.510689 0.14123 0.319145 0.489024 0.161719
0.801666 0.519365 0.125544 0.163211 0.461002 0.168511
0.649704 0.697251 0.0659267 0.248899 0.595269 0.0947479
0.585743 0.745327 0.0488399 0.496897 0.814102 0.0185574
0.390389 1 0.0209921 0.6867 0.968402 0.00126049
0.395036 0.970424 0.0217857 0.700278 0.950982 0.0109944
end
gesture g6 hands 2
0.638622 0.0403989 0.943154 0.284597 0.0450375 0.9975
0.351797 0.0276542 0.919831 0.551185 0.0331951 0.964153
0.140664 0.101588 0.839262 0.871315 0.0537215 0.813514
0 0.248426 0.652951 0.99256 0.19144 0.515911
0.0145504 0.308855 0.578681 0.595566 0.275092 0.292328
0.32562 0.373765 0.343449 0.245239 0.308713 0.248231
0.632057 0.356853 0.266854 0.0994593 0.277327 0.274554
0.70772 0.289165 0.266904 0.128288 0.283441 0.26268
0.553989 0.616141 0.13054 0.314197 0.71233 0.107217
0.29108 0.849909 0.00697446 0.590563 1 0.00662449
0.288477 0.846203 0.00727443 0.561282 0.920895 0.0146489
end
gesture g6 hands 2
0.676281 0.0572107 0.99142 0.374969 0.0165011 1
0.408104 0.0576716 0.856268 0.657947 0.0483857 0.833224
0.30465 0.0930636 0.766771 0.827561 0.168095 0.639175
0.209053 0.226209 0.552525 0.848294 0.335716 0.436189
0.304443 0.439854 0.274611 0.693455 0.484238 0.274183
0.412252 0.506402 0.221695 0.326073 0.583596 0.186013
0.865087 0.588503 0.214458 0.160554 0.568276 0.208259
0.877924 0.58209 0.206569 0.163338 0.551025 0.210075
0.748578 0.623933 0.153141 0.409927 0.661063 0.114807
0.477585 0.73006 0.0706013 0.906427 0.955891 0.031361
0 0.942545 0 1 1 0.0253341
end
gesture g6 hands 2
0.585236 0.142456 0.918035 0.306447 0 0.97876
0.626749 0.131253 0.918476 0.33788 0.00153186 0.979369
0.487592 0.139104 0.848138 0.536977 0.0327474 0.846844
0.0319928 0.335013 0.473755 0.817691 0.255701 0.515656
0 0.4119 0.367996 0.816623 0.343561 0.418026
0.269357 0.619883 0.142757 0.503777 0.559191 0.210666
0.61486 0.647168 0.105613 0.183834 0.596303 0.190498
0.794394 0.643002 0.102209 0.00440657 0.576172 0.18367
0.797872 0.65111 0.0933645 0.672348 0.903241 0.0781833
0.618639 0.7271 0.0447914 0.973267 0.994211 0.0849482
0.00978695 0.91835 0.00344549 1 1 0.0909779
end
gesture g6 hands 2
0.646754 0.0851597 0.973308 0.378879 0.00872271 0.996176
0.64285 0.0652935 0.934764 0.506477 0.0252807 0.895718
0.488429 0.0968542 0.809297 0.785488 0.287224 0.517846
0.216346 0.30069 0.373359 0.722321 0.44832 0.324386
0.326154 0.469954 0.193721 0.472624 0.530976 0.227276
0.630486 0.564722 0.154131 0.241984 0.498089 0.273373
0.829244 0.549752 0.226637 0.143502 0.459603 0.296291
0.82793 0.538859 0.211984 0.331702 0.542145 0.169993
0.503699 0.707485 0.0557153 0.903801 0.875069 0.0239842
0.169589 0.901793 0.00394232 0.988811 0.917159 0.0261453
0 1 0.0186193 0.988648 0.954914 0.0251004
end
gesture g6 hands 2
0.631959 0.0553224 0.973164 0.362131 0.0133989 0.992346
0.338909 0.0932237 0.738933 0.61243 0.0685621 0.738777
0.212571 0.220905 0.517082 0.714411 0.21666 0.498229
0.232991 0.382479 0.288578 0.71624 0.306516 0.374205
0.410363 0.525945 0.124027 0.623258 0.474375 0.171822
0.571564 0.575681 0.0957751 0.504659 0.538782 0.113495
0.852835 0.586957 0.152278 0.269644 0.592303 0.101578
0.86744 0.576119 0.157646 0.146339 0.559399 0.158698
0.457247 0.727595 0.0144879 0.236839 0.613359 0.109745
0.182457 0.871117 0.00873487 0.785718 0.947863 0.00125849
0 0.915071 0.040094 1 0.998177 0.0123793
end
gesture g6 hands 2
0.726027 0.0656268 0.922754 0.513961 0.0193769 0.992651
0.705742 0.0525683 0.907989 0.92539 0.0824552 0.614721
0.468448 0.0629911 0.809601 1 0.210855 0.372876
0.0145256 0.208397 0.462128 0.767443 0.41903 0.134452
0.0497029 0.33908 0.298853 0.631224 0.466994 0.0928493
0.330007 0.472653 0.126484 0.139732 0.533572 0.052196
0.756997 0.50276 0.0412492 0.0407199 0.496076 0.0614875
0.801399 0.497876 0.0341426 0.175679 0.56224 0.0222026
0.763592 0.516188 0.0235709 0.603199 0.820039 0.0133083
0.311058 0.763041 0.0161995 0.782715 0.950245 0.0516001
0.10724 0.938983 0.0750386 0.856097 1 0.0742662
end
gesture g6 hands 2
0.72308 0.0545245 0.930661 0.606379 0.0212275 0.989595
0.617522 0.0507024 0.915443 0.568869 0 0.96083
0.12413 0.145537 0.644749 0.82475 0.0274701 0.820057
0.0448348 0.262365 0.427843 0.987006 0.236649 0.363338
0.128353 0.364998 0.248881 0.935662 0.298831 0.260867
0.627042 0.428323 0.0442949 0.36121 0.439919 0.0489071
0.902799 0.42714 0.00991514 0.00874449 0.450267 0.059914
0.851846 0.448898 0.00735278 0.000843977 0.445024 0.0610058
0.562544 0.602932 0.0127671 0.331709 0.652414 0.00347585
0.0593317 0.92968 0.0855596 0.478319 0.726721 0
0.0277478 0.951243 0.0976583 0.901216 0.978389 0.0429135
0.0 0.0 0.0 0.932688 1 0.0510684
end
gesture g6 hands 2
0.518969 0.0286425 0.995147 0.367042 0.0252131 0.980427
0.320454 0.0743247 0.839702 0.641497 0.0737575 0.72158
0.24073 0.118916 0.753216 0.685658 0.140925 0.631019
0.157917 0.247201 0.546718 0.671055 0.314061 0.439128
0.237102 0.403083 0.363662 0.515465 0.460831 0.29895
0.317081 0.457533 0.294798 0.388788 0.501935 0.255695
0.556721 0.532901 0.230481 0.175474 0.524671 0.264224
0.676261 0.528598 0.232507 0.119868 0.51702 0.271692
0.755345 0.504861 0.228549 0.121991 0.518959 0.249216
0.20151 0.805496 0.014277 0.450203 0.696308 0.0909438
0 0.941536 0 1 1 0.0268624
end
gesture g6 hands 2
0.743032 0.0744572 0.944901 0.521866 0 0.991643
0.674265 0.0714459 0.906302 0.628556 0.0351847 0.902357
0.278926 0.170214 0.707547 0.924472 0.14707 0.713289
0.136906 0.268556 0.547128 1 0.263831 0.521232
0.15379 0.46587 0.242372 0.810267 0.488629 0.177289
0.234152 0.505663 0.183634 0.315018 0.631404 0.0293518
0.665292 0.595514 0.0348242 0.000646437 0.582546 0.0337158
0.846426 0.584953 0.000109072 0.20832 0.664015 0.0134889
0.417218 0.791575 0.0442503 0.69067 0.909431 0.0667725
0.15345 0.927965 0.139602 0.93973 1 0.135286
0.0992546 0.964214 0.179182 0.944125 0.999384 0.137708
end
gesture g6 hands 2
0.669106 0.0894709 0.886742 0.571605 0.0289369 0.930335
0.713415 0.0524953 0.941881 0.516827 0.00224099 0.977051
0.359343 0.1196 0.713525 0.786519 0.0573255 0.785891
0.205834 0.253154 0.481043 0.94401 0.199468 0.516278
0.187018 0.307665 0.404652 0.93572 0.263199 0.425038
0.507242 0.550349 0.094297 0.682708 0.503016 0.131981
0.866966 0.57605 0.0287793 0.20648 0.605747 0.0243892
0.91718 0.568646 0.0227411 0.109939 0.597896 0.0215527
0.777269 0.626433 0.00602318 0.179614 0.621091 0.0113243
0.312926 0.83054 0.0412425 0.897584 0.966568 0.0520876
0 0.949463 0.125863 1 1 0.0672798
end
