gesture a02 hands 2
1.39257 0.871516 1.23905 0.859922 0.976057 1.13791
1.29144 0.990065 1.02861 0.938011 0.959876 1.11651
1.14431 1.09494 0.91452 0.947383 0.979079 1.10623
0.971513 1.12638 0.820735 0.960563 0.961573 1.0856
0.743486 1.18714 0.834609 0.982215 0.948214 1.04172
0.659298 1.15974 0.851348 0.990466 0.939984 1.01576
0.63475 1.17199 0.870569 0.965333 0.940279 1.01273
0.714023 1.15823 0.842016 0.962463 0.951954 1.04258
0.813584 1.16493 0.820068 0.968118 0.958843 1.04845
1.01491 1.10324 0.83395 0.96009 0.970145 1.04691
1.13672 1.13535 0.901423 0.947509 0.994373 1.07055
1.23291 1.10691 0.946733 0.949581 0.990863 1.05192
1.27801 1.11354 0.984716 0.945372 0.980654 1.07028
1.25365 1.09794 0.968184 0.939625 0.979557 1.08458
1.19613 1.11423 0.924117 0.945454 0.977333 1.08012
1.1074 1.10035 0.884027 0.939521 0.97812 1.0775
0.930747 1.14412 0.811118 0.960546 0.964717 1.03845
0.859497 1.1495 0.892135 0.962249 0.953039 1.05609
0.724709 1.12275 0.844325 0.971093 0.936445 1.0262
0.623098 1.10667 0.890341 0.971115 0.939982 1.03457
0.623746 1.10649 0.893159 0.967251 0.94003 1.04357
0.688516 1.1036 0.870993 0.965227 0.939668 1.0286
0.851646 1.05031 0.881784 0.941 0.997085 1.08868
0.959122 0.990146 0.898632 0.938404 0.981328 1.07094
1.04412 0.907905 0.957172 0.942033 0.979136 1.06524
1.1003 0.789346 1.10535 0.951264 0.969573 1.04433
1.10571 0.686571 1.24323 0.956336 0.969492 1.04845
1.04771 0.630724 1.37111 0.952823 0.960776 1.04933
0.952388 0.618776 1.4888 0.957921 0.966464 1.05509
0.962659 0.622587 1.49195 0.960083 0.965799 1.03878
0.974718 0.605048 1.49585 1.00011 0.966412 0.983166
1.01183 0.608452 1.46881 0.999157 0.961365 0.97195
1.01241 0.605959 1.46012 1.01175 0.961649 0.982421
0.999045 0.601922 1.45442 1.01745 0.960497 0.949819
end
gesture a02 hands 2
0.984167 0.703912 1.37226 1.012 0.960805 0.986313
0.988231 0.702483 1.37662 1.01362 0.960816 1.00674
0.996323 0.703206 1.38447 1.01632 0.964881 0.97967
1.00506 0.707939 1.36889 1.01843 0.964362 0.998355
1.03054 0.709186 1.36743 1.00937 0.967606 0.999851
1.08505 0.71346 1.36118 1.01198 0.96848 1.02728
1.19729 0.740622 1.3298 0.996335 0.96556 1.02831
1.27761 0.786143 1.29186 0.984724 0.966569 1.01025
1.33565 0.850574 1.23768 0.991555 0.958771 1.03609
1.32062 0.952842 1.05917 0.979369 0.967285 1.02684
1.22928 1.02137 0.921154 0.972452 0.954863 1.06476
1.0332 1.04233 0.902892 0.964229 0.950526 1.06965
0.807952 1.09977 0.837297 0.975667 0.957182 1.05559
0.618606 1.16085 0.842315 0.979827 0.944727 1.03682
0.541482 1.16847 0.903906 0.964757 0.972164 1.05013
0.547656 1.16638 0.892613 0.952842 0.94662 1.04462
0.62262 1.15278 0.842137 0.946042 0.959131 1.08082
0.737305 1.14895 0.794415 0.941144 0.98485 1.0644
0.966367 1.155 0.967417 0.934642 0.984964 1.08749
1.06619 1.1689 0.798931 0.928534 0.979146 1.08906
1.1942 1.13355 0.863317 0.927135 0.973264 1.09285
1.21888 1.1368 0.901291 0.92349 0.973762 1.07444
1.18461 1.11997 0.874326 0.927723 0.975332 1.06507
1.08448 1.14056 0.818682 0.922174 0.977952 1.06271
0.976235 1.12402 0.796584 0.930695 0.967111 1.05926
0.861711 1.13322 0.845355 0.942468 0.962726 1.04499
0.692308 1.12192 0.808227 0.946191 0.98293 1.02412
0.630656 1.12888 0.839375 0.949023 0.979098 1.01648
0.657822 1.13245 0.852925 0.944137 0.978056 1.04114
0.745583 1.11174 0.822001 0.948299 0.996314 1.04804
0.847994 1.09248 0.819645 0.936667 0.994184 1.05594
0.95368 1.06046 0.827994 0.940008 0.988522 1.06973
1.0899 0.987913 0.901506 0.945946 0.975961 1.05055
1.14197 0.961522 0.969424 0.951488 0.967289 1.07307
1.1754 0.872397 1.07124 0.961188 0.96494 1.06716
1.14593 0.767296 1.22904 0.975087 0.966226 1.03384
1.08641 0.725401 1.33354 0.995191 0.970613 1.00534
0.999954 0.703714 1.42934 0.978462 0.963087 1.0197
0.986962 0.73752 1.41606 1.00239 0.95972 1.00156
end
gesture a02 hands 2
1.02816 0.678478 1.37124 1.01386 0.965995 0.982125
1.01706 0.680742 1.38036 1.00848 0.9619 0.999163
1.01436 0.676761 1.3796 0.992783 0.968569 1.02064
1.01729 0.678829 1.37585 1.00402 0.963431 1.00988
1.02808 0.68768 1.35519 1.00302 0.96866 0.993006
1.08766 0.699752 1.29596 0.999963 0.966572 1.00573
1.19133 0.737508 1.20762 0.987081 0.958276 1.00712
1.31905 0.85983 1.11305 0.984958 0.958719 1.02927
1.31516 0.952438 1.00816 0.98007 0.953542 1.02189
1.21748 1.02895 0.892403 0.984918 0.962627 1.01267
0.989338 1.09931 0.812242 0.977469 0.964021 0.994316
0.837427 1.11806 0.870248 0.981918 0.969622 1.00351
0.632854 1.1763 0.824845 0.974834 0.980438 1.00317
0.546422 1.19792 0.923066 0.990535 0.950879 1.00802
0.551994 1.19863 0.923452 0.967415 0.95159 1.04512
0.603461 1.19171 0.870948 0.958459 0.958538 1.06722
0.757723 1.19903 0.771284 0.951393 0.980342 1.05438
0.937906 1.19973 0.867092 0.929484 0.971611 1.10239
1.05396 1.1963 0.821579 0.941742 0.959151 1.06414
1.21784 1.1667 0.888346 0.917837 0.971559 1.13065
1.27582 1.15208 0.924188 0.927114 0.977322 1.10095
1.27177 1.14571 0.927574 0.912428 0.982266 1.12947
1.18115 1.14068 0.858698 0.916249 0.985588 1.10638
1.07047 1.16153 0.818898 0.914274 0.978575 1.10145
0.957632 1.13838 0.893555 0.933253 0.969241 1.05295
0.770218 1.15676 0.777402 0.922325 0.960257 1.05953
0.717035 1.14485 0.812545 0.981019 0.950203 1.01806
0.696279 1.14111 0.822989 0.972334 0.937677 1.01898
0.753068 1.10374 0.830651 0.98573 0.945583 1.0133
0.82203 1.04711 0.840996 0.931473 1.00796 1.04601
0.910648 0.967051 0.889094 0.940833 0.985415 1.06031
1.01968 0.830465 1.0162 0.93515 0.985652 1.11476
1.08131 0.74022 1.16931 0.952041 0.97229 1.07322
1.086 0.692643 1.32225 0.959851 0.968316 1.05491
1.01378 0.685562 1.44469 0.967157 0.963995 1.06909
1.0354 0.68882 1.50111 0.978144 0.968992 1.05976
1.01538 0.709296 1.45912 0.971053 0.969822 1.0144
end
gesture a02 hands 2
0.926431 0.544745 1.39639 0.98631 0.933989 1.04337
0.923757 0.543772 1.39836 0.983814 0.935917 1.04104
0.926678 0.535679 1.39441 0.983169 0.937639 1.04193
0.929773 0.530696 1.39875 0.964964 0.940262 1.05103
0.930844 0.531038 1.39763 0.977245 0.943224 1.03958
0.91552 0.536903 1.37807 0.988266 0.95846 1.02776
0.930034 0.537536 1.3933 0.9913 0.932167 1.03131
1.09064 0.541939 1.36339 0.995566 0.923793 1.03089
1.12355 0.56946 1.37078 0.996208 0.912676 1.0324
1.1981 0.603584 1.31876 1.00276 0.913257 1.03156
1.27454 0.676954 1.29977 1.00412 0.916315 1.02639
1.38112 0.814216 1.23712 0.990922 0.920323 1.03237
1.44074 0.897268 1.17511 0.983068 0.9309 1.03541
1.45012 0.985611 1.10572 0.985623 0.936808 1.03924
1.31761 1.09342 0.912489 0.972811 0.94258 1.0639
1.13118 1.16241 0.808775 0.980673 0.950113 1.04878
0.779155 1.21274 0.763008 0.959546 1.01922 1.03232
0.609907 1.20945 0.84131 0.964342 1.00162 1.05225
0.528935 1.20263 0.927773 0.973662 0.961993 1.04393
0.489642 1.21072 0.962432 0.987613 0.940301 1.05138
0.528849 1.22989 0.894337 0.971676 0.989193 1.04993
0.611405 1.26126 0.79559 0.941818 1.00315 1.07055
0.926603 1.26548 0.673205 0.948266 0.990961 1.04833
1.12151 1.27307 0.716671 0.970672 0.984381 1.04372
1.27446 1.20812 0.819475 0.936492 0.979517 1.00149
1.33719 1.20393 0.875271 0.958113 1.00006 1.04923
1.28786 1.2002 0.845381 0.942918 0.968167 1.0114
1.17811 1.22317 0.787995 0.96067 0.968606 1.04564
0.873065 1.24907 0.734617 1.01286 0.988217 1.01701
0.719923 1.26412 0.755483 0.986641 1.00979 1.03139
0.561113 1.24556 0.850399 0.92343 1.02067 1.02076
0.507716 1.21598 0.962867 0.980013 0.973061 1.04322
0.503945 1.21283 0.97715 0.977259 0.968557 1.04179
0.55881 1.21726 0.913553 0.964303 0.985103 1.04847
0.759859 1.21847 0.806226 0.945009 1.01861 1.04646
0.926146 1.20127 0.821096 0.938983 1.00371 1.04786
1.14718 1.16451 0.783229 0.935724 1.02376 1.05981
1.24217 1.18765 0.827605 0.937479 1.01639 1.04272
1.23087 1.17714 0.857895 0.961152 0.989411 1.04328
1.19583 1.09555 0.911134 0.972213 0.978886 1.03766
1.14579 0.891993 1.04107 0.987812 0.966203 1.0236
1.11131 0.718907 1.13583 0.97693 0.963578 1.02374
1.05338 0.610235 1.26644 0.969998 0.982434 0.996936
0.961033 0.576148 1.41891 0.913107 1.03277 1.01883
end
gesture a02 hands 2
0.909647 0.460245 1.41854 1.00994 0.903563 1.03434
0.917505 0.457674 1.42666 1.01352 0.909296 1.042
0.923568 0.455466 1.43787 1.02029 0.907615 1.0339
0.926464 0.460396 1.42304 1.01968 0.909758 1.03884
1.17185 0.544364 1.26909 1.02059 0.901806 1.03726
1.2331 0.645751 1.20053 1.02235 0.905361 1.03495
1.30315 0.772163 1.13426 1.00942 0.898052 1.04422
1.33893 0.946776 1.07742 1.00018 0.897 1.04965
1.35452 1.02463 1.00745 0.999813 0.896852 1.04796
1.31564 1.08144 0.935274 0.985067 0.9121 1.05738
1.10016 1.19659 0.794715 0.96212 0.963996 1.0571
0.862125 1.23651 0.776038 0.967863 0.981387 1.05659
0.697905 1.23512 0.821986 0.963174 1.00714 1.0611
0.524225 1.19705 0.95139 0.953382 0.973554 1.06519
0.49159 1.19042 0.989139 0.966871 0.988248 1.05985
0.51882 1.21167 0.976319 0.97091 0.96836 1.06
0.691078 1.24797 0.874702 0.988185 0.944251 1.05462
0.83956 1.27723 0.783163 0.949824 1.00401 1.05959
1.02212 1.2985 0.767209 0.956171 0.980288 1.06677
1.24741 1.2169 0.858977 0.951211 0.986734 1.04881
1.31091 1.2038 0.924017 0.941656 1.00362 1.04259
1.30375 1.20396 0.923149 0.94098 1.01282 1.05685
1.186 1.23661 0.847539 0.912268 1.00247 1.04257
1.02823 1.28035 0.817705 0.893474 1.01543 1.05382
0.893007 1.25627 0.789782 0.891115 1.00954 1.05562
0.610371 1.27026 0.830189 0.950591 1.03361 1.06052
0.52992 1.23797 0.933768 0.955972 1.00377 1.057
0.532384 1.22396 0.970389 0.98524 0.958251 1.05943
0.609402 1.23558 0.928312 0.990709 0.928905 1.05712
0.707225 1.26314 0.841238 0.972576 0.957591 1.05569
0.894495 1.22992 0.782065 0.924135 1.00214 1.05419
1.15645 1.20339 0.803823 1.01323 0.983242 0.999295
1.21695 1.13956 0.85056 1.02757 0.987777 1.00702
1.24403 1.05816 0.889009 1.0054 0.999791 0.992496
1.22855 0.845413 1.00658 0.986002 1.01308 0.956856
1.20632 0.667207 1.14031 0.918751 1.02918 1.01002
1.17796 0.572181 1.26296 0.882346 1.0064 1.01437
1.02669 0.47803 1.43613 0.892777 1.0034 1.00451
0.950842 0.46858 1.51788 0.903682 0.997478 1.01568
0.940352 0.474996 1.43416 0.933442 0.984017 1.01548
0.924711 0.437585 1.43285 1.02065 0.917521 1.02524
end
gesture a02 hands 2
0.91862 0.517166 1.38062 1.023 0.909301 1.03634
0.924431 0.513041 1.38721 1.01214 0.929796 1.03897
0.917074 0.517836 1.37414 1.01461 0.925126 1.04232
0.923151 0.514194 1.37709 1.01669 0.924625 1.041
0.921002 0.515633 1.37399 1.00414 0.92529 1.05296
0.919856 0.505947 1.3745 0.999655 0.926856 1.05554
0.9186 0.508601 1.37539 1.00724 0.925808 1.04828
0.933636 0.51457 1.38224 1.01421 0.924715 1.04319
1.02261 0.539726 1.32368 1.0157 0.919176 1.0478
1.17565 0.609393 1.22667 1.01579 0.92362 1.04665
1.31527 0.791121 1.13098 1.01212 0.922214 1.05213
1.36034 0.946829 1.04619 1.0049 0.925654 1.05375
1.36983 1.08178 1.00892 1.00065 0.924053 1.05585
1.35801 1.22437 0.901609 0.977562 0.946468 1.06685
1.22969 1.2889 0.827155 0.967035 0.965746 1.04682
1.03303 1.38025 0.782842 0.971874 0.971501 1.07384
0.728747 1.35559 0.776486 0.969812 0.975726 1.06795
0.558475 1.29202 0.870662 0.967946 1.044 1.05489
0.505859 1.26597 0.950434 0.993908 0.969396 1.06276
0.504584 1.26797 0.946705 0.958767 0.976163 1.07682
0.593904 1.29861 0.86278 0.980367 0.954074 1.06302
0.727212 1.32659 0.764201 0.95982 0.990772 1.05574
1.02251 1.36298 0.714454 0.941931 0.997411 1.05247
1.21292 1.30057 0.778202 0.948122 1.01975 1.00068
1.31312 1.25247 0.841047 0.942643 1.02395 0.995309
1.34185 1.233 0.879665 0.947055 1.00743 0.973423
1.27918 1.26763 0.823205 0.936816 1.01205 0.945311
1.15092 1.29053 0.756176 0.91807 1.02157 0.957969
0.863831 1.3325 0.743181 0.891783 1.04433 0.938385
0.705806 1.31854 0.740894 0.957368 0.995437 1.03516
0.578254 1.28792 0.84582 0.914773 1.04132 1.05455
0.535204 1.2691 0.907488 0.968652 0.988784 1.04912
0.560315 1.27921 0.906223 0.985122 0.949177 1.04586
0.703674 1.29587 0.812598 0.967015 0.982742 1.06318
0.985662 1.29829 0.722128 0.917965 1.00674 1.07055
1.1487 1.27759 0.759508 0.945541 1.00692 1.0586
1.22976 1.18767 0.815579 0.949351 0.996368 1.01263
1.2766 1.04336 0.892313 0.913916 1.02512 1.00877
1.24468 0.949548 0.939167 0.932802 1.03652 0.956188
1.20965 0.798664 1.01746 0.883158 1.00745 1.01182
1.1314 0.571531 1.20657 0.896409 0.993235 1.01408
1.05229 0.561083 1.28024 0.983904 0.973259 1.04432
0.918383 0.531831 1.37454 0.998351 0.944697 1.04359
0.911564 0.529994 1.37608 1.01054 0.928343 1.03916
0.915622 0.535335 1.37648 1.02107 0.930412 1.03965
0.914201 0.529627 1.37817 1.01712 0.941777 1.04703
end
gesture a02 hands 2
1.01289 0.675543 1.3423 0.974042 0.975974 1.01923
1.0045 0.674029 1.34042 0.973889 0.974235 1.03892
1.0054 0.673583 1.34268 0.978651 0.981481 1.02864
1.01288 0.671087 1.34924 0.971654 0.975333 1.0342
1.00892 0.670081 1.35067 0.977161 0.978055 1.02541
1.01982 0.67049 1.35012 0.977729 0.977565 1.00714
1.01451 0.669905 1.35325 0.988156 0.978632 1.0115
1.01547 0.672744 1.33027 0.981759 0.979284 1.02725
1.07128 0.666628 1.29743 0.98258 0.973819 1.02398
1.15261 0.692487 1.23479 0.969959 0.974291 1.02495
1.25538 0.827608 1.13463 0.968393 0.968986 1.05038
1.32528 0.885874 1.07501 0.967845 0.973761 1.04543
1.32457 0.944765 0.996668 0.973705 0.970832 1.06048
1.23123 1.01553 0.867687 0.967228 0.96665 1.0565
1.09208 1.05452 0.794288 0.963033 0.970459 1.03737
0.949751 1.03327 0.782298 0.962451 0.978775 1.02847
0.723113 1.1373 0.796308 0.962101 0.95765 1.06321
0.613229 1.16406 0.877225 0.951076 0.927675 1.03489
0.509323 1.17517 0.971518 0.92743 0.915743 1.04607
0.44534 1.18897 1.09234 0.949126 0.914316 1.09005
0.432519 1.18607 1.14549 0.925048 0.922844 1.0909
0.42371 1.19149 1.14207 0.944641 0.92593 1.09056
0.443982 1.18684 1.08906 0.941634 0.936904 1.07774
0.469931 1.18342 1.01184 0.95425 0.935803 1.08156
0.510221 1.18121 0.93618 0.96182 0.937442 1.12345
0.64586 1.1817 0.814764 0.952912 0.986944 1.10045
0.750721 1.18305 0.757611 0.953488 0.986468 1.08019
0.862905 1.1847 0.725077 0.954497 0.978579 1.06859
1.04273 1.19786 0.680646 0.952908 0.984615 1.03404
1.16664 1.19097 0.715984 0.955565 0.984868 1.02883
1.26941 1.19487 0.743271 0.958691 0.979734 1.03085
1.37794 1.1864 0.801237 0.962773 0.977225 1.01654
1.4114 1.1684 0.843597 0.957406 0.976219 1.01761
1.40359 1.13183 0.857531 0.965392 0.976683 1.0024
1.36071 0.984169 0.928048 0.973361 0.979896 1.02364
1.31334 0.882338 1.01393 0.975901 0.977591 0.980258
1.23513 0.766809 1.12578 0.986459 0.97633 1.02285
1.10644 0.670656 1.28113 0.99211 0.974334 0.994964
end
gesture a02 hands 2
1.02159 0.647948 1.41187 0.976205 0.972637 1.01798
1.01718 0.653693 1.41079 0.979134 0.972341 1.01926
1.02086 0.650045 1.41391 0.978727 0.965643 1.03622
1.02448 0.646473 1.41663 0.9758 0.96938 1.03037
1.01828 0.645727 1.40434 0.976269 0.962223 1.03234
1.05672 0.641272 1.37281 0.984325 0.962349 1.04113
1.13908 0.651684 1.30101 0.980654 0.966173 1.02944
1.22202 0.706996 1.1895 0.988383 0.96519 1.0215
1.2862 0.817325 1.0872 0.992106 0.965047 1.01493
1.32884 0.932655 0.955641 0.988029 0.965973 1.0072
1.30443 1.00853 0.882865 0.973155 0.970632 1.01605
1.18757 1.10302 0.788629 0.956761 0.967453 1.03388
1.06417 1.13037 0.786763 0.968732 0.979048 1.01344
0.993687 1.1272 0.862986 0.961122 0.980919 1.01773
0.805494 1.17401 0.781031 0.961199 0.983057 1.02942
0.686521 1.17668 0.8095 0.957104 0.9689 1.02206
0.589583 1.17956 0.869541 0.961609 0.981013 1.06039
0.482407 1.17378 0.980728 0.965002 0.973566 1.08503
0.44184 1.17618 1.0239 0.936647 0.982872 1.14744
0.393991 1.16879 1.09937 0.972307 0.94354 1.21761
0.385302 1.17528 1.0933 0.99724 0.921839 1.23427
0.397189 1.18444 1.05572 0.978784 0.91889 1.18874
0.445178 1.19491 0.950436 0.936103 0.924573 1.14972
0.504288 1.2024 0.868072 0.964974 0.958297 1.09419
0.597713 1.2089 0.810098 0.968797 0.95151 1.06056
0.73879 1.22572 0.714728 0.945825 0.956463 1.05655
0.858341 1.22906 0.690973 0.953206 0.964929 1.02245
0.952388 1.18165 0.694727 0.948438 0.993258 1.04389
1.1511 1.22325 0.689945 0.942039 0.990865 1.01121
1.25083 1.21734 0.74155 0.941662 0.987495 0.998561
1.33304 1.19972 0.780061 0.946654 0.977575 0.998242
1.39415 1.16536 0.827325 0.954891 0.968369 0.999007
1.4129 1.11546 0.863636 0.949923 0.97876 0.970427
1.39271 1.05442 0.90809 0.958358 0.971237 0.97962
1.34662 0.931196 0.979228 0.958032 0.985638 0.950273
1.30355 0.833732 1.06099 0.966724 0.979081 0.998979
1.25219 0.735305 1.16268 0.974732 0.982025 0.990921
1.13814 0.640027 1.31333 0.975226 0.977757 0.989936
1.06134 0.620034 1.37917 0.985521 0.970603 0.999934
1.0018 0.641016 1.40682 0.982181 0.972779 1.00391
1.00451 0.649422 1.40009 0.977288 0.977353 1.00346
end
gesture a02 hands 2
1.04436 0.657102 1.39302 0.983876 0.973301 1.02636
1.04413 0.656343 1.38576 0.986306 0.974563 1.02612
1.04331 0.659996 1.38472 0.986606 0.974745 1.0235
1.04852 0.658138 1.38446 0.984298 0.973155 1.02086
1.05513 0.662774 1.38961 0.99064 0.97248 1.02087
1.05857 0.659564 1.38212 0.992636 0.969676 1.02191
1.06845 0.653176 1.3452 0.9913 0.966384 1.02471
1.1711 0.678864 1.19354 0.979301 0.964144 1.04793
1.2296 0.753256 1.05319 0.983754 0.973692 1.02693
1.25459 0.875734 0.934433 0.971963 0.97028 1.04505
1.20758 1.01379 0.804774 0.963027 0.967784 1.01679
1.12771 1.09933 0.75796 0.953319 0.971782 1.00814
1.0707 1.12905 0.822087 0.950622 0.977579 1.01768
0.914024 1.19266 0.858143 0.947261 0.979699 1.03016
0.767748 1.23745 0.744097 0.952399 0.983839 1.02835
0.656646 1.24571 0.80351 0.973641 0.962969 1.0749
0.550189 1.24923 0.888855 0.959675 0.963667 1.07696
0.506742 1.24967 0.94173 0.922037 0.969132 1.07596
0.478696 1.25072 0.968889 0.93332 0.953293 1.09698
0.483957 1.2513 0.968628 0.952826 0.948016 1.09882
0.491192 1.2506 0.955683 0.942072 0.955323 1.12126
0.531812 1.24975 0.903569 0.946808 0.96681 1.1009
0.627944 1.24955 0.825891 0.947279 0.966781 1.12358
0.702832 1.25063 0.79306 0.925674 0.922549 1.06814
0.792809 1.24982 0.739171 0.934022 0.912719 1.06949
0.936179 1.24516 0.716148 0.942024 0.9645 1.03413
1.05742 1.2358 0.836078 0.94777 0.977469 1.01963
1.10281 1.24824 0.80707 0.943081 0.968489 1.03738
1.19049 1.24383 0.744557 0.950826 0.972139 1.01708
1.23045 1.22564 0.739763 0.959185 0.980973 1.0045
1.25469 1.1759 0.767981 0.963828 0.982816 0.9993
1.26649 1.02799 0.827024 0.97414 0.982045 1.00811
1.25194 0.910274 0.909523 0.964034 0.974561 1.02236
1.2537 0.771095 1.06637 0.977313 0.973557 0.998899
1.1632 0.649137 1.24891 0.993912 0.969164 1.03248
1.08035 0.632165 1.37471 0.995302 0.964122 1.03547
1.05169 0.643852 1.40267 0.99214 0.964071 1.03132
1.0708 0.644823 1.40878 0.993636 0.969389 1.03318
1.06524 0.647522 1.38698 0.998997 0.974555 1.01534
1.0582 0.653588 1.3872 0.983181 0.9756 1.04131
end
gesture a02 hands 2
0.983922 0.848176 1.12701 0.983112 0.980755 0.983641
0.977642 0.854102 1.12083 0.980037 0.96794 1.0024
0.987662 0.858086 1.11486 0.989269 0.966219 1.00585
0.979925 0.853592 1.11645 0.991086 0.968399 1.0037
0.994147 0.853063 1.12747 0.967843 0.996838 0.995034
0.981423 0.85531 1.13339 0.983223 0.961509 1.02282
0.971182 0.846394 1.13842 0.979094 0.964588 1.00336
0.973607 0.849846 1.12051 0.992863 0.961467 1.00667
0.992277 0.850057 1.12752 0.97524 0.963607 1.00055
0.951872 0.853552 1.16062 0.979193 0.970443 1.01505
0.973933 0.852587 1.11571 0.985031 0.963141 1.00418
0.979582 0.853501 1.11655 0.958199 0.988892 1.00971
0.976669 0.846083 1.13297 0.968827 0.96726 1.03437
0.969759 0.849466 1.1341 0.987136 0.963285 1.00649
0.970598 0.851451 1.14864 0.98375 0.963452 1.01401
0.962253 0.855244 1.15099 0.986006 0.963905 1.0092
0.980488 0.856221 1.13412 0.983939 0.965423 1.01301
0.970374 0.856614 1.13832 0.980968 0.96698 1.01266
0.986953 0.860158 1.14811 0.987328 0.961348 1.01391
0.986495 0.865127 1.11554 0.966046 0.983485 1.00454
0.982181 0.856174 1.14007 0.996965 0.976922 0.993264
0.998554 0.855505 1.1317 0.98455 0.964388 1.01057
1.03089 0.866267 1.09177 0.988945 0.954575 1.02523
1.07939 0.893134 1.04415 0.981592 0.967047 0.991716
1.11381 0.936224 0.990898 0.979107 0.966031 0.985946
1.14301 1.04909 0.891069 0.963122 0.962578 1.00233
1.09754 1.11868 0.830948 0.966788 0.972776 1.00236
1.01285 1.19163 0.75358 0.960599 0.971004 1.01226
0.706348 1.21008 0.745126 0.955823 0.98104 1.0377
0.5839 1.2438 0.79142 0.955067 0.95911 1.10643
0.553484 1.26679 0.892985 0.955606 0.972991 1.13407
0.594142 1.27177 0.874601 0.954278 0.967854 1.10029
0.660241 1.2533 0.804489 0.937167 0.964668 1.09173
0.785979 1.25542 0.703782 0.93859 0.968539 1.09055
1.06992 1.25001 0.703033 0.931092 0.97275 1.1038
1.18717 1.2502 0.76722 0.937048 0.984602 1.10206
1.24108 1.24662 0.828827 0.944742 0.986017 1.1052
1.22877 1.22389 0.848432 0.946295 0.973815 1.06048
1.18985 1.19295 0.85058 0.944561 0.971399 1.066
1.13173 1.12996 0.863037 0.948754 0.975213 1.04254
1.05146 0.976777 0.956306 0.970799 0.979426 1.03735
1.00993 0.87947 1.08855 0.962828 0.982542 1.01772
1.00398 0.829548 1.24257 0.958494 0.979393 1.00175
1.01421 0.835165 1.29159 0.962071 0.969834 1.03393
1.00303 0.831526 1.24874 0.947544 0.984246 1.03569
1.00916 0.820134 1.23706 0.961877 0.957565 1.04081
end
gesture a02 hands 2
0.989894 0.758898 1.23176 0.968161 0.946764 1.00238
0.980245 0.767411 1.21844 0.963122 0.94144 1.01699
0.98105 0.763549 1.23012 0.970279 0.940259 1.02326
0.979332 0.772739 1.20704 0.972388 0.946607 1.01161
0.983054 0.770407 1.21386 0.949121 0.963617 0.994757
0.98656 0.767916 1.21697 0.96611 0.941137 1.02352
0.982179 0.774564 1.19952 0.956861 0.956395 0.992501
0.981665 0.776793 1.19498 0.965665 0.949929 0.998641
0.987925 0.769194 1.21259 0.959462 0.954147 0.989311
1.00011 0.777534 1.1884 0.954377 0.956759 0.997739
1.00796 0.789919 1.16278 0.957096 0.956094 0.995252
1.04078 0.813502 1.12115 0.942446 0.949384 1.0167
1.13657 0.905321 1.00759 0.941077 0.956619 1.01007
1.14829 1.00808 0.934702 0.948027 0.955063 1.0212
1.10493 1.10601 0.866786 0.938658 0.955773 1.05717
0.925128 1.20893 0.7727 0.924712 0.954113 1.1206
0.727444 1.21869 0.804029 0.939043 0.958512 1.12778
0.588283 1.21301 0.832793 0.934074 0.971321 1.1501
0.556822 1.23016 0.888958 0.931434 0.967036 1.10786
0.610512 1.23762 0.8549 0.938865 0.966514 1.11184
0.736601 1.23218 0.79567 0.93733 0.958114 1.11476
0.964391 1.22509 0.756691 0.946204 0.957424 1.08778
1.07641 1.2474 0.79041 0.929126 0.957202 1.05144
1.12875 1.23993 0.827479 0.945351 0.961451 1.09358
1.13843 1.19849 0.881063 0.966361 0.961654 1.02961
1.12395 1.12456 0.918447 0.959812 0.9606 1.06447
1.10012 1.01127 0.949497 0.977832 0.97166 1.01609
1.04525 0.832889 1.12463 0.980052 0.982778 0.994436
1.01468 0.785574 1.231 0.973673 0.957399 1.03157
1.00755 0.769207 1.28121 0.956267 0.962482 1.09942
1.01009 0.768548 1.26065 0.964187 0.94942 1.04391
end
gesture a02 hands 2
1.01983 0.767257 1.21764 0.964191 0.938396 1.02841
1.01695 0.764011 1.20169 0.973432 0.943159 1.01261
1.01335 0.760267 1.20696 0.961176 0.941472 1.0202
1.02476 0.765027 1.19352 0.980146 0.936554 1.0209
1.06762 0.793431 1.12988 0.94954 0.937971 1.0327
1.10012 0.842794 1.06792 0.955425 0.943435 0.999312
1.14457 0.924245 0.968087 0.937485 0.939786 1.01356
1.14715 1.07059 0.912546 0.938784 0.955394 1.00125
1.05818 1.13793 0.8434 0.928118 0.963908 1.03634
0.924005 1.16514 0.78953 0.940228 0.961849 1.09603
0.650341 1.18846 0.833488 0.9327 0.961183 1.13674
0.533713 1.1738 0.879647 0.926551 0.955524 1.11671
0.506379 1.19605 0.940835 0.933754 0.954561 1.11628
0.590998 1.2278 0.89468 0.917693 0.973476 1.15502
0.701918 1.23078 0.810068 0.913821 0.969504 1.13712
0.859913 1.22539 0.755762 0.908395 0.964322 1.09133
1.05309 1.22645 0.788072 0.946107 0.957546 1.06705
1.10446 1.2109 0.836406 0.926291 0.95865 1.03659
1.12474 1.15754 0.894282 0.935186 0.963937 1.04289
1.12168 1.00636 0.970874 0.959278 0.981548 1.00258
1.09571 0.866381 1.08926 0.97122 0.959713 1.05455
1.04835 0.793546 1.2061 0.977742 0.971632 0.997751
1.00818 0.771147 1.31954 0.968562 0.954383 1.05453
1.00558 0.756494 1.30921 0.993159 0.963466 1.01698
1.01058 0.759896 1.30198 0.968276 0.942687 1.02806
1.02923 0.761185 1.23651 0.949688 0.945369 1.03025
1.03431 0.77021 1.19777 0.981697 0.944541 1.02703
1.02669 0.777207 1.2067 0.956915 0.941802 1.02231
1.01737 0.77587 1.16804 0.964438 0.946945 1.00242
end
gesture a02 hands 2
0.965778 0.693187 1.28452 0.926388 0.951405 1.01335
0.994352 0.700665 1.28012 0.925125 0.942869 1.03344
0.968738 0.690186 1.28462 0.937415 0.935183 1.01345
0.994995 0.695092 1.28185 0.930925 0.94103 1.00406
0.955536 0.699769 1.33527 0.967449 0.927819 1.01884
1.01523 0.68328 1.32127 0.983842 0.928609 1.0416
1.05861 0.691125 1.29468 0.961051 0.930175 1.03942
1.15868 0.722928 1.28532 0.956841 0.937365 1.00768
1.26242 0.851081 1.18199 0.990758 0.943066 1.05961
1.26661 0.912152 1.11923 0.988575 0.949491 1.05566
1.24607 0.968722 1.01771 0.98529 0.958664 1.04991
1.10539 1.04836 0.858305 0.97358 0.97129 1.04531
0.948833 1.09232 0.810791 0.974268 0.981451 1.04843
0.800802 1.10637 0.856433 0.972399 0.99101 1.04787
0.628317 1.1686 0.933253 0.978463 0.988463 1.03463
0.583022 1.17756 1.04282 0.976703 0.975659 1.04049
0.579038 1.16798 1.06354 0.972504 0.978228 1.04687
0.612949 1.18169 0.993289 0.965651 0.997642 1.05395
0.696923 1.21301 0.880541 0.965299 1.00452 1.04676
0.838131 1.22135 0.788689 0.959798 0.995077 1.03524
1.11535 1.16237 0.809901 0.958504 0.99159 1.0461
1.22321 1.10029 0.903137 0.954128 0.979323 1.04835
1.26429 1.07635 0.950992 0.950178 0.982851 1.04643
1.22972 1.06084 0.933147 0.96747 0.982382 1.04566
1.15613 1.07954 0.877236 0.972293 0.985931 1.04282
1.06038 1.09349 0.818981 0.976736 0.99005 1.00851
0.817441 1.11004 0.817197 0.976628 0.977419 1.03507
0.691361 1.10489 0.883167 0.9735 0.982114 1.02385
0.59945 1.09891 0.975329 0.974601 0.975148 1.03599
0.589432 1.08651 1.02884 0.977192 0.974912 1.0322
0.627598 1.10118 0.96295 0.981417 0.971603 1.03228
0.733038 1.12325 0.862634 0.972806 0.977489 1.05867
0.960006 1.07379 0.785742 0.972752 0.973474 1.03945
1.16256 1.08362 0.879344 0.968578 0.969019 1.05234
1.22871 1.03272 0.961025 0.970153 0.970541 1.05376
1.24407 0.986656 1.01393 0.963828 0.974244 1.02457
1.22995 0.94846 1.00497 0.970402 0.972183 1.04372
1.19999 0.912846 1.03833 0.967434 0.980138 1.02664
1.14503 0.835109 1.11418 0.973094 0.978403 1.03035
1.10215 0.772726 1.19956 0.969228 0.96976 1.02608
1.05029 0.723785 1.24343 0.984027 0.959769 1.04044
0.964962 0.704982 1.34108 0.986742 0.961965 1.04014
end
gesture a02 hands 2
1.02463 0.765787 1.25182 0.974218 0.955072 1.04597
0.976481 0.755613 1.29567 0.971483 0.948581 1.0432
1.00249 0.746893 1.28092 0.925394 0.956245 1.02004
0.997115 0.745115 1.26105 0.934208 0.953295 1.0224
1.02143 0.750138 1.25438 0.933917 0.953081 1.01742
1.02186 0.752071 1.24948 0.943548 0.944971 1.03034
0.992925 0.74575 1.27493 0.950415 0.94429 1.03502
1.00443 0.754839 1.30151 0.966069 0.950391 1.06497
1.07061 0.750969 1.25683 0.99338 0.94066 1.04223
1.12773 0.761003 1.19723 1.00152 0.951268 1.0308
1.19711 0.838645 1.10782 0.975666 0.951811 1.07794
1.18288 0.894466 1.02059 0.959026 0.956324 1.08129
1.10901 0.967336 0.877336 0.96923 0.95471 1.0894
0.878359 1.05063 0.797968 0.971551 0.967352 1.07352
0.779612 1.06498 0.828826 0.964599 0.980705 1.06088
0.610495 1.17922 0.944017 0.964469 0.987848 1.05795
0.550929 1.18081 1.03398 0.965719 0.973623 1.05975
0.570615 1.24106 1.03126 0.978119 0.979014 1.04486
0.628009 1.26593 0.974086 0.978482 0.975825 1.04294
0.785372 1.25455 0.795997 0.955101 0.989828 1.06775
0.96226 1.15957 0.719951 0.975946 0.974402 1.03433
1.15119 1.12891 0.782909 0.952878 0.963246 1.0602
1.25607 1.05284 0.904107 0.950199 0.966172 1.05372
1.21756 1.05841 0.901514 0.950473 0.966054 1.05881
1.09919 1.05612 0.796318 0.956246 0.9712 1.03567
0.859668 1.07789 0.781341 0.977037 0.985361 1.0124
0.711849 1.13484 0.84251 0.975773 0.99021 1.0256
0.611868 1.14326 0.947545 0.978329 0.985585 1.01669
0.601793 1.14673 1.01025 0.984766 0.97879 1.02777
0.635831 1.15585 0.954664 0.972009 0.982537 1.0279
0.729985 1.17158 0.848709 0.973569 0.979531 1.02374
0.976369 1.11305 0.742971 0.981152 0.979016 1.02069
1.18651 1.11673 0.817582 0.974565 0.97239 1.02954
1.28984 1.03365 0.970387 0.97443 0.97488 1.02594
1.30319 0.953198 1.05387 0.961097 0.974468 1.02804
1.30115 0.93405 1.07755 0.965355 0.983892 1.01781
1.27134 0.887795 1.16941 0.968248 0.981112 1.00905
1.18973 0.819284 1.24022 0.967013 0.980868 1.00234
1.11847 0.783576 1.26689 0.984843 0.974111 1.01016
1.04979 0.757254 1.2716 0.990681 0.967772 1.01076
0.992776 0.758995 1.23298 0.974925 0.961522 1.01091
end
gesture a02 hands 2
1.02782 0.708088 1.2869 0.985713 0.961755 1.00358
1.02275 0.696558 1.30533 0.963473 0.960935 1.00139
1.03886 0.694678 1.30644 0.992382 0.956815 1.02292
1.01579 0.683084 1.29253 0.946599 0.95393 0.98119
1.03666 0.692657 1.2877 0.944701 0.957399 0.988814
1.02737 0.689045 1.27915 0.951711 0.958867 1.00317
0.985673 0.695538 1.33731 1.00601 0.953954 1.02417
1.01782 0.696428 1.30969 0.97038 0.957656 1.01231
1.09845 0.688195 1.2477 0.963226 0.951991 1.01544
1.16062 0.724733 1.24345 0.957701 0.956994 1.01099
1.22781 0.782511 1.17655 0.942489 0.947926 1.02722
1.20833 0.885827 1.03224 0.966887 0.95706 1.03611
1.12891 0.967372 0.905023 1.00742 0.972919 1.02665
0.948811 1.03384 0.810466 0.989675 0.966084 1.03966
0.733731 1.13498 0.855402 0.994476 0.982413 1.03977
0.623096 1.1684 0.945352 0.99457 0.96798 1.04607
0.582703 1.16412 1.02615 0.990016 0.977761 1.02898
0.578875 1.14003 1.00437 0.993562 0.973611 1.0479
0.634645 1.20361 0.98726 0.995637 0.98094 1.05417
0.738752 1.22458 0.872206 0.962109 0.996432 1.02498
0.973573 1.19318 0.72247 0.957946 0.985285 1.07102
1.19123 1.12318 0.824272 0.964725 0.973727 1.04892
1.26221 1.06859 0.892205 0.965951 0.975624 1.0497
1.23284 1.05406 0.897418 0.960122 0.967863 1.06176
1.15503 1.06623 0.840188 0.966131 0.968884 1.04742
0.97392 1.06784 0.792437 0.984841 0.97116 1.02931
0.733298 1.12652 0.869838 1.00211 0.983444 0.998009
0.633922 1.15362 0.969377 1.0047 0.978775 1.00072
0.61594 1.16014 1.01906 0.997863 0.981011 1.00694
0.688708 1.17186 0.956259 0.986653 0.975667 1.01532
0.78794 1.1935 0.854542 0.974605 0.974571 1.03378
0.942572 1.16548 0.771511 0.964899 0.972691 1.05217
1.23209 1.16227 0.854601 0.968855 0.973578 1.06633
1.2903 1.09646 0.934002 0.968443 0.978361 1.0658
1.29232 1.07792 0.944198 0.964725 0.976566 1.05347
1.14075 1.05786 0.842938 0.957947 0.986435 1.04414
1.05069 1.08682 0.829244 0.971103 0.986062 1.03212
0.866397 1.09492 0.852889 0.978973 0.9844 1.01978
0.692739 1.10008 0.962345 0.985106 0.993182 1.00753
0.661465 1.10098 1.03965 0.987382 0.995395 1.01797
0.674205 1.11642 1.0398 0.985476 1.00547 1.02108
0.713541 1.14323 0.962945 0.967816 1.0076 1.04451
0.787663 1.18147 0.870015 0.964571 1.01344 1.03962
0.980637 1.21273 0.773914 0.966253 0.993119 1.04161
1.14339 1.16134 0.812801 0.96499 0.995258 1.03428
1.22746 1.0811 0.891897 0.969196 1.00305 1.02717
1.26713 0.983741 0.974785 0.965845 0.988175 1.0176
1.25892 0.931721 0.991998 0.970809 0.989548 1.00929
1.25255 0.887374 1.07028 0.973404 0.994915 1.01803
1.19597 0.777223 1.17825 0.989447 0.990566 1.00464
1.1345 0.723486 1.28145 0.992504 0.975733 1.03001
1.0702 0.690359 1.32828 1.00004 0.968155 1.02676
1.0201 0.688574 1.32184 0.972358 0.968587 1.03796
1.03254 0.708085 1.29496 0.959646 0.962395 0.998903
1.01928 0.689889 1.3385 0.978294 0.967906 1.05029
end
gesture a02 hands 2
0.853014 0.632643 1.32691 0.968482 0.974865 1.0373
0.852591 0.634024 1.32338 0.965504 0.967108 1.0502
0.853984 0.638432 1.32014 0.96806 0.976601 1.04276
0.854115 0.638521 1.31778 0.966328 0.974156 1.04942
0.85335 0.634491 1.3154 0.966911 0.978444 1.04597
0.851032 0.63034 1.30899 0.96025 0.976032 1.05285
0.855348 0.621972 1.31924 0.960314 0.974698 1.05212
0.865932 0.616849 1.34388 0.969926 0.97528 1.04289
0.958193 0.632031 1.34698 0.97463 0.970648 1.03226
1.03357 0.653265 1.3838 0.972567 0.953906 1.03689
1.13963 0.698351 1.40252 0.977044 0.955926 1.02725
1.2799 0.809122 1.41171 0.970691 0.960608 1.03205
1.33853 0.883542 1.34359 0.966078 0.963889 1.04633
1.36663 0.945667 1.2378 0.968726 0.96426 1.03916
1.3067 1.04035 0.978588 0.972259 0.962535 1.04519
1.15547 1.11428 0.825 0.973958 0.975185 1.03959
0.915196 1.16201 0.712822 0.973515 0.989518 1.03607
0.574662 1.20779 0.721631 0.995639 0.954105 1.03924
0.403641 1.20836 0.808464 0.999686 0.937687 1.0367
0.334007 1.18117 0.890145 1.00187 0.940684 1.02666
0.445389 1.19388 0.783455 0.985655 0.965667 1.03103
0.638712 1.21556 0.719548 0.978902 0.973138 1.03312
0.859331 1.23371 0.692662 0.971855 0.976069 1.02821
1.17745 1.24661 0.858567 0.956518 1.02312 1.03478
1.31386 1.22882 0.973761 0.955715 1.00446 1.03079
1.38155 1.21241 1.09176 0.956514 0.997479 1.03131
1.39714 1.19965 1.13425 0.963481 0.977312 1.03339
1.37818 1.18054 1.0589 0.964959 0.977386 1.03585
1.31078 1.2015 0.936727 0.966238 0.988462 1.03789
1.10432 1.21734 0.783699 0.971215 0.987486 1.03145
0.930233 1.1816 0.715347 0.971983 0.994427 1.03497
0.779053 1.19096 0.700171 0.980901 0.983113 1.03038
0.554097 1.15616 0.753126 1.00464 0.914971 1.01925
0.54497 1.20376 0.774058 1.00661 0.934339 1.01362
0.60484 1.18291 0.746278 1.02777 0.930431 0.98477
0.811315 1.23837 0.685069 0.976611 0.993856 1.02607
1.02218 1.22532 0.723044 0.968446 1.0045 1.02177
1.08125 1.24914 0.775272 0.966257 1.0054 1.02288
1.24426 1.24045 0.859252 0.966033 1.00039 1.03097
1.29298 1.21596 0.908375 0.970284 0.99882 1.0219
1.29716 1.21775 0.921131 0.971966 0.997498 1.00944
1.27449 1.20633 0.9177 0.970099 0.992434 1.0119
1.25435 1.18292 0.90479 0.972396 0.98396 1.00341
1.21832 1.11517 0.904365 0.973744 0.981438 1.00781
1.1286 0.951982 0.928159 0.969712 0.989759 1.02765
1.06358 0.829564 0.983991 0.977039 0.990665 1.01266
1.01122 0.735421 1.06748 0.975173 0.981821 1.02278
0.946471 0.633741 1.18858 0.970464 0.968542 1.03888
0.890412 0.599853 1.26656 0.969511 0.96806 1.03147
0.852455 0.598298 1.30548 0.96709 0.966095 1.03162
0.847366 0.602217 1.30266 0.969545 0.961422 1.02834
0.843233 0.605865 1.30421 0.969189 0.971494 1.02536
end
gesture a02 hands 2
0.89319 0.605803 1.35254 0.968189 0.954154 1.04253
0.890288 0.61133 1.34639 0.969347 0.95409 1.04191
0.894828 0.606108 1.35944 0.971727 0.95566 1.04724
0.901321 0.612831 1.36378 0.9719 0.946848 1.03905
0.892105 0.614549 1.36031 0.974907 0.941051 1.04076
0.898066 0.609443 1.35761 0.975134 0.94001 1.04097
0.941241 0.613313 1.37137 0.972509 0.951435 1.04061
0.988844 0.624959 1.36058 0.968773 0.948553 1.04849
1.05658 0.652686 1.35441 0.971278 0.947793 1.03327
1.17716 0.719562 1.30275 0.970003 0.944531 1.04221
1.24803 0.783107 1.22033 0.968613 0.95171 1.04076
1.28353 0.865108 1.14632 0.966814 0.954637 1.04158
1.29538 1.01348 0.968187 0.969693 0.966911 1.04022
1.26231 1.09495 0.893307 0.966781 0.975523 1.04659
1.17885 1.14961 0.821457 0.96389 0.980449 1.05167
0.987023 1.21638 0.723723 0.972674 0.979961 1.03492
0.783432 1.26659 0.704135 0.980309 0.973741 1.02997
0.628281 1.29434 0.753656 0.998099 0.941053 1.02286
0.527057 1.24926 0.85948 0.989739 0.957958 1.0215
0.6445 1.27567 0.833238 0.997642 0.936416 1.00872
0.783555 1.30536 0.785157 0.966173 0.991916 1.03505
1.09614 1.34002 0.803335 0.953642 1.00145 1.03495
1.21606 1.32165 0.856664 0.955634 1.00878 1.03104
1.26591 1.29219 0.904692 0.952983 1.00267 1.0386
1.17608 1.29869 0.841992 0.957167 0.992677 1.0403
1.04865 1.29906 0.787744 0.961809 0.99998 1.03872
0.910572 1.31906 0.741501 0.967207 0.99356 1.03105
0.655792 1.26638 0.779904 0.994815 0.954006 1.01396
0.595932 1.23394 0.875623 0.982759 0.951911 1.03667
0.655971 1.23323 0.868025 0.998388 0.935711 1.01335
0.793557 1.25169 0.784491 0.968569 0.983866 1.02837
0.946961 1.26273 0.788706 0.961786 1.01345 1.02218
1.07273 1.24965 0.804335 0.96249 1.00321 1.03144
1.14502 1.2232 0.847326 0.967222 0.997661 1.02292
1.17408 1.18097 0.826304 0.964994 0.986204 1.02141
1.18133 1.13107 0.861094 0.965043 0.997331 1.01752
1.15927 1.0151 0.904874 0.961662 1.00752 1.02784
1.14414 0.959279 0.926913 0.963794 1.00455 1.0325
1.10032 0.855607 0.971576 0.963528 1.00686 1.03515
1.05587 0.738296 1.08804 0.964962 0.989112 1.03546
1.01241 0.688432 1.166 0.970569 0.978469 1.03906
0.957968 0.659398 1.22662 0.967402 0.972 1.04341
0.896824 0.608423 1.33619 0.968666 0.95855 1.0468
0.896032 0.619856 1.3418 0.969919 0.951061 1.04567
0.894677 0.625713 1.34553 0.970451 0.967395 1.03278
0.896646 0.614465 1.35301 0.971507 0.967078 1.02733
end
gesture a02 hands 2
0.923951 0.622394 1.35342 0.973803 0.963976 1.02119
0.912076 0.618296 1.34024 0.982688 0.960332 1.01881
0.919731 0.616747 1.35992 0.973572 0.958324 1.03802
0.911586 0.611091 1.36101 0.972465 0.96167 1.04125
0.918802 0.613802 1.35546 0.972917 0.962265 1.04461
0.918055 0.617138 1.36077 0.96832 0.961019 1.05537
0.918191 0.617967 1.35764 0.978247 0.954631 1.04581
0.958295 0.624266 1.35058 0.980697 0.945779 1.04119
1.01126 0.646543 1.30525 0.977399 0.951315 1.04641
1.09182 0.675672 1.24437 0.974074 0.954264 1.05026
1.1953 0.815424 1.07557 0.975093 0.958194 1.03637
1.22064 0.942366 0.956999 0.969483 0.973359 1.04606
1.2119 1.08084 0.86329 0.970869 0.985794 1.04514
1.17261 1.24226 0.795356 0.973695 0.988265 1.04508
1.09379 1.30232 0.784729 0.96344 0.992646 1.05598
0.963681 1.35151 0.745739 0.966844 0.991047 1.05373
0.704018 1.33117 0.783 0.976093 0.966241 1.04866
0.676269 1.29102 0.807079 0.97527 0.964576 1.04151
0.740721 1.30611 0.787866 0.973596 0.974075 1.03534
0.92384 1.37578 0.780202 0.960213 1.01853 1.03692
1.0632 1.37452 0.816867 0.960568 1.01491 1.0312
1.22347 1.36261 0.847335 0.956648 0.998104 1.03074
1.27553 1.30572 0.895276 0.958263 0.982991 1.03017
1.203 1.31111 0.843653 0.961327 0.986368 1.0275
1.06714 1.32153 0.786496 0.971449 1.00086 1.02795
0.810806 1.30191 0.761287 0.961705 1.0063 1.02888
0.669161 1.25399 0.800812 0.981482 0.949764 1.0217
0.660026 1.24013 0.84437 0.982686 0.937494 1.01519
0.718102 1.26384 0.819281 0.976943 0.956452 1.00895
0.801012 1.27685 0.7681 0.965622 1.00887 1.02168
1.00525 1.34736 0.745671 0.966487 0.993319 1.01091
1.06752 1.31231 0.775127 0.957779 0.999004 1.02478
1.08191 1.32342 0.794395 0.965208 0.991823 1.00682
1.10455 1.22173 0.817864 0.966283 0.985005 1.02615
1.0981 1.1597 0.839649 0.973788 0.980759 1.01441
1.08556 1.09657 0.847071 0.969332 0.981597 1.02753
1.08356 0.928313 0.896417 0.968369 0.981419 1.02917
1.07064 0.850329 0.962164 0.970966 0.988689 1.01999
1.06002 0.76984 1.03237 0.967566 0.983332 1.02604
1.02859 0.689009 1.15025 0.965082 0.980558 1.03583
1.00648 0.655122 1.20636 0.973914 0.97585 1.01802
0.979943 0.6357 1.26673 0.970765 0.968472 1.03081
0.927899 0.620614 1.3318 0.97536 0.955543 1.03208
0.922544 0.621773 1.32481 0.975936 0.956154 1.03073
0.922577 0.631677 1.32851 0.97595 0.938396 1.04495
0.920822 0.631596 1.342 0.981961 0.947012 1.04135
0.918774 0.624412 1.32739 0.985595 0.944663 1.03921
0.91806 0.62405 1.32982 0.990211 0.934994 1.03689
end
gesture a02 hands 2
0.955356 0.580198 1.3078 0.985153 1.0226 0.989021
0.949742 0.585734 1.30663 0.976823 1.01588 1.00794
0.95304 0.570238 1.30789 0.974197 0.992262 1.06982
0.954603 0.566729 1.31179 0.980685 1.02292 0.997241
0.959647 0.577528 1.31045 0.989511 1.02465 0.998011
0.95455 0.582433 1.30769 0.989959 1.02514 1.00183
0.9531 0.572815 1.30113 0.9839 1.02543 0.994445
1.06199 0.55869 1.25576 0.99018 1.02706 0.985639
1.12561 0.6308 1.1596 0.988663 1.02401 0.989679
1.22541 0.698067 1.12985 0.991039 0.995877 1.05278
1.38746 0.873359 1.11472 0.962992 0.991529 0.995075
1.43042 0.962451 1.07899 0.958762 0.99322 0.992462
1.45766 1.04527 1.02603 0.98457 1.00417 0.991429
1.42781 1.10075 0.8961 0.986478 1.01872 0.993268
1.3524 1.14454 0.775394 0.999435 0.987364 1.02345
1.20045 1.19554 0.710423 0.990556 1.01093 1.00874
0.916874 1.19358 0.737745 0.984839 1.01171 1.02482
0.714442 1.26899 0.709332 0.99052 0.941793 1.01385
0.522902 1.26851 0.850328 0.976633 0.944215 1.04609
0.467992 1.21336 1.01792 1.01848 0.983139 1.06011
0.494612 1.1961 1.01516 1.01677 0.99601 1.02047
0.519151 1.19907 0.957267 1.01691 1.00128 1.06807
0.667498 1.19561 0.782686 0.997159 0.994023 1.10266
0.842627 1.20995 0.692223 0.999081 0.99202 1.07818
1.0561 1.20649 0.689847 1.00225 0.986769 1.08098
1.30252 1.21211 0.82181 0.936661 0.951588 1.03863
1.42871 1.1498 0.903134 0.945706 0.964639 1.02108
1.50238 1.13499 0.987054 0.943179 0.972745 1.00253
1.5055 1.10067 1.05687 0.942234 0.969162 1.00163
1.49195 1.12986 1.00285 1.00699 0.994476 1.00309
1.35471 1.16594 0.82969 0.955461 0.976917 0.987173
1.17527 1.20643 0.754671 0.974031 0.990334 0.989618
0.955249 1.1857 0.709074 0.984726 1.00812 1.0046
0.636445 1.25973 0.763542 0.966496 0.949401 1.025
0.524143 1.25153 0.895824 0.965722 0.943116 1.02186
0.501292 1.22544 0.977753 0.994636 0.974532 1.07365
0.523979 1.20523 0.997677 0.997655 0.994714 1.08291
0.595936 1.20027 0.906892 0.984482 1.01177 1.06268
0.716723 1.19997 0.807671 1.01027 0.997719 1.04439
1.00065 1.18911 0.733687 0.985653 0.976563 1.03222
1.20804 1.21161 0.807826 0.937807 0.965147 1.02614
1.39296 1.16813 0.891496 0.935907 0.942279 1.02909
1.51336 1.12839 1.04555 0.943417 0.958644 1.02298
1.52483 1.11763 1.08061 0.932728 0.961632 1.0355
1.50016 1.12306 1.04675 0.960032 0.99589 0.994819
1.4006 1.16749 0.898704 0.997476 1.01072 1.0157
1.30833 1.18994 0.830964 0.977559 1.01625 0.999398
0.96998 1.19375 0.781607 0.970315 1.01384 1.00306
0.679195 1.26132 0.790891 0.990356 0.987231 1.08677
0.535227 1.24526 0.928144 0.948055 0.958832 1.03316
0.479827 1.20611 1.05308 1.01042 0.972059 1.02138
0.525206 1.18353 1.09942 0.96542 1.02113 1.06454
0.592818 1.16143 1.06075 0.936415 0.990094 1.04385
0.56354 1.14074 1.0737 1.00524 0.989107 1.07119
0.659205 1.04096 0.946634 1.01613 0.994337 1.05566
0.747424 0.929311 0.892606 0.967499 0.940886 1.06573
0.832715 0.802519 0.91261 0.952241 0.9272 1.04918
0.99351 0.530915 1.08601 0.947717 0.916352 1.03275
0.990957 0.513436 1.28645 0.954902 0.916591 1.01412
1.00024 0.512245 1.40327 0.962501 0.903472 1.00996
0.979358 0.560404 1.50339 0.983117 0.916119 0.981943
0.993094 0.520661 1.45268 0.982454 0.917034 0.986576
0.993333 0.54154 1.4003 0.971182 0.935734 0.975502
0.989423 0.566732 1.43608 1.0159 0.962789 1.02245
0.968975 0.563579 1.37358 1.03429 0.963359 0.991721
0.977985 0.558501 1.35288 1.02169 0.966356 0.952288
end
gesture a02 hands 2
0.981275 0.53329 1.34298 0.964423 0.913723 1.0351
0.984521 0.535284 1.32074 0.946892 0.911985 0.997664
0.961283 0.550895 1.26527 0.945231 0.932868 0.984808
0.975265 0.537722 1.22205 0.909928 0.873024 1.0319
1.00256 0.580374 1.12498 0.915065 0.889838 1.0374
1.09719 0.683994 1.00371 0.895913 0.899135 1.06469
1.24884 0.873116 0.979949 0.953335 0.941024 1.04191
1.3463 0.962143 0.977798 0.954657 0.934646 1.0413
1.43506 1.02859 1.01943 0.88974 0.929516 1.02475
1.57099 1.10542 1.05269 0.892693 0.905286 1.03968
1.56657 1.07875 1.03542 0.875131 0.943004 1.00569
1.57962 1.07397 1.0811 0.857993 0.927282 1.03952
1.48406 1.17129 0.922678 0.877979 0.925882 1.10714
1.32973 1.24636 0.793708 0.947904 0.940079 1.10241
1.1076 1.2439 0.768373 0.869976 0.923863 1.11941
0.826526 1.276 0.810606 0.886883 0.934489 1.07335
0.707142 1.26246 0.901831 0.895431 0.921897 1.07629
0.641109 1.2431 0.982326 0.944748 0.950317 1.09637
0.669766 1.22267 1.03598 0.931846 0.987183 1.04035
0.704562 1.22854 1.00613 0.932243 0.98079 1.03902
0.73255 1.24911 0.934994 0.932037 0.967945 1.08788
0.922773 1.25626 0.812053 0.908586 0.960056 1.07583
1.16588 1.235 0.794741 0.910575 0.929833 1.06138
1.29312 1.22996 0.868417 0.917163 0.933989 1.121
1.49902 1.13195 0.996273 0.886477 0.91273 1.06093
1.55425 1.09896 1.05074 0.895153 0.911458 1.06483
1.55595 1.09397 1.05092 0.902559 0.914532 1.05538
1.48689 1.13572 0.90671 0.897939 0.919189 1.13752
1.34431 1.19886 0.783168 0.905065 0.898103 1.0834
1.11793 1.25801 0.733161 0.890875 0.909759 1.06252
0.842553 1.23677 0.810023 0.867876 0.836921 1.03463
0.737475 1.23732 0.884865 0.945944 0.873427 0.998842
0.620865 1.24612 0.946452 0.936268 0.870218 1.03159
0.586404 1.22142 1.03291 0.908287 0.907067 1.05185
0.611528 1.21565 1.00966 0.94258 0.943831 1.10744
0.669504 1.22355 0.93086 0.948679 0.954168 1.09535
0.863216 1.23414 0.800439 0.915636 0.973602 1.07745
1.06788 1.2213 0.777313 0.905625 0.972552 1.03143
1.22022 1.23801 0.803024 0.900422 0.920793 1.1016
1.45944 1.19307 0.921863 0.883718 0.87944 1.04718
1.51107 1.14371 0.967834 0.938631 0.927975 1.03095
1.51516 1.14714 0.973947 0.902012 0.910592 1.04057
1.43987 1.19096 0.886394 0.892711 0.900665 1.04074
1.32772 1.23407 0.799331 0.897516 0.903206 1.04314
1.05914 1.24534 0.717606 0.892319 0.935631 1.01195
0.891672 1.30112 0.71249 0.940036 0.964836 1.02192
0.784525 1.30447 0.852826 0.912335 1.16374 1.11818
0.576676 0.543687 1.29785 0.971668 1.54804 1.06151
0.583452 0.670763 1.31412 0.831371 1.68 0.765406
0.549822 0.680535 1.32388 0.934178 1.59607 0.832262
0.509976 0.552957 1.26268 1.00225 1.1026 1.01125
0.55213 0.513977 1.36321 1.51419 0.94482 0.843432
0.490501 0.531443 1.36099 1.50499 0.916637 0.828236
0.526766 0.501171 1.30648 1.06096 1.33182 0.700829
0.527481 0.493882 1.29494 1.15542 1.22162 0.69736
0.522135 0.503284 1.29717 1.3298 1.10345 0.757482
0.522612 0.501328 1.27712 1.39985 1.02263 0.874148
0.519023 0.504311 1.26818 1.38863 0.90498 1.06106
0.543793 0.506479 1.27248 1.36438 0.888519 1.17394
0.54147 0.518888 1.25939 1.37239 0.884389 1.23226
end
gesture a02 hands 2
0.54255 0.509785 1.2654 1.32545 0.960406 1.11986
0.539422 0.499201 1.28417 1.32524 0.952754 1.12364
0.541193 0.483471 1.27034 1.3426 0.940334 1.16811
0.612302 0.542506 1.3197 1.35648 0.873683 1.13766
0.565519 0.555129 1.2385 1.35471 0.867947 1.12775
0.515095 0.461097 1.25856 1.32323 0.95833 1.10474
0.546554 0.471988 1.24375 1.33136 0.952403 1.10379
0.548298 0.481877 1.24904 1.33911 0.949003 1.07222
0.520773 0.50724 1.29488 1.40224 0.960909 0.994697
0.514852 0.519391 1.30269 1.54512 1.11346 0.845194
0.518018 0.518171 1.28213 1.62948 1.1815 0.82526
1.48652 0.915565 1.09489 0.881164 0.964591 0.971931
1.56141 1.00581 1.12593 0.868965 0.960296 0.956346
1.55356 0.978585 1.10513 0.868117 0.95507 0.977409
1.56718 1.03191 1.03932 0.855829 0.960135 0.991267
1.51631 1.07155 0.964255 0.922823 0.991559 1.00819
1.4113 1.12472 0.84089 0.863493 0.974007 1.00654
1.13539 1.19129 0.754235 0.8979 1.00225 1.00957
0.946433 1.18981 0.802488 0.892949 0.965754 1.00376
0.758774 1.25091 0.809545 0.94243 0.992304 1.03855
0.627007 1.23554 0.965872 0.916538 0.990826 1.07887
0.61537 1.21364 1.01512 0.874663 0.982231 1.02108
0.639941 1.20251 1.00146 0.930861 1.02293 1.00823
0.759991 1.18836 0.895664 0.904868 1.02466 1.0077
0.909465 1.17724 0.823684 0.893948 1.03874 1.0126
1.12541 1.14991 0.827869 0.899901 1.02442 1.00592
1.40906 1.14301 0.934207 0.875545 0.966947 0.991248
1.56821 1.09485 1.07641 0.861108 0.961832 1.00129
1.60553 1.05012 1.24042 0.897592 0.972917 1.04741
1.61229 1.01402 1.28749 0.8616 0.975058 0.987982
1.60422 1.0333 1.21996 0.856514 0.951903 1.02769
1.54368 1.06863 1.06133 0.872962 0.976743 0.990635
1.29392 1.1966 0.851718 0.891424 0.984596 1.01888
1.12283 1.1971 0.749139 0.884465 0.996114 1.00699
0.838163 1.21348 0.768788 0.895041 1.01046 1.01039
0.588883 1.20515 0.930339 0.897893 0.939557 1.0302
0.559508 1.19067 1.00702 0.94927 0.996067 1.02842
0.569222 1.18125 1.01715 0.920795 1.01885 1.01383
0.645256 1.18657 0.938652 0.941262 0.968885 1.05238
0.773055 1.18608 0.838405 0.91003 0.995856 1.04545
0.980657 1.17236 0.785746 0.909342 1.01554 1.03839
1.28582 1.13823 0.867678 0.879852 1.00803 1.00539
1.46256 1.08603 0.979108 0.868135 0.942107 1.03687
1.58309 1.0479 1.12115 0.883228 0.952284 1.02005
1.60394 1.01789 1.18717 0.857326 0.955734 1.01943
1.59799 1.03647 1.12441 0.859685 0.948686 1.01947
1.56259 1.06972 1.02196 0.862562 0.963452 1.02179
1.34933 1.16408 0.798375 0.929844 0.982557 1.05027
1.16846 1.18468 0.71143 0.901906 0.980687 1.06177
0.896143 1.19509 0.733657 0.889387 0.994145 1.09303
0.615695 1.21449 0.875486 0.874713 0.956989 1.04077
0.560169 1.19853 0.99997 0.92326 0.990513 1.02582
0.547733 1.1856 1.09269 0.914659 0.978153 1.10506
0.544788 1.11123 1.14968 0.901063 1.01297 1.04344
0.592279 1.10211 1.10381 0.927141 0.944188 0.987967
0.620403 1.06897 1.04266 0.857062 0.959044 1.04116
0.799299 1.0137 0.888599 0.872722 0.942125 1.02566
0.868776 0.998437 0.798939 0.862387 0.966333 1.01508
0.93409 0.887512 0.769038 0.882937 0.997875 0.987042
1.08196 0.753959 0.957855 0.875735 1.01013 0.958075
1.07183 0.591735 1.06381 0.874925 0.9845 0.98424
1.02887 0.5164 1.23548 0.917298 0.987044 1.01407
end
gesture a02 hands 2
0.930097 0.791682 1.1884 0.961384 0.971627 1.00437
0.927202 0.790575 1.19853 0.973602 0.973061 1.00222
0.950757 0.788726 1.21292 0.970614 0.979157 1.0001
0.94501 0.788711 1.20603 0.971551 0.979598 0.998814
0.96078 0.789285 1.21312 0.966254 0.975431 1.00595
0.950437 0.793039 1.20206 0.969358 0.97689 0.999025
0.966791 0.793777 1.21162 0.974209 0.972478 0.987386
1.00168 0.807302 1.1982 0.974645 0.973257 0.990433
1.11551 0.824585 1.26241 0.981183 0.976815 1.0052
1.15734 0.835756 1.2862 0.984534 0.976884 0.988847
1.20862 0.886763 1.35455 0.977669 0.967509 1.004
1.27132 0.940842 1.37836 0.9531 0.964458 0.998639
1.30324 0.965485 1.34979 0.975575 0.96455 1.03993
1.33764 0.980773 1.2824 0.968669 0.954433 1.06647
1.3151 0.984996 1.12301 0.942927 0.951743 1.06758
1.23555 0.969166 0.986736 0.971165 0.953021 1.06031
1.09194 0.960851 0.872307 0.983377 0.962167 1.07263
0.828718 1.00238 0.781912 0.981206 0.97003 1.06953
0.676881 1.01738 0.795452 0.988748 0.96417 1.05698
0.555395 1.04211 0.851001 0.981418 0.968441 1.06217
0.505518 1.04778 0.906459 0.981759 0.967354 1.06622
0.550359 1.05833 0.85523 0.98296 0.978711 1.06095
0.644928 1.05976 0.787987 0.987622 0.973625 1.04674
0.916669 1.07242 0.730563 0.982139 0.986009 1.01889
1.06458 1.06419 0.794727 0.981707 0.989451 0.999624
1.23045 1.08817 0.87742 0.982621 0.988389 1.00088
1.37524 1.09117 1.05358 0.975844 0.988491 1.00116
1.42048 1.09003 1.17595 0.968674 0.978038 1.01384
1.42278 1.08338 1.25458 0.985965 0.978631 1.01125
1.4253 1.06928 1.25224 0.940883 0.965889 1.02133
1.40612 1.0461 1.19359 0.97381 0.970386 1.05651
1.3787 1.05336 1.06551 0.964774 0.96059 1.06519
1.22647 1.08292 0.847258 0.973724 0.957155 1.05808
1.06761 1.12843 0.743285 0.971336 0.968292 1.05579
0.901677 1.14733 0.712296 0.974438 0.985954 1.05285
0.673801 1.16691 0.723089 0.970573 0.995978 1.06016
0.572575 1.19107 0.767426 0.979092 0.977666 1.04874
0.509755 1.18772 0.813169 0.973343 0.967269 1.07254
0.489578 1.16797 0.843379 0.975211 0.96358 1.07321
0.520992 1.14581 0.836667 0.969869 0.968502 1.06351
0.583528 1.08455 0.831754 0.959855 0.9762 1.07257
0.761559 0.958855 0.85793 0.960476 0.978496 1.06006
0.878236 0.882446 0.937239 0.951313 0.976114 1.07052
0.951102 0.823134 1.04481 0.952996 0.979328 1.06297
0.977073 0.791626 1.18049 0.953435 0.981164 1.05266
0.963101 0.794712 1.21182 0.96183 0.981567 1.02238
0.944689 0.798823 1.25237 0.95425 0.982042 1.04867
end
gesture a02 hands 2
0.950144 0.78489 1.29072 0.975867 0.973487 1.02379
0.954682 0.783499 1.27623 0.97777 0.978411 1.02007
0.965706 0.784983 1.25352 0.977363 0.972737 1.0224
0.9842 0.784838 1.23795 0.985487 0.970692 1.02254
1.03574 0.789446 1.23527 0.978894 0.972237 1.00546
1.19681 0.873337 1.19211 0.982745 0.971258 1.00268
1.28279 0.950083 1.16258 0.977853 0.967942 1.01773
1.34702 1.00331 1.14607 0.956634 0.975597 1.06146
1.36058 1.0589 1.03682 0.971816 0.972002 1.0188
1.2931 1.07846 0.922114 0.966929 0.953144 1.07154
1.20777 1.11008 0.801065 0.972237 0.970802 1.04032
0.920204 1.12061 0.65493 0.947567 0.961058 1.09067
0.71989 1.13085 0.676162 0.968058 0.961625 1.08598
0.576603 1.13857 0.756252 0.971647 0.945815 1.07895
0.481388 1.10573 0.854212 0.973785 0.958609 1.08316
0.477402 1.1328 0.848019 0.980867 0.949142 1.06316
0.540872 1.14026 0.789755 0.989416 0.9578 1.0378
0.793193 1.11499 0.708776 0.95698 0.977747 1.06606
0.983851 1.1159 0.726697 0.97405 0.985795 1.02473
1.16909 1.10728 0.814945 0.960212 0.976431 1.01843
1.35435 1.10249 1.0373 0.97271 0.967489 1.01171
1.39875 1.10848 1.15543 0.9693 0.964149 1.01469
1.42639 1.09826 1.21697 0.963153 0.964706 1.03457
1.40528 1.09366 1.15964 0.969594 0.953405 1.04872
1.35063 1.05895 1.06495 0.975504 0.951093 1.02888
1.23209 1.03766 0.935658 0.968039 0.959861 1.0399
0.952815 1.00543 0.799075 0.963994 0.975124 1.02224
0.774344 1.02045 0.802114 0.963359 0.984607 1.02305
0.598057 1.03839 0.872717 0.965359 0.968073 1.04448
0.49085 1.0664 1.01287 0.962756 0.965756 1.0561
0.483475 1.06029 1.08838 0.975362 0.970763 1.03841
0.558987 0.99097 1.10992 0.966507 0.982179 1.03653
0.682805 0.926455 1.06278 0.960131 0.985962 1.04229
0.804456 0.835784 1.06456 0.96045 0.985762 1.04624
0.944236 0.799994 1.076 0.96188 0.976275 1.03503
1.12265 0.831626 1.20426 0.962198 0.983855 1.04297
1.13867 0.824702 1.2325 0.951205 0.979915 1.06133
1.12454 0.818448 1.23761 0.96102 0.976133 1.04398
1.0737 0.789826 1.24477 0.961718 0.974239 1.04867
1.01677 0.786843 1.24093 0.95653 0.976014 1.04486
0.963814 0.779582 1.23529 0.951453 0.975504 1.05333
0.941169 0.762186 1.24658 0.946239 0.973633 1.02745
end
gesture a02 hands 2
0.945452 0.764969 1.27882 0.954239 0.979482 1.07058
0.955554 0.774351 1.29071 0.951188 0.97229 1.04223
1.00556 0.766834 1.32035 0.943538 0.974402 1.035
1.04943 0.781794 1.27444 0.961121 0.974099 1.07438
1.10791 0.803485 1.25972 0.943364 0.971649 1.05141
1.24238 0.885626 1.164 0.974917 0.962262 1.03887
1.30225 0.93848 1.14103 0.972448 0.970201 1.02645
1.30944 0.993029 1.07547 0.973289 0.972054 1.03737
1.20632 1.06427 0.883295 0.967835 0.954826 1.06358
1.03608 1.09366 0.775349 0.965944 0.95267 1.08191
0.871224 1.12626 0.750924 0.964997 0.963569 1.06213
0.58148 1.13506 0.852867 0.965906 0.951902 1.07229
0.524521 1.11436 0.908072 0.98383 0.952637 1.04177
0.526584 1.112 0.910201 0.980026 0.955136 1.04036
0.663801 1.11256 0.800884 0.967938 0.967398 1.02154
0.857475 1.10494 0.775751 0.974592 0.972026 1.01328
1.06389 1.08783 0.828523 0.961909 0.968278 1.01901
1.29087 1.10394 0.959243 0.954276 0.970478 1.03398
1.36668 1.1018 1.05278 0.941183 0.962179 1.04542
1.38455 1.096 1.11826 0.949312 0.951222 1.04615
1.34491 1.07642 1.05744 0.959191 0.956367 1.03294
1.25855 1.06636 0.939584 0.957188 0.951285 1.05317
1.1173 1.05632 0.8383 0.951419 0.961049 1.06016
0.846639 1.05908 0.803892 0.964991 0.972403 1.03741
0.680558 1.0664 0.828401 0.967763 0.977569 1.03997
0.567367 1.08303 0.910805 0.965498 0.982117 1.03243
0.539709 1.08597 0.998625 0.969256 0.968659 1.03387
0.570377 1.05374 0.976743 0.968128 0.967655 1.05148
0.659907 0.994521 0.941494 0.961799 0.962353 1.05768
0.8421 0.891292 0.977973 0.968533 0.966669 1.04608
0.968155 0.830418 1.04525 0.962937 0.976974 1.04072
1.05891 0.807065 1.14094 0.962855 0.965213 1.04926
1.11969 0.796745 1.27541 0.972657 0.968638 1.04015
1.10816 0.795361 1.3012 0.963733 0.967909 1.04382
1.08325 0.788729 1.33242 0.966063 0.976905 1.03073
1.03241 0.768359 1.34182 0.964011 0.964334 1.05846
0.975378 0.770264 1.30862 0.955369 0.967074 1.06393
end
gesture a02 hands 2
1.00025 0.62111 1.36371 0.976543 0.971072 1.03503
0.996141 0.623205 1.36324 0.966598 0.964084 1.03812
1.00635 0.620735 1.36196 0.966148 0.962138 1.03564
1.00039 0.627099 1.35653 0.967393 0.968173 1.03227
0.99858 0.626777 1.3696 0.973523 0.966493 1.03228
1.00056 0.617625 1.36695 0.973502 0.966535 1.03445
1.00925 0.619894 1.35482 0.974543 0.959171 1.04479
1.00735 0.613543 1.37238 0.969182 0.958441 1.04617
1.00772 0.614341 1.3563 0.949907 0.956789 1.05924
1.02973 0.616549 1.29939 0.935445 0.957609 1.03914
1.07113 0.693788 1.11426 0.976127 0.956006 1.0402
1.08718 0.806932 0.978154 0.972903 0.962156 1.03349
1.0726 0.965324 0.875237 0.969917 0.958831 1.03086
0.986218 1.13221 0.791391 0.966821 0.967787 1.0462
0.876313 1.21115 0.789588 0.975115 0.966095 1.03535
0.742998 1.25413 0.843238 0.965612 0.963636 1.0552
0.675806 1.23737 0.924999 0.961383 0.95587 1.04391
0.689968 1.25273 0.90817 0.965889 0.974468 1.03452
0.807303 1.29091 0.819302 0.967629 0.971638 1.04454
0.978111 1.29495 0.776707 0.962821 0.991183 1.0414
1.13689 1.25914 0.796458 0.965756 0.971508 1.049
1.17471 1.23153 0.835491 0.959426 0.96747 1.05669
1.1411 1.22876 0.829635 0.965846 0.977139 1.04274
1.07151 1.2442 0.793975 0.962105 0.967902 1.04095
0.885135 1.26307 0.78936 0.972528 0.97897 1.03556
0.753549 1.26228 0.832366 0.977016 0.975534 1.03136
0.689654 1.25496 0.883801 0.974849 0.966087 1.03839
0.68931 1.26179 0.911535 0.964444 0.966877 1.0462
0.736043 1.28367 0.87886 0.97346 0.970457 1.05397
0.845724 1.30312 0.829608 0.972642 0.970929 1.05079
1.07954 1.25234 0.81764 0.957369 0.969535 1.0501
1.1716 1.18077 0.864102 0.963902 0.972728 1.05385
1.20883 1.10452 0.892803 0.955272 0.956306 1.0873
1.18941 0.925349 0.972013 0.951332 0.963448 1.05655
1.14234 0.768826 1.06461 0.950691 0.968747 1.04688
1.07129 0.661531 1.2006 0.943136 0.96221 1.03844
0.987863 0.616867 1.38719 0.940749 0.960509 1.06066
1.00492 0.626734 1.38315 0.94517 0.966153 1.03452
end
gesture a02 hands 2
0.998641 0.560128 1.4619 0.946485 0.956759 1.05135
1.0033 0.554836 1.44004 0.947223 0.961712 1.04486
1.00699 0.552089 1.43547 0.938892 0.956743 1.05244
1.00681 0.55892 1.39443 0.945363 0.952489 1.04907
1.04244 0.592258 1.25042 0.951515 0.949192 1.04857
1.04602 0.698733 1.10483 0.954255 0.951854 1.04765
1.04839 0.846005 0.991073 0.952841 0.948064 1.04913
1.03831 1.10435 0.899503 0.950772 0.959547 1.04052
0.965868 1.17891 0.856278 0.956128 0.957103 1.06163
0.853921 1.19904 0.867254 0.968222 0.965693 1.05406
0.694591 1.19747 0.950228 0.950331 0.974382 1.06728
0.696134 1.19226 0.984633 0.957256 0.966876 1.0703
0.740584 1.19841 0.959693 0.956538 0.973242 1.07229
0.869908 1.22773 0.883185 0.963658 0.969234 1.05343
1.03654 1.19871 0.855121 0.960641 0.967612 1.05416
1.1344 1.16249 0.877301 0.957725 0.958731 1.05674
1.17178 1.11745 0.9078 0.958476 0.957698 1.06393
1.15274 1.12015 0.897686 0.961582 0.960108 1.0572
1.09227 1.14845 0.856947 0.962822 0.969457 1.03737
0.905307 1.17634 0.861074 0.968103 0.955633 1.05739
0.781315 1.187 0.891031 0.967074 0.97492 1.02781
0.693595 1.17867 0.941283 0.971179 0.957069 1.05854
0.694914 1.17761 0.980596 0.963681 0.964048 1.06503
0.742605 1.19207 0.94761 0.962817 0.968577 1.04998
0.835649 1.19885 0.899604 0.967741 0.957558 1.05366
1.04256 1.13155 0.869832 0.960337 0.963127 1.05155
1.14626 1.03814 0.91938 0.950796 0.962289 1.0564
1.19238 0.93298 0.967772 0.959495 0.957787 1.03249
1.18166 0.753083 1.09198 0.956387 0.9601 1.04124
1.12629 0.643984 1.21063 0.957192 0.951249 1.05459
1.04017 0.569341 1.35063 0.960014 0.946289 1.05802
1.03337 0.554208 1.46802 0.952076 0.964898 1.03147
end
gesture a02 hands 2
0.995402 0.495665 1.50801 0.946244 0.960379 1.03376
1.00591 0.489995 1.51186 0.953774 0.957544 1.04615
1.02349 0.489604 1.44963 0.955315 0.954875 1.0372
1.03987 0.516241 1.36161 0.971291 0.955488 1.02291
1.07149 0.576066 1.24161 0.961665 0.950267 1.02014
1.08211 0.73564 1.07398 0.965728 0.956949 1.03466
1.09001 0.900563 0.994737 0.950249 0.954 1.05292
1.09374 1.01316 0.946352 0.940323 0.955163 1.03391
1.06172 1.12036 0.895047 0.947938 0.948277 1.0785
0.987021 1.14416 0.87823 0.944215 0.957092 1.10811
0.857835 1.15629 0.901872 0.958163 0.954218 1.09571
0.726331 1.16109 0.955706 0.955375 0.955085 1.07288
0.722449 1.15925 0.975496 0.967517 0.948076 1.07341
0.778248 1.16545 0.949406 0.966344 0.962906 1.06744
0.940913 1.18073 0.88618 0.937784 0.984093 1.04518
1.08225 1.14256 0.90206 0.946995 0.962275 1.04768
1.16067 1.10001 0.933498 0.949022 0.96758 1.04301
1.16556 1.0913 0.934512 0.950377 0.954071 1.05123
1.11429 1.11596 0.895927 0.938945 0.960841 1.09285
0.945148 1.13147 0.912566 0.943943 0.950809 1.06854
0.776014 1.15574 0.93961 0.955824 0.95415 1.05042
0.667257 1.1533 0.996469 0.945485 0.96067 1.04807
0.635639 1.1678 1.03711 0.963024 0.954456 1.05705
0.727465 1.18833 0.98757 0.948341 0.947812 1.04543
0.865984 1.1795 0.942348 0.950653 0.970769 1.05967
1.01105 1.14118 0.919101 0.957349 0.964788 1.05811
1.15665 0.946288 0.981352 0.952633 0.946494 1.08293
1.16891 0.8134 1.04722 0.965772 0.949119 1.05484
1.07168 0.581351 1.24455 0.953867 0.944877 1.09094
end
gesture a03 hands 2
0.940637 0.743649 1.1719 0.920653 0.969585 1.10773
0.959259 0.737505 1.19648 0.942968 0.974479 1.10926
0.979926 0.738859 1.18836 0.938913 0.97187 1.11166
1.01226 0.743391 1.17972 0.973364 0.973213 1.09403
1.05266 0.760388 1.15744 0.98991 0.972532 1.08713
1.10792 0.798719 1.16966 1.00016 0.983263 1.10157
1.30693 0.959255 1.11333 1.02483 0.985264 1.0687
1.39437 1.15888 1.13712 1.03029 0.986319 1.0594
1.40714 1.36144 1.18309 1.03536 0.987621 1.03952
1.36423 1.59448 1.2939 1.03598 0.981166 1.0354
1.29636 1.71087 1.3272 1.03183 0.99171 1.03758
1.18314 1.754 1.33373 1.03283 0.992481 1.02033
1.08775 1.74644 1.32172 1.00462 1.00685 1.00112
1.05198 1.74853 1.32083 0.999846 1.00413 1.0017
1.00736 1.75179 1.11693 0.986683 0.991634 0.977254
0.939133 1.63705 0.757267 0.956362 0.9857 0.975777
0.804419 1.27562 0.505903 0.953861 0.977595 0.991373
0.731032 0.95187 0.588205 0.950673 0.973792 0.990525
0.673254 0.842045 0.661497 0.940251 0.942047 1.02206
0.666648 0.837592 0.653793 0.928333 0.932965 1.01705
0.669058 0.848854 0.634172 0.908095 0.916169 1.05801
0.689573 0.856233 0.597305 0.885689 0.905871 1.06159
0.710021 0.861137 0.604811 0.891765 0.940066 0.996496
0.733483 0.848806 0.634242 0.868598 0.932462 1.0603
0.783594 0.817964 0.729813 0.897804 0.945088 0.987888
0.825303 0.791381 0.803601 0.908832 0.955203 0.975685
0.880915 0.757379 0.90696 0.899037 0.954236 0.966154
0.919605 0.731402 1.04851 0.923144 0.962574 0.963947
0.944748 0.719903 1.10649 0.942733 0.962506 0.971359
0.959907 0.713102 1.14298 0.965353 0.962917 0.967214
0.988368 0.717397 1.15389 0.993294 0.963247 0.987144
0.996352 0.71619 1.18767 0.999624 0.962577 1.01561
1.01587 0.719988 1.18157 0.992347 0.974858 1.03712
1.01046 0.716726 1.18574 0.969409 0.986949 1.04985
1.00833 0.713754 1.18517 0.988271 0.974754 1.04983
1.00118 0.719629 1.192 1.00733 0.974515 1.07623
1.00801 0.719521 1.19674 0.996192 0.979185 1.11472
1.01151 0.720837 1.19571 0.992414 0.980632 1.12246
0.987884 0.725256 1.20093 0.984576 0.981609 1.12179
0.977572 0.736172 1.17814 0.990871 0.983234 1.10103
end
gesture a03 hands 2
0.946817 0.700017 1.21139 0.954966 0.981357 1.12775
0.947821 0.697537 1.19981 0.950288 0.977992 1.1474
0.942729 0.699383 1.22052 0.943733 0.977044 1.13871
1.00093 0.732255 1.19221 0.942908 0.975591 1.12546
1.11799 0.750531 1.21354 0.956906 0.98178 1.15748
1.28286 0.823084 1.27258 0.978106 0.983828 1.11853
1.40067 1.10858 1.30474 1.01127 0.980694 1.06902
1.41249 1.26394 1.33717 1.01401 0.985978 1.06306
1.34903 1.48575 1.39093 1.01512 0.99312 1.04006
1.26776 1.58145 1.39331 1.02554 1.00409 1.00051
1.20271 1.64548 1.36804 1.03981 1.00652 0.984159
1.11373 1.66031 1.31181 1.03049 0.991964 0.955559
1.05733 1.65359 1.2215 1.01011 0.9877 0.951974
1.01499 1.64792 1.11844 1.00234 0.979748 0.937797
0.965871 1.58236 0.862568 0.971506 0.969101 0.93148
0.859027 1.3813 0.571324 0.947982 0.972281 0.948646
0.767225 0.991125 0.602597 0.937532 0.953964 0.955973
0.66414 0.821745 0.639782 0.94928 0.939829 0.979115
0.650994 0.798842 0.645328 0.936908 0.92239 0.980652
0.659627 0.812446 0.630172 0.931074 0.925862 0.983074
0.682357 0.834759 0.586122 0.898266 0.886952 1.0375
0.710866 0.860565 0.583837 0.888064 0.901688 1.06107
0.746476 0.878148 0.589933 0.886226 0.918149 1.05864
0.807524 0.865512 0.641956 0.899209 0.925643 1.02621
0.850262 0.833094 0.719298 0.926511 0.9495 0.99461
0.904519 0.779844 0.811117 0.943474 0.947906 0.989607
0.957531 0.719241 0.975676 0.981679 0.96366 0.999908
0.970434 0.684263 1.08963 0.982568 0.965766 1.0143
0.962836 0.67424 1.2216 0.977275 0.973338 1.0344
0.974971 0.671216 1.24853 0.968769 0.977773 1.07821
0.981424 0.676356 1.2488 0.964398 0.971428 1.09794
0.992926 0.680627 1.24739 0.957164 0.977775 1.13502
0.992909 0.677024 1.26022 0.959563 0.978418 1.13664
0.982991 0.687937 1.23539 0.960663 0.975832 1.12081
0.968164 0.689088 1.2305 0.966716 0.97964 1.12351
end
gesture a03 hands 2
0.911036 0.63507 1.19886 0.950641 0.961432 1.04759
0.898381 0.638961 1.19331 0.95677 0.962766 1.08579
0.91493 0.654714 1.20383 0.952495 0.965538 1.10107
0.966399 0.691747 1.15689 0.951149 0.971314 1.11699
1.05416 0.710335 1.16294 0.964396 0.968656 1.11478
1.26437 0.816846 1.2412 0.980259 0.972113 1.0866
1.3726 0.987475 1.30981 0.988904 0.973169 1.07127
1.35831 1.17106 1.31691 1.01973 0.966053 1.02469
1.32148 1.3852 1.41224 1.01574 0.971193 1.01604
1.24717 1.49217 1.4167 1.01194 0.983315 1.00114
1.1968 1.55976 1.42131 1.01617 0.980147 0.981269
1.09328 1.64004 1.36976 0.997941 0.97851 0.976007
1.03028 1.62028 1.30479 0.996403 0.977857 0.961207
0.969389 1.6262 1.17871 0.977817 0.974974 0.955636
0.881866 1.55029 0.83667 0.961548 0.968848 0.939915
0.803187 1.25466 0.559991 0.935802 0.958251 0.942322
0.695989 0.912664 0.558476 0.927113 0.955907 0.959991
0.635127 0.79764 0.630023 0.924008 0.93587 0.984917
0.628093 0.792683 0.630474 0.932514 0.924664 1.00394
0.644621 0.822795 0.610611 0.934914 0.934903 1.00015
0.692677 0.882491 0.594793 0.883057 0.922132 1.10049
0.731773 0.916094 0.60125 0.888751 0.923323 1.10713
0.789437 0.930595 0.629231 0.889502 0.934344 1.13006
0.884768 0.880703 0.704331 0.911133 0.946831 1.09378
0.962439 0.800596 0.79842 0.948434 0.961779 1.06892
1.04905 0.724327 0.929164 0.95696 0.968827 1.09626
1.09677 0.659833 1.13993 0.975207 0.968568 1.07932
1.08613 0.638399 1.26979 0.96343 0.975125 1.10158
1.03981 0.631228 1.34411 0.960072 0.973576 1.12505
0.95278 0.652655 1.34653 0.966137 0.9705 1.14936
0.968729 0.632349 1.35433 0.966223 0.967273 1.11667
end
gesture a03 hands 2
0.941394 0.670353 1.29803 0.96972 0.887068 1.20693
0.931971 0.681823 1.27819 0.963913 0.885438 1.21226
0.933451 0.687209 1.27936 0.966768 0.887004 1.21381
0.951651 0.674856 1.29813 0.97649 0.879843 1.21089
0.947617 0.678724 1.28291 0.971921 0.886822 1.21129
0.955519 0.68254 1.28451 0.978016 0.893691 1.2088
0.953561 0.681927 1.27909 0.982332 0.897438 1.20483
0.945036 0.68373 1.27078 0.969405 0.913335 1.19581
0.960808 0.66954 1.2802 0.977626 0.926622 1.16711
0.964702 0.674962 1.28327 0.985339 0.934298 1.14683
0.980993 0.681245 1.29029 0.970796 0.952911 1.12457
1.18523 0.747974 1.22871 0.987177 0.969891 1.00024
1.30287 0.895098 1.2307 1.00361 0.966987 0.968273
1.34075 1.19904 1.30478 1.03922 0.953269 0.9097
1.28826 1.324 1.35618 1.03746 0.975968 0.915601
1.23591 1.43531 1.35119 1.04725 0.983421 0.919779
1.14218 1.50627 1.29836 1.04426 1.03436 0.980218
1.0943 1.50664 1.20183 1.0312 1.04317 0.971777
1.04921 1.62045 1.06619 1.03285 1.02949 0.993638
0.956809 1.38149 0.821568 1.05338 0.91195 0.984764
0.871819 1.32002 0.68685 0.993535 0.956873 0.950706
0.82675 1.19177 0.649075 0.913152 0.927095 1.01455
0.776922 1.03585 0.624271 0.898095 0.900764 1.02222
0.778833 1.0191 0.593454 0.883605 0.910722 1.02295
0.772087 0.993356 0.494018 0.908358 0.944356 0.994962
0.778938 1.03843 0.469293 0.907185 0.991059 0.948525
0.794556 1.06152 0.51812 0.918001 0.984906 0.945428
0.778096 1.03747 0.541699 0.900772 1.0039 0.954204
0.833357 0.918994 0.711409 0.865475 1.04708 0.938403
0.887923 0.781832 0.876045 0.838372 1.06339 0.963172
0.938222 0.714149 1.06116 0.84569 1.06905 0.964548
0.950606 0.727026 1.20122 0.88176 1.08365 1.01448
end
gesture a03 hands 2
0.985173 0.811752 1.18505 0.886931 1.03343 1.01916
0.989258 0.80389 1.21401 0.873479 1.00983 1.0158
0.991327 0.770513 1.25778 0.95835 0.961823 1.10111
0.942355 0.750193 1.19396 0.956933 0.896044 1.13264
0.976102 0.770548 1.23658 0.945778 0.9292 1.15226
1.01474 0.813829 1.24795 0.946061 0.929315 1.16977
1.02187 0.821619 1.26488 0.942536 0.93629 1.17397
0.973376 0.761381 1.2301 0.970439 0.916106 1.17964
0.962926 0.755254 1.2239 0.957669 0.916778 1.18259
0.965806 0.760527 1.22436 0.95613 0.919404 1.18591
0.985337 0.75409 1.23822 0.975648 0.911217 1.17766
1.00045 0.78672 1.25582 0.990772 0.9152 1.10574
0.986778 0.793111 1.22459 0.994518 0.898103 1.14861
0.938825 0.727882 1.20227 1.11733 0.973978 1.12495
0.927023 0.713891 1.22047 1.1081 0.973676 1.12648
0.845699 0.683257 1.21883 1.06847 0.933151 1.03997
0.878421 0.685258 1.25002 1.10679 0.963697 0.983447
0.828594 0.680936 1.26388 1.11312 0.971548 0.991879
1.33187 1.00528 1.38394 1.12741 0.986335 0.968575
1.29729 1.23581 1.41282 1.11321 0.982564 0.956851
1.24447 1.34086 1.39722 1.07195 1.00822 1.00374
1.19544 1.43361 1.34063 1.04203 1.0089 0.961499
1.14984 1.62989 1.22655 1.00968 0.984609 0.959231
1.09807 1.54408 1.10443 0.994328 0.98863 0.930739
0.962434 1.42848 1.00304 0.979633 0.962456 0.937679
0.866031 1.35393 0.872555 1.06169 0.868224 0.902345
0.830453 1.3087 0.782941 1.05713 0.885071 1.0456
0.845689 1.23811 0.64036 1.03497 0.902331 1.03703
0.834847 0.989614 0.383934 0.852966 0.939848 1.03635
0.85138 1.05219 0.364834 0.774347 0.954276 1.00242
0.845724 1.13398 0.354208 0.830218 0.960353 0.999334
0.851768 1.20334 0.360122 0.859191 0.999202 0.968241
0.859807 1.20348 0.400265 0.849594 1.0295 0.973237
0.896215 1.14576 0.470602 0.871016 1.03056 0.910696
0.949035 0.991351 0.613631 0.858179 1.06491 0.890048
0.98306 0.883882 0.754809 0.858145 1.05655 0.906529
1.00476 0.812327 0.934038 0.896599 1.05482 0.979763
0.958878 0.736812 1.13202 0.859318 1.06963 1.0171
0.979897 0.757705 1.18045 0.944849 1.00021 1.05068
0.999934 0.777188 1.22511 0.935427 1.00323 1.04711
end
gesture a03 hands 2
0.973271 0.777835 1.19347 0.997462 0.959153 1.07932
0.97889 0.778365 1.19521 0.991332 0.94386 1.09667
0.98659 0.767272 1.19643 0.999602 0.944286 1.10442
0.999225 0.762978 1.21569 1.00878 0.945693 1.11534
1.021 0.814834 1.22312 1.02559 0.963762 1.09856
1.02227 0.850743 1.22634 1.0059 0.956902 1.09133
0.9724 0.760972 1.19037 0.991895 0.930075 1.12335
0.979832 0.753878 1.20186 0.996091 0.926588 1.1286
0.983503 0.751628 1.20231 1.0032 0.936571 1.12641
1.00191 0.772509 1.21344 1.0565 0.927065 1.09992
1.03203 0.792205 1.24173 1.04755 0.907481 1.09797
1.02878 0.800089 1.24371 1.10023 0.928532 1.09637
1.05846 0.773759 1.25824 1.07314 0.911656 1.07233
0.973108 0.806489 1.23338 1.10144 0.962802 0.94762
0.864985 0.760516 1.30992 1.12559 0.979777 0.930122
0.835153 0.748488 1.27319 1.14412 0.987423 0.904338
1.3068 1.11329 1.3951 1.14042 0.992419 0.904818
1.28355 1.25021 1.40936 1.10391 1.02668 0.961772
1.2026 1.4179 1.3575 1.08885 0.987377 0.926573
1.16901 1.53528 1.28928 1.04924 0.969321 0.914077
1.12382 1.6846 1.18964 1.05452 1.01949 0.930131
1.06229 1.61945 0.991925 1.02727 1.00963 0.917734
1.006 1.6595 0.806993 0.99826 0.976089 0.929896
0.933567 1.56966 0.64362 0.949415 0.884505 0.962701
0.79536 1.23228 0.573208 0.921625 0.886007 0.972866
0.853268 1.15979 0.559998 0.929637 0.861186 0.98325
0.845054 1.01118 0.379575 0.942784 0.931325 0.99687
0.83187 1.06137 0.34328 0.887831 0.969547 0.935543
0.821602 1.14745 0.330129 0.887914 1.00803 0.936663
0.830741 1.22128 0.34498 0.86973 1.00891 0.926207
0.849767 1.24549 0.413373 0.760934 1.08047 0.976632
0.879207 1.20452 0.480159 0.707 1.11675 0.976093
0.916426 1.0999 0.580048 0.717945 1.10017 0.947349
0.985754 0.88777 0.786794 0.718168 1.12358 0.958352
0.999021 0.806789 0.935515 0.76924 1.12371 1.00156
1.00337 0.772478 1.03438 0.826773 1.15516 1.03991
0.973505 0.76138 1.18714 0.917385 1.06641 1.04298
0.948659 0.77985 1.18235 0.989124 0.967604 1.08197
0.97126 0.797051 1.19402 0.975254 0.949842 1.10004
0.979925 0.780911 1.20909 0.976277 0.922857 1.114
0.977721 0.766366 1.19319 0.973955 0.922101 1.15211
0.974048 0.765767 1.18697 0.983092 0.923888 1.15166
0.997254 0.809012 1.18515 0.970166 0.954 1.12574
0.98488 0.833226 1.17497 0.969841 0.952922 1.12837
0.941461 0.795644 1.17027 0.989474 0.924669 1.13262
0.938696 0.787848 1.17357 0.970188 0.890851 1.14625
0.943508 0.790019 1.17567 0.990058 0.890156 1.13978
end
gesture a03 hands 2
1.03137 0.79088 1.21122 0.966868 0.965069 1.0115
1.02859 0.787995 1.21013 0.960773 0.974904 1.0171
1.02899 0.78841 1.21026 0.963373 0.975973 1.02553
1.03676 0.789558 1.22059 0.966571 0.973125 1.01979
1.02796 0.788385 1.20689 0.969163 0.971067 1.02993
1.03573 0.791093 1.22019 0.967936 0.961636 1.00243
1.02966 0.792241 1.20455 0.976009 0.962508 1.01605
1.03021 0.790783 1.21429 0.966125 0.976919 1.03156
1.03023 0.792028 1.20387 0.969302 0.96628 1.01081
1.02695 0.789786 1.20933 0.9664 0.971673 1.01425
1.02829 0.791787 1.20429 0.966268 0.962776 0.997743
1.03087 0.787048 1.20765 0.970656 0.972495 1.00604
1.03184 0.787981 1.2135 0.977 0.961999 0.996943
1.03654 0.791196 1.2194 0.983441 0.964143 0.989594
1.03868 0.78844 1.21065 0.981571 0.971934 0.978767
1.03726 0.795212 1.19971 0.976836 0.97442 0.97003
1.04268 0.79932 1.18758 0.980095 0.981334 0.965577
1.1314 0.858644 1.07088 0.975488 0.989606 0.928918
1.21454 1.00578 0.950233 0.967788 0.988051 0.90282
1.2528 1.26156 0.899421 0.970548 0.988838 0.897471
1.23466 1.5515 0.985192 0.950937 0.995289 0.898859
1.22396 1.69654 1.01228 0.944231 1.00039 0.89576
1.20009 1.78617 1.03666 0.942333 0.985388 0.91285
1.18069 1.82553 1.03235 0.927134 0.983575 0.934818
1.15738 1.82701 0.92238 0.927395 0.968135 1.00752
1.10692 1.74204 0.728101 0.93684 0.965126 1.08364
0.822476 1.1797 0.447837 0.963039 0.959709 1.19651
0.676303 0.94197 0.583914 0.930667 0.973368 1.24279
0.647446 0.82265 0.741328 1.02768 0.898039 1.19214
0.615745 0.773612 0.846339 1.15172 0.990227 1.37757
0.601571 0.776129 0.853648 1.16397 1.00484 1.39939
0.592387 0.802978 0.826303 1.14402 0.987514 1.39672
0.601739 0.854642 0.827282 1.02124 0.940374 1.2962
0.660139 0.89653 0.820283 0.959576 0.905173 1.19973
0.73546 0.904317 0.853549 0.909778 0.898457 1.11336
0.871988 0.885293 0.927202 0.802975 0.957147 1.05895
0.936532 0.873669 0.980608 0.900519 0.977795 1.03197
0.985453 0.814381 1.04753 0.894563 0.947714 0.973837
0.983977 0.786395 1.15242 0.871279 0.95793 0.923918
0.995766 0.794764 1.14988 0.92452 0.9857 0.8488
1.00803 0.794023 1.17127 0.931774 0.975774 0.871246
end
gesture a03 hands 2
1.08051 0.705478 1.31341 0.890486 0.961137 0.836595
1.04814 0.732292 1.28067 0.909065 0.97224 0.841383
1.05412 0.735209 1.27788 0.905272 0.974206 0.855762
1.05176 0.733465 1.29294 0.911828 0.963767 0.856406
1.05278 0.74175 1.27937 0.900943 0.967098 0.865968
1.05184 0.736685 1.27645 0.900954 0.957337 0.867612
1.05945 0.747048 1.27981 0.900102 0.970803 0.870257
1.0576 0.750886 1.27347 0.898864 0.973268 0.871794
1.0555 0.745687 1.28259 0.897671 0.974021 0.883852
1.05556 0.757147 1.25154 0.901105 0.975273 0.87871
1.11342 0.772779 1.21509 0.887744 0.979902 0.870507
1.22927 0.884812 1.06983 0.897456 0.977772 0.879425
1.29907 1.25039 0.950728 0.895062 0.981861 0.8798
1.309 1.45933 1.00805 0.889619 0.973088 0.919312
1.26497 1.5842 1.0224 0.877902 0.975631 0.934067
1.21969 1.76381 1.00913 0.870318 0.981302 0.95031
1.18422 1.82328 1.01206 0.867171 0.949202 0.999752
1.19216 1.81109 0.976915 0.885698 0.960213 1.02742
1.14013 1.67827 0.742444 0.927898 0.94107 1.12324
0.997477 1.36083 0.556017 0.969996 0.977518 1.19167
0.738144 1.03404 0.572738 1.02376 0.948055 1.24227
0.609967 0.808038 0.802114 1.1469 0.98771 1.34425
0.593083 0.767277 0.902557 1.19668 1.01041 1.36208
0.583855 0.755095 0.950022 1.22103 1.01702 1.36984
0.57337 0.75567 0.963658 1.24535 1.03772 1.39594
0.576392 0.760012 0.941767 1.23469 1.02374 1.39674
0.594132 0.783665 0.915227 1.21415 0.999643 1.38534
0.624619 0.824973 0.8679 1.13404 0.958911 1.34897
0.655864 0.860019 0.831337 0.997797 0.925489 1.28942
0.728773 0.89884 0.831892 1.00629 0.890441 1.23138
0.871814 0.914994 0.860092 0.905982 0.890602 1.15522
0.967281 0.900345 0.919429 0.858658 0.921384 1.11223
1.03043 0.859639 0.980623 0.846842 0.917461 0.994671
1.10983 0.777729 1.12608 0.897632 0.939285 0.918743
1.12066 0.756833 1.20879 0.854738 0.918467 0.896296
1.06533 0.723744 1.28831 0.922086 0.956392 0.848225
end
gesture a03 hands 2
1.05441 0.735744 1.30803 0.959494 0.977047 0.925554
1.05925 0.751563 1.30812 0.94927 0.980328 0.909996
1.06254 0.756943 1.31205 0.969302 0.982411 0.932567
1.06148 0.755421 1.30177 0.954447 0.972343 0.933861
1.07199 0.753815 1.31433 0.94466 0.974083 0.952274
1.06524 0.747643 1.3109 0.946076 0.974994 0.940896
1.06931 0.748657 1.30648 0.954233 0.978874 0.942276
1.07081 0.746822 1.31037 0.947252 0.974229 0.937185
1.06992 0.745392 1.30377 0.950931 0.971667 0.936044
1.0716 0.744968 1.31011 0.952621 0.977042 0.94163
1.06784 0.746638 1.30969 0.951317 0.975878 0.934589
1.06399 0.74338 1.29924 0.952806 0.981736 0.925757
1.0651 0.743935 1.29992 0.9533 0.976067 0.92779
1.06573 0.744168 1.30526 0.950119 0.975767 0.939306
1.06844 0.747864 1.3007 0.954163 0.973321 0.929965
1.06887 0.760272 1.26358 0.954679 0.969483 0.935323
1.13029 0.818478 1.16342 0.955545 0.971824 0.93997
1.29219 1.07775 0.914364 0.955287 0.971672 0.928326
1.35068 1.34523 0.898406 0.958037 0.971535 0.930457
1.31679 1.54591 0.935102 0.95419 0.955408 0.933593
1.25983 1.76209 0.98813 0.904136 0.947677 0.920179
1.22884 1.82977 1.02449 0.906285 0.92527 0.995984
1.19633 1.83232 1.01792 0.901641 0.919273 0.986303
1.14064 1.82358 0.870705 0.919797 0.900081 1.0637
1.05794 1.77853 0.705087 0.942464 0.979049 1.10083
0.837847 1.46099 0.492598 0.964069 0.990728 1.11127
0.647625 1.04965 0.56821 1.05469 0.98166 1.23277
0.58048 0.907332 0.672006 1.06004 0.993511 1.29466
0.558474 0.83376 0.750733 1.09629 1.01082 1.31657
0.528724 0.787768 0.816326 1.14666 1.01988 1.33059
0.525118 0.797632 0.822662 1.17185 1.01073 1.31609
0.526812 0.804464 0.816548 1.18508 1.01522 1.32583
0.532488 0.817927 0.777567 1.12896 0.998974 1.32936
0.550031 0.850173 0.737685 1.10456 1.00033 1.33693
0.586614 0.892293 0.698365 1.04334 0.965503 1.30493
0.67509 0.989136 0.654959 0.9039 0.934576 1.18989
0.781263 0.983465 0.623667 0.866185 0.928195 1.15366
0.889527 1.01725 0.649681 0.868521 0.953631 1.04063
1.0407 1.0443 0.781486 0.854232 0.971051 1.06192
1.13379 0.967338 0.876438 0.874651 0.954445 0.968413
1.1857 0.914043 1.00321 0.891244 0.943862 0.965397
1.17705 0.798899 1.21365 0.958546 0.969547 0.939455
1.08303 0.74757 1.31118 0.959269 0.947925 0.923849
1.05345 0.743382 1.36133 0.952001 0.979439 0.890865
1.05007 0.744873 1.3186 0.955317 0.993444 0.919679
end
gesture a03 hands 2
1.10562 0.723181 1.17455 0.902916 0.925723 1.03703
1.1088 0.723135 1.19466 0.895879 0.924151 1.04535
1.10583 0.718675 1.21087 0.88346 0.919953 1.05269
1.10453 0.71407 1.21131 0.87788 0.917439 1.05546
1.10112 0.717361 1.19804 0.885543 0.914231 1.06715
1.10535 0.722306 1.18883 0.897525 0.922086 1.03518
1.0996 0.726967 1.18527 0.895028 0.925776 1.02009
1.09054 0.753362 1.15571 0.924348 0.938832 0.979957
1.07115 0.790117 1.09323 0.971827 0.974123 0.94605
1.01786 0.836432 1.0583 1.08156 1.02495 0.850644
1.02068 0.949882 1.00414 1.16667 1.09964 0.83262
1.09382 1.10166 0.991988 1.2138 1.13902 0.813243
1.14456 1.29213 1.07117 1.23306 1.15624 0.841135
1.09913 1.45162 1.24152 1.18244 1.07723 0.867797
1.05895 1.49881 1.29343 1.09445 1.02424 0.877663
1.02815 1.51296 1.28058 1.03778 0.996587 0.917261
0.996121 1.544 1.16489 0.929713 0.96419 0.970293
0.981829 1.47512 0.983346 0.888152 0.94968 0.994403
0.892513 1.31908 0.803626 0.81683 0.951874 1.03367
0.758932 0.931868 0.777129 0.831622 0.888293 1.14402
0.742334 0.835397 0.84282 0.859859 0.891544 1.25814
0.721685 0.801951 0.866487 0.855106 0.87528 1.26899
0.721443 0.818019 0.847391 0.95683 0.873374 1.32399
0.730421 0.839062 0.836853 0.992674 0.895952 1.34393
0.740602 0.863795 0.824227 0.980998 0.899547 1.32562
0.76726 0.895988 0.834218 0.897291 0.900672 1.24011
0.791963 0.89299 0.867553 0.885025 0.909206 1.17087
0.819868 0.86642 0.926078 0.885264 0.916046 1.09698
0.91184 0.811322 1.001 0.852667 0.938266 1.00396
0.992941 0.782528 1.04796 0.866086 0.955982 0.96584
end
gesture a03 hands 2
1.09312 0.785869 1.12827 0.828413 0.91431 1.00774
1.08332 0.795228 1.08575 0.879898 0.922626 0.941987
1.06412 0.817345 1.0546 0.878333 0.895982 0.983381
1.05288 0.831789 1.05142 0.883642 0.902762 0.963428
1.01894 0.833865 1.04644 0.907616 0.904889 1.00968
1.01314 0.848769 1.0341 0.885062 0.928411 0.951703
0.990937 0.87365 1.01532 0.912859 0.917147 0.945138
0.970348 0.881333 0.993698 0.91662 0.922729 0.952399
0.964154 0.886258 0.986067 0.935118 0.936843 0.926648
0.964998 0.890692 0.994262 0.957053 0.946666 0.907197
0.980487 0.876319 1.0093 1.02719 0.969405 0.897648
1.01111 0.871779 1.03194 1.02275 0.965688 0.898039
1.07188 0.893973 1.04753 1.02468 0.972921 0.935902
1.1849 1.03824 1.07118 1.11646 1.04396 0.933233
1.27077 1.20003 1.11414 1.20938 1.14133 0.920401
1.22062 1.34626 1.28469 1.30734 1.2694 0.97668
1.1691 1.40949 1.33154 1.34096 1.34897 0.994276
1.12258 1.46911 1.34819 1.32005 1.38912 0.990353
1.06999 1.56934 1.28714 1.2691 1.34518 0.946043
1.01656 1.60094 1.18405 1.18711 1.27394 0.908288
0.990232 1.5208 1.04383 1.09716 1.16302 0.899107
0.809893 1.16373 0.801912 0.961083 1.00137 0.959661
0.800549 0.892082 0.830304 0.903919 0.862221 1.05358
0.802128 0.81349 0.877595 0.868402 0.825018 1.16198
0.776219 0.814882 0.886451 0.907112 0.825489 1.2837
0.780515 0.833147 0.871715 0.913326 0.820875 1.37161
0.784319 0.859223 0.856728 0.870558 0.806955 1.32674
0.787678 0.89433 0.858859 0.864194 0.782396 1.30422
0.790354 0.89662 0.886668 0.852797 0.798113 1.28624
0.811265 0.879363 0.930117 0.851908 0.821249 1.18288
0.900843 0.804889 1.00133 0.836421 0.85367 1.17213
0.914704 0.796394 1.03519 0.79815 0.857324 1.07888
0.939422 0.785833 1.04541 0.823036 0.86986 1.05404
0.936158 0.787176 1.03704 0.817764 0.885172 1.031
0.911081 0.801585 1.04699 0.850983 0.888752 1.05803
0.908944 0.809481 1.04075 0.845672 0.893041 1.09284
0.90182 0.818092 1.03768 0.831536 0.879703 1.05048
end
gesture a03 hands 2
0.87006 0.81552 0.997965 0.988633 0.969123 0.980226
0.860274 0.827576 0.988438 0.994956 0.957213 1.06368
0.864061 0.828426 0.964751 0.987324 0.954653 1.06797
0.863393 0.826849 0.986725 0.974369 0.958237 1.08806
0.885654 0.826967 1.00758 0.973966 0.956204 1.05241
0.993812 0.812382 1.04667 0.950759 0.95741 1.00205
1.09965 0.815576 1.06419 0.92215 0.964639 0.981
1.24664 0.974748 1.09394 0.91551 0.975383 0.950068
1.30982 1.27212 1.24741 0.898605 1.00055 0.909465
1.23567 1.38887 1.33611 0.912853 1.01349 0.900656
1.171 1.43947 1.36078 0.914039 1.02672 0.903548
1.09005 1.48768 1.33007 0.902803 1.02597 0.879482
1.0693 1.49449 1.24469 0.900644 1.02892 0.882973
1.0547 1.52988 1.13845 0.911587 1.00311 0.943702
0.944318 1.46303 0.934061 0.904087 0.962671 1.06338
0.791396 1.16436 0.816498 0.943282 0.919115 1.13839
0.751468 0.881717 0.813261 1.00149 0.907896 1.25904
0.732954 0.788224 0.88798 1.03841 0.89764 1.29999
0.735266 0.806318 0.856821 1.03878 0.918953 1.35102
0.728632 0.8356 0.850844 1.05667 0.901705 1.2672
0.744138 0.864965 0.8311 0.996367 0.899931 1.29846
0.754414 0.87322 0.83354 0.999187 0.889134 1.23317
0.764723 0.890548 0.858834 0.957901 0.905611 1.13704
0.842713 0.850589 0.925004 0.926037 0.914203 1.0852
0.914727 0.811612 1.00305 0.916003 0.944326 1.03019
1.00477 0.793049 1.02994 0.92266 0.964429 0.986431
1.09092 0.760252 1.07956 0.962824 0.984374 0.937335
1.08699 0.751635 1.12758 0.948667 0.976358 0.937132
1.1066 0.758547 1.15142 0.95469 0.969881 0.945171
1.09849 0.753471 1.15351 0.946164 0.969951 0.957856
1.11075 0.75406 1.12631 0.945613 0.970253 0.954883
1.08974 0.752213 1.13561 0.948058 0.96922 0.953661
end
gesture a03 hands 2
1.01184 0.729859 1.16561 0.996312 0.974901 1.01631
1.01713 0.73581 1.15544 0.996928 0.979316 1.02348
1.01986 0.729069 1.16592 1.00276 0.971907 1.02721
1.03674 0.728413 1.16462 1.01579 0.963294 1.02014
1.03314 0.728664 1.16342 1.00247 0.956182 1.01752
1.00669 0.729317 1.16912 0.968754 0.971989 0.998084
0.993873 0.723143 1.17046 0.96508 0.974354 0.996911
0.984101 0.723917 1.17269 0.967182 0.96665 1.01929
1.014 0.715635 1.14456 0.968395 0.961761 1.03058
1.02855 0.72179 1.132 0.955544 0.962207 1.03749
1.02345 0.724253 1.13544 0.961956 0.957015 1.02706
1.00382 0.718696 1.13996 0.949536 0.966909 1.00226
1.02004 0.72366 1.14317 0.948006 0.964259 0.997473
1.02058 0.725029 1.14602 0.951712 0.965093 0.994365
1.02066 0.728838 1.1527 0.965113 0.964798 0.997703
1.01738 0.729169 1.14466 0.976498 0.962933 0.987389
1.01515 0.729528 1.13933 1.00518 0.969334 1.00335
0.983378 0.72825 1.17004 0.956576 0.970334 0.983174
1.02513 0.76165 1.08553 0.985233 0.972192 1.01404
1.066 0.804742 1.01278 0.994088 0.963017 1.00886
1.10151 0.877988 0.94488 0.988568 0.962537 1.02588
1.0972 0.995019 0.889545 0.987621 0.970665 1.01167
1.10386 1.11542 0.827214 0.99814 0.973751 1.00701
1.10443 1.20281 0.861295 0.99349 0.978178 1.0172
1.04693 1.33432 0.884552 0.983414 0.991434 1.01661
1.04392 1.41183 0.931057 0.988667 0.990125 1.00427
1.04178 1.46745 0.965719 0.992186 0.983521 1.00643
1.03273 1.54302 1.03244 0.988395 0.992509 1.00439
1.00661 1.58527 1.07091 0.991483 0.994502 1.00012
1.00658 1.61159 1.08688 0.980451 0.998669 1.01013
0.976002 1.62777 1.09052 0.979735 1.00507 1.01803
0.980801 1.60707 1.07516 0.976343 1.00885 1.03735
0.961088 1.56688 0.949643 0.975936 1.01559 1.0343
0.89424 1.22098 0.65833 0.980338 1.00019 1.0224
0.872341 1.07129 0.672333 1.00146 0.9954 1.02503
0.862482 1.06177 0.68064 0.983947 0.999836 1.05466
0.882345 1.24236 0.685717 0.965054 0.990213 1.07205
0.887075 1.41656 0.698651 0.97026 0.987553 1.06709
0.933821 1.55563 0.806633 0.971769 0.985717 1.0544
0.989809 1.62696 0.967893 0.971127 0.998428 1.05207
1.00196 1.60939 1.02135 0.968487 1.00682 1.03672
0.998114 1.56319 0.916399 0.976497 1.00813 1.02265
0.872287 1.14104 0.686144 0.977145 1.00141 1.03905
0.790158 1.00082 0.738825 0.997115 1.00125 1.02036
0.752169 0.940504 0.80255 1.00736 1.00836 1.01748
0.751829 0.979388 0.804043 0.968724 1.00065 1.06005
0.777794 1.05521 0.793605 0.971319 0.997312 1.06008
0.822359 1.09789 0.786187 0.970656 0.998682 1.05879
0.902469 1.121 0.786322 0.990887 0.998878 1.02609
0.941629 1.08841 0.807379 0.989758 0.988162 1.03267
1.02035 1.00024 0.838461 0.989182 0.996234 1.03799
1.06925 0.871742 0.977323 0.995404 0.983561 1.04982
1.07288 0.786277 1.10117 0.991328 0.985785 1.05363
1.05263 0.735654 1.22614 0.983813 0.984414 1.05703
0.996143 0.712702 1.26517 0.985846 0.976005 1.05819
1.02693 0.726745 1.22497 0.985494 0.977212 1.06099
0.973002 0.737533 1.13559 0.977674 0.964568 1.042
1.00014 0.736405 1.21348 1.0109 0.974192 1.01606
0.995945 0.742531 1.21911 0.977225 0.975254 0.997694
1.00823 0.730474 1.203 0.988364 0.970983 1.04139
1.00243 0.724919 1.18839 0.970052 0.966388 1.01125
1.02048 0.723673 1.14077 0.946733 0.976162 0.996891
1.00563 0.72036 1.14086 0.956223 0.965015 1.00899
1.00465 0.725679 1.12214 1.00446 0.9672 1.01736
0.997487 0.720462 1.17556 1.00634 0.965542 1.01663
1.00915 0.719872 1.14005 0.949659 0.968464 0.99109
0.992129 0.720902 1.18268 0.948395 0.964135 0.996356
1.02439 0.718931 1.18133 0.959869 0.960701 0.993026
end
gesture a03 hands 2
0.987944 0.616037 1.31494 0.980649 0.923318 1.04197
0.993834 0.613856 1.29007 0.975222 0.925245 1.05773
0.989317 0.622713 1.29672 0.971554 0.93031 1.0737
0.984803 0.617772 1.3005 0.952689 0.933416 1.07342
0.979447 0.623299 1.32785 0.960065 0.935051 1.08073
1.02603 0.619757 1.27801 0.962242 0.932917 1.04799
1.16455 0.770815 1.04905 0.967191 0.94875 1.04972
1.19797 0.957293 0.955505 0.952019 0.964875 1.00532
1.19875 1.14819 0.962822 0.934582 0.992337 0.967516
1.12877 1.45278 1.0801 0.90648 1.01591 0.943043
1.08905 1.49679 1.18222 0.911981 1.00938 0.964967
1.07039 1.49574 1.17973 0.922408 1.00351 0.995142
1.04337 1.4161 0.983003 0.948357 0.979159 1.04089
0.978917 1.12005 0.807429 0.959555 0.969764 1.06748
0.882374 0.874634 0.824997 0.968042 0.964258 1.06223
0.840277 0.846332 0.838871 0.977181 0.968973 1.06414
0.830451 0.973227 0.813916 0.959967 0.972022 1.06394
0.867903 1.14809 0.822911 0.951867 0.96238 1.08202
0.93023 1.45121 0.912927 0.950375 0.96611 1.07643
0.994095 1.51119 1.01925 0.944217 0.95577 1.08901
1.01169 1.50496 1.07451 0.93712 0.967271 1.099
1.00422 1.40247 0.987233 0.955077 0.973613 1.06439
0.900903 1.16044 0.772392 0.97505 0.975509 1.04776
0.842629 0.957869 0.781822 0.976607 0.972134 1.03143
0.785449 0.867594 0.82697 0.96913 0.970489 1.05864
0.772659 0.87262 0.843591 0.971999 0.966593 1.04738
0.781555 0.884272 0.865149 0.979913 0.964167 1.04299
0.840566 0.868541 0.865287 0.990321 0.961955 1.03999
0.89711 0.845373 0.913935 0.978545 0.963237 1.0346
0.959711 0.77432 0.994671 0.983048 0.958229 1.03793
1.03697 0.690186 1.13731 0.967427 0.953759 1.03451
1.0468 0.641166 1.27459 0.978612 0.95458 1.03462
1.0266 0.611565 1.37521 0.972543 0.949596 1.03739
0.984459 0.598187 1.40064 0.978725 0.941627 1.0631
end
gesture a03 hands 2
1.02638 0.615266 1.29495 0.948287 0.943593 1.02452
1.00478 0.62551 1.3327 0.952765 0.944839 1.02467
1.02479 0.638307 1.28333 0.954179 0.949248 1.03268
1.02176 0.626107 1.31505 0.979003 0.949088 1.02045
1.00765 0.62515 1.30277 0.977766 0.951538 1.03364
1.01265 0.621438 1.32198 0.967732 0.953424 1.04431
1.01068 0.626404 1.3163 0.979348 0.949726 1.03293
0.995298 0.618445 1.33407 0.981798 0.945877 1.02667
1.0412 0.632973 1.31964 0.989851 0.941398 1.02205
1.10796 0.670968 1.19758 0.970851 0.936771 1.01817
1.17955 0.814441 1.0535 0.995222 0.943726 1.0151
1.1818 1.10195 0.977274 0.986902 0.968826 1.01188
1.16152 1.29579 0.992815 0.972138 0.971972 1.0207
1.11369 1.42153 1.0566 0.986761 0.968181 1.01158
1.07229 1.48381 1.15324 0.961538 0.988273 1.0132
1.05999 1.47654 1.1844 0.962763 0.991211 1.03663
1.05704 1.43869 1.12529 0.959001 1.00894 1.0321
1.02885 1.23596 0.826684 0.957021 1.01182 1.03038
0.906759 0.969702 0.790331 0.971252 1.00691 1.01566
0.832464 0.879186 0.827471 0.977485 0.994813 1.01733
0.820822 0.991281 0.816356 0.983426 0.985808 1.04102
0.872844 1.16185 0.820529 0.959739 1.00204 1.06002
0.922045 1.35596 0.884583 0.956362 1.00769 1.04842
1.01642 1.47016 0.995944 0.955116 0.994779 1.04717
1.07095 1.45759 1.02215 0.961187 0.99917 1.0571
1.02717 1.31817 0.882839 0.958779 0.99941 1.06119
0.870228 0.966314 0.798288 0.965582 0.99384 1.04851
0.822209 0.90595 0.827087 0.982229 0.997182 1.01256
0.828421 0.960171 0.821268 0.988258 0.996982 1.0234
0.873768 1.10661 0.80792 0.988866 0.98787 1.02526
0.903969 1.28992 0.831132 0.98123 0.991015 1.02012
0.968571 1.42335 0.95335 0.968554 0.98431 1.04077
1.03508 1.49106 1.06775 0.966653 0.984846 1.04636
1.04746 1.44023 1.01564 0.971842 0.984338 1.05629
0.936651 1.05402 0.759037 0.976488 0.988296 1.01528
0.874972 0.919311 0.7901 0.985803 0.983659 1.00801
0.838803 0.893603 0.815221 0.997594 0.983379 1.01106
0.882936 1.03701 0.819284 0.981548 1.00485 1.01838
0.924004 1.20091 0.827055 0.978714 1.00588 1.01511
0.969707 1.36381 0.907581 0.965141 0.996016 1.05055
1.03506 1.45174 1.0352 0.960748 0.996223 1.05909
1.04836 1.42303 1.0125 0.967731 0.991859 1.06041
1.02063 1.26433 0.86324 0.981876 0.996737 1.02834
0.925393 0.896541 0.789021 0.9966 0.990044 1.01378
0.886522 0.812461 0.827912 1.00995 0.992964 1.00827
0.869214 0.771704 0.86588 1.00469 0.995782 1.01216
0.883021 0.784501 0.86833 0.998215 0.980846 1.02729
0.892061 0.814903 0.87735 0.987741 0.981741 1.03403
0.95052 0.793558 0.894271 0.989797 0.975962 1.02687
0.982498 0.766144 0.936985 0.990158 0.970262 1.01223
1.02678 0.730991 0.998148 1.00241 0.96463 1.00614
1.05229 0.690584 1.06839 0.999916 0.958524 1.00425
1.06359 0.627102 1.22032 0.991611 0.965061 1.00111
1.02778 0.596691 1.33134 0.978435 0.959911 1.01848
1.00037 0.590536 1.37515 1.00112 0.954384 1.00756
0.992281 0.591595 1.34996 0.985059 0.956479 1.02215
0.997117 0.602698 1.2951 0.969655 0.951226 1.03751
1.0351 0.624787 1.27249 0.941218 0.948336 0.984162
end
gesture a03 hands 2
0.978968 0.558618 1.31263 0.965255 0.92803 1.05536
0.989095 0.560706 1.32246 0.95835 0.936468 1.06302
0.985066 0.558724 1.31662 0.954314 0.935889 1.07383
0.979225 0.561842 1.29821 0.963558 0.925376 1.05738
0.982435 0.564693 1.3121 0.962184 0.933356 1.06476
0.988174 0.563687 1.31112 0.962512 0.933787 1.05362
0.998698 0.5834 1.28951 0.963706 0.928421 1.05706
1.02486 0.620206 1.18992 0.968251 0.92903 1.04907
1.07468 0.691815 1.09585 0.964181 0.931808 1.05965
1.1592 0.890159 0.982369 0.969283 0.943567 1.04513
1.16068 1.12675 0.965388 0.960029 0.967259 1.04107
1.14267 1.31833 1.03496 0.95827 0.973538 1.03052
1.06157 1.48564 1.17857 0.957485 0.974496 1.0378
1.03048 1.51336 1.28084 0.958637 0.980694 1.03044
1.0194 1.48437 1.34297 0.958528 0.97869 1.03508
1.02403 1.46607 1.31927 0.960485 0.973734 1.03876
0.992913 1.48748 1.21975 0.963194 0.97055 1.04945
1.0161 1.51029 1.00139 0.969542 0.97797 1.04815
0.846801 1.20083 0.633006 0.973236 0.974581 1.05386
0.782148 1.08569 0.673329 0.98153 0.950317 1.0564
0.77216 1.0546 0.643252 0.988334 0.939951 1.05991
0.792521 1.08658 0.616005 0.973594 0.974506 1.04716
0.804732 1.14603 0.622272 0.967993 0.974828 1.04962
0.817751 1.20489 0.630344 0.961599 0.983021 1.0535
0.83617 1.2706 0.667431 0.965342 1.09263 1.01454
0.864565 1.27671 0.712883 0.93331 1.07866 1.0421
0.8952 1.22672 0.782528 0.957011 0.965235 1.0372
0.941172 1.11821 0.818537 0.947174 0.982077 1.04715
1.0012 0.961644 0.869067 0.949109 0.979678 1.02852
0.996999 0.866577 0.901842 0.948968 0.969039 1.04107
1.03405 0.718538 1.01749 0.954989 0.959463 1.03627
1.03575 0.637348 1.11994 0.957815 0.948981 1.02927
1.02297 0.594502 1.20862 0.95735 0.948462 1.02844
0.976686 0.559499 1.30164 0.957739 0.946571 1.03133
0.985328 0.563801 1.30859 0.957309 0.942787 1.03057
end
gesture a03 hands 2
0.989287 0.540314 1.2798 0.958427 0.944972 1.04516
0.990405 0.541361 1.26598 0.96342 0.946874 1.0243
0.989204 0.531004 1.29164 0.962651 0.9411 1.0392
0.987948 0.530804 1.28722 0.967211 0.931181 1.04598
0.9898 0.530355 1.29124 0.956997 0.940058 1.05562
0.985228 0.533442 1.28694 0.966094 0.932252 1.04498
0.985577 0.544796 1.28872 0.968953 0.938318 1.03837
1.09167 0.608216 1.13654 0.970363 0.947544 1.03715
1.12687 0.724674 1.07195 0.967702 0.946123 1.03776
1.13904 0.876981 1.04573 0.970165 0.951163 1.00963
1.14413 1.0897 1.09591 0.969069 0.96624 1.01642
1.12953 1.20571 1.14819 0.962921 0.974027 1.02064
1.10379 1.29224 1.18426 0.962646 0.982662 1.01388
1.05212 1.37534 1.25921 0.961691 0.986686 1.01365
1.01513 1.39921 1.25827 0.95639 0.983704 1.0306
0.995749 1.40825 1.25478 0.958129 0.974281 1.04706
0.957707 1.43074 1.1999 0.964544 0.973012 1.04584
0.958021 1.4583 1.09697 0.963775 0.974253 1.05607
0.928203 1.44735 0.872701 0.961483 1.01738 1.05415
0.879782 1.16318 0.584422 0.970361 0.970033 1.06443
0.826263 1.13364 0.62137 0.981328 0.959654 1.06085
0.824044 1.14219 0.617181 0.975219 0.951203 1.05322
0.834392 1.20306 0.59516 0.965456 0.973762 1.06899
0.857371 1.25577 0.662673 0.954115 0.99272 1.05986
0.858242 1.32254 0.709135 0.955237 0.997617 1.05114
0.860351 1.33528 0.742942 0.948237 1.00607 1.05497
0.863174 1.3339 0.763134 0.948702 1.01869 1.05075
0.873471 1.30352 0.769344 0.946051 1.01784 1.04578
0.886285 1.17965 0.799563 0.956455 0.981285 1.04684
0.914821 1.06125 0.809538 0.962358 0.96003 1.05123
0.971406 0.793544 0.910584 0.962885 0.943323 1.04885
1.00165 0.666914 1.01591 0.960317 0.945609 1.05304
1.0142 0.566984 1.19058 0.959926 0.937518 1.05153
0.988045 0.538508 1.29302 0.960914 0.940467 1.04572
0.994701 0.5303 1.31427 0.962831 0.940257 1.04978
0.995942 0.539285 1.30043 0.963034 0.943825 1.04084
end
gesture a03 hands 2
1.00546 0.532952 1.3734 0.962877 0.942212 1.04198
1.0063 0.524483 1.36034 0.962026 0.940942 1.04661
1.0049 0.51918 1.3531 0.965926 0.938857 1.03661
0.99289 0.526177 1.32946 0.960936 0.937661 1.05214
1.00793 0.562687 1.34197 0.96824 0.941245 1.03662
1.07925 0.58774 1.22045 0.968435 0.941595 1.0325
1.12164 0.746608 1.11995 0.968603 0.94846 1.02876
1.13591 0.901032 1.09605 0.972509 0.949255 1.01363
1.13263 1.0453 1.12507 0.963241 0.957578 1.02653
1.11089 1.21892 1.18365 0.961256 0.965404 1.02852
1.0787 1.29337 1.24154 0.963726 0.971327 1.01441
1.04538 1.33818 1.27518 0.957248 0.976836 1.02331
1.01151 1.37118 1.29057 0.959271 0.967253 1.04016
0.999873 1.40031 1.25358 0.958844 0.975797 1.03621
0.97843 1.43739 1.17533 0.954285 0.971243 1.05289
0.931023 1.40077 0.880939 0.946781 1.01696 1.05436
0.872663 1.21817 0.709082 0.95787 0.996343 1.05663
0.855575 1.12924 0.696945 0.985654 0.953409 1.03619
0.848682 1.11914 0.692198 0.971621 0.955373 1.06109
0.848836 1.15687 0.685099 0.969967 0.943223 1.0604
0.848155 1.18447 0.664324 0.96146 0.965402 1.05504
0.858822 1.22766 0.673232 0.964856 1.091 1.02382
0.859299 1.23706 0.686636 0.962227 0.982657 1.04604
0.865935 1.24383 0.69156 0.962818 1.02643 1.03996
0.859698 1.23462 0.732735 0.963242 0.94437 1.0537
0.881868 1.21135 0.755112 0.964409 0.953727 1.047
0.889029 1.16932 0.782126 0.953814 0.986198 1.04761
0.910929 1.07493 0.816716 0.957484 0.972317 1.04879
0.925774 0.985577 0.855304 0.957012 0.967788 1.05092
0.97015 0.865487 0.909835 0.960437 0.964302 1.05433
1.01025 0.738433 1.01505 0.956758 0.954772 1.05919
1.01895 0.664458 1.09975 0.957726 0.959433 1.0501
1.03187 0.6038 1.17541 0.958133 0.945364 1.05385
0.996725 0.553929 1.31687 0.966074 0.943134 1.04832
0.999531 0.561481 1.33021 0.959216 0.944736 1.05824
0.995466 0.559266 1.33631 0.961389 0.943416 1.05035
end
gesture a03 hands 2
0.990876 0.648427 1.32831 0.971097 0.967606 1.0202
0.994231 0.645493 1.29899 0.963931 0.959708 1.01116
0.986321 0.635584 1.30104 0.967106 0.958944 1.01541
0.986153 0.626106 1.30517 0.963656 0.959967 1.01105
0.984392 0.62624 1.30383 0.967841 0.964943 1.01694
0.989493 0.627532 1.30705 0.967641 0.968451 1.02002
0.990828 0.633793 1.28808 0.956146 0.963679 1.00887
0.988027 0.653598 1.2157 0.95053 0.974688 1.01707
0.99606 0.690206 1.10212 0.952871 0.983635 1.02126
1.02713 0.886654 0.896284 0.952068 0.971954 1.01536
1.0311 1.06441 0.809217 0.9538 0.969389 1.02594
1.02996 1.25202 0.805123 0.934674 0.978416 1.00391
0.985025 1.55194 0.878495 0.938068 0.973465 1.0394
0.953701 1.67764 0.97895 0.955643 0.962065 1.04824
0.946678 1.72572 1.07698 0.951775 0.948674 1.09734
0.932588 1.78614 1.12525 0.956511 0.933853 1.0617
0.937071 1.74215 1.13242 0.96713 0.94021 1.08651
0.941955 1.6679 1.02998 0.927745 0.932374 1.06446
0.983127 1.46197 0.742811 0.942841 0.960271 1.08585
0.892714 0.874984 0.666991 0.943565 0.941404 1.12729
0.933235 0.708429 0.840342 0.97151 0.957854 1.07458
0.893943 0.758436 0.887359 0.932733 0.925782 1.11913
0.890846 0.771793 0.886845 0.956364 0.934024 1.16556
0.910827 0.760439 0.85772 0.954548 0.943699 1.16627
0.922118 0.821382 0.905331 0.939616 0.971022 1.08642
0.930929 0.790605 0.966207 0.940729 0.975809 1.07212
0.977841 0.69378 0.989419 0.955444 0.962065 1.04663
1.02175 0.63475 1.15088 0.977195 0.953659 1.01137
1.00077 0.662505 1.26505 0.978288 0.957296 1.01611
end
gesture a03 hands 2
0.973863 0.695954 1.26441 0.984342 0.946362 1.04032
0.952733 0.681029 1.28095 0.983793 0.945357 1.02549
0.955165 0.678241 1.26507 0.983964 0.959998 1.03475
0.957006 0.669725 1.27706 0.948189 0.956225 0.994765
0.953494 0.674005 1.27213 0.919937 0.9514 0.998674
0.958363 0.671821 1.25545 0.934583 0.964434 1.01998
0.963314 0.667779 1.26086 0.950459 0.980597 1.02792
0.962182 0.695385 1.14376 0.955441 0.968654 1.03161
0.98224 0.75036 1.01263 0.976731 0.972295 1.03881
0.999483 0.896704 0.895617 0.96119 0.97594 1.02956
1.04356 1.15413 0.819334 0.963997 0.975563 1.04114
1.046 1.33853 0.811531 0.95433 0.962341 1.02152
1.03045 1.49997 0.850982 0.949896 0.964033 1.03372
0.986208 1.66577 0.965871 0.937832 0.957839 1.02413
0.985357 1.77918 0.97673 0.923393 0.950274 1.02722
0.939123 1.81072 1.07203 0.971496 0.954916 1.06105
0.938922 1.76976 1.05 0.928285 0.931185 1.07845
0.950001 1.70552 0.941414 0.976566 0.96017 1.0794
0.949934 1.55661 0.676734 0.956292 0.964675 1.1367
0.90653 0.779323 0.78832 0.962409 0.96436 1.15928
0.907176 0.700178 0.939211 0.995316 0.959633 1.10803
0.922398 0.705343 1.00673 0.983428 0.957811 1.11233
0.932347 0.702828 1.06418 0.915759 0.934943 1.14847
0.937694 0.717523 1.04086 0.920324 0.939623 1.14452
0.97835 0.698057 0.999347 0.963651 0.974062 1.06531
1.00466 0.75787 0.957573 0.954679 0.955671 1.10461
1.02373 0.765958 0.951314 0.961082 0.957947 1.03243
1.02703 0.741899 0.98862 0.945681 0.936856 1.03511
0.977076 0.739986 1.09785 0.980855 0.991532 0.973464
0.965235 0.684351 1.20091 0.98456 0.983435 0.960327
0.961939 0.68673 1.2517 0.9497 0.988463 0.940754
end
gesture a03 hands 2
0.926575 0.631468 1.31883 0.9561 0.958575 1.01076
0.925131 0.622694 1.32882 0.950487 0.964974 1.01874
0.926643 0.625538 1.32719 0.938101 0.954087 1.03291
0.943273 0.635485 1.25133 0.937766 0.949845 1.04232
0.978193 0.731816 1.08771 0.937612 0.960756 1.03728
1.04899 0.870693 0.995956 0.936239 0.955343 1.03121
1.08196 1.1335 0.927969 0.961815 0.970148 1.03722
1.07057 1.3193 0.946808 0.963197 0.975407 1.03941
1.03243 1.46335 0.996237 0.970153 0.977341 1.03626
0.981418 1.59873 1.08949 0.967355 0.961542 1.04061
0.956621 1.63759 1.13809 0.980743 0.966794 1.03807
0.965108 1.66226 1.14683 0.977534 0.969562 1.03405
0.946754 1.64912 1.06941 0.959552 0.976206 1.04906
0.944409 1.60144 0.975231 0.952436 0.977348 1.0544
0.945849 1.53593 0.839717 0.958633 0.956568 1.07542
0.938453 0.964885 0.627811 0.981876 0.916505 1.0907
0.919159 0.724825 0.828138 0.955736 0.945627 1.1752
0.923993 0.650954 0.964115 0.970232 0.961746 1.08121
0.930118 0.633944 1.09176 0.910607 0.931158 1.1351
0.946591 0.642963 1.111 0.947406 0.950518 1.131
0.957806 0.665958 1.08245 0.942164 0.958053 1.12647
0.964971 0.718619 1.00597 0.949754 0.965638 1.06333
0.974983 0.777553 0.967676 0.958194 0.964295 1.05177
0.992413 0.86916 0.943694 0.952439 0.992431 0.987099
0.993957 0.905935 0.917919 0.94768 0.99142 0.977166
0.986613 0.920693 0.932973 0.965238 0.950249 1.02152
0.992574 0.860362 0.981762 0.966132 0.957111 1.0124
0.988669 0.779114 1.03059 0.958606 0.938933 1.02717
0.963462 0.678059 1.10369 0.967374 0.940486 1.03059
0.950769 0.594639 1.2793 0.967881 0.957106 1.03455
end
gesture a03 hands 2
0.961807 0.558292 1.35929 0.956076 0.952932 1.04764
0.96478 0.55825 1.34051 0.956111 0.957211 1.05156
0.984879 0.578409 1.27175 0.954456 0.955494 1.0519
1.0131 0.603207 1.19723 0.950584 0.953352 1.05138
1.03415 0.758249 1.02713 0.960895 0.9394 1.03452
1.0528 1.00116 0.966867 0.952991 0.954283 1.05502
1.04867 1.25304 1.03247 0.944154 0.956596 1.04761
1.0166 1.37434 1.14295 0.95938 0.952431 1.01783
0.967905 1.47426 1.228 0.947431 0.949127 1.02077
0.954803 1.44676 1.26834 0.953532 0.959642 1.0363
0.961748 1.42453 1.22299 0.945816 0.970502 1.07793
0.973927 1.38558 1.02507 0.959458 0.984409 1.05968
0.971927 1.02106 0.775637 0.966835 0.97343 1.07096
0.960359 0.785038 0.856731 0.968384 0.976101 1.07193
0.940128 0.754896 0.873869 0.968684 0.97376 1.06712
0.929943 0.922798 0.809685 0.969835 0.972547 1.06887
0.923045 1.13125 0.784297 0.96412 0.970654 1.05662
0.927493 1.3761 0.908173 0.956999 0.963889 1.0613
0.932681 1.50243 1.1338 0.956805 0.969905 1.05657
0.964736 1.46583 1.21012 0.950829 0.981548 1.06796
0.97942 1.43271 1.10004 0.961945 0.999005 1.06085
0.970718 1.06611 0.752639 0.968567 0.980889 1.07664
0.968121 0.81404 0.865139 0.972663 0.983783 1.05787
0.964499 0.706503 0.967341 0.970693 0.970311 1.06931
0.943674 0.753527 0.930984 0.969775 0.976608 1.06562
0.945066 0.835258 0.87307 0.965779 0.972603 1.06122
0.945063 0.937496 0.83914 0.950046 0.963752 1.0631
0.999862 0.936268 0.926966 0.96212 0.957348 1.01872
0.967007 0.943987 0.915947 0.961902 0.948367 1.01921
0.980323 0.908958 0.905504 0.96536 0.948482 1.0204
1.00213 0.713248 1.04002 0.966907 0.939189 1.03659
0.99374 0.614141 1.16732 0.96557 0.947094 1.03033
0.96567 0.566087 1.28444 0.961155 0.948644 1.03187
0.952518 0.568317 1.3725 0.955846 0.960138 1.01884
end
gesture a03 hands 2
0.96682 0.644627 1.27324 0.961322 0.962615 1.03095
0.97261 0.634528 1.25456 0.963098 0.964732 1.0275
0.968887 0.631831 1.22694 0.963303 0.961566 1.02145
0.956904 0.636134 1.2339 0.958789 0.959798 1.01767
0.960023 0.632575 1.22194 0.958662 0.960699 1.01583
0.959017 0.634316 1.22452 0.965608 0.957622 1.02349
0.968695 0.632467 1.2254 0.9585 0.958467 1.03905
0.962092 0.630725 1.18159 0.963608 0.95549 1.02625
0.998067 0.695581 1.04675 0.967581 0.951613 1.02253
1.04302 0.815302 0.932657 0.969572 0.944652 1.03547
1.07377 0.960313 0.865171 0.971541 0.95069 1.0225
1.06891 1.26405 0.871573 0.968749 0.956559 1.00339
1.04171 1.3971 0.964676 0.973584 0.953377 1.01592
1.00913 1.48982 1.07149 0.964804 0.957149 1.01183
0.967623 1.47202 1.18517 0.954401 0.960238 1.02126
0.938087 1.48228 1.17148 0.964151 0.958139 1.01729
0.922568 1.47479 1.19369 0.960608 0.966637 1.01914
0.991021 1.50432 0.959089 0.972011 1.00094 1.01944
1.00017 1.37395 0.707236 0.973694 0.991464 1.026
1.00991 1.10217 0.659685 0.977687 0.994591 1.03078
0.969395 0.921177 0.732159 0.981979 0.975816 1.04432
0.963765 0.959771 0.713943 0.98526 0.977868 1.04045
0.962174 1.13534 0.636078 0.970792 0.970275 1.05716
0.950969 1.46516 0.794392 0.964113 0.957476 1.06278
0.938178 1.56366 0.944034 0.964174 0.964004 1.07241
0.957745 1.52072 1.07982 0.957651 0.974992 1.07814
0.958154 1.45885 1.0693 0.970828 0.991299 1.07287
0.971246 1.46165 0.877636 0.962509 0.987429 1.0897
1.03202 1.24364 0.689767 0.976991 1.00087 1.05835
0.969205 0.903985 0.718956 0.973622 0.98918 1.06265
0.939067 0.794997 0.817697 0.971803 0.985566 1.07478
0.923992 0.749552 0.905526 0.973994 0.979492 1.07388
0.925092 0.693953 1.01708 0.962138 0.975189 1.08761
0.931401 0.677927 1.08942 0.952216 0.975561 1.09306
0.973405 0.662621 1.15833 0.954991 0.970257 1.07754
0.987961 0.635855 1.25407 0.959281 0.97207 1.05147
0.992005 0.631242 1.30057 0.958561 0.971808 1.03804
0.99305 0.626804 1.31374 0.973759 0.970399 1.03048
0.976481 0.628421 1.31007 0.971405 0.965287 1.02734
0.979704 0.622246 1.29523 0.96621 0.965005 1.03246
0.979472 0.630266 1.29092 0.973379 0.970662 1.02396
end
gesture a03 hands 2
0.965576 0.559812 1.33135 0.957692 0.963612 1.02207
0.969467 0.56032 1.29717 0.960194 0.954332 1.03572
0.982477 0.580209 1.21274 0.961248 0.955661 1.02955
1.06145 0.780625 0.973952 0.972509 0.944063 1.03691
1.0718 0.990855 0.925782 0.973099 0.943755 1.01524
1.06359 1.23171 0.961637 0.970404 0.956196 1.01212
1.01987 1.44986 1.08317 0.973296 0.94695 1.01513
0.980644 1.47586 1.21789 0.96562 0.949951 0.99989
0.961402 1.48457 1.26412 0.960544 0.947325 0.999719
0.926902 1.45192 1.29264 0.973132 0.955898 1.02475
0.896516 1.44105 1.25262 0.968128 0.974431 1.03228
0.97397 1.46511 1.05699 0.971604 0.995363 1.05237
0.974555 1.32316 0.737121 0.962446 0.995906 1.08591
0.940495 0.918205 0.715792 0.971222 0.985151 1.09915
0.885841 0.665738 0.901313 0.983102 0.969529 1.12317
0.866034 0.636431 0.948599 0.992321 0.969848 1.11179
0.863947 0.653119 0.937155 0.967742 0.977644 1.15689
0.876031 0.724615 0.887687 0.956562 0.966702 1.13642
0.898265 0.777571 0.861857 0.967741 0.974105 1.09816
0.931778 0.799373 0.869737 0.958709 0.966077 1.08027
0.992988 0.758 0.917829 0.9361 0.962107 1.06581
1.03833 0.712157 0.982461 0.961465 0.956095 1.02182
1.06536 0.721153 0.993745 0.961883 0.952169 1.00542
1.0901 0.92934 0.933645 0.957533 0.956632 1.00325
1.06645 1.18894 0.993305 0.953689 0.961961 1.00032
1.02758 1.34146 1.12124 0.943599 0.957102 1.00953
0.979111 1.38735 1.25539 0.954288 0.974163 0.991822
0.949266 1.39047 1.19606 0.953985 0.973966 1.00661
0.992394 1.40351 1.02837 0.958433 0.978375 1.00899
0.977941 1.0463 0.712508 0.970797 0.962764 1.02312
0.96845 0.830647 0.823011 0.948094 0.976499 1.0518
0.948403 0.709979 0.94393 0.958092 0.97083 1.04218
0.931506 0.590515 1.18519 0.942366 0.962804 1.09766
0.966351 0.59785 1.29059 0.947507 0.958158 1.09326
0.965667 0.585723 1.31733 0.930805 0.967523 1.10388
end
gesture a03 hands 2
1.06419 0.565483 1.39535 0.957945 0.975996 1.03181
1.06371 0.58187 1.3766 0.961921 0.970181 1.02312
1.06154 0.58407 1.34026 0.954331 0.969963 1.04087
1.06184 0.590118 1.28568 0.965293 0.973297 1.00351
1.05111 0.693717 1.13541 0.955415 0.968888 1.00038
1.05033 0.890287 1.01664 0.977762 0.973903 1.00018
1.02999 1.11653 1.01155 0.972633 0.976976 1.0213
1.00941 1.3709 1.14518 0.969102 0.987801 1.01338
1.0135 1.41188 1.21633 0.958845 0.985508 1.02281
0.998204 1.42125 1.22694 0.959484 0.989322 1.02987
0.954925 1.40394 1.12474 0.957741 1.01475 1.04341
0.925207 1.30033 0.939898 0.9532 0.988404 1.05151
0.918863 1.04612 0.833761 0.955993 0.972136 1.07974
0.938863 0.832848 0.907219 0.96373 0.954586 1.0714
0.937709 0.81543 0.923885 0.966472 0.9559 1.08066
0.937972 0.877828 0.88897 0.96266 0.956066 1.08122
0.949466 1.0863 0.846347 0.963075 0.962442 1.03903
0.931351 1.26832 0.904007 0.95698 0.973972 1.04114
0.941492 1.39299 1.00709 0.957307 0.996925 1.02491
0.957752 1.42344 1.23352 0.957876 1.00382 1.01576
0.943533 1.45425 1.21256 0.961564 0.984513 1.01985
0.968301 1.42117 1.22573 0.965929 0.979837 1.03107
0.917889 1.33276 0.948874 0.970294 0.977576 1.01417
0.940155 1.04597 0.865236 0.98105 0.964241 1.00681
0.938465 0.919062 0.868408 0.978945 0.951904 1.02463
0.935852 0.847862 0.905084 0.978162 0.939355 1.04276
0.936388 0.855398 0.898378 0.963304 0.940986 1.05791
0.939661 0.871681 0.890483 0.965576 0.953617 1.08978
0.945775 0.885426 0.894001 0.966362 0.955513 1.07596
0.948457 0.887426 0.894168 0.960708 0.961035 1.07948
0.954122 0.868006 0.902262 0.971082 0.952569 1.05151
0.956744 0.853235 0.914027 0.964961 0.956525 1.05671
0.959292 0.844612 0.921043 0.965468 0.953819 1.05846
0.964419 0.830091 0.929536 0.967331 0.955363 1.07882
0.965389 0.81422 0.92964 0.968269 0.949006 1.0636
0.969136 0.790596 0.94618 0.96963 0.95316 1.07452
0.973601 0.738326 0.998786 0.970918 0.949751 1.05308
0.996387 0.623553 1.14713 0.971786 0.944448 1.06132
1.01878 0.57382 1.29112 0.968934 0.949711 1.04994
end
gesture a03 hands 2
1.0283 0.556952 1.306 0.95666 0.950323 1.06962
1.03473 0.553976 1.37144 0.949156 0.955032 1.06748
1.02472 0.556407 1.36199 0.940235 0.954332 1.07508
1.03841 0.556196 1.34884 0.94454 0.959348 1.05142
1.03355 0.543867 1.31404 0.938647 0.960535 1.05553
1.03478 0.544607 1.25559 0.954467 0.959714 1.01205
1.04121 0.58549 1.16542 0.968692 0.957386 1.00741
1.03642 0.70168 1.01445 0.969193 0.95865 1.01491
1.03167 0.88834 0.926632 0.980661 0.959137 1.00894
1.01705 1.08649 0.90556 0.969028 0.965346 1.02707
0.989432 1.31319 0.995121 0.969389 0.97603 1.01842
0.978564 1.38957 1.07434 0.9653 0.975398 1.03006
0.971356 1.44705 1.16057 0.960866 0.978449 1.02972
0.961444 1.44593 1.23337 0.959328 0.97888 1.03611
0.958748 1.44963 1.21059 0.963235 0.974127 1.0457
0.954601 1.43207 1.03076 0.959104 0.991544 1.04807
0.932155 1.07733 0.77224 0.96423 0.982445 1.04017
0.920828 0.914127 0.77818 0.97651 0.969785 1.04173
0.918406 0.869989 0.796773 0.975972 0.954579 1.04669
0.921872 0.90611 0.793963 0.96735 0.953779 1.05889
0.923685 0.978845 0.766279 0.973635 0.958318 1.04893
0.9255 1.08227 0.767623 0.972903 0.969276 1.034
0.89551 1.3401 0.868126 0.962335 0.996872 1.03039
0.904802 1.44481 1.04362 0.956815 1.01093 1.03168
0.913217 1.46287 1.18807 0.954755 0.982561 1.05343
0.945615 1.47247 1.21352 0.972282 0.964085 1.03153
0.937302 1.46818 1.14831 0.969932 0.98332 1.0308
0.904627 1.4083 0.932141 0.964621 0.997386 1.03024
0.922613 0.996486 0.750599 0.985845 0.962863 1.0277
0.931081 0.901643 0.782136 0.979094 0.952631 1.04024
0.935542 0.894718 0.790311 0.978882 0.955171 1.04258
0.944532 0.905004 0.802341 0.970357 0.953207 1.05122
0.955145 0.878745 0.815501 0.959986 0.953771 1.0784
0.976713 0.80641 0.866164 0.963363 0.958349 1.0809
1.01545 0.63188 1.02212 0.964133 0.950331 1.08727
1.03954 0.55672 1.17368 0.965544 0.944544 1.05938
1.0352 0.548562 1.29829 0.961146 0.953406 1.06222
1.05997 0.548387 1.37271 0.952098 0.963257 1.08663
end
gesture a03 hands 2
1.01093 0.624074 1.32146 0.947801 0.959728 1.06806
1.02632 0.621855 1.30638 0.956112 0.96647 1.05452
1.02008 0.622103 1.31008 0.960179 0.97486 1.02738
1.02256 0.620512 1.30117 0.960483 0.973756 1.01404
1.02111 0.620954 1.2971 0.973755 0.974307 0.984872
1.02448 0.615309 1.29743 0.973919 0.971015 1.00547
1.01704 0.616158 1.30092 0.962584 0.977708 1.0114
1.02655 0.612641 1.2768 0.972006 0.962965 1.02657
1.0331 0.61274 1.26461 0.968932 0.962777 1.02978
1.02634 0.617567 1.22917 0.957389 0.963242 1.03945
1.01716 0.669116 1.07831 0.963643 0.950879 1.05527
0.995918 0.897989 0.910623 0.960675 0.95175 1.04585
0.966053 1.17691 0.888821 0.963267 0.972583 1.02256
0.947592 1.484 1.05271 0.95813 1.00716 1.03925
0.963415 1.55259 1.09464 0.960482 0.986297 1.05092
0.962649 1.51841 1.19041 0.970962 0.981537 1.03158
0.947158 1.49209 1.09218 0.973469 0.998932 1.03724
0.907957 1.40338 0.876425 0.96542 0.989257 1.05037
0.936057 1.07033 0.728482 0.962519 0.965565 1.05334
0.929777 0.933149 0.74813 0.980969 0.950421 1.04047
0.924748 0.945633 0.753301 0.979765 0.952127 1.04598
0.927456 0.998119 0.735645 0.966722 0.954477 1.0523
0.921037 1.14418 0.718477 0.961852 0.955898 1.03824
0.900397 1.31582 0.752107 0.96234 0.973149 1.04166
0.891355 1.48234 0.879129 0.9583 1.00851 1.04427
0.91595 1.55774 1.11817 0.957085 1.02487 1.03735
0.946998 1.52527 1.20121 0.962385 0.990191 1.03775
0.922447 1.54308 1.17656 0.956503 0.982363 1.05035
0.906667 1.4579 0.857458 0.940217 1.00552 1.04741
0.92766 1.12823 0.64531 0.969239 0.958463 1.02422
0.959409 0.951401 0.715163 0.986184 0.946369 1.02522
0.975572 0.885529 0.754152 0.980962 0.941923 1.06085
0.982864 0.862646 0.775641 0.970544 0.945673 1.03687
0.993997 0.808586 0.826245 0.971545 0.943805 1.09753
1.00549 0.686896 0.960974 0.973118 0.941071 1.0827
1.01805 0.616545 1.0939 0.970997 0.931441 1.07404
1.03242 0.5923 1.24009 0.967718 0.940307 1.0489
1.02617 0.598965 1.33496 0.960599 0.944689 1.06851
1.02566 0.602186 1.34211 0.950964 0.94654 1.09235
end
gesture a05 hands 2
1.00111 0.738733 1.23425 0.944198 0.915344 1.08156
1.0029 0.740109 1.22955 0.936256 0.914374 1.09174
0.996231 0.742681 1.22393 0.946111 0.918219 1.07197
0.994828 0.74071 1.22823 0.938835 0.923884 1.05887
0.995718 0.740426 1.2378 0.948447 0.921237 1.06629
0.995312 0.745373 1.22503 0.944302 0.920485 1.08312
0.997016 0.741721 1.23613 0.946791 0.919148 1.08238
1.00019 0.740024 1.23767 0.953542 0.918859 1.0869
1.00071 0.739866 1.24357 0.954099 0.919464 1.09158
1.01132 0.739163 1.25021 0.960763 0.91683 1.0825
1.00941 0.738007 1.26005 0.954313 0.918349 1.0804
1.01143 0.736434 1.24398 0.962102 0.919782 1.07026
1.00079 0.743657 1.23575 0.967766 0.922512 1.06115
1.00187 0.751281 1.23301 0.978787 0.925186 1.05722
1.02044 0.781385 1.16776 0.962859 0.918838 1.03304
1.0549 0.939504 1.07015 0.995161 0.926974 1.0394
1.06481 1.11798 1.05882 0.998633 0.936457 1.03637
1.06126 1.3157 1.02276 0.999137 0.954495 1.02672
1.00377 1.40567 1.10855 1.00493 0.986925 0.945276
1.00745 1.45537 1.01886 1.02846 1.01511 0.926273
0.970438 1.48338 0.8933 1.06821 1.06765 0.921136
0.924707 1.5315 0.643826 1.046 1.09261 0.938965
0.914064 1.50908 0.502125 1.03836 1.10445 0.91859
0.874355 1.50543 0.485087 1.02878 1.10677 0.940769
0.833531 1.4833 0.467415 0.998189 1.10707 0.945427
0.824681 1.4674 0.460745 1.01015 1.14185 0.978458
0.824289 1.45289 0.465901 0.958755 1.10877 1.01383
0.824008 1.41555 0.485701 0.955628 1.11532 0.956731
0.840791 1.3737 0.521053 0.943461 1.08329 0.96077
0.879872 1.30377 0.572011 0.936381 1.04809 0.961226
0.931321 1.11642 0.697402 0.948709 0.994632 1.00546
0.957599 0.970368 0.811085 0.950552 0.961525 1.04086
0.986481 0.850877 0.960888 0.940906 0.949101 1.06557
1.00007 0.760281 1.22625 0.937063 0.943389 1.09825
1.00848 0.769995 1.26097 0.933732 0.947926 1.1236
1.03151 0.746661 1.29266 0.94435 0.939984 1.11204
1.05877 0.737526 1.29128 0.94254 0.94088 1.10346
1.07045 0.735271 1.26227 0.955552 0.940764 1.09244
1.07001 0.730168 1.24305 0.95297 0.93919 1.05872
1.0234 0.736438 1.22642 0.975464 0.946017 1.02245
0.994422 0.738892 1.21986 0.992168 0.944549 1.01675
0.98659 0.730776 1.22011 0.994157 0.942672 1.03707
0.98717 0.736417 1.21111 0.967851 0.932539 1.07375
0.997199 0.733682 1.21567 0.955396 0.925529 1.0877
end
gesture a05 hands 2
1.00705 0.7064 1.23717 0.95808 0.942936 1.05596
1.00038 0.708972 1.23155 0.967935 0.946781 1.03619
0.998979 0.707001 1.23585 0.960659 0.952446 1.02309
0.999869 0.706717 1.24542 0.970271 0.949799 1.0305
0.999463 0.711664 1.23265 0.966126 0.949047 1.04734
1.00117 0.708012 1.24375 0.968615 0.94771 1.0466
1.00434 0.706315 1.24529 0.975366 0.947421 1.05111
1.00486 0.706157 1.25119 0.975923 0.948026 1.05579
1.01547 0.705454 1.25783 0.982587 0.945392 1.04671
1.01356 0.704298 1.26767 0.976137 0.946911 1.04462
1.01558 0.702725 1.2516 0.983926 0.948344 1.03448
1.00494 0.709948 1.24337 0.98959 0.951074 1.02537
1.00602 0.717572 1.24063 1.00061 0.953748 1.02144
1.02459 0.747676 1.17538 0.984683 0.9474 0.997253
1.05905 0.905795 1.07777 1.01698 0.955536 1.00361
1.06896 1.08427 1.06644 1.02046 0.965019 1.00058
1.06541 1.28199 1.03038 1.02096 0.983057 0.990938
1.00792 1.37196 1.11617 1.02675 1.01549 0.909492
1.0116 1.42166 1.02648 1.05028 1.04368 0.890489
0.974589 1.44967 0.90092 1.09004 1.09621 0.885352
0.928858 1.49779 0.651446 1.06782 1.12117 0.903181
0.918215 1.47537 0.509745 1.06018 1.13301 0.882806
0.878506 1.47172 0.492707 1.05061 1.13533 0.904985
0.837682 1.44959 0.475035 1.02001 1.13563 0.909643
0.828832 1.43369 0.468365 1.03197 1.17042 0.942674
0.82844 1.41918 0.473521 0.980579 1.13733 0.978048
0.828159 1.38184 0.493321 0.977452 1.14388 0.920947
0.844942 1.33999 0.528673 0.965285 1.11185 0.924986
0.884023 1.27006 0.579631 0.958205 1.07666 0.925442
0.935472 1.08271 0.705021 0.970533 1.02319 0.969672
0.96175 0.936659 0.818705 0.972376 0.990087 1.00508
0.990632 0.817168 0.968508 0.96273 0.977663 1.02979
1.00422 0.726572 1.23387 0.958887 0.971951 1.06247
1.01263 0.736286 1.26859 0.955556 0.976488 1.08781
1.03566 0.712952 1.30028 0.966174 0.968546 1.07626
1.06292 0.703817 1.29889 0.964364 0.969442 1.06768
1.0746 0.701562 1.26989 0.977376 0.969326 1.05665
1.07416 0.696459 1.25067 0.974794 0.967752 1.02293
1.02755 0.702729 1.23404 0.997288 0.974579 0.986669
0.998573 0.705183 1.22748 1.01399 0.973111 0.98097
0.990741 0.697067 1.22773 1.01598 0.971234 1.00129
0.991321 0.702708 1.21873 0.989675 0.961101 1.03797
1.00135 0.699973 1.22328 0.97722 0.954091 1.05191
0.998358 0.695796 1.2215 0.969689 0.957197 1.06274
1.01158 0.692694 1.22498 0.939363 0.957417 1.05963
1.00663 0.694602 1.22644 0.960001 0.960428 1.09625
1.00578 0.691357 1.23716 0.974343 0.957605 1.06333
1.00792 0.692051 1.24319 0.970021 0.966775 1.07978
0.999154 0.714957 1.25479 0.987145 0.967096 1.0562
1.02963 0.75 1.15173 0.980797 0.96339 1.06826
1.08516 0.971144 1.06416 1.01386 0.95964 1.02344
1.12263 1.16069 1.03784 1.00576 0.97058 1.02638
1.12323 1.31389 1.06608 1.00669 0.977749 0.99935
1.07601 1.42391 1.06121 0.998423 0.977167 1.02796
1.04368 1.46937 0.993789 0.986055 0.966251 1.01675
1.00622 1.52022 0.884434 0.961417 0.957624 1.01115
0.950242 1.5853 0.659635 0.950286 0.973669 1.03136
0.938651 1.54246 0.543986 0.944409 0.950048 1.06538
0.903374 1.53166 0.536111 0.94371 0.945196 1.07969
0.867998 1.51006 0.529468 0.952234 0.930485 1.07972
0.866232 1.48969 0.532355 0.962433 0.92484 1.06433
0.874782 1.47433 0.538876 0.97361 0.928493 1.04355
0.889689 1.43715 0.535237 0.954763 0.963634 1.05702
0.894624 1.36021 0.565749 0.963538 0.959418 1.06061
0.929147 1.22334 0.644591 0.960354 0.948692 1.09033
0.990776 0.971537 0.827549 0.971408 0.966375 1.06032
1.02522 0.824731 0.993735 0.965521 0.970239 1.07639
1.0299 0.749056 1.18462 0.963006 0.968676 1.06898
1.03907 0.725034 1.34431 0.959125 0.967247 1.0433
1.0267 0.723504 1.30449 0.956756 0.965222 1.04835
1.0268 0.722493 1.2767 0.952988 0.967622 1.03574
1.03752 0.710002 1.26836 0.941894 0.968873 1.01133
1.03686 0.708493 1.24039 0.973948 0.961997 1.03873
0.998748 0.714094 1.23524 0.966688 0.952788 1.03938
0.993085 0.714761 1.22771 0.984208 0.951843 1.02829
0.983094 0.713372 1.24261 0.989505 0.954347 1.04196
end
gesture a05 hands 2
0.970763 0.656113 1.31541 0.962098 0.950605 1.04938
0.964463 0.661223 1.3063 0.96429 0.950118 1.04819
0.977787 0.698306 1.23534 0.954134 0.949558 1.02807
0.980487 0.837321 1.14594 0.964657 0.94917 1.05535
1.03169 1.0327 1.10765 0.981788 0.953154 1.04958
1.05153 1.23006 1.08119 0.989967 0.946874 1.02573
1.01584 1.32079 1.12587 0.986017 0.950829 1.03659
1.00539 1.38467 1.0798 0.9753 0.950741 1.03758
0.989109 1.41752 0.989242 0.978204 0.955445 1.03321
0.948579 1.45423 0.781026 0.973404 0.961764 1.04709
0.94108 1.431 0.638978 0.956107 0.954061 1.08328
0.951101 1.41232 0.588182 0.959925 0.973327 1.09919
0.905348 1.40303 0.563905 0.954185 0.98654 1.1114
0.899547 1.38964 0.55912 0.954348 0.998924 1.11159
0.900364 1.38289 0.559579 0.957854 1.01046 1.12151
0.906239 1.35053 0.565049 0.959185 1.01255 1.12348
0.903138 1.30374 0.579748 0.954487 1.0051 1.12056
0.906011 1.21598 0.633131 0.952849 0.978114 1.11216
0.941387 0.987213 0.801185 0.958222 0.95659 1.09151
0.973818 0.795837 0.975016 0.957288 0.954761 1.10073
1.01645 0.677598 1.2056 0.954009 0.957612 1.09835
1.01856 0.689161 1.35738 0.955358 0.960208 1.07491
1.03014 0.677048 1.41172 0.944707 0.958435 1.03797
1.04554 0.672042 1.41536 0.949023 0.961733 1.04391
1.08627 0.652582 1.39849 0.944512 0.962079 0.999893
1.08195 0.648675 1.33988 0.94392 0.96303 0.968804
1.05269 0.651405 1.26266 0.946774 0.962731 0.959479
0.965318 0.681648 1.20166 0.972948 0.965486 0.95947
0.922259 0.699016 1.18231 0.9663 0.958987 0.975208
0.899036 0.69101 1.19475 0.965761 0.958961 0.999803
0.898537 0.678236 1.2263 0.961873 0.956341 0.971994
0.91516 0.669176 1.24001 0.943218 0.951358 1.02113
0.957146 0.648968 1.2552 0.94838 0.946104 1.00509
end
gesture a05 hands 2
0.956241 0.773678 1.24866 0.933792 0.902381 1.19499
0.965512 0.765212 1.24988 0.927812 0.888162 1.20077
0.946938 0.770566 1.23619 0.91958 0.883994 1.20881
0.964057 0.768558 1.24987 0.917639 0.891044 1.2163
0.953491 0.781718 1.2422 0.924633 0.895809 1.20414
0.95952 0.781204 1.24394 0.933298 0.898811 1.20869
0.956588 0.779032 1.24173 0.934115 0.895201 1.19498
0.960595 0.783479 1.24316 0.928561 0.906262 1.20032
0.970176 0.783594 1.24009 0.948055 0.915557 1.19222
0.975473 0.791933 1.23898 0.954086 0.919073 1.1841
0.973963 0.787811 1.22724 0.967219 0.917836 1.17712
0.996981 0.794915 1.23789 0.994905 0.92491 1.15679
1.00169 0.792844 1.24056 0.985064 0.932989 1.13983
1.02571 0.815955 1.25359 0.992032 0.924645 0.973741
1.02164 0.880458 1.13919 1.02379 1.06555 0.851397
1.04009 0.982702 1.08623 1.06219 1.13855 0.81892
1.097 0.925085 1.1376 1.08335 1.18209 0.783958
1.11637 0.93124 1.1356 1.12495 1.18673 0.758323
1.11548 0.959762 1.11859 1.13002 1.1636 0.797367
1.15602 0.972581 1.13157 1.12065 1.10708 0.840149
1.07254 1.38723 1.0568 1.07799 1.05421 0.893543
1.04148 1.40312 0.947846 1.04343 1.05346 0.866644
0.984284 1.37755 0.843964 1.01158 1.0267 0.859057
0.902329 1.37251 0.694138 0.991582 0.995172 0.82841
0.844954 1.40712 0.55544 0.993669 1.09651 0.789897
0.821237 1.42144 0.484141 0.921282 1.01678 0.844721
0.821441 1.41488 0.477535 0.898448 0.905677 0.937977
0.83631 1.40137 0.499243 0.875007 0.898423 0.939992
0.837022 1.40592 0.460049 0.868968 0.899871 0.942144
0.829436 1.37834 0.437064 0.861978 0.933867 0.953868
0.866213 1.28805 0.506268 0.856768 0.927979 0.982193
0.940965 1.11106 0.655547 0.908311 0.97803 0.96843
0.980571 1.00712 0.760631 0.974901 1.01049 1.00131
1.01634 0.903558 0.8928 0.959819 0.975099 1.04482
1.03698 0.831859 1.02716 0.953286 0.962205 1.06553
0.982553 0.787445 1.1967 0.956379 0.950868 1.0884
0.988013 0.769665 1.21039 0.948078 0.935011 1.10934
0.979365 0.755513 1.21005 0.946232 0.935477 1.14622
0.988152 0.757915 1.22107 0.973315 0.937294 1.1494
1.03912 0.841206 1.22323 0.99042 0.954027 1.13957
0.994676 0.803866 1.22538 0.958579 0.928238 1.1639
1.00437 0.762605 1.25369 0.97442 0.925179 1.16479
1.01259 0.791157 1.23077 0.997305 0.936936 1.14685
1.03398 0.845086 1.23245 1.00971 0.950664 1.14329
end
gesture a05 hands 2
1.0287 0.773734 1.29445 1.01659 0.91943 1.16201
1.01212 0.80175 1.26897 0.986704 0.907908 1.16956
1.02269 0.811842 1.26305 0.980058 0.901983 1.17194
0.982637 0.71527 1.26547 0.974331 0.9082 1.18404
0.987063 0.718708 1.2639 0.974482 0.921499 1.17485
1.01591 0.784991 1.26081 1.03 0.947818 1.14199
1.02131 0.846007 1.26925 1.0136 0.956444 1.11299
1.01047 0.857757 1.22973 1.02439 0.976192 1.0742
1.00153 0.840234 1.20826 1.04623 1.02474 0.965868
1.02369 0.817189 1.24679 1.0754 1.04823 0.901946
1.03573 0.807454 1.29284 1.10509 1.07429 0.882841
1.02522 0.772369 1.22656 1.10506 1.08761 0.851331
1.11497 1.35058 1.21364 1.11949 1.04714 0.870165
1.09591 1.34048 1.21893 1.08284 1.02874 0.903479
1.07866 1.34795 1.06602 1.01723 1.03269 0.918491
1.01486 1.3288 0.92369 0.969221 1.00679 0.911355
0.938492 1.29934 0.842264 0.925658 0.951012 0.880361
0.836908 1.29881 0.672977 0.952804 0.968069 0.907102
0.808923 1.31448 0.612232 0.829238 0.977795 0.937676
0.801574 1.29981 0.619767 0.879794 0.931393 0.973899
0.8082 1.29816 0.598593 0.878761 0.918553 0.968461
0.824555 1.29548 0.593929 0.867834 0.903841 0.962722
0.859006 1.29111 0.607242 0.872614 0.921148 0.964571
0.857769 1.30303 0.468656 0.887411 0.969567 0.914052
0.87689 1.23145 0.519063 0.888908 0.986357 0.943179
0.920084 1.13879 0.608835 0.884136 0.983388 0.96452
1.02212 0.913787 0.754364 0.892629 0.995873 1.06408
1.04936 0.827691 0.892774 0.916913 1.01834 1.09521
1.04248 0.770406 1.01714 0.919301 1.02056 1.12248
0.963504 0.731988 1.22769 0.92293 0.978649 1.14348
0.9871 0.710852 1.23076 0.940572 0.943281 1.14435
0.982127 0.706287 1.2482 0.951052 0.908481 1.15569
0.990807 0.710491 1.2586 0.961695 0.900932 1.17876
0.993101 0.709698 1.26738 0.967797 0.921029 1.1856
0.997773 0.726364 1.28001 0.963948 0.927125 1.18311
0.992563 0.711775 1.28474 0.967081 0.917416 1.18222
0.985563 0.715829 1.2846 0.951755 0.914793 1.19031
end
gesture a05 hands 2
0.979415 0.736058 1.15438 0.967762 0.803807 1.16479
0.971612 0.739296 1.15081 0.940299 0.795485 1.17557
0.962942 0.738138 1.13869 0.942185 0.79481 1.17461
0.960538 0.734718 1.13715 0.946667 0.798225 1.17601
0.952382 0.73879 1.12858 0.95514 0.801274 1.18047
0.962208 0.737081 1.13695 0.959809 0.798772 1.18051
0.962913 0.735184 1.13456 0.960147 0.798607 1.17836
0.979805 0.747593 1.15172 0.961265 0.795892 1.17852
0.982946 0.766135 1.15009 0.977409 0.798424 1.16583
0.993343 0.770471 1.1488 0.96415 0.797854 1.16787
1.03272 0.850841 1.15072 1.0327 0.796662 1.1417
1.01526 0.819725 1.16739 0.971584 0.812374 1.13433
1.03867 0.879245 1.13631 1.04893 0.846857 1.07264
1.04618 0.92866 1.09677 1.03398 0.873471 0.925788
1.04719 0.877546 1.13179 1.0152 0.918005 0.898046
0.999085 0.816925 1.15378 1.04441 0.949728 0.841121
1.08777 0.804779 1.13502 1.06863 0.966203 0.799562
1.11895 0.835843 1.11825 1.07322 0.967409 0.77657
1.17618 1.32811 1.07905 1.09043 0.974836 0.792387
1.11285 1.3349 1.06142 1.06822 0.939154 0.829846
1.08407 1.3542 1.00315 1.04399 0.919266 0.877063
1.06691 1.4018 0.883883 0.997213 0.903394 0.904891
0.951609 1.25122 0.799942 0.971741 0.872629 0.832139
0.880031 1.27183 0.776754 1.07121 0.927573 0.776419
0.902128 1.23634 0.787787 1.01754 1.04765 0.813788
0.901849 1.31689 0.895077 0.931035 1.13235 0.872072
0.844576 1.36018 0.928308 0.929796 1.17896 0.86762
0.915715 1.35982 0.945102 0.935601 1.22245 0.870672
0.987015 1.32129 0.933716 0.889108 1.58137 0.934032
0.957646 1.33858 1.04801 0.975783 1.62208 0.912574
0.888794 1.41227 0.976958 1.0108 1.59726 0.954023
0.920378 1.37476 0.911255 1.03631 1.55869 0.986433
1.06434 1.12669 0.822112 1.01206 1.43034 1.03483
0.993422 0.918236 0.720673 0.934919 0.984292 1.04035
1.02667 0.83375 0.888261 0.872909 0.965326 1.0835
1.02342 0.817157 0.987736 0.91461 0.896909 1.13032
1.04556 0.828966 0.965352 0.912623 0.920206 1.11123
0.896398 0.898934 0.971679 0.888179 1.00258 1.17806
0.81636 1.02108 1.00203 0.882107 1.1106 1.21676
0.929385 0.838805 1.09639 0.876776 1.10345 1.20776
0.95801 0.816275 1.09531 1.01304 0.7968 1.14925
0.942633 0.763385 1.07023 0.966085 0.760782 1.1705
0.921458 0.764089 1.09641 0.925282 0.77708 1.13159
0.920926 0.776218 1.08275 0.922691 0.805662 1.14453
0.897298 0.804669 1.08859 0.903072 0.847953 1.16526
0.894055 0.785037 1.09583 0.89682 0.876596 1.1575
end
gesture a05 hands 2
1.08091 0.544624 1.40858 0.928692 0.971301 1.01232
1.07532 0.536105 1.40325 0.927359 0.978243 0.997336
1.07759 0.540304 1.39507 0.929078 0.980886 0.992239
1.08289 0.537996 1.40787 0.938898 0.979681 0.989004
1.07946 0.534904 1.40239 0.930253 0.982234 0.979876
1.07475 0.53951 1.3986 0.928866 0.983136 0.996255
1.06918 0.543003 1.38519 0.925352 0.97958 0.989433
1.07524 0.547928 1.37766 0.928093 0.980339 0.978327
1.07395 0.557872 1.35367 0.930066 0.98242 0.972404
1.16048 0.651281 1.22246 0.915274 0.993472 0.955661
1.21457 0.844116 1.14416 0.908851 1.00574 0.962524
1.19827 1.03678 1.16458 0.917526 0.999963 0.938248
1.12651 1.17243 1.23977 0.906719 0.997542 0.945188
1.07482 1.21793 1.22901 0.878479 1.02273 0.90047
1.01562 1.25561 1.15524 0.863222 1.00882 0.936996
0.906415 1.35306 0.879976 0.861489 1.08318 0.977797
0.828907 1.37522 0.678154 0.838148 1.04522 0.980729
0.792558 1.35756 0.591367 0.848251 0.971724 1.00086
0.754754 1.3461 0.577163 1.03595 0.84413 1.1546
0.726898 1.34559 0.569355 1.11622 0.859764 1.18867
0.719055 1.34082 0.566496 1.12959 0.866644 1.20228
0.707921 1.3353 0.566752 1.15694 0.876807 1.2244
0.709859 1.32884 0.565741 1.17186 0.87589 1.22886
0.707195 1.32951 0.573862 1.16054 0.870673 1.23952
0.729926 1.33881 0.587127 1.1559 0.865007 1.25713
0.745404 1.35013 0.610908 1.17839 0.868214 1.28123
0.771632 1.35382 0.67922 1.14713 0.884858 1.32503
0.89636 1.29594 0.834007 0.757164 0.935097 1.21137
0.932455 1.21867 0.946778 0.863521 1.03125 1.00994
1.10209 1.02619 1.04436 0.865878 1.03894 0.970106
1.14592 0.720018 1.15794 0.899768 1.00514 0.952763
1.14413 0.601199 1.30685 0.909877 0.990124 0.972411
1.09527 0.545224 1.38769 0.915586 0.9844 0.987095
1.06718 0.533417 1.44299 0.932489 0.982424 0.946608
end
gesture a05 hands 2
1.06329 0.599931 1.39769 0.970455 0.98532 0.986656
1.0635 0.606609 1.37617 0.964318 0.984556 0.985985
1.06812 0.602532 1.38879 0.95227 0.987792 1.00507
1.06452 0.603954 1.38177 0.948245 0.98611 1.0135
1.06928 0.603109 1.39015 0.951878 0.991408 0.992972
1.07229 0.603568 1.37854 0.962066 0.984187 0.995644
1.06573 0.599443 1.37379 0.962535 0.989243 0.986319
1.06542 0.605313 1.36412 0.959893 0.986768 0.991188
1.11425 0.625273 1.30554 0.956283 0.996398 0.989928
1.18361 0.684611 1.22876 0.95162 0.995834 0.998591
1.264 0.888682 1.13087 0.938949 1.01063 0.992262
1.23495 1.15796 1.15877 0.925225 1.01188 0.959575
1.19132 1.24109 1.15541 0.918456 1.01453 0.946586
1.14006 1.30273 1.08523 0.912054 1.00125 0.945989
0.987034 1.39733 0.827984 0.905082 1.01701 0.957773
0.845553 1.42282 0.654298 0.897732 1.03756 1.01985
0.766874 1.4103 0.573871 0.864225 0.981691 1.04635
0.688394 1.40887 0.552467 1.06223 0.867012 1.15493
0.657171 1.40305 0.543056 1.07804 0.891833 1.18982
0.63467 1.39797 0.53786 1.11238 0.893079 1.2044
0.62354 1.38708 0.526194 1.10537 0.909222 1.2303
0.629342 1.38335 0.521267 1.09309 0.908386 1.2372
0.63033 1.38124 0.525213 1.07235 0.900501 1.22746
0.658741 1.39261 0.532196 1.02028 0.909139 1.22522
0.682541 1.41127 0.565517 0.922053 0.933534 1.20457
0.738501 1.38523 0.630472 0.938282 0.977905 1.24258
0.896226 1.28366 0.73074 0.855441 0.939009 1.06191
1.03051 1.10236 0.814726 0.884535 0.949359 1.01555
1.09872 0.923591 0.935156 0.877939 0.952641 0.983575
1.13724 0.728725 1.16929 0.892237 0.952919 0.968228
1.09836 0.660149 1.28674 0.936931 0.970266 0.945099
1.07471 0.643298 1.35609 0.955868 0.969345 0.94172
1.0819 0.649882 1.37727 0.969489 0.964235 0.960701
1.08078 0.650896 1.37986 0.992814 0.980651 0.960399
1.084 0.646872 1.37888 0.990177 0.97044 1.00723
1.08462 0.650202 1.37491 0.976238 0.966079 1.03053
1.08606 0.645563 1.37348 0.985405 0.962287 1.022
end
gesture a05 hands 2
1.07249 0.578375 1.46449 0.986888 0.955167 0.910781
1.0758 0.56979 1.4637 0.971359 0.945119 0.904128
1.07586 0.569018 1.46308 0.941468 0.942083 0.891688
1.08651 0.572864 1.45904 0.981323 0.950638 0.916691
1.14715 0.614768 1.39988 0.97148 0.937229 0.904484
1.23568 0.630713 1.34962 0.975222 0.934027 0.911256
1.32083 0.74344 1.26356 0.911629 0.922672 0.879922
1.3706 1.00127 1.15612 0.917687 0.932741 0.89424
1.26864 1.14846 1.08926 0.900071 0.925784 0.910918
1.17603 1.26637 0.976105 0.89844 0.940767 0.924466
0.904954 1.32125 0.747556 0.903177 1.02755 1.02848
0.799065 1.32302 0.681634 0.907789 1.001 1.0702
0.696414 1.3268 0.662289 0.944753 0.935535 1.34669
0.663438 1.32274 0.658722 1.02307 0.927006 1.35407
0.63611 1.32432 0.650916 1.05635 0.952928 1.37054
0.614354 1.31462 0.644549 1.04654 0.971327 1.36256
0.616514 1.31255 0.643705 1.04639 0.960633 1.34991
0.620537 1.31341 0.644258 1.02271 0.973692 1.34996
0.650929 1.31292 0.643376 1.02957 0.965989 1.34532
0.703952 1.31972 0.662382 1.02108 0.985621 1.3581
0.757754 1.31892 0.687408 0.948766 0.99235 1.36218
0.809949 1.30202 0.748426 0.880352 0.956953 0.998059
0.89196 1.249 0.811081 0.880843 0.980758 1.02549
1.02593 1.11872 0.86693 0.877614 0.980246 0.973357
1.15408 0.866129 1.01309 0.894673 0.952218 0.922345
1.18109 0.68542 1.16308 0.88369 0.943731 0.913335
1.15008 0.580179 1.32488 0.952112 0.963023 0.943557
1.05864 0.541303 1.45491 0.970478 0.966799 0.892361
1.06141 0.539891 1.45697 0.976071 0.970663 0.896852
1.06998 0.542807 1.46588 0.985116 0.979364 0.894016
1.06496 0.531481 1.46686 0.963637 0.971352 0.916214
end
gesture a05 hands 2
1.06856 0.550797 1.35215 0.939006 0.938108 0.962985
1.06499 0.554574 1.34142 0.939886 0.939279 0.963971
1.03963 0.580891 1.3434 0.943304 0.937079 0.964907
1.05678 0.636805 1.27412 0.948772 0.937369 0.969344
1.00832 0.712255 1.26404 0.938977 0.949332 0.96557
0.969009 0.794537 1.1863 0.943873 0.956313 0.956754
0.969825 0.870541 1.19814 0.928975 0.964699 0.951156
0.958387 0.93 1.14864 0.921279 0.968604 1.02129
0.967818 1.08176 1.04647 0.924547 0.971355 0.982911
0.946863 1.16511 0.971735 0.943519 0.962661 1.03347
0.918284 1.2144 0.879958 0.948287 0.957774 1.05923
0.892534 1.25445 0.810388 0.953695 0.950959 1.13548
0.880123 1.26659 0.802079 0.958253 0.95321 1.14418
0.881208 1.28021 0.796048 0.949183 0.958785 1.16547
0.875389 1.26671 0.787013 0.947306 0.950772 1.17327
0.880908 1.26779 0.78856 0.942265 0.947731 1.15952
0.882151 1.26818 0.787681 0.915395 0.951133 1.1371
0.878731 1.2659 0.790701 0.928418 0.949028 1.11285
0.875287 1.24047 0.792496 0.921115 0.950554 1.09009
0.875724 1.23696 0.804496 0.953521 0.950856 1.07182
0.917258 1.15489 0.90551 0.964473 0.942421 1.07701
0.92877 1.01771 0.971516 0.958893 0.941725 1.05653
0.977625 0.772964 1.05832 0.96143 0.940152 1.09441
1.06412 0.596366 1.25868 0.964677 0.938097 1.0831
1.06615 0.555115 1.34211 0.973498 0.937073 1.0404
1.09186 0.544193 1.36879 0.948489 0.936858 1.06498
end
gesture a05 hands 2
1.05334 0.69149 1.26269 0.944277 0.942505 1.01836
1.05218 0.688062 1.2725 0.955202 0.960078 0.997991
1.06269 0.689413 1.26019 0.976342 0.949327 1.00836
1.04884 0.690909 1.27318 0.972218 0.949557 1.00923
1.04772 0.688252 1.26948 0.963825 0.954814 1.00724
1.06033 0.692975 1.23658 0.964808 0.947405 1.01722
1.0547 0.683743 1.28681 0.959281 0.95052 1.01048
1.04339 0.682751 1.27686 0.963416 0.947825 1.00994
1.04853 0.680611 1.29004 0.963583 0.951507 1.0115
1.0509 0.683467 1.28359 0.963458 0.949101 1.00626
1.05855 0.691133 1.27294 0.972414 0.951997 1.00621
1.04423 0.710045 1.23051 0.969057 0.953542 0.999958
1.04317 0.75316 1.19088 0.957222 0.952995 1.00189
1.0002 0.797558 1.19049 0.95835 0.955032 1.00717
1.00757 0.827707 1.1559 0.947416 0.964011 1.0011
0.971712 0.884242 1.11499 0.947786 0.969667 0.989282
0.95598 1.0128 1.08525 0.953018 0.987155 1.02725
0.96557 1.10954 1.01233 0.957446 0.976539 0.981998
0.955755 1.24678 0.920374 0.954902 0.994859 1.02445
0.906439 1.32054 0.780632 0.962994 0.984238 1.01331
0.882418 1.33175 0.738362 0.948621 0.985014 1.0693
0.869152 1.33322 0.730394 0.983169 0.970761 1.06113
0.855248 1.33068 0.717409 0.961883 0.958652 1.10619
0.86736 1.33509 0.712162 0.956555 0.958796 1.14609
0.851967 1.33327 0.70738 0.952639 0.961495 1.12431
0.844022 1.31241 0.708562 0.942154 0.954886 1.1267
0.845222 1.31647 0.708862 0.950549 0.957069 1.10341
0.842005 1.30281 0.708194 0.947021 0.964604 1.09455
0.846363 1.29878 0.73584 0.946639 0.954796 1.0742
0.86957 1.25442 0.804043 0.964109 0.96818 1.08148
0.890087 1.14495 0.873493 0.945146 0.975741 1.0362
0.983964 0.902937 1.00915 0.939569 0.95822 1.04934
1.02689 0.793273 1.09496 0.942886 0.952935 1.06298
1.07205 0.736074 1.22695 0.966149 0.955416 1.10727
end
gesture a05 hands 2
1.06865 0.723725 1.30539 0.925371 0.945686 1.02795
1.05256 0.720269 1.29377 0.944076 0.955882 0.9874
1.05173 0.726221 1.26352 0.955086 0.956527 0.971612
1.04881 0.731346 1.25322 0.971859 0.951015 0.983879
1.04574 0.737339 1.22942 0.962709 0.950138 0.991951
1.03011 0.742854 1.22712 0.972351 0.943291 1.01118
1.04059 0.751439 1.20873 0.961248 0.945719 1.01829
1.04277 0.750361 1.21721 0.966782 0.95921 1.07532
1.03334 0.749981 1.21866 0.94557 0.946901 1.02031
1.03167 0.754541 1.20395 0.939733 0.950762 1.01968
1.0292 0.768021 1.18353 0.938682 0.948576 1.02003
1.03225 0.800322 1.15202 0.941854 0.953564 1.01265
1.00121 0.850251 1.10389 0.944284 0.963385 1.00256
0.954214 0.96191 1.05769 0.956816 0.982615 1.02051
0.929668 1.03342 1.06534 0.962215 0.985232 0.973195
0.921624 1.11319 0.998801 0.961231 0.993273 0.960431
0.921144 1.21286 0.929997 0.951721 0.990797 1.02158
0.897082 1.28788 0.856089 0.952561 0.987036 1.02565
0.87077 1.34242 0.713235 0.960484 0.965544 1.09115
0.848547 1.36015 0.676537 0.953875 0.964886 1.11392
0.836234 1.3699 0.66711 0.949261 0.965227 1.13795
0.831075 1.36166 0.658182 0.969978 0.951957 1.15843
0.834706 1.3535 0.658467 0.962349 0.953111 1.16564
0.83571 1.35372 0.660292 0.963822 0.951644 1.15333
0.839656 1.33593 0.668701 0.963154 0.949494 1.14166
0.851652 1.30467 0.709558 0.935469 0.948535 1.10192
1.02958 0.726359 1.24469 0.947214 0.941374 1.04735
1.03078 0.730949 1.22915 0.942905 0.94163 1.04369
1.02706 0.741039 1.21007 0.951298 0.945161 1.03159
1.02447 0.748418 1.18256 0.943837 0.942314 1.02465
1.0067 0.753228 1.15526 0.962737 0.942843 1.02361
end
gesture a05 hands 2
1.0935 0.487248 1.37113 1.00624 0.958925 0.986334
1.07181 0.484906 1.36826 0.997297 0.96292 0.974066
1.07962 0.48263 1.37832 0.998638 0.95793 0.976819
1.06595 0.487364 1.36113 0.996725 0.959206 0.98339
1.07636 0.484515 1.37159 0.996828 0.961381 0.985569
1.09729 0.494106 1.36761 1.00577 0.964208 0.969128
1.07095 0.484981 1.38101 1.00168 0.96417 0.970011
1.07893 0.518659 1.35301 1.00362 0.963762 0.96762
1.10166 0.609634 1.20919 1.00381 0.969426 0.971966
1.05029 0.918283 1.12657 1.00778 0.987836 0.966259
1.03423 1.07854 1.17442 1.00552 0.985467 0.968767
0.992169 1.17234 1.23371 1.00983 0.982541 0.964753
0.97449 1.17313 1.25169 1.00881 0.980399 0.969176
0.980561 1.19772 1.21162 0.991299 0.98496 0.985225
0.921191 1.24823 1.11933 0.983832 0.988768 0.996847
0.940202 1.26625 0.918009 0.985931 0.978549 0.999823
0.966197 1.24812 0.710524 0.985066 0.989546 1.00685
0.944188 1.24375 0.644283 0.99036 0.966489 1.06263
0.928985 1.23968 0.641245 1.00995 0.960934 1.06521
0.924617 1.23305 0.637777 0.993228 0.961258 1.09673
0.935578 1.23376 0.651523 0.992401 0.965426 1.05589
0.943882 1.23836 0.664508 0.988027 0.980924 1.0476
0.948244 1.24113 0.70551 0.975028 0.992479 1.05546
0.928077 1.20253 0.845602 0.961729 1.00387 1.03864
0.942608 1.16164 1.0451 0.955335 1.00487 1.0281
0.958435 1.13681 1.1907 0.952743 0.989712 1.02608
0.976401 1.14834 1.23454 0.960683 0.977996 1.02497
0.971179 1.15236 1.26204 0.961004 0.984462 1.0175
0.96737 1.15623 1.25051 0.962401 0.984482 1.03179
0.939143 1.19159 1.11512 0.959014 0.991289 1.02738
0.939777 1.23029 0.902499 0.964276 0.990951 1.05434
0.963045 1.21483 0.703764 0.983701 0.996293 1.0483
0.93733 1.21485 0.645264 0.983352 0.977053 1.09992
0.936444 1.20953 0.636905 0.983319 0.974837 1.12493
0.944409 1.19552 0.643232 0.980434 0.975128 1.10391
0.950368 1.17983 0.661923 0.975993 0.996464 1.09022
0.936534 1.18604 0.739147 0.968764 1.00346 1.07411
0.912763 1.18508 0.869997 0.970346 1.00471 1.05335
0.946823 1.16869 1.1404 0.944497 1.00557 1.04705
0.941012 1.15696 1.28118 0.948981 0.985691 1.02657
0.958341 1.17893 1.22635 0.954173 0.982436 1.02956
0.93773 1.18187 1.18734 0.957041 0.987775 1.03376
0.876749 1.22947 1.09416 0.956405 0.994547 1.0422
0.907131 1.21068 0.786547 0.962177 1.00327 1.0547
0.911532 1.18203 0.641952 0.985771 0.982303 1.04523
0.869784 1.18214 0.636172 0.991542 0.972701 1.08382
0.871085 1.16999 0.629514 0.986228 0.968003 1.09952
0.889274 1.16204 0.645409 0.983977 0.978481 1.05413
0.902022 1.15515 0.673058 0.977389 0.998693 1.04918
0.920213 1.13361 0.715165 0.968434 0.999926 1.04218
0.998182 0.985241 0.841686 0.965945 0.990242 1.01985
1.04501 0.862613 0.933126 0.962601 0.991643 0.998129
1.13333 0.711601 1.04151 0.960421 0.982427 1.03125
1.1577 0.533693 1.28322 0.967813 0.966167 1.01961
1.10859 0.473262 1.41165 0.963193 0.957448 1.03419
1.05705 0.456095 1.42608 0.972671 0.948063 1.02218
1.06527 0.484628 1.35032 0.963173 0.95038 1.02818
1.02868 0.522688 1.25174 0.945103 0.951576 0.991692
1.01823 0.517709 1.2486 0.921764 0.958093 0.982837
1.02439 0.519335 1.24725 0.963057 0.956718 0.971674
end
gesture a05 hands 2
1.06931 0.493405 1.34462 0.971717 0.944509 1.02194
1.06786 0.487767 1.34086 0.960165 0.941759 1.01097
1.09021 0.494168 1.33085 0.953878 0.941681 0.998761
1.08535 0.493654 1.33658 0.975713 0.946525 1.03413
1.04935 0.484097 1.36894 0.967603 0.94327 0.983765
1.0954 0.536354 1.28365 0.994908 0.946273 1.01699
1.09002 0.717293 1.18054 0.99083 0.971177 1.00025
1.03894 1.01981 1.18054 0.975192 0.983004 1.00408
1.03128 1.11063 1.2259 0.985466 0.98381 0.99425
1.01688 1.13871 1.22277 0.97447 0.992579 1.01138
0.969592 1.15573 1.16055 0.983102 0.982512 1.02017
0.956953 1.18768 1.00261 0.977237 0.991864 1.02415
0.968913 1.21011 0.803699 0.979254 0.996008 1.02825
0.978242 1.21426 0.676199 0.989716 0.991857 1.01756
0.944855 1.23688 0.678117 0.993501 0.991701 1.02683
0.92573 1.24744 0.726244 0.985677 0.995608 1.03912
0.900138 1.23456 0.901115 0.993506 1.00094 1.01101
0.926532 1.20338 1.09714 0.965934 1.00084 1.03223
0.95775 1.19318 1.20878 0.964643 0.986956 1.03854
0.97037 1.20727 1.17774 0.971342 0.987247 1.04907
0.963101 1.20937 1.08287 0.974262 0.989528 1.03416
0.931242 1.22743 0.896892 0.97557 0.996687 1.0274
0.98519 1.18494 0.682683 1.00295 0.989413 1.0364
0.976382 1.18425 0.662782 1.00317 0.985994 1.04581
0.96499 1.1959 0.667426 0.999919 0.981187 1.05875
0.954374 1.20665 0.760893 0.999012 0.992857 1.0365
0.929389 1.19628 0.892566 0.984159 1.00514 1.01747
0.961426 1.19782 1.05834 0.974148 1.00069 1.02677
0.987493 1.17932 1.22153 0.976029 0.986356 1.04051
1.0033 1.18686 1.20275 0.973137 0.983916 1.04361
0.979385 1.17898 1.19727 0.977004 0.984168 1.04057
0.920186 1.20101 1.06373 0.975843 0.999188 1.04531
0.930251 1.19946 0.801006 0.984025 1.00196 1.05117
0.984958 1.16769 0.653444 0.99854 0.994166 1.05649
0.935781 1.17677 0.636212 0.996002 0.966425 1.09216
0.914719 1.187 0.65702 1.0028 0.975175 1.08071
0.895004 1.20387 0.696203 0.989614 0.963328 1.0687
0.898681 1.21239 0.919284 0.982305 0.994046 1.03952
0.938175 1.18709 1.10258 0.97452 1.00751 1.03242
0.959282 1.1938 1.21599 0.969308 0.990797 1.03906
0.990384 1.19042 1.21295 0.972431 0.98041 1.03837
0.976871 1.19192 1.19765 0.977753 0.981762 1.02833
0.944971 1.1957 1.08355 0.978033 0.993371 1.03303
0.92607 1.17759 0.757604 0.986228 1.00449 1.04832
0.964113 1.13593 0.646173 0.997791 0.983876 1.04833
0.915339 1.14164 0.628772 0.987533 0.97523 1.08087
0.893184 1.14668 0.630775 0.998231 0.958772 1.06423
0.893703 1.14315 0.641019 0.991977 0.975226 1.0714
0.895011 1.10905 0.660853 0.985978 0.981009 1.05544
0.91294 1.04438 0.738815 0.976486 0.993557 1.03635
0.952823 0.953697 0.810298 0.963582 0.988832 1.02663
1.00721 0.845576 0.895061 0.968783 0.986513 1.01982
1.11767 0.655838 1.09234 0.96716 0.98399 1.00305
1.14093 0.558425 1.25322 0.968109 0.974372 0.999998
1.12523 0.519175 1.37116 0.970257 0.965276 1.00899
1.05755 0.489739 1.42398 0.974684 0.953991 0.994936
1.07311 0.504044 1.37118 0.975324 0.958005 0.972184
0.989879 0.565388 1.23165 0.978369 0.961939 0.967343
0.990377 0.568452 1.22783 0.944648 0.969656 0.946274
1.00306 0.546158 1.24297 0.96519 0.961093 0.953952
1.01609 0.526468 1.28177 0.968601 0.96665 0.958904
1.02383 0.525538 1.29392 0.96476 0.967959 0.960444
1.03338 0.521213 1.26645 0.928035 0.963878 0.996978
end
gesture a05 hands 2
1.03213 0.614507 1.31877 0.971547 0.933417 1.03343
1.02871 0.625744 1.30096 0.964909 0.937916 1.04772
1.02541 0.622083 1.29664 0.967253 0.94055 1.04091
1.02888 0.622075 1.30611 0.970741 0.943974 1.02809
1.02003 0.623705 1.31582 0.963289 0.941379 1.05264
1.0184 0.637704 1.30374 0.967053 0.939341 1.03949
1.02806 0.711641 1.2892 0.966927 0.950982 1.02369
1.01886 0.825052 1.15556 0.956358 0.956479 1.02842
1.01549 0.898885 1.13739 0.961203 0.970603 1.01377
0.999322 1.00271 1.10901 0.956676 0.966004 1.02764
0.969503 1.05111 1.10198 0.959737 0.965412 1.02386
0.947543 1.10473 1.04979 0.962494 0.961063 1.04275
0.952056 1.21507 0.944383 0.955832 0.962941 1.06721
0.909085 1.27088 0.798983 0.962274 0.967696 1.05519
0.888918 1.30196 0.643047 0.964055 0.958458 1.06451
0.85641 1.34564 0.596718 0.979912 0.947309 1.04761
0.858031 1.35813 0.589466 0.979977 0.948532 1.05159
0.863019 1.35733 0.594847 0.965685 0.960291 1.0662
0.866237 1.35948 0.609919 0.96119 0.957823 1.06888
0.871502 1.3532 0.621209 0.960135 0.961281 1.05766
0.889034 1.34592 0.646791 0.963745 0.947339 1.05456
0.903642 1.30213 0.727181 0.948139 1.00106 1.05766
0.927929 1.26696 0.804051 0.953176 0.976693 1.05928
0.941818 1.19987 0.865342 0.953889 0.989649 1.03715
0.944129 1.12766 0.950209 0.960418 0.981413 1.03942
0.97536 1.08226 1.02904 0.958977 0.972499 1.04075
0.966566 1.01392 1.08044 0.961258 0.981738 1.0358
0.98932 0.93667 1.13047 0.95452 0.992173 1.0342
1.00269 0.841326 1.18463 0.95144 0.992832 1.04308
1.03341 0.75827 1.22927 0.954572 0.986081 1.03967
1.05123 0.686837 1.29976 0.958563 0.97815 1.0453
1.04487 0.652963 1.31315 0.960214 0.967795 1.04636
1.03533 0.647031 1.32323 0.956048 0.966542 1.05183
1.03339 0.647203 1.32277 0.955605 0.961326 1.05403
1.03335 0.640464 1.31833 0.960226 0.956115 1.04807
end
gesture a05 hands 2
1.01631 0.635274 1.30578 0.963811 0.966243 1.04086
1.02036 0.634823 1.31603 0.954368 0.960156 1.06565
1.01709 0.635963 1.32392 0.96859 0.95901 1.04827
1.0175 0.637449 1.31502 0.962491 0.961936 1.05822
1.02235 0.634839 1.31774 0.961838 0.95146 1.05028
1.02514 0.624427 1.31096 0.96372 0.95384 1.05584
1.02467 0.64139 1.28818 0.964402 0.959453 1.03844
1.02102 0.694102 1.30088 0.967428 0.958261 1.0446
1.04714 0.798569 1.134 0.962379 0.959439 1.04313
1.02668 0.940121 1.09574 0.964276 0.965267 1.03414
0.979944 1.08093 1.08951 0.971283 0.957048 1.02846
0.955317 1.14958 1.05399 0.968034 0.954945 1.03845
0.95647 1.22309 1.02092 0.971487 0.960941 1.03659
0.914355 1.32214 0.851097 0.961938 0.959076 1.05453
0.88206 1.36625 0.714636 0.953108 0.990192 1.05734
0.894014 1.38913 0.622596 0.959716 0.968682 1.06393
0.858029 1.39051 0.627423 0.956237 0.97416 1.0733
0.867683 1.38812 0.626709 0.957579 0.97466 1.05793
0.872424 1.38546 0.608396 0.954282 0.975149 1.05545
0.887845 1.37192 0.606271 0.947455 0.978892 1.05133
0.877134 1.36533 0.626944 0.943508 0.99243 1.04701
0.875901 1.33982 0.700664 0.951524 0.973495 1.04342
0.919605 1.25929 0.89372 0.960999 0.955897 1.03341
0.929332 1.19451 0.903082 0.963657 0.943026 1.03392
0.9153 1.14469 0.936143 0.969274 0.955715 1.01375
0.976707 1.04878 1.03272 0.959462 0.953301 1.03057
1.00088 0.922576 1.04169 0.954664 0.964295 1.03657
1.00891 0.832867 1.09044 0.957385 0.965557 1.03735
1.04221 0.7504 1.16747 0.963485 0.95811 1.0394
1.02763 0.688562 1.26906 0.959609 0.958488 1.0428
1.03035 0.660249 1.24572 0.96362 0.948144 1.04499
1.02421 0.638208 1.2772 0.952776 0.959585 1.05191
1.02247 0.629555 1.30901 0.95893 0.946711 1.0556
1.02292 0.628541 1.2958 0.955209 0.95102 1.05801
end
gesture a05 hands 2
1.01734 0.682538 1.22808 0.959749 0.954046 1.05561
1.02245 0.665522 1.25859 0.967041 0.958213 1.04827
1.02612 0.664824 1.26241 0.960079 0.94897 1.04935
1.02023 0.672148 1.23903 0.96144 0.95821 1.04702
1.0203 0.672445 1.23975 0.964416 0.961002 1.04661
1.01966 0.660854 1.2476 0.973439 0.955923 1.04179
1.02844 0.65722 1.2698 0.966093 0.957646 1.04065
1.02151 0.669609 1.25078 0.976113 0.954074 1.03695
1.04883 0.73283 1.17288 0.966931 0.94962 1.04169
1.04205 0.839226 1.09471 0.981809 0.953245 1.00404
1.02684 0.95156 1.06993 0.968246 0.966699 1.01964
0.985746 1.08624 1.07936 0.964185 0.970569 1.02231
0.966509 1.11473 1.05802 0.965853 0.967491 1.02428
0.967774 1.13848 1.05485 0.965287 0.96852 1.0246
0.959649 1.27003 0.979962 0.96876 0.974475 1.02791
0.942573 1.34864 0.877918 0.965132 0.982836 1.04388
0.901001 1.40955 0.730826 0.958627 1.00123 1.04571
0.904894 1.43234 0.566698 0.958813 0.996028 1.05228
0.856474 1.43153 0.576473 0.96753 0.986939 1.04692
0.857757 1.42414 0.56676 0.964168 0.984572 1.05546
0.851686 1.41633 0.570517 0.958233 0.988205 1.04832
0.861233 1.40489 0.58451 0.964027 0.971318 1.0445
0.877206 1.4104 0.610834 0.963476 0.98706 1.04311
0.876238 1.37305 0.649268 0.960556 0.998884 1.03255
0.888222 1.34169 0.71227 0.956738 0.991154 1.03654
0.903528 1.2974 0.848782 0.961406 0.984237 1.03836
0.921982 1.23068 0.889259 0.966744 0.971724 1.02992
0.929376 1.17821 0.936711 0.962879 0.969857 1.03904
0.968603 1.12698 1.00219 0.96225 0.965551 1.04223
0.958996 1.01733 1.04765 0.96769 0.970314 1.02858
0.97919 0.915239 1.10577 0.97126 0.962108 1.03235
0.985311 0.868324 1.11785 0.97731 0.980922 1.01952
1.03531 0.762418 1.17581 0.972832 0.962221 1.0309
1.04745 0.719095 1.20901 0.977982 0.972638 1.02654
1.03855 0.685122 1.25915 0.971233 0.968198 1.02867
1.0388 0.669459 1.26974 0.970502 0.965312 1.03288
1.02545 0.67494 1.24255 0.972106 0.961251 1.04242
1.02628 0.685423 1.24441 0.970894 0.96434 1.0445
1.0328 0.678005 1.25911 0.97436 0.955855 1.05365
1.03313 0.673229 1.2654 0.980926 0.954558 1.03735
1.03394 0.671936 1.27128 0.981334 0.956831 1.02432
1.02833 0.684676 1.26062 0.974128 0.955332 1.0449
end
gesture a05 hands 2
0.994463 0.671419 1.2718 0.985989 0.959784 1.01106
1.01871 0.651549 1.22374 0.932296 0.939074 0.984818
0.992305 0.671115 1.18408 0.929609 0.906766 1.03357
0.998649 0.668185 1.18513 0.904401 0.910108 1.02633
1.03356 0.68387 1.22512 0.975003 0.955419 1.04287
1.02972 0.713184 1.17393 0.954624 0.965661 1.02615
1.02632 0.69944 1.21761 0.968073 0.976777 1.01628
1.00483 0.745698 1.14697 0.975603 0.970194 1.02813
1.01659 0.75658 1.17232 0.96323 0.978705 1.01822
1.0116 0.761523 1.16888 0.974271 0.976829 1.02512
0.989895 0.834727 1.09942 0.966142 0.986302 1.00974
0.94917 0.889015 1.06442 0.979297 0.974476 1.0046
0.949143 0.946841 1.04785 0.975236 0.963193 1.03265
0.998011 1.08779 1.08616 0.957284 0.957932 1.03537
1.00045 1.15762 1.10056 0.970162 0.982112 1.04315
0.999321 1.22828 1.08976 0.985464 0.985261 1.02453
0.956576 1.37932 1.02059 0.96496 0.991993 1.06318
0.922116 1.41971 0.925381 0.945642 1.00568 1.02798
0.957782 1.47517 0.804465 0.937415 1.02602 1.04546
0.963494 1.49083 0.52411 0.954272 1.00205 1.09509
0.930559 1.51018 0.485398 0.947124 1.00041 1.13655
0.876361 1.54001 0.472659 0.984181 0.974062 1.10047
0.865822 1.47813 0.504271 0.960886 0.968852 1.14448
0.870405 1.44134 0.534106 0.943673 0.971698 1.10777
0.879382 1.39344 0.598944 0.922189 0.982427 1.0547
0.852593 1.3164 0.684569 0.945313 0.927303 1.06132
0.874798 1.25331 0.788418 0.957271 0.939467 1.03623
0.948459 1.0672 0.963153 0.927205 0.932591 1.03017
0.991036 1.01676 1.02006 1.00699 0.96527 1.03287
0.998217 0.948043 1.01207 1.00618 0.961377 1.0236
1.02183 0.852593 1.109 0.991368 0.987575 1.00967
0.995537 0.80255 1.13796 0.983872 0.980136 1.01512
0.993108 0.720239 1.26268 0.97891 0.976588 1.02116
1.02664 0.710326 1.23402 0.980412 0.986549 0.993437
1.04145 0.683108 1.32388 0.97971 0.980841 0.996022
1.03019 0.673328 1.30475 0.98354 0.972186 0.999543
1.04281 0.675533 1.29678 0.998858 0.968789 1.04839
0.996467 0.681955 1.29593 0.995435 0.962287 1.04789
1.00319 0.685066 1.29487 0.988235 0.970359 1.03926
0.999796 0.679836 1.29431 0.991386 0.968478 1.05091
end
gesture a05 hands 2
1.0367 0.60237 1.35862 0.979647 0.963267 1.0592
1.05644 0.596791 1.36402 0.986208 0.95766 1.07219
1.00418 0.616294 1.2796 0.987428 0.957206 1.05063
0.999524 0.637549 1.25659 0.977832 0.958332 1.06201
0.985886 0.670356 1.20536 0.979614 0.949889 1.07013
0.992388 0.7296 1.14072 0.984302 0.971563 1.02903
1.00621 0.815602 1.12775 0.979234 0.968862 1.01655
1.01673 0.903687 1.10011 0.972594 0.9714 1.02213
1.0152 1.01723 1.08839 0.978148 0.968967 1.03199
0.99053 1.16507 1.03088 0.970591 0.976892 1.025
0.973157 1.25182 1.05215 0.964925 0.988797 1.00799
0.944416 1.30987 1.13175 0.956737 0.987603 1.01315
0.938115 1.38094 1.14027 0.93433 0.981296 1.01686
0.921381 1.41175 1.08782 0.937073 0.998124 1.00446
0.951622 1.45789 0.90054 0.939534 1.00485 1.0257
0.971636 1.47401 0.766217 0.947922 0.997795 1.01128
0.974506 1.45867 0.620893 0.952254 1.01129 1.05137
0.944032 1.429 0.611557 0.946126 0.996841 1.07091
0.920669 1.45503 0.56654 0.946804 0.972121 1.11399
0.909719 1.36072 0.641551 0.937315 0.989053 1.10556
0.870419 1.28995 0.599798 0.946929 0.935658 1.13338
0.854504 1.18742 0.638567 0.894925 0.911413 1.08949
0.853805 1.06147 0.698308 0.921313 0.904314 1.04963
0.906358 0.866755 0.85168 0.929261 0.889185 1.03386
0.958576 0.74889 0.921158 0.926275 0.89855 1.03119
1.00698 0.634285 1.03492 0.980969 0.917904 1.04494
1.02315 0.588986 1.25242 0.970868 0.937294 1.08918
1.00822 0.583443 1.35023 0.966993 0.971509 1.03436
0.996801 0.594511 1.36107 0.972522 0.966588 1.04627
1.00753 0.610507 1.37326 0.973754 0.954667 1.05607
1.00407 0.611269 1.36487 0.979047 0.970749 1.04529
1.00843 0.616823 1.36487 0.956223 0.965477 1.01959
end
gesture a05 hands 2
0.994688 0.654739 1.34335 0.989364 0.967606 1.05275
0.997476 0.646446 1.34373 0.984061 0.968373 1.03884
1.00566 0.647595 1.3449 0.985736 0.965534 1.04688
1.00777 0.648067 1.33847 0.991356 0.975337 1.04576
0.996748 0.650348 1.34108 0.967008 0.960081 1.05563
0.998019 0.641685 1.33759 0.958856 0.954873 1.09882
0.999432 0.647567 1.32506 0.971089 0.965117 1.06895
0.987256 0.641885 1.31314 0.966674 0.980666 1.04135
0.993961 0.659354 1.30168 0.97574 0.980504 1.02725
1.03751 0.734932 1.18899 0.981392 0.976604 1.03794
1.04451 0.849943 1.15136 0.973992 0.982953 1.01651
1.03009 0.917885 1.15357 0.979678 0.966936 1.04114
0.98402 1.05769 1.12571 0.976582 0.979625 1.04104
0.992408 1.13012 1.12442 0.979663 0.988122 1.03208
0.992331 1.21535 1.11501 0.981794 0.92489 1.03595
0.955007 1.34711 1.12763 0.965064 0.986539 0.965195
0.934982 1.39358 1.11804 0.963318 0.993214 0.984591
0.909774 1.44624 1.06284 0.956946 0.996476 0.986117
0.958364 1.49194 0.889138 0.931433 1.0002 1.01091
0.985052 1.46115 0.820696 0.958922 1.00054 1.02352
0.970376 1.51411 0.589587 0.957292 1.01393 1.04746
0.949636 1.50378 0.637504 0.935669 1.05464 1.08812
0.917193 1.52861 0.616592 0.943879 0.941112 1.09778
0.889972 1.4919 0.542238 0.950665 0.976495 1.12048
0.883866 1.40222 0.581137 0.937953 1.02095 1.08058
0.847323 1.34172 0.559151 0.937975 1.00405 1.07909
0.871464 1.2431 0.577308 0.9416 0.93262 1.05494
0.885923 0.995839 0.612403 0.930987 0.931478 1.03721
0.937979 0.876033 0.710841 0.930579 0.92477 1.04401
0.98371 0.772464 0.805539 1.00013 0.95808 1.02986
1.01914 0.632202 0.983967 0.994848 0.919539 1.03967
1.02919 0.579594 1.08929 0.931025 0.899044 1.03448
1.04431 0.572152 1.18577 0.928365 0.904202 1.03751
1.00099 0.573068 1.29767 0.974631 0.91567 1.03231
1.04794 0.585215 1.29225 0.953455 0.92839 1.01343
0.978968 0.603282 1.34666 0.987965 0.953031 1.03635
end
gesture a05 hands 2
0.999846 0.556552 1.33658 0.932583 0.95103 1.05668
0.981555 0.560226 1.3216 0.939789 0.953979 1.04706
0.976746 0.581812 1.28764 0.930127 0.942547 1.05859
0.974269 0.593078 1.28065 0.932081 0.942155 1.061
0.988745 0.609721 1.26486 0.935379 0.937889 1.06911
0.983044 0.625219 1.25366 0.940682 0.939136 1.04268
0.998926 0.673424 1.21392 0.934019 0.949577 1.02879
1.00248 0.745886 1.18524 0.93577 0.955048 1.03421
0.98961 0.9043 1.1836 0.929399 0.972536 1.02665
0.983437 1.01546 1.19116 0.937421 0.976005 1.00706
0.974383 1.09843 1.18373 0.938368 0.973915 1.00174
0.968823 1.12935 1.2077 0.95039 0.9663 0.989912
0.954533 1.15107 1.20608 0.943433 0.962601 1.02554
0.94452 1.16974 1.16974 0.95527 0.947845 1.04123
0.888138 1.21659 1.0297 0.954688 0.938947 1.06855
0.910815 1.28415 0.753791 0.953206 0.940661 1.08515
0.979967 1.27675 0.699509 0.949461 0.937479 1.14973
0.89315 1.28438 0.696734 0.971029 0.941731 1.1556
0.903633 1.25816 0.687437 0.960223 0.928708 1.16059
0.944207 1.2407 0.70242 0.950164 0.907785 1.14511
0.933706 1.19625 0.726696 0.972848 0.921168 1.08607
0.934222 1.16992 0.809575 0.952474 0.93829 1.12876
0.94839 1.07194 0.896698 0.927028 0.973821 1.1186
0.983997 0.76186 1.06621 0.938232 0.967216 1.06364
end
gesture a05 hands 2
0.959025 0.641535 1.23462 0.943072 0.965377 1.04582
0.978226 0.61625 1.39086 0.950223 0.960108 1.03646
0.964534 0.631851 1.4292 0.946564 0.955678 1.03402
0.983456 0.620468 1.44486 0.944978 0.957778 1.02842
0.978695 0.625682 1.39189 0.949262 0.963181 1.00609
0.97317 0.651801 1.30273 0.94378 0.951691 1.01436
0.999122 0.661502 1.26713 0.956918 0.95383 0.982406
1.02803 0.734859 1.18059 0.949369 0.953239 1.00548
1.02433 0.798828 1.14443 0.952115 0.959349 0.998214
1.02047 0.898724 1.10561 0.940316 0.962593 1.01827
1.0027 1.092 1.1166 0.947952 0.966624 1.02275
0.987218 1.18302 1.16066 0.946622 0.962147 1.0303
0.964043 1.20881 1.20243 0.950927 0.958381 1.03048
0.928917 1.26514 1.14486 0.945897 0.950225 1.05428
0.928623 1.30993 1.05021 0.951401 0.95679 1.06412
0.938344 1.33491 0.885489 0.954306 0.956559 1.08505
0.946381 1.34732 0.686523 0.963804 0.946784 1.1011
0.928991 1.33575 0.665936 0.963825 0.957929 1.1113
0.914448 1.32559 0.635562 0.972247 0.961129 1.12943
0.926685 1.30672 0.635126 0.966469 0.964757 1.11741
0.93468 1.29304 0.639252 0.957899 0.959994 1.12071
0.93727 1.27423 0.650106 0.963426 0.943906 1.10896
0.922365 1.18457 0.688369 0.958635 0.928499 1.1099
0.95683 1.06102 0.740331 0.960478 0.918949 1.102
0.997187 0.860066 0.844742 0.956661 0.93702 1.07288
1.01675 0.651707 1.15248 0.956824 0.967738 1.06633
0.996507 0.619209 1.26963 0.939981 0.974826 1.08065
0.942069 0.608886 1.33306 0.925844 0.975803 1.08865
end
gesture a05 hands 2
0.980564 0.69923 1.27743 0.947692 0.983664 1.05516
0.97938 0.695621 1.26881 0.959212 0.97401 1.05472
0.977296 0.701591 1.25931 0.961676 0.976009 1.03271
0.987072 0.696452 1.25212 0.964757 0.975474 1.02216
0.99074 0.697523 1.25159 0.959184 0.971756 1.0262
1.0162 0.692974 1.28777 0.958427 0.965104 1.04102
0.986554 0.711625 1.24077 0.965193 0.962288 1.03449
1.00539 0.742727 1.19257 0.966333 0.958162 1.02655
1.00048 0.837596 1.1081 0.964877 0.96517 1.02488
1.02313 1.08345 1.0419 0.956055 0.986725 1.02907
1.03085 1.24236 1.06745 0.955225 1.00239 1.01841
1.0268 1.32142 1.09428 0.951583 0.996093 1.01777
0.965055 1.34869 1.08127 0.955494 0.973567 1.03218
0.947194 1.37892 1.0065 0.960857 0.973378 1.01577
0.934144 1.43496 0.858037 0.954293 0.9764 1.02649
0.936554 1.49529 0.617744 0.971622 0.949046 1.0734
0.935761 1.47997 0.617825 0.988458 0.930705 1.0711
0.912896 1.4601 0.602892 0.969951 0.920531 1.07758
0.915598 1.44353 0.609602 0.981491 0.903452 1.07102
0.920766 1.42539 0.600883 0.997109 0.913755 1.04175
0.928772 1.40663 0.609752 0.988441 0.936904 1.06565
0.936202 1.35819 0.590741 0.973485 0.954323 1.08373
0.942623 1.27668 0.613898 0.958363 0.95839 1.08277
0.952324 1.13777 0.654904 0.957958 0.96507 1.08656
1.02099 0.874772 0.859062 0.975469 0.974557 1.04427
1.03077 0.770867 1.0229 0.966667 0.98973 1.03392
1.01107 0.721553 1.15572 0.955488 0.99112 1.05851
0.985664 0.70495 1.24992 0.950457 0.98285 1.06448
0.97795 0.705433 1.29921 0.955363 0.97949 1.06591
0.977175 0.703283 1.30836 0.949337 0.980693 1.06319
0.983328 0.69184 1.27835 0.960401 0.973816 1.04387
0.982165 0.687183 1.26058 0.957221 0.972512 1.04541
0.969784 0.686608 1.24189 0.959483 0.968706 1.03928
0.976689 0.685075 1.25175 0.965039 0.967466 1.02372
0.976549 0.681338 1.25022 0.963362 0.967725 1.02631
0.972337 0.680783 1.24598 0.960734 0.965055 1.03028
0.962943 0.68166 1.24124 0.956793 0.964331 1.03562
end
gesture a05 hands 2
1.03071 0.675741 1.27085 0.949715 0.951526 1.04141
1.02524 0.66923 1.27468 0.945564 0.949658 1.04545
1.02873 0.669349 1.27121 0.949475 0.947454 1.04126
1.02624 0.671654 1.27026 0.947919 0.947083 1.0393
1.02535 0.67373 1.27147 0.947466 0.95017 1.05287
1.0293 0.668772 1.27719 0.946552 0.95333 1.03758
1.02716 0.670959 1.27116 0.950358 0.947332 1.05635
1.03175 0.67504 1.27672 0.94486 0.947167 1.03911
1.03262 0.674562 1.27009 0.946606 0.947767 1.04965
1.0264 0.677737 1.2541 0.948978 0.949862 1.03922
1.03362 0.6854 1.23196 0.951584 0.94737 1.04997
1.03701 0.760215 1.15145 0.951552 0.948727 1.04229
0.969723 0.927574 1.07489 0.951886 0.955408 1.04109
0.946218 1.09987 1.00421 0.950817 0.959154 1.04816
0.906253 1.31752 0.898591 0.95042 0.961696 1.03993
0.881819 1.40947 0.802261 0.943009 0.985763 1.05144
0.86568 1.46658 0.70147 0.95073 1.01881 1.06505
0.865763 1.46948 0.64059 0.944876 0.970834 1.11942
0.831122 1.46251 0.65077 0.95108 0.946972 1.11625
0.823937 1.44421 0.686382 0.945664 0.961741 1.11118
0.822544 1.38783 0.783463 0.954073 0.964624 1.09191
0.865572 1.32346 0.842003 0.951348 0.944926 1.08268
0.899141 1.23689 0.906745 0.955598 0.934747 1.07939
0.939858 1.06277 0.93858 0.952057 0.936295 1.06604
0.984158 0.876631 1.01271 0.95331 0.940183 1.09129
1.01748 0.71464 1.14182 0.955879 0.941313 1.08689
1.03333 0.66591 1.2749 0.958115 0.939974 1.04212
end
gesture a05 hands 2
1.01714 0.603024 1.35165 0.936296 0.931975 1.06083
1.02381 0.609614 1.3599 0.936615 0.93639 1.0579
1.03133 0.614212 1.33963 0.937209 0.92975 1.06295
1.03262 0.621095 1.32103 0.941144 0.93486 1.06222
1.02769 0.636476 1.28552 0.940557 0.93434 1.05793
1.00971 0.725116 1.17392 0.934105 0.939912 1.07742
0.979762 0.908525 1.08991 0.934521 0.936854 1.07413
0.950063 1.08752 1.04196 0.930038 0.942443 1.08005
0.907325 1.26678 0.958247 0.934083 0.951669 1.08761
0.875998 1.35157 0.867481 0.935175 0.971355 1.07362
0.881567 1.38447 0.746263 0.926136 0.991339 1.09339
0.871979 1.37543 0.666136 0.941922 0.95506 1.09775
0.847136 1.35917 0.674899 0.940804 0.953081 1.09026
0.850375 1.35634 0.7299 0.937882 0.966606 1.10207
0.848898 1.29559 0.849 0.934554 0.937942 1.08015
0.876006 1.20828 0.93298 0.931294 0.921472 1.12735
0.918817 1.07176 0.947406 0.943406 0.916606 1.1047
0.978957 0.753673 1.1058 0.945349 0.91595 1.07315
0.993176 0.642649 1.25664 0.932721 0.926201 1.07021
1.07169 0.616646 1.34395 0.934767 0.931449 1.06508
1.01949 0.604835 1.35965 0.939364 0.937842 1.05171
end
gesture a05 hands 2
1.05271 0.660138 1.3507 0.949306 0.949372 1.0467
1.01548 0.676906 1.31329 0.944782 0.948023 1.05145
1.02176 0.672704 1.30567 0.950997 0.94665 1.04832
1.01722 0.671864 1.29968 0.952596 0.942603 1.03228
1.02193 0.674183 1.27521 0.949235 0.942687 1.05015
1.01388 0.721128 1.19517 0.951068 0.940381 1.05462
1.01192 0.771172 1.12922 0.942425 0.942809 1.05854
0.987215 0.902619 1.06064 0.940069 0.947012 1.05325
0.930316 1.11966 1.02328 0.93542 0.945705 1.07769
0.914214 1.2396 1.0151 0.932982 0.950854 1.0859
0.897219 1.31163 0.944941 0.932316 0.946738 1.0811
0.866902 1.39502 0.776633 0.941932 0.986094 1.07663
0.870295 1.41039 0.672341 0.934527 0.966962 1.08613
0.876849 1.38238 0.631203 0.935911 0.95587 1.11139
0.845433 1.37769 0.640727 0.948074 0.941937 1.10699
0.839377 1.36802 0.715962 0.946918 0.951023 1.10329
0.860687 1.29665 0.810512 0.952172 0.925499 1.09301
0.919517 1.04379 0.907796 0.935358 0.928857 1.12678
0.977815 0.781889 1.02958 0.942011 0.932284 1.118
1.01821 0.646804 1.21479 0.932427 0.928283 1.07658
1.02826 0.645086 1.35161 0.944106 0.938193 1.05567
1.01497 0.640155 1.3779 0.937015 0.940563 1.04435
1.01339 0.636038 1.3794 0.933667 0.952215 1.01257
end
gesture a06 hands 2
0.938574 0.482655 1.19935 0.925706 0.948372 1.06781
0.934155 0.486934 1.19434 0.94274 0.94896 1.07646
0.932757 0.484755 1.19203 0.9492 0.95223 1.0658
0.937815 0.487772 1.19164 0.951315 0.952188 1.0732
0.935995 0.487223 1.18871 0.928686 0.952391 1.09246
0.933288 0.48798 1.19715 0.933141 0.952259 1.09125
0.935815 0.485628 1.18725 0.933032 0.962269 1.10957
0.936044 0.490736 1.17021 0.941721 0.958044 1.08839
0.937153 0.488782 1.16585 0.944257 0.958078 1.07781
0.964905 0.508438 1.12642 0.949532 0.956693 1.06095
0.985402 0.538216 1.09209 0.966949 0.96156 1.05252
1.09115 0.587912 1.02258 0.972351 0.960191 1.01187
1.18498 0.776772 0.964216 0.991486 0.977712 1.01573
1.24788 0.949028 0.988469 1.01643 0.979161 1.0094
1.2207 1.11921 1.06934 1.03261 0.977295 0.989418
1.19983 1.264 1.23929 1.03854 1.00471 0.973666
1.15898 1.30534 1.31157 1.03462 1.01146 0.962518
1.13385 1.31482 1.37619 1.04962 1.01395 0.93111
1.07128 1.31297 1.40881 1.03337 1.03206 0.93406
1.02937 1.30552 1.41127 1.02519 1.04167 0.919847
1.00833 1.2959 1.41335 1.019 1.05185 0.91486
0.996659 1.29938 1.37192 0.995997 1.04298 0.90491
0.969045 1.3154 1.29372 0.979075 1.02608 0.902554
0.973709 1.38385 1.19662 0.964094 1.00581 0.908307
0.951504 1.56426 0.965693 0.951327 0.976944 0.934848
0.909392 1.57805 0.734559 0.925586 0.96752 0.960708
0.864559 1.51824 0.654975 0.901453 0.935051 1.01845
0.821495 1.48149 0.630104 0.936699 0.911828 1.05431
0.807245 1.46673 0.617552 0.934766 0.914573 1.08042
0.80816 1.44111 0.618771 0.93494 0.897814 1.11959
0.816307 1.41864 0.619275 0.931512 0.89134 1.15344
0.843092 1.38535 0.604427 0.931977 0.893951 1.17208
0.881266 1.27512 0.580007 0.91675 0.929164 1.15545
0.886695 1.1714 0.557135 0.936347 0.957794 1.16307
0.924877 0.967757 0.597779 0.955375 0.964969 1.13513
0.9839 0.6865 0.829611 0.971638 0.979089 1.09656
0.988434 0.576667 1.00438 0.964007 0.984645 1.12652
0.9848 0.518242 1.18043 0.982342 0.981958 1.08229
0.951819 0.549754 1.24479 0.972937 0.98359 1.08163
end
gesture a06 hands 2
0.928005 0.438638 1.2921 0.944393 0.981762 1.0923
0.94274 0.430634 1.28402 0.941888 0.972585 1.09774
0.947043 0.429112 1.22796 0.940122 0.973933 1.08896
0.941256 0.427412 1.21257 0.948717 0.975133 1.08849
0.903539 0.429124 1.21837 0.947815 0.971357 1.07767
0.891927 0.433137 1.19463 0.964606 0.972606 1.08795
0.910378 0.43473 1.17833 0.960404 0.973449 1.11002
0.931854 0.48901 1.1233 0.970738 0.969588 1.10954
1.11074 0.621151 1.00768 0.976348 0.972219 1.1286
1.18539 0.782681 1.01244 0.993172 0.974802 1.09735
1.22572 0.947301 1.04557 0.992237 0.976983 1.07768
1.17832 1.10968 1.1912 1.00525 0.979887 1.07407
1.16047 1.15956 1.23608 1.01138 0.987095 1.06078
1.14455 1.19493 1.31025 1.01026 0.987346 1.04614
1.08377 1.19695 1.36734 1.00661 1.00422 1.01658
1.04122 1.19321 1.40168 1.00151 1.00058 1.0049
1.01691 1.18737 1.4518 1.00674 1.00912 0.985893
0.924883 1.14694 1.39767 0.98733 1.01876 0.945502
0.929371 1.17076 1.36678 0.96137 1.00957 0.930596
0.959503 1.27548 1.28019 0.960072 0.98941 0.904229
0.980053 1.48468 1.03821 0.942781 0.955319 0.908643
0.959845 1.53792 0.87434 0.954469 0.960919 0.892363
0.92519 1.50083 0.74072 0.946559 0.938473 0.899081
0.873233 1.46901 0.701726 0.929264 0.903906 0.951144
0.852205 1.46388 0.674748 0.925092 0.900514 0.98247
0.844824 1.44486 0.666883 0.923066 0.895234 1.00957
0.844305 1.40574 0.663347 0.941149 0.90767 1.00436
0.867414 1.37078 0.651841 0.959628 0.910609 1.03431
0.882248 1.30596 0.63058 0.948918 0.913509 1.06945
0.938193 1.14242 0.570501 0.941612 0.94339 1.1215
0.959273 0.946633 0.577874 0.935026 0.965922 1.16191
0.977528 0.788806 0.690649 0.953457 0.972955 1.13782
0.961139 0.511032 0.966079 0.934727 0.969203 1.16123
0.913757 0.453041 1.15929 0.927279 0.964471 1.18594
end
gesture a06 hands 2
0.900299 0.601686 1.19998 0.952952 0.963518 1.11312
0.918842 0.595334 1.20747 0.938256 0.968128 1.14416
0.941417 0.58456 1.23166 0.92419 0.956905 1.12982
0.97015 0.583377 1.20058 0.924095 0.960692 1.12343
0.960999 0.583072 1.1091 0.933878 0.969105 1.07201
0.938767 0.610022 1.04914 0.940833 0.96576 1.06957
0.934541 0.632788 1.02231 0.940965 0.967678 1.04026
0.945637 0.696767 0.956943 0.983077 0.960509 1.04116
1.04703 0.751922 0.911685 1.00132 0.95858 1.04484
1.10649 0.843727 0.914767 1.00983 0.962288 1.05654
1.2139 1.0055 0.959176 1.02479 0.97065 1.03908
1.21551 1.1534 1.0188 1.01975 0.980814 1.03296
1.21587 1.24784 1.14363 1.02679 0.997583 1.00865
1.1604 1.32255 1.25797 1.01693 1.00766 0.991784
1.11382 1.34638 1.32599 1.02121 1.0035 0.973833
1.03626 1.34738 1.3606 1.01728 1.0091 0.944245
0.962936 1.33417 1.36782 1.0159 1.02732 0.910776
0.92954 1.36259 1.31301 0.996862 1.01964 0.901421
0.952779 1.42912 1.23495 0.985545 1.017 0.890861
0.929604 1.63777 1.05524 0.958608 0.992517 0.897649
0.949652 1.71149 0.86577 0.959926 0.97209 0.910897
0.938423 1.68091 0.743175 0.944863 0.948182 0.928124
0.903438 1.67035 0.712818 0.955964 0.919535 0.996294
0.899955 1.64322 0.691964 0.967924 0.920503 1.01505
0.901804 1.61391 0.677814 0.946692 0.916835 1.08213
0.935438 1.54032 0.637007 0.979117 0.950373 1.06968
0.959429 1.44646 0.59705 0.977889 0.943717 1.0973
0.999417 1.27945 0.54983 0.942813 0.964628 1.15118
1.04291 0.949069 0.657501 0.963749 0.976231 1.18089
1.02056 0.732662 0.826144 0.96014 0.979401 1.15995
0.94099 0.596481 1.12982 0.960395 0.969153 1.14578
0.9271 0.616458 1.2635 0.957025 0.969686 1.13961
0.932478 0.588926 1.2309 0.953033 0.976005 1.10489
0.959771 0.58335 1.2488 0.943805 0.975997 1.09711
1.00004 0.586021 1.21832 0.926441 0.980895 1.07494
1.01087 0.588558 1.15424 0.931505 0.975973 1.06633
0.979981 0.61698 1.06446 0.929561 0.975178 0.98659
0.93742 0.63187 1.02912 0.93465 0.973862 0.995072
0.898218 0.643607 1.02547 0.960986 0.973767 0.982066
0.85631 0.597437 1.08803 0.973902 0.961786 0.993585
0.865525 0.592215 1.09948 0.977366 0.961438 0.993648
0.864143 0.587639 1.10772 0.983244 0.958858 0.983878
end
gesture a06 hands 2
0.898899 0.702814 1.11441 0.880229 0.871591 1.15114
0.905201 0.690707 1.12099 0.879432 0.883612 1.15108
0.894069 0.711443 1.12017 0.865421 0.869178 1.16686
0.931451 0.673151 1.15697 0.916365 0.799978 1.19955
0.963787 0.669522 1.18296 0.92206 0.799015 1.20819
0.946199 0.66145 1.17128 0.921186 0.803111 1.20966
0.958194 0.659257 1.17243 0.924606 0.802579 1.20446
0.957203 0.716754 1.1403 0.975968 0.829662 1.1338
0.998418 0.7498 1.12545 1.01712 0.868233 1.12484
0.973686 0.681503 1.15461 0.998199 0.82802 1.12036
0.912072 0.680068 1.09372 1.10588 0.965709 0.955264
0.965359 0.681741 1.08071 1.11891 1.01454 0.94457
0.936704 0.672729 1.05246 1.13706 1.03223 0.916731
1.27521 1.14661 1.18028 1.14635 1.00239 0.932418
1.25099 1.22539 1.25415 1.12973 1.0225 0.935507
1.18729 1.22394 1.26772 1.03747 0.9694 0.961215
1.155 1.28451 1.16891 0.983949 0.95703 0.912486
1.06226 1.28543 1.05008 0.950328 0.946744 0.885845
1.01112 1.37704 0.976395 0.977363 0.982948 0.903718
0.907684 1.41477 0.93589 1.07027 1.15683 0.872876
0.874221 1.42769 0.898119 1.00558 1.20887 0.886719
0.858896 1.42365 0.874107 1.01302 1.11708 0.861224
0.85191 1.42561 0.854027 0.987477 1.16263 0.86189
0.858008 1.43059 0.842825 0.964863 1.18055 0.854785
0.874286 1.41491 0.848973 0.942189 1.17478 0.86004
0.901993 1.40009 0.862114 0.827403 1.38227 0.967365
0.934253 1.38259 0.860054 0.899934 1.36458 0.982672
0.973695 1.3422 0.866238 0.883122 1.37602 0.986096
1.02634 1.2873 0.837004 1.0176 1.28234 1.00094
1.04504 1.24347 0.697076 0.898703 0.873621 0.898194
1.05357 1.07632 0.712347 0.938285 0.918761 1.03246
1.04221 0.793891 0.834945 0.927083 0.8811 1.10893
1.01781 0.710133 0.966304 0.93517 0.883879 1.13484
0.948395 0.66301 1.09628 0.951543 0.862222 1.14797
0.911795 0.693989 1.12675 1.01573 0.83654 1.15
0.939879 0.681182 1.15479 0.970095 0.816314 1.07911
0.949714 0.675313 1.17108 0.912566 0.760844 1.20896
0.958314 0.6649 1.17177 0.914935 0.789041 1.19261
0.955727 0.663851 1.16529 0.905169 0.794025 1.19189
0.94976 0.666836 1.16946 0.902964 0.796289 1.18704
end
gesture a06 hands 2
0.93438 0.688278 1.1938 0.879858 0.74611 1.17151
0.925765 0.685994 1.18314 0.884183 0.735865 1.17815
0.923149 0.689139 1.18047 0.893491 0.740995 1.17886
0.933103 0.681759 1.18297 0.912085 0.737087 1.16582
0.960497 0.69678 1.20366 0.915321 0.739411 1.16339
0.949829 0.712748 1.18478 0.913527 0.736935 1.16117
0.950397 0.687453 1.17828 0.946621 0.759733 1.14132
0.962137 0.716757 1.17737 0.923469 0.700514 1.14878
0.972608 0.698746 1.19011 0.941979 0.752102 1.14577
1.01836 0.787908 1.13741 1.13186 0.865422 0.943389
1.02727 0.833777 1.07025 1.15424 0.925913 0.941741
1.01012 0.791518 1.08707 1.16229 0.975321 0.92818
1.03569 0.704454 0.986666 1.1668 1.01769 0.96614
1.06633 0.704173 1.0662 1.15379 1.11245 1.06914
0.922483 0.699016 1.04682 1.0258 1.36053 1.09975
1.18561 1.44776 1.27562 1.05393 1.34769 1.09181
1.17302 1.38275 1.19444 1.10398 1.17993 1.01706
1.08301 1.38074 1.00713 1.05553 1.24427 0.979605
0.991023 1.43582 0.946863 1.03399 1.23972 0.951663
0.920987 1.48029 0.922683 0.980077 1.28374 0.930957
0.87347 1.47062 0.875602 0.912715 1.33364 0.929655
0.862387 1.45872 0.865958 0.87905 1.31763 0.928533
0.863023 1.45075 0.858561 0.874787 1.3131 0.926357
0.88088 1.43629 0.854102 0.869607 1.31603 0.928949
0.916638 1.41477 0.850519 0.813614 1.31019 0.883129
0.958257 1.37284 0.843932 0.840473 1.32585 0.898322
1.02873 1.30306 0.822751 0.925397 0.793357 0.826035
0.987622 1.1727 0.649354 0.929097 0.801083 0.951794
1.02264 0.960285 0.719571 0.906607 0.825328 1.01127
0.999803 0.746928 0.919817 0.951396 0.79968 1.05871
0.900693 0.701862 1.11464 0.940464 0.760271 1.09344
0.9068 0.708578 1.11246 0.916589 0.750317 1.11923
0.957881 0.716265 1.12925 0.922426 0.747619 1.13964
0.97118 0.732295 1.12626 0.954502 0.775623 1.13872
0.970666 0.704547 1.16885 0.96388 0.776677 1.14044
0.979188 0.696587 1.17101 0.95657 0.767995 1.14011
end
gesture a06 hands 2
0.984913 0.548524 1.10159 0.966586 0.812679 1.12243
0.981905 0.553136 1.10349 0.966638 0.805302 1.12149
0.970138 0.587195 1.04668 0.962528 0.794361 1.14289
0.95514 0.585598 1.05878 0.968947 0.798436 1.13189
0.995557 0.567751 1.11669 0.967349 0.800126 1.13591
0.948434 0.581711 1.08803 0.971781 0.815003 1.13292
0.996387 0.571268 1.11017 0.976288 0.816999 1.13861
0.987438 0.550508 1.11633 0.97929 0.823737 1.13867
0.989217 0.560868 1.11981 0.952772 0.812587 1.14523
0.990223 0.583398 1.11963 1.00834 0.82572 1.11971
0.977724 0.602148 1.08389 1.0841 0.857034 0.991832
1.02498 0.630609 1.06139 1.09991 0.893132 0.870182
0.992346 0.595571 1.06234 1.13294 0.978034 0.890022
1.01158 0.593316 1.07498 1.1174 1.02708 0.915415
1.00311 0.580593 1.01404 1.131 1.0422 0.874271
1.26793 1.00003 1.07459 1.13696 1.0598 0.863952
1.25036 1.032 1.17519 1.11915 1.07099 0.858831
1.16611 1.09103 1.17793 1.05679 1.05692 0.842411
1.164 1.15087 1.15498 1.0281 1.04664 0.846948
1.14013 1.17782 1.07947 0.970831 1.03173 0.823675
0.988183 1.16901 0.913435 0.936598 0.948641 0.756718
0.976551 1.27809 0.887849 0.903307 0.96505 0.779479
0.92367 1.29725 0.87021 0.987503 1.10607 0.831743
0.886715 1.2771 0.837189 0.853987 1.38965 0.952183
0.882363 1.26156 0.829853 0.894254 1.3481 0.930166
0.88154 1.25273 0.826023 0.87709 1.33777 0.939851
0.895925 1.23465 0.83526 0.886144 1.31651 0.94746
0.91909 1.21876 0.839254 0.884755 1.30367 0.955312
0.946783 1.2031 0.838025 0.876758 1.30002 0.965829
1.00344 1.1391 0.841577 0.889915 1.34433 1.02294
1.02935 1.07329 0.847493 0.947068 1.33033 1.01008
1.05323 1.03215 0.913893 0.986514 1.28843 0.998545
1.14587 1.00614 0.947253 0.905877 1.27871 1.1675
1.35427 1.03555 1.1582 0.86141 1.01237 1.05117
1.24291 1.1981 1.09914 0.857754 1.01432 1.07522
0.972645 1.22864 1.03411 0.894146 0.849182 1.12995
0.912114 1.17431 1.05457 0.945421 0.833138 1.13393
0.893454 1.16965 1.06754 0.954002 0.819874 1.14799
0.88124 1.18572 1.06509 0.997631 0.798947 1.13901
0.854274 1.14798 1.07749 0.995871 0.806146 1.14381
0.850865 1.15485 1.08732 0.993916 0.815123 1.14043
0.84839 1.15037 1.09116 0.983903 0.808471 1.1397
0.852867 1.16052 1.0996 0.99406 0.810002 1.13802
0.846172 1.15356 1.09502 0.967323 0.800948 1.15197
0.836589 1.15584 1.09673 1.02106 0.817129 1.1405
0.833946 1.15227 1.09632 0.991071 0.81113 1.14765
0.836645 1.15776 1.10119 0.992547 0.816739 1.14184
0.832348 1.13576 1.08187 0.934384 0.805953 1.16889
0.84714 1.15832 1.09887 0.977747 0.82261 1.14476
end
gesture a06 hands 2
0.955261 0.493412 1.20319 1.02798 0.868767 1.02753
0.962146 0.487912 1.21185 1.03093 0.865839 1.04245
0.958142 0.493431 1.20316 1.02594 0.873076 1.03668
0.960108 0.492116 1.20443 1.02571 0.869878 1.02368
0.969407 0.492454 1.2147 1.03453 0.878801 1.02709
0.976555 0.490786 1.21475 1.02746 0.875968 1.02331
0.966912 0.488746 1.20922 1.02507 0.877473 1.03377
0.965241 0.490106 1.21193 1.02361 0.871307 1.02787
0.965949 0.491551 1.20687 1.02601 0.876675 1.03353
0.966121 0.492286 1.20472 1.02685 0.871981 1.03733
0.96884 0.485183 1.21955 1.01997 0.880653 1.01688
0.967314 0.483227 1.21137 1.02741 0.87931 1.0258
0.963982 0.487364 1.20021 1.0245 0.883938 1.01854
0.9761 0.482161 1.207 1.02762 0.890665 1.01256
1.02164 0.48942 1.186 1.02303 0.899491 0.981213
1.08918 0.482854 1.19912 0.995522 0.895147 0.982115
1.2552 0.594219 1.16602 0.979169 0.943551 0.876333
1.35467 0.732957 1.18419 0.943373 0.956403 0.848571
1.39181 0.92755 1.23687 0.907955 0.998135 0.769178
1.28941 1.1127 1.30806 0.795283 1.05318 0.645813
1.24625 1.18088 1.3731 0.750475 1.1266 0.605227
1.21966 1.20649 1.42066 0.751243 1.16348 0.58329
1.2054 1.1986 1.43497 0.801131 1.22429 0.658042
1.22702 1.19156 1.33907 0.798126 1.21869 0.726304
1.30398 1.30247 1.20556 0.793736 1.20516 0.798786
1.21849 1.57613 0.828234 0.73158 1.11112 0.953849
0.941951 1.69119 0.653124 0.717909 1.08059 1.05221
0.781073 1.69196 0.598967 0.822881 1.12584 1.18903
0.639174 1.67932 0.590085 0.955067 1.05654 1.28605
0.569333 1.66394 0.577729 1.06006 1.04119 1.32727
0.540112 1.65311 0.572032 1.13799 0.99855 1.31744
0.528716 1.64521 0.56786 1.1684 0.980646 1.32187
0.532995 1.63001 0.5679 1.17173 0.976172 1.3458
0.538353 1.64129 0.572034 1.10799 0.991937 1.3475
0.608594 1.66484 0.571593 1.03903 1.02291 1.37161
0.672636 1.67748 0.583962 0.97001 1.04385 1.36036
0.723842 1.63768 0.646999 0.936901 1.04021 1.38799
0.882038 1.58627 0.699059 0.927031 1.02067 1.41227
1.01434 1.47 0.751407 0.963601 0.919316 1.22382
1.15162 1.30495 0.797189 0.940632 0.944561 1.08846
1.27528 0.986362 0.899471 0.976142 0.928982 1.00557
1.26957 0.756558 1.00875 1.00294 0.91752 0.997695
1.1183 0.530068 1.18078 1.00471 0.93445 0.918107
0.994497 0.474912 1.24856 1.01223 0.92497 0.922615
0.971383 0.473018 1.29177 1.0238 0.909342 0.951521
0.96274 0.500962 1.23593 1.02125 0.90458 0.990362
end
gesture a06 hands 2
1.01896 0.3993 1.35238 1.00058 0.90558 1.00935
1.01956 0.401163 1.34808 1.00768 0.904535 1.01717
1.02078 0.401192 1.34775 1.00239 0.905351 1.00433
1.0226 0.402056 1.34787 1.0065 0.908787 0.999658
1.0319 0.394298 1.36495 1.00847 0.908125 1.01015
1.02689 0.403782 1.34773 1.00562 0.901134 1.00623
1.02548 0.405223 1.34536 1.00489 0.906542 0.996911
1.02345 0.404579 1.34194 1.009 0.899063 1.00012
1.02504 0.409953 1.34205 1.00251 0.908394 0.996927
1.03279 0.404489 1.32859 0.995286 0.920704 0.991124
1.12804 0.417322 1.30046 0.969371 0.926353 0.950793
1.24768 0.526759 1.24542 0.936684 0.955113 0.900399
1.36908 0.756608 1.25693 0.901683 0.959926 0.866696
1.32375 0.989024 1.3815 0.86164 0.994122 0.792046
1.28643 1.05033 1.42706 0.84991 1.02425 0.7694
1.2522 1.0895 1.38789 0.785197 1.02796 0.781552
1.25835 1.22085 1.14688 0.816524 1.05153 0.887783
1.17417 1.33999 1.00941 0.834677 1.02252 1.00128
1.06471 1.53377 0.867938 0.879828 1.00879 1.116
0.843705 1.60663 0.646298 0.987707 1.02932 1.21523
0.746661 1.61081 0.636513 1.10946 1.00855 1.25214
0.652242 1.60191 0.638958 1.19075 1.00182 1.25522
0.613784 1.5902 0.641451 1.23153 0.973655 1.23375
0.582155 1.57544 0.636804 1.1207 0.967905 1.2489
0.57445 1.57376 0.633436 1.12836 0.961542 1.25126
0.587999 1.57495 0.629748 1.12425 0.949745 1.24391
0.61148 1.58057 0.623258 1.04283 0.963455 1.25222
0.642018 1.58763 0.618177 0.977981 0.978551 1.24827
0.739839 1.59354 0.626478 0.843134 1.02408 1.23578
0.798254 1.57458 0.638675 0.866939 1.01783 1.25128
0.849732 1.47558 0.668526 0.840772 1.02649 1.28725
0.979356 1.27951 0.716236 0.858221 0.992716 1.12944
1.05548 1.09908 0.742687 0.847631 0.987321 1.0261
1.1454 0.787799 0.891044 0.84286 0.962935 0.898322
1.13607 0.50112 1.12983 0.87667 0.989111 0.822261
1.07355 0.390735 1.2886 0.91005 0.983274 0.810393
1.01487 0.35828 1.39013 0.941655 0.959523 0.836878
end
gesture a06 hands 2
1.0266 0.481231 1.34075 1.01593 0.936819 1.03544
1.02428 0.481274 1.32887 1.00313 0.93721 1.04699
1.02785 0.487716 1.33003 1.009 0.938349 1.02937
1.02973 0.480419 1.3362 1.00861 0.939188 1.00919
1.02982 0.48212 1.33069 1.01268 0.942973 0.999876
1.06618 0.480763 1.2934 1.00937 0.944363 0.992445
1.21095 0.560366 1.20985 1.00469 0.949538 0.991434
1.35321 0.763051 1.18951 0.980904 0.962753 0.993752
1.33634 0.972776 1.27061 0.955411 0.951067 0.953453
1.29791 1.11073 1.34429 0.928688 0.972437 0.930267
1.26457 1.16469 1.32968 0.90327 0.961904 0.930982
1.23137 1.21943 1.24371 0.891444 0.986034 0.908945
1.17365 1.36426 1.05194 0.87151 1.01793 0.966379
1.07436 1.55321 0.892826 0.891072 1.03314 1.06341
0.894222 1.66292 0.66178 0.921602 1.01998 1.12357
0.735289 1.65228 0.577103 1.02423 1.00977 1.15546
0.668297 1.65442 0.580564 1.09209 1.00701 1.20184
0.625497 1.65188 0.583925 1.11164 0.98189 1.18513
0.585438 1.64157 0.578601 1.08322 0.974519 1.18026
0.57873 1.634 0.57803 1.04031 0.974745 1.18799
0.581044 1.6292 0.570565 1.02058 0.981631 1.19727
0.621082 1.62863 0.56505 0.966981 0.979131 1.17709
0.67184 1.63083 0.560979 0.933779 0.982704 1.15844
0.740016 1.61281 0.579133 0.909545 0.982528 1.16523
0.812225 1.52507 0.608516 0.849865 1.04399 1.21964
0.918651 1.40536 0.673929 0.768976 1.05029 1.17216
1.0312 1.19477 0.764045 0.90409 0.959336 1.09394
1.14529 0.812343 0.890505 0.876403 0.925579 0.993766
1.14587 0.608926 1.05135 0.86753 0.950476 0.936765
1.07975 0.482353 1.20947 0.870287 0.961055 0.878861
0.985496 0.457268 1.31441 0.91137 0.988628 0.845622
0.992772 0.474063 1.31915 0.947612 1.00053 0.844994
0.998598 0.461366 1.31356 0.983199 0.969136 0.884637
1.00193 0.460271 1.31567 1.00802 0.942842 0.948289
1.00739 0.461558 1.31573 1.00714 0.935422 0.993596
1.01073 0.473449 1.30402 1.01024 0.920996 1.02712
1.01059 0.472016 1.30603 1.00311 0.915151 1.06344
1.01121 0.470005 1.30683 1.00755 0.923206 1.06129
1.01449 0.471514 1.30444 1.00947 0.920295 1.07307
end
gesture a06 hands 2
1.01321 0.636498 1.1382 0.976539 0.947871 1.03295
1.00448 0.641547 1.14628 0.982113 0.947383 1.03767
1.00428 0.633995 1.15131 0.984836 0.949258 1.03411
1.0186 0.627848 1.11353 0.983526 0.958696 1.01587
1.00441 0.632527 1.12055 0.970854 0.953798 1.02766
1.00493 0.630714 1.13569 0.980775 0.958345 1.02366
1.00153 0.633414 1.12515 0.978779 0.957823 1.02244
1.00111 0.632739 1.12216 0.980483 0.952404 1.01835
1.01329 0.633403 1.11071 0.980051 0.956664 1.00154
1.0001 0.64896 1.1143 0.983512 0.956809 0.996313
1.03041 0.743268 1.01366 0.9732 0.98002 0.927801
1.15547 1.08087 1.01474 0.953643 0.972942 0.940186
1.13677 1.23802 1.20184 0.924327 0.971167 0.949595
1.08893 1.2994 1.30195 0.915534 0.979303 0.915298
1.01478 1.33689 1.30593 0.876082 1.00039 0.933115
0.968441 1.39517 1.30428 0.867131 1.02199 0.908794
0.928899 1.58888 1.24446 0.877616 1.00852 0.969363
0.914239 1.71924 1.02503 0.902324 0.990983 1.02248
0.887009 1.71052 0.850847 0.919111 0.953647 1.09841
0.839221 1.57832 0.685517 0.950419 0.939635 1.15765
0.816901 1.41206 0.596206 0.966532 0.909056 1.17772
0.812502 1.36611 0.575708 0.969267 0.891584 1.25501
0.820158 1.34872 0.567885 0.971463 0.897582 1.26694
0.804174 1.30106 0.58078 0.962892 0.908353 1.27149
0.804607 1.22687 0.637222 0.945593 0.940212 1.23918
0.81979 1.06067 0.729937 0.935616 0.951503 1.17535
0.893547 0.797558 0.915587 0.933118 0.983125 1.02246
0.976817 0.707194 1.03028 0.961838 0.99341 1.00541
1.01375 0.659339 1.12857 0.988466 1.0114 0.965959
1.03162 0.633873 1.23241 0.985812 1.00708 0.936963
1.04561 0.618904 1.25562 0.989658 0.965236 0.98122
1.04296 0.612772 1.26065 0.994721 0.954888 0.993687
1.03663 0.613561 1.26013 0.997381 0.950486 1.01559
1.04206 0.612733 1.2422 0.979632 0.947088 1.03467
end
gesture a06 hands 2
1.00849 0.603299 1.2385 0.952563 0.926765 1.06045
1.00304 0.602787 1.21476 0.94753 0.922977 1.06069
1.00713 0.602975 1.20282 0.990641 0.933347 1.09312
0.974645 0.616618 1.21501 0.959615 0.941073 1.12652
0.999402 0.607539 1.18795 0.955952 0.921216 1.0534
0.986203 0.616612 1.19703 0.991892 0.945765 1.07341
0.999507 0.614069 1.1629 0.943563 0.941685 1.00816
1.00043 0.629003 1.13339 0.938889 0.943878 0.99251
1.04495 0.664153 1.11667 0.93629 0.949477 0.967671
1.23636 0.931493 1.10453 0.924583 0.968797 0.922185
1.20946 1.11305 1.22359 0.938118 0.969091 0.931946
1.12584 1.19715 1.32308 0.940803 0.986571 0.931913
1.04372 1.28186 1.34808 0.935723 0.98973 0.878724
1.02474 1.28643 1.28284 0.943096 0.996347 0.902668
1.01094 1.29076 1.18324 0.945044 1.00208 0.894889
0.993564 1.51777 1.06654 0.940738 0.99228 0.936132
0.897901 1.60497 0.957213 0.947035 0.966831 1.04071
0.815549 1.47122 0.658551 0.963299 0.94812 1.11026
0.796643 1.35106 0.607525 0.967153 0.934565 1.17437
0.796645 1.30156 0.591662 0.973228 0.925682 1.20589
0.789997 1.26081 0.59302 0.956746 0.934328 1.26301
0.788669 1.21587 0.621488 0.955881 0.925404 1.24413
0.813033 1.13814 0.6868 0.959467 0.928499 1.1953
0.820214 0.896806 0.830732 0.939101 0.938756 1.16174
0.882974 0.746476 0.949806 0.9301 0.940774 1.08663
0.957935 0.656881 1.08845 0.925549 0.974496 1.07591
0.983729 0.608477 1.1978 0.931378 0.968739 0.99999
1.00846 0.600065 1.2398 0.92387 0.959731 0.993284
end
gesture a06 hands 2
1.0248 0.658038 1.22124 0.958196 0.955352 0.983806
1.00636 0.659207 1.18758 0.973408 0.954519 0.992027
1.0127 0.666194 1.16755 0.966257 0.945178 1.01052
1.00706 0.670343 1.15123 0.965323 0.941667 1.02303
1.00209 0.677123 1.12823 0.964899 0.94842 1.02275
1.00483 0.672547 1.12444 0.968396 0.945214 1.03021
1.00511 0.675146 1.14166 0.976162 0.938903 1.05016
1.01344 0.676576 1.12321 0.977446 0.945274 1.08469
1.00038 0.67129 1.11536 0.97285 0.940173 1.07322
1.00168 0.672453 1.12054 0.973264 0.95562 1.10623
1.0019 0.669114 1.11782 0.962545 0.938527 1.02795
1.00114 0.677261 1.10405 0.960509 0.951688 1.00674
1.00774 0.67644 1.11736 0.951612 0.944637 1.01033
1.05115 0.696411 1.12739 0.944232 0.953843 0.980369
1.17371 0.820779 1.11554 0.931378 0.964855 0.958162
1.25383 1.06001 1.19853 0.908149 0.991458 0.988372
1.12221 1.22121 1.35245 0.901104 1.00543 0.906706
1.06925 1.27235 1.37203 0.904276 1.01851 0.914581
1.01192 1.32421 1.3325 0.900636 1.02784 0.911631
1.01852 1.32979 1.17536 0.929637 1.04904 0.90796
0.991951 1.39269 1.10322 0.928903 1.04016 0.903112
0.939176 1.62573 1.04604 0.940034 1.02693 0.94536
0.863234 1.65385 0.808694 0.972748 0.961052 1.04598
0.802429 1.54665 0.639811 0.993286 0.94068 1.14365
0.777452 1.44452 0.596566 0.996309 0.917912 1.19549
0.805119 1.35292 0.560128 0.993769 0.92508 1.24826
0.794328 1.33223 0.566579 0.993413 0.933542 1.21244
0.791604 1.3078 0.573257 0.99764 0.930848 1.2287
0.80142 1.20783 0.655548 0.942571 0.940288 1.1688
0.814755 1.06446 0.733728 0.94626 0.957329 1.13846
0.867724 0.868178 0.856312 0.964106 0.960953 1.05513
0.95964 0.705169 1.0418 0.976531 0.973384 1.03918
0.987069 0.684211 1.15007 0.968494 0.963187 1.00854
1.01242 0.669589 1.18812 0.960397 0.950296 1.02495
1.02636 0.665356 1.22683 0.969159 0.941296 1.03956
end
gesture a06 hands 2
1.00558 0.367983 1.20558 0.960651 0.953341 1.03838
1.00948 0.37244 1.20481 0.968381 0.949412 1.03459
1.02676 0.372568 1.19058 0.967485 0.947119 1.03243
1.00957 0.376443 1.16574 0.966746 0.951118 1.04396
1.01123 0.37335 1.20627 0.969386 0.954863 1.04332
0.994135 0.373265 1.19402 0.964078 0.953365 1.04589
1.06512 0.369913 1.20342 0.962103 0.949994 1.04264
1.19753 0.440843 1.18749 0.975354 0.946272 1.03321
1.31203 0.5923 1.12139 0.986524 0.951146 1.01583
1.36746 0.82264 1.10183 0.984543 0.953212 1.01799
1.33415 1.10302 1.0843 0.970458 0.980341 1.00925
1.25193 1.26198 1.1447 0.969111 0.989575 0.981391
1.16545 1.34201 1.20226 0.968748 0.993865 0.977548
1.02305 1.34844 1.29492 0.966485 0.994859 0.980145
0.977641 1.32275 1.32692 0.968205 0.996837 0.98067
0.945609 1.28848 1.34902 0.965395 1.00689 0.971191
0.90138 1.30094 1.30324 0.941696 0.99671 0.965366
0.926625 1.36185 1.27852 0.948612 0.995283 0.995357
0.986617 1.51855 0.955576 0.962773 0.9849 1.00896
0.889194 1.47246 0.694958 0.984984 0.964386 1.05476
0.817174 1.40328 0.648523 0.99825 0.972636 1.04159
0.788728 1.39114 0.608352 0.995324 0.990785 1.04225
0.793365 1.36176 0.592475 0.984648 1.00421 1.05068
0.807572 1.35379 0.600669 0.982302 1.01701 1.05023
0.829393 1.34385 0.626771 0.978429 1.00776 1.03515
0.863795 1.34597 0.690099 0.97403 0.982346 1.03942
0.894406 1.37482 0.79407 0.982778 0.970545 1.04009
0.927697 1.40038 0.898409 0.978271 0.967942 1.03376
0.960153 1.42167 1.05546 0.961298 0.971261 1.01572
0.951861 1.4166 1.17727 0.968033 0.972417 1.02278
0.940326 1.40017 1.25288 0.966208 0.98128 1.01619
0.925354 1.34925 1.28691 0.957048 0.992794 1.01308
0.934488 1.38286 1.26707 0.960396 1.00589 0.982396
0.943923 1.43815 1.16381 0.979218 1.00124 1.01812
0.9793 1.50374 0.777911 0.989334 0.996914 1.02958
0.923497 1.38986 0.650636 0.994995 0.98339 1.04101
0.854532 1.36945 0.61914 0.993194 0.998635 1.06168
0.819763 1.31089 0.622347 1.00217 0.971632 1.06081
0.823485 1.26096 0.630714 0.988911 1.00189 1.05289
0.851154 1.20833 0.661623 0.995937 1.01011 1.03824
0.934169 1.0281 0.691898 0.986196 0.985609 1.02552
1.03806 0.819549 0.762025 0.99017 0.973749 1.02439
1.10642 0.631533 0.883233 0.993311 0.972621 1.0301
1.08149 0.413031 1.1952 0.980782 0.96156 1.03099
1.00835 0.380708 1.32977 0.96615 0.955097 1.05982
1.00029 0.373663 1.3206 0.964008 0.946283 1.0537
0.995988 0.370315 1.31479 0.975525 0.955837 1.08696
1.01759 0.366475 1.32175 0.973279 0.951441 1.09126
0.994409 0.383381 1.24229 0.962367 0.951029 1.06436
0.982727 0.394089 1.18078 0.968083 0.953014 1.03219
0.957688 0.434102 1.11042 0.981465 0.956595 1.0258
0.902569 0.484958 1.04923 0.948419 0.952266 1.04497
end
gesture a06 hands 2
1.01106 0.386817 1.20474 0.962045 0.964156 1.00152
1.00297 0.377257 1.19758 0.980988 0.993746 0.936289
0.999062 0.379253 1.19797 0.996058 0.997807 0.929541
1.01052 0.386573 1.22361 1.00628 0.961932 0.964801
0.999515 0.370476 1.22605 1.01011 0.942082 1.0317
1.0459 0.367891 1.22172 0.994902 0.932725 1.03223
1.15992 0.469271 1.04151 0.977813 0.941027 1.05363
1.19414 0.663199 0.946824 0.987531 0.945937 1.03138
1.1963 0.87991 0.946249 0.980503 0.963936 1.02688
1.14839 1.16601 1.04496 0.966504 0.986558 1.00915
1.09625 1.26898 1.14363 0.957308 1.00375 0.979297
1.03875 1.30007 1.23392 0.941213 1.00085 0.975988
0.986235 1.2975 1.24367 0.929512 1.00509 0.987421
0.913007 1.25821 1.28121 0.925569 1.00482 1.0035
0.964145 1.40819 1.06713 0.949657 1.00497 1.02252
0.936695 1.4418 0.719729 0.953175 1.01758 1.04444
0.919332 1.41447 0.67081 0.963015 0.987015 1.07282
0.902489 1.36727 0.664743 0.985042 0.976274 1.05302
0.882815 1.35918 0.689915 0.982353 0.983929 1.0353
0.874677 1.35745 0.757538 0.986819 0.978826 1.0272
0.897999 1.36557 0.855961 0.991313 0.978902 1.02157
0.911075 1.36112 1.00339 0.983232 0.970794 1.01168
0.924868 1.34555 1.06767 0.976133 0.969632 0.994932
0.929031 1.35578 1.16635 0.984155 0.969072 0.995424
0.937648 1.34092 1.22202 0.981527 0.978744 1.00036
0.964231 1.35106 1.1955 0.989826 0.997577 0.986982
1.03446 1.44623 0.967707 0.992386 0.997631 1.0247
0.994541 1.35802 0.6445 0.994713 0.993291 1.04595
0.951891 1.29986 0.598696 0.987428 1.00231 1.04195
0.923811 1.28033 0.586946 0.998608 0.985901 1.0482
0.905987 1.2866 0.624394 0.987694 0.984173 1.04204
0.920565 1.32568 0.714905 0.991104 0.971604 1.03287
0.918484 1.37389 0.847652 0.975168 0.965056 1.05934
0.941138 1.396 1.05034 0.965048 0.961083 1.04237
0.951635 1.38662 1.1511 0.959999 0.972034 1.0371
0.93523 1.37471 1.22651 0.965211 0.970818 1.02274
0.93992 1.293 1.3051 0.973142 0.995168 1.01845
0.927403 1.31271 1.2496 0.976863 0.996473 1.03959
0.974112 1.40105 1.07109 0.975447 1.00423 1.04448
1.00324 1.38774 0.677694 0.994403 1.00052 1.07212
0.932282 1.2091 0.549986 0.997897 0.994265 1.07051
0.866699 1.14539 0.523352 1.00483 0.987854 1.07529
0.817844 0.996333 0.571593 0.990258 0.999436 1.0902
0.833268 0.850469 0.613756 0.981734 0.996019 1.09123
0.876457 0.701158 0.686786 0.975127 0.994077 1.05532
0.999859 0.467869 0.882217 0.977977 0.978243 1.04315
1.08094 0.394454 1.09865 0.977966 0.968694 1.04234
1.08971 0.387799 1.30137 0.986945 0.96051 1.0372
1.09102 0.43622 1.49191 0.957682 0.953909 1.06413
1.13206 0.458914 1.52782 0.971939 0.948447 1.0679
1.08634 0.45803 1.56677 0.962291 0.954225 1.09623
1.06913 0.402246 1.51686 0.946527 0.945585 1.06336
1.05335 0.363231 1.40666 0.949689 0.945287 1.04382
0.991247 0.344469 1.30161 0.957169 0.936727 0.986862
0.974218 0.357511 1.22144 0.969647 0.952937 0.951629
0.976467 0.370308 1.21029 0.987342 0.969306 0.93982
end
gesture a06 hands 2
0.934385 0.386387 1.13392 0.969499 0.93759 1.07482
0.940394 0.382723 1.1405 0.973135 0.934869 1.06588
0.933701 0.386992 1.13515 0.9706 0.943676 1.07005
0.939328 0.383552 1.1481 0.968381 0.939151 1.0747
0.939022 0.379041 1.14358 0.962119 0.944658 1.07314
0.940806 0.400137 1.14181 0.972999 0.937527 1.06947
1.03004 0.474893 1.00502 0.967857 0.942231 1.06877
1.07271 0.594425 0.922034 0.978055 0.949867 1.04184
1.10049 0.737371 0.896321 0.973417 0.963016 1.03033
1.10524 0.978309 0.981993 0.971666 0.977828 1.02078
1.07856 1.08612 1.03069 0.967041 0.984915 1.02962
1.05105 1.14366 1.08387 0.968475 0.986724 1.02454
1.01375 1.1827 1.1586 0.9638 1.00373 1.0218
0.990426 1.18799 1.18625 0.961151 1.006 1.00974
0.963427 1.1723 1.19182 0.962418 0.992156 1.00969
0.947088 1.1756 1.18893 0.967246 0.989064 1.0069
0.939539 1.17973 1.18101 0.960502 0.98545 1.00715
0.93027 1.1997 1.15145 0.96542 0.976319 1.02012
0.881443 1.26736 1.13369 0.970175 0.966673 1.02413
0.877259 1.40568 1.07506 0.969249 0.962238 1.04071
0.901821 1.53788 0.88453 0.983756 0.964423 1.01864
0.925807 1.49646 0.717819 1.00278 0.927639 1.01716
0.904495 1.48286 0.729908 1.00524 0.925181 1.01731
0.904694 1.47305 0.748567 1.00538 0.919107 1.02012
0.891644 1.48921 0.751603 1.00023 0.924976 1.0191
0.892458 1.51982 0.771195 0.980567 0.919866 1.04691
0.896366 1.53741 0.822635 0.982992 0.94343 1.03325
0.887648 1.52169 0.933851 0.956172 0.997694 1.04133
0.885625 1.46128 1.00007 0.949137 1.00304 1.04452
0.900544 1.36489 1.07902 0.950974 0.997083 1.0394
0.939757 1.22578 1.11711 0.945325 0.994502 1.03565
0.978149 1.17818 1.11736 0.945638 0.976822 1.05482
1.02847 1.13289 1.08533 0.94718 0.989257 1.04817
1.11034 0.990824 1.04501 0.945698 0.999539 1.04373
1.16031 0.855904 1.0013 0.952912 1.00265 1.02801
1.16552 0.702826 1.01691 0.951888 1.01302 1.02315
1.11249 0.521546 1.08093 0.949469 1.00064 1.03623
1.06001 0.455885 1.13225 0.954282 0.990562 1.05071
1.01615 0.425639 1.1587 0.959464 0.976285 1.04592
0.958273 0.410639 1.13747 0.957627 0.966827 1.05913
0.939178 0.406136 1.12209 0.959003 0.965744 1.049
end
gesture a06 hands 2
0.93412 0.504427 1.1806 0.953143 0.944267 1.07119
0.928547 0.498906 1.16992 0.961793 0.934733 1.0723
0.932455 0.504017 1.16891 0.960922 0.927718 1.06264
0.981445 0.497984 1.19136 0.95452 0.934007 1.06852
1.02762 0.539844 1.11468 0.972439 0.927422 1.04972
1.08542 0.654041 1.04097 0.969103 0.933618 1.05828
1.13977 0.93774 0.999975 0.966364 0.958726 1.04902
1.10044 1.12592 1.08981 0.965691 0.962631 1.04742
1.03823 1.22587 1.15857 0.962426 0.972297 1.04919
0.980506 1.27786 1.21659 0.956672 0.991433 1.03175
0.956452 1.28886 1.21065 0.954992 0.97656 1.03151
0.927949 1.31069 1.17122 0.956411 0.971825 1.03142
0.921754 1.39296 1.10855 0.95752 0.981795 1.0415
0.888596 1.58549 0.947259 0.961156 0.987428 1.03672
0.949128 1.64078 0.776133 0.962363 0.980374 1.05073
0.936406 1.61752 0.738535 0.973741 0.965816 1.03378
0.924253 1.61504 0.739876 0.967122 0.955821 1.06516
0.924222 1.60947 0.748626 0.968482 0.948228 1.04668
0.93125 1.59847 0.783857 0.964307 0.990977 1.03874
0.925916 1.52224 0.802848 0.950549 0.999514 1.04611
0.937779 1.37575 0.835253 0.949939 0.988506 1.04393
0.986299 1.15961 0.857564 0.95156 0.970164 1.0491
1.02634 1.01225 0.901643 0.947468 0.965267 1.06076
1.06084 0.851921 0.907605 0.950446 0.975754 1.05876
1.03687 0.663233 1.01274 0.951432 0.970138 1.03217
0.994603 0.581823 1.10698 0.951338 0.973513 1.03186
1.00224 0.574567 1.16721 0.954158 0.969261 1.03784
0.939234 0.516321 1.22074 0.955605 0.955328 1.04506
0.93725 0.504625 1.23082 0.955948 0.955443 1.04929
0.930636 0.510717 1.22227 0.960153 0.949904 1.03203
0.931421 0.496351 1.21374 0.958863 0.947835 1.04442
0.926968 0.501269 1.19295 0.96359 0.940186 1.03045
0.927174 0.495217 1.19704 0.964794 0.932018 1.04465
end
gesture a06 hands 2
0.885489 0.465806 1.15264 0.966375 0.93501 1.06306
0.881484 0.474072 1.13572 0.969193 0.933516 1.05026
0.886511 0.465175 1.14112 0.967017 0.937224 1.05968
0.939476 0.492637 1.10361 0.969453 0.94197 1.05043
0.961023 0.511275 1.05302 0.972666 0.93942 1.03717
0.989615 0.585294 1.00102 0.971228 0.945772 1.03826
1.0466 0.773455 0.933398 0.974019 0.954347 1.02678
1.07139 0.93411 0.944876 0.974953 0.953357 1.02369
1.05059 1.0698 1.02964 0.978938 0.946418 1.01663
0.968881 1.19944 1.14214 0.971228 0.970687 1.00976
0.936872 1.22493 1.18588 0.966516 0.978947 1.01489
0.911517 1.22624 1.2094 0.960088 0.996784 1.00861
0.905038 1.24876 1.20118 0.961125 1.00585 1.00811
0.87915 1.28649 1.1549 0.959072 1.00038 1.00552
0.896184 1.39223 1.08426 0.964759 0.994428 1.00712
0.979189 1.5775 0.775796 0.961874 1.00603 1.01067
1.00423 1.52512 0.659637 0.968222 0.99969 1.01992
0.980534 1.55516 0.661135 0.970134 0.996191 1.0299
0.920989 1.5703 0.699937 0.965919 0.996677 1.02529
0.90908 1.58636 0.74059 0.961205 1.00363 1.03138
0.901971 1.58402 0.791576 0.958583 0.982133 1.02874
0.930979 1.52077 0.887688 0.954606 0.991482 1.0353
0.928284 1.45301 0.971694 0.950562 0.986852 1.05154
0.979994 1.36101 1.03037 0.948004 0.984801 1.04521
1.03118 1.24807 1.08502 0.948748 0.975813 1.05124
1.0803 1.17463 1.1163 0.94732 0.975513 1.05301
1.13069 1.07729 1.11265 0.962689 0.96549 1.0409
1.22816 0.867848 1.09716 0.963932 0.964163 1.03415
1.2039 0.731195 1.1035 0.95945 0.963858 1.04859
1.16623 0.670449 1.1531 0.963151 0.961076 1.04473
1.08384 0.558207 1.18078 0.963848 0.947419 1.05553
1.01318 0.504129 1.19162 0.963225 0.942009 1.07096
0.923557 0.479638 1.17254 0.968644 0.936779 1.07666
0.887667 0.465923 1.14627 0.959429 0.938822 1.08239
0.876534 0.456475 1.14718 0.958472 0.938732 1.08816
0.868572 0.453768 1.13522 0.960114 0.925127 1.09798
0.875979 0.449297 1.14613 0.96287 0.922086 1.09866
end
gesture a06 hands 2
0.95893 0.399252 1.19628 0.972753 0.94443 1.07364
0.953844 0.396715 1.20005 0.982732 0.965765 1.04959
0.958057 0.407218 1.23816 0.982389 0.972004 1.0769
0.981448 0.413571 1.19432 0.97319 0.984677 1.06229
0.95042 0.404261 1.26211 0.978018 0.979032 1.06294
0.982657 0.396915 1.21057 0.953653 0.992454 1.02052
0.957056 0.408136 1.1564 0.981871 0.983299 1.05695
0.94838 0.444772 1.10258 0.954407 1.00927 1.00739
0.971553 0.483541 1.07915 0.932335 0.988639 1.0085
1.00468 0.645683 0.992412 0.958312 0.988681 1.05028
1.04731 0.768118 1.00852 0.967212 1.00187 0.995332
1.06646 0.880583 1.02624 0.956098 0.988858 0.998822
1.09377 1.04585 1.09651 0.943367 1.03477 0.991868
1.09156 1.15166 1.12267 0.945413 1.02269 0.989798
1.07606 1.23623 1.17349 0.963063 1.00326 0.974288
1.03226 1.29542 1.24571 0.973992 0.968527 0.999234
0.9989 1.30671 1.28399 0.963227 0.954653 1.00454
0.971049 1.31048 1.32038 0.958107 0.973283 0.997893
0.927092 1.28668 1.33048 0.944768 0.961629 1.00031
0.901678 1.26252 1.32345 0.946927 0.933985 0.992899
0.895572 1.24923 1.31853 0.965351 0.931885 0.993229
0.888383 1.34895 1.29354 0.976155 0.897821 1.0015
0.892499 1.43218 1.24495 0.930455 0.880216 0.991196
0.918874 1.56392 1.11439 0.93013 0.903696 1.01608
0.963684 1.56696 0.879538 0.945494 1.03602 1.06838
0.981627 1.49659 0.777895 0.952707 0.989747 1.04946
0.988759 1.44338 0.713889 0.963466 0.838638 1.04017
0.954937 1.43938 0.602106 1.01228 0.939608 1.07597
0.958308 1.39005 0.566798 0.975301 0.987141 1.12942
0.945495 1.33563 0.586686 0.984121 0.98101 1.12189
0.930976 1.27928 0.626197 0.972809 0.995687 1.08767
0.92295 1.23241 0.661096 0.963437 0.965356 1.09925
0.943067 1.16812 0.701087 0.940531 0.960057 1.10121
1.03247 1.01832 0.776605 0.983232 0.962778 1.07468
1.00602 0.788097 0.743269 0.958726 0.965771 1.04055
1.00079 0.696529 0.900365 0.997936 0.93634 1.07208
1.00986 0.473813 1.03864 0.984246 0.958606 1.0745
0.979901 0.429664 1.22636 0.997856 0.98962 1.05351
end
gesture a06 hands 2
0.976591 0.494545 1.26651 0.974458 0.993958 1.05833
0.953782 0.468743 1.28252 0.922118 0.965379 1.03015
0.954405 0.480755 1.2801 0.952132 0.970894 1.05679
0.939925 0.496435 1.27814 0.940328 0.985772 1.04142
0.951501 0.484298 1.28852 0.938211 0.995824 1.01952
0.92223 0.515244 1.27338 0.952351 0.989041 1.03797
0.981349 0.496239 1.20828 0.946226 0.986614 1.04609
0.998754 0.616489 1.02898 0.954348 0.995234 1.04415
1.03322 0.782361 0.954279 0.949113 0.981196 1.04375
1.06184 0.916734 0.967574 0.954075 0.980573 1.05
1.05173 1.12407 1.01682 0.950187 0.960538 1.01257
1.03225 1.23014 1.07903 0.943579 0.941099 1.03526
1.01305 1.31452 1.17421 0.95206 0.947734 1.0048
0.981548 1.34951 1.28768 0.946928 0.926835 1.00289
0.969779 1.31932 1.30495 0.959631 0.886757 0.976491
0.950876 1.31141 1.31645 0.95372 0.885593 1.00581
0.911642 1.43466 1.29671 0.979383 0.900784 0.987979
0.920502 1.52791 1.23355 0.947247 0.884148 0.985643
0.918704 1.6577 1.10617 0.941508 0.907429 0.990175
0.922938 1.68382 0.82939 0.981334 0.991095 1.04805
0.965593 1.63643 0.665731 1.00299 0.998683 1.0721
0.969725 1.48302 0.558616 1.01643 0.981982 1.07675
0.952001 1.38392 0.525429 0.994085 0.976817 1.11603
0.958181 1.31313 0.521878 0.969682 0.98181 1.1562
0.963043 1.2548 0.568313 0.968132 0.990343 1.09054
0.963311 1.13463 0.658756 0.952648 0.989717 1.09436
0.96924 1.04237 0.719501 0.929321 0.992084 1.07327
0.942989 0.878968 0.73523 0.940827 0.985696 1.06228
1.008 0.74205 0.943682 0.941355 0.950124 1.0673
1.00765 0.645443 1.04145 0.995248 0.986793 1.049
1.01189 0.525919 1.12033 0.984288 0.970587 1.05569
0.981035 0.477787 1.2691 0.984047 0.961841 1.04576
0.968134 0.494378 1.27325 0.976265 0.963489 1.03585
0.961737 0.500473 1.27471 0.979947 0.962497 1.03985
end
gesture a06 hands 2
0.953679 0.520025 1.24903 0.989489 0.97035 0.995739
0.966384 0.526713 1.26507 0.977941 1.00463 0.994552
0.966706 0.530717 1.26184 0.953116 1.00431 1.00875
0.960975 0.529675 1.25372 0.953703 1.0099 1.00934
0.954803 0.535642 1.24669 0.960599 1.00933 1.00495
0.998608 0.553734 1.149 0.957138 0.985422 1.02531
1.01111 0.592991 1.11308 0.936242 0.966949 1.02118
1.05698 0.680491 1.08544 0.935498 0.97174 1.00755
1.15148 0.825533 0.996088 0.960932 0.95189 1.00364
1.12601 0.970903 1.04102 0.968784 0.933848 1.00713
1.11247 1.10188 1.08846 0.954088 0.934636 1.00925
1.05755 1.27296 1.19122 0.952019 0.925295 0.973819
1.02823 1.38154 1.20883 0.953897 0.910914 0.974031
0.999593 1.40917 1.23996 0.962115 0.901973 0.972953
0.96069 1.40396 1.27417 0.950337 0.904757 0.96792
0.955358 1.52125 1.20446 0.95938 0.909721 0.997403
0.897276 1.54455 1.18264 0.994266 0.919698 1.00628
0.913374 1.7066 1.0164 0.945451 0.907271 1.01837
0.901018 1.7988 0.867855 0.971411 0.978253 1.12532
0.91253 1.72278 0.676521 0.9895 1.00246 1.06036
0.905899 1.49114 0.553472 0.956401 0.935228 1.14891
0.887676 1.44013 0.510686 0.987598 0.959283 1.12605
0.873799 1.36483 0.485242 0.954835 0.979357 1.15635
0.882161 1.26204 0.519383 0.965587 1.00049 1.1117
0.892317 1.1705 0.556328 0.935165 0.954705 1.16329
0.932864 1.06201 0.628001 0.947247 0.960505 1.1446
0.944802 0.770403 0.750401 0.946964 0.949136 1.09117
1.00032 0.684199 0.928799 0.993102 0.978993 1.10013
1.00219 0.601152 1.06077 0.957125 0.963104 1.08305
0.985634 0.542058 1.24944 0.926141 0.963911 1.06518
0.981137 0.539081 1.29368 0.974795 0.995134 1.0416
0.97532 0.541324 1.29559 0.982688 1.00467 1.04993
0.971936 0.530952 1.30418 0.9662 1.02049 1.02201
0.974407 0.532446 1.30672 0.968431 0.99232 1.03938
0.970982 0.528446 1.31111 0.980926 1.00503 1.02581
end
gesture a06 hands 2
0.960498 0.395035 1.22449 0.956529 0.969592 1.05935
0.951473 0.402504 1.21619 0.954651 0.967138 1.06037
0.94792 0.403085 1.20583 0.954783 0.965743 1.06768
0.955896 0.40321 1.19689 0.950992 0.971696 1.06611
0.998314 0.413924 1.15044 0.955139 0.969608 1.05722
1.10274 0.538647 0.986902 0.958344 0.961433 1.07014
1.18077 0.717114 0.919802 0.96294 0.96403 1.04696
1.19515 1.0636 0.967191 0.950744 0.980253 1.04563
1.16881 1.2342 1.02896 0.951021 0.986345 1.02149
1.0758 1.35575 1.14302 0.940182 0.984148 1.00009
0.955865 1.3133 1.28237 0.966001 0.981861 0.994081
0.914269 1.32262 1.32394 0.953269 0.97711 0.990014
0.83796 1.27535 1.31886 0.962546 0.97519 0.979032
0.77653 1.23095 1.33232 0.951963 0.969819 0.973233
0.783943 1.2366 1.34272 0.962381 0.960836 0.965569
0.784783 1.20903 1.34462 0.962202 0.958501 0.978846
0.831584 1.26598 1.33547 0.968359 0.958161 0.985775
0.891216 1.50713 1.17404 0.97521 0.955695 1.00264
0.943779 1.57609 0.990569 0.98798 0.944108 1.01709
0.948127 1.49838 0.810202 0.994881 0.943654 1.04238
0.937749 1.41937 0.742169 0.998903 0.941376 1.05725
0.93888 1.36012 0.707613 1.00065 0.936409 1.05643
0.955349 1.32465 0.682133 0.989581 0.944065 1.07759
0.964758 1.327 0.690095 0.995765 0.946869 1.05721
0.977848 1.33144 0.699066 0.981634 0.94225 1.07254
0.988062 1.32349 0.701014 0.95612 0.971349 1.08126
0.990466 1.29398 0.70269 0.962681 0.958953 1.05434
1.0251 1.19353 0.692638 0.943978 0.96624 1.08361
1.0564 1.04279 0.713476 0.965861 0.965594 1.06082
1.10163 0.768242 0.798962 0.960388 0.966284 1.05153
1.08299 0.541725 0.948096 0.955299 0.973644 1.09566
1.02372 0.440837 1.10659 0.946863 0.975186 1.10128
0.965057 0.402585 1.20428 0.952006 0.984601 1.07706
0.950854 0.399291 1.28302 0.949626 0.974555 1.1195
0.957231 0.399918 1.27354 0.925019 0.979292 1.08913
0.955704 0.396184 1.26723 0.945624 0.971294 1.09789
end
gesture a06 hands 2
0.966558 0.329468 1.31543 0.946438 0.966494 1.08175
0.97187 0.332973 1.27936 0.942491 0.971917 1.08582
0.986869 0.350908 1.21565 0.937523 0.973332 1.07891
1.05516 0.463178 1.05928 0.95821 0.961879 1.06463
1.09024 0.623067 0.970027 0.959563 0.960148 1.06222
1.09846 0.816765 0.970757 0.957311 0.971342 1.06299
1.09597 1.01972 1.05713 0.94864 0.979242 1.05934
1.07593 1.11845 1.11841 0.941673 0.977234 1.0452
1.05327 1.19147 1.20946 0.950428 0.973797 1.03972
0.99638 1.18366 1.28719 0.941655 0.971787 1.04207
0.968937 1.17308 1.32875 0.944543 0.971868 1.03909
0.938703 1.16527 1.3286 0.942517 0.980944 1.01622
0.889734 1.14252 1.31446 0.935408 0.972969 1.00845
0.882897 1.14253 1.32421 0.952773 0.970581 0.989146
0.880094 1.19729 1.323 0.952358 0.963507 1.00029
0.957413 1.41893 1.14731 0.957201 0.961281 1.01119
0.956879 1.46256 0.978927 0.960199 0.953011 1.02204
0.945712 1.39539 0.902711 0.972037 0.939639 1.02905
0.92501 1.32304 0.816556 0.980908 0.916122 1.02345
0.916414 1.28255 0.801266 0.975769 0.908243 1.0231
0.919473 1.2524 0.789813 0.981908 0.895211 1.02834
0.925198 1.24647 0.778433 0.996629 0.909525 1.06565
0.927667 1.24381 0.770715 0.983558 0.918336 1.08869
0.935886 1.23605 0.749769 0.957722 0.945807 1.11028
0.925685 1.17938 0.737106 0.954749 0.955553 1.1066
0.91924 1.05921 0.730711 0.943664 0.968325 1.11533
0.924526 0.865591 0.749357 0.943716 0.955905 1.11175
0.983877 0.454455 0.980684 0.945393 0.976898 1.09207
0.981788 0.374297 1.13475 0.946628 0.990395 1.06874
0.962219 0.35257 1.25469 0.94206 0.98475 1.07999
end
gesture a06 hands 2
0.959965 0.454241 1.31966 0.948412 0.969923 1.06503
0.960438 0.446541 1.347 0.944377 0.965135 1.07268
0.958783 0.442616 1.3485 0.939764 0.962165 1.07009
0.96185 0.431586 1.32129 0.942867 0.958507 1.0438
0.964654 0.432646 1.28877 0.947536 0.960395 1.03811
0.953497 0.429205 1.28474 0.94985 0.955582 1.0301
0.953556 0.427862 1.27118 0.949769 0.953797 1.04742
0.975923 0.44858 1.20551 0.948069 0.95366 1.05169
1.01134 0.476217 1.12654 0.955599 0.948819 1.0689
1.05211 0.55293 0.99828 0.960864 0.947942 1.06452
1.07582 0.641659 0.915204 0.964984 0.943159 1.0499
1.08573 0.765579 0.853837 0.952515 0.938357 1.03355
1.0365 1.02383 0.857542 0.955276 0.940047 1.03889
1.01509 1.15679 0.956612 0.949494 0.947484 1.03098
0.975452 1.24329 1.06033 0.953305 0.949128 1.0341
0.945939 1.26836 1.2496 0.950478 0.951874 1.02391
0.910796 1.25801 1.29735 0.950581 0.954619 1.02308
0.889221 1.24404 1.3214 0.949478 0.955522 1.0197
0.887937 1.25579 1.33314 0.959281 0.959671 1.00092
0.866547 1.24161 1.3268 0.957892 0.952754 1.00101
0.840949 1.24186 1.32597 0.948904 0.964032 1.01445
0.830446 1.32418 1.33516 0.963629 0.959774 1.02473
0.904221 1.53261 1.17573 0.961617 0.965585 1.03132
0.931208 1.58955 0.990099 0.963855 0.969015 1.04697
0.905793 1.50036 0.809719 0.986706 0.979679 1.02456
0.908631 1.4471 0.741971 0.99003 0.994569 1.0406
0.907158 1.41735 0.716847 0.986627 1.00967 1.05278
0.923223 1.39669 0.706482 0.982876 1.00621 1.08483
0.93671 1.37963 0.704793 0.977583 1.00784 1.08471
0.952063 1.35541 0.703678 0.976847 0.999876 1.07864
0.994067 1.30661 0.689312 0.980885 0.99611 1.05836
1.0322 1.23747 0.681355 0.978484 0.991484 1.05237
1.08206 1.1325 0.672857 0.975862 0.977275 1.04726
1.15406 0.917295 0.723234 0.976693 0.961601 1.06955
1.14349 0.775235 0.772153 0.984764 0.965602 1.0476
1.13355 0.617206 0.892 0.988408 0.966264 1.05733
1.03985 0.48357 1.10736 0.988163 0.976477 1.04916
end
gesture a06 hands 2
0.981677 0.451286 1.3109 0.945155 0.942921 1.07674
0.988579 0.444849 1.28026 0.944916 0.937541 1.08858
0.984891 0.44657 1.26271 0.943227 0.938125 1.09095
1.01071 0.468593 1.21249 0.948751 0.934213 1.07353
1.09001 0.592822 1.07675 0.95561 0.939187 1.06952
1.15689 0.806429 1.02951 0.946055 0.948425 1.08155
1.1284 1.04501 1.08513 0.95111 0.956237 1.06957
1.0603 1.25126 1.19905 0.951114 0.962464 1.04069
1.00189 1.30391 1.245 0.943673 0.960273 1.04526
0.970084 1.34671 1.27188 0.949071 0.960083 1.01842
0.890779 1.49643 1.20182 0.954644 0.949967 1.00138
0.890699 1.56554 1.09793 0.9555 0.948735 1.00659
0.882878 1.59602 0.911706 0.95881 0.947486 1.03953
0.900288 1.45569 0.75487 0.974292 0.954339 1.0115
0.917363 1.39413 0.713728 0.982372 0.955061 1.0081
0.891087 1.38995 0.719374 0.960618 0.947298 1.06099
0.891113 1.35536 0.766662 0.94559 0.963686 1.03974
0.893509 1.30536 0.787764 0.943155 0.969683 1.04107
0.888376 1.2274 0.807655 0.944468 0.961771 1.05359
0.9042 1.04562 0.811162 0.950794 0.961535 1.07128
0.929095 0.839713 0.832668 0.958378 0.956567 1.08138
0.952281 0.631057 0.942677 0.954607 0.950962 1.07484
0.962491 0.458168 1.17055 0.924434 0.943286 1.09071
0.964334 0.442268 1.29966 0.922289 0.943938 1.11729
0.956981 0.437926 1.32612 0.915791 0.95496 1.1406
0.96825 0.439572 1.34477 0.926715 0.95191 1.14925
end
gesture a06 hands 2
0.959482 0.42726 1.29373 0.929689 0.952635 1.12019
0.960328 0.437622 1.27178 0.923899 0.964464 1.06144
0.957748 0.434602 1.27756 0.940713 0.969001 1.06758
0.953716 0.430168 1.2785 0.941074 0.974729 1.03416
0.961143 0.439198 1.26 0.947884 0.965084 1.05959
0.96294 0.439065 1.25818 0.955881 0.960725 1.06469
0.973143 0.439911 1.25114 0.951492 0.963933 1.07122
0.974523 0.450627 1.23057 0.948713 0.953413 1.05401
1.01214 0.493733 1.13964 0.950481 0.956012 1.05703
1.06088 0.606725 1.04836 0.957506 0.958613 1.05427
1.12657 0.814248 1.0147 0.952513 0.965215 1.05096
1.11909 1.11137 1.06325 0.956175 0.965864 1.02853
1.07283 1.23626 1.1366 0.952496 0.966273 1.03533
1.025 1.32265 1.20338 0.955325 0.973555 1.01415
0.953754 1.37628 1.29034 0.949337 0.969865 0.993044
0.9294 1.3973 1.30523 0.952943 0.958529 1.01819
0.896443 1.4897 1.25964 0.949659 0.958212 1.0035
0.892836 1.59956 1.06605 0.950475 0.958728 1.02661
0.886243 1.59715 0.875518 0.96413 0.94867 1.03594
0.897398 1.54888 0.807506 0.976953 0.941537 1.02459
0.894722 1.50071 0.775314 0.970563 0.933595 1.0519
0.902733 1.48013 0.759055 0.971186 0.931923 1.06809
0.924247 1.46058 0.748572 0.972998 0.933958 1.08382
0.912074 1.38405 0.733719 0.962571 0.945094 1.10188
0.932592 1.28506 0.723533 0.950285 0.954284 1.09964
1.00078 1.17594 0.730918 0.949793 0.955791 1.10766
0.969239 0.802813 0.753022 0.960151 0.957059 1.1092
0.983989 0.596705 0.89369 0.952683 0.953457 1.08229
0.97045 0.47279 1.05805 0.951806 0.949438 1.08747
end
gesture a06 hands 2
0.961049 0.416514 1.26442 0.917127 0.940491 1.12664
0.959144 0.417008 1.24872 0.916371 0.943151 1.09451
0.993407 0.407507 1.28812 0.926381 0.940377 1.07494
0.976579 0.412425 1.27673 0.926978 0.943886 1.05528
0.999351 0.41763 1.2803 0.966328 0.956811 1.04819
0.980574 0.433916 1.21817 0.955269 0.951833 1.04031
1.02125 0.492629 1.13115 0.957733 0.946046 1.04442
1.06361 0.601103 1.04692 0.959751 0.950276 1.04589
1.11525 0.984332 1.03502 0.954743 0.968014 1.04753
1.08142 1.19641 1.10266 0.95458 0.978242 1.03381
1.018 1.28594 1.2006 0.944795 0.972517 1.02407
0.956687 1.35642 1.27653 0.959383 0.972356 1.01605
0.898362 1.42146 1.24887 0.96084 0.95412 1.03559
0.886033 1.51785 1.16064 0.963108 0.955669 1.03492
0.886175 1.56535 0.957413 0.96468 0.951301 1.03318
0.865893 1.51724 0.852904 0.958253 0.957494 1.04593
0.864373 1.47578 0.822753 0.950949 0.934412 1.07766
0.875297 1.47308 0.813943 0.949991 0.931214 1.07977
0.891403 1.44677 0.803404 0.942464 0.938213 1.08748
0.921346 1.33336 0.788925 0.939002 0.943091 1.10589
0.953636 1.19552 0.758533 0.92635 0.940443 1.11191
0.971424 0.973498 0.746552 0.928112 0.942238 1.11627
0.974568 0.518303 0.97834 0.930711 0.921293 1.12468
0.957618 0.418392 1.17636 0.926169 0.924008 1.1492
end
gesture a10 hands 2
0.861782 0.813698 1.09657 1.04103 0.832419 1.08272
0.84833 0.814654 1.10537 1.04302 0.831776 1.07727
0.850809 0.81401 1.10954 1.04952 0.836478 1.0791
0.843986 0.812541 1.11452 1.03906 0.841212 1.09911
0.855384 0.81102 1.11496 1.03578 0.836414 1.11301
0.918219 0.826287 1.13704 0.99328 0.834881 1.13007
0.994097 0.850191 1.15364 0.95025 0.844368 1.16154
1.08851 0.871457 1.20254 0.892235 0.858292 1.19657
1.19167 0.953787 1.27616 0.78227 0.925146 1.28907
1.24629 0.996928 1.31748 0.717751 0.962793 1.29561
1.28415 1.0432 1.32194 0.692178 1.0054 1.35686
1.27564 1.04065 1.31003 0.639378 1.05669 1.30248
1.36038 1.09405 1.20096 0.622366 1.07314 1.26232
1.35967 1.09412 1.11296 0.616305 1.07479 1.15844
1.29659 1.10282 0.89616 0.646684 1.09957 0.980015
1.18094 1.12407 0.752151 0.732394 1.10396 0.839682
1.01151 1.16106 0.65698 0.844147 1.15043 0.717695
0.742364 1.20307 0.632368 1.06598 1.18684 0.636781
0.617719 1.26311 0.629768 1.18979 1.21743 0.626531
0.617716 1.27808 0.642272 1.19221 1.24407 0.60213
0.664659 1.21879 0.649716 1.22527 1.22738 0.61735
0.776165 1.19332 0.691361 1.25973 1.20403 0.663447
0.778163 1.14637 0.669617 1.12652 1.14307 0.680024
0.945612 1.06091 0.713571 1.00604 1.06055 0.748834
1.03819 0.999444 0.813475 0.925314 0.977342 0.856278
1.11367 0.917675 0.989056 0.878324 0.918352 0.971953
1.05643 0.853292 1.19409 0.933459 0.857322 1.19464
0.973265 0.840383 1.28955 1.01528 0.853843 1.27167
0.889695 0.839877 1.32752 1.01347 0.869399 1.3055
0.919873 0.851376 1.32183 1.04208 0.870869 1.25124
0.900589 0.852019 1.28882 1.05448 0.8702 1.21338
0.925504 0.828741 1.2444 1.05772 0.86275 1.22784
0.946597 0.84453 1.15525 1.06191 0.846891 1.14353
0.946617 0.84749 1.13829 1.03909 0.849299 1.11923
0.937107 0.832017 1.12373 1.05261 0.848968 1.11437
0.916541 0.825755 1.1153 1.08789 0.844352 1.122
end
gesture a10 hands 2
0.860493 0.791995 1.16799 1.11638 0.807901 1.12583
0.862674 0.792221 1.17127 1.12648 0.805877 1.1268
0.87866 0.793497 1.18408 1.12434 0.803633 1.1506
0.889538 0.791835 1.19152 1.11837 0.804552 1.16797
0.910152 0.797967 1.20949 1.11518 0.808328 1.1826
0.942665 0.793573 1.25657 1.10043 0.806578 1.20384
0.992564 0.798543 1.27318 1.06037 0.816279 1.22789
1.07369 0.817226 1.32024 1.0225 0.828044 1.2969
1.1775 0.888865 1.3921 0.906185 0.872311 1.36473
1.23103 0.942026 1.40036 0.83357 0.920025 1.37662
1.30612 1.01002 1.33807 0.754184 0.977508 1.38838
1.36246 1.06992 1.24994 0.65555 1.04734 1.29307
1.36483 1.11682 1.108 0.612205 1.09095 1.20034
1.32487 1.14776 0.965761 0.600132 1.12581 1.04156
1.16331 1.17779 0.754967 0.683667 1.15718 0.842689
1.00475 1.19216 0.675707 0.78632 1.17206 0.734379
0.872815 1.18121 0.670142 0.934496 1.17644 0.663196
0.600132 1.18719 0.659985 1.10575 1.20299 0.660657
0.552482 1.225 0.664614 1.1782 1.17632 0.630944
0.583713 1.17421 0.680389 1.18183 1.1765 0.631331
0.673503 1.1246 0.676429 1.08472 1.14134 0.65207
0.79301 1.08434 0.68944 0.985652 1.10513 0.690877
0.912722 1.03156 0.728807 0.892411 1.0483 0.763521
1.04949 0.930525 0.90832 0.806419 0.936175 0.932719
1.08006 0.8759 1.08739 0.812102 0.871821 1.08565
1.06226 0.841529 1.16331 0.871034 0.83209 1.21136
0.949057 0.798458 1.29431 1.0014 0.814673 1.30495
0.851603 0.783295 1.29375 1.03298 0.813667 1.29837
0.878755 0.795878 1.28074 1.0437 0.818099 1.24585
end
gesture a10 hands 2
0.937268 0.830473 1.2719 1.00254 0.844579 1.25725
0.960327 0.831861 1.24982 0.986417 0.838269 1.23608
0.978 0.833187 1.19236 0.972046 0.830249 1.18374
0.980162 0.847495 1.1306 0.969416 0.853385 1.07985
0.969 0.851916 1.11367 0.984487 0.861791 1.04623
0.964913 0.849092 1.09591 1.01604 0.87203 1.0158
0.944533 0.848942 1.08824 1.04806 0.860034 1.03416
0.931325 0.849011 1.09143 1.07479 0.850171 1.04973
0.918142 0.854212 1.09225 1.07854 0.85256 1.0604
0.929641 0.843664 1.11788 1.06501 0.840654 1.08924
0.926011 0.844225 1.12866 1.05387 0.8404 1.10621
0.949173 0.827148 1.17372 1.05094 0.844405 1.12288
0.971019 0.827692 1.20996 1.02512 0.848047 1.18724
1.0286 0.82809 1.27952 0.98526 0.84873 1.22826
1.09196 0.841451 1.34424 0.944287 0.863514 1.28174
1.22037 0.911748 1.3882 0.818867 0.900141 1.37151
1.29137 0.960036 1.38454 0.731068 0.951215 1.36669
1.35761 1.01183 1.321 0.664385 0.995437 1.36178
1.40911 1.09625 1.16593 0.56401 1.08033 1.22786
1.39883 1.1535 1.00136 0.553819 1.11294 1.10212
1.31373 1.1862 0.850496 0.589443 1.15494 0.952971
1.09921 1.21107 0.700039 0.749743 1.17057 0.773381
1.0065 1.22805 0.682244 0.886557 1.20189 0.711994
0.745665 1.22668 0.667767 1.0825 1.22778 0.713284
0.661585 1.22705 0.691545 1.1296 1.18733 0.711334
0.679165 1.20049 0.714633 1.14115 1.16821 0.713969
0.687621 1.15923 0.733475 1.13447 1.14159 0.741807
0.695327 1.13043 0.734059 1.13749 1.12085 0.743114
0.716617 1.12801 0.746935 1.13744 1.13211 0.7621
0.743436 1.12957 0.747981 1.13114 1.13529 0.758134
0.809379 1.09595 0.759333 1.09549 1.08975 0.766456
0.875474 1.04841 0.778148 1.04709 1.04856 0.786991
0.985755 0.94929 0.877316 0.957627 0.976815 0.872052
1.03708 0.886177 0.992679 0.91562 0.919485 0.977314
1.0339 0.84768 1.11367 0.910311 0.877282 1.1121
0.985851 0.831494 1.24387 0.97994 0.848544 1.23728
0.952535 0.839715 1.28207 1.00261 0.855613 1.32639
0.950466 0.84702 1.27865 1.01116 0.876707 1.3764
end
gesture a10 hands 2
0.936076 0.746938 1.2997 1.04476 0.734516 1.27014
0.906929 0.744422 1.29896 1.0523 0.73464 1.25661
0.908692 0.743877 1.29922 1.05148 0.738672 1.25105
0.905195 0.753659 1.29843 1.04049 0.74321 1.26006
0.969042 0.744723 1.30277 1.04006 0.731596 1.26018
0.925102 0.752512 1.30707 1.04705 0.74924 1.2507
1.0449 0.766812 1.34096 0.970306 0.74702 1.22472
1.14052 0.791376 1.36005 0.824596 0.756284 1.23814
1.24307 0.833867 1.32011 0.735623 0.818668 1.19343
1.31187 0.925238 1.11951 0.685583 0.954434 1.0461
1.26304 1.00539 0.925879 0.731364 1.04989 0.900921
1.1275 1.12211 0.772849 0.821661 1.11968 0.777914
0.959379 1.21214 0.728552 0.983836 1.22036 0.678321
0.802002 1.2497 0.771606 1.08004 1.28466 0.644831
0.709039 1.31909 0.719532 1.13042 1.2761 0.698213
0.691602 1.32819 0.649828 1.10306 1.2873 0.801199
0.692316 1.31923 0.555929 1.04392 1.32355 0.814852
0.71658 1.30722 0.52556 1.09286 1.32774 0.754655
0.718915 1.30627 0.526034 1.01524 1.27857 0.769366
0.730495 1.30644 0.563276 0.943418 1.21998 0.812684
1.13575 1.05376 0.724916 0.850039 1.119 0.835438
1.20441 0.942569 1.02711 0.777399 0.950392 0.995285
1.20613 0.884325 1.14885 0.765033 0.88408 1.13561
1.16568 0.830108 1.25521 0.821058 0.841879 1.24315
1.05924 0.789228 1.35532 0.898696 0.812281 1.34471
0.984274 0.768756 1.35086 1.01673 0.776929 1.25199
0.895186 0.759843 1.2923 1.04627 0.770613 1.2283
0.887662 0.761637 1.28159 1.02882 0.782762 1.24872
0.897 0.762197 1.30423 1.02306 0.774889 1.25908
end
gesture a10 hands 2
0.969917 0.703114 1.27703 1.04486 0.667321 1.29613
0.975418 0.706743 1.28568 1.04871 0.669325 1.29477
0.981246 0.70391 1.29511 1.04406 0.674783 1.29335
0.991999 0.702143 1.30442 1.0367 0.68488 1.29322
0.996998 0.704157 1.30788 1.03388 0.683287 1.29355
1.03067 0.702431 1.32779 1.02428 0.692746 1.29667
1.15435 0.733299 1.3294 0.866954 0.699338 1.29798
1.2608 0.761707 1.2993 0.77383 0.723385 1.27634
1.38445 0.814467 1.29785 0.690245 0.765521 1.25357
1.44124 0.89825 1.19129 0.617797 0.868793 1.10348
1.41668 0.949224 1.02213 0.659325 0.961092 0.948289
1.30749 1.02566 0.843888 0.765448 1.02254 0.855733
1.0628 1.14077 0.719484 0.970503 1.13456 0.739716
0.955993 1.23058 0.763451 1.08054 1.18915 0.728714
0.835665 1.26458 0.735525 1.13304 1.16173 0.794311
0.804358 1.26222 0.662304 1.11467 1.24311 0.833799
0.754114 1.31515 0.577198 0.989166 1.26607 0.852092
0.722009 1.33449 0.578712 0.954541 1.3131 0.857051
0.627253 1.1863 0.826157 0.928573 1.34594 0.845595
0.693512 1.07089 0.805832 0.960431 1.35206 0.83318
0.580651 1.0172 0.993601 0.946809 1.32838 0.811937
0.525009 1.0263 1.22368 0.957061 1.29757 0.895646
0.620608 1.10981 1.22033 0.938112 0.724736 1.17798
0.932689 0.798627 1.22683 1.03826 0.700106 1.26448
0.99883 0.727897 1.29283 1.04325 0.722024 1.26245
end
gesture a10 hands 2
0.909507 0.864079 1.16177 1.03723 0.876598 1.12652
0.909884 0.858416 1.16582 1.04117 0.875162 1.12566
0.906063 0.849282 1.16093 1.03704 0.864919 1.13413
0.903423 0.841997 1.15733 1.04435 0.853562 1.13002
0.916498 0.827946 1.16173 1.02742 0.840183 1.15004
0.90553 0.836873 1.15141 1.04025 0.845708 1.13586
0.890869 0.846089 1.13993 1.0375 0.843802 1.13384
0.881742 0.849027 1.13283 1.02023 0.847763 1.15179
0.866314 0.859703 1.12732 1.05379 0.844167 1.12626
0.87947 0.873041 1.14042 1.05664 0.835364 1.12581
0.873045 0.874522 1.12795 1.05852 0.841975 1.13153
0.881179 0.873796 1.13459 1.04438 0.843526 1.13313
0.889441 0.86433 1.15189 1.05034 0.850236 1.1259
0.904235 0.861072 1.16919 1.03416 0.845759 1.13814
1.1488 0.882315 1.25449 0.826765 0.859574 1.22938
1.21628 0.915759 1.30071 0.78921 0.921166 1.29712
1.31803 0.988859 1.29974 0.655321 0.965187 1.32513
1.42769 1.0962 1.23844 0.561076 1.05463 1.25662
1.45295 1.1355 1.08627 0.517689 1.10673 1.10069
1.39954 1.17007 0.889813 0.576226 1.13537 0.909557
1.14701 1.24102 0.649054 0.821749 1.19673 0.678266
1.0298 1.26429 0.623926 0.970414 1.24504 0.609506
0.815445 1.32098 0.600627 1.08397 1.30199 0.590925
0.714295 1.33041 0.572458 1.11107 1.41931 0.707191
0.709448 1.31994 0.557548 1.09375 1.40767 0.695502
0.720007 1.36283 0.537559 1.07253 1.33126 0.677434
0.869824 1.28082 0.580471 0.939006 1.25307 0.735584
1.0358 1.19748 0.65644 0.980702 1.20929 0.689866
1.03276 1.11669 0.725293 0.936648 1.10309 0.736339
1.0993 0.952776 0.906474 0.904983 0.985332 0.884062
1.10565 0.89475 1.06159 0.888648 0.926293 1.00279
1.06396 0.868482 1.13655 0.911727 0.888449 1.07653
0.933231 0.84712 1.17325 1.04165 0.85725 1.12172
0.898124 0.855563 1.15782 1.04798 0.845198 1.12418
0.899134 0.846746 1.15863 1.04526 0.85613 1.14203
0.911865 0.850127 1.17245 1.04294 0.865942 1.15047
0.982446 0.844228 1.22208 1.03639 0.858285 1.15463
0.998656 0.84031 1.19452 1.0374 0.85368 1.16062
0.982037 0.836038 1.19558 1.03673 0.847014 1.15246
0.900501 0.835765 1.1709 1.04153 0.841145 1.15483
0.893993 0.838457 1.16871 1.04626 0.845314 1.16241
0.891443 0.836436 1.16563 1.05425 0.841532 1.1538
end
gesture a10 hands 2
0.96585 0.638138 1.33245 1.02653 0.667203 1.30684
0.970131 0.635141 1.3393 1.02744 0.664483 1.29526
0.968233 0.635479 1.33666 1.03088 0.673727 1.30649
0.968952 0.637837 1.34059 1.03007 0.663912 1.29211
0.969241 0.638973 1.33514 1.03463 0.670686 1.30552
0.966484 0.634815 1.34126 1.02495 0.666065 1.31718
0.962455 0.639036 1.33119 1.03274 0.670805 1.30324
0.975375 0.634572 1.34616 1.03675 0.669399 1.29919
0.973911 0.638194 1.33393 1.0374 0.668442 1.30092
0.970125 0.638636 1.31955 1.03677 0.671515 1.27361
1.02587 0.63194 1.2653 0.999119 0.669947 1.25958
1.14883 0.702146 1.1036 0.870606 0.717827 1.14372
1.23188 0.811216 0.994837 0.796433 0.858512 1.02669
1.29838 0.957947 0.926376 0.72394 0.982885 0.964963
1.29885 1.13637 0.817232 0.711715 1.15677 0.850325
1.24781 1.24731 0.785464 0.744622 1.27852 0.784691
1.1789 1.30901 0.742571 0.82247 1.3603 0.762408
0.989205 1.3751 0.751254 0.951062 1.4501 0.708591
0.85588 1.37983 0.762064 1.03435 1.4234 0.711077
0.691998 1.39329 0.811061 1.11435 1.12612 0.903269
0.677719 1.38606 0.822646 1.14683 1.19234 0.890765
0.672995 1.37887 0.813592 1.13182 1.24952 0.834314
0.670311 1.37658 0.82182 1.12037 1.23823 0.824107
0.671048 1.36583 0.805758 1.1179 1.2664 0.800558
0.66887 1.36155 0.808321 1.089 1.25766 0.805977
0.667708 1.35855 0.804936 1.103 1.2635 0.808941
0.738983 1.36353 0.77878 1.0704 1.38832 0.757405
0.828973 1.34363 0.754234 0.981136 1.38513 0.729259
0.925568 1.33257 0.742366 0.898904 1.34519 0.767505
1.05682 1.21572 0.78525 0.775347 1.20937 0.835558
1.18605 1.0541 0.799951 0.740013 1.09435 0.910399
1.21335 0.92999 0.906858 0.729354 0.974217 1.00055
1.2122 0.740569 1.08735 0.791457 0.792679 1.12075
1.1696 0.664978 1.20895 0.858747 0.714963 1.19124
1.09527 0.615506 1.31194 0.938033 0.650164 1.28117
0.978494 0.620885 1.36412 1.00608 0.641863 1.34398
0.971166 0.637378 1.3609 1.01303 0.647552 1.35379
end
gesture a10 hands 2
0.971144 0.601498 1.41896 1.05816 0.594877 1.38489
0.970409 0.600545 1.42125 1.05451 0.595662 1.3858
0.969004 0.606274 1.41833 1.04928 0.59915 1.37883
0.967688 0.606407 1.41649 1.07345 0.609603 1.37784
0.97596 0.605078 1.42755 1.05157 0.598695 1.37597
0.980029 0.606978 1.41757 1.06695 0.602935 1.36883
1.0196 0.592966 1.41219 1.05184 0.601958 1.37865
1.10596 0.585619 1.35935 0.965976 0.593117 1.3697
1.28242 0.650114 1.24076 0.778511 0.652777 1.29408
1.36543 0.746395 1.1259 0.66357 0.75919 1.2034
1.40769 0.867598 1.0117 0.59992 0.894732 1.10127
1.37763 1.07204 0.863699 0.594416 1.11569 0.954801
1.29527 1.19801 0.786077 0.650526 1.23602 0.870964
1.20097 1.28529 0.725863 0.744292 1.32164 0.808176
1.01478 1.34284 0.731776 0.919186 1.36506 0.758423
0.868853 1.3452 0.742811 1.00623 1.3611 0.713757
0.748869 1.37723 0.75489 1.10593 1.34839 0.723116
0.676919 1.36362 0.777402 1.17843 1.32013 0.734171
0.659925 1.35137 0.781295 1.1617 1.31235 0.750492
0.662059 1.3439 0.791619 1.1546 1.30728 0.769783
0.658995 1.32854 0.785839 1.13297 1.30495 0.773641
0.656612 1.32049 0.789564 1.13079 1.30191 0.769066
0.669412 1.31264 0.800709 1.12749 1.29687 0.769073
0.670022 1.31685 0.800215 1.13458 1.3033 0.783255
0.663794 1.32425 0.795755 1.133 1.30127 0.780406
0.743919 1.32993 0.781024 1.06664 1.3369 0.723978
0.884973 1.24955 0.796244 0.915341 1.27889 0.742133
1.01893 1.17746 0.893255 0.833964 1.18763 0.829095
1.08231 1.11513 0.794173 0.755105 1.06719 0.883034
1.18736 0.864424 0.923695 0.726992 0.868737 1.03355
1.19198 0.714312 1.05758 0.758569 0.735935 1.14316
1.15462 0.600412 1.19463 0.843753 0.630898 1.24298
1.03942 0.552545 1.3608 0.976349 0.550511 1.37512
0.960876 0.570306 1.4116 1.06835 0.555576 1.39241
0.96237 0.582864 1.4172 1.03172 0.5837 1.38518
end
gesture a10 hands 2
0.967145 0.655721 1.37294 0.997239 0.64346 1.37182
0.969039 0.656654 1.36513 0.995283 0.64926 1.35713
0.969754 0.665684 1.36748 0.998341 0.660377 1.35677
0.969392 0.666692 1.36386 0.999601 0.663938 1.3623
0.976613 0.663369 1.36724 1.00413 0.661815 1.35262
0.975755 0.664303 1.36246 0.994202 0.663628 1.35188
0.992904 0.66186 1.35749 1.02589 0.681821 1.34651
1.05982 0.648643 1.33273 0.987526 0.656615 1.34472
1.22458 0.676394 1.24012 0.81772 0.671817 1.3008
1.33175 0.747984 1.14084 0.690032 0.758666 1.20296
1.39395 0.845812 1.03412 0.604963 0.840505 1.15506
1.40075 1.03923 0.855177 0.578401 1.03485 0.972667
1.34664 1.14745 0.766823 0.609347 1.15198 0.869268
1.23777 1.25676 0.698341 0.678301 1.24537 0.787778
1.08551 1.35221 0.672811 0.854452 1.33436 0.725695
0.866189 1.34361 0.713829 0.951113 1.37645 0.63853
0.761867 1.39375 0.703359 1.04964 1.36993 0.671325
0.659937 1.41431 0.710363 1.16678 1.37426 0.732034
0.65529 1.39746 0.731448 1.1684 1.37758 0.732948
0.654474 1.39866 0.727554 1.11005 1.36476 0.687386
0.657468 1.38979 0.750373 1.10397 1.37198 0.681984
0.668043 1.3625 0.792837 1.09931 1.38745 0.644355
0.706343 1.33148 0.832173 1.10238 1.3964 0.635827
0.754809 1.31874 0.803274 1.16556 1.36218 0.676408
0.798467 1.31434 0.741036 1.01497 1.324 0.730502
0.872105 1.25564 0.735933 0.980651 1.24398 0.77581
1.04241 1.04652 0.810402 0.931299 1.05094 0.892538
1.03542 0.956991 0.87871 0.920208 0.933382 0.957631
1.06421 0.814629 0.991503 0.947922 0.830114 1.04306
1.06365 0.658756 1.22339 0.971433 0.659735 1.22273
1.01717 0.64493 1.3163 1.02555 0.641296 1.30929
0.965253 0.657846 1.37824 1.01276 0.636326 1.34948
0.971008 0.65845 1.37773 0.989543 0.663942 1.38417
0.971349 0.66888 1.37363 1.02489 0.676514 1.36031
0.976498 0.669819 1.37688 1.02654 0.677635 1.35472
end
gesture a10 hands 2
0.868234 0.852146 1.18174 1.04259 0.86411 1.17658
0.877146 0.853558 1.19108 1.04179 0.870318 1.17602
0.883386 0.8544 1.19054 1.04955 0.865741 1.18189
0.874573 0.857965 1.18602 1.03703 0.873073 1.17197
0.884748 0.860848 1.18615 1.05072 0.870865 1.17656
0.880366 0.856979 1.18249 1.04834 0.874473 1.17355
0.874833 0.857202 1.18634 1.04844 0.875976 1.17831
0.8767 0.857522 1.18489 1.04585 0.874109 1.18468
0.874084 0.86027 1.18023 1.04689 0.874597 1.17821
0.883355 0.859074 1.18081 1.04856 0.870539 1.18432
0.891246 0.851552 1.18396 1.03539 0.874156 1.18107
0.94914 0.868033 1.16137 0.983708 0.868702 1.17194
1.03761 0.862186 1.14536 0.923792 0.865679 1.18595
1.2154 0.92505 1.13806 0.757895 0.910742 1.1909
1.30432 0.971768 1.14416 0.681208 0.951342 1.15127
1.35717 1.02972 1.13405 0.617922 1.00085 1.13077
1.36202 1.08395 1.01991 0.620724 1.04253 1.02116
1.28696 1.074 0.928809 0.675731 1.05221 0.917082
1.16244 1.07585 0.819678 0.782511 1.07811 0.808216
0.950415 1.1448 0.756877 0.995961 1.10606 0.724346
0.797163 1.18509 0.739531 1.06624 1.17336 0.697239
0.692027 1.19657 0.744071 1.16867 1.18646 0.696406
0.696762 1.2138 0.725173 1.2084 1.20105 0.682302
0.735276 1.19217 0.715162 1.17686 1.20553 0.684908
0.805963 1.17717 0.714142 1.08143 1.20633 0.68206
0.952969 1.11475 0.743627 0.953861 1.0865 0.76024
1.05146 1.05972 0.810694 0.853414 1.01889 0.860751
1.10783 0.989707 0.912268 0.803811 0.955831 0.987651
1.10354 0.890271 1.08648 0.834385 0.887222 1.14334
1.04892 0.855975 1.19482 0.88511 0.866083 1.22631
0.976193 0.825665 1.23718 0.968635 0.838312 1.26754
0.915598 0.825617 1.26606 0.994561 0.854725 1.2425
0.922501 0.837674 1.23817 1.0182 0.853008 1.22555
end
gesture a10 hands 2
0.928768 0.841048 1.25544 1.00846 0.867369 1.21099
0.912748 0.844598 1.24555 0.994461 0.877791 1.19606
0.914296 0.849121 1.23608 1.00515 0.868342 1.22051
0.909864 0.85343 1.24543 0.997234 0.870417 1.21033
0.909846 0.843756 1.25021 0.995747 0.866033 1.22269
0.917118 0.848862 1.22725 1.0087 0.862398 1.24638
0.968896 0.835506 1.22902 0.966596 0.852563 1.24277
1.04669 0.848151 1.21763 0.900069 0.855638 1.22715
1.18343 0.894805 1.17493 0.778288 0.880589 1.18189
1.25856 0.937122 1.14939 0.707813 0.920628 1.14681
1.29109 0.991903 1.08083 0.667171 0.957867 1.08213
1.26281 1.04208 0.955558 0.678604 1.00811 0.954098
1.17476 1.05865 0.859564 0.762415 1.02891 0.861409
1.04161 1.06676 0.794536 0.873222 1.06323 0.772684
0.864662 1.14896 0.718682 1.06755 1.13134 0.7016
0.702575 1.1613 0.744756 1.05708 1.1343 0.716528
0.675434 1.16697 0.73983 1.18775 1.16 0.713448
0.728468 1.17129 0.741266 1.13589 1.17409 0.703998
0.790178 1.15635 0.739022 1.14203 1.17715 0.706484
0.86758 1.11579 0.76057 1.03429 1.09989 0.751674
0.988802 1.04806 0.840477 0.909541 0.994757 0.888505
1.04728 0.977878 0.93065 0.858557 0.944698 0.99796
1.06633 0.929511 1.03074 0.849117 0.89707 1.09717
1.02241 0.852717 1.18112 0.911844 0.878424 1.20432
0.954057 0.823526 1.24716 0.971773 0.844539 1.30726
0.896093 0.831036 1.26704 1.02398 0.854985 1.29269
0.895717 0.839888 1.27668 1.03078 0.865517 1.29013
0.89544 0.846947 1.25815 1.02504 0.869567 1.26559
end
gesture a10 hands 2
0.945471 0.836502 1.3118 0.972552 0.862126 1.26798
0.941467 0.838362 1.30512 0.970059 0.862893 1.26776
0.93351 0.845646 1.27534 0.977427 0.858276 1.2667
0.946275 0.83127 1.27837 0.964471 0.845159 1.28973
1.00397 0.822205 1.28888 0.92712 0.83349 1.29682
1.14059 0.850306 1.2319 0.81768 0.849635 1.24399
1.21807 0.891504 1.17775 0.751833 0.877203 1.13713
1.26537 0.95357 1.10101 0.724261 0.924906 1.05432
1.23379 1.02616 0.940841 0.754839 1.00555 0.902655
1.14914 1.06235 0.853797 0.834756 1.03955 0.841261
1.01314 1.08856 0.818742 0.940334 1.08293 0.786694
0.777781 1.15108 0.821874 1.09612 1.13626 0.76656
0.721445 1.14799 0.822842 1.1872 1.15133 0.770077
0.71612 1.16428 0.81218 1.18098 1.1404 0.764973
0.728166 1.15011 0.796293 1.17719 1.13592 0.76189
0.74168 1.11533 0.800063 1.11215 1.106 0.76976
0.779545 1.09383 0.798739 1.10065 1.10261 0.775601
0.885359 1.06563 0.807187 0.970409 1.06077 0.811375
0.966476 1.02139 0.838333 0.892911 0.991655 0.877325
1.04126 0.973939 0.916621 0.825252 0.95357 0.96256
1.09084 0.923184 1.02998 0.798206 0.89308 1.11416
1.07505 0.866525 1.11984 0.824021 0.8592 1.21428
1.03059 0.837085 1.17035 0.878358 0.841179 1.26622
0.934934 0.803496 1.24638 0.989648 0.832286 1.30797
0.955536 0.825298 1.28956 0.987436 0.850188 1.30471
0.92238 0.824965 1.26297 0.962453 0.857594 1.31001
0.93014 0.831117 1.25378 0.975533 0.863703 1.24657
end
gesture a10 hands 2
1.03254 0.867196 1.09698 0.901158 0.88454 1.12735
1.01411 0.862381 1.12967 0.906304 0.881859 1.13339
1.024 0.865111 1.12628 0.907372 0.880709 1.13348
1.00865 0.864205 1.09945 0.901972 0.878013 1.14098
1.00945 0.869243 1.08119 0.897048 0.87851 1.14853
1.00115 0.879213 1.06952 0.898784 0.887017 1.12219
1.00577 0.892074 1.03601 0.894338 0.891872 1.15482
1.01737 0.920456 1.00842 0.896698 0.892499 1.10827
1.0069 0.973389 0.94373 0.889836 0.91785 1.05823
0.974243 1.02731 0.908301 0.899983 0.94057 1.01611
0.978384 1.0709 0.889304 0.936574 0.964984 0.952564
0.861364 1.11728 0.861088 0.994946 1.03714 0.904133
0.778674 1.11771 0.932304 1.05779 1.07691 0.882887
0.749079 1.12746 0.911426 1.12788 1.17851 0.857682
0.74311 1.13115 0.887634 1.17966 1.22156 0.860842
0.781906 1.16906 0.878338 1.13464 1.15724 0.856418
0.788988 1.13746 0.937584 1.0749 1.12848 0.852156
0.914718 1.0941 0.899474 1.00181 1.07332 0.889685
0.972023 1.03004 0.966841 0.961933 1.01466 0.940162
1.02274 0.987106 1.00107 0.951939 0.964926 0.99777
1.03744 0.945028 1.06568 0.938439 0.944536 1.02972
1.04448 0.918009 1.08904 0.938909 0.921981 1.06193
1.05164 0.908757 1.12323 0.930182 0.902686 1.10717
1.05075 0.873637 1.17244 0.920169 0.892303 1.11819
1.04919 0.862903 1.19727 0.914641 0.886179 1.13093
1.03948 0.857109 1.20122 0.911049 0.883145 1.13101
1.02274 0.853136 1.19489 0.92435 0.889095 1.20091
1.01649 0.854972 1.21594 0.931497 0.888276 1.12838
1.01165 0.855079 1.17823 0.907452 0.876674 1.12694
1.01253 0.852193 1.16632 0.890465 0.900449 1.11021
end
gesture a10 hands 2
1.01981 0.839065 1.16807 0.879329 0.861428 1.13115
1.02248 0.838752 1.1683 0.875266 0.872373 1.13486
1.0202 0.83986 1.15737 0.888438 0.861768 1.13955
1.02062 0.834704 1.16656 0.884395 0.858841 1.14
1.01779 0.836297 1.16803 0.863435 0.877482 1.14345
1.02206 0.839718 1.15506 0.869907 0.869073 1.13322
1.0148 0.854048 1.14174 0.87614 0.883515 1.11059
1.03605 0.897189 1.04709 0.875114 0.889539 1.07461
0.994659 1.0254 0.900144 0.929249 0.94271 0.960364
0.951448 1.10767 0.838854 0.98367 1.01524 0.866443
0.738244 1.15124 0.863791 1.05822 1.07241 0.816094
0.735851 1.1666 0.846319 1.13231 1.14428 0.811831
0.732942 1.18093 0.858263 1.11458 1.14503 0.815505
0.734128 1.10958 0.868908 1.12563 1.17999 0.815025
0.820435 1.08469 0.88288 1.06721 1.04856 0.907886
0.893624 0.99313 0.94225 0.972581 0.963438 0.985558
1.00232 0.873743 1.08416 0.914325 0.874926 1.1672
1.05376 0.849299 1.18931 0.843887 0.851426 1.22722
1.06143 0.832207 1.24821 0.822052 0.844872 1.2935
1.06797 0.821422 1.2869 0.838972 0.84358 1.30672
1.05128 0.825019 1.28161 0.841976 0.853949 1.28535
end
gesture a10 hands 2
1.03515 0.818524 1.18762 0.841019 0.856912 1.25429
1.06255 0.819746 1.19016 0.841966 0.829814 1.1914
1.0372 0.810484 1.1819 0.844693 0.833906 1.17378
1.04986 0.865355 1.06113 0.835521 0.851313 1.12652
1.03947 0.94298 0.967567 0.859272 0.899683 1.06799
1.00374 1.01111 0.902334 0.893032 0.933571 0.962219
0.949955 1.08221 0.858387 0.922144 0.976099 0.904587
0.819926 1.13076 0.878289 1.04305 1.08768 0.853203
0.729696 1.12388 0.914683 1.08371 1.11349 0.852855
0.736668 1.11645 0.928845 1.10137 1.15166 0.845588
0.746037 1.0895 0.926696 1.11254 1.14174 0.86726
0.735033 1.08204 0.945135 1.10968 1.10813 0.912772
0.794913 1.05953 0.917997 1.07391 1.05558 0.898346
0.909162 0.937447 0.988505 0.965827 0.921415 1.01518
1.00339 0.860486 1.0741 0.902543 0.862129 1.11491
1.06288 0.830177 1.17599 0.862233 0.845853 1.1733
1.08167 0.817598 1.28502 0.829863 0.833399 1.27448
1.08281 0.814418 1.30435 0.837869 0.841558 1.29237
1.07111 0.808121 1.30018 0.83329 0.818326 1.24186
1.04914 0.801511 1.24793 0.865968 0.816926 1.22035
end
gesture a10 hands 2
0.845416 0.776143 1.21542 1.15427 0.730187 1.25854
0.83998 0.773426 1.1949 1.14695 0.731688 1.25819
0.834625 0.779966 1.19366 1.14902 0.728257 1.24665
0.838468 0.776867 1.19027 1.12794 0.742038 1.28352
0.834105 0.776515 1.19521 1.12252 0.728341 1.26703
0.84013 0.776743 1.19274 1.14439 0.731811 1.25722
0.847267 0.770659 1.22108 1.10185 0.728531 1.2614
0.880108 0.763949 1.26143 1.05936 0.736607 1.26645
0.910399 0.766734 1.25396 1.03406 0.742275 1.24405
0.950839 0.765077 1.26627 0.997507 0.751915 1.25755
1.01347 0.783928 1.27281 0.930417 0.766702 1.23594
1.06195 0.799009 1.26571 0.86326 0.801312 1.23225
1.10518 0.814134 1.28603 0.81207 0.836093 1.19157
1.17887 0.861597 1.28023 0.7428 0.891762 1.18819
1.21001 0.901415 1.24153 0.710444 0.951569 1.11364
1.22259 0.938813 1.14293 0.725337 0.996677 1.03621
1.12265 1.00364 0.901253 0.830611 1.09164 0.861434
1.00231 1.08621 0.781789 0.957568 1.13378 0.789899
0.870194 1.15298 0.708191 1.08673 1.16451 0.728556
0.677409 1.23896 0.7363 1.24131 1.14398 0.772601
0.645533 1.24025 0.689177 1.27286 1.16648 0.771484
0.656392 1.20421 0.688202 1.27351 1.13178 0.77538
0.752107 1.14679 0.705351 1.20553 1.11898 0.768729
0.845548 1.13763 0.716545 1.1189 1.10941 0.763657
0.966484 1.12559 0.781784 1.0222 1.11085 0.808892
1.13255 1.06891 0.924678 0.832968 1.10988 0.889868
1.22019 1.05701 1.04783 0.737686 1.12137 0.972354
1.27928 1.05965 1.17755 0.665609 1.12203 1.05469
1.28698 1.06277 1.2894 0.60993 1.12833 1.13668
1.28766 1.05019 1.27106 0.616653 1.12323 1.10833
1.27754 1.02463 1.18541 0.6593 1.12206 1.01911
1.19203 1.02292 0.957347 0.817301 1.11939 0.84948
1.06534 1.05723 0.820454 0.974282 1.11778 0.780954
0.923141 1.1066 0.730618 1.13701 1.13661 0.779767
0.733605 1.17209 0.708296 1.2795 1.15888 0.782597
0.699935 1.20731 0.692262 1.29939 1.15097 0.775021
0.690639 1.19463 0.691805 1.26891 1.14416 0.769862
0.832211 1.1815 0.725976 1.1354 1.1424 0.750701
0.934089 1.15486 0.745539 1.0208 1.14528 0.776944
1.03567 1.12002 0.811776 0.900398 1.13592 0.829567
1.17003 1.07761 0.940474 0.778762 1.11974 0.92904
1.21503 1.05829 1.03946 0.717113 1.09769 1.0127
1.2288 1.02317 1.11391 0.686051 1.06221 1.09715
1.19445 0.945687 1.1887 0.714102 0.963086 1.19686
1.13671 0.891306 1.20598 0.772855 0.883511 1.24103
1.05914 0.839261 1.2049 0.846618 0.819745 1.24555
0.924905 0.789877 1.19772 0.996473 0.760137 1.25037
0.844191 0.775688 1.19476 1.09122 0.745504 1.24954
0.832233 0.791104 1.1945 1.10448 0.743271 1.24142
end
gesture a10 hands 2
0.922836 0.759243 1.24127 1.03083 0.765308 1.18618
0.894092 0.771319 1.27072 1.04354 0.758835 1.19578
0.893756 0.773656 1.26106 1.04127 0.75675 1.19567
0.898786 0.772347 1.26615 1.04634 0.751682 1.1893
0.895379 0.774625 1.26163 1.06893 0.753102 1.21216
0.895557 0.778733 1.26705 1.05841 0.751595 1.21447
0.899501 0.765121 1.2423 1.0514 0.753759 1.26194
0.938987 0.762696 1.26398 0.997342 0.745703 1.27104
1.00876 0.777948 1.28178 0.937629 0.760175 1.23088
1.08596 0.798826 1.25611 0.854261 0.792487 1.21837
1.21529 0.870761 1.168 0.713631 0.88753 1.17276
1.27236 0.947881 1.05966 0.655435 0.98961 1.05252
1.25281 1.03943 0.913945 0.671179 1.08649 0.947751
1.09631 1.17798 0.718127 0.801665 1.18631 0.799834
1.00908 1.21989 0.695349 0.949714 1.2316 0.747511
0.783622 1.25685 0.707502 1.10079 1.21759 0.675313
0.651533 1.28622 0.635309 1.21672 1.2799 0.687872
0.646817 1.25733 0.638011 1.21118 1.27069 0.699474
0.699545 1.23635 0.673165 1.18499 1.1702 0.709805
0.876706 1.18824 0.702173 1.02682 1.16397 0.7762
1.05903 1.18484 0.754411 0.880216 1.18234 0.818787
1.14703 1.16986 0.812395 0.779691 1.18497 0.868254
1.23273 1.15145 0.893175 0.714623 1.19772 0.923527
1.23449 1.15061 0.894506 0.715249 1.20511 0.917536
1.17594 1.16076 0.838351 0.773247 1.2015 0.869375
1.01282 1.18135 0.749474 0.945054 1.20452 0.776227
0.889545 1.20224 0.681936 1.10575 1.16804 0.772057
0.765715 1.22755 0.69977 1.18192 1.16904 0.803715
0.724134 1.22335 0.685346 1.25596 1.21327 0.824703
0.744588 1.20925 0.700634 1.23111 1.19301 0.781974
0.83584 1.20065 0.725681 1.1835 1.18156 0.765576
0.977534 1.17519 0.770649 1.04518 1.17628 0.7603
1.08068 1.12651 0.822825 0.932033 1.15995 0.828212
1.17349 1.08403 0.911901 0.852473 1.14556 0.870032
1.24958 1.02047 1.07925 0.752201 1.06965 0.993603
1.25697 0.96884 1.1762 0.728565 0.998358 1.08412
1.23272 0.92199 1.24436 0.744857 0.920904 1.1779
1.13967 0.839595 1.32654 0.836203 0.819937 1.28289
1.10143 0.82105 1.3332 0.889822 0.793394 1.30967
0.971867 0.764807 1.31718 1.05826 0.744417 1.35094
0.903335 0.776895 1.27605 1.09854 0.767684 1.29499
0.908529 0.765059 1.26884 1.07796 0.755536 1.28878
0.920756 0.765661 1.28381 1.03957 0.753225 1.26779
0.944097 0.771559 1.29507 0.968981 0.790244 1.20558
0.918572 0.772071 1.28611 0.945746 0.79404 1.21156
0.905569 0.762845 1.25012 0.972208 0.784449 1.18858
0.909477 0.768157 1.2545 1.00495 0.780155 1.20238
0.901002 0.766052 1.26408 1.04474 0.770128 1.21187
0.93201 0.756719 1.27231 1.09247 0.742816 1.26331
end
gesture a10 hands 2
0.858417 0.65997 1.36234 1.15337 0.636074 1.34104
0.843859 0.658855 1.36522 1.14566 0.629784 1.35254
0.853303 0.659522 1.35351 1.13555 0.628703 1.3674
0.904433 0.650608 1.40732 1.05 0.625751 1.37843
0.977504 0.66965 1.40591 0.954908 0.660835 1.37527
1.076 0.69673 1.3954 0.850037 0.701654 1.34504
1.21282 0.785364 1.30539 0.716389 0.845257 1.2472
1.24715 0.85479 1.19226 0.677685 0.947786 1.15574
1.21941 0.931125 1.06227 0.713361 1.03576 1.038
1.0857 1.04307 0.879417 0.858982 1.11052 0.892461
0.954596 1.10834 0.811173 0.998272 1.14962 0.843773
0.848638 1.10964 0.78909 1.05642 1.13438 0.778283
0.650993 1.18445 0.76033 1.05547 1.1292 0.752443
0.632052 1.14929 0.751535 1.05619 1.13946 0.772417
0.610285 1.11349 0.791145 1.0602 1.13648 0.766974
0.86526 1.09315 0.797922 1.08555 1.06673 0.822525
1.02382 1.0747 0.864771 0.952412 1.06709 0.886171
1.11756 1.07936 0.92687 0.848794 1.09582 0.928081
1.15372 1.08273 0.95499 0.802161 1.10404 0.963975
1.10011 1.08796 0.9078 0.86068 1.10896 0.915907
0.986077 1.09945 0.85285 0.983896 1.10797 0.866283
0.791651 1.11005 0.851088 1.10831 1.09005 0.79737
0.700119 1.14701 0.844249 1.14703 1.09288 0.788951
0.687779 1.12779 0.791967 1.30323 1.05609 0.841354
0.730067 1.0839 0.812504 1.24042 1.03042 0.866424
0.833598 1.04835 0.823978 1.12969 1.00986 0.876581
1.0426 1.02738 0.910599 0.916295 1.00763 0.950949
1.15144 0.989367 1.01 0.812329 1.01931 1.02306
1.22127 0.980683 1.10157 0.728228 1.03147 1.10482
1.27075 0.991711 1.16744 0.681554 1.06287 1.13689
1.25547 1.00209 1.11274 0.708879 1.05792 1.09104
1.19304 1.00954 1.02088 0.787535 1.05655 0.993047
1.02441 1.04581 0.87224 0.991067 1.07634 0.88191
0.888043 1.08869 0.815905 1.12863 1.07726 0.826152
0.748528 1.14297 0.824382 1.25051 1.06144 0.850693
0.696838 1.13341 0.796622 1.33616 1.09441 0.830699
0.701824 1.11929 0.792181 1.29952 1.07892 0.861353
0.77735 1.09261 0.79587 1.24148 1.05451 0.861062
0.957072 1.06555 0.85842 1.04904 1.04449 0.870108
1.07185 1.04415 0.942665 0.915694 1.04229 0.923777
1.17195 0.995535 1.05454 0.806775 1.03493 1.01244
1.25692 0.954279 1.21689 0.707108 0.993616 1.16183
1.26454 0.921193 1.31423 0.687227 0.947645 1.27945
1.24558 0.879015 1.37236 0.711629 0.887488 1.34343
1.16709 0.797078 1.42026 0.807026 0.771297 1.43789
1.08773 0.739657 1.42829 0.912863 0.690743 1.45274
0.980968 0.686131 1.41993 1.03044 0.632549 1.43283
end
gesture a10 hands 2
0.810277 0.611215 1.29357 1.16238 0.622503 1.25278
0.809448 0.610868 1.29967 1.15707 0.619262 1.26769
0.810084 0.609071 1.29726 1.16207 0.620682 1.25826
0.805733 0.606144 1.2903 1.15855 0.628128 1.24862
0.836057 0.635168 1.32948 1.14537 0.61995 1.2734
0.979149 0.651378 1.34495 1.0299 0.629989 1.30329
1.10052 0.701289 1.37455 0.949789 0.664013 1.30671
1.20153 0.769537 1.40902 0.855772 0.710674 1.32684
1.29184 0.879923 1.44112 0.721142 0.834815 1.26051
1.34469 0.947555 1.38575 0.654072 0.898403 1.24061
1.36736 1.0248 1.30329 0.615786 0.963986 1.21204
1.3651 1.10604 1.08218 0.588001 1.10003 1.07141
1.28279 1.18176 0.911559 0.6214 1.18093 0.964804
1.13392 1.24492 0.775335 0.741113 1.23093 0.831922
0.817991 1.25488 0.655369 0.972729 1.26137 0.733282
0.651588 1.24614 0.688984 1.11579 1.25807 0.680097
0.526095 1.26342 0.681325 1.28217 1.26092 0.728089
0.526022 1.28359 0.690302 1.23288 1.25248 0.747942
0.54036 1.29598 0.705232 1.21505 1.29525 0.719007
0.674325 1.29132 0.672536 1.16722 1.31501 0.738176
0.83654 1.27248 0.681929 1.05917 1.32653 0.739762
0.939606 1.2214 0.721317 0.952239 1.26433 0.785935
1.03491 1.15421 0.782724 0.846255 1.19959 0.841737
1.14649 1.03188 0.89734 0.73655 1.08306 0.954021
1.16339 0.937256 1.00138 0.714192 0.974583 1.06659
1.15173 0.848982 1.09236 0.751078 0.84905 1.17108
1.06273 0.718832 1.22856 0.870081 0.716721 1.30568
0.972715 0.659609 1.2967 0.974105 0.659539 1.34464
end
gesture a10 hands 2
0.874811 0.668704 1.32251 1.0739 0.654695 1.29871
0.85348 0.67139 1.30324 1.11992 0.681738 1.19758
0.851201 0.673631 1.29686 1.14079 0.659337 1.24095
0.860541 0.676028 1.2811 1.13127 0.663015 1.26476
0.857218 0.679971 1.24966 1.07327 0.66432 1.25917
0.854994 0.672584 1.24186 1.08101 0.654823 1.23263
0.850625 0.666943 1.21393 1.09741 0.656203 1.21312
0.843922 0.675537 1.20208 1.13531 0.662225 1.20456
0.844873 0.662697 1.20447 1.13334 0.663429 1.15249
0.837197 0.665783 1.21214 1.1376 0.661367 1.14572
0.855503 0.665301 1.21374 1.11971 0.656277 1.16224
0.857719 0.67608 1.26046 1.13736 0.673769 1.20953
0.967927 0.698645 1.2477 1.02943 0.676826 1.23037
1.06782 0.721304 1.2838 0.935011 0.707893 1.23958
1.20141 0.779104 1.28027 0.803783 0.764792 1.28351
1.33841 0.947947 1.27393 0.647247 0.947208 1.24249
1.37755 1.08727 1.24511 0.58932 1.06524 1.20353
1.38703 1.16243 1.16707 0.56011 1.21234 1.13807
1.35139 1.25938 0.992624 0.604751 1.33569 0.988639
1.26677 1.31299 0.84997 0.674156 1.36525 0.859763
1.12441 1.36204 0.748607 0.795043 1.38656 0.748397
0.808815 1.37221 0.66954 1.03562 1.38678 0.658033
0.698897 1.35435 0.658276 1.2093 1.4009 0.613817
0.574455 1.34635 0.652325 1.34874 1.30154 0.738078
0.541936 1.32902 0.648077 1.24024 1.29195 0.721348
0.637824 1.31354 0.624364 1.21227 1.3242 0.689687
0.756851 1.34728 0.630857 1.13497 1.32767 0.658363
0.87025 1.35423 0.667133 1.01369 1.32202 0.67372
0.97339 1.33448 0.691729 0.936044 1.32489 0.733817
1.05855 1.30203 0.745818 0.837621 1.30916 0.755941
1.18026 1.23506 0.817759 0.702862 1.25473 0.862234
1.23117 1.15004 0.869267 0.651712 1.16835 0.94655
1.24566 1.05816 0.941099 0.649576 1.06409 1.04361
1.19817 0.909012 1.06095 0.717214 0.915562 1.14098
1.13267 0.809696 1.13218 0.8036 0.80887 1.18567
1.04961 0.738116 1.19749 0.896017 0.734052 1.23299
0.877423 0.675681 1.26006 1.04097 0.661073 1.2532
end
gesture a10 hands 2
0.855587 0.686125 1.27585 1.1202 0.691199 1.20785
0.870623 0.681854 1.26388 1.11184 0.693614 1.19449
0.864316 0.693224 1.25658 1.12786 0.692957 1.20993
0.865996 0.690607 1.26013 1.10173 0.691903 1.22309
0.868641 0.683252 1.25144 1.09912 0.686927 1.20935
0.866619 0.66923 1.26468 1.1161 0.696028 1.22794
0.867868 0.67307 1.25937 1.13294 0.682207 1.2096
0.859695 0.667769 1.24614 1.09687 0.677991 1.17492
0.861587 0.673923 1.28431 1.1386 0.689801 1.2028
0.888402 0.682484 1.24819 1.11165 0.686821 1.1651
0.931288 0.698359 1.25052 1.07838 0.696527 1.21675
1.01582 0.7377 1.23083 1.0129 0.712762 1.24555
1.08565 0.769224 1.25724 0.940046 0.741804 1.26622
1.16353 0.826243 1.2679 0.86106 0.788436 1.25919
1.2837 0.932007 1.23743 0.653468 0.953626 1.26143
1.36001 1.03816 1.18891 0.6329 1.01779 1.19664
1.38889 1.14741 1.11893 0.578211 1.13799 1.11942
1.34337 1.30951 0.929381 0.585627 1.29899 0.964032
1.23074 1.37907 0.793873 0.673414 1.36582 0.826229
1.06619 1.40736 0.710031 0.791433 1.40564 0.737077
0.775987 1.388 0.658936 1.03417 1.41225 0.631933
0.652442 1.39353 0.676518 1.19566 1.39803 0.615137
0.527696 1.39304 0.654823 1.27703 1.29669 0.722891
0.572919 1.37584 0.652199 1.20955 1.34378 0.706437
0.676228 1.35906 0.648793 1.17863 1.37679 0.617826
0.762312 1.36454 0.640002 1.09296 1.36639 0.613342
0.909755 1.33057 0.652808 0.965011 1.36382 0.697289
1.00413 1.31105 0.691298 0.873805 1.34415 0.735786
1.08558 1.26509 0.732973 0.785895 1.32011 0.778356
1.18049 1.19601 0.818025 0.671354 1.22443 0.891733
1.22056 1.15885 0.85022 0.652489 1.14332 0.957978
1.26132 1.09012 0.907556 0.671548 1.04231 1.03579
1.1933 0.927204 0.993331 0.744962 0.908867 1.10919
1.14349 0.8359 1.07196 0.828473 0.825237 1.15462
1.08147 0.779219 1.13491 0.915083 0.773337 1.19534
0.959273 0.699529 1.20897 1.05617 0.703278 1.23194
0.87553 0.684953 1.26504 1.12233 0.695333 1.2261
0.853064 0.712567 1.24427 1.10528 0.715119 1.19337
0.869849 0.692897 1.25807 1.11687 0.711126 1.20641
end
gesture a10 hands 2
0.884437 0.709597 1.26866 1.06563 0.718812 1.20293
0.920978 0.73709 1.33357 1.07397 0.722588 1.19111
0.886082 0.731051 1.21191 1.09073 0.734007 1.18456
0.870464 0.725322 1.24377 1.08427 0.727266 1.20306
0.901958 0.716502 1.29492 1.09724 0.73023 1.17635
0.880022 0.73242 1.24934 1.0813 0.729655 1.22258
0.892072 0.723865 1.26189 1.09364 0.721002 1.20124
0.885816 0.722294 1.23781 1.0913 0.733209 1.17323
0.886208 0.730937 1.21828 1.0503 0.705358 1.2088
0.889293 0.739914 1.21567 1.02104 0.71481 1.15909
0.9671 0.736636 1.18543 0.925806 0.77435 1.09862
1.07615 0.759897 1.17155 0.819636 0.817021 1.10259
1.2579 0.856757 1.16204 0.64871 0.922127 1.13926
1.35555 0.955329 1.12096 0.596135 1.01619 1.18697
1.4751 1.09463 1.10477 0.514158 1.14618 1.16312
1.51838 1.17986 1.18832 0.480558 1.23976 1.18869
1.5541 1.24853 1.10485 0.444492 1.29031 1.1567
1.52231 1.261 0.979542 0.456328 1.36519 1.07811
1.50493 1.3402 0.844972 0.485712 1.38191 0.988446
1.39293 1.41849 0.692805 0.593897 1.40571 0.816663
1.23775 1.41225 0.615848 0.695238 1.42271 0.71452
1.0443 1.48238 0.572805 0.834621 1.44317 0.640357
0.794558 1.4492 0.567428 1.05593 1.44251 0.602783
0.676363 1.46839 0.575816 1.18351 1.40446 0.627966
0.625731 1.47325 0.573962 1.22608 1.38079 0.630559
0.629361 1.43661 0.589314 1.22805 1.36545 0.635232
0.646305 1.40822 0.620024 1.21947 1.34356 0.627363
0.668977 1.32272 0.650678 1.25882 1.31836 0.65712
0.729498 1.09945 0.711029 1.24047 1.12839 0.664129
0.771957 0.943472 0.790104 1.16403 0.94915 0.802221
0.822247 0.768477 0.963878 1.12308 0.800234 0.928216
0.881778 0.699072 1.18456 1.09914 0.701465 1.13361
0.885345 0.721977 1.29173 1.04206 0.677592 1.27916
0.897257 0.72061 1.3071 1.06298 0.690032 1.31159
0.892133 0.737122 1.28613 1.04817 0.705301 1.33226
0.885063 0.748372 1.25676 1.04794 0.709309 1.30358
0.893019 0.749417 1.22993 1.07794 0.736614 1.21611
0.891611 0.747266 1.2059 1.07773 0.73055 1.19512
0.887379 0.748031 1.18782 1.08238 0.736152 1.15711
0.887153 0.734739 1.18711 1.08312 0.740634 1.14429
end
gesture a10 hands 2
0.877798 0.676934 1.25614 1.08503 0.69657 1.15142
0.869487 0.680005 1.24192 1.08895 0.67735 1.22428
0.87047 0.680731 1.24405 1.08128 0.69392 1.14951
0.892241 0.687183 1.2251 1.04247 0.662514 1.21744
0.935865 0.676999 1.23592 1.00989 0.665405 1.22049
0.977367 0.685911 1.2201 0.96876 0.662429 1.22655
1.06424 0.700965 1.21423 0.901961 0.686482 1.20393
1.15583 0.738172 1.16584 0.79444 0.712362 1.19271
1.26018 0.800463 1.1743 0.649537 0.844126 1.21885
1.41937 0.963156 1.16171 0.579451 0.981536 1.24386
1.45633 1.03689 1.21108 0.506806 1.093 1.23509
1.51417 1.09607 1.16649 0.484655 1.14813 1.14135
1.53976 1.23842 1.00754 0.467604 1.28442 1.06088
1.48595 1.3552 0.856751 0.519081 1.36786 0.944104
1.37476 1.43937 0.738906 0.595664 1.43346 0.841053
1.11572 1.51569 0.623196 0.781878 1.51838 0.703419
0.928616 1.54684 0.652425 0.943631 1.53852 0.669882
0.794991 1.4998 0.628091 1.08676 1.52836 0.659563
0.630496 1.49744 0.662343 1.24384 1.42021 0.687368
0.61596 1.4826 0.637873 1.22031 1.39287 0.70975
0.615183 1.43429 0.647984 1.21329 1.36173 0.677376
0.649458 1.31801 0.682028 1.21858 1.34672 0.666906
0.678869 1.17086 0.733426 1.20111 1.23652 0.706944
0.706727 0.997543 0.804909 1.18776 1.04988 0.784964
0.781086 0.762345 0.979464 1.13695 0.820533 0.919275
0.849773 0.67762 1.14896 1.12225 0.714228 1.03324
0.862841 0.647492 1.24036 1.08475 0.676212 1.11687
0.895682 0.669894 1.34709 1.08255 0.632766 1.29048
0.889598 0.67525 1.35086 1.04334 0.625981 1.31184
0.877603 0.682396 1.34638 1.04019 0.633462 1.32967
0.859635 0.66726 1.25715 1.05615 0.64748 1.32829
0.875051 0.660534 1.29089 1.06161 0.651454 1.2805
0.862569 0.686973 1.24429 1.06326 0.663582 1.27491
end
gesture a10 hands 2
0.855381 0.628389 1.26092 1.03624 0.61988 1.22749
0.868664 0.627561 1.27708 1.04968 0.625292 1.27733
0.868625 0.627735 1.27903 1.06869 0.632551 1.26316
0.897557 0.628099 1.28755 1.0458 0.634186 1.24809
0.971099 0.627805 1.28851 0.971274 0.629658 1.27817
1.0845 0.645644 1.27586 0.861115 0.692898 1.2275
1.24341 0.728642 1.29886 0.691002 0.802687 1.23399
1.37427 0.855472 1.2963 0.602641 0.860557 1.26793
1.4652 0.966623 1.2505 0.541469 0.972977 1.2537
1.56527 1.16945 1.0923 0.463358 1.13971 1.14697
1.53111 1.29417 0.98232 0.462644 1.24776 1.09679
1.45842 1.4067 0.871852 0.512096 1.37821 0.95458
1.24794 1.46345 0.700902 0.650396 1.4415 0.833317
1.08949 1.53115 0.703406 0.774879 1.49889 0.748241
0.960696 1.53375 0.650717 0.941373 1.49441 0.738363
0.740813 1.45532 0.645623 1.12127 1.48598 0.696358
0.605681 1.43234 0.679625 1.24207 1.39068 0.700643
0.611724 1.4007 0.678373 1.22801 1.35555 0.674066
0.612969 1.34705 0.689411 1.22846 1.32296 0.658531
0.644751 1.27105 0.692536 1.21329 1.30351 0.691077
0.705393 1.07868 0.747468 1.1774 1.14743 0.718532
0.749493 0.889887 0.81239 1.12732 0.946795 0.787563
0.803515 0.712289 0.911486 1.09644 0.814668 0.883852
0.869662 0.621426 1.22997 1.08709 0.655724 1.07582
0.859799 0.616552 1.28923 1.08369 0.599942 1.25813
0.885774 0.612779 1.37994 1.05091 0.586248 1.32927
0.862496 0.634337 1.37313 1.06783 0.608981 1.40202
0.869113 0.646923 1.35114 1.0754 0.607298 1.38057
0.885855 0.643831 1.36506 1.07826 0.604082 1.33952
end
gesture a10 hands 2
0.855494 0.761552 1.25588 1.09971 0.753075 1.2169
0.854241 0.76984 1.24944 1.09874 0.751232 1.22652
0.83804 0.766324 1.23324 1.10301 0.754522 1.21778
0.842512 0.759469 1.24656 1.10096 0.745787 1.22357
0.842274 0.770613 1.23692 1.09902 0.749682 1.22662
0.851022 0.773831 1.24137 1.10019 0.75267 1.22043
0.90628 0.777154 1.26824 1.06993 0.755855 1.25776
1.03736 0.81768 1.29116 0.954232 0.783591 1.25966
1.11421 0.871578 1.28324 0.864853 0.824975 1.28079
1.20163 0.948732 1.25963 0.779425 0.888184 1.26939
1.28538 1.02823 1.1901 0.669788 0.993926 1.21207
1.30373 1.06599 1.10399 0.636809 1.07687 1.09294
1.28088 1.11975 0.979521 0.664074 1.1417 0.974014
1.13335 1.15808 0.777485 0.779481 1.19154 0.790848
0.992647 1.19495 0.696487 0.919532 1.22366 0.700487
0.825822 1.19147 0.645381 1.05526 1.22301 0.654366
0.653783 1.22773 0.664845 1.24781 1.22298 0.620823
0.598978 1.18913 0.654308 1.28452 1.25204 0.655973
0.604246 1.17322 0.654852 1.30431 1.24 0.672953
0.692544 1.19245 0.676616 1.16603 1.14675 0.657099
0.752908 1.1618 0.660097 1.05618 1.14385 0.662948
0.950206 1.12768 0.691022 0.937702 1.14326 0.727454
1.12586 1.10507 0.827093 0.784064 1.10882 0.870985
1.19037 1.05817 0.94954 0.733008 1.0658 0.993766
1.213 1.00377 1.07238 0.715202 1.01047 1.10777
1.21115 0.956569 1.19295 0.723478 0.992473 1.19613
1.19418 0.929066 1.23956 0.72502 0.96557 1.23725
1.14442 0.8856 1.28375 0.767328 0.908285 1.27059
1.03592 0.814632 1.25563 0.892693 0.818634 1.27051
0.962347 0.788187 1.24437 0.994208 0.779184 1.24664
0.850776 0.776642 1.23161 1.08044 0.75948 1.26316
0.843548 0.788384 1.25819 1.09715 0.784002 1.25282
end
gesture a10 hands 2
0.820924 0.727715 1.29117 1.11481 0.736402 1.24866
0.821522 0.733263 1.29222 1.10215 0.727622 1.27088
0.822963 0.734638 1.2925 1.12137 0.725237 1.24642
0.86476 0.729609 1.29632 1.10395 0.711533 1.27051
0.901809 0.735646 1.29668 1.06577 0.715464 1.266
1.03487 0.786765 1.30143 0.956872 0.745527 1.27956
1.10741 0.829407 1.327 0.884163 0.79464 1.30626
1.18044 0.884942 1.30391 0.803315 0.852049 1.29974
1.24372 0.961964 1.24863 0.708483 0.940093 1.25335
1.27366 1.00615 1.16984 0.657579 1.02078 1.16843
1.27719 1.06547 1.05678 0.666826 1.08356 1.04328
1.15728 1.14965 0.829951 0.777118 1.1793 0.808416
0.987769 1.23813 0.703277 0.942895 1.25168 0.68087
0.82351 1.23739 0.656315 1.12112 1.2981 0.61843
0.591321 1.26276 0.679556 1.12885 1.29559 0.621956
0.574442 1.27493 0.646077 1.13446 1.29465 0.656886
0.655439 1.26496 0.622014 1.13579 1.29533 0.660329
0.842592 1.18924 0.644738 1.04624 1.22932 0.661861
0.967634 1.20254 0.69658 0.916031 1.19983 0.729394
1.06537 1.19546 0.773906 0.809952 1.1653 0.812016
1.17913 1.1063 0.902473 0.723481 1.09331 0.958814
1.2065 1.0227 1.0099 0.702198 1.00677 1.08811
1.1886 0.920988 1.13184 0.746733 0.913623 1.19097
1.08684 0.811398 1.21818 0.86335 0.805804 1.26908
0.990797 0.759037 1.25007 0.955288 0.746755 1.30323
0.898067 0.717723 1.28501 1.04847 0.712351 1.30711
0.817222 0.718524 1.28212 1.11269 0.716035 1.25995
0.83519 0.743244 1.27916 1.12399 0.742455 1.24976
end
gesture a10 hands 2
0.833133 0.754146 1.28061 1.08714 0.755906 1.25756
0.83203 0.751615 1.26377 1.08653 0.753429 1.24829
0.84336 0.742416 1.27391 1.08771 0.742133 1.25118
0.836611 0.735254 1.26865 1.0887 0.740622 1.25807
0.838301 0.736252 1.27959 1.09127 0.735597 1.23544
0.866228 0.739511 1.25738 1.06642 0.719889 1.27677
0.933369 0.750304 1.30618 0.998309 0.738615 1.2596
1.09643 0.81398 1.30083 0.851714 0.796762 1.30538
1.17852 0.869461 1.29603 0.758549 0.851846 1.30087
1.27095 0.965803 1.2155 0.650748 0.977139 1.22317
1.28398 1.03415 1.1185 0.630274 1.06416 1.09625
1.26653 1.13029 0.938576 0.666954 1.15823 0.930339
1.07288 1.25416 0.738915 0.860265 1.26845 0.73004
0.913959 1.29734 0.661057 1.0249 1.32787 0.661532
0.699278 1.28098 0.759676 1.17232 1.30905 0.625926
0.627238 1.31149 0.705245 1.29742 1.31536 0.632645
0.655479 1.28856 0.678139 1.33888 1.30899 0.670626
0.746675 1.26966 0.707788 1.15771 1.24585 0.627546
0.920093 1.19598 0.67627 0.979332 1.19306 0.707434
1.02561 1.19435 0.747083 0.860203 1.16703 0.773859
1.12429 1.1448 0.831755 0.771225 1.12261 0.871471
1.2059 1.06709 0.951932 0.699037 1.04752 1.01989
1.21372 0.991214 1.03674 0.698003 0.988079 1.0979
1.18041 0.932624 1.08742 0.729622 0.911372 1.16505
1.09342 0.80527 1.20274 0.828589 0.817172 1.20505
1.01633 0.761845 1.21197 0.911488 0.764089 1.26082
0.944898 0.731781 1.22561 0.98226 0.724908 1.2755
0.849642 0.729884 1.2323 1.06776 0.719854 1.27566
0.825775 0.722847 1.23421 1.06261 0.727303 1.26058
end
gesture a10 hands 2
0.929228 0.823731 1.22043 0.993907 0.821212 1.21116
0.931113 0.814659 1.23095 1.00039 0.823025 1.19015
0.932222 0.819141 1.2358 1.00295 0.815813 1.21521
0.926319 0.81497 1.24976 0.997159 0.820576 1.19981
0.928274 0.820583 1.21832 1.00041 0.824627 1.19306
0.930043 0.82585 1.22473 0.98924 0.819376 1.22387
0.946423 0.808511 1.24052 0.974862 0.812496 1.22015
1.0813 0.815586 1.21467 0.869689 0.815901 1.19765
1.18894 0.862526 1.15513 0.758966 0.863742 1.13107
1.2621 0.944607 1.06406 0.672713 0.948058 1.03706
1.21886 1.07505 0.876971 0.703832 1.08384 0.873576
1.10318 1.16296 0.780248 0.807948 1.16728 0.787273
0.945609 1.23635 0.737335 0.940351 1.2158 0.737372
0.71025 1.25575 0.776734 1.1197 1.22919 0.779869
0.678654 1.29422 0.748311 1.17865 1.21739 0.756861
0.692517 1.28169 0.750831 1.13886 1.21587 0.75067
0.810083 1.23164 0.754356 1.08964 1.23246 0.756233
0.900639 1.17964 0.775736 0.960415 1.22326 0.785984
1.00975 1.12329 0.80439 0.886303 1.16671 0.828449
1.11484 0.977695 0.935496 0.812688 0.997596 0.949114
1.11325 0.896534 1.04132 0.83244 0.895997 1.06959
1.06409 0.825658 1.14322 0.904444 0.823991 1.18373
0.938235 0.791975 1.24567 1.00663 0.798356 1.28028
0.932917 0.800506 1.28206 0.968768 0.806044 1.29155
0.932722 0.800099 1.27274 1.0031 0.811691 1.30836
0.943171 0.79567 1.27807 0.99362 0.809863 1.28341
0.940067 0.800753 1.2468 0.995109 0.810718 1.27207
end
gesture a10 hands 2
0.907388 0.73149 1.3022 0.99897 0.733745 1.30121
0.956147 0.722391 1.31718 0.956959 0.739441 1.33468
1.115 0.754421 1.31418 0.816144 0.758593 1.28444
1.22335 0.825162 1.2484 0.712979 0.815209 1.27991
1.25936 0.911844 1.14085 0.63796 0.926547 1.10887
1.12414 1.06032 0.913891 0.754173 1.07729 0.887139
0.946804 1.15113 0.837641 0.884587 1.15056 0.828613
0.749527 1.16348 0.84233 0.989049 1.17249 0.803251
0.639524 1.23574 0.831023 1.16907 1.17064 0.807242
0.666179 1.22271 0.824847 1.15341 1.19444 0.836112
0.792538 1.13327 0.835073 1.12838 1.16326 0.850721
0.844186 1.14688 0.875719 0.933954 1.11829 0.855702
1.00169 0.993498 0.926885 0.848313 1.02561 0.935072
1.06414 0.906813 1.01405 0.795182 0.905546 1.0637
1.05821 0.79442 1.17791 0.84333 0.781722 1.20318
0.983652 0.744747 1.26563 0.943468 0.735678 1.30274
0.905417 0.724958 1.377 1.01749 0.732865 1.36523
0.900774 0.728734 1.362 1.01009 0.740689 1.39528
end
gesture a10 hands 2
0.925948 0.787584 1.26313 0.987867 0.800115 1.28558
0.916991 0.789288 1.26965 0.981009 0.796019 1.26941
0.926757 0.788999 1.26655 0.980615 0.795589 1.26184
0.944708 0.788204 1.27417 0.995942 0.79562 1.23925
0.989713 0.771375 1.29273 0.965654 0.781274 1.28696
1.06653 0.776757 1.27308 0.885478 0.77448 1.29522
1.15867 0.798997 1.25306 0.779549 0.799047 1.29681
1.24226 0.900521 1.10262 0.644184 0.900034 1.16927
1.19617 0.982672 0.959209 0.646237 0.995583 0.982741
1.05731 1.09254 0.81339 0.746104 1.1143 0.857324
0.83644 1.21938 0.847889 0.907143 1.18318 0.759317
0.651961 1.25175 0.832146 1.08989 1.18173 0.777561
0.663856 1.26447 0.776714 1.1526 1.26348 0.77705
0.73253 1.22536 0.788457 1.10957 1.18892 0.779899
0.820862 1.15344 0.78748 1.10737 1.20247 0.790492
0.922452 1.05193 0.838822 0.919836 1.09982 0.829334
1.03966 0.887165 1.01231 0.850845 0.870794 1.05194
1.04432 0.804302 1.16506 0.896881 0.792092 1.17665
0.98784 0.773761 1.27886 0.99117 0.776855 1.2965
0.974688 0.791591 1.34633 0.980796 0.785103 1.30899
end
gesture a13 hands 2
1.01051 1.17601 1.05921 0.987381 1.08734 1.0694
1.01873 1.17304 1.06361 0.983286 1.09477 1.09951
1.01539 1.17132 1.06237 0.9839 1.09456 1.10837
1.0176 1.1794 1.05876 0.988415 1.08876 1.08896
1.02154 1.17745 1.08671 0.969745 1.09067 1.08074
1.0249 1.17331 1.089 0.97152 1.08825 1.08693
1.02189 1.17311 1.08925 0.959238 1.09553 1.0625
1.01676 1.1817 1.07507 0.974689 1.09091 1.10686
1.02506 1.17849 1.0714 0.992484 1.08436 1.11228
1.01512 1.17727 1.08448 0.983212 1.08838 1.12678
1.01099 1.17248 1.08784 0.984723 1.08008 1.13272
1.00588 1.16381 1.09301 0.986043 1.0737 1.12475
0.998669 1.15859 1.09654 0.96728 1.06823 1.15013
0.996409 1.15139 1.0857 0.979226 1.06009 1.13343
0.980711 1.13321 1.07703 0.949421 1.04764 1.13201
0.959605 1.1005 1.06192 0.950269 1.00698 1.1116
0.945407 1.05511 1.03635 0.943131 0.95993 1.09674
0.93736 0.989249 1.03449 0.958539 0.901611 1.06996
0.914804 0.897515 1.04132 0.972726 0.773216 1.05919
0.923292 0.87682 1.02873 0.946972 0.716723 1.00984
0.924218 0.846096 1.0274 0.97131 0.686301 1.06826
0.991376 0.584379 1.00275 0.949203 0.735603 1.00306
1.04942 0.477425 0.834805 0.93681 0.630791 0.936745
1.0574 0.43351 0.821347 0.947196 0.585359 1.00606
1.04531 0.341312 0.807479 1.00995 0.619542 0.950735
0.996566 0.329098 0.7391 0.942851 0.844021 0.904247
1.00364 0.45016 1.27662 1.03044 0.807348 1.0537
0.731131 0.474096 1.21357 0.956501 0.909427 0.952654
0.808969 0.389264 1.21237 0.962506 1.02587 0.942647
0.784022 0.441885 1.23553 0.963621 0.995962 0.95483
0.950424 0.907764 1.01943 0.982754 0.800122 1.01886
0.956842 0.981445 1.00345 0.981073 0.866862 1.00392
0.955048 1.04377 0.983838 0.981969 0.928423 0.977727
0.972719 1.12268 0.954577 0.96528 1.00927 0.947249
0.976326 1.16912 0.944586 0.956768 1.0572 0.921323
0.988715 1.19696 0.953349 0.946173 1.09672 0.902498
1.00011 1.20329 0.96083 0.949765 1.11691 0.90641
1.01222 1.1975 0.981019 0.947048 1.11167 0.940746
1.00455 1.18147 1.02192 0.93106 1.09959 0.977778
0.992795 1.16665 1.08505 0.952597 1.077 1.08524
0.987354 1.17781 1.0731 0.968267 1.07106 1.10371
end
gesture a13 hands 2
1.15228 1.13693 1.07902 0.828912 1.07429 1.03379
1.15152 1.13672 1.07654 0.838199 1.08323 1.02218
1.14064 1.1496 1.05012 0.843704 1.09048 1.02212
1.13091 1.15547 1.04852 0.849226 1.0876 1.00662
1.14123 1.13866 1.07447 0.849221 1.08119 1.00413
1.1341 1.14378 1.07285 0.846352 1.08237 1.01236
1.13414 1.14182 1.07328 0.847512 1.08478 1.00882
1.15107 1.13449 1.07077 0.8371 1.08451 1.03377
1.15274 1.14451 1.06108 0.831503 1.08109 1.03901
1.15734 1.14861 1.03762 0.82736 1.08044 1.02943
1.14169 1.13376 1.00181 0.820393 1.0619 0.998588
1.12325 1.1076 0.985346 0.82864 1.03707 1.00395
1.10438 1.08409 0.981629 0.835515 1.00959 0.998842
1.08197 1.04098 0.993391 0.851708 0.97202 0.987948
1.0582 1.00977 0.993492 0.863713 0.932267 0.969412
1.04574 0.95923 0.994551 0.862214 0.884665 0.976414
1.04062 0.878147 1.01539 0.870335 0.805648 0.977722
1.03816 0.857168 1.01131 0.867788 0.774088 0.977289
1.02503 0.759629 1.02294 0.824003 0.669729 0.973141
1.02685 0.744741 1.02113 0.840604 0.501205 1.03562
1.03124 0.818775 0.921261 0.861202 0.694988 0.999725
1.1376 0.628455 0.993499 0.875558 0.762711 1.09491
1.1387 0.722853 0.896496 0.955084 0.652853 0.986588
1.1588 0.715945 0.833443 0.927802 0.53932 1.23482
1.08998 0.88027 0.658787 0.916177 0.74206 1.20418
0.931519 0.524449 1.22864 0.946701 0.60987 1.12894
0.798925 0.475153 1.19258 0.924476 0.844245 1.15069
0.771412 0.736826 1.06466 0.733288 1.19856 0.952259
0.797333 1.17923 1.09412 0.904618 1.28974 0.891049
0.969125 0.950836 1.19844 1.15253 1.27174 0.955614
1.06495 0.678331 1.18406 1.17552 1.21099 1.07693
0.834894 0.522594 1.23701 0.978446 0.895244 1.16601
0.75805 0.42545 1.1931 1.00778 0.905322 1.15649
0.701311 1.12264 1.00022 1.31208 1.05453 1.02044
0.687173 1.13842 1.00934 1.28757 1.04821 1.03699
0.683008 1.15614 0.995345 1.29434 1.07099 1.04196
0.680239 1.16053 1.0138 1.29227 1.08057 1.04812
0.691163 1.15825 0.998007 1.29294 1.07918 1.04937
0.709542 1.15358 1.04108 1.29451 1.06956 1.03885
0.714312 1.145 1.0392 1.29851 1.05618 1.06272
0.72428 1.14924 1.05511 1.28448 1.05263 1.05819
0.728641 1.14425 1.02703 1.23974 1.05668 1.09255
end
gesture a13 hands 2
0.686222 1.07514 1.04885 1.17375 1.00186 1.07777
0.691988 1.07582 1.0527 1.17616 1.01059 1.05536
0.679105 1.06802 1.03566 1.18728 1.012 1.07224
0.662993 1.06426 1.02542 1.18376 1.01119 1.07567
0.668204 1.06182 1.01224 1.18003 1.01297 1.057
0.68551 1.05591 0.985064 1.17887 1.01361 1.02939
0.715247 1.04567 0.952588 1.17585 1.00398 1.02451
0.736388 1.01782 0.967224 1.16403 0.959144 1.02613
0.752687 0.998277 0.948636 1.15908 0.940632 1.02758
0.754887 0.989087 0.946871 1.15711 0.930215 1.02554
0.762283 0.917952 0.957227 1.15193 0.875788 1.03372
0.768175 0.86101 0.967272 1.14686 0.813004 1.04253
0.767252 0.79403 0.98732 1.14985 0.758218 1.03765
0.751407 0.652159 1.01591 1.15389 0.632976 1.08091
0.764175 0.637804 1.02917 1.14937 0.585616 1.08589
0.737182 0.542893 1.05431 1.13917 0.58998 1.08515
0.792067 0.502375 1.06157 1.12522 0.606202 1.08216
0.948185 0.636972 1.24713 1.12841 0.639949 1.07163
0.99002 0.554246 1.21915 1.11608 0.621741 1.07105
1.01862 0.597536 1.15643 1.12841 0.818089 1.01781
1.03114 0.59394 1.0703 1.1385 1.00309 0.974868
1.05408 0.598147 1.00302 1.15422 1.17973 0.960602
1.14763 1.01163 0.890329 1.05402 1.33206 0.954556
1.06453 1.17556 0.933362 1.04741 1.26213 0.760188
1.06871 1.23582 0.934488 1.02008 1.35365 0.703034
1.14022 1.15317 0.973254 1.00585 1.35112 0.914742
1.18363 0.98774 1.00549 0.790546 0.869676 1.00092
1.17686 1.02713 0.99878 0.767726 0.900367 1.02788
1.20535 1.05264 1.00681 0.738618 0.989625 1.01178
1.2192 1.07901 1.00013 0.732972 1.02145 1.02044
1.23226 1.09699 1.00673 0.737154 1.04174 1.02807
1.24687 1.10431 1.03515 0.745648 1.0497 1.05028
1.21729 1.10777 1.05003 0.757608 1.04149 1.09804
1.1884 1.10027 1.07821 0.793011 1.03326 1.13317
1.15222 1.11337 1.09121 0.843506 1.03701 1.08594
1.15294 1.10887 1.09104 0.812284 1.04002 1.13445
1.15225 1.10742 1.08304 0.811056 1.0332 1.09122
1.15749 1.09707 1.08247 0.758914 1.03387 1.06213
1.15392 1.09415 1.04888 0.737964 1.03933 1.05716
1.12741 1.09576 1.04693 0.741852 1.04839 1.00933
1.09359 1.10157 1.06359 0.760293 1.04463 1.02043
1.08967 1.09343 1.08071 0.762375 1.04121 1.05769
1.08906 1.09438 1.05646 0.774884 1.03629 1.05676
1.08121 1.09476 1.07856 0.755589 1.03559 1.0837
1.0741 1.094 1.08954 0.740678 1.03147 1.08548
1.07486 1.09166 1.09592 0.726292 1.02876 1.08242
end
gesture a13 hands 2
0.980105 1.07031 1.08914 0.996403 1.09134 1.08434
0.982628 1.06328 1.08384 1.00185 1.08765 1.08009
0.981948 1.07029 1.07621 0.997478 1.09378 1.07111
0.984822 1.07014 1.07509 0.998435 1.09525 1.0591
0.996428 1.08275 1.08228 0.994546 1.10824 1.06777
1.09054 1.09624 1.00516 0.912826 1.11463 0.980981
1.09898 1.09578 1.0053 0.893182 1.15038 0.969252
1.07805 1.09209 1.00898 0.889646 1.10288 1.0048
1.0743 1.04779 0.958505 0.856781 1.06705 0.954489
1.07347 1.01312 0.978197 0.858065 1.02721 0.976732
1.05748 0.947006 0.946668 0.868941 0.977015 0.925284
1.03144 0.884591 0.930491 0.877126 0.860342 0.930251
1.01909 0.833189 0.920568 0.906779 0.816692 0.885265
1.00307 0.903463 0.900109 0.941621 0.749898 0.855717
0.975606 0.875856 0.884181 0.989584 0.515555 0.884805
0.961978 0.739636 0.88077 0.991511 0.508411 0.908706
0.966185 0.538037 0.944005 1.0044 0.477245 0.948641
0.901899 0.544776 0.916316 0.997172 0.509022 0.950492
0.932439 0.522798 0.922302 1.01503 0.575754 1.07805
0.942549 0.493518 0.931879 0.999276 0.571211 1.04293
0.872925 0.530362 0.943443 0.965265 0.572394 0.967126
0.892087 0.577803 1.04979 0.990644 0.526351 1.01975
0.876746 0.566774 1.11951 0.999188 0.666728 1.18423
0.965748 0.908115 1.06792 0.92023 0.909737 1.10477
0.926493 0.978764 1.12169 0.980849 0.980051 1.13913
0.936283 1.01389 1.15432 0.973716 1.04761 1.15091
0.948356 1.08649 1.144 1.0108 1.12863 1.11424
0.968101 1.12075 1.13591 0.948013 1.13784 1.11307
0.950477 1.14183 1.10259 0.939689 1.16022 1.1021
0.964004 1.14437 1.09391 0.939324 1.16081 1.09421
0.963435 1.1232 1.08155 0.949944 1.13621 1.07373
0.955226 1.10579 1.05788 0.97288 1.12721 1.05849
0.954715 1.10468 1.07614 1.03306 1.13192 1.03415
0.966898 1.10757 1.0876 1.03613 1.14346 1.03598
0.982394 1.11729 1.11365 1.03848 1.15123 1.04017
0.967831 1.10678 1.0957 1.00995 1.11669 1.06854
0.982856 1.11566 1.09762 1.04401 1.14509 1.0394
0.975315 1.11335 1.09164 0.998444 1.12571 1.08394
0.959553 1.11443 1.08465 0.990976 1.12338 1.1026
0.959757 1.11717 1.09401 0.985482 1.1162 1.09788
0.956698 1.11686 1.09309 0.978922 1.12337 1.11791
0.973534 1.10922 1.09817 0.976016 1.12987 1.11316
0.975473 1.10899 1.08343 0.99005 1.12044 1.09853
end
gesture a13 hands 2
1.04443 1.75753 1.02645 0.999936 1.07532 0.987365
1.02881 1.77123 1.02872 0.992305 1.06999 0.997191
1.01977 1.7695 1.02233 0.979809 1.0566 1.00974
1.01904 1.77358 1.02164 0.967433 1.06652 1.01552
1.03368 1.75936 1.00861 0.900573 1.04889 1.01758
1.02451 1.77574 1.02058 0.902044 1.05546 1.01218
1.019 1.77335 1.01628 0.909072 1.06128 1.01494
1.01397 1.77492 1.01197 0.9641 1.08482 1.02737
1.01993 1.77701 0.994472 0.963779 1.09451 1.01737
1.00551 1.78064 0.972853 0.898314 1.07263 0.980942
0.991391 1.77961 0.929715 0.891961 1.06065 0.934596
1.03187 0.980414 0.894294 0.920435 1.08262 0.919998
1.02623 0.947493 0.89763 0.905583 1.05967 0.946202
1.02263 0.912026 0.906472 0.920985 1.06233 0.914831
1.01873 0.883237 0.923327 0.946815 1.01658 0.966988
1.01612 0.855094 0.96279 0.928617 0.970858 1.03146
1.007 0.810234 0.983982 0.993429 0.932862 1.02421
0.996787 0.767161 0.99464 0.962449 0.864531 1.05613
0.99963 0.705988 1.03786 0.973224 0.839342 1.07247
0.989673 0.624792 1.07951 1.00267 0.773741 1.08487
0.969084 0.587259 1.0909 1.02598 0.753889 1.1237
0.960347 0.609911 1.10043 1.04489 0.673154 1.14542
0.97022 0.587498 1.11938 1.02308 0.737974 1.15695
0.972553 0.565066 1.13333 1.01215 0.750388 1.15699
0.917795 0.590766 1.13679 1.00813 0.732373 1.16046
0.897004 0.618699 1.13635 1.01342 0.72942 1.1584
0.908262 0.574635 1.13409 1.0067 0.692794 1.15434
0.899096 0.474516 1.13957 1.00732 0.712319 1.15
0.870662 0.390672 1.14699 0.981644 0.821278 1.12966
0.89818 0.372096 1.10418 0.952423 0.889505 1.11987
0.891319 0.378119 1.14753 0.961824 0.853002 1.12577
0.926336 0.396933 1.13655 0.946047 0.895305 1.12223
0.869873 0.379664 1.14623 0.945111 0.934097 1.12131
0.894293 0.378498 1.13258 0.941026 1.02041 1.05858
0.929226 0.423426 1.1052 1.1012 1.25256 0.561609
0.901908 0.62366 1.07826 1.06947 1.3421 0.592045
0.981444 0.943744 1.00474 0.965296 1.03814 1.06628
0.988105 0.978023 0.993165 0.960411 1.05093 1.08328
1.00142 0.994517 0.981389 0.957979 1.06681 1.07099
1.00719 0.992553 0.973825 0.958472 1.06615 1.06313
1.01331 0.989036 0.970997 0.962509 1.0695 1.05327
1.0152 0.980591 0.981896 0.959435 1.05747 1.06222
1.00546 0.972431 0.977742 0.971612 1.05694 1.05636
0.995983 0.963973 0.974426 0.9636 1.0549 1.06735
end
gesture a13 hands 2
1.01657 1.16142 0.957312 0.999139 1.04801 0.998494
1.01851 1.16541 0.958481 0.978912 1.03939 1.02218
1.02036 1.1613 0.959055 0.979923 1.045 1.0146
1.01681 1.16528 0.971136 0.983163 1.06255 0.999942
1.02028 1.16446 0.976424 0.970876 1.06021 1.04145
1.02027 1.16589 0.974096 0.993265 1.03087 0.997587
1.024 1.16817 0.984913 0.977469 1.0587 1.0376
1.02568 1.169 0.988799 0.980194 1.04931 1.00022
1.02564 1.16404 0.990628 0.980559 1.05376 1.0226
1.03132 1.16052 0.999464 0.995145 0.983655 1.01002
1.03324 1.15389 0.992515 1.01382 0.992219 1.00451
1.02755 1.14535 1.00014 0.941934 1.01988 0.995703
1.03783 1.1311 1.0107 0.978949 1.03629 0.996761
1.04279 1.1224 1.01685 0.982 1.03338 1.03686
1.04951 1.0956 1.01972 0.987404 1.00155 1.05625
1.04084 1.05662 1.02617 0.968592 0.958041 1.06557
1.0421 1.03727 1.03147 0.976205 0.915033 1.05017
1.02424 0.9732 1.04333 0.971473 0.862179 1.06731
1.01721 0.930314 1.07689 0.963571 0.830704 1.08271
1.00224 0.880039 1.09833 0.963 0.796752 1.08265
0.993834 0.828604 1.10537 1.04005 0.773029 1.08639
1.00067 0.840174 1.12687 1.04576 0.780213 1.07774
1.03556 0.82271 1.13641 1.04006 0.769683 1.07829
1.01964 0.791342 1.15497 1.01633 0.769788 1.08249
0.999314 0.763771 1.1419 1.00006 0.757753 1.10826
1.00523 0.737929 1.19921 0.989538 0.760983 1.10225
0.899865 0.710032 1.09887 0.990229 0.764112 1.06307
0.852425 0.753086 1.04618 0.958282 0.849559 1.07427
0.695492 0.809844 1.08565 0.96737 0.924009 1.0489
0.70078 0.753702 1.0751 0.950225 0.952163 1.0307
0.870694 0.531345 1.07299 0.945203 0.952643 1.02997
0.711375 0.601916 1.01988 0.947687 0.954619 1.02709
0.921817 0.548351 1.05344 0.934755 0.984413 1.02358
0.89358 0.571092 1.07822 0.956902 0.968817 1.01585
0.913245 0.630316 1.09765 0.992654 0.973027 0.9982
0.937196 0.646592 1.04207 0.99884 1.06363 0.958519
0.914479 0.695988 1.08569 0.982929 1.0855 0.981293
0.915389 0.736049 1.06766 0.96898 1.08201 1.03917
0.914671 0.858595 1.047 0.977731 1.06677 1.04688
1.0032 1.02439 1.04889 0.975264 0.923763 1.07335
1.00115 1.07401 1.0328 0.980974 0.956753 1.03796
1.01725 1.13049 1.0073 0.96967 1.02019 1.02428
1.02124 1.14517 0.980587 0.968494 1.05233 0.995878
1.02928 1.15116 0.963179 0.948231 1.06549 0.984752
1.03286 1.16681 0.959353 0.965525 1.07893 0.994779
1.04165 1.16879 0.960255 0.925035 1.06401 0.994943
1.03635 1.1684 0.972929 0.921217 1.0669 0.988412
1.04084 1.14774 0.966256 0.92408 1.06594 1.02003
1.02554 1.15281 0.970022 0.920327 1.06414 1.02383
1.02561 1.13526 0.968711 0.941845 1.05036 1.01334
1.00046 1.12934 0.976534 0.944528 1.05199 1.05357
0.99733 1.14587 0.990465 0.963669 1.04312 1.00211
end
gesture a13 hands 2
0.965397 1.14023 0.997522 0.959623 1.0658 1.05791
0.964719 1.13737 1.00212 0.987707 1.05184 1.03978
0.968491 1.1397 0.998446 0.960908 1.03844 1.02934
0.974647 1.1393 1.01191 0.950183 1.03301 1.02723
0.977513 1.12997 1.02399 0.928827 1.05877 1.03626
1.02115 1.11959 1.0075 0.972581 1.09966 1.0076
1.022 1.11909 1.00262 0.919436 1.07955 1.02633
1.02983 1.10425 0.998058 0.933725 1.07502 0.987332
1.0275 1.08901 1.00718 0.9533 1.06338 0.984064
1.03667 1.06443 1.03226 0.946345 1.04653 0.974688
1.03296 1.02257 1.03168 0.943675 0.979259 1.0127
1.02494 0.991578 1.04267 0.910186 0.937824 1.01769
1.01903 0.968659 1.04698 0.934303 0.907952 1.03768
1.01354 0.909493 1.05497 0.91441 0.84185 1.04487
1.03347 0.855549 1.10895 0.920857 0.801246 1.04705
0.997786 0.795908 1.09824 0.926413 0.777651 1.07541
0.992621 0.757214 1.12578 0.927742 0.754492 1.11303
0.989747 0.695214 1.15855 0.941494 0.819061 1.08746
0.925547 0.767385 1.10859 0.940436 0.878697 1.11687
1.00029 0.721847 1.17596 0.981531 0.770416 1.21413
1.00605 0.723788 1.19573 1.06398 0.732805 1.08745
1.01427 0.723644 1.20671 1.06577 0.739905 1.06331
0.994244 0.69876 1.23044 1.02284 0.844743 1.11798
0.871692 0.669788 1.09723 1.03557 0.82258 1.14187
0.814272 0.757413 1.0693 1.03245 0.812461 1.10147
0.885119 0.772836 1.10189 1.06851 0.744219 1.0813
0.853294 0.781411 1.09566 1.05856 0.834132 1.08362
0.840801 0.60692 1.03397 1.00181 1.02985 1.0742
0.836667 0.690398 1.054 0.995728 0.972795 1.07343
1.02172 0.91746 1.12657 0.888353 0.885036 1.18918
0.955783 0.948984 1.05922 0.994429 0.899925 1.06423
0.962052 1.02087 1.02289 1.00453 0.971695 1.0255
0.96547 1.05723 0.982831 0.982699 1.00036 0.984435
0.9821 1.09026 0.957146 0.977417 1.0596 0.917207
0.997759 1.13743 0.908845 0.935633 1.12245 0.925203
1.00269 1.16024 0.902089 0.977758 1.12752 0.898089
1.01651 1.17249 0.883252 0.960755 1.12422 0.922932
1.03226 1.16339 0.889803 0.945853 1.13661 0.929031
1.02491 1.15499 0.898678 0.961948 1.13597 0.936918
1.02879 1.13296 0.934739 0.939027 1.10756 1.0006
1.01613 1.12137 0.955843 0.942025 1.10008 1.01693
0.974928 1.13255 0.967097 0.962612 1.09656 1.01062
0.960895 1.12859 0.990903 0.967659 1.09829 1.01925
0.966287 1.1217 0.995518 0.956785 1.08452 1.03253
end
gesture a13 hands 2
1.02446 1.08518 1.0987 0.904854 1.09541 1.09157
1.02318 1.08104 1.08769 0.902609 1.09946 1.08431
1.02459 1.08403 1.09501 0.905539 1.08851 1.10308
1.02558 1.08301 1.06909 0.896863 1.09068 1.09208
1.02893 1.08509 1.0789 0.911122 1.09949 1.07265
1.01851 1.08987 1.06735 0.907147 1.09684 1.06499
1.0155 1.0893 1.06269 0.924747 1.09553 1.06873
1.02304 1.08662 1.06233 0.925109 1.10153 1.03222
1.00592 1.09024 1.0798 0.941367 1.11439 1.02269
1.02023 1.08687 1.06656 0.943245 1.11038 1.02607
1.00924 1.09219 1.05655 0.932209 1.10969 1.02249
1.01502 1.09441 1.07172 0.947503 1.11439 1.02698
1.01806 1.0968 1.07096 0.925518 1.09899 1.05165
1.01175 1.09859 1.05619 0.919046 1.10013 1.06145
1.00518 1.09002 1.06146 0.929621 1.10962 1.04298
1.00294 1.09836 1.05646 0.913108 1.10517 1.05746
0.998335 1.10821 1.05288 0.923413 1.11599 1.03768
0.99558 1.10424 1.06826 0.921671 1.11381 1.04415
1.00223 1.09756 1.08111 0.921593 1.1092 1.03982
0.979798 1.10256 1.05205 0.928819 1.10159 1.03009
0.973237 1.06814 1.03089 0.939399 1.0635 1.01988
0.969559 1.023 1.01887 0.947772 1.02342 1.00159
0.965042 0.980428 0.982908 0.970739 0.975013 0.961028
0.943282 0.876181 0.971119 1.0061 0.873415 0.948418
0.94534 0.797236 0.965135 1.02047 0.800337 0.943291
0.943057 0.734452 0.968636 1.03046 0.725886 0.940244
0.944462 0.675997 0.961199 1.05461 0.659576 0.946043
0.944821 0.654734 0.970309 1.06649 0.617053 0.952981
0.945604 0.641019 0.980874 1.07555 0.585451 0.980073
0.941197 0.625577 0.999479 1.0746 0.542904 1.01444
0.934154 0.608447 0.996314 1.07582 0.525194 1.01733
0.939668 0.646234 0.99843 1.06529 0.577074 1.00547
0.935752 0.698934 0.989387 1.06335 0.625623 1.00255
0.922459 0.706847 0.979482 1.05816 0.675978 0.977401
0.910299 0.734697 0.977511 1.05942 0.735466 0.97842
0.890895 0.795815 0.959592 1.04685 0.813172 0.989282
0.898516 0.852666 0.962665 1.02715 0.869211 1.04971
0.900484 0.900204 0.967641 1.00445 0.908013 1.03531
0.913177 0.972571 0.971115 0.98414 0.979844 1.03497
0.933255 1.00793 0.999759 0.976481 1.02519 1.12152
0.948244 1.04602 0.999307 0.965997 1.05044 1.09153
0.970067 1.08313 1.04477 0.963285 1.08727 1.0861
0.985936 1.09143 1.06618 0.954275 1.10658 1.07107
1.00976 1.09648 1.08001 0.949392 1.12364 1.06155
1.01426 1.10652 1.07556 0.94761 1.13157 1.05595
1.01438 1.10552 1.07276 0.938994 1.12932 1.05852
1.01923 1.10434 1.07354 0.947378 1.126 1.06243
1.02038 1.10167 1.07577 0.950939 1.12434 1.06196
end
gesture a13 hands 2
1.01445 1.11635 1.07624 0.945355 1.13228 1.07203
1.01883 1.11337 1.08733 0.934922 1.13238 1.08078
1.0155 1.11337 1.09706 0.941383 1.13784 1.07277
1.01833 1.11186 1.09363 0.941261 1.1366 1.07754
1.02545 1.11066 1.09567 0.937154 1.1324 1.07179
1.01512 1.11394 1.08847 0.940613 1.13153 1.0684
1.01211 1.11674 1.07972 0.940055 1.13508 1.0661
1.01924 1.11228 1.08081 0.94073 1.13243 1.06902
1.01241 1.11204 1.06889 0.939665 1.12845 1.0685
1.00799 1.10933 1.07961 0.944035 1.12826 1.06663
1.00862 1.11408 1.07931 0.93785 1.12107 1.07842
1.00534 1.11995 1.07046 0.939803 1.11471 1.06194
1.0051 1.11142 1.04113 0.937928 1.10803 1.05958
1.00058 1.09935 1.019 0.934313 1.10206 1.01428
0.978031 1.07641 0.973406 0.94089 1.06975 0.976008
0.968039 1.04477 0.959838 0.964169 1.04647 0.943591
0.955366 0.981817 0.944147 0.989931 0.987236 0.909457
0.959346 0.939313 0.94412 1.01292 0.932317 0.900645
0.935609 0.873565 0.936083 1.03093 0.869222 0.902259
0.926158 0.772949 0.964155 1.0433 0.766539 0.928003
0.922882 0.712012 0.981976 1.05123 0.709641 0.955124
0.931786 0.674015 1.00253 1.04772 0.661896 0.977993
0.938944 0.647563 1.0231 1.03822 0.602165 1.01858
0.930735 0.649702 1.1137 1.04409 0.571755 1.02749
0.908509 0.672961 1.18745 1.02902 0.510942 1.09786
0.951192 0.658206 1.03132 1.0306 0.561063 1.09949
0.953196 0.709535 1.04263 1.03561 0.592667 1.06652
0.940325 0.643781 1.01793 1.02596 0.640042 1.02258
0.944846 0.6905 1.00712 1.01794 0.712385 0.997607
0.941514 0.748289 0.986841 1.01002 0.757247 0.999663
0.937815 0.798604 0.983036 1.00392 0.809079 1.00226
0.952895 0.866318 0.974476 0.997715 0.879404 1.03989
0.958034 0.908604 0.980575 0.989085 0.924827 1.02785
0.959564 0.952329 0.972904 0.965089 0.963407 1.0434
0.963731 1.00698 1.01925 0.999472 1.06893 1.09749
0.974491 1.03231 1.04031 0.923292 1.05193 1.0809
0.980039 1.05184 1.03061 0.944447 1.07691 1.06802
0.979043 1.08726 1.0354 0.917002 1.10072 1.06471
0.992514 1.09681 1.04455 0.910007 1.11192 1.06894
0.99258 1.10324 1.04892 0.920684 1.12374 1.05341
0.993936 1.10728 1.0487 0.908882 1.13046 1.04754
0.996845 1.11528 1.04148 0.904906 1.13397 1.04722
0.98893 1.12189 1.04153 0.908289 1.13055 1.05692
0.990302 1.12746 1.04266 0.923984 1.13681 1.04159
0.995026 1.12412 1.04147 0.918742 1.14058 1.03547
end
gesture a13 hands 2
0.997027 1.12563 1.08605 0.915994 1.13594 1.08052
1.00388 1.13031 1.09569 0.918705 1.13699 1.08391
1.00028 1.13518 1.08635 0.916848 1.13605 1.07782
0.994836 1.13238 1.0845 0.921118 1.13441 1.08183
0.986786 1.13087 1.09125 0.920139 1.13062 1.08446
0.994953 1.12672 1.08567 0.915787 1.1259 1.0891
1.00268 1.11891 1.07529 0.913726 1.12524 1.06423
1.00946 1.10587 1.00561 0.906542 1.10879 1.02937
1.00836 1.08843 0.977832 0.91089 1.08806 0.997706
0.991095 1.0531 0.952902 0.926119 1.05759 0.960303
0.977756 0.996495 0.937859 0.957589 1.00193 0.926469
0.96365 0.941419 0.939644 0.982795 0.96293 0.900663
0.949913 0.880678 0.931406 1.01063 0.902126 0.902982
0.936575 0.77897 0.949946 1.02665 0.80416 0.924556
0.933589 0.73038 0.967462 1.04677 0.750669 0.938769
0.93322 0.692954 0.998609 1.05777 0.674963 0.969471
0.941849 0.636032 1.02247 1.05298 0.609065 1.0098
0.946535 0.648991 1.03041 1.03503 0.579439 1.05513
0.955719 0.677709 1.03327 1.0339 0.580585 1.02163
0.960672 0.705417 1.02993 1.02922 0.584328 1.03568
0.961044 0.700007 1.02274 1.03819 0.599977 1.03108
0.947165 0.661053 1.02944 1.02271 0.658587 1.03292
0.946954 0.731228 1.01188 1.0125 0.750918 1.01449
0.939988 0.778875 1.00424 1.00473 0.824294 1.0194
0.93548 0.839051 1.02035 1.00817 0.857614 1.05097
0.93105 0.930879 1.04583 0.990945 0.938568 1.073
0.938275 0.975443 1.06041 0.97672 0.991443 1.08391
0.94387 1.01599 1.07392 0.955142 1.04202 1.10645
0.961447 1.06841 1.10813 0.941518 1.09486 1.13261
0.984351 1.08035 1.11753 0.92035 1.11101 1.12248
1.00055 1.09634 1.10754 0.913583 1.11818 1.12249
0.987413 1.1142 1.07583 0.915605 1.12541 1.08248
0.983735 1.1146 1.06888 0.926019 1.13272 1.07097
0.99146 1.11605 1.07344 0.918384 1.13564 1.04951
0.991461 1.12589 1.06726 0.919329 1.13673 1.05523
1.00468 1.12578 1.07991 0.914495 1.13128 1.06704
0.992261 1.12741 1.06539 0.912176 1.13121 1.06595
0.985952 1.12742 1.05852 0.909557 1.13418 1.06994
end
gesture a13 hands 2
0.989681 0.974019 1.07829 0.909243 0.972523 1.07658
0.977378 0.972498 1.04749 0.917458 0.974484 1.0591
0.98122 0.974319 1.05004 0.912892 0.979085 1.04616
0.945983 0.9787 1.02644 0.928178 0.974288 1.034
0.948732 0.96293 1.02979 0.940705 0.964198 1.07633
0.93422 0.961041 1.03774 0.947188 0.969347 1.09816
0.957525 0.922318 1.08319 0.960502 0.935496 1.12588
0.958412 0.901878 1.09681 0.972389 0.898562 1.08354
0.939013 0.877929 1.10516 0.96336 0.872851 1.09509
0.935463 0.869958 1.11085 0.962644 0.870113 1.09441
0.932414 0.870027 1.1248 0.960227 0.848758 1.05771
0.922379 0.880807 1.06645 0.962686 0.873896 1.05578
0.925644 0.888024 1.05358 0.965299 0.881504 1.05746
0.933098 0.892438 1.06148 0.959777 0.888251 1.0604
0.956613 0.958175 1.00639 0.940722 0.942204 0.984375
0.95186 0.976735 0.994605 0.92828 0.966297 0.978223
0.977789 0.981313 1.06838 0.899196 0.975522 1.03447
0.993151 0.971621 1.06467 0.909587 0.968236 1.05847
0.967057 0.959422 1.11309 0.905956 0.968909 1.11177
0.986893 0.969909 1.04931 0.91211 0.972682 1.04715
0.985314 0.971743 1.03659 0.921109 0.972764 1.05016
0.973015 0.96663 1.06268 0.926542 0.970761 1.06455
end
gesture a13 hands 2
1.06288 1.05592 1.18984 0.866417 1.04938 1.14648
1.05798 1.0509 1.16185 0.874734 1.04742 1.1485
1.05257 1.05207 1.15319 0.873908 1.03978 1.14152
1.04302 1.04621 1.10537 0.87324 1.03209 1.17398
1.01692 1.04506 1.0825 0.883949 1.02681 1.11411
0.99061 1.03056 1.05829 0.914588 1.01568 1.10025
0.960605 0.997477 1.04364 0.936271 1.01055 1.03396
0.934139 0.979824 1.03757 0.97135 0.966675 1.05246
0.93292 0.947285 1.0356 0.978199 0.952426 1.00671
0.913056 0.917617 1.06756 1.01291 0.927073 1.03035
0.92783 0.891402 1.03838 1.02435 0.91037 1.0228
0.935071 0.874798 1.03492 1.00961 0.880354 1.03104
0.913924 0.848893 1.03079 1.00004 0.854627 1.01656
0.907052 0.82986 1.02724 0.987286 0.837746 1.02853
0.882689 0.8009 1.01127 0.987747 0.814268 1.00907
0.885552 0.79653 1.01075 0.987935 0.812498 0.989846
0.861123 0.808996 1.02586 0.993176 0.812209 0.997102
0.859125 0.812377 0.995091 1.00265 0.817402 1.00162
0.8759 0.822712 0.979158 0.995268 0.832454 0.965597
0.889799 0.844309 0.971722 1.00491 0.852488 0.970109
0.911938 0.886199 0.966367 1.0126 0.89264 0.96243
0.94997 0.961438 0.984014 0.989638 0.969317 0.999166
0.982562 1.01189 1.0098 0.966012 1.00867 1.02107
1.00088 1.04985 1.01937 0.932841 1.03849 1.04587
1.06296 1.07931 1.03887 0.885648 1.05435 1.05609
1.08228 1.07928 1.07288 0.853354 1.05573 1.08172
1.07818 1.07562 1.10153 0.832351 1.05035 1.11199
end
gesture a13 hands 2
1.05521 1.08333 1.14324 0.894692 1.0801 1.10655
1.05071 1.07723 1.14636 0.901323 1.07942 1.11425
1.05315 1.08153 1.1337 0.893589 1.07695 1.11604
1.04561 1.07912 1.14137 0.902634 1.07664 1.10668
1.04627 1.08084 1.131 0.899207 1.08225 1.10093
1.03997 1.07958 1.12862 0.910645 1.07993 1.08895
1.03575 1.08016 1.10686 0.910171 1.07938 1.08265
1.02999 1.06949 1.09634 0.916162 1.0741 1.07124
1.01408 1.05871 1.09314 0.926684 1.05855 1.0685
1.00307 1.04895 1.07051 0.940768 1.04722 1.0497
0.979175 1.02024 1.00585 0.941465 1.01353 1.02258
0.941143 0.99293 0.982438 0.964027 0.982956 1.01848
0.91417 0.949771 0.95807 0.984727 0.9476 0.968331
0.891847 0.87957 0.939169 0.996218 0.895055 0.937725
0.879572 0.834694 0.938804 1.01135 0.845501 0.936502
0.872417 0.797392 0.935877 1.02409 0.804399 0.935562
0.863339 0.749696 0.949262 1.04593 0.752881 0.936686
0.860621 0.721514 0.94599 1.04268 0.731614 0.934354
0.858494 0.707484 0.94387 1.04839 0.715307 0.940326
0.85312 0.712376 0.942203 1.05249 0.713742 0.944431
0.856425 0.731859 0.909914 1.05639 0.723865 0.923274
0.849737 0.740196 0.90722 1.05109 0.736431 0.922547
0.85692 0.774179 0.89874 1.06667 0.772392 0.894686
0.87253 0.815386 0.898865 1.06499 0.813127 0.906416
0.896899 0.857115 0.931613 1.04421 0.854357 0.930036
0.955158 0.926886 0.992591 0.990727 0.919892 1.01817
0.980556 0.976724 1.01755 0.950756 0.963582 1.06926
1.0178 1.0071 1.06684 0.934179 1.00023 1.08534
1.02483 1.05479 1.10546 0.90161 1.05382 1.15752
1.04619 1.06859 1.1289 0.872755 1.088 1.17452
1.05626 1.07855 1.13662 0.890361 1.06501 1.12111
1.04409 1.08385 1.13257 0.88766 1.07294 1.11183
1.04925 1.07635 1.1363 0.896472 1.08688 1.15743
1.04815 1.07889 1.13594 0.896975 1.07314 1.10348
1.0585 1.08918 1.07506 0.934314 1.0817 1.11631
1.06747 1.09562 1.0738 0.935818 1.08724 1.12669
end
gesture a13 hands 2
0.988362 1.0877 0.97888 0.930782 0.972094 1.0448
0.991246 1.08666 1.00732 0.959275 0.962781 1.05268
0.983548 1.07779 1.00724 0.939781 0.959158 1.05585
0.996546 1.09251 1.02792 0.922622 0.9721 1.036
1.00312 1.08708 1.0132 0.959406 0.964995 1.07056
0.998503 1.08912 1.03427 0.949923 0.968559 1.06169
1.00244 1.07344 1.03163 0.942534 0.955732 1.07852
0.972635 1.04702 1.04486 0.99759 0.928261 1.11992
0.982992 1.00673 1.08542 1.01604 0.885563 1.15277
0.974088 0.945717 1.08692 1.0765 0.876414 1.19502
0.905091 0.819513 1.17932 1.04788 0.834336 1.19487
0.904218 0.794372 1.14447 0.950798 0.960593 1.12419
0.957984 0.68942 1.18224 0.932733 0.992302 1.09145
0.98989 0.667674 1.22167 0.937702 0.97468 1.08104
0.940745 0.662502 1.2329 0.929874 0.992345 1.06804
0.969901 0.642069 1.18562 0.927681 1.00576 1.05537
0.930794 0.6516 1.17333 0.928145 1.04369 1.04474
0.95945 0.732281 1.22373 0.927056 1.14954 0.942389
0.930091 0.658435 1.17356 0.936179 1.17626 0.941364
0.952157 0.869521 1.10997 0.974979 0.891009 1.10647
0.975774 0.9933 1.04626 0.991383 0.877741 1.09211
0.976536 1.04702 1.0014 0.991787 0.922569 1.03273
0.968558 1.0731 0.964059 1.00162 0.943873 1.03134
0.954571 1.08751 0.948267 0.995219 0.962102 1.00454
0.957568 1.10408 0.909977 0.981662 0.970348 0.970677
0.955897 1.10551 0.902172 0.97405 0.974826 0.97779
0.953074 1.08518 0.930019 0.958403 0.969072 0.959128
0.973036 1.06782 0.948572 0.942848 0.953743 0.965817
0.993557 1.05781 0.962218 0.91942 0.93858 1.01111
0.998287 1.0626 0.954413 0.914179 0.938651 1.00919
0.998399 1.05075 0.955652 0.922503 0.938151 1.00372
0.996567 1.05134 0.948564 0.919601 0.931642 0.987331
0.985971 1.06219 0.988911 0.92723 0.937864 1.02143
end
gesture a13 hands 2
0.976442 1.06533 1.01716 0.90279 0.932407 1.05369
0.973393 1.07062 1.01927 0.919105 0.941202 1.04279
0.976375 1.06221 1.01832 0.912725 0.930725 1.0519
0.969187 1.06732 1.03021 0.923117 0.927591 1.04691
0.987274 1.07142 1.03185 0.942551 0.931683 1.05418
0.982939 1.06116 1.03788 0.948695 0.92545 1.11433
0.984226 1.0621 1.05613 0.937986 0.908496 1.0842
0.989149 1.02627 1.02896 0.965354 0.902771 1.13219
0.982188 0.992026 1.01104 0.97352 0.864982 1.12738
0.97878 0.941792 1.02825 0.977732 0.812835 1.12502
0.957919 0.881925 1.03179 1.00313 0.750603 1.14269
0.976153 0.830058 1.0838 1.01107 0.678587 1.15151
0.975938 0.764945 1.10071 1.02222 0.614142 1.1511
0.985001 0.756233 1.15125 1.00766 0.661762 1.17112
0.967228 0.690981 1.18195 0.957275 0.860982 1.10536
1.00635 0.756719 1.116 0.950464 0.949724 1.04709
0.997821 0.761587 1.12853 0.95054 0.970475 1.04661
0.997863 0.738324 1.03263 0.941082 1.00986 1.02235
1.00954 0.798526 0.997466 0.908569 1.08695 0.949836
1.05276 0.78948 0.95912 0.910989 1.20908 0.931932
1.06467 0.837872 0.880588 0.868264 1.30123 0.87981
0.796455 0.879602 1.2613 1.11716 1.45644 0.72301
0.636889 0.88824 1.25685 1.13292 1.59395 0.72443
0.995961 1.06532 1.07823 0.989673 0.905335 1.09903
0.989357 1.09528 1.03128 0.973551 0.954663 1.06929
0.989201 1.09745 1.01217 0.964051 0.959036 1.04909
0.974276 1.09483 1.00381 0.956327 0.960794 1.04526
0.965843 1.09937 0.986518 0.950518 0.964956 1.06147
0.980868 1.09792 1.00229 0.934511 0.955746 1.03478
0.963243 1.10223 0.955826 0.910434 0.940326 1.08942
0.966549 1.09129 1.00231 0.910252 0.941325 1.10356
0.978068 1.07985 1.00824 0.876411 0.929071 1.07394
end
gesture a13 hands 2
0.956972 1.02162 1.02554 0.922928 0.994827 1.08547
0.967868 1.00493 1.04027 0.944325 0.981402 1.02761
0.973737 1.0098 1.03808 0.945768 0.99427 1.06964
0.96962 1.01317 1.05925 0.949175 0.983778 1.00017
0.968583 1.00582 1.0532 0.95232 0.987826 1.00527
0.969628 1.00658 1.04427 0.936352 0.98494 0.981334
0.969591 1.00987 1.03946 0.950299 0.99644 0.96158
0.961411 1.01754 1.04178 0.957297 0.973565 0.980761
0.964577 1.00996 1.04622 0.957236 0.973553 1.00107
0.961448 1.01244 1.04029 0.95565 0.9704 1.00181
0.959307 0.998648 1.06408 0.973569 0.956613 1.0273
0.964488 0.988783 1.07813 0.992669 0.949041 1.03896
0.964832 0.949037 1.05513 0.981676 0.914505 1.06537
0.961588 0.887432 1.07126 1.00595 0.854903 1.07755
0.943197 0.828292 1.07576 1.0235 0.800844 1.08575
0.951031 0.749187 1.05399 1.01138 0.735216 1.1433
0.942723 0.696786 1.11114 1.01768 0.690675 1.16262
0.955913 0.734737 1.12261 1.0042 0.724099 1.14523
0.898511 0.725452 0.8305 1.02856 0.927396 1.16208
1.08498 0.886961 0.932849 0.961064 0.965026 1.02914
1.00609 0.962953 1.01181 0.963204 0.95684 1.03087
0.99762 0.988388 1.02323 0.950628 1.07771 0.96697
0.984767 1.02441 1.02488 0.971114 1.22224 0.905529
0.995187 1.07051 1.02371 0.990276 1.17912 1.00717
0.999735 1.05168 1.0443 0.741623 1.33874 0.955895
0.984825 0.906041 1.11833 0.984509 0.858799 1.093
0.998939 0.962338 1.10528 0.966298 0.905492 1.09803
1.00176 0.980511 1.10156 0.969717 0.937242 1.11796
0.999937 1.00216 1.07759 0.970554 0.971745 1.10586
0.992773 1.01702 1.05362 0.954267 0.975169 1.08931
0.998887 1.02598 1.0312 0.959733 0.98663 1.07699
0.990024 1.03149 1.03847 0.967225 0.98967 1.0485
0.979211 1.02935 1.00711 0.969119 0.98726 1.01697
0.955061 1.02838 1.01571 0.966813 0.987062 1.00994
0.962702 1.0161 1.01521 0.950264 0.981888 1.00636
0.958646 1.00876 1.01121 0.943756 0.981593 0.972785
0.955658 1.01026 1.00543 0.940411 0.987332 0.989689
end
gesture a13 hands 2
1.05924 1.18232 0.982027 0.82106 1.03899 1.09108
1.06762 1.18151 0.974792 0.825756 1.0461 1.07645
1.05864 1.19234 0.973537 0.813551 1.05386 1.06199
1.05077 1.18537 0.969948 0.795177 1.05116 1.03986
1.05217 1.17878 0.978378 0.762707 1.04932 1.01726
1.05874 1.17964 0.980283 0.752087 1.04894 1.04442
1.09994 1.17203 0.991581 0.761681 1.05734 0.977002
1.09429 1.15712 0.999348 0.792006 1.04705 0.991962
1.09154 1.15623 1.01372 0.80657 1.06643 0.975604
1.09074 1.14671 1.01381 0.83765 1.0605 0.984292
1.0933 1.1478 1.02899 0.862632 1.06233 1.01638
1.08567 1.14129 1.02965 0.886099 1.06144 1.0266
1.08912 1.11799 0.995798 0.912429 1.0564 1.05818
1.08172 1.1026 1.00395 0.924082 1.01956 1.04865
1.08624 1.0779 0.989546 0.944569 0.999196 1.08765
1.08807 1.02544 1.02738 0.937806 0.973817 1.01504
1.07833 0.994482 0.988901 0.938422 0.924513 1.04526
1.05216 0.936179 0.98951 0.963336 0.837723 1.04769
1.06277 0.890788 1.02463 0.97026 0.762079 1.06227
1.04383 0.864637 1.03083 0.981613 0.733816 1.08729
1.0594 0.814862 1.05248 0.982959 0.67125 1.07123
1.04368 0.726683 0.997118 0.993454 0.617654 1.09359
1.03751 0.720739 1.0535 0.941201 0.610436 1.15618
1.05802 0.674246 1.079 0.94835 0.589187 1.13665
1.05968 0.672684 1.08574 0.93911 0.602228 1.08634
1.07844 0.668441 1.05986 0.892489 0.678244 1.08533
1.05909 0.569005 1.04855 0.858474 0.872826 0.98076
1.06638 0.549349 1.00551 0.856673 0.909981 0.946526
1.06989 0.549717 0.937694 0.855068 0.87646 0.932571
1.01059 0.502419 1.05581 0.825541 0.856266 0.901444
0.9166 0.418525 1.05052 1.21908 1.18104 1.16084
0.927522 0.365703 1.07783 1.18663 0.979152 0.923129
0.840865 0.543272 1.164 1.14839 1.22095 0.839008
1.03323 0.718901 1.04877 1.19762 1.12744 0.856838
1.09414 0.936959 0.94248 1.11978 1.28837 0.83907
0.773174 0.887917 1.11493 0.817363 1.10001 0.898054
0.829066 0.863195 1.21845 0.823651 1.10861 0.909083
1.0701 1.05045 1.2324 0.814619 1.19347 0.89028
1.17603 1.07316 1.19664 0.854839 1.28199 0.871432
1.24745 1.09921 1.16981 0.923612 1.26374 0.883458
1.04767 1.16861 1.15098 1.2687 1.15195 0.998614
0.814666 1.31158 0.989365 1.15229 0.944037 1.18023
0.758033 1.30229 1.03102 1.16736 0.883763 1.16262
0.711505 1.32196 1.00671 1.16259 0.914494 1.15335
0.699594 1.0286 1.07129 1.2849 0.951161 1.25488
0.709185 1.07714 1.04103 1.27297 0.893226 1.12246
0.714073 1.08555 1.0234 1.2276 0.922826 1.10066
0.720755 1.13169 0.98293 1.28975 0.933893 1.06047
0.704572 1.12848 0.959612 1.24351 0.943412 1.03628
0.597073 1.07277 0.936421 1.26729 1.03491 1.10294
0.636096 1.05016 0.944045 1.23718 1.04539 1.05714
0.617862 1.0568 0.945276 1.23949 1.03713 1.05832
1.08777 1.11475 0.9982 0.763767 0.971497 0.976303
1.08353 1.15108 0.968639 0.859297 1.04372 1.0275
1.1066 1.16521 0.95802 0.869401 1.03669 1.02678
end
gesture a13 hands 2
0.922073 1.16524 1.02588 0.957154 1.1637 1.0559
0.920966 1.16811 1.03608 0.948644 1.16003 1.06816
0.930792 1.16582 1.05767 0.948717 1.15832 1.0633
0.931283 1.16593 1.05264 0.967158 1.16501 1.05398
0.940149 1.15961 1.07884 0.959789 1.16185 1.05993
0.941402 1.16021 1.07564 0.982815 1.17751 1.02646
0.944342 1.16324 1.08693 0.982312 1.16962 1.04584
0.945904 1.15704 1.0964 0.975941 1.16894 1.04887
0.95264 1.15908 1.10082 0.976121 1.17194 1.04346
0.949144 1.15557 1.09803 0.96918 1.17179 1.06009
0.948626 1.15868 1.0808 0.954413 1.17043 1.05791
0.944458 1.15638 1.07791 0.966724 1.18095 1.04594
0.952051 1.15235 1.06261 0.972813 1.17622 1.08748
0.95518 1.14572 1.0531 0.969061 1.17574 1.05094
0.957348 1.15229 1.02655 0.966646 1.18326 1.02553
0.950455 1.13951 1.00519 0.976161 1.16275 1.03409
0.952619 1.12932 0.996543 0.975246 1.15795 1.0105
0.945782 1.10926 0.980804 0.981461 1.13084 1.00171
0.947233 1.06348 0.956919 0.995577 1.09042 0.969335
0.95143 1.0256 0.943026 0.992738 1.05016 0.977352
0.938119 0.964827 0.925191 0.998906 1.00262 0.933245
0.946304 0.877626 0.920419 0.981892 0.906035 0.93884
0.964138 0.806483 0.927882 0.992082 0.839005 0.918998
0.959101 0.744322 0.918423 0.977254 0.758683 0.931432
0.936449 0.704823 0.912973 0.966383 0.709032 0.919849
0.935324 0.659951 0.916608 0.982409 0.645575 0.897834
0.926341 0.687414 0.913857 0.997682 0.648314 0.907499
0.919556 0.637157 0.927084 1.00102 0.643005 0.916416
0.920741 0.628119 0.931514 1.00039 0.640713 0.923834
0.917777 0.618948 0.93973 1.00488 0.632692 0.923082
0.921286 0.653539 0.921652 0.999295 0.622946 0.928615
0.920812 0.618889 0.936517 1.02309 0.501636 0.937124
0.969227 0.666618 0.921847 0.998992 0.578049 0.925223
1.11558 0.704914 0.844839 0.998942 0.607882 0.918111
1.13519 0.727869 0.840001 1.00863 0.595682 0.915518
1.15132 0.750927 0.843907 1.00229 0.581163 0.91887
1.17372 0.822731 0.860928 1.00722 0.602813 0.928487
1.18041 0.849479 0.8699 1.01109 0.632567 0.929997
1.1928 0.866286 0.87329 1.01208 0.669611 0.956816
1.20054 0.874847 0.873192 1.00241 0.781036 0.997936
1.21018 0.833152 0.851744 0.988575 0.884767 1.02189
1.02208 0.825376 0.763327 0.973287 0.888169 1.07967
0.993782 0.782459 0.781313 0.945991 1.03713 1.10053
0.971942 0.958063 1.3002 0.919098 0.967435 1.25969
0.982968 1.0031 1.32883 0.939846 1.02451 1.23843
0.985582 1.05553 1.33635 0.938106 1.08971 1.25783
0.98337 1.08045 1.34435 0.934325 1.11186 1.23898
0.981981 1.07957 1.30731 0.913375 1.12541 1.22946
0.966657 1.09671 1.2492 0.94733 1.14634 1.19563
0.966491 1.10817 1.23092 0.959273 1.15188 1.13492
0.980088 1.12128 1.21407 0.955321 1.1672 1.13122
0.977188 1.1414 1.19197 0.975335 1.19253 1.06675
0.969723 1.15287 1.15824 0.978112 1.21534 1.03239
0.971101 1.15733 1.14294 0.979961 1.20767 1.03509
0.977044 1.16241 1.13359 0.98058 1.21735 1.01313
0.973446 1.16116 1.12758 0.963564 1.19575 1.06158
0.975727 1.17126 1.11287 0.961317 1.2126 1.04664
end
gesture a13 hands 2
0.987452 1.07602 1.08262 0.917094 1.0238 1.08592
0.98899 1.07559 1.08644 0.914932 1.02029 1.09192
0.995528 1.07226 1.09234 0.91662 1.02222 1.0917
0.989636 1.07155 1.09436 0.912209 1.0157 1.11326
0.993218 1.07368 1.10095 0.901375 1.02281 1.10761
0.992621 1.07522 1.10922 0.910096 1.01736 1.11729
0.997278 1.07528 1.10356 0.921811 1.02558 1.08987
0.996321 1.07411 1.11435 0.92348 1.0175 1.10024
0.993155 1.074 1.10189 0.922333 1.02415 1.08233
1.00007 1.06766 1.1097 0.92676 1.02485 1.07176
0.998882 1.067 1.08964 0.920292 1.01251 1.08919
0.998404 1.06981 1.08364 0.917745 1.00714 1.10508
1.01215 1.06897 1.08242 0.944001 0.999414 1.06997
1.01553 1.04585 1.0638 0.930781 0.981457 1.06682
1.01371 0.988135 1.009 0.952 0.918572 1.07127
0.997112 0.906053 1.00186 0.966243 0.872273 1.06489
0.981748 0.828055 0.941722 0.984281 0.74562 0.970562
0.977277 0.776309 0.929642 0.980095 0.828502 0.97572
0.969633 0.778376 0.920061 1.00814 0.867749 0.924178
0.952855 0.749211 0.910083 0.984439 0.754456 0.950584
0.955299 0.768642 0.941225 0.974722 0.710765 0.948641
0.936307 0.671279 0.93641 0.974726 0.716675 0.949581
0.7557 0.472069 0.993637 0.9813 1.1711 1.08792
0.716463 0.497434 1.01528 1.17926 1.22028 1.04145
0.981769 0.920836 1.02305 1.00208 0.815463 1.01737
0.970346 0.913676 1.0391 1.00197 0.853584 1.0292
0.976776 0.98441 1.08301 1.00675 0.92375 1.07616
0.972473 1.04715 1.10063 0.991194 0.970625 1.07171
0.965598 1.07072 1.10734 0.982384 1.00164 1.06294
0.983748 1.07682 1.11879 0.963942 1.01473 1.0598
0.979849 1.08862 1.12924 0.940089 1.02916 1.0418
0.974453 1.09185 1.10561 0.917259 1.03294 1.03376
end
gesture a13 hands 2
0.99234 1.14374 1.06892 0.927454 1.05121 1.10382
0.98844 1.14351 1.06907 0.920483 1.04759 1.09987
0.989142 1.14184 1.07337 0.908956 1.04321 1.14672
0.989379 1.13865 1.06971 0.923591 1.03551 1.10757
0.991384 1.13545 1.06164 0.93447 1.04484 1.11454
0.986441 1.13541 1.06776 0.940033 1.04899 1.0885
0.992647 1.13006 1.06494 0.966838 1.04129 1.06647
0.989184 1.113 1.063 0.969093 1.02406 1.0333
0.996461 1.08464 1.03489 0.969522 0.982578 1.00228
0.992458 1.01581 1.0043 0.97576 0.904821 0.980764
0.984366 0.939713 0.971583 0.990175 0.833032 0.956696
0.95796 0.810396 0.926958 1.00382 0.717122 0.925167
0.937697 0.688436 0.940091 0.994444 0.809805 0.94387
0.934174 0.610027 0.902794 0.971199 0.802704 0.954489
0.956169 0.663359 0.909762 0.962067 0.859229 0.983502
0.950191 0.628637 0.912095 0.954372 0.87649 0.981556
0.957004 0.599182 0.92795 0.95345 0.851787 0.983909
0.958051 0.597264 0.93522 0.958762 0.899934 0.984114
0.962677 0.62967 0.933713 0.953112 0.977295 0.970395
0.969197 0.674228 0.935119 0.948238 0.989513 0.975902
0.896814 0.915501 1.22846 0.887022 1.03422 0.985927
0.822887 1.11732 1.24162 0.788399 1.14331 1.01665
0.977822 0.824159 1.0805 1.02319 0.767253 0.999391
0.978821 0.887358 1.09336 1.03064 0.842209 1.06524
0.96473 0.931151 1.13194 1.02695 0.875855 1.0876
0.951421 0.979546 1.14459 1.01246 0.918091 1.13141
0.965618 1.03722 1.12993 1.00353 0.963414 1.12491
0.980277 1.0502 1.1196 0.99326 0.988752 1.1068
0.983581 1.06795 1.09889 0.988091 1.00909 1.10941
0.995908 1.10703 1.08393 0.975664 1.03686 1.09461
0.99747 1.11412 1.08852 0.964882 1.03917 1.09375
0.997936 1.12741 1.0882 0.967752 1.04675 1.10394
1.00483 1.13003 1.08866 0.956216 1.04603 1.10478
1.00117 1.13155 1.07244 0.969694 1.04934 1.09282
1.00753 1.12709 1.06865 0.944178 1.03967 1.12054
end
gesture a20 hands 2
0.978462 0.837615 1.1963 1.02367 1.05158 1.01688
0.979091 0.83836 1.19575 1.00108 1.04597 1.01252
0.993744 0.829917 1.20032 0.977603 1.03722 1.02898
0.989542 0.833082 1.17504 0.9463 1.0321 1.01075
1.002 0.822167 1.17853 0.928147 1.02658 1.02477
0.990198 0.823513 1.16204 0.925029 1.03107 1.03042
0.989658 0.82392 1.15017 0.937674 1.02663 1.03972
0.987594 0.826976 1.13365 0.950333 1.03257 1.07017
0.978736 0.826567 1.12548 0.967659 1.02787 1.03826
0.974831 0.828764 1.12941 0.949703 1.04414 1.08877
0.969698 0.827594 1.13713 0.967381 1.02661 1.06853
0.972969 0.823884 1.15987 0.955695 1.02341 1.05791
0.972129 0.810439 1.1546 0.962444 1.0143 1.09696
0.962137 0.797741 1.15473 0.95675 1.00182 1.10137
0.961003 0.762182 1.14658 0.965464 0.984947 1.09565
0.942545 0.704407 1.14261 0.989278 0.936074 1.10234
0.94447 0.663221 1.13692 1.00321 0.882811 1.10849
0.927979 0.569225 1.12969 1.00453 0.810205 1.0868
0.896028 0.489036 1.09855 1.04422 0.651326 1.15486
0.881321 0.487752 1.10562 1.12894 0.554686 1.15183
0.87904 0.436622 1.11254 1.02241 0.703635 1.18795
0.873504 0.352468 1.0662 1.07653 0.730354 1.38417
0.829803 0.277106 1.08312 1.07128 0.637779 1.3839
0.819942 0.251961 1.08763 1.09846 0.625674 1.43102
0.842131 0.267132 1.09516 0.861536 0.836898 1.38871
0.8208 0.276622 1.18495 0.737407 1.00974 1.33471
0.854966 0.286478 1.17258 0.952114 1.38902 0.843204
0.885867 0.396446 0.965238 1.01772 1.3316 0.92697
0.970408 0.615166 0.984729 1.00362 0.86406 1.08476
1.06382 0.801524 0.973377 1.01252 0.930181 1.02333
1.18391 1.00558 0.950111 1.02622 0.998053 0.944975
1.2742 1.138 0.962398 1.02258 1.03757 0.885139
1.30843 1.29746 1.05494 1.02872 1.0606 0.859645
1.30522 1.46031 1.19127 1.0287 1.08824 0.817801
1.26349 1.53761 1.28349 1.03324 1.09638 0.783362
1.18837 1.57218 1.32115 1.02459 1.09744 0.76444
1.10203 1.58974 1.33368 1.02623 1.08591 0.741449
1.04442 1.61691 1.30482 1.01723 1.07425 0.744232
1.01913 1.65587 1.21592 1.02212 1.0546 0.741821
0.973432 1.82006 0.97043 0.983011 1.01889 0.728814
0.96765 1.89924 0.654285 0.911661 1.01598 0.706383
0.924801 1.82162 0.486293 0.861219 1.02226 0.762224
0.826101 1.76721 0.426021 0.835324 0.937896 0.913335
0.822784 1.74531 0.414189 0.863551 0.922781 1.01457
0.820987 1.70986 0.42126 0.901664 0.888144 1.08799
0.849036 1.64922 0.43157 0.915153 0.90362 1.1232
0.887587 1.56832 0.441935 0.916956 0.941851 1.11901
0.918131 1.43401 0.411078 0.935972 0.977029 1.0937
1.01676 1.19612 0.578037 0.951739 0.97959 1.04319
1.05805 1.02218 0.707673 0.966373 1.01663 1.01193
1.08014 0.893957 0.909163 0.991039 1.03801 0.992709
1.03331 0.82576 1.20369 1.00723 1.04005 1.02293
1.016 0.83041 1.28958 1.00397 1.04407 1.03654
1.01418 0.843594 1.34788 0.973522 1.03751 1.09377
1.02748 0.836225 1.35888 0.972789 1.03979 1.1293
end
gesture a20 hands 2
1.03019 0.745768 1.36717 0.937715 1.08063 1.14568
1.03464 0.737529 1.31841 0.926164 1.0786 1.13008
0.992646 0.752657 1.19263 0.924251 1.07491 1.1091
0.963451 0.774589 1.1319 0.919572 1.07566 1.08494
0.921973 0.772288 1.11347 0.918486 1.0699 1.082
0.88508 0.768035 1.08024 0.935567 1.06175 1.07932
0.874929 0.733601 1.08483 0.958465 1.04838 1.08156
0.865504 0.696627 1.0992 0.969602 1.0307 1.10293
0.863455 0.615372 1.13032 1.00137 0.982035 1.11876
0.860374 0.537007 1.14884 1.01035 0.914766 1.12235
0.858994 0.463952 1.17496 1.01725 0.819211 1.15824
0.852148 0.391509 1.18351 1.04579 0.633372 1.21323
0.855852 0.416879 1.16272 1.12611 0.556515 1.20845
0.88571 0.395935 1.21675 1.09386 0.686788 1.16175
0.908323 0.34311 1.19478 1.03652 0.599483 1.17592
0.845526 0.299019 1.15902 0.985246 0.609471 1.15571
0.853827 0.319026 1.17789 1.0449 0.737749 1.12673
0.859044 0.343834 1.17827 1.01486 0.773452 1.14185
0.881701 0.37514 1.15119 0.99974 0.587102 1.20514
0.930864 0.528145 1.10433 1.00777 0.764321 1.18956
0.968786 0.622401 1.05921 1.02272 0.894158 1.08417
1.03376 0.736065 1.01789 1.02307 0.987083 1.06409
1.18371 0.953197 0.971533 1.04166 1.06598 0.942708
1.26358 1.16638 1.04427 1.04022 1.09154 0.906043
1.28638 1.3122 1.14467 1.03437 1.10617 0.879573
1.27319 1.44811 1.30465 1.01875 1.13343 0.84805
1.21565 1.46589 1.39475 1.00319 1.14378 0.825589
1.15841 1.48328 1.42584 0.987799 1.15571 0.798425
1.05772 1.47994 1.40371 0.967056 1.1353 0.760295
1.05977 1.52372 1.34552 0.955581 1.11457 0.728592
1.03113 1.55033 1.17811 0.942454 1.09992 0.702306
1.01402 1.77598 0.871019 0.898113 1.06998 0.687975
0.994965 1.77872 0.599837 0.855385 1.061 0.71664
0.938485 1.74579 0.530293 0.826794 1.01752 0.798679
0.870503 1.69927 0.492924 0.848677 0.983371 0.954725
0.864047 1.66578 0.489336 0.88276 0.976827 1.04224
0.877669 1.63501 0.500867 0.917093 1.00331 1.11281
0.918242 1.56555 0.520452 0.921926 1.02038 1.1693
0.94709 1.49424 0.509157 0.924137 1.03288 1.1576
0.985805 1.37663 0.50153 0.931311 1.0477 1.1386
1.03946 1.05581 0.644259 0.935283 1.072 1.11208
1.02611 0.891332 0.793275 0.932951 1.08405 1.10645
1.01745 0.803468 1.00541 0.933817 1.09543 1.09718
1.01027 0.765635 1.24659 0.960316 1.09571 1.08646
end
gesture a20 hands 2
1.024 0.843099 1.25447 0.972247 1.06611 1.08589
1.01427 0.834378 1.25964 0.952165 1.06504 1.07341
1.02087 0.821908 1.26759 0.956855 1.05607 1.09286
1.03999 0.810956 1.20882 0.960286 1.05018 1.07123
1.00737 0.811577 1.15328 0.954742 1.0467 1.07786
0.935013 0.829772 1.10449 0.948869 1.04467 1.05343
0.881985 0.836453 1.10505 0.948303 1.04521 1.05328
0.841801 0.838331 1.13657 0.939472 1.03666 1.05307
0.837135 0.834497 1.15086 0.938169 1.0344 1.03934
0.845268 0.836274 1.16031 0.941716 1.03667 1.05902
0.875232 0.828035 1.15802 0.945267 1.03913 1.06033
0.906198 0.800345 1.16139 0.950116 1.02446 1.06963
0.927232 0.769679 1.15301 0.946692 1.00417 1.08082
0.913346 0.729751 1.13875 0.975441 0.966707 1.07657
0.892245 0.605614 1.11087 0.987304 0.862113 1.11873
0.872164 0.527793 1.09604 1.03457 0.75202 1.14185
0.850379 0.479882 1.08704 1.05382 0.606733 1.17688
0.837219 0.483048 1.07185 1.03557 0.67325 1.18288
0.848914 0.448536 1.04633 0.993933 0.608999 1.17065
0.817702 0.330922 1.06116 1.03715 0.63123 1.15992
0.802805 0.205961 1.08597 1.05454 0.607055 1.19473
0.833034 0.245241 1.16963 1.05233 0.679319 1.17563
0.782319 0.228878 1.07588 1.04294 0.746057 1.16475
0.809725 0.218845 1.10939 1.02573 0.864873 1.14378
0.859395 0.221267 1.27612 0.996729 0.979643 1.1003
0.948609 0.581726 1.07812 1.06644 0.870796 1.16865
0.980074 0.693114 1.137 1.08014 0.981673 1.17851
0.979165 0.796095 1.09047 1.01351 1.03848 1.10371
0.999516 0.862519 1.03736 1.03792 1.02445 0.952045
1.12144 0.967698 0.976469 1.02047 1.05303 0.86839
1.19886 1.11228 0.968571 1.01441 1.0731 0.842245
1.28361 1.2606 1.01966 0.999281 1.09395 0.821231
1.26624 1.44622 1.18433 1.01934 1.1176 0.859284
1.23145 1.50386 1.28329 1.01053 1.12642 0.829061
1.16291 1.52166 1.31517 0.988992 1.13445 0.766752
1.0388 1.54893 1.30444 0.966737 1.10665 0.700445
1.03767 1.62186 1.21329 0.968592 1.08437 0.673289
1.06398 1.6993 1.05172 0.942734 1.06618 0.642768
1.01334 1.8989 0.697021 0.889358 1.03988 0.635225
0.94315 1.80973 0.502002 0.837859 1.00996 0.696664
0.890249 1.76994 0.461853 0.823574 0.95664 0.833668
0.87097 1.71079 0.440496 0.860165 0.941517 1.0049
0.889651 1.6868 0.455901 0.877571 0.949374 1.07341
0.918842 1.67118 0.489354 0.884047 0.978494 1.13713
1.01182 1.63622 0.531364 0.926938 1.00687 1.15605
1.08751 1.58227 0.550785 0.933907 1.02798 1.16672
1.12995 1.50728 0.55081 0.949409 1.049 1.15221
1.19563 1.24587 0.639389 0.969824 1.06649 1.1233
1.20584 1.02263 0.801966 0.987259 1.07796 1.06846
1.1616 0.87803 0.990068 0.995394 1.07545 1.0992
1.03741 0.812473 1.26388 0.998133 1.06952 1.09233
1.04576 0.819371 1.35445 0.978135 1.07571 1.12626
1.05952 0.834374 1.41148 0.978399 1.07377 1.09089
end
gesture a20 hands 2
0.949611 0.836859 1.05946 1.08527 0.888567 0.981181
0.957696 0.833865 1.06772 1.08742 0.889057 0.980525
0.950977 0.836683 1.05455 1.08911 0.894997 0.991756
0.961907 0.839621 1.06523 1.08948 0.889899 0.990119
0.964498 0.839706 1.06664 1.08994 0.893423 0.991889
0.975055 0.844261 1.07421 1.09086 0.89875 0.987871
0.968754 0.852879 1.05814 1.10881 0.909272 0.975374
0.996485 0.858774 1.05849 1.13458 0.930529 0.967887
1.09749 0.845542 1.05149 1.19015 0.958328 0.911485
1.18902 0.798688 1.07363 1.24618 1.01444 0.859064
1.26986 0.718061 1.12485 1.31753 1.06989 0.82179
1.31571 0.549962 1.27072 1.4073 1.139 0.784684
1.2786 0.480494 1.28068 1.43664 1.18254 0.780724
1.24933 0.381817 1.27673 1.45362 1.21415 0.793941
1.22061 0.396728 1.26516 1.42765 1.26664 0.781255
1.26772 0.397287 1.32982 1.37084 1.32166 0.690198
1.41664 0.562551 1.43023 1.27758 1.3535 0.533017
1.45137 1.00283 1.46367 0.928176 1.2436 0.424369
1.42533 1.18182 1.51706 0.759903 1.17296 0.467098
1.35369 1.21848 1.49672 0.702969 1.06654 0.620118
1.38268 1.3862 1.38551 0.654233 1.02117 0.885354
1.45961 1.44943 1.15014 0.618266 0.992848 1.05705
1.43398 1.58799 0.845239 0.608642 0.973868 1.20914
0.876682 1.67282 0.416186 0.663556 0.990956 1.38129
0.571056 1.60654 0.432795 0.755569 0.996889 1.46388
0.420407 1.53266 0.487491 0.822574 0.969214 1.55443
0.293676 1.46785 0.534754 0.884436 0.949417 1.5712
0.258608 1.44252 0.559452 0.952735 0.928361 1.58818
0.246633 1.44331 0.582226 0.980778 0.92582 1.61477
0.269448 1.45318 0.599294 0.913891 0.92361 1.5952
0.315639 1.43701 0.642751 0.838807 0.921187 1.56738
0.428755 1.36817 0.703142 0.768932 0.887254 1.48208
0.588183 1.18296 0.77183 0.651184 0.853951 1.39092
0.7343 1.00037 0.809144 0.808976 0.755061 1.2182
0.858519 0.828833 0.923482 0.771288 0.79254 1.10436
1.00591 0.751053 1.0917 0.720908 0.859349 0.942179
1.03699 0.743598 1.16059 0.709816 0.905284 0.873576
1.06803 0.745218 1.18422 0.728325 0.928737 0.823995
1.09374 0.737949 1.19258 0.819503 0.911285 0.814333
1.09204 0.72249 1.19581 0.88016 0.865015 0.862123
1.09496 0.717725 1.19003 0.936065 0.809947 0.951021
1.0978 0.723686 1.17975 0.964496 0.791537 1.0392
1.09723 0.723183 1.1799 0.964116 0.791104 1.05478
end
gesture a20 hands 2
1.00969 0.72011 1.17838 0.890546 0.855661 1.14325
1.01112 0.715909 1.16353 0.886087 0.866129 1.1479
1.0116 0.718416 1.13991 0.896622 0.869195 1.12979
1.03535 0.740516 1.12621 0.918415 0.865517 1.11133
1.14638 0.800933 1.11288 0.986047 0.895106 1.00642
1.22288 0.822223 1.18022 1.03904 0.943152 0.932648
1.29812 0.817382 1.27633 1.10803 1.00546 0.864641
1.31644 0.697625 1.46508 1.19646 1.07009 0.81484
1.28299 0.565179 1.52072 1.23761 1.06954 0.805266
1.18678 0.436883 1.51394 1.27698 1.04268 0.800635
1.13377 0.299678 1.47183 1.26251 0.963033 0.828189
1.09916 0.239028 1.45521 1.23475 0.908358 0.840456
1.10785 0.200718 1.39708 1.22753 0.886885 0.868212
1.12687 0.194383 1.38432 1.23733 0.931753 0.795547
1.17242 0.256322 1.41739 1.28092 0.992256 0.721288
1.22136 0.400293 1.47079 1.1889 1.11923 0.638476
1.37075 0.658116 1.54914 0.89203 1.20574 0.594009
1.39897 0.938035 1.52154 0.736643 1.20038 0.589256
1.38779 1.17844 1.45127 0.695737 1.17834 0.764446
1.35238 1.39888 1.30514 0.610158 1.05662 1.02131
1.32401 1.5071 1.14088 0.597113 0.998089 1.18239
1.29556 1.59776 0.908881 0.6361 0.942564 1.32792
0.898172 1.6882 0.454821 0.803959 0.983855 1.38684
0.603144 1.61952 0.394803 0.904342 0.965528 1.44569
0.447855 1.53085 0.41084 1.03835 1.00016 1.37912
0.306176 1.48109 0.411891 1.06583 0.960636 1.28084
0.290004 1.45587 0.41861 1.09592 0.920415 1.20897
0.303314 1.45593 0.422774 1.06155 0.903507 1.21599
0.353079 1.47839 0.444953 0.957176 0.878692 1.24464
0.417746 1.46196 0.500488 0.878475 0.8995 1.30193
0.484245 1.42222 0.558037 0.84429 0.925068 1.31638
0.69201 1.3068 0.644349 0.726601 0.84746 1.2906
0.830655 1.17351 0.692087 0.694925 0.853306 1.19784
0.938707 1.03522 0.794895 0.665984 0.865895 1.09869
end
gesture a20 hands 2
0.977362 0.958588 0.893301 0.765032 0.891617 1.05139
1.00763 0.883515 1.02663 0.784621 0.923223 0.961017
1.02673 0.828092 1.16588 0.835329 0.980726 0.85547
1.05329 0.824753 1.20953 0.914351 1.00503 0.843043
1.09033 0.803583 1.2749 0.974474 1.02434 0.849419
1.11478 0.728782 1.35065 1.04797 1.00406 0.86201
1.1102 0.660526 1.38485 1.07533 0.977355 0.871032
1.10531 0.574233 1.39228 1.09981 0.921952 0.897159
1.09338 0.422802 1.37311 1.07352 0.818303 0.871311
1.08478 0.341201 1.34899 1.0605 0.764028 0.901637
1.08618 0.270605 1.32995 1.03878 0.742931 0.931651
1.09179 0.22828 1.28936 1.00627 0.736955 0.964433
1.10998 0.248144 1.27354 1.008 0.76229 0.949996
1.14425 0.303729 1.30566 1.01825 0.817989 0.906387
1.212 0.486494 1.34057 1.0641 0.956761 0.798191
1.26308 0.6538 1.38463 1.05386 1.07227 0.732087
1.31974 0.856869 1.38617 0.977413 1.17767 0.726078
1.36235 1.16029 1.36132 0.893879 1.20988 0.777006
1.34861 1.31409 1.3031 0.870483 1.15279 0.888022
1.33082 1.43645 1.21612 0.853577 1.07185 0.998425
1.32817 1.56547 0.993842 0.872425 0.964604 1.20943
1.28732 1.69303 0.765737 0.904789 0.901645 1.31918
1.05454 1.82184 0.417463 0.963862 0.88421 1.42771
0.621333 1.72263 0.330356 1.07418 0.994669 1.50808
0.477621 1.69514 0.337129 1.20321 1.12588 0.976712
0.361882 1.63622 0.354974 1.15197 1.12248 1.02347
0.342989 1.55697 0.423572 1.09186 1.13588 1.0242
0.43694 1.5075 0.591015 1.04384 1.15672 1.03315
0.447897 1.51045 0.582667 1.01669 1.14623 0.964087
0.502847 1.45387 0.520705 1.00324 1.13884 0.969443
0.524787 1.37735 0.519233 0.992787 1.13392 0.958212
0.478521 1.16871 0.569611 0.984583 1.13247 0.749003
0.727299 0.856955 0.777231 0.914958 1.12435 0.709376
0.908788 0.863976 0.991957 0.719809 0.822533 1.36624
0.988891 0.896329 1.12035 0.636101 0.843306 1.32505
1.05788 0.905588 1.20269 0.600347 0.930419 1.24819
1.0876 0.886215 1.22956 0.621964 0.953776 1.234
1.10308 0.844572 1.23653 0.715872 0.974409 1.20532
1.10048 0.788937 1.19547 0.880734 0.885557 1.2258
1.09829 0.775552 1.16162 1.04742 0.858294 1.23701
1.08564 0.775968 1.14442 1.1891 0.854914 1.27722
1.08949 0.805847 1.15413 1.29709 0.886013 1.30027
1.09499 0.809577 1.18209 1.29603 0.905069 1.28796
end
gesture a20 hands 2
1.01059 0.992291 1.14579 0.976271 1.04811 1.01635
1.01581 0.994163 1.14108 0.975285 1.04572 1.04331
1.01949 0.989578 1.14206 0.974847 1.04143 1.04356
1.02787 0.993825 1.14651 0.984707 1.04457 1.0443
1.03742 1.0002 1.15031 0.990471 1.05062 1.0488
1.03617 0.979638 1.15754 0.993039 1.04187 1.06272
1.03407 0.969621 1.15253 0.996906 1.03784 1.06474
1.02813 0.941919 1.13851 0.997062 1.02166 1.06313
1.03656 0.869649 1.17187 0.993414 0.977836 1.0689
0.988552 0.791624 1.06886 0.994335 0.938788 1.06026
0.974954 0.701299 1.04217 1.02902 0.891774 1.07563
0.962231 0.5543 1.013 1.06757 0.768324 1.01431
0.954204 0.464745 0.992786 1.07613 0.715361 1.01493
0.953039 0.37924 0.983649 1.07198 0.727712 0.98547
0.952665 0.325057 0.999202 1.0612 0.752631 1.01749
0.938236 0.284327 1.02007 1.06151 0.759815 1.0321
0.976863 0.334365 1.00503 1.09225 0.819743 0.991189
1.00409 0.391559 0.974651 1.01848 0.779494 0.998316
0.996084 0.409099 1.11435 1.01505 0.78627 0.988988
0.953086 0.512718 1.24005 1.00971 0.839482 0.984341
0.96929 0.673617 1.21503 1.01941 0.937316 0.988646
0.966879 0.756121 1.21423 1.02645 0.977822 0.980154
0.962975 0.817084 1.21494 1.00547 1.02071 0.961342
0.959145 0.839148 1.20386 0.928464 1.04565 0.912832
1.00354 0.876572 1.2052 0.905355 1.06024 0.92074
1.00444 0.911438 1.19265 0.898997 1.08723 0.892309
1.00958 0.951244 1.19498 0.908087 1.06791 0.882447
1.00009 0.982198 1.19485 0.912656 1.06237 0.87574
1.00165 1.02216 1.18642 0.90238 1.04086 0.906732
1.0322 1.09116 1.15729 0.893546 1.0364 0.968645
1.00118 1.10316 1.18565 0.899616 1.07308 1.11614
0.997742 1.09449 1.19034 0.904818 1.04964 1.17808
1.00043 1.12551 1.21527 0.914694 1.03932 1.22618
0.780017 1.88749 0.505015 0.912024 1.02446 1.24379
0.805297 1.88711 0.535387 0.903751 0.977242 1.2206
0.839788 1.87747 0.566339 0.914672 0.995529 1.16412
0.893742 1.82405 0.57377 0.893412 1.01774 1.10499
0.916157 1.76584 0.586055 0.89651 1.02657 1.05565
0.92769 1.68206 0.578545 0.89015 1.03459 1.03784
0.93938 1.47864 0.588674 0.908101 1.02615 0.997363
0.951027 1.25984 0.696115 0.960106 0.985628 1.02473
0.98838 1.05333 0.871417 0.968404 0.969763 1.07181
1.01005 0.942613 1.13104 0.957056 0.983783 1.06262
1.03555 0.953061 1.19917 0.940118 1.00607 1.08973
1.03853 0.972124 1.21761 0.945848 1.01082 1.06179
end
gesture a20 hands 2
1.04137 0.776676 1.24106 0.912832 1.02208 1.09121
1.04391 0.775368 1.2387 0.924985 1.03442 1.06664
1.03943 0.779365 1.22327 0.922606 1.04143 1.05772
1.02776 0.778367 1.19124 0.924304 1.04002 1.06938
1.03212 0.759628 1.17427 0.924052 1.0292 1.06957
1.02911 0.735508 1.15602 0.936007 1.01731 1.06844
1.01579 0.666397 1.11831 0.940071 0.98457 1.05628
0.996786 0.588613 1.09544 0.949416 0.930072 1.09624
0.983265 0.433067 1.05299 1.01677 0.850839 1.09538
0.969737 0.335008 1.03545 1.04361 0.834429 1.08848
0.958283 0.245313 1.01955 1.03636 0.764825 1.04494
0.955963 0.177658 1.03456 0.969625 0.746701 0.909059
0.945167 0.107532 1.03746 0.9852 0.773286 1.00155
0.936324 0.0811776 1.03068 0.962398 0.781334 0.998256
0.991575 0.118831 1.12806 1.00095 0.528879 1.06591
0.970844 0.155535 0.968064 1.00005 0.566078 1.05893
0.97457 0.206592 0.937859 1.02728 0.668863 1.04655
0.987687 0.40819 0.955939 0.72402 0.816978 1.28785
0.975979 0.513763 0.934208 0.991295 0.878611 1.02822
0.953367 0.676854 0.90511 1.06666 0.983367 0.889482
0.935026 0.87442 0.903934 1.14382 1.12379 0.821283
0.934795 0.93368 0.930209 1.19135 1.1714 0.817128
1.02134 0.950491 0.956948 1.19883 1.17555 0.831492
1.24727 1.00447 1.09735 1.1694 1.1335 0.86368
1.38145 1.15021 1.31211 1.13131 1.09185 0.88976
1.41651 1.30648 1.497 1.08517 1.06477 0.895248
1.32356 1.54341 1.61572 1.02738 1.04782 0.920387
1.19932 1.63936 1.65867 1.0082 1.04428 0.925833
1.09544 1.68351 1.61054 0.99005 1.05052 0.944947
1.03718 1.76726 1.55287 0.970784 1.04945 0.942576
1.02128 1.84244 1.44095 0.960251 1.03975 0.940934
1.04069 1.967 1.23566 0.952125 1.03109 0.95831
0.93588 1.92416 0.73973 0.930161 1.01547 1.024
0.804784 1.77331 0.601229 0.938411 1.01773 1.04324
0.695515 1.64294 0.549761 0.934312 1.02857 1.07761
0.630866 1.52719 0.53782 0.928749 1.03815 1.11168
0.630615 1.50419 0.541041 0.932229 1.02181 1.11063
0.640468 1.51127 0.551553 0.919171 0.991762 1.16353
0.674677 1.53276 0.541867 0.922766 1.03186 1.13381
0.710904 1.53809 0.534203 0.913467 1.04424 1.13122
0.761352 1.51689 0.54768 0.907221 1.03794 1.12715
0.845002 1.38729 0.537107 0.908176 1.01754 1.11828
0.940752 1.18218 0.581724 0.908145 1.02935 1.10934
1.00741 0.994418 0.774838 0.896815 1.01197 1.10289
1.0245 0.789479 1.09023 0.897417 0.995624 1.10562
1.03156 0.771578 1.22494 0.901007 1.00846 1.08633
1.03513 0.773998 1.24694 0.887149 1.01381 1.08822
1.03705 0.778369 1.22578 0.903863 1.00707 1.07449
1.04315 0.781351 1.26594 0.912976 1.01558 1.082
end
gesture a20 hands 2
1.05413 0.755272 1.26417 0.951947 1.03531 1.06937
1.05416 0.750414 1.25339 0.942972 1.03936 1.05109
1.05405 0.751142 1.23861 0.951333 1.03501 1.06452
1.0475 0.75646 1.22676 0.941438 1.03796 1.06321
1.05101 0.754777 1.22268 0.953823 1.03931 1.07484
1.0383 0.754846 1.19999 0.952962 1.03661 1.07462
1.02795 0.741438 1.1752 0.964431 1.03275 1.07178
1.02049 0.708051 1.14496 0.970251 1.02186 1.06934
0.991262 0.624854 1.09991 0.973828 0.980461 1.076
0.974534 0.541546 1.06435 1.00201 0.950095 1.08007
0.962745 0.443543 1.04615 1.04463 0.909059 1.0761
0.944154 0.303585 1.0248 1.04769 0.820538 1.00612
0.93724 0.234533 1.02279 1.03999 0.770054 0.941207
0.93059 0.142722 1.01613 1.03383 0.761026 0.954283
0.885624 0.0951598 1.013 1.03055 0.705847 0.898599
0.87258 0.121921 1.07876 1.0084 0.53013 0.9396
0.919453 0.12884 0.992949 1.04077 0.52703 1.03432
0.988833 0.18996 0.985858 1.06463 0.659177 1.00848
1.05524 0.285747 0.978218 1.04928 0.780294 0.961666
1.16591 0.397477 0.98122 0.994688 0.845843 0.987247
1.37497 0.652643 1.08111 0.983881 0.91637 0.953156
1.48327 0.887376 1.14614 0.992657 0.965062 0.948267
1.54769 1.13226 1.24877 0.999336 0.985727 0.936457
1.45657 1.46363 1.36727 1.00997 1.02114 0.912768
1.36258 1.59714 1.41903 1.03086 1.0399 0.893715
1.22935 1.69372 1.45789 1.04694 1.05207 0.883003
1.07084 1.71873 1.4792 1.05412 1.06877 0.885918
1.02775 1.72449 1.45184 1.05209 1.06918 0.870184
0.97768 1.69471 1.48802 1.03395 1.07334 0.892127
0.980853 1.71122 1.44739 1.00195 1.06614 0.879592
0.987966 1.83205 1.3422 0.968642 1.05577 0.870049
0.999486 1.99735 1.07643 0.948473 1.03344 0.877852
0.81559 1.85336 0.585457 0.897915 1.11378 0.979326
0.682384 1.68708 0.468571 0.896465 1.07598 1.01835
0.598696 1.52801 0.445601 0.905718 1.03515 1.08357
0.542231 1.37905 0.476334 0.915174 1.00772 1.16059
0.544117 1.33665 0.492245 0.893552 1.00952 1.28749
0.572097 1.32862 0.498774 0.921639 1.06222 1.27085
0.610677 1.34135 0.504822 0.909114 1.05706 1.26362
0.649105 1.34735 0.50319 0.921352 1.04878 1.27007
0.709888 1.33324 0.494016 0.930657 1.05711 1.19018
0.761598 1.29824 0.522055 0.935468 1.05614 1.15101
0.849631 1.20153 0.598317 0.907242 1.06326 1.13542
0.979009 0.974147 0.792117 0.906177 1.03762 1.09663
1.02156 0.810384 0.991878 0.901834 1.03343 1.08847
1.029 0.740167 1.18212 0.907103 1.03266 1.07275
1.02298 0.729237 1.25803 0.905336 1.0182 1.08315
1.02448 0.729611 1.27853 0.91737 1.01924 1.0537
1.03372 0.73206 1.25712 0.935802 1.03173 1.03364
end
gesture a20 hands 2
1.18034 0.777126 1.18645 1.0073 0.990984 1.02671
1.15037 0.768671 1.24147 1.02603 0.990935 1.00799
1.12503 0.751527 1.27002 1.04672 1.00257 0.999335
1.11552 0.750029 1.26607 1.03178 0.98473 1.02094
1.1062 0.744335 1.25006 1.00856 0.978895 1.07293
1.10381 0.762745 1.13636 0.989238 0.965714 1.02912
1.06726 0.742427 1.0767 0.958495 0.950496 1.0544
1.01731 0.69313 1.01868 0.94513 0.906483 1.10159
0.920034 0.567381 0.966714 0.927042 0.808547 1.16539
0.878416 0.458611 0.981103 0.90117 0.739195 1.22569
0.857481 0.364408 1.01 0.858938 0.68613 1.2887
0.823869 0.294657 1.05649 0.823959 0.646487 1.32832
0.786966 0.297704 1.04345 0.821359 0.627536 1.2919
0.780978 0.360511 1.01775 0.843365 0.61752 1.14915
0.793443 0.568666 0.9064 0.936408 0.738522 0.984378
0.882003 0.832927 0.852396 1.01673 0.860314 0.883841
1.02459 1.1361 0.874336 1.04337 0.987919 0.844474
1.07912 1.43313 1.08592 1.09004 1.13355 0.746131
1.03004 1.51771 1.17265 1.07988 1.18391 0.712352
0.980885 1.57656 1.25566 1.04173 1.21647 0.700963
0.928684 1.58309 1.27526 1.00919 1.22439 0.708625
0.965219 1.66213 1.18716 0.993993 1.20639 0.744056
0.914484 1.77705 1.0188 0.992832 1.18512 0.790084
0.860589 1.6988 0.768956 0.980241 1.11945 0.870106
0.879089 1.61518 0.68809 0.954224 1.07509 0.931336
0.858963 1.56358 0.669865 0.904502 1.06319 0.998796
0.853024 1.43575 0.667787 0.892007 1.02966 1.07991
0.859993 1.28838 0.706711 0.888472 0.992094 1.14776
0.874226 1.05452 0.788612 0.921286 0.976734 1.21245
0.989025 0.823629 0.966964 0.931226 0.964825 1.27633
1.03302 0.756098 1.08571 0.906351 0.94854 1.24747
1.04839 0.745869 1.20826 0.904723 0.945212 1.24567
1.07519 0.749685 1.26858 0.932088 0.95278 1.22455
1.0782 0.739218 1.2371 0.903786 0.957986 1.15123
end
gesture a20 hands 2
1.11965 0.763646 1.31183 0.946527 1.003 1.04596
1.09143 0.769479 1.23734 0.964196 1.0199 0.995648
1.07845 0.787467 1.17915 0.965843 1.02202 0.988261
1.0752 0.800537 1.13918 1.01789 1.04929 0.987775
1.06723 0.826887 1.09867 0.999948 1.03179 0.997646
1.05319 0.834009 1.06984 0.972511 1.0084 1.02975
1.02943 0.800233 1.0636 0.999616 0.996606 1.06195
0.981943 0.706038 1.04747 0.996471 0.93254 1.15339
0.955297 0.602999 1.04424 0.973006 0.847525 1.17333
0.917732 0.450965 1.04472 0.916318 0.754029 1.25256
0.897768 0.369584 1.06058 0.913917 0.684798 1.26661
0.831606 0.324075 1.06589 0.904084 0.648446 1.24309
0.851607 0.300268 1.08651 0.884423 0.60377 1.22661
0.821172 0.358067 1.05276 0.865925 0.614979 1.18406
0.825727 0.443225 0.991169 0.894906 0.676092 1.10928
0.857236 0.702281 0.911272 0.931377 0.808772 0.984345
0.904223 0.862543 0.943134 0.949115 0.906588 0.933456
0.943797 0.973133 0.966354 0.965398 0.991567 0.86809
1.04339 1.19995 0.987436 0.999536 1.07959 0.835778
1.1016 1.41387 1.07074 0.970253 1.11054 0.801529
1.10206 1.52086 1.18693 0.947044 1.14129 0.744375
1.07446 1.59115 1.27352 0.958392 1.15216 0.756373
1.03258 1.60645 1.25164 0.978215 1.1486 0.783714
1.01947 1.66554 1.19806 1.00307 1.12275 0.828829
0.925892 1.75023 0.95028 0.99241 1.08884 0.892303
0.84866 1.63647 0.783743 0.977619 1.06097 0.993551
0.862213 1.5224 0.715343 0.972741 1.05779 1.03068
0.880024 1.40225 0.694644 0.953406 1.01366 1.16227
0.860346 1.33836 0.718413 0.941219 1.01796 1.19822
0.864731 1.20065 0.763919 0.935377 1.00879 1.20832
0.915302 0.939987 0.922673 0.92437 1.00492 1.19851
0.97367 0.838395 1.03387 0.945031 0.99956 1.17263
1.01625 0.791006 1.10792 0.956621 1.0033 1.13571
1.04808 0.780799 1.14505 0.952092 1.01034 1.09129
end
gesture a20 hands 2
1.06907 0.7821 1.12645 0.938198 1.02209 1.08177
1.08415 0.790135 1.12635 0.910468 1.02094 1.00868
1.06906 0.796094 1.0787 0.936514 1.02793 1.01542
1.0659 0.798962 1.0695 0.919515 1.03621 0.964795
1.03055 0.785468 1.05188 0.917696 1.00792 1.01441
0.991812 0.746109 1.04223 0.961783 0.974998 1.11375
0.961473 0.682234 1.03697 0.936252 0.904657 1.13143
0.935698 0.594247 1.03708 0.921145 0.857961 1.15734
0.894923 0.448738 1.0558 0.905618 0.759811 1.23692
0.879223 0.373869 1.08095 0.893164 0.70629 1.28679
0.870991 0.323389 1.09557 0.877866 0.669906 1.28269
0.801674 0.314775 1.18721 0.848441 0.62472 1.19228
0.815761 0.337411 1.0786 0.866763 0.629529 1.07271
0.835281 0.434103 1.01288 0.899476 0.681015 0.980893
0.873374 0.695724 0.924595 0.973961 0.81842 0.847154
0.960282 0.917688 0.930303 1.03162 0.919853 0.78555
1.02945 1.15005 0.955503 1.0582 1.02835 0.742136
1.08151 1.44924 1.14397 1.13606 1.13354 0.674316
1.0811 1.50937 1.24443 1.16629 1.16973 0.663146
1.03935 1.54977 1.33057 1.15184 1.17312 0.669166
0.996282 1.55656 1.36239 1.07853 1.14093 0.704719
0.992746 1.69186 1.26111 1.03558 1.11111 0.763381
1.00749 1.722 1.12842 0.993782 1.08404 0.822608
0.890314 1.70363 0.774577 0.919404 1.02335 0.955575
0.869317 1.51835 0.64522 0.887438 0.981516 1.06008
0.854617 1.4064 0.624163 0.894881 0.991535 1.20009
0.821345 1.32303 0.612704 0.945832 1.01414 1.35397
0.828911 1.28077 0.615612 0.975493 1.01406 1.38678
0.829301 1.22372 0.636102 0.989305 1.03782 1.35267
0.862084 1.08187 0.748242 0.974189 1.00684 1.29012
0.919363 0.943653 0.862029 0.961917 1.00122 1.2245
0.996735 0.834028 0.999935 0.960249 1.00578 1.14403
1.11384 0.771092 1.19856 0.921739 1.01518 1.05673
1.15098 0.77531 1.30874 0.89556 1.00904 1.03903
1.16957 0.785275 1.35996 0.896186 1.00966 1.03803
1.18979 0.779648 1.36948 0.916494 1.00703 1.0352
end
gesture a20 hands 2
0.954625 0.86623 1.19138 0.904088 1.04533 1.1143
0.944696 0.867058 1.21384 0.911431 1.04537 1.09957
0.952702 0.863292 1.22645 0.897938 1.04513 1.09615
0.989129 0.863206 1.18187 0.913033 1.04579 1.08894
0.964797 0.857365 1.21039 0.916562 1.04669 1.07936
0.969954 0.852098 1.18417 0.926513 1.04817 1.07511
0.980934 0.871102 1.13784 0.926971 1.05078 1.07776
0.996595 0.881502 1.07727 0.92665 1.05336 1.10564
1.01769 0.873241 1.01465 0.920064 1.04515 1.10186
1.01847 0.843594 0.991321 0.920291 1.02577 1.12435
1.02079 0.797191 0.965341 0.91986 0.999426 1.13926
1.00347 0.661785 0.93998 0.903455 0.924852 1.1294
0.996971 0.568192 0.928447 0.941475 0.854898 1.1338
0.988406 0.481802 0.921842 0.915827 0.787098 1.07955
0.975061 0.373176 0.924185 0.961921 0.713295 0.978572
0.977053 0.266806 0.921927 0.975568 0.796493 0.92794
0.965573 0.223111 0.897198 0.99312 0.670453 0.909305
0.987275 0.144961 0.905451 1.02817 0.758203 0.770958
1.04335 0.143973 0.876679 1.04366 0.780354 0.746947
1.03609 0.0724477 0.989462 1.04922 0.788174 0.699372
0.961782 0.203651 0.89178 1.04509 0.805801 0.717374
0.922783 0.259547 0.958223 1.0404 0.805166 0.733451
0.894564 0.382507 1.0775 1.03479 0.655135 0.962473
0.92845 0.498888 1.06899 1.01857 0.739021 1.01519
1.07066 0.632638 1.0164 0.986875 0.767693 1.03028
1.10709 0.754034 1.06214 0.96734 0.81779 1.04899
1.19202 0.925718 1.11772 1.00518 0.935496 1.06561
1.29483 1.0549 1.13698 0.996685 0.987405 1.05651
1.36469 1.21422 1.18751 1.00094 1.03132 1.04429
1.38528 1.4534 1.28754 1.03338 1.13337 0.91456
1.32379 1.57699 1.33347 1.02819 1.15992 0.9068
1.25719 1.65279 1.37888 1.01328 1.15455 0.911797
1.16099 1.73407 1.375 0.97841 1.13109 0.978621
1.0955 1.7388 1.37105 0.982329 1.13202 0.987983
1.0383 1.73863 1.35253 0.979027 1.12857 1.00233
0.93733 1.76115 1.24036 0.976394 1.12829 1.01885
0.884821 1.84725 1.05635 0.969592 1.1194 1.03773
0.815863 1.85305 0.829398 0.971636 1.1136 1.06538
0.66121 1.75284 0.65484 0.961192 1.05575 1.13259
0.602424 1.66063 0.619081 0.992014 1.03684 1.16789
0.590796 1.59103 0.604038 0.98292 1.06173 1.19936
0.573284 1.50155 0.583917 0.965954 1.05327 1.20212
0.562808 1.39691 0.597674 0.931734 1.09942 1.27357
0.62904 1.25386 0.673403 0.922086 1.06457 1.27001
end
gesture a20 hands 2
0.837531 1.07026 0.867617 0.812049 1.11388 0.993376
0.975086 0.894713 1.29903 1.04248 1.07241 1.03775
0.988146 0.890283 1.29041 1.03653 1.05521 1.04654
0.988626 0.89784 1.24728 1.00898 1.04376 1.03113
0.989084 0.885814 1.21567 0.957564 1.02776 1.03599
0.990168 0.883207 1.1889 0.950719 1.01648 1.05297
0.984961 0.877824 1.16326 0.94863 1.00343 1.09093
0.984879 0.856341 1.09061 0.9585 0.995025 1.10947
0.974145 0.848156 1.05007 0.977891 0.987864 1.12002
0.974948 0.825782 1.005 0.981029 0.975562 1.11086
0.949506 0.789706 0.94325 0.996769 0.94026 1.11474
0.930578 0.730019 0.919808 1.01991 0.90609 1.13882
0.918478 0.656597 0.898993 1.01977 0.861755 1.14963
0.90368 0.531987 0.88378 1.00567 0.79964 1.10868
0.890893 0.44651 0.874719 1.01058 0.761629 1.02352
0.873891 0.36716 0.879309 1.0269 0.703566 0.99442
0.909544 0.271924 0.881607 1.00495 0.646708 0.950273
0.8151 0.223579 0.955012 1.00608 0.627877 0.938837
0.705856 0.266744 1.01497 0.969029 0.689431 0.927957
0.706204 0.274907 0.978951 1.06376 0.653314 1.00767
0.868316 0.241061 0.871061 1.00685 0.553654 0.909367
0.888819 0.311015 0.841516 1.0054 0.579104 0.918669
0.957238 0.434797 0.810361 1.0056 0.64821 0.946237
1.00437 0.535315 0.812917 0.988551 0.705778 0.98587
1.06771 0.666117 0.828731 0.992757 0.75162 0.998039
1.19332 0.946294 0.861014 0.989933 0.870163 0.979081
1.25983 1.15153 0.914777 0.970774 0.957663 0.951977
1.28828 1.35027 0.996378 0.964731 1.02644 0.93286
1.27606 1.5793 1.1467 0.946239 1.11394 0.918181
1.23869 1.66002 1.22835 0.948863 1.15325 0.892069
1.17948 1.71398 1.30015 0.929081 1.17002 0.878003
1.10229 1.71251 1.35129 0.909207 1.17802 0.890732
1.0496 1.69443 1.35625 0.920861 1.16289 0.903294
1.01176 1.67715 1.33364 0.941718 1.1516 0.920477
1.02831 1.76219 1.17368 0.972178 1.14552 0.971234
1.10069 1.86954 0.915378 0.993894 1.14003 1.00262
1.06396 1.78557 0.613963 1.00509 1.11059 1.10538
0.969005 1.71253 0.547437 1.06237 1.0818 1.22329
0.911535 1.59882 0.501674 1.06181 1.07759 1.24628
0.844457 1.38447 0.537547 1.0681 1.11564 1.25117
0.836143 1.21364 0.620678 1.06998 1.13647 1.25639
0.856267 1.07198 0.751983 1.07155 1.16341 1.26562
0.922299 0.927705 1.00334 1.06295 1.06348 1.34173
0.968676 0.917019 1.14161 0.979987 1.04689 1.23026
0.983735 0.930846 1.19067 0.924905 1.04772 1.15043
1.00407 0.943589 1.23764 0.846544 1.06476 1.01381
1.00563 0.950149 1.24893 0.807627 1.08943 0.929862
1.0071 0.93338 1.28521 0.799987 1.11059 0.865686
0.957961 0.912617 1.27131 0.815115 1.11726 0.819455
0.966351 0.913407 1.26106 0.867531 1.11229 0.814165
0.953242 0.916751 1.28394 0.917725 1.09023 0.843369
0.959879 0.890159 1.27817 0.989777 1.05393 0.919696
end
gesture a20 hands 2
0.989617 0.695548 1.6988 0.830598 0.735393 1.7366
0.984476 0.697245 1.70025 0.825886 0.741702 1.74875
0.984553 0.692887 1.69937 0.839949 0.74002 1.74895
0.985323 0.700154 1.7254 0.84409 0.745573 1.7413
0.989028 0.695818 1.71464 0.843787 0.749248 1.75409
0.988121 0.700644 1.71137 0.806857 0.744429 1.72443
0.998038 0.697488 1.75357 0.847503 0.740863 1.73919
0.992564 0.703612 1.762 0.861049 0.740329 1.7629
1.00309 0.703944 1.80624 0.857474 0.731582 1.74812
1.00736 0.709292 1.83255 0.863027 0.727991 1.78075
1.01027 0.706781 1.84499 0.866023 0.721904 1.78651
1.01357 0.710962 1.83383 0.864326 0.709769 1.79333
1.02601 0.717671 1.88645 0.863927 0.639002 1.74246
1.03593 0.696304 1.97586 0.86139 0.572339 1.70542
1.04383 0.673367 2.00862 0.874923 0.493215 1.65741
1.09812 0.607581 2.11223 0.92407 0.345961 1.59118
1.16605 0.384877 1.78194 0.944382 0.224602 1.56636
1.0209 0.424925 1.71601 0.974809 0.163338 1.53661
1.02372 0.418398 1.69659 1.01754 0.122058 1.53251
0.948007 1.01679 -0.721243 1.21087 1.07888 -0.695103
0.948007 1.01679 -0.721243 1.21087 1.07888 -0.695103
0.948007 1.01679 -0.721243 1.21087 1.07888 -0.695103
0.948007 1.01679 -0.721243 1.21087 1.07888 -0.695103
0.948007 1.01679 -0.721243 1.21087 1.07888 -0.695103
0.948007 1.01679 -0.721243 1.21087 1.07888 -0.695103
0.948007 1.01679 -0.721243 1.21087 1.07888 -0.695103
0.948007 1.01679 -0.721243 1.21087 1.07888 -0.695103
0.948007 1.01679 -0.721243 1.21087 1.07888 -0.695103
0.948007 1.01679 -0.721243 1.21087 1.07888 -0.695103
0.948007 1.01679 -0.721243 1.21087 1.07888 -0.695103
0.948007 1.01679 -0.721243 1.21087 1.07888 -0.695103
0.948007 1.01679 -0.721243 1.21087 1.07888 -0.695103
0.948007 1.01679 -0.721243 1.21087 1.07888 -0.695103
0.948007 1.01679 -0.721243 1.21087 1.07888 -0.695103
0.948007 1.01679 -0.721243 1.21087 1.07888 -0.695103
0.948007 1.01679 -0.721243 1.21087 1.07888 -0.695103
0.948007 1.01679 -0.721243 1.21087 1.07888 -0.695103
0.948007 1.01679 -0.721243 1.21087 1.07888 -0.695103
1.03462 0.813107 1.61875 0.91337 0.966132 1.48307
1.02626 0.807295 1.62229 0.936659 0.933635 1.50932
1.01775 0.811363 1.61623 0.962335 0.92284 1.51573
1.01196 0.823097 1.59138 0.988281 0.935048 1.51017
1.00704 0.859026 1.54722 1.0272 0.960816 1.47821
1.03485 0.90712 1.52393 1.05978 0.975497 1.46527
1.09267 0.976689 1.49956 1.10653 1.03646 1.42004
1.17762 1.19155 1.58908 1.1809 1.28321 1.35456
1.17854 1.33648 1.6905 1.19955 1.47667 1.37991
1.13559 1.44167 1.8141 1.22606 1.61754 1.45113
1.05523 1.50605 1.91786 1.24461 1.70866 1.55507
1.00918 1.50369 1.94468 1.24518 1.70856 1.64366
0.973893 1.49618 1.92672 1.24768 1.70219 1.71881
0.958082 1.50973 1.82844 1.26839 1.66447 1.7534
0.949582 1.55333 1.77819 1.21336 1.65923 1.74998
0.95584 1.78264 1.59114 1.14527 1.7853 1.58218
0.899912 1.79701 1.26643 0.85367 1.76219 1.33918
0.850848 1.7165 1.23323 0.683558 1.60864 1.337
0.822733 1.75321 1.20268 0.603489 1.44049 1.42481
0.848719 1.69548 1.16822 0.551003 1.24914 1.53887
0.88559 1.6244 1.12583 0.519056 1.11617 1.58071
0.908808 1.51093 1.0952 0.526278 0.974726 1.64361
0.951336 1.2025 1.09014 0.62786 0.819823 1.78638
0.970683 1.03741 1.18026 0.697419 0.77672 1.85155
0.972738 0.919339 1.2831 0.748375 0.764333 1.85905
0.995192 0.769107 1.5026 0.784387 0.764892 1.83784
0.977971 0.724907 1.64858 0.801729 0.758528 1.82773
0.994166 0.707878 1.7287 0.790329 0.75815 1.74492
0.99019 0.7092 1.73185 0.782537 0.777721 1.67602
0.990098 0.71135 1.70424 0.787767 0.781967 1.64494
0.993849 0.711113 1.69464 0.805655 0.781394 1.6251
1.00458 0.707559 1.69591 0.810947 0.792275 1.59386
1.00317 0.709773 1.71246 0.831694 0.769732 1.62314
end
gesture a20 hands 2
0.934898 0.742595 1.17839 0.941399 1.05453 0.984999
0.93479 0.74505 1.17667 0.938226 1.04003 0.952499
0.941037 0.742878 1.18582 0.951708 1.04289 1.01094
0.944213 0.745241 1.17862 0.954369 1.04208 1.01577
0.938981 0.745525 1.18295 0.945449 1.04037 1.02606
0.94172 0.747809 1.18976 0.960581 1.04002 1.02343
0.950013 0.75241 1.21752 0.945174 1.04123 1.0365
0.937755 0.753206 1.20278 0.96575 1.03614 1.03799
0.93654 0.752676 1.1958 0.96248 1.0334 1.04982
0.948355 0.743772 1.20606 0.960644 1.03199 1.06397
0.952407 0.723021 1.20205 0.9604 1.02329 1.05833
0.963399 0.695491 1.17204 0.965482 1.00099 1.07277
0.95521 0.618755 1.10909 0.9807 0.94178 1.06486
0.940437 0.541339 1.0895 1.0018 0.889845 1.06523
0.935805 0.447471 1.05543 1.01018 0.810994 1.06164
0.920985 0.306816 1.00109 1.01931 0.655111 0.971346
0.890773 0.219368 0.986445 1.05567 0.580484 0.943903
0.877393 0.150062 0.964669 1.11889 0.504066 0.920329
0.861921 0.17772 0.976717 0.953307 0.570142 0.832277
0.863698 0.323162 0.985057 1.09853 0.455736 1.16125
0.86033 0.383265 0.985117 1.0543 0.520925 1.15164
0.560255 0.651641 1.08431 1.07797 0.424465 1.16876
0.817156 0.587678 1.17472 1.08962 0.402256 1.20676
0.82355 0.574341 1.16496 1.01319 0.379374 1.13804
0.855713 0.517142 0.946015 0.935641 0.897499 1.08224
0.898585 0.625107 0.934413 0.952036 0.943515 1.11462
0.941423 0.721236 0.92749 0.937558 1.02713 1.08739
1.01992 0.853053 0.919059 0.932804 1.07663 1.08489
1.08108 0.936571 0.942508 0.939618 1.10175 1.05997
1.14625 1.00844 0.98657 0.950177 1.12149 1.01865
1.2262 1.16515 1.10725 0.955208 1.13698 0.988966
1.22325 1.22128 1.17033 0.961794 1.13554 0.957306
1.16169 1.37568 1.31625 0.962816 1.14625 0.936533
1.05096 1.48162 1.42764 0.971093 1.1529 0.927105
0.982685 1.50536 1.41803 0.972923 1.15818 0.928836
0.954452 1.54555 1.39069 0.978411 1.14458 0.932771
0.982273 1.78541 1.21476 0.987614 1.13345 0.935187
1.04608 1.87672 1.01631 0.984685 1.13662 0.943801
1.01573 1.81507 0.85276 0.99066 1.11438 0.962445
0.981376 1.79175 0.782996 0.997403 1.08663 0.988618
0.971654 1.79517 0.774442 0.990163 1.10144 1.01014
0.962631 1.80552 0.769381 0.979521 1.11309 1.02043
0.982157 1.77229 0.753489 0.969728 1.10389 1.03239
1.0107 1.72305 0.720471 0.95649 1.10914 1.03084
1.03985 1.6548 0.689422 0.951441 1.11951 1.03394
1.10475 1.4901 0.660174 0.950872 1.12606 1.02468
1.12286 1.39044 0.668956 0.946353 1.12247 1.02674
1.13017 1.28951 0.694344 0.940266 1.11558 1.04675
1.13284 1.15623 0.759728 0.943456 1.12082 1.03201
1.13032 1.08246 0.803381 0.946153 1.11495 1.03198
1.11417 1.01572 0.850966 0.946551 1.1138 1.02799
1.09529 0.930419 0.91927 0.945371 1.09977 1.04048
1.073 0.886379 0.965062 0.95026 1.102 1.03095
1.05285 0.855288 1.00071 0.945891 1.09833 1.04643
end
gesture a20 hands 2
1.05417 0.717043 1.35171 0.908715 0.929545 1.34669
1.0356 0.699557 1.36687 0.913017 0.926671 1.35515
1.02778 0.680168 1.37206 0.915242 0.922118 1.36024
1.01492 0.649011 1.35918 0.920272 0.911744 1.38343
1.00263 0.612785 1.34516 0.919767 0.906972 1.41706
0.98601 0.563091 1.33534 0.91797 0.891708 1.43086
0.961542 0.437867 1.30271 0.961785 0.837401 1.49328
0.944011 0.354778 1.28714 0.965228 0.760111 1.49023
0.913676 0.211325 1.26472 0.930127 0.726306 1.55212
0.895785 0.199373 1.26799 0.89555 0.716722 1.52438
0.888812 0.249613 1.27465 0.762488 0.813593 1.60064
0.947443 0.361613 1.27048 0.840523 0.68701 1.45274
0.870644 0.342727 1.28051 1.06772 1.23623 1.26545
0.857732 0.419229 1.27409 1.08204 1.19002 1.23944
0.869325 0.430052 1.28606 1.11585 1.18705 1.20525
0.878387 0.434303 1.30363 1.01671 1.26159 1.26485
0.854072 0.476145 1.2663 1.09223 1.32424 1.18621
0.892438 0.955152 -0.939462 1.26023 1.20085 -1.12834
0.892438 0.955152 -0.939462 1.26023 1.20085 -1.12834
0.892438 0.955152 -0.939462 1.26023 1.20085 -1.12834
0.892438 0.955152 -0.939462 1.26023 1.20085 -1.12834
0.892438 0.955152 -0.939462 1.26023 1.20085 -1.12834
0.892438 0.955152 -0.939462 1.26023 1.20085 -1.12834
0.892438 0.955152 -0.939462 1.26023 1.20085 -1.12834
1.14898 1.30965 1.44931 0.922154 0.964503 1.2334
1.12172 1.36832 1.54037 0.928512 0.968238 1.21667
1.06521 1.40473 1.65591 0.930979 0.973038 1.19963
1.02745 1.42975 1.70354 0.92925 0.968514 1.20622
0.980213 1.42691 1.71512 0.934007 0.961724 1.20987
0.950656 1.43243 1.68849 0.944456 0.951803 1.21646
0.9846 1.60611 1.61056 0.941366 0.964708 1.21457
0.986422 1.81424 1.41798 0.951097 0.943186 1.22055
1.00201 1.77372 1.17474 0.960381 0.929511 1.24514
0.945535 1.74541 1.13238 0.96335 0.920309 1.26689
0.944235 1.73176 1.08714 0.950024 0.943623 1.27923
0.940953 1.71415 1.06786 0.939381 0.94095 1.29734
0.956108 1.71322 1.06834 0.936326 0.937432 1.30258
0.964211 1.70571 1.0629 0.930252 0.949005 1.31307
1.00722 1.68093 1.04796 0.921837 0.95308 1.32006
1.02279 1.65366 1.04294 0.914388 0.961957 1.31196
1.04659 1.62292 1.02278 0.917954 0.956398 1.30682
1.08974 1.54284 1.00059 0.907888 0.951157 1.31774
1.13669 1.437 0.971488 0.90554 0.960873 1.33547
1.16565 1.31855 0.96831 0.903682 0.97 1.32896
1.16571 1.1111 1.00969 0.904821 0.957906 1.33679
1.15323 0.974668 1.06792 0.908289 0.950014 1.33781
1.13304 0.871945 1.14459 0.911034 0.943937 1.34503
1.08364 0.766148 1.25197 0.916242 0.927644 1.33679
1.05179 0.710739 1.31447 0.92311 0.931398 1.33229
1.02707 0.687298 1.35748 0.922143 0.923149 1.34221
0.995631 0.667627 1.40793 0.928358 0.914725 1.33874
0.958924 0.662467 1.46262 0.932481 0.911387 1.33715
0.947029 0.660858 1.46541 0.928488 0.910427 1.35325
0.952542 0.660448 1.46975 0.929445 0.90795 1.34778
0.945521 0.657586 1.46854 0.927016 0.90713 1.35392
0.95682 0.65721 1.458 0.928711 0.908526 1.3543
end
gesture a20 hands 2
0.982259 0.947216 1.16135 0.908914 1.0295 1.06499
0.988407 0.944406 1.17659 0.908085 1.02815 1.09484
0.996022 0.940744 1.19353 0.913599 1.02837 1.08969
0.994143 0.944221 1.18749 0.914634 1.02831 1.07928
1.0004 0.943795 1.18548 0.911958 1.02822 1.08264
1.0059 0.943644 1.18599 0.915735 1.02696 1.09048
1.00029 0.947756 1.19153 0.920704 1.02795 1.06901
1.0113 0.942723 1.1919 0.925815 1.02558 1.0917
1.01375 0.944371 1.19328 0.931153 1.02628 1.07056
1.00629 0.948411 1.17755 0.936941 1.02787 1.08826
1.0084 0.941811 1.17162 0.954133 1.0272 1.07742
1.01334 0.944839 1.16804 0.957693 1.02338 1.08503
1.01353 0.929316 1.16011 0.972166 1.0144 1.08985
1.01177 0.912317 1.15777 0.982889 1.00497 1.11195
1.0081 0.89569 1.15193 0.985465 0.989579 1.0845
1.00532 0.850168 1.12645 0.999886 0.958682 1.10971
0.994184 0.802284 1.10626 1.0152 0.930431 1.11209
0.983365 0.746982 1.08654 1.03031 0.899698 1.11713
0.962607 0.670588 1.06469 1.03873 0.840129 1.1366
0.951296 0.609457 1.04256 1.05715 0.812804 1.12878
0.927846 0.551417 1.02902 1.05345 0.74573 1.08169
0.925339 0.463834 1.00232 1.08309 0.670882 1.02082
0.925254 0.371686 0.975368 1.0696 0.649924 1.03959
0.908564 0.325858 0.965218 1.14423 0.761069 0.982126
0.908498 0.338633 0.961784 1.14579 0.714853 0.993318
0.873587 0.291872 0.948907 1.12334 0.701454 1.0578
0.862611 0.273429 0.956562 0.936212 0.837171 1.15298
0.906058 0.220483 0.930197 0.850256 0.842703 1.08728
0.902637 0.210606 0.934422 0.829544 0.871565 1.07856
0.890098 0.195216 0.952127 0.785697 0.952461 1.01462
0.87886 0.233456 0.98737 0.784045 1.11772 0.909519
0.839449 0.302145 1.02333 0.767797 1.19358 0.788797
0.858741 0.319796 1.01476 0.855707 1.13164 1.03553
0.804668 0.435175 0.921731 0.932802 1.05704 1.04597
0.873733 0.603772 0.816565 1.01718 1.12489 1.0868
0.933838 0.841872 0.729329 1.04363 1.18991 1.04676
1.33563 0.958078 1.05987 1.03761 0.867078 0.979839
1.22915 1.37327 0.886128 1.07853 0.880116 0.881763
1.24418 1.529 0.959755 1.06731 0.955966 0.885224
1.23129 1.6856 1.1088 1.07777 1.03171 0.831967
1.20523 1.74298 1.20394 1.07579 1.04775 0.820412
1.17295 1.74971 1.27727 1.0667 1.06302 0.82704
1.1142 1.7335 1.32097 1.04241 1.06641 0.818349
1.0709 1.72567 1.32731 1.02824 1.06005 0.825619
1.03575 1.78953 1.2799 0.999902 1.05976 0.842654
0.994693 1.95294 1.12978 0.970805 1.07257 0.855244
0.980313 2.07986 0.868404 0.967735 1.06223 0.888325
0.974501 1.97574 0.643824 0.959994 1.05819 0.928367
0.859512 1.79157 0.562281 0.978617 1.02066 1.01794
0.854446 1.7053 0.571288 0.979225 1.02153 1.07018
0.831639 1.55203 0.573916 0.957262 1.03981 1.10868
0.879797 1.35091 0.688766 0.929463 1.03177 1.16223
0.894851 1.2484 0.734231 0.921802 1.02635 1.16479
0.93023 1.15083 0.789984 0.91346 1.0246 1.1548
end
gesture a20 hands 2
1.08703 0.788541 1.13846 0.877991 0.985908 0.867462
1.11475 0.788473 1.16944 0.952857 0.929759 0.95746
1.10995 0.777953 1.16323 0.97596 0.91495 1.06088
1.08401 0.767639 1.17944 0.946438 0.915306 1.08204
1.03258 0.765883 1.16699 0.949458 0.901514 1.0319
1.00254 0.763959 1.16908 0.923688 0.899474 1.02073
1.0015 0.761005 1.17455 0.892743 0.903295 1.01464
0.981466 0.756973 1.14365 0.91862 0.89225 1.09487
0.991548 0.744843 1.14703 0.925391 0.893604 1.12985
1.00118 0.718181 1.13653 0.926594 0.877617 1.16789
1.00069 0.642939 1.09225 0.925892 0.854013 1.19871
0.992751 0.588175 1.064 0.951221 0.80479 1.18912
0.984155 0.521997 1.04103 0.969087 0.725952 1.21341
0.971635 0.433121 1.00241 0.929892 0.725259 1.23302
0.960375 0.390483 0.987642 0.970934 0.719426 1.23467
0.945956 0.300249 0.975511 0.959569 0.714511 1.24556
0.936375 0.291153 0.981553 0.953114 0.691455 1.27027
0.935878 0.341531 0.982266 1.01373 0.669493 1.21141
0.927737 0.412374 0.963954 0.987646 0.687498 1.2167
0.92305 0.48221 0.958855 0.988022 0.697552 1.23316
0.941369 0.63995 0.965587 1.11879 0.688538 1.29386
0.965675 1.06262 0.839078 1.04872 0.672245 1.22354
0.873513 0.419704 0.934087 0.923135 0.695948 1.25072
0.869492 0.459771 0.918348 0.88386 0.755992 1.30087
0.869384 0.512589 0.9032 0.954252 0.751066 1.20388
0.869673 0.558135 0.896255 0.947689 0.76978 1.18968
0.887078 0.597039 0.891236 0.948386 0.783884 1.18266
0.932489 0.671931 0.874907 0.949697 0.815732 1.18085
0.977024 0.734626 0.851655 0.951987 0.833872 1.13137
1.04352 0.849003 0.817166 0.935224 0.893833 1.14918
1.14018 0.965618 0.810555 1.02048 0.916863 1.00652
1.22894 1.21909 0.970286 1.06028 1.05708 0.84521
1.24144 1.33405 1.08316 1.084 1.17833 0.758161
1.21019 1.44326 1.25898 1.10938 1.32911 0.675164
1.17654 1.4884 1.3502 1.12615 1.39934 0.637393
1.1337 1.52084 1.41455 1.12 1.44947 0.612782
1.05727 1.54692 1.45944 1.09548 1.50312 0.578613
1.00988 1.56829 1.46202 1.08512 1.51127 0.563224
0.963826 1.58455 1.42888 1.07175 1.5113 0.564818
0.885577 1.61735 1.42417 1.08429 1.48194 0.618502
0.861548 1.70934 1.39112 1.09094 1.45037 0.675357
0.92526 1.90052 1.26955 1.08714 1.41021 0.726723
0.961595 1.97951 0.950304 1.05522 1.32433 0.780172
0.893929 1.87454 0.79146 1.02229 1.2412 0.803298
0.85405 1.77855 0.682445 0.966467 1.13515 0.848176
0.837678 1.68645 0.600433 0.870701 1.03026 1.00092
0.838583 1.557 0.543552 0.840848 1.00519 1.10634
0.84787 1.47741 0.561288 0.817152 0.97554 1.17289
0.86556 1.16538 0.605724 0.760743 0.911995 1.29833
0.880054 0.956761 0.760749 0.748915 0.911923 1.35261
end
gesture a20 hands 2
0.93462 0.836778 0.909669 0.742348 0.910343 1.33168
0.977552 0.799396 1.17133 0.761137 0.902325 1.33622
0.988055 0.806584 1.25049 0.810401 0.889348 1.29039
1.01016 0.819895 1.28546 0.847044 0.881117 1.25341
1.07622 0.783349 1.27526 0.893269 0.878938 1.16252
1.10539 0.76539 1.24155 0.915491 0.884781 1.13537
1.10053 0.75513 1.19439 0.942157 0.879671 1.0977
1.07901 0.738994 1.10589 0.961725 0.876854 1.10208
1.05239 0.725306 1.05821 0.958529 0.880873 1.11825
1.02593 0.70808 1.00372 0.986023 0.866004 1.12288
1.00271 0.655519 0.969352 0.966596 0.838469 1.13855
1.00005 0.617374 0.939598 0.937954 0.835254 1.1885
0.99259 0.563816 0.931486 0.952339 0.808842 1.18873
0.973646 0.467772 0.909642 0.942868 0.751675 1.19854
0.969269 0.406708 0.910495 0.955008 0.707697 1.22271
0.965108 0.369326 0.911239 0.941227 0.588013 1.24039
0.959843 0.313825 0.918339 0.918611 0.525596 1.2576
0.960844 0.309952 0.928268 0.908098 0.600421 1.23095
0.95444 0.201658 0.927182 0.988152 0.625343 1.21891
0.953173 0.160089 0.934144 0.923279 0.658066 1.2386
0.941399 0.158567 0.959481 0.913421 0.697566 1.23746
0.91041 0.198373 0.981098 0.937102 0.702461 1.24356
0.888326 0.32641 1.01131 0.901626 0.71562 1.24778
0.866675 0.381453 1.03646 0.922941 0.669306 1.22256
0.848688 0.438803 1.0538 0.891337 0.740998 1.24218
0.837258 0.530295 1.04 0.876786 0.795295 1.2232
0.839391 0.598429 1.0062 0.876462 0.83494 1.2058
0.838354 0.659766 0.978021 0.873038 0.845539 1.19037
0.877958 0.781429 0.905795 0.957743 0.895139 1.0787
0.925103 0.873613 0.859921 1.03803 0.961962 0.991478
0.951891 1.00195 0.845038 1.06998 1.03133 0.916473
1.04699 1.22295 0.858031 1.11451 1.14472 0.831962
1.10855 1.33572 0.932859 1.13867 1.22667 0.777209
1.1461 1.43409 1.04814 1.15477 1.30078 0.759359
1.17643 1.51344 1.21888 1.18375 1.38737 0.723469
1.15948 1.5442 1.32793 1.20844 1.42867 0.705749
1.12596 1.55243 1.42107 1.20934 1.44536 0.683388
1.11315 1.56593 1.51294 1.19027 1.46113 0.63971
1.09574 1.57508 1.50217 1.17911 1.46552 0.61458
1.05756 1.59544 1.5161 1.16966 1.47134 0.576584
0.917939 1.59759 1.47008 1.14095 1.46175 0.542418
0.858181 1.59645 1.45238 1.13168 1.43229 0.556311
0.852991 1.61448 1.38182 1.1101 1.39196 0.589779
0.897514 1.86143 1.27969 1.0819 1.30958 0.66137
1.00252 2.00127 1.06591 1.04618 1.25467 0.713154
0.993737 1.95593 0.836949 1.02048 1.17849 0.753081
0.923057 1.87269 0.686855 0.936567 1.04785 0.837678
0.947791 1.73433 0.589243 0.894285 1.00752 0.910871
0.949165 1.66211 0.542269 0.877137 0.971523 0.998512
0.972147 1.50928 0.488376 0.858308 0.953383 1.12243
0.963121 1.36089 0.482869 0.856684 0.936666 1.1687
0.964674 1.15196 0.555853 0.850802 0.930709 1.19218
0.950897 0.893137 0.799004 0.856877 0.91604 1.23193
end
gesture a20 hands 2
0.947193 0.825233 0.925711 0.892784 0.975977 1.18668
0.940468 0.81392 1.03544 0.872937 0.979562 1.18935
0.948777 0.811037 1.05054 0.890276 0.988125 1.13747
0.964186 0.79577 1.04762 0.887363 0.986458 1.11155
1.0066 0.727897 0.985163 0.922303 0.952331 1.03784
1.0116 0.702616 0.951647 0.950097 0.920808 1.0524
1.01536 0.611593 0.93384 0.990874 0.849753 1.09666
1.00163 0.550698 0.923274 1.00852 0.799722 1.10446
0.992833 0.495815 0.89782 1.02673 0.764075 1.13555
0.955337 0.381573 0.891994 1.03431 0.710886 1.17424
0.945072 0.281145 0.879189 0.991884 0.725008 1.18487
0.961109 0.195061 0.904233 0.96388 0.74366 1.20814
0.956524 0.162223 0.92218 0.934207 0.767099 1.19441
0.932791 0.194059 0.923057 0.932322 0.788342 1.18141
0.936544 0.226554 0.918027 0.946592 0.745194 1.17327
0.933254 0.23586 0.934783 0.944339 0.750839 1.13893
0.91234 0.275284 0.953024 0.881142 0.784597 1.15773
0.894696 0.300943 0.981877 0.939523 0.792154 1.24246
0.884367 0.43337 1.01838 0.927181 0.818127 1.23065
0.914618 0.540995 1.02015 1.03865 0.841682 1.25092
0.867322 0.536723 1.05287 1.05732 0.885232 1.24933
0.891729 0.56397 1.04939 1.20866 1.00549 1.18399
0.80648 0.653188 1.04347 1.20391 1.04038 1.2026
0.803031 0.708282 1.00086 1.12325 1.02703 1.13915
0.861479 0.803741 0.941937 0.988174 0.959781 1.03322
0.91851 0.887445 0.874574 1.00097 0.9938 1.00303
1.02106 0.976247 0.840155 0.998149 1.00515 0.960518
1.15604 1.14146 0.878042 1.00282 1.04074 0.894995
1.19288 1.19719 0.913357 1.00506 1.04639 0.879918
1.24035 1.3458 1.04187 1.03426 1.0967 0.783049
1.22859 1.45868 1.1707 1.06112 1.13516 0.718101
1.19258 1.51331 1.25193 1.0751 1.14981 0.699524
1.13685 1.55299 1.3176 1.07887 1.1597 0.681362
1.06619 1.58357 1.33201 1.07314 1.18767 0.645563
1.02561 1.60344 1.32364 1.06156 1.20368 0.624129
0.986775 1.61652 1.31228 1.04009 1.20987 0.60978
0.935049 1.63737 1.29354 1.00156 1.2018 0.60843
0.900552 1.6382 1.26294 0.976962 1.17691 0.638847
0.884501 1.65118 1.26466 0.961809 1.14637 0.689239
0.875729 1.69247 1.23861 0.946464 1.08561 0.763771
0.86281 1.87841 1.18587 0.943509 1.03956 0.806892
0.931501 2.04872 0.988051 0.96165 1.03939 0.819891
0.923917 1.94891 0.679231 0.977739 1.04698 0.829822
0.872739 1.8263 0.535089 0.94339 1.03157 0.862043
0.865168 1.69399 0.455808 0.903084 1.00144 0.956163
0.917991 1.47123 0.372363 0.890044 1.00201 1.11486
0.954576 1.24596 0.416851 0.891289 1.01551 1.21051
0.976874 1.02592 0.587841 0.891053 1.00987 1.28223
1.04666 0.824242 1.02224 0.914252 1.01452 1.30025
1.0676 0.86508 1.28545 0.931979 1.02053 1.33539
1.06052 0.957287 1.44751 0.938128 1.03072 1.3242
1.1032 1.03476 1.58025 0.92091 1.03208 1.27142
1.0979 1.01382 1.58356 0.909001 1.01212 1.21581
1.14244 0.924877 1.52444 0.884978 0.993757 1.10652
1.16247 0.802485 1.31194 0.907235 1.00259 0.894769
end
gesture a20 hands 2
1.00405 0.692827 1.26856 0.990891 1.02754 0.906685
1.00977 0.697983 1.30151 0.988648 1.03478 0.92354
1.01445 0.701714 1.28315 1.04081 1.03799 0.954801
0.988519 0.716098 1.23762 1.00252 1.02519 0.960553
0.987561 0.717133 1.2282 0.97851 1.01475 0.959671
1.00247 0.721793 1.23212 0.957016 1.00762 0.970261
1.00683 0.709037 1.23818 0.910639 0.986859 1.05049
1.01345 0.685189 1.19919 0.91086 0.973961 1.07197
1.02095 0.650366 1.18244 0.927387 0.96795 1.11349
1.04667 0.569544 1.11513 0.965592 0.932275 1.17946
1.05229 0.499049 1.0619 0.953816 0.855683 1.22305
1.0609 0.373314 1.06661 0.960093 0.833388 1.28433
1.0469 0.263876 1.01998 0.953459 0.781016 1.34589
1.04682 0.163765 1.01554 0.853759 0.680914 1.35621
1.03192 0.0783477 1.02722 0.875346 0.704083 1.20689
0.983001 -0.0381602 1.06741 1.01341 0.833861 1.0671
0.974882 -0.0494113 1.07844 1.01591 0.787757 1.01957
0.982553 -0.0549012 1.08152 1.01803 0.673294 1.02123
0.978223 0.0394217 1.06859 1.04524 0.70051 1.02609
0.980433 0.190449 1.07222 1.03992 0.813703 1.04937
0.991684 0.33596 1.05936 1.21053 1.01674 1.18809
1.00739 0.528446 1.00412 1.3213 1.1605 1.25925
1.03541 0.710435 0.947664 0.9483 0.876732 1.13183
1.04008 0.953625 0.921378 0.957244 0.927327 1.05215
1.08203 1.20339 0.889501 0.957612 1.00035 0.941701
1.06122 1.37913 0.919402 0.963952 1.03516 0.901437
1.02332 1.49955 0.983659 0.964977 1.07579 0.856424
0.962864 1.62168 1.08778 0.957524 1.10442 0.862421
0.934249 1.66309 1.15442 0.946178 1.10932 0.876283
0.901658 1.68396 1.19013 0.95074 1.10498 0.880943
0.888239 1.84482 1.10889 0.939533 1.07753 0.914248
0.896104 1.91793 0.945409 0.945493 1.03694 0.941226
0.89001 1.89349 0.877499 0.943925 1.02118 0.972027
0.865508 1.90609 0.839789 0.955029 1.00638 1.03306
0.869543 1.91105 0.849853 0.954453 1.01178 1.04716
0.874156 1.91474 0.863888 0.946511 1.01756 1.05044
0.89636 1.91481 0.877274 0.941935 1.02137 1.03565
0.91256 1.8979 0.854744 0.926241 1.0621 1.02577
0.928922 1.84985 0.816135 0.924688 1.07193 0.979638
0.932195 1.69067 0.763239 0.914074 1.07168 0.962226
0.940778 1.50657 0.728066 0.909977 1.06731 0.959689
1.00015 1.28228 0.734196 0.913913 1.04955 0.951088
0.931716 0.808952 0.963395 0.917283 1.03113 1.03637
0.932207 0.721414 1.17775 0.927316 1.03187 1.04302
end
gesture a20 hands 2
1.06313 0.640359 1.2326 0.94056 1.15901 1.06949
1.06875 0.661986 1.23553 0.937864 1.15852 1.12031
1.08442 0.655141 1.24175 0.944775 1.14642 1.1338
1.08694 0.635959 1.23401 0.948586 1.14436 1.12385
1.08651 0.624006 1.2026 0.9633 1.15212 1.09119
1.08616 0.600889 1.18637 0.968741 1.14527 1.08341
1.09252 0.567934 1.17429 0.974029 1.13805 1.07871
1.09382 0.476469 1.103 0.96147 1.05405 1.07084
1.09854 0.428529 1.08017 0.943599 0.959445 1.06337
1.11238 0.297067 1.0491 0.935159 0.93273 1.11804
1.09688 0.187299 1.01717 0.965366 0.75477 1.22819
1.07852 0.1506 1.02277 0.887903 0.828255 1.13883
1.06716 0.137193 1.05644 0.898049 0.893975 1.1173
1.06471 0.140129 1.06248 0.859415 0.792438 1.0522
1.04418 0.236464 1.11289 0.958985 0.445316 1.21145
0.699228 0.772464 1.05651 1.06615 0.451489 1.11849
0.74245 0.822905 1.09809 1.0239 0.595788 1.11605
0.796251 0.846382 1.0804 0.914957 0.808597 0.990246
0.865606 0.875734 1.10601 0.882545 0.784331 0.996682
0.936287 0.971279 1.10758 1.03727 0.596616 1.09099
0.701484 0.920342 1.20678 1.06085 0.425702 1.12103
0.60898 0.884057 1.18482 1.10228 0.569807 1.17937
0.634421 0.692558 1.15211 1.10109 0.523642 1.19065
0.651354 0.651192 1.09982 1.10131 0.579237 1.1815
1.04376 1.58517 1.11893 0.968851 1.23552 0.766768
0.957409 1.67311 1.18286 0.954015 1.19565 0.780222
0.992152 1.66143 1.24371 0.948464 1.19333 0.784921
0.957559 1.72461 1.17005 0.93985 1.18317 0.817099
1.0065 1.84388 0.99341 0.937686 1.17225 0.859381
1.01444 1.85081 0.83751 0.934587 1.15532 0.848295
0.98646 1.82836 0.781746 0.942351 1.14765 0.897678
0.975724 1.8342 0.774284 0.966697 1.15481 0.915751
0.986886 1.82079 0.77467 0.973477 1.14805 0.998967
1.01134 1.78888 0.742601 0.941197 1.17203 1.05121
1.01763 1.71914 0.694963 0.943925 1.18884 1.04075
1.02059 1.58476 0.656098 0.941854 1.19573 1.0518
1.03988 1.28361 0.585524 0.935342 1.18657 1.04054
1.04936 0.96667 0.731503 0.924089 1.16566 1.02947
end
gesture a20 hands 2
1.13204 1.12851 0.853706 0.76668 0.758292 0.973982
1.15393 1.04379 1.13442 0.786344 0.761261 0.991091
1.15891 1.04304 1.14059 0.804884 0.762231 0.963127
1.17212 1.04159 1.115 0.818787 0.755953 0.966267
1.18905 1.02751 1.07918 0.826377 0.742035 1.02302
1.18753 1.01492 1.03858 0.831006 0.731279 1.01754
1.18788 0.987895 1.00552 0.828384 0.70892 1.03338
1.18714 0.908373 0.964058 0.818401 0.668271 1.07754
1.18126 0.814614 0.945342 0.782924 0.60026 1.04708
1.1864 0.710715 0.946176 0.783617 0.591904 1.14048
1.18217 0.569196 0.946141 0.692706 0.427393 1.07936
1.16321 0.598774 0.955992 0.583453 0.526786 1.22125
1.15065 0.653259 1.05621 0.695404 0.640474 1.18895
1.2028 0.68799 1.01724 0.638372 0.760763 1.29109
1.17402 0.714143 1.01783 0.715422 0.699517 1.22264
1.18611 0.766984 1.02703 0.743981 0.672594 1.16759
1.11629 0.832361 1.05545 0.624684 0.645705 1.18694
1.1179 0.903481 1.1029 0.640505 0.611233 1.17022
1.1401 1.14338 1.01477 0.565139 0.918589 1.17304
0.75973 1.03503 1.07765 1.30947 0.978573 1.01848
0.775797 1.06103 1.06182 1.34119 1.13502 1.0344
0.762154 1.07301 1.0087 1.38872 1.32969 0.966331
0.752958 1.09425 0.997522 1.36608 1.31939 0.924175
0.740122 1.08112 0.983522 1.30858 1.35516 0.851663
0.735025 1.07731 0.992804 1.27356 1.32634 0.914901
0.732099 1.0391 1.04654 1.18416 1.37566 1.07564
0.730602 1.03445 1.00147 1.16193 1.41095 1.00874
0.733502 1.04142 1.03825 1.1627 1.40491 1.0017
0.721626 1.03907 1.04872 1.14602 1.38063 0.970122
0.716175 1.02859 1.06212 1.14401 1.37014 0.957745
0.706409 1.01421 1.08656 1.15304 1.36496 0.966101
0.707636 1.05456 1.13267 1.156 1.35417 0.970925
0.714259 1.08592 1.11475 1.15565 1.30565 0.985203
0.725096 1.06216 1.12064 1.17792 1.30616 1.01115
0.74391 1.06342 1.13447 1.29582 1.16044 0.883111
0.758814 1.06661 1.16682 1.32961 1.30178 1.07804
1.13862 1.0834 0.981011 0.78749 0.75803 1.05511
end
