gesture a02 hands 2
1.39257 0.871516 1.23905 0.859922 0.976057 1.13791
1.14431 1.09494 0.91452 0.938011 0.959876 1.11651
0.971513 1.12638 0.820735 0.947383 0.979079 1.10623
0.63475 1.17199 0.870569 0.982215 0.948214 1.04172
1.01491 1.10324 0.83395 0.990466 0.939984 1.01576
1.25365 1.09794 0.968184 0.947509 0.994373 1.07055
0.930747 1.14412 0.811118 0.949581 0.990863 1.05192
0.623098 1.10667 0.890341 0.939521 0.97812 1.0775
0.688516 1.1036 0.870993 0.960546 0.964717 1.03845
1.04412 0.907905 0.957172 0.965227 0.939668 1.0286
1.10571 0.686571 1.24323 0.941 0.997085 1.08868
0.952388 0.618776 1.4888 0.960083 0.965799 1.03878
0.999045 0.601922 1.45442 1.01745 0.960497 0.949819
end
gesture a02 hands 2
0.984167 0.703912 1.37226 1.012 0.960805 0.986313
1.33565 0.850574 1.23768 1.01198 0.96848 1.02728
1.22928 1.02137 0.921154 0.984724 0.966569 1.01025
0.618606 1.16085 0.842315 0.972452 0.954863 1.06476
0.541482 1.16847 0.903906 0.979827 0.944727 1.03682
0.966367 1.155 0.967417 0.952842 0.94662 1.04462
1.18461 1.11997 0.874326 0.934642 0.984964 1.08749
0.692308 1.12192 0.808227 0.949023 0.979098 1.01648
0.745583 1.11174 0.822001 0.940008 0.988522 1.06973
1.0899 0.987913 0.901506 0.961188 0.96494 1.06716
1.14593 0.767296 1.22904 0.995191 0.970613 1.00534
0.999954 0.703714 1.42934 0.978462 0.963087 1.0197
0.986962 0.73752 1.41606 1.00239 0.95972 1.00156
end
gesture a02 hands 2
1.02816 0.678478 1.37124 1.01386 0.965995 0.982125
1.31905 0.85983 1.11305 0.958459 0.958538 1.06722
1.21748 1.02895 0.892403 0.951393 0.980342 1.05438
0.632854 1.1763 0.824845 0.929484 0.971611 1.10239
0.546422 1.19792 0.923066 0.941742 0.959151 1.06414
0.757723 1.19903 0.771284 0.917837 0.971559 1.13065
1.21784 1.1667 0.888346 0.927114 0.977322 1.10095
1.27177 1.14571 0.927574 0.912428 0.982266 1.12947
1.07047 1.16153 0.818898 0.933253 0.969241 1.05295
0.696279 1.14111 0.822989 0.98573 0.945583 1.0133
1.08131 0.74022 1.16931 0.931473 1.00796 1.04601
1.01378 0.685562 1.44469 0.93515 0.985652 1.11476
1.01538 0.709296 1.45912 0.971053 0.969822 1.0144
end
gesture a02 hands 2
0.926431 0.544745 1.39639 0.98631 0.933989 1.04337
1.38112 0.814216 1.23712 1.00276 0.913257 1.03156
1.45012 0.985611 1.10572 0.959546 1.01922 1.03232
1.13118 1.16241 0.808775 0.987613 0.940301 1.05138
0.489642 1.21072 0.962432 0.941818 1.00315 1.07055
0.926603 1.26548 0.673205 0.936492 0.979517 1.00149
1.33719 1.20393 0.875271 0.958113 1.00006 1.04923
1.17811 1.22317 0.787995 1.01286 0.988217 1.01701
0.561113 1.24556 0.850399 0.92343 1.02067 1.02076
0.507716 1.21598 0.962867 0.980013 0.973061 1.04322
1.14718 1.16451 0.783229 0.937479 1.01639 1.04272
1.19583 1.09555 0.911134 0.987812 0.966203 1.0236
0.961033 0.576148 1.41891 0.913107 1.03277 1.01883
end
gesture a02 hands 2
0.909647 0.460245 1.41854 1.00994 0.903563 1.03434
1.33893 0.946776 1.07742 0.963174 1.00714 1.0611
1.31564 1.08144 0.935274 0.988185 0.944251 1.05462
0.697905 1.23512 0.821986 0.891115 1.00954 1.05562
0.51882 1.21167 0.976319 0.950591 1.03361 1.06052
0.83956 1.27723 0.783163 0.990709 0.928905 1.05712
1.30375 1.20396 0.923149 0.924135 1.00214 1.05419
0.610371 1.27026 0.830189 1.01323 0.983242 0.999295
0.532384 1.22396 0.970389 1.02757 0.987777 1.00702
0.894495 1.22992 0.782065 0.986002 1.01308 0.956856
1.24403 1.05816 0.889009 0.918751 1.02918 1.01002
1.02669 0.47803 1.43613 0.882346 1.0064 1.01437
0.924711 0.437585 1.43285 1.02065 0.917521 1.02524
end
gesture a02 hands 2
0.91862 0.517166 1.38062 1.023 0.909301 1.03634
1.36983 1.08178 1.00892 0.967946 1.044 1.05489
1.03303 1.38025 0.782842 0.993908 0.969396 1.06276
0.505859 1.26597 0.950434 0.891783 1.04433 0.938385
0.504584 1.26797 0.946705 0.957368 0.995437 1.03516
1.02251 1.36298 0.714454 0.914773 1.04132 1.05455
1.34185 1.233 0.879665 0.985122 0.949177 1.04586
0.705806 1.31854 0.740894 0.917965 1.00674 1.07055
0.560315 1.27921 0.906223 0.932802 1.03652 0.956188
0.985662 1.29829 0.722128 0.883158 1.00745 1.01182
1.2766 1.04336 0.892313 0.896409 0.993235 1.01408
1.1314 0.571531 1.20657 1.02107 0.930412 1.03965
0.914201 0.529627 1.37817 1.01712 0.941777 1.04703
end
gesture a02 hands 2
1.01289 0.675543 1.3423 0.974042 0.975974 1.01923
1.25538 0.827608 1.13463 0.968393 0.968986 1.05038
1.32457 0.944765 0.996668 0.962451 0.978775 1.02847
1.23123 1.01553 0.867687 0.962101 0.95765 1.06321
0.949751 1.03327 0.782298 0.92743 0.915743 1.04607
0.723113 1.1373 0.796308 0.949126 0.914316 1.09005
0.509323 1.17517 0.971518 0.96182 0.937442 1.12345
0.42371 1.19149 1.14207 0.952912 0.986944 1.10045
0.64586 1.1817 0.814764 0.965392 0.976683 1.0024
1.04273 1.19786 0.680646 0.973361 0.979896 1.02364
1.40359 1.13183 0.857531 0.975901 0.977591 0.980258
1.31334 0.882338 1.01393 0.986459 0.97633 1.02285
1.10644 0.670656 1.28113 0.99211 0.974334 0.994964
end
gesture a02 hands 2
1.02159 0.647948 1.41187 0.976205 0.972637 1.01798
1.32884 0.932655 0.955641 0.992106 0.965047 1.01493
1.18757 1.10302 0.788629 0.957104 0.9689 1.02206
0.993687 1.1272 0.862986 0.936647 0.982872 1.14744
0.805494 1.17401 0.781031 0.972307 0.94354 1.21761
0.393991 1.16879 1.09937 0.99724 0.921839 1.23427
0.397189 1.18444 1.05572 0.936103 0.924573 1.14972
0.73879 1.22572 0.714728 0.964974 0.958297 1.09419
1.1511 1.22325 0.689945 0.953206 0.964929 1.02245
1.4129 1.11546 0.863636 0.948438 0.993258 1.04389
1.25219 0.735305 1.16268 0.949923 0.97876 0.970427
1.0018 0.641016 1.40682 0.958032 0.985638 0.950273
1.00451 0.649422 1.40009 0.977288 0.977353 1.00346
end
gesture a02 hands 2
1.04436 0.657102 1.39302 0.983876 0.973301 1.02636
1.25459 0.875734 0.934433 0.971963 0.97028 1.04505
1.20758 1.01379 0.804774 0.953319 0.971782 1.00814
0.914024 1.19266 0.858143 0.973641 0.962969 1.0749
0.767748 1.23745 0.744097 0.922037 0.969132 1.07596
0.550189 1.24923 0.888855 0.952826 0.948016 1.09882
0.491192 1.2506 0.955683 0.947279 0.966781 1.12358
0.792809 1.24982 0.739171 0.925674 0.922549 1.06814
1.05742 1.2358 0.836078 0.934022 0.912719 1.06949
1.25469 1.1759 0.767981 0.97414 0.982045 1.00811
1.2537 0.771095 1.06637 0.993912 0.969164 1.03248
1.08035 0.632165 1.37471 0.998997 0.974555 1.01534
1.0582 0.653588 1.3872 0.983181 0.9756 1.04131
end
gesture a02 hands 2
0.983922 0.848176 1.12701 0.983112 0.980755 0.983641
1.03089 0.866267 1.09177 0.967843 0.996838 0.995034
1.14301 1.04909 0.891069 0.983223 0.961509 1.02282
1.01285 1.19163 0.75358 0.968827 0.96726 1.03437
0.706348 1.21008 0.745126 0.996965 0.976922 0.993264
0.553484 1.26679 0.892985 0.988945 0.954575 1.02523
0.785979 1.25542 0.703782 0.981592 0.967047 0.991716
1.06992 1.25001 0.703033 0.955823 0.98104 1.0377
1.24108 1.24662 0.828827 0.955606 0.972991 1.13407
1.05146 0.976777 0.956306 0.946295 0.973815 1.06048
1.00398 0.829548 1.24257 0.944561 0.971399 1.066
1.01421 0.835165 1.29159 0.958494 0.979393 1.00175
1.00916 0.820134 1.23706 0.961877 0.957565 1.04081
end
gesture a02 hands 2
0.989894 0.758898 1.23176 0.968161 0.946764 1.00238
1.13657 0.905321 1.00759 0.949121 0.963617 0.994757
1.10493 1.10601 0.866786 0.96611 0.941137 1.02352
0.925128 1.20893 0.7727 0.948027 0.955063 1.0212
0.588283 1.21301 0.832793 0.924712 0.954113 1.1206
0.556822 1.23016 0.888958 0.934074 0.971321 1.1501
0.610512 1.23762 0.8549 0.929126 0.957202 1.05144
0.964391 1.22509 0.756691 0.945351 0.961451 1.09358
1.07641 1.2474 0.79041 0.966361 0.961654 1.02961
1.13843 1.19849 0.881063 0.959812 0.9606 1.06447
1.10012 1.01127 0.949497 0.980052 0.982778 0.994436
1.00755 0.769207 1.28121 0.956267 0.962482 1.09942
1.01009 0.768548 1.26065 0.964187 0.94942 1.04391
end
gesture a02 hands 2
1.01983 0.767257 1.21764 0.964191 0.938396 1.02841
1.14457 0.924245 0.968087 0.955425 0.943435 0.999312
1.14715 1.07059 0.912546 0.928118 0.963908 1.03634
0.924005 1.16514 0.78953 0.9327 0.961183 1.13674
0.650341 1.18846 0.833488 0.933754 0.954561 1.11628
0.506379 1.19605 0.940835 0.913821 0.969504 1.13712
0.590998 1.2278 0.89468 0.959278 0.981548 1.00258
1.05309 1.22645 0.788072 0.97122 0.959713 1.05455
1.12474 1.15754 0.894282 0.977742 0.971632 0.997751
1.09571 0.866381 1.08926 0.968562 0.954383 1.05453
1.00818 0.771147 1.31954 0.993159 0.963466 1.01698
1.01058 0.759896 1.30198 0.949688 0.945369 1.03025
1.01737 0.77587 1.16804 0.964438 0.946945 1.00242
end
gesture a02 hands 2
0.965778 0.693187 1.28452 0.926388 0.951405 1.01335
1.15868 0.722928 1.28532 0.930925 0.94103 1.00406
1.24607 0.968722 1.01771 0.983842 0.928609 1.0416
0.628317 1.1686 0.933253 0.956841 0.937365 1.00768
0.612949 1.18169 0.993289 0.990758 0.943066 1.05961
0.838131 1.22135 0.788689 0.972399 0.99101 1.04787
1.26429 1.07635 0.950992 0.976703 0.975659 1.04049
1.06038 1.09349 0.818981 0.959798 0.995077 1.03524
0.59945 1.09891 0.975329 0.972293 0.985931 1.04282
0.589432 1.08651 1.02884 0.976736 0.99005 1.00851
0.960006 1.07379 0.785742 0.972806 0.977489 1.05867
1.16256 1.08362 0.879344 0.963828 0.974244 1.02457
0.964962 0.704982 1.34108 0.986742 0.961965 1.04014
end
gesture a02 hands 2
1.02463 0.765787 1.25182 0.974218 0.955072 1.04597
1.12773 0.761003 1.19723 0.925394 0.956245 1.02004
1.10901 0.967336 0.877336 0.966069 0.950391 1.06497
0.610495 1.17922 0.944017 0.99338 0.94066 1.04223
0.628009 1.26593 0.974086 1.00152 0.951268 1.0308
0.96226 1.15957 0.719951 0.975666 0.951811 1.07794
1.25607 1.05284 0.904107 0.978482 0.975825 1.04294
0.611868 1.14326 0.947545 0.955101 0.989828 1.06775
0.601793 1.14673 1.01025 0.975946 0.974402 1.03433
0.976369 1.11305 0.742971 0.950473 0.966054 1.05881
1.28984 1.03365 0.970387 0.977037 0.985361 1.0124
1.18973 0.819284 1.24022 0.961097 0.974468 1.02804
0.992776 0.758995 1.23298 0.974925 0.961522 1.01091
end
gesture a02 hands 2
1.02782 0.708088 1.2869 0.985713 0.961755 1.00358
1.12891 0.967372 0.905023 0.946599 0.95393 0.98119
0.582703 1.16412 1.02615 1.00601 0.953954 1.02417
0.578875 1.14003 1.00437 0.942489 0.947926 1.02722
0.973573 1.19318 0.72247 1.00742 0.972919 1.02665
1.23284 1.05406 0.897418 0.962109 0.996432 1.02498
0.61594 1.16014 1.01906 0.957946 0.985285 1.07102
1.29232 1.07792 0.944198 1.00211 0.983444 0.998009
0.674205 1.11642 1.0398 0.968855 0.973578 1.06633
0.980637 1.21273 0.773914 0.985106 0.993182 1.00753
1.26713 0.983741 0.974785 0.967816 1.0076 1.04451
1.0702 0.690359 1.32828 0.959646 0.962395 0.998903
1.01928 0.689889 1.3385 0.978294 0.967906 1.05029
end
gesture a02 hands 2
0.853014 0.632643 1.32691 0.968482 0.974865 1.0373
1.2799 0.809122 1.41171 0.973515 0.989518 1.03607
1.3067 1.04035 0.978588 0.999686 0.937687 1.0367
0.334007 1.18117 0.890145 1.00187 0.940684 1.02666
0.859331 1.23371 0.692662 0.956518 1.02312 1.03478
1.38155 1.21241 1.09176 0.963481 0.977312 1.03339
1.39714 1.19965 1.13425 0.980901 0.983113 1.03038
1.10432 1.21734 0.783699 1.00464 0.914971 1.01925
0.554097 1.15616 0.753126 1.02777 0.930431 0.98477
0.60484 1.18291 0.746278 0.976611 0.993856 1.02607
1.29716 1.21775 0.921131 0.973744 0.981438 1.00781
1.1286 0.951982 0.928159 0.970464 0.968542 1.03888
0.843233 0.605865 1.30421 0.969189 0.971494 1.02536
end
gesture a02 hands 2
0.89319 0.605803 1.35254 0.968189 0.954154 1.04253
1.29538 1.01348 0.968187 0.96389 0.980449 1.05167
0.783432 1.26659 0.704135 0.998099 0.941053 1.02286
0.527057 1.24926 0.85948 0.997642 0.936416 1.00872
1.09614 1.34002 0.803335 0.966173 0.991916 1.03505
1.26591 1.29219 0.904692 0.994815 0.954006 1.01396
1.17608 1.29869 0.841992 0.982759 0.951911 1.03667
0.655792 1.26638 0.779904 0.998388 0.935711 1.01335
0.595932 1.23394 0.875623 0.961786 1.01345 1.02218
1.07273 1.24965 0.804335 0.964994 0.986204 1.02141
1.14502 1.2232 0.847326 0.963528 1.00686 1.03515
1.05587 0.738296 1.08804 0.969919 0.951061 1.04567
0.896646 0.614465 1.35301 0.971507 0.967078 1.02733
end
gesture a02 hands 2
0.923951 0.622394 1.35342 0.973803 0.963976 1.02119
1.2119 1.08084 0.86329 0.96832 0.961019 1.05537
0.963681 1.35151 0.745739 0.978247 0.954631 1.04581
0.740721 1.30611 0.787866 0.96344 0.992646 1.05598
1.22347 1.36261 0.847335 0.973596 0.974075 1.03534
1.27553 1.30572 0.895276 0.960213 1.01853 1.03692
0.810806 1.30191 0.761287 0.958263 0.982991 1.03017
0.660026 1.24013 0.84437 0.961705 1.0063 1.02888
1.00525 1.34736 0.745671 0.981482 0.949764 1.0217
1.08191 1.32342 0.794395 0.976943 0.956452 1.00895
1.08356 0.928313 0.896417 0.965622 1.00887 1.02168
0.979943 0.6357 1.26673 0.97595 0.938396 1.04495
0.91806 0.62405 1.32982 0.990211 0.934994 1.03689
end
gesture a02 hands 2
0.955356 0.580198 1.3078 0.985153 1.0226 0.989021
1.20045 1.19554 0.710423 0.974197 0.992262 1.06982
0.519151 1.19907 0.957267 0.980685 1.02292 0.997241
1.0561 1.20649 0.689847 0.99052 0.941793 1.01385
1.5055 1.10067 1.05687 0.997159 0.994023 1.10266
0.955249 1.1857 0.709074 0.936661 0.951588 1.03863
0.523979 1.20523 0.997677 1.00699 0.994476 1.00309
1.00065 1.18911 0.733687 0.970315 1.01384 1.00306
1.50016 1.12306 1.04675 0.990356 0.987231 1.08677
1.30833 1.18994 0.830964 0.936415 0.990094 1.04385
0.479827 1.20611 1.05308 1.01613 0.994337 1.05566
0.99351 0.530915 1.08601 0.947717 0.916352 1.03275
0.977985 0.558501 1.35288 1.02169 0.966356 0.952288
end
gesture a02 hands 2
0.981275 0.53329 1.34298 0.964423 0.913723 1.0351
1.3463 0.962143 0.977798 0.931846 0.987183 1.04035
1.57962 1.07397 1.0811 0.867876 0.836921 1.03463
1.32973 1.24636 0.793708 0.971668 1.54804 1.06151
0.641109 1.2431 0.982326 0.831371 1.68 0.765406
1.55595 1.09397 1.05092 0.934178 1.59607 0.832262
1.11793 1.25801 0.733161 1.00225 1.1026 1.01125
0.620865 1.24612 0.946452 1.51419 0.94482 0.843432
1.45944 1.19307 0.921863 1.50499 0.916637 0.828236
1.51516 1.14714 0.973947 1.06096 1.33182 0.700829
0.784525 1.30447 0.852826 1.15542 1.22162 0.69736
0.576676 0.543687 1.29785 1.39985 1.02263 0.874148
0.54147 0.518888 1.25939 1.37239 0.884389 1.23226
end
gesture a02 hands 2
0.54255 0.509785 1.2654 1.32545 0.960406 1.11986
0.518018 0.518171 1.28213 1.35471 0.867947 1.12775
1.48652 0.915565 1.09489 1.32323 0.95833 1.10474
0.627007 1.23554 0.965872 1.40224 0.960909 0.994697
1.61229 1.01402 1.28749 1.54512 1.11346 0.845194
1.12283 1.1971 0.749139 1.62948 1.1815 0.82526
0.569222 1.18125 1.01715 0.881164 0.964591 0.971931
0.980657 1.17236 0.785746 0.916538 0.990826 1.07887
1.58309 1.0479 1.12115 0.874663 0.982231 1.02108
1.16846 1.18468 0.71143 0.914659 0.978153 1.10506
0.544788 1.11123 1.14968 0.927141 0.944188 0.987967
0.93409 0.887512 0.769038 0.875735 1.01013 0.958075
1.02887 0.5164 1.23548 0.917298 0.987044 1.01407
end
gesture a02 hands 2
0.930097 0.791682 1.1884 0.961384 0.971627 1.00437
1.27132 0.940842 1.37836 0.9531 0.964458 0.998639
1.3151 0.984996 1.12301 0.975575 0.96455 1.03993
0.828718 1.00238 0.781912 0.942927 0.951743 1.06758
0.555395 1.04211 0.851001 0.983377 0.962167 1.07263
0.505518 1.04778 0.906459 0.981707 0.989451 0.999624
0.916669 1.07242 0.730563 0.940883 0.965889 1.02133
1.42278 1.08338 1.25458 0.973724 0.957155 1.05808
1.3787 1.05336 1.06551 0.970573 0.995978 1.06016
1.06761 1.12843 0.743285 0.979092 0.977666 1.04874
0.489578 1.16797 0.843379 0.951313 0.976114 1.07052
0.951102 0.823134 1.04481 0.96183 0.981567 1.02238
0.944689 0.798823 1.25237 0.95425 0.982042 1.04867
end
gesture a02 hands 2
0.950144 0.78489 1.29072 0.975867 0.973487 1.02379
1.34702 1.00331 1.14607 0.956634 0.975597 1.06146
1.36058 1.0589 1.03682 0.971816 0.972002 1.0188
0.920204 1.12061 0.65493 0.966929 0.953144 1.07154
0.576603 1.13857 0.756252 0.972237 0.970802 1.04032
0.540872 1.14026 0.789755 0.947567 0.961058 1.09067
1.16909 1.10728 0.814945 0.989416 0.9578 1.0378
1.42639 1.09826 1.21697 0.95698 0.977747 1.06606
0.952815 1.00543 0.799075 0.97271 0.967489 1.01171
0.598057 1.03839 0.872717 0.969594 0.953405 1.04872
0.558987 0.99097 1.10992 0.963359 0.984607 1.02305
1.12265 0.831626 1.20426 0.962756 0.965756 1.0561
0.941169 0.762186 1.24658 0.946239 0.973633 1.02745
end
gesture a02 hands 2
0.945452 0.764969 1.27882 0.954239 0.979482 1.07058
1.30225 0.93848 1.14103 0.943538 0.974402 1.035
1.30944 0.993029 1.07547 0.961121 0.974099 1.07438
0.871224 1.12626 0.750924 0.943364 0.971649 1.05141
0.58148 1.13506 0.852867 0.974917 0.962262 1.03887
1.06389 1.08783 0.828523 0.973289 0.972054 1.03737
1.38455 1.096 1.11826 0.965944 0.95267 1.08191
1.34491 1.07642 1.05744 0.974592 0.972026 1.01328
0.846639 1.05908 0.803892 0.941183 0.962179 1.04542
0.567367 1.08303 0.910805 0.965498 0.982117 1.03243
0.659907 0.994521 0.941494 0.961799 0.962353 1.05768
1.11969 0.796745 1.27541 0.966063 0.976905 1.03073
0.975378 0.770264 1.30862 0.955369 0.967074 1.06393
end
gesture a02 hands 2
1.00025 0.62111 1.36371 0.976543 0.971072 1.03503
1.0726 0.965324 0.875237 0.973502 0.966535 1.03445
0.986218 1.13221 0.791391 0.949907 0.956789 1.05924
0.675806 1.23737 0.924999 0.935445 0.957609 1.03914
0.807303 1.29091 0.819302 0.976127 0.956006 1.0402
1.13689 1.25914 0.796458 0.965612 0.963636 1.0552
1.17471 1.23153 0.835491 0.962821 0.991183 1.0414
0.689654 1.25496 0.883801 0.959426 0.96747 1.05669
0.68931 1.26179 0.911535 0.977016 0.975534 1.03136
1.07954 1.25234 0.81764 0.955272 0.956306 1.0873
1.20883 1.10452 0.892803 0.943136 0.96221 1.03844
0.987863 0.616867 1.38719 0.940749 0.960509 1.06066
1.00492 0.626734 1.38315 0.94517 0.966153 1.03452
end
gesture a02 hands 2
0.998641 0.560128 1.4619 0.946485 0.956759 1.05135
1.04839 0.846005 0.991073 0.956128 0.957103 1.06163
1.03831 1.10435 0.899503 0.968222 0.965693 1.05406
0.853921 1.19904 0.867254 0.950331 0.974382 1.06728
0.740584 1.19841 0.959693 0.958476 0.957698 1.06393
1.1344 1.16249 0.877301 0.962822 0.969457 1.03737
1.09227 1.14845 0.856947 0.968103 0.955633 1.05739
0.693595 1.17867 0.941283 0.967074 0.97492 1.02781
0.694914 1.17761 0.980596 0.971179 0.957069 1.05854
1.04256 1.13155 0.869832 0.950796 0.962289 1.0564
1.18166 0.753083 1.09198 0.959495 0.957787 1.03249
1.04017 0.569341 1.35063 0.960014 0.946289 1.05802
1.03337 0.554208 1.46802 0.952076 0.964898 1.03147
end
gesture a02 hands 2
0.995402 0.495665 1.50801 0.946244 0.960379 1.03376
1.07149 0.576066 1.24161 0.961665 0.950267 1.02014
1.09001 0.900563 0.994737 0.950249 0.954 1.05292
0.987021 1.14416 0.87823 0.940323 0.955163 1.03391
0.726331 1.16109 0.955706 0.944215 0.957092 1.10811
1.16067 1.10001 0.933498 0.966344 0.962906 1.06744
1.11429 1.11596 0.895927 0.937784 0.984093 1.04518
0.776014 1.15574 0.93961 0.950377 0.954071 1.05123
0.635639 1.1678 1.03711 0.938945 0.960841 1.09285
0.727465 1.18833 0.98757 0.945485 0.96067 1.04807
1.01105 1.14118 0.919101 0.952633 0.946494 1.08293
1.16891 0.8134 1.04722 0.965772 0.949119 1.05484
1.07168 0.581351 1.24455 0.953867 0.944877 1.09094
end
gesture a03 hands 2
0.940637 0.743649 1.1719 0.920653 0.969585 1.10773
1.30693 0.959255 1.11333 0.98991 0.972532 1.08713
1.40714 1.36144 1.18309 1.00016 0.983263 1.10157
1.29636 1.71087 1.3272 1.03598 0.981166 1.0354
1.08775 1.74644 1.32172 0.956362 0.9857 0.975777
1.00736 1.75179 1.11693 0.940251 0.942047 1.02206
0.939133 1.63705 0.757267 0.885689 0.905871 1.06159
0.804419 1.27562 0.505903 0.891765 0.940066 0.996496
0.731032 0.95187 0.588205 0.868598 0.932462 1.0603
0.673254 0.842045 0.661497 0.899037 0.954236 0.966154
0.733483 0.848806 0.634242 0.999624 0.962577 1.01561
0.919605 0.731402 1.04851 0.969409 0.986949 1.04985
0.977572 0.736172 1.17814 0.990871 0.983234 1.10103
end
gesture a03 hands 2
0.946817 0.700017 1.21139 0.954966 0.981357 1.12775
1.28286 0.823084 1.27258 0.956906 0.98178 1.15748
1.40067 1.10858 1.30474 1.01127 0.980694 1.06902
1.34903 1.48575 1.39093 1.01401 0.985978 1.06306
1.26776 1.58145 1.39331 1.02554 1.00409 1.00051
1.11373 1.66031 1.31181 1.03049 0.991964 0.955559
0.965871 1.58236 0.862568 0.971506 0.969101 0.93148
0.859027 1.3813 0.571324 0.898266 0.886952 1.0375
0.767225 0.991125 0.602597 0.886226 0.918149 1.05864
0.682357 0.834759 0.586122 0.926511 0.9495 0.99461
0.807524 0.865512 0.641956 0.981679 0.96366 0.999908
0.962836 0.67424 1.2216 0.957164 0.977775 1.13502
0.968164 0.689088 1.2305 0.966716 0.97964 1.12351
end
gesture a03 hands 2
0.911036 0.63507 1.19886 0.950641 0.961432 1.04759
1.26437 0.816846 1.2412 0.964396 0.968656 1.11478
1.3726 0.987475 1.30981 1.01973 0.966053 1.02469
1.35831 1.17106 1.31691 1.01617 0.980147 0.981269
1.1968 1.55976 1.42131 0.961548 0.968848 0.939915
0.881866 1.55029 0.83667 0.932514 0.924664 1.00394
0.803187 1.25466 0.559991 0.934914 0.934903 1.00015
0.695989 0.912664 0.558476 0.883057 0.922132 1.10049
0.635127 0.79764 0.630023 0.889502 0.934344 1.13006
0.789437 0.930595 0.629231 0.948434 0.961779 1.06892
1.09677 0.659833 1.13993 0.975207 0.968568 1.07932
1.03981 0.631228 1.34411 0.966137 0.9705 1.14936
0.968729 0.632349 1.35433 0.966223 0.967273 1.11667
end
gesture a03 hands 2
0.941394 0.670353 1.29803 0.96972 0.887068 1.20693
1.18523 0.747974 1.22871 0.970796 0.952911 1.12457
1.30287 0.895098 1.2307 0.987177 0.969891 1.00024
1.23591 1.43531 1.35119 1.03922 0.953269 0.9097
1.14218 1.50627 1.29836 1.04426 1.03436 0.980218
1.04921 1.62045 1.06619 1.03285 1.02949 0.993638
0.956809 1.38149 0.821568 1.05338 0.91195 0.984764
0.871819 1.32002 0.68685 0.993535 0.956873 0.950706
0.776922 1.03585 0.624271 0.913152 0.927095 1.01455
0.778938 1.03843 0.469293 0.883605 0.910722 1.02295
0.778096 1.03747 0.541699 0.907185 0.991059 0.948525
0.887923 0.781832 0.876045 0.84569 1.06905 0.964548
0.950606 0.727026 1.20122 0.88176 1.08365 1.01448
end
gesture a03 hands 2
0.985173 0.811752 1.18505 0.886931 1.03343 1.01916
1.02187 0.821619 1.26488 0.975648 0.911217 1.17766
0.845699 0.683257 1.21883 0.990772 0.9152 1.10574
0.828594 0.680936 1.26388 1.11733 0.973978 1.12495
1.33187 1.00528 1.38394 1.12741 0.986335 0.968575
1.29729 1.23581 1.41282 0.979633 0.962456 0.937679
1.14984 1.62989 1.22655 1.06169 0.868224 0.902345
0.866031 1.35393 0.872555 1.05713 0.885071 1.0456
0.834847 0.989614 0.383934 1.03497 0.902331 1.03703
0.851768 1.20334 0.360122 0.774347 0.954276 1.00242
0.896215 1.14576 0.470602 0.858145 1.05655 0.906529
0.958878 0.736812 1.13202 0.944849 1.00021 1.05068
0.999934 0.777188 1.22511 0.935427 1.00323 1.04711
end
gesture a03 hands 2
0.973271 0.777835 1.19347 0.997462 0.959153 1.07932
0.9724 0.760972 1.19037 1.07314 0.911656 1.07233
0.835153 0.748488 1.27319 1.10144 0.962802 0.94762
1.3068 1.11329 1.3951 1.10391 1.02668 0.961772
1.12382 1.6846 1.18964 1.04924 0.969321 0.914077
1.006 1.6595 0.806993 1.05452 1.01949 0.930131
0.933567 1.56966 0.64362 0.949415 0.884505 0.962701
0.79536 1.23228 0.573208 0.929637 0.861186 0.98325
0.845054 1.01118 0.379575 0.86973 1.00891 0.926207
0.830741 1.22128 0.34498 0.718168 1.12358 0.958352
0.985754 0.88777 0.786794 0.826773 1.15516 1.03991
0.973505 0.76138 1.18714 0.989124 0.967604 1.08197
0.943508 0.790019 1.17567 0.990058 0.890156 1.13978
end
gesture a03 hands 2
1.03137 0.79088 1.21122 0.966868 0.965069 1.0115
1.21454 1.00578 0.950233 0.967788 0.988051 0.90282
1.2528 1.26156 0.899421 0.927134 0.983575 0.934818
1.18069 1.82553 1.03235 0.963039 0.959709 1.19651
1.15738 1.82701 0.92238 0.930667 0.973368 1.24279
1.10692 1.74204 0.728101 1.02768 0.898039 1.19214
0.822476 1.1797 0.447837 1.15172 0.990227 1.37757
0.647446 0.82265 0.741328 1.14402 0.987514 1.39672
0.615745 0.773612 0.846339 0.909778 0.898457 1.11336
0.601739 0.854642 0.827282 0.802975 0.957147 1.05895
0.871988 0.885293 0.927202 0.900519 0.977795 1.03197
0.985453 0.814381 1.04753 0.92452 0.9857 0.8488
1.00803 0.794023 1.17127 0.931774 0.975774 0.871246
end
gesture a03 hands 2
1.08051 0.705478 1.31341 0.890486 0.961137 0.836595
1.22927 0.884812 1.06983 0.867171 0.949202 0.999752
1.29907 1.25039 0.950728 0.885698 0.960213 1.02742
1.21969 1.76381 1.00913 0.969996 0.977518 1.19167
1.19216 1.81109 0.976915 1.02376 0.948055 1.24227
1.14013 1.67827 0.742444 1.24535 1.03772 1.39594
0.997477 1.36083 0.556017 1.21415 0.999643 1.38534
0.738144 1.03404 0.572738 0.997797 0.925489 1.28942
0.609967 0.808038 0.802114 1.00629 0.890441 1.23138
0.57337 0.75567 0.963658 0.858658 0.921384 1.11223
0.728773 0.89884 0.831892 0.846842 0.917461 0.994671
1.03043 0.859639 0.980623 0.854738 0.918467 0.896296
1.06533 0.723744 1.28831 0.922086 0.956392 0.848225
end
gesture a03 hands 2
1.05441 0.735744 1.30803 0.959494 0.977047 0.925554
1.29219 1.07775 0.914364 0.904136 0.947677 0.920179
1.35068 1.34523 0.898406 0.906285 0.92527 0.995984
1.25983 1.76209 0.98813 0.919797 0.900081 1.0637
1.19633 1.83232 1.01792 0.964069 0.990728 1.11127
1.05794 1.77853 0.705087 1.14666 1.01988 1.33059
0.837847 1.46099 0.492598 1.18508 1.01522 1.32583
0.528724 0.787768 0.816326 1.04334 0.965503 1.30493
0.532488 0.817927 0.777567 0.9039 0.934576 1.18989
0.781263 0.983465 0.623667 0.868521 0.953631 1.04063
1.1857 0.914043 1.00321 0.854232 0.971051 1.06192
1.05345 0.743382 1.36133 0.874651 0.954445 0.968413
1.05007 0.744873 1.3186 0.955317 0.993444 0.919679
end
gesture a03 hands 2
1.10562 0.723181 1.17455 0.902916 0.925723 1.03703
1.10453 0.71407 1.21131 0.885543 0.914231 1.06715
1.07115 0.790117 1.09323 0.924348 0.938832 0.979957
1.02068 0.949882 1.00414 1.2138 1.13902 0.813243
1.09382 1.10166 0.991988 1.23306 1.15624 0.841135
1.09913 1.45162 1.24152 0.81683 0.951874 1.03367
1.02815 1.51296 1.28058 0.859859 0.891544 1.25814
0.996121 1.544 1.16489 0.855106 0.87528 1.26899
0.892513 1.31908 0.803626 0.992674 0.895952 1.34393
0.758932 0.931868 0.777129 0.980998 0.899547 1.32562
0.721685 0.801951 0.866487 0.897291 0.900672 1.24011
0.76726 0.895988 0.834218 0.852667 0.938266 1.00396
0.992941 0.782528 1.04796 0.866086 0.955982 0.96584
end
gesture a03 hands 2
1.09312 0.785869 1.12827 0.828413 0.91431 1.00774
0.970348 0.881333 0.993698 0.878333 0.895982 0.983381
0.964998 0.890692 0.994262 1.02719 0.969405 0.897648
1.07188 0.893973 1.04753 1.02468 0.972921 0.935902
1.27077 1.20003 1.11414 1.34096 1.34897 0.994276
1.12258 1.46911 1.34819 1.2691 1.34518 0.946043
1.01656 1.60094 1.18405 1.09716 1.16302 0.899107
0.990232 1.5208 1.04383 0.903919 0.862221 1.05358
0.809893 1.16373 0.801912 0.868402 0.825018 1.16198
0.800549 0.892082 0.830304 0.913326 0.820875 1.37161
0.776219 0.814882 0.886451 0.851908 0.821249 1.18288
0.939422 0.785833 1.04541 0.817764 0.885172 1.031
0.90182 0.818092 1.03768 0.831536 0.879703 1.05048
end
gesture a03 hands 2
0.87006 0.81552 0.997965 0.988633 0.969123 0.980226
0.885654 0.826967 1.00758 0.973966 0.956204 1.05241
1.09965 0.815576 1.06419 0.898605 1.00055 0.909465
1.24664 0.974748 1.09394 0.900644 1.02892 0.882973
1.30982 1.27212 1.24741 0.911587 1.00311 0.943702
1.09005 1.48768 1.33007 0.943282 0.919115 1.13839
0.944318 1.46303 0.934061 1.03878 0.918953 1.35102
0.791396 1.16436 0.816498 1.05667 0.901705 1.2672
0.751468 0.881717 0.813261 0.996367 0.899931 1.29846
0.732954 0.788224 0.88798 0.999187 0.889134 1.23317
0.764723 0.890548 0.858834 0.92266 0.964429 0.986431
1.09092 0.760252 1.07956 0.962824 0.984374 0.937335
1.08974 0.752213 1.13561 0.948058 0.96922 0.953661
end
gesture a03 hands 2
1.01184 0.729859 1.16561 0.996312 0.974901 1.01631
1.10386 1.11542 0.827214 0.949536 0.966909 1.00226
0.976002 1.62777 1.09052 1.00518 0.969334 1.00335
0.89424 1.22098 0.65833 0.956576 0.970334 0.983174
0.862482 1.06177 0.68064 0.988568 0.962537 1.02588
0.887075 1.41656 0.698651 0.965054 0.990213 1.07205
0.989809 1.62696 0.967893 1.00736 1.00836 1.01748
0.998114 1.56319 0.916399 0.968724 1.00065 1.06005
0.872287 1.14104 0.686144 0.977225 0.975254 0.997694
0.752169 0.940504 0.80255 0.988364 0.970983 1.04139
1.02035 1.00024 0.838461 0.946733 0.976162 0.996891
1.05263 0.735654 1.22614 1.00446 0.9672 1.01736
1.02439 0.718931 1.18133 0.959869 0.960701 0.993026
end
gesture a03 hands 2
0.987944 0.616037 1.31494 0.980649 0.923318 1.04197
1.16455 0.770815 1.04905 0.952689 0.933416 1.07342
1.12877 1.45278 1.0801 0.960065 0.935051 1.08073
1.07039 1.49574 1.17973 0.967191 0.94875 1.04972
1.04337 1.4161 0.983003 0.952019 0.964875 1.00532
0.882374 0.874634 0.824997 0.90648 1.01591 0.943043
0.840277 0.846332 0.838871 0.948357 0.979159 1.04089
0.93023 1.45121 0.912927 0.977181 0.968973 1.06414
1.01169 1.50496 1.07451 0.93712 0.967271 1.099
0.900903 1.16044 0.772392 0.976607 0.972134 1.03143
0.781555 0.884272 0.865149 0.96913 0.970489 1.05864
1.03697 0.690186 1.13731 0.990321 0.961955 1.03999
0.984459 0.598187 1.40064 0.978725 0.941627 1.0631
end
gesture a03 hands 2
1.02638 0.615266 1.29495 0.948287 0.943593 1.02452
1.1818 1.10195 0.977274 0.995222 0.943726 1.0151
1.07229 1.48381 1.15324 0.959001 1.00894 1.0321
0.820822 0.991281 0.816356 0.977485 0.994813 1.01733
1.07095 1.45759 1.02215 0.959739 1.00204 1.06002
0.828421 0.960171 0.821268 0.982229 0.997182 1.01256
1.03508 1.49106 1.06775 0.971842 0.984338 1.05629
1.04746 1.44023 1.01564 0.997594 0.983379 1.01106
0.838803 0.893603 0.815221 0.978714 1.00588 1.01511
1.03506 1.45174 1.0352 0.967731 0.991859 1.06041
0.925393 0.896541 0.789021 1.00995 0.992964 1.00827
1.02778 0.596691 1.33134 0.969655 0.951226 1.03751
1.0351 0.624787 1.27249 0.941218 0.948336 0.984162
end
gesture a03 hands 2
0.978968 0.558618 1.31263 0.965255 0.92803 1.05536
1.1592 0.890159 0.982369 0.954314 0.935889 1.07383
1.14267 1.31833 1.03496 0.963558 0.925376 1.05738
1.02403 1.46607 1.31927 0.958637 0.980694 1.03044
1.0161 1.51029 1.00139 0.973236 0.974581 1.05386
0.846801 1.20083 0.633006 0.988334 0.939951 1.05991
0.792521 1.08658 0.616005 0.973594 0.974506 1.04716
0.83617 1.2706 0.667431 0.961599 0.983021 1.0535
0.8952 1.22672 0.782528 0.965342 1.09263 1.01454
1.0012 0.961644 0.869067 0.93331 1.07866 1.0421
0.996999 0.866577 0.901842 0.957011 0.965235 1.0372
1.02297 0.594502 1.20862 0.949109 0.979678 1.02852
0.985328 0.563801 1.30859 0.957309 0.942787 1.03057
end
gesture a03 hands 2
0.989287 0.540314 1.2798 0.958427 0.944972 1.04516
0.985577 0.544796 1.28872 0.956997 0.940058 1.05562
1.09167 0.608216 1.13654 0.970165 0.951163 1.00963
1.14413 1.0897 1.09591 0.961691 0.986686 1.01365
1.05212 1.37534 1.25921 0.958129 0.974281 1.04706
0.957707 1.43074 1.1999 0.963775 0.974253 1.05607
0.928203 1.44735 0.872701 0.961483 1.01738 1.05415
0.879782 1.16318 0.584422 0.975219 0.951203 1.05322
0.858242 1.32254 0.709135 0.965456 0.973762 1.06899
0.873471 1.30352 0.769344 0.948702 1.01869 1.05075
0.971406 0.793544 0.910584 0.946051 1.01784 1.04578
1.0142 0.566984 1.19058 0.962885 0.943323 1.04885
0.995942 0.539285 1.30043 0.963034 0.943825 1.04084
end
gesture a03 hands 2
1.00546 0.532952 1.3734 0.962877 0.942212 1.04198
1.12164 0.746608 1.11995 0.960936 0.937661 1.05214
1.13263 1.0453 1.12507 0.972509 0.949255 1.01363
1.01151 1.37118 1.29057 0.946781 1.01696 1.05436
0.97843 1.43739 1.17533 0.985654 0.953409 1.03619
0.931023 1.40077 0.880939 0.969967 0.943223 1.0604
0.872663 1.21817 0.709082 0.96146 0.965402 1.05504
0.855575 1.12924 0.696945 0.964856 1.091 1.02382
0.859698 1.23462 0.732735 0.962227 0.982657 1.04604
0.889029 1.16932 0.782126 0.962818 1.02643 1.03996
1.01025 0.738433 1.01505 0.963242 0.94437 1.0537
0.996725 0.553929 1.31687 0.953814 0.986198 1.04761
0.995466 0.559266 1.33631 0.961389 0.943416 1.05035
end
gesture a03 hands 2
0.990876 0.648427 1.32831 0.971097 0.967606 1.0202
1.02713 0.886654 0.896284 0.934674 0.978416 1.00391
1.02996 1.25202 0.805123 0.951775 0.948674 1.09734
0.985025 1.55194 0.878495 0.96713 0.94021 1.08651
0.932588 1.78614 1.12525 0.927745 0.932374 1.06446
0.937071 1.74215 1.13242 0.942841 0.960271 1.08585
0.941955 1.6679 1.02998 0.943565 0.941404 1.12729
0.983127 1.46197 0.742811 0.97151 0.957854 1.07458
0.892714 0.874984 0.666991 0.932733 0.925782 1.11913
0.933235 0.708429 0.840342 0.954548 0.943699 1.16627
0.930929 0.790605 0.966207 0.939616 0.971022 1.08642
0.977841 0.69378 0.989419 0.977195 0.953659 1.01137
1.00077 0.662505 1.26505 0.978288 0.957296 1.01611
end
gesture a03 hands 2
0.973863 0.695954 1.26441 0.984342 0.946362 1.04032
0.962182 0.695385 1.14376 0.919937 0.9514 0.998674
0.999483 0.896704 0.895617 0.96119 0.97594 1.02956
1.046 1.33853 0.811531 0.928285 0.931185 1.07845
0.986208 1.66577 0.965871 0.976566 0.96017 1.0794
0.939123 1.81072 1.07203 0.962409 0.96436 1.15928
0.950001 1.70552 0.941414 0.995316 0.959633 1.10803
0.949934 1.55661 0.676734 0.915759 0.934943 1.14847
0.90653 0.779323 0.78832 0.920324 0.939623 1.14452
0.932347 0.702828 1.06418 0.963651 0.974062 1.06531
1.00466 0.75787 0.957573 0.954679 0.955671 1.10461
0.965235 0.684351 1.20091 0.980855 0.991532 0.973464
0.961939 0.68673 1.2517 0.9497 0.988463 0.940754
end
gesture a03 hands 2
0.926575 0.631468 1.31883 0.9561 0.958575 1.01076
0.978193 0.731816 1.08771 0.936239 0.955343 1.03121
1.08196 1.1335 0.927969 0.970153 0.977341 1.03626
0.981418 1.59873 1.08949 0.952436 0.977348 1.0544
0.965108 1.66226 1.14683 0.981876 0.916505 1.0907
0.945849 1.53593 0.839717 0.955736 0.945627 1.1752
0.938453 0.964885 0.627811 0.970232 0.961746 1.08121
0.919159 0.724825 0.828138 0.910607 0.931158 1.1351
0.930118 0.633944 1.09176 0.942164 0.958053 1.12647
0.957806 0.665958 1.08245 0.952439 0.992431 0.987099
0.992413 0.86916 0.943694 0.94768 0.99142 0.977166
0.986613 0.920693 0.932973 0.965238 0.950249 1.02152
0.950769 0.594639 1.2793 0.967881 0.957106 1.03455
end
gesture a03 hands 2
0.961807 0.558292 1.35929 0.956076 0.952932 1.04764
1.0528 1.00116 0.966867 0.960895 0.9394 1.03452
0.967905 1.47426 1.228 0.952991 0.954283 1.05502
0.971927 1.02106 0.775637 0.95938 0.952431 1.01783
0.940128 0.754896 0.873869 0.947431 0.949127 1.02077
0.923045 1.13125 0.784297 0.945816 0.970502 1.07793
0.932681 1.50243 1.1338 0.959458 0.984409 1.05968
0.970718 1.06611 0.752639 0.956999 0.963889 1.0613
0.964499 0.706503 0.967341 0.961945 0.999005 1.06085
0.945063 0.937496 0.83914 0.950046 0.963752 1.0631
0.980323 0.908958 0.905504 0.96212 0.957348 1.01872
0.96567 0.566087 1.28444 0.966907 0.939189 1.03659
0.952518 0.568317 1.3725 0.955846 0.960138 1.01884
end
gesture a03 hands 2
0.96682 0.644627 1.27324 0.961322 0.962615 1.03095
1.07377 0.960313 0.865171 0.969572 0.944652 1.03547
1.00913 1.48982 1.07149 0.968749 0.956559 1.00339
0.922568 1.47479 1.19369 0.972011 1.00094 1.01944
1.00017 1.37395 0.707236 0.981979 0.975816 1.04432
0.969395 0.921177 0.732159 0.98526 0.977868 1.04045
0.962174 1.13534 0.636078 0.964113 0.957476 1.06278
0.950969 1.46516 0.794392 0.970828 0.991299 1.07287
0.957745 1.52072 1.07982 0.962509 0.987429 1.0897
0.971246 1.46165 0.877636 0.976991 1.00087 1.05835
1.03202 1.24364 0.689767 0.952216 0.975561 1.09306
0.969205 0.903985 0.718956 0.958561 0.971808 1.03804
0.979472 0.630266 1.29092 0.973379 0.970662 1.02396
end
gesture a03 hands 2
0.965576 0.559812 1.33135 0.957692 0.963612 1.02207
1.06145 0.780625 0.973952 0.960544 0.947325 0.999719
1.06359 1.23171 0.961637 0.973132 0.955898 1.02475
0.926902 1.45192 1.29264 0.962446 0.995906 1.08591
0.896516 1.44105 1.25262 0.983102 0.969529 1.12317
0.974555 1.32316 0.737121 0.992321 0.969848 1.11179
0.940495 0.918205 0.715792 0.967742 0.977644 1.15689
0.885841 0.665738 0.901313 0.9361 0.962107 1.06581
0.898265 0.777571 0.861857 0.961883 0.952169 1.00542
1.02758 1.34146 1.12124 0.954288 0.974163 0.991822
0.992394 1.40351 1.02837 0.970797 0.962764 1.02312
0.977941 1.0463 0.712508 0.958092 0.97083 1.04218
0.965667 0.585723 1.31733 0.930805 0.967523 1.10388
end
gesture a03 hands 2
1.06419 0.565483 1.39535 0.957945 0.975996 1.03181
1.05033 0.890287 1.01664 0.954331 0.969963 1.04087
1.00941 1.3709 1.14518 0.965293 0.973297 1.00351
0.998204 1.42125 1.22694 0.977762 0.973903 1.00018
0.925207 1.30033 0.939898 0.957741 1.01475 1.04341
0.938863 0.832848 0.907219 0.96266 0.956066 1.08122
0.949466 1.0863 0.846347 0.957876 1.00382 1.01576
0.957752 1.42344 1.23352 0.98105 0.964241 1.00681
0.968301 1.42117 1.22573 0.963304 0.940986 1.05791
0.917889 1.33276 0.948874 0.965576 0.953617 1.08978
0.935852 0.847862 0.905084 0.971082 0.952569 1.05151
0.948457 0.887426 0.894168 0.967331 0.955363 1.07882
1.01878 0.57382 1.29112 0.968934 0.949711 1.04994
end
gesture a03 hands 2
1.0283 0.556952 1.306 0.95666 0.950323 1.06962
1.01705 1.08649 0.90556 0.954467 0.959714 1.01205
0.971356 1.44705 1.16057 0.980661 0.959137 1.00894
0.958748 1.44963 1.21059 0.959104 0.991544 1.04807
0.954601 1.43207 1.03076 0.96735 0.953779 1.05889
0.932155 1.07733 0.77224 0.956815 1.01093 1.03168
0.921872 0.90611 0.793963 0.954755 0.982561 1.05343
0.89551 1.3401 0.868126 0.972282 0.964085 1.03153
0.913217 1.46287 1.18807 0.964621 0.997386 1.03024
0.937302 1.46818 1.14831 0.985845 0.962863 1.0277
0.904627 1.4083 0.932141 0.959986 0.953771 1.0784
0.922613 0.996486 0.750599 0.965544 0.944544 1.05938
1.05997 0.548387 1.37271 0.952098 0.963257 1.08663
end
gesture a03 hands 2
1.01093 0.624074 1.32146 0.947801 0.959728 1.06806
0.995918 0.897989 0.910623 0.973755 0.974307 0.984872
0.947592 1.484 1.05271 0.973919 0.971015 1.00547
0.962649 1.51841 1.19041 0.963643 0.950879 1.05527
0.907957 1.40338 0.876425 0.963267 0.972583 1.02256
0.929777 0.933149 0.74813 0.961852 0.955898 1.03824
0.900397 1.31582 0.752107 0.957085 1.02487 1.03735
0.91595 1.55774 1.11817 0.956503 0.982363 1.05035
0.922447 1.54308 1.17656 0.940217 1.00552 1.04741
0.92766 1.12823 0.64531 0.969239 0.958463 1.02422
1.00549 0.686896 0.960974 0.971545 0.943805 1.09753
1.02617 0.598965 1.33496 0.967718 0.940307 1.0489
1.02566 0.602186 1.34211 0.950964 0.94654 1.09235
end
gesture a05 hands 2
1.00111 0.738733 1.23425 0.944198 0.915344 1.08156
1.02044 0.781385 1.16776 0.999137 0.954495 1.02672
1.0549 0.939504 1.07015 1.00493 0.986925 0.945276
1.06126 1.3157 1.02276 1.06821 1.06765 0.921136
1.00377 1.40567 1.10855 0.998189 1.10707 0.945427
1.00745 1.45537 1.01886 1.01015 1.14185 0.978458
0.924707 1.5315 0.643826 0.958755 1.10877 1.01383
0.914064 1.50908 0.502125 0.955628 1.11532 0.956731
0.824289 1.45289 0.465901 0.936381 1.04809 0.961226
0.986481 0.850877 0.960888 0.940906 0.949101 1.06557
1.00007 0.760281 1.22625 0.933732 0.947926 1.1236
1.07001 0.730168 1.24305 0.992168 0.944549 1.01675
0.997199 0.733682 1.21567 0.955396 0.925529 1.0877
end
gesture a05 hands 2
1.00705 0.7064 1.23717 0.95808 0.942936 1.05596
1.06541 1.28199 1.03038 1.02675 1.01549 0.909492
1.00792 1.37196 1.11617 1.09004 1.09621 0.885352
0.82844 1.41918 0.473521 0.980579 1.13733 0.978048
0.990632 0.817168 0.968508 0.958205 1.07666 0.925442
1.00422 0.726572 1.23387 0.955556 0.976488 1.08781
1.02963 0.75 1.15173 0.997288 0.974579 0.986669
1.07601 1.42391 1.06121 1.01598 0.971234 1.00129
0.950242 1.5853 0.659635 0.960001 0.960428 1.09625
0.867998 1.51006 0.529468 1.00669 0.977749 0.99935
0.990776 0.971537 0.827549 0.952234 0.930485 1.07972
1.03907 0.725034 1.34431 0.941894 0.968873 1.01133
0.983094 0.713372 1.24261 0.989505 0.954347 1.04196
end
gesture a05 hands 2
0.970763 0.656113 1.31541 0.962098 0.950605 1.04938
0.980487 0.837321 1.14594 0.989967 0.946874 1.02573
1.05153 1.23006 1.08119 0.956107 0.954061 1.08328
1.01584 1.32079 1.12587 0.957854 1.01046 1.12151
0.948579 1.45423 0.781026 0.958222 0.95659 1.09151
0.951101 1.41232 0.588182 0.954009 0.957612 1.09835
0.905348 1.40303 0.563905 0.944707 0.958435 1.03797
0.906011 1.21598 0.633131 0.949023 0.961733 1.04391
0.973818 0.795837 0.975016 0.94392 0.96303 0.968804
1.01856 0.689161 1.35738 0.965761 0.958961 0.999803
1.08627 0.652582 1.39849 0.961873 0.956341 0.971994
0.899036 0.69101 1.19475 0.943218 0.951358 1.02113
0.957146 0.648968 1.2552 0.94838 0.946104 1.00509
end
gesture a05 hands 2
0.956241 0.773678 1.24866 0.933792 0.902381 1.19499
1.04009 0.982702 1.08623 0.985064 0.932989 1.13983
1.097 0.925085 1.1376 0.992032 0.924645 0.973741
1.15602 0.972581 1.13157 1.12495 1.18673 0.758323
1.07254 1.38723 1.0568 1.07799 1.05421 0.893543
0.844954 1.40712 0.55544 0.991582 0.995172 0.82841
0.821237 1.42144 0.484141 0.993669 1.09651 0.789897
0.866213 1.28805 0.506268 0.898448 0.905677 0.937977
1.01634 0.903558 0.8928 0.856768 0.927979 0.982193
0.982553 0.787445 1.1967 0.974901 1.01049 1.00131
1.03912 0.841206 1.22323 0.946232 0.935477 1.14622
1.00437 0.762605 1.25369 0.958579 0.928238 1.1639
1.03398 0.845086 1.23245 1.00971 0.950664 1.14329
end
gesture a05 hands 2
1.0287 0.773734 1.29445 1.01659 0.91943 1.16201
0.982637 0.71527 1.26547 1.03 0.947818 1.14199
1.02131 0.846007 1.26925 1.10509 1.07429 0.882841
1.02522 0.772369 1.22656 1.11949 1.04714 0.870165
1.11497 1.35058 1.21364 0.925658 0.951012 0.880361
1.09591 1.34048 1.21893 0.952804 0.968069 0.907102
1.07866 1.34795 1.06602 0.829238 0.977795 0.937676
0.836908 1.29881 0.672977 0.879794 0.931393 0.973899
0.857769 1.30303 0.468656 0.887411 0.969567 0.914052
1.02212 0.913787 0.754364 0.884136 0.983388 0.96452
1.04248 0.770406 1.01714 0.919301 1.02056 1.12248
0.963504 0.731988 1.22769 0.951052 0.908481 1.15569
0.985563 0.715829 1.2846 0.951755 0.914793 1.19031
end
gesture a05 hands 2
0.979415 0.736058 1.15438 0.967762 0.803807 1.16479
1.04618 0.92866 1.09677 0.971584 0.812374 1.13433
0.999085 0.816925 1.15378 1.07322 0.967409 0.77657
1.11895 0.835843 1.11825 0.997213 0.903394 0.904891
1.17618 1.32811 1.07905 1.07121 0.927573 0.776419
0.951609 1.25122 0.799942 0.889108 1.58137 0.934032
0.844576 1.36018 0.928308 0.975783 1.62208 0.912574
0.920378 1.37476 0.911255 1.01206 1.43034 1.03483
0.993422 0.918236 0.720673 0.934919 0.984292 1.04035
1.02342 0.817157 0.987736 0.882107 1.1106 1.21676
1.04556 0.828966 0.965352 0.876776 1.10345 1.20776
0.81636 1.02108 1.00203 1.01304 0.7968 1.14925
0.894055 0.785037 1.09583 0.89682 0.876596 1.1575
end
gesture a05 hands 2
1.08091 0.544624 1.40858 0.928692 0.971301 1.01232
1.16048 0.651281 1.22246 0.928866 0.983136 0.996255
1.19827 1.03678 1.16458 0.878479 1.02273 0.90047
1.12651 1.17243 1.23977 0.861489 1.08318 0.977797
1.01562 1.25561 1.15524 0.848251 0.971724 1.00086
0.906415 1.35306 0.879976 1.03595 0.84413 1.1546
0.792558 1.35756 0.591367 1.17186 0.87589 1.22886
0.707921 1.3353 0.566752 1.14713 0.884858 1.32503
0.771632 1.35382 0.67922 0.757164 0.935097 1.21137
0.932455 1.21867 0.946778 0.863521 1.03125 1.00994
1.10209 1.02619 1.04436 0.899768 1.00514 0.952763
1.14592 0.720018 1.15794 0.915586 0.9844 0.987095
1.06718 0.533417 1.44299 0.932489 0.982424 0.946608
end
gesture a05 hands 2
1.06329 0.599931 1.39769 0.970455 0.98532 0.986656
1.264 0.888682 1.13087 0.905082 1.01701 0.957773
1.23495 1.15796 1.15877 0.897732 1.03756 1.01985
1.19132 1.24109 1.15541 0.864225 0.981691 1.04635
1.14006 1.30273 1.08523 1.06223 0.867012 1.15493
0.987034 1.39733 0.827984 1.10537 0.909222 1.2303
0.766874 1.4103 0.573871 0.922053 0.933534 1.20457
0.63467 1.39797 0.53786 0.938282 0.977905 1.24258
0.63033 1.38124 0.525213 0.855441 0.939009 1.06191
0.896226 1.28366 0.73074 0.892237 0.952919 0.968228
1.09872 0.923591 0.935156 0.992814 0.980651 0.960399
1.13724 0.728725 1.16929 0.976238 0.966079 1.03053
1.08606 0.645563 1.37348 0.985405 0.962287 1.022
end
gesture a05 hands 2
1.07249 0.578375 1.46449 0.986888 0.955167 0.910781
1.32083 0.74344 1.26356 0.981323 0.950638 0.916691
1.3706 1.00127 1.15612 0.911629 0.922672 0.879922
1.17603 1.26637 0.976105 0.89844 0.940767 0.924466
0.904954 1.32125 0.747556 0.903177 1.02755 1.02848
0.696414 1.3268 0.662289 0.907789 1.001 1.0702
0.614354 1.31462 0.644549 0.944753 0.935535 1.34669
0.89196 1.249 0.811081 1.05635 0.952928 1.37054
1.02593 1.11872 0.86693 0.948766 0.99235 1.36218
1.15408 0.866129 1.01309 0.880352 0.956953 0.998059
1.15008 0.580179 1.32488 0.880843 0.980758 1.02549
1.05864 0.541303 1.45491 0.894673 0.952218 0.922345
1.06496 0.531481 1.46686 0.963637 0.971352 0.916214
end
gesture a05 hands 2
1.06856 0.550797 1.35215 0.939006 0.938108 0.962985
1.03963 0.580891 1.3434 0.928975 0.964699 0.951156
1.05678 0.636805 1.27412 0.921279 0.968604 1.02129
0.969009 0.794537 1.1863 0.924547 0.971355 0.982911
0.958387 0.93 1.14864 0.943519 0.962661 1.03347
0.967818 1.08176 1.04647 0.953695 0.950959 1.13548
0.946863 1.16511 0.971735 0.947306 0.950772 1.17327
0.892534 1.25445 0.810388 0.915395 0.951133 1.1371
0.875724 1.23696 0.804496 0.953521 0.950856 1.07182
0.92877 1.01771 0.971516 0.958893 0.941725 1.05653
0.977625 0.772964 1.05832 0.96143 0.940152 1.09441
1.06412 0.596366 1.25868 0.973498 0.937073 1.0404
1.09186 0.544193 1.36879 0.948489 0.936858 1.06498
end
gesture a05 hands 2
1.05334 0.69149 1.26269 0.944277 0.942505 1.01836
1.06033 0.692975 1.23658 0.976342 0.949327 1.00836
1.0547 0.683743 1.28681 0.947786 0.969667 0.989282
1.05855 0.691133 1.27294 0.953018 0.987155 1.02725
1.04317 0.75316 1.19088 0.957446 0.976539 0.981998
0.95598 1.0128 1.08525 0.962994 0.984238 1.01331
0.955755 1.24678 0.920374 0.948621 0.985014 1.0693
0.906439 1.32054 0.780632 0.983169 0.970761 1.06113
0.855248 1.33068 0.717409 0.956555 0.958796 1.14609
0.86736 1.33509 0.712162 0.946639 0.954796 1.0742
0.890087 1.14495 0.873493 0.964109 0.96818 1.08148
0.983964 0.902937 1.00915 0.945146 0.975741 1.0362
1.07205 0.736074 1.22695 0.966149 0.955416 1.10727
end
gesture a05 hands 2
1.06865 0.723725 1.30539 0.925371 0.945686 1.02795
1.04574 0.737339 1.22942 0.955086 0.956527 0.971612
1.03011 0.742854 1.22712 0.966782 0.95921 1.07532
1.03225 0.800322 1.15202 0.944284 0.963385 1.00256
0.954214 0.96191 1.05769 0.956816 0.982615 1.02051
0.929668 1.03342 1.06534 0.962215 0.985232 0.973195
0.921144 1.21286 0.929997 0.961231 0.993273 0.960431
0.897082 1.28788 0.856089 0.951721 0.990797 1.02158
0.87077 1.34242 0.713235 0.952561 0.987036 1.02565
0.831075 1.36166 0.658182 0.960484 0.965544 1.09115
0.851652 1.30467 0.709558 0.969978 0.951957 1.15843
1.02958 0.726359 1.24469 0.935469 0.948535 1.10192
1.0067 0.753228 1.15526 0.962737 0.942843 1.02361
end
gesture a05 hands 2
1.0935 0.487248 1.37113 1.00624 0.958925 0.986334
0.97449 1.17313 1.25169 0.985066 0.989546 1.00685
0.966197 1.24812 0.710524 0.993228 0.961258 1.09673
0.944188 1.24375 0.644283 0.961729 1.00387 1.03864
0.958435 1.13681 1.1907 0.961004 0.984462 1.0175
0.939143 1.19159 1.11512 0.983319 0.974837 1.12493
0.963045 1.21483 0.703764 0.970346 1.00471 1.05335
0.941012 1.15696 1.28118 0.954173 0.982436 1.02956
0.911532 1.18203 0.641952 0.986228 0.968003 1.09952
0.920213 1.13361 0.715165 0.962601 0.991643 0.998129
1.1577 0.533693 1.28322 0.963173 0.95038 1.02818
1.05705 0.456095 1.42608 0.921764 0.958093 0.982837
1.02439 0.519335 1.24725 0.963057 0.956718 0.971674
end
gesture a05 hands 2
1.06931 0.493405 1.34462 0.971717 0.944509 1.02194
0.969592 1.15573 1.16055 0.967603 0.94327 0.983765
0.92573 1.24744 0.726244 0.994908 0.946273 1.01699
0.95775 1.19318 1.20878 0.985677 0.995608 1.03912
0.98519 1.18494 0.682683 0.993506 1.00094 1.01101
0.96499 1.1959 0.667426 0.999919 0.981187 1.05875
0.987493 1.17932 1.22153 0.984159 1.00514 1.01747
0.895004 1.20387 0.696203 0.996002 0.966425 1.09216
0.959282 1.1938 1.21599 0.97452 1.00751 1.03242
0.92607 1.17759 0.757604 0.991977 0.975226 1.0714
0.91294 1.04438 0.738815 0.978369 0.961939 0.967343
1.05755 0.489739 1.42398 0.944648 0.969656 0.946274
1.03338 0.521213 1.26645 0.928035 0.963878 0.996978
end
gesture a05 hands 2
1.03213 0.614507 1.31877 0.971547 0.933417 1.03343
1.02806 0.711641 1.2892 0.963289 0.941379 1.05264
1.01886 0.825052 1.15556 0.966927 0.950982 1.02369
0.999322 1.00271 1.10901 0.959737 0.965412 1.02386
0.969503 1.05111 1.10198 0.955832 0.962941 1.06721
0.952056 1.21507 0.944383 0.979912 0.947309 1.04761
0.888918 1.30196 0.643047 0.96119 0.957823 1.06888
0.85641 1.34564 0.596718 0.963745 0.947339 1.05456
0.889034 1.34592 0.646791 0.948139 1.00106 1.05766
0.927929 1.26696 0.804051 0.953176 0.976693 1.05928
0.966566 1.01392 1.08044 0.953889 0.989649 1.03715
1.05123 0.686837 1.29976 0.95144 0.992832 1.04308
1.03335 0.640464 1.31833 0.960226 0.956115 1.04807
end
gesture a05 hands 2
1.01631 0.635274 1.30578 0.963811 0.966243 1.04086
1.02102 0.694102 1.30088 0.954368 0.960156 1.06565
1.04714 0.798569 1.134 0.96859 0.95901 1.04827
0.979944 1.08093 1.08951 0.961938 0.959076 1.05453
0.95647 1.22309 1.02092 0.953108 0.990192 1.05734
0.88206 1.36625 0.714636 0.956237 0.97416 1.0733
0.894014 1.38913 0.622596 0.943508 0.99243 1.04701
0.875901 1.33982 0.700664 0.960999 0.955897 1.03341
0.919605 1.25929 0.89372 0.963657 0.943026 1.03392
1.00891 0.832867 1.09044 0.969274 0.955715 1.01375
1.02763 0.688562 1.26906 0.954664 0.964295 1.03657
1.03035 0.660249 1.24572 0.96362 0.948144 1.04499
1.02292 0.628541 1.2958 0.955209 0.95102 1.05801
end
gesture a05 hands 2
1.01734 0.682538 1.22808 0.959749 0.954046 1.05561
1.02151 0.669609 1.25078 0.981809 0.953245 1.00404
1.04205 0.839226 1.09471 0.965132 0.982836 1.04388
0.985746 1.08624 1.07936 0.958627 1.00123 1.04571
0.967774 1.13848 1.05485 0.964027 0.971318 1.0445
0.901001 1.40955 0.730826 0.960556 0.998884 1.03255
0.851686 1.41633 0.570517 0.966744 0.971724 1.02992
0.877206 1.4104 0.610834 0.96225 0.965551 1.04223
0.903528 1.2974 0.848782 0.97731 0.980922 1.01952
0.97919 0.915239 1.10577 0.977982 0.972638 1.02654
0.985311 0.868324 1.11785 0.97436 0.955855 1.05365
1.03855 0.685122 1.25915 0.981334 0.956831 1.02432
1.02833 0.684676 1.26062 0.974128 0.955332 1.0449
end
gesture a05 hands 2
0.994463 0.671419 1.2718 0.985989 0.959784 1.01106
1.03356 0.68387 1.22512 0.929609 0.906766 1.03357
0.949143 0.946841 1.04785 0.904401 0.910108 1.02633
0.998011 1.08779 1.08616 0.975003 0.955419 1.04287
0.956576 1.37932 1.02059 0.937415 1.02602 1.04546
0.963494 1.49083 0.52411 0.947124 1.00041 1.13655
0.876361 1.54001 0.472659 0.984181 0.974062 1.10047
0.865822 1.47813 0.504271 0.960886 0.968852 1.14448
0.874798 1.25331 0.788418 0.922189 0.982427 1.0547
1.02183 0.852593 1.109 0.945313 0.927303 1.06132
0.993108 0.720239 1.26268 0.927205 0.932591 1.03017
1.04145 0.683108 1.32388 1.00699 0.96527 1.03287
0.999796 0.679836 1.29431 0.991386 0.968478 1.05091
end
gesture a05 hands 2
1.0367 0.60237 1.35862 0.979647 0.963267 1.0592
0.992388 0.7296 1.14072 0.93433 0.981296 1.01686
0.99053 1.16507 1.03088 0.947922 0.997795 1.01128
0.938115 1.38094 1.14027 0.946804 0.972121 1.11399
0.921381 1.41175 1.08782 0.937315 0.989053 1.10556
0.974506 1.45867 0.620893 0.946929 0.935658 1.13338
0.920669 1.45503 0.56654 0.894925 0.911413 1.08949
0.909719 1.36072 0.641551 0.926275 0.89855 1.03119
0.870419 1.28995 0.599798 0.980969 0.917904 1.04494
0.853805 1.06147 0.698308 0.970868 0.937294 1.08918
1.00698 0.634285 1.03492 0.966993 0.971509 1.03436
1.02315 0.588986 1.25242 0.973754 0.954667 1.05607
1.00843 0.616823 1.36487 0.956223 0.965477 1.01959
end
gesture a05 hands 2
0.994688 0.654739 1.34335 0.989364 0.967606 1.05275
1.03751 0.734932 1.18899 0.958856 0.954873 1.09882
1.03009 0.917885 1.15357 0.97574 0.980504 1.02725
0.909774 1.44624 1.06284 0.981794 0.92489 1.03595
0.958364 1.49194 0.889138 0.965064 0.986539 0.965195
0.985052 1.46115 0.820696 0.935669 1.05464 1.08812
0.970376 1.51411 0.589587 0.943879 0.941112 1.09778
0.889972 1.4919 0.542238 0.937953 1.02095 1.08058
0.885923 0.995839 0.612403 0.9416 0.93262 1.05494
0.98371 0.772464 0.805539 0.930579 0.92477 1.04401
1.04431 0.572152 1.18577 1.00013 0.95808 1.02986
1.00099 0.573068 1.29767 0.931025 0.899044 1.03448
0.978968 0.603282 1.34666 0.987965 0.953031 1.03635
end
gesture a05 hands 2
0.999846 0.556552 1.33658 0.932583 0.95103 1.05668
0.998926 0.673424 1.21392 0.940682 0.939136 1.04268
1.00248 0.745886 1.18524 0.937421 0.976005 1.00706
0.974383 1.09843 1.18373 0.95039 0.9663 0.989912
0.954533 1.15107 1.20608 0.954688 0.938947 1.06855
0.94452 1.16974 1.16974 0.953206 0.940661 1.08515
0.888138 1.21659 1.0297 0.949461 0.937479 1.14973
0.910815 1.28415 0.753791 0.971029 0.941731 1.1556
0.979967 1.27675 0.699509 0.950164 0.907785 1.14511
0.89315 1.28438 0.696734 0.972848 0.921168 1.08607
0.903633 1.25816 0.687437 0.952474 0.93829 1.12876
0.94839 1.07194 0.896698 0.927028 0.973821 1.1186
0.983997 0.76186 1.06621 0.938232 0.967216 1.06364
end
gesture a05 hands 2
0.959025 0.641535 1.23462 0.943072 0.965377 1.04582
0.978226 0.61625 1.39086 0.949262 0.963181 1.00609
0.964534 0.631851 1.4292 0.94378 0.951691 1.01436
0.999122 0.661502 1.26713 0.956918 0.95383 0.982406
1.02047 0.898724 1.10561 0.949369 0.953239 1.00548
1.0027 1.092 1.1166 0.940316 0.962593 1.01827
0.964043 1.20881 1.20243 0.945897 0.950225 1.05428
0.928623 1.30993 1.05021 0.951401 0.95679 1.06412
0.946381 1.34732 0.686523 0.972247 0.961129 1.12943
0.914448 1.32559 0.635562 0.957899 0.959994 1.12071
0.997187 0.860066 0.844742 0.960478 0.918949 1.102
1.01675 0.651707 1.15248 0.956824 0.967738 1.06633
0.942069 0.608886 1.33306 0.925844 0.975803 1.08865
end
gesture a05 hands 2
0.980564 0.69923 1.27743 0.947692 0.983664 1.05516
1.0162 0.692974 1.28777 0.964877 0.96517 1.02488
1.00048 0.837596 1.1081 0.955225 1.00239 1.01841
1.02313 1.08345 1.0419 0.954293 0.9764 1.02649
1.03085 1.24236 1.06745 0.971622 0.949046 1.0734
0.965055 1.34869 1.08127 0.969951 0.920531 1.07758
0.936554 1.49529 0.617744 0.997109 0.913755 1.04175
0.936202 1.35819 0.590741 0.973485 0.954323 1.08373
0.952324 1.13777 0.654904 0.957958 0.96507 1.08656
1.02099 0.874772 0.859062 0.966667 0.98973 1.03392
1.03077 0.770867 1.0229 0.949337 0.980693 1.06319
0.977175 0.703283 1.30836 0.965039 0.967466 1.02372
0.962943 0.68166 1.24124 0.956793 0.964331 1.03562
end
gesture a05 hands 2
1.03071 0.675741 1.27085 0.949715 0.951526 1.04141
1.03362 0.6854 1.23196 0.946552 0.95333 1.03758
1.03701 0.760215 1.15145 0.950358 0.947332 1.05635
0.946218 1.09987 1.00421 0.94486 0.947167 1.03911
0.906253 1.31752 0.898591 0.95042 0.961696 1.03993
0.86568 1.46658 0.70147 0.95073 1.01881 1.06505
0.865763 1.46948 0.64059 0.944876 0.970834 1.11942
0.823937 1.44421 0.686382 0.95108 0.946972 1.11625
0.822544 1.38783 0.783463 0.954073 0.964624 1.09191
0.899141 1.23689 0.906745 0.952057 0.936295 1.06604
0.984158 0.876631 1.01271 0.95331 0.940183 1.09129
1.01748 0.71464 1.14182 0.955879 0.941313 1.08689
1.03333 0.66591 1.2749 0.958115 0.939974 1.04212
end
gesture a05 hands 2
1.01714 0.603024 1.35165 0.936296 0.931975 1.06083
1.00971 0.725116 1.17392 0.940557 0.93434 1.05793
0.979762 0.908525 1.08991 0.934105 0.939912 1.07742
0.907325 1.26678 0.958247 0.934083 0.951669 1.08761
0.881567 1.38447 0.746263 0.935175 0.971355 1.07362
0.871979 1.37543 0.666136 0.926136 0.991339 1.09339
0.850375 1.35634 0.7299 0.941922 0.95506 1.09775
0.876006 1.20828 0.93298 0.937882 0.966606 1.10207
0.918817 1.07176 0.947406 0.934554 0.937942 1.08015
0.978957 0.753673 1.1058 0.931294 0.921472 1.12735
0.993176 0.642649 1.25664 0.945349 0.91595 1.07315
1.07169 0.616646 1.34395 0.932721 0.926201 1.07021
1.01949 0.604835 1.35965 0.939364 0.937842 1.05171
end
gesture a05 hands 2
1.05271 0.660138 1.3507 0.949306 0.949372 1.0467
1.02193 0.674183 1.27521 0.952596 0.942603 1.03228
1.01192 0.771172 1.12922 0.942425 0.942809 1.05854
0.987215 0.902619 1.06064 0.940069 0.947012 1.05325
0.930316 1.11966 1.02328 0.932982 0.950854 1.0859
0.897219 1.31163 0.944941 0.932316 0.946738 1.0811
0.866902 1.39502 0.776633 0.941932 0.986094 1.07663
0.845433 1.37769 0.640727 0.935911 0.95587 1.11139
0.860687 1.29665 0.810512 0.948074 0.941937 1.10699
0.977815 0.781889 1.02958 0.952172 0.925499 1.09301
1.01821 0.646804 1.21479 0.935358 0.928857 1.12678
1.02826 0.645086 1.35161 0.942011 0.932284 1.118
1.01339 0.636038 1.3794 0.933667 0.952215 1.01257
end
gesture a06 hands 2
0.938574 0.482655 1.19935 0.925706 0.948372 1.06781
1.18498 0.776772 0.964216 0.933032 0.962269 1.10957
1.2207 1.11921 1.06934 0.949532 0.956693 1.06095
1.19983 1.264 1.23929 1.04962 1.01395 0.93111
1.07128 1.31297 1.40881 0.995997 1.04298 0.90491
1.00833 1.2959 1.41335 0.951327 0.976944 0.934848
0.951504 1.56426 0.965693 0.901453 0.935051 1.01845
0.909392 1.57805 0.734559 0.936699 0.911828 1.05431
0.843092 1.38535 0.604427 0.931512 0.89134 1.15344
0.924877 0.967757 0.597779 0.936347 0.957794 1.16307
0.9839 0.6865 0.829611 0.971638 0.979089 1.09656
0.9848 0.518242 1.18043 0.964007 0.984645 1.12652
0.951819 0.549754 1.24479 0.972937 0.98359 1.08163
end
gesture a06 hands 2
0.928005 0.438638 1.2921 0.944393 0.981762 1.0923
1.11074 0.621151 1.00768 0.976348 0.972219 1.1286
1.22572 0.947301 1.04557 1.01138 0.987095 1.06078
1.14455 1.19493 1.31025 1.01026 0.987346 1.04614
1.01691 1.18737 1.4518 0.98733 1.01876 0.945502
0.924883 1.14694 1.39767 0.942781 0.955319 0.908643
0.980053 1.48468 1.03821 0.946559 0.938473 0.899081
0.852205 1.46388 0.674748 0.923066 0.895234 1.00957
0.844305 1.40574 0.663347 0.941149 0.90767 1.00436
0.938193 1.14242 0.570501 0.948918 0.913509 1.06945
0.977528 0.788806 0.690649 0.935026 0.965922 1.16191
0.961139 0.511032 0.966079 0.953457 0.972955 1.13782
0.913757 0.453041 1.15929 0.927279 0.964471 1.18594
end
gesture a06 hands 2
0.900299 0.601686 1.19998 0.952952 0.963518 1.11312
1.04703 0.751922 0.911685 0.92419 0.956905 1.12982
1.2139 1.0055 0.959176 0.940965 0.967678 1.04026
1.11382 1.34638 1.32599 1.02479 0.97065 1.03908
0.962936 1.33417 1.36782 1.0159 1.02732 0.910776
0.952779 1.42912 1.23495 0.944863 0.948182 0.928124
0.949652 1.71149 0.86577 0.946692 0.916835 1.08213
0.999417 1.27945 0.54983 0.979117 0.950373 1.06968
1.04291 0.949069 0.657501 0.942813 0.964628 1.15118
0.94099 0.596481 1.12982 0.963749 0.976231 1.18089
1.00004 0.586021 1.21832 0.926441 0.980895 1.07494
0.898218 0.643607 1.02547 0.929561 0.975178 0.98659
0.864143 0.587639 1.10772 0.983244 0.958858 0.983878
end
gesture a06 hands 2
0.898899 0.702814 1.11441 0.880229 0.871591 1.15114
0.998418 0.7498 1.12545 1.01712 0.868233 1.12484
0.936704 0.672729 1.05246 0.998199 0.82802 1.12036
1.27521 1.14661 1.18028 1.10588 0.965709 0.955264
1.18729 1.22394 1.26772 0.977363 0.982948 0.903718
0.907684 1.41477 0.93589 1.07027 1.15683 0.872876
0.858008 1.43059 0.842825 0.942189 1.17478 0.86004
1.02634 1.2873 0.837004 0.827403 1.38227 0.967365
1.04504 1.24347 0.697076 1.0176 1.28234 1.00094
1.05357 1.07632 0.712347 0.898703 0.873621 0.898194
1.04221 0.793891 0.834945 1.01573 0.83654 1.15
0.948395 0.66301 1.09628 0.970095 0.816314 1.07911
0.94976 0.666836 1.16946 0.902964 0.796289 1.18704
end
gesture a06 hands 2
0.93438 0.688278 1.1938 0.879858 0.74611 1.17151
1.02727 0.833777 1.07025 0.941979 0.752102 1.14577
1.01012 0.791518 1.08707 1.13186 0.865422 0.943389
1.06633 0.704173 1.0662 1.15379 1.11245 1.06914
0.922483 0.699016 1.04682 1.0258 1.36053 1.09975
1.18561 1.44776 1.27562 1.05393 1.34769 1.09181
1.08301 1.38074 1.00713 1.10398 1.17993 1.01706
0.862387 1.45872 0.865958 0.912715 1.33364 0.929655
1.02873 1.30306 0.822751 0.813614 1.31019 0.883129
0.987622 1.1727 0.649354 0.840473 1.32585 0.898322
0.999803 0.746928 0.919817 0.925397 0.793357 0.826035
0.900693 0.701862 1.11464 0.922426 0.747619 1.13964
0.979188 0.696587 1.17101 0.95657 0.767995 1.14011
end
gesture a06 hands 2
0.984913 0.548524 1.10159 0.966586 0.812679 1.12243
1.00311 0.580593 1.01404 1.00834 0.82572 1.11971
1.26793 1.00003 1.07459 1.09991 0.893132 0.870182
1.16611 1.09103 1.17793 1.11915 1.07099 0.858831
1.14013 1.17782 1.07947 0.903307 0.96505 0.779479
0.988183 1.16901 0.913435 0.987503 1.10607 0.831743
0.976551 1.27809 0.887849 0.853987 1.38965 0.952183
0.886715 1.2771 0.837189 0.876758 1.30002 0.965829
1.02935 1.07329 0.847493 0.986514 1.28843 0.998545
1.35427 1.03555 1.1582 0.905877 1.27871 1.1675
1.24291 1.1981 1.09914 0.86141 1.01237 1.05117
0.832348 1.13576 1.08187 0.857754 1.01432 1.07522
0.84714 1.15832 1.09887 0.977747 0.82261 1.14476
end
gesture a06 hands 2
0.955261 0.493412 1.20319 1.02798 0.868767 1.02753
1.2552 0.594219 1.16602 0.795283 1.05318 0.645813
1.39181 0.92755 1.23687 0.751243 1.16348 0.58329
1.2054 1.1986 1.43497 0.801131 1.22429 0.658042
1.22702 1.19156 1.33907 0.73158 1.11112 0.953849
1.30398 1.30247 1.20556 0.717909 1.08059 1.05221
1.21849 1.57613 0.828234 0.822881 1.12584 1.18903
0.941951 1.69119 0.653124 1.17173 0.976172 1.3458
0.538353 1.64129 0.572034 0.97001 1.04385 1.36036
0.882038 1.58627 0.699059 0.927031 1.02067 1.41227
1.27528 0.986362 0.899471 0.940632 0.944561 1.08846
1.1183 0.530068 1.18078 1.00471 0.93445 0.918107
0.96274 0.500962 1.23593 1.02125 0.90458 0.990362
end
gesture a06 hands 2
1.01896 0.3993 1.35238 1.00058 0.90558 1.00935
1.24768 0.526759 1.24542 0.86164 0.994122 0.792046
1.36908 0.756608 1.25693 0.84991 1.02425 0.7694
1.2522 1.0895 1.38789 0.816524 1.05153 0.887783
1.25835 1.22085 1.14688 0.879828 1.00879 1.116
1.06471 1.53377 0.867938 1.19075 1.00182 1.25522
0.843705 1.60663 0.646298 1.23153 0.973655 1.23375
0.587999 1.57495 0.629748 1.12425 0.949745 1.24391
0.739839 1.59354 0.626478 0.843134 1.02408 1.23578
0.849732 1.47558 0.668526 0.840772 1.02649 1.28725
1.05548 1.09908 0.742687 0.84286 0.962935 0.898322
1.13607 0.50112 1.12983 0.87667 0.989111 0.822261
1.01487 0.35828 1.39013 0.941655 0.959523 0.836878
end
gesture a06 hands 2
1.0266 0.481231 1.34075 1.01593 0.936819 1.03544
1.35321 0.763051 1.18951 0.90327 0.961904 0.930982
1.26457 1.16469 1.32968 0.87151 1.01793 0.966379
1.23137 1.21943 1.24371 0.921602 1.01998 1.12357
1.07436 1.55321 0.892826 1.09209 1.00701 1.20184
0.894222 1.66292 0.66178 1.11164 0.98189 1.18513
0.585438 1.64157 0.578601 0.933779 0.982704 1.15844
0.740016 1.61281 0.579133 0.768976 1.05029 1.17216
1.0312 1.19477 0.764045 0.90409 0.959336 1.09394
1.14529 0.812343 0.890505 0.870287 0.961055 0.878861
1.14587 0.608926 1.05135 0.947612 1.00053 0.844994
0.985496 0.457268 1.31441 1.00311 0.915151 1.06344
1.01449 0.471514 1.30444 1.00947 0.920295 1.07307
end
gesture a06 hands 2
1.01321 0.636498 1.1382 0.976539 0.947871 1.03295
1.03041 0.743268 1.01366 0.9732 0.98002 0.927801
1.15547 1.08087 1.01474 0.924327 0.971167 0.949595
1.08893 1.2994 1.30195 0.867131 1.02199 0.908794
0.968441 1.39517 1.30428 0.950419 0.939635 1.15765
0.928899 1.58888 1.24446 0.966532 0.909056 1.17772
0.914239 1.71924 1.02503 0.969267 0.891584 1.25501
0.887009 1.71052 0.850847 0.962892 0.908353 1.27149
0.839221 1.57832 0.685517 0.935616 0.951503 1.17535
0.804174 1.30106 0.58078 0.933118 0.983125 1.02246
0.893547 0.797558 0.915587 0.988466 1.0114 0.965959
1.03162 0.633873 1.23241 0.985812 1.00708 0.936963
1.04206 0.612733 1.2422 0.979632 0.947088 1.03467
end
gesture a06 hands 2
1.00849 0.603299 1.2385 0.952563 0.926765 1.06045
1.04495 0.664153 1.11667 0.959615 0.941073 1.12652
1.23636 0.931493 1.10453 0.955952 0.921216 1.0534
1.04372 1.28186 1.34808 0.991892 0.945765 1.07341
1.01094 1.29076 1.18324 0.924583 0.968797 0.922185
0.993564 1.51777 1.06654 0.935723 0.98973 0.878724
0.897901 1.60497 0.957213 0.940738 0.99228 0.936132
0.815549 1.47122 0.658551 0.967153 0.934565 1.17437
0.789997 1.26081 0.59302 0.956746 0.934328 1.26301
0.813033 1.13814 0.6868 0.955881 0.925404 1.24413
0.820214 0.896806 0.830732 0.9301 0.940774 1.08663
0.957935 0.656881 1.08845 0.931378 0.968739 0.99999
1.00846 0.600065 1.2398 0.92387 0.959731 0.993284
end
gesture a06 hands 2
1.0248 0.658038 1.22124 0.958196 0.955352 0.983806
1.05115 0.696411 1.12739 0.977446 0.945274 1.08469
1.17371 0.820779 1.11554 0.97285 0.940173 1.07322
1.25383 1.06001 1.19853 0.973264 0.95562 1.10623
1.12221 1.22121 1.35245 0.962545 0.938527 1.02795
1.01192 1.32421 1.3325 0.931378 0.964855 0.958162
0.991951 1.39269 1.10322 0.908149 0.991458 0.988372
0.939176 1.62573 1.04604 0.901104 1.00543 0.906706
0.863234 1.65385 0.808694 0.929637 1.04904 0.90796
0.805119 1.35292 0.560128 0.972748 0.961052 1.04598
0.791604 1.3078 0.573257 0.993769 0.92508 1.24826
0.867724 0.868178 0.856312 0.968494 0.963187 1.00854
1.02636 0.665356 1.22683 0.969159 0.941296 1.03956
end
gesture a06 hands 2
1.00558 0.367983 1.20558 0.960651 0.953341 1.03838
1.31203 0.5923 1.12139 0.986524 0.951146 1.01583
1.33415 1.10302 1.0843 0.965395 1.00689 0.971191
0.945609 1.28848 1.34902 0.941696 0.99671 0.965366
0.986617 1.51855 0.955576 0.984984 0.964386 1.05476
0.788728 1.39114 0.608352 0.982302 1.01701 1.05023
0.863795 1.34597 0.690099 0.982778 0.970545 1.04009
0.925354 1.34925 1.28691 0.960396 1.00589 0.982396
0.9793 1.50374 0.777911 0.994995 0.98339 1.04101
0.851154 1.20833 0.661623 0.980782 0.96156 1.03099
1.10642 0.631533 0.883233 0.973279 0.951441 1.09126
1.01759 0.366475 1.32175 0.981465 0.956595 1.0258
0.902569 0.484958 1.04923 0.948419 0.952266 1.04497
end
gesture a06 hands 2
1.01106 0.386817 1.20474 0.962045 0.964156 1.00152
1.1963 0.87991 0.946249 0.996058 0.997807 0.929541
0.913007 1.25821 1.28121 1.01011 0.942082 1.0317
0.902489 1.36727 0.664743 0.977813 0.941027 1.05363
0.964231 1.35106 1.1955 0.957308 1.00375 0.979297
0.905987 1.2866 0.624394 0.963015 0.987015 1.07282
0.93523 1.37471 1.22651 0.989826 0.997577 0.986982
0.93992 1.293 1.3051 0.973142 0.995168 1.01845
1.00324 1.38774 0.677694 0.981734 0.996019 1.09123
0.817844 0.996333 0.571593 0.986945 0.96051 1.0372
0.999859 0.467869 0.882217 0.962291 0.954225 1.09623
1.09102 0.43622 1.49191 0.957169 0.936727 0.986862
0.976467 0.370308 1.21029 0.987342 0.969306 0.93982
end
gesture a06 hands 2
0.934385 0.386387 1.13392 0.969499 0.93759 1.07482
1.10049 0.737371 0.896321 0.971666 0.977828 1.02078
1.01375 1.1827 1.1586 0.967041 0.984915 1.02962
0.990426 1.18799 1.18625 0.960502 0.98545 1.00715
0.877259 1.40568 1.07506 0.969249 0.962238 1.04071
0.901821 1.53788 0.88453 1.00023 0.924976 1.0191
0.925807 1.49646 0.717819 0.980567 0.919866 1.04691
0.887648 1.52169 0.933851 0.982992 0.94343 1.03325
0.939757 1.22578 1.11711 0.956172 0.997694 1.04133
1.02847 1.13289 1.08533 0.945638 0.976822 1.05482
1.16031 0.855904 1.0013 0.951888 1.01302 1.02315
1.11249 0.521546 1.08093 0.957627 0.966827 1.05913
0.939178 0.406136 1.12209 0.959003 0.965744 1.049
end
gesture a06 hands 2
0.93412 0.504427 1.1806 0.953143 0.944267 1.07119
1.08542 0.654041 1.04097 0.972439 0.927422 1.04972
1.13977 0.93774 0.999975 0.969103 0.933618 1.05828
0.980506 1.27786 1.21659 0.956672 0.991433 1.03175
0.921754 1.39296 1.10855 0.956411 0.971825 1.03142
0.888596 1.58549 0.947259 0.962363 0.980374 1.05073
0.949128 1.64078 0.776133 0.973741 0.965816 1.03378
0.936406 1.61752 0.738535 0.967122 0.955821 1.06516
0.986299 1.15961 0.857564 0.968482 0.948228 1.04668
1.06084 0.851921 0.907605 0.950549 0.999514 1.04611
1.03687 0.663233 1.01274 0.950446 0.975754 1.05876
0.939234 0.516321 1.22074 0.951338 0.973513 1.03186
0.927174 0.495217 1.19704 0.964794 0.932018 1.04465
end
gesture a06 hands 2
0.885489 0.465806 1.15264 0.966375 0.93501 1.06306
1.0466 0.773455 0.933398 0.971228 0.945772 1.03826
1.07139 0.93411 0.944876 0.978938 0.946418 1.01663
0.968881 1.19944 1.14214 0.961125 1.00585 1.00811
0.911517 1.22624 1.2094 0.970134 0.996191 1.0299
0.979189 1.5775 0.775796 0.961205 1.00363 1.03138
1.00423 1.52512 0.659637 0.958583 0.982133 1.02874
0.901971 1.58402 0.791576 0.954606 0.991482 1.0353
1.03118 1.24807 1.08502 0.94732 0.975513 1.05301
1.22816 0.867848 1.09716 0.963151 0.961076 1.04473
1.01318 0.504129 1.19162 0.968644 0.936779 1.07666
0.868572 0.453768 1.13522 0.958472 0.938732 1.08816
0.875979 0.449297 1.14613 0.96287 0.922086 1.09866
end
gesture a06 hands 2
0.95893 0.399252 1.19628 0.972753 0.94443 1.07364
0.982657 0.396915 1.21057 0.953653 0.992454 1.02052
1.00468 0.645683 0.992412 0.981871 0.983299 1.05695
1.07606 1.23623 1.17349 0.954407 1.00927 1.00739
0.971049 1.31048 1.32038 0.958312 0.988681 1.05028
0.895572 1.24923 1.31853 0.943367 1.03477 0.991868
0.918874 1.56392 1.11439 0.973992 0.968527 0.999234
0.963684 1.56696 0.879538 0.93013 0.903696 1.01608
0.958308 1.39005 0.566798 0.945494 1.03602 1.06838
1.03247 1.01832 0.776605 0.963466 0.838638 1.04017
1.00602 0.788097 0.743269 0.975301 0.987141 1.12942
1.00986 0.473813 1.03864 0.958726 0.965771 1.04055
0.979901 0.429664 1.22636 0.997856 0.98962 1.05351
end
gesture a06 hands 2
0.976591 0.494545 1.26651 0.974458 0.993958 1.05833
0.981349 0.496239 1.20828 0.922118 0.965379 1.03015
1.03322 0.782361 0.954279 0.952132 0.970894 1.05679
1.01305 1.31452 1.17421 0.952351 0.989041 1.03797
0.950876 1.31141 1.31645 0.959631 0.886757 0.976491
0.911642 1.43466 1.29671 0.941508 0.907429 0.990175
0.918704 1.6577 1.10617 0.981334 0.991095 1.04805
0.965593 1.63643 0.665731 1.01643 0.981982 1.07675
0.958181 1.31313 0.521878 0.969682 0.98181 1.1562
0.96924 1.04237 0.719501 0.929321 0.992084 1.07327
0.942989 0.878968 0.73523 0.941355 0.950124 1.0673
1.01189 0.525919 1.12033 0.995248 0.986793 1.049
0.961737 0.500473 1.27471 0.979947 0.962497 1.03985
end
gesture a06 hands 2
0.953679 0.520025 1.24903 0.989489 0.97035 0.995739
0.998608 0.553734 1.149 0.957138 0.985422 1.02531
1.15148 0.825533 0.996088 0.950337 0.904757 0.96792
1.05755 1.27296 1.19122 0.945451 0.907271 1.01837
0.96069 1.40396 1.27417 0.971411 0.978253 1.12532
0.897276 1.54455 1.18264 0.9895 1.00246 1.06036
0.901018 1.7988 0.867855 0.956401 0.935228 1.14891
0.91253 1.72278 0.676521 0.987598 0.959283 1.12605
0.905899 1.49114 0.553472 0.965587 1.00049 1.1117
0.873799 1.36483 0.485242 0.935165 0.954705 1.16329
0.944802 0.770403 0.750401 0.993102 0.978993 1.10013
0.985634 0.542058 1.24944 0.926141 0.963911 1.06518
0.970982 0.528446 1.31111 0.980926 1.00503 1.02581
end
gesture a06 hands 2
0.960498 0.395035 1.22449 0.956529 0.969592 1.05935
1.18077 0.717114 0.919802 0.940182 0.984148 1.00009
1.19515 1.0636 0.967191 0.966001 0.981861 0.994081
1.0758 1.35575 1.14302 0.962202 0.958501 0.978846
0.77653 1.23095 1.33232 0.998903 0.941376 1.05725
0.831584 1.26598 1.33547 0.95612 0.971349 1.08126
0.943779 1.57609 0.990569 0.962681 0.958953 1.05434
0.955349 1.32465 0.682133 0.943978 0.96624 1.08361
0.977848 1.33144 0.699066 0.960388 0.966284 1.05153
1.10163 0.768242 0.798962 0.952006 0.984601 1.07706
1.08299 0.541725 0.948096 0.949626 0.974555 1.1195
0.950854 0.399291 1.28302 0.925019 0.979292 1.08913
0.955704 0.396184 1.26723 0.945624 0.971294 1.09789
end
gesture a06 hands 2
0.966558 0.329468 1.31543 0.946438 0.966494 1.08175
1.05516 0.463178 1.05928 0.95821 0.961879 1.06463
1.09846 0.816765 0.970757 0.94864 0.979242 1.05934
1.07593 1.11845 1.11841 0.942517 0.980944 1.01622
0.99638 1.18366 1.28719 0.952773 0.970581 0.989146
0.880094 1.19729 1.323 0.972037 0.939639 1.02905
0.957413 1.41893 1.14731 0.981908 0.895211 1.02834
0.956879 1.46256 0.978927 0.996629 0.909525 1.06565
0.92501 1.32304 0.816556 0.983558 0.918336 1.08869
0.91924 1.05921 0.730711 0.943664 0.968325 1.11533
0.924526 0.865591 0.749357 0.943716 0.955905 1.11175
0.983877 0.454455 0.980684 0.946628 0.990395 1.06874
0.962219 0.35257 1.25469 0.94206 0.98475 1.07999
end
gesture a06 hands 2
0.959965 0.454241 1.31966 0.948412 0.969923 1.06503
0.964654 0.432646 1.28877 0.942867 0.958507 1.0438
1.05211 0.55293 0.99828 0.955599 0.948819 1.0689
1.0365 1.02383 0.857542 0.964984 0.943159 1.0499
0.975452 1.24329 1.06033 0.959281 0.959671 1.00092
0.830446 1.32418 1.33516 0.948904 0.964032 1.01445
0.904221 1.53261 1.17573 0.963855 0.969015 1.04697
0.931208 1.58955 0.990099 0.986706 0.979679 1.02456
0.93671 1.37963 0.704793 0.986627 1.00967 1.05278
0.952063 1.35541 0.703678 0.982876 1.00621 1.08483
1.15406 0.917295 0.723234 0.975862 0.977275 1.04726
1.13355 0.617206 0.892 0.976693 0.961601 1.06955
1.03985 0.48357 1.10736 0.988163 0.976477 1.04916
end
gesture a06 hands 2
0.981677 0.451286 1.3109 0.945155 0.942921 1.07674
1.09001 0.592822 1.07675 0.951114 0.962464 1.04069
1.15689 0.806429 1.02951 0.943673 0.960273 1.04526
1.1284 1.04501 1.08513 0.954644 0.949967 1.00138
0.970084 1.34671 1.27188 0.95881 0.947486 1.03953
0.890699 1.56554 1.09793 0.982372 0.955061 1.0081
0.882878 1.59602 0.911706 0.960618 0.947298 1.06099
0.900288 1.45569 0.75487 0.94559 0.963686 1.03974
0.891087 1.38995 0.719374 0.943155 0.969683 1.04107
0.888376 1.2274 0.807655 0.958378 0.956567 1.08138
0.929095 0.839713 0.832668 0.924434 0.943286 1.09071
0.962491 0.458168 1.17055 0.915791 0.95496 1.1406
0.96825 0.439572 1.34477 0.926715 0.95191 1.14925
end
gesture a06 hands 2
0.959482 0.42726 1.29373 0.929689 0.952635 1.12019
1.06088 0.606725 1.04836 0.923899 0.964464 1.06144
1.12657 0.814248 1.0147 0.940713 0.969001 1.06758
1.11909 1.11137 1.06325 0.941074 0.974729 1.03416
1.025 1.32265 1.20338 0.947884 0.965084 1.05959
0.9294 1.3973 1.30523 0.956175 0.965864 1.02853
0.896443 1.4897 1.25964 0.952496 0.966273 1.03533
0.886243 1.59715 0.875518 0.949337 0.969865 0.993044
0.924247 1.46058 0.748572 0.952943 0.958529 1.01819
0.932592 1.28506 0.723533 0.976953 0.941537 1.02459
1.00078 1.17594 0.730918 0.972998 0.933958 1.08382
0.969239 0.802813 0.753022 0.960151 0.957059 1.1092
0.97045 0.47279 1.05805 0.951806 0.949438 1.08747
end
gesture a06 hands 2
0.961049 0.416514 1.26442 0.917127 0.940491 1.12664
0.993407 0.407507 1.28812 0.926381 0.940377 1.07494
0.980574 0.433916 1.21817 0.926978 0.943886 1.05528
1.06361 0.601103 1.04692 0.966328 0.956811 1.04819
1.11525 0.984332 1.03502 0.955269 0.951833 1.04031
1.08142 1.19641 1.10266 0.954743 0.968014 1.04753
0.956687 1.35642 1.27653 0.944795 0.972517 1.02407
0.886033 1.51785 1.16064 0.959383 0.972356 1.01605
0.886175 1.56535 0.957413 0.96468 0.951301 1.03318
0.891403 1.44677 0.803404 0.958253 0.957494 1.04593
0.971424 0.973498 0.746552 0.950949 0.934412 1.07766
0.974568 0.518303 0.97834 0.939002 0.943091 1.10589
0.957618 0.418392 1.17636 0.926169 0.924008 1.1492
end
gesture a10 hands 2
0.861782 0.813698 1.09657 1.04103 0.832419 1.08272
0.994097 0.850191 1.15364 0.78227 0.925146 1.28907
1.28415 1.0432 1.32194 0.717751 0.962793 1.29561
1.35967 1.09412 1.11296 0.622366 1.07314 1.26232
1.29659 1.10282 0.89616 0.646684 1.09957 0.980015
1.01151 1.16106 0.65698 0.844147 1.15043 0.717695
0.617716 1.27808 0.642272 1.18979 1.21743 0.626531
0.776165 1.19332 0.691361 1.25973 1.20403 0.663447
0.945612 1.06091 0.713571 1.12652 1.14307 0.680024
1.11367 0.917675 0.989056 0.925314 0.977342 0.856278
0.889695 0.839877 1.32752 0.878324 0.918352 0.971953
0.919873 0.851376 1.32183 1.01347 0.869399 1.3055
0.916541 0.825755 1.1153 1.08789 0.844352 1.122
end
gesture a10 hands 2
0.860493 0.791995 1.16799 1.11638 0.807901 1.12583
1.1775 0.888865 1.3921 0.906185 0.872311 1.36473
1.23103 0.942026 1.40036 0.754184 0.977508 1.38838
1.36246 1.06992 1.24994 0.65555 1.04734 1.29307
1.32487 1.14776 0.965761 0.600132 1.12581 1.04156
1.16331 1.17779 0.754967 0.683667 1.15718 0.842689
0.600132 1.18719 0.659985 0.934496 1.17644 0.663196
0.552482 1.225 0.664614 1.18183 1.1765 0.631331
0.673503 1.1246 0.676429 0.892411 1.0483 0.763521
1.04949 0.930525 0.90832 0.806419 0.936175 0.932719
1.06226 0.841529 1.16331 0.871034 0.83209 1.21136
0.949057 0.798458 1.29431 1.0014 0.814673 1.30495
0.878755 0.795878 1.28074 1.0437 0.818099 1.24585
end
gesture a10 hands 2
0.937268 0.830473 1.2719 1.00254 0.844579 1.25725
0.918142 0.854212 1.09225 1.01604 0.87203 1.0158
1.09196 0.841451 1.34424 1.07854 0.85256 1.0604
1.29137 0.960036 1.38454 0.944287 0.863514 1.28174
1.35761 1.01183 1.321 0.664385 0.995437 1.36178
1.39883 1.1535 1.00136 0.56401 1.08033 1.22786
1.09921 1.21107 0.700039 0.589443 1.15494 0.952971
1.0065 1.22805 0.682244 0.749743 1.17057 0.773381
0.745665 1.22668 0.667767 1.0825 1.22778 0.713284
0.661585 1.22705 0.691545 1.13114 1.13529 0.758134
1.03708 0.886177 0.992679 0.957627 0.976815 0.872052
0.985851 0.831494 1.24387 0.910311 0.877282 1.1121
0.950466 0.84702 1.27865 1.01116 0.876707 1.3764
end
gesture a10 hands 2
0.936076 0.746938 1.2997 1.04476 0.734516 1.27014
1.24307 0.833867 1.32011 0.824596 0.756284 1.23814
1.31187 0.925238 1.11951 0.735623 0.818668 1.19343
1.1275 1.12211 0.772849 0.685583 0.954434 1.0461
0.802002 1.2497 0.771606 0.821661 1.11968 0.777914
0.709039 1.31909 0.719532 1.08004 1.28466 0.644831
0.692316 1.31923 0.555929 1.10306 1.2873 0.801199
0.730495 1.30644 0.563276 1.09286 1.32774 0.754655
1.13575 1.05376 0.724916 0.850039 1.119 0.835438
1.16568 0.830108 1.25521 0.765033 0.88408 1.13561
1.05924 0.789228 1.35532 0.898696 0.812281 1.34471
0.895186 0.759843 1.2923 1.01673 0.776929 1.25199
0.897 0.762197 1.30423 1.02306 0.774889 1.25908
end
gesture a10 hands 2
0.969917 0.703114 1.27703 1.04486 0.667321 1.29613
1.38445 0.814467 1.29785 0.690245 0.765521 1.25357
1.41668 0.949224 1.02213 0.617797 0.868793 1.10348
1.0628 1.14077 0.719484 0.765448 1.02254 0.855733
0.835665 1.26458 0.735525 0.970503 1.13456 0.739716
0.754114 1.31515 0.577198 1.13304 1.16173 0.794311
0.722009 1.33449 0.578712 1.11467 1.24311 0.833799
0.627253 1.1863 0.826157 0.954541 1.3131 0.857051
0.693512 1.07089 0.805832 0.946809 1.32838 0.811937
0.525009 1.0263 1.22368 0.957061 1.29757 0.895646
0.620608 1.10981 1.22033 0.938112 0.724736 1.17798
0.932689 0.798627 1.22683 1.03826 0.700106 1.26448
0.99883 0.727897 1.29283 1.04325 0.722024 1.26245
end
gesture a10 hands 2
0.909507 0.864079 1.16177 1.03723 0.876598 1.12652
0.904235 0.861072 1.16919 1.03416 0.845759 1.13814
1.1488 0.882315 1.25449 0.826765 0.859574 1.22938
1.42769 1.0962 1.23844 0.561076 1.05463 1.25662
1.39954 1.17007 0.889813 0.576226 1.13537 0.909557
0.815445 1.32098 0.600627 0.821749 1.19673 0.678266
0.720007 1.36283 0.537559 1.08397 1.30199 0.590925
1.0358 1.19748 0.65644 1.11107 1.41931 0.707191
1.0993 0.952776 0.906474 0.939006 1.25307 0.735584
1.10565 0.89475 1.06159 0.980702 1.20929 0.689866
0.933231 0.84712 1.17325 0.936648 1.10309 0.736339
0.982446 0.844228 1.22208 0.911727 0.888449 1.07653
0.891443 0.836436 1.16563 1.05425 0.841532 1.1538
end
gesture a10 hands 2
0.96585 0.638138 1.33245 1.02653 0.667203 1.30684
1.14883 0.702146 1.1036 0.870606 0.717827 1.14372
1.29838 0.957947 0.926376 0.72394 0.982885 0.964963
1.29885 1.13637 0.817232 0.711715 1.15677 0.850325
1.1789 1.30901 0.742571 0.951062 1.4501 0.708591
0.989205 1.3751 0.751254 1.03435 1.4234 0.711077
0.691998 1.39329 0.811061 1.11435 1.12612 0.903269
0.667708 1.35855 0.804936 1.103 1.2635 0.808941
0.925568 1.33257 0.742366 1.0704 1.38832 0.757405
1.18605 1.0541 0.799951 0.775347 1.20937 0.835558
1.2122 0.740569 1.08735 0.729354 0.974217 1.00055
1.09527 0.615506 1.31194 0.938033 0.650164 1.28117
0.971166 0.637378 1.3609 1.01303 0.647552 1.35379
end
gesture a10 hands 2
0.971144 0.601498 1.41896 1.05816 0.594877 1.38489
1.28242 0.650114 1.24076 0.778511 0.652777 1.29408
1.40769 0.867598 1.0117 0.59992 0.894732 1.10127
1.20097 1.28529 0.725863 0.594416 1.11569 0.954801
0.748869 1.37723 0.75489 0.744292 1.32164 0.808176
0.663794 1.32425 0.795755 0.919186 1.36506 0.758423
0.743919 1.32993 0.781024 1.17843 1.32013 0.734171
1.01893 1.17746 0.893255 0.915341 1.27889 0.742133
1.08231 1.11513 0.794173 0.755105 1.06719 0.883034
1.18736 0.864424 0.923695 0.758569 0.735935 1.14316
1.15462 0.600412 1.19463 0.976349 0.550511 1.37512
1.03942 0.552545 1.3608 1.06835 0.555576 1.39241
0.96237 0.582864 1.4172 1.03172 0.5837 1.38518
end
gesture a10 hands 2
0.967145 0.655721 1.37294 0.997239 0.64346 1.37182
1.22458 0.676394 1.24012 0.81772 0.671817 1.3008
1.39395 0.845812 1.03412 0.604963 0.840505 1.15506
1.40075 1.03923 0.855177 0.578401 1.03485 0.972667
1.23777 1.25676 0.698341 0.678301 1.24537 0.787778
1.08551 1.35221 0.672811 0.951113 1.37645 0.63853
0.659937 1.41431 0.710363 1.16678 1.37426 0.732034
0.706343 1.33148 0.832173 1.10238 1.3964 0.635827
0.872105 1.25564 0.735933 1.16556 1.36218 0.676408
1.04241 1.04652 0.810402 0.931299 1.05094 0.892538
1.06365 0.658756 1.22339 0.971433 0.659735 1.22273
0.965253 0.657846 1.37824 0.989543 0.663942 1.38417
0.976498 0.669819 1.37688 1.02654 0.677635 1.35472
end
gesture a10 hands 2
0.868234 0.852146 1.18174 1.04259 0.86411 1.17658
1.2154 0.92505 1.13806 0.923792 0.865679 1.18595
1.35717 1.02972 1.13405 0.617922 1.00085 1.13077
1.36202 1.08395 1.01991 0.675731 1.05221 0.917082
1.16244 1.07585 0.819678 0.782511 1.07811 0.808216
0.692027 1.19657 0.744071 0.995961 1.10606 0.724346
0.696762 1.2138 0.725173 1.2084 1.20105 0.682302
0.952969 1.11475 0.743627 1.08143 1.20633 0.68206
1.10783 0.989707 0.912268 0.953861 1.0865 0.76024
1.10354 0.890271 1.08648 0.803811 0.955831 0.987651
1.04892 0.855975 1.19482 0.834385 0.887222 1.14334
0.915598 0.825617 1.26606 0.968635 0.838312 1.26754
0.922501 0.837674 1.23817 1.0182 0.853008 1.22555
end
gesture a10 hands 2
0.928768 0.841048 1.25544 1.00846 0.867369 1.21099
1.18343 0.894805 1.17493 0.900069 0.855638 1.22715
1.29109 0.991903 1.08083 0.707813 0.920628 1.14681
1.26281 1.04208 0.955558 0.678604 1.00811 0.954098
1.04161 1.06676 0.794536 0.873222 1.06323 0.772684
0.864662 1.14896 0.718682 1.06755 1.13134 0.7016
0.702575 1.1613 0.744756 1.05708 1.1343 0.716528
0.675434 1.16697 0.73983 1.18775 1.16 0.713448
0.86758 1.11579 0.76057 1.14203 1.17715 0.706484
0.988802 1.04806 0.840477 1.03429 1.09989 0.751674
1.06633 0.929511 1.03074 0.849117 0.89707 1.09717
0.896093 0.831036 1.26704 0.971773 0.844539 1.30726
0.89544 0.846947 1.25815 1.02504 0.869567 1.26559
end
gesture a10 hands 2
0.945471 0.836502 1.3118 0.972552 0.862126 1.26798
1.14059 0.850306 1.2319 0.92712 0.83349 1.29682
1.26537 0.95357 1.10101 0.81768 0.849635 1.24399
1.23379 1.02616 0.940841 0.724261 0.924906 1.05432
1.01314 1.08856 0.818742 0.754839 1.00555 0.902655
0.777781 1.15108 0.821874 1.09612 1.13626 0.76656
0.71612 1.16428 0.81218 1.1872 1.15133 0.770077
0.779545 1.09383 0.798739 1.17719 1.13592 0.76189
0.966476 1.02139 0.838333 0.970409 1.06077 0.811375
1.09084 0.923184 1.02998 0.825252 0.95357 0.96256
0.934934 0.803496 1.24638 0.824021 0.8592 1.21428
0.955536 0.825298 1.28956 0.989648 0.832286 1.30797
0.93014 0.831117 1.25378 0.975533 0.863703 1.24657
end
gesture a10 hands 2
1.03254 0.867196 1.09698 0.901158 0.88454 1.12735
1.00115 0.879213 1.06952 0.894338 0.891872 1.15482
0.978384 1.0709 0.889304 0.896698 0.892499 1.10827
0.861364 1.11728 0.861088 0.936574 0.964984 0.952564
0.778674 1.11771 0.932304 1.05779 1.07691 0.882887
0.74311 1.13115 0.887634 1.17966 1.22156 0.860842
0.781906 1.16906 0.878338 1.0749 1.12848 0.852156
0.788988 1.13746 0.937584 0.961933 1.01466 0.940162
0.914718 1.0941 0.899474 0.930182 0.902686 1.10717
1.02274 0.987106 1.00107 0.911049 0.883145 1.13101
1.05075 0.873637 1.17244 0.92435 0.889095 1.20091
1.01649 0.854972 1.21594 0.931497 0.888276 1.12838
1.01253 0.852193 1.16632 0.890465 0.900449 1.11021
end
gesture a10 hands 2
1.01981 0.839065 1.16807 0.879329 0.861428 1.13115
1.0148 0.854048 1.14174 0.863435 0.877482 1.14345
1.03605 0.897189 1.04709 0.875114 0.889539 1.07461
0.994659 1.0254 0.900144 0.98367 1.01524 0.866443
0.951448 1.10767 0.838854 1.05822 1.07241 0.816094
0.738244 1.15124 0.863791 1.13231 1.14428 0.811831
0.732942 1.18093 0.858263 1.11458 1.14503 0.815505
0.734128 1.10958 0.868908 1.12563 1.17999 0.815025
0.820435 1.08469 0.88288 1.06721 1.04856 0.907886
0.893624 0.99313 0.94225 0.972581 0.963438 0.985558
1.00232 0.873743 1.08416 0.914325 0.874926 1.1672
1.06797 0.821422 1.2869 0.822052 0.844872 1.2935
1.05128 0.825019 1.28161 0.841976 0.853949 1.28535
end
gesture a10 hands 2
1.03515 0.818524 1.18762 0.841019 0.856912 1.25429
1.06255 0.819746 1.19016 0.844693 0.833906 1.17378
1.0372 0.810484 1.1819 0.893032 0.933571 0.962219
1.03947 0.94298 0.967567 0.922144 0.976099 0.904587
0.949955 1.08221 0.858387 1.04305 1.08768 0.853203
0.819926 1.13076 0.878289 1.10137 1.15166 0.845588
0.729696 1.12388 0.914683 1.10968 1.10813 0.912772
0.735033 1.08204 0.945135 1.07391 1.05558 0.898346
0.794913 1.05953 0.917997 0.965827 0.921415 1.01518
1.00339 0.860486 1.0741 0.902543 0.862129 1.11491
1.08167 0.817598 1.28502 0.829863 0.833399 1.27448
1.07111 0.808121 1.30018 0.837869 0.841558 1.29237
1.04914 0.801511 1.24793 0.865968 0.816926 1.22035
end
gesture a10 hands 2
0.845416 0.776143 1.21542 1.15427 0.730187 1.25854
1.22259 0.938813 1.14293 1.14439 0.731811 1.25722
0.870194 1.15298 0.708191 0.86326 0.801312 1.23225
0.677409 1.23896 0.7363 0.830611 1.09164 0.861434
0.845548 1.13763 0.716545 1.27351 1.13178 0.77538
1.27928 1.05965 1.17755 0.832968 1.10988 0.889868
1.28698 1.06277 1.2894 0.60993 1.12833 1.13668
1.19203 1.02292 0.957347 0.6593 1.12206 1.01911
0.690639 1.19463 0.691805 1.2795 1.15888 0.782597
1.17003 1.07761 0.940474 0.900398 1.13592 0.829567
1.19445 0.945687 1.1887 0.686051 1.06221 1.09715
0.924905 0.789877 1.19772 0.846618 0.819745 1.24555
0.832233 0.791104 1.1945 1.10448 0.743271 1.24142
end
gesture a10 hands 2
0.922836 0.759243 1.24127 1.03083 0.765308 1.18618
1.21529 0.870761 1.168 0.997342 0.745703 1.27104
1.09631 1.17798 0.718127 0.713631 0.88753 1.17276
1.00908 1.21989 0.695349 0.801665 1.18631 0.799834
0.651533 1.28622 0.635309 1.10079 1.21759 0.675313
0.699545 1.23635 0.673165 1.18499 1.1702 0.709805
1.23273 1.15145 0.893175 0.714623 1.19772 0.923527
0.889545 1.20224 0.681936 1.25596 1.21327 0.824703
0.744588 1.20925 0.700634 0.852473 1.14556 0.870032
1.24958 1.02047 1.07925 0.744857 0.920904 1.1779
1.13967 0.839595 1.32654 1.05826 0.744417 1.35094
0.903335 0.776895 1.27605 0.968981 0.790244 1.20558
0.93201 0.756719 1.27231 1.09247 0.742816 1.26331
end
gesture a10 hands 2
0.858417 0.65997 1.36234 1.15337 0.636074 1.34104
1.21282 0.785364 1.30539 0.677685 0.947786 1.15574
1.21941 0.931125 1.06227 0.713361 1.03576 1.038
0.650993 1.18445 0.76033 1.05642 1.13438 0.778283
0.610285 1.11349 0.791145 0.848794 1.09582 0.928081
1.15372 1.08273 0.95499 1.30323 1.05609 0.841354
0.700119 1.14701 0.844249 0.681554 1.06287 1.13689
0.687779 1.12779 0.791967 0.991067 1.07634 0.88191
1.27075 0.991711 1.16744 1.33616 1.09441 0.830699
0.748528 1.14297 0.824382 0.806775 1.03493 1.01244
0.77735 1.09261 0.79587 0.707108 0.993616 1.16183
1.24558 0.879015 1.37236 0.807026 0.771297 1.43789
0.980968 0.686131 1.41993 1.03044 0.632549 1.43283
end
gesture a10 hands 2
0.810277 0.611215 1.29357 1.16238 0.622503 1.25278
0.836057 0.635168 1.32948 0.855772 0.710674 1.32684
1.10052 0.701289 1.37455 0.615786 0.963986 1.21204
1.29184 0.879923 1.44112 0.588001 1.10003 1.07141
1.36736 1.0248 1.30329 0.741113 1.23093 0.831922
1.28279 1.18176 0.911559 1.11579 1.25807 0.680097
1.13392 1.24492 0.775335 1.28217 1.26092 0.728089
0.526095 1.26342 0.681325 1.23288 1.25248 0.747942
0.54036 1.29598 0.705232 1.05917 1.32653 0.739762
0.83654 1.27248 0.681929 0.73655 1.08306 0.954021
1.14649 1.03188 0.89734 0.751078 0.84905 1.17108
1.15173 0.848982 1.09236 0.870081 0.716721 1.30568
0.972715 0.659609 1.2967 0.974105 0.659539 1.34464
end
gesture a10 hands 2
0.874811 0.668704 1.32251 1.0739 0.654695 1.29871
0.855503 0.665301 1.21374 1.13736 0.673769 1.20953
1.20141 0.779104 1.28027 0.803783 0.764792 1.28351
1.33841 0.947947 1.27393 0.56011 1.21234 1.13807
1.38703 1.16243 1.16707 0.604751 1.33569 0.988639
1.26677 1.31299 0.84997 1.2093 1.4009 0.613817
1.12441 1.36204 0.748607 1.34874 1.30154 0.738078
0.574455 1.34635 0.652325 1.13497 1.32767 0.658363
0.541936 1.32902 0.648077 1.01369 1.32202 0.67372
0.97339 1.33448 0.691729 0.702862 1.25473 0.862234
1.18026 1.23506 0.817759 0.649576 1.06409 1.04361
1.19817 0.909012 1.06095 0.896017 0.734052 1.23299
0.877423 0.675681 1.26006 1.04097 0.661073 1.2532
end
gesture a10 hands 2
0.855587 0.686125 1.27585 1.1202 0.691199 1.20785
1.01582 0.7377 1.23083 1.07838 0.696527 1.21675
1.2837 0.932007 1.23743 0.653468 0.953626 1.26143
1.38889 1.14741 1.11893 0.585627 1.29899 0.964032
1.23074 1.37907 0.793873 0.791433 1.40564 0.737077
1.06619 1.40736 0.710031 1.19566 1.39803 0.615137
0.527696 1.39304 0.654823 1.27703 1.29669 0.722891
0.572919 1.37584 0.652199 1.09296 1.36639 0.613342
0.909755 1.33057 0.652808 0.785895 1.32011 0.778356
1.08558 1.26509 0.732973 0.671354 1.22443 0.891733
1.26132 1.09012 0.907556 0.671548 1.04231 1.03579
1.08147 0.779219 1.13491 0.915083 0.773337 1.19534
0.869849 0.692897 1.25807 1.11687 0.711126 1.20641
end
gesture a10 hands 2
0.884437 0.709597 1.26866 1.06563 0.718812 1.20293
0.920978 0.73709 1.33357 0.925806 0.77435 1.09862
0.886082 0.731051 1.21191 0.64871 0.922127 1.13926
1.07615 0.759897 1.17155 0.596135 1.01619 1.18697
1.4751 1.09463 1.10477 0.444492 1.29031 1.1567
1.5541 1.24853 1.10485 0.593897 1.40571 0.816663
1.39293 1.41849 0.692805 1.05593 1.44251 0.602783
0.625731 1.47325 0.573962 1.25882 1.31836 0.65712
0.668977 1.32272 0.650678 1.24047 1.12839 0.664129
0.771957 0.943472 0.790104 1.12308 0.800234 0.928216
0.822247 0.768477 0.963878 1.04206 0.677592 1.27916
0.897257 0.72061 1.3071 1.04794 0.709309 1.30358
0.887153 0.734739 1.18711 1.08312 0.740634 1.14429
end
gesture a10 hands 2
0.877798 0.676934 1.25614 1.08503 0.69657 1.15142
1.15583 0.738172 1.16584 1.08128 0.69392 1.14951
1.41937 0.963156 1.16171 1.00989 0.665405 1.22049
1.51417 1.09607 1.16649 0.79444 0.712362 1.19271
1.48595 1.3552 0.856751 0.506806 1.093 1.23509
1.37476 1.43937 0.738906 0.467604 1.28442 1.06088
0.928616 1.54684 0.652425 0.781878 1.51838 0.703419
0.630496 1.49744 0.662343 1.08676 1.52836 0.659563
0.615183 1.43429 0.647984 1.24384 1.42021 0.687368
0.706727 0.997543 0.804909 1.18776 1.04988 0.784964
0.781086 0.762345 0.979464 1.08475 0.676212 1.11687
0.895682 0.669894 1.34709 1.08255 0.632766 1.29048
0.862569 0.686973 1.24429 1.06326 0.663582 1.27491
end
gesture a10 hands 2
0.855381 0.628389 1.26092 1.03624 0.61988 1.22749
1.24341 0.728642 1.29886 0.861115 0.692898 1.2275
1.4652 0.966623 1.2505 0.541469 0.972977 1.2537
1.56527 1.16945 1.0923 0.463358 1.13971 1.14697
1.45842 1.4067 0.871852 0.512096 1.37821 0.95458
0.960696 1.53375 0.650717 0.774879 1.49889 0.748241
0.605681 1.43234 0.679625 1.12127 1.48598 0.696358
0.644751 1.27105 0.692536 1.24207 1.39068 0.700643
0.749493 0.889887 0.81239 1.21329 1.30351 0.691077
0.803515 0.712289 0.911486 1.12732 0.946795 0.787563
0.869662 0.621426 1.22997 1.08709 0.655724 1.07582
0.885774 0.612779 1.37994 1.06783 0.608981 1.40202
0.885855 0.643831 1.36506 1.07826 0.604082 1.33952
end
gesture a10 hands 2
0.855494 0.761552 1.25588 1.09971 0.753075 1.2169
0.90628 0.777154 1.26824 0.864853 0.824975 1.28079
1.11421 0.871578 1.28324 0.669788 0.993926 1.21207
1.28538 1.02823 1.1901 0.664074 1.1417 0.974014
1.28088 1.11975 0.979521 0.919532 1.22366 0.700487
1.13335 1.15808 0.777485 1.24781 1.22298 0.620823
0.825822 1.19147 0.645381 1.30431 1.24 0.672953
0.604246 1.17322 0.654852 1.16603 1.14675 0.657099
0.950206 1.12768 0.691022 0.784064 1.10882 0.870985
1.213 1.00377 1.07238 0.715202 1.01047 1.10777
1.21115 0.956569 1.19295 0.767328 0.908285 1.27059
0.850776 0.776642 1.23161 1.08044 0.75948 1.26316
0.843548 0.788384 1.25819 1.09715 0.784002 1.25282
end
gesture a10 hands 2
0.820924 0.727715 1.29117 1.11481 0.736402 1.24866
1.18044 0.884942 1.30391 0.803315 0.852049 1.29974
1.24372 0.961964 1.24863 0.657579 1.02078 1.16843
1.27719 1.06547 1.05678 0.666826 1.08356 1.04328
1.15728 1.14965 0.829951 0.777118 1.1793 0.808416
0.82351 1.23739 0.656315 1.12112 1.2981 0.61843
0.591321 1.26276 0.679556 1.13579 1.29533 0.660329
0.655439 1.26496 0.622014 1.04624 1.22932 0.661861
0.842592 1.18924 0.644738 0.809952 1.1653 0.812016
1.17913 1.1063 0.902473 0.702198 1.00677 1.08811
1.1886 0.920988 1.13184 0.86335 0.805804 1.26908
0.898067 0.717723 1.28501 1.04847 0.712351 1.30711
0.83519 0.743244 1.27916 1.12399 0.742455 1.24976
end
gesture a10 hands 2
0.833133 0.754146 1.28061 1.08714 0.755906 1.25756
0.933369 0.750304 1.30618 0.998309 0.738615 1.2596
1.17852 0.869461 1.29603 0.758549 0.851846 1.30087
1.26653 1.13029 0.938576 0.650748 0.977139 1.22317
1.07288 1.25416 0.738915 0.666954 1.15823 0.930339
0.913959 1.29734 0.661057 1.0249 1.32787 0.661532
0.699278 1.28098 0.759676 1.29742 1.31536 0.632645
0.627238 1.31149 0.705245 1.33888 1.30899 0.670626
0.920093 1.19598 0.67627 0.979332 1.19306 0.707434
1.12429 1.1448 0.831755 0.771225 1.12261 0.871471
1.2059 1.06709 0.951932 0.729622 0.911372 1.16505
1.09342 0.80527 1.20274 0.98226 0.724908 1.2755
0.825775 0.722847 1.23421 1.06261 0.727303 1.26058
end
gesture a10 hands 2
0.929228 0.823731 1.22043 0.993907 0.821212 1.21116
1.0813 0.815586 1.21467 0.869689 0.815901 1.19765
1.2621 0.944607 1.06406 0.672713 0.948058 1.03706
1.21886 1.07505 0.876971 0.703832 1.08384 0.873576
0.945609 1.23635 0.737335 0.940351 1.2158 0.737372
0.71025 1.25575 0.776734 1.1197 1.22919 0.779869
0.692517 1.28169 0.750831 1.17865 1.21739 0.756861
0.810083 1.23164 0.754356 0.960415 1.22326 0.785984
1.00975 1.12329 0.80439 0.886303 1.16671 0.828449
1.11484 0.977695 0.935496 0.812688 0.997596 0.949114
1.06409 0.825658 1.14322 0.904444 0.823991 1.18373
0.938235 0.791975 1.24567 1.00663 0.798356 1.28028
0.940067 0.800753 1.2468 0.995109 0.810718 1.27207
end
gesture a10 hands 2
0.907388 0.73149 1.3022 0.99897 0.733745 1.30121
1.115 0.754421 1.31418 0.816144 0.758593 1.28444
1.25936 0.911844 1.14085 0.712979 0.815209 1.27991
1.12414 1.06032 0.913891 0.63796 0.926547 1.10887
0.749527 1.16348 0.84233 0.754173 1.07729 0.887139
0.639524 1.23574 0.831023 0.884587 1.15056 0.828613
0.666179 1.22271 0.824847 1.16907 1.17064 0.807242
0.792538 1.13327 0.835073 1.12838 1.16326 0.850721
0.844186 1.14688 0.875719 0.933954 1.11829 0.855702
1.00169 0.993498 0.926885 0.795182 0.905546 1.0637
1.05821 0.79442 1.17791 0.84333 0.781722 1.20318
0.905417 0.724958 1.377 1.01749 0.732865 1.36523
0.900774 0.728734 1.362 1.01009 0.740689 1.39528
end
gesture a10 hands 2
0.925948 0.787584 1.26313 0.987867 0.800115 1.28558
0.989713 0.771375 1.29273 0.965654 0.781274 1.28696
1.15867 0.798997 1.25306 0.779549 0.799047 1.29681
1.24226 0.900521 1.10262 0.646237 0.995583 0.982741
1.19617 0.982672 0.959209 0.907143 1.18318 0.759317
1.05731 1.09254 0.81339 1.08989 1.18173 0.777561
0.83644 1.21938 0.847889 1.1526 1.26348 0.77705
0.651961 1.25175 0.832146 1.10957 1.18892 0.779899
0.663856 1.26447 0.776714 1.10737 1.20247 0.790492
0.922452 1.05193 0.838822 0.919836 1.09982 0.829334
1.03966 0.887165 1.01231 0.850845 0.870794 1.05194
0.98784 0.773761 1.27886 0.99117 0.776855 1.2965
0.974688 0.791591 1.34633 0.980796 0.785103 1.30899
end
gesture a13 hands 2
1.01051 1.17601 1.05921 0.987381 1.08734 1.0694
0.914804 0.897515 1.04132 0.949421 1.04764 1.13201
0.924218 0.846096 1.0274 0.946972 0.716723 1.00984
0.991376 0.584379 1.00275 0.947196 0.585359 1.00606
1.04942 0.477425 0.834805 1.00995 0.619542 0.950735
0.996566 0.329098 0.7391 0.942851 0.844021 0.904247
1.00364 0.45016 1.27662 1.03044 0.807348 1.0537
0.731131 0.474096 1.21357 0.963621 0.995962 0.95483
0.808969 0.389264 1.21237 0.982754 0.800122 1.01886
0.784022 0.441885 1.23553 0.946173 1.09672 0.902498
0.950424 0.907764 1.01943 0.949765 1.11691 0.90641
1.00011 1.20329 0.96083 0.952597 1.077 1.08524
0.987354 1.17781 1.0731 0.968267 1.07106 1.10371
end
gesture a13 hands 2
1.15228 1.13693 1.07902 0.828912 1.07429 1.03379
1.02685 0.744741 1.02113 0.840604 0.501205 1.03562
1.03124 0.818775 0.921261 0.875558 0.762711 1.09491
1.1376 0.628455 0.993499 0.955084 0.652853 0.986588
1.08998 0.88027 0.658787 0.927802 0.53932 1.23482
0.931519 0.524449 1.22864 0.916177 0.74206 1.20418
0.798925 0.475153 1.19258 0.946701 0.60987 1.12894
0.797333 1.17923 1.09412 0.733288 1.19856 0.952259
1.06495 0.678331 1.18406 0.904618 1.28974 0.891049
0.834894 0.522594 1.23701 1.17552 1.21099 1.07693
0.75805 0.42545 1.1931 0.978446 0.895244 1.16601
0.701311 1.12264 1.00022 1.31208 1.05453 1.02044
0.728641 1.14425 1.02703 1.23974 1.05668 1.09255
end
gesture a13 hands 2
0.686222 1.07514 1.04885 1.17375 1.00186 1.07777
0.754887 0.989087 0.946871 1.14985 0.758218 1.03765
0.751407 0.652159 1.01591 1.11608 0.621741 1.07105
0.792067 0.502375 1.06157 1.1385 1.00309 0.974868
0.948185 0.636972 1.24713 1.05402 1.33206 0.954556
0.99002 0.554246 1.21915 1.04741 1.26213 0.760188
1.05408 0.598147 1.00302 1.02008 1.35365 0.703034
1.14763 1.01163 0.890329 1.00585 1.35112 0.914742
1.06453 1.17556 0.933362 0.790546 0.869676 1.00092
1.06871 1.23582 0.934488 0.767726 0.900367 1.02788
1.18363 0.98774 1.00549 0.793011 1.03326 1.13317
1.15222 1.11337 1.09121 0.741852 1.04839 1.00933
1.07486 1.09166 1.09592 0.726292 1.02876 1.08242
end
gesture a13 hands 2
0.980105 1.07031 1.08914 0.996403 1.09134 1.08434
1.09054 1.09624 1.00516 0.889646 1.10288 1.0048
1.0743 1.04779 0.958505 0.877126 0.860342 0.930251
1.01909 0.833189 0.920568 0.989584 0.515555 0.884805
0.975606 0.875856 0.884181 1.01503 0.575754 1.07805
0.966185 0.538037 0.944005 0.965265 0.572394 0.967126
0.901899 0.544776 0.916316 0.990644 0.526351 1.01975
0.872925 0.530362 0.943443 0.999188 0.666728 1.18423
0.876746 0.566774 1.11951 0.92023 0.909737 1.10477
0.965748 0.908115 1.06792 1.0108 1.12863 1.11424
0.948356 1.08649 1.144 0.939689 1.16022 1.1021
0.955226 1.10579 1.05788 1.03848 1.15123 1.04017
0.975473 1.10899 1.08343 0.99005 1.12044 1.09853
end
gesture a13 hands 2
1.04443 1.75753 1.02645 0.999936 1.07532 0.987365
0.991391 1.77961 0.929715 0.963779 1.09451 1.01737
1.03187 0.980414 0.894294 0.920985 1.06233 0.914831
1.02623 0.947493 0.89763 0.928617 0.970858 1.03146
0.989673 0.624792 1.07951 1.04489 0.673154 1.14542
0.897004 0.618699 1.13635 1.00732 0.712319 1.15
0.908262 0.574635 1.13409 0.952423 0.889505 1.11987
0.870662 0.390672 1.14699 0.961824 0.853002 1.12577
0.929226 0.423426 1.1052 0.941026 1.02041 1.05858
0.901908 0.62366 1.07826 1.1012 1.25256 0.561609
0.981444 0.943744 1.00474 1.06947 1.3421 0.592045
1.01331 0.989036 0.970997 0.965296 1.03814 1.06628
0.995983 0.963973 0.974426 0.9636 1.0549 1.06735
end
gesture a13 hands 2
1.01657 1.16142 0.957312 0.999139 1.04801 0.998494
0.993834 0.828604 1.10537 0.941934 1.01988 0.995703
1.00523 0.737929 1.19921 0.987404 1.00155 1.05625
0.852425 0.753086 1.04618 0.963571 0.830704 1.08271
0.695492 0.809844 1.08565 1.04576 0.780213 1.07774
0.70078 0.753702 1.0751 0.990229 0.764112 1.06307
0.870694 0.531345 1.07299 0.934755 0.984413 1.02358
0.711375 0.601916 1.01988 0.99884 1.06363 0.958519
0.921817 0.548351 1.05344 0.977731 1.06677 1.04688
0.937196 0.646592 1.04207 0.975264 0.923763 1.07335
0.914671 0.858595 1.047 0.948231 1.06549 0.984752
1.04084 1.14774 0.966256 0.944528 1.05199 1.05357
0.99733 1.14587 0.990465 0.963669 1.04312 1.00211
end
gesture a13 hands 2
0.965397 1.14023 0.997522 0.959623 1.0658 1.05791
1.01354 0.909493 1.05497 0.919436 1.07955 1.02633
0.989747 0.695214 1.15855 0.920857 0.801246 1.04705
0.925547 0.767385 1.10859 0.940436 0.878697 1.11687
0.994244 0.69876 1.23044 0.981531 0.770416 1.21413
0.871692 0.669788 1.09723 1.06398 0.732805 1.08745
0.853294 0.781411 1.09566 1.02284 0.844743 1.11798
0.840801 0.60692 1.03397 1.06851 0.744219 1.0813
0.836667 0.690398 1.054 1.00181 1.02985 1.0742
1.02172 0.91746 1.12657 0.888353 0.885036 1.18918
0.997759 1.13743 0.908845 0.994429 0.899925 1.06423
1.01651 1.17249 0.883252 0.977417 1.0596 0.917207
0.966287 1.1217 0.995518 0.956785 1.08452 1.03253
end
gesture a13 hands 2
1.02446 1.08518 1.0987 0.904854 1.09541 1.09157
1.00924 1.09219 1.05655 0.947503 1.11439 1.02698
1.01502 1.09441 1.07172 0.913108 1.10517 1.05746
0.979798 1.10256 1.05205 0.928819 1.10159 1.03009
0.965042 0.980428 0.982908 0.970739 0.975013 0.961028
0.94534 0.797236 0.965135 1.03046 0.725886 0.940244
0.944462 0.675997 0.961199 1.06649 0.617053 0.952981
0.934154 0.608447 0.996314 1.07582 0.525194 1.01733
0.890895 0.795815 0.959592 1.04685 0.813172 0.989282
0.913177 0.972571 0.971115 0.98414 0.979844 1.03497
0.948244 1.04602 0.999307 0.976481 1.02519 1.12152
1.00976 1.09648 1.08001 0.94761 1.13157 1.05595
1.02038 1.10167 1.07577 0.950939 1.12434 1.06196
end
gesture a13 hands 2
1.01445 1.11635 1.07624 0.945355 1.13228 1.07203
1.00534 1.11995 1.07046 0.934313 1.10206 1.01428
0.978031 1.07641 0.973406 0.989931 0.987236 0.909457
0.959346 0.939313 0.94412 1.03093 0.869222 0.902259
0.926158 0.772949 0.964155 1.04772 0.661896 0.977993
0.938944 0.647563 1.0231 1.02902 0.510942 1.09786
0.908509 0.672961 1.18745 1.0306 0.561063 1.09949
0.951192 0.658206 1.03132 1.01794 0.712385 0.997607
0.953196 0.709535 1.04263 0.997715 0.879404 1.03989
0.940325 0.643781 1.01793 0.999472 1.06893 1.09749
0.959564 0.952329 0.972904 0.923292 1.05193 1.0809
0.974491 1.03231 1.04031 0.944447 1.07691 1.06802
0.995026 1.12412 1.04147 0.918742 1.14058 1.03547
end
gesture a13 hands 2
0.997027 1.12563 1.08605 0.915994 1.13594 1.08052
1.00946 1.10587 1.00561 0.926119 1.05759 0.960303
1.00836 1.08843 0.977832 0.982795 0.96293 0.900663
0.949913 0.880678 0.931406 1.02665 0.80416 0.924556
0.93322 0.692954 0.998609 1.04677 0.750669 0.938769
0.941849 0.636032 1.02247 1.05298 0.609065 1.0098
0.946535 0.648991 1.03041 1.03503 0.579439 1.05513
0.960672 0.705417 1.02993 1.02271 0.658587 1.03292
0.947165 0.661053 1.02944 1.00473 0.824294 1.0194
0.93548 0.839051 1.02035 1.00817 0.857614 1.05097
0.94387 1.01599 1.07392 0.941518 1.09486 1.13261
1.00055 1.09634 1.10754 0.918384 1.13564 1.04951
0.985952 1.12742 1.05852 0.909557 1.13418 1.06994
end
gesture a13 hands 2
0.989681 0.974019 1.07829 0.909243 0.972523 1.07658
0.945983 0.9787 1.02644 0.928178 0.974288 1.034
0.93422 0.961041 1.03774 0.940705 0.964198 1.07633
0.939013 0.877929 1.10516 0.960502 0.935496 1.12588
0.932414 0.870027 1.1248 0.972389 0.898562 1.08354
0.933098 0.892438 1.06148 0.960227 0.848758 1.05771
0.956613 0.958175 1.00639 0.959777 0.888251 1.0604
0.95186 0.976735 0.994605 0.940722 0.942204 0.984375
0.977789 0.981313 1.06838 0.92828 0.966297 0.978223
0.993151 0.971621 1.06467 0.899196 0.975522 1.03447
0.967057 0.959422 1.11309 0.905956 0.968909 1.11177
0.986893 0.969909 1.04931 0.91211 0.972682 1.04715
0.973015 0.96663 1.06268 0.926542 0.970761 1.06455
end
gesture a13 hands 2
1.06288 1.05592 1.18984 0.866417 1.04938 1.14648
1.04302 1.04621 1.10537 0.87324 1.03209 1.17398
1.01692 1.04506 1.0825 0.883949 1.02681 1.11411
0.934139 0.979824 1.03757 0.936271 1.01055 1.03396
0.913056 0.917617 1.06756 0.97135 0.966675 1.05246
0.935071 0.874798 1.03492 0.978199 0.952426 1.00671
0.882689 0.8009 1.01127 1.01291 0.927073 1.03035
0.861123 0.808996 1.02586 0.987286 0.837746 1.02853
0.859125 0.812377 0.995091 0.987935 0.812498 0.989846
0.911938 0.886199 0.966367 0.995268 0.832454 0.965597
1.00088 1.04985 1.01937 1.0126 0.89264 0.96243
1.06296 1.07931 1.03887 0.932841 1.03849 1.04587
1.07818 1.07562 1.10153 0.832351 1.05035 1.11199
end
gesture a13 hands 2
1.05521 1.08333 1.14324 0.894692 1.0801 1.10655
1.03575 1.08016 1.10686 0.941465 1.01353 1.02258
0.979175 1.02024 1.00585 0.964027 0.982956 1.01848
0.91417 0.949771 0.95807 0.996218 0.895055 0.937725
0.872417 0.797392 0.935877 1.04839 0.715307 0.940326
0.858494 0.707484 0.94387 1.06667 0.772392 0.894686
0.85312 0.712376 0.942203 1.04421 0.854357 0.930036
0.87253 0.815386 0.898865 0.90161 1.05382 1.15752
1.0178 1.0071 1.06684 0.872755 1.088 1.17452
1.05626 1.07855 1.13662 0.890361 1.06501 1.12111
1.04815 1.07889 1.13594 0.896472 1.08688 1.15743
1.0585 1.08918 1.07506 0.896975 1.07314 1.10348
1.06747 1.09562 1.0738 0.935818 1.08724 1.12669
end
gesture a13 hands 2
0.988362 1.0877 0.97888 0.930782 0.972094 1.0448
0.982992 1.00673 1.08542 1.01604 0.885563 1.15277
0.974088 0.945717 1.08692 1.0765 0.876414 1.19502
0.905091 0.819513 1.17932 1.04788 0.834336 1.19487
0.904218 0.794372 1.14447 0.950798 0.960593 1.12419
0.957984 0.68942 1.18224 0.928145 1.04369 1.04474
0.940745 0.662502 1.2329 0.927056 1.14954 0.942389
0.930794 0.6516 1.17333 0.936179 1.17626 0.941364
0.95945 0.732281 1.22373 0.974979 0.891009 1.10647
0.930091 0.658435 1.17356 0.991383 0.877741 1.09211
0.968558 1.0731 0.964059 0.981662 0.970348 0.970677
0.957568 1.10408 0.909977 0.942848 0.953743 0.965817
0.985971 1.06219 0.988911 0.92723 0.937864 1.02143
end
gesture a13 hands 2
0.976442 1.06533 1.01716 0.90279 0.932407 1.05369
0.982188 0.992026 1.01104 0.937986 0.908496 1.0842
0.967228 0.690981 1.18195 0.965354 0.902771 1.13219
1.00635 0.756719 1.116 1.02222 0.614142 1.1511
0.997821 0.761587 1.12853 1.00766 0.661762 1.17112
0.997863 0.738324 1.03263 0.957275 0.860982 1.10536
1.06467 0.837872 0.880588 0.868264 1.30123 0.87981
0.796455 0.879602 1.2613 1.11716 1.45644 0.72301
0.636889 0.88824 1.25685 1.13292 1.59395 0.72443
0.995961 1.06532 1.07823 0.989673 0.905335 1.09903
0.965843 1.09937 0.986518 0.934511 0.955746 1.03478
0.980868 1.09792 1.00229 0.910252 0.941325 1.10356
0.978068 1.07985 1.00824 0.876411 0.929071 1.07394
end
gesture a13 hands 2
0.956972 1.02162 1.02554 0.922928 0.994827 1.08547
0.964832 0.949037 1.05513 0.957236 0.973553 1.00107
0.951031 0.749187 1.05399 1.01768 0.690675 1.16262
0.942723 0.696786 1.11114 1.0042 0.724099 1.14523
0.955913 0.734737 1.12261 1.02856 0.927396 1.16208
0.898511 0.725452 0.8305 0.961064 0.965026 1.02914
1.08498 0.886961 0.932849 0.963204 0.95684 1.03087
1.00609 0.962953 1.01181 0.971114 1.22224 0.905529
0.995187 1.07051 1.02371 0.990276 1.17912 1.00717
0.999735 1.05168 1.0443 0.741623 1.33874 0.955895
0.984825 0.906041 1.11833 0.984509 0.858799 1.093
0.979211 1.02935 1.00711 0.959733 0.98663 1.07699
0.955658 1.01026 1.00543 0.940411 0.987332 0.989689
end
gesture a13 hands 2
1.05924 1.18232 0.982027 0.82106 1.03899 1.09108
1.06989 0.549717 0.937694 0.993454 0.617654 1.09359
0.927522 0.365703 1.07783 0.825541 0.856266 0.901444
0.840865 0.543272 1.164 1.21908 1.18104 1.16084
1.09414 0.936959 0.94248 1.18663 0.979152 0.923129
0.773174 0.887917 1.11493 1.11978 1.28837 0.83907
0.829066 0.863195 1.21845 0.817363 1.10001 0.898054
1.24745 1.09921 1.16981 0.923612 1.26374 0.883458
0.814666 1.31158 0.989365 1.2687 1.15195 0.998614
0.699594 1.0286 1.07129 1.15229 0.944037 1.18023
0.617862 1.0568 0.945276 1.23949 1.03713 1.05832
1.08777 1.11475 0.9982 0.763767 0.971497 0.976303
1.1066 1.16521 0.95802 0.869401 1.03669 1.02678
end
gesture a13 hands 2
0.922073 1.16524 1.02588 0.957154 1.1637 1.0559
0.949144 1.15557 1.09803 0.966646 1.18326 1.02553
0.945782 1.10926 0.980804 0.998906 1.00262 0.933245
0.938119 0.964827 0.925191 1.02309 0.501636 0.937124
0.935324 0.659951 0.916608 0.998942 0.607882 0.918111
1.11558 0.704914 0.844839 1.01208 0.669611 0.956816
1.1928 0.866286 0.87329 0.988575 0.884767 1.02189
1.21018 0.833152 0.851744 0.973287 0.888169 1.07967
1.02208 0.825376 0.763327 0.945991 1.03713 1.10053
0.993782 0.782459 0.781313 0.919098 0.967435 1.25969
0.971942 0.958063 1.3002 0.938106 1.08971 1.25783
0.98337 1.08045 1.34435 0.98058 1.21735 1.01313
0.975727 1.17126 1.11287 0.961317 1.2126 1.04664
end
gesture a13 hands 2
0.987452 1.07602 1.08262 0.917094 1.0238 1.08592
1.01553 1.04585 1.0638 0.966243 0.872273 1.06489
0.981748 0.828055 0.941722 0.984281 0.74562 0.970562
0.952855 0.749211 0.910083 0.980095 0.828502 0.97572
0.955299 0.768642 0.941225 1.00814 0.867749 0.924178
0.936307 0.671279 0.93641 0.984439 0.754456 0.950584
0.7557 0.472069 0.993637 0.974726 0.716675 0.949581
0.716463 0.497434 1.01528 0.9813 1.1711 1.08792
0.981769 0.920836 1.02305 1.17926 1.22028 1.04145
0.970346 0.913676 1.0391 1.00208 0.815463 1.01737
0.972473 1.04715 1.10063 1.00675 0.92375 1.07616
0.979849 1.08862 1.12924 0.982384 1.00164 1.06294
0.974453 1.09185 1.10561 0.917259 1.03294 1.03376
end
gesture a13 hands 2
0.99234 1.14374 1.06892 0.927454 1.05121 1.10382
0.984366 0.939713 0.971583 0.908956 1.04321 1.14672
0.937697 0.688436 0.940091 0.966838 1.04129 1.06647
0.934174 0.610027 0.902794 0.969522 0.982578 1.00228
0.956169 0.663359 0.909762 1.00382 0.717122 0.925167
0.957004 0.599182 0.92795 0.994444 0.809805 0.94387
0.969197 0.674228 0.935119 0.971199 0.802704 0.954489
0.896814 0.915501 1.22846 0.953112 0.977295 0.970395
0.822887 1.11732 1.24162 0.788399 1.14331 1.01665
0.977822 0.824159 1.0805 1.02319 0.767253 0.999391
0.951421 0.979546 1.14459 1.01246 0.918091 1.13141
0.995908 1.10703 1.08393 0.975664 1.03686 1.09461
1.00753 1.12709 1.06865 0.944178 1.03967 1.12054
end
gesture a20 hands 2
0.978462 0.837615 1.1963 1.02367 1.05158 1.01688
0.896028 0.489036 1.09855 1.12894 0.554686 1.15183
0.8208 0.276622 1.18495 1.02241 0.703635 1.18795
0.885867 0.396446 0.965238 1.09846 0.625674 1.43102
1.2742 1.138 0.962398 0.737407 1.00974 1.33471
1.30522 1.46031 1.19127 0.952114 1.38902 0.843204
1.01913 1.65587 1.21592 1.01772 1.3316 0.92697
0.96765 1.89924 0.654285 1.00362 0.86406 1.08476
0.820987 1.70986 0.42126 1.0287 1.08824 0.817801
0.918131 1.43401 0.411078 0.861219 1.02226 0.762224
1.08014 0.893957 0.909163 0.901664 0.888144 1.08799
1.01418 0.843594 1.34788 0.991039 1.03801 0.992709
1.02748 0.836225 1.35888 0.972789 1.03979 1.1293
end
gesture a20 hands 2
1.03019 0.745768 1.36717 0.937715 1.08063 1.14568
0.88508 0.768035 1.08024 0.969602 1.0307 1.10293
0.874929 0.733601 1.08483 1.04579 0.633372 1.21323
0.88571 0.395935 1.21675 1.09386 0.686788 1.16175
0.845526 0.299019 1.15902 0.985246 0.609471 1.15571
1.18371 0.953197 0.971533 1.0449 0.737749 1.12673
1.27319 1.44811 1.30465 0.99974 0.587102 1.20514
1.15841 1.48328 1.42584 1.02272 0.894158 1.08417
1.01402 1.77598 0.871019 1.02307 0.987083 1.06409
0.870503 1.69927 0.492924 0.987799 1.15571 0.798425
1.03946 1.05581 0.644259 0.826794 1.01752 0.798679
1.02611 0.891332 0.793275 0.88276 0.976827 1.04224
1.01027 0.765635 1.24659 0.960316 1.09571 1.08646
end
gesture a20 hands 2
1.024 0.843099 1.25447 0.972247 1.06611 1.08589
0.913346 0.729751 1.13875 1.05382 0.606733 1.17688
0.802805 0.205961 1.08597 1.05454 0.607055 1.19473
0.859395 0.221267 1.27612 0.996729 0.979643 1.1003
0.948609 0.581726 1.07812 1.06644 0.870796 1.16865
0.980074 0.693114 1.137 1.01351 1.03848 1.10371
1.28361 1.2606 1.01966 0.999281 1.09395 0.821231
1.0388 1.54893 1.30444 1.01934 1.1176 0.859284
1.01334 1.8989 0.697021 0.942734 1.06618 0.642768
0.87097 1.71079 0.440496 0.823574 0.95664 0.833668
1.08751 1.58227 0.550785 0.884047 0.978494 1.13713
1.1616 0.87803 0.990068 0.987259 1.07796 1.06846
1.05952 0.834374 1.41148 0.978399 1.07377 1.09089
end
gesture a20 hands 2
0.949611 0.836859 1.05946 1.08527 0.888567 0.981181
1.26986 0.718061 1.12485 1.4073 1.139 0.784684
1.31571 0.549962 1.27072 1.45362 1.21415 0.793941
1.26772 0.397287 1.32982 1.27758 1.3535 0.533017
1.41664 0.562551 1.43023 0.928176 1.2436 0.424369
1.38268 1.3862 1.38551 0.702969 1.06654 0.620118
1.43398 1.58799 0.845239 0.608642 0.973868 1.20914
0.876682 1.67282 0.416186 0.952735 0.928361 1.58818
0.293676 1.46785 0.534754 0.980778 0.92582 1.61477
0.246633 1.44331 0.582226 0.651184 0.853951 1.39092
0.428755 1.36817 0.703142 0.808976 0.755061 1.2182
1.00591 0.751053 1.0917 0.819503 0.911285 0.814333
1.09723 0.723183 1.1799 0.964116 0.791104 1.05478
end
gesture a20 hands 2
1.00969 0.72011 1.17838 0.890546 0.855661 1.14325
1.29812 0.817382 1.27633 1.10803 1.00546 0.864641
1.31644 0.697625 1.46508 1.19646 1.07009 0.81484
1.18678 0.436883 1.51394 1.22753 0.886885 0.868212
1.12687 0.194383 1.38432 1.1889 1.11923 0.638476
1.37075 0.658116 1.54914 0.89203 1.20574 0.594009
1.38779 1.17844 1.45127 0.736643 1.20038 0.589256
1.35238 1.39888 1.30514 0.610158 1.05662 1.02131
1.29556 1.59776 0.908881 0.6361 0.942564 1.32792
0.898172 1.6882 0.454821 0.904342 0.965528 1.44569
0.306176 1.48109 0.411891 1.09592 0.920415 1.20897
0.353079 1.47839 0.444953 0.726601 0.84746 1.2906
0.938707 1.03522 0.794895 0.665984 0.865895 1.09869
end
gesture a20 hands 2
0.977362 0.958588 0.893301 0.765032 0.891617 1.05139
1.05329 0.824753 1.20953 0.974474 1.02434 0.849419
1.08618 0.270605 1.32995 1.07352 0.818303 0.871311
1.14425 0.303729 1.30566 1.05386 1.07227 0.732087
1.36235 1.16029 1.36132 0.893879 1.20988 0.777006
1.33082 1.43645 1.21612 0.872425 0.964604 1.20943
1.05454 1.82184 0.417463 1.07418 0.994669 1.50808
0.361882 1.63622 0.354974 1.20321 1.12588 0.976712
0.43694 1.5075 0.591015 0.914958 1.12435 0.709376
0.478521 1.16871 0.569611 0.719809 0.822533 1.36624
0.727299 0.856955 0.777231 0.715872 0.974409 1.20532
1.05788 0.905588 1.20269 1.1891 0.854914 1.27722
1.09499 0.809577 1.18209 1.29603 0.905069 1.28796
end
gesture a20 hands 2
1.01059 0.992291 1.14579 0.976271 1.04811 1.01635
0.953039 0.37924 0.983649 1.06757 0.768324 1.01431
0.938236 0.284327 1.02007 1.09225 0.819743 0.991189
1.00409 0.391559 0.974651 1.01505 0.78627 0.988988
0.953086 0.512718 1.24005 1.01941 0.937316 0.988646
1.0322 1.09116 1.15729 0.898997 1.08723 0.892309
1.00043 1.12551 1.21527 0.893546 1.0364 0.968645
0.780017 1.88749 0.505015 0.914694 1.03932 1.22618
0.839788 1.87747 0.566339 0.903751 0.977242 1.2206
0.93938 1.47864 0.588674 0.89651 1.02657 1.05565
0.98838 1.05333 0.871417 0.908101 1.02615 0.997363
1.01005 0.942613 1.13104 0.968404 0.969763 1.07181
1.03853 0.972124 1.21761 0.945848 1.01082 1.06179
end
gesture a20 hands 2
1.04137 0.776676 1.24106 0.912832 1.02208 1.09121
0.945167 0.107532 1.03746 1.01677 0.850839 1.09538
0.991575 0.118831 1.12806 0.969625 0.746701 0.909059
0.970844 0.155535 0.968064 0.962398 0.781334 0.998256
0.935026 0.87442 0.903934 1.00095 0.528879 1.06591
1.41651 1.30648 1.497 1.02728 0.668863 1.04655
1.03718 1.76726 1.55287 0.72402 0.816978 1.28785
0.93588 1.92416 0.73973 0.991295 0.878611 1.02822
0.630866 1.52719 0.53782 1.14382 1.12379 0.821283
0.761352 1.51689 0.54768 1.19883 1.17555 0.831492
0.940752 1.18218 0.581724 1.02738 1.04782 0.920387
1.0245 0.789479 1.09023 0.919171 0.991762 1.16353
1.04315 0.781351 1.26594 0.912976 1.01558 1.082
end
gesture a20 hands 2
1.05413 0.755272 1.26417 0.951947 1.03531 1.06937
0.93059 0.142722 1.01613 1.03999 0.770054 0.941207
0.919453 0.12884 0.992949 1.0084 0.53013 0.9396
1.54769 1.13226 1.24877 1.04077 0.52703 1.03432
1.22935 1.69372 1.45789 1.04928 0.780294 0.961666
0.980853 1.71122 1.44739 0.994688 0.845843 0.987247
0.999486 1.99735 1.07643 1.05412 1.06877 0.885918
0.81559 1.85336 0.585457 0.948473 1.03344 0.877852
0.542231 1.37905 0.476334 0.897915 1.11378 0.979326
0.572097 1.32862 0.498774 0.893552 1.00952 1.28749
0.979009 0.974147 0.792117 0.921352 1.04878 1.27007
1.029 0.740167 1.18212 0.907103 1.03266 1.07275
1.03372 0.73206 1.25712 0.935802 1.03173 1.03364
end
gesture a20 hands 2
1.18034 0.777126 1.18645 1.0073 0.990984 1.02671
1.1062 0.744335 1.25006 0.90117 0.739195 1.22569
1.06726 0.742427 1.0767 0.823959 0.646487 1.32832
0.857481 0.364408 1.01 0.821359 0.627536 1.2919
0.780978 0.360511 1.01775 0.843365 0.61752 1.14915
0.882003 0.832927 0.852396 1.01673 0.860314 0.883841
1.02459 1.1361 0.874336 1.09004 1.13355 0.746131
0.980885 1.57656 1.25566 1.04173 1.21647 0.700963
0.914484 1.77705 1.0188 1.00919 1.22439 0.708625
0.858963 1.56358 0.669865 0.980241 1.11945 0.870106
0.874226 1.05452 0.788612 0.888472 0.992094 1.14776
1.07519 0.749685 1.26858 0.931226 0.964825 1.27633
1.0782 0.739218 1.2371 0.903786 0.957986 1.15123
end
gesture a20 hands 2
1.11965 0.763646 1.31183 0.946527 1.003 1.04596
1.02943 0.800233 1.0636 1.01789 1.04929 0.987775
0.917732 0.450965 1.04472 0.972511 1.0084 1.02975
0.851607 0.300268 1.08651 0.916318 0.754029 1.25256
0.857236 0.702281 0.911272 0.884423 0.60377 1.22661
1.04339 1.19995 0.987436 0.894906 0.676092 1.10928
1.07446 1.59115 1.27352 0.965398 0.991567 0.86809
1.01947 1.66554 1.19806 0.947044 1.14129 0.744375
0.925892 1.75023 0.95028 0.978215 1.1486 0.783714
0.84866 1.63647 0.783743 0.977619 1.06097 0.993551
0.880024 1.40225 0.694644 0.972741 1.05779 1.03068
0.915302 0.939987 0.922673 0.92437 1.00492 1.19851
1.04808 0.780799 1.14505 0.952092 1.01034 1.09129
end
gesture a20 hands 2
1.06907 0.7821 1.12645 0.938198 1.02209 1.08177
0.870991 0.323389 1.09557 0.917696 1.00792 1.01441
0.801674 0.314775 1.18721 0.877866 0.669906 1.28269
0.873374 0.695724 0.924595 0.899476 0.681015 0.980893
1.02945 1.15005 0.955503 1.0582 1.02835 0.742136
1.08151 1.44924 1.14397 1.15184 1.17312 0.669166
0.996282 1.55656 1.36239 1.07853 1.14093 0.704719
1.00749 1.722 1.12842 0.919404 1.02335 0.955575
0.890314 1.70363 0.774577 0.887438 0.981516 1.06008
0.821345 1.32303 0.612704 0.945832 1.01414 1.35397
0.829301 1.22372 0.636102 0.989305 1.03782 1.35267
0.996735 0.834028 0.999935 0.921739 1.01518 1.05673
1.18979 0.779648 1.36948 0.916494 1.00703 1.0352
end
gesture a20 hands 2
0.954625 0.86623 1.19138 0.904088 1.04533 1.1143
1.00347 0.661785 0.93998 0.903455 0.924852 1.1294
0.977053 0.266806 0.921927 0.961921 0.713295 0.978572
1.03609 0.0724477 0.989462 0.975568 0.796493 0.92794
0.961782 0.203651 0.89178 0.99312 0.670453 0.909305
0.894564 0.382507 1.0775 1.0404 0.805166 0.733451
1.07066 0.632638 1.0164 1.03479 0.655135 0.962473
1.36469 1.21422 1.18751 1.00094 1.03132 1.04429
1.25719 1.65279 1.37888 1.03338 1.13337 0.91456
0.884821 1.84725 1.05635 1.01328 1.15455 0.911797
0.66121 1.75284 0.65484 0.992014 1.03684 1.16789
0.562808 1.39691 0.597674 0.931734 1.09942 1.27357
0.62904 1.25386 0.673403 0.922086 1.06457 1.27001
end
gesture a20 hands 2
0.837531 1.07026 0.867617 0.812049 1.11388 0.993376
0.975086 0.894713 1.29903 1.03653 1.05521 1.04654
0.988146 0.890283 1.29041 1.01977 0.861755 1.14963
0.873891 0.36716 0.879309 1.00495 0.646708 0.950273
0.706204 0.274907 0.978951 1.0054 0.579104 0.918669
0.888819 0.311015 0.841516 0.992757 0.75162 0.998039
1.28828 1.35027 0.996378 0.946239 1.11394 0.918181
1.01176 1.67715 1.33364 0.909207 1.17802 0.890732
1.06396 1.78557 0.613963 1.06237 1.0818 1.22329
0.911535 1.59882 0.501674 1.06295 1.06348 1.34173
0.856267 1.07198 0.751983 0.799987 1.11059 0.865686
1.00407 0.943589 1.23764 0.815115 1.11726 0.819455
0.959879 0.890159 1.27817 0.989777 1.05393 0.919696
end
gesture a20 hands 2
0.989617 0.695548 1.6988 0.830598 0.735393 1.7366
1.09812 0.607581 2.11223 1.01754 0.122058 1.53251
1.16605 0.384877 1.78194 1.21087 1.07888 -0.695103
1.02372 0.418398 1.69659 1.21087 1.07888 -0.695103
0.948007 1.01679 -0.721243 0.91337 0.966132 1.48307
0.948007 1.01679 -0.721243 1.1809 1.28321 1.35456
1.03462 0.813107 1.61875 1.22606 1.61754 1.45113
1.13559 1.44167 1.8141 1.21336 1.65923 1.74998
0.973893 1.49618 1.92672 1.14527 1.7853 1.58218
0.822733 1.75321 1.20268 0.683558 1.60864 1.337
0.951336 1.2025 1.09014 0.62786 0.819823 1.78638
0.994166 0.707878 1.7287 0.801729 0.758528 1.82773
1.00317 0.709773 1.71246 0.831694 0.769732 1.62314
end
gesture a20 hands 2
0.934898 0.742595 1.17839 0.941399 1.05453 0.984999
0.95521 0.618755 1.10909 0.965482 1.00099 1.07277
0.877393 0.150062 0.964669 1.01018 0.810994 1.06164
0.560255 0.651641 1.08431 1.11889 0.504066 0.920329
0.82355 0.574341 1.16496 0.953307 0.570142 0.832277
0.855713 0.517142 0.946015 1.09853 0.455736 1.16125
1.14625 1.00844 0.98657 1.0543 0.520925 1.15164
1.05096 1.48162 1.42764 1.08962 0.402256 1.20676
0.954452 1.54555 1.39069 1.01319 0.379374 1.13804
1.04608 1.87672 1.01631 0.935641 0.897499 1.08224
0.982157 1.77229 0.753489 0.952036 0.943515 1.11462
1.13017 1.28951 0.694344 0.972923 1.15818 0.928836
1.05285 0.855288 1.00071 0.945891 1.09833 1.04643
end
gesture a20 hands 2
1.05417 0.717043 1.35171 0.908715 0.929545 1.34669
0.913676 0.211325 1.26472 0.965228 0.760111 1.49023
0.854072 0.476145 1.2663 0.89555 0.716722 1.52438
0.892438 0.955152 -0.939462 0.762488 0.813593 1.60064
0.892438 0.955152 -0.939462 0.840523 0.68701 1.45274
1.14898 1.30965 1.44931 1.06772 1.23623 1.26545
0.950656 1.43243 1.68849 1.11585 1.18705 1.20525
0.986422 1.81424 1.41798 1.01671 1.26159 1.26485
0.964211 1.70571 1.0629 1.09223 1.32424 1.18621
1.13669 1.437 0.971488 1.26023 1.20085 -1.12834
1.13304 0.871945 1.14459 1.26023 1.20085 -1.12834
0.995631 0.667627 1.40793 0.922154 0.964503 1.2334
0.95682 0.65721 1.458 0.928711 0.908526 1.3543
end
gesture a20 hands 2
0.982259 0.947216 1.16135 0.908914 1.0295 1.06499
0.925254 0.371686 0.975368 1.0696 0.649924 1.03959
0.862611 0.273429 0.956562 1.14423 0.761069 0.982126
0.804668 0.435175 0.921731 1.12334 0.701454 1.0578
0.933838 0.841872 0.729329 0.936212 0.837171 1.15298
1.33563 0.958078 1.05987 0.767797 1.19358 0.788797
1.22915 1.37327 0.886128 0.855707 1.13164 1.03553
1.20523 1.74298 1.20394 1.04363 1.18991 1.04676
1.03575 1.78953 1.2799 1.03761 0.867078 0.979839
0.980313 2.07986 0.868404 1.07853 0.880116 0.881763
0.974501 1.97574 0.643824 0.970805 1.07257 0.855244
0.831639 1.55203 0.573916 0.929463 1.03177 1.16223
0.93023 1.15083 0.789984 0.91346 1.0246 1.1548
end
gesture a20 hands 2
1.08703 0.788541 1.13846 0.877991 0.985908 0.867462
1.0015 0.761005 1.17455 0.946438 0.915306 1.08204
0.971635 0.433121 1.00241 0.892743 0.903295 1.01464
0.935878 0.341531 0.982266 0.925892 0.854013 1.19871
0.965675 1.06262 0.839078 1.11879 0.688538 1.29386
0.873513 0.419704 0.934087 0.88386 0.755992 1.30087
0.887078 0.597039 0.891236 1.02048 0.916863 1.00652
1.14018 0.965618 0.810555 1.10938 1.32911 0.675164
1.24144 1.33405 1.08316 1.07175 1.5113 0.564818
0.885577 1.61735 1.42417 1.08714 1.41021 0.726723
0.961595 1.97951 0.950304 0.966467 1.13515 0.848176
0.837678 1.68645 0.600433 0.760743 0.911995 1.29833
0.880054 0.956761 0.760749 0.748915 0.911923 1.35261
end
gesture a20 hands 2
0.93462 0.836778 0.909669 0.742348 0.910343 1.33168
0.988055 0.806584 1.25049 0.961725 0.876854 1.10208
1.07622 0.783349 1.27526 0.952339 0.808842 1.18873
0.973646 0.467772 0.909642 0.918611 0.525596 1.2576
0.953173 0.160089 0.934144 0.988152 0.625343 1.21891
0.91041 0.198373 0.981098 0.922941 0.669306 1.22256
1.04699 1.22295 0.858031 0.873038 0.845539 1.19037
1.11315 1.56593 1.51294 1.03803 0.961962 0.991478
0.852991 1.61448 1.38182 1.06998 1.03133 0.916473
1.00252 2.00127 1.06591 1.18375 1.38737 0.723469
0.923057 1.87269 0.686855 1.14095 1.46175 0.542418
0.963121 1.36089 0.482869 0.936567 1.04785 0.837678
0.950897 0.893137 0.799004 0.856877 0.91604 1.23193
end
gesture a20 hands 2
0.947193 0.825233 0.925711 0.892784 0.975977 1.18668
0.956524 0.162223 0.92218 0.922303 0.952331 1.03784
0.884367 0.43337 1.01838 1.03431 0.710886 1.17424
1.15604 1.14146 0.878042 0.944339 0.750839 1.13893
1.19288 1.19719 0.913357 0.939523 0.792154 1.24246
1.13685 1.55299 1.3176 1.20866 1.00549 1.18399
0.875729 1.69247 1.23861 0.988174 0.959781 1.03322
0.931501 2.04872 0.988051 1.00506 1.04639 0.879918
0.865168 1.69399 0.455808 1.00156 1.2018 0.60843
0.954576 1.24596 0.416851 0.903084 1.00144 0.956163
1.04666 0.824242 1.02224 0.891053 1.00987 1.28223
1.1032 1.03476 1.58025 0.938128 1.03072 1.3242
1.16247 0.802485 1.31194 0.907235 1.00259 0.894769
end
gesture a20 hands 2
1.00405 0.692827 1.26856 0.990891 1.02754 0.906685
1.04667 0.569544 1.11513 0.957016 1.00762 0.970261
1.04682 0.163765 1.01554 0.953459 0.781016 1.34589
0.978223 0.0394217 1.06859 0.875346 0.704083 1.20689
0.991684 0.33596 1.05936 1.01341 0.833861 1.0671
1.08203 1.20339 0.889501 1.01803 0.673294 1.02123
0.962864 1.62168 1.08778 1.21053 1.01674 1.18809
0.901658 1.68396 1.19013 1.3213 1.1605 1.25925
0.865508 1.90609 0.839789 0.9483 0.876732 1.13183
0.928922 1.84985 0.816135 0.964977 1.07579 0.856424
1.00015 1.28228 0.734196 0.955029 1.00638 1.03306
0.931716 0.808952 0.963395 0.913913 1.04955 0.951088
0.932207 0.721414 1.17775 0.927316 1.03187 1.04302
end
gesture a20 hands 2
1.06313 0.640359 1.2326 0.94056 1.15901 1.06949
1.07852 0.1506 1.02277 0.965366 0.75477 1.22819
1.04418 0.236464 1.11289 0.898049 0.893975 1.1173
0.699228 0.772464 1.05651 0.859415 0.792438 1.0522
0.936287 0.971279 1.10758 0.958985 0.445316 1.21145
0.60898 0.884057 1.18482 1.06615 0.451489 1.11849
0.651354 0.651192 1.09982 0.914957 0.808597 0.990246
1.04376 1.58517 1.11893 0.882545 0.784331 0.996682
0.992152 1.66143 1.24371 1.06085 0.425702 1.12103
1.01444 1.85081 0.83751 1.10131 0.579237 1.1815
0.98646 1.82836 0.781746 0.968851 1.23552 0.766768
1.03988 1.28361 0.585524 0.973477 1.14805 0.998967
1.04936 0.96667 0.731503 0.924089 1.16566 1.02947
end
gesture a20 hands 2
1.13204 1.12851 0.853706 0.76668 0.758292 0.973982
1.15393 1.04379 1.13442 0.692706 0.427393 1.07936
1.15891 1.04304 1.14059 0.583453 0.526786 1.22125
1.18126 0.814614 0.945342 0.638372 0.760763 1.29109
1.18217 0.569196 0.946141 0.743981 0.672594 1.16759
1.15065 0.653259 1.05621 0.640505 0.611233 1.17022
1.2028 0.68799 1.01724 0.565139 0.918589 1.17304
1.1179 0.903481 1.1029 1.30947 0.978573 1.01848
1.1401 1.14338 1.01477 1.38872 1.32969 0.966331
0.75973 1.03503 1.07765 1.18416 1.37566 1.07564
0.735025 1.07731 0.992804 1.29582 1.16044 0.883111
0.758814 1.06661 1.16682 1.32961 1.30178 1.07804
1.13862 1.0834 0.981011 0.78749 0.75803 1.05511
end
