gesture a01 hands 2
0.950802 0.685312 1.23219 0.955492 0.969903 0.991635
0.967292 0.687339 1.20767 0.972988 0.971887 1.00119
0.989152 0.685413 1.20758 0.978312 0.972631 0.972942
1.00429 0.706465 1.15526 0.990485 0.973872 1.01075
1.02066 0.737383 1.11375 0.977366 1.0014 1.04801
1.02874 0.760028 1.09787 0.982132 0.977651 1.06685
1.02011 0.803139 1.07784 0.971699 0.985582 1.08974
1.02847 0.792905 1.07992 0.967972 1.00726 1.0875
1.01983 0.836017 1.05989 0.966482 0.989547 1.10118
1.02833 0.809345 1.07094 0.965364 1.00924 1.09322
1.0197 0.852456 1.05091 0.963873 0.99153 1.1069
1.02826 0.817564 1.06645 0.96406 1.01024 1.09608
1.01963 0.860675 1.04642 0.962569 0.992522 1.10976
1.01959 0.864785 1.04417 0.964246 1.02894 1.08527
1.03683 0.782672 1.082 0.961265 0.993513 1.11262
1.01956 0.868895 1.04193 0.959415 0.980165 1.11425
1.01375 0.928381 1.01602 0.958953 0.976828 1.11466
1.00783 0.962988 1.00187 0.963049 0.990066 1.13573
1.00793 0.987867 0.990105 0.95849 0.97349 1.11506
0.996097 1.05708 0.961814 0.960307 0.978441 1.1258
1.00529 1.07927 0.938478 0.961215 0.980916 1.13117
0.996309 1.10684 0.93828 0.966682 0.999967 1.15721
1.01449 1.10145 0.915143 0.962124 0.983392 1.13654
1.02358 1.09876 0.903574 0.971966 0.991243 1.11001
1.02812 1.09742 0.897789 0.972753 0.98713 1.10132
1.0304 1.09674 0.894897 0.957565 0.966816 1.11588
1.01198 1.14377 0.898161 0.973541 0.983016 1.09263
1.03267 1.09607 0.892005 0.97725 0.98252 1.0628
1.03539 1.07149 0.906002 0.989516 0.999217 1.06937
end
gesture a01 hands 2
1.00886 0.589015 1.2994 1.00392 0.98185 1.04953
1.00875 0.58949 1.32934 1.01104 0.974036 1.03959
1.00398 0.583867 1.33879 1.02629 0.975055 1.03115
1.00016 0.591246 1.31311 1.01817 0.966222 1.02965
0.989285 0.571383 1.33787 0.994821 0.962782 1.01493
0.99634 0.598626 1.28742 0.974295 0.961053 1.0349
1.00815 0.636523 1.25061 0.967276 0.958024 1.03071
1.01405 0.677614 1.22398 0.965521 0.957266 1.02966
0.999416 0.764035 1.16933 0.969373 0.958682 1.01546
0.9834 0.808311 1.14784 0.963766 0.956509 1.02861
0.984781 0.850457 1.11469 0.962011 0.955751 1.02757
0.968765 0.894732 1.09319 0.961572 0.955562 1.02731
0.977054 0.916641 1.06493 0.96674 0.957546 1.01389
0.973191 0.949732 1.04005 0.961133 0.955373 1.02704
0.95275 0.939008 1.0717 0.960695 0.955183 1.02678
0.969328 0.982824 1.01518 0.966082 0.957262 1.0135
0.974534 0.99071 1.00134 0.960475 0.955089 1.02665
0.977138 0.994653 0.994416 0.960366 0.955041 1.02659
0.955512 1.0233 1.00539 0.97147 0.959341 1.00021
0.979741 0.998596 0.987496 0.960256 0.954994 1.02652
0.991856 0.986244 0.978548 0.930417 0.955883 1.04015
0.997913 0.980068 0.974075 0.93973 0.953264 1.04648
1.00094 0.97698 0.971838 0.937416 0.96938 1.04776
1.00246 0.975436 0.970719 0.942827 0.967986 1.04694
1.00321 0.974664 0.97016 0.949043 0.950646 1.05282
1.00359 0.974278 0.969881 0.948237 0.966591 1.04613
0.985905 1.02664 0.958655 0.944415 0.982877 1.05536
1.00397 0.973892 0.969601 0.947431 0.982536 1.03945
1.00646 0.929145 0.999891 0.965547 0.980042 1.01575
end
gesture a01 hands 2
0.959907 0.613749 1.28492 0.969602 0.960755 1.04585
0.987705 0.606758 1.29366 0.978625 0.964258 1.01779
1.04215 0.608925 1.27613 1.02662 0.959381 1.00532
1.04101 0.60954 1.29837 0.968465 0.952534 1.00033
1.07235 0.616442 1.27542 0.913453 0.9615 1.00559
1.03358 0.61714 1.28095 0.914793 0.946298 1.05945
1.03986 0.610156 1.32061 0.906475 0.974688 1.11071
0.994818 0.617837 1.28647 0.91123 0.981284 1.11538
1.00061 0.644726 1.23512 0.915462 0.987621 1.09094
1.00555 0.682343 1.20348 0.915724 0.987751 1.10549
0.987674 0.74812 1.16779 0.919956 0.994086 1.08106
0.999077 0.73404 1.16981 0.91797 0.990983 1.10055
0.981207 0.799818 1.13412 0.922203 0.997318 1.07612
0.995843 0.759888 1.15298 0.919094 0.992599 1.09808
0.977973 0.825666 1.11728 0.923326 0.998934 1.07365
0.994226 0.772813 1.14456 0.919656 0.993407 1.09685
0.976356 0.838591 1.10887 0.923888 0.999742 1.07241
0.993418 0.779275 1.14035 0.919937 0.993811 1.09623
0.975547 0.845053 1.10466 0.924169 1.00015 1.0718
0.993014 0.782506 1.13825 0.920077 0.994014 1.09592
0.975143 0.848284 1.10255 0.924309 1.00035 1.07149
0.974941 0.849899 1.1015 0.920147 0.994115 1.09577
1.01048 0.719959 1.17184 0.92438 1.00045 1.07133
0.974739 0.851515 1.10045 0.915985 0.987881 1.12005
0.96426 0.945338 1.0488 0.92445 1.00055 1.07118
0.9479 0.992783 1.03023 0.940513 0.989187 1.05814
0.953781 1.03916 0.997151 0.948545 0.983503 1.05162
0.984037 1.03057 0.967123 0.945874 0.994713 1.02276
0.992305 0.983538 0.990538 0.956577 0.97782 1.0451
end
gesture a01 hands 2
0.944246 0.487312 1.29489 1.05683 0.960255 1.02066
0.955965 0.478181 1.269 1.02931 0.960286 1.03032
0.982959 0.468587 1.2242 0.988813 0.926916 1.0557
1.01914 0.476612 1.18228 0.930807 0.930728 1.06622
1.04806 0.521413 1.17185 0.918567 0.88889 1.05695
1.05532 0.484637 1.14035 1.01486 0.929246 1.04137
1.06442 0.518601 1.14816 1.05512 0.967986 1.02549
1.11316 0.574238 1.1195 1.09958 0.985133 0.99105
1.07353 0.552564 1.15598 1.10023 0.976375 0.946628
1.03783 0.543705 1.20145 1.08244 0.982451 0.940439
1.08379 0.555198 1.17167 1.04717 0.979468 0.98133
1.11923 0.587878 1.15409 0.991651 0.963302 0.988779
1.1463 0.677934 1.12437 0.966583 0.957918 1.03951
1.13484 0.825168 1.07665 0.958063 0.945935 1.0323
1.133 0.874494 1.05861 0.969625 0.94273 1.03305
1.10981 0.914945 1.04417 0.93144 0.923934 1.0094
1.07666 0.94974 1.03777 0.87412 0.930049 1.01665
1.04928 0.995311 1.02392 0.877295 0.928991 1.01444
1.06551 1.05007 0.972676 0.876572 0.983564 1.0271
1.07275 1.13548 0.94556 0.878521 0.955749 1.01967
1.08174 1.10483 0.921431 0.877798 1.01032 1.03233
1.07595 1.08333 0.932838 0.879134 0.969128 1.02228
1.00995 1.0312 0.970641 0.878411 1.0237 1.03495
1.04006 1.04651 0.957443 0.879441 0.975818 1.02359
0.974056 0.994378 0.995245 0.878718 1.03039 1.03625
1.02211 1.0281 0.969746 0.88047 0.927934 1.01223
0.956109 0.97597 1.00755 0.879024 1.03708 1.03756
1.07016 1.06183 0.944246 0.873659 1.08899 1.06261
0.938162 0.957561 1.01985 0.861206 1.11499 1.06975
end
gesture a01 hands 2
1.0121 0.899317 0.997434 0.47859 0.691629 1.325
0.996186 0.915852 1.01592 0.471096 0.720022 1.33028
0.999463 0.937542 1.05948 0.515581 0.707862 1.32092
0.962972 0.981497 1.0724 0.560899 0.713455 1.30541
0.936396 0.981795 1.03114 0.600219 0.732839 1.28153
0.942156 0.948476 0.986589 0.630228 0.767935 1.2453
0.943271 0.92579 0.937653 0.646743 0.804813 1.21408
0.93569 0.904858 0.931552 0.655333 0.827243 1.20392
0.946226 0.8958 0.980167 0.713875 0.869753 1.16452
0.937167 0.889862 0.952809 0.688899 0.859713 1.17914
0.947703 0.880804 1.00142 0.747441 0.902223 1.13974
0.937906 0.882365 0.963437 0.705682 0.875948 1.16675
0.948441 0.873307 1.01205 0.764224 0.918458 1.12735
0.938275 0.878616 0.968751 0.714074 0.884066 1.16056
0.948811 0.869558 1.01737 0.772615 0.926575 1.12116
0.93846 0.876741 0.971408 0.718269 0.888125 1.15746
0.948995 0.867683 1.02002 0.776811 0.930634 1.11806
0.938552 0.875804 0.972737 0.720367 0.890154 1.15591
0.949088 0.866746 1.02135 0.778909 0.932664 1.11651
0.949134 0.866278 1.02202 0.721416 0.891169 1.15513
0.928109 0.883925 0.925451 0.779958 0.933678 1.11573
0.94918 0.865809 1.02268 0.721941 0.891676 1.15475
0.968908 0.865271 1.076 0.780483 0.934186 1.11535
0.966946 0.881523 1.10369 0.663923 0.849674 1.19376
0.942014 0.926538 1.09797 0.781007 0.934693 1.11496
0.957287 0.942024 1.1094 0.85182 0.953708 1.06083
0.922355 0.97931 1.10127 0.890363 0.933138 1.10008
0.97256 0.95751 1.12082 0.912398 0.923252 1.14894
0.987822 0.950168 1.14287 0.94038 0.898028 1.18684
end
gesture a01 hands 2
0.52751 0.492211 1.4873 1.17688 0.914575 1.08965
0.54454 0.482214 1.46494 1.1535 0.916312 1.10669
0.599989 0.471509 1.47604 1.0986 0.894323 1.10547
0.644837 0.480869 1.50655 1.11138 0.905717 1.12723
0.735207 0.528544 1.4766 1.15281 0.880758 1.09819
0.758413 0.544927 1.47064 1.15802 0.897614 1.07234
0.778007 0.654293 1.38257 1.13509 0.946988 1.05972
0.779814 0.607801 1.42362 1.02273 1.07335 1.04056
0.799406 0.717168 1.33556 0.9581 1.16845 1.02229
0.790513 0.639238 1.40012 0.92133 1.19221 1.0027
0.810106 0.748605 1.31205 0.944717 1.19962 1.01259
0.795863 0.654957 1.38837 0.943418 1.19057 1.01419
0.815456 0.764323 1.30029 0.949143 1.19222 1.00111
0.798538 0.662816 1.38249 0.941576 1.16719 1.00254
0.818131 0.772183 1.29442 0.93001 1.09551 1.00712
0.799875 0.666746 1.37955 0.932009 1.11884 1.00554
0.819468 0.776112 1.29148 0.920443 1.04716 1.01012
0.800544 0.668711 1.37808 0.927226 1.09466 1.00705
0.820137 0.778077 1.29001 0.91566 1.02298 1.01163
0.800879 0.669693 1.37734 0.924834 1.08258 1.0078
0.820472 0.77906 1.28927 0.913269 1.01089 1.01238
0.820639 0.779551 1.28891 0.923638 1.07653 1.00817
0.78162 0.561309 1.46468 0.912073 1.00485 1.01275
0.820806 0.780042 1.28854 0.92304 1.07351 1.00836
0.853739 0.885251 1.19955 0.911475 1.00183 1.01294
0.887221 0.89517 1.16639 0.922741 1.072 1.00846
0.933136 0.881622 1.13551 0.911176 1.00031 1.01304
0.974834 0.846551 1.12659 0.934008 1.14217 1.00397
1.00942 0.736275 1.12458 0.910877 0.998803 1.01313
end
gesture a01 hands 2
0.903127 0.424606 1.23077 0.993514 0.974565 1.04696
0.914011 0.426441 1.20317 0.984432 0.984729 1.07362
0.944006 0.448989 1.15762 0.981943 0.981176 1.07412
0.975545 0.485577 1.12862 0.985407 0.983445 1.07223
0.997628 0.529242 1.11128 0.975509 0.981526 1.04454
0.964044 0.656095 1.0864 0.988871 0.985714 1.07034
0.975194 0.703534 1.07408 0.982179 0.977335 1.0529
0.93046 0.782948 1.06152 0.978833 0.973146 1.04418
0.952759 0.877826 1.03688 0.969075 0.981877 1.01495
0.98378 0.924468 1.02364 0.975487 0.968956 1.03546
1.0276 0.947046 1.00296 0.95236 0.945847 1.03939
1.04218 0.926615 1.00358 0.966578 0.942768 1.03973
1.0279 0.869529 1.03978 0.9819 0.956036 1.05597
1.04233 0.887856 1.02199 0.980795 0.93969 1.04007
1.02805 0.83077 1.05819 0.965976 0.944587 1.03676
1.0424 0.868476 1.03119 0.946883 0.932248 1.0539
1.02813 0.81139 1.06739 0.951158 0.949483 1.03346
1.04244 0.858787 1.0358 0.955546 0.966807 1.03937
1.02816 0.801701 1.072 0.957741 0.975469 1.04233
1.04246 0.853942 1.0381 0.929061 0.987481 1.04187
1.02818 0.796856 1.0743 0.942246 0.9771 1.02744
1.04247 0.851519 1.03925 0.959935 0.984131 1.04528
1.02819 0.794433 1.07545 0.966763 0.982931 1.03179
1.04247 0.850308 1.03982 0.955432 0.966718 1.01301
1.0282 0.793222 1.07602 0.97359 0.981732 1.01829
1.04247 0.849703 1.04011 0.982669 0.989238 1.02092
1.0282 0.792617 1.07631 0.987208 0.992992 1.02224
1.05675 0.906183 1.0042 0.990809 0.98078 1.0487
1.0282 0.792011 1.0766 0.991748 0.996745 1.02356
end
gesture a01 hands 2
0.862995 0.280853 1.40443 0.973814 0.974068 1.02903
0.885325 0.280914 1.38621 0.967456 0.965579 1.0409
0.922045 0.300936 1.35382 0.961316 0.966894 1.02491
0.935553 0.319093 1.33988 0.958694 0.962208 1.03737
0.929532 0.397579 1.3072 0.961097 0.95709 1.05277
0.939297 0.367414 1.31658 0.956072 0.957522 1.04983
0.933275 0.4459 1.2839 0.95356 0.957738 1.04836
0.941169 0.391574 1.30492 0.952303 0.957846 1.04763
0.935147 0.47006 1.27224 0.948818 0.959719 1.02078
0.942105 0.403655 1.2991 0.951047 0.957954 1.04689
0.936083 0.482141 1.26642 0.948379 0.940112 1.07651
0.942573 0.409695 1.29618 0.953276 0.956188 1.073
0.936551 0.488181 1.2635 0.967721 0.959045 1.05127
0.942806 0.412715 1.29473 0.974943 0.960474 1.04041
0.936785 0.491201 1.26205 0.978554 0.961188 1.03497
0.942923 0.414225 1.294 0.980359 0.961545 1.03226
0.936902 0.492711 1.26132 0.981262 0.961723 1.0309
0.942982 0.41498 1.29363 0.968182 0.966768 1.02673
0.93696 0.493466 1.26095 0.981714 0.961813 1.03022
0.943011 0.415357 1.29345 0.968408 0.966812 1.02639
0.93699 0.493843 1.26077 0.981939 0.961857 1.02988
0.949062 0.337249 1.32595 0.968521 0.966835 1.02622
0.937019 0.494221 1.26059 0.982052 0.96188 1.02971
0.88897 0.646023 1.21187 0.968577 0.966846 1.02613
0.902771 0.689358 1.19376 0.982109 0.961891 1.02962
0.931727 0.7344 1.17209 0.968605 0.966851 1.02609
0.966655 0.761884 1.15105 0.982137 0.961896 1.02958
1.0056 0.738966 1.13126 0.955102 0.971812 1.02256
1.0102 0.6869 1.14854 0.982165 0.961902 1.02954
end
gesture a01 hands 2
0.888355 0.445855 1.31068 0.96196 0.975034 1.0222
0.955429 0.455669 1.25705 0.966503 0.971934 1.03605
0.986091 0.491344 1.22384 0.955767 0.964502 1.03944
0.969464 0.656484 1.16156 0.960829 0.966588 1.04517
0.939681 0.779683 1.11965 0.971047 0.968834 1.04989
0.952837 0.821624 1.09928 0.965892 0.968675 1.05089
0.992196 0.848243 1.07677 0.963315 0.968596 1.05139
1.02716 0.818202 1.0814 0.962026 0.968557 1.05164
1.04165 0.834777 1.06878 0.949575 0.953969 1.05668
1.05189 0.811469 1.07741 0.955157 0.961243 1.05428
1.02731 0.75711 1.11179 0.961705 0.964982 1.04149
1.04471 0.772636 1.09892 0.961221 0.96675 1.04668
1.02013 0.718277 1.1333 0.96777 0.970489 1.03389
1.04113 0.75322 1.10967 0.964254 0.969503 1.04288
1.01655 0.698861 1.14406 0.970802 0.973242 1.03009
1.03933 0.743511 1.11505 0.96577 0.970879 1.04098
1.01475 0.689152 1.14943 0.972319 0.974618 1.02819
1.03844 0.738657 1.11774 0.966528 0.971568 1.04003
1.01386 0.684298 1.15212 0.973077 0.975307 1.02724
1.03799 0.73623 1.11908 0.966907 0.971912 1.03956
1.01341 0.681871 1.15347 0.973456 0.975651 1.02676
1.03776 0.735017 1.11975 0.967097 0.972084 1.03932
1.01318 0.680658 1.15414 0.973645 0.975823 1.02653
1.03765 0.73441 1.12009 0.967192 0.97217 1.0392
1.01307 0.680051 1.15447 0.97374 0.975909 1.02641
1.0376 0.734106 1.12026 0.967239 0.972213 1.03914
1.01302 0.679747 1.15464 0.973788 0.975952 1.02635
1.06212 0.788162 1.08604 0.960738 0.968517 1.05188
1.01296 0.679444 1.15481 0.973835 0.975995 1.02629
end
gesture a01 hands 2
1.05695 0.47602 1.12655 1.00491 0.960556 1.06296
1.04623 0.48187 1.15367 0.998109 0.959322 1.03393
1.04107 0.479355 1.15016 0.976651 0.986494 1.00318
1.02711 0.522711 1.11354 0.964556 0.982054 1.02868
1.02239 0.574878 1.09119 0.966686 0.962395 1.03349
1.00569 0.755068 1.06541 0.96097 0.960525 1.04624
0.99061 0.829746 1.05132 0.95246 0.977614 1.05417
0.988989 0.935258 1.03964 0.955254 0.958655 1.05898
0.971649 0.986921 1.03486 0.956721 0.938296 1.06379
0.950842 0.978152 1.02318 0.957385 0.938997 1.06379
0.961425 0.912689 1.03822 0.956179 0.956629 1.05569
0.94573 0.941036 1.02486 0.957114 0.948163 1.05974
0.956314 0.875573 1.0399 0.955908 0.965795 1.05163
0.943174 0.922478 1.0257 0.956978 0.952746 1.05772
0.953758 0.857015 1.04074 0.955773 0.970378 1.04961
0.941896 0.913199 1.02612 0.956911 0.955037 1.0567
0.95248 0.847736 1.04116 0.955705 0.972669 1.04859
0.941257 0.90856 1.02633 0.956877 0.956183 1.0562
0.951841 0.843096 1.04137 0.955671 0.973815 1.04809
0.940938 0.90624 1.02643 0.95686 0.956756 1.05594
0.951522 0.840777 1.04147 0.955654 0.974388 1.04783
0.940778 0.90508 1.02649 0.956851 0.957043 1.05582
0.951362 0.839617 1.04153 0.955645 0.974675 1.04771
0.940698 0.9045 1.02651 0.956847 0.957186 1.05575
0.951282 0.839037 1.04155 0.955641 0.974818 1.04764
0.940658 0.90421 1.02653 0.958049 0.939697 1.0638
0.951242 0.838747 1.04157 0.955637 0.974961 1.04758
0.930035 0.969383 1.0115 0.949117 0.982733 1.04467
0.951202 0.838457 1.04158 0.971433 0.970939 1.02872
end
gesture a01 hands 2
1.08834 0.470948 1.21436 0.953489 0.964146 1.03391
1.11089 0.476744 1.19547 0.9626 0.960366 1.03541
1.05826 0.4885 1.17116 0.963355 0.981678 1.01208
1.0482 0.510875 1.15544 0.968852 0.98535 1.02025
1.03068 0.580823 1.13243 0.97171 0.956585 1.0369
1.0344 0.557037 1.13608 0.974348 0.989021 1.02843
1.01689 0.626984 1.11307 0.946924 0.977344 1.01196
1.02751 0.580118 1.1264 0.954535 0.954518 1.04205
1.00999 0.650065 1.10339 0.955185 0.950723 1.0391
1.02406 0.591658 1.12156 0.955348 0.949774 1.03837
1.00655 0.661606 1.09855 0.948617 0.92976 1.05751
1.02234 0.597428 1.11914 0.95551 0.948825 1.03763
1.00482 0.667376 1.09613 0.955673 0.947876 1.0369
1.02148 0.600313 1.11793 0.955713 0.947639 1.03671
1.00396 0.670261 1.09492 0.948861 0.928336 1.05641
1.02105 0.601756 1.11733 0.955754 0.947401 1.03653
1.00353 0.671703 1.09432 0.955794 0.947164 1.03634
1.02083 0.602477 1.11702 0.955804 0.947105 1.0363
1.00332 0.672425 1.09401 0.948922 0.927981 1.05613
1.02072 0.602838 1.11687 0.955815 0.947046 1.03625
1.00321 0.672785 1.09386 0.955825 0.946986 1.03621
1.03813 0.533251 1.13973 0.955827 0.946971 1.03619
1.0031 0.673146 1.09371 0.948937 0.927892 1.05606
0.965788 0.840548 1.05026 0.95583 0.946957 1.03618
0.969178 0.983612 1.03288 0.955832 0.946942 1.03617
0.928477 1.00795 1.00681 0.942049 0.908797 1.07592
0.923323 0.955186 1.00033 0.955835 0.946927 1.03616
0.941655 0.904357 1.0123 0.976109 0.969961 1.02777
0.95061 0.88254 1.02164 0.943617 0.960474 1.05757
end
gesture a01 hands 2
1.10406 0.44339 1.25204 0.955361 0.965825 1.05113
1.10233 0.446013 1.22232 0.960156 0.961475 1.04923
1.07179 0.45231 1.17195 0.95547 0.978702 1.0244
1.06043 0.47229 1.15405 0.964951 0.957124 1.04732
1.0156 0.721929 1.092 0.957302 0.949466 1.04733
1.03234 0.6071 1.11408 0.958037 0.960348 1.0284
1.00088 0.726832 1.07837 0.957214 0.989415 1.01384
1.02498 0.609552 1.10727 0.957994 0.980322 1.01165
0.993519 0.729284 1.07156 0.953434 0.965612 1.03059
1.0213 0.610777 1.10386 0.956009 0.961886 1.02893
0.989838 0.730509 1.06816 0.958773 0.971229 1.00947
1.01946 0.61139 1.10216 0.958584 0.958161 1.02727
0.987998 0.731122 1.06645 0.949653 0.941809 1.04734
1.01854 0.611697 1.10131 0.958395 0.945092 1.04506
0.987078 0.731429 1.0656 0.962766 0.946733 1.04392
1.01808 0.61185 1.10088 0.964952 0.947554 1.04335
0.986618 0.731582 1.06518 0.966044 0.947965 1.04307
1.01785 0.611926 1.10067 0.966591 0.94817 1.04292
0.986388 0.731658 1.06496 0.966864 0.948272 1.04285
1.01773 0.611965 1.10056 0.967 0.948324 1.04282
0.986273 0.731697 1.06486 0.960332 0.953044 1.0051
1.01768 0.611984 1.10051 0.967137 0.948375 1.04278
0.986216 0.731716 1.0648 0.962777 0.962063 1.048
0.986187 0.731725 1.06478 0.960597 0.968907 1.05061
1.04908 0.492271 1.13616 0.959507 0.972329 1.05192
0.986158 0.731735 1.06475 0.958962 0.97404 1.05257
0.95941 0.991548 1.01205 0.948532 0.971554 1.08944
0.923237 0.971199 0.993337 0.958417 0.975751 1.05322
0.967289 0.825315 1.04426 0.964332 0.968067 1.02509
end
gesture a01 hands 2
1.07608 0.34469 1.18357 0.97987 0.969516 1.01864
1.05102 0.340526 1.19947 0.982908 0.96745 1.02608
1.05618 0.360238 1.14434 0.987969 0.981237 0.992469
1.05466 0.381396 1.1249 0.985431 0.976664 1.01124
1.04506 0.557794 1.09494 0.985947 0.965384 1.03353
1.0491 0.480174 1.10019 0.982893 0.972091 1.03001
1.03951 0.656572 1.07024 0.977339 0.97345 1.04119
1.04632 0.529563 1.08785 0.977792 0.964228 1.0542
1.03673 0.705961 1.05789 0.975469 0.961917 1.04225
1.04493 0.554258 1.08167 0.975808 0.983887 1.03636
1.03534 0.730655 1.05171 0.974307 0.960761 1.03628
1.04424 0.566605 1.07858 0.975227 0.98331 1.03337
1.03464 0.743003 1.04863 0.973726 0.960184 1.03329
1.04389 0.572778 1.07704 0.974937 0.983021 1.03188
1.0343 0.749176 1.04708 0.973436 0.959895 1.0318
1.05314 0.402554 1.10545 0.974792 0.982877 1.03113
1.03395 0.75535 1.04554 0.973291 0.959751 1.03105
1.01949 0.809254 1.03823 0.974719 0.982805 1.03076
0.973386 0.907252 1.03364 0.973218 0.959678 1.03067
0.977405 0.963293 1.02323 0.974683 0.982769 1.03057
1.03234 1.05724 1.00823 0.973181 0.959642 1.03049
1.03962 1.1094 0.993508 0.974665 0.982751 1.03047
1.00621 1.15427 0.989373 0.973163 0.959624 1.03039
0.951929 1.16441 1.00444 0.974656 0.982742 1.03043
0.913768 1.12682 1.01948 0.973154 0.959615 1.03035
0.903201 1.07182 1.01689 0.974651 0.982737 1.0304
0.911608 1.02349 1.02408 0.97315 0.95961 1.03032
0.941545 0.873245 1.06649 0.976148 1.00586 1.03046
0.951442 0.819032 1.08156 0.973145 0.959606 1.0303
end
gesture a01 hands 2
1.0143 0.349271 1.28174 0.926945 0.938414 1.0358
1.01114 0.351077 1.25232 0.941092 0.935348 1.0393
1.00146 0.380515 1.20937 0.947207 0.957893 1.04108
0.966532 0.574507 1.16159 0.951223 0.945087 1.04194
0.966945 0.666764 1.13553 0.957338 0.967633 1.04373
0.931604 0.768498 1.1138 0.956288 0.949957 1.04326
0.941885 0.821238 1.09713 0.962404 0.972503 1.04505
1.00033 0.903287 1.06446 0.958821 0.952392 1.04393
1.03688 0.896701 1.03505 0.964937 0.974937 1.04571
1.04106 0.869478 1.0383 0.960087 0.95361 1.04426
1.03384 0.793843 1.07642 0.966203 0.976155 1.04604
1.03955 0.81805 1.05898 0.960721 0.954218 1.04442
1.03232 0.742414 1.0971 0.966837 0.976763 1.04621
1.03878 0.792335 1.06932 0.961037 0.954523 1.0445
1.03156 0.716699 1.10744 0.967153 0.977068 1.04629
1.0384 0.779478 1.07449 0.961196 0.954675 1.04454
1.03118 0.703842 1.11261 0.967312 0.97722 1.04633
1.03821 0.773049 1.07708 0.961275 0.954751 1.04456
1.03099 0.697414 1.11519 0.967391 0.977296 1.04635
1.03812 0.769835 1.07837 0.961314 0.954789 1.04457
1.03089 0.694199 1.11649 0.96743 0.977334 1.04636
1.03807 0.768228 1.07902 0.961334 0.954808 1.04458
1.03085 0.692592 1.11713 0.96745 0.977353 1.04636
1.03805 0.767424 1.07934 0.961344 0.954817 1.04458
1.03082 0.691789 1.11746 0.96746 0.977363 1.04637
1.03804 0.767022 1.0795 0.955238 0.932282 1.0428
1.03081 0.691387 1.11762 0.96747 0.977372 1.04637
1.04525 0.842256 1.04155 0.97017 0.97994 1.05049
1.0308 0.690985 1.11778 0.983319 0.947214 1.02516
end
gesture a01 hands 2
1.04461 0.232298 1.27255 0.930949 0.939945 1.00245
1.04421 0.235144 1.25602 0.942936 0.938214 1.01124
1.0237 0.226859 1.29315 0.960259 0.959953 1.01375
1.04381 0.237991 1.23949 0.96401 0.959798 1.01851
1.03916 0.275677 1.20225 0.954923 0.936483 1.02003
1.00108 0.37103 1.17918 0.96776 0.959642 1.02326
0.989764 0.424938 1.16569 0.989569 0.979961 1.02505
0.998284 0.525972 1.13302 0.980596 0.982802 1.0265
0.98717 0.570634 1.12321 0.97611 0.984222 1.02723
0.944426 0.661179 1.1129 0.973867 0.984932 1.02759
0.946075 0.714391 1.09966 0.972745 0.985287 1.02777
0.964241 0.760019 1.08781 0.972465 0.985376 1.02782
0.98545 0.812698 1.07456 0.972434 0.977445 1.0453
0.981129 0.864837 1.06497 0.972184 0.985465 1.02786
0.901395 0.93959 1.0676 0.971904 0.985554 1.02791
0.896876 0.964063 1.05879 0.972013 0.977578 1.04536
0.939987 0.981614 1.04596 0.971764 0.985598 1.02793
0.916172 0.985075 1.04797 0.971943 0.9776 1.04537
0.959283 1.00263 1.03513 0.971694 0.98562 1.02794
0.92582 0.995581 1.04256 0.971908 0.977611 1.04538
0.968931 1.01313 1.02972 0.971659 0.985631 1.02795
0.930644 1.00083 1.03986 0.971891 0.977616 1.04538
0.973755 1.01838 1.02702 0.971642 0.985636 1.02795
0.892357 0.988536 1.04999 0.971882 0.977619 1.04538
0.978579 1.02364 1.02431 0.971633 0.985639 1.02795
1.01439 1.0852 1.00655 0.972122 0.969602 1.06282
1.0648 1.05874 0.998632 0.971624 0.985642 1.02795
1.08583 1.01108 1.0074 0.984042 0.976345 1.01478
1.08118 0.924817 1.04129 0.976302 0.960866 1.04728
end
gesture a01 hands 2
0.93784 0.382664 1.25108 0.979488 0.953424 1.03559
0.940584 0.389039 1.23805 0.975298 0.967795 1.0335
0.947104 0.429992 1.20668 0.968986 0.981404 1.036
0.945216 0.412703 1.21585 0.971109 0.982167 1.03141
0.951736 0.453657 1.18447 0.971015 0.992044 1.02545
0.947532 0.424535 1.20475 0.970968 0.996982 1.02247
0.954052 0.465489 1.17337 0.976964 1.00638 1.01781
0.94869 0.430451 1.1992 0.973943 1.00415 1.01865
0.95521 0.471405 1.16782 0.974281 0.990327 1.02444
0.949269 0.433409 1.19642 0.972601 0.996124 1.02197
0.955789 0.474363 1.16505 0.972939 0.982303 1.02776
0.943329 0.395414 1.22502 0.97193 0.992112 1.02363
0.956368 0.477321 1.16227 0.972268 0.97829 1.02942
0.963757 0.564646 1.14195 0.971594 0.990105 1.02446
0.951386 0.602592 1.12982 0.971933 0.976284 1.03025
0.971147 0.651972 1.12162 0.971427 0.989102 1.02487
0.946404 0.727863 1.09737 0.971765 0.975281 1.03067
0.985925 0.826623 1.08098 0.971343 0.9886 1.02508
0.976693 0.874131 1.06675 0.971681 0.974779 1.03087
0.9565 0.925136 1.05248 0.971301 0.98835 1.02518
0.956605 0.974998 1.03959 0.971639 0.974529 1.03098
0.978204 1.02688 1.01148 0.97128 0.988224 1.02523
0.986958 1.07846 1.01491 0.971618 0.974403 1.03103
0.999804 1.07877 0.983369 0.971269 0.988162 1.02526
0.999935 1.12334 0.983617 0.971607 0.974341 1.03105
1.01265 1.07908 0.951827 0.971264 0.98813 1.02527
1.016 1.0252 0.953418 0.971602 0.974309 1.03107
1.01455 0.973605 0.969208 0.970921 1.00192 1.01949
1.00353 0.877364 1.01799 0.971597 0.974278 1.03108
end
gesture a01 hands 2
0.937092 0.272448 1.28956 0.970239 0.953677 1.03782
0.942209 0.287767 1.26553 0.982191 0.943729 1.02909
0.947943 0.330651 1.22971 0.969178 0.98249 1.02997
0.951028 0.502756 1.17726 0.970641 0.98251 1.02462
0.929086 0.62526 1.13546 0.994142 0.933781 1.02035
0.954112 0.674862 1.12481 0.972104 0.98253 1.01927
0.952446 0.725039 1.11037 0.973037 0.979915 1.02691
0.937318 0.774688 1.09653 0.967574 1.0062 1.02209
0.953403 0.826176 1.09121 0.973503 0.978608 1.03073
0.982465 0.87203 1.0875 0.967807 1.00555 1.024
0.998446 0.924346 1.07392 0.973736 0.977955 1.03264
1.00721 1.0081 1.02407 0.967924 1.00522 1.02495
0.999748 1.08537 1.0238 0.973853 0.977628 1.0336
1.00786 1.08861 0.999014 0.967982 1.00506 1.02543
1.01078 1.03327 0.99424 0.973911 0.977464 1.03408
1.01338 1.06256 0.984234 0.968011 1.00498 1.02567
1.0163 1.00722 0.979459 0.97394 0.977383 1.03431
1.01614 1.04953 0.976844 0.968026 1.00494 1.02579
1.01906 0.994191 0.972069 0.973954 0.977342 1.03443
1.01752 1.04302 0.973149 0.968033 1.00492 1.02585
1.02044 0.987678 0.968374 0.973962 0.977321 1.03449
1.01821 1.03976 0.971301 0.968036 1.00491 1.02588
1.02113 0.984421 0.966527 0.973965 0.977311 1.03452
1.01856 1.03814 0.970377 0.968038 1.0049 1.02589
1.02148 0.982793 0.965603 0.973967 0.977306 1.03454
1.02165 0.981979 0.965141 0.968039 1.0049 1.0259
1.01598 1.09185 0.974228 0.973968 0.977304 1.03454
1.02182 0.981165 0.964679 0.962111 1.03249 1.01726
1.01704 0.928319 0.98577 0.973969 0.977301 1.03455
end
gesture a01 hands 2
0.910769 0.301966 1.29561 0.96806 0.950598 1.03712
0.911169 0.316313 1.26958 0.97219 0.944368 1.03563
0.915497 0.349415 1.22607 0.965721 0.965255 1.03785
0.913756 0.37375 1.21303 0.969486 0.957028 1.03661
0.909362 0.47523 1.18409 0.97632 0.938137 1.03413
0.910689 0.436657 1.19204 0.973252 0.948801 1.03536
0.906294 0.538137 1.1631 0.971717 0.954133 1.03597
0.909155 0.468111 1.18155 0.97095 0.956799 1.03628
0.904761 0.569591 1.15261 0.963381 0.979912 1.03858
0.908388 0.483838 1.1763 0.970183 0.959465 1.03659
0.903994 0.585318 1.14736 0.973584 0.949242 1.03559
0.908005 0.491702 1.17367 0.975284 0.944131 1.0351
0.90361 0.593182 1.14473 0.98458 0.925677 1.03115
0.907813 0.495633 1.17236 0.976984 0.939019 1.0346
0.903419 0.597113 1.14342 0.973186 0.94569 1.03633
0.907717 0.497599 1.17171 0.971287 0.949026 1.03719
0.903323 0.599079 1.14277 0.970338 0.950693 1.03762
0.907669 0.498582 1.17138 0.969863 0.951527 1.03784
0.903275 0.600062 1.14244 0.969625 0.951944 1.03794
0.912016 0.398085 1.19999 0.969507 0.952153 1.038
0.903227 0.601045 1.14211 0.969447 0.952257 1.03802
0.93076 0.69379 1.12143 0.969433 0.952283 1.03803
0.923102 0.79621 1.09787 0.967681 0.967019 1.03581
0.949262 0.844416 1.09522 0.969418 0.952309 1.03804
0.982332 0.99345 1.05062 0.969403 0.952335 1.03804
1.00052 1.03451 1.01367 0.967659 0.967058 1.03582
1.01831 1.00212 0.975689 0.969395 0.952348 1.03805
1.0197 0.945421 0.975524 0.965915 0.981782 1.03359
1.00926 0.849064 1.01469 0.969388 0.952361 1.03805
end
gesture a01 hands 2
0.848409 0.220432 1.24739 0.9773 0.978398 0.995296
0.850291 0.214727 1.21845 0.966849 0.974336 1.02284
0.876876 0.224163 1.1696 1.00363 0.989583 1.04142
0.893091 0.237304 1.15005 0.991513 1.00947 0.988039
0.91827 0.301446 1.1317 0.997398 1.01173 0.989403
0.913788 0.275946 1.1311 1.01868 0.998938 1.01091
0.938966 0.340087 1.11275 0.996693 0.971553 1.02778
0.924137 0.295267 1.12163 0.995614 0.973135 1.02264
0.949315 0.359408 1.10328 1.03996 0.986147 1.03242
0.929311 0.304927 1.11689 0.994534 0.974717 1.01751
0.954489 0.369069 1.09854 0.949487 0.955116 1.04944
0.909307 0.250446 1.13051 0.973836 0.968197 1.04821
0.959663 0.378729 1.0938 0.950401 0.946892 1.05258
0.947524 0.428023 1.08852 0.961025 0.95659 1.04675
0.911151 0.524501 1.07852 0.998186 0.981277 1.04698
0.927824 0.572654 1.07198 0.971648 0.966287 1.04093
0.953418 0.610156 1.0669 0.95838 0.958793 1.0379
0.961258 0.654603 1.05844 0.951745 0.955045 1.03638
0.90571 0.743162 1.04617 1.00111 0.962533 1.01829
0.893148 0.790436 1.03895 0.973663 0.95963 1.02717
0.916224 0.834191 1.0347 0.945111 0.951298 1.03487
1.00663 0.90026 1.02932 0.946216 0.956728 1.03606
1.00671 0.948894 1.01505 0.989192 0.972943 1.0209
0.914215 1.00299 1.00077 1.00504 0.979245 1.00591
0.924271 1.05343 0.991578 0.959176 0.971996 1.02497
1.02802 1.08237 1.00364 0.941257 0.991311 1.02022
1.06824 1.04493 0.997442 0.961072 1.00486 0.989224
1.06871 0.989472 0.998817 0.972359 0.989878 0.985362
1.04337 0.900062 1.0377 0.971489 0.988935 1.03533
end
gesture a01 hands 2
0.857788 0.279805 1.33721 0.985078 0.986635 1.03239
0.829015 0.292229 1.25582 0.96492 0.978464 1.05249
0.84968 0.307202 1.2048 1.0015 1.009 1.01745
0.94955 0.488543 1.13413 0.985592 0.988546 1.02819
0.943846 0.536433 1.12389 0.986593 1.01806 1.00623
0.904496 0.626702 1.10915 0.954558 0.974769 1.0262
0.91363 0.673895 1.09666 0.995081 0.972619 1.04383
0.974019 0.757901 1.07369 1.00134 1.00181 1.04316
0.967331 0.810771 1.05787 1.004 1.02836 0.994432
0.933733 0.848502 1.0521 1.01059 0.996509 0.980129
0.900016 0.892669 1.04197 0.972811 0.970902 1.00401
0.897286 0.944241 1.02846 0.952183 0.952178 1.05055
0.937054 0.982284 1.01763 0.970122 0.974121 1.05312
0.989098 1.00177 1.01025 0.985691 0.968151 1.02957
1.02069 1.04055 0.988799 1.0184 0.997678 1.02882
1.00244 1.08866 0.975142 1.00126 0.962182 1.00601
0.896626 1.12333 0.979575 0.950888 0.977061 0.991999
0.891363 1.17252 0.964527 0.930384 0.955535 1.04219
0.941655 1.19139 0.95834 0.964936 0.945226 1.00265
0.990245 1.17974 0.964881 1.0001 0.99006 1.00297
1.03558 1.14799 0.967861 1.00675 0.977496 0.995806
1.04278 1.12149 0.96845 0.955272 0.94986 1.00628
1.01829 1.01593 1.00903 0.940564 0.975529 1.00452
1.03413 1.05546 0.989035 0.97474 0.990285 1.04864
1.00965 0.949894 1.02962 0.99579 1.00052 1.04748
1.02981 1.02244 0.99933 0.993708 1.02094 1.00437
1.00533 0.916878 1.03992 0.995767 1.01267 0.999572
1.04997 1.09499 0.96904 1.01684 1.01076 1.04632
1.00101 0.883862 1.05021 0.997826 1.00439 0.994774
end
gesture a01 hands 2
0.84603 0.231283 1.29542 1.01264 0.999282 1.01336
0.859216 0.243041 1.27137 1.0126 1.00286 1.0427
0.888767 0.260101 1.22479 1.00034 1.00041 1.04873
0.913226 0.294894 1.19439 1.0034 1.00607 1.04992
0.95941 0.393015 1.15891 1.01366 1.00028 1.01055
0.960189 0.43245 1.14874 0.986691 0.976497 1.02747
0.915529 0.527936 1.1381 0.987265 0.979356 1.0259
0.913759 0.577528 1.12546 0.975654 0.991028 1.0176
0.939207 0.615609 1.11572 1.02529 0.997769 1.01213
0.979586 0.65158 1.10916 0.999833 0.984967 1.02963
1.0062 0.69546 1.09511 0.984232 0.968564 0.989946
1.00029 0.749519 1.07853 0.974377 0.972165 1.04713
0.965958 0.790006 1.07173 0.96364 0.977798 1.04509
0.926256 0.831446 1.06614 0.986074 0.983444 1.02531
0.920616 0.883544 1.05536 1.01129 0.976597 0.9989
1.0065 0.94812 1.0384 0.960821 0.952028 0.997699
1.02517 0.996707 1.0173 0.961722 0.95567 1.00834
0.98841 1.03405 1.00722 0.922712 0.947912 1.04268
0.934771 1.05226 1.00705 0.962624 0.959311 1.01899
0.89147 1.08689 0.999068 0.963147 0.962867 1.02177
0.91649 1.13356 0.988038 0.963408 0.964645 1.02315
0.967844 1.1475 0.989083 0.963539 0.965533 1.02385
1.02183 1.13361 0.992829 1.01122 0.991292 1.02419
1.03149 1.10959 0.992601 0.96367 0.966422 1.02454
1.01974 1.04761 1.01083 0.911124 0.961755 1.05037
1.03045 1.06659 1.0016 0.953395 0.979675 1.03015
1.01869 1.00461 1.01983 0.992097 0.998289 0.996115
1.04116 1.08556 0.992373 0.989089 1.02781 0.960719
1.01765 0.961616 1.02883 1.00126 1.02465 0.987887
end
gesture a01 hands 2
0.951151 0.386575 1.22307 0.975317 0.970385 1.05261
0.958459 0.395505 1.21366 0.975615 0.968065 1.03784
1.01145 0.473943 1.16263 0.96978 0.970311 1.05268
0.988608 0.439189 1.18344 0.972846 0.968028 1.03788
1.0416 0.517626 1.1324 0.967012 0.970274 1.05272
1.00368 0.461031 1.16833 0.971462 0.968009 1.0379
1.05668 0.539468 1.11729 0.965628 0.970256 1.05274
1.01122 0.471952 1.16077 0.97077 0.968 1.03791
1.06421 0.550389 1.10974 0.964936 0.970246 1.05275
1.01499 0.477413 1.15699 0.970424 0.967995 1.03791
1.06798 0.55585 1.10596 0.96459 0.970242 1.05275
1.01687 0.480143 1.1551 0.970251 0.967993 1.03792
1.06987 0.55858 1.10407 0.964417 0.970239 1.05276
1.01782 0.481508 1.15416 0.970164 0.967992 1.03792
1.07081 0.559945 1.10312 0.96433 0.970238 1.05276
1.01829 0.48219 1.15369 0.970121 0.967991 1.03792
1.07128 0.560627 1.10265 0.964287 0.970238 1.05276
1.01852 0.482532 1.15345 0.9701 0.967991 1.03792
1.07151 0.560969 1.10242 0.964266 0.970237 1.05276
0.965766 0.404436 1.20425 0.970089 0.967991 1.03792
1.07175 0.56131 1.10218 0.964255 0.970237 1.05276
1.03743 0.75204 1.06486 0.970083 0.967991 1.03792
1.04324 0.851476 1.04746 0.964249 0.970237 1.05276
1.00311 0.94277 1.02754 0.970081 0.967991 1.03792
1.01811 1.05104 1.00997 0.964247 0.970237 1.05276
1.01128 1.10669 0.992636 0.964245 0.970237 1.05276
0.989466 1.08963 0.971651 0.975912 0.965744 1.02308
0.982454 1.03942 0.973912 0.964244 0.970237 1.05276
0.958219 0.89547 1.04592 0.961836 0.976017 1.05333
end
gesture a01 hands 2
0.894464 0.295036 1.37326 0.962262 0.96076 1.06725
0.914778 0.291547 1.35221 0.964337 0.957407 1.06053
0.95561 0.313588 1.31757 0.950939 0.966505 1.07503
0.983275 0.349011 1.29259 0.953884 0.964564 1.06758
0.998956 0.390495 1.27594 0.966412 0.954054 1.0538
0.998865 0.416268 1.26775 0.956828 0.962623 1.06014
0.977615 0.536059 1.23057 0.952036 0.966908 1.06331
0.988194 0.489049 1.24506 0.94964 0.96905 1.06489
0.966945 0.608841 1.20789 0.939616 0.97225 1.08281
0.982859 0.525441 1.23372 0.947244 0.971192 1.06647
0.96161 0.645232 1.19654 0.951059 0.970662 1.05831
0.980192 0.543636 1.22805 0.952966 0.970398 1.05422
0.958943 0.663427 1.19087 0.95392 0.970266 1.05218
0.978858 0.552734 1.22522 0.954396 0.970199 1.05116
0.957609 0.672525 1.18804 0.954635 0.970166 1.05065
0.978191 0.557283 1.2238 0.954694 0.970158 1.05052
0.956942 0.677074 1.18662 0.962598 0.958758 1.0455
0.977857 0.559557 1.22309 0.954754 0.97015 1.0504
0.956608 0.679349 1.18591 0.954813 0.970141 1.05027
0.977691 0.560694 1.22273 0.954828 0.970139 1.05024
0.956442 0.680486 1.18555 0.962688 0.958745 1.04531
0.977607 0.561263 1.22256 0.954843 0.970137 1.0502
0.956358 0.681054 1.18538 0.954858 0.970135 1.05017
0.998773 0.44204 1.25956 0.954862 0.970135 1.05016
0.956275 0.681623 1.1852 0.96271 0.958742 1.04526
0.95606 0.729664 1.16922 0.954866 0.970134 1.05016
0.947314 0.832377 1.12324 0.954869 0.970134 1.05015
0.961031 0.821173 1.07448 0.970562 0.947349 1.04035
0.964695 0.771365 1.07863 0.954873 0.970133 1.05014
end
gesture a01 hands 2
0.867552 0.443147 1.29083 0.923043 0.956003 1.04931
0.885627 0.449279 1.26894 0.932863 0.940288 1.02578
0.917312 0.474857 1.23212 0.918149 0.950674 1.02685
0.926484 0.493668 1.22081 0.934882 0.963866 1.0324
0.929615 0.668645 1.16799 0.984998 0.979085 1.03802
0.932636 0.590562 1.18875 0.997584 0.972056 1.05303
0.935767 0.765539 1.13593 0.974119 0.97804 1.06653
0.935711 0.639009 1.17272 0.992144 0.971533 1.06729
0.938842 0.813986 1.1199 0.968679 0.977517 1.08079
0.937249 0.663233 1.1647 0.989424 0.971272 1.07441
0.94038 0.83821 1.11189 0.965959 0.977256 1.08791
0.938018 0.675344 1.16069 0.988065 0.971141 1.07798
0.941149 0.850321 1.10788 0.964599 0.977126 1.09148
0.938403 0.6814 1.15869 0.987384 0.971076 1.07976
0.941534 0.856377 1.10587 0.963919 0.97706 1.09326
0.938595 0.684428 1.15769 0.987045 0.971043 1.08065
0.941726 0.859405 1.10487 0.963579 0.977028 1.09415
0.938691 0.685942 1.15719 0.986875 0.971027 1.08109
0.941822 0.860919 1.10437 0.963409 0.977011 1.09459
0.938739 0.686699 1.15694 0.98679 0.971019 1.08132
0.94187 0.861676 1.10412 0.963324 0.977003 1.09482
0.938763 0.687078 1.15681 0.986747 0.971015 1.08143
0.941894 0.862054 1.104 0.963282 0.976999 1.09493
0.941906 0.862244 1.10393 0.986726 0.971013 1.08148
0.935656 0.512479 1.2095 0.96326 0.976997 1.09498
0.941918 0.862433 1.10387 0.986715 0.971012 1.08151
0.962061 0.901097 1.07122 0.96325 0.976996 1.09501
0.986813 0.868508 1.03888 1.01017 0.965026 1.06804
0.984307 0.817289 1.05779 0.963239 0.976995 1.09504
end
gesture a01 hands 2
0.864907 0.27098 1.14945 0.97251 0.964315 1.06253
0.893217 0.268698 1.14125 0.975436 0.963576 1.04535
0.946105 0.279238 1.11952 0.963922 0.956799 1.0351
0.988747 0.311829 1.1066 0.971143 0.959818 1.03164
1.01597 0.357395 1.09996 0.965035 0.963083 1.03923
1.02109 0.381495 1.09837 0.971699 0.96296 1.0337
0.99482 0.450934 1.09141 0.965591 0.966225 1.04129
1.01051 0.428265 1.0941 0.971977 0.964532 1.03473
0.984246 0.497703 1.08714 0.96587 0.967795 1.04232
1.00522 0.45165 1.09196 0.972116 0.965317 1.03524
0.978958 0.521088 1.08501 0.966009 0.968581 1.04283
1.00258 0.463342 1.09089 0.972186 0.965709 1.0355
0.976315 0.532781 1.08394 0.966078 0.968973 1.04309
1.00126 0.469188 1.09036 0.972221 0.965906 1.03563
0.974993 0.538627 1.0834 0.966113 0.96917 1.04322
0.974332 0.54155 1.08314 0.972238 0.966004 1.0357
1.0262 0.405596 1.09678 0.966131 0.969268 1.04329
0.973671 0.544473 1.08287 0.972247 0.966053 1.03573
0.967587 0.599654 1.07741 0.966139 0.969317 1.04332
0.979023 0.647047 1.07447 0.978363 0.962838 1.02817
1.00131 0.700512 1.07038 0.966148 0.969366 1.04335
1.00801 0.757453 1.0637 0.965785 0.97515 1.0477
0.977915 0.856178 1.05087 0.964913 0.97727 1.04637
0.93529 0.900694 1.0467 0.964477 0.97833 1.0457
0.94782 0.954903 1.03805 0.964259 0.97886 1.04537
0.989579 0.985515 1.03163 0.96415 0.979125 1.0452
1.03906 0.967675 1.02512 0.964096 0.979258 1.04512
1.04339 0.914948 1.02968 0.945397 0.979473 1.04091
1.03625 0.889147 1.03385 0.964041 0.97939 1.04503
end
gesture a01 hands 2
0.836382 0.27346 1.14322 0.914423 0.973045 0.967713
0.865946 0.271552 1.14779 0.92801 0.973508 0.961672
0.917311 0.28432 1.12512 0.932891 0.969446 0.989632
0.960148 0.315747 1.10811 0.937244 0.971709 0.972631
0.983099 0.363815 1.09908 0.942125 0.967647 1.00059
0.976529 0.44408 1.09142 0.941861 0.970809 0.978111
0.954759 0.554007 1.08222 0.946742 0.966747 1.00607
0.960645 0.577817 1.07965 0.944169 0.970359 0.980851
0.972142 0.634252 1.07273 0.94905 0.966298 1.00881
0.969337 0.617939 1.07491 0.945323 0.970134 0.98222
0.980833 0.674375 1.06799 0.950204 0.966073 1.01018
0.973682 0.638001 1.07254 0.945901 0.970022 0.982905
0.985178 0.694436 1.06562 0.950782 0.965961 1.01086
0.975855 0.648031 1.07136 0.946189 0.969966 0.983248
0.987351 0.704466 1.06444 0.95107 0.965904 1.01121
0.976942 0.653047 1.07076 0.946334 0.969938 0.983419
0.988438 0.709482 1.06384 0.951215 0.965876 1.01138
0.977485 0.655554 1.07047 0.946406 0.969924 0.983504
0.988981 0.711989 1.06355 0.951287 0.965862 1.01146
0.977756 0.656808 1.07032 0.946442 0.969917 0.983547
0.989252 0.713243 1.0634 0.951323 0.965855 1.01151
0.966532 0.601627 1.07709 0.94646 0.969913 0.983569
0.989524 0.714497 1.06325 0.951341 0.965852 1.01153
0.971075 0.768586 1.05918 0.941597 0.973971 0.95563
0.932952 0.866556 1.05648 0.951359 0.965848 1.01155
0.955117 0.914908 1.05087 0.985883 0.967493 1.03693
1.00618 0.923534 1.03709 0.98671 0.978179 1.04703
1.01705 0.873289 1.03793 0.966962 0.970652 1.03984
0.997679 0.791574 1.05917 0.929431 0.976709 1.04618
end
gesture a01 hands 2
0.877022 0.179472 1.21956 0.944593 0.960734 1.06605
0.887847 0.176472 1.19203 0.94374 0.960081 1.06555
0.935557 0.191491 1.16927 0.952628 0.955795 1.05441
0.948859 0.211558 1.16295 0.942887 0.959429 1.06504
0.9369 0.306771 1.15249 0.942033 0.958776 1.06454
0.94953 0.269198 1.15456 0.951348 0.954817 1.05365
0.937571 0.364411 1.1441 0.941607 0.95845 1.06429
0.949866 0.298018 1.15036 0.9415 0.958369 1.06422
0.937906 0.393231 1.1399 0.951134 0.954653 1.05352
0.950034 0.312428 1.14827 0.951081 0.954612 1.05349
0.938074 0.407641 1.13781 0.941393 0.958287 1.06416
0.950118 0.319633 1.14722 0.94134 0.958246 1.06413
0.938158 0.414846 1.13676 0.951028 0.954572 1.05346
0.95016 0.323235 1.14669 0.941287 0.958205 1.0641
0.9382 0.418449 1.13623 0.941234 0.958164 1.06406
0.950181 0.325036 1.14643 0.941207 0.958144 1.06405
0.938221 0.42025 1.13597 0.941193 0.958134 1.06404
0.950191 0.325937 1.1463 0.950928 0.954496 1.0534
0.938232 0.42115 1.13584 0.941187 0.958129 1.06403
0.938237 0.421601 1.13578 0.941185 0.958128 1.06403
0.962161 0.231624 1.15663 0.950924 0.954493 1.0534
0.938242 0.422051 1.13571 0.941183 0.958127 1.06403
0.965635 0.561227 1.11265 0.941182 0.958125 1.06403
0.956528 0.604746 1.10807 0.941181 0.958125 1.06403
0.930166 0.653883 1.10723 0.950922 0.954491 1.0534
0.917475 0.703501 1.10251 0.941181 0.958125 1.06403
0.938036 0.755136 1.08963 0.94118 0.958124 1.06403
0.983454 0.758844 1.06963 0.960662 0.950857 1.04276
0.990307 0.705427 1.0736 0.94118 0.958124 1.06403
end
gesture a04 hands 2
0.764798 0.493154 1.21034 0.974639 0.950987 1.09199
0.751055 0.500857 1.18513 0.970677 0.947255 1.06253
0.739933 0.534578 1.14787 0.922653 0.972312 1.05927
0.74867 0.558848 1.13573 0.940873 0.970513 1.05562
0.830418 0.71336 1.10267 0.912166 0.977923 1.0337
0.793912 0.648239 1.11313 0.933532 0.977259 1.03309
0.87566 0.80275 1.08007 0.959093 0.968713 1.05198
0.816533 0.692934 1.10183 0.954898 0.976594 1.03248
0.898281 0.847446 1.06876 0.9528 0.980535 1.02273
0.827843 0.715281 1.09618 0.951751 0.982505 1.01785
0.909591 0.869793 1.06311 0.901678 0.983534 1.00814
0.833499 0.726455 1.09335 0.950702 0.984475 1.01297
0.915247 0.880967 1.06029 0.995533 0.965114 1.04469
0.836326 0.732042 1.09194 0.99763 0.975266 1.03125
0.918074 0.886554 1.05887 0.969757 0.966209 1.03647
0.83774 0.734836 1.09123 0.984742 0.975813 1.02714
0.919488 0.889348 1.05817 0.95687 0.966756 1.03237
0.838447 0.736232 1.09088 0.978298 0.976087 1.02509
0.920195 0.890744 1.05781 0.950426 0.96703 1.03031
0.838801 0.736931 1.0907 0.975076 0.976224 1.02406
0.920549 0.891443 1.05764 0.947204 0.967167 1.02929
0.838977 0.73728 1.09061 0.973465 0.976292 1.02355
0.920725 0.891792 1.05755 0.945593 0.967236 1.02877
0.839066 0.737454 1.09057 0.972659 0.976326 1.02329
0.920814 0.891966 1.0575 0.944788 0.96727 1.02852
0.757406 0.583117 1.12359 0.944385 0.967287 1.02839
0.920902 0.892141 1.05746 0.999726 0.985417 1.01781
0.965675 0.879341 1.03422 0.943982 0.967304 1.02826
0.945336 0.832556 1.0455 0.889232 0.966844 1.05145
end
gesture a04 hands 2
0.787918 0.653871 1.19383 0.906561 0.978743 1.03799
0.778143 0.654597 1.16572 0.921038 0.974026 1.04535
0.815647 0.662612 1.1213 0.877886 0.973551 1.04497
0.756635 0.658558 1.11988 0.935515 0.969309 1.05271
0.782047 0.660985 1.12385 0.954398 0.977963 0.99914
0.874739 0.82456 1.07612 1.0067 0.966181 1.01852
0.933848 0.948195 1.04932 1.0627 0.968475 1.03629
0.967431 0.988135 1.0284 1.0795 0.978574 1.02041
1.01136 1.00584 1.00624 1.03822 0.973267 1.03275
1.02372 0.98248 1.0032 1.06726 0.98097 1.01863
0.96571 0.910249 1.03893 1.02597 0.975664 1.03097
1.00089 0.934685 1.01954 1.06114 0.982168 1.01775
0.942884 0.862453 1.05528 1.01985 0.976862 1.03009
0.989477 0.910787 1.02772 1.05808 0.982767 1.0173
0.931472 0.838556 1.06346 1.01679 0.977461 1.02964
0.983771 0.898838 1.0318 1.05655 0.983066 1.01708
0.925765 0.826607 1.06754 1.01526 0.97776 1.02942
0.980918 0.892864 1.03385 1.05579 0.983216 1.01697
0.922912 0.820632 1.06959 1.0145 0.97791 1.02931
0.979491 0.889877 1.03487 1.0554 0.983291 1.01692
0.921486 0.817645 1.07061 1.01411 0.977985 1.02926
0.978778 0.888383 1.03538 1.05521 0.983329 1.01689
0.920772 0.816152 1.07112 1.01392 0.978023 1.02923
0.978421 0.887636 1.03563 1.05512 0.983347 1.01687
0.920416 0.815405 1.07137 1.01383 0.978041 1.02921
0.978243 0.887263 1.03576 1.09631 0.988672 1.00452
0.920237 0.815031 1.0715 1.01373 0.97806 1.0292
1.03607 0.959121 1.00015 0.930779 0.973505 1.03777
0.920059 0.814658 1.07163 0.931138 0.967447 1.05388
end
gesture a04 hands 2
0.632011 0.392168 1.21684 0.894675 0.936514 1.0984
0.654127 0.401242 1.19886 0.887406 0.934168 1.08551
0.673067 0.443704 1.16583 0.900957 0.947818 1.06775
0.678608 0.466412 1.16159 0.906272 0.941041 1.0636
0.743226 0.586448 1.14234 0.880137 0.931821 1.07261
0.713688 0.537784 1.14984 0.911587 0.934264 1.05944
0.778306 0.65782 1.13059 0.927312 0.935486 1.05286
0.731228 0.57347 1.14397 0.917276 0.947304 1.04498
0.795845 0.693506 1.12472 0.935174 0.936097 1.04956
0.739998 0.591313 1.14104 0.921207 0.94761 1.04333
0.804615 0.711349 1.12179 0.939106 0.936403 1.04792
0.744383 0.600234 1.13957 0.923173 0.947762 1.04251
0.809 0.720271 1.12032 0.941071 0.936555 1.04709
0.746575 0.604695 1.13883 0.924156 0.947839 1.0421
0.811193 0.724731 1.11958 0.942054 0.936632 1.04668
0.747671 0.606925 1.13847 0.924647 0.947877 1.04189
0.812289 0.726962 1.11922 0.942546 0.93667 1.04648
0.748219 0.60804 1.13828 0.924893 0.947896 1.04179
0.812837 0.728077 1.11903 0.942791 0.936689 1.04637
0.748493 0.608598 1.13819 0.925016 0.947905 1.04174
0.813111 0.728634 1.11894 0.942914 0.936698 1.04632
0.74863 0.608877 1.13815 0.925077 0.94791 1.04171
0.813248 0.728913 1.1189 0.942976 0.936703 1.0463
0.813316 0.729053 1.11887 0.943006 0.936706 1.04628
0.68415 0.489119 1.15735 0.90724 0.959122 1.0371
0.813385 0.729192 1.11885 0.943037 0.936708 1.04627
0.8559 0.751973 1.09728 0.993108 0.942859 1.0762
0.869252 0.702504 1.09347 0.990434 0.950259 1.08003
0.85708 0.678156 1.10486 0.965293 0.949165 1.09618
end
gesture a04 hands 2
0.759519 0.679643 1.03022 0.943773 0.951543 1.03779
0.780981 0.675754 1.05078 0.938689 0.96985 1.06074
0.775149 0.686531 1.04683 0.91587 0.997503 1.02535
0.793145 0.704759 1.04303 0.937653 0.976079 1.01635
0.897823 0.85954 1.03624 0.98961 0.947773 1.01181
0.854482 0.791263 1.03773 1.02968 0.927087 1.03158
0.91566 0.862535 1.03239 1.08628 0.939633 1.02226
0.863401 0.792761 1.03581 1.08722 0.942011 1.02589
0.924579 0.864032 1.03047 1.03201 0.961879 1.02891
0.86786 0.793509 1.03485 1.06009 0.953134 1.02921
0.929038 0.86478 1.0295 1.00487 0.973001 1.03223
0.870089 0.793884 1.03437 1.04652 0.958696 1.03088
0.931267 0.865155 1.02902 0.991305 0.978563 1.0339
0.871204 0.794071 1.03413 1.03974 0.961476 1.03171
0.932382 0.865342 1.02878 0.984521 0.981343 1.03473
0.871762 0.794164 1.03401 1.03635 0.962867 1.03212
0.93294 0.865435 1.02866 0.981129 0.982734 1.03514
0.87204 0.794211 1.03395 1.03465 0.963562 1.03233
0.933218 0.865482 1.0286 0.979433 0.983429 1.03535
0.87218 0.794235 1.03392 1.0338 0.963909 1.03244
0.933358 0.865506 1.02857 0.978585 0.983776 1.03546
0.872249 0.794246 1.0339 1.03338 0.964083 1.03249
0.933427 0.865517 1.02856 0.978161 0.98395 1.03551
0.811141 0.722987 1.03923 1.03317 0.96417 1.03251
0.933497 0.865529 1.02854 0.977949 0.984037 1.03553
1.0205 1.03255 1.02565 1.08817 0.94439 1.02952
1.05585 1.00807 1.01784 0.977737 0.984124 1.03556
1.02951 0.959116 1.02253 0.937354 0.979842 1.03099
0.906607 0.846093 1.03541 0.91161 0.973874 1.04468
end
gesture a04 hands 2
0.622416 0.537286 1.12624 0.864862 0.964311 1.07916
0.636468 0.539168 1.13054 0.893836 0.962363 1.07241
0.668633 0.577708 1.12031 0.943252 0.948359 1.05378
0.659576 0.559379 1.12757 1.00113 0.941572 1.04445
0.691741 0.597919 1.11734 1.05921 0.949356 1.03587
0.67113 0.569485 1.12609 1.0609 0.93166 1.04079
0.703296 0.608024 1.11585 1.05262 0.912192 1.04009
0.676907 0.574537 1.12535 1.02618 0.913579 1.04338
0.709073 0.613076 1.11511 1.00455 0.933617 1.04513
0.679796 0.577064 1.12498 1.00214 0.924292 1.04589
0.711961 0.615603 1.11474 0.980508 0.94433 1.04765
0.68124 0.578327 1.12479 0.990121 0.929649 1.04715
0.713406 0.616866 1.11456 0.96849 0.949687 1.04891
0.681962 0.578958 1.1247 0.984111 0.932327 1.04778
0.714128 0.617497 1.11446 0.96248 0.952365 1.04954
0.682323 0.579274 1.12465 0.981107 0.933666 1.0481
0.714489 0.617813 1.11442 0.959476 0.953704 1.04985
0.682504 0.579432 1.12463 0.979604 0.934335 1.04826
0.714669 0.617971 1.11439 0.957973 0.954373 1.05001
0.650519 0.541051 1.13484 0.978853 0.93467 1.04834
0.71485 0.618129 1.11437 0.957222 0.954708 1.05009
0.785382 0.717084 1.09967 0.978478 0.934838 1.04838
0.812857 0.781517 1.0955 0.956847 0.954876 1.05013
0.855914 0.81604 1.08496 0.999733 0.914967 1.04666
0.907203 0.812584 1.06624 0.956471 0.955043 1.05017
0.905454 0.755458 1.06187 0.933335 0.962774 1.05642
0.864561 0.717457 1.07203 0.905401 0.977424 1.07059
0.811522 0.695019 1.08671 0.910199 0.970504 1.06268
0.746273 0.638179 1.10339 0.88283 0.966753 1.07438
end
gesture a04 hands 2
0.718701 0.671569 1.09309 0.893945 0.979679 1.0741
0.740246 0.68338 1.07892 0.91968 0.983017 1.05961
0.80547 0.763617 1.06368 0.955583 0.965187 1.0376
0.863856 0.853327 1.05801 1.00109 0.960883 1.02246
0.834216 0.814958 1.06282 1.05465 0.958016 1.00919
0.922242 0.943037 1.05234 1.08196 0.946975 1.01789
0.967461 0.965048 1.0418 1.09318 0.919645 1.02494
0.990721 0.955553 1.03437 1.06686 0.91664 1.02905
0.902237 0.869675 1.04823 1.04625 0.936833 1.02643
0.958109 0.907866 1.03759 1.0434 0.925234 1.02979
0.869624 0.821989 1.05144 1.02279 0.945427 1.02717
0.941802 0.884023 1.03919 1.03167 0.929531 1.03016
0.853318 0.798146 1.05305 1.01106 0.949724 1.02754
0.933649 0.872101 1.03999 1.0258 0.931679 1.03035
0.845165 0.786224 1.05385 1.00519 0.951872 1.02772
0.929573 0.86614 1.04039 1.00226 0.952947 1.02782
0.841089 0.780263 1.05425 1.04055 0.913635 1.03316
0.927534 0.86316 1.04059 0.999324 0.954021 1.02791
0.83905 0.777282 1.05445 0.944026 0.968136 1.04402
0.926515 0.86167 1.04069 0.916677 0.961168 1.05038
0.838031 0.775792 1.05455 0.903002 0.957684 1.05357
0.926006 0.860925 1.04074 0.896164 0.955942 1.05516
0.837522 0.775047 1.0546 0.892746 0.955071 1.05595
0.925751 0.860552 1.04077 0.891036 0.954636 1.05635
0.837267 0.774675 1.05462 0.890182 0.954418 1.05655
0.925623 0.860366 1.04078 0.889754 0.954309 1.05665
0.837139 0.774488 1.05464 0.889541 0.954254 1.0567
1.01398 0.946057 1.02694 0.910711 1.00692 1.05384
0.837012 0.774302 1.05465 0.889327 0.9542 1.05675
end
gesture a04 hands 2
0.980133 0.447595 1.35657 1.02733 0.970007 1.02156
0.980768 0.450916 1.32715 1.00831 0.963066 1.04343
0.985858 0.472976 1.27577 0.95595 0.977962 1.02016
1.05055 0.83115 1.12118 0.956739 0.99513 0.967648
1.06404 0.878799 1.11684 0.979879 1.03061 0.925761
1.07067 0.925932 1.09909 0.987519 1.00947 0.975171
1.04021 1.00027 1.02926 0.992724 0.973976 1.02054
0.994807 1.00544 0.995976 0.952268 0.972416 0.981062
0.943531 1.00334 0.967254 0.92375 0.984766 0.934227
0.894534 0.99255 0.937057 0.936445 1.00843 0.941569
0.906229 0.950289 0.976738 0.961115 0.994495 0.990798
1.0004 0.982427 0.996417 1.00214 1.00593 0.976497
1.01487 1.03095 0.988943 1.04446 1.0208 0.938385
1.03555 1.06373 1.02581 1.01134 1.00152 0.982069
1.04648 1.11375 1.0506 0.956754 1.01701 0.991362
1.06277 1.20768 0.990286 0.956935 1.01347 0.985229
1.05843 1.24432 0.945619 0.979423 0.9801 1.02713
1.03054 1.27086 0.90927 0.994844 0.966962 1.01298
0.992634 1.23054 0.912669 0.948916 0.989552 1.02957
0.938288 0.986503 1.03497 0.970154 0.996153 1.08074
0.930858 0.932581 1.05926 1.00116 1.02499 1.10382
0.91836 0.948008 1.0375 1.05599 1.00998 1.10814
0.9489 0.79929 1.12555 1.0027 0.995941 1.11767
0.927381 0.881363 1.07065 0.962767 1.0008 1.07481
0.957921 0.732645 1.15869 0.948067 1.00798 1.01885
0.931891 0.84804 1.08722 0.981737 0.997669 1.00416
0.962431 0.699322 1.17526 0.9725 0.988243 1.05745
0.905862 0.963436 1.01574 1.02494 0.931138 1.02863
0.966942 0.666 1.19183 1.00168 0.915474 1.01903
end
gesture a04 hands 2
0.956738 0.610798 1.34988 1.00698 0.947173 1.06308
0.953848 0.602777 1.3214 0.979081 0.937434 1.05949
0.944927 0.607609 1.26522 0.978831 0.930967 1.05193
0.950769 0.622235 1.24364 0.952121 0.923887 1.05373
0.955832 0.70317 1.19829 0.95072 0.95285 1.05474
0.956221 0.670016 1.21018 0.938065 0.934829 1.05514
0.961284 0.750951 1.16483 0.936664 0.963791 1.05615
0.958947 0.693906 1.19345 0.931038 0.940299 1.05584
0.96401 0.774842 1.1481 0.929637 0.969261 1.05686
0.96031 0.705851 1.18508 0.927524 0.943035 1.05619
0.965373 0.786787 1.13974 0.926123 0.971997 1.05721
0.960992 0.711824 1.1809 0.925767 0.944402 1.05637
0.966054 0.792759 1.13555 0.924366 0.973364 1.05738
0.961333 0.71481 1.17881 0.924888 0.945086 1.05646
0.966395 0.795746 1.13346 0.923487 0.974048 1.05747
0.961503 0.716303 1.17776 0.924449 0.945428 1.0565
0.966566 0.797239 1.13242 0.923048 0.97439 1.05752
0.961588 0.71705 1.17724 0.92423 0.945599 1.05652
0.966651 0.797985 1.13189 0.922829 0.974561 1.05754
0.961631 0.717423 1.17698 0.92412 0.945684 1.05653
0.966693 0.798359 1.13163 0.922719 0.974646 1.05755
0.961652 0.71761 1.17685 0.924065 0.945727 1.05654
0.966715 0.798545 1.1315 0.922664 0.974689 1.05755
0.956611 0.636861 1.22206 0.925411 0.916808 1.05553
0.966736 0.798732 1.13137 0.922609 0.974732 1.05756
0.961927 0.841768 1.10189 0.946399 1.01215 1.07777
0.958026 0.866023 1.05533 0.949259 1.0138 1.07551
0.957942 0.81464 1.07751 0.936198 0.973968 1.03841
0.957588 0.781234 1.12243 0.961477 0.979271 1.0237
end
gesture a04 hands 2
0.931261 0.627281 1.16407 0.987839 0.954424 1.02384
0.933861 0.619188 1.13556 0.983742 0.957573 1.05307
0.907793 0.640106 1.11797 0.97758 0.937838 1.04932
0.896739 0.667835 1.06781 0.944906 0.964558 1.01488
0.898123 0.714296 1.03335 0.930349 1.01087 1.01281
0.907829 0.768262 1.02783 0.939783 1.01317 1.01014
0.918984 0.813452 1.02274 0.949113 1.00294 1.00204
0.95064 0.948781 0.97975 0.959165 0.98827 1.0057
0.975937 1.07777 0.972024 0.960067 0.979109 1.03267
0.976014 1.05392 0.95751 0.964641 0.976354 1.02102
0.982297 1.08411 0.936759 0.965544 0.967192 1.04799
0.979194 1.05709 0.939877 0.96738 0.970396 1.02868
0.970531 0.981211 0.982594 0.968282 0.961233 1.05564
0.97331 1.00564 0.962795 0.968749 0.967416 1.03251
0.964647 0.929762 1.00551 0.969652 0.958254 1.05947
0.970369 0.979916 0.974254 0.969434 0.965927 1.03442
0.961706 0.904037 1.01697 0.970336 0.956765 1.06139
0.968898 0.967053 0.979983 0.969776 0.965182 1.03538
0.960235 0.891174 1.0227 0.970679 0.95602 1.06234
0.968162 0.960622 0.982848 0.969947 0.964809 1.03586
0.959499 0.884743 1.02557 0.97085 0.955647 1.06282
0.967795 0.957407 0.98428 0.970033 0.964623 1.0361
0.959132 0.881528 1.027 0.970935 0.955461 1.06306
0.967611 0.955799 0.984996 0.970076 0.96453 1.03622
0.958948 0.87992 1.02771 0.970978 0.955368 1.06318
0.958856 0.879116 1.02807 0.969216 0.973599 1.00937
0.97609 1.03007 0.942995 0.971021 0.955275 1.0633
0.958764 0.878312 1.02843 0.972768 0.948048 1.06529
0.938214 0.730333 1.11016 0.97117 0.936845 1.03765
end
gesture a04 hands 2
0.920977 0.629846 1.13943 0.956413 0.90744 1.08966
0.91628 0.632473 1.15365 0.933727 0.905384 1.07061
0.909695 0.646318 1.12898 0.918701 0.922314 1.07956
0.910639 0.640709 1.14842 0.91227 0.943544 1.07082
0.904054 0.654555 1.12375 0.929039 0.953283 1.06159
0.907819 0.644827 1.14581 0.917439 0.959028 1.06184
0.901234 0.658673 1.12114 0.934208 0.968768 1.0526
0.906408 0.646886 1.1445 0.920024 0.966771 1.05734
0.899823 0.660732 1.11984 0.936792 0.97651 1.04811
0.905703 0.647916 1.14385 0.921316 0.970642 1.0551
0.899118 0.661761 1.11918 0.938085 0.980381 1.04587
0.905351 0.648431 1.14352 0.921962 0.972577 1.05397
0.898766 0.662276 1.11886 0.938731 0.982316 1.04474
0.905174 0.648688 1.14336 0.922285 0.973545 1.05341
0.898589 0.662534 1.11869 0.939054 0.983284 1.04418
0.905086 0.648817 1.14328 0.922446 0.974029 1.05313
0.898501 0.662662 1.11861 0.939215 0.983768 1.0439
0.905042 0.648881 1.14324 0.922527 0.974271 1.05299
0.898457 0.662727 1.11857 0.939296 0.98401 1.04376
0.90502 0.648913 1.14322 0.922568 0.974392 1.05292
0.898435 0.662759 1.11855 0.939337 0.984131 1.04369
0.905009 0.648929 1.14321 0.922588 0.974452 1.05289
0.898424 0.662775 1.11854 0.939357 0.984191 1.04366
0.898419 0.662783 1.11854 0.922598 0.974483 1.05287
0.911583 0.6351 1.16786 0.939367 0.984222 1.04364
0.898413 0.662791 1.11853 0.922603 0.974498 1.05286
0.901461 0.71658 1.09702 0.939372 0.984237 1.04363
0.918684 0.812168 1.07904 0.905839 0.964774 1.06208
0.929587 0.867221 1.06619 0.939377 0.984252 1.04362
end
gesture a04 hands 2
0.891845 0.460946 1.21149 0.930203 0.904341 1.03888
0.878141 0.471834 1.23555 0.941596 0.909256 1.04711
0.882153 0.499292 1.18446 0.929744 0.928021 1.03224
0.885751 0.50544 1.19369 0.936814 0.93401 1.04521
0.912271 0.675772 1.13579 0.952989 0.91417 1.05534
0.90081 0.59368 1.16935 0.943884 0.939999 1.05818
0.92733 0.764012 1.11145 0.929286 0.951702 1.02561
0.90834 0.6378 1.15719 0.916857 0.969077 1.03832
0.93486 0.808131 1.09929 0.934779 0.965828 1.06103
0.912105 0.65986 1.1511 0.935574 0.972797 1.05847
0.938624 0.830191 1.0932 0.935971 0.976282 1.05718
0.913987 0.67089 1.14806 0.93617 0.978024 1.05654
0.940507 0.841221 1.09016 0.904428 0.986452 1.05102
0.914928 0.676405 1.14654 0.936369 0.979766 1.0559
0.941448 0.846736 1.08864 0.95234 0.976423 1.05834
0.915399 0.679162 1.14578 0.960325 0.974751 1.05956
0.941918 0.849494 1.08788 0.960354 0.965554 1.07182
0.915634 0.680541 1.1454 0.960368 0.960955 1.07795
0.942154 0.850872 1.0875 0.940272 0.979954 1.09645
0.915752 0.68123 1.14521 0.960383 0.956356 1.08408
0.942271 0.851562 1.08731 0.970438 0.944556 1.0779
0.915811 0.681575 1.14512 0.975466 0.938657 1.07481
0.94233 0.851906 1.08722 0.97798 0.935707 1.07327
0.91584 0.681747 1.14507 0.979237 0.934232 1.07249
0.94236 0.852079 1.08717 0.979866 0.933494 1.07211
0.88935 0.511588 1.20292 0.98018 0.933126 1.07191
0.942389 0.852251 1.08712 0.96831 0.97308 1.06078
0.937434 0.863287 1.04405 0.980494 0.932757 1.07172
0.932194 0.760852 1.09132 0.977962 0.92383 1.08045
end
gesture a04 hands 2
1.08242 0.458859 1.38952 0.98299 0.919876 0.99652
1.09063 0.555698 1.33161 0.976069 0.932192 0.992057
1.11396 0.613429 1.30756 0.964791 0.93644 1.01718
1.09883 0.652536 1.27371 0.966969 0.940474 1.00239
1.08533 0.666628 1.25981 0.955691 0.944722 1.02751
1.03473 0.766555 1.18178 0.96242 0.944615 1.00755
1.03518 0.768667 1.16821 0.951142 0.948863 1.03268
1.0535 0.724693 1.20706 0.960145 0.946686 1.01014
1.03541 0.769723 1.16141 0.948867 0.950934 1.03527
1.05361 0.725221 1.20367 0.959007 0.947721 1.01143
1.03552 0.770251 1.15802 0.947729 0.951969 1.03656
1.05367 0.725485 1.20197 0.958439 0.948238 1.01208
1.03558 0.770515 1.15632 0.947161 0.952486 1.0372
1.0537 0.725617 1.20112 0.958154 0.948497 1.0124
1.0356 0.770647 1.15547 0.946876 0.952745 1.03753
1.05371 0.725683 1.2007 0.958012 0.948627 1.01256
1.03562 0.770713 1.15505 0.946734 0.952875 1.03769
1.05372 0.725716 1.20048 0.969148 0.944508 0.987594
1.03562 0.770746 1.15484 0.946592 0.953004 1.03785
1.05372 0.725733 1.20038 0.94772 0.96046 1.09679
1.03563 0.770763 1.15473 0.94906 0.961391 1.09789
1.03563 0.770771 1.15468 0.949731 0.961856 1.09845
1.07182 0.680719 1.24592 0.950066 0.962089 1.09872
1.03563 0.770779 1.15462 0.950233 0.962206 1.09886
0.970638 0.880574 1.08986 0.950317 0.962264 1.09893
0.999443 0.86084 1.06333 0.959907 0.964163 1.14998
1.02131 0.815983 1.09161 0.950401 0.962322 1.099
1.02837 0.775304 1.13275 0.946215 0.972029 1.04181
1.02835 0.741021 1.1738 0.959339 0.951142 1.02531
end
gesture a04 hands 2
1.05477 0.38623 1.41828 0.957778 0.950995 0.962145
1.07369 0.386449 1.44132 0.961873 0.958207 0.990895
1.11323 0.40505 1.41028 0.972153 0.948275 0.96543
1.11892 0.446166 1.38467 0.97382 0.957164 0.99082
1.11483 0.549521 1.33483 0.965968 0.965419 1.01964
1.08592 0.643175 1.26165 0.975487 0.966052 1.01621
1.07339 0.709488 1.22697 0.980246 0.966369 1.01449
1.05701 0.736829 1.18846 0.982626 0.966527 1.01363
1.03275 0.768125 1.15713 0.986529 0.945556 0.968715
1.0198 0.809645 1.13401 0.985006 0.966686 1.01277
1.01258 0.910622 1.07308 0.974157 0.979842 1.07714
1.00897 0.961111 1.04262 0.983483 0.987816 1.05683
1.03319 1.01643 1.05649 0.957635 0.981896 1.05374
1.00536 1.0116 1.01215 0.959494 0.987993 1.05426
0.954365 1.00126 0.998718 0.962925 0.985579 1.02547
0.898291 1.00851 0.990812 0.962139 0.989834 1.04012
0.901464 1.0169 0.983414 0.965569 0.987421 1.01133
0.923036 0.999447 0.986567 0.963461 0.990755 1.03305
0.942665 0.936475 1.03235 0.966892 0.988342 1.00426
0.943636 0.959235 1.01104 0.964122 0.991216 1.02952
0.963265 0.896263 1.05682 0.967553 0.988803 1.00073
0.953936 0.939129 1.02327 0.964453 0.991446 1.02775
0.973565 0.876156 1.06906 0.967883 0.989033 0.998962
0.959086 0.929076 1.02939 0.964618 0.991561 1.02687
0.978715 0.866103 1.07517 0.968049 0.989148 0.998079
0.98129 0.861077 1.07823 0.961353 0.994089 1.05477
0.944608 0.981995 0.989721 0.968214 0.989263 0.997195
0.983865 0.85605 1.08129 0.992359 0.959123 0.97702
0.996301 0.788398 1.1282 0.978785 0.95106 0.951613
end
gesture a04 hands 2
0.837905 0.336669 1.33542 0.941373 0.946561 1.06519
0.84552 0.350053 1.31118 0.941144 0.965195 1.04504
0.849273 0.391321 1.27928 0.956186 0.949148 1.0394
0.847263 0.420186 1.2732 0.953231 0.965441 1.03064
0.864032 0.514443 1.24805 0.940916 0.98383 1.02488
0.854642 0.481747 1.25759 0.950276 0.981733 1.02188
0.871412 0.576004 1.23243 0.954955 0.980685 1.02038
0.858332 0.512527 1.24978 0.957295 0.98016 1.01963
0.875101 0.606785 1.22463 0.956754 0.979639 1.04602
0.860177 0.527917 1.24587 0.96598 0.979056 1.0406
0.876946 0.622175 1.22072 0.959635 0.979636 1.01888
0.861099 0.535612 1.24392 0.975205 0.978473 1.03518
0.877869 0.62987 1.21877 0.982989 0.977892 1.04332
0.86156 0.53946 1.24295 0.972592 0.975447 1.06716
0.87833 0.633717 1.2178 0.990774 0.97731 1.05147
0.87856 0.635641 1.21731 0.978355 0.975442 1.01289
0.845252 0.44905 1.26712 0.979732 0.979277 1.01596
0.878791 0.637565 1.21682 0.98042 0.981195 1.01749
0.892778 0.743659 1.13247 0.980764 0.982154 1.01826
0.901914 0.795836 1.067 0.980937 0.982633 1.01864
0.906765 0.849754 1.04812 0.981023 0.982872 1.01883
0.932326 0.955618 1.05406 0.981066 0.982992 1.01892
0.969864 0.995963 1.04928 0.981087 0.983052 1.01897
1.00409 1.02706 1.01438 0.981098 0.983082 1.019
1.02699 1.09372 0.926501 0.981104 0.983097 1.01901
1.04735 1.12571 0.944656 0.981106 0.983104 1.01901
1.06228 1.08575 0.985813 1.00896 0.979173 1.03578
1.0729 0.984846 1.0276 0.981109 0.983112 1.01902
1.06008 0.945482 1.04946 0.970523 0.955658 1.02407
end
gesture a04 hands 2
0.905738 0.585589 1.27571 0.957088 0.949643 1.04178
0.906897 0.593256 1.26363 0.959369 0.964195 1.03961
0.916178 0.66722 1.22351 0.955702 0.955345 1.05618
0.912117 0.634071 1.23753 0.958676 0.967046 1.04681
0.921398 0.708035 1.19741 0.955008 0.958196 1.06338
0.914727 0.654479 1.22448 0.958329 0.968472 1.05041
0.924008 0.728443 1.18436 0.954662 0.959621 1.06698
0.916032 0.664683 1.21796 0.958157 0.969185 1.05221
0.925313 0.738647 1.17783 0.954489 0.960334 1.06878
0.916685 0.669785 1.2147 0.95807 0.969541 1.0531
0.925965 0.743749 1.17457 0.954402 0.96069 1.06968
0.917011 0.672336 1.21307 0.958026 0.969719 1.05356
0.926292 0.7463 1.17294 0.954358 0.960869 1.07013
0.917174 0.673612 1.21225 0.958005 0.969808 1.05378
0.926455 0.747576 1.17213 0.954337 0.960958 1.07035
0.917255 0.674249 1.21184 0.957994 0.969853 1.05389
0.926536 0.748213 1.17172 0.954326 0.961002 1.07047
0.917296 0.674568 1.21164 0.957988 0.969875 1.05395
0.926577 0.748532 1.17151 0.95432 0.961025 1.07052
0.917317 0.674728 1.21154 0.957986 0.969886 1.05398
0.926598 0.748692 1.17141 0.954318 0.961036 1.07055
0.908056 0.600923 1.25156 0.957984 0.969892 1.05399
0.926618 0.748851 1.17131 0.954316 0.961041 1.07057
0.945368 0.826606 1.12135 0.957984 0.969895 1.054
0.965505 0.930128 1.04413 0.954316 0.961044 1.07057
0.971537 1.01513 1.01121 0.957983 0.969896 1.054
0.985641 1.03365 0.966917 0.954315 0.961046 1.07058
0.980191 0.978912 0.986727 0.961651 0.978748 1.03743
0.953211 0.810287 1.12486 0.954315 0.961047 1.07058
end
gesture a04 hands 2
0.904143 0.522564 1.3157 0.954883 0.952114 1.06264
0.905126 0.526236 1.30962 0.958938 0.963374 1.05369
0.919355 0.643283 1.24843 0.958097 0.950657 1.04605
0.920202 0.642468 1.24378 0.960544 0.962646 1.04539
0.906109 0.529909 1.30353 0.959704 0.949928 1.03775
0.921049 0.641654 1.23913 0.961348 0.962281 1.04124
0.934567 0.764002 1.18115 0.960508 0.949564 1.0336
0.935989 0.753399 1.17473 0.96175 0.962099 1.03917
0.9367 0.748098 1.17151 0.96091 0.949381 1.03153
0.937056 0.745447 1.1699 0.961951 0.962008 1.03813
0.937233 0.744122 1.1691 0.961111 0.94929 1.03049
0.937278 0.743791 1.1689 0.962052 0.961962 1.03761
0.922654 0.640687 1.23023 0.961211 0.949245 1.02997
0.937322 0.743459 1.1687 0.962102 0.961939 1.03735
0.937366 0.743128 1.1685 0.961262 0.949222 1.02971
0.937378 0.743045 1.16845 0.962127 0.961928 1.03722
0.922721 0.64019 1.22993 0.961287 0.94921 1.02958
0.937389 0.742962 1.1684 0.962139 0.961922 1.03716
0.9374 0.742879 1.16835 0.961299 0.949205 1.02951
0.937403 0.742859 1.16833 0.962146 0.961919 1.03713
0.922737 0.640066 1.22986 0.961306 0.949202 1.02948
0.937405 0.742838 1.16832 0.962149 0.961918 1.03711
0.937408 0.742817 1.16831 0.961309 0.9492 1.02947
0.908075 0.537253 1.29137 0.96215 0.961917 1.0371
0.937411 0.742797 1.1683 0.96131 0.9492 1.02946
0.964992 1.00544 1.04661 0.962151 0.961917 1.0371
0.966747 0.94834 1.04522 0.961311 0.949199 1.02945
0.971509 0.891277 1.05537 0.962992 0.974634 1.04474
0.957894 0.793009 1.11797 0.961312 0.949199 1.02945
end
gesture a04 hands 2
0.898256 0.584637 1.25464 0.962336 0.949983 1.04603
0.905267 0.611415 1.24322 0.966428 0.962253 1.04402
0.915324 0.645514 1.1998 0.959301 0.976714 1.03309
0.936056 0.782178 1.13136 0.964911 0.975618 1.03755
0.915454 0.698903 1.18524 0.964502 0.961489 1.03256
0.956788 0.918842 1.06291 0.967511 0.968006 1.03728
0.974775 1.01692 1.0069 0.967103 0.953876 1.0323
0.985562 1.01562 0.998819 0.968812 0.964199 1.03715
0.963881 0.883634 1.08403 0.968403 0.95007 1.03217
0.980115 0.948977 1.03739 0.969462 0.962296 1.03709
0.958435 0.816992 1.1226 0.969054 0.948166 1.0321
0.977392 0.915656 1.05667 0.969787 0.961344 1.03705
0.955711 0.78367 1.14189 0.969379 0.947215 1.03206
0.97603 0.898995 1.06631 0.96995 0.960868 1.03704
0.95435 0.76701 1.15153 0.969541 0.946739 1.03205
0.975349 0.890665 1.07113 0.970031 0.96063 1.03703
0.953669 0.758679 1.15635 0.969623 0.946501 1.03204
0.975009 0.8865 1.07354 0.970072 0.960511 1.03702
0.953328 0.754514 1.15876 0.969663 0.946382 1.03203
0.974839 0.884417 1.07475 0.970092 0.960452 1.03702
0.953158 0.752432 1.15996 0.969684 0.946322 1.03203
0.974754 0.883376 1.07535 0.970102 0.960422 1.03702
0.953073 0.75139 1.16057 0.969694 0.946293 1.03203
0.974711 0.882855 1.07565 0.970107 0.960407 1.03702
0.953031 0.75087 1.16087 0.969699 0.946278 1.03203
0.97469 0.882595 1.0758 0.97011 0.9604 1.03702
0.953009 0.750609 1.16102 0.969701 0.94627 1.03203
0.996349 1.01432 0.990738 0.970521 0.974522 1.04201
0.952988 0.750349 1.16117 0.969704 0.946263 1.03203
end
gesture a04 hands 2
0.927971 0.36664 1.29614 0.993621 0.980278 1.03356
0.944478 0.368709 1.2719 1.0021 0.979953 1.03855
0.951451 0.395229 1.22403 0.992405 1.00968 1.03886
0.958814 0.439456 1.19782 1.01057 0.979627 1.04354
0.960099 0.690251 1.15739 0.990226 0.965141 1.01708
0.961861 0.906043 1.1311 0.969123 0.991349 1.03066
0.949022 1.07634 1.1322 0.96387 0.980244 1.01386
0.963623 1.12184 1.10481 0.969881 0.950655 0.990611
0.980385 1.14452 1.05822 0.958616 0.969139 0.997066
0.991916 1.12565 1.01029 0.952983 0.978381 1.00029
0.997809 1.08385 0.977726 0.958233 1.00825 0.991646
0.998863 1.05762 0.968491 0.947351 0.987623 1.00352
0.992722 0.932957 0.990726 0.955156 0.965565 1.01055
0.996319 0.982173 0.974992 0.959059 0.954536 1.01407
0.990178 0.857509 0.997228 0.958651 0.993729 0.990949
0.995047 0.944449 0.978243 0.962962 0.943507 1.01758
0.988906 0.819785 1.00048 0.967966 0.946855 1.0471
0.994411 0.925587 0.979868 0.971714 0.950058 1.05369
0.98827 0.800923 1.0021 0.969666 0.96828 1.03196
0.994094 0.916156 0.980681 0.968642 0.977392 1.02109
0.987952 0.791492 1.00292 0.96813 0.981947 1.01565
0.993935 0.911441 0.981087 0.967874 0.984225 1.01294
0.987793 0.786776 1.00332 0.967746 0.985364 1.01158
0.993855 0.909083 0.98129 0.967682 0.985934 1.0109
0.987713 0.784419 1.00353 0.96765 0.986218 1.01056
0.993815 0.907904 0.981392 0.967634 0.986361 1.01039
0.987674 0.78324 1.00363 1.01741 0.985982 1.04127
0.999917 1.03139 0.959257 0.967618 0.986503 1.01022
0.987634 0.782061 1.00373 0.944025 0.968107 1.00931
end
gesture a04 hands 2
0.92096 0.486471 1.19196 0.940044 0.912986 1.11925
0.909293 0.51117 1.17981 0.952824 0.93675 1.10654
0.91485 0.556895 1.14725 0.940261 0.961369 1.05519
0.921693 0.583163 1.14612 0.936217 0.965788 1.04852
0.924824 0.663022 1.15059 0.94397 0.940131 1.03541
0.92668 0.636226 1.14778 0.932173 0.970206 1.04186
0.929811 0.716086 1.15226 0.937636 0.95787 1.04596
0.929173 0.662758 1.14862 0.940368 0.951701 1.04802
0.932305 0.742617 1.1531 0.947679 0.918893 1.01564
0.93042 0.676024 1.14904 0.9431 0.945533 1.05007
0.933551 0.755883 1.15351 0.940811 0.958853 1.06728
0.931044 0.682657 1.14925 0.932447 0.968948 1.04791
0.934175 0.762516 1.15372 0.939667 0.965513 1.07589
0.931355 0.685973 1.14935 0.931875 0.972278 1.05221
0.934486 0.765833 1.15383 0.939094 0.968843 1.08019
0.931511 0.687631 1.1494 0.931589 0.973943 1.05436
0.934642 0.767491 1.15388 0.938808 0.970508 1.08234
0.931589 0.68846 1.14943 0.931446 0.974776 1.05544
0.93472 0.76832 1.1539 0.938665 0.97134 1.08341
0.931628 0.688875 1.14944 0.931375 0.975192 1.05598
0.934759 0.768734 1.15392 0.938594 0.971757 1.08395
0.928536 0.60943 1.14498 0.931339 0.9754 1.05625
0.934798 0.769149 1.15393 0.938558 0.971965 1.08422
0.94313 0.820327 1.13602 0.93854 0.972069 1.08436
0.950162 0.862376 1.10288 0.924084 0.979044 1.02854
0.948076 0.893763 1.05785 0.938522 0.972173 1.08449
0.949039 0.872901 1.00833 0.935488 0.936181 1.09976
0.951412 0.81623 1.01311 0.968725 0.952902 1.06386
0.949044 0.741235 1.04951 0.962742 0.980701 1.05499
end
gesture a04 hands 2
0.915677 0.526289 1.21457 0.950065 0.999691 1.00112
0.916301 0.527626 1.18523 0.95919 0.980429 1.02184
0.927925 0.619696 1.11718 0.960432 0.958484 1.02565
0.936899 0.752115 1.10707 0.962231 0.955462 1.03999
0.937269 0.675897 1.10465 0.960099 0.953005 1.0273
0.945872 0.884534 1.09695 0.960889 0.950013 1.03849
0.955037 0.930051 1.08324 0.964029 0.952441 1.05433
0.968092 0.970997 1.0487 0.96168 0.947021 1.04968
0.976249 0.994733 1.00096 0.960505 0.944312 1.04735
0.979939 0.991081 0.973349 0.959766 0.947526 1.02894
0.96524 0.862224 1.04839 0.95933 0.941602 1.04502
0.974434 0.924827 0.997062 0.959113 0.93864 1.05307
0.959736 0.795969 1.0721 0.959004 0.937159 1.05709
0.971682 0.891699 1.00892 0.958949 0.936419 1.0591
0.956983 0.762842 1.08395 0.958922 0.936048 1.0601
0.970306 0.875136 1.01485 0.967627 0.946397 1.08302
0.955607 0.746279 1.08988 0.958895 0.935678 1.06111
0.969618 0.866854 1.01781 0.9591 0.936569 1.03224
0.954919 0.737997 1.09285 0.954455 0.942549 1.03892
0.969274 0.862713 1.01929 0.950163 0.924959 1.03919
0.954575 0.733856 1.09433 0.949811 0.948528 1.0456
0.969102 0.860642 1.02003 0.949634 0.960312 1.0488
0.954403 0.731785 1.09507 0.962462 0.975132 1.03541
0.969016 0.859607 1.0204 0.963383 0.980102 1.04309
0.954317 0.73075 1.09544 0.963843 0.982587 1.04692
0.968973 0.85909 1.02059 0.949458 0.972097 1.05201
0.954274 0.730233 1.09562 0.964304 0.985072 1.05076
0.983629 0.987429 0.945739 0.960516 0.992317 1.0561
0.954231 0.729715 1.09581 0.9739 0.995676 1.04764
end
gesture a04 hands 2
0.790453 0.423168 1.08087 0.979807 0.966905 1.06882
0.772261 0.469251 1.01078 0.96681 0.963072 1.06264
0.791345 0.50448 0.968712 0.974644 0.968531 1.04284
0.813284 0.578424 0.938708 0.970715 0.968972 1.0426
0.813438 0.546477 0.936659 0.953813 0.959238 1.05646
0.824331 0.599422 0.922682 0.966786 0.969413 1.04237
0.856595 0.712908 0.951986 0.969482 0.970156 1.01687
0.845909 0.682637 0.930345 0.979759 0.979588 1.02828
0.878174 0.796123 0.959649 0.984897 0.984304 1.03398
0.856698 0.724245 0.934177 0.987466 0.986662 1.03684
0.888963 0.837731 0.963481 0.988751 0.987841 1.03826
0.862093 0.745049 0.936093 0.997535 0.977832 1.0324
0.894358 0.858535 0.965397 0.989393 0.988431 1.03898
0.86479 0.755451 0.937051 0.997857 0.978127 1.03275
0.897055 0.868937 0.966355 0.989715 0.988725 1.03933
0.866139 0.760652 0.93753 0.998017 0.978275 1.03293
0.898404 0.874138 0.966834 0.989875 0.988873 1.03951
0.866813 0.763252 0.937769 0.998098 0.978348 1.03302
0.899078 0.876738 0.967073 0.989956 0.988946 1.0396
0.899415 0.878038 0.967193 0.998138 0.978385 1.03307
0.835223 0.652367 0.908705 0.989996 0.988983 1.03965
0.899752 0.879339 0.967313 0.998158 0.978404 1.03309
0.925713 1.06681 1.01421 0.990016 0.989002 1.03967
0.964282 1.10631 1.02592 0.998168 0.978413 1.0331
1.01546 1.13167 1.04029 0.990026 0.989011 1.03968
1.06961 1.14101 1.05342 0.998173 0.978417 1.0331
1.1236 1.12802 1.05909 0.990031 0.989015 1.03968
1.13954 1.07656 1.06159 1.00632 0.967824 1.02653
1.12626 1.02528 1.0656 0.990036 0.98902 1.03969
end
gesture a04 hands 2
0.788442 0.601236 1.13673 0.968496 0.981888 1.04684
0.770974 0.616168 1.11802 0.961228 0.976519 1.05857
0.772477 0.624534 1.06308 0.95907 0.978861 1.03325
0.771675 0.664756 1.02047 0.960814 0.976124 1.04393
0.788786 0.712658 0.990304 0.953959 0.97115 1.07031
0.806358 0.764263 0.978744 0.962557 0.973387 1.05461
0.832494 0.874236 0.989319 0.966856 0.974506 1.04676
0.953516 1.04933 0.99867 0.969005 0.975065 1.04283
1.10918 1.10653 1.00655 0.949643 0.975835 1.01966
1.11312 1.0796 1.00585 0.971155 0.975625 1.03891
1.0483 0.993894 1.0233 0.981911 0.97552 1.04853
1.08269 1.02328 1.01423 0.9846 0.975494 1.05094
1.01786 0.937575 1.03167 0.993286 0.972447 1.02538
1.06747 0.995123 1.01841 0.987289 0.975467 1.05334
1.00265 0.909416 1.03586 0.981688 0.968937 1.0408
1.05986 0.981043 1.02051 0.978888 0.965672 1.03453
0.995036 0.895337 1.03796 0.977488 0.964039 1.03139
1.05605 0.974003 1.02155 0.976788 0.963223 1.02983
0.991231 0.888297 1.039 0.976438 0.962815 1.02904
1.05415 0.970483 1.02208 0.976263 0.962611 1.02865
0.989328 0.884777 1.03953 1.00466 0.969374 1.00224
1.0532 0.968723 1.02234 0.998664 0.972394 1.03019
0.988377 0.883017 1.03979 0.976088 0.962407 1.02826
1.05272 0.967843 1.02247 0.984378 0.96891 1.04321
0.987902 0.882137 1.03992 0.961802 0.958923 1.04127
1.05249 0.967403 1.02253 0.977234 0.967168 1.04971
0.987664 0.881697 1.03998 0.954659 0.957181 1.04778
1.11707 1.05267 1.00515 0.992667 0.975414 1.05815
0.987426 0.881257 1.04005 0.947516 0.955439 1.05428
end
gesture a04 hands 2
0.687721 0.553597 1.11878 0.937497 0.943222 1.06071
0.684472 0.565576 1.0916 0.945424 0.949081 1.05174
0.698528 0.607485 1.05744 0.934106 0.957314 1.05701
0.711991 0.658139 1.05215 0.942279 0.961114 1.05213
0.772923 0.749799 1.04826 0.953351 0.954941 1.04278
0.749188 0.729295 1.04756 0.950453 0.964914 1.04726
0.81012 0.820955 1.04368 0.949005 0.9699 1.0495
0.767787 0.764874 1.04527 0.94828 0.972394 1.05062
0.828718 0.856534 1.04138 0.930716 0.971407 1.05332
0.777086 0.782663 1.04412 0.947556 0.974887 1.05174
0.838018 0.874323 1.04024 0.955976 0.976627 1.05096
0.781736 0.791557 1.04355 0.960186 0.977497 1.05057
0.842667 0.883217 1.03966 0.958791 0.97 1.0468
0.784061 0.796005 1.04326 0.958093 0.966251 1.04492
0.844992 0.887665 1.03938 0.957744 0.964377 1.04398
0.785223 0.798228 1.04312 0.957569 0.96344 1.04351
0.846155 0.889888 1.03923 0.969205 0.966659 1.02486
0.785804 0.79934 1.04305 0.966801 0.972513 1.03751
0.846736 0.891 1.03916 0.957395 0.962503 1.04304
0.786095 0.799896 1.04301 0.960896 0.970435 1.0466
0.847026 0.891556 1.03913 0.95149 0.960425 1.05213
0.847172 0.891834 1.03911 0.957943 0.969396 1.05115
0.725454 0.708792 1.04686 0.948538 0.959386 1.05667
0.847317 0.892112 1.03909 0.956467 0.968876 1.05342
0.931089 0.961152 1.04073 0.947061 0.958866 1.05895
0.983048 0.97966 1.04023 0.955729 0.968617 1.05456
1.03591 0.964545 1.03963 0.946323 0.958607 1.06008
1.03887 0.909754 1.04441 0.964396 0.978367 1.05017
0.910817 0.760326 1.07188 0.945585 0.958347 1.06122
end
gesture a04 hands 2
0.973523 0.498785 1.21606 0.95626 0.945357 1.05606
0.995134 0.533516 1.13816 0.958912 0.957628 1.04807
0.997957 0.576129 1.10268 0.957111 0.957642 1.06286
0.998226 0.604439 1.09598 0.959338 0.963771 1.05147
0.983248 0.748381 1.06123 0.957536 0.963785 1.06626
0.990871 0.690565 1.07525 0.95955 0.966842 1.05317
0.983118 0.749188 1.05912 0.957749 0.966856 1.06796
0.990807 0.690969 1.0742 0.959656 0.968378 1.05402
0.983053 0.749591 1.05807 0.957855 0.968392 1.06881
0.990774 0.69117 1.07367 0.959709 0.969146 1.05445
0.983021 0.749793 1.05754 0.957908 0.96916 1.06923
0.990758 0.691271 1.07341 0.959736 0.96953 1.05466
0.983005 0.749894 1.05728 0.957934 0.969544 1.06945
0.99075 0.691322 1.07328 0.959749 0.969722 1.05476
0.982997 0.749944 1.05715 0.957948 0.969736 1.06955
0.990746 0.691347 1.07321 0.959756 0.969818 1.05482
0.982993 0.749969 1.05708 0.957954 0.969832 1.06961
0.990744 0.69136 1.07318 0.959759 0.969866 1.05484
0.982991 0.749982 1.05705 0.957958 0.96988 1.06963
0.990743 0.691366 1.07316 0.959761 0.96989 1.05486
0.982989 0.749988 1.05703 0.957959 0.969904 1.06965
0.990742 0.691369 1.07316 0.959762 0.969902 1.05486
0.982989 0.749991 1.05702 0.95796 0.969916 1.06965
0.982989 0.749993 1.05702 0.959762 0.969908 1.05487
0.998495 0.63275 1.08928 0.957961 0.969922 1.06966
0.982988 0.749995 1.05701 0.959762 0.969911 1.05487
0.968539 0.920632 1.01978 0.957961 0.969925 1.06966
0.967482 0.867239 1.02475 0.961564 0.969899 1.04008
0.968607 0.822615 1.05391 0.957961 0.969928 1.06966
end
gesture a04 hands 2
0.935487 0.511972 1.19543 0.926643 0.941333 1.07436
0.938845 0.49968 1.16849 0.933082 0.951596 1.06938
0.959468 0.522274 1.11881 0.939679 0.947687 1.04813
0.970817 0.569864 1.09191 0.939521 0.961859 1.0644
0.974221 0.67351 1.08915 0.943888 0.957863 1.06517
0.971238 0.743258 1.06342 0.946072 0.955866 1.06556
0.969519 0.825492 1.05989 0.938553 0.949848 1.09323
0.968888 0.81925 1.04878 0.941167 0.951324 1.08699
0.964177 0.781518 1.06994 0.948255 0.953868 1.06594
0.966217 0.797262 1.05381 0.94378 0.952801 1.08075
0.961506 0.75953 1.07496 0.941543 0.952268 1.08816
0.964881 0.786269 1.05632 0.940425 0.952001 1.09186
0.960171 0.748537 1.07747 0.939865 0.951867 1.09371
0.964213 0.780772 1.05757 0.939725 0.951834 1.09417
0.959503 0.74304 1.07872 0.938725 0.944852 1.10788
0.963879 0.778023 1.0582 0.939586 0.951801 1.09463
0.959169 0.740291 1.07935 0.939446 0.951767 1.0951
0.963712 0.776649 1.05852 0.939411 0.951759 1.09521
0.959002 0.738917 1.07967 0.938515 0.944802 1.10858
0.963629 0.775962 1.05867 0.939376 0.951751 1.09533
0.958918 0.73823 1.07982 0.939341 0.951742 1.09544
0.963587 0.775619 1.05875 0.939332 0.95174 1.09547
0.958877 0.737887 1.0799 0.938463 0.94479 1.10875
0.963566 0.775447 1.05879 0.939323 0.951738 1.0955
0.958856 0.737715 1.07994 0.939315 0.951736 1.09553
0.963556 0.775361 1.05881 0.93845 0.944787 1.1088
0.958845 0.737629 1.07996 0.93931 0.951735 1.09555
0.968256 0.813007 1.03768 0.937585 0.937837 1.12206
0.958835 0.737543 1.07998 0.939306 0.951734 1.09556
end
gesture a04 hands 2
0.935824 0.445892 1.23007 0.926613 0.953279 1.07948
0.943911 0.435094 1.20362 0.930634 0.953146 1.07317
0.961574 0.465315 1.15842 0.930164 0.948454 1.08714
0.964787 0.488032 1.14782 0.93268 0.949054 1.08206
0.958353 0.641226 1.11574 0.934655 0.953012 1.06687
0.963176 0.575987 1.12648 0.935196 0.949653 1.07698
0.959072 0.640582 1.10594 0.933714 0.94363 1.0948
0.963536 0.575665 1.12158 0.935737 0.946294 1.08709
0.959432 0.64026 1.10105 0.936749 0.947627 1.08324
0.963716 0.575504 1.11913 0.937254 0.948293 1.08131
0.959612 0.640099 1.0986 0.937507 0.948626 1.08034
0.963806 0.575424 1.11791 0.93757 0.948709 1.0801
0.959702 0.640018 1.09738 0.940102 0.950685 1.06731
0.963851 0.575384 1.1173 0.937634 0.948792 1.07986
0.959747 0.639978 1.09677 0.937697 0.948876 1.07962
0.963874 0.575364 1.11699 0.937713 0.948897 1.07956
0.959769 0.639958 1.09646 0.940197 0.95081 1.06695
0.963885 0.575354 1.11684 0.937728 0.948917 1.0795
0.959781 0.639948 1.09631 0.937744 0.948938 1.07944
0.96389 0.575348 1.11676 0.937748 0.948943 1.07943
0.959786 0.639943 1.09623 0.940221 0.950841 1.06686
0.963893 0.575346 1.11673 0.937752 0.948949 1.07941
0.959789 0.639941 1.09619 0.937756 0.948954 1.0794
0.959791 0.639939 1.09617 0.940227 0.950849 1.06683
0.968 0.510749 1.13722 0.937758 0.948956 1.07939
0.959792 0.639938 1.09615 0.942697 0.952744 1.05427
0.955131 0.817136 1.07305 0.93776 0.948959 1.07938
0.951584 0.769127 1.05509 0.940814 0.933981 1.11013
0.949809 0.718456 1.08002 0.932822 0.945173 1.1045
end
gesture a07 hands 2
1.08675 0.624651 1.18604 0.971 0.963085 1.01367
1.07564 0.633327 1.17315 0.957981 0.966996 1.04935
1.07414 0.613161 1.2104 0.980746 0.965256 1.04191
1.06453 0.642002 1.16026 0.944962 0.970906 1.08503
1.09085 0.761678 1.05865 0.929428 0.979672 1.07406
1.08367 0.864209 1.03288 0.929976 0.97349 1.07502
1.0483 0.891055 1.00183 0.954885 0.978072 1.04917
1.00065 0.913825 0.993078 0.942704 0.97269 1.06257
0.946168 1.01152 0.98341 0.967613 0.977272 1.03673
0.929213 1.05888 0.970686 0.949068 0.972289 1.05635
0.929323 1.05141 0.943019 0.973977 0.976872 1.03051
0.938749 1.02526 0.947132 0.95225 0.972089 1.05324
0.958944 0.964471 1.00165 0.977159 0.976672 1.0274
0.95356 0.981788 0.976448 0.953841 0.97199 1.05169
0.973755 0.921001 1.03096 0.97875 0.976572 1.02585
0.960965 0.960053 0.991105 0.954636 0.97194 1.05091
0.98116 0.899266 1.04562 0.979545 0.976522 1.02507
0.964667 0.949185 0.998434 0.955034 0.971915 1.05052
0.984862 0.888398 1.05295 0.979943 0.976497 1.02468
0.966519 0.943752 1.0021 0.955233 0.971902 1.05032
0.986714 0.882965 1.05662 0.980142 0.976485 1.02448
0.967444 0.941035 1.00393 0.955333 0.971896 1.05023
0.987639 0.880248 1.05845 0.980242 0.976478 1.02439
0.967907 0.939676 1.00485 0.955382 0.971893 1.05018
0.988102 0.878889 1.05936 0.980291 0.976475 1.02434
0.988334 0.87821 1.05982 0.930523 0.967307 1.07597
0.948175 0.999105 0.951246 0.980341 0.976472 1.02429
0.988565 0.877531 1.06028 1.00992 0.97987 0.993007
1.01475 0.811327 1.10691 1.03016 0.985638 0.9726
end
gesture a07 hands 2
1.05962 0.679302 1.22139 1.01189 0.974602 1.02088
1.05564 0.671115 1.24971 0.982918 0.969079 1.02622
1.02331 0.677244 1.20798 0.946487 0.961731 1.05653
1.03245 0.712775 1.16256 0.92422 0.94774 1.10812
1.04335 0.752511 1.13385 0.901096 0.979102 1.13572
1.04339 0.852915 1.10033 0.910907 0.981867 1.10712
1.00816 0.875838 1.0668 0.920616 0.964369 1.08283
0.961741 0.897169 1.0446 0.920666 0.974501 1.08068
0.918301 0.983564 1.02186 0.920575 0.974006 1.05113
0.907383 1.02049 0.984889 0.920646 0.979319 1.06483
0.926122 0.975136 0.960008 0.920555 0.978824 1.03528
0.965101 0.932876 0.951343 0.920636 0.981728 1.0569
1.01102 0.902173 0.962446 0.920545 0.981234 1.02736
1.02587 0.885652 0.980742 0.920631 0.982933 1.05294
1.03855 0.837713 1.04766 0.92054 0.982438 1.0234
1.03964 0.853422 1.02335 0.920628 0.983535 1.05096
1.05232 0.805482 1.09026 0.920537 0.983041 1.02142
1.04652 0.837307 1.04465 0.920627 0.983836 1.04997
1.05921 0.789367 1.11157 0.920536 0.983342 1.02043
1.04996 0.829249 1.0553 0.920536 0.983492 1.01994
1.06265 0.78131 1.12222 0.920717 0.984632 1.07852
1.05168 0.82522 1.06063 0.920535 0.983643 1.01944
1.06437 0.777281 1.12754 0.957534 0.984278 0.977266
1.05254 0.823206 1.06329 0.997205 0.984989 0.989161
1.06523 0.775266 1.13021 1.01704 0.985344 0.995108
1.04072 0.869131 0.999039 1.02696 0.985522 0.998082
1.06609 0.773252 1.13287 1.01516 0.986054 0.963298
1.08462 0.730117 1.16903 1.03688 0.9857 1.00106
1.08394 0.69016 1.21199 1.02546 0.976271 1.0269
end
gesture a07 hands 2
1.05649 0.56336 1.29737 1.02768 0.966262 1.02776
1.09361 0.610021 1.23716 1.00317 0.968249 1.01071
1.10433 0.66013 1.21895 0.963874 0.959153 1.02391
1.10535 0.71606 1.20752 0.930878 0.94957 1.06417
1.09609 0.759354 1.1847 0.918547 0.961 1.11999
1.06179 0.775626 1.15131 0.925126 0.969187 1.06411
1.02006 0.796551 1.12614 0.94004 0.970851 1.00726
0.972851 0.877172 1.10363 0.964034 0.972839 0.992556
0.951127 0.925281 1.07868 0.980162 0.972898 1.00692
0.95116 0.907345 1.03612 0.984095 0.973862 0.992388
0.971245 0.858634 1.01526 1.00022 0.973921 1.00676
1.01327 0.863685 0.977833 0.994124 0.974373 0.992306
1.06249 0.88203 0.97608 1.01025 0.974432 1.00667
1.07493 0.863309 0.992615 0.999139 0.974629 0.992261
1.07454 0.813012 1.0571 1.01526 0.974688 1.00663
1.08096 0.828799 1.03313 1.00165 0.974757 0.992241
1.08056 0.778503 1.09762 1.01777 0.974816 1.00661
1.08397 0.811545 1.05338 1.0029 0.974821 0.992231
1.08358 0.761248 1.11787 1.01903 0.97488 1.0066
1.08548 0.802918 1.06351 1.00353 0.974853 0.992226
1.08508 0.752621 1.128 1.01965 0.974912 1.00659
1.08623 0.798604 1.06858 1.00384 0.974869 0.992223
1.08584 0.748308 1.13307 1.01997 0.974928 1.00659
1.08661 0.796447 1.07111 1.004 0.974877 0.992222
1.08621 0.746151 1.1356 1.02012 0.974936 1.00659
1.0868 0.795369 1.07237 1.0202 0.97494 1.00659
1.0864 0.745072 1.13686 0.988028 0.974826 0.977852
1.08738 0.844587 1.00915 1.02028 0.974944 1.00659
1.08659 0.743994 1.13813 1.01136 0.973669 1.03496
end
gesture a07 hands 2
0.857077 0.988545 1.26686 1.06601 0.956278 1.04675
0.868569 0.982248 1.25244 1.04365 0.939688 1.05756
0.881486 1.00534 1.26981 0.992343 0.913548 1.06783
0.901809 0.997235 1.23759 0.967227 0.916732 1.05652
0.880061 0.975951 1.23803 0.985191 0.943902 1.07223
0.922131 0.98913 1.20536 0.982673 0.95032 1.04926
0.95352 1.03543 1.19425 1.01208 0.956164 1.02086
0.970556 1.06256 1.17743 0.980155 0.956737 1.02628
0.978951 1.0848 1.19575 0.940015 0.951767 1.01529
0.987591 1.08969 1.16062 0.925537 0.955258 1.03928
0.991911 1.09214 1.14305 0.908709 0.978101 1.03916
0.994071 1.09337 1.13427 0.909884 0.968426 1.05121
1.00571 1.1195 1.16606 0.893055 0.991266 1.05109
0.996231 1.09459 1.12549 0.902057 0.975008 1.05718
0.956731 1.05685 1.11921 0.885229 0.997848 1.05705
0.902 1.05588 1.12108 0.898144 0.978299 1.06016
0.862463 1.09445 1.11781 0.881315 1.00114 1.06004
0.865971 1.10466 1.08685 0.896187 0.979944 1.06165
0.867725 1.10977 1.07137 0.879359 1.00278 1.06153
0.868602 1.11232 1.06363 0.895209 0.980767 1.0624
0.86904 1.11359 1.05976 0.87838 1.00361 1.06227
0.86926 1.11423 1.05782 0.89472 0.981179 1.06277
0.869369 1.11455 1.05686 0.877891 1.00402 1.06265
0.846445 1.14337 1.09272 0.911059 0.95875 1.06327
0.869479 1.11487 1.05589 0.877402 1.00443 1.06302
0.902325 1.07618 1.04697 0.872727 1.03941 1.01858
0.942257 1.01278 1.02961 0.890576 1.05087 1.00358
0.970747 1.0044 1.01132 0.903605 1.07939 1.00544
0.982189 0.949379 1.01224 0.908426 1.06234 0.988586
end
gesture a07 hands 2
0.972189 0.59828 1.25756 0.978784 0.884676 1.06627
0.945144 0.587077 1.26275 1.00401 0.853037 1.07899
0.982015 0.59824 1.27474 1.00579 0.817219 1.1155
1.01752 0.637646 1.25472 1.02924 0.821398 1.09172
1.03491 0.685615 1.24131 1.026 0.823264 1.06753
1.04275 0.795291 1.2257 0.995229 0.8096 1.06763
1.04129 0.829234 1.19013 1.0014 0.836714 1.0494
1.00844 0.836148 1.1497 0.975643 0.83061 1.05172
0.9595 0.855843 1.12992 0.964458 0.795935 1.06772
0.918711 0.938805 1.10595 0.949886 0.824505 1.05403
0.922389 0.964009 1.0644 0.9426 0.83879 1.04719
0.96138 0.952131 1.02748 0.938957 0.845932 1.04377
1.03439 0.977627 0.947304 0.923853 0.829575 1.08781
1.03708 0.951153 0.946386 0.935314 0.853075 1.04035
1.0243 0.884046 1.01777 0.896783 0.878595 0.98857
1.03203 0.904362 0.981619 0.877518 0.891354 0.962681
1.01925 0.837256 1.053 0.867886 0.897734 0.949736
1.02951 0.880967 0.999236 0.863069 0.900924 0.943263
1.01673 0.813861 1.07062 0.860661 0.902519 0.940027
1.02825 0.86927 1.00804 0.888791 0.900861 0.938893
1.01547 0.802163 1.07943 0.859457 0.903316 0.938409
1.02762 0.863421 1.01245 0.916921 0.899203 0.937759
1.01484 0.796315 1.08384 0.858253 0.904114 0.936791
1.02731 0.860497 1.01465 0.801583 0.914202 0.922407
1.01453 0.79339 1.08604 0.786001 0.947436 0.900085
1.02715 0.859035 1.01575 0.813104 0.956224 0.896574
1.01437 0.791928 1.08714 0.858939 0.974771 0.908512
1.03977 0.924679 0.945467 0.882336 1.01849 0.925634
1.01421 0.790466 1.08824 0.92731 1.13989 0.973647
end
gesture a07 hands 2
0.827406 0.642904 1.2309 1.07632 1.48463 1.11291
0.845714 0.620977 1.23958 1.10162 1.47149 1.10363
0.894926 0.59792 1.24036 1.14401 1.43208 1.09547
0.942237 0.617312 1.21408 1.13353 1.42234 1.08341
0.96719 0.656051 1.19966 1.11195 1.32018 1.07988
0.980978 0.746344 1.16918 1.1175 1.36639 1.07562
1.00018 0.808671 1.17886 1.09592 1.26424 1.07208
0.994765 0.836638 1.13871 1.10948 1.33842 1.07172
0.954365 0.833612 1.115 1.0879 1.23626 1.06819
0.90548 0.858996 1.10504 1.10548 1.32443 1.06977
0.881428 0.898553 1.10064 1.0839 1.22228 1.06624
0.867925 0.94427 1.08598 1.10347 1.31743 1.0688
0.892613 0.952644 1.04589 1.08189 1.21528 1.06526
0.945528 0.939269 1.02682 1.10247 1.31394 1.06831
0.99109 0.955546 1.00371 1.08089 1.21179 1.06478
1.02596 0.990332 0.975582 1.10197 1.31219 1.06807
1.05758 0.970585 0.943268 1.08039 1.21004 1.06453
1.06054 0.942695 0.950591 1.12305 1.41259 1.07136
1.05231 0.898507 0.986004 1.07989 1.20829 1.06429
1.0579 0.906656 0.971959 1.06877 1.15334 1.05948
1.04967 0.862469 1.00737 1.04627 1.10652 1.05717
1.05659 0.888637 0.982643 1.01638 1.05969 1.05701
1.04836 0.844449 1.01806 0.895522 0.945443 1.00941
1.05593 0.879627 0.987985 0.910297 0.926015 0.962492
1.0477 0.83544 1.0234 0.962483 0.906246 0.979368
1.04737 0.830935 1.02607 0.993633 0.91899 0.949854
1.0635 0.914805 0.957914 0.960608 0.884537 0.996435
1.04704 0.82643 1.02874 0.9381 0.847872 1.02056
1.01099 0.718829 1.12124 0.896281 0.835246 1.05692
end
gesture a07 hands 2
1.09706 0.546791 1.37715 0.974645 0.977188 1.06811
1.09867 0.550569 1.34835 0.978178 0.970882 1.03904
1.10154 0.580361 1.29972 0.972429 1.00405 0.991379
1.09227 0.672601 1.24519 0.973746 0.984577 1.02444
1.10281 0.724321 1.22038 0.962813 1.01799 1.03413
1.083 0.76484 1.19065 0.975063 0.965104 1.05751
0.979804 0.865882 1.12471 0.977394 0.938245 1.07992
0.977964 0.922782 1.05226 0.959636 0.950857 1.06909
0.916709 1.00164 1.06372 0.928621 0.911286 1.07072
0.976125 0.979682 0.97981 0.941878 0.963469 1.05825
1.00583 0.968703 0.937856 0.970605 0.996392 1.02164
1.01326 0.965958 0.927367 0.978647 0.979381 1.02673
1.00286 1.01182 0.898956 0.982668 0.970876 1.02928
1.02069 0.963213 0.916878 0.984332 0.976974 1.00284
1.02811 0.960469 0.90639 0.984679 0.966623 1.03055
1.014 1.0077 0.883223 0.985337 0.974847 1.00348
1.03183 0.959096 0.901145 0.985684 0.964496 1.03118
1.01586 1.00702 0.880601 0.98584 0.973784 1.0038
1.03368 0.95841 0.898523 0.986186 0.963433 1.0315
1.01678 1.00668 0.87929 0.986091 0.973253 1.00396
1.03461 0.958067 0.897212 0.986438 0.962902 1.03166
1.01725 1.0065 0.878635 0.986217 0.972987 1.00404
1.03508 0.957896 0.896557 0.986563 0.962636 1.03174
1.01748 1.00642 0.878307 0.98628 0.972854 1.00408
1.03531 0.95781 0.896229 0.986626 0.962503 1.03178
0.999886 1.05494 0.860057 0.986311 0.972787 1.0041
1.03554 0.957724 0.895901 0.986658 0.962436 1.0318
1.04077 0.92374 0.933123 0.985996 0.983072 0.976413
1.04546 0.885384 0.975768 0.986689 0.96237 1.03182
end
gesture a07 hands 2
1.10176 0.508289 1.37701 0.972597 0.97617 1.01654
1.10603 0.537988 1.29681 0.972353 0.974155 1.03136
1.107 0.578704 1.26573 0.957314 0.975994 1.0203
1.10121 0.672065 1.21812 0.97211 0.97214 1.04618
1.07532 0.713792 1.19241 0.963796 0.975219 1.04679
0.991964 0.859176 1.12352 0.94203 0.975819 1.02405
0.912803 0.962087 1.09173 0.955482 0.978298 1.0474
0.910706 0.983323 1.07317 0.96272 0.98067 1.0397
0.977677 0.993649 0.986009 0.966339 0.981856 1.03584
0.943142 0.999104 1.02031 0.952266 1.01213 1.02608
1.01011 1.00943 0.933149 0.961112 0.997586 1.02904
0.959361 1.00699 0.993885 0.960599 0.996454 1.04841
1.02633 1.01732 0.906719 0.969958 0.983042 1.03199
0.96747 1.01094 0.98067 0.965215 0.974267 1.04172
1.03444 1.02126 0.893504 0.962844 0.969879 1.04658
0.971524 1.01291 0.974062 0.968933 0.980777 1.07075
1.0385 1.02324 0.886896 0.960473 0.965491 1.05145
0.973552 1.0139 0.970758 0.956243 0.957847 1.04179
1.04052 1.02422 0.883593 0.954128 0.954026 1.03697
0.974565 1.01439 0.969106 0.953071 0.952115 1.03455
1.04154 1.02472 0.881941 0.952542 0.951159 1.03335
0.975072 1.01464 0.96828 0.952277 0.950682 1.03274
1.04204 1.02496 0.881115 0.98765 0.953955 1.0379
0.908608 1.00456 1.05462 0.952013 0.950204 1.03214
1.04255 1.02521 0.880289 0.937778 0.973239 1.01888
1.07648 0.985492 0.884122 0.961128 0.96423 1.01863
1.08454 0.939575 0.919902 0.9684 0.985036 1.02095
1.08707 0.907007 0.955813 0.982203 0.975745 1.01316
1.08843 0.88809 0.977109 0.979559 0.957349 1.03603
end
gesture a07 hands 2
1.1249 0.525313 1.39012 1.00094 0.964543 1.0321
1.11774 0.520057 1.36162 0.981 0.986515 1.02885
1.11759 0.537859 1.30826 0.980269 0.985781 1.03388
1.11875 0.555941 1.29107 0.967517 0.992488 1.04185
1.1112 0.629317 1.25056 0.987742 0.974233 1.02402
1.11556 0.60167 1.26222 0.976959 0.978181 1.03766
1.10801 0.675046 1.22171 0.954765 0.999195 1.04982
1.11396 0.624534 1.24779 0.966176 0.982129 1.0513
1.10642 0.697911 1.20728 0.997754 0.962084 1.04268
1.11316 0.635967 1.24058 0.977587 0.965064 1.05278
1.10562 0.709343 1.20007 0.955808 0.961128 1.04298
1.11276 0.641683 1.23698 0.944918 0.959161 1.03808
1.10522 0.715059 1.19647 0.939473 0.958177 1.03563
1.11256 0.644541 1.23517 0.93675 0.957685 1.0344
1.10502 0.717917 1.19466 0.94212 0.938168 1.07689
1.11246 0.64597 1.23427 0.934028 0.957193 1.03318
1.10492 0.719346 1.19376 0.949093 0.968814 1.04819
1.11991 0.574023 1.27388 0.971101 0.981928 1.00952
1.10482 0.720775 1.19286 0.963885 0.979376 1.00703
1.0736 0.7551 1.17181 0.960278 0.978101 1.00578
0.957326 0.857737 1.12051 0.958474 0.977463 1.00515
0.911927 0.948733 1.09506 0.957572 0.977144 1.00484
0.892455 0.996453 1.07135 0.957121 0.976985 1.00469
0.895432 1.03111 1.02425 0.956895 0.976905 1.00461
0.948609 1.06311 0.924832 0.956783 0.976865 1.00457
0.987327 1.07884 0.883084 0.964159 0.980435 1.06321
1.03506 1.06437 0.86347 0.95667 0.976825 1.00453
1.06728 1.01909 0.8793 0.993856 0.973629 0.987756
1.0809 0.904686 0.985743 0.993349 0.96593 1.01627
end
gesture a07 hands 2
1.07299 0.531085 1.37831 0.952529 0.969055 1.04669
1.07338 0.535974 1.34954 0.969372 0.970558 1.0388
1.06653 0.555555 1.29769 0.952001 0.972097 1.01703
1.02014 0.666728 1.24416 0.986215 0.972061 1.03092
0.989076 0.734166 1.22593 0.973765 0.969062 1.0413
0.973749 0.777902 1.19063 0.979141 0.976708 1.02741
0.984067 0.791901 1.13744 0.967541 0.967563 1.0465
1.01381 0.800673 1.08938 0.976028 0.975958 1.03001
1.04328 0.838235 1.05712 0.964428 0.966813 1.04909
1.06523 0.887776 1.04154 0.974472 0.975583 1.03131
1.08073 0.992402 1.01948 0.962872 0.966438 1.05039
1.06284 1.00483 1.00365 0.973694 0.975396 1.03196
1.00791 1.00325 0.983985 0.962094 0.96625 1.05104
1.02643 1.01025 0.985904 0.973305 0.975302 1.03228
0.971493 1.00868 0.966238 0.961705 0.966156 1.05137
1.00822 1.01296 0.97703 0.97311 0.975255 1.03245
0.953286 1.01139 0.957365 0.96151 0.96611 1.05153
0.999118 1.01432 0.972593 0.973013 0.975232 1.03253
0.944183 1.01274 0.952928 0.961413 0.966086 1.05161
0.994567 1.015 0.970375 0.972965 0.97522 1.03257
0.939632 1.01342 0.950709 0.961365 0.966075 1.05165
0.937356 1.01376 0.9496 0.97294 0.975214 1.03259
1.04495 1.01725 0.987822 0.96134 0.966069 1.05167
0.93508 1.0141 0.948491 0.972928 0.975211 1.0326
0.93726 0.993258 0.920298 0.961328 0.966066 1.05168
0.904871 1.01779 0.901644 0.961322 0.966064 1.05168
0.93944 0.972416 0.892106 0.984516 0.984354 1.01353
0.96191 0.927938 0.917157 0.961316 0.966063 1.05169
0.988327 0.83814 1.01235 0.961354 0.96321 1.05098
end
gesture a07 hands 2
1.07175 0.687719 1.31236 0.950983 0.945576 1.0452
1.06729 0.697523 1.2847 0.940702 0.944262 1.05842
1.0487 0.72537 1.23675 0.936477 0.935707 1.01638
1.05007 0.762401 1.19446 0.930421 0.942948 1.07164
1.05362 0.85154 1.13062 0.936503 0.953624 1.0707
1.03091 0.86219 1.12122 0.934909 0.953935 1.09901
0.998807 0.90355 1.10562 0.939544 0.958961 1.07024
1.0035 0.888194 1.10872 0.93643 0.956604 1.09878
0.9714 0.929554 1.09311 0.941065 0.96163 1.07
0.9898 0.901197 1.10247 0.93719 0.957938 1.09866
0.957697 0.942557 1.08686 0.941826 0.962965 1.06989
0.982949 0.907698 1.09935 0.93757 0.958606 1.0986
0.950846 0.949058 1.08374 0.942206 0.963632 1.06983
0.979523 0.910948 1.09778 0.93776 0.958939 1.09857
0.94742 0.952308 1.08217 0.942396 0.963965 1.0698
0.97781 0.912574 1.097 0.937855 0.959106 1.09856
0.945707 0.953934 1.08139 0.942491 0.964132 1.06978
0.976953 0.913386 1.09661 0.937903 0.95919 1.09855
0.94485 0.954746 1.081 0.942538 0.964216 1.06978
1.0082 0.872839 1.11183 0.937927 0.959231 1.09855
0.943994 0.955559 1.08061 0.942562 0.964257 1.06977
0.941345 0.964997 1.0559 0.937939 0.959252 1.09855
0.962974 0.932106 1.0298 0.942574 0.964278 1.06977
0.965088 0.927533 1.02785 0.937945 0.959263 1.09855
0.966145 0.925247 1.02688 0.94258 0.964289 1.06977
0.938696 0.974434 1.03119 0.942583 0.964294 1.06977
0.967201 0.922961 1.0259 0.933315 0.954247 1.12732
0.981954 0.908652 0.979 0.942586 0.964299 1.06977
0.995707 0.871488 1.02061 0.94387 0.962147 1.04001
end
gesture a07 hands 2
1.07677 0.700892 1.33432 0.968602 0.955184 1.05602
1.08147 0.70339 1.30481 0.969959 0.948316 1.06913
1.06374 0.724262 1.25447 0.964192 0.948162 1.04036
1.06511 0.812981 1.18779 0.964007 0.946112 1.04954
1.05389 0.855553 1.15142 0.971315 0.941447 1.08225
1.01103 0.871108 1.12103 0.963822 0.944062 1.05871
0.948509 0.950512 1.07594 0.959782 0.941141 1.0247
0.942529 0.964734 1.025 0.95633 0.946677 1.03517
0.962311 0.953952 0.970611 0.954605 0.949445 1.04041
0.980247 0.936305 0.962059 0.953742 0.950829 1.04302
0.992406 0.906013 1.0085 0.95331 0.951521 1.04433
0.995294 0.912336 0.981002 0.953095 0.951867 1.04499
1.00745 0.882044 1.02744 0.93159 0.960124 1.00128
1.00282 0.900351 0.990473 0.952879 0.952213 1.04564
1.01498 0.87006 1.03691 0.939104 0.944701 1.09115
1.00658 0.894359 0.995208 0.933574 0.947562 1.09311
1.01874 0.864067 1.04164 0.93427 0.951012 1.06467
1.00846 0.891363 0.997576 0.931157 0.950717 1.07986
1.02062 0.861071 1.04401 0.931853 0.954167 1.05142
1.0094 0.889865 0.99876 0.929949 0.952295 1.07324
1.02156 0.859573 1.0452 0.930645 0.955744 1.0448
1.00987 0.889116 0.999352 0.929344 0.953084 1.06993
1.02203 0.858824 1.04579 0.93004 0.956533 1.04149
1.01011 0.888741 0.999648 0.929042 0.953478 1.06828
1.02226 0.85845 1.04608 0.929738 0.956928 1.03984
1.01022 0.888554 0.999796 0.928044 0.950423 1.09506
1.02238 0.858262 1.04623 0.929436 0.957322 1.03818
0.998183 0.918658 0.953508 0.937442 0.973043 1.03311
1.0225 0.858075 1.04638 0.973082 0.960204 1.04531
end
gesture a07 hands 2
1.07995 0.734448 1.28364 0.980149 0.958692 1.05504
1.07084 0.737073 1.25542 0.96979 0.960154 1.02742
1.05268 0.759967 1.20744 0.946339 0.954712 1.0065
1.04549 0.798228 1.17502 0.947292 0.957533 1.00541
1.05726 0.825027 1.15993 0.943409 0.981324 1.00174
1.03829 0.836489 1.14261 0.979263 0.955563 1.03986
1.0311 0.87475 1.11019 0.97696 0.946806 1.09784
1.04646 0.882418 1.11131 0.965819 0.957599 1.12274
1.0275 0.89388 1.09399 0.96023 0.951324 1.0943
1.04466 0.891983 1.1032 0.95757 0.957695 1.10579
1.0257 0.903445 1.08588 0.954677 0.968391 1.14764
1.04376 0.896766 1.09915 0.954911 0.964067 1.11728
1.0248 0.908227 1.08183 0.943501 0.955841 1.09076
1.04331 0.899157 1.09713 0.949322 0.957793 1.08884
1.02435 0.910619 1.07981 0.939855 0.958467 1.06213
1.06183 0.890087 1.11242 0.955144 0.959744 1.08692
1.0239 0.91301 1.07778 0.950343 0.962296 1.05821
0.979475 0.938461 1.0544 0.93621 0.961092 1.03351
0.957391 0.973866 1.01189 0.945541 0.964849 1.02949
0.946349 0.991568 0.990642 0.950207 0.966727 1.02748
0.940828 1.00042 0.980015 0.96009 0.962859 1.04843
0.938068 1.00484 0.974702 0.966787 0.963647 1.08308
0.936687 1.00706 0.972046 0.969972 0.958991 1.06939
0.92341 1.0203 1.01409 0.971565 0.956662 1.06255
0.935307 1.00927 0.969389 0.972362 0.955498 1.05912
0.97275 0.965677 0.959733 0.97276 0.954916 1.05741
1.0059 0.923408 0.959014 0.972959 0.954625 1.05656
1.01629 0.883598 1.00058 0.954872 0.968605 1.02547
1.03358 0.829781 1.10179 0.973158 0.954334 1.0557
end
gesture a07 hands 2
1.02612 0.630589 1.32194 0.961871 0.968704 1.09218
1.04245 0.627804 1.34673 0.962186 0.970404 1.07747
1.03586 0.632194 1.28966 0.975281 0.962499 1.0555
1.03169 0.727895 1.21124 0.971961 0.965322 1.0494
1.04718 0.790815 1.15994 0.962501 0.972105 1.06277
1.02753 0.823596 1.13282 0.96864 0.968144 1.04329
0.988632 0.852203 1.10732 0.971709 0.966164 1.03356
0.956143 0.891344 1.09266 0.973244 0.965173 1.02869
0.932772 0.942686 1.08002 0.988691 0.956294 1.01883
0.918523 0.986917 1.05672 0.974779 0.964183 1.02382
0.939035 1.00032 1.00854 0.967822 0.968128 1.02632
0.97833 1.00665 0.967462 0.964344 0.9701 1.02757
1.02401 1.04831 0.871444 0.962605 0.971086 1.02819
1.0364 1.02899 0.868187 0.961735 0.971579 1.0285
1.03732 0.956243 0.950852 0.961301 0.971825 1.02866
1.04306 0.982956 0.907892 0.961192 0.971887 1.02869
1.04397 0.910209 0.990556 0.959217 0.983148 1.03863
1.04639 0.959939 0.927743 0.961083 0.971949 1.02873
1.0473 0.887192 1.01041 0.960975 0.97201 1.02877
1.04805 0.948431 0.937669 0.960948 0.972026 1.02878
1.04897 0.875683 1.02033 0.959054 0.98324 1.03869
1.04888 0.942677 0.942632 0.96092 0.972041 1.02879
1.0498 0.869929 1.0253 0.960893 0.972057 1.0288
1.0493 0.9398 0.945114 0.96088 0.972064 1.02881
1.05021 0.867052 1.02778 0.957134 0.99447 1.04861
1.04951 0.938361 0.946355 0.960866 0.972072 1.02881
1.05042 0.865614 1.02902 0.960113 0.967596 1.02268
1.0488 1.00967 0.864931 0.962697 0.973953 1.00019
1.05063 0.864175 1.03026 0.98799 0.986407 0.99098
end
gesture a07 hands 2
1.00764 0.60104 1.33538 0.990395 0.95881 1.01335
1.02211 0.606916 1.31014 0.991547 0.95541 1.01676
1.06712 0.619834 1.28428 0.975515 0.958988 1.01374
1.074 0.663403 1.24795 0.992699 0.952011 1.02018
1.06653 0.762592 1.21058 0.984289 0.95264 1.02021
1.04452 0.796023 1.17594 0.980084 0.952955 1.02023
1.00742 0.818685 1.14605 0.960635 0.959165 1.01413
0.975524 0.856969 1.12266 0.975879 0.953269 1.02024
0.952469 0.901488 1.11092 0.995004 0.945213 1.02701
0.956959 0.922711 1.07686 0.991123 0.947372 1.02635
1.00633 0.895328 1.06501 0.970351 0.960904 1.04358
0.98389 0.919631 1.05391 0.956595 0.967763 1.06011
1.03326 0.892248 1.04205 0.94958 0.974435 1.06081
0.997355 0.918092 1.04243 0.94318 0.964152 1.05392
1.04672 0.890708 1.03057 0.93998 0.95901 1.05048
1.00409 0.917322 1.03669 0.951843 0.959525 1.05397
1.05346 0.889938 1.02483 0.93838 0.95644 1.04875
1.00745 0.916937 1.03382 0.951043 0.958239 1.05311
1.05682 0.889553 1.02196 0.93758 0.955154 1.04789
1.00914 0.916744 1.03238 0.950642 0.957597 1.05268
1.05851 0.889361 1.02052 0.93718 0.954512 1.04746
1.00998 0.916648 1.03167 0.950442 0.957275 1.05247
1.05935 0.889264 1.01981 0.93698 0.95419 1.04725
1.0104 0.9166 1.03131 0.950343 0.957115 1.05236
1.05977 0.889216 1.01945 0.93688 0.95403 1.04714
0.96145 0.943935 1.04281 0.950292 0.957034 1.0523
1.06019 0.889168 1.01909 0.93683 0.953949 1.04708
1.08789 0.84619 1.04082 0.963705 0.960039 1.05747
1.07722 0.792543 1.10087 0.93678 0.953869 1.04703
end
gesture a07 hands 2
1.06014 0.429686 1.44285 0.961976 0.965918 1.01319
1.0658 0.43019 1.41347 0.976587 0.972201 1.0193
1.08222 0.454123 1.37 0.971204 0.956068 1.0399
1.08613 0.496818 1.3427 0.982727 0.958352 1.04073
1.0842 0.550094 1.32064 0.991198 0.978485 1.02541
1.03973 0.619627 1.25873 0.994251 0.960636 1.04157
1.00055 0.703993 1.22252 0.996507 0.963328 1.02305
1.01891 0.731711 1.18161 0.985394 0.975356 1.01734
1.02215 0.77968 1.16242 0.979835 0.992755 1.03616
1.03728 0.759429 1.14071 0.974281 0.987384 1.01164
1.04374 0.855368 1.10232 0.993107 0.989931 1.01637
1.01803 0.884616 1.06531 0.974907 0.990135 1.02457
0.973526 0.909006 1.04889 0.971352 0.981058 1.00926
0.961174 0.95388 1.02189 0.969574 0.976519 1.0016
0.923488 1.00162 1.0349 0.968685 0.97425 0.99777
0.948823 0.998755 0.994892 0.968463 0.973683 0.996813
0.997119 1.00325 0.969902 0.98741 0.979855 0.986917
1.0219 1.05331 0.960943 0.968241 0.973115 0.995856
1.01826 1.09716 0.934382 0.968019 0.972548 0.994899
0.969918 1.07862 0.915954 0.967963 0.972406 0.99466
0.917983 1.09607 0.929859 0.987077 0.979004 0.985482
0.888648 1.13456 0.952903 0.967908 0.972264 0.99442
0.883521 1.14037 0.939724 0.967852 0.972123 0.994181
0.92117 1.10017 0.930213 0.967838 0.972088 0.994121
0.965125 1.06878 0.916768 0.986996 0.978791 0.985123
1.02242 1.06046 0.907873 0.967824 0.972052 0.994062
1.05955 1.02247 0.92634 0.96781 0.972016 0.994002
1.064 0.983061 0.956049 1.00614 0.98546 0.976064
1.06396 0.960889 0.974197 0.967796 0.971981 0.993942
end
gesture a07 hands 2
1.02075 0.781538 1.11957 0.983418 0.966284 1.0116
1.02053 0.767128 1.14562 0.983968 0.970681 1.02261
1.02887 0.743745 1.19968 0.97128 0.955454 1.03661
1.03748 0.743638 1.19811 0.984518 0.975077 1.03363
1.03576 0.754896 1.14002 0.974769 0.976991 1.03333
1.07966 0.785761 1.1173 0.973786 0.963858 1.03641
1.10035 0.820312 1.07559 0.969894 0.977948 1.03319
1.11619 0.914676 1.03606 0.971348 0.964336 1.03634
1.09006 0.948952 1.00094 0.967457 0.978426 1.03311
1.03552 0.953073 0.991275 0.97013 0.964576 1.0363
0.990204 0.977603 0.985397 0.966238 0.978665 1.03308
0.952784 1.01998 0.980011 0.96952 0.964695 1.03628
0.92276 1.06246 0.95573 0.965629 0.978785 1.03306
0.932545 1.05646 0.945194 0.969216 0.964755 1.03627
0.98808 0.981534 1.00898 0.965325 0.978845 1.03305
0.965205 1.016 0.971816 0.969064 0.964785 1.03627
1.02074 0.941072 1.0356 0.965173 0.978875 1.03305
0.981535 0.995771 0.985127 0.968987 0.9648 1.03627
1.03707 0.92084 1.04891 0.965096 0.97889 1.03304
0.9897 0.985655 0.991783 0.968949 0.964808 1.03627
1.04524 0.910725 1.05556 0.965058 0.978898 1.03304
0.993783 0.980597 0.995111 0.96893 0.964811 1.03627
1.04932 0.905667 1.05889 0.965039 0.978901 1.03304
0.995824 0.978068 0.996775 0.96892 0.964813 1.03627
1.05136 0.903138 1.06056 0.965029 0.978903 1.03304
1.05238 0.901873 1.06139 0.968916 0.964814 1.03627
0.94233 1.05047 0.934657 0.965025 0.978904 1.03304
1.0534 0.900609 1.06222 0.972802 0.950725 1.03949
1.05319 0.881027 1.08299 0.96502 0.978905 1.03304
end
gesture a07 hands 2
1.00036 0.679932 1.24886 0.983774 0.966909 1.0219
1.02463 0.69043 1.23474 0.973998 0.968366 1.02826
1.05416 0.724091 1.19999 0.95713 0.978737 1.028
1.07165 0.765976 1.17478 0.960676 0.97428 1.03131
1.0785 0.857508 1.14549 0.963362 0.966973 1.04403
1.06616 0.896964 1.10951 0.963792 0.968398 1.03933
1.02174 0.910431 1.08457 0.966477 0.96109 1.05204
0.97702 0.942773 1.06774 0.96535 0.965457 1.04333
0.94796 0.982641 1.05449 0.968035 0.958149 1.05605
0.941995 0.994271 1.03226 0.966129 0.963986 1.04534
0.998925 0.936187 1.04794 0.968814 0.956679 1.05806
0.967478 0.971044 1.02899 0.966518 0.963251 1.04634
1.02441 0.91296 1.04466 0.969204 0.955943 1.05906
0.980219 0.95943 1.02735 0.966713 0.962883 1.04684
1.03715 0.901347 1.04302 0.969398 0.955575 1.05956
0.986589 0.953623 1.02653 0.96681 0.962699 1.04709
1.04352 0.89554 1.0422 0.969496 0.955392 1.05981
0.989775 0.95072 1.02612 0.966859 0.962607 1.04721
1.0467 0.892636 1.04179 0.969544 0.9553 1.05994
0.991367 0.949268 1.02591 0.966883 0.962561 1.04728
1.0483 0.891185 1.04158 0.969569 0.955254 1.06
0.992164 0.948542 1.02581 0.966895 0.962538 1.04731
1.04909 0.890459 1.04148 0.969581 0.955231 1.06003
0.93603 1.0059 1.01004 0.966901 0.962527 1.04732
1.04989 0.889733 1.04138 0.969587 0.95522 1.06004
1.10056 0.867925 1.01925 0.966905 0.962521 1.04733
1.1058 0.846513 1.01018 0.96959 0.955214 1.06005
1.08885 0.808311 1.05184 0.964222 0.969823 1.03462
1.00606 0.729976 1.18233 0.969593 0.955208 1.06006
end
gesture a07 hands 2
0.884771 0.485455 1.26753 0.989883 1.00989 1.00282
0.869315 0.497865 1.24559 0.967098 0.996454 1.01635
0.874891 0.518806 1.19284 0.937691 1.00173 1.0275
0.909576 0.624614 1.1411 0.981741 0.999874 1.03811
0.93572 0.691173 1.09393 0.99062 0.973563 1.03684
0.944261 0.730421 1.08937 0.975295 0.967982 1.04742
0.972156 0.82844 1.06719 0.959111 0.926171 1.03117
0.961565 0.855573 1.0185 0.956379 0.928636 1.06157
0.912303 0.864027 1.002 0.95997 0.9624 1.05799
0.867742 0.898404 1.00208 0.96454 0.96043 1.07913
0.816848 0.997226 0.999607 0.953647 0.931101 1.09197
0.829766 1.00757 0.965845 0.969109 0.95846 1.10028
0.802437 1.03898 0.963263 0.967403 0.966032 1.08153
0.842684 1.01791 0.932083 0.96655 0.969818 1.07215
0.884976 0.991256 0.948759 0.988298 0.994706 1.05936
0.965074 0.955378 1.01557 0.965697 0.973604 1.06278
1.00322 0.927774 1.03809 0.974409 0.976712 1.04178
1.01232 0.905567 1.04836 0.970894 0.968991 1.0577
0.994567 0.840988 1.0766 0.978765 0.978266 1.03128
1.00799 0.862174 1.06762 0.973072 0.969768 1.05245
0.99024 0.797595 1.09585 0.980943 0.979043 1.02603
1.00583 0.840477 1.07724 0.97416 0.970156 1.04982
0.988077 0.775899 1.10548 0.982032 0.979432 1.02341
1.00474 0.829629 1.08206 0.967378 0.96127 1.07362
0.986996 0.76505 1.1103 0.983121 0.97982 1.02078
1.0042 0.824205 1.08446 1.02662 0.99679 0.988365
0.986455 0.759626 1.1127 1.03134 0.984161 0.985922
1.02141 0.883359 1.05863 1.00228 0.963874 1.01521
0.985914 0.754202 1.11511 0.954359 0.94285 1.01705
end
gesture a07 hands 2
0.910265 0.448722 1.27438 0.974247 0.979863 0.986654
0.900063 0.456863 1.24784 0.962554 0.955515 0.999042
0.912461 0.483159 1.19887 0.967073 0.943396 1.00067
0.926419 0.526025 1.17473 0.964617 0.94478 1.01724
0.943168 0.608523 1.16144 0.96786 0.977955 1.02485
0.95709 0.663955 1.15232 0.965741 0.980888 1.01129
0.965876 0.705735 1.12388 0.978045 0.961144 1.02906
0.932779 0.726004 1.08745 0.970833 0.972482 1.0134
0.884432 0.754692 1.08571 0.983137 0.952739 1.03117
0.861825 0.796506 1.08508 0.973379 0.96828 1.01445
0.855449 0.820579 1.07209 0.985683 0.948537 1.03222
0.851692 0.843591 1.06206 0.974652 0.966178 1.01498
0.839219 0.838319 1.08444 0.986956 0.946435 1.03274
0.847935 0.866603 1.05204 0.975289 0.965128 1.01524
0.852293 0.880744 1.03584 0.987592 0.945385 1.03301
0.854472 0.887815 1.02774 0.987911 0.944859 1.03314
0.826466 0.886466 1.05846 0.963622 0.98382 0.997737
0.841559 0.890676 1.03905 0.988229 0.944334 1.03327
0.868347 0.881353 1.03776 0.960805 0.921979 1.05535
0.862499 0.888119 1.0287 0.981969 0.95536 1.07406
0.889287 0.878796 1.02741 0.959955 0.95818 1.0793
0.856651 0.894886 1.01964 0.948947 0.95959 1.08192
0.910227 0.876239 1.01706 0.957209 0.997761 1.09767
0.966009 0.869915 1.0309 0.93794 0.961 1.08454
0.988119 0.853597 1.03703 0.925439 0.95094 1.09061
1.02179 0.86359 1.04474 0.927204 0.979639 1.03949
1.06601 0.830955 1.05701 0.944806 0.977713 0.988139
1.06623 0.781068 1.07909 0.990018 0.993525 0.995676
1.05814 0.7597 1.09504 1.00317 0.984142 1.02069
end
gesture a07 hands 2
0.941958 0.555813 1.25653 0.9972 0.975407 1.06954
0.938922 0.568542 1.22972 0.988431 0.977856 1.04116
0.934744 0.581554 1.18159 0.986973 0.984313 0.982067
0.960052 0.607916 1.13834 0.976322 0.958917 1.00614
0.978175 0.654533 1.11039 0.983359 0.950792 1.00959
0.989567 0.703657 1.09685 0.987131 0.959561 1.00433
0.996871 0.743573 1.0928 0.987486 0.996842 1.00793
1.00853 0.800897 1.08701 0.972556 0.969169 1.01511
1.02017 0.844956 1.06517 0.955573 0.995058 1.0021
0.996523 0.867846 1.02796 0.960611 0.97747 1.02052
0.949131 0.893174 1.02003 0.957627 0.941495 1.02229
0.920139 0.934867 1.01878 0.965648 0.959882 1.03894
0.889554 1.02921 1.00667 0.97086 0.954797 1.05699
0.883535 1.06448 0.966873 0.962517 0.967365 1.07232
0.923092 1.04006 0.934781 0.957822 1.0261 1.07301
0.978901 0.966483 0.976923 0.955312 0.997801 1.0636
1.02935 0.941 0.991023 0.95411 1.02538 1.05346
1.03203 0.916955 1.00504 0.952803 0.969501 1.05418
1.01248 0.860166 1.04306 0.963346 0.976367 1.05051
1.0236 0.876538 1.03106 0.968617 0.979799 1.04867
1.00405 0.81975 1.06907 0.9648 0.968308 1.07362
1.01938 0.85633 1.04407 0.971253 0.981516 1.04776
0.999828 0.799541 1.08208 0.972604 0.974565 1.06131
1.01727 0.846226 1.05057 0.97328 0.97109 1.06809
0.997719 0.789437 1.08859 0.960983 0.956816 1.09856
1.01621 0.841174 1.05382 0.973955 0.967615 1.07487
0.996664 0.784385 1.09184 0.973889 0.983232 1.04684
1.03471 0.89291 1.01906 0.986927 0.978413 1.05118
0.99561 0.779333 1.09509 0.980933 0.992222 1.02561
end
gesture a07 hands 2
1.00044 0.567625 1.22699 0.959459 0.988421 1.02861
0.998897 0.565244 1.25607 0.973019 0.983637 1.00247
0.996192 0.564763 1.25625 0.968906 0.970786 0.995237
1.00504 0.591176 1.20591 0.962781 0.958897 1.02157
1.01476 0.633457 1.17426 0.970351 0.961222 1.05018
1.01059 0.731084 1.13921 0.967611 0.960717 1.05852
1.02015 0.787551 1.14077 0.956657 0.947008 1.0479
1.00641 0.828712 1.10417 0.964871 0.960212 1.06686
0.964067 0.83539 1.07262 0.968979 0.966815 1.07634
0.939983 0.844203 1.06881 0.971032 0.970116 1.08108
0.919885 0.894485 1.06639 0.971795 0.951657 1.10512
0.917892 0.87375 1.0657 0.968881 0.956326 1.08315
0.897793 0.924033 1.06327 0.973086 0.973417 1.08582
0.906847 0.888524 1.06414 0.969913 0.971398 1.07222
0.886748 0.938806 1.06171 0.965967 0.960994 1.06119
0.901324 0.895911 1.06336 0.966739 0.969379 1.05862
0.881225 0.946193 1.06093 0.967125 0.973572 1.05733
0.898562 0.899604 1.06297 0.967318 0.975668 1.05668
0.878463 0.949887 1.06054 0.974377 0.995176 1.06653
0.897182 0.901451 1.06277 0.967511 0.977764 1.05604
0.877083 0.951733 1.06034 0.964078 0.969058 1.0508
0.9159 0.853015 1.06501 0.962361 0.964704 1.04817
0.875702 0.95358 1.06015 0.961503 0.962528 1.04686
0.873395 0.999839 1.03078 0.961074 0.961439 1.04621
0.919094 0.988071 1.00224 0.96086 0.960895 1.04588
1.01521 0.926304 1.01322 0.960752 0.960623 1.04571
1.05664 0.887967 1.00861 0.960699 0.960487 1.04563
1.06822 0.835099 1.02838 0.96014 0.970331 1.01727
1.05205 0.771389 1.08381 0.960645 0.960351 1.04555
end
gesture a07 hands 2
0.995855 0.519758 1.31735 0.955067 0.958872 1.04899
1.00727 0.522167 1.29028 0.956097 0.950395 1.03295
1.03091 0.541988 1.24145 0.962859 0.957582 1.02008
1.03812 0.660462 1.19122 0.959994 0.94975 1.01849
1.05367 0.738207 1.16937 0.965223 0.955656 1.03524
1.04533 0.778935 1.14098 0.961176 0.948787 1.02608
1.0089 0.794826 1.1054 0.966404 0.954692 1.04282
0.984275 0.805332 1.09881 0.961766 0.948305 1.02987
0.958325 0.852331 1.09332 0.966995 0.954211 1.04662
0.958987 0.834085 1.09277 0.962062 0.948064 1.03176
0.933037 0.881083 1.08727 0.967291 0.95397 1.04851
0.946343 0.848461 1.08975 0.962209 0.947944 1.03271
0.920393 0.89546 1.08425 0.967438 0.953849 1.04946
0.940021 0.855649 1.08824 0.962283 0.947884 1.03319
0.914071 0.902648 1.08274 0.967512 0.953789 1.04994
0.93686 0.859243 1.08749 0.96232 0.947854 1.03342
0.91091 0.906242 1.08199 0.967549 0.953759 1.05017
0.935279 0.86104 1.08711 0.962339 0.947839 1.03354
0.90933 0.908039 1.08161 0.967568 0.953744 1.05029
0.934489 0.861938 1.08692 0.962348 0.947831 1.0336
0.908539 0.908937 1.08142 0.967577 0.953737 1.05035
0.908144 0.909387 1.08132 0.957128 0.941918 1.01691
0.959649 0.815838 1.09223 0.967586 0.953729 1.05041
0.907749 0.909836 1.08123 0.982329 0.969394 1.06185
0.901179 0.958249 1.05935 0.966072 0.968254 1.05615
0.92495 0.970519 1.01876 0.957944 0.967684 1.0533
0.965635 0.935895 1.01738 0.95388 0.967399 1.05188
1.01506 0.844388 1.05142 0.947948 0.988679 1.07113
1.0128 0.729042 1.13768 0.949815 0.967114 1.05046
end
gesture a07 hands 2
1.01772 0.528221 1.29439 0.953994 0.970135 1.0413
1.01516 0.534781 1.26574 0.95571 0.965151 1.02752
1.03561 0.559623 1.21882 0.961796 0.95742 1.05464
1.04642 0.578698 1.20334 0.962709 0.961398 1.05038
1.05611 0.654722 1.18859 0.957426 0.960167 1.01375
1.05667 0.626248 1.18822 0.963623 0.965376 1.04612
1.06636 0.702271 1.17347 0.969597 0.944706 1.06798
1.06179 0.650022 1.18066 0.96982 0.970585 1.0785
1.07149 0.726046 1.16591 0.977958 1.00495 1.05452
1.06436 0.66191 1.17688 0.977086 0.996351 1.04357
1.07405 0.737934 1.16213 0.97665 0.992049 1.0381
1.06564 0.667853 1.17499 0.976433 0.989898 1.03536
1.07533 0.743877 1.16024 0.976324 0.988823 1.03399
1.06628 0.670825 1.17404 0.973184 0.992643 1.0615
1.07597 0.746849 1.15929 0.976269 0.988285 1.0333
1.0666 0.672311 1.17357 0.973157 0.992375 1.06116
1.07629 0.748335 1.15882 0.976242 0.988016 1.03296
1.05723 0.597773 1.18785 0.973143 0.99224 1.06099
1.07661 0.749821 1.15835 0.976229 0.987882 1.03279
1.07365 0.794177 1.13979 0.973136 0.992173 1.0609
1.04975 0.814943 1.1003 0.976222 0.987814 1.03271
1.00134 0.805871 1.07627 0.973133 0.992139 1.06086
0.955649 0.826822 1.06469 0.976218 0.987781 1.03266
0.911314 0.924898 1.05656 0.973131 0.992122 1.06084
0.902177 0.974017 1.04078 0.976217 0.987764 1.03264
0.913443 0.982156 0.996509 0.976216 0.987755 1.03263
0.948523 0.938706 1.00106 0.970044 0.996464 1.08901
0.991366 0.794704 1.07264 0.976215 0.987747 1.03262
0.997817 0.727696 1.12605 0.968844 0.980518 1.00462
end
gesture a07 hands 2
1.02364 0.641214 1.27554 0.952272 0.955817 1.09565
1.01798 0.632028 1.24778 0.956483 0.958503 1.0663
1.01875 0.634888 1.19091 0.969293 0.954522 1.05669
1.01597 0.672418 1.15292 0.966477 0.972048 1.05299
1.00984 0.769341 1.12627 0.959253 0.971683 1.036
0.986665 0.812884 1.10353 0.958135 0.966951 1.03436
0.951661 0.915239 1.08665 0.962741 0.963653 1.06116
0.953935 0.95797 1.04875 0.961048 0.96111 1.05694
0.976553 0.985279 1.00119 0.957018 0.96222 1.03273
0.990976 0.973454 0.982047 0.959356 0.958567 1.05272
0.994606 0.894871 1.04176 0.966229 0.955623 1.08631
1 0.92825 1.00233 0.961694 0.954914 1.07271
1.00363 0.849668 1.06204 0.959427 0.954559 1.06591
1.00452 0.905648 1.01247 0.958293 0.954382 1.06251
1.00815 0.827066 1.07219 0.957726 0.954294 1.06081
1.00677 0.894347 1.01755 0.957584 0.954271 1.06039
1.0104 0.815765 1.07726 0.956254 0.953525 1.04513
1.0079 0.888696 1.02008 0.957442 0.954249 1.05996
1.01153 0.810114 1.07979 0.957301 0.954227 1.05954
1.00847 0.885871 1.02135 0.957265 0.954222 1.05943
1.0121 0.807289 1.08106 0.956042 0.953492 1.04449
1.00875 0.884459 1.02198 0.95723 0.954216 1.05932
1.01238 0.805877 1.0817 0.957194 0.954211 1.05922
1.00889 0.883752 1.0223 0.957186 0.954209 1.05919
1.01252 0.80517 1.08201 0.955989 0.953484 1.04433
1.00896 0.883399 1.02246 0.957177 0.954208 1.05916
1.01259 0.804817 1.08217 0.957168 0.954206 1.05914
1.0054 0.961628 0.962904 0.954783 0.952757 1.02945
1.01266 0.804464 1.08233 0.957159 0.954205 1.05911
end
gesture a07 hands 2
1.00066 0.494821 1.30688 0.929427 0.939624 1.06128
1.01254 0.49911 1.27991 0.930104 0.947516 1.0639
1.031 0.527294 1.23243 0.93629 0.934854 1.07363
1.0335 0.573067 1.20923 0.935323 0.940372 1.07426
1.02006 0.669202 1.18611 0.930781 0.955409 1.06652
0.994869 0.714673 1.17028 0.934356 0.94589 1.07489
0.976742 0.76701 1.16164 0.943153 0.930085 1.08598
0.971713 0.7902 1.14864 0.937931 0.936372 1.08325
0.983544 0.791234 1.12263 0.93532 0.939515 1.08189
0.986908 0.791053 1.11401 0.934015 0.941087 1.0812
0.966684 0.813391 1.13563 0.933362 0.941873 1.08086
0.990272 0.790872 1.10539 0.933199 0.94207 1.08078
1.00207 0.779613 1.09026 0.932748 0.956533 1.07631
0.996206 0.797536 1.08694 0.933035 0.942266 1.08069
1.00796 0.773984 1.0827 0.932872 0.942463 1.08061
0.999154 0.794721 1.08316 0.932831 0.942512 1.08058
1.01091 0.771169 1.07892 0.932504 0.956828 1.07618
1.00063 0.793314 1.08127 0.932791 0.942561 1.08056
1.01239 0.769761 1.07703 0.93275 0.94261 1.08054
1.00137 0.79261 1.08032 0.93274 0.942622 1.08054
1.01312 0.769058 1.07609 0.932442 0.956901 1.07615
1.00173 0.792258 1.07985 0.932729 0.942634 1.08053
1.01349 0.768706 1.07561 0.932719 0.942647 1.08053
1.00192 0.792082 1.07961 0.932717 0.94265 1.08052
1.01368 0.76853 1.07538 0.932427 0.95692 1.07614
1.01377 0.768442 1.07526 0.932714 0.942653 1.08052
0.990346 0.815459 1.08361 0.932712 0.942656 1.08052
1.01386 0.768354 1.07514 0.932135 0.971193 1.07176
1.0137 0.744202 1.09081 0.932709 0.942659 1.08052
end
gesture a07 hands 2
1.03015 0.578216 1.28635 0.962306 0.951886 1.06249
1.0007 0.578151 1.28352 0.957891 0.965991 1.06384
1.00224 0.577444 1.22662 0.954946 0.954489 1.07401
1.01332 0.617804 1.19141 0.954211 0.967293 1.0696
1.01388 0.719688 1.16914 0.951266 0.95579 1.07977
0.991007 0.76256 1.14731 0.952371 0.967944 1.07248
0.95492 0.862856 1.12472 0.949426 0.956441 1.08265
0.958896 0.893936 1.08231 0.951451 0.968269 1.07392
0.988466 0.896074 1.03393 0.948506 0.956767 1.08408
1.0006 0.878082 1.02145 0.95099 0.968432 1.07464
0.999493 0.843537 1.04737 0.948047 0.95693 1.0848
1.00611 0.851813 1.02817 0.950761 0.968513 1.075
1.00501 0.817268 1.05409 0.947817 0.957011 1.08516
1.00887 0.838679 1.03153 0.950646 0.968554 1.07518
1.00776 0.804134 1.05745 0.947702 0.957051 1.08534
1.01025 0.832112 1.03321 0.950588 0.968574 1.07527
1.00914 0.797567 1.05913 0.947644 0.957072 1.08543
1.01094 0.828828 1.03405 0.95056 0.968584 1.07531
1.00983 0.794284 1.05997 0.947616 0.957082 1.08547
1.01128 0.827186 1.03447 0.950545 0.968589 1.07534
1.01018 0.792642 1.06039 0.947601 0.957087 1.0855
1.01145 0.826365 1.03468 0.950538 0.968592 1.07535
1.01035 0.791821 1.0606 0.947594 0.957089 1.08551
1.01154 0.825955 1.03479 0.950535 0.968593 1.07535
1.01043 0.79141 1.0607 0.947591 0.957091 1.08551
1.01158 0.82575 1.03484 0.950533 0.968594 1.07536
1.01048 0.791205 1.06076 0.947589 0.957091 1.08552
1.01273 0.860089 1.00897 0.953475 0.980097 1.0652
1.01052 0.791 1.06081 0.947587 0.957092 1.08552
end
gesture a08 hands 2
1.03724 0.488673 1.35881 0.985089 0.960381 1.00658
1.03922 0.495535 1.32982 0.959242 0.945495 1.05106
1.01323 0.5224 1.28898 0.986323 0.954766 1.09033
1.0072 0.5413 1.27324 0.947632 0.962429 1.09064
0.992543 0.590117 1.25715 0.933395 0.930608 1.09553
0.996857 0.575158 1.25733 0.921168 0.95035 1.09324
0.9822 0.623975 1.24124 0.92346 0.952811 1.06381
0.991685 0.592087 1.24937 0.916201 0.961452 1.07738
0.977029 0.640904 1.23329 0.918493 0.963912 1.04795
0.989099 0.600551 1.24539 0.913717 0.967003 1.06945
0.974443 0.649368 1.22931 0.916009 0.969463 1.04002
0.987806 0.604784 1.2434 0.912475 0.969778 1.06549
0.97315 0.653601 1.22732 0.914767 0.972238 1.03605
0.98716 0.6069 1.24241 0.911854 0.971166 1.0635
0.972503 0.655717 1.22632 0.914146 0.973626 1.03407
0.986837 0.607958 1.24191 0.911543 0.971859 1.06251
0.97218 0.656775 1.22583 0.913836 0.974319 1.03308
0.972019 0.657304 1.22558 0.911388 0.972206 1.06202
1.00117 0.560199 1.2575 0.91368 0.974666 1.03259
0.971857 0.657833 1.22533 0.911311 0.97238 1.06177
0.94661 0.692031 1.20332 0.913603 0.97484 1.03234
0.91703 0.713659 1.15941 0.911272 0.972466 1.06164
0.917829 0.755093 1.1224 0.913564 0.974926 1.03221
0.928617 0.797221 1.10789 0.911252 0.97251 1.06158
0.965253 0.85471 1.07355 0.913544 0.97497 1.03215
0.961211 0.898177 1.06987 0.911243 0.972531 1.06155
0.993755 0.881104 1.05968 0.913535 0.974991 1.03212
1.00189 0.912199 1.03922 0.908941 0.970093 1.09095
1.0263 0.864032 1.0495 0.913525 0.975013 1.03209
end
gesture a08 hands 2
1.07685 0.508129 1.35023 0.993655 0.969448 1.03177
1.05183 0.510458 1.33426 0.99283 0.965667 1.06124
1.04669 0.532886 1.28019 0.980448 0.957912 1.05799
1.03298 0.572214 1.24523 0.962062 0.958066 1.0801
1.00463 0.641135 1.22105 0.936633 0.937102 1.09175
1.01195 0.626338 1.21566 0.943677 0.95822 1.10221
0.983598 0.695259 1.19147 0.936995 0.963018 1.09443
1.00143 0.653401 1.20088 0.929151 0.968997 1.11971
0.973083 0.722322 1.17669 0.933655 0.965418 1.09054
0.996177 0.666932 1.19348 0.927481 0.970197 1.11777
0.967826 0.735853 1.16929 0.931984 0.966617 1.08859
0.993548 0.673697 1.18979 0.926646 0.970797 1.1168
0.965197 0.742618 1.1656 0.931149 0.967217 1.08762
0.992233 0.67708 1.18794 0.926228 0.971097 1.11631
0.963882 0.746001 1.16375 0.930732 0.967517 1.08714
0.991576 0.678772 1.18701 0.926019 0.971247 1.11607
0.963225 0.747693 1.16282 0.930523 0.967667 1.08689
0.991248 0.679617 1.18655 0.925915 0.971322 1.11595
0.962897 0.748538 1.16236 0.930418 0.967742 1.08677
0.962732 0.748961 1.16213 0.925863 0.971359 1.11589
1.01927 0.611542 1.21028 0.930366 0.96778 1.08671
0.962568 0.749384 1.1619 0.925837 0.971378 1.11586
0.926493 0.765741 1.12609 0.93034 0.967798 1.08668
0.918041 0.802432 1.08381 0.930327 0.967808 1.08667
0.952541 0.867497 1.0563 0.921307 0.974977 1.145
0.949073 0.904475 1.04944 0.930314 0.967817 1.08665
0.987041 0.932562 1.02879 0.929091 0.969324 1.02704
1.02859 0.899127 1.03946 0.921403 0.981199 0.970321
1.03604 0.844442 1.09385 0.96377 0.984613 0.942746
end
gesture a08 hands 2
1.10801 0.514442 1.33094 1.04 0.979473 1.00298
1.10108 0.514675 1.34421 1.01948 0.988662 1.02247
1.08203 0.536371 1.29689 0.975867 0.958943 1.04491
1.08809 0.525639 1.32718 0.939413 0.949157 1.08413
1.06904 0.547336 1.27987 0.92575 0.929501 1.08452
1.08159 0.531121 1.31867 0.914057 0.934278 1.11086
1.06255 0.552818 1.27135 0.925046 0.946485 1.05557
1.07835 0.533862 1.31441 0.913705 0.94277 1.09638
1.0593 0.555559 1.2671 0.924693 0.954977 1.0411
1.07672 0.535233 1.31228 0.913529 0.947016 1.08914
1.05767 0.556929 1.26497 0.924517 0.959223 1.03386
1.07591 0.535918 1.31122 0.913441 0.949139 1.08553
1.05686 0.557615 1.2639 0.924429 0.961346 1.03024
1.07551 0.536261 1.31069 0.913397 0.950201 1.08371
1.05646 0.557957 1.26337 0.924385 0.962408 1.02843
1.0753 0.536432 1.31042 0.913375 0.950731 1.08281
1.05625 0.558129 1.26311 0.924363 0.962938 1.02752
1.0752 0.536518 1.31029 0.913364 0.950997 1.08236
1.05615 0.558214 1.26297 0.924352 0.963204 1.02707
1.09415 0.514907 1.35747 0.913358 0.951129 1.08213
1.05605 0.5583 1.26284 0.924347 0.963336 1.02685
1.04265 0.600621 1.2416 0.913355 0.951196 1.08202
1.00291 0.696867 1.20949 0.924344 0.963403 1.02673
0.96759 0.71909 1.17649 0.913354 0.951229 1.08196
0.950884 0.751706 1.14009 0.924342 0.963436 1.02668
0.963032 0.837928 1.10492 0.924342 0.963452 1.02665
0.974812 0.887826 1.08042 0.902364 0.939055 1.13719
1.00248 0.892891 1.04715 0.924341 0.963469 1.02662
1.01478 0.843868 1.06752 0.952905 0.959631 0.981055
end
gesture a08 hands 2
0.930393 0.363186 1.3722 0.928665 0.916356 1.10182
0.944452 0.353804 1.39654 0.93983 0.916831 1.0746
0.952189 0.371211 1.34637 0.970227 0.884318 1.06881
0.943911 0.416241 1.31624 1.0033 0.929863 1.05125
0.92694 0.509797 1.28856 1.02786 0.962195 1.07981
0.909497 0.556104 1.26541 0.974647 0.952593 1.10206
0.883455 0.57467 1.22403 0.928842 0.958878 1.13325
0.882973 0.589129 1.20001 0.928281 0.956896 1.13444
0.909253 0.656197 1.18418 0.9198 0.956024 1.09513
0.895872 0.629892 1.18008 0.91917 0.955113 1.0968
0.922152 0.696961 1.16425 0.92772 0.954915 1.13564
0.902322 0.650274 1.17011 0.91854 0.954203 1.09847
0.928602 0.717342 1.15428 0.910757 0.95317 1.05702
0.905546 0.660465 1.16513 0.90936 0.953491 1.06129
0.931826 0.727533 1.1493 0.908661 0.953651 1.06343
0.907159 0.665561 1.16264 0.908312 0.953731 1.0645
0.933439 0.732629 1.14681 0.908137 0.953771 1.06503
0.907965 0.668108 1.1614 0.908094 0.953781 1.06517
0.934245 0.735176 1.14557 0.917368 0.952362 1.10153
0.908368 0.669382 1.16077 0.90805 0.953791 1.0653
0.934648 0.73645 1.14494 0.908006 0.953802 1.06543
0.908569 0.670019 1.16046 0.917302 0.952377 1.10173
0.93485 0.737087 1.14463 0.907984 0.953807 1.0655
0.882491 0.603588 1.17598 0.926598 0.950952 1.13803
0.935051 0.737724 1.14432 0.907963 0.953812 1.06557
0.95381 0.788861 1.12965 0.892671 0.947462 0.980784
0.980842 0.814629 1.0966 0.889327 0.956671 0.993103
1.00024 0.765302 1.10473 0.94103 0.984301 0.99658
1.00085 0.742825 1.12159 0.960267 1.00427 0.994864
end
gesture a08 hands 2
1.03243 0.520579 1.33518 1.07465 0.998949 1.02953
1.00347 0.526359 1.3338 1.05042 0.991216 1.04307
1.00493 0.57841 1.34672 1.00378 0.965849 1.0679
0.99905 0.563547 1.34365 0.974341 0.932584 1.03904
0.988859 0.5784 1.32141 0.963063 0.950811 1.07583
0.991014 0.563543 1.331 0.959591 0.951422 1.07684
0.980823 0.578396 1.30875 0.964267 0.959194 1.07999
0.986996 0.56354 1.32467 0.969359 0.964113 1.08272
0.976805 0.578393 1.30243 0.989096 0.957404 1.0275
0.984987 0.563539 1.32151 0.967289 0.970299 0.988362
0.974796 0.578392 1.29926 0.930607 0.959664 1.01809
0.983983 0.563539 1.31993 0.90862 0.967147 1.00464
0.973791 0.578392 1.29768 0.955611 0.956189 1.03066
0.983481 0.563538 1.31914 0.921122 0.965409 1.01093
0.973289 0.578391 1.29689 0.968113 0.954452 1.03695
0.99317 0.548685 1.34059 0.927374 0.96454 1.01408
0.972787 0.578391 1.2961 0.974364 0.953583 1.04009
0.961228 0.615486 1.2645 0.930499 0.964106 1.01565
0.940275 0.696666 1.23419 0.97749 0.953148 1.04167
0.919282 0.737261 1.20554 0.932062 0.963889 1.01643
0.896182 0.750548 1.15705 0.979052 0.952931 1.04245
0.902636 0.785078 1.11438 0.932843 0.96378 1.01683
0.937492 0.843294 1.08205 0.979834 0.952823 1.04285
0.941702 0.872381 1.08136 0.933234 0.963726 1.01702
0.973551 0.870551 1.06142 0.980224 0.952768 1.04304
0.972348 0.90151 1.04973 0.933429 0.963699 1.01712
1.0054 0.868722 1.04149 0.98042 0.952741 1.04314
1.01413 0.828772 1.07686 0.886634 0.974629 0.9912
1.0162 0.769543 1.1354 0.980615 0.952714 1.04324
end
gesture a08 hands 2
0.994522 0.592264 1.32616 0.991038 0.913092 1.12593
0.992952 0.591704 1.31091 0.989747 0.908075 1.0965
1.00224 0.572069 1.34676 0.972218 0.895767 1.1063
0.991383 0.591143 1.29566 0.9854 0.918329 1.12321
0.977681 0.631355 1.26002 0.981229 0.942918 1.09124
0.963686 0.675799 1.24187 0.964398 0.957328 1.07846
0.95169 0.731819 1.22789 0.957523 0.983736 1.01577
0.927689 0.771089 1.20193 0.953555 0.990412 0.987488
0.897079 0.781868 1.15381 0.926701 1.01107 0.986689
0.897084 0.809897 1.10863 0.949586 0.997088 0.959206
0.935182 0.893631 1.06412 0.94812 1.01015 0.973412
0.961981 0.937589 1.03933 0.922 1.02428 0.965509
1.00472 0.94038 1.00987 0.947387 1.01669 0.980515
1.01689 0.915663 1.01904 0.921633 1.02754 0.969061
1.01572 0.845379 1.08865 0.94702 1.01995 0.984066
1.02239 0.868163 1.05843 0.92145 1.02918 0.970836
1.02122 0.797879 1.12805 0.946836 1.02159 0.985841
1.02514 0.844413 1.07812 0.921358 1.02999 0.971724
1.02397 0.774128 1.14774 0.946745 1.0224 0.986729
1.02651 0.832538 1.08797 0.921312 1.0304 0.972168
1.02535 0.762253 1.15759 0.946699 1.02281 0.987173
1.0272 0.8266 1.0929 0.921289 1.03061 0.97239
1.02603 0.756316 1.16252 0.946676 1.02302 0.987395
1.02754 0.823631 1.09536 0.921278 1.03071 0.972501
1.02638 0.753347 1.16498 0.946664 1.02312 0.987506
1.02771 0.822147 1.09659 0.89588 1.0384 0.957607
1.02655 0.751862 1.16621 0.946653 1.02322 0.987617
1.02905 0.890947 1.0282 1.00621 1.04328 0.97418
1.02672 0.750378 1.16744 0.997426 1.00804 1.01763
end
gesture a08 hands 2
0.983642 0.466853 1.3644 0.966889 0.96024 1.05156
0.977004 0.462612 1.3357 0.958012 0.979557 1.03106
0.970161 0.474724 1.27877 0.956918 1.00996 1.062
0.929839 0.613014 1.20307 0.956149 1.0097 1.06508
0.951625 0.676585 1.17245 0.960051 0.983277 1.05351
0.920571 0.713945 1.14991 0.957716 0.996359 1.06084
0.942358 0.777515 1.11929 0.961617 0.969933 1.04926
0.915937 0.76441 1.12333 0.958499 0.989686 1.05872
0.937724 0.827981 1.09271 0.962401 0.963261 1.04714
0.91362 0.789643 1.11004 0.95889 0.98635 1.05766
0.935407 0.853213 1.07942 0.962792 0.959925 1.04608
0.912462 0.802259 1.10339 0.959086 0.984682 1.05713
0.934248 0.86583 1.07278 0.962988 0.958257 1.04555
0.911883 0.808567 1.10007 0.959184 0.983848 1.05686
0.933669 0.872138 1.06945 0.963086 0.957423 1.04529
0.911593 0.811721 1.09841 0.959233 0.983431 1.05673
0.93338 0.875292 1.06779 0.963135 0.957006 1.04515
0.911448 0.813298 1.09758 0.959258 0.983223 1.05666
0.933235 0.876869 1.06696 0.96316 0.956797 1.04509
0.911376 0.814087 1.09717 0.95927 0.983119 1.05663
0.933162 0.877657 1.06655 0.963172 0.956693 1.04505
0.91134 0.814481 1.09696 0.959276 0.983067 1.05661
0.933126 0.878052 1.06634 0.963178 0.956641 1.04504
0.889517 0.751305 1.12737 0.963181 0.956615 1.04503
0.93309 0.878446 1.06613 0.95538 1.00944 1.06817
0.969025 0.970599 1.02636 0.963184 0.956589 1.04502
0.997731 0.989621 0.992138 0.966931 0.947328 1.03984
1.00552 0.932652 1.00422 0.973915 0.938721 1.04043
1.00426 0.826893 1.09066 0.969822 0.955434 1.04311
end
gesture a08 hands 2
0.980347 0.483425 1.40746 0.966581 0.961941 1.04852
0.975843 0.483809 1.37836 0.964245 0.971782 1.03762
0.963167 0.505788 1.32904 0.95453 0.983784 1.06041
0.945422 0.548439 1.29379 0.96191 0.981624 1.02672
0.912556 0.629527 1.2519 0.958721 0.974104 1.03254
0.894185 0.67139 1.22465 0.9506 0.989866 1.05242
0.892976 0.710876 1.19304 0.957127 0.970343 1.03545
0.953798 0.811543 1.11669 0.949803 0.987987 1.05388
0.975003 0.9212 1.07101 0.95633 0.968463 1.03691
0.994811 0.916705 1.05568 0.949404 0.987046 1.05461
0.994506 0.853263 1.10265 0.955932 0.967523 1.03763
1.00456 0.882737 1.07149 0.949205 0.986576 1.05497
1.00426 0.819295 1.11847 0.955732 0.967053 1.038
1.00944 0.865753 1.0794 0.949106 0.986341 1.05515
1.00913 0.802311 1.12638 0.955633 0.966818 1.03818
1.01188 0.857261 1.08336 0.949056 0.986224 1.05524
1.01157 0.793819 1.13033 0.955583 0.9667 1.03827
1.0131 0.853015 1.08534 0.949031 0.986165 1.05529
1.01279 0.789573 1.13231 0.955558 0.966642 1.03831
1.01371 0.850892 1.08633 0.949018 0.986136 1.05531
1.0134 0.78745 1.1333 0.955545 0.966612 1.03834
1.01401 0.84983 1.08682 0.949012 0.986121 1.05532
1.01371 0.786389 1.1338 0.955539 0.966598 1.03835
1.01416 0.849299 1.08707 0.949009 0.986114 1.05533
1.01386 0.785858 1.13404 0.955536 0.96659 1.03835
1.01424 0.849034 1.08719 0.955535 0.966587 1.03836
1.01393 0.785592 1.13417 0.942479 1.00563 1.07231
1.01462 0.91221 1.04034 0.955533 0.966583 1.03836
1.01401 0.785327 1.13429 0.959051 0.957089 1.04487
end
gesture a08 hands 2
1.02027 0.513402 1.39515 0.964833 0.97331 1.03797
1.01634 0.513707 1.36563 0.969304 0.984627 1.0106
0.997271 0.538679 1.32344 0.963961 0.97696 1.01916
0.955172 0.639202 1.2597 0.959055 0.973442 1.02324
0.914338 0.700365 1.22949 0.963044 0.981313 1.04847
0.913073 0.739725 1.19596 0.954149 0.969925 1.02731
0.959456 0.844939 1.10737 0.959927 0.964265 1.04756
0.981373 0.949636 1.05669 0.962816 0.961434 1.05769
1.00584 0.950152 1.01878 0.962126 0.985666 1.07778
1.01112 0.925426 1.02819 0.965706 0.958604 1.06782
1.013 0.844167 1.10169 0.967495 0.945073 1.06284
1.0147 0.872433 1.06964 0.96839 0.938308 1.06035
1.01657 0.791174 1.14315 0.968838 0.934925 1.0591
1.01649 0.845937 1.09037 0.956587 0.948907 1.04728
1.01836 0.764677 1.16387 0.969061 0.933233 1.05848
1.01738 0.832689 1.10073 0.956699 0.948061 1.04697
1.01926 0.751429 1.17424 0.969173 0.932388 1.05817
1.01783 0.826065 1.10591 0.956755 0.947638 1.04682
1.0197 0.744805 1.17942 0.969229 0.931965 1.05802
1.01805 0.822753 1.1085 0.956783 0.947427 1.04674
1.01993 0.741493 1.18201 0.969257 0.931753 1.05794
1.01816 0.821097 1.1098 0.956797 0.947321 1.0467
1.02004 0.739837 1.1833 0.969271 0.931648 1.0579
1.01822 0.820269 1.11045 0.956804 0.947268 1.04668
1.02009 0.739009 1.18395 0.969278 0.931595 1.05788
1.01825 0.819854 1.11077 0.944337 0.962889 1.03546
1.02012 0.738595 1.18428 0.969285 0.931542 1.05786
1.0164 0.9007 1.03759 0.969494 0.931091 1.06839
1.02015 0.738181 1.1846 0.985755 0.957518 1.02844
end
gesture a08 hands 2
0.995857 0.56528 1.23534 0.949532 0.980594 1.02338
0.985643 0.568591 1.22361 0.978415 0.973987 1.02577
0.999756 0.555767 1.26351 0.984217 0.967364 1.0339
0.975429 0.571903 1.21188 0.97337 0.964399 1.04319
0.941816 0.650827 1.13992 0.974589 0.956776 1.05994
0.912681 0.739275 1.11101 0.962523 0.961435 1.05249
0.853485 0.824856 1.07104 0.951676 0.958471 1.06178
0.863612 0.871918 1.04539 0.958318 0.95233 1.07388
0.904569 0.954892 1.0238 0.946252 0.956989 1.06643
0.930641 1.00133 1.01089 0.955606 0.951589 1.07621
0.971901 1.02975 0.985976 0.943541 0.956248 1.06875
0.988485 1.02022 0.985826 0.954251 0.951218 1.07737
0.990461 0.947567 1.02862 0.942185 0.955877 1.06991
0.997765 0.979123 1.00715 0.953573 0.951033 1.07795
0.99974 0.906475 1.04995 0.941507 0.955692 1.07049
1.00241 0.958578 1.01781 0.953234 0.950941 1.07824
1.00438 0.88593 1.06061 0.941168 0.9556 1.07078
1.00472 0.948305 1.02314 0.953064 0.950894 1.07838
1.0067 0.875657 1.06594 0.940998 0.955553 1.07092
1.00589 0.943168 1.02581 0.95298 0.950871 1.07846
1.00786 0.87052 1.0686 0.940914 0.95553 1.071
1.00646 0.9406 1.02714 0.952937 0.95086 1.07849
1.00844 0.867952 1.06994 0.940871 0.955519 1.07103
1.00675 0.939316 1.02781 0.952916 0.950854 1.07851
1.00873 0.866668 1.0706 0.94085 0.955513 1.07105
1.0069 0.938674 1.02814 0.952906 0.950851 1.07852
1.00887 0.866026 1.07094 0.94084 0.95551 1.07106
1.00507 1.01068 0.985676 0.964961 0.946189 1.08599
1.00902 0.865384 1.07127 0.940829 0.955507 1.07107
end
gesture a08 hands 2
1.01753 0.489401 1.32566 0.950348 0.954917 1.05519
1.02079 0.498947 1.29772 0.958699 0.965404 1.02874
1.01043 0.527854 1.25112 0.969787 0.966969 1.03816
1.00394 0.547133 1.23788 0.979286 0.966738 1.0325
0.987567 0.596089 1.22235 0.953372 0.977186 1.03777
0.992504 0.58125 1.2235 0.971078 0.971846 1.03231
0.976136 0.630206 1.20797 0.949998 0.968586 1.05169
0.986789 0.598309 1.21631 0.969391 0.967546 1.03927
0.970421 0.647265 1.20077 0.948311 0.964286 1.05865
0.967563 0.655795 1.19718 0.968548 0.965396 1.04275
0.997441 0.566412 1.22465 0.947468 0.962136 1.06213
0.964705 0.664324 1.19358 0.968127 0.964321 1.04448
0.93719 0.709349 1.17174 0.947046 0.961061 1.06387
0.902994 0.744279 1.14466 0.967916 0.963784 1.04535
0.888867 0.788213 1.11513 0.946836 0.960523 1.06474
0.900864 0.839405 1.09024 0.96781 0.963515 1.04579
0.909014 0.859838 1.0838 0.94673 0.960255 1.06518
0.93263 0.907424 1.0663 0.967758 0.96338 1.04601
0.944033 0.912281 1.06049 0.946678 0.96012 1.06539
0.917164 0.88027 1.07736 0.967731 0.963313 1.04612
0.955436 0.917138 1.05467 0.946651 0.960053 1.0655
0.964396 0.975443 1.04236 0.967718 0.96328 1.04617
0.993708 0.954006 1.03199 0.946638 0.96002 1.06556
1.00836 0.943287 1.0268 0.967712 0.963263 1.0462
1.01569 0.937928 1.0242 0.946632 0.960003 1.06558
1.01936 0.935249 1.02291 0.967708 0.963254 1.04621
1.00699 0.98585 1.00775 0.946628 0.959994 1.0656
1.02302 0.932569 1.02161 0.988785 0.966506 1.02684
1.02134 0.862805 1.0661 0.946625 0.959986 1.06561
end
gesture a08 hands 2
0.995606 0.540215 1.30832 0.950846 0.968136 1.02927
0.994959 0.544183 1.27897 0.965656 0.970421 1.02788
0.991918 0.566071 1.22713 0.980143 0.964742 1.03334
0.984453 0.586118 1.20771 0.973297 0.966904 1.037
0.95641 0.650059 1.1826 0.980466 0.972706 1.02649
0.966699 0.628112 1.18544 0.96645 0.969066 1.04066
0.938655 0.692054 1.16034 0.959441 0.967247 1.04775
0.957822 0.649109 1.17431 0.955937 0.966337 1.05129
0.929778 0.713051 1.1492 0.960204 0.961457 1.06061
0.953383 0.659607 1.16874 0.956318 0.963442 1.05772
0.92534 0.723549 1.14364 0.956581 0.968814 1.04385
0.951164 0.664857 1.16596 0.954507 0.967121 1.04934
0.92312 0.728799 1.14085 0.954769 0.972493 1.03548
0.950054 0.667481 1.16457 0.953601 0.96896 1.04515
0.922011 0.731423 1.13946 0.953864 0.974333 1.03129
0.949499 0.668794 1.16387 0.953148 0.96988 1.04306
0.921456 0.732736 1.13877 0.953411 0.975252 1.02919
0.949222 0.66945 1.16352 0.952922 0.97034 1.04201
0.921178 0.733392 1.13842 0.953184 0.975712 1.02815
0.92104 0.73372 1.13824 0.952809 0.97057 1.04149
0.976988 0.606164 1.18828 0.953071 0.975942 1.02762
0.920901 0.734048 1.13807 0.952752 0.970685 1.04123
0.866313 0.814786 1.07434 0.953015 0.976057 1.02736
0.873191 0.86065 1.04327 0.952724 0.970742 1.0411
0.955985 0.955595 1.00905 0.952986 0.976115 1.02723
0.985467 1.03309 0.992784 0.95271 0.970771 1.04103
1.03878 1.05054 0.974831 0.952972 0.976143 1.02717
1.04524 1.00226 0.991365 0.952433 0.965427 1.05483
1.02891 0.862749 1.08222 0.952958 0.976172 1.0271
end
gesture a08 hands 2
1.05096 0.656826 1.23929 0.950462 0.936494 1.04306
1.02293 0.656514 1.22939 0.962327 0.949973 1.01914
0.994467 0.668338 1.21089 0.965788 0.963744 1.01435
0.987618 0.708816 1.17142 0.955827 0.962707 1.02727
0.937244 0.828773 1.08687 0.944519 0.952889 1.06854
0.941495 0.892451 1.04652 0.945865 0.96167 1.04019
0.95156 0.980514 1.03188 0.935904 0.960633 1.05312
0.948653 0.968321 1.01903 0.933413 0.960374 1.05635
0.96523 0.912773 1.05823 0.929577 0.951334 1.08792
0.955488 0.934451 1.0322 0.930923 0.960114 1.05958
0.972065 0.878902 1.0714 0.928432 0.959855 1.06281
0.958905 0.917515 1.03878 0.92781 0.95979 1.06362
0.975482 0.861967 1.07798 0.925841 0.950945 1.09277
0.960614 0.909048 1.04208 0.927187 0.959726 1.06442
0.977191 0.8535 1.08128 0.926565 0.959661 1.06523
0.961469 0.904814 1.04372 0.926409 0.959645 1.06543
0.978046 0.849266 1.08292 0.924907 0.950847 1.09398
0.961896 0.902697 1.04455 0.926253 0.959628 1.06564
0.978473 0.847149 1.08375 0.926098 0.959612 1.06584
0.962109 0.901638 1.04496 0.926059 0.959608 1.06589
0.978686 0.84609 1.08416 0.924674 0.950823 1.09428
0.962216 0.901109 1.04516 0.92602 0.959604 1.06594
0.978793 0.845561 1.08436 0.925981 0.9596 1.06599
0.96227 0.900845 1.04527 0.925961 0.959598 1.06601
0.978847 0.845297 1.08447 0.92325 0.942034 1.12273
0.962296 0.900712 1.04532 0.925942 0.959596 1.06604
0.978873 0.845164 1.08452 0.950971 0.975437 1.01601
0.945746 0.956128 1.00617 0.959195 0.97105 1.01446
0.9789 0.845032 1.08457 0.944949 0.956101 1.03592
end
gesture a08 hands 2
1.03358 0.694079 1.28314 0.958281 0.94802 1.09895
1.02812 0.694084 1.25367 0.93698 0.950653 1.06778
1.00279 0.710872 1.20593 0.950188 0.9635 1.07651
0.990914 0.741403 1.15927 0.95052 0.961145 1.08882
0.961155 0.836089 1.10286 0.953512 0.970018 1.06099
0.936788 0.869987 1.06096 0.952181 0.964404 1.08106
0.93804 0.917544 1.03308 0.955174 0.973277 1.05323
0.943297 0.970817 0.99847 0.953012 0.966033 1.07718
0.950642 1.07542 0.970705 0.956005 0.974906 1.04935
0.949597 1.04976 0.967282 0.953428 0.966848 1.07524
0.973318 0.944558 1.03915 0.95642 0.975721 1.04741
0.960935 0.984324 1.00151 0.953636 0.967255 1.07427
0.984655 0.879127 1.07338 0.956628 0.976129 1.04644
0.966604 0.951609 1.01862 0.95374 0.967459 1.07379
0.990324 0.846412 1.09049 0.956732 0.976332 1.04595
0.969439 0.935251 1.02717 0.953792 0.967561 1.07354
0.993159 0.830054 1.09904 0.956784 0.976434 1.04571
0.970856 0.927072 1.03145 0.953817 0.967612 1.07342
0.994576 0.821875 1.10332 0.95681 0.976485 1.04559
0.971564 0.922982 1.03359 0.956823 0.976511 1.04553
0.995284 0.817786 1.10546 0.950851 0.958789 1.10113
0.971919 0.920938 1.03466 0.956836 0.976536 1.04547
0.995639 0.815741 1.10653 0.953768 0.966513 1.03835
0.972096 0.919915 1.0352 0.952233 0.961501 1.03479
0.995816 0.814718 1.10707 0.980014 0.982266 0.992208
0.972184 0.919404 1.03546 0.968848 0.967636 1.01006
0.995904 0.814207 1.10733 0.950699 0.95649 1.03123
0.948553 1.02409 0.96386 0.957682 0.953007 1.02792
0.995993 0.813696 1.1076 0.960812 0.956445 0.998521
end
gesture a08 hands 2
1.05004 0.66186 1.22062 0.9455 0.94234 1.03284
1.02862 0.661551 1.24146 0.941198 0.94667 1.06213
1.01957 0.69448 1.19334 0.928905 0.960292 1.05843
0.990964 0.788206 1.14458 0.946285 0.950835 1.05262
0.958316 0.823993 1.1162 0.935457 0.953437 1.08113
0.952303 0.840334 1.09342 0.963665 0.941377 1.04682
0.96394 0.917032 1.0627 0.952257 0.950975 1.04739
0.95494 0.916228 1.04925 0.948817 0.950937 1.06213
0.946289 0.856674 1.07064 0.942008 0.946582 1.10382
0.94594 0.915425 1.0358 0.945379 0.950899 1.07688
0.945766 0.9448 1.01838 0.940848 0.960574 1.04796
0.945679 0.959488 1.00967 0.948749 0.955217 1.04994
0.969564 1.01007 1.00919 0.9527 0.952538 1.05093
0.957578 0.992123 1.00507 0.954675 0.951198 1.05142
0.967194 0.937087 1.04594 0.955662 0.950529 1.05167
0.956393 0.955631 1.02345 0.961477 0.955497 1.0232
0.96601 0.900595 1.06431 0.956156 0.950194 1.0518
0.955801 0.937386 1.03264 0.961724 0.95533 1.02326
0.965417 0.88235 1.0735 0.956403 0.950026 1.05186
0.955505 0.928263 1.03723 0.961848 0.955246 1.02329
0.965121 0.873227 1.0781 0.956527 0.949943 1.05189
0.955357 0.923701 1.03953 0.961909 0.955204 1.02331
0.964973 0.868665 1.08039 0.956588 0.949901 1.0519
0.955283 0.921421 1.04068 0.96194 0.955183 1.02331
0.964899 0.866385 1.08154 0.956619 0.94988 1.05191
0.955245 0.92028 1.04125 0.961956 0.955173 1.02332
0.964862 0.865244 1.08212 0.956635 0.94987 1.05192
0.945592 0.974176 1.00096 0.967292 0.960466 0.994723
0.964825 0.864104 1.08269 0.95665 0.949859 1.05192
end
gesture a08 hands 2
0.951722 0.489727 1.34066 0.963201 0.951795 1.07251
0.966971 0.494227 1.31631 0.962064 0.954541 1.05808
0.963607 0.524874 1.27293 0.959396 0.951054 1.04387
0.925926 0.656781 1.21077 0.960161 0.95417 1.04376
0.915045 0.725796 1.12459 0.957493 0.950683 1.02956
0.918701 0.746316 1.10911 0.95921 0.953985 1.0366
0.950865 0.84935 1.08923 0.956542 0.950497 1.0224
0.936611 0.808094 1.09143 0.958735 0.953892 1.03302
0.968775 0.911128 1.07155 0.956066 0.950405 1.01882
0.945566 0.838982 1.08259 0.958497 0.953846 1.03123
0.97773 0.942016 1.06271 0.955829 0.950359 1.01703
0.950043 0.854427 1.07817 0.958378 0.953823 1.03034
0.982208 0.957461 1.05829 0.95571 0.950335 1.01613
0.952282 0.862149 1.07596 0.958318 0.953811 1.02989
0.984446 0.965183 1.05608 0.95565 0.950324 1.01569
0.953401 0.86601 1.07485 0.958289 0.953805 1.02967
0.985566 0.969044 1.05498 0.955621 0.950318 1.01546
0.953961 0.86794 1.0743 0.958274 0.953802 1.02956
0.986125 0.970974 1.05442 0.955606 0.950315 1.01535
0.954241 0.868906 1.07403 0.958266 0.953801 1.0295
0.986405 0.97194 1.05415 0.955598 0.950313 1.0153
0.954381 0.869388 1.07389 0.958263 0.9538 1.02947
0.986545 0.972422 1.05401 0.955595 0.950313 1.01527
0.922356 0.766837 1.09363 0.958261 0.9538 1.02946
0.986685 0.972905 1.05387 0.955593 0.950312 1.01525
1.011 1.01103 1.02106 0.95826 0.9538 1.02945
1.02819 0.962231 1.00567 0.955592 0.950312 1.01525
1.02064 0.873374 1.06039 0.960927 0.957287 1.04365
1.01171 0.827888 1.095 0.955591 0.950312 1.01524
end
gesture a08 hands 2
0.984212 0.518873 1.36335 0.936867 0.963479 1.00357
0.997966 0.516491 1.33784 0.944209 0.954457 1.01277
0.997285 0.538712 1.29048 0.9566 0.96337 1.03381
0.953456 0.666531 1.22223 0.957485 0.956788 1.03281
0.936768 0.735169 1.14769 0.951551 0.945434 1.02197
0.970604 0.854451 1.09136 0.95837 0.950205 1.03181
0.980709 0.938895 1.06967 0.96178 0.952591 1.03673
1.00315 0.93193 1.05579 0.962633 0.953187 1.03796
1.00444 0.973733 1.03502 0.969056 0.957926 1.05039
1.01502 0.94935 1.03847 0.963485 0.953784 1.03919
1.01184 0.897292 1.08128 0.964337 0.954381 1.04041
1.01872 0.911129 1.06159 0.964551 0.95453 1.04072
1.01555 0.859071 1.10441 0.970335 0.958821 1.05223
1.02057 0.892019 1.07316 0.964764 0.954679 1.04103
1.0174 0.839961 1.11597 0.964977 0.954828 1.04133
1.0215 0.882464 1.07894 0.96503 0.954865 1.04141
1.01832 0.830406 1.12176 0.970655 0.959044 1.05269
1.02196 0.877686 1.08183 0.965083 0.954902 1.04149
1.01879 0.825629 1.12465 0.965137 0.95494 1.04156
1.02219 0.875297 1.08328 0.96515 0.954949 1.04158
1.01902 0.82324 1.12609 0.970735 0.9591 1.05281
1.02231 0.874103 1.084 0.965163 0.954958 1.0416
1.01913 0.822045 1.12682 0.965177 0.954968 1.04162
1.02237 0.873506 1.08436 0.96518 0.95497 1.04163
1.01919 0.821448 1.12718 0.970755 0.959114 1.05284
1.0224 0.873207 1.08454 0.965183 0.954972 1.04163
1.01922 0.82115 1.12736 0.965187 0.954975 1.04164
1.0256 0.924966 1.04191 0.976333 0.963261 1.06405
1.01925 0.820851 1.12754 0.96519 0.954977 1.04164
end
gesture a08 hands 2
0.98856 0.460908 1.40547 0.956811 0.97187 0.960998
0.992563 0.466397 1.37645 0.968481 0.968483 0.969725
0.997245 0.451005 1.37009 0.965271 0.965088 0.998725
0.997427 0.46333 1.34543 0.972711 0.965092 0.988589
0.974393 0.528305 1.31447 0.969501 0.961697 1.01759
0.986001 0.50198 1.31761 0.974826 0.963396 0.998021
0.962968 0.566954 1.28665 0.971616 0.960002 1.02702
0.980288 0.521305 1.30371 0.975883 0.962548 1.00274
0.957255 0.586279 1.27275 0.972674 0.959154 1.03174
0.977431 0.530967 1.29675 0.976413 0.962124 1.0051
0.954398 0.595942 1.26579 0.973202 0.95873 1.0341
0.976003 0.535798 1.29328 0.976677 0.961913 1.00627
0.95297 0.600773 1.26232 0.973467 0.958518 1.03527
0.975289 0.538214 1.29154 0.976809 0.961807 1.00686
0.952256 0.603188 1.26058 0.973599 0.958412 1.03586
0.997608 0.475655 1.32076 0.976875 0.961753 1.00716
0.951542 0.605604 1.25884 0.973665 0.958359 1.03616
0.936781 0.640799 1.21789 0.976908 0.961727 1.0073
0.939433 0.679444 1.17955 0.973698 0.958333 1.0363
0.966108 0.823509 1.12112 0.973714 0.958319 1.03638
0.951411 0.875148 1.11176 0.980151 0.965095 0.978453
0.920772 0.909148 1.08029 0.973731 0.958306 1.03645
0.896593 0.915735 1.02808 0.970761 0.964827 1.04115
0.907679 0.945521 0.98401 0.969276 0.968088 1.0435
0.940071 0.988243 0.96815 0.968534 0.969718 1.04468
1.00523 1.08161 0.954783 0.968163 0.970533 1.04527
1.04936 1.07016 0.948943 0.958963 1.00598 1.02489
1.0601 1.02055 0.967517 0.967791 0.971348 1.04585
1.05533 0.935767 1.03141 0.969287 0.957398 1.04403
end
gesture a08 hands 2
0.977378 0.598593 1.39415 0.95437 0.945597 1.06785
0.983381 0.598139 1.36497 0.948089 0.951872 1.0799
0.972049 0.623025 1.31255 0.965667 0.941644 1.05861
0.952469 0.656521 1.27921 0.956135 0.956293 1.06081
0.947623 0.680833 1.26779 0.941808 0.958146 1.09195
0.932889 0.690017 1.24587 0.946603 0.970942 1.06301
0.923197 0.73864 1.22304 0.949 0.97734 1.04854
0.89373 0.75701 1.17919 0.962982 0.957515 1.04895
0.879591 0.760866 1.12541 0.950199 0.980539 1.04131
0.89609 0.793744 1.08345 0.963582 0.959114 1.04534
0.915032 0.833876 1.07238 0.950798 0.982138 1.03769
0.936278 0.881266 1.05817 0.963881 0.959914 1.04353
0.955548 0.897289 1.04417 0.951098 0.982937 1.03588
0.957524 0.928657 1.04396 0.964031 0.960314 1.04263
0.996777 0.930975 1.0266 0.951248 0.983337 1.03498
1.0164 0.932134 1.01792 0.964106 0.960514 1.04217
1.02622 0.932714 1.01358 0.951323 0.983537 1.03452
1.03112 0.933003 1.01141 0.964144 0.960614 1.04195
0.996063 0.960702 1.01597 0.951361 0.983637 1.0343
1.01605 0.946998 1.0126 0.964162 0.960664 1.04183
1.02024 0.923077 1.02815 0.951379 0.983687 1.03418
1.02814 0.928185 1.01869 0.964172 0.960689 1.04178
1.03233 0.904264 1.03423 0.951389 0.983712 1.03413
1.03418 0.918778 1.02174 0.964176 0.960701 1.04175
1.03838 0.894857 1.03728 0.951393 0.983724 1.0341
1.0414 0.890154 1.0388 0.964179 0.960707 1.04173
1.03603 0.933293 1.00924 0.951396 0.983731 1.03408
1.04442 0.885451 1.04032 0.976964 0.93769 1.04937
1.03735 0.847991 1.08179 0.951398 0.983737 1.03407
end
gesture a08 hands 2
0.963869 0.638071 1.31405 0.959951 0.964761 1.03445
0.956809 0.63598 1.30112 0.957125 0.96626 1.06389
0.93921 0.663959 1.25502 0.964315 0.95886 1.07577
0.94448 0.648924 1.27161 0.965683 0.961549 1.06162
0.926881 0.676903 1.22551 0.963786 0.975977 1.05617
0.938315 0.655396 1.25685 0.967051 0.964238 1.04746
0.920717 0.683375 1.21076 0.968419 0.966927 1.03331
0.935233 0.658633 1.24947 0.965838 0.980011 1.03494
0.917634 0.686611 1.20338 0.969103 0.968272 1.02623
0.933692 0.66025 1.24578 0.96618 0.980683 1.0314
0.916093 0.688229 1.19969 0.969445 0.968944 1.02269
0.932921 0.661059 1.24394 0.966351 0.981019 1.02963
0.915323 0.689038 1.19784 0.969616 0.96928 1.02092
0.932536 0.661464 1.24302 0.966437 0.981187 1.02874
0.914937 0.689443 1.19692 0.969702 0.969448 1.02004
0.914745 0.689645 1.19646 0.966479 0.981272 1.0283
0.949749 0.63389 1.28819 0.969744 0.969532 1.01959
0.914552 0.689847 1.196 0.966501 0.981313 1.02808
0.885366 0.77063 1.15335 0.969766 0.969574 1.01937
0.866615 0.801264 1.11628 0.966511 0.981334 1.02797
0.86003 0.798674 1.05862 0.969776 0.969595 1.01926
0.871875 0.819943 1.00584 0.966517 0.981345 1.02792
0.892062 0.863699 0.978993 0.969782 0.969605 1.01921
0.935079 0.953464 0.971608 0.966519 0.98135 1.02789
0.965111 0.995433 0.95987 0.969784 0.969611 1.01918
1.01647 1.00858 0.942326 0.966521 0.981353 1.02787
1.05078 0.966621 0.955103 0.969786 0.969613 1.01916
1.05042 0.924147 0.989352 0.963257 0.993095 1.03657
1.02907 0.847039 1.07288 0.969787 0.969616 1.01915
end
gesture a08 hands 2
0.983005 0.589635 1.35513 0.964986 0.95497 1.03701
0.981684 0.607412 1.3317 0.964828 0.960865 1.03735
0.962706 0.633176 1.28662 0.961376 0.958516 1.0511
0.91552 0.753055 1.21581 0.961883 0.962361 1.04698
0.895317 0.782552 1.1765 0.96467 0.96676 1.0377
0.882625 0.766638 1.12495 0.96239 0.966206 1.04286
0.881917 0.744195 1.07197 0.96125 0.965929 1.04545
0.889673 0.759461 1.05091 0.960965 0.96586 1.0461
0.941419 0.844344 1.02833 0.959507 0.963996 1.05532
0.956011 0.844154 1.0175 0.96068 0.965791 1.04674
0.897428 0.774727 1.02985 0.960394 0.965721 1.04738
0.970604 0.843964 1.00667 0.960323 0.965704 1.04755
1.00092 0.944493 0.984682 0.95908 0.963892 1.05628
1.02235 0.928847 0.984086 0.960252 0.965687 1.04771
1.01581 0.871459 1.04252 0.96018 0.965669 1.04787
1.02979 0.892331 1.01301 0.960162 0.965665 1.04791
1.02325 0.834943 1.07144 0.958973 0.963866 1.05652
1.03351 0.874072 1.02746 0.960145 0.965661 1.04795
1.02697 0.816684 1.0859 0.960127 0.965656 1.04799
1.03537 0.864943 1.03469 0.960122 0.965655 1.048
1.02883 0.807555 1.09313 0.958946 0.96386 1.05658
1.0363 0.860379 1.03831 0.960118 0.965654 1.04801
1.02976 0.802991 1.09675 0.960113 0.965653 1.04802
1.03677 0.858096 1.04012 0.958939 0.963858 1.0566
1.03022 0.800708 1.09855 0.960111 0.965653 1.04802
1.037 0.856955 1.04102 0.957765 0.962063 1.06518
1.03046 0.799567 1.09946 0.960109 0.965652 1.04803
1.04378 0.913202 0.983489 0.964354 0.978549 1.03839
1.03069 0.798426 1.10036 0.962453 0.969242 1.03087
end
gesture a08 hands 2
0.95038 0.417515 1.31321 0.975986 0.881928 1.05993
0.945625 0.424668 1.28528 0.97908 0.892262 1.03219
0.939052 0.452214 1.23903 0.96652 0.873233 1.02936
0.927983 0.494973 1.20305 0.956274 0.883653 1.02779
0.914089 0.543484 1.18113 0.932328 0.899621 1.00195
0.890842 0.628688 1.15884 0.927921 0.951647 1.00573
0.875079 0.68003 1.14159 0.933666 1.00314 1.01372
0.864943 0.700185 1.12406 0.939062 1.00195 1.01628
0.877506 0.743644 1.09668 0.955688 0.947255 1.01584
0.866157 0.731992 1.10161 0.950073 0.974002 1.01734
0.87872 0.775452 1.07423 0.966699 0.919314 1.01691
0.866764 0.747896 1.09038 0.955579 0.960032 1.01788
0.879327 0.791355 1.06301 0.972204 0.905343 1.01744
0.867067 0.755848 1.08477 0.958331 0.953046 1.01814
0.879631 0.799307 1.05739 0.974956 0.898357 1.0177
0.867219 0.759824 1.08196 0.959708 0.949554 1.01828
0.879782 0.803283 1.05459 0.976333 0.894865 1.01784
0.867295 0.761812 1.08056 0.960396 0.947807 1.01834
0.879858 0.805271 1.05318 0.977021 0.893118 1.0179
0.867333 0.762806 1.07986 0.96074 0.946934 1.01838
0.879896 0.806265 1.05248 0.977365 0.892245 1.01794
0.879915 0.806762 1.05213 0.960912 0.946498 1.01839
0.854807 0.72034 1.10653 0.977537 0.891809 1.01795
0.879934 0.807259 1.05178 0.977623 0.89159 1.01796
0.954072 0.90906 1.03001 0.944459 1.00075 1.01885
0.985721 0.999354 1.03514 0.977709 0.891372 1.01797
1.02821 1.01086 1.00824 0.952523 0.84444 0.9925
1.04635 0.962761 0.989161 0.982662 0.878412 1.01427
1.04064 0.88696 1.0248 0.993524 0.880631 1.07234
end
gesture a08 hands 2
0.992178 0.368282 1.37267 0.972144 0.968848 1.06226
0.97484 0.405205 1.3041 0.967671 0.969313 1.07649
0.914175 0.537732 1.25684 0.959898 0.962147 1.05352
0.885123 0.571837 1.23103 0.956932 0.961431 1.06147
0.865109 0.600503 1.19071 0.963198 0.969778 1.09073
0.866605 0.619569 1.17388 0.953967 0.960715 1.06941
0.918122 0.704797 1.15657 0.947652 0.955445 1.04478
0.893111 0.671717 1.15681 0.944736 0.951652 1.04809
0.944628 0.756945 1.13949 0.956162 0.981638 1.06248
0.906364 0.69779 1.14827 0.951761 0.973408 1.05556
0.957882 0.783018 1.13096 0.942682 0.989444 1.06935
0.912991 0.710827 1.144 0.94736 0.965179 1.04864
0.964508 0.796055 1.12669 0.949698 0.953046 1.03829
0.916304 0.717346 1.14186 0.950868 0.94698 1.03311
0.967822 0.802574 1.12455 0.965036 0.944915 1.05349
0.917961 0.720605 1.1408 0.952037 0.940914 1.02793
0.969478 0.805833 1.12349 0.956628 0.954439 1.01476
0.918789 0.722234 1.14026 0.960281 0.948617 1.01482
0.970307 0.807462 1.12295 0.962107 0.945707 1.01485
0.919203 0.723049 1.14 0.96302 0.944251 1.01486
0.970721 0.808277 1.12269 0.963477 0.943524 1.01487
0.91941 0.723457 1.13986 0.963705 0.94316 1.01488
0.970928 0.808685 1.12255 0.963819 0.942978 1.01488
0.971031 0.808888 1.12249 0.929685 0.930749 1.01084
0.8681 0.638636 1.15704 0.963933 0.942796 1.01488
0.971135 0.809092 1.12242 0.961219 0.967964 1.00158
1.00206 0.838631 1.09132 0.96613 0.959347 1.01602
1.01504 0.786739 1.0834 0.998182 0.954843 1.01892
1.01408 0.762699 1.0971 0.971042 0.95073 1.03045
end
gesture a08 hands 2
0.979123 0.39191 1.38057 0.95905 0.962291 1.1047
0.966027 0.400081 1.35534 0.96541 0.963716 1.0759
0.953398 0.419283 1.30242 0.966787 0.991197 1.02373
0.942219 0.452189 1.25996 0.966856 0.972341 1.04069
0.88743 0.588434 1.20602 0.962724 0.968572 1.0765
0.866329 0.625053 1.16778 0.958036 0.967125 1.07111
0.860204 0.657786 1.12806 0.966926 0.953485 1.05765
0.866462 0.681279 1.11238 0.960137 0.959581 1.06168
0.903144 0.75519 1.10512 0.955309 0.953301 1.04487
0.887931 0.729981 1.1009 0.954329 0.959489 1.05529
0.924614 0.803892 1.09365 0.949501 0.953209 1.03848
0.898667 0.754332 1.09517 0.951425 0.959444 1.05209
0.935349 0.828243 1.08791 0.946596 0.953163 1.03528
0.904034 0.766508 1.0923 0.949973 0.959421 1.0505
0.940717 0.840419 1.08505 0.945144 0.95314 1.03369
0.906718 0.772595 1.09087 0.949247 0.959409 1.0497
0.9434 0.846506 1.08361 0.944418 0.953129 1.03289
0.90806 0.775639 1.09015 0.948884 0.959403 1.0493
0.944742 0.84955 1.0829 0.944055 0.953123 1.03249
0.908731 0.777161 1.08979 0.948702 0.9594 1.0491
0.945413 0.851072 1.08254 0.943874 0.95312 1.03229
0.909066 0.777922 1.08961 0.948611 0.959399 1.049
0.945749 0.851833 1.08236 0.943783 0.953118 1.03219
0.872719 0.704772 1.09669 0.953349 0.965678 1.06571
0.946084 0.852594 1.08218 0.943692 0.953117 1.03209
0.969803 0.900466 1.07142 0.950644 0.958901 0.996879
1.01439 0.920065 1.04544 0.966562 0.9694 0.999997
1.03523 0.870677 1.04184 0.966914 0.990984 1.01142
1.02936 0.800443 1.0846 0.959854 0.974504 1.03529
end
gesture a08 hands 2
0.976913 0.502562 1.26715 0.960025 0.955885 1.04369
0.975599 0.509351 1.23816 0.965083 0.950363 1.04394
0.963535 0.524843 1.18434 0.959695 0.960612 1.04822
0.956294 0.544266 1.1643 0.963918 0.956141 1.04849
0.941378 0.614481 1.14262 0.970142 0.944841 1.0442
0.945215 0.589085 1.14344 0.968141 0.951669 1.04875
0.9303 0.659301 1.12176 0.959365 0.965339 1.05276
0.939676 0.611494 1.13301 0.966141 0.958498 1.05331
0.92476 0.68171 1.11133 0.969529 0.955078 1.05359
0.936907 0.622699 1.12779 0.971223 0.953368 1.05373
0.921991 0.692915 1.10612 0.97207 0.952513 1.0538
0.935522 0.628302 1.12519 0.972282 0.952299 1.05382
0.920606 0.698518 1.10351 0.976164 0.943154 1.04925
0.934829 0.631103 1.12388 0.972494 0.952085 1.05383
0.919913 0.701319 1.1022 0.972705 0.951872 1.05385
0.934483 0.632503 1.12323 0.972758 0.951818 1.05386
0.919567 0.702719 1.10155 0.976482 0.942834 1.04928
0.93431 0.633204 1.12291 0.972811 0.951765 1.05386
0.919394 0.70342 1.10123 0.972864 0.951711 1.05387
0.919308 0.70377 1.10106 0.972877 0.951698 1.05387
0.949053 0.563688 1.14426 0.976561 0.942754 1.04928
0.919221 0.70412 1.1009 0.97289 0.951685 1.05387
0.899905 0.782274 1.02585 0.972904 0.951671 1.05387
0.90478 0.829807 1.00009 0.976581 0.942734 1.04928
0.933568 0.924063 1.01276 0.97291 0.951665 1.05387
0.955714 0.97742 1.01537 0.980258 0.933796 1.0447
0.997456 0.997205 0.987827 0.972917 0.951658 1.05387
1.02427 0.952607 0.986815 0.958706 0.974792 1.06182
1.0195 0.859016 1.04832 0.965577 0.969519 1.06303
end
gesture a08 hands 2
0.970737 0.477931 1.34847 0.957922 0.969108 1.08726
0.95874 0.485473 1.32206 0.95837 0.956098 1.0606
0.942393 0.517165 1.27658 0.957558 0.96375 1.06603
0.920815 0.603961 1.22531 0.962375 0.959483 1.03813
0.908896 0.652541 1.21631 0.959897 0.96474 1.06655
0.899237 0.690758 1.17404 0.963545 0.959978 1.03839
0.906667 0.71584 1.12586 0.961067 0.965235 1.06681
0.914217 0.734959 1.10828 0.96413 0.960226 1.03852
0.928856 0.784036 1.1076 0.961652 0.965482 1.06694
0.925311 0.769057 1.09915 0.964422 0.960349 1.03858
0.93995 0.818133 1.09847 0.961944 0.965606 1.067
0.930858 0.786106 1.09459 0.964568 0.960411 1.03861
0.945497 0.835182 1.0939 0.96209 0.965668 1.06703
0.933632 0.794631 1.09231 0.964642 0.960442 1.03863
0.94827 0.843707 1.09162 0.962164 0.965699 1.06705
0.935019 0.798893 1.09117 0.964678 0.960457 1.03864
0.949657 0.847969 1.09048 0.9622 0.965714 1.06706
0.935712 0.801024 1.0906 0.964697 0.960465 1.03865
0.950351 0.8501 1.08991 0.962219 0.965722 1.06707
0.936059 0.802089 1.09031 0.964706 0.960469 1.03865
0.950697 0.851165 1.08963 0.962228 0.965726 1.06707
0.950871 0.851698 1.08948 0.96471 0.960471 1.03865
0.921767 0.754079 1.09071 0.962232 0.965728 1.06707
0.951044 0.852231 1.08934 0.964713 0.960472 1.03865
0.966963 0.904673 1.08264 0.962235 0.965729 1.06707
0.992436 0.942927 1.0512 0.964714 0.960472 1.03865
1.02143 0.914168 1.02245 0.962236 0.965729 1.06707
1.02607 0.862084 1.04185 0.967193 0.955216 1.01023
1.01883 0.816629 1.07666 0.962237 0.96573 1.06707
end
gesture a08 hands 2
0.969593 0.562275 1.27066 0.974339 0.97649 1.06088
0.96632 0.568284 1.24159 0.973973 0.974199 1.04548
0.955356 0.596077 1.195 0.97253 0.975871 1.03138
0.944316 0.634349 1.16999 0.973607 0.971908 1.03009
0.921426 0.731298 1.13491 0.971853 0.966491 1.02833
0.90604 0.81752 1.06051 0.967002 0.966801 1.02695
0.915696 0.866422 1.037 0.969772 0.970837 1.02706
0.944743 0.960054 1.03547 0.965962 0.968974 1.02632
0.965286 1.00761 1.02434 0.968732 0.97301 1.02643
0.996713 0.994249 1.00826 0.965441 0.97006 1.026
1.00314 1.02993 0.994981 0.968212 0.974097 1.02611
1.01564 1.00541 0.993582 0.965181 0.970604 1.02584
1.00266 0.896618 1.05893 0.967952 0.97464 1.02595
1.0154 0.938752 1.02555 0.965051 0.970876 1.02576
1.00242 0.829961 1.0909 0.967821 0.974912 1.02587
1.01528 0.905424 1.04154 0.964986 0.971011 1.02572
1.0023 0.796633 1.10688 0.967756 0.975047 1.02583
1.01522 0.88876 1.04953 0.964954 0.971079 1.0257
1.00224 0.779969 1.11488 0.967724 0.975115 1.02581
1.01519 0.880428 1.05353 0.964937 0.971113 1.02569
1.00221 0.771637 1.11887 0.967707 0.975149 1.0258
1.01517 0.876262 1.05553 0.964929 0.97113 1.02569
1.00219 0.767471 1.12087 0.967699 0.975166 1.02579
1.01517 0.874179 1.05653 0.964925 0.971138 1.02568
1.00219 0.765388 1.12187 0.967695 0.975175 1.02579
1.01516 0.873137 1.05703 0.964923 0.971143 1.02568
1.00218 0.764346 1.12237 0.967693 0.975179 1.02579
1.02814 0.980887 0.992184 0.962151 0.967111 1.02557
1.00218 0.763305 1.12287 0.967691 0.975183 1.02579
end
gesture a08 hands 2
1.05101 0.473915 1.25001 0.929293 0.934521 1.01242
1.0407 0.488942 1.22738 0.933697 0.936118 1.02646
1.02614 0.53167 1.19426 0.939336 0.942025 1.04763
1.00436 0.606792 1.17332 0.938718 0.93987 1.04407
0.996196 0.62903 1.15805 0.944357 0.945777 1.06524
0.982579 0.681914 1.15237 0.941229 0.941747 1.05287
0.966252 0.726391 1.12183 0.946868 0.947654 1.07404
0.964644 0.774004 1.10042 0.942484 0.942685 1.05727
0.975618 0.837549 1.07569 0.948124 0.948592 1.07844
0.980959 0.85225 1.0751 0.943112 0.943154 1.05947
0.974217 0.886793 1.08833 0.948751 0.949061 1.08065
0.9863 0.866951 1.07451 0.943426 0.943389 1.06057
0.992342 0.857029 1.06759 0.949065 0.949296 1.08175
0.989467 0.879062 1.05927 0.943583 0.943506 1.06112
0.995362 0.852069 1.06414 0.949222 0.949413 1.0823
0.990978 0.876581 1.05754 0.943662 0.943564 1.0614
0.996873 0.849588 1.06241 0.949301 0.949471 1.08257
0.991733 0.875341 1.05668 0.943701 0.943594 1.06154
0.997628 0.848348 1.06154 0.94934 0.949501 1.08271
0.99211 0.874721 1.05625 0.94372 0.943608 1.06161
0.998005 0.847728 1.06111 0.949359 0.949515 1.08278
0.992299 0.874411 1.05603 0.94373 0.943616 1.06164
0.998194 0.847418 1.0609 0.949369 0.949523 1.08282
0.992394 0.874256 1.05592 0.943735 0.943619 1.06166
0.998289 0.847263 1.06079 0.949374 0.949526 1.08283
0.998336 0.847185 1.06073 0.949377 0.949528 1.08284
0.986593 0.901094 1.05095 0.938101 0.937716 1.0405
0.998383 0.847108 1.06068 0.949379 0.94953 1.08285
1.0055 0.802136 1.09258 0.931004 0.951017 1.13776
end
gesture a08 hands 2
1.01473 0.55888 1.28425 0.928649 0.950421 1.12949
1.01221 0.555036 1.25483 0.930665 0.951642 1.11486
1.00777 0.567309 1.19838 0.928017 0.954947 1.08538
0.998827 0.585818 1.18001 0.930349 0.953905 1.0928
0.982932 0.636425 1.16486 0.931502 0.954739 1.08146
0.986409 0.620376 1.16325 0.932091 0.953801 1.09084
0.970514 0.670984 1.14809 0.933244 0.954636 1.07949
0.980199 0.637655 1.15487 0.932963 0.953749 1.08986
0.964304 0.688263 1.13971 0.934115 0.954584 1.07851
0.977095 0.646294 1.15068 0.933398 0.953723 1.08937
0.9612 0.696903 1.13552 0.934551 0.954558 1.07802
0.975542 0.650614 1.14859 0.933616 0.95371 1.08913
0.959647 0.701222 1.13343 0.934768 0.954545 1.07778
0.974766 0.652774 1.14754 0.933725 0.953704 1.089
0.958871 0.703382 1.13238 0.934877 0.954538 1.07765
0.974378 0.653854 1.14701 0.933779 0.953701 1.08894
0.958483 0.704462 1.13185 0.934932 0.954535 1.07759
0.974184 0.654394 1.14675 0.933806 0.953699 1.08891
0.958289 0.705002 1.13159 0.934959 0.954534 1.07756
0.989885 0.604326 1.16165 0.934972 0.954533 1.07755
0.958095 0.705542 1.13133 0.932681 0.952863 1.10023
0.943891 0.74836 1.09413 0.934986 0.954532 1.07753
0.944666 0.794738 1.0725 0.936139 0.955366 1.06618
0.949525 0.840344 1.07187 0.936715 0.955783 1.0605
0.957073 0.896709 1.06612 0.927385 0.959473 1.04127
0.968357 0.888471 1.05325 0.937291 0.9562 1.05483
0.968393 0.931767 1.03004 0.952585 0.950568 1.06733
0.979641 0.880232 1.04038 0.947197 0.952927 1.06839
0.987728 0.833929 1.07578 0.94514 0.952423 1.06743
end
gesture a08 hands 2
1.01711 0.532984 1.25019 0.935026 0.960314 1.11971
1.00664 0.537654 1.22263 0.936085 0.960169 1.11297
0.994734 0.556619 1.17122 0.943699 0.957507 1.07761
0.985836 0.576859 1.15595 0.937144 0.960024 1.10624
0.971168 0.62825 1.14081 0.938203 0.959879 1.0995
0.974053 0.612675 1.14075 0.938468 0.959843 1.09782
0.959384 0.664066 1.1256 0.945287 0.95729 1.06751
0.968161 0.630583 1.13315 0.938733 0.959806 1.09614
0.953493 0.681974 1.118 0.938998 0.95977 1.09445
0.965215 0.639536 1.12935 0.939064 0.959761 1.09403
0.950547 0.690928 1.1142 0.945684 0.957236 1.06499
0.963742 0.644014 1.12745 0.93913 0.959752 1.09361
0.949074 0.695405 1.1123 0.939196 0.959743 1.09319
0.963006 0.646252 1.1265 0.939213 0.959741 1.09308
0.948337 0.697644 1.11135 0.945784 0.957222 1.06435
0.962638 0.647371 1.12602 0.93923 0.959738 1.09298
0.947969 0.698763 1.11088 0.939246 0.959736 1.09288
0.962454 0.647931 1.12578 0.93925 0.959736 1.09285
0.947785 0.699322 1.11064 0.945809 0.957219 1.0642
0.976938 0.597099 1.14069 0.939255 0.959735 1.09282
0.947601 0.699882 1.1104 0.939259 0.959735 1.0928
0.932787 0.739222 1.0717 0.93926 0.959734 1.09279
0.931164 0.786412 1.04806 0.945815 0.957218 1.06416
0.945621 0.886843 1.04917 0.939261 0.959734 1.09278
0.957165 0.939823 1.04263 0.939262 0.959734 1.09278
0.976151 0.916498 1.03404 0.945816 0.957218 1.06415
0.983833 0.947754 1.01196 0.939262 0.959734 1.09277
0.995136 0.893174 1.02545 0.952371 0.954701 1.03552
0.996527 0.84659 1.06077 0.939263 0.959734 1.09277
end
gesture a09 hands 2
1.02704 0.520863 1.32114 0.992288 0.973092 1.02957
1.016 0.541547 1.30271 0.995658 0.960701 1.00266
1.02794 0.576159 1.25831 0.971224 0.990491 0.997778
1.03347 0.625659 1.23498 0.956762 0.977176 1.03718
1.03345 0.717884 1.20718 0.950771 0.958103 1.10972
1.03644 0.763862 1.17478 0.938882 0.957538 1.11049
1.03061 0.78216 1.12136 0.9423 0.963861 1.07658
0.979822 0.787128 1.09706 0.934647 0.960418 1.09392
0.93792 0.821475 1.08994 0.931659 0.96533 1.06467
0.919356 0.874099 1.08019 0.929326 0.961152 1.08796
0.925954 0.921035 1.06083 0.926339 0.966064 1.05872
0.936028 0.93512 1.04019 0.926666 0.961519 1.08499
0.943412 0.969072 0.993882 0.923679 0.966432 1.05574
0.944758 0.959139 1.00672 0.925336 0.961703 1.0835
0.958119 0.967494 0.982202 0.922348 0.966615 1.05426
0.952111 0.958349 1.00088 0.924671 0.961795 1.08275
0.965472 0.966704 0.976362 0.921683 0.966707 1.05351
0.955787 0.957955 0.997956 0.924338 0.961841 1.08238
0.969148 0.96631 0.973442 0.921351 0.966753 1.05314
0.946103 0.949205 1.01955 0.924172 0.961864 1.0822
0.972825 0.965915 0.970523 0.921184 0.966776 1.05296
0.986186 0.97427 0.946009 0.924089 0.961875 1.0821
0.992867 0.978447 0.933752 0.921101 0.966788 1.05286
0.996207 0.980536 0.927624 0.924047 0.961881 1.08206
0.997877 0.981581 0.924559 0.92106 0.966793 1.05282
0.960871 1.01711 0.926934 0.926993 0.956974 1.11125
0.999547 0.982625 0.921495 0.921018 0.966799 1.05277
1.01532 0.937709 0.95087 0.948542 0.971182 1.00928
1.01742 0.904823 0.988224 0.980671 0.974527 1.0343
end
gesture a09 hands 2
1.00287 0.580512 1.38536 0.948441 0.968953 1.07259
1.03113 0.57124 1.38581 0.956642 0.96224 1.04482
1.06464 0.576978 1.36171 0.986846 0.96954 0.993815
1.0694 0.589869 1.3378 0.998312 0.979085 1.00802
1.06847 0.65805 1.30198 1.02832 0.97771 1.0134
1.07132 0.630404 1.30793 1.00978 0.988629 1.02222
1.07038 0.698586 1.27211 0.98317 0.989757 1.0152
1.07227 0.650672 1.293 0.96231 0.983839 1.03921
1.07134 0.718854 1.25718 0.957839 0.964914 1.06136
1.07275 0.660806 1.28553 0.941451 0.977921 1.06321
1.07182 0.728988 1.24972 0.918538 0.963611 1.07062
1.07299 0.665873 1.2818 0.944449 0.962125 1.06649
1.07206 0.734055 1.24598 0.957405 0.961382 1.06442
1.07311 0.668407 1.27993 0.947799 0.965107 1.04182
1.07218 0.736588 1.24412 0.963883 0.96101 1.06339
1.07416 0.602759 1.31388 0.951038 0.964921 1.04131
1.0723 0.739122 1.24225 0.967122 0.960824 1.06288
1.07807 0.768746 1.20044 0.952658 0.964828 1.04105
1.0534 0.776398 1.15356 0.968741 0.960731 1.06262
1.01168 0.794861 1.13415 0.953468 0.964782 1.04092
0.98391 0.832004 1.12169 0.969551 0.960685 1.06249
0.970312 0.877387 1.10749 0.953873 0.964759 1.04085
0.97165 0.928878 1.08485 0.969956 0.960661 1.06242
0.987935 0.963165 1.04363 0.954075 0.964747 1.04082
0.980513 0.970129 0.985719 0.970159 0.96065 1.06239
0.960866 0.9909 0.934108 0.954176 0.964741 1.04081
0.988224 0.954335 0.910568 0.97026 0.960644 1.06238
1.00166 0.912767 0.9421 0.938194 0.968833 1.01922
1.00298 0.880082 0.982343 0.970361 0.960638 1.06236
end
gesture a09 hands 2
1.00094 0.649486 1.33508 0.968451 0.966678 1.10143
1.01486 0.649742 1.3404 0.984908 0.971038 1.07694
1.03105 0.655614 1.28506 1.02564 0.976112 1.03407
1.02992 0.652806 1.31539 0.996365 0.982109 1.02254
1.0461 0.658677 1.26005 1.00578 1.00015 0.983968
1.03745 0.654338 1.30289 0.967089 0.988106 1.01102
1.05363 0.660209 1.24755 0.944764 0.974302 1.06418
1.04121 0.655104 1.29664 0.928409 0.966405 1.08456
1.0574 0.660975 1.24129 0.922631 0.968293 1.05609
1.05928 0.661358 1.23817 0.917343 0.963401 1.08051
1.02879 0.649998 1.34573 0.911564 0.965289 1.05204
1.06116 0.661741 1.23504 0.911809 0.961899 1.07849
1.04157 0.679148 1.18391 0.906031 0.963786 1.05001
1.02909 0.668655 1.24066 0.909042 0.961148 1.07747
1.03785 0.692979 1.28043 0.903265 0.963035 1.049
1.04789 0.727922 1.24255 0.907659 0.960772 1.07697
1.04947 0.823326 1.20147 0.901881 0.962659 1.0485
1.04665 0.85837 1.15728 0.906968 0.960584 1.07671
1.0161 0.872437 1.11565 0.90119 0.962472 1.04824
0.971372 0.895235 1.09493 0.906622 0.96049 1.07659
0.944069 0.932483 1.08139 0.900844 0.962378 1.04812
0.932152 0.977585 1.06533 0.906449 0.960443 1.07652
0.935842 1.02497 1.03972 0.900671 0.962331 1.04805
0.957127 1.04855 0.995018 0.912054 0.958509 1.10493
0.984818 1.03009 0.949265 0.900498 0.962284 1.04799
0.998042 1.06311 0.890417 0.906369 0.969751 0.996238
1.01251 1.01162 0.903513 0.962784 0.970009 0.981555
1.01054 0.941004 0.987634 0.998267 0.982809 1.00196
1.03624 0.789372 1.10987 1.02628 0.983534 1.03023
end
gesture a09 hands 2
0.973561 0.62099 1.30512 0.971027 0.908425 1.07193
0.95899 0.59606 1.31272 0.981957 0.917577 1.0669
0.929259 0.58753 1.31477 0.976921 0.880177 1.08013
0.934016 0.602526 1.29499 0.992887 0.926729 1.06186
0.94382 0.673935 1.2548 0.969962 0.945906 1.04054
0.941296 0.645728 1.265 0.991705 0.963769 1.05863
0.9511 0.717137 1.22481 1.00576 1.00007 1.0467
0.944936 0.667329 1.25001 0.980756 0.988329 1.02925
0.954741 0.738738 1.20982 0.964316 0.988706 1.02007
0.946756 0.67813 1.24251 0.997073 1.00703 1.01304
0.956561 0.749538 1.20233 1.01128 0.971614 1.00191
0.947666 0.68353 1.23876 1.02983 1.02535 1.00602
0.957471 0.754939 1.19858 1.00899 1.06038 0.976722
0.948121 0.68623 1.23689 0.998053 1.06811 0.950284
0.957926 0.757639 1.1967 0.971161 1.07985 0.952
0.958153 0.758989 1.19577 0.979138 1.07785 0.937923
0.938772 0.617522 1.2752 0.952247 1.08959 0.93964
0.958381 0.760339 1.19483 0.942789 1.09445 0.933459
0.97579 0.798638 1.16313 0.987116 1.07585 0.923845
0.974674 0.814075 1.11347 0.933332 1.09932 0.927279
0.937329 0.827776 1.0782 0.925096 1.13637 0.930256
0.903119 0.865104 1.06328 0.920978 1.15489 0.931745
0.890925 0.911494 1.05456 0.918919 1.16416 0.932489
0.898795 0.961523 1.03943 0.917889 1.16879 0.932861
0.968093 1.01703 0.965819 0.917375 1.1711 0.933047
1.00622 1.0963 0.899064 0.917117 1.17226 0.93314
1.03739 1.07253 0.892207 0.916989 1.17284 0.933187
1.04341 1.02862 0.928273 0.885227 1.13281 0.930177
1.04307 0.995375 0.966189 0.91686 1.17342 0.933233
end
gesture a09 hands 2
1.05458 0.571005 1.44159 0.978568 1.14965 1.08891
1.02682 0.575789 1.43165 0.979973 1.12084 1.08765
0.981795 0.59293 1.42205 0.994339 1.06677 1.10028
0.991236 0.612933 1.37093 1.00219 1.00867 1.10483
1.00357 0.726311 1.26677 1.0022 0.952862 1.11426
0.982887 0.740157 1.21858 0.993931 0.931912 1.08499
0.944524 0.768352 1.19521 0.983495 0.942067 1.13564
0.923118 0.813896 1.18217 1.02008 0.95463 1.10352
0.922078 0.860318 1.16649 1.02197 0.970229 1.04687
0.979295 0.954118 1.04662 0.982158 0.981187 1.00422
1.01233 0.97535 1.00766 0.948512 0.966957 0.959654
1.02669 0.955174 1.00992 0.891834 0.982869 0.953006
1.02163 0.906891 1.0604 0.840378 1.00504 0.972546
1.03135 0.920945 1.03629 0.837296 1.02832 0.958232
1.02629 0.872662 1.08678 0.86574 1.00819 0.983297
1.03367 0.903831 1.04948 0.849977 1.02989 0.963607
1.02861 0.855548 1.09996 0.878421 1.00976 0.988672
1.03484 0.895273 1.05608 0.856318 1.03068 0.966295
1.02978 0.84699 1.10656 0.884762 1.01054 0.99136
1.03542 0.890995 1.05937 0.859488 1.03107 0.967639
1.03036 0.842712 1.10985 0.887932 1.01094 0.992704
1.03571 0.888855 1.06102 0.861073 1.03127 0.968311
1.03065 0.840572 1.1115 0.889517 1.01113 0.993376
1.03585 0.887786 1.06185 0.861866 1.03137 0.968647
1.03079 0.839503 1.11233 0.890309 1.01123 0.993712
1.03593 0.887251 1.06226 0.862262 1.03142 0.968815
1.03087 0.838968 1.11274 0.890706 1.01128 0.99388
1.04106 0.934999 1.01219 0.834215 1.0516 0.943918
1.03094 0.838433 1.11315 0.891102 1.01133 0.994048
end
gesture a09 hands 2
0.985424 0.597548 1.37089 1.05213 0.943321 1.05793
0.988804 0.606406 1.3428 1.03811 0.956085 1.08092
0.993362 0.637329 1.30289 1.01793 0.923258 1.06987
1.00225 0.717757 1.24366 1.01625 0.978464 1.06572
0.990225 0.742663 1.19813 0.997836 0.999366 1.01443
0.952362 0.76381 1.17082 0.947722 1.00302 0.984426
0.923863 0.804304 1.16036 0.921735 0.990867 0.944423
0.914011 0.855335 1.15202 0.881798 0.988977 0.983682
0.926415 0.902536 1.13345 0.844464 0.982022 1.02896
0.960007 0.912008 1.0877 0.834719 1.00308 1.01405
0.97703 0.922289 1.0331 0.800432 1.01682 1.02199
1.00952 0.927678 0.993585 0.812703 1.02048 1.01056
1.01981 0.976349 0.943684 0.885892 0.985276 1.04501
1.03092 0.954708 0.948877 0.855433 1.00471 1.02207
1.02713 0.888876 1.03613 0.928622 0.969504 1.05652
1.03458 0.910971 0.995099 0.876798 0.996822 1.02783
1.0308 0.84514 1.08235 0.949986 0.961619 1.06227
1.03641 0.889103 1.01821 0.887481 0.992879 1.0307
1.03263 0.823271 1.10546 0.960669 0.957676 1.06515
1.03732 0.878169 1.02977 0.892822 0.990908 1.03214
1.03354 0.812337 1.11701 0.96601 0.955704 1.06659
1.03778 0.872702 1.03554 0.895492 0.989922 1.03286
1.034 0.80687 1.12279 0.96868 0.954719 1.06731
1.03801 0.869968 1.03843 0.896828 0.989429 1.03322
1.03423 0.804137 1.12568 0.970016 0.954226 1.06767
1.03813 0.868601 1.03988 0.897495 0.989183 1.0334
1.03435 0.80277 1.12713 0.970683 0.953979 1.06785
1.04202 0.933066 0.954071 0.824975 1.02414 0.999133
1.03446 0.801403 1.12857 0.971351 0.953733 1.06803
end
gesture a09 hands 2
1.09716 0.569156 1.36765 0.987904 0.976356 0.999117
1.08849 0.574965 1.33953 0.986515 0.971536 1.02843
1.08479 0.633552 1.27054 0.991774 0.966907 1.02794
1.05867 0.761699 1.18608 0.980181 0.987743 1.01615
1.04951 0.796592 1.14868 0.978183 1.00527 0.996313
1.03568 0.81196 1.1316 0.968587 1.00858 1.00436
0.98736 0.901801 1.0952 0.952323 0.977112 1.0222
1.0046 0.864565 1.10486 0.971401 0.975397 1.05165
0.956286 0.954405 1.06846 0.956854 0.977049 1.05052
0.989063 0.890867 1.09149 0.955702 0.96717 1.04192
0.940748 0.980708 1.05509 0.936059 0.945643 1.04005
0.981294 0.904018 1.0848 0.95455 0.957292 1.03332
0.93298 0.993859 1.0484 0.963796 0.963116 1.02996
0.97741 0.910594 1.08146 0.968418 0.966029 1.02828
0.929095 1.00043 1.04506 0.942306 0.9787 1.0494
0.975468 0.913882 1.07979 0.973041 0.968941 1.0266
0.927153 1.00372 1.04339 0.970852 0.97625 1.02608
0.974497 0.915526 1.07895 0.969757 0.979905 1.02583
0.926182 1.00537 1.04256 0.96921 0.981732 1.0257
0.925697 1.00619 1.04214 0.968937 0.982646 1.02563
1.02184 0.827329 1.11451 0.969433 0.979977 1.03978
0.925211 1.00701 1.04172 0.969681 0.978642 1.04686
0.930679 1.05138 1.01613 0.969805 0.977975 1.05039
0.947964 1.08619 0.97712 0.969867 0.977641 1.05216
0.950866 1.11635 0.866922 0.948552 1.01176 1.05874
0.958667 1.10649 0.812247 0.958607 0.99766 1.04216
0.995081 1.06674 0.807747 0.969929 0.977307 1.05393
1.01521 1.0205 0.834465 0.968663 0.98356 1.02557
1.02935 0.953504 0.913501 0.991306 0.942855 1.04912
end
gesture a09 hands 2
1.12158 0.567144 1.42255 0.99778 0.93376 1.04542
1.11521 0.570165 1.39342 0.978976 0.949626 1.02694
1.1055 0.577211 1.33998 0.989958 0.960916 1.05413
1.09269 0.612506 1.30196 0.972562 0.96088 1.03473
1.07996 0.654646 1.2653 0.960172 0.965492 1.00845
1.0706 0.671965 1.24552 0.955167 0.960843 1.01533
1.02385 0.778396 1.1958 0.965805 0.986797 1.05073
1.04254 0.73384 1.21077 0.961028 0.999384 1.03233
0.9958 0.84027 1.16105 0.958632 0.990163 1.03752
1.02852 0.764778 1.1934 0.957433 0.985552 1.04012
0.981774 0.871208 1.14368 0.950163 0.956194 1.02222
1.0215 0.780246 1.18471 0.956235 0.980942 1.04271
0.97476 0.886676 1.13499 0.959271 0.993316 1.05296
1.018 0.787981 1.18036 0.960789 0.999503 1.05808
0.971254 0.894411 1.13064 0.961548 1.0026 1.06064
1.01624 0.791848 1.17819 0.961927 1.00414 1.06192
0.9695 0.898278 1.12847 0.956252 1.01197 1.01393
1.01537 0.793781 1.17711 0.956643 1.00864 1.03585
0.968624 0.900211 1.12739 0.962307 1.00569 1.0632
0.968185 0.901178 1.12684 0.957034 1.0053 1.05776
1.06123 0.689285 1.22574 0.963241 0.995553 1.0327
0.967747 0.902145 1.1263 0.966771 0.978211 1.00655
0.975949 0.945639 1.0913 0.969448 0.985807 1.00764
0.987138 0.979586 1.04443 0.975448 0.975137 1.0343
0.983785 1.00205 0.99085 0.978448 0.969801 1.04764
0.960772 1.0242 0.94292 0.944475 0.963477 1.03856
0.959322 1.05832 0.837717 0.964321 0.961242 1.03512
0.995849 1.01675 0.858175 0.981448 0.964466 1.06097
1.03207 0.8974 0.994177 0.984166 0.959007 1.03167
end
gesture a09 hands 2
1.11423 0.56025 1.4354 0.98212 0.956594 1.06661
1.10973 0.557076 1.40595 0.974589 0.957496 1.05202
1.10742 0.569156 1.34972 0.97354 0.962983 1.03878
1.0943 0.62579 1.29459 0.967057 0.958398 1.03742
1.06144 0.664228 1.26963 0.968313 0.955835 1.03265
1.07131 0.673325 1.25455 0.952577 0.943663 1.02834
1.03845 0.711764 1.22959 0.957453 0.944783 1.02584
1.05981 0.697093 1.23453 0.969568 0.953271 1.02788
1.02696 0.735532 1.20957 0.962328 0.945903 1.02334
1.05406 0.708977 1.22452 0.958708 0.942219 1.02107
1.02121 0.747416 1.19956 0.950383 0.942192 1.02492
1.05119 0.71492 1.21951 0.938097 0.928927 1.01926
1.01833 0.753358 1.19456 0.942057 0.942165 1.02877
1.04975 0.717891 1.21701 0.955088 0.938535 1.0188
1.0169 0.756329 1.19205 0.955124 0.94985 1.02704
1.04903 0.719376 1.21576 0.946017 0.955404 1.03828
1.01618 0.757815 1.1908 0.955159 0.961165 1.03528
1.04867 0.720119 1.21513 0.95973 0.964045 1.03378
1.01582 0.758557 1.19018 0.962016 0.965486 1.03303
1.08117 0.682423 1.23946 0.963158 0.966206 1.03266
1.01546 0.7593 1.18955 0.96373 0.966566 1.03247
0.999381 0.861145 1.12532 0.964015 0.966746 1.03237
0.97624 0.930823 1.10407 0.964158 0.966836 1.03233
0.983302 0.96299 1.0611 0.97208 0.948143 1.01834
0.97594 1.00906 0.953276 0.964301 0.966926 1.03228
0.998561 0.985809 0.915434 0.953937 0.981882 1.0573
1.01713 0.941205 0.936191 0.956522 0.98571 1.04622
1.02505 0.905433 0.977012 0.958045 0.968059 1.05187
1.02949 0.887034 1.00028 0.987231 0.966287 1.03714
end
gesture a09 hands 2
1.01488 0.697744 1.23064 0.966097 0.979125 1.01944
1.01792 0.710088 1.20372 0.963481 0.971123 1.02427
1.03991 0.719757 1.15301 0.966503 0.961088 1.04297
1.01554 0.73669 1.10377 0.963685 0.962104 1.03603
0.950545 0.808154 1.04778 0.962357 0.967062 1.05006
0.930771 0.910081 1.02447 0.961612 0.965091 1.03958
0.94565 0.957223 1.01528 0.960285 0.970049 1.05361
0.978763 0.995387 1.00382 0.960575 0.966585 1.04135
1.01773 1.00032 0.967199 0.959248 0.971543 1.05538
0.91706 0.98137 0.925206 0.960057 0.967332 1.04224
0.920002 0.97405 0.896429 0.95873 0.97229 1.05627
0.939968 0.95524 0.90667 0.959798 0.967705 1.04269
0.963051 0.870963 1.01833 0.958471 0.972664 1.05672
0.961493 0.903697 0.967623 0.959669 0.967892 1.04291
0.984576 0.819419 1.07929 0.958341 0.97285 1.05694
0.972255 0.877925 0.998099 0.959604 0.967985 1.04302
0.995338 0.793647 1.10976 0.958277 0.972944 1.05705
0.977636 0.865039 1.01334 0.959571 0.968032 1.04307
1.00072 0.780761 1.125 0.958244 0.97299 1.0571
0.980326 0.858596 1.02096 0.959555 0.968055 1.0431
1.00341 0.774318 1.13262 0.958228 0.973014 1.05713
0.981672 0.855374 1.02477 0.959547 0.968067 1.04312
1.00475 0.771096 1.13643 0.95822 0.973025 1.05715
0.982344 0.853764 1.02667 0.959543 0.968073 1.04312
1.00543 0.769486 1.13834 0.958216 0.973031 1.05715
0.982681 0.852958 1.02762 0.959541 0.968076 1.04313
1.00576 0.76868 1.13929 0.958214 0.973034 1.05716
0.959934 0.936431 0.916911 0.960866 0.96312 1.0291
1.0061 0.767875 1.14024 0.958212 0.973037 1.05716
end
gesture a09 hands 2
1.0248 0.544283 1.36261 0.965719 0.963892 1.05061
1.03314 0.547687 1.33436 0.97311 0.966161 1.03443
1.05131 0.568011 1.28324 0.985426 0.969445 1.02874
1.08021 0.627846 1.18895 0.982963 0.968937 1.0235
1.06309 0.658841 1.14758 0.977004 0.969866 1.03232
1.02153 0.682133 1.11981 0.978753 0.969148 1.02529
0.982259 0.717111 1.10352 0.972793 0.970077 1.03412
0.940705 0.814063 1.08668 0.976647 0.969253 1.02619
0.965634 0.914274 1.07796 0.970688 0.970182 1.03501
1.0059 0.949711 1.07188 0.975595 0.969306 1.02663
1.05633 0.961104 1.05041 0.969635 0.970235 1.03546
1.03798 0.94456 1.03817 0.975068 0.969332 1.02686
0.983963 0.938596 1.01855 0.969109 0.970261 1.03569
1.0018 0.933306 1.02225 0.974805 0.969345 1.02697
0.94778 0.927343 1.00262 0.968846 0.970274 1.0358
0.98371 0.927679 1.01428 0.974674 0.969352 1.02703
0.929689 0.921716 0.994659 0.968714 0.970281 1.03585
0.974664 0.924866 1.0103 0.974608 0.969355 1.02706
0.920643 0.918902 0.990677 0.968649 0.970284 1.03588
0.970141 0.923459 1.00831 0.974575 0.969357 1.02707
0.91612 0.917496 0.988686 0.968616 0.970285 1.0359
0.96788 0.922756 1.00731 0.974558 0.969358 1.02708
0.913858 0.916792 0.987691 0.968599 0.970286 1.0359
0.912728 0.916441 0.987193 0.980501 0.96843 1.01826
1.01964 0.928016 1.02594 0.968583 0.970287 1.03591
0.911597 0.916089 0.986695 0.962623 0.971216 1.04474
0.915682 0.891026 0.959723 0.959643 0.97168 1.04915
0.950783 0.849139 0.977849 0.948438 0.967 1.04113
0.96934 0.807378 1.01636 0.956664 0.972145 1.05356
end
gesture a09 hands 2
1.01223 0.639665 1.29625 0.972876 0.968462 1.02782
1.04899 0.707907 1.18046 0.971876 0.970009 1.02301
1.04013 0.741744 1.13592 0.961498 0.972951 1.0193
0.964836 0.797583 1.07442 0.970876 0.971556 1.0182
0.934216 0.839167 1.06107 0.969877 0.973103 1.01339
0.918004 0.943179 1.04529 0.969627 0.973489 1.01219
0.935186 0.989511 1.03972 0.959998 0.975271 1.01209
0.975961 1.02752 1.03003 0.969377 0.973876 1.01099
1.0255 1.0328 1.01076 0.969127 0.974263 1.00978
1.01169 0.993605 0.976099 0.969064 0.97436 1.00948
0.962821 0.978038 0.953081 0.959623 0.975851 1.01028
0.917864 0.975044 0.915404 0.969002 0.974456 1.00918
0.94758 0.934531 0.894966 0.968939 0.974553 1.00888
0.96215 0.914396 0.90802 0.968924 0.974577 1.00881
0.97164 0.846722 1.00179 0.95953 0.975996 1.00984
0.974181 0.870491 0.961431 0.968908 0.974602 1.00873
0.983671 0.802817 1.0552 0.968893 0.974626 1.00865
0.980196 0.848539 0.988136 0.968889 0.974632 1.00864
0.989686 0.780864 1.0819 0.959506 0.976033 1.00972
0.983203 0.837563 1.00149 0.968885 0.974638 1.00862
0.992693 0.769888 1.09526 0.968881 0.974644 1.0086
0.984707 0.832075 1.00817 0.96888 0.974645 1.00859
0.994197 0.7644 1.10193 0.9595 0.976042 1.00969
0.985459 0.829331 1.0115 0.968879 0.974647 1.00859
0.994949 0.761656 1.10527 0.968878 0.974648 1.00858
0.985835 0.827959 1.01317 0.959499 0.976044 1.00969
0.995325 0.760284 1.10694 0.968878 0.974649 1.00858
0.976721 0.894261 0.921073 0.95012 0.97744 1.01079
0.995701 0.758912 1.10861 0.968877 0.97465 1.00858
end
gesture a09 hands 2
1.05931 0.667465 1.20646 0.965188 0.945787 1.00626
1.04707 0.686434 1.18729 0.96871 0.966524 1.00758
1.03538 0.722147 1.14419 0.985393 0.964464 0.994891
1.03339 0.80614 1.09204 0.978812 0.975863 1.0019
1.00834 0.869693 1.08461 0.972903 0.958126 1.02178
1.00005 0.863539 1.05508 0.972567 0.972694 1.01534
1.0314 0.890134 1.0399 0.966657 0.954957 1.03522
0.988714 0.88673 1.02568 0.969445 0.971109 1.02206
0.991759 0.857386 1.02555 0.963535 0.953372 1.04194
0.946028 0.883327 1.01147 0.967883 0.970317 1.02542
0.93387 0.939878 1.00644 0.961973 0.95258 1.0453
0.927792 0.968153 1.00392 0.967103 0.969921 1.0271
0.924752 0.98229 1.00267 0.961193 0.952184 1.04698
0.923993 0.985825 1.00235 0.966712 0.969723 1.02794
0.920338 1.01501 0.990709 0.960802 0.951986 1.04782
0.923233 0.989359 1.00204 0.966517 0.969624 1.02836
0.922473 0.992894 1.00172 0.960607 0.951887 1.04824
0.922283 0.993777 1.00165 0.96642 0.969574 1.02857
0.919198 1.02031 0.990237 0.96051 0.951838 1.04845
0.922093 0.994661 1.00157 0.972232 0.987261 1.0089
0.921903 0.995544 1.00149 0.960412 0.951788 1.04866
0.921855 0.995765 1.00147 0.953631 0.955088 1.0642
0.918913 1.02163 0.990119 0.95024 0.956739 1.07196
0.921808 0.995986 1.00145 0.947849 0.950535 1.10576
0.92176 0.996207 1.00143 0.946849 0.958389 1.07973
0.921737 0.996318 1.00142 0.932281 0.962436 1.05216
0.915924 1.04772 0.97875 0.945848 0.966243 1.0537
0.921713 0.996428 1.00141 0.941513 0.966865 1.05322
0.952146 0.932685 1.04548 0.957391 0.957801 1.02945
end
gesture a09 hands 2
1.09269 0.572782 1.26481 0.967911 0.933645 1.02517
1.06462 0.578299 1.25625 0.940503 0.945301 1.02464
1.03744 0.613129 1.21674 0.941714 0.961481 1.02344
1.02213 0.659092 1.19261 0.936556 0.955717 1.05541
1.01782 0.712284 1.17465 0.951308 0.938729 1.07268
1.01966 0.723068 1.14412 0.942711 0.943839 1.08
1.0335 0.759477 1.15015 0.931399 0.949954 1.08739
1.00204 0.750449 1.1266 0.932757 0.949452 1.08736
1.0215 0.733853 1.11359 0.934217 0.943157 1.07387
0.970575 0.741421 1.10305 0.934165 0.946053 1.0806
0.944536 0.787919 1.09092 0.935625 0.939759 1.06711
0.941873 0.841236 1.07543 0.93487 0.944354 1.07722
0.940542 0.867895 1.06768 0.93633 0.93806 1.06374
0.940209 0.87456 1.06575 0.935222 0.943505 1.07553
0.932793 0.908363 1.05775 0.936682 0.937211 1.06205
0.939877 0.881225 1.06381 0.935398 0.94308 1.07469
0.939544 0.887889 1.06188 0.936858 0.936786 1.0612
0.939461 0.889555 1.06139 0.935486 0.942867 1.07427
0.932293 0.91836 1.05484 0.936946 0.936573 1.06078
0.939377 0.891222 1.06091 0.93553 0.942761 1.07406
0.939294 0.892888 1.06042 0.93699 0.936467 1.06057
0.939273 0.893304 1.0603 0.935552 0.942708 1.07395
0.932169 0.920859 1.05412 0.937012 0.936414 1.06047
0.939253 0.893721 1.06018 0.935563 0.942682 1.0739
0.939232 0.894138 1.06006 0.937023 0.936388 1.06041
0.932137 0.921484 1.05394 0.935569 0.942668 1.07387
0.939221 0.894346 1.06 0.937029 0.936374 1.06039
0.925043 0.948831 1.04781 0.934114 0.948949 1.08733
0.939211 0.894554 1.05994 0.937034 0.936361 1.06036
end
gesture a09 hands 2
1.11776 0.634066 1.27353 0.952295 0.941345 1.02766
1.09553 0.63996 1.25496 0.959237 0.941876 1.02501
1.07714 0.663055 1.20479 0.952785 0.948033 1.03565
1.06681 0.681902 1.18678 0.957025 0.94816 1.03294
1.0541 0.754153 1.15622 0.966178 0.942407 1.02236
1.05529 0.727451 1.16249 0.961265 0.948287 1.03023
1.04258 0.799702 1.13194 0.953275 0.954722 1.04364
1.04954 0.750226 1.15035 0.956352 0.954168 1.03809
1.03682 0.822477 1.11979 0.95789 0.953891 1.03531
1.04665 0.761613 1.14428 0.958659 0.953752 1.03392
1.03394 0.833864 1.11372 0.959044 0.953682 1.03323
1.04521 0.767306 1.14125 0.95914 0.953665 1.03305
1.0325 0.839557 1.11069 0.969552 0.948576 1.02514
1.04449 0.770153 1.13973 0.959236 0.953648 1.03288
1.03178 0.842404 1.10917 0.959332 0.95363 1.0327
1.04413 0.771577 1.13897 0.959356 0.953626 1.03266
1.03142 0.843828 1.10841 0.969696 0.94855 1.02488
1.05649 0.700749 1.16877 0.95938 0.953622 1.03262
1.03106 0.845251 1.10765 0.959404 0.953617 1.03257
1.04488 0.843466 1.06737 0.969733 0.948543 1.02482
0.996696 0.818403 1.05889 0.959416 0.953615 1.03255
0.972583 0.832267 1.05389 0.959422 0.953614 1.03254
0.963103 0.912576 1.0304 0.980061 0.943469 1.01706
0.94847 0.846131 1.0489 0.959428 0.953613 1.03253
0.943874 0.882839 1.0472 0.954255 0.9681 1.05963
0.941577 0.901193 1.04636 0.954759 0.968839 1.0537
0.940428 0.91037 1.04593 0.938795 0.963758 1.048
0.92951 1.00675 1.00191 0.955263 0.969578 1.04778
0.939279 0.919547 1.04551 0.952417 0.958996 1.0493
end
gesture a09 hands 2
1.00469 0.567849 1.35427 0.973583 0.961533 1.05572
1.01796 0.574996 1.38001 0.97013 0.963772 1.04864
1.06506 0.576254 1.34996 0.97075 0.9673 1.04232
1.06836 0.595786 1.29653 0.966677 0.966012 1.04156
1.05166 0.624356 1.25543 0.963224 0.968251 1.03448
1.03788 0.641532 1.24228 0.965571 0.970659 1.0317
1.02174 0.711101 1.22031 0.961497 0.969371 1.03094
1.02292 0.684905 1.22472 0.964707 0.971219 1.02993
1.00677 0.754474 1.20275 0.960634 0.969931 1.02917
1.01544 0.706591 1.21594 0.964276 0.971499 1.02905
0.999294 0.776161 1.19397 0.960202 0.970211 1.02828
1.0117 0.717434 1.21155 0.96406 0.971639 1.02861
0.995553 0.787004 1.18958 0.959987 0.970351 1.02784
1.00983 0.722856 1.20935 0.963952 0.971708 1.02838
0.993683 0.792425 1.18738 0.959879 0.970421 1.02762
1.0089 0.725567 1.20826 0.963898 0.971743 1.02828
0.992748 0.795136 1.18629 0.959825 0.970456 1.02751
0.992281 0.796492 1.18574 0.963871 0.971761 1.02822
1.02411 0.658708 1.22913 0.959798 0.970474 1.02745
0.991813 0.797847 1.18519 0.963858 0.97177 1.02819
1.01142 0.845587 1.16417 0.959785 0.970482 1.02743
1.03675 0.879451 1.12852 0.963851 0.971774 1.02818
1.04167 0.898158 1.07809 0.959778 0.970487 1.02741
1.00901 0.922318 1.03832 0.963847 0.971776 1.02817
0.935392 0.994204 0.988295 0.959774 0.970489 1.02741
0.91432 1.01905 0.942627 0.963846 0.971777 1.02817
0.955113 0.988316 0.926586 0.959773 0.97049 1.0274
0.986482 0.950722 0.949797 0.967917 0.973066 1.02893
1.00135 0.914857 0.98912 0.959771 0.970491 1.0274
end
gesture a09 hands 2
1.04862 0.649115 1.34435 0.966832 0.969435 1.03163
1.0353 0.665034 1.32368 0.962586 0.967098 1.00233
1.04145 0.667438 1.28865 0.97088 0.965808 0.995759
1.0529 0.683103 1.23615 0.982233 0.963336 1.02462
1.04128 0.713646 1.18961 0.965648 0.966969 1.04852
1.01471 0.748609 1.15956 0.993586 0.960865 1.05348
0.97574 0.838955 1.12688 0.991604 0.96443 1.02651
0.978337 0.886636 1.11121 0.979534 0.97733 1.03586
1.02205 0.959061 1.05872 0.990613 0.966213 1.01303
1.02791 0.977732 1.00525 0.979038 0.978221 1.02912
1.00014 0.995664 0.961007 0.990118 0.967104 1.00629
0.952495 1.04381 0.895113 0.978791 0.978667 1.02574
0.88183 1.08973 0.874655 0.98987 0.96755 1.00292
0.913884 1.07263 0.859619 0.978667 0.97889 1.02406
0.904851 1.09196 0.829218 0.989746 0.967773 1.00123
0.925395 1.07374 0.8369 0.978605 0.979002 1.02322
0.945828 1.04246 0.874645 0.989684 0.967885 1.00039
0.945883 1.04899 0.859614 0.978574 0.979057 1.02279
0.966317 1.01772 0.897359 0.989653 0.96794 0.999968
0.956128 1.03662 0.870971 0.978559 0.979085 1.02258
0.976562 1.00534 0.908715 0.989637 0.967968 0.999757
0.96125 1.03043 0.876649 0.978551 0.979099 1.02248
0.981684 0.999155 0.914394 0.98963 0.967982 0.999652
0.963811 1.02734 0.879488 0.978547 0.979106 1.02243
0.984245 0.996062 0.917233 0.989626 0.967989 0.9996
0.945938 1.05552 0.844583 0.978545 0.97911 1.0224
0.986806 0.992968 0.920072 0.989624 0.967993 0.999573
0.992223 0.960354 0.964026 0.967464 0.99023 1.0452
1.00068 0.886217 1.05129 0.989622 0.967996 0.999547
end
gesture a09 hands 2
1.01286 0.505548 1.38269 0.975849 0.958915 0.974089
1.02849 0.507552 1.35754 0.976175 0.960639 1.0037
1.01943 0.527413 1.30557 0.985063 0.959735 1.05987
0.997481 0.563688 1.27483 0.966025 0.977189 1.02186
0.97033 0.66096 1.23847 0.971504 0.97684 1.03436
0.979833 0.709849 1.223 0.978046 0.979285 1.0348
0.999844 0.747283 1.20138 0.968311 0.972296 1.00713
1.01849 0.780012 1.16347 0.976449 0.977013 1.02118
1.00924 0.805544 1.11462 0.966714 0.970024 0.993507
0.95191 0.873949 1.04529 0.975651 0.975878 1.01437
0.922898 0.914041 1.02491 0.965916 0.968888 0.986697
0.906948 0.967865 1.01637 0.975252 0.97531 1.01096
0.905368 1.01733 1.01024 0.965517 0.96832 0.983293
0.932242 1.06303 0.998156 0.975052 0.975026 1.00926
0.979283 1.0799 0.976367 0.965317 0.968036 0.98159
1.01472 1.05565 0.941465 0.974952 0.974884 1.00841
0.977946 1.02599 0.90939 0.965218 0.967894 0.980739
0.924313 1.03745 0.89572 0.974903 0.974813 1.00799
0.877341 1.06957 0.883893 0.965168 0.967823 0.980314
0.827382 1.08783 0.866408 0.974878 0.974777 1.00777
0.912572 1.01299 0.881151 0.965143 0.967788 0.980101
0.929241 0.997256 0.896018 0.974865 0.974759 1.00767
0.952455 0.925656 0.975301 0.965131 0.96777 0.979995
0.949182 0.953588 0.943093 0.974859 0.974751 1.00761
0.972396 0.881989 1.02238 0.965124 0.967761 0.979941
0.959153 0.931755 0.96663 0.974856 0.974746 1.00759
0.982366 0.860155 1.04591 0.965121 0.967757 0.979915
0.94591 0.981521 0.910885 0.984587 0.981731 1.03523
0.992337 0.838322 1.06945 0.965118 0.967752 0.979888
end
gesture a09 hands 2
1.06105 0.670058 1.3193 0.967187 0.945778 1.0395
1.08177 0.690654 1.32601 0.975844 0.937496 1.04325
1.09345 0.690719 1.26909 0.954047 0.95314 1.06539
1.08082 0.701586 1.21477 0.969274 0.941177 1.0562
1.04526 0.720444 1.17423 0.959392 0.964345 1.0562
1.01274 0.754284 1.14934 0.971947 0.94678 1.0516
0.996819 0.800846 1.13161 0.962064 0.969948 1.0516
0.999928 0.850198 1.11399 0.973283 0.949581 1.0493
1.03055 0.886371 1.09334 0.963401 0.972749 1.0493
1.0296 0.879814 1.06788 0.973952 0.950982 1.04815
1.07789 0.877271 1.06873 0.964069 0.97415 1.04815
1.02864 0.873256 1.04242 0.974285 0.951683 1.04758
0.975127 0.899752 1.00563 0.964403 0.974851 1.04757
0.94837 0.912999 0.987237 0.974452 0.952033 1.04729
0.916389 0.97245 0.969756 0.96457 0.975201 1.04729
0.919001 0.949349 0.969299 0.974536 0.952208 1.04715
0.937424 0.918023 1.01156 0.964653 0.975376 1.04714
0.929519 0.922135 0.990203 0.974578 0.952295 1.04708
0.947942 0.89081 1.03247 0.964695 0.975463 1.04707
0.934778 0.908529 1.00065 0.974599 0.952339 1.04704
0.9532 0.877204 1.04292 0.964716 0.975507 1.04704
0.937407 0.901725 1.00588 0.974609 0.952361 1.04702
0.95583 0.8704 1.04814 0.964727 0.975529 1.04702
0.938722 0.898324 1.00849 0.964732 0.97554 1.04701
0.957144 0.866999 1.05076 0.984502 0.929215 1.04701
0.939379 0.896623 1.0098 0.964737 0.975551 1.047
0.957802 0.865298 1.05206 0.957535 0.976546 1.05789
0.921614 0.926247 0.968843 0.955759 0.970693 1.05903
0.958459 0.863597 1.05337 0.963169 0.946015 1.04377
end
gesture a09 hands 2
1.06597 0.675433 1.36796 0.967253 0.954906 1.04159
1.06712 0.679886 1.33859 0.967747 0.955208 1.04127
1.05708 0.693553 1.28327 0.961722 0.968769 1.0428
1.03929 0.720669 1.23616 0.968242 0.955509 1.04095
1.01652 0.752535 1.19852 0.968736 0.955811 1.04063
0.997646 0.787165 1.17231 0.96886 0.955886 1.04055
0.994988 0.832414 1.1477 0.962463 0.969222 1.04232
1.02002 0.867467 1.12694 0.968983 0.955962 1.04047
1.07386 0.869559 1.11284 0.969107 0.956037 1.04039
1.02876 0.850791 1.09335 0.969138 0.956056 1.04037
0.987006 0.880272 1.07175 0.962649 0.969335 1.0422
0.966691 0.918478 1.03943 0.969169 0.956075 1.04035
0.93628 0.967284 1.02494 0.969199 0.956094 1.04033
0.941328 0.961984 1.01603 0.969207 0.956099 1.04033
0.958872 0.927682 1.05648 0.962695 0.969364 1.04217
0.952624 0.942183 1.0318 0.969214 0.956104 1.04032
0.970168 0.907881 1.07225 0.969222 0.956108 1.04032
0.958272 0.932283 1.03968 0.969224 0.956109 1.04031
0.975816 0.897981 1.08013 0.962707 0.969371 1.04216
0.961096 0.927332 1.04362 0.969226 0.956111 1.04031
0.97864 0.89303 1.08408 0.969228 0.956112 1.04031
0.962508 0.924857 1.04559 0.969229 0.956112 1.04031
0.980052 0.890555 1.08605 0.96271 0.969372 1.04216
0.963214 0.92362 1.04658 0.969229 0.956112 1.04031
0.980758 0.889318 1.08703 0.969229 0.956113 1.04031
0.963567 0.923001 1.04707 0.96271 0.969373 1.04216
0.981111 0.888699 1.08753 0.96923 0.956113 1.04031
0.946376 0.956684 1.00711 0.956191 0.982633 1.04401
0.981464 0.88808 1.08802 0.96923 0.956113 1.04031
end
gesture a09 hands 2
1.08283 0.708258 1.33321 0.962035 0.967929 1.02798
1.06506 0.705827 1.30927 0.967934 0.981268 1.02625
1.05433 0.71681 1.25399 0.95828 0.98308 1.03923
1.00787 0.81758 1.14578 0.96123 0.98975 1.03837
0.964703 0.875648 1.05624 0.973833 0.994607 1.02453
0.961402 0.91835 1.03757 0.96418 0.996419 1.03751
0.985364 0.958055 1.01874 0.967478 0.975742 1.04158
1.00007 0.940109 1.0135 0.961988 0.976894 1.0476
1.04041 0.950878 1.01735 0.959243 0.97747 1.05062
1.01477 0.922163 1.00826 0.95787 0.977757 1.05212
0.971407 0.950217 0.992376 0.954526 0.998232 1.05048
0.953955 0.956024 0.981078 0.956498 0.978045 1.05363
0.911929 1.00692 0.940685 0.961123 0.956878 1.05863
0.924216 0.984375 0.955232 0.959796 0.957368 1.0577
0.940829 0.955573 1.00198 0.960885 0.961532 1.04346
0.938666 0.958702 0.985878 0.959677 0.959695 1.05012
0.955279 0.929899 1.03262 0.960766 0.963859 1.03588
0.945891 0.945865 1.0012 0.959618 0.960859 1.04633
0.962504 0.917063 1.04795 0.960706 0.965022 1.03208
0.949504 0.939447 1.00886 0.959588 0.961441 1.04443
0.966117 0.910644 1.05561 0.960677 0.965604 1.03019
0.95131 0.936238 1.01269 0.959573 0.961732 1.04348
0.967923 0.907435 1.05944 0.960662 0.965895 1.02924
0.952213 0.934633 1.01461 0.959566 0.961877 1.04301
0.968826 0.905831 1.06135 0.960654 0.96604 1.02876
0.952664 0.933831 1.01557 0.959562 0.96195 1.04277
0.969278 0.905028 1.06231 0.960651 0.966113 1.02853
0.936503 0.961831 0.969779 0.95847 0.957859 1.05678
0.969729 0.904226 1.06327 0.960647 0.966186 1.02829
end
gesture a09 hands 2
1.01623 0.3881 1.42583 0.977628 0.981787 1.03621
1.01312 0.403839 1.40052 0.965874 0.990381 1.01014
1.01641 0.422074 1.34913 0.975287 0.982475 1.02057
1.01342 0.443011 1.33083 0.973827 0.992466 1.02886
1.00536 0.543053 1.29562 0.956044 0.999483 1.00142
1.0079 0.5035 1.30407 0.96173 0.98911 1.03574
0.999841 0.603542 1.26886 0.967132 0.957611 1.02816
1.00514 0.533745 1.29069 0.974728 0.966455 1.03934
0.997079 0.633787 1.25549 0.967415 0.978736 1.07005
1.00375 0.548868 1.284 0.973058 0.96599 1.07708
0.995699 0.64891 1.2488 0.982324 0.975298 1.05051
1.00306 0.556429 1.28066 0.978702 0.953244 1.08411
0.995008 0.656471 1.24545 0.963251 0.95686 1.06849
1.00272 0.560209 1.27899 0.955525 0.958668 1.06068
0.994663 0.660251 1.24378 0.951662 0.959572 1.05678
1.00255 0.5621 1.27815 0.949731 0.960024 1.05482
0.994491 0.662142 1.24295 0.997232 0.97186 1.03097
1.01043 0.463948 1.31252 0.947799 0.960476 1.05287
0.994318 0.664032 1.24211 0.938517 0.948429 1.0913
1.01458 0.700952 1.21376 0.930847 0.948747 1.06337
1.02877 0.718934 1.16628 0.960042 0.950328 1.06186
0.99595 0.727614 1.12023 0.94161 0.949696 1.04865
0.960277 0.758639 1.10328 0.970804 0.951278 1.04713
0.93577 0.807866 1.09141 0.94699 0.950171 1.04129
0.933515 0.85921 1.0743 0.976185 0.951753 1.03977
0.959797 0.955951 1.03143 0.978876 0.95199 1.03609
0.995169 0.976692 0.999493 0.923177 0.949064 1.03544
1.01561 0.923453 1.00762 0.981566 0.952228 1.03241
1.01821 0.899087 1.02103 0.997396 0.959108 1.05683
end
gesture a09 hands 2
1.00836 0.365206 1.47335 0.981666 0.977655 1.02383
1.01637 0.368695 1.44472 0.987576 0.975536 1.03447
1.01607 0.394386 1.39538 0.961487 0.960166 1.03696
1.02061 0.489375 1.34569 0.970578 0.966455 1.04393
1.01336 0.538599 1.32271 0.993486 0.973417 1.04511
1.02515 0.584364 1.29599 0.97967 0.972743 1.05089
1.03875 0.610185 1.25093 0.966817 0.976907 1.03789
1.0118 0.628979 1.20971 0.960391 0.97899 1.03139
0.976072 0.668412 1.1902 0.959634 1.00313 1.01256
0.955723 0.755452 1.16247 0.953965 0.981072 1.02489
0.968722 0.821136 1.10446 0.965854 0.972068 1.05668
0.971972 0.837557 1.08996 0.948295 0.959015 1.03721
0.97111 0.880596 1.07906 0.945205 0.965158 1.03743
0.975222 0.853978 1.07545 0.94294 0.975038 1.0254
0.978471 0.870399 1.06095 0.968681 0.972283 1.03259
0.979284 0.874504 1.05733 0.959967 0.958354 1.02739
0.975985 0.905227 1.0573 0.981552 0.970905 1.03618
0.980096 0.87861 1.0537 0.966402 0.957665 1.02918
0.980909 0.882715 1.05008 0.987988 0.970216 1.03797
0.981112 0.883741 1.04917 0.96962 0.95732 1.03008
0.977203 0.911385 1.05186 0.991205 0.969871 1.03887
0.981315 0.884767 1.04826 0.971229 0.957148 1.03053
0.981518 0.885794 1.04736 0.992814 0.969699 1.03932
0.977508 0.912924 1.0505 0.972033 0.957062 1.03076
0.981619 0.886307 1.0469 0.993619 0.969613 1.03955
0.98167 0.886563 1.04668 0.972435 0.957019 1.03087
0.973498 0.940055 1.05365 0.994021 0.96957 1.03966
0.981721 0.88682 1.04645 0.951252 0.944425 1.02219
0.986574 0.823785 1.09193 0.994423 0.969527 1.03977
end
gesture a09 hands 2
0.991822 0.418943 1.45075 1.01812 0.986722 1.03297
0.984372 0.406198 1.44863 1.00688 0.981398 1.02464
0.980309 0.42359 1.39315 1.00569 0.976967 1.05145
0.978616 0.408522 1.41983 0.995637 0.976073 1.01632
0.974553 0.425914 1.36434 0.979091 0.970909 1.03062
0.975738 0.409683 1.40543 0.970818 0.968326 1.03777
0.971675 0.427075 1.34994 0.99325 0.967213 1.06992
0.974299 0.410264 1.39823 0.962545 0.965744 1.04492
0.970236 0.427656 1.34274 0.947192 0.96501 1.03242
0.973579 0.410555 1.39463 0.943354 0.964826 1.02929
0.969517 0.427947 1.33914 0.965939 0.977235 1.02728
0.973219 0.4107 1.39283 0.939515 0.964642 1.02617
0.969157 0.428092 1.33734 0.95021 0.969338 1.02758
0.976922 0.393453 1.44651 0.984687 0.989461 1.02214
0.968797 0.428237 1.33554 0.960905 0.974034 1.02899
0.973868 0.459405 1.2913 0.931839 0.964275 1.01992
0.978208 0.506801 1.25909 0.937123 0.958607 1.03583
0.984889 0.613061 1.22679 0.939764 0.955773 1.04379
0.996031 0.656885 1.20586 0.957049 0.959991 1.03831
1.00623 0.693176 1.16807 0.99008 0.958929 1.01912
0.979136 0.718767 1.13013 0.974334 0.964208 1.03282
0.928259 0.802649 1.10747 0.942406 0.95294 1.05174
0.923761 0.856739 1.08825 0.958589 0.969488 1.04653
0.963835 0.928025 1.02526 0.95995 0.967164 1.04937
0.983873 0.963668 0.993769 0.958611 0.967407 1.03909
0.973291 1.04147 0.97563 0.927324 0.970066 1.0219
1.00391 0.999311 0.962275 0.957273 0.967649 1.0288
1.01203 0.953266 0.980451 0.995083 0.976982 1.04734
1.01164 0.931438 0.999827 0.965865 0.963131 1.0625
end
gesture a09 hands 2
1.04263 0.476469 1.33529 0.972513 0.976679 1.02479
1.03583 0.487365 1.30827 0.969509 0.95125 1.0399
1.02754 0.514714 1.25602 0.979042 0.960116 1.02786
1.01297 0.649359 1.19708 0.981045 0.940916 1.01409
0.976214 0.735227 1.15266 0.969523 0.959979 1.0336
0.9984 0.784005 1.13814 0.976286 0.940848 1.01696
1.04157 0.814419 1.12319 0.964764 0.95991 1.03648
1.06633 0.784233 1.10495 0.973906 0.940813 1.0184
1.09208 0.805468 1.10721 0.962385 0.959876 1.03791
1.06633 0.778908 1.085 0.972717 0.940796 1.01912
1.09109 0.754048 1.08671 0.961195 0.959859 1.03863
1.04058 0.752348 1.06279 0.972121 0.940787 1.01947
1.00025 0.782172 1.04636 0.9606 0.95985 1.03899
0.971686 0.831672 1.03364 0.971824 0.940783 1.01965
0.961525 0.880342 1.02942 0.960302 0.959846 1.03917
0.971375 0.900769 1.0137 0.971675 0.940781 1.01974
0.976299 0.910982 1.00584 0.960154 0.959843 1.03926
0.97753 0.913536 1.00387 0.971601 0.94078 1.01979
0.969263 0.942159 0.997608 0.960079 0.959842 1.0393
0.978762 0.916089 1.00191 0.971564 0.940779 1.01981
0.979993 0.918643 0.99994 0.960042 0.959842 1.03933
0.980301 0.919281 0.999449 0.971545 0.940779 1.01982
0.971109 0.945989 0.99466 0.960024 0.959841 1.03934
0.980608 0.919919 0.998958 0.971536 0.940779 1.01983
0.980916 0.920558 0.998466 0.960014 0.959841 1.03934
0.98107 0.920877 0.998221 0.983048 0.921716 1.00032
0.962226 0.973335 0.98938 0.960005 0.959841 1.03935
0.981224 0.921196 0.997975 0.972592 0.968837 1.04173
0.988334 0.879944 1.03097 0.964727 0.981722 1.06014
end
gesture a09 hands 2
1.05613 0.514823 1.39914 0.973355 0.972546 1.04644
1.04693 0.505037 1.3726 0.968458 0.975159 1.0457
1.03404 0.512655 1.31626 0.97676 0.965862 1.03364
1.02159 0.53884 1.268 0.972062 0.968639 1.0381
1.00512 0.576865 1.23201 0.963561 0.977772 1.04497
0.991906 0.665887 1.19727 0.967363 0.971415 1.04257
0.969853 0.71022 1.17502 0.969265 0.968237 1.04137
0.978691 0.754908 1.16252 0.96974 0.967443 1.04106
1.00822 0.795673 1.14808 0.974715 0.963708 1.0311
1.06151 0.809941 1.13473 0.970215 0.966648 1.04076
1.08038 0.76579 1.1113 0.97069 0.965853 1.04046
1.03873 0.756951 1.07723 0.970809 0.965654 1.04039
1.01885 0.775093 1.06509 0.975428 0.962516 1.03065
1.00472 0.812187 1.05333 0.970928 0.965456 1.04031
0.995279 0.85302 1.04847 0.971047 0.965257 1.04023
0.990585 0.849282 1.04158 0.971077 0.965207 1.04022
0.988238 0.847412 1.03814 0.975607 0.962218 1.03053
0.987064 0.846478 1.03642 0.971107 0.965157 1.0402
0.998973 0.793235 1.05295 0.971136 0.965108 1.04018
0.985891 0.845543 1.0347 0.971144 0.965095 1.04017
0.979349 0.871697 1.02557 0.975651 0.962143 1.0305
0.976079 0.884774 1.021 0.971151 0.965083 1.04017
0.974443 0.891312 1.01872 0.971159 0.96507 1.04016
0.973626 0.894582 1.01758 0.980166 0.959179 1.02083
0.973217 0.896216 1.01701 0.971166 0.965058 1.04016
0.973012 0.897034 1.01673 0.953766 0.982998 1.04349
0.951828 0.94909 1.0197 0.962166 0.970938 1.0595
0.972808 0.897851 1.01644 0.962722 0.969841 1.06009
0.982281 0.852368 1.04747 0.958574 0.965386 1.06469
end
gesture a09 hands 2
1.03747 0.507642 1.36488 0.971167 0.967592 1.06882
1.02598 0.515072 1.27707 0.967333 0.967002 1.04789
1.01379 0.540191 1.23038 0.973988 0.962034 1.03958
0.996711 0.578457 1.19796 0.963499 0.966412 1.02695
0.978264 0.627577 1.17171 0.969069 0.967062 1.03282
0.987457 0.720682 1.14862 0.964359 0.968175 1.02792
0.9674 0.767785 1.13537 0.965818 0.973634 1.04181
0.99665 0.813787 1.12552 0.962734 0.971461 1.03241
1.04811 0.836075 1.11586 0.964193 0.976921 1.0463
1.05892 0.802384 1.0983 0.961921 0.973104 1.03466
1.09492 0.808868 1.10407 0.96338 0.978564 1.04855
1.08232 0.78878 1.0924 0.961515 0.973926 1.03578
1.05962 0.795701 1.07717 0.962974 0.979386 1.04967
1.06467 0.782197 1.07895 0.961312 0.974337 1.03635
1.04197 0.789118 1.06372 0.96277 0.979797 1.05023
1.03314 0.785826 1.05699 0.96121 0.974542 1.03663
1.06972 0.768692 1.08074 0.962669 0.980002 1.05051
1.02432 0.782534 1.05027 0.961159 0.974645 1.03676
0.992061 0.824273 1.03218 0.962618 0.980104 1.05065
0.973903 0.893463 1.0051 0.961134 0.974696 1.03683
0.95947 0.930202 1.01492 0.962592 0.980156 1.05072
0.965308 0.921569 1.00212 0.961121 0.974722 1.03687
0.968228 0.917252 0.995715 0.96258 0.980181 1.05076
0.969687 0.915094 0.992515 0.961115 0.974735 1.03689
0.970417 0.914015 0.990914 0.962573 0.980194 1.05077
0.970782 0.913476 0.990114 0.961112 0.974741 1.0369
0.970965 0.913206 0.989714 0.96257 0.980201 1.05078
0.955745 0.962652 0.978016 0.95965 0.969288 1.02302
0.971147 0.912936 0.989314 0.962567 0.980207 1.05079
end
gesture a09 hands 2
1.04845 0.587218 1.30883 0.956224 0.959232 1.0382
1.05201 0.591847 1.29514 0.953629 0.969746 1.04166
1.05722 0.628388 1.21917 0.956144 0.953165 1.05173
1.0564 0.612432 1.25031 0.954528 0.958589 1.05096
1.06161 0.648973 1.17434 0.951033 0.980261 1.04511
1.05859 0.622725 1.2279 0.952912 0.964013 1.05018
1.06381 0.659266 1.15193 0.956063 0.947098 1.06526
1.05969 0.627871 1.21669 0.954791 0.947766 1.05526
1.0649 0.664412 1.14072 0.949665 0.961909 1.0589
1.06024 0.630444 1.21108 0.947102 0.96898 1.06071
1.06545 0.666985 1.13511 0.945821 0.972515 1.06162
1.06051 0.631731 1.20828 0.94518 0.974283 1.06208
1.06573 0.668271 1.13231 0.945841 1.00129 1.05201
1.06065 0.632374 1.20688 0.94519 0.98867 1.05727
1.06586 0.668915 1.13091 0.949679 0.974862 1.04864
1.06072 0.632696 1.20618 0.944539 0.976051 1.06253
1.06593 0.669236 1.13021 0.943888 0.963432 1.06779
1.06075 0.632857 1.20583 0.948703 0.955933 1.05653
1.06597 0.669397 1.12986 0.943563 0.957122 1.07042
1.05557 0.596477 1.28145 0.94854 0.952779 1.05784
1.066 0.669558 1.12951 0.9434 0.953968 1.07174
1.03749 0.709779 1.10212 0.948459 0.951201 1.0585
1.01179 0.800443 1.09102 0.943318 0.95239 1.07239
1.02643 0.848677 1.0817 0.948418 0.950413 1.05883
1.03176 0.89265 1.04931 0.943278 0.951602 1.07272
0.954952 0.969137 1.02449 0.948398 0.950018 1.059
0.932102 0.951184 1.00669 0.943257 0.951207 1.07289
0.945182 0.903515 1.03113 0.953518 0.948435 1.04527
0.951485 0.885367 1.04954 0.943237 0.950813 1.07305
end
gesture a09 hands 2
1.06593 0.619477 1.33565 0.926427 0.958196 1.06628
1.06525 0.623977 1.30637 0.939985 0.964586 1.06315
1.06509 0.619513 1.24905 0.945502 0.958984 1.04336
1.03187 0.667976 1.15713 0.949522 0.96498 1.05169
1.00692 0.709406 1.13569 0.950772 0.953786 1.05366
1.0003 0.809152 1.11817 0.952157 0.962382 1.05684
1.01422 0.855858 1.09027 0.953406 0.951188 1.05881
0.992142 0.899498 1.06547 0.953474 0.961082 1.05941
0.964844 0.949342 1.04766 0.954724 0.949888 1.06138
0.956911 0.959718 1.0243 0.954133 0.960433 1.0607
0.968049 0.92456 1.04402 0.955382 0.949239 1.06267
0.958513 0.947327 1.02249 0.954462 0.960108 1.06134
0.969651 0.912169 1.04221 0.955712 0.948914 1.06331
0.959315 0.941131 1.02158 0.954627 0.959945 1.06167
0.970453 0.905973 1.0413 0.955876 0.948751 1.06364
0.959715 0.938033 1.02112 0.954709 0.959864 1.06183
0.970853 0.902876 1.04084 0.955959 0.94867 1.0638
0.959916 0.936484 1.0209 0.95475 0.959824 1.06191
0.971054 0.901327 1.04062 0.956 0.94863 1.06388
0.960016 0.93571 1.02078 0.954771 0.959803 1.06195
0.971154 0.900552 1.0405 0.95602 0.948609 1.06392
0.960066 0.935323 1.02073 0.954781 0.959793 1.06197
0.971204 0.900165 1.04045 0.956031 0.948599 1.06394
0.960091 0.935129 1.0207 0.954786 0.959788 1.06198
0.971229 0.899972 1.04042 0.956036 0.948594 1.06395
0.960104 0.935032 1.02068 0.954789 0.959786 1.06198
0.971241 0.899875 1.0404 0.956038 0.948592 1.06395
0.948978 0.970093 1.00095 0.953542 0.970977 1.06002
0.971254 0.899778 1.04039 0.956041 0.948589 1.06396
end
gesture a09 hands 2
1.0486 0.635072 1.30184 0.938553 0.948328 1.07203
1.06154 0.632325 1.27517 0.953103 0.94664 1.06325
1.08144 0.627029 1.22096 0.961124 0.955918 1.05408
1.08288 0.646533 1.16615 0.967654 0.944953 1.05446
1.05587 0.675062 1.12595 0.963649 0.948311 1.05771
1.04325 0.696636 1.11574 0.961372 0.958647 1.05313
1.03897 0.747916 1.10801 0.961885 0.973228 1.04716
1.0348 0.733063 1.10676 0.959096 0.968983 1.04856
1.03052 0.784343 1.09903 0.957701 0.966861 1.04925
1.03057 0.751277 1.10228 0.957004 0.965799 1.0496
1.02629 0.802557 1.09455 0.959645 0.95167 1.06096
1.02846 0.760384 1.10003 0.956307 0.964738 1.04995
1.02418 0.811663 1.0923 0.954638 0.971272 1.04445
1.03062 0.718211 1.10552 0.953803 0.974539 1.0417
1.02207 0.82077 1.09006 0.953385 0.976172 1.04032
1.02371 0.843176 1.07646 0.953177 0.976989 1.03964
0.997797 0.886124 1.05466 0.953072 0.977398 1.03929
0.998072 0.889243 1.04904 0.956117 1.0015 1.03986
1.02535 0.865581 1.06286 0.952968 0.977806 1.03895
0.998348 0.892363 1.04343 0.951394 0.965957 1.03849
0.984847 0.905754 1.03371 0.950607 0.960032 1.03826
0.978097 0.912449 1.02885 0.950213 0.95707 1.03815
0.973523 0.951477 1.01926 0.950017 0.955589 1.03809
0.971346 0.919145 1.024 0.949918 0.954849 1.03806
0.970258 0.902979 1.02636 0.949869 0.954478 1.03804
0.969714 0.894896 1.02755 0.949845 0.954293 1.03804
0.969442 0.890854 1.02814 0.949832 0.954201 1.03803
0.959822 0.927203 0.989512 0.951636 0.958386 1.06746
0.96917 0.886813 1.02873 0.94982 0.954108 1.03803
end
gesture a11 hands 2
0.814918 0.469136 1.07673 1.05458 0.48863 1.03506
0.805945 0.471589 1.04831 1.06158 0.491299 1.00609
0.805817 0.490259 0.991659 1.02464 0.492211 1.04912
0.85867 0.485257 1.00569 0.970073 0.499607 1.0696
0.914296 0.493322 1.02532 0.923294 0.522468 1.08282
0.963451 0.516696 1.03527 0.885849 0.565488 1.08777
1.00196 0.561706 1.03991 0.873861 0.732155 1.07599
0.983927 0.773121 1.03098 0.958105 0.927262 1.05069
0.95665 0.935069 1.02322 0.96093 0.978668 1.04004
0.965895 0.984537 1.02206 0.933569 1.02349 1.02722
1.00658 1.02319 1.02685 0.888345 0.997177 1.03315
1.03144 1.01103 1.03366 0.890588 0.972365 1.04075
1.02174 0.961042 1.04199 0.929061 0.870939 1.04433
1.03902 0.979951 1.04123 0.910946 0.909247 1.04633
1.02932 0.929967 1.04956 0.949419 0.807821 1.04992
1.04281 0.964414 1.04502 0.921125 0.877687 1.04913
1.03311 0.91443 1.05334 0.959598 0.776261 1.05272
1.04471 0.956646 1.04691 0.926214 0.861908 1.05053
1.03501 0.906662 1.05524 0.964687 0.760482 1.05411
1.04565 0.952761 1.04786 0.928759 0.854018 1.05123
1.03595 0.902777 1.05618 0.967232 0.752592 1.05481
1.04613 0.950819 1.04833 0.930031 0.850073 1.05158
1.03643 0.900835 1.05666 0.968505 0.748647 1.05516
1.04636 0.949848 1.04857 0.930667 0.8481 1.05175
1.03666 0.899864 1.05689 0.969141 0.746674 1.05534
1.03678 0.899379 1.05701 0.930985 0.847114 1.05184
1.0563 0.998861 1.04048 0.969459 0.745688 1.05542
1.0369 0.898893 1.05713 0.89283 0.947554 1.04834
0.998266 0.735782 1.05093 0.969777 0.744702 1.05551
end
gesture a11 hands 2
0.905139 0.43813 1.03109 1.088 0.454115 1.08318
0.884482 0.437353 1.05267 1.05831 0.458305 1.0838
0.939913 0.45611 1.05486 1.00184 0.465193 1.09206
0.986444 0.488926 1.05734 0.948821 0.490007 1.08407
1.01583 0.531867 1.06076 0.910686 0.52919 1.07894
1.02748 0.588178 1.05831 0.891446 0.576239 1.07463
1.01044 0.668824 1.05211 0.888667 0.63457 1.07053
0.98366 0.796025 1.04194 0.894932 0.658942 1.06994
0.952777 0.868091 1.03357 0.929759 0.755156 1.06388
0.956883 0.923226 1.03178 0.915478 0.719235 1.06661
0.987635 0.967618 1.03451 0.950305 0.815448 1.06056
1.01175 0.958197 1.04282 0.925751 0.749382 1.06495
0.998287 0.90571 1.04937 0.960578 0.845595 1.0589
1.01707 0.927243 1.05025 0.930887 0.764455 1.06412
1.00361 0.874756 1.05679 0.965714 0.860668 1.05807
1.01974 0.911766 1.05397 0.933456 0.771991 1.06371
1.00628 0.859279 1.06051 0.968283 0.868204 1.05766
1.02107 0.904027 1.05582 0.93474 0.77576 1.0635
1.00761 0.85154 1.06236 0.969567 0.871973 1.05745
1.02173 0.900158 1.05675 0.935382 0.777644 1.06339
1.00827 0.847671 1.06329 0.970209 0.873857 1.05734
1.02207 0.898224 1.05722 0.901197 0.683315 1.06934
1.00861 0.845737 1.06376 0.970851 0.875741 1.05724
1.02223 0.897256 1.05745 0.981036 0.930627 1.04993
1.00877 0.844769 1.06399 0.966888 0.977644 1.03611
1.03586 0.948776 1.05114 0.921341 0.988935 1.02522
1.00894 0.843802 1.06422 0.896927 0.941442 1.03575
1.00628 0.731108 1.05407 0.929123 0.836462 1.05402
0.971481 0.621699 1.04636 0.980621 0.651452 1.04798
end
gesture a11 hands 2
0.814897 0.430483 1.06972 1.11837 0.445624 1.08671
0.895781 0.4605 1.07098 1.10753 0.45059 1.05922
0.933122 0.497592 1.07415 1.0639 0.456199 1.05502
0.944426 0.519776 1.07449 0.965145 0.503588 1.0666
0.920251 0.665248 1.05862 0.938342 0.543354 1.06547
0.937991 0.603603 1.06672 0.932349 0.571309 1.06186
0.913815 0.749076 1.05085 0.971781 0.703568 1.05009
0.934773 0.645517 1.06284 0.949069 0.651416 1.05417
0.910598 0.79099 1.04697 0.988501 0.783675 1.04239
0.933164 0.666474 1.0609 0.957429 0.69147 1.05032
0.908989 0.811947 1.04503 0.99686 0.823728 1.03855
0.932359 0.676953 1.05993 0.961609 0.711497 1.0484
0.908184 0.822425 1.04406 1.00104 0.843755 1.03662
0.931957 0.682192 1.05944 0.963699 0.72151 1.04744
0.907782 0.827665 1.04358 1.00313 0.853769 1.03566
0.931756 0.684812 1.0592 0.964744 0.726517 1.04696
0.907581 0.830284 1.04333 1.00418 0.858775 1.03518
0.931656 0.686122 1.05908 0.965266 0.72902 1.04672
0.907481 0.831594 1.04321 1.0047 0.861279 1.03494
0.90743 0.832249 1.04315 0.965527 0.730272 1.0466
0.95573 0.541959 1.07482 1.00496 0.86253 1.03482
0.90738 0.832904 1.04309 0.926357 0.599265 1.05825
0.915791 0.888962 1.04083 1.00522 0.863782 1.0347
0.945469 0.930336 1.0446 1.00397 0.916335 1.02553
0.999575 0.942788 1.05789 0.975334 0.962209 1.01401
1.02489 0.897679 1.07035 0.917455 0.968725 1.01359
0.989195 0.795034 1.07441 0.895682 0.924159 1.02738
0.988579 0.685082 1.04874 0.96966 0.720141 1.07242
0.969311 0.631542 1.03447 0.99954 0.672981 1.07622
end
gesture a11 hands 2
0.797112 0.510179 1.12785 1.1693 0.498319 1.07989
0.879018 0.535738 1.13433 1.14101 0.500977 1.08492
0.923724 0.566152 1.14028 1.0896 0.51736 1.10392
0.954224 0.610789 1.13618 1.05121 0.54748 1.11323
0.953069 0.739354 1.10858 1.02089 0.595243 1.11082
0.937981 0.789619 1.10087 1.02594 0.764245 1.08118
0.929509 0.845212 1.09219 1.01714 0.87099 1.06273
0.940214 0.893385 1.07921 0.980074 0.862427 1.06208
0.984231 0.922164 1.06403 0.975104 0.895747 1.05248
1.0024 0.902099 1.06324 0.959056 0.874805 1.05695
0.975943 0.853548 1.06409 0.981998 0.822827 1.06092
0.998251 0.867791 1.06326 0.962503 0.838345 1.06117
0.971799 0.81924 1.06411 0.985445 0.786366 1.06514
0.99618 0.850636 1.06328 0.964226 0.820115 1.06328
0.969727 0.802086 1.06413 0.987169 0.768136 1.06725
0.995144 0.842059 1.06328 0.965088 0.811 1.06434
0.968691 0.793509 1.06413 0.98803 0.759021 1.06831
0.994626 0.837771 1.06329 0.965519 0.806442 1.06487
0.968173 0.789221 1.06414 0.988461 0.754464 1.06883
0.994367 0.835627 1.06329 0.965735 0.804163 1.06513
0.967914 0.787076 1.06414 0.988677 0.752185 1.0691
0.994237 0.834555 1.06329 0.965842 0.803024 1.06526
0.967785 0.786004 1.06414 0.988784 0.751045 1.06923
0.994172 0.834019 1.06329 0.965896 0.802454 1.06533
0.96772 0.785468 1.06414 0.988838 0.750476 1.06929
1.02056 0.882033 1.06244 0.988865 0.750191 1.06933
0.967655 0.784932 1.06414 0.943008 0.853863 1.06143
0.952066 0.729828 1.06023 0.988892 0.749906 1.06936
0.938236 0.674883 1.05735 0.999674 0.635728 1.06547
end
gesture a11 hands 2
0.86586 0.516347 1.07677 1.07605 0.532349 1.06426
0.837885 0.514135 1.08701 1.10316 0.532721 1.07488
0.781524 0.52916 1.08264 1.10195 0.533983 1.07904
0.779184 0.536274 1.09766 1.04612 0.538225 1.08497
0.837727 0.537188 1.10802 1.00432 0.569194 1.09345
0.885862 0.559143 1.11292 0.976897 0.61163 1.0927
0.918262 0.601477 1.11002 0.968578 0.654419 1.08607
0.922876 0.622465 1.10645 0.997071 0.80208 1.06337
0.909487 0.686162 1.09611 0.986731 0.851607 1.05275
0.918488 0.664807 1.09949 0.947944 0.885874 1.04322
0.905099 0.728505 1.08916 0.901772 0.860625 1.05099
0.916294 0.685979 1.09601 0.910967 0.836534 1.06017
0.902905 0.749677 1.08568 0.953464 0.765629 1.07033
0.915197 0.696564 1.09427 0.936813 0.789035 1.06983
0.901808 0.760262 1.08394 0.97931 0.718132 1.08
0.914648 0.701857 1.0934 0.949736 0.765287 1.07467
0.901259 0.765555 1.08307 0.992235 0.694383 1.08484
0.914374 0.704504 1.09297 0.956198 0.753412 1.07709
0.900985 0.768202 1.08263 0.998697 0.682508 1.08725
0.927489 0.643452 1.10287 0.959429 0.747475 1.0783
0.900711 0.770848 1.0822 1.00193 0.676571 1.08846
0.911857 0.821928 1.07099 0.961045 0.744507 1.0789
0.949229 0.854067 1.06274 1.00354 0.673603 1.08907
1.00263 0.848029 1.06534 0.961853 0.743022 1.0792
1.00623 0.792179 1.07756 1.00435 0.672118 1.08937
0.972157 0.744758 1.08214 1.00476 0.671376 1.08952
0.946352 0.692986 1.08328 0.920161 0.812442 1.06934
0.932062 0.637588 1.08803 1.00516 0.670634 1.08967
0.892612 0.598068 1.09365 1.04684 0.629747 1.09348
end
gesture a11 hands 2
0.704551 0.537256 1.0851 1.18589 0.522816 1.07222
0.782022 0.512232 1.1174 1.10479 0.516441 1.10283
0.834768 0.515496 1.13687 1.05937 0.542401 1.11435
0.879329 0.536516 1.14794 1.04351 0.563496 1.11342
0.912185 0.57586 1.14682 1.04872 0.660776 1.09713
0.921025 0.618452 1.13874 1.03818 0.622683 1.1048
0.894012 0.754517 1.11194 1.04339 0.719963 1.08852
0.906454 0.803781 1.0988 1.03552 0.652277 1.1005
0.948011 0.837906 1.08711 1.04072 0.749557 1.08422
0.973742 0.829929 1.09234 1.03418 0.667073 1.09835
0.94723 0.783991 1.09816 1.03939 0.764353 1.08206
0.973351 0.802972 1.09787 1.03352 0.674472 1.09727
0.946839 0.757033 1.10369 1.03873 0.771752 1.08099
0.973156 0.789493 1.10063 1.03318 0.678171 1.09673
0.946644 0.743555 1.10645 1.03839 0.775451 1.08045
0.973058 0.782754 1.10201 1.03302 0.68002 1.09646
0.946547 0.736815 1.10783 1.03823 0.7773 1.08018
0.973009 0.779384 1.1027 1.03293 0.680945 1.09633
0.946498 0.733446 1.10852 1.03814 0.778225 1.08004
0.972985 0.777699 1.10305 1.0381 0.778688 1.07998
0.946473 0.731761 1.10886 1.02764 0.58459 1.11248
0.972973 0.776857 1.10322 1.03806 0.77915 1.07991
0.946461 0.730918 1.10904 1.01844 0.830715 1.06849
0.946455 0.730497 1.10912 0.970389 0.857396 1.06617
0.999472 0.821953 1.09758 0.945621 0.816517 1.0944
0.946449 0.730076 1.10921 1.01196 0.726398 1.09978
0.945258 0.677978 1.08583 1.00411 0.670496 1.08346
0.948797 0.630855 1.05363 1.00841 0.63095 1.04501
0.912757 0.592519 1.03205 1.04837 0.59974 1.01933
end
gesture a11 hands 2
0.829772 0.480323 1.19755 1.10698 0.45423 1.1065
0.856609 0.471875 1.18743 1.12861 0.469879 1.09351
0.907882 0.477208 1.16304 1.14876 0.468738 1.10299
0.944876 0.503676 1.14172 1.10061 0.45462 1.11661
0.966855 0.540407 1.12345 1.04917 0.475249 1.10718
0.966001 0.692833 1.09306 1.03296 0.494491 1.1049
0.940618 0.80473 1.07411 1.03348 0.624102 1.08568
0.965148 0.845258 1.06268 1.02512 0.568918 1.09415
1.01336 0.860453 1.05304 1.02564 0.698529 1.07493
1.024 0.816566 1.064 1.0212 0.606131 1.08877
1.05069 0.822661 1.05841 1.02172 0.735742 1.06956
1.04267 0.79767 1.06668 1.01924 0.624738 1.08609
0.980456 0.70787 1.10409 1.01976 0.754348 1.06687
1.00755 0.740274 1.08952 1.01826 0.634041 1.08474
0.945339 0.650474 1.12693 1.01878 0.763652 1.06552
0.989989 0.711576 1.10094 1.01777 0.638693 1.08407
0.927781 0.621776 1.13835 1.01829 0.768303 1.06485
0.98121 0.697227 1.10665 1.01752 0.641019 1.08374
0.919001 0.607427 1.14406 1.01804 0.770629 1.06452
0.976821 0.690053 1.1095 1.0174 0.642182 1.08357
0.914612 0.600253 1.14691 1.01792 0.771792 1.06435
0.974626 0.686466 1.11093 1.01675 0.513734 1.10262
0.912417 0.596665 1.14834 1.0178 0.772955 1.06418
0.973528 0.684672 1.11165 1.00329 0.823823 1.06074
0.911319 0.594872 1.14906 0.966501 0.864581 1.06149
0.97298 0.683775 1.112 0.91533 0.851055 1.06705
0.910771 0.593975 1.14941 0.917839 0.795577 1.07428
1.03464 0.772679 1.07495 0.973508 0.701855 1.0835
0.910222 0.593078 1.14977 1.04276 0.573775 1.09544
end
gesture a11 hands 2
0.86035 0.47999 1.20333 1.09201 0.461473 1.13206
0.870324 0.507184 1.19602 1.11787 0.464436 1.11733
0.880021 0.468706 1.1995 1.11182 0.463951 1.11187
0.935394 0.469247 1.18246 1.11916 0.469577 1.12649
0.975612 0.493954 1.16137 1.06161 0.469108 1.12514
0.98911 0.514256 1.15098 0.986229 0.536729 1.10988
0.971038 0.639702 1.12481 0.972506 0.576176 1.10472
0.986824 0.58713 1.1327 0.993535 0.749796 1.07655
0.968751 0.712577 1.10653 0.997155 0.862849 1.05863
0.985681 0.623567 1.12357 0.974837 0.9055 1.05168
0.967608 0.749014 1.0974 0.929824 0.916765 1.04164
0.985109 0.641786 1.119 0.92334 0.892156 1.04476
0.967037 0.767232 1.09283 0.954489 0.812238 1.05913
0.984823 0.650895 1.11671 0.935672 0.839892 1.05351
0.966751 0.776342 1.09054 0.966821 0.759975 1.06787
0.98468 0.65545 1.11557 0.941838 0.813761 1.05788
0.966608 0.780896 1.0894 0.972987 0.733844 1.07225
0.984609 0.657727 1.115 0.944921 0.800695 1.06007
0.966536 0.783174 1.08883 0.97607 0.720778 1.07443
0.984573 0.658866 1.11472 0.946463 0.794162 1.06116
0.966501 0.784312 1.08855 0.977611 0.714245 1.07553
0.966483 0.784882 1.0884 0.947234 0.790895 1.06171
1.00261 0.534558 1.1406 0.978382 0.710978 1.07607
0.966465 0.785451 1.08826 0.947619 0.789262 1.06198
0.969555 0.84072 1.07533 0.978768 0.709345 1.07635
0.994429 0.88464 1.05813 0.97896 0.708529 1.07648
1.04401 0.893737 1.04101 0.916856 0.867546 1.04789
1.06282 0.846073 1.04551 0.979153 0.707712 1.07662
0.975145 0.68236 1.11057 0.993928 0.683615 1.08019
end
gesture a11 hands 2
0.819931 0.397847 1.23295 1.10309 0.404197 1.14672
0.84789 0.391688 1.22598 1.09016 0.409159 1.14211
0.901908 0.39697 1.20851 1.13234 0.40838 1.14419
0.944586 0.424344 1.18925 1.07723 0.414122 1.1375
0.972893 0.467552 1.16925 1.03242 0.440118 1.13206
0.972258 0.64628 1.12587 1.00123 0.483663 1.12498
0.943564 0.785892 1.09713 0.985748 0.571414 1.11152
0.971622 0.825007 1.08248 1.01231 0.697357 1.08876
1.02253 0.824753 1.07197 1.01082 0.806814 1.07116
1.03042 0.799338 1.07574 0.983188 0.845336 1.06541
0.983034 0.719349 1.10355 0.931173 0.83904 1.0635
1.01067 0.746636 1.09153 0.92845 0.812948 1.06656
0.963289 0.666647 1.11933 0.974936 0.726246 1.07955
1.0008 0.720285 1.09943 0.950332 0.75655 1.07458
0.953416 0.640296 1.12723 0.996818 0.669848 1.08757
0.995863 0.707109 1.10337 0.961273 0.728352 1.07859
0.94848 0.62712 1.13117 1.00776 0.64165 1.09158
0.993395 0.700521 1.10535 0.966743 0.714252 1.0806
0.946012 0.620533 1.13315 1.01323 0.62755 1.09358
0.992161 0.697227 1.10633 0.969478 0.707203 1.0816
0.944778 0.617239 1.13413 1.01596 0.620501 1.09459
0.991544 0.69558 1.10683 0.970846 0.703678 1.0821
0.944161 0.615592 1.13463 1.01733 0.616976 1.09509
0.991236 0.694757 1.10707 0.97153 0.701915 1.08235
0.943853 0.614769 1.13487 1.01802 0.615213 1.09534
0.991081 0.694345 1.1072 0.971872 0.701034 1.08248
0.943698 0.614357 1.135 1.01836 0.614332 1.09546
1.03831 0.773922 1.07952 0.925727 0.786855 1.06962
0.943544 0.613945 1.13512 1.0187 0.613451 1.09559
end
gesture a11 hands 2
0.820106 0.444156 1.14724 1.08463 0.443445 1.14187
0.848907 0.4462 1.15029 1.07486 0.451039 1.13813
0.900432 0.464819 1.14856 1.11153 0.448687 1.15395
0.917454 0.486648 1.14306 1.06508 0.458634 1.13439
0.90679 0.595986 1.12332 1.01524 0.480981 1.1256
0.920632 0.552231 1.13044 0.984118 0.525124 1.11326
0.909968 0.661569 1.1107 0.983204 0.659808 1.0924
0.922222 0.585023 1.12413 1.00169 0.749691 1.07819
0.911558 0.69436 1.10439 0.982291 0.794491 1.07154
0.923016 0.601418 1.12098 0.939478 0.820853 1.07119
0.912352 0.710756 1.10124 0.896166 0.794266 1.08858
0.923414 0.609616 1.1194 0.90476 0.769223 1.09487
0.91275 0.718954 1.09966 0.954703 0.697752 1.09324
0.923612 0.613715 1.11861 0.934029 0.720967 1.09719
0.912948 0.723053 1.09887 0.983971 0.649496 1.09556
0.923712 0.615764 1.11821 0.948663 0.696838 1.09836
0.913048 0.725103 1.09847 0.998606 0.625367 1.09673
0.923761 0.616789 1.11802 0.95598 0.684774 1.09894
0.913097 0.726127 1.09828 1.00592 0.613303 1.09731
0.923786 0.617302 1.11792 0.959638 0.678742 1.09923
0.913122 0.72664 1.09818 1.00958 0.607271 1.0976
0.913135 0.726896 1.09813 0.961468 0.675726 1.09937
0.934475 0.508476 1.13756 1.01141 0.604255 1.09774
0.913147 0.727152 1.09808 0.962382 0.674218 1.09945
0.932486 0.774868 1.08873 1.01233 0.602747 1.09782
0.973248 0.80826 1.08332 0.96284 0.673464 1.09948
1.02276 0.796505 1.08654 1.01278 0.601993 1.09785
1.01945 0.739092 1.09408 0.913354 0.744181 1.10115
0.923386 0.596181 1.10089 1.01324 0.601239 1.09789
end
gesture a11 hands 2
0.832584 0.460073 1.10408 1.08996 0.474462 1.07989
0.8615 0.456707 1.10816 1.09202 0.469821 1.10926
0.916634 0.471502 1.10329 1.0339 0.47035 1.1006
0.934694 0.489386 1.09926 0.989269 0.496228 1.09055
0.929733 0.622919 1.08111 0.963427 0.537977 1.08025
0.941244 0.565094 1.08818 0.984957 0.7122 1.06291
0.936283 0.698627 1.07002 0.990366 0.761995 1.05684
0.944519 0.602948 1.08263 0.976728 0.813988 1.05063
0.939557 0.736482 1.06448 0.932187 0.848063 1.05161
0.946156 0.621875 1.07986 0.912654 0.835744 1.06176
0.941195 0.755409 1.06171 0.95245 0.761256 1.07446
0.946975 0.631339 1.07848 0.922785 0.792341 1.07318
0.942013 0.764872 1.06033 0.962582 0.717853 1.08589
0.947384 0.636071 1.07778 0.927851 0.770639 1.0789
0.942423 0.769604 1.05963 0.967647 0.696152 1.0916
0.947589 0.638437 1.07744 0.930384 0.759788 1.08175
0.942627 0.77197 1.05929 0.97018 0.685301 1.09445
0.947691 0.63962 1.07726 0.93165 0.754363 1.08318
0.94273 0.773153 1.05911 0.971447 0.679875 1.09588
0.947742 0.640211 1.07718 0.932283 0.75165 1.0839
0.942781 0.773745 1.05903 0.97208 0.677163 1.0966
0.947768 0.640507 1.07713 0.9326 0.750294 1.08425
0.942806 0.77404 1.05898 0.972396 0.675806 1.09695
0.952755 0.507269 1.09524 0.932758 0.749616 1.08443
0.942832 0.774336 1.05894 0.972555 0.675128 1.09713
0.968215 0.820828 1.05312 0.932837 0.749277 1.08452
1.02017 0.843369 1.05673 0.972634 0.674789 1.09722
1.0481 0.799656 1.07258 0.89312 0.823425 1.07191
0.981014 0.678815 1.09124 0.972713 0.67445 1.09731
end
gesture a11 hands 2
0.819795 0.482886 1.15181 1.10935 0.49528 1.12148
0.848672 0.483453 1.1453 1.0798 0.496204 1.12588
0.901958 0.503322 1.13982 1.10152 0.488832 1.14943
0.938071 0.53973 1.13114 1.05026 0.497128 1.13028
0.959894 0.591644 1.12195 1.00748 0.525512 1.12177
0.933342 0.760248 1.08999 0.994491 0.547612 1.11668
0.935633 0.815115 1.07676 0.99579 0.612193 1.10571
0.959136 0.859861 1.06516 0.988646 0.590953 1.10864
1.01046 0.875693 1.05935 0.989945 0.655533 1.09767
1.02513 0.855562 1.06393 0.985723 0.612623 1.10463
0.967312 0.748679 1.08404 0.987022 0.677203 1.09366
1.00355 0.792055 1.07628 0.984262 0.623458 1.10262
0.945737 0.685172 1.09639 0.985561 0.688038 1.09165
0.992763 0.760301 1.08245 0.983531 0.628875 1.10161
0.934949 0.653418 1.10257 0.98483 0.693455 1.09064
0.987369 0.744425 1.08554 0.983166 0.631584 1.10111
0.929555 0.637542 1.10565 0.984465 0.696164 1.09014
0.984672 0.736486 1.08708 0.982983 0.632939 1.10086
0.926858 0.629603 1.1072 0.984282 0.697519 1.08989
0.983324 0.732517 1.08785 0.984191 0.698196 1.08977
0.925509 0.625634 1.10797 0.981502 0.569713 1.11158
0.98265 0.730533 1.08824 0.9841 0.698873 1.08964
0.924835 0.62365 1.10835 1.00159 0.780013 1.07715
0.982313 0.72954 1.08843 0.986697 0.828033 1.0677
0.924498 0.622657 1.10855 0.943148 0.859895 1.06435
0.982144 0.729044 1.08853 0.900764 0.832571 1.07843
0.92433 0.622161 1.10864 0.91771 0.779785 1.09256
1.03979 0.835431 1.06851 0.978748 0.6899 1.1009
0.924161 0.621665 1.10874 1.03997 0.589611 1.10015
end
gesture a11 hands 2
1.01381 0.526787 1.15292 0.908875 0.520962 1.16468
0.984152 0.524506 1.15441 0.923579 0.521862 1.16302
0.992883 0.528774 1.16758 0.921602 0.538606 1.14112
0.987018 0.578705 1.12759 0.929943 0.530684 1.15124
0.979267 0.587642 1.09101 0.927966 0.547427 1.12935
0.98021 0.608139 1.08931 0.933125 0.535095 1.14535
0.968188 0.685457 1.07797 0.931147 0.551838 1.12346
0.974671 0.657046 1.08279 0.934716 0.5373 1.14241
0.962649 0.734365 1.07145 0.932738 0.554044 1.12051
0.971901 0.6815 1.07953 0.935511 0.538403 1.14094
0.959879 0.758818 1.06819 0.933534 0.555146 1.11904
0.970516 0.693727 1.0779 0.935909 0.538954 1.1402
0.958494 0.771045 1.06656 0.933931 0.555698 1.11831
0.969823 0.699841 1.07709 0.936108 0.53923 1.13983
0.957801 0.777159 1.06574 0.93413 0.555973 1.11794
0.969477 0.702897 1.07668 0.936207 0.539368 1.13965
0.957455 0.780215 1.06534 0.934229 0.556111 1.11775
0.969304 0.704426 1.07647 0.936257 0.539437 1.13956
0.957282 0.781744 1.06513 0.934279 0.55618 1.11766
0.969218 0.70519 1.07637 0.936282 0.539471 1.13951
0.957196 0.782508 1.06503 0.934304 0.556215 1.11762
0.969174 0.705572 1.07632 0.934317 0.556232 1.11759
0.957152 0.78289 1.06498 0.938284 0.522762 1.16136
0.969153 0.705763 1.0763 0.934329 0.556249 1.11757
0.957131 0.783081 1.06496 0.935508 0.604848 1.10715
0.969142 0.705858 1.07628 0.949168 0.659339 1.10263
0.95712 0.783177 1.06494 0.942594 0.726949 1.0877
0.981153 0.628636 1.08761 0.93537 0.76747 1.08544
0.957109 0.783272 1.06493 0.93602 0.794559 1.07276
end
gesture a11 hands 2
1.01714 0.375533 1.25811 0.935882 0.374996 1.24218
1.00633 0.381845 1.23146 0.942019 0.381559 1.21384
0.995639 0.42289 1.1962 0.922795 0.420648 1.17405
0.985992 0.475909 1.18664 0.912655 0.472593 1.16523
0.996839 0.529599 1.17467 0.926175 0.526486 1.16166
0.988675 0.543874 1.16309 0.927621 0.538505 1.15256
0.985409 0.579186 1.16867 0.921469 0.576591 1.15249
0.98051 0.558149 1.1515 0.929066 0.550524 1.14347
0.972345 0.572423 1.13992 0.930511 0.562544 1.13437
0.970304 0.575992 1.13703 0.930873 0.565549 1.13209
0.973162 0.600598 1.1513 0.923637 0.59462 1.13884
0.968263 0.579561 1.13413 0.931234 0.568553 1.12982
0.966222 0.583129 1.13124 0.931596 0.571558 1.12754
0.965712 0.584021 1.13051 0.931686 0.572309 1.12698
0.970101 0.605951 1.14696 0.924179 0.599127 1.13543
0.965202 0.584914 1.12979 0.931776 0.573061 1.12641
0.964691 0.585806 1.12906 0.931867 0.573812 1.12584
0.964564 0.586029 1.12888 0.931889 0.574 1.1257
0.969335 0.607289 1.14587 0.924315 0.600254 1.13458
0.964436 0.586252 1.1287 0.931912 0.574187 1.12555
0.964309 0.586475 1.12852 0.931934 0.574375 1.12541
0.964277 0.586531 1.12848 0.93194 0.574422 1.12538
0.969144 0.607624 1.1456 0.924349 0.600536 1.13437
0.964245 0.586586 1.12843 0.931946 0.574469 1.12534
0.964213 0.586642 1.12839 0.931951 0.574516 1.12531
0.969096 0.607708 1.14553 0.924357 0.600606 1.13431
0.964197 0.58667 1.12836 0.931954 0.57454 1.12529
0.973979 0.628773 1.16268 0.916763 0.626696 1.14332
0.964181 0.586698 1.12834 0.931957 0.574563 1.12527
end
gesture a11 hands 2
0.959988 0.571969 1.14156 0.959272 0.562904 1.13325
0.951983 0.598169 1.13368 0.946557 0.582699 1.12366
0.953489 0.653201 1.12426 0.943726 0.63731 1.11586
0.96935 0.700391 1.11 0.950094 0.66379 1.1133
0.964253 0.752414 1.10573 0.944118 0.711653 1.09407
0.950936 0.750163 1.08728 0.94908 0.712927 1.0901
0.944424 0.793627 1.07913 0.956462 0.690269 1.11073
0.941022 0.770769 1.07398 0.954043 0.714202 1.08612
0.945348 0.720999 1.10236 0.952833 0.726168 1.07381
0.941484 0.734456 1.08559 0.952228 0.732151 1.06766
0.94581 0.684686 1.11398 0.944509 0.785995 1.07228
0.941715 0.716299 1.0914 0.948066 0.762065 1.0669
0.946041 0.666529 1.11978 0.945186 0.741318 1.08733
0.941831 0.70722 1.0943 0.948404 0.739726 1.07442
0.946157 0.65745 1.12269 0.945524 0.71898 1.09486
0.941888 0.702681 1.09575 0.948573 0.728557 1.07818
0.946214 0.652911 1.12414 0.945693 0.707811 1.09862
0.941917 0.700412 1.09648 0.948658 0.722973 1.08006
0.946243 0.650642 1.12486 0.945777 0.702227 1.1005
0.941932 0.699277 1.09684 0.9487 0.72018 1.081
0.946258 0.649507 1.12523 0.94582 0.699434 1.10144
0.941939 0.698709 1.09702 0.948721 0.718784 1.08147
0.946265 0.648939 1.12541 0.945841 0.698038 1.10191
0.941942 0.698426 1.09711 0.948732 0.718086 1.08171
0.946268 0.648656 1.1255 0.945851 0.69734 1.10214
0.94627 0.648514 1.12554 0.951623 0.738134 1.06151
0.93762 0.747912 1.06882 0.945862 0.696642 1.10238
0.946272 0.648372 1.12559 0.938846 0.641307 1.11798
0.94817 0.62054 1.13417 0.943838 0.613621 1.12769
end
gesture a11 hands 2
0.827241 0.31332 1.16567 1.13207 0.339161 1.06175
0.854649 0.310732 1.17699 1.14159 0.338424 1.09017
0.856441 0.328369 1.15888 1.10339 0.342774 1.10604
0.891679 0.349929 1.11842 1.1 0.342121 1.10878
0.909361 0.391461 1.08393 1.06221 0.365967 1.07431
0.910103 0.415358 1.07351 1.03978 0.407451 1.04731
0.905327 0.480058 1.06766 1.03319 0.453087 1.03157
0.908087 0.459657 1.06537 1.03987 0.537247 1.02459
0.90331 0.524356 1.05953 1.02831 0.582185 1.02793
0.907078 0.481806 1.06131 1.03743 0.601796 1.02277
0.902301 0.546506 1.05546 1.02587 0.646734 1.0261
0.906574 0.49288 1.05927 1.03621 0.63407 1.02186
0.901797 0.55758 1.05342 1.02465 0.679008 1.02519
0.906322 0.498418 1.05826 1.0356 0.650207 1.0214
0.901545 0.563118 1.05241 1.02404 0.695146 1.02474
0.906196 0.501186 1.05775 1.03529 0.658276 1.02117
0.901419 0.565886 1.0519 1.02374 0.703214 1.02451
0.906133 0.502571 1.05749 1.03514 0.66231 1.02106
0.901356 0.567271 1.05164 1.02358 0.707249 1.02439
0.901325 0.567963 1.05152 1.04654 0.621406 1.01761
0.910846 0.439255 1.06309 1.02343 0.711283 1.02428
0.901293 0.568655 1.05139 1.0337 0.791957 1.01643
0.924047 0.669961 1.05118 1.04806 0.822525 1.00933
0.905317 0.761999 1.04095 1.04397 0.872632 1.00859
0.911479 0.817209 1.03906 0.989578 0.926779 1.0305
0.972664 0.905078 1.05197 0.982438 0.961321 1.03703
1.02058 0.927558 1.05475 0.935187 0.980925 1.05241
1.06612 0.8955 1.05827 0.891206 0.951665 1.06853
1.06682 0.844054 1.07155 0.890777 0.898353 1.08162
end
gesture a11 hands 2
0.896031 0.288648 1.22174 1.01544 0.342966 1.04607
0.909429 0.29372 1.19584 1.03429 0.3422 1.05418
0.905781 0.292337 1.19296 1.07163 0.306015 1.10209
0.934732 0.310679 1.14862 1.05313 0.341435 1.06228
0.941811 0.346836 1.107 1.04849 0.384864 1.04072
0.919403 0.471308 1.07596 1.05047 0.412152 1.03479
0.943123 0.579199 1.06844 1.04455 0.489488 1.03642
0.928481 0.67844 1.05539 1.0485 0.464465 1.03264
0.957082 0.780874 1.04874 1.04258 0.541801 1.03428
0.954491 0.83101 1.03691 1.04751 0.490621 1.03157
0.918333 0.924757 1.02033 1.04159 0.567957 1.0332
0.93173 0.978471 1.01575 1.0411 0.581035 1.03267
1.00628 1.057 1.02002 1.05245 0.439441 1.02886
1.05976 1.06557 1.02295 1.04061 0.594113 1.03213
1.09438 1.02743 1.0308 1.03343 0.691257 1.03025
1.0957 1.00262 1.03765 1.04531 0.741072 1.02205
1.06511 0.890613 1.06625 1.02626 0.788402 1.02837
1.08107 0.934209 1.05538 1.01173 0.844239 1.02935
1.05048 0.822204 1.08398 1.02026 0.898533 1.01958
1.07375 0.900004 1.06424 0.98928 0.976182 1.02403
1.04317 0.788 1.09285 0.97379 1.01501 1.02626
1.07009 0.882902 1.06867 0.966045 1.03442 1.02737
1.03951 0.770898 1.09728 1.04386 1.00519 1.00694
1.06826 0.874351 1.07089 0.9583 1.05383 1.02848
1.03768 0.762347 1.09949 0.925978 1.12057 1.04181
1.06735 0.870076 1.072 0.87274 1.10246 1.05002
1.03676 0.758072 1.1006 0.85957 1.05255 1.05672
1.09702 0.977804 1.0445 0.886252 0.954465 1.0718
1.03585 0.753796 1.10171 0.916409 0.796311 1.0723
end
gesture a11 hands 2
0.863612 0.208893 1.22604 1.10865 0.19804 1.18962
0.887931 0.210105 1.20885 1.09505 0.215384 1.1696
0.903013 0.230782 1.16166 1.0695 0.235368 1.12319
0.895013 0.26662 1.12762 1.06934 0.268955 1.08728
0.880296 0.373161 1.09776 1.07929 0.319987 1.06747
0.906793 0.474109 1.08844 1.06254 0.462429 1.05813
0.888729 0.575631 1.07372 1.07599 0.56081 1.04448
0.895624 0.623341 1.07138 1.06991 0.60831 1.0438
0.922275 0.673379 1.06847 1.04566 0.657415 1.04969
0.926132 0.721334 1.05555 1.03754 0.706951 1.04245
0.903748 0.76874 1.04425 1.05328 0.752681 1.03058
0.891871 0.823491 1.03693 1.05855 0.807165 1.02374
0.919118 0.869259 1.03929 1.00992 0.900804 1.03753
0.942668 0.916861 1.03524 0.958713 1.01599 1.05825
0.950782 0.972852 1.02685 0.956947 1.11438 1.06159
0.974275 1.07849 1.02342 0.907502 1.13117 1.07898
1.00468 1.12357 1.03522 0.866594 1.09847 1.08885
1.05895 1.13665 1.04338 0.863392 1.07413 1.09142
1.09888 1.09716 1.05138 0.880115 0.984847 1.08888
1.10208 1.07292 1.05509 0.870152 1.01731 1.09144
1.0814 0.986208 1.07213 0.886876 0.928033 1.0889
1.09333 1.01744 1.06546 0.873532 0.988906 1.09145
1.07265 0.930733 1.0825 0.890256 0.899625 1.08891
1.08896 0.989706 1.07065 0.875222 0.974703 1.09145
1.06828 0.902995 1.08769 0.891946 0.885422 1.08891
1.08678 0.975837 1.07325 0.876067 0.967601 1.09146
1.0661 0.889126 1.09029 0.892791 0.87832 1.08892
1.10527 1.04868 1.0588 0.860189 1.04978 1.094
1.06391 0.875257 1.09288 0.893636 0.871218 1.08892
end
gesture a11 hands 2
0.788248 0.58794 1.06379 1.14851 0.599009 1.06238
0.811626 0.583621 1.08161 1.14491 0.599483 1.07394
0.867696 0.582547 1.06397 1.11943 0.598932 1.05607
0.925014 0.591467 1.07405 1.13037 0.599445 1.07079
1.08055 0.654628 1.10418 1.10284 0.594847 1.07778
1.15738 0.737035 1.11115 1.09454 0.592805 1.08863
1.17562 0.783513 1.10508 1.14132 0.599957 1.0855
1.17717 0.810881 1.1 1.08625 0.590762 1.09948
1.14101 0.898974 1.08187 1.03848 0.585944 1.08365
1.15986 0.868611 1.0884 1.00332 0.60355 1.08535
1.1237 0.956705 1.07027 0.985733 0.612354 1.0862
1.15121 0.897477 1.0826 0.976942 0.616755 1.08662
1.11504 0.98557 1.06447 0.972547 0.618956 1.08684
1.14688 0.91191 1.0797 1.00602 0.599327 1.12326
1.11071 1.00001 1.06157 0.968151 0.621157 1.08705
1.14472 0.919127 1.07825 0.912899 0.641503 1.08643
1.10855 1.00722 1.06012 0.858408 0.702608 1.08156
1.14364 0.922736 1.07753 0.826381 0.718568 1.07927
1.10747 1.01083 1.0594 0.803917 0.763712 1.0767
1.1431 0.92454 1.07716 0.796324 0.818095 1.07083
1.10693 1.01264 1.05903 0.82532 0.903093 1.05197
1.14283 0.925442 1.07698 0.848777 0.946835 1.04285
1.10666 1.01354 1.05885 0.861679 0.999259 1.03306
1.17872 0.838249 1.09493 0.851957 1.0532 1.02551
1.10639 1.01444 1.05867 0.814818 1.04597 1.03449
1.11331 1.06544 1.04935 0.807893 1.08221 1.02764
1.15535 1.09383 1.04132 0.777678 1.03874 1.04347
1.17753 1.04528 1.04493 0.797667 0.988907 1.05548
1.14094 0.974013 1.05288 0.815018 0.96511 1.0596
end
gesture a11 hands 2
0.779618 0.409803 1.11765 1.14125 0.422527 1.10385
0.805256 0.412212 1.10373 1.11173 0.417713 1.10591
0.857626 0.429109 1.0975 1.05804 0.431747 1.09039
0.900806 0.462752 1.0982 1.01381 0.465098 1.08767
0.926965 0.506429 1.09642 0.988559 0.507962 1.08418
0.915579 0.589791 1.0847 1.00114 0.634396 1.06748
0.917798 0.641152 1.07773 1.00832 0.780896 1.04394
0.910995 0.657153 1.07535 0.9797 0.824108 1.04369
0.913214 0.708513 1.06838 0.929374 0.839351 1.05554
0.908703 0.690833 1.07068 0.919466 0.793826 1.0726
0.910922 0.742194 1.0637 0.89952 0.801803 1.07553
0.907557 0.707674 1.06834 0.904539 0.775052 1.0826
0.909776 0.759035 1.06137 0.936129 0.727669 1.08721
0.906984 0.716094 1.06717 0.922844 0.737985 1.08843
0.909203 0.767455 1.0602 0.954434 0.690602 1.09304
0.906698 0.720304 1.06659 0.931997 0.719452 1.09135
0.908916 0.771665 1.05961 0.963587 0.672068 1.09596
0.906555 0.722409 1.0663 0.936573 0.710185 1.09281
0.908773 0.77377 1.05932 0.968163 0.662802 1.09742
0.906483 0.723461 1.06615 0.938861 0.705552 1.09354
0.908702 0.774822 1.05918 0.970451 0.658168 1.09815
0.908666 0.775349 1.0591 0.940005 0.703235 1.09391
0.904193 0.673153 1.07298 0.971595 0.655852 1.09852
0.90863 0.775875 1.05903 0.940577 0.702077 1.09409
0.93943 0.822932 1.05629 0.972167 0.654693 1.0987
0.990706 0.838416 1.05762 0.940863 0.701498 1.09418
1.02841 0.802814 1.06551 0.972453 0.654114 1.09879
1.02946 0.747785 1.07291 0.909559 0.748302 1.08966
0.9724 0.653671 1.08318 0.972739 0.653535 1.09888
end
gesture a11 hands 2
0.801715 0.481015 1.10506 1.1444 0.491665 1.07989
0.83051 0.484706 1.09848 1.12131 0.48715 1.06187
0.881375 0.492216 1.06795 1.08037 0.490835 1.04907
0.933042 0.516844 1.06465 1.02871 0.514031 1.05222
0.97525 0.549027 1.0641 0.982347 0.548261 1.05412
0.986233 0.642107 1.0578 0.968552 0.568335 1.05526
1.00213 0.592937 1.06535 0.983485 0.712478 1.03901
0.997215 0.735186 1.0515 0.969121 0.650443 1.04771
0.965127 0.8402 1.03809 0.984054 0.794586 1.03145
0.968119 0.891988 1.03173 0.969405 0.691497 1.04393
0.988943 0.938668 1.02679 0.984339 0.83564 1.02767
1.03527 0.957576 1.02536 0.969547 0.712024 1.04204
1.07665 0.923019 1.03033 0.984481 0.856167 1.02578
1.07556 0.895204 1.03608 0.969618 0.722288 1.04109
1.00648 0.789723 1.05357 0.984552 0.866431 1.02483
1.04047 0.828557 1.0477 0.969654 0.72742 1.04062
0.971389 0.723075 1.06518 0.984587 0.871562 1.02436
1.02293 0.795233 1.05351 0.969672 0.729986 1.04039
0.953846 0.689751 1.07099 0.984605 0.874128 1.02413
1.01416 0.778571 1.05641 0.984614 0.875411 1.02401
0.945074 0.673089 1.0739 0.954756 0.588409 1.05641
1.00977 0.770239 1.05786 0.984623 0.876694 1.02389
0.940688 0.664758 1.07535 0.958769 0.926068 1.02347
1.00758 0.766074 1.05859 0.908702 0.945017 1.03267
0.938495 0.660593 1.07607 0.868319 0.912107 1.05064
1.00648 0.763991 1.05895 0.874668 0.857829 1.06607
0.937398 0.65851 1.07644 0.89875 0.810192 1.07568
1.07447 0.86739 1.04183 0.931255 0.761941 1.07983
0.936302 0.656427 1.0768 1.01506 0.648337 1.0712
end
gesture a11 hands 2
0.818086 0.203403 1.243 1.15541 0.201177 1.12295
0.828039 0.201692 1.27067 1.14306 0.208144 1.09676
0.875922 0.207388 1.23957 1.10551 0.173057 1.12321
0.898018 0.219 1.23368 1.07904 0.177649 1.10637
0.944416 0.280256 1.22337 1.06085 0.196627 1.08368
0.932265 0.255434 1.22557 1.0189 0.229057 1.08288
0.978663 0.31669 1.21526 0.987836 0.31493 1.08385
0.995787 0.334907 1.21121 0.982397 0.288209 1.08296
0.920114 0.230612 1.22778 0.95133 0.374082 1.08393
1.01291 0.353124 1.20716 0.933076 0.403658 1.08397
0.992027 0.475274 1.17947 0.976957 0.261487 1.08207
0.981001 0.531197 1.16621 0.914823 0.433234 1.08401
0.992345 0.582857 1.15763 0.93022 0.471827 1.07986
1.02144 0.621551 1.15611 0.952055 0.525607 1.07331
1.05098 0.663962 1.14948 0.959435 0.580074 1.07034
1.05822 0.712541 1.1329 0.949943 0.631932 1.07637
1.03598 0.752746 1.11898 0.906283 0.729829 1.08433
1.0041 0.78386 1.1076 0.918823 0.78588 1.07448
0.97504 0.829429 1.09155 0.980316 0.871172 1.03689
0.978916 0.88233 1.07753 0.999498 0.924158 1.02675
1.02097 0.918806 1.07218 0.980792 0.973328 1.02897
1.07562 0.934079 1.07666 0.935925 1.00209 1.05003
1.12239 0.962934 1.06833 0.88646 1.01598 1.07259
1.11716 1.01048 1.04361 0.856504 1.05851 1.06619
1.07581 1.0444 1.02635 0.880527 1.10526 1.04465
0.978602 1.08866 0.999828 0.983327 1.14275 1.00893
0.93776 1.10113 0.970488 1.03275 1.15838 0.983952
0.919717 1.06027 0.942845 1.06905 1.1357 0.947027
0.916839 1.03592 0.943303 1.06987 1.08912 0.933855
end
gesture a11 hands 2
0.820383 0.223902 1.29186 1.12202 0.121082 1.17584
0.839628 0.224453 1.26956 1.14113 0.140092 1.16273
0.884307 0.236312 1.23371 1.14007 0.149241 1.16787
0.994263 0.342473 1.19884 1.08455 0.141425 1.15335
1.01625 0.394815 1.18927 1.03177 0.161331 1.14216
1.02302 0.442865 1.17727 0.960249 0.239487 1.13962
1.01102 0.481672 1.16687 0.936198 0.292497 1.14264
0.989504 0.532359 1.15527 0.934747 0.352436 1.13512
0.958064 0.623152 1.12433 0.965043 0.426974 1.11336
0.971388 0.671604 1.11231 0.933295 0.412374 1.1276
1.00541 0.708261 1.10789 0.993888 0.561451 1.08408
1.05166 0.735977 1.10819 0.988306 0.608473 1.07619
1.08521 0.77192 1.09855 0.95997 0.656945 1.08341
1.0919 0.816771 1.08 0.921591 0.69123 1.09929
1.06967 0.860666 1.06143 0.886352 0.73134 1.10528
0.982796 0.9244 1.04451 0.87587 0.781117 1.09274
0.943849 0.964111 1.03998 0.894981 0.823903 1.0744
0.950591 1.01747 1.02535 0.970314 0.882647 1.04081
0.991546 1.05014 1.0186 1.0012 0.919322 1.02438
1.04438 1.05584 1.02846 1.0028 0.972422 1.01322
1.10229 1.04991 1.03946 0.970396 1.01851 1.02093
1.15321 1.07375 1.03145 0.872407 1.02999 1.07351
1.14506 1.1178 1.0079 0.820464 1.0543 1.07902
1.10069 1.14743 0.993457 0.8276 1.1048 1.05574
1.04455 1.15985 0.986034 0.870108 1.135 1.0344
0.996086 1.17213 0.979387 0.970548 1.15876 1.00171
0.94279 1.16948 0.963828 1.01855 1.15099 0.982512
0.914206 1.12746 0.94905 1.0481 1.10752 0.961967
0.908356 1.10254 0.950182 1.05164 1.08511 0.958823
end
gesture a11 hands 2
0.811968 0.22317 1.34468 1.1576 0.194627 1.2096
0.812488 0.223088 1.31469 1.15243 0.199084 1.18088
0.816238 0.218045 1.26061 1.10965 0.203755 1.1439
0.856947 0.227259 1.22017 1.06151 0.230672 1.12569
0.897378 0.254043 1.19773 1.02244 0.264799 1.11903
0.975418 0.324781 1.19011 0.946226 0.39704 1.12088
1.00202 0.372011 1.18366 0.94982 0.446009 1.11085
1.01062 0.420154 1.17263 1.00772 0.59388 1.07343
0.981797 0.497953 1.15379 1.00708 0.647957 1.06373
0.98385 0.570246 1.13511 0.983126 0.696912 1.06459
0.960959 0.598482 1.12518 0.904616 0.757017 1.10501
0.985904 0.642538 1.11643 0.876606 0.804257 1.1005
1.02678 0.672333 1.12091 0.886135 0.85651 1.07928
1.07681 0.698133 1.13462 0.99549 0.96134 1.01348
1.11718 0.731358 1.1283 1.00989 1.01298 1.00024
1.12817 0.778193 1.11022 0.982179 1.05593 1.01234
1.07218 0.85338 1.07825 0.941778 1.06344 1.04191
1.02602 0.886978 1.06281 0.897872 1.09294 1.04153
0.999901 0.928209 1.04311 0.844181 1.07886 1.06988
1.01024 0.975789 1.02702 0.849073 1.10065 1.05552
1.05769 1.00106 1.03523 0.921937 1.11825 1.03123
1.16778 1.00888 1.05861 0.887951 1.12034 1.0362
1.16933 1.05775 1.03215 0.960816 1.13795 1.0119
1.13372 1.08936 1.01431 0.980255 1.1478 1.00224
1.03146 1.09766 0.991125 0.853965 1.12244 1.04116
0.976188 1.12555 0.988706 0.999694 1.15765 0.992578
0.929202 1.10595 0.96794 1.04974 1.14688 0.966609
0.914675 1.05557 0.958104 1.07703 1.10371 0.946734
0.911392 1.03112 0.961194 1.08144 1.05104 0.942748
end
gesture a11 hands 2
0.77838 0.409108 1.14855 1.14563 0.390571 1.10947
0.808059 0.405731 1.14996 1.12239 0.38797 1.12777
0.862376 0.415433 1.16487 1.1079 0.376041 1.17237
0.918322 0.430301 1.17378 0.998092 0.412235 1.16983
0.964594 0.461808 1.17411 0.957605 0.452022 1.16345
0.995603 0.50139 1.16984 0.946618 0.474474 1.15885
1.01162 0.55378 1.16022 0.953917 0.557469 1.14107
1.00429 0.631686 1.1436 0.944775 0.527197 1.14766
1.00958 0.659311 1.13954 0.952073 0.610192 1.12988
0.996953 0.709592 1.12698 0.943852 0.553559 1.14207
1.00754 0.764842 1.11886 0.951151 0.636554 1.12428
1.00464 0.819959 1.10565 0.943392 0.56674 1.13927
0.99616 0.893474 1.07933 0.95069 0.649734 1.12149
0.997984 0.914996 1.06729 0.943161 0.57333 1.13787
0.969955 0.920009 1.07306 0.950459 0.656325 1.12009
0.999807 0.936518 1.05525 0.943046 0.576625 1.13717
1.0046 0.934225 1.05131 0.950344 0.65962 1.11939
1.007 0.933079 1.04934 0.942988 0.578273 1.13682
0.98768 0.966989 1.05301 0.950287 0.661267 1.11904
1.0094 0.931933 1.04736 0.950258 0.662091 1.11886
1.02025 0.914405 1.04454 0.935632 0.496926 1.15425
1.02568 0.905641 1.04313 0.950229 0.662915 1.11869
1.0284 0.901259 1.04243 0.945975 0.710651 1.11432
1.02903 0.927143 1.03993 0.941849 0.769363 1.10715
1.02975 0.899068 1.04207 0.974515 0.875122 1.07779
1.03043 0.897972 1.0419 0.971328 0.92507 1.06666
1.02966 0.953027 1.03744 0.932519 0.957643 1.05217
1.03111 0.896877 1.04172 0.904646 0.911755 1.05443
1.02152 0.873829 1.04787 0.915669 0.858764 1.06487
end
gesture a11 hands 2
0.866125 0.363252 1.25785 1.11915 0.35504 1.22818
0.88967 0.367432 1.23923 1.09637 0.345528 1.21169
0.857008 0.358825 1.22995 1.04077 0.3578 1.21588
0.913216 0.371611 1.2206 0.993182 0.387956 1.21198
0.961065 0.39948 1.21193 0.966372 0.426594 1.20366
0.974955 0.419065 1.20781 0.956821 0.479377 1.18934
0.973473 0.471439 1.19605 0.979556 0.581154 1.16236
0.981159 0.455045 1.19987 0.968097 0.659356 1.14683
0.979677 0.507419 1.18811 0.97901 0.708606 1.13138
0.984261 0.473034 1.1959 0.967824 0.723083 1.13135
0.982779 0.525409 1.18414 0.978736 0.772333 1.1159
0.985812 0.482029 1.19392 0.967687 0.754946 1.1236
0.98433 0.534404 1.18216 0.9786 0.804196 1.10815
0.986587 0.486527 1.19292 0.967619 0.770877 1.11973
0.985105 0.538901 1.18117 0.978531 0.820127 1.10428
0.988845 0.43865 1.20369 0.967585 0.778843 1.1178
0.98588 0.543398 1.18018 0.978497 0.828093 1.10235
0.977143 0.600951 1.16738 0.967568 0.782826 1.11683
0.982916 0.648147 1.15666 0.97848 0.832076 1.10138
1.00252 0.755187 1.1315 0.956638 0.737559 1.13131
0.971468 0.855121 1.09868 0.978463 0.836059 1.10041
0.981595 0.905638 1.08423 0.964643 0.888176 1.09097
1.00525 0.95379 1.07346 0.93796 0.938068 1.08909
1.00791 1.00277 1.05665 0.933657 0.988591 1.0734
0.982078 1.04694 1.03449 0.956505 1.03508 1.04769
0.964863 1.07944 0.992108 0.97003 1.07138 1.00473
0.976376 1.05183 0.953 0.957378 1.04438 0.965165
0.980419 1.00177 0.956653 0.955269 0.995221 0.968726
0.977231 0.976221 0.966563 0.961127 0.969633 0.977957
end
gesture a11 hands 2
0.859551 0.321899 1.26247 1.12179 0.318214 1.24077
0.883763 0.317361 1.24577 1.12879 0.312144 1.22909
0.936442 0.335292 1.23112 1.09942 0.314609 1.2295
0.97738 0.372275 1.21802 1.1176 0.310341 1.22345
0.998495 0.420652 1.20433 1.08824 0.312806 1.22386
0.998726 0.447834 1.19734 1.11201 0.30944 1.22063
0.984392 0.499946 1.18467 1.08264 0.311905 1.22104
0.991674 0.487482 1.18751 1.10921 0.30899 1.21922
0.97734 0.539593 1.17485 1.07985 0.311455 1.21963
0.988148 0.507305 1.18259 1.13578 0.306074 1.21741
0.973815 0.559417 1.16993 1.07705 0.311004 1.21822
0.986385 0.517217 1.18014 1.03136 0.337602 1.21344
0.972052 0.569328 1.16748 0.997893 0.382092 1.19974
0.998956 0.475017 1.19034 0.986931 0.433284 1.18469
0.970289 0.57924 1.16502 0.99186 0.480801 1.17246
0.975926 0.630522 1.1518 1.00765 0.534255 1.1583
1.00429 0.724764 1.12792 1.00896 0.584957 1.14733
0.993985 0.775325 1.11379 0.974986 0.681779 1.1355
0.958117 0.869301 1.08546 0.974107 0.734539 1.12119
0.964658 0.948871 1.06149 1.00458 0.830044 1.08982
0.978662 0.97558 1.05402 0.999913 0.885193 1.07354
0.971199 1.02844 1.03751 0.972935 0.991699 1.04834
0.948454 1.07354 1.01796 0.957528 1.04369 1.01428
0.977162 1.07574 0.991052 0.990694 1.08742 1.00297
0.966737 1.10796 0.980261 0.953175 1.06906 0.993184
1.00587 1.07794 0.964144 0.942121 1.09568 0.980212
1.02048 1.02741 0.969151 0.915656 1.05071 0.983399
1.01656 0.977965 0.985489 0.914401 0.998296 0.994476
1.01123 0.951495 0.996101 0.926519 0.955721 1.00631
end
gesture a11 hands 2
0.784905 0.447861 1.14308 1.15682 0.457196 1.17053
0.813515 0.439808 1.14477 1.1279 0.451254 1.17204
0.867486 0.453372 1.14122 1.07445 0.465474 1.16923
0.883875 0.472885 1.1375 1.0579 0.483443 1.16654
0.874677 0.565915 1.12541 1.06099 0.575568 1.14385
0.88747 0.529156 1.1296 1.05117 0.53849 1.15385
0.878273 0.622186 1.11751 1.05427 0.630615 1.13117
0.889268 0.557291 1.12565 1.04781 0.566014 1.14751
0.88007 0.650321 1.11356 1.0509 0.658139 1.12482
0.890167 0.571359 1.12367 1.04613 0.579776 1.14434
0.880969 0.664389 1.11159 1.04922 0.6719 1.12165
0.890616 0.578393 1.12268 1.04529 0.586657 1.14275
0.881419 0.671423 1.1106 1.04838 0.678781 1.12007
0.890841 0.58191 1.12219 1.04487 0.590097 1.14196
0.881643 0.67494 1.1101 1.04796 0.682222 1.11927
0.890953 0.583669 1.12194 1.04466 0.591817 1.14156
0.881756 0.676699 1.10986 1.04775 0.683942 1.11888
0.891009 0.584548 1.12182 1.04455 0.592677 1.14136
0.881812 0.677578 1.10973 1.04765 0.684802 1.11868
0.891037 0.584987 1.12176 1.0445 0.593107 1.14126
0.88184 0.678017 1.10967 1.04759 0.685232 1.11858
0.881854 0.678237 1.10964 1.04757 0.685447 1.11853
0.900263 0.492397 1.13378 1.04135 0.501413 1.16385
0.881868 0.678457 1.10961 1.04754 0.685662 1.11848
0.891355 0.728469 1.10313 1.03682 0.735321 1.10928
0.925211 0.771557 1.09862 1.00266 0.775259 1.10495
0.971004 0.790447 1.07733 0.949519 0.791687 1.09732
0.987216 0.743069 1.06239 0.932976 0.741835 1.0946
0.947212 0.672409 1.08538 0.978645 0.673623 1.11666
end
gesture a11 hands 2
0.806818 0.378351 1.18383 1.09841 0.411159 1.22719
0.831752 0.371507 1.16948 1.1123 0.401218 1.20295
0.884747 0.386298 1.16253 1.10429 0.396834 1.16439
0.903076 0.404596 1.15753 1.05735 0.424598 1.15842
0.89333 0.488172 1.14531 1.02559 0.470966 1.1526
0.907367 0.455533 1.14892 1.02198 0.491055 1.14895
0.897621 0.539109 1.1367 1.03321 0.554353 1.13339
0.909513 0.481001 1.14461 1.02578 0.532748 1.13935
0.899766 0.564577 1.1324 1.03701 0.596047 1.12379
0.910586 0.493735 1.14246 1.02769 0.553595 1.13455
0.900839 0.577311 1.13024 1.03892 0.616893 1.11899
0.911122 0.500102 1.14139 1.02864 0.564019 1.13215
0.901376 0.583678 1.12917 1.03987 0.627317 1.11659
0.91139 0.503286 1.14085 1.02911 0.56923 1.13095
0.901644 0.586861 1.12863 1.04034 0.632528 1.11539
0.911524 0.504878 1.14058 1.02935 0.571836 1.13035
0.901778 0.588453 1.12836 1.04058 0.635134 1.11479
0.911591 0.505674 1.14044 1.02947 0.573139 1.13005
0.901845 0.589249 1.12822 1.0407 0.636437 1.11449
0.911625 0.506072 1.14038 1.02953 0.573791 1.12989
0.901878 0.589647 1.12816 1.04076 0.637089 1.11434
0.901895 0.589846 1.12812 1.02956 0.574116 1.12982
0.921405 0.422894 1.15253 1.04079 0.637414 1.11426
0.901912 0.590045 1.12809 1.01836 0.511144 1.1453
0.905481 0.645599 1.11909 1.04082 0.63774 1.11419
0.932936 0.691077 1.11342 1.02221 0.685913 1.1085
0.980823 0.713372 1.10217 0.98085 0.721726 1.10935
0.988498 0.662587 1.09263 0.938691 0.700687 1.11405
0.973313 0.63977 1.09915 0.960641 0.651537 1.12413
end
gesture a11 hands 2
0.819034 0.434584 1.18102 1.11379 0.443225 1.19573
0.846654 0.432368 1.1704 1.10068 0.445028 1.20251
0.902521 0.447882 1.16091 1.1217 0.446979 1.18165
0.918702 0.467152 1.15653 1.08756 0.44683 1.20929
0.905604 0.562415 1.14014 1.08075 0.453057 1.18898
0.920244 0.524419 1.14615 1.10518 0.451895 1.17828
0.907146 0.619681 1.12976 1.07735 0.456171 1.17883
0.921014 0.553052 1.14095 1.10348 0.453452 1.1732
0.907916 0.648314 1.12457 1.07565 0.457728 1.17376
0.9214 0.567369 1.13836 1.10263 0.45423 1.17066
0.908302 0.66263 1.12197 1.0748 0.458507 1.17122
0.921592 0.574527 1.13706 1.1022 0.454619 1.16939
0.908494 0.669789 1.12068 1.07438 0.458896 1.16995
0.921689 0.578106 1.13641 1.10199 0.454814 1.16876
0.908591 0.673368 1.12003 1.07416 0.45909 1.16931
0.921737 0.579895 1.13609 1.10188 0.454911 1.16844
0.908639 0.675157 1.1197 1.07406 0.459188 1.169
0.921761 0.58079 1.13593 1.10183 0.45496 1.16828
0.908663 0.676052 1.11954 1.074 0.459236 1.16884
0.921773 0.581238 1.13585 1.1018 0.454984 1.1682
0.908675 0.6765 1.11946 1.07398 0.459261 1.16876
0.921779 0.581461 1.13581 1.1296 0.450732 1.16757
0.908681 0.676723 1.11942 1.07395 0.459285 1.16868
0.908684 0.676835 1.1194 1.03566 0.495592 1.16176
0.934883 0.486423 1.15215 1.02524 0.605547 1.13732
0.908687 0.676947 1.11938 1.03193 0.668637 1.12251
0.922956 0.723099 1.10866 1.01483 0.715503 1.11288
0.973513 0.744907 1.10079 0.967963 0.73497 1.11121
0.986812 0.70229 1.10633 0.954903 0.693705 1.12378
end
gesture a12 hands 2
0.804165 0.705708 0.98015 0.916341 0.949136 1.11644
0.831245 0.715615 0.97268 0.914169 0.94439 1.13048
0.822407 0.710127 1.0517 0.915199 0.948179 1.10124
0.860512 0.750359 1.03844 0.913599 0.943911 1.12287
0.892628 0.797506 1.02911 0.914628 0.947701 1.09363
0.906496 0.851299 1.03622 0.911998 0.939643 1.14451
0.918188 0.960003 1.0561 0.914057 0.947222 1.08603
0.989499 1.04012 1.05515 0.908146 0.964894 1.03092
1.0183 1.08713 1.05665 0.926324 0.992611 0.983367
1.06081 1.12023 1.0542 0.976293 1.00449 0.954081
1.11237 1.14005 1.04844 1.00148 1.02259 0.963804
1.11772 1.11862 1.0436 1.03186 1.02375 0.950824
1.07232 1.06389 1.04234 1.02667 1.0407 0.973528
1.09769 1.08054 1.04055 0.986621 1.01624 1.0097
1.05229 1.02582 1.03928 0.983751 0.992566 1.00014
1.08768 1.0615 1.03902 1.03096 0.984475 0.965598
1.04228 1.00678 1.03776 1.05607 0.989128 0.947181
1.08267 1.05198 1.03826 1.06862 0.991454 0.937973
1.03728 0.997258 1.03699 1.0749 0.992617 0.933369
1.08017 1.04722 1.03788 1.07804 0.993198 0.931067
1.03477 0.992498 1.03661 1.07961 0.993489 0.929916
1.07892 1.04484 1.03769 1.13743 0.99974 0.915919
1.03352 0.990118 1.03642 1.08118 0.99378 0.928765
1.0329 0.988928 1.03633 1.05857 0.988942 0.9459
1.12306 1.09718 1.03876 1.00046 0.971171 1.00904
1.03227 0.987738 1.03623 1.01821 0.977637 0.986036
0.992954 0.945957 1.02373 0.960097 0.959866 1.04917
0.941481 0.878298 1.03369 1.03597 0.984103 0.963035
0.862851 0.794737 1.0087 0.919736 0.948561 1.08931
end
gesture a12 hands 2
0.755938 0.708294 0.988951 0.820067 0.897534 1.0926
0.784616 0.732323 1.02185 0.834422 0.897704 1.07796
0.771228 0.719943 1.0572 0.793415 0.895309 1.07969
0.792261 0.738147 1.05597 0.848777 0.897874 1.06332
0.812564 0.786603 1.06489 0.903312 0.896642 1.03915
0.812929 0.771477 1.05982 0.930875 0.902732 1.02933
0.833232 0.819933 1.06874 0.971951 0.937288 1.01361
0.823263 0.788143 1.06174 0.965194 0.923055 1.01656
0.843566 0.836598 1.07067 1.00627 0.957611 1.00085
0.82843 0.796475 1.0627 0.982354 0.933217 1.01018
0.848733 0.844931 1.07163 1.02343 0.967772 0.994463
0.831014 0.800641 1.06318 0.990934 0.938297 1.00699
0.851317 0.849097 1.07211 1.03201 0.972853 0.991271
0.832305 0.802724 1.06342 0.995224 0.940838 1.00539
0.852608 0.85118 1.07235 1.0363 0.975394 0.989675
0.853254 0.852221 1.07247 0.997369 0.942108 1.00459
0.813294 0.756352 1.05474 1.03845 0.976664 0.988877
0.8539 0.853263 1.07259 0.998442 0.942743 1.00419
0.910345 0.929233 1.08085 1.03952 0.977299 0.988478
0.949229 0.97103 1.08207 0.958438 0.908822 1.01951
0.989368 0.999852 1.08041 1.04059 0.977934 0.988079
1.00729 0.969859 1.07039 1.08167 1.01249 0.972365
1.01625 0.954863 1.06538 1.10221 1.02977 0.964509
1.0396 0.993834 1.06787 1.16872 1.07573 0.980004
1.02521 0.939867 1.06037 1.12275 1.04705 0.956652
0.965492 0.883919 1.03272 1.0718 1.02043 0.959846
0.929962 0.860723 1.0233 0.951507 0.969408 1.01303
0.905773 0.82797 1.00508 0.885631 0.941102 1.06532
0.834714 0.78158 0.986236 0.831214 0.918386 1.06622
end
gesture a12 hands 2
0.615773 0.561672 0.991681 0.778623 0.900667 1.11397
0.642816 0.563933 0.979596 0.780268 0.891829 1.1423
0.695867 0.578538 0.984525 0.807642 0.896658 1.14787
0.733773 0.62055 0.99054 0.84879 0.899431 1.10674
0.755946 0.698498 1.01461 0.889592 0.909275 1.06619
0.763813 0.68053 1.00558 0.926414 0.930166 1.05285
0.785986 0.758477 1.02965 0.978321 0.974193 1.04229
0.778832 0.71052 1.0131 0.989189 0.973071 1.03424
0.801005 0.788467 1.03717 0.963236 0.951058 1.03952
0.786342 0.725515 1.01686 1.00006 0.97195 1.02618
0.808515 0.803462 1.04093 1.01847 0.982395 1.01951
0.790097 0.733012 1.01874 1.02307 0.985007 1.01784
0.81227 0.81096 1.04281 1.04276 1.01075 1.01895
0.791975 0.736761 1.01968 1.02767 0.987618 1.01617
0.814148 0.814708 1.04375 1.03228 0.99023 1.01451
0.792913 0.738635 1.02015 1.03343 0.990882 1.01409
0.815086 0.816583 1.04422 1.04966 1.01467 1.01645
0.793383 0.739572 1.02039 1.03458 0.991535 1.01367
0.815556 0.81752 1.04446 1.03573 0.992188 1.01326
0.793617 0.740041 1.0205 1.03602 0.992351 1.01315
0.81579 0.817988 1.04457 1.05139 1.01565 1.01583
0.815908 0.818223 1.04463 1.0363 0.992515 1.01305
0.771679 0.662562 0.996554 1.03659 0.992678 1.01294
0.816025 0.818457 1.04469 1.03674 0.992759 1.01289
0.897332 0.887987 1.04507 1.06705 1.03911 1.0184
0.928425 0.934588 1.05531 1.03688 0.992841 1.01284
0.97864 0.957517 1.04545 0.987997 0.965033 1.01034
1.00722 0.922017 1.03438 0.94147 0.945498 1.03887
0.994086 0.899046 1.0343 0.920827 0.939384 1.05948
end
gesture a12 hands 2
0.963747 0.889919 1.01752 0.77192 0.473665 1.12503
0.98024 0.891686 0.992879 0.763267 0.477002 1.097
0.967861 0.890337 0.990261 0.750454 0.512164 1.06038
0.91766 0.886633 0.986434 0.791976 0.551722 1.04976
0.92691 0.881894 1.03964 0.861136 0.727618 1.05004
0.968924 0.890225 1.05906 0.847317 0.659449 1.04459
0.982749 0.871702 1.07073 0.916477 0.835344 1.04487
0.996309 0.912211 1.09344 0.874987 0.713313 1.04201
0.996199 0.970642 1.08771 0.944148 0.889208 1.04228
0.983507 0.983452 1.08208 0.888823 0.740245 1.04071
1.03297 1.00544 1.07123 0.957983 0.916139 1.04099
1.02364 0.985384 1.07803 0.895741 0.75371 1.04007
0.977147 1.00344 1.07721 0.9649 0.929605 1.04034
0.995733 0.984386 1.08102 0.899199 0.760443 1.03975
0.949235 1.00245 1.08021 0.968359 0.936338 1.04002
0.981777 0.983887 1.08252 0.900929 0.76381 1.03959
0.935279 1.00195 1.0817 0.970089 0.939705 1.03986
0.974799 0.983638 1.08327 0.901793 0.765493 1.03951
0.928301 1.0017 1.08245 0.970953 0.941388 1.03978
0.97131 0.983513 1.08364 0.902226 0.766334 1.03947
0.924812 1.00157 1.08283 0.971386 0.942229 1.03974
0.969566 0.983451 1.08383 0.902442 0.766755 1.03945
0.923067 1.00151 1.08301 0.971602 0.94265 1.03972
0.968694 0.98342 1.08392 0.833498 0.591281 1.03915
0.922195 1.00148 1.08311 0.971818 0.943071 1.0397
0.921759 1.00147 1.08315 0.969467 0.999615 1.0378
1.01432 0.965327 1.08483 0.931469 1.04302 1.03518
0.921323 1.00145 1.0832 0.883049 1.07679 1.03997
0.891694 1.00245 1.08327 0.831079 1.09569 1.05749
end
gesture a12 hands 2
0.919648 0.982417 1.06458 0.79929 1.02081 0.983754
0.922459 0.994631 1.03748 0.794984 1.03409 1.01001
0.933355 1.03205 1.04687 0.819403 1.05048 1.01625
0.940141 1.02314 0.998776 0.847227 1.05439 1.04831
0.936791 0.990283 0.950355 0.879885 1.07933 1.06067
0.965657 0.957792 0.952095 0.935561 1.07852 1.05734
1.01318 0.960624 0.985248 0.958873 1.06308 1.06133
1.03391 0.964009 1.03894 0.975055 1.07039 1.05767
1.03239 0.970222 1.0482 0.998366 1.05495 1.06165
1.01218 0.95285 1.05707 0.994802 1.06633 1.05783
1.01287 0.951546 1.08306 1.01811 1.05088 1.06182
1.00242 0.943511 1.07449 1.00468 1.0643 1.05791
1.00312 0.942208 1.10048 1.02799 1.04885 1.0619
0.997543 0.938842 1.08321 1.00961 1.06328 1.05795
0.998239 0.937539 1.1092 1.03292 1.04784 1.06194
0.995104 0.936508 1.08756 1.01208 1.06277 1.05797
0.995799 0.935205 1.11355 1.03539 1.04733 1.06196
0.993884 0.935341 1.08974 1.01331 1.06252 1.05798
0.99458 0.934037 1.11573 1.03663 1.04707 1.06197
0.993274 0.934757 1.09083 1.01393 1.06239 1.05799
0.99397 0.933454 1.11682 1.03724 1.04695 1.06197
0.992969 0.934465 1.09138 1.01424 1.06233 1.05799
0.993665 0.933162 1.11737 1.03755 1.04688 1.06198
0.992817 0.934319 1.09165 0.991237 1.07771 1.05401
0.993512 0.933016 1.11764 1.03786 1.04682 1.06198
0.992741 0.934246 1.09178 1.05337 0.994459 1.08266
0.993436 0.932943 1.11777 1.04935 0.940601 1.10414
0.991969 0.935477 1.06593 1.04232 0.883382 1.09588
0.99336 0.93287 1.11791 1.01606 0.81123 1.0516
end
gesture a12 hands 2
0.910106 0.733295 1.03967 1.19682 1.05225 1.08664
0.883054 0.742606 1.03469 1.18705 1.05969 1.05945
0.831297 0.756638 1.01405 1.01848 0.934168 1.04471
0.77636 0.757816 0.998813 0.985068 0.889696 1.03289
0.719933 0.775408 0.99732 1.01288 0.884058 0.983831
0.755332 0.805178 0.973281 1.06923 1.0302 1.03119
0.77076 0.822867 1.0244 1.135 1.18784 1.02721
0.793679 0.806228 1.06038 1.14392 1.24513 1.02687
0.836148 0.817342 1.0973 1.11547 1.28931 1.03029
0.841416 0.842189 1.0994 1.10955 1.26151 1.02413
0.916489 0.915341 1.09066 1.00857 1.07691 1.0403
0.881587 0.891189 1.09608 1.0561 1.15531 1.02914
0.956659 0.964341 1.08734 0.955116 0.970709 1.04531
0.901672 0.915689 1.09442 1.02937 1.10221 1.03164
0.976745 0.98884 1.08568 0.92839 0.917609 1.04782
0.911715 0.927939 1.09359 1.01601 1.07566 1.0329
0.986787 1.00109 1.08485 0.915027 0.891059 1.04907
0.916736 0.934064 1.09317 1.00932 1.06239 1.03352
0.991809 1.00722 1.08443 0.908345 0.877784 1.0497
0.846685 0.867037 1.10149 1.00598 1.05575 1.03384
0.99683 1.01334 1.08402 0.905004 0.871147 1.05001
1.04648 1.02846 1.06162 1.00431 1.05243 1.03399
1.0708 0.986606 1.04741 0.903334 0.867829 1.05016
1.03783 0.938694 1.04698 1.00348 1.05077 1.03407
0.95989 0.862928 1.02651 0.902498 0.866169 1.05024
0.906043 0.845674 1.03501 1.00306 1.04994 1.03411
0.859332 0.811098 1.0428 0.902081 0.86534 1.05028
0.81046 0.782051 1.05483 1.10362 1.23372 1.01798
0.819427 0.754039 1.05056 0.901663 0.86451 1.05032
end
gesture a12 hands 2
0.790957 0.516702 0.919581 0.664309 0.692583 1.23902
0.817318 0.509069 0.909749 0.666527 0.696313 1.22481
0.859416 0.535126 0.880918 0.738029 0.75466 1.1856
0.906133 0.56935 0.875869 0.703387 0.727351 1.1981
0.963348 0.647651 0.893745 0.77489 0.785699 1.15888
0.959344 0.664563 0.912211 0.721817 0.74287 1.18474
0.956625 0.719509 0.944126 0.79332 0.801218 1.14553
0.955982 0.700492 0.937401 0.731032 0.75063 1.17806
0.953263 0.755439 0.969316 0.802535 0.808977 1.13885
0.954301 0.718457 0.949996 0.73564 0.75451 1.17472
0.951582 0.773403 0.981911 0.807142 0.812857 1.13551
0.953461 0.727439 0.956294 0.737944 0.75645 1.17305
0.950741 0.782386 0.988208 0.809446 0.814797 1.13384
0.953041 0.73193 0.959443 0.739096 0.75742 1.17222
0.950321 0.786877 0.991357 0.810598 0.815767 1.133
0.952831 0.734176 0.961017 0.739672 0.757905 1.1718
0.950111 0.789122 0.992932 0.811174 0.816252 1.13259
0.952726 0.735299 0.961804 0.739959 0.758147 1.17159
0.950006 0.790245 0.993719 0.811462 0.816494 1.13238
0.952673 0.73586 0.962198 0.740103 0.758268 1.17149
0.949953 0.790807 0.994112 0.811606 0.816616 1.13227
0.952647 0.736141 0.962395 0.740175 0.758329 1.17144
0.949927 0.791087 0.994309 0.811678 0.816676 1.13222
0.952634 0.736281 0.962493 0.668745 0.700042 1.2106
0.949914 0.791228 0.994408 0.81175 0.816737 1.13217
0.952627 0.736351 0.962542 0.846344 0.853449 1.12487
0.949908 0.791298 0.994457 0.87938 0.858401 1.0908
0.95534 0.681475 0.930677 0.83117 0.831536 1.08795
0.949901 0.791368 0.994506 0.793363 0.798337 1.11561
end
gesture a12 hands 2
0.747452 1.47728 1.19728 0.613392 0.68487 1.19058
0.674035 1.41914 1.10979 0.616224 0.672706 1.18272
0.69769 1.32257 1.08095 0.623042 0.617049 1.20131
0.719863 1.21717 1.07232 0.625315 0.621768 1.18788
0.827149 1.2 1.07729 0.619056 0.660541 1.17487
0.927383 1.19709 1.06657 0.627589 0.626489 1.17445
1.03001 1.16521 1.0849 0.631855 0.609462 1.17423
1.05054 1.15218 1.06976 0.633988 0.600949 1.17413
1.02817 1.0862 1.06564 0.632691 0.549227 1.21205
1.04961 1.11267 1.06014 0.636121 0.592436 1.17402
1.02725 1.04669 1.05601 0.663739 0.624587 1.13313
1.04915 1.09292 1.05532 0.727656 0.69315 1.10228
1.02678 1.02694 1.0512 0.758318 0.739377 1.09542
1.04892 1.08305 1.05291 0.846429 0.83463 1.07831
1.02655 1.01707 1.04879 0.890498 0.894636 1.07137
1.04881 1.07811 1.05171 0.934541 0.929883 1.06119
1.02644 1.01213 1.04758 0.902428 0.891189 1.05053
1.04875 1.07564 1.05111 0.928491 0.907396 1.03561
1.02638 1.00966 1.04698 0.886371 0.871841 1.04521
1.04872 1.0744 1.05081 0.920463 0.897722 1.03294
1.02635 1.00842 1.04668 0.878343 0.862168 1.04254
1.0487 1.07379 1.05066 0.916449 0.892885 1.03161
1.02633 1.00781 1.04653 0.874329 0.857331 1.04121
1.0487 1.07348 1.05058 0.914442 0.890467 1.03095
1.02633 1.0075 1.04646 0.872322 0.854912 1.04055
1.04869 1.07332 1.05054 0.913438 0.889258 1.03061
1.02632 1.00734 1.04642 0.871319 0.853703 1.04021
1.07106 1.13915 1.05463 0.954554 0.923603 1.02068
1.02632 1.00719 1.04638 0.870315 0.852494 1.03988
end
gesture a12 hands 2
0.811589 0.478369 0.852591 0.64599 0.61737 1.18502
0.796913 0.50413 0.854079 0.626243 0.612449 1.20607
0.827099 0.513256 0.882429 0.59582 0.597052 1.1961
0.861414 0.555721 0.860866 0.611984 0.60234 1.17303
0.882417 0.560591 0.887536 0.768082 0.759205 1.121
0.858591 0.544595 0.930526 0.698115 0.683416 1.13548
0.870448 0.588956 0.917611 0.777222 0.756115 1.0986
0.949512 0.668314 0.924724 0.702685 0.681872 1.12428
0.972744 0.711393 0.929885 0.781792 0.75457 1.0874
0.973412 0.734146 0.942047 0.70497 0.681099 1.11868
0.965272 0.805562 0.981023 0.784077 0.753798 1.08181
0.969675 0.781231 0.967616 0.706113 0.680713 1.11588
0.961536 0.852646 1.00659 0.785219 0.753412 1.07901
0.967807 0.804773 0.9804 0.706684 0.68052 1.11448
0.959668 0.876188 1.01938 0.785791 0.753219 1.07761
0.966873 0.816544 0.986792 0.706969 0.680423 1.11378
0.958734 0.887959 1.02577 0.786076 0.753123 1.07691
0.966406 0.82243 0.989988 0.707112 0.680375 1.11343
0.958267 0.893844 1.02896 0.786219 0.753074 1.07656
0.966173 0.825372 0.991586 0.707184 0.680351 1.11326
0.958033 0.896787 1.03056 0.786291 0.75305 1.07639
0.966056 0.826844 0.992386 0.707219 0.680339 1.11317
0.957917 0.898259 1.03136 0.786326 0.753038 1.0763
0.965998 0.827579 0.992785 0.628148 0.607628 1.14996
0.957858 0.898994 1.03176 0.786362 0.753026 1.07621
0.957829 0.899362 1.03196 0.940345 0.921357 1.04589
0.974079 0.7569 0.954209 0.944575 0.898423 1.00245
0.9578 0.89973 1.03216 0.853249 0.842326 1.03273
0.943017 1.04191 1.10821 0.789653 0.798723 1.07014
end
gesture a12 hands 2
0.882864 0.473251 0.774477 0.84631 0.976709 1.19805
0.889371 0.465036 0.802074 0.868473 0.98191 1.17006
0.87058 0.508052 0.83518 0.876211 0.977609 1.19904
0.830725 0.469091 0.853058 0.890635 0.987112 1.14208
0.783182 0.434612 0.861087 0.932343 1.0059 1.10414
0.809048 0.515419 0.881562 0.952624 1.00747 1.04984
0.826105 0.5959 0.899923 0.951899 0.982741 0.996133
0.840067 0.663491 0.930184 0.987559 0.976133 0.979656
0.848233 0.694809 0.934212 0.990032 0.947708 0.970145
0.851131 0.712945 0.947328 1.02322 0.969525 0.963179
0.877212 0.764007 0.984066 1.01657 0.986799 0.976289
0.86562 0.747545 0.972255 0.99392 0.984005 1.02433
0.891701 0.798605 1.00899 1.0047 0.966329 1.04065
0.872865 0.764844 0.984719 0.991663 0.942382 1.05828
0.898946 0.815905 1.02146 0.967548 0.943863 1.07882
0.876487 0.773493 0.99095 0.978627 0.918435 1.07592
0.902569 0.824554 1.02769 0.97848 0.921118 1.07521
0.878298 0.777818 0.994066 0.955011 0.936837 1.06366
0.90438 0.828879 1.0308 0.943277 0.944697 1.05789
0.879204 0.779981 0.995624 0.936231 0.935553 1.082
0.905285 0.831042 1.03236 0.93741 0.948627 1.055
0.905738 0.832123 1.03314 0.933297 0.937518 1.08056
0.854028 0.731082 0.960444 0.934477 0.950592 1.05356
0.906191 0.833204 1.03392 0.93301 0.951575 1.05284
0.932272 0.884266 1.07066 0.929184 0.926409 1.10611
0.910282 0.937164 1.13469 0.931543 0.952557 1.05212
0.958354 0.935327 1.10739 0.956563 0.970717 0.99926
1.04515 0.92762 1.03809 0.933902 0.978705 0.998124
1.0339 0.905799 1.02561 0.909306 0.97902 1.01437
end
gesture a12 hands 2
0.916222 0.649046 0.996083 0.790017 0.939765 1.18384
0.899387 0.658005 0.973153 0.795847 0.955336 1.15928
0.896643 0.645223 1.08229 0.824958 0.953717 1.10901
0.854271 0.61716 1.10618 0.874002 0.95239 1.07912
0.749772 0.609047 1.15318 0.929024 0.956398 1.06797
0.761623 0.608505 1.16698 0.988512 0.961931 1.03654
0.799961 0.684934 1.15216 1.043 0.947835 1.04318
0.786717 0.646449 1.16647 1.0455 0.95765 1.02415
0.825056 0.722878 1.15164 1.02098 0.96828 1.01272
0.799265 0.665421 1.16621 1.03449 0.967873 1.00892
0.837603 0.74185 1.15139 1.00997 0.978503 0.997494
0.805539 0.674907 1.16608 1.02898 0.972984 1.0013
0.843877 0.751336 1.15126 1.00446 0.983614 0.989879
0.808676 0.67965 1.16601 1.02623 0.975539 0.997495
0.847014 0.756079 1.15119 1.00171 0.986169 0.986072
0.810244 0.682021 1.16598 1.02485 0.976817 0.995591
0.848583 0.758451 1.15116 1.00033 0.987447 0.984169
0.811028 0.683207 1.16597 1.02417 0.977456 0.994639
0.849367 0.759636 1.15115 0.999644 0.988086 0.983217
0.81142 0.6838 1.16596 1.02382 0.977776 0.994163
0.849759 0.760229 1.15114 0.9993 0.988406 0.982741
0.811616 0.684097 1.16595 1.02365 0.977935 0.993925
0.849955 0.760526 1.15113 0.999128 0.988565 0.982503
0.811714 0.684245 1.16595 1.02356 0.978015 0.993806
0.850053 0.760674 1.15113 0.999042 0.988645 0.982384
0.850102 0.760748 1.15113 1.048 0.967465 1.00511
0.773474 0.607964 1.18077 0.998956 0.988725 0.982265
0.850151 0.760822 1.15113 0.948999 0.970285 0.986599
0.889668 0.864857 1.12889 0.91285 0.95266 1.02903
end
gesture a12 hands 2
0.878563 0.621114 0.976474 0.789569 0.96088 1.15076
0.850676 0.625612 0.985926 0.929074 0.962582 1.07411
0.852486 0.620944 1.044 1.07304 0.966348 1.03366
0.877248 0.659172 1.08023 1.07081 0.965316 1.01556
0.830256 0.630259 1.08784 1.04159 0.969423 1.01132
0.826749 0.685721 1.11472 1.05508 0.966853 1.00439
0.764849 0.633415 1.1578 1.02586 0.97096 1.00015
0.823242 0.741182 1.14161 1.04722 0.967622 0.998807
0.851849 0.791644 1.13354 1.018 0.971729 0.994567
0.862043 0.79598 1.11787 1.04329 0.968006 0.996015
0.878834 0.867811 1.12211 1.01406 0.972113 0.991775
0.872236 0.800316 1.1022 1.04132 0.968198 0.994619
0.882429 0.804653 1.08653 1.0121 0.972305 0.990379
0.884978 0.805737 1.08261 1.04034 0.968294 0.993921
0.894124 0.874315 1.0986 1.01111 0.972401 0.989681
0.887526 0.806821 1.0787 1.03985 0.968342 0.993572
0.890075 0.807905 1.07478 1.01062 0.972449 0.989332
0.890712 0.808176 1.0738 1.0396 0.968367 0.993397
0.897946 0.875942 1.09272 1.01038 0.972473 0.989157
0.891349 0.808447 1.07282 1.03948 0.968378 0.99331
0.891986 0.808718 1.07184 1.01025 0.972485 0.98907
0.892145 0.808786 1.07159 1.03942 0.968385 0.993267
0.898902 0.876348 1.09125 1.01019 0.972491 0.989027
0.892304 0.808854 1.07135 1.01016 0.972494 0.989005
0.892464 0.808921 1.0711 1.06858 0.964284 0.997463
0.899141 0.87645 1.09089 1.01013 0.972497 0.988983
0.892543 0.808955 1.07098 0.961191 0.971148 0.997201
0.905818 0.943978 1.11067 0.917091 0.963211 1.03566
0.892623 0.808989 1.07086 0.835155 0.954212 1.11932
end
gesture a12 hands 2
0.791195 0.578614 1.13121 0.902768 0.895619 1.08715
0.790944 0.588712 1.12038 0.902776 0.900068 1.09307
0.791384 0.616202 1.11357 0.907684 0.9073 1.08169
0.791039 0.607506 1.11156 0.907636 0.910592 1.0861
0.791479 0.634997 1.10475 0.902784 0.904516 1.09899
0.791086 0.616903 1.10715 0.907588 0.913883 1.09051
0.791526 0.644394 1.10034 0.9126 0.918982 1.07622
0.79111 0.621601 1.10495 0.912391 0.92325 1.08204
0.791549 0.649092 1.09813 0.912286 0.925384 1.08494
0.791122 0.623951 1.10385 0.912234 0.926451 1.0864
0.791561 0.651442 1.09703 0.912208 0.926985 1.08712
0.791128 0.625125 1.1033 0.912202 0.927118 1.0873
0.791567 0.652616 1.09648 0.907505 0.920199 1.09898
0.791131 0.625713 1.10302 0.912195 0.927251 1.08749
0.79157 0.653204 1.09621 0.912189 0.927385 1.08767
0.791132 0.626006 1.10288 0.912187 0.927418 1.08771
0.791571 0.653497 1.09607 0.907495 0.920399 1.09925
0.791133 0.626153 1.10281 0.912185 0.927451 1.08776
0.791572 0.653644 1.096 0.912184 0.927485 1.0878
0.790694 0.598809 1.10956 0.912183 0.927493 1.08782
0.791573 0.653791 1.09593 0.907492 0.920449 1.09932
0.817979 0.694401 1.09409 0.912183 0.927501 1.08783
0.827369 0.720583 1.09231 0.912182 0.92751 1.08784
0.844385 0.73501 1.09226 0.907492 0.920462 1.09933
0.853745 0.748159 1.09685 0.912182 0.927514 1.08784
0.858425 0.754734 1.09914 0.902801 0.913414 1.11083
0.860765 0.758021 1.10028 0.912182 0.927518 1.08785
0.863165 0.787376 1.0887 0.922432 0.942344 1.06528
0.863105 0.761308 1.10143 0.921563 0.941621 1.06487
end
gesture a12 hands 2
0.8052 0.611609 1.17772 0.923189 0.909389 1.09232
0.7932 0.616133 1.15094 0.920566 0.922207 1.08323
0.795602 0.694132 1.08096 0.920703 0.925884 1.06759
0.814957 0.710697 1.08243 0.917944 0.935026 1.07413
0.847161 0.777803 1.061 0.920935 0.937223 1.07434
0.834311 0.727263 1.0839 0.920057 0.933237 1.08162
0.853665 0.743829 1.08537 0.916083 0.928361 1.0946
0.858503 0.747971 1.08573 0.919179 0.92925 1.0889
0.876192 0.802652 1.06321 0.920727 0.929694 1.08605
0.863342 0.752112 1.0861 0.921501 0.929917 1.08462
0.868181 0.756253 1.08646 0.923925 0.939421 1.07454
0.86939 0.757289 1.08656 0.922275 0.930139 1.08319
0.88345 0.808864 1.06376 0.921449 0.925498 1.08752
0.8706 0.758324 1.08665 0.921037 0.923177 1.08969
0.871809 0.75936 1.08674 0.92083 0.922017 1.09077
0.872112 0.759618 1.08676 0.920727 0.921437 1.09131
0.885264 0.810417 1.06389 0.920676 0.921147 1.09158
0.872414 0.759877 1.08678 0.92065 0.921001 1.09171
0.872717 0.760136 1.08681 0.914222 0.921696 1.11508
0.872792 0.760201 1.08681 0.920624 0.920856 1.09185
0.885718 0.810805 1.06393 0.923825 0.920437 1.08024
0.872868 0.760266 1.08682 0.926866 0.932126 1.07759
0.872943 0.76033 1.08682 0.925426 0.920227 1.07443
0.872962 0.760346 1.08683 0.927666 0.932021 1.07469
0.885831 0.810902 1.06394 0.926226 0.920122 1.07152
0.872981 0.760363 1.08683 0.928066 0.931969 1.07324
0.873 0.760379 1.08683 0.926626 0.920069 1.07007
0.898719 0.861474 1.04105 0.929906 0.943816 1.07495
0.873019 0.760395 1.08683 0.927026 0.920017 1.06862
end
gesture a12 hands 2
0.829411 0.630688 1.18922 0.921824 0.888623 1.10493
0.850961 0.64419 1.17333 0.918695 0.906523 1.09328
0.822895 0.646954 1.15766 0.905163 0.901978 1.08406
0.818503 0.669643 1.14116 0.907351 0.910664 1.08138
0.841921 0.711775 1.13449 0.915566 0.924424 1.08162
0.839194 0.718657 1.12375 0.909539 0.919349 1.07871
0.814111 0.692332 1.12465 0.906525 0.916812 1.07726
0.836468 0.725538 1.11302 0.905019 0.915544 1.07653
0.847646 0.742141 1.1072 0.891456 0.924356 1.09173
0.853236 0.750443 1.10429 0.903512 0.914275 1.0758
0.860947 0.776596 1.11132 0.899401 0.91995 1.08161
0.858825 0.758744 1.10138 0.897346 0.922788 1.08452
0.857764 0.749819 1.09642 0.896319 0.924206 1.08598
0.857234 0.745356 1.09393 0.895805 0.924916 1.0867
0.856968 0.743124 1.09269 0.895548 0.92527 1.08707
0.860806 0.766871 1.08635 0.895484 0.925359 1.08716
0.856836 0.742009 1.09207 0.881446 0.924779 1.09445
0.860739 0.766313 1.08604 0.895419 0.925448 1.08725
0.856769 0.741451 1.09176 0.895355 0.925536 1.08734
0.860706 0.766034 1.08588 0.895339 0.925559 1.08736
0.856736 0.741172 1.09161 0.88135 0.924912 1.09459
0.86069 0.765894 1.0858 0.895323 0.925581 1.08738
0.85672 0.741032 1.09153 0.895307 0.925603 1.08741
0.860681 0.765825 1.08576 0.881326 0.924945 1.09462
0.856711 0.740963 1.09149 0.895299 0.925614 1.08742
0.856707 0.740928 1.09147 0.867345 0.924287 1.10184
0.864643 0.790617 1.08 0.895291 0.925625 1.08743
0.856703 0.740893 1.09145 0.920588 0.939167 1.08105
0.85769 0.705404 1.13923 0.923237 0.926964 1.07303
end
gesture a12 hands 2
0.785846 0.561352 0.981684 0.605162 0.698448 1.04767
0.782482 0.561069 1.01129 0.629845 0.687479 1.09722
0.81418 0.588819 0.97097 0.666148 0.678456 1.10791
0.815966 0.639287 0.958523 0.654528 0.67651 1.14678
0.807811 0.691244 0.960948 0.702263 0.688277 1.12977
0.798028 0.74938 0.967911 0.713758 0.711508 1.07815
0.813341 0.797701 0.970834 0.734442 0.738853 1.03345
0.895929 0.902296 0.957342 0.784343 0.752085 1.00424
0.947886 0.964581 0.971186 0.819638 0.795373 0.99445
0.978516 1.00689 0.943849 0.829051 0.820552 0.993169
1.01132 1.03523 0.970397 0.882167 0.877921 0.996462
1.01257 1.04217 1.02856 0.860316 0.861825 0.994176
1.01305 1.02166 1.08273 0.913432 0.919195 0.997469
0.989541 1.02925 1.12471 0.875948 0.882463 0.994679
1.05225 1.10039 1.11853 0.929064 0.939832 0.997972
1.09619 1.12441 1.09981 0.883764 0.892781 0.99493
1.09042 1.12796 1.06629 0.93688 0.95015 0.998223
1.0383 1.10821 1.06295 0.838465 0.84573 0.991889
0.991456 1.06242 1.12054 0.944696 0.960469 0.998475
0.992481 1.03681 1.11215 1.03723 1.02001 0.994438
0.95866 0.947641 1.08863 1.05093 1.07521 1.00506
0.976083 0.979416 1.0962 1.06576 1.13154 1.0134
0.942262 0.890252 1.07268 1.15104 1.18271 0.98757
0.967884 0.950721 1.08822 1.18951 1.23899 0.985939
0.934063 0.861558 1.06471 1.23632 1.23387 0.961744
0.963784 0.936374 1.08423 1.22532 1.18621 0.935215
0.929963 0.84721 1.06072 1.18825 1.15095 0.933953
0.993506 1.01119 1.10376 1.12098 1.08192 0.965598
0.925864 0.832863 1.05673 1.10028 1.06195 0.973463
end
gesture a12 hands 2
0.806122 0.649551 0.974863 0.655326 0.689595 1.08799
0.829735 0.668027 0.974872 0.681668 0.680101 1.09828
0.844324 0.721156 0.958035 0.71229 0.698771 1.05684
0.839219 0.772289 0.962143 0.728788 0.710655 1.03515
0.851367 0.82626 0.959764 0.76782 0.784577 1.02627
0.920757 0.909364 0.957327 0.756554 0.753558 1.01987
0.946983 0.958669 0.94741 0.795586 0.82748 1.01099
0.967742 0.980352 0.986556 0.770436 0.77501 1.01222
0.952356 0.969359 1.04198 0.809468 0.848932 1.00334
0.966697 0.949863 1.04913 0.777378 0.785735 1.0084
0.963857 0.922417 1.07328 0.81641 0.859657 0.999522
1.06689 1.04905 1.05372 0.780848 0.791098 1.00649
1.06629 1.0568 1.01722 0.81988 0.86502 0.997612
1.04966 1.03307 1.06695 0.782584 0.79378 1.00554
1.02478 1.01524 1.11546 0.821616 0.867702 0.996656
1.00989 1.01921 1.14005 0.783451 0.79512 1.00506
0.967763 0.915268 1.0876 0.822483 0.869042 0.996179
0.981386 0.969229 1.12612 0.745287 0.722539 1.01346
0.939254 0.865282 1.07367 0.823351 0.870383 0.995701
0.967131 0.944236 1.11915 0.9435 0.971259 0.993537
0.924999 0.840289 1.0667 0.993727 0.993635 0.995104
0.960004 0.93174 1.11567 1.03068 1.03333 1.00598
0.917872 0.827793 1.06322 1.04464 1.08812 1.01985
0.956441 0.925491 1.11393 1.05624 1.14417 1.01336
0.914309 0.821544 1.06148 1.14401 1.20876 1.0087
0.954659 0.922367 1.11306 1.19881 1.21883 1.00723
0.912527 0.81842 1.06061 1.21575 1.17808 0.987634
0.995009 1.02319 1.16463 1.18025 1.1363 0.972976
0.910745 0.815296 1.05974 1.06283 1.03123 1.01235
end
gesture a12 hands 2
0.783757 0.710086 1.00777 0.765977 0.744774 1.17944
0.806296 0.717252 1.02597 0.768378 0.743933 1.14978
0.800931 0.769881 1.01357 0.793728 0.743574 1.09837
0.849221 0.866291 0.991648 0.813605 0.76116 1.05022
0.919858 0.950696 0.988314 0.833518 0.808414 1.02277
0.948703 0.997527 1.00278 0.889714 0.908113 1.01575
0.950452 1.01541 1.1139 0.961903 0.97024 1.01424
0.951682 1.0004 1.16561 1.00963 1.00161 1.01276
1.07803 1.09604 1.12394 1.02099 1.05437 0.996932
1.09049 1.07746 1.11002 1.05735 1.03297 1.01127
0.965672 0.94634 1.08081 1.05182 1.08213 0.97243
1.03431 1.0026 1.08845 1.08007 1.13851 0.979623
0.909492 0.871487 1.05924 1.04628 1.13129 0.933589
1.00622 0.965179 1.07767 1.0253 1.11409 0.928141
0.881402 0.834061 1.04846 0.983796 1.05598 0.952563
0.992171 0.946466 1.07228 0.994053 1.07644 0.937627
0.867357 0.815348 1.04307 0.952553 1.01833 0.962049
0.985148 0.937109 1.06958 0.978432 1.05761 0.942371
0.860335 0.805992 1.04038 0.936932 0.999502 0.966793
0.981637 0.932431 1.06823 0.970621 1.0482 0.944742
0.856823 0.801313 1.03903 0.929122 0.990088 0.969164
0.979882 0.930092 1.06756 0.966716 1.04349 0.945928
0.855068 0.798974 1.03835 0.925216 0.985382 0.97035
0.979004 0.928922 1.06722 0.964763 1.04114 0.946521
0.85419 0.797805 1.03802 0.923264 0.983028 0.970943
0.978565 0.928337 1.06705 1.00431 1.0969 0.922692
0.853751 0.79722 1.03785 0.921311 0.980675 0.971536
1.10294 1.05887 1.09609 0.892132 0.932123 1.02469
0.853312 0.796635 1.03768 0.838312 0.86445 1.02038
end
gesture a12 hands 2
0.827333 0.69253 1.07004 0.957109 0.939586 1.07105
0.854821 0.685021 1.0622 0.950902 0.937048 1.05501
0.870126 0.698009 1.06392 0.942382 0.93265 1.04594
0.849717 0.743136 1.03124 0.944696 0.934511 1.03896
0.844998 0.798714 1.01198 0.954004 0.945303 1.03752
0.842084 0.855938 1.00021 0.95707 0.966902 1.03122
0.8482 0.911525 0.995895 0.962669 0.971483 1.03287
0.856183 0.936046 0.999408 0.965469 0.973773 1.03369
0.909336 0.993367 1.00463 0.963313 0.956094 1.03608
0.886751 0.976967 1.00377 0.968268 0.976064 1.03452
0.939904 1.03429 1.00899 0.970746 0.986049 1.03373
0.902035 0.997428 1.00596 0.971985 0.991042 1.03334
0.955188 1.05475 1.01118 0.969445 0.999293 1.02347
0.909677 1.00766 1.00705 0.971334 0.997663 1.02821
0.96283 1.06498 1.01227 0.967937 0.987661 1.03878
0.913498 1.01277 1.00759 0.970581 0.991848 1.03587
0.966651 1.07009 1.01281 0.967184 0.981845 1.04643
0.915408 1.01533 1.00787 0.970204 0.98894 1.03969
0.968561 1.07265 1.01309 0.966807 0.978937 1.05026
0.916364 1.01661 1.008 0.970015 0.987486 1.04161
0.969517 1.07393 1.01322 0.966618 0.977483 1.05218
0.916841 1.01725 1.00807 0.969921 0.986759 1.04256
0.969994 1.07457 1.01329 0.966524 0.976756 1.05313
0.864166 0.960567 1.00292 0.969874 0.986395 1.04304
0.970472 1.07521 1.01336 0.966477 0.976393 1.05361
0.991456 1.09588 0.999505 0.969851 0.986213 1.04328
1.04081 1.16454 1.00085 0.966454 0.976211 1.05385
1.01244 1.11654 0.985649 0.973224 0.996034 1.03295
0.991312 1.06857 1.0001 0.96643 0.976029 1.05409
end
gesture a12 hands 2
0.851851 0.666161 1.0993 0.966692 0.952468 1.04284
0.855347 0.620916 1.1113 0.962535 0.944226 1.04001
0.849448 0.667435 1.07827 0.958526 0.949208 1.07148
0.854198 0.722269 1.06442 0.958453 0.942596 1.05433
0.870253 0.828682 1.05924 0.970388 0.961631 1.03907
0.880989 0.851672 1.05717 0.969801 0.960808 1.03537
0.949347 0.936796 1.05125 0.958379 0.935984 1.03718
0.920536 0.905728 1.05318 0.969213 0.959985 1.03166
0.988893 0.990853 1.04726 0.98225 0.974054 1.00667
0.940309 0.932757 1.05118 0.981149 0.97902 1.0164
1.00867 1.01788 1.04527 0.972574 0.963084 1.03545
0.950196 0.946271 1.05018 0.976311 0.973535 1.0308
1.01855 1.0314 1.04427 0.967736 0.957599 1.04985
0.955139 0.953028 1.04968 0.973892 0.970793 1.03799
1.0235 1.03815 1.04377 0.965317 0.954857 1.05704
0.957611 0.956407 1.04943 0.972682 0.969421 1.04159
1.02597 1.04153 1.04352 0.964108 0.953485 1.06064
0.958847 0.958096 1.04931 0.972078 0.968736 1.04339
1.0272 1.04322 1.04339 0.963503 0.9528 1.06244
0.959465 0.958941 1.04925 0.971775 0.968393 1.04429
1.02782 1.04407 1.04333 0.9632 0.952457 1.06334
0.959774 0.959363 1.04922 0.971624 0.968221 1.04474
1.02813 1.04449 1.0433 0.963049 0.952285 1.06379
0.891725 0.874661 1.0551 0.971549 0.968136 1.04497
1.02844 1.04491 1.04327 0.962974 0.9522 1.06402
1.05591 1.09278 1.02734 0.971511 0.968093 1.04508
1.05146 1.10577 0.983034 0.962936 0.952157 1.06413
1.01688 1.0653 0.958681 0.980048 0.983986 1.02614
0.934368 0.924406 0.985347 0.962898 0.952114 1.06424
end
gesture a12 hands 2
0.847383 0.706877 1.1185 0.957583 0.949896 1.06499
0.852355 0.721513 1.09307 0.967083 0.952411 1.05361
0.863911 0.763857 1.05554 0.974358 0.951195 1.04024
0.87211 0.819589 1.04408 0.975471 0.953061 1.04123
0.906528 0.923979 1.04167 0.976569 0.962829 1.02921
1.03301 1.08855 1.02709 0.976576 0.958878 1.03572
1.06744 1.12181 0.997014 0.977674 0.968647 1.02369
1.06805 1.1035 0.981532 0.977128 0.961786 1.03296
0.962327 0.935738 1.01847 0.978226 0.971555 1.02094
1.01549 1.01046 0.992258 0.977405 0.963241 1.03158
0.909771 0.842703 1.02919 0.978503 0.97301 1.01956
0.989216 0.963941 0.997621 0.977543 0.963968 1.03089
0.883493 0.796185 1.03456 0.978641 0.973737 1.01887
0.976077 0.940682 1.0003 0.976583 0.954926 1.04223
0.870354 0.772926 1.03724 0.978779 0.974464 1.01818
0.969507 0.929053 1.00164 0.987163 0.986965 0.993267
0.863785 0.761297 1.03858 0.980976 0.994003 0.994137
0.966222 0.923238 1.00231 0.958212 0.987674 1.01659
0.8605 0.755482 1.03925 0.946829 0.98451 1.02782
0.96458 0.920331 1.00265 0.941138 0.982928 1.03343
0.858857 0.752574 1.03958 0.938293 0.982137 1.03624
0.963759 0.918877 1.00282 0.93687 0.981742 1.03765
0.858036 0.751121 1.03975 0.936158 0.981544 1.03835
0.963348 0.91815 1.0029 0.935803 0.981445 1.0387
0.857626 0.750394 1.03984 0.935625 0.981395 1.03887
0.963143 0.917787 1.00294 0.935536 0.981371 1.03896
0.85742 0.75003 1.03988 0.935491 0.981358 1.03901
1.06866 1.08518 0.966049 0.963471 0.977975 1.04873
0.857215 0.749667 1.03992 0.935447 0.981346 1.03905
end
gesture a12 hands 2
0.767743 0.692898 0.939571 0.632387 0.578979 1.03401
0.783723 0.685617 0.915769 0.647808 0.584162 1.00896
0.819773 0.702855 0.876332 0.670384 0.622341 0.971271
0.851634 0.744258 0.858374 0.791143 0.790934 0.974513
0.89415 0.847956 0.859603 0.863652 0.931764 0.966338
0.902279 0.896088 0.889042 0.911902 0.959527 0.977755
0.908538 0.919824 0.942327 0.948062 0.992599 1.00403
0.905864 0.914106 0.997007 0.952935 1.03588 0.981255
0.912281 0.903798 1.05305 0.955787 1.09281 0.974506
0.930198 0.90353 1.07311 0.992697 1.13523 0.979151
0.97146 0.957904 1.04722 1.04177 1.16144 0.986808
0.979978 0.956059 1.06666 1.14874 1.18377 1.00824
0.948116 0.903262 1.09316 1.176 1.18773 1.05855
0.988495 0.954215 1.0861 1.07971 1.04986 1.01714
1.03064 1.01201 1.04139 1.04251 1.00793 1.01482
1.02887 1.00517 1.07905 1.02435 0.992082 1.0159
1.02799 1.00175 1.09788 0.951014 0.930655 1.02971
1.02755 1.00003 1.10729 0.978602 0.953443 1.02335
1.02733 0.999179 1.112 0.905268 0.892016 1.03715
1.02722 0.998752 1.11436 0.955729 0.934124 1.02707
1.06137 1.05485 1.0248 0.882395 0.872696 1.04087
1.02711 0.998324 1.11671 0.944292 0.924464 1.02893
1.02545 0.97985 1.17155 0.870959 0.863036 1.04274
1.09198 1.041 1.13045 0.938574 0.919634 1.02986
1.12118 1.06782 1.0929 0.86524 0.858206 1.04367
1.10795 1.03163 1.06337 0.935715 0.917218 1.03033
1.06915 0.995065 1.06693 0.862381 0.855791 1.04413
0.976817 0.930918 1.06779 1.00619 0.976231 1.01699
0.885994 0.862431 1.04811 0.859522 0.853376 1.0446
end
gesture a12 hands 2
0.7277 0.780525 0.969207 0.555443 0.613407 1.16404
0.726626 0.774491 0.998551 0.562915 0.626779 1.13833
0.692829 0.786522 1.03523 0.578779 0.647887 1.08523
0.739854 0.804977 1.03306 0.600578 0.68308 1.04516
0.733774 0.715879 1.0562 0.629133 0.726639 1.02302
0.739068 0.706535 1.0984 0.688568 0.781137 1.02642
0.765831 0.738741 1.0956 0.814892 0.865539 1.03628
0.836377 0.812849 1.08175 0.781447 0.850587 1.03305
0.95323 0.897791 1.1622 0.907771 0.93499 1.0429
1.01385 0.965046 1.13458 0.827887 0.885312 1.03636
1.05027 0.992919 1.09897 0.95421 0.969715 1.04622
1.05209 0.982742 1.07502 0.851107 0.902675 1.03802
0.965539 0.935325 1.05871 0.97743 0.987077 1.04787
1.00972 0.953945 1.05488 0.862717 0.911356 1.03885
0.923174 0.906528 1.03857 0.98904 0.995759 1.0487
0.988542 0.939546 1.04482 0.868522 0.915697 1.03926
0.901992 0.89213 1.02851 0.994845 1.0001 1.04912
0.977951 0.932347 1.03978 0.871424 0.917867 1.03947
0.8914 0.88493 1.02347 0.997748 1.00227 1.04932
0.972655 0.928748 1.03727 0.872875 0.918952 1.03957
0.886105 0.881331 1.02096 0.999199 1.00335 1.04943
0.970007 0.926948 1.03601 0.748003 0.835635 1.02982
0.883457 0.879531 1.0197 1.00065 1.00444 1.04953
0.968683 0.926048 1.03538 1.05033 1.02876 1.04528
0.882133 0.878631 1.01907 1.0383 1.0235 0.990019
0.968021 0.925598 1.03506 1.00312 0.997374 0.950032
0.881471 0.878181 1.01875 0.908082 0.941473 0.918337
1.05391 0.972565 1.05106 0.864864 0.908178 0.930459
0.880809 0.877731 1.01844 0.808433 0.85731 0.971444
end
gesture a12 hands 2
0.588199 0.695239 0.961802 0.508693 0.59692 1.14824
0.609416 0.696375 0.941443 0.536805 0.62597 1.06966
0.650613 0.721451 0.910665 0.555995 0.656805 1.02468
0.722692 0.803124 0.916238 0.587482 0.695988 0.997097
0.754361 0.848769 0.90545 0.65243 0.786229 0.984335
0.79477 0.884798 0.921811 0.671259 0.805511 0.985627
0.842374 0.888943 1.01542 0.740361 0.848789 0.992345
0.885038 0.890556 1.05514 0.715225 0.836791 0.989632
0.920349 0.932837 1.05533 0.784326 0.880069 0.996352
0.959158 0.973934 1.05028 0.737208 0.852431 0.991636
0.998078 0.98949 1.08136 0.806309 0.895709 0.998356
1.02695 1.01157 1.12525 0.748199 0.860251 0.992638
1.05601 1.05101 1.13607 0.817301 0.903529 0.999358
1.09559 1.08421 1.1208 0.822796 0.907439 0.999859
1.12147 1.10665 1.07492 0.690089 0.824793 0.986919
1.12403 1.05764 1.10202 0.828292 0.911349 1.00036
1.12605 1.03866 1.15354 0.91316 0.984174 0.987925
1.14909 1.08389 1.14416 0.954964 1.00973 0.991298
1.18775 1.11965 1.12698 1.00607 1.02715 0.994849
1.21184 1.1203 1.07852 1.05251 1.04515 1.02081
1.20341 1.08412 1.03617 1.13009 1.12522 1.02207
1.18845 1.06379 1.02527 1.17727 1.14073 1.01657
1.08329 0.99318 1.0179 1.22947 1.13575 1.02168
1.12839 1.01832 1.01613 1.22375 1.11817 1.04611
1.02323 0.94771 1.00876 1.17077 1.0954 1.03578
1.09836 0.995585 1.01156 1.02789 1.02686 0.987491
0.993201 0.924975 1.00419 0.982268 0.991525 0.988078
1.17348 1.04346 1.01437 0.855553 0.89556 1.01537
0.963171 0.90224 0.999621 0.83697 0.878462 1.02213
end
gesture a12 hands 2
0.825207 0.593549 1.04859 0.918055 0.928449 1.13265
0.842403 0.610264 1.03114 0.939812 0.929948 1.11218
0.860976 0.660394 1.0121 0.952812 0.957524 1.06704
0.873981 0.744158 1.01774 0.964099 0.95754 1.04724
0.866645 0.775958 1.01685 0.945207 0.957515 1.06804
0.886985 0.827922 1.02338 0.960296 0.957535 1.04774
0.95334 0.907864 1.03848 0.941405 0.95751 1.06854
0.95486 0.930971 1.03394 0.958395 0.957533 1.04799
0.971808 0.962454 1.04088 0.939504 0.957508 1.06879
0.95638 0.954077 1.0294 0.957445 0.957532 1.04812
0.948666 0.949889 1.02366 0.938553 0.957507 1.06891
0.952395 0.97581 1.01875 0.956969 0.957531 1.04818
0.944809 0.947795 1.02079 0.938077 0.957506 1.06898
0.950467 0.974763 1.01731 0.956731 0.957531 1.04821
0.942881 0.946748 1.01936 0.93784 0.957505 1.06901
0.949503 0.974239 1.0166 0.956612 0.957531 1.04822
0.941916 0.946225 1.01864 0.937721 0.957505 1.06902
0.949021 0.973977 1.01624 0.956553 0.957531 1.04823
0.941434 0.945963 1.01828 0.937661 0.957505 1.06903
0.94878 0.973846 1.01606 0.956523 0.957531 1.04824
0.941193 0.945832 1.0181 0.937632 0.957505 1.06904
0.948659 0.973781 1.01597 0.956508 0.95753 1.04824
0.941073 0.945766 1.01801 0.937617 0.957505 1.06904
0.948599 0.973748 1.01592 0.956501 0.95753 1.04824
0.941012 0.945734 1.01796 0.937609 0.957505 1.06904
0.940982 0.945717 1.01794 0.956497 0.95753 1.04824
0.956125 1.00173 1.01384 0.937606 0.957505 1.06904
0.940952 0.945701 1.01792 0.975385 0.957556 1.02744
0.917993 0.872731 1.0525 0.937602 0.957505 1.06904
end
gesture a12 hands 2
0.778847 0.594236 1.16493 0.918079 0.945916 1.06714
0.780957 0.594592 1.13517 0.918917 0.940618 1.081
0.799803 0.634075 1.09768 0.926744 0.954278 1.05626
0.812476 0.685041 1.07801 0.932361 0.949407 1.06353
0.829589 0.79084 1.06981 0.919754 0.935319 1.09487
0.880065 0.854487 1.06752 0.937979 0.944535 1.0708
0.897133 0.87609 1.05782 0.935409 0.962641 1.04537
0.930541 0.918134 1.06523 0.956205 0.95375 1.04672
0.949301 0.912842 1.05095 0.949394 0.959195 1.04235
0.95868 0.910196 1.04381 0.945988 0.961917 1.04016
0.964676 0.961339 1.04583 0.944285 0.963278 1.03907
0.966368 0.934444 1.04125 0.96037 0.952915 1.05479
0.947222 0.9001 1.05526 0.943434 0.963959 1.03853
0.957641 0.903825 1.04596 0.959944 0.953255 1.05451
0.938494 0.869481 1.05997 0.943008 0.964299 1.03825
0.953277 0.888516 1.04832 0.959731 0.953425 1.05438
0.934131 0.854172 1.06233 0.942795 0.964469 1.03812
0.951095 0.880861 1.0495 0.959625 0.95351 1.05431
0.931949 0.846517 1.06351 0.942688 0.964554 1.03805
0.950004 0.877033 1.05009 0.959572 0.953553 1.05427
0.930858 0.842689 1.0641 0.942635 0.964597 1.03801
0.949459 0.87512 1.05039 0.959545 0.953574 1.05426
0.930312 0.840776 1.0644 0.942609 0.964618 1.038
0.949186 0.874163 1.05053 0.959532 0.953585 1.05425
0.93004 0.839819 1.06454 0.942595 0.964628 1.03799
0.94905 0.873684 1.05061 0.959525 0.95359 1.05424
0.929903 0.83934 1.06462 0.942589 0.964634 1.03798
0.96806 0.90755 1.03667 0.976455 0.942552 1.0705
0.929767 0.838862 1.06469 0.942582 0.964639 1.03798
end
gesture a12 hands 2
0.751224 0.533066 1.18225 0.926584 0.953926 1.06243
0.747423 0.536588 1.15291 0.922334 0.948937 1.07583
0.773645 0.570797 1.11573 0.930939 0.953147 1.05031
0.782308 0.594684 1.10584 0.936095 0.948838 1.06503
0.785565 0.678975 1.10552 0.918084 0.943949 1.08924
0.788268 0.648773 1.10074 0.941252 0.944529 1.07975
0.791526 0.733064 1.10041 0.952836 0.944819 1.075
0.791248 0.675818 1.09819 0.944065 0.948593 1.0566
0.794506 0.760108 1.09786 0.958628 0.944964 1.07263
0.792738 0.68934 1.09691 0.946962 0.948665 1.05542
0.795996 0.773631 1.09659 0.961524 0.945037 1.07144
0.793483 0.696101 1.09627 0.948409 0.948702 1.05482
0.796741 0.780392 1.09595 0.962972 0.945073 1.07085
0.793856 0.699482 1.09595 0.949134 0.94872 1.05453
0.797114 0.783772 1.09563 0.963696 0.945091 1.07056
0.794042 0.701172 1.09579 0.949495 0.948729 1.05438
0.7973 0.785463 1.09547 0.964058 0.9451 1.07041
0.794135 0.702017 1.09571 0.949677 0.948733 1.0543
0.797393 0.786308 1.09539 0.964239 0.945104 1.07033
0.794182 0.70244 1.09567 0.949767 0.948736 1.05427
0.797439 0.78673 1.09535 0.964329 0.945107 1.0703
0.794205 0.702651 1.09565 0.949812 0.948737 1.05425
0.797463 0.786942 1.09533 0.964375 0.945108 1.07028
0.790971 0.618572 1.09596 0.949835 0.948737 1.05424
0.797486 0.787153 1.09531 0.964397 0.945108 1.07027
0.862334 0.863959 1.09227 0.964409 0.945109 1.07026
0.907541 0.897168 1.08432 0.935295 0.952367 1.0382
0.958943 0.896619 1.06624 0.96442 0.945109 1.07026
0.960236 0.842249 1.06776 0.957971 0.933576 1.09719
end
gesture a12 hands 2
0.685859 0.537352 0.975358 0.549705 0.587687 1.21169
0.663845 0.546259 0.993114 0.587073 0.614301 1.15626
0.708254 0.579081 0.97346 0.564515 0.58898 1.18584
0.724717 0.60243 0.971599 0.594478 0.614947 1.14333
0.767153 0.668543 0.986915 0.677938 0.687097 1.12674
0.754166 0.647162 0.978326 0.651189 0.664006 1.11378
0.796602 0.713275 0.993643 0.734649 0.736156 1.0972
0.768891 0.669527 0.98169 0.679545 0.688535 1.09901
0.811327 0.73564 0.997006 0.763005 0.760685 1.08242
0.776254 0.68071 0.983372 0.693723 0.700799 1.09162
0.81869 0.746823 0.998688 0.777183 0.772949 1.07504
0.779935 0.686302 0.984213 0.700812 0.706932 1.08793
0.822371 0.752415 0.999529 0.784272 0.779082 1.07134
0.781775 0.689097 0.984634 0.704356 0.709998 1.08608
0.824211 0.75521 0.99995 0.787817 0.782148 1.0695
0.782696 0.690495 0.984844 0.706128 0.711531 1.08516
0.825132 0.756608 1.00016 0.789589 0.783681 1.06857
0.783156 0.691194 0.984949 0.707014 0.712297 1.0847
0.825592 0.757307 1.00026 0.790475 0.784447 1.06811
0.783386 0.691544 0.985001 0.707457 0.712681 1.08447
0.825822 0.757657 1.00032 0.790918 0.784831 1.06788
0.825937 0.757831 1.00034 0.707679 0.712872 1.08435
0.74118 0.62578 0.969738 0.791139 0.785022 1.06777
0.826052 0.758006 1.00037 0.62444 0.640914 1.10082
0.915257 0.882223 1.0359 0.791361 0.785214 1.06765
0.940484 0.903438 1.03733 0.874821 0.857364 1.05106
0.955596 0.981919 1.04472 0.92598 0.943502 1.05792
0.965711 0.924653 1.03875 0.958282 0.929514 1.03447
0.94534 0.872617 1.04362 0.945226 0.905533 1.0366
end
gesture a12 hands 2
0.686114 0.588339 1.01052 0.514181 0.542643 1.28156
0.71102 0.575323 1.02035 0.520899 0.544221 1.25285
0.750694 0.614767 1.00571 0.543362 0.562216 1.20505
0.791737 0.661003 1.05738 0.558519 0.57926 1.19354
0.804236 0.688896 1.06944 0.614972 0.631185 1.181
0.83278 0.707239 1.10906 0.594324 0.613744 1.18151
0.862438 0.750014 1.1035 0.650777 0.66567 1.16897
0.877552 0.773332 1.10058 0.612226 0.630987 1.1755
0.904793 0.828997 1.09244 0.66868 0.682913 1.16296
0.89873 0.812824 1.09506 0.621178 0.639608 1.17249
0.92597 0.868488 1.08691 0.677632 0.691534 1.15995
0.909318 0.832569 1.09229 0.625653 0.643918 1.17099
0.936559 0.888234 1.08415 0.682107 0.695844 1.15844
0.914613 0.842442 1.09091 0.627891 0.646074 1.17024
0.941854 0.898107 1.08277 0.684345 0.698 1.15769
0.91726 0.847379 1.09022 0.62901 0.647151 1.16986
0.944501 0.903044 1.08208 0.685464 0.699077 1.15732
0.918583 0.849847 1.08987 0.62957 0.64769 1.16967
0.945824 0.905512 1.08173 0.686023 0.699616 1.15713
0.919245 0.851081 1.0897 0.629849 0.64796 1.16958
0.946486 0.906746 1.08156 0.686303 0.699886 1.15703
0.892666 0.79665 1.09767 0.686443 0.70002 1.15699
0.947148 0.90798 1.08138 0.573675 0.596303 1.18203
0.963047 0.946789 1.0736 0.686583 0.700155 1.15694
0.96107 0.997829 1.09303 0.793056 0.815024 1.11623
0.978945 0.985599 1.06581 0.881056 0.88968 1.11159
1.00163 1.01931 1.0651 0.899529 0.929893 1.07551
0.996821 0.973368 1.03859 0.876279 0.907761 1.03151
0.982149 0.949388 1.03617 0.839596 0.866279 1.0356
end
gesture a12 hands 2
0.702185 0.593128 0.975028 0.559802 0.546185 1.23571
0.72833 0.607666 0.972988 0.558929 0.554654 1.20694
0.763959 0.652318 0.966833 0.582928 0.579182 1.15931
0.784985 0.703112 0.979858 0.597889 0.598987 1.1487
0.811103 0.747653 1.00729 0.65637 0.655407 1.13947
0.816612 0.76217 1.03144 0.63461 0.6371 1.13877
0.864632 0.822281 1.04063 0.693091 0.693519 1.12955
0.843377 0.799484 1.04811 0.652971 0.656156 1.13382
0.891397 0.859596 1.0573 0.711452 0.712576 1.12459
0.856759 0.818141 1.05645 0.662151 0.665684 1.13134
0.904779 0.878253 1.06563 0.720632 0.722104 1.12211
0.86345 0.82747 1.06061 0.666741 0.670448 1.1301
0.91147 0.887581 1.0698 0.725222 0.726868 1.12087
0.866795 0.832134 1.0627 0.669036 0.67283 1.12947
0.914815 0.892246 1.07189 0.727517 0.72925 1.12025
0.868468 0.834466 1.06374 0.670183 0.674021 1.12916
0.916488 0.894578 1.07293 0.728665 0.730441 1.11994
0.869305 0.835632 1.06426 0.670757 0.674616 1.12901
0.917325 0.895744 1.07345 0.729238 0.731036 1.11979
0.917743 0.896327 1.07371 0.729525 0.731334 1.11971
0.822121 0.776687 1.05559 0.61285 0.618792 1.13808
0.918161 0.89691 1.07397 0.729812 0.731632 1.11963
0.932096 0.952821 1.07805 0.847497 0.847488 1.06557
0.950506 1.00337 1.09907 0.90634 0.905415 1.03855
0.974394 1.05314 1.10484 0.965868 0.957431 1.06401
1.0145 1.08829 1.09548 0.965183 0.963343 1.01152
1.05581 1.09496 1.05825 0.925539 0.933079 0.984233
1.05737 1.05259 1.03087 0.884225 0.892605 0.989541
1.01438 0.983813 1.02519 0.848982 0.859592 1.01222
end
