gesture a06 hands 2
0.938574 0.482655 1.19935 0.925706 0.948372 1.06781
0.937335 0.486614 1.18507 0.94159 0.953404 1.05544
0.951607 0.498792 1.16255 0.930614 0.957683 1.09579
0.943851 0.494683 1.16667 0.957475 0.958436 1.04308
0.958123 0.506861 1.14415 1.00507 0.976529 1.01442
0.947109 0.498718 1.15747 1.03648 0.999748 0.977401
0.961381 0.510896 1.13495 1.0337 1.03134 0.934541
0.948738 0.500735 1.15287 0.995456 1.03581 0.908027
0.96301 0.512913 1.13035 0.960773 0.992974 0.923664
0.949552 0.501743 1.15057 0.945471 0.979653 0.944624
0.963825 0.513921 1.12805 0.94684 0.95598 0.998433
0.964232 0.514426 1.1269 0.938504 0.961156 0.982008
0.936095 0.490574 1.17079 0.939874 0.937483 1.03582
0.964639 0.51493 1.12575 0.935022 0.951908 1.0007
1.00089 0.54662 1.09764 0.936391 0.928234 1.05451
1.02596 0.598187 1.09 0.93328 0.947283 1.01005
1.03796 0.65204 1.1046 0.934649 0.923609 1.06385
1.04297 0.703928 1.1272 0.932409 0.944971 1.01472
1.04106 0.750708 1.14955 0.933779 0.921297 1.06853
1.03535 0.805005 1.16732 0.931974 0.943815 1.01706
1.02985 0.855856 1.16269 0.933343 0.920141 1.07086
1.02138 0.896744 1.135 0.931756 0.943237 1.01822
1.00914 0.93086 1.10479 0.933126 0.919563 1.07203
0.993711 0.969964 1.0667 0.931647 0.942948 1.01881
0.982365 1.00101 1.0248 0.933017 0.919274 1.07262
0.97901 0.976851 0.994735 0.931593 0.942803 1.0191
0.977332 0.964771 0.979702 0.932962 0.919129 1.07291
0.976494 0.958731 0.972186 0.931566 0.942731 1.01925
0.976074 0.955711 0.968428 0.932935 0.919057 1.07305
0.975865 0.954201 0.966549 0.932922 0.919021 1.07313
0.97576 0.953446 0.96561 0.930169 0.966332 0.965584
0.975707 0.953068 0.96514 0.932908 0.918985 1.0732
0.973893 1.0066 0.973165 0.924535 0.920619 1.1292
0.975655 0.952691 0.96467 0.951297 0.961095 1.13746
0.974741 0.904012 0.993646 0.978801 0.98008 1.08803
end
gesture a06 hands 2
0.928005 0.438638 1.2921 0.944393 0.981762 1.0923
0.936382 0.434447 1.26388 0.955985 0.976405 1.09989
0.912088 0.429439 1.22227 0.975506 0.983333 1.07882
0.905367 0.448999 1.1765 0.971541 0.977191 1.09315
0.939543 0.483584 1.15237 0.991062 0.984118 1.07209
0.96283 0.530886 1.1488 0.979319 0.977584 1.08978
0.977688 0.581589 1.15861 0.99884 0.98451 1.06872
0.984303 0.629684 1.17635 0.983208 0.97778 1.08809
0.982571 0.676738 1.19788 1.00273 0.984707 1.06703
0.978891 0.730142 1.21002 0.985153 0.977878 1.08725
0.978353 0.776332 1.19495 1.00468 0.984805 1.06619
0.973653 0.818195 1.16693 0.986126 0.977927 1.08683
0.966254 0.855785 1.13761 1.00565 0.984854 1.06577
0.957617 0.897503 1.09997 0.986612 0.977951 1.08662
0.953782 0.92527 1.05566 1.00613 0.984878 1.06556
0.954884 0.920401 1.02787 0.986855 0.977964 1.08652
0.953786 0.893219 1.03153 1.00638 0.984891 1.06546
0.954885 0.904375 1.01581 0.986977 0.97797 1.08646
0.953788 0.877193 1.01946 1.0065 0.984897 1.0654
0.954887 0.896362 1.00977 0.987038 0.977973 1.08644
0.953789 0.86918 1.01343 1.00656 0.9849 1.06538
0.954887 0.892356 1.00676 0.987068 0.977974 1.08642
0.953789 0.865173 1.01042 1.00659 0.984901 1.06536
0.954887 0.890353 1.00525 1.0066 0.984902 1.06536
0.95379 0.86317 1.00891 0.967577 0.971049 1.10747
0.954887 0.889351 1.00449 1.00662 0.984903 1.06535
0.95379 0.862169 1.00815 1.00207 1.00007 1.00849
0.954887 0.88885 1.00412 0.97882 1.00892 0.956188
0.95379 0.861668 1.00778 0.954961 0.975398 0.918324
0.954888 0.8886 1.00393 0.940361 0.929467 0.925222
0.95379 0.861417 1.00759 0.928591 0.906472 0.978519
0.954888 0.888475 1.00383 0.94559 0.910685 1.03355
0.95379 0.861292 1.00749 0.941838 0.933 1.08811
0.955985 0.915532 1.00008 0.940457 0.961004 1.13811
0.95379 0.861167 1.0074 0.93255 0.963084 1.16681
end
gesture a06 hands 2
0.900299 0.601686 1.19998 0.952952 0.963518 1.11312
0.911401 0.597062 1.20853 0.94644 0.964968 1.0968
0.926848 0.593817 1.18898 0.940313 0.967483 1.13981
0.924675 0.593128 1.20304 0.939928 0.966418 1.08048
0.940122 0.589883 1.18349 0.969515 0.962698 1.04422
0.931312 0.591161 1.20029 0.993808 0.970878 1.03907
0.946759 0.587916 1.18074 0.982663 0.976822 1.00547
0.950077 0.586933 1.17936 1.00038 0.97794 1.01969
0.922503 0.592438 1.21709 0.989236 0.983884 0.986098
0.953396 0.585949 1.17799 1.00367 0.981471 1.01
0.946738 0.600385 1.12163 0.992523 0.987415 0.976412
0.957623 0.629921 1.07655 1.00531 0.983236 1.00516
0.985594 0.670544 1.05582 0.994167 0.98918 0.971569
1.00584 0.716813 1.05756 1.00613 0.984119 1.00274
1.01609 0.765256 1.07599 0.994988 0.990063 0.969148
1.01474 0.810366 1.09859 1.00654 0.984561 1.00153
1.00817 0.861622 1.11434 0.995399 0.990505 0.967937
1.00413 0.909704 1.10516 1.0181 0.979058 1.03391
0.9992 0.954966 1.08286 0.99581 0.990946 0.966726
0.99339 0.994762 1.05933 1.01679 1.02019 0.925781
0.989806 1.03378 1.02462 0.973523 1.00283 0.899545
0.991526 1.01129 0.998171 0.948828 0.954812 0.923744
0.992386 1.00005 0.984946 0.95838 0.932832 0.977662
0.992816 0.994431 0.978334 0.965191 0.937601 1.03328
0.993031 0.991621 0.975028 0.962197 0.947878 1.08971
0.993139 0.990215 0.973375 0.950057 0.963136 1.09035
0.993192 0.989513 0.972549 0.943987 0.970765 1.09067
0.994496 1.0383 0.973412 0.940952 0.974579 1.09083
0.993246 0.98881 0.971722 0.939435 0.976487 1.09091
0.985869 0.943816 1.00373 0.938676 0.97744 1.09095
0.985405 0.898657 1.03243 0.938296 0.977917 1.09097
0.986621 0.845593 1.04462 0.961104 0.970762 1.144
0.967924 0.791679 1.04004 0.937917 0.978394 1.09099
0.94111 0.742038 1.05372 0.935169 0.975896 1.03242
0.928795 0.717334 1.06236 0.97289 0.962306 0.994091
end
gesture a06 hands 2
0.898899 0.702814 1.11441 0.880229 0.871591 1.15114
0.914524 0.688576 1.13484 0.891793 0.848675 1.16663
0.953969 0.663128 1.16921 0.91694 0.809412 1.20316
0.9533 0.672771 1.15131 0.956965 0.829501 1.16637
0.971413 0.711751 1.1441 0.990961 0.843851 1.12349
0.967755 0.706894 1.12776 1.01709 0.878051 1.08671
0.952632 0.682413 1.13342 1.0462 0.911106 1.04962
0.964097 0.702036 1.11141 1.0306 0.93394 1.00014
0.969829 0.711848 1.10041 1.0021 0.951451 0.952966
0.972695 0.716753 1.09491 1.01032 1.00584 0.935854
0.947709 0.6772 1.07741 1.00622 1.05677 0.907926
0.975561 0.721659 1.08941 0.983147 1.10669 0.887218
0.99459 0.77366 1.10186 0.961519 1.15713 0.904137
0.998631 0.828138 1.09312 0.959624 1.15408 0.921612
0.990162 0.874647 1.07929 0.965209 1.20319 0.931366
0.978261 0.923057 1.06023 0.957728 1.15102 0.939087
0.96735 0.971757 1.03934 0.953188 1.10487 0.970615
0.961386 1.02442 1.0169 0.955935 1.08286 0.985947
0.968768 1.07359 0.988062 0.95003 1.03656 1.01476
0.976148 1.07979 0.962538 0.954356 1.04871 1.00802
0.979948 1.05266 0.959485 0.948451 1.00241 1.03683
0.981737 1.06932 0.94825 0.953566 1.03163 1.01905
0.985538 1.0422 0.945196 0.947662 0.985335 1.04786
0.984532 1.06409 0.941105 0.953172 1.02309 1.02457
0.988333 1.03696 0.938051 0.947267 0.976796 1.05338
0.98593 1.06147 0.937533 0.952974 1.01882 1.02733
0.98973 1.03435 0.934479 0.947069 0.972527 1.05614
0.986629 1.06016 0.935747 0.952876 1.01669 1.02871
0.990429 1.03304 0.932693 0.946971 0.970393 1.05752
0.990779 1.03238 0.9318 0.952826 1.01562 1.0294
0.983527 1.08598 0.937015 0.946921 0.969325 1.05821
0.991128 1.03173 0.930907 0.946897 0.968792 1.05856
0.98203 0.980964 0.957224 0.958682 1.06085 1.00128
0.976342 0.934448 0.988873 0.946872 0.968258 1.0589
0.970284 0.861496 1.03762 0.941164 0.945902 1.07555
end
gesture a06 hands 2
0.93438 0.688278 1.1938 0.879858 0.74611 1.17151
0.94952 0.712259 1.18496 0.908218 0.73817 1.1665
0.97879 0.751279 1.15315 0.92658 0.721673 1.14998
0.998024 0.754399 1.10422 0.957247 0.758701 1.12805
0.994558 0.728106 1.08029 0.991834 0.791891 1.09481
1.0072 0.775018 1.09048 1.01928 0.836232 1.0821
1.00946 0.824709 1.08154 1.02166 0.891562 1.08351
1.00063 0.87572 1.0672 1.03119 0.943655 1.0697
0.989813 0.921108 1.05113 1.02733 0.995376 1.04882
0.98098 0.970263 1.03174 1.00809 1.04294 1.03153
0.983546 1.01911 1.00465 0.983442 1.09213 1.01275
0.985823 1.02066 0.977905 0.968778 1.11372 1.00127
0.978597 0.971793 0.997517 0.966737 1.08779 0.994341
0.983348 0.997002 0.974337 0.960425 1.11155 0.99206
0.976122 0.948135 0.99395 0.958385 1.08562 0.985136
0.982111 0.985173 0.972554 0.956249 1.11047 0.987458
0.974885 0.936307 0.992167 0.954208 1.08453 0.980533
0.981493 0.979258 0.971662 0.954161 1.10992 0.985157
0.974267 0.930392 0.991275 0.95212 1.08399 0.978232
0.981183 0.976301 0.971216 0.953117 1.10965 0.984006
0.973957 0.927435 0.990829 0.951076 1.08372 0.977082
0.981029 0.974823 0.970993 0.952595 1.10952 0.983431
0.973803 0.925957 0.990606 0.950554 1.08359 0.976506
0.980951 0.974083 0.970882 0.952334 1.10945 0.983143
0.973725 0.925217 0.990494 0.950293 1.08352 0.976219
0.980913 0.973714 0.970826 0.952203 1.10941 0.982999
0.973687 0.924848 0.990439 0.950163 1.08348 0.976075
0.980893 0.973529 0.970798 0.952138 1.1094 0.982927
0.973667 0.924663 0.990411 0.950097 1.08347 0.976003
0.980884 0.973436 0.970784 0.954113 1.13531 0.98978
0.973658 0.92457 0.990397 0.950032 1.08345 0.975931
0.9881 1.02221 0.951158 0.945931 1.02696 0.988496
0.973648 0.924478 0.990383 0.942504 0.975295 1.01101
0.973056 0.87976 1.02453 0.942285 0.925803 1.04106
0.973792 0.85778 1.0421 0.947689 0.877832 1.07193
end
gesture a06 hands 2
0.984913 0.548524 1.10159 0.966586 0.812679 1.12243
0.97856 0.565153 1.07798 0.994979 0.821547 1.12058
0.975284 0.575684 1.0862 1.0208 0.835106 1.07241
0.98288 0.592977 1.09127 1.04325 0.871978 1.03592
1.00261 0.597816 1.05086 1.06299 0.910994 0.999633
1.03244 0.646552 1.05966 1.06813 0.951814 0.959102
1.04664 0.697103 1.07117 1.04348 0.981592 0.91611
1.03518 0.773556 1.04745 1.02491 0.978135 0.894575
1.03875 0.80473 1.04429 1.01774 1.00549 0.893312
1.02371 0.850009 1.02373 1.01204 0.990084 0.883175
1.00683 0.899406 0.999508 1.00487 1.01744 0.881913
0.99504 0.949987 0.973308 1.0056 0.996059 0.877476
1.00244 0.993328 0.935532 0.998435 1.02342 0.876213
1.02866 1.01637 0.945975 1.00239 0.999046 0.874626
1.05385 1.00938 0.931109 0.995217 1.0264 0.873364
1.05488 1.03941 0.956419 1.00078 1.00054 0.873201
1.0554 1.05442 0.969074 0.993609 1.0279 0.871939
1.07354 1.04216 0.965647 0.999974 1.00129 0.872489
1.05565 1.06192 0.975402 0.992804 1.02864 0.871226
1.07367 1.04591 0.968811 0.992402 1.02902 0.87087
1.05578 1.06568 0.978566 1.00634 0.974677 0.873039
1.07373 1.04779 0.970393 0.992 1.02939 0.870514
1.05585 1.06755 0.980148 0.974542 1.08034 0.881097
1.07376 1.04873 0.971184 0.95441 1.13198 0.897096
1.05588 1.06849 0.980939 0.935892 1.18151 0.922425
1.07378 1.0492 0.971579 0.935282 1.19473 0.955965
1.05589 1.06896 0.981335 0.95046 1.22803 0.953243
1.0559 1.0692 0.981532 0.934673 1.20795 0.989505
1.09168 1.0299 0.962219 0.922232 1.15609 1.01099
1.05591 1.06943 0.98173 0.92648 1.10542 1.031
1.01038 1.0988 1.00445 0.939182 1.05067 1.05103
0.961185 1.11534 1.02895 0.949847 0.998806 1.07032
0.913824 1.13316 1.05801 0.957843 0.944946 1.09135
0.862691 1.14828 1.08422 0.974946 0.894373 1.11196
0.835383 1.15207 1.09571 0.965688 0.846989 1.13775
end
gesture a06 hands 2
0.955261 0.493412 1.20319 1.02798 0.868767 1.02753
0.983804 0.491695 1.1958 1.02536 0.885051 1.00298
1.03992 0.50077 1.19335 0.996359 0.905153 0.960058
1.07844 0.537549 1.19492 0.973957 0.927867 0.912241
1.09326 0.585368 1.20639 0.94502 0.951101 0.870928
1.1026 0.633749 1.22376 0.92103 0.986634 0.835373
1.11662 0.687272 1.22857 0.893789 1.03523 0.821128
1.11613 0.733483 1.20529 0.855675 1.049 0.861903
1.10002 0.771186 1.1811 0.860192 1.05525 0.915931
1.06057 0.84064 1.13422 0.888133 1.05105 0.963221
1.03761 0.871471 1.11151 0.920955 1.04259 1.0064
1.02112 0.910094 1.08734 0.942446 1.03775 1.05759
1.01684 0.951964 1.06272 0.944205 1.03847 1.11212
1.0334 0.963215 1.04738 0.945526 1.02592 1.13409
1.04474 0.940665 1.05086 0.947685 1.00895 1.11066
1.04735 0.957565 1.04146 0.947266 1.01115 1.13337
1.05869 0.935015 1.04493 0.949425 0.994184 1.10993
1.05432 0.95474 1.03849 0.948136 1.00377 1.133
1.06567 0.932191 1.04197 0.950295 0.986803 1.10957
1.05781 0.953328 1.03701 0.948571 1.00008 1.13282
1.06915 0.930778 1.04049 0.95073 0.983112 1.10938
1.05956 0.952622 1.03627 0.948789 0.998236 1.13273
1.0709 0.930072 1.03975 0.950948 0.981267 1.10929
1.06043 0.952269 1.0359 0.948897 0.997314 1.13268
1.07177 0.929719 1.03938 0.951056 0.980345 1.10925
1.06086 0.952092 1.03572 0.948952 0.996852 1.13266
1.0722 0.929543 1.0392 0.951111 0.979883 1.10922
1.06108 0.952004 1.03562 0.948979 0.996622 1.13265
1.07242 0.929454 1.0391 0.951138 0.979653 1.10921
1.06119 0.95196 1.03558 0.951151 0.979537 1.10921
1.07253 0.92941 1.03906 0.946847 1.01336 1.15607
1.04996 0.974465 1.03205 0.951165 0.979422 1.1092
1.07264 0.929366 1.03901 0.969292 0.960987 1.05728
1.06387 0.884962 1.0616 0.991197 0.940896 1.00749
1.0578 0.861922 1.07206 1.00893 0.919469 0.997384
end
gesture a06 hands 2
1.01896 0.3993 1.35238 1.00058 0.90558 1.00935
1.04514 0.403625 1.33992 0.98716 0.914512 0.98417
1.08552 0.437536 1.32517 0.955904 0.934051 0.93815
1.1027 0.483225 1.33141 0.927185 0.955751 0.892967
1.11317 0.528877 1.32806 0.88444 0.98697 0.879022
1.114 0.572822 1.30949 0.874807 0.996445 0.934279
1.10135 0.613844 1.28303 0.902927 1.00014 0.98297
1.06096 0.704954 1.2213 0.944667 0.998391 1.01825
1.0305 0.75873 1.18569 0.98054 0.991625 1.06441
1.02058 0.796063 1.15956 0.977584 0.990095 1.11086
1.02112 0.832422 1.11788 1.00544 0.982665 1.11421
1.03201 0.816912 1.10688 0.974629 0.988565 1.15731
1.03218 0.79413 1.11973 0.937204 0.992331 1.15349
1.03753 0.797766 1.10781 0.935039 0.996261 1.1748
1.03771 0.774984 1.12066 0.918491 0.994214 1.15157
1.0403 0.788193 1.10827 0.925682 0.997202 1.17384
1.04047 0.765411 1.12112 0.909134 0.995156 1.15062
1.04168 0.783406 1.1085 0.921004 0.997673 1.17336
1.04186 0.760625 1.12135 0.904456 0.995626 1.15014
1.04237 0.781013 1.10861 0.918665 0.997908 1.17312
1.04255 0.758231 1.12146 0.902117 0.995862 1.1499
1.04272 0.779817 1.10867 0.917496 0.998026 1.173
1.04289 0.757035 1.12152 0.900948 0.995979 1.14978
1.04289 0.779218 1.1087 0.916911 0.998085 1.17294
1.04307 0.756436 1.12155 0.900363 0.996038 1.14972
1.04298 0.778919 1.10872 0.916618 0.998114 1.17291
1.04315 0.756137 1.12157 0.90007 0.996068 1.14969
1.04302 0.77877 1.10872 0.916472 0.998129 1.1729
1.0432 0.755988 1.12157 0.899924 0.996082 1.14967
1.04304 0.778695 1.10873 0.916399 0.998136 1.17289
1.04322 0.755913 1.12158 0.899851 0.99609 1.14967
1.04305 0.778657 1.10873 0.932874 1.00019 1.19611
1.04323 0.755875 1.12158 0.899778 0.996097 1.14966
1.04289 0.801402 1.09588 0.892 0.992149 1.09503
1.04324 0.755838 1.12158 0.899547 0.987453 1.039
end
gesture a06 hands 2
1.0266 0.481231 1.34075 1.01593 0.936819 1.03544
1.0456 0.481006 1.31802 1.01327 0.941865 1.00628
1.08866 0.511082 1.29494 0.971008 0.953944 0.973489
1.10892 0.557229 1.29575 0.924323 0.962226 0.940747
1.11979 0.607044 1.29497 0.890744 0.99405 0.941255
1.12047 0.648229 1.27978 0.89636 1.00609 0.99711
1.10833 0.688198 1.25362 0.933823 1.00665 1.03936
1.07302 0.758837 1.20293 0.97565 0.999013 1.0766
1.05137 0.796809 1.17625 0.99878 0.990182 1.12899
1.03771 0.829476 1.15225 0.952805 0.983422 1.15652
1.02645 0.872544 1.11746 0.904592 0.998727 1.17725
1.03978 0.883129 1.07362 0.885455 0.994128 1.15154
1.05244 0.829574 1.08106 0.881458 0.977675 1.09653
1.04849 0.806744 1.0959 0.884083 0.977219 1.03929
1.03919 0.721899 1.14897 0.91012 0.978327 0.987875
1.04186 0.752906 1.12986 0.936087 0.967484 0.985691
1.03257 0.668061 1.18292 0.950189 0.954772 1.00722
1.03855 0.725987 1.14683 0.956121 0.955706 0.995365
1.02925 0.641142 1.1999 0.970224 0.942994 1.0169
1.03689 0.712528 1.15532 0.966139 0.949817 1.0002
1.0276 0.627683 1.20839 0.980242 0.937106 1.02173
1.03606 0.705798 1.15957 0.971147 0.946873 1.00262
1.02677 0.620954 1.21264 0.98525 0.934161 1.02415
1.03565 0.702433 1.16169 0.973652 0.945401 1.00383
1.02635 0.617589 1.21476 0.987755 0.932689 1.02536
1.03544 0.700751 1.16275 0.974904 0.944665 1.00443
1.02615 0.615906 1.21582 0.989007 0.931953 1.02597
1.03534 0.69991 1.16328 0.97553 0.944297 1.00474
1.02604 0.615065 1.21635 0.989633 0.931585 1.02627
1.03529 0.699489 1.16355 0.975843 0.944113 1.00489
1.02599 0.614645 1.21661 0.989946 0.931401 1.02642
1.03526 0.699279 1.16368 0.990103 0.931309 1.02649
1.02597 0.614434 1.21675 0.962053 0.95664 0.983507
1.04453 0.783913 1.11075 0.990259 0.931217 1.02657
1.02594 0.614224 1.21688 1.00323 0.925209 1.05261
end
gesture a06 hands 2
1.01321 0.636498 1.1382 0.976539 0.947871 1.03295
1.01631 0.655717 1.11578 0.979735 0.955873 1.00437
1.03026 0.709065 1.11433 0.961219 0.970339 0.951658
1.0319 0.756847 1.12919 0.919327 0.977313 0.923623
1.02634 0.806575 1.13945 0.876056 1.01151 0.915772
1.0189 0.860252 1.12746 0.885807 1.00326 0.972279
1.00761 0.897702 1.09866 0.90202 0.984326 1.02419
0.992622 0.93373 1.05735 0.919742 0.961792 1.07557
0.97606 0.962345 1.01823 0.932729 0.94569 1.12942
0.964908 0.954193 1.00113 0.934142 0.949036 1.12989
0.969154 0.92696 1.01085 0.94151 0.958298 1.10314
0.961455 0.9365 0.997441 0.938532 0.955341 1.11676
0.9657 0.909267 1.00717 0.9459 0.964603 1.09
0.959729 0.927653 0.995597 0.940727 0.958493 1.11018
0.963974 0.90042 1.00532 0.948096 0.967755 1.08343
0.958865 0.92323 0.994675 0.941825 0.960069 1.1069
0.96311 0.895997 1.0044 0.949193 0.969331 1.08014
0.958434 0.921019 0.994214 0.942374 0.960857 1.10526
0.962679 0.893786 1.00394 0.949742 0.970119 1.0785
0.958218 0.919913 0.993984 0.942648 0.961251 1.10444
0.962463 0.89268 1.00371 0.950017 0.970513 1.07768
0.95811 0.91936 0.993869 0.942785 0.961448 1.10403
0.962355 0.892127 1.0036 0.950154 0.97071 1.07727
0.958056 0.919083 0.993811 0.942854 0.961546 1.10382
0.962301 0.89185 1.00354 0.950222 0.970809 1.07707
0.958029 0.918945 0.993782 0.942888 0.961596 1.10372
0.962274 0.891712 1.00351 0.950257 0.970858 1.07696
0.958015 0.918876 0.993768 0.942905 0.96162 1.10367
0.96226 0.891643 1.00349 0.950274 0.970882 1.07691
0.962254 0.891609 1.00349 0.950282 0.970895 1.07689
0.953757 0.94604 0.984027 0.935554 0.952383 1.13037
0.962247 0.891574 1.00348 0.950291 0.970907 1.07686
0.974022 0.850794 1.0405 0.965634 0.96011 1.05299
0.985866 0.807791 1.08029 0.969978 0.973109 1.02249
0.992048 0.786334 1.0981 0.980977 0.949312 1.02912
end
gesture a06 hands 2
1.00849 0.603299 1.2385 0.952563 0.926765 1.06045
1.00735 0.603027 1.20853 0.975029 0.930648 1.07973
0.997482 0.608216 1.19055 0.960744 0.928696 1.07929
1.01596 0.63533 1.14557 0.970674 0.942427 1.0499
1.04414 0.686264 1.14716 0.946531 0.946215 0.996436
1.04804 0.734611 1.16364 0.945647 0.956492 0.985978
1.04508 0.78863 1.17029 0.94539 0.972851 0.946604
1.03867 0.84141 1.15987 0.944764 0.966769 0.975519
1.02491 0.875027 1.12871 0.94388 0.977046 0.96506
1.00675 0.906838 1.08666 0.94366 0.979615 0.962445
0.984879 0.93524 1.0408 0.944065 0.988266 0.930915
0.969957 0.920208 1.0245 0.943439 0.982185 0.959831
0.971393 0.89443 1.03705 0.943218 0.984754 0.957216
0.963214 0.899804 1.02262 0.943163 0.985396 0.956562
0.964651 0.874025 1.03517 0.943734 0.99212 0.926993
0.959843 0.889601 1.02168 0.943107 0.986038 0.955908
0.961279 0.863822 1.03423 0.943052 0.986681 0.955255
0.958157 0.8845 1.02121 0.943038 0.986841 0.955091
0.959594 0.858721 1.03376 0.943651 0.993083 0.926013
0.957314 0.881949 1.02097 0.943025 0.987002 0.954928
0.958751 0.856171 1.03352 0.943011 0.987162 0.954764
0.956893 0.880674 1.02086 0.943007 0.987203 0.954724
0.958329 0.854895 1.03341 0.94363 0.993324 0.925768
0.956682 0.880036 1.0208 0.943004 0.987243 0.954683
0.958119 0.854258 1.03335 0.943 0.987283 0.954642
0.956577 0.879717 1.02077 0.943625 0.993384 0.925706
0.958013 0.853939 1.03332 0.942999 0.987303 0.954621
0.956524 0.879558 1.02075 0.94425 0.999486 0.896771
0.957961 0.853779 1.0333 0.942997 0.987323 0.954601
0.956498 0.879478 1.02075 0.949727 0.973411 1.01138
0.957934 0.8537 1.0333 0.953502 0.962517 1.06779
0.957921 0.85366 1.03329 0.955502 0.948436 1.1248
0.955035 0.905177 1.00819 0.937576 0.941155 1.12225
0.957908 0.85362 1.03329 0.931423 0.961333 1.06903
0.962458 0.8308 1.05188 0.928477 0.960708 1.03949
end
gesture a06 hands 2
1.0248 0.658038 1.22124 0.958196 0.955352 0.983806
1.01042 0.65895 1.19499 0.963256 0.945636 1.01166
1.00362 0.67446 1.1377 0.975732 0.943704 1.06883
1.02729 0.687058 1.11813 0.969219 0.946925 1.06884
1.06357 0.731818 1.12339 0.952693 0.944999 1.01268
1.06664 0.782091 1.14671 0.932501 0.963875 0.9603
1.06164 0.835227 1.15696 0.910907 0.990611 0.951073
1.05458 0.885979 1.15103 0.927935 1.00155 0.95787
1.04145 0.928144 1.12573 0.920218 1.0324 0.916061
1.02439 0.960007 1.08787 0.944964 1.01249 0.964667
1.00625 0.988212 1.04726 0.957945 0.990827 1.01803
0.992936 0.997321 1.02391 0.967231 0.975034 1.07234
0.985391 0.974172 1.01753 0.968335 0.970479 1.07028
0.982506 0.990301 1.00905 0.964945 0.963823 1.09802
0.974961 0.967152 1.00267 0.968887 0.968202 1.06924
0.977291 0.986791 1.00161 0.965221 0.962684 1.0975
0.969746 0.963642 0.995238 0.969164 0.967063 1.06873
0.974683 0.985036 0.997899 0.965359 0.962115 1.09724
0.967138 0.961887 0.991522 0.969302 0.966493 1.06847
0.97338 0.984159 0.996041 0.965428 0.96183 1.09711
0.965835 0.96101 0.989664 0.969371 0.966209 1.06834
0.972728 0.98372 0.995112 0.965463 0.961688 1.09705
0.965183 0.960571 0.988735 0.969405 0.966066 1.06827
0.972402 0.9835 0.994648 0.96548 0.961617 1.09702
0.964857 0.960351 0.988271 0.969423 0.965995 1.06824
0.972239 0.983391 0.994415 0.965489 0.961581 1.097
0.964694 0.960242 0.988038 0.969431 0.96596 1.06823
0.972157 0.983336 0.994299 0.965493 0.961563 1.09699
0.964612 0.960187 0.987922 0.969436 0.965942 1.06822
0.972117 0.983308 0.994241 0.965495 0.961554 1.09699
0.964572 0.960159 0.987864 0.969438 0.965933 1.06821
0.979621 1.00643 1.00056 0.969439 0.965928 1.06821
0.964531 0.960132 0.987806 0.961555 0.957167 1.12576
0.970687 0.911385 1.01912 0.96944 0.965924 1.06821
0.975697 0.889242 1.03782 0.968967 0.964556 1.03837
end
gesture a06 hands 2
1.00558 0.367983 1.20558 0.960651 0.953341 1.03838
1.00704 0.371071 1.19104 0.98316 0.951431 1.01876
1.03415 0.375911 1.19722 0.969242 0.988969 0.982831
1.02132 0.375035 1.18686 0.980424 0.981482 1.00971
1.04843 0.379875 1.19305 0.956276 0.988845 0.993958
1.02846 0.377017 1.18477 0.969595 0.980446 1.01725
1.05558 0.381857 1.19096 0.991605 0.973996 1.0366
1.03203 0.378008 1.18373 0.982913 0.972047 1.04053
1.05915 0.382848 1.18991 0.985995 0.984809 1.04412
1.03382 0.378504 1.18321 0.973765 0.988438 1.02037
1.06093 0.383344 1.18939 0.987536 0.99119 1.04592
1.00849 0.374159 1.1765 0.974535 0.991628 1.02127
1.06272 0.383839 1.18887 0.988306 0.994381 1.04682
1.09927 0.423602 1.17875 0.97492 0.993224 1.02172
1.11297 0.475115 1.17406 0.988691 0.995976 1.04727
1.1118 0.526541 1.17851 0.975113 0.994021 1.02194
1.10291 0.572569 1.18794 0.988884 0.996774 1.04749
1.09175 0.617443 1.19401 0.975209 0.99442 1.02205
1.08262 0.669316 1.1721 0.98898 0.997172 1.0476
1.06608 0.712329 1.13996 0.975258 0.994619 1.02211
1.05038 0.750472 1.10785 0.989028 0.997372 1.04766
1.03656 0.791381 1.07728 0.975281 0.99472 1.02214
1.02674 0.838145 1.05925 0.989052 0.997471 1.04768
1.01984 0.894785 1.06497 0.975294 0.994769 1.02215
1.01043 0.945806 1.08712 0.989064 0.997521 1.0477
1.00216 0.999996 1.10187 0.975299 0.994794 1.02216
0.997138 1.04342 1.06392 0.98907 0.997546 1.0477
0.981495 1.07228 1.02071 0.975302 0.994807 1.02216
0.963555 1.09233 0.973816 0.989073 0.997559 1.04771
0.967586 1.06193 0.9291 0.989075 0.997565 1.04771
0.980139 1.01119 0.937102 0.961535 0.992067 0.996619
0.982028 0.961476 0.96752 0.989076 0.997571 1.04771
0.983987 0.914975 0.995025 0.989784 0.999881 1.05339
0.984419 0.86368 1.01606 0.97424 0.967587 1.04666
0.976395 0.80967 1.02392 0.970345 0.955008 1.04598
end
gesture a06 hands 2
1.01106 0.386817 1.20474 0.962045 0.964156 1.00152
1.02308 0.380287 1.2106 0.969622 0.975992 0.975428
1.03561 0.395747 1.1914 1.00193 0.966759 0.962286
1.03535 0.384753 1.20393 0.988649 0.96561 0.993615
1.04788 0.400213 1.18473 0.999021 0.94239 1.01536
1.04149 0.386985 1.2006 0.975371 0.964462 1.02494
1.05402 0.402445 1.1814 0.962287 0.984709 1.02353
1.04456 0.388102 1.19893 0.955745 0.994834 1.02283
1.05709 0.403562 1.17973 0.948657 0.995652 0.983964
1.0351 0.373758 1.21646 0.956094 0.99175 0.997117
1.06016 0.404678 1.17806 0.949203 1.00496 1.02212
1.06941 0.450567 1.16282 0.963531 0.987849 1.01027
1.06927 0.499868 1.1644 0.970695 0.979296 1.00435
1.06217 0.545829 1.17021 0.981353 0.978743 1.05256
1.05555 0.597803 1.15369 0.986553 0.988048 1.03492
1.047 0.644652 1.12497 0.977859 0.970743 0.998426
1.03705 0.686829 1.10129 0.991754 0.997352 1.01727
1.02667 0.739864 1.08795 0.982801 0.997226 1.02932
1.01886 0.787759 1.09031 0.978325 0.997164 1.03535
1.01227 0.842199 1.10183 0.978344 0.968151 1.0573
1.01241 0.886027 1.07838 0.973849 0.997101 1.04137
1.00654 0.91769 1.04031 0.979455 0.980834 1.04589
0.997467 0.955613 1.00428 0.96531 0.961787 1.04104
0.989117 1.00978 0.998764 0.958237 0.952264 1.03862
0.982905 1.05986 1.02462 0.954701 0.947502 1.03741
0.97478 1.09959 1.06529 0.952933 0.945121 1.03681
0.976431 1.14238 1.04252 0.952049 0.943931 1.0365
0.968428 1.14633 0.988491 0.951607 0.943335 1.03635
0.951826 1.12012 0.942494 0.951386 0.943038 1.03628
0.949406 1.0699 0.925354 0.951275 0.942889 1.03624
0.958718 1.02323 0.943359 0.95122 0.942814 1.03622
0.967769 0.989217 0.976855 0.951193 0.942777 1.03621
0.97426 0.956151 1.01022 0.962408 0.955393 1.0893
0.977977 0.908915 1.0371 0.951165 0.94274 1.0362
0.977722 0.855793 1.05452 0.968808 0.954985 0.981748
end
gesture a06 hands 2
0.934385 0.386387 1.13392 0.969499 0.93759 1.07482
0.94969 0.400548 1.1133 0.973007 0.942624 1.0613
0.971687 0.442156 1.08032 0.967429 0.967766 1.04884
0.982372 0.49365 1.07362 0.976515 0.947657 1.04778
0.986264 0.546172 1.07741 0.975757 0.953305 1.04019
0.985511 0.595863 1.08616 0.975568 0.954717 1.0383
0.981387 0.652594 1.09579 0.970559 0.975623 1.03153
0.973962 0.70932 1.10033 0.975379 0.956128 1.0364
0.968045 0.761195 1.09287 0.975189 0.95754 1.03451
0.96491 0.804242 1.07107 0.975142 0.957893 1.03403
0.959667 0.857323 1.04591 0.970275 0.977741 1.02869
0.954554 0.909966 1.02643 0.975095 0.958246 1.03356
0.948565 0.960777 1.02159 0.975047 0.958599 1.03309
0.944604 1.0151 1.03568 0.975036 0.958687 1.03297
0.968026 1.06229 1.05716 0.970204 0.97827 1.02798
0.990003 1.04521 1.05312 0.975024 0.958776 1.03285
0.998788 1.01778 1.05286 0.975012 0.958864 1.03273
1.00538 1.02296 1.05097 0.975009 0.958886 1.0327
1.01417 0.99553 1.05071 0.970186 0.978403 1.0278
1.01307 1.01184 1.04989 0.975006 0.958908 1.03267
1.02186 0.984404 1.04963 0.975003 0.95893 1.03264
1.01692 1.00627 1.04935 0.975002 0.958935 1.03263
1.0257 0.97884 1.0491 0.970181 0.978436 1.02775
1.01884 1.00349 1.04908 0.975002 0.958941 1.03262
1.02763 0.976059 1.04883 0.975001 0.958946 1.03262
1.0198 1.0021 1.04895 0.97018 0.978444 1.02774
1.02859 0.974668 1.04869 0.975 0.958949 1.03261
1.02028 1.0014 1.04888 0.96536 0.997942 1.02287
1.02907 0.973972 1.04863 0.975 0.958952 1.03261
1.02052 1.00106 1.04885 0.988307 0.945639 1.02019
1.02931 0.973625 1.04859 0.979389 0.94735 1.03294
1.01198 1.02814 1.04907 0.98464 0.919963 1.04236
1.02955 0.973277 1.04856 0.970471 0.949061 1.04569
1.03033 0.921319 1.05804 0.962017 0.974942 1.04323
1.02235 0.871302 1.06502 0.956303 0.978159 1.04901
end
gesture a06 hands 2
0.93412 0.504427 1.1806 0.953143 0.944267 1.07119
0.962988 0.500497 1.18716 0.96173 0.936771 1.06164
0.994649 0.530043 1.1505 0.955913 0.964406 1.05317
1.00821 0.583075 1.13889 0.963115 0.94684 1.05263
1.00825 0.63555 1.14275 0.957298 0.974475 1.04417
1.00305 0.687642 1.1465 0.963807 0.951875 1.04812
0.996465 0.741944 1.13905 0.95799 0.979509 1.03966
0.989205 0.842702 1.09448 0.964153 0.954392 1.04587
0.985005 0.89165 1.07387 0.958336 0.982027 1.03741
0.982972 0.937793 1.04354 0.964326 0.955651 1.04474
1.00339 0.933326 0.998129 0.958509 0.983285 1.03628
1.00473 0.905599 1.00322 0.964413 0.95628 1.04418
0.997375 0.858414 1.03036 0.958596 0.983914 1.03572
1.00172 0.868143 1.01934 0.964456 0.956595 1.0439
0.994367 0.820957 1.04648 0.95864 0.984229 1.03544
1.00022 0.849415 1.0274 0.964478 0.956752 1.04376
0.992864 0.802229 1.05454 0.958661 0.984387 1.0353
0.999467 0.840051 1.03143 0.964489 0.956831 1.04369
0.992112 0.792865 1.05857 0.958672 0.984465 1.03523
0.999091 0.835369 1.03345 0.964494 0.95687 1.04365
0.991736 0.788183 1.06059 0.958678 0.984505 1.03519
0.998903 0.833028 1.03445 0.964497 0.95689 1.04364
0.991548 0.785842 1.06159 0.95868 0.984524 1.03518
0.998809 0.831857 1.03496 0.964498 0.9569 1.04363
0.991454 0.784672 1.0621 0.958682 0.984534 1.03517
0.998762 0.831272 1.03521 0.964499 0.956905 1.04362
0.991407 0.784086 1.06235 0.958682 0.984539 1.03516
0.998739 0.830979 1.03533 0.964499 0.956907 1.04362
0.991384 0.783794 1.06247 0.958683 0.984542 1.03516
0.998727 0.830833 1.0354 0.964499 0.956908 1.04362
0.991372 0.783647 1.06254 0.958683 0.984543 1.03516
0.991366 0.783574 1.06257 0.970316 0.929275 1.05208
1.00607 0.877872 1.00832 0.958683 0.984544 1.03516
0.99136 0.783501 1.0626 0.964324 0.989385 1.03979
0.974248 0.705971 1.09988 0.959171 0.95185 1.03455
end
gesture a06 hands 2
0.885489 0.465806 1.15264 0.966375 0.93501 1.06306
0.906004 0.476002 1.13401 0.969089 0.941875 1.05018
0.933686 0.503773 1.09148 0.963568 0.965015 1.03599
0.951501 0.552408 1.06931 0.971802 0.948739 1.0373
0.956952 0.603124 1.07032 0.967338 0.955335 1.04091
0.953206 0.651676 1.07913 0.966222 0.956984 1.04181
0.952619 0.678259 1.07438 0.96405 0.975178 1.02492
0.949461 0.700227 1.08794 0.965106 0.958632 1.04271
0.948286 0.753395 1.07843 0.96399 0.960281 1.04361
0.950881 0.799905 1.05373 0.963711 0.960693 1.04384
0.948758 0.845918 1.03404 0.962376 0.977651 1.02627
0.946699 0.894169 1.0212 0.963432 0.961106 1.04406
0.947831 0.948445 1.01942 0.963153 0.961518 1.04429
0.982316 0.971809 1.03569 0.963084 0.961621 1.04434
0.999558 0.983491 1.04383 0.961957 0.978269 1.02661
0.984318 0.990408 1.03958 0.963014 0.961724 1.0444
1.00818 0.989332 1.04789 0.962944 0.961827 1.04446
0.988629 0.993328 1.04162 0.962927 0.961853 1.04447
1.01249 0.992252 1.04993 0.961853 0.978424 1.02669
0.990784 0.994789 1.04263 0.962909 0.961878 1.04448
1.01464 0.993713 1.05094 0.962891 0.961904 1.0445
0.991862 0.995519 1.04314 0.962887 0.961911 1.0445
1.01572 0.994443 1.05145 0.961827 0.978463 1.02671
0.992401 0.995884 1.0434 0.962883 0.961917 1.0445
1.01626 0.994808 1.05171 0.962878 0.961924 1.04451
0.99267 0.996066 1.04352 0.962877 0.961925 1.04451
1.01653 0.99499 1.05183 0.96182 0.978472 1.02672
1.01667 0.995082 1.0519 0.962876 0.961927 1.04451
0.969079 0.997325 1.03534 0.962875 0.961928 1.04451
1.0168 0.995173 1.05196 0.961819 0.978475 1.02672
1.04425 0.947338 1.06431 0.962875 0.961929 1.04451
1.04499 0.89514 1.07962 0.962874 0.96193 1.04451
1.0287 0.845953 1.08886 0.960762 0.995021 1.00893
1.00759 0.793145 1.0959 0.962874 0.96193 1.04451
0.997059 0.765637 1.09992 0.960606 0.928147 1.09323
end
gesture a06 hands 2
0.95893 0.399252 1.19628 0.972753 0.94443 1.07364
0.958319 0.404828 1.2256 0.977193 0.953924 1.06294
0.964305 0.408179 1.22913 0.965065 0.972935 1.04409
0.957706 0.418413 1.17222 0.968834 0.976739 1.03868
0.966078 0.458483 1.13091 0.981634 0.963418 1.05224
0.979148 0.511067 1.11448 0.972603 0.980542 1.03328
0.989146 0.56236 1.11394 0.957376 1.00144 1.01453
0.994208 0.617559 1.1215 0.963573 0.997666 1.01431
0.993462 0.671739 1.13569 0.958981 0.990961 1.00133
0.987242 0.718984 1.15068 0.956684 0.987609 0.994847
0.978888 0.769635 1.16445 0.961741 1.00518 0.97716
0.973735 0.81917 1.16608 0.954388 0.984257 0.988359
0.973679 0.861253 1.14609 0.963541 0.958243 0.987751
0.973702 0.901184 1.113 0.947034 0.963338 0.999557
0.971983 0.937334 1.07098 0.94539 0.940516 1.00341
0.967114 0.97111 1.02548 0.944568 0.929106 1.00533
0.973475 0.988911 0.975631 0.944157 0.9234 1.0063
0.976159 0.966159 0.962457 0.943951 0.920548 1.00678
0.977069 0.939932 0.971931 0.965341 0.91131 0.998342
0.977956 0.941669 0.960607 0.958434 0.912513 1.01273
0.978867 0.915442 0.97008 0.943746 0.917695 1.00726
0.978855 0.929425 0.959682 0.951526 0.913716 1.02711
0.979765 0.903198 0.969155 0.963174 0.933204 1.05066
0.979304 0.923302 0.959219 0.97393 0.940986 1.06842
0.980215 0.897075 0.968693 0.974822 0.952692 1.07422
0.979529 0.920241 0.958988 0.975268 0.958544 1.07712
0.980439 0.894014 0.968461 0.975491 0.96147 1.07857
0.979641 0.918711 0.958872 0.975603 0.962934 1.07929
0.980552 0.892484 0.968346 0.975658 0.963665 1.07966
0.979697 0.917945 0.958814 0.975686 0.964031 1.07984
0.980608 0.891718 0.968288 0.9757 0.964214 1.07993
0.979725 0.917563 0.958785 0.973986 0.987898 1.08857
0.980636 0.891336 0.968259 0.975714 0.964397 1.08002
0.978843 0.943407 0.949283 0.984698 0.947652 1.06455
0.980664 0.890953 0.96823 0.993382 0.975351 1.05727
end
gesture a06 hands 2
0.976591 0.494545 1.26651 0.974458 0.993958 1.05833
0.965647 0.495463 1.25872 0.950905 0.981097 1.04565
0.9588 0.474419 1.279 0.951848 0.982684 1.04574
0.954702 0.496381 1.25092 0.948067 0.938999 1.00846
0.964705 0.528687 1.20745 0.953716 0.886726 1.0053
0.973781 0.574854 1.18601 0.951934 0.886185 0.995693
0.977597 0.629603 1.18143 0.961 0.908966 1.01143
0.977436 0.684836 1.19045 0.955576 0.897304 0.998758
0.973784 0.73889 1.19954 0.964642 0.920086 1.0145
0.970581 0.789414 1.19773 0.957397 0.902865 1.00029
0.969045 0.840852 1.17105 0.966463 0.925646 1.01603
0.968554 0.875831 1.13386 0.958308 0.905645 1.00106
0.968035 0.903584 1.09361 0.967373 0.928426 1.01679
0.970011 0.899754 1.0478 0.958763 0.907035 1.00144
0.96787 0.927441 1.03968 0.967829 0.929816 1.01718
0.969928 0.911682 1.02083 0.958991 0.90773 1.00163
0.973329 0.884208 1.02757 0.968056 0.930511 1.01737
0.972658 0.890066 1.01478 0.959105 0.908077 1.00173
0.976058 0.862592 1.02151 0.96817 0.930858 1.01746
0.974022 0.879258 1.01175 0.959162 0.908251 1.00177
0.977423 0.851783 1.01848 0.968227 0.931032 1.01751
0.974705 0.873854 1.01023 0.95919 0.908338 1.0018
0.978106 0.846379 1.01696 0.968256 0.931119 1.01754
0.975046 0.871152 1.00948 0.959204 0.908381 1.00181
0.978447 0.843677 1.01621 0.96827 0.931163 1.01755
0.975216 0.869801 1.0091 0.959211 0.908403 1.00182
0.978617 0.842326 1.01583 0.968277 0.931184 1.01755
0.975302 0.869125 1.00891 0.96828 0.931195 1.01756
0.978703 0.84165 1.01564 0.950153 0.885643 0.986085
0.975344 0.868787 1.00881 0.968284 0.931206 1.01756
0.978745 0.841313 1.01554 0.987329 0.957731 1.06434
0.971986 0.895924 1.00199 0.96346 0.959787 1.06729
0.978788 0.840975 1.01545 0.959074 0.984322 1.09402
0.978167 0.796447 1.04765 0.939591 0.961842 1.07023
0.976853 0.772769 1.06581 0.965193 0.97332 1.06047
end
gesture a06 hands 2
0.953679 0.520025 1.24903 0.989489 0.97035 0.995739
0.965361 0.528789 1.22302 0.965606 0.974413 1.00647
0.987659 0.56355 1.18183 0.98002 0.99846 0.994766
1.00953 0.611557 1.15815 0.960871 0.988468 1.00598
1.01639 0.661548 1.15613 0.967012 0.967122 0.989731
1.01618 0.719101 1.1615 0.954368 0.9728 1.00347
1.0122 0.769738 1.16717 0.960508 0.951453 0.987213
1.00589 0.820391 1.16309 0.951115 0.964965 1.00221
1.00197 0.857615 1.14757 0.957256 0.943618 0.985955
0.995743 0.893526 1.11118 0.949489 0.961048 1.00158
0.987687 0.92184 1.06948 0.95563 0.939701 0.985325
0.983517 0.910843 1.02847 0.948676 0.959089 1.00126
0.979916 0.941938 1.01887 0.954817 0.937743 0.985011
0.979631 0.920892 1.00317 0.94827 0.95811 1.00111
0.980807 0.895869 1.0154 0.95441 0.936763 0.984853
0.980077 0.897858 1.00143 0.948067 0.95762 1.00103
0.981253 0.872835 1.01367 0.954207 0.936274 0.984775
0.9803 0.886341 1.00057 0.947965 0.957375 1.00099
0.981476 0.861318 1.01281 0.954106 0.936029 0.984735
0.980412 0.880582 1.00013 0.947914 0.957253 1.00097
0.981588 0.85556 1.01237 0.954055 0.935906 0.984716
0.980467 0.877703 0.999917 0.947889 0.957192 1.00096
0.981643 0.85268 1.01216 0.954029 0.935845 0.984706
0.980495 0.876263 0.999809 0.947876 0.957161 1.00095
0.981671 0.851241 1.01205 0.954017 0.935815 0.984701
0.980509 0.875543 0.999755 0.941723 0.978477 1.0172
0.981685 0.850521 1.01199 0.954004 0.935784 0.984696
0.980516 0.875183 0.999728 0.9818 0.915517 0.994775
0.981692 0.850161 1.01197 0.960235 0.924945 1.03601
0.981696 0.849981 1.01195 0.966326 0.9468 1.07358
0.979347 0.899846 0.987461 0.967122 0.964952 1.12555
0.981699 0.849801 1.01194 0.952698 0.976346 1.13562
0.980477 0.798164 1.05957 0.976506 0.972093 1.10399
0.980074 0.768096 1.08702 0.96471 0.982536 1.06253
0.979256 0.746528 1.10719 0.969038 1.01748 1.02713
end
gesture a06 hands 2
0.960498 0.395035 1.22449 0.956529 0.969592 1.05935
0.973734 0.401646 1.19857 0.952618 0.981487 1.03247
0.998282 0.433452 1.16195 0.960071 0.97622 0.982103
1.01104 0.481924 1.1504 0.973374 0.962645 1.00413
1.01127 0.532294 1.15415 0.967982 0.966831 1.02495
1.00324 0.577584 1.16403 0.972657 0.961142 1.03404
0.985766 0.629034 1.17764 0.986678 0.94907 1.02616
0.971881 0.676784 1.19036 0.977332 0.955454 1.04313
0.968691 0.727926 1.1839 0.975893 0.957442 1.0678
0.967165 0.77109 1.15977 0.969743 0.961527 1.07853
0.965606 0.815851 1.1233 0.967985 0.961837 1.0601
0.966063 0.856102 1.0897 0.960955 0.965423 1.07041
0.968119 0.895757 1.05558 0.963593 0.965613 1.08926
0.973223 0.909857 1.03188 0.953925 0.969008 1.08072
0.98262 0.889238 1.02005 0.94909 0.970706 1.07644
0.980473 0.906597 1.01411 0.946673 0.971555 1.07431
0.98987 0.885978 1.00228 0.945464 0.971979 1.07324
0.984098 0.904968 1.00522 0.94486 0.972192 1.0727
0.993495 0.884349 0.993396 0.944558 0.972298 1.07244
0.985911 0.904153 1.00078 0.960078 0.966233 1.0524
0.995307 0.883534 0.988954 0.944256 0.972404 1.07217
0.986817 0.903745 0.998562 0.936345 0.97549 1.08205
0.996214 0.883126 0.986733 0.93239 0.977033 1.087
0.98727 0.903542 0.997451 0.930412 0.977804 1.08947
0.996667 0.882923 0.985622 0.929424 0.97819 1.0907
0.987497 0.90344 0.996896 0.92893 0.978383 1.09132
0.996893 0.882821 0.985067 0.928682 0.97848 1.09163
0.98761 0.903389 0.996619 0.928559 0.978528 1.09178
0.997007 0.88277 0.98479 0.928497 0.978552 1.09186
0.997063 0.882744 0.984651 0.928466 0.978564 1.0919
0.978327 0.923957 1.00817 0.92845 0.97857 1.09192
0.99712 0.882719 0.984512 0.928443 0.978573 1.09193
0.997033 0.833525 1.00246 0.928439 0.978575 1.09194
0.992475 0.7871 1.03191 0.951293 0.973783 1.11073
0.990269 0.763645 1.04603 0.928435 0.978576 1.09194
end
gesture a06 hands 2
0.966558 0.329468 1.31543 0.946438 0.966494 1.08175
0.970861 0.332307 1.28621 0.942721 0.974871 1.05324
0.986612 0.354559 1.23414 0.95073 0.972399 0.996116
0.999095 0.395525 1.20341 0.973481 0.929455 1.02191
1.00589 0.448411 1.19439 0.991783 0.906977 1.05413
1.00733 0.506355 1.19868 0.980249 0.920444 1.0765
1.00311 0.558313 1.20887 0.970482 0.941181 1.07042
0.992789 0.609724 1.21865 0.969598 0.937545 1.08465
0.987356 0.656798 1.22056 0.959832 0.958283 1.07856
0.985219 0.702403 1.20399 0.964273 0.946096 1.08872
0.980155 0.749442 1.17301 0.954507 0.966833 1.08263
0.975627 0.788636 1.14251 0.961611 0.950372 1.09076
0.971362 0.832628 1.10521 0.951844 0.971109 1.08467
0.967397 0.834306 1.06763 0.960279 0.95251 1.09177
0.965589 0.864613 1.06188 0.950513 0.973247 1.08569
0.964511 0.850298 1.04596 0.959614 0.953578 1.09229
0.965003 0.825055 1.05456 0.949847 0.974316 1.0862
0.964218 0.830519 1.0423 0.959281 0.954113 1.09254
0.964711 0.805276 1.0509 0.949515 0.97485 1.08645
0.964071 0.820629 1.04047 0.959114 0.95438 1.09267
0.964564 0.795387 1.04907 0.949348 0.975117 1.08658
0.963998 0.815685 1.03956 0.959031 0.954513 1.09273
0.964491 0.790442 1.04816 0.949265 0.97525 1.08665
0.963962 0.813212 1.0391 0.95899 0.95458 1.09276
0.964455 0.787969 1.0477 0.949224 0.975317 1.08668
0.963943 0.811976 1.03887 0.958969 0.954614 1.09278
0.964436 0.786733 1.04747 0.949203 0.975351 1.08669
0.963934 0.811358 1.03875 0.958958 0.95463 1.09279
0.964427 0.786115 1.04735 0.949192 0.975367 1.0867
0.96393 0.811049 1.0387 0.958953 0.954639 1.09279
0.964423 0.785806 1.0473 0.949187 0.975376 1.08671
0.963927 0.810894 1.03867 0.958951 0.954643 1.09279
0.96442 0.785652 1.04727 0.949185 0.97538 1.08671
0.963432 0.835983 1.03004 0.968714 0.93391 1.09888
0.964418 0.785497 1.04724 0.949182 0.975384 1.08671
end
gesture a06 hands 2
0.959965 0.454241 1.31966 0.948412 0.969923 1.06503
0.959397 0.448661 1.3335 0.950609 0.954832 1.0512
0.95739 0.442416 1.30487 0.949548 0.958594 1.03744
0.95811 0.442748 1.32611 0.951177 0.949168 1.03741
0.956103 0.436503 1.29747 0.955927 0.961989 1.03795
0.957467 0.439792 1.32241 0.954366 0.950866 1.03766
0.95546 0.433546 1.29377 0.959117 0.963687 1.0382
0.957145 0.438314 1.32056 0.955961 0.951714 1.03779
0.955138 0.432068 1.29192 0.960712 0.964536 1.03833
0.956984 0.437575 1.31963 0.956758 0.952139 1.03785
0.954977 0.431329 1.29099 0.961509 0.964961 1.03839
0.956903 0.437205 1.31917 0.957157 0.952351 1.03788
0.954896 0.43096 1.29053 0.961908 0.965173 1.03842
0.956863 0.43702 1.31894 0.957356 0.952457 1.0379
0.954856 0.430775 1.2903 0.962107 0.965279 1.03844
0.956843 0.436928 1.31883 0.957456 0.95251 1.03791
0.954836 0.430682 1.29019 0.962207 0.965332 1.03845
0.954826 0.430636 1.29013 0.957506 0.952537 1.03791
0.95883 0.443081 1.34735 0.962257 0.965358 1.03846
0.954816 0.43059 1.29007 0.957531 0.95255 1.03792
0.971693 0.444465 1.23504 0.962282 0.965372 1.03846
0.988161 0.471217 1.18549 0.957543 0.952556 1.03792
0.995715 0.510277 1.15327 0.962295 0.965378 1.03846
0.995648 0.564424 1.142 0.95755 0.95256 1.03792
0.990345 0.619198 1.15235 0.962301 0.965382 1.03846
0.982366 0.668656 1.16607 0.957553 0.952561 1.03792
0.970894 0.719088 1.18017 0.962304 0.965383 1.03846
0.963444 0.766971 1.18605 0.957554 0.952562 1.03792
0.960777 0.81291 1.16906 0.962305 0.965384 1.03846
0.95713 0.855352 1.13867 0.952805 0.939741 1.03738
0.955011 0.897111 1.10472 0.962307 0.965385 1.03846
0.956852 0.935001 1.06871 0.970073 0.97478 1.04626
0.968614 0.96391 1.02311 0.973956 0.979477 1.05017
0.996253 0.945385 0.980965 0.986308 1.00107 1.04507
1.00919 0.892997 0.981859 0.977839 0.984175 1.05407
end
gesture a06 hands 2
0.981677 0.451286 1.3109 0.945155 0.942921 1.07674
0.988096 0.4453 1.2824 0.949445 0.956992 1.05078
1.00789 0.470792 1.23435 0.976716 0.955873 1.01029
1.02382 0.521822 1.21326 0.96043 0.962407 1.02562
1.02458 0.573587 1.21366 0.953553 0.951738 1.04802
1.01898 0.62377 1.215 0.948848 0.96034 1.04449
1.01116 0.680343 1.2025 0.941971 0.94967 1.06689
1.00512 0.72432 1.17481 0.943057 0.959306 1.05392
0.997279 0.768731 1.14537 0.936181 0.948636 1.07632
0.98789 0.812057 1.11489 0.940162 0.958789 1.05864
0.976209 0.82965 1.06492 0.933285 0.948119 1.08104
0.974339 0.803828 1.0624 0.938714 0.95853 1.06099
0.973532 0.780998 1.07952 0.931837 0.947861 1.0834
0.973001 0.779502 1.0697 0.93799 0.958401 1.06217
0.972194 0.756671 1.08683 0.931114 0.947732 1.08457
0.972332 0.767339 1.07335 0.937628 0.958337 1.06276
0.971525 0.744508 1.09048 0.930752 0.947667 1.08516
0.971998 0.761258 1.07518 0.937447 0.958305 1.06306
0.971191 0.738427 1.0923 0.930571 0.947635 1.08546
0.97183 0.758217 1.07609 0.937357 0.958289 1.0632
0.971023 0.735386 1.09322 0.93048 0.947619 1.0856
0.971747 0.756696 1.07655 0.937312 0.958281 1.06328
0.97094 0.733865 1.09367 0.930435 0.947611 1.08568
0.971705 0.755936 1.07678 0.937289 0.958277 1.06331
0.970898 0.733105 1.0939 0.930413 0.947607 1.08571
0.971684 0.755556 1.07689 0.937278 0.958274 1.06333
0.970877 0.732725 1.09402 0.930401 0.947605 1.08573
0.971673 0.755366 1.07695 0.937272 0.958274 1.06334
0.970866 0.732535 1.09407 0.930396 0.947604 1.08574
0.971668 0.755271 1.07698 0.937269 0.958273 1.06335
0.970861 0.73244 1.0941 0.930393 0.947603 1.08575
0.970859 0.732392 1.09412 0.930391 0.947603 1.08575
0.97247 0.778007 1.05988 0.944143 0.968942 1.04095
0.970856 0.732345 1.09413 0.93039 0.947603 1.08575
0.970674 0.711851 1.11167 0.926087 0.950611 1.14333
end
gesture a06 hands 2
0.959482 0.42726 1.29373 0.929689 0.952635 1.12019
0.960861 0.437169 1.26573 0.926852 0.958431 1.0914
0.981263 0.458779 1.21469 0.949916 0.966019 1.03828
1.00032 0.500173 1.18213 0.955636 0.959234 1.0345
1.00778 0.553086 1.17575 0.957228 0.954368 1.06185
1.00444 0.601572 1.18089 0.959292 0.953408 1.04628
1.00115 0.629594 1.17448 0.960884 0.948542 1.07363
1.00111 0.650058 1.18602 0.96112 0.950496 1.05217
0.99451 0.706102 1.17322 0.962712 0.94563 1.07952
0.98869 0.754465 1.15064 0.962034 0.94904 1.05511
0.984256 0.796765 1.12718 0.963626 0.944173 1.08246
0.981814 0.808055 1.09563 0.962492 0.948311 1.05659
0.979417 0.838849 1.09592 0.964083 0.943445 1.08394
0.979373 0.819345 1.06407 0.96272 0.947947 1.05732
0.97935 0.809593 1.04815 0.964311 0.943081 1.08467
0.979509 0.831802 1.04664 0.962834 0.947765 1.05769
0.979339 0.804717 1.04019 0.964426 0.942899 1.08504
0.979504 0.829364 1.04266 0.962891 0.947674 1.05788
0.979334 0.802279 1.03621 0.964483 0.942808 1.08523
0.979501 0.828145 1.04067 0.96292 0.947628 1.05797
0.979331 0.80106 1.03422 0.964511 0.942762 1.08532
0.979499 0.827536 1.03968 0.962934 0.947606 1.05801
0.979329 0.80045 1.03323 0.964526 0.94274 1.08536
0.979499 0.827231 1.03918 0.962941 0.947594 1.05804
0.979329 0.800146 1.03273 0.964533 0.942728 1.08539
0.979498 0.827078 1.03893 0.962945 0.947589 1.05805
0.979328 0.799993 1.03248 0.964536 0.942723 1.0854
0.979498 0.827002 1.0388 0.962947 0.947586 1.05805
0.979328 0.799917 1.03235 0.964538 0.94272 1.0854
0.979498 0.826964 1.03874 0.962948 0.947584 1.05806
0.979328 0.799879 1.03229 0.964539 0.942718 1.08541
0.979498 0.826945 1.03871 0.962948 0.947584 1.05806
0.979328 0.79986 1.03226 0.96454 0.942718 1.08541
0.979668 0.854011 1.04513 0.961357 0.952449 1.03071
0.979328 0.799841 1.03223 0.96454 0.942717 1.08541
end
gesture a06 hands 2
0.961049 0.416514 1.26442 0.917127 0.940491 1.12664
0.972698 0.413271 1.27295 0.916424 0.942965 1.09676
0.975724 0.425736 1.24678 0.949747 0.951662 1.05581
0.980035 0.417882 1.26413 0.951057 0.952663 1.05695
0.983061 0.430346 1.23795 0.944652 0.947108 1.08017
0.983704 0.420188 1.25972 0.94851 0.950386 1.06913
0.98673 0.432652 1.23354 0.942105 0.944831 1.09235
0.985539 0.42134 1.25751 0.947236 0.949247 1.07522
0.988565 0.433804 1.23134 0.940831 0.943692 1.09844
0.986456 0.421917 1.25641 0.946599 0.948678 1.07826
0.989482 0.434381 1.23023 0.940194 0.943123 1.10149
0.986914 0.422205 1.25586 0.94628 0.948393 1.07979
0.98994 0.434669 1.22968 0.939875 0.942838 1.10301
0.987144 0.422349 1.25558 0.946121 0.948251 1.08055
0.99017 0.434813 1.22941 0.939716 0.942695 1.10377
0.987258 0.422421 1.25544 0.946042 0.94818 1.08093
0.990284 0.434885 1.22927 0.939637 0.942624 1.10415
0.987316 0.422457 1.25537 0.946002 0.948144 1.08112
0.990342 0.434921 1.2292 0.939597 0.942589 1.10434
0.987344 0.422475 1.25534 0.945982 0.948126 1.08121
0.99037 0.434939 1.22916 0.939577 0.942571 1.10443
0.987359 0.422484 1.25532 0.945972 0.948117 1.08126
0.990385 0.434948 1.22915 0.939567 0.942562 1.10448
0.990392 0.434952 1.22914 0.945967 0.948113 1.08129
0.984347 0.410029 1.28148 0.939562 0.942557 1.10451
0.990399 0.434957 1.22913 0.945964 0.948111 1.0813
1.00429 0.479788 1.20038 0.939559 0.942555 1.10452
1.0077 0.531778 1.1966 0.945963 0.94811 1.0813
1.00293 0.582465 1.20049 0.939558 0.942554 1.10452
0.996027 0.639172 1.19204 0.945963 0.948109 1.08131
0.982096 0.735323 1.14967 0.939558 0.942554 1.10453
0.979822 0.751114 1.11449 0.939557 0.942553 1.10453
0.978365 0.781058 1.1164 0.952367 0.953664 1.05809
0.977548 0.766906 1.0793 0.939557 0.942553 1.10453
0.975953 0.739025 1.08706 0.930888 0.921718 1.12428
end
gesture a15 hands 2
0.996703 0.920909 1.03304 1.04375 0.966964 1.0847
0.966938 0.923735 1.03445 1.02889 0.963313 1.05924
0.925842 0.942206 1.05788 0.974291 0.957349 1.05004
0.939393 0.984691 1.09041 0.920746 0.946889 1.07267
0.980462 1.0138 1.1193 0.86776 0.957924 1.05658
0.999147 1.02959 1.13581 0.836604 0.966643 1.03963
0.966099 0.998793 1.11811 0.814195 0.97513 1.05079
0.991965 1.02209 1.13522 0.809821 0.975246 1.03674
0.958917 0.991291 1.11751 0.836827 0.973741 1.02457
0.988374 1.01834 1.13492 0.821137 0.974552 1.02362
0.955326 0.987539 1.11722 0.848143 0.973047 1.01146
0.986578 1.01646 1.13477 0.826795 0.974204 1.01707
0.953531 0.985664 1.11707 0.853801 0.972699 1.0049
0.98568 1.01553 1.1347 0.829625 0.974031 1.01379
0.952633 0.984726 1.11699 0.85663 0.972526 1.00162
0.985231 1.01506 1.13466 0.831039 0.973944 1.01215
0.952184 0.984257 1.11696 0.858045 0.972439 0.999986
0.985007 1.01482 1.13464 0.831746 0.9739 1.01133
0.951959 0.984022 1.11694 0.858752 0.972395 0.999166
0.984895 1.01471 1.13463 0.8321 0.973879 1.01092
0.951847 0.983905 1.11693 0.859105 0.972374 0.998757
0.984839 1.01465 1.13463 0.832277 0.973868 1.01072
0.951791 0.983847 1.11692 0.859282 0.972363 0.998552
0.984811 1.01462 1.13463 0.832365 0.973862 1.01062
0.951763 0.983817 1.11692 0.859371 0.972357 0.998449
0.984797 1.0146 1.13463 0.832409 0.97386 1.01056
0.951749 0.983803 1.11692 0.859415 0.972355 0.998398
0.98479 1.0146 1.13463 0.832431 0.973858 1.01054
0.951742 0.983795 1.11692 0.859437 0.972353 0.998373
0.951739 0.983792 1.11692 0.805448 0.975362 1.02268
1.01783 1.04539 1.15233 0.859459 0.972352 0.998347
0.951735 0.983788 1.11692 0.915355 0.957549 1.00816
0.953215 0.952744 1.06745 0.971557 0.952851 1.02217
0.961246 0.933889 1.01209 1.02855 0.955197 1.03994
0.967365 0.933291 0.95383 1.03607 0.955954 1.06888
end
gesture a15 hands 2
0.948947 0.958925 1.02848 1.00561 0.98008 1.09498
0.932111 0.949748 1.05399 1.00867 0.97763 1.06568
0.928711 0.937236 1.02407 0.968627 0.975786 1.06052
0.915274 0.940571 1.0795 0.943833 0.970263 1.07453
0.931677 0.96779 1.12865 0.918119 0.965237 1.06083
0.956746 1.00853 1.15476 0.918579 0.964988 1.07468
0.978778 1.02644 1.14785 0.892864 0.959962 1.06098
0.981184 1.03193 1.17246 0.905951 0.96235 1.07476
0.989794 1.0354 1.14439 0.880237 0.957325 1.06106
0.986693 1.03641 1.17073 0.899638 0.961032 1.0748
0.995302 1.03987 1.14267 0.873924 0.956006 1.06109
0.989447 1.03865 1.16987 0.896481 0.960372 1.07482
0.998056 1.04211 1.1418 0.870767 0.955346 1.06111
0.990824 1.03977 1.16944 0.894902 0.960043 1.07483
0.999433 1.04323 1.14137 0.869188 0.955017 1.06112
0.991512 1.04033 1.16922 0.894113 0.959878 1.07483
1.00012 1.04379 1.14116 0.868399 0.954852 1.06113
0.991856 1.04061 1.16911 0.868005 0.954769 1.06113
1.00047 1.04407 1.14105 0.919038 0.964739 1.08854
0.992028 1.04075 1.16906 0.86761 0.954687 1.06113
1.00064 1.04421 1.14099 0.845425 0.980991 1.01525
0.992115 1.04082 1.16903 0.854813 0.979882 0.989313
1.00072 1.04428 1.14097 0.859507 0.979327 0.976344
0.983591 1.03743 1.19707 0.861854 0.97905 0.969859
1.00081 1.04435 1.14094 0.863027 0.978912 0.966617
0.987338 1.03434 1.08731 0.863614 0.978842 0.964996
0.953364 0.998731 1.09336 0.863908 0.978808 0.964186
0.970749 0.963709 1.09942 0.864054 0.97879 0.96378
0.983209 0.957746 1.04278 0.811135 0.98292 0.981449
0.973662 0.963457 0.986069 0.864201 0.978773 0.963375
0.989642 0.942694 0.963945 0.92329 0.971851 0.964026
0.995591 0.944322 0.970188 0.966732 0.958027 0.999774
0.998565 0.945136 0.97331 1.00287 0.956694 1.04639
1.0275 0.925974 1.00689 1.05137 0.973715 1.02956
1.00154 0.94595 0.976432 1.06024 0.973045 1.00112
end
gesture a15 hands 2
0.869435 0.87674 0.980579 1.01967 0.961425 1.06448
0.875809 0.863076 1.00634 1.01551 0.963032 1.07878
0.871203 0.884156 1.02702 0.98682 0.965973 1.07304
0.922785 0.910752 1.0258 0.99908 0.965306 1.08306
0.958356 0.949013 1.02898 0.970395 0.968246 1.07732
0.98696 0.992389 1.03395 0.990867 0.966443 1.0852
1.02144 1.03565 1.04019 0.962183 0.969383 1.07946
1.04365 1.05044 1.04729 0.986761 0.967011 1.08627
1.04251 1.03084 1.06016 0.958076 0.969952 1.08053
1.05418 1.04803 1.05727 0.984708 0.967295 1.0868
1.05305 1.02843 1.07014 0.956023 0.970236 1.08106
1.05945 1.04682 1.06226 0.983682 0.967437 1.08707
1.05832 1.02723 1.07513 0.954997 0.970378 1.08133
1.06209 1.04622 1.06475 0.983168 0.967508 1.08721
1.06096 1.02662 1.07763 0.954483 0.970449 1.08147
1.0634 1.04592 1.066 0.982912 0.967544 1.08727
1.06227 1.02632 1.07887 0.954227 0.970484 1.08153
1.06406 1.04577 1.06663 0.954098 0.970502 1.08157
1.06293 1.02617 1.0795 1.01134 0.964639 1.09308
1.06439 1.0457 1.06694 0.95397 0.97052 1.0816
1.06326 1.0261 1.07981 0.907324 0.965518 1.0449
1.06456 1.04566 1.06709 0.852722 0.966542 1.02141
1.06343 1.02606 1.07996 0.829709 1.00304 0.997662
1.06464 1.04564 1.06717 0.842713 0.995027 0.959788
1.06351 1.02604 1.08004 0.896837 0.973458 0.95822
1.06468 1.04563 1.06721 0.950955 0.960278 0.968325
1.06355 1.02603 1.08008 1.00613 0.970132 0.984885
1.06585 1.06522 1.05438 1.02252 0.973081 0.987521
1.06359 1.02602 1.08012 1.05051 0.980222 0.957314
1.02496 0.982726 1.07747 1.03892 0.976029 0.990157
0.99302 0.938565 1.05802 1.07384 0.977763 1.01089
0.965918 0.898754 1.02267 1.02732 0.971836 1.023
0.925192 0.885004 1.00278 0.9885 0.96864 1.0469
0.869378 0.88225 1.01955 0.929981 0.966958 1.0557
0.831027 0.890434 1.04846 0.87264 0.959531 1.06716
end
gesture a15 hands 2
1.05766 0.895815 1.13403 0.979749 0.956037 1.10144
1.05197 0.897528 1.10485 0.970226 0.951658 1.07361
1.01525 0.917409 1.10694 0.980658 0.938809 1.08897
0.983476 0.931951 1.08527 0.927095 0.934041 1.10842
0.998089 0.941594 1.05878 0.873736 0.949419 1.1039
0.951702 0.946492 1.06359 0.864994 0.943072 1.05811
0.906011 0.964024 1.0422 0.838971 0.946578 1.06167
0.890998 0.978302 1.0216 0.847611 0.941652 1.037
0.872481 0.984357 0.99814 0.876897 0.942823 1.03538
0.875986 0.992581 1.00099 0.866574 0.939775 1.02385
0.894719 0.988925 1.01578 0.89586 0.940946 1.02223
0.878891 0.990459 1.03443 0.876056 0.938836 1.01728
0.904086 0.987096 1.02318 0.905342 0.940007 1.01566
0.883574 0.989545 1.03812 0.880797 0.938366 1.01399
0.90877 0.986182 1.02687 0.910083 0.939537 1.01237
0.885916 0.989088 1.03997 0.883167 0.938132 1.01235
0.911111 0.985725 1.02872 0.912454 0.939303 1.01072
0.887087 0.98886 1.0409 0.884352 0.938014 1.01153
0.912282 0.985497 1.02965 0.913639 0.939185 1.0099
0.887672 0.988745 1.04136 0.884945 0.937956 1.01112
0.912868 0.985382 1.03011 0.914231 0.939127 1.00949
0.887965 0.988688 1.04159 0.885241 0.937926 1.01091
0.91316 0.985325 1.03034 0.914528 0.939097 1.00929
0.888111 0.98866 1.0417 0.885389 0.937912 1.01081
0.913307 0.985297 1.03045 0.914676 0.939083 1.00918
0.888184 0.988645 1.04176 0.885463 0.937904 1.01076
0.91338 0.985282 1.03051 0.91475 0.939075 1.00913
0.888221 0.988638 1.04179 0.8855 0.937901 1.01073
0.913416 0.985275 1.03054 0.914787 0.939072 1.00911
0.913435 0.985272 1.03056 0.914805 0.93907 1.00909
0.863062 0.991994 1.05307 0.856251 0.936726 1.01233
0.913453 0.985268 1.03057 0.914824 0.939068 1.00908
0.960946 0.956046 1.04784 0.968172 0.949659 1.02999
1.0089 0.930104 1.07121 0.981209 0.940864 1.06653
1.0543 0.905674 1.09914 1.00491 0.947532 1.11758
end
gesture a15 hands 2
1.07781 0.948645 1.05149 1.05826 0.976287 1.07286
1.05081 0.937028 1.05582 1.03301 0.966105 1.06029
1.035 0.935095 1.11209 0.988437 0.962024 1.03247
1.01606 0.947482 1.10931 1.00055 0.96933 1.05629
1.01881 0.944829 1.05906 0.980004 0.959517 1.03791
1.00797 0.952348 1.0828 0.996337 0.968077 1.05901
0.999314 0.958797 1.05566 0.975788 0.958264 1.04064
0.998218 0.959332 1.0811 0.994229 0.967451 1.06037
0.989566 0.96578 1.05396 0.973679 0.957638 1.042
0.993344 0.962824 1.08025 0.993175 0.967137 1.06105
0.984692 0.969272 1.05311 0.972625 0.957324 1.04268
0.990907 0.96457 1.07983 0.992648 0.966981 1.06139
0.982255 0.971018 1.05269 0.972098 0.957168 1.04302
0.989689 0.965443 1.07961 0.992384 0.966902 1.06156
0.981036 0.971891 1.05247 0.971835 0.957089 1.04319
0.989079 0.96588 1.07951 0.992252 0.966863 1.06164
0.980427 0.972328 1.05237 0.971703 0.95705 1.04327
0.988775 0.966098 1.07945 1.01267 0.976637 1.0801
0.980123 0.972546 1.05231 0.971571 0.957011 1.04336
0.988622 0.966207 1.07943 0.918446 0.948564 1.01992
0.97997 0.972655 1.05229 0.887347 0.978933 1.00047
0.988546 0.966261 1.07941 0.892074 0.971708 1.00535
0.979894 0.972709 1.05227 0.894437 0.968096 1.00779
0.988508 0.966289 1.07941 0.895619 0.966289 1.00901
0.979856 0.972737 1.05227 0.89621 0.965386 1.00962
0.997122 0.959868 1.10654 0.896506 0.964935 1.00992
0.979818 0.972764 1.05226 0.896653 0.964709 1.01008
0.951866 0.989151 1.00255 0.845289 0.959413 1.03611
0.908463 0.998912 0.96954 0.896801 0.964483 1.01023
0.857135 1.02127 0.952151 0.948865 0.966498 0.984294
0.884923 1.02727 0.950015 0.971563 0.967128 1.02409
0.911279 0.996843 0.989157 1.00341 0.973467 1.00642
0.949356 0.973124 1.02748 0.99426 0.967757 1.06389
0.986855 0.956735 1.06998 0.954891 0.96026 1.08975
1.01509 0.928354 1.11022 0.946389 0.9568 1.05782
end
gesture a15 hands 2
1.03689 0.896549 1.06544 1.09328 0.968837 1.03822
1.05206 0.888835 1.09007 1.07687 0.957554 1.03803
1.03339 0.866947 1.09509 1.1166 0.954294 1.02666
1.00028 0.885516 1.08004 1.06046 0.94627 1.03784
0.980481 0.938229 1.06566 1.00988 0.943495 1.06589
0.95698 0.98544 1.04059 0.952455 0.947048 1.07944
0.935813 1.03999 1.03788 0.898784 0.959974 1.06217
0.897521 1.07558 1.01789 0.843909 0.970608 1.07593
0.849617 1.07247 0.985809 0.804305 0.97715 1.1189
0.851288 1.08404 0.985822 0.765873 0.979298 1.12759
0.840992 1.0993 0.963906 0.767105 0.983659 1.16458
0.846976 1.09746 0.974871 0.755726 0.982608 1.12294
0.84549 1.07006 0.970847 0.727441 0.981446 1.13629
0.849225 1.08284 0.978341 0.744346 0.981557 1.0813
0.847738 1.05543 0.974317 0.770982 0.986369 1.03068
0.850349 1.07553 0.980076 0.798939 0.995513 1.0185
0.848863 1.04812 0.976052 0.803686 0.994893 0.982473
0.850911 1.07187 0.980944 0.826897 1.00466 1.00631
0.849425 1.04447 0.976919 0.838502 1.00954 1.01823
0.85296 1.09562 0.985836 0.844304 1.01198 1.02419
0.849987 1.04081 0.977787 0.847206 1.0132 1.02717
0.890326 0.999792 0.973296 0.820384 1.00823 1.03359
0.946159 0.988037 0.983682 0.848656 1.01381 1.02866
0.993675 0.978417 1.01523 0.82111 1.00853 1.03433
1.04776 0.956088 1.0185 0.849382 1.01411 1.02941
1.10105 0.933062 1.01082 0.821472 1.00869 1.0347
1.10593 0.915112 1.02983 0.849744 1.01427 1.02978
1.10838 0.906137 1.03933 0.793563 1.00326 1.04
1.1096 0.901649 1.04408 0.850107 1.01442 1.03015
1.11021 0.899406 1.04646 0.905525 0.999218 1.025
1.11051 0.898284 1.04764 0.961527 0.990719 1.02087
1.11067 0.897723 1.04824 1.01656 0.984989 1.00688
1.11074 0.897442 1.04853 1.07408 0.979722 0.992921
1.14637 0.896246 1.0131 1.13193 0.972354 0.994157
1.11082 0.897162 1.04883 1.16163 0.968906 0.9953
end
gesture a15 hands 2
1.09836 0.875281 1.07378 1.07552 0.984099 1.01602
1.07028 0.870683 1.06447 1.06158 0.961873 1.00183
1.03539 0.876056 1.06039 1.07173 0.94947 0.948614
1.04177 0.887044 1.07559 1.09914 0.959574 0.967476
1.01278 0.87885 1.05343 1.12457 0.960293 0.939438
1.02949 0.874982 1.05891 1.12656 0.969677 0.986339
1.04814 0.898031 1.09079 1.11504 0.96394 1.04351
1.04717 0.884573 1.07759 1.08774 0.948861 1.04941
1.02784 0.902771 1.06544 1.05872 0.951849 0.998292
1.03702 0.886943 1.06492 1.02985 0.964954 0.951432
1.01768 0.905141 1.05276 0.98144 0.97895 0.925732
1.01261 0.906325 1.04642 0.933155 0.985547 0.950599
1.0462 0.871115 1.0644 0.899251 0.993628 0.995562
1.00753 0.90751 1.04008 0.903072 0.983613 1.02486
0.984644 0.9533 1.01165 0.880717 0.993133 1.04923
0.96132 1.00489 1.00449 0.900383 0.989206 1.0239
0.934556 1.05249 0.98516 0.906894 0.973598 1.05416
0.893567 1.09499 0.977883 0.893501 0.981763 1.01473
0.893487 1.09813 0.964725 0.920048 0.985279 0.998564
0.893447 1.09971 0.958146 0.880107 0.989927 0.975297
0.893427 1.10049 0.954857 0.84734 0.991707 1.01946
0.893417 1.10088 0.953212 0.824844 0.995405 1.07089
0.893412 1.10108 0.952389 0.847949 0.98282 1.08313
0.893409 1.10118 0.951978 0.859501 0.976528 1.08926
0.893408 1.10123 0.951773 0.865278 0.973381 1.09232
0.853091 1.13274 0.966059 0.868166 0.971808 1.09385
0.893407 1.10128 0.951567 0.825749 0.982652 1.12702
0.92202 1.05277 0.965617 0.871054 0.970235 1.09538
0.930928 0.998665 0.988308 0.909889 0.971942 1.05376
0.948539 0.951597 1.01605 0.956844 0.966176 1.01745
0.979011 0.929071 1.05388 1.01137 0.95782 1.00291
1.01825 0.93596 1.04748 1.06465 0.95933 1.02824
1.05716 0.920229 1.03666 1.11812 0.962669 1.02758
1.07175 0.926449 1.07085 1.15881 0.970816 0.989042
1.09606 0.904498 1.02584 1.17952 0.974939 0.968395
end
gesture a15 hands 2
1.10432 0.908183 1.13991 1.18446 1.07747 1.12622
1.08986 0.897236 1.11626 1.18505 1.04849 1.11931
1.04563 0.889481 1.07875 1.14644 1.00493 1.11341
0.992429 0.886914 1.05218 1.09412 0.979133 1.12047
0.948175 0.873035 1.07117 1.05509 0.958583 1.14399
0.964133 0.868062 1.07007 0.998661 0.945556 1.14527
0.969674 0.875667 1.06789 0.993773 0.917211 1.14167
0.953941 0.902052 1.03266 1.00859 0.917381 1.0928
0.956836 0.952323 1.0366 1.00198 0.926978 1.03501
0.94861 1.01005 1.02945 0.984264 0.937872 0.979662
0.932151 1.06314 1.01607 0.948614 0.953546 0.939735
0.927108 1.06859 0.999852 0.893277 0.96279 0.945447
0.942914 1.07213 1.02134 0.857406 0.964006 0.986111
0.93249 1.07309 1.00249 0.856215 0.960466 0.985438
0.948295 1.07662 1.02397 0.87404 0.966167 0.963147
0.93518 1.07534 1.0038 0.864532 0.961546 0.973956
0.950985 1.07887 1.02529 0.882358 0.967247 0.951665
0.936525 1.07646 1.00446 0.868691 0.962087 0.968215
0.952331 1.07999 1.02594 0.886516 0.967788 0.945924
0.937198 1.07702 1.00479 0.87077 0.962357 0.965344
0.953003 1.08055 1.02627 0.888596 0.968058 0.943053
0.937534 1.0773 1.00495 0.87181 0.962492 0.963909
0.95334 1.08083 1.02644 0.889635 0.968193 0.941618
0.937702 1.07744 1.00503 0.87233 0.962559 0.963192
0.953508 1.08097 1.02652 0.890155 0.96826 0.940901
0.937786 1.07751 1.00507 0.890415 0.968294 0.940542
0.953592 1.08104 1.02656 0.855024 0.956926 0.984765
0.937828 1.07754 1.0051 0.890675 0.968328 0.940183
0.953634 1.08107 1.02658 0.898573 0.989319 0.93952
0.953655 1.08109 1.02659 0.902522 0.999815 0.939188
0.922065 1.07405 0.983631 0.904497 1.00506 0.939022
0.953676 1.08111 1.0266 0.905484 1.00769 0.938939
0.975364 1.0956 1.0201 0.932242 0.985423 0.903186
0.968434 1.04289 1.00752 0.906471 1.01031 0.938856
0.999767 0.996775 1.01878 0.894542 1.00912 0.984341
end
gesture a15 hands 2
0.950837 0.927744 1.05365 0.995904 0.969623 1.03134
0.942129 0.928362 1.05452 1.01869 0.975235 1.04917
0.962346 0.927163 1.02627 1.01473 0.963712 1.05415
0.961 0.94294 1.03859 0.97914 0.963848 1.06154
0.93342 0.92898 1.05539 0.94876 0.953259 1.05349
0.959654 0.958718 1.05092 0.913256 0.995061 1.0449
1.00561 0.992964 1.05578 0.885578 1.01105 1.02807
1.05235 1.027 1.06437 0.900062 0.997033 1.00728
1.09714 1.06342 1.0639 0.920632 0.990963 1.02774
1.09556 1.06769 1.05945 0.917589 0.986989 1.00711
1.06923 1.05462 1.06346 0.938159 0.980922 1.02758
1.08161 1.06329 1.05923 0.926353 0.981969 1.00703
1.05527 1.05022 1.06324 0.946922 0.975901 1.02749
1.07463 1.06109 1.05912 0.930734 0.979458 1.00699
1.0483 1.04802 1.06313 0.951304 0.97339 1.02745
1.07114 1.05999 1.05906 0.932925 0.978203 1.00697
1.04481 1.04692 1.06308 0.953495 0.972135 1.02743
1.0694 1.05944 1.05904 0.934021 0.977576 1.00696
1.04306 1.04637 1.06305 0.954591 0.971508 1.02742
1.06853 1.05917 1.05902 0.934568 0.977262 1.00695
1.04219 1.0461 1.06303 0.955138 0.971194 1.02742
1.06809 1.05903 1.05902 0.934842 0.977105 1.00695
1.04176 1.04596 1.06303 0.955412 0.971037 1.02741
1.06787 1.05896 1.05901 0.934979 0.977026 1.00695
1.04154 1.04589 1.06302 0.955549 0.970958 1.02741
1.06776 1.05892 1.05901 0.935048 0.976987 1.00695
1.04143 1.04585 1.06302 0.955618 0.970919 1.02741
1.06771 1.05891 1.05901 0.935082 0.976968 1.00695
1.04137 1.04584 1.06302 0.955652 0.9709 1.02741
1.09399 1.07196 1.055 0.914546 0.983016 0.986489
1.04132 1.04582 1.06302 0.955686 0.97088 1.02741
0.990383 1.01826 1.0612 0.957693 0.951735 1.05909
0.946809 0.995336 1.03104 0.963403 0.956046 1.03958
0.915714 0.964744 0.99209 0.946295 0.962 1.06906
0.894913 0.947843 0.979241 0.969114 0.960356 1.02007
end
gesture a15 hands 2
0.890713 0.905563 0.995741 0.960571 0.941428 1.01028
0.878515 0.901981 1.0229 0.937032 0.959645 1.00661
0.895738 0.93458 1.06458 0.927839 0.953357 1.04951
0.948677 0.956965 1.05379 0.934925 0.964338 1.02834
0.992814 0.990888 1.04976 0.909289 0.974451 1.0549
1.03343 1.03078 1.04156 0.92565 0.974886 1.03103
1.07181 1.07569 1.03595 0.935975 0.968985 1.05792
1.07491 1.07262 1.06118 0.938993 0.972153 1.03255
1.06148 1.05122 1.0765 0.949318 0.966252 1.05944
1.06975 1.06039 1.08145 0.945665 0.970786 1.0333
1.05631 1.03899 1.09678 0.955989 0.964885 1.06019
1.06716 1.05427 1.09159 0.949 0.970103 1.03368
1.05373 1.03288 1.10691 0.959325 0.964202 1.06057
1.06587 1.05121 1.09666 0.950668 0.969761 1.03387
1.05244 1.02982 1.11198 0.960993 0.963861 1.06076
1.06523 1.04968 1.0992 0.951502 0.96959 1.03397
1.0518 1.02829 1.11452 0.961827 0.96369 1.06086
1.0649 1.04892 1.10046 0.951919 0.969505 1.03401
1.05147 1.02752 1.11578 0.962244 0.963604 1.0609
1.06474 1.04854 1.1011 0.952128 0.969462 1.03404
1.05131 1.02714 1.11642 0.962453 0.963562 1.06093
1.06466 1.04835 1.10141 0.952232 0.969441 1.03405
1.05123 1.02695 1.11673 0.962557 0.96354 1.06094
1.06462 1.04825 1.10157 0.952284 0.96943 1.03405
1.05119 1.02686 1.11689 0.962609 0.96353 1.06094
1.0646 1.0482 1.10165 0.95231 0.969425 1.03406
1.05117 1.02681 1.11697 0.962635 0.963524 1.06095
1.07801 1.06955 1.08641 0.952323 0.969422 1.03406
1.05115 1.02676 1.11705 0.962648 0.963522 1.06095
1.01582 0.980535 1.10655 0.962655 0.96352 1.06095
0.976434 0.948953 1.07636 0.942011 0.97532 1.00717
0.941164 0.924483 1.03757 0.962661 0.963519 1.06095
0.942044 0.912484 1.02653 0.994043 0.961149 1.10737
0.93452 0.888018 1.00529 0.999903 0.958359 1.05962
0.942923 0.900484 1.01548 1.01084 0.954413 1.05903
end
gesture a15 hands 2
0.925994 0.922238 1.00065 0.992071 0.966684 1.03462
0.923144 0.945724 1.01856 0.971563 0.974402 1.01451
0.947971 0.976539 1.03452 0.963149 0.949047 1.02487
0.996147 1.00722 1.0482 0.919376 0.979982 1.01066
1.04054 1.03096 1.0739 0.891294 0.982043 1.00488
1.07648 1.04338 1.11721 0.903928 0.976406 1.00399
1.07194 1.02661 1.15587 0.920037 0.972243 1.02774
1.048 1.01506 1.15126 0.918299 0.971506 1.01542
1.03849 1.00843 1.12426 0.934408 0.967344 1.03918
1.03128 1.00597 1.13546 0.925485 0.969056 1.02114
1.02176 0.999334 1.10846 0.941593 0.964894 1.04489
1.02291 1.00142 1.12756 0.929078 0.967831 1.024
1.01339 0.994788 1.10056 0.945186 0.963669 1.04775
1.01873 0.999149 1.12361 0.930874 0.967218 1.02543
1.00921 0.992515 1.09661 0.946983 0.963056 1.04918
1.01664 0.998012 1.12164 0.931772 0.966912 1.02614
1.00712 0.991378 1.09464 0.947881 0.96275 1.0499
1.0156 0.997444 1.12065 0.932221 0.966759 1.0265
1.00608 0.99081 1.09365 0.94833 0.962597 1.05025
1.01507 0.99716 1.12015 0.932446 0.966683 1.02668
1.00555 0.990526 1.09315 0.948554 0.962521 1.05043
1.01481 0.997018 1.11991 0.932558 0.966644 1.02677
1.00529 0.990384 1.09291 0.948667 0.962482 1.05052
1.01468 0.996947 1.11978 0.932614 0.966625 1.02681
1.00516 0.990313 1.09278 0.948723 0.962463 1.05057
1.01462 0.996912 1.11972 0.916562 0.970768 1.0031
1.0051 0.990278 1.09272 0.948779 0.962444 1.05061
1.02407 1.00351 1.14666 0.972572 0.958683 1.06222
1.00503 0.990242 1.09266 0.984469 0.956802 1.06802
0.988725 0.976045 1.03786 0.990418 0.955862 1.07092
0.952297 0.954756 0.996048 0.993392 0.955392 1.07237
0.945923 0.947947 0.99276 0.966485 0.971084 1.10649
0.942736 0.944542 0.991117 0.996366 0.954922 1.07382
0.909005 0.939644 0.985619 1.00961 0.963839 1.06078
0.939549 0.941137 0.989473 1.03227 0.974756 1.0764
end
gesture a15 hands 2
1.00425 0.937952 1.02353 1.03268 0.981665 1.01439
0.984447 0.929401 1.04424 1.0241 0.977774 1.02604
0.952336 0.946364 1.05192 0.999008 0.979359 1.03753
0.973965 0.991255 1.05345 1.00726 0.976621 1.03762
1.01702 1.02408 1.0464 0.982172 0.978206 1.0491
1.01067 1.04184 1.02898 0.998841 0.976044 1.0434
1.05059 1.06332 1.04779 0.973754 0.977629 1.05488
1.00433 1.0596 1.01156 0.994632 0.975756 1.04629
0.962564 1.03326 1.01931 0.969545 0.977341 1.05778
0.948449 1.01218 1.03439 0.992527 0.975612 1.04774
0.959135 0.992503 1.0152 0.96744 0.977197 1.05922
0.946734 0.991797 1.03233 0.991475 0.97554 1.04846
0.95742 0.972124 1.01314 0.966388 0.977125 1.05995
0.945877 0.981608 1.0313 0.990949 0.975504 1.04882
0.956563 0.961935 1.01211 0.965862 0.977089 1.06031
0.945449 0.976513 1.03079 0.990686 0.975486 1.049
0.956135 0.956841 1.01159 0.965599 0.977071 1.06049
0.945234 0.973966 1.03053 0.990555 0.975477 1.04909
0.95592 0.954293 1.01134 0.965468 0.977062 1.06058
0.945127 0.972692 1.0304 0.990489 0.975472 1.04914
0.955813 0.95302 1.01121 0.965402 0.977057 1.06062
0.945074 0.972055 1.03034 0.990456 0.97547 1.04916
0.95576 0.952383 1.01114 0.965369 0.977055 1.06065
0.945047 0.971737 1.03031 0.990439 0.975469 1.04917
0.955733 0.952064 1.01111 0.965352 0.977054 1.06066
0.945033 0.971578 1.03029 1.01551 0.973883 1.0377
0.955719 0.951905 1.0111 0.965336 0.977053 1.06067
0.945027 0.971498 1.03028 0.926208 0.966254 1.0617
0.955713 0.951826 1.01109 0.9393 0.966277 1.0495
0.945023 0.971458 1.03028 0.945846 0.966288 1.0434
0.955709 0.951786 1.01108 0.94912 0.966293 1.04035
0.955708 0.951766 1.01108 0.913344 0.951795 1.04687
0.934334 0.991091 1.04947 0.952393 0.966299 1.0373
0.955706 0.951746 1.01108 0.987769 0.983818 1.00301
0.980932 0.935724 1.01207 1.00101 0.997735 0.980211
end
gesture a15 hands 2
0.915992 0.925812 0.996262 0.960623 0.994575 1.0302
0.924678 0.941938 1.00556 0.958542 0.98938 1.04399
0.899087 0.911383 1.01626 0.943357 0.979015 1.06648
0.933364 0.958064 1.01486 0.956461 0.984184 1.05778
0.977945 0.978781 1.04745 0.937904 0.966697 1.0611
1.01695 0.995753 1.08777 0.931998 0.965076 1.08193
1.03357 1.02325 1.13667 0.928626 0.957953 1.06276
1.02502 1.03514 1.13042 0.927359 0.960704 1.08276
1.00867 1.01623 1.11495 0.923987 0.953581 1.06359
1.01257 1.03163 1.11956 0.925039 0.958518 1.08317
0.996223 1.01272 1.1041 0.921668 0.951396 1.06401
1.00635 1.02988 1.11413 0.923879 0.957425 1.08338
0.989998 1.01096 1.09867 0.920508 0.950303 1.06421
1.00323 1.029 1.11142 0.923299 0.956879 1.08349
0.986886 1.01009 1.09595 0.919928 0.949756 1.06432
1.00168 1.02856 1.11006 0.923009 0.956606 1.08354
0.98533 1.00965 1.0946 0.919638 0.949483 1.06437
1.0009 1.02834 1.10938 0.922864 0.956469 1.08356
0.984552 1.00943 1.09392 0.919493 0.949347 1.06439
1.00051 1.02823 1.10904 0.922792 0.956401 1.08358
0.984163 1.00932 1.09358 0.91942 0.949278 1.06441
1.00032 1.02817 1.10887 0.922756 0.956367 1.08358
0.983968 1.00926 1.09341 0.919384 0.949244 1.06441
1.00022 1.02815 1.10879 0.922738 0.95635 1.08359
0.983871 1.00924 1.09332 0.919366 0.949227 1.06442
1.00017 1.02813 1.10875 0.922729 0.956341 1.08359
0.983823 1.00922 1.09328 0.919357 0.949219 1.06442
1.00015 1.02813 1.10873 0.922724 0.956337 1.08359
0.983798 1.00922 1.09326 0.919353 0.949214 1.06442
0.983786 1.00921 1.09325 0.91935 0.949212 1.06442
1.01647 1.04703 1.12417 0.926091 0.963455 1.10276
0.983774 1.00921 1.09324 0.919348 0.94921 1.06442
0.946828 0.965673 1.07695 0.917025 0.93396 1.05215
0.9482 0.928182 1.03402 0.958572 0.947004 1.02923
0.973518 0.897418 0.99352 1.00817 0.976537 1.02109
end
gesture a15 hands 2
0.959339 0.915885 1.00586 1.01135 0.983124 1.04764
0.93677 0.934298 0.998479 1.00991 0.987216 1.03334
0.929601 0.915596 1.00719 0.984152 0.984435 1.04738
0.944562 0.946906 1.00968 0.996316 0.987872 1.03322
0.914201 0.952711 0.991098 0.970553 0.985091 1.04725
0.959524 0.978216 1.01216 0.989516 0.988199 1.03315
0.993246 0.989582 1.05975 0.963754 0.985419 1.04718
1.00344 1.00265 1.08174 0.986117 0.988364 1.03311
1.01974 1.01041 1.10663 0.960354 0.985583 1.04714
1.01363 1.01572 1.10372 0.984417 0.988445 1.0331
1.01057 1.01837 1.10227 0.958654 0.985665 1.04713
1.01609 1.03508 1.12554 0.983567 0.988486 1.03309
1.00905 1.01969 1.10155 0.957804 0.985706 1.04712
1.01533 1.03574 1.12518 0.983142 0.988507 1.03308
1.00828 1.02036 1.10118 0.957379 0.985726 1.04711
1.01495 1.03607 1.125 0.982929 0.988517 1.03308
1.0079 1.02069 1.101 0.957166 0.985737 1.04711
1.01476 1.03624 1.12491 0.982823 0.988522 1.03308
1.00771 1.02085 1.10091 0.95706 0.985742 1.04711
1.01466 1.03632 1.12486 0.98277 0.988525 1.03308
1.00762 1.02094 1.10087 0.957007 0.985744 1.04711
1.01461 1.03636 1.12484 0.982744 0.988526 1.03308
1.00757 1.02098 1.10084 0.956981 0.985746 1.04711
1.01459 1.03638 1.12483 0.98273 0.988527 1.03308
1.00754 1.021 1.10083 0.956967 0.985746 1.04711
1.01458 1.03639 1.12482 1.00848 0.991308 1.01905
1.00753 1.02101 1.10083 0.956954 0.985747 1.04711
1.01457 1.0364 1.12482 0.925557 0.95189 1.07729
1.00753 1.02101 1.10082 0.933155 0.925272 1.06772
1.00752 1.02102 1.10082 0.934622 0.933817 1.05344
1.02161 1.05179 1.14881 0.935356 0.938089 1.0463
1.00752 1.02102 1.10082 0.892149 0.959058 1.04431
0.988523 0.995711 1.05089 0.93609 0.942361 1.03916
0.963931 0.960158 1.01088 0.980486 0.969925 1.02055
0.935511 0.920933 0.979049 1.00525 0.979157 1.00679
end
gesture a15 hands 2
1.0738 0.909025 1.07918 1.02435 0.96585 1.03976
1.049 0.911995 1.06266 1.01179 0.968815 1.06647
1.00529 0.944107 1.05902 0.96095 0.970691 1.05725
0.980298 0.987584 1.04451 0.935543 0.962666 1.05949
0.944109 1.01869 1.01058 0.943383 0.94714 1.01339
0.888788 1.03993 1.00541 0.933722 0.950072 1.04335
0.848642 1.02234 1.01824 0.910135 0.954641 1.06174
0.852068 1.0107 1.00606 0.92406 0.953004 1.0733
0.878035 1.00135 1.0169 0.931023 0.952186 1.07908
0.866765 1.0002 1.00539 0.908403 0.95217 1.09611
0.892732 0.990853 1.01622 0.934505 0.951777 1.08197
0.874113 0.994955 1.00506 0.910143 0.951965 1.09755
0.90008 0.985606 1.01589 0.936245 0.951572 1.08342
0.877787 0.992331 1.00489 0.911014 0.951863 1.09828
0.903754 0.982982 1.01572 0.937116 0.951469 1.08414
0.879624 0.991019 1.0048 0.911449 0.951812 1.09864
0.905591 0.98167 1.01563 0.937551 0.951418 1.0845
0.880543 0.990363 1.00476 0.911666 0.951786 1.09882
0.90651 0.981014 1.01559 0.937768 0.951393 1.08468
0.881002 0.990035 1.00474 0.911775 0.951773 1.09891
0.906969 0.980686 1.01557 0.937877 0.95138 1.08477
0.881231 0.989872 1.00473 0.91183 0.951767 1.09895
0.907198 0.980522 1.01556 0.937932 0.951373 1.08481
0.881346 0.989789 1.00472 0.911857 0.951764 1.09898
0.907313 0.98044 1.01556 0.937959 0.95137 1.08484
0.881404 0.989748 1.00472 0.91187 0.951762 1.09899
0.907371 0.980399 1.01555 0.937972 0.951369 1.08485
0.855494 0.999057 0.993888 0.911877 0.951761 1.09899
0.907428 0.980358 1.01555 0.937979 0.951368 1.08485
0.955757 0.961918 1.04304 0.911881 0.951761 1.099
0.998637 0.946067 1.08059 0.937983 0.951367 1.08486
1.00983 0.925843 1.08382 0.885782 0.952154 1.11314
1.01542 0.91573 1.08543 0.937986 0.951367 1.08486
1.02038 0.908788 1.11647 0.985171 0.960828 1.05039
1.02102 0.905618 1.08705 0.984188 0.968175 1.0456
end
gesture a15 hands 2
1.06587 0.87615 1.10161 1.00041 0.954141 1.06928
1.07932 0.882681 1.07581 0.975334 0.962635 1.07502
1.02761 0.907553 1.06527 0.979639 0.967413 1.05271
0.988347 0.944597 1.04212 0.950259 0.97113 1.08077
0.887658 1.0019 1.03744 0.9113 0.965122 1.07897
0.875045 0.997342 1.04317 0.896256 0.944026 1.065
0.8393 1.02074 1.05148 0.923705 0.942253 1.06168
0.850866 1.00676 1.05019 0.902458 0.932591 1.05636
0.902264 0.984797 1.0682 0.929908 0.930818 1.05304
0.882348 0.988791 1.05856 0.90556 0.926874 1.05204
0.933745 0.966826 1.07656 0.933009 0.925101 1.04872
0.898089 0.979806 1.06274 0.90711 0.924016 1.04988
0.949486 0.957841 1.08074 0.934559 0.922243 1.04656
0.905959 0.975313 1.06483 0.907886 0.922586 1.0488
0.957357 0.953348 1.08283 0.935335 0.920813 1.04548
0.909894 0.973066 1.06587 0.908273 0.921872 1.04826
0.961292 0.951101 1.08387 0.935722 0.920099 1.04494
0.911862 0.971943 1.06639 0.908467 0.921514 1.04799
0.963259 0.949978 1.0844 0.935916 0.919741 1.04467
0.912846 0.971382 1.06665 0.908564 0.921336 1.04785
0.964243 0.949417 1.08466 0.936013 0.919563 1.04454
0.913338 0.971101 1.06678 0.908613 0.921246 1.04778
0.964735 0.949136 1.08479 0.936062 0.919473 1.04447
0.913584 0.97096 1.06685 0.908637 0.921202 1.04775
0.964981 0.948995 1.08485 0.936086 0.919429 1.04443
0.913707 0.97089 1.06688 0.908649 0.921179 1.04773
0.965104 0.948925 1.08489 0.936098 0.919406 1.04442
0.913768 0.970855 1.0669 0.908655 0.921168 1.04772
0.965165 0.94889 1.0849 0.936104 0.919395 1.04441
0.913799 0.970838 1.06691 0.908658 0.921163 1.04772
0.965196 0.948873 1.08491 0.936107 0.91939 1.0444
0.965212 0.948864 1.08492 0.881212 0.92293 1.05103
0.862432 0.992785 1.04891 0.93611 0.919384 1.0444
0.965227 0.948855 1.08492 0.977793 0.944423 1.03737
1.01721 0.924466 1.0845 0.949243 0.945233 1.04514
end
gesture a15 hands 2
0.986091 0.923899 1.07861 0.931329 0.947615 1.03877
0.980358 0.942312 1.06596 0.930985 0.954512 1.06779
0.959333 0.92802 1.06633 0.921827 0.950387 1.0566
0.966979 0.944372 1.05982 0.930387 0.937439 1.05669
0.943226 0.959832 1.05306 0.957423 0.944214 1.04676
0.958925 0.960278 1.05318 0.948185 0.934352 1.05178
0.935172 0.975739 1.04642 0.975222 0.941127 1.04185
0.954899 0.968231 1.04986 0.957084 0.932809 1.04932
0.931146 0.983692 1.0431 0.984121 0.939583 1.03939
0.952885 0.972208 1.0482 0.961534 0.932037 1.04809
0.929132 0.987668 1.04144 0.988571 0.938812 1.03816
0.951879 0.974196 1.04737 0.963759 0.931651 1.04747
0.928126 0.989657 1.04061 0.990795 0.938426 1.03754
0.951375 0.97519 1.04696 0.964871 0.931458 1.04717
0.927622 0.990651 1.04019 0.991908 0.938233 1.03724
0.951124 0.975687 1.04675 0.965427 0.931362 1.04701
0.927371 0.991148 1.03999 0.992464 0.938136 1.03708
0.950998 0.975936 1.04665 0.965705 0.931314 1.04694
0.927245 0.991396 1.03988 0.992742 0.938088 1.03701
0.950935 0.97606 1.0466 0.965845 0.93129 1.0469
0.927182 0.991521 1.03983 0.992881 0.938064 1.03697
0.950903 0.976122 1.04657 0.965914 0.931278 1.04688
0.92715 0.991583 1.03981 0.99295 0.938052 1.03695
0.974625 0.960724 1.05331 0.965949 0.931272 1.04687
0.927119 0.991645 1.03978 0.992985 0.938046 1.03694
0.897723 0.999838 1.0362 0.965966 0.931269 1.04686
0.8826 1.02994 1.0305 0.993003 0.938043 1.03693
0.868327 1.00803 1.03261 0.965975 0.931267 1.04686
0.894873 0.984263 1.04951 0.993011 0.938042 1.03693
0.947914 0.964541 1.06585 0.965979 0.931266 1.04686
1.00262 0.941056 1.06887 0.993016 0.938041 1.03693
1.05802 0.920221 1.0722 0.993018 0.93804 1.03693
1.06514 0.910059 1.04716 0.938947 0.924491 1.05679
1.09328 0.903135 1.04313 0.99302 0.93804 1.03693
1.07226 0.899898 1.02213 1.02654 0.954152 1.05743
end
gesture a15 hands 2
1.00073 0.865209 1.09493 1.03578 0.931404 1.05734
0.984396 0.88978 1.08977 1.02228 0.936554 1.06098
0.985442 0.9478 1.08274 0.995666 0.944235 1.07039
0.970864 0.988303 1.04308 1.00222 0.94297 1.06751
0.952168 1.0318 1.00971 0.975609 0.950651 1.07691
0.935377 1.03346 1.00367 0.992195 0.946178 1.07077
0.944465 1.00751 1.01505 0.96558 0.953858 1.08017
0.931525 1.02131 1.00634 0.98718 0.947782 1.0724
0.940613 0.995358 1.01773 0.960566 0.955462 1.0818
0.929599 1.01523 1.00768 0.984673 0.948584 1.07321
0.938687 0.989285 1.01906 0.958059 0.956264 1.08262
0.928636 1.0122 1.00835 0.98342 0.948985 1.07362
0.937724 0.986248 1.01973 0.956806 0.956665 1.08302
0.928155 1.01068 1.00868 0.982793 0.949185 1.07382
0.937243 0.984729 1.02007 0.956179 0.956866 1.08323
0.927914 1.00992 1.00885 0.982479 0.949285 1.07392
0.937002 0.98397 1.02023 0.955865 0.956966 1.08333
0.927794 1.00954 1.00893 0.982323 0.949335 1.07397
0.936881 0.983591 1.02032 0.955709 0.957016 1.08338
0.927734 1.00935 1.00897 0.982244 0.94936 1.074
0.936821 0.983401 1.02036 0.95563 0.957041 1.0834
0.927704 1.00926 1.00899 0.982205 0.949373 1.07401
0.936791 0.983306 1.02038 0.955591 0.957053 1.08342
0.927689 1.00921 1.00901 0.982186 0.949379 1.07402
0.936776 0.983258 1.02039 0.955572 0.95706 1.08342
0.927681 1.00918 1.00901 1.00878 0.941705 1.06462
0.936769 0.983235 1.02039 0.955552 0.957066 1.08343
0.927677 1.00917 1.00901 0.897291 0.964219 1.07473
0.936765 0.983223 1.0204 0.885913 0.954661 1.07393
0.936763 0.983217 1.0204 0.880224 0.949882 1.07353
0.918586 1.03511 0.997631 0.87738 0.947492 1.07333
0.936761 0.983211 1.0204 0.841275 0.971175 1.08978
0.948413 0.943783 1.06328 0.874536 0.945103 1.07313
0.956836 0.917451 1.11449 0.924061 0.92908 1.06673
0.956924 0.86565 1.1403 0.97936 0.931333 1.06194
end
gesture a15 hands 2
0.998854 0.851996 1.14985 1.02231 0.934733 1.0954
0.990791 0.873766 1.13071 1.01775 0.94179 1.08518
0.994196 0.861087 1.12198 1.01526 0.949393 1.12059
0.982728 0.895535 1.11156 0.991037 0.945546 1.10264
0.964472 0.93462 1.0711 1.01319 0.948846 1.07495
0.941251 0.973948 1.0332 0.966814 0.941699 1.0847
0.919463 1.02046 1.00426 0.91294 0.945338 1.06139
0.90949 1.04423 0.989763 0.894951 0.959134 1.04582
0.924931 1.02122 0.999535 0.880198 0.973147 1.02384
0.912224 1.04462 0.987401 0.876961 0.97293 1.03024
0.927665 1.0216 0.997173 0.875343 0.972821 1.03345
0.913591 1.04481 0.98622 0.859041 0.976548 1.01063
0.929032 1.02179 0.995992 0.874534 0.972767 1.03505
0.914274 1.0449 0.98563 0.858636 0.976521 1.01143
0.929716 1.02189 0.995402 0.87413 0.97274 1.03585
0.914616 1.04495 0.985334 0.858434 0.976508 1.01183
0.930057 1.02193 0.995106 0.873927 0.972727 1.03625
0.914787 1.04497 0.985187 0.858333 0.976501 1.01203
0.930228 1.02196 0.994959 0.873826 0.97272 1.03645
0.914873 1.04498 0.985113 0.858282 0.976497 1.01213
0.930314 1.02197 0.994885 0.873776 0.972716 1.03655
0.914915 1.04499 0.985076 0.858257 0.976496 1.01218
0.930356 1.02197 0.994848 0.87375 0.972715 1.0366
0.914937 1.04499 0.985057 0.858244 0.976495 1.01221
0.930378 1.02198 0.994829 0.873738 0.972714 1.03662
0.914947 1.04499 0.985048 0.858238 0.976494 1.01222
0.930388 1.02198 0.99482 0.873731 0.972713 1.03664
0.914953 1.04499 0.985044 0.873728 0.972713 1.03664
0.930394 1.02198 0.994816 0.842738 0.980275 0.987814
0.899517 1.06801 0.975267 0.873725 0.972713 1.03665
0.930399 1.02198 0.994811 0.903026 0.972045 1.02911
0.956487 0.979254 1.02525 0.912351 0.9429 1.07897
0.982554 0.943817 1.06153 0.955499 0.924885 1.11405
0.999871 0.914738 1.10912 1.00754 0.93078 1.09085
1.0022 0.892338 1.12754 1.02999 0.945163 1.07772
end
gesture a15 hands 2
1.00007 0.823437 1.16739 1.01801 0.929332 1.10846
0.986925 0.839561 1.14628 1.00023 0.929772 1.13255
0.968344 0.89205 1.13653 0.958651 0.920395 1.12381
0.956365 0.923434 1.08874 0.917323 0.933344 1.08402
0.929871 0.96258 1.05428 0.868266 0.950361 1.05798
0.91494 0.978373 1.02807 0.879251 0.9477 1.05317
0.899511 1.00203 1.02174 0.891322 0.936605 1.078
0.89976 0.998098 1.0118 0.890779 0.940822 1.06317
0.909855 0.982691 1.03475 0.902849 0.929727 1.088
0.904931 0.988428 1.01831 0.896543 0.937383 1.06818
0.915026 0.973022 1.04126 0.908613 0.926288 1.09301
0.907517 0.983593 1.02156 0.899425 0.935664 1.07068
0.917612 0.968187 1.04452 0.911495 0.924569 1.09551
0.90881 0.981176 1.02319 0.900866 0.934804 1.07193
0.918905 0.965769 1.04614 0.912936 0.923709 1.09676
0.909457 0.979967 1.024 0.901586 0.934374 1.07255
0.919552 0.964561 1.04696 0.913656 0.923279 1.09738
0.90978 0.979363 1.02441 0.901946 0.934159 1.07287
0.919875 0.963956 1.04736 0.914017 0.923064 1.0977
0.909941 0.979061 1.02461 0.902126 0.934052 1.07302
0.920036 0.963654 1.04757 0.914197 0.922956 1.09785
0.910022 0.97891 1.02471 0.902216 0.933998 1.0731
0.920117 0.963503 1.04767 0.914287 0.922903 1.09793
0.910063 0.978834 1.02476 0.902261 0.933971 1.07314
0.920158 0.963428 1.04772 0.914332 0.922876 1.09797
0.910083 0.978796 1.02479 0.902284 0.933958 1.07316
0.920178 0.96339 1.04774 0.914354 0.922862 1.09799
0.910093 0.978777 1.0248 0.902295 0.933951 1.07317
0.920188 0.963371 1.04776 0.914366 0.922856 1.098
0.910098 0.978768 1.02481 0.902301 0.933948 1.07318
0.920193 0.963362 1.04776 0.914371 0.922852 1.09801
0.900008 0.994165 1.00186 0.914374 0.922851 1.09801
0.920198 0.963352 1.04777 0.890236 0.94504 1.04835
0.954012 0.935594 1.08583 0.914377 0.922849 1.09801
0.968814 0.922505 1.10802 0.956588 0.910122 1.12878
end
gesture a16 hands 2
1.00996 0.848516 1.10376 0.946403 0.854442 1.07927
1.02226 0.849009 1.07679 0.948279 0.849217 1.10843
1.01694 0.866314 1.02293 0.938307 0.842535 1.1605
1.01229 0.903759 0.980239 0.929259 0.877867 1.1494
1.0014 0.948062 0.984703 0.920038 0.881043 1.18697
1.00099 0.942387 1.01281 0.920211 0.913198 1.1383
0.989847 0.964861 1.02749 0.936911 0.937554 1.08901
0.98809 0.969796 1.02962 0.954755 0.949348 1.05817
1.00057 0.936713 1.04091 0.954688 0.978616 1.05374
0.986333 0.974732 1.03175 0.972599 0.961142 1.02732
0.979215 0.993741 1.02717 0.991574 0.999261 1.04805
0.978753 0.9877 1.04872 0.986497 1.04837 1.02427
0.975655 1.00325 1.02488 0.997141 1.06386 1.00573
0.976974 0.992452 1.04757 0.998812 1.09575 0.9943
0.973876 1.008 1.02374 1.00779 1.07936 0.987191
0.978292 0.981659 1.07027 1.01227 1.07116 0.983637
0.972096 1.01275 1.02259 1.01166 1.0842 0.97386
0.956412 1.06004 0.992734 1.02464 1.11348 0.960201
0.938429 1.06315 0.99773 1.01106 1.09723 0.964082
0.946335 1.06268 1.05249 1.01676 1.06296 0.980083
0.945291 1.08407 1.0346 0.997473 1.08099 0.967964
0.932905 1.10395 0.98705 0.987829 1.09 0.961905
0.921891 1.10273 0.974901 0.983007 1.0945 0.958875
0.916384 1.10212 0.968827 0.980596 1.09676 0.95736
0.91363 1.10181 0.965789 0.979391 1.09788 0.956602
0.912253 1.10166 0.964271 0.978788 1.09845 0.956224
0.911564 1.10159 0.963511 0.978486 1.09873 0.956034
0.91356 1.15041 0.961087 0.973555 1.07497 1.00827
0.910876 1.10151 0.962752 0.978185 1.09901 0.955845
0.930989 1.05959 0.998463 0.989629 1.10847 0.899359
0.958223 1.01496 1.02374 0.98565 1.054 0.901445
0.969705 0.990029 1.03398 0.976129 1.01457 0.94332
0.985456 0.970328 1.04902 0.96867 0.985565 0.991818
1.00842 0.920468 1.06949 0.962477 0.956034 1.03957
1.03332 0.877058 1.10099 0.960504 0.937678 1.06185
end
gesture a16 hands 2
1.07814 0.859543 1.08602 0.986229 0.861003 1.10318
1.05201 0.86933 1.07511 0.976063 0.864374 1.07522
1.04869 0.878407 1.07702 0.990937 0.877165 1.02237
1.03147 0.9172 1.04796 0.973725 0.874102 1.0389
1.0128 0.965988 1.02439 0.979845 0.85869 1.00744
1.0098 0.969032 1.04467 0.968971 0.890236 1.03365
0.994307 0.994262 1.0438 0.956513 0.871039 1.05542
1.00055 0.983169 1.05437 0.958097 0.921782 1.05986
0.985058 1.0084 1.05351 0.970913 0.964403 1.02675
0.995929 0.990238 1.05923 0.987417 0.976066 1.00747
0.980434 1.01547 1.05836 0.986239 1.0144 1.01105
0.993617 0.993773 1.06166 0.991371 1.01947 1.01625
0.978122 1.01901 1.06079 0.993937 1.022 1.01884
1.0068 0.972076 1.06495 0.99522 1.02327 1.02014
0.97581 1.02254 1.06322 1.00392 0.987729 0.988185
0.956163 1.04368 1.01409 1.00021 1.00613 1.00481
0.941896 1.09239 0.988631 1.0023 1.03123 0.993975
0.936326 1.09347 0.991032 0.999399 1.02788 1.00771
0.946148 1.06968 0.991606 1.00148 1.05298 0.99687
0.951059 1.05779 0.991894 0.996503 1.02454 1.02144
0.953514 1.05184 0.992037 1.00067 1.07473 0.999765
0.954742 1.04886 0.992109 1.01831 1.12395 0.975687
0.955356 1.04738 0.992145 1.02413 1.10408 0.968685
0.955663 1.04663 0.992163 1.02705 1.09415 0.965183
0.955817 1.04626 0.992172 1.0285 1.08918 0.963433
0.955893 1.04608 0.992177 1.04395 1.13432 0.945936
0.953316 1.07587 1.04303 1.02996 1.08421 0.961682
0.95597 1.04589 0.992181 1.00442 1.05291 1.00133
0.939803 1.03653 0.936646 0.974046 1.01896 1.03382
0.923333 0.998924 0.93274 0.939319 0.976557 1.03634
0.936282 0.962861 0.975943 0.936525 0.966944 0.979661
0.955344 0.944258 1.0282 0.947608 0.934698 0.957143
0.979614 0.91864 1.07322 0.944376 0.905103 1.00804
0.991843 0.870828 1.05831 0.93279 0.885938 1.06149
0.982893 0.863755 1.06461 0.932402 0.874465 1.11944
end
gesture a16 hands 2
0.984861 0.852682 1.13404 0.892911 0.866037 1.09155
0.974697 0.857756 1.14379 0.898402 0.862755 1.10163
0.975181 0.861897 1.11471 0.883966 0.870155 1.06335
0.969857 0.862363 1.13412 0.903893 0.859473 1.11171
0.97034 0.866504 1.10504 0.899929 0.876997 1.12535
0.96792 0.868807 1.1002 0.897946 0.88576 1.13217
0.964533 0.86283 1.15354 0.88306 0.842962 1.15955
0.9655 0.871111 1.09537 0.895964 0.894522 1.13899
0.957864 0.895966 1.04855 0.913805 0.92904 1.10017
0.945906 0.944554 1.02173 0.931102 0.970268 1.07226
0.950096 0.959104 1.03466 0.956991 1.01356 1.04522
0.953207 0.996542 1.03545 0.973271 1.01458 1.04767
0.951884 1.00373 1.0695 0.975485 1.04264 1.04095
0.956317 1.03398 1.03625 0.982518 1.02911 1.04554
0.94768 1.05959 0.993327 0.984732 1.05718 1.03882
0.948231 1.06403 1.00158 0.989552 1.01559 1.05012
0.948507 1.06625 1.00571 0.993979 1.07172 1.03668
0.948645 1.06736 1.00778 1.01026 1.10903 0.996913
0.948714 1.06791 1.00881 1.01678 1.11882 0.987944
0.948748 1.06819 1.00932 1.02297 1.1554 0.964518
0.948766 1.06833 1.00958 1.02329 1.12861 0.978974
0.948774 1.0684 1.00971 1.02346 1.11522 0.986202
0.938973 1.11016 0.96997 1.02354 1.10852 0.989816
0.948783 1.06847 1.00984 1.02358 1.10517 0.991623
0.944815 1.05895 1.01156 1.0236 1.10349 0.992527
0.934983 1.07564 0.969419 1.04449 1.13725 0.953728
0.934888 1.07687 0.970258 1.02362 1.10182 0.99343
0.93484 1.07748 0.970677 1.00613 1.08766 0.985295
0.924846 1.12969 0.948826 0.992251 1.04361 0.949237
0.934792 1.07809 0.971096 0.982921 0.988138 0.960621
0.961321 1.03835 1.00199 0.980796 0.948699 1.00303
0.994955 0.999597 1.0257 0.981238 0.911209 1.04882
1.0246 0.953278 1.04416 0.985512 0.888157 1.05497
1.04306 0.899163 1.05664 0.980074 0.867439 1.08918
1.05534 0.84487 1.07704 0.989785 0.865105 1.06112
end
gesture a16 hands 2
1.01696 0.785095 1.17018 0.902097 0.764443 1.11878
1.00533 0.787275 1.14269 0.920192 0.769611 1.11721
0.978929 0.793977 1.09057 0.906798 0.749748 1.14414
0.997784 0.790526 1.11326 0.938286 0.77478 1.11564
0.982569 0.802757 1.09024 0.945642 0.807277 1.07119
1.01664 0.787074 1.13594 0.944773 0.831134 1.0645
1.03877 0.785797 1.1831 0.962566 0.855779 1.04753
1.03192 0.827327 1.17487 0.943904 0.854992 1.0578
1.03601 0.831289 1.20799 0.944052 0.898116 1.03816
1.02508 0.868858 1.16663 0.945787 0.897938 1.03855
1.0055 0.898358 1.12645 0.946654 0.89785 1.03874
1.01788 0.91563 1.13403 0.947088 0.897805 1.03884
1.03539 0.903036 1.1216 0.925242 0.854205 1.06807
1.01368 0.937998 1.08664 0.947522 0.897761 1.03894
1.01255 0.951566 1.07228 0.967869 0.948435 1.02366
1.01199 0.95835 1.06511 0.960315 0.965765 1.02027
0.985847 0.958858 1.04367 0.950012 0.986987 1.0089
1.01143 0.965134 1.05793 0.971435 1.03705 0.995567
1.02021 0.949791 1.08741 0.952977 1.06594 1.00209
1.03701 0.971409 1.07219 0.953794 1.06588 1.00232
1.0122 1.01037 1.03935 0.954203 1.06586 1.00244
1.00731 1.01108 1.03214 0.954407 1.06584 1.0025
0.990162 1.00742 1.00815 0.954509 1.06584 1.00253
1.00242 1.01179 1.02494 0.95456 1.06583 1.00255
1.00855 1.01398 1.03333 0.954585 1.06583 1.00255
1.01162 1.01507 1.03752 0.942073 1.04569 1.01895
1.01315 1.01561 1.03962 0.954598 1.06583 1.00256
1.01391 1.01589 1.04067 0.929561 1.02555 1.03534
1.0143 1.01602 1.0412 0.954611 1.06583 1.00256
1.00271 0.971187 1.05234 0.984045 1.11163 0.987213
1.01468 1.01616 1.04172 0.992898 1.08413 0.998196
0.992252 1.05899 1.00898 1.02488 1.10548 0.991244
0.973949 1.05063 0.99461 1.00175 1.05662 1.00918
0.959689 1.06871 0.968877 0.988893 1.00756 1.03744
0.955646 1.04226 0.98024 0.981843 0.98329 1.05058
end
gesture a16 hands 2
1.03166 0.806001 1.18903 0.958697 0.808769 1.20956
1.0495 0.826333 1.19363 0.973953 0.784133 1.21707
1.06011 0.799616 1.19593 0.976177 0.800326 1.21202
1.06734 0.846665 1.19824 0.973533 0.805286 1.15502
1.07393 0.90132 1.18462 0.986657 0.844746 1.11617
1.05316 0.940924 1.14617 0.998009 0.89278 1.09127
1.05283 0.96324 1.14149 0.965365 0.929103 1.09033
1.02175 0.96081 1.10253 0.969282 0.915038 1.0809
1.01906 0.975963 1.11458 0.959236 0.896963 1.11908
1.0525 0.985555 1.13681 0.973199 0.900974 1.07148
1.01636 0.991115 1.12662 0.983103 0.955258 1.05722
0.993028 1.02638 1.09041 0.967377 0.984743 1.03081
0.960311 1.03102 1.04346 0.947025 0.98985 1.02258
0.969393 1.03401 1.03173 0.925298 0.977924 1.06875
0.973934 1.03551 1.02587 0.926673 0.994956 1.01434
0.976205 1.03625 1.02293 0.945242 1.04081 0.990606
0.980405 1.01055 1.06886 0.938546 1.04011 0.97968
0.978475 1.037 1.02 0.931456 1.0337 0.97551
0.953666 1.07337 0.982123 0.927911 1.0305 0.973426
0.945863 1.06122 0.954553 0.926139 1.0289 0.972383
0.95834 1.07005 0.953914 0.920705 1.00352 1.01992
0.964579 1.07447 0.953594 0.924366 1.0273 0.971341
0.967698 1.07667 0.953434 0.94993 1.07337 0.946558
0.969258 1.07778 0.953354 0.961378 1.06426 0.944627
0.970038 1.07833 0.953314 0.967101 1.05971 0.943661
0.980393 1.03285 0.986438 0.969963 1.05743 0.943178
0.970818 1.07888 0.953274 0.971394 1.05629 0.942936
0.951537 1.11667 0.9148 0.985397 1.10796 0.92159
0.945071 1.08398 0.91638 0.972825 1.05515 0.942695
0.920391 1.09868 0.893163 0.970223 1.00534 0.971465
0.938605 1.05129 0.91796 0.971487 0.946744 0.975621
0.961377 1.00595 0.946608 0.990464 0.893567 0.977866
0.983053 0.959881 0.975747 0.96847 0.862066 1.02284
0.996558 0.909175 1.00205 0.948234 0.829325 1.06613
1.00252 0.852369 1.01272 0.937608 0.822484 1.09319
end
gesture a16 hands 2
0.977699 0.833104 1.08386 0.931391 0.786859 1.17539
0.980801 0.822036 1.09336 0.927494 0.776335 1.14805
0.996125 0.837098 1.13721 0.93469 0.808315 1.10149
0.990014 0.824032 1.12004 0.944055 0.8553 1.07051
1.00534 0.839094 1.16388 0.929725 0.892578 1.06818
0.99462 0.825031 1.13338 0.910442 0.887282 1.0811
1.00994 0.840093 1.17722 0.909849 0.900279 1.12094
0.996923 0.82553 1.14005 0.909052 0.915381 1.09578
1.01225 0.840592 1.18389 0.891159 0.881987 1.09403
0.998075 0.825779 1.14338 0.908255 0.930484 1.07062
1.0134 0.840841 1.18723 0.911205 0.935354 1.07364
1.01397 0.840966 1.18889 0.91268 0.937788 1.07516
0.983903 0.810967 1.10287 0.927964 0.975628 1.04877
1.01455 0.841091 1.19056 0.914155 0.940223 1.07667
1.0124 0.896626 1.19552 0.912888 0.945707 1.0767
0.994915 0.935537 1.16067 0.925177 0.979536 1.03568
0.998298 0.960472 1.15267 0.931486 0.981655 1.03091
0.979052 0.959953 1.11089 0.93464 0.982715 1.02852
1.00168 0.985407 1.14467 0.936217 0.983244 1.02732
1.00478 0.979472 1.10034 0.937006 0.983509 1.02673
0.979776 1.01785 1.06589 0.947244 1.03231 1.02094
0.991796 1.02317 1.06155 0.937794 0.983774 1.02613
0.958735 1.0345 1.01899 0.928093 0.990364 1.03315
0.975865 1.04798 1.01531 0.948416 1.0307 0.998707
0.98443 1.05472 1.01346 0.976805 1.06985 0.970512
0.988713 1.05808 1.01254 0.993007 1.0579 0.961076
1.00382 1.0285 1.0572 0.993697 1.03131 0.972844
0.992995 1.06145 1.01162 1.00145 1.03863 0.962242
0.968968 1.09982 0.980003 1.00214 1.01204 0.974009
0.949625 1.10057 0.945854 1.00921 1.04595 0.95164
0.970408 1.05286 0.966192 1.01059 0.992776 0.975175
0.991338 1.00476 0.993908 1.01288 0.941843 1.00487
1.02392 0.955889 0.988726 1.02129 0.892882 1.0356
1.03671 0.902773 1.00013 1.01082 0.848783 1.07313
1.04251 0.855142 1.03348 0.997925 0.823721 1.08314
end
gesture a16 hands 2
1.03207 0.859913 1.0825 0.961324 0.860367 1.10594
1.0382 0.877902 1.05968 0.988661 0.872189 1.10787
1.0178 0.918719 1.0247 0.997598 0.905266 1.061
1.00222 0.969694 1.00243 1.00686 0.95131 1.02634
0.974786 1.01752 0.991439 1.00854 0.991405 0.983255
0.976057 1.05869 0.995924 1.00799 1.03903 0.955045
0.980983 1.0564 1.02743 1.0043 1.09214 0.937109
0.977328 1.09987 1.00041 1.00783 1.0802 0.978282
0.951607 1.1114 0.965742 1.00595 1.04511 0.97105
0.954662 1.09497 0.958067 1.00866 1.05669 0.995255
0.938746 1.11717 0.948409 0.985183 1.04118 0.98841
0.932608 1.10665 0.947951 0.998276 1.05472 1.00393
0.957717 1.07854 0.950391 0.9748 1.03921 0.99709
0.92647 1.09613 0.947493 0.993085 1.05374 1.00828
0.925885 1.12294 0.931075 0.969608 1.03822 1.00143
0.915477 1.09386 0.951885 0.990489 1.05325 1.01044
0.910273 1.07933 0.962291 0.967012 1.03773 1.0036
0.902748 1.09652 0.953443 0.989191 1.053 1.01153
0.907671 1.07206 0.967493 0.965714 1.03749 1.00468
0.901446 1.09288 0.956044 0.988542 1.05288 1.01207
0.90637 1.06842 0.970095 0.965065 1.03736 1.00523
0.900796 1.09107 0.957345 0.988217 1.05282 1.01234
0.90572 1.06661 0.971395 0.964741 1.0373 1.0055
0.900471 1.09016 0.957995 0.988055 1.05279 1.01248
0.905394 1.0657 0.972046 0.964578 1.03727 1.00563
0.900308 1.0897 0.95832 0.987974 1.05277 1.01255
0.905232 1.06524 0.972371 0.964497 1.03726 1.0057
0.900227 1.08948 0.958483 0.987934 1.05276 1.01258
0.90515 1.06502 0.972533 0.964457 1.03725 1.00574
0.895222 1.11371 0.944595 1.01137 1.06827 1.01946
0.905069 1.06479 0.972696 0.964416 1.03724 1.00577
0.924851 1.0244 1.00814 0.944289 0.991575 1.02364
0.943204 0.984162 1.04729 0.928622 0.944432 1.05514
0.955697 0.941691 1.08721 0.91194 0.909229 1.0978
0.979805 0.891674 1.10123 0.929745 0.887362 1.107
end
gesture a16 hands 2
1.02473 0.846648 1.12451 0.989325 0.838513 1.1446
1.02334 0.854194 1.09583 0.962647 0.826979 1.15133
0.997222 0.86615 1.04475 0.94683 0.830175 1.14601
0.981398 0.915317 1.02464 0.958702 0.856944 1.09472
0.961083 0.968199 1.01219 0.981315 0.854305 1.08785
0.959315 0.993335 1.03152 0.994987 0.91036 1.07679
0.957187 0.961204 1.06177 0.989436 0.952082 1.03653
0.957547 1.01847 1.05085 0.989056 1.00002 1.00826
0.946549 1.05204 1.0097 0.990051 1.05276 0.98681
0.918245 1.08405 0.973654 0.983441 1.0435 1.01365
0.913528 1.08483 0.979404 0.996737 1.00103 1.01293
0.904695 1.11059 0.969096 0.97683 1.03425 1.04049
0.91117 1.08522 0.982279 0.966866 1.07048 1.00379
0.903515 1.11079 0.970534 0.967172 1.10561 0.958641
0.90999 1.08541 0.983717 0.97033 1.10317 0.949742
0.902926 1.11088 0.971253 0.971909 1.10195 0.945293
0.909401 1.0855 0.984436 0.974871 1.15781 0.933951
0.902631 1.11093 0.971612 0.97418 1.12927 0.937397
0.909106 1.08555 0.984796 0.969888 1.08517 0.973646
0.902483 1.11096 0.971792 0.971688 1.09295 0.957245
0.908958 1.08558 0.984975 0.967397 1.04884 0.993493
0.90241 1.11097 0.971882 0.970443 1.07479 0.967168
0.908885 1.08559 0.985065 0.966152 1.03068 1.00342
0.902373 1.11097 0.971927 0.96982 1.06571 0.97213
0.908848 1.08559 0.98511 0.965529 1.0216 1.00838
0.908829 1.0856 0.985133 0.969508 1.06117 0.974611
0.895861 1.13636 0.958788 0.965217 1.01706 1.01086
0.908811 1.0856 0.985155 0.969353 1.0589 0.975852
0.941993 1.07687 1.02437 0.965062 1.01479 1.0121
0.976558 1.04711 1.00451 0.964984 1.01365 1.01272
0.964362 1.00078 0.972047 0.973488 1.10073 0.940844
0.985983 0.950915 0.995535 0.964906 1.01252 1.01334
1.01746 0.911342 1.02547 0.959029 0.961405 1.04121
1.04762 0.87917 1.06511 0.968909 0.90619 1.06093
1.05651 0.860979 1.08723 0.947222 0.855713 1.08123
end
gesture a16 hands 2
1.02683 0.824176 1.10294 0.921486 0.833837 1.09404
1.02008 0.834522 1.07568 0.919911 0.81511 1.11735
0.993441 0.850272 1.02735 0.935177 0.809952 1.11538
0.975224 0.900965 1.01068 0.965299 0.815423 1.07637
0.954166 0.950577 1.00166 0.983253 0.863439 1.0546
0.935786 0.977523 1.03483 0.984504 0.92119 1.05158
0.943196 1.03247 1.04787 0.97015 0.959975 1.0104
0.928061 1.04637 0.99502 0.971823 1.00947 0.984213
0.899114 1.08851 0.972939 0.98391 1.05558 0.955352
0.889833 1.11637 0.969038 0.981938 1.0613 0.990506
0.899974 1.09172 0.981673 0.975046 1.01733 0.998595
0.890262 1.11797 0.973405 0.972955 1.03462 0.986093
0.900403 1.09333 0.98604 0.979965 1.06701 1.02566
0.890477 1.11878 0.975589 0.978406 1.08116 0.982062
0.900618 1.09413 0.988223 0.970863 1.0519 0.973591
0.890585 1.11918 0.97668 0.980698 1.07286 0.956351
0.900726 1.09453 0.989315 0.976848 1.09531 0.938464
0.890638 1.11938 0.977226 0.990534 1.09382 0.939111
0.900779 1.09473 0.989861 0.997377 1.09308 0.939435
0.890665 1.11948 0.977499 1.0008 1.0927 0.939597
0.900806 1.09483 0.990134 1.00251 1.09252 0.939678
0.890679 1.11953 0.977636 1.00013 1.11918 0.930319
0.90082 1.09488 0.99027 1.00336 1.09242 0.939719
0.890685 1.11955 0.977704 1.00056 1.11914 0.930339
0.900826 1.0949 0.990339 1.00379 1.09238 0.939739
0.880551 1.14423 0.965137 1.00078 1.11911 0.930349
0.900833 1.09493 0.990407 1.00401 1.09235 0.939749
0.944127 1.08649 1.0236 0.997759 1.14585 0.920959
0.981105 1.04487 1.01628 1.00422 1.09233 0.939759
0.999908 0.991642 1.02532 0.996273 1.04929 0.980427
1.02651 0.949709 1.05518 0.978205 1.01383 1.01976
1.05655 0.910048 1.08528 0.962337 0.9733 1.05795
1.04942 0.869578 1.07756 0.958953 0.922538 1.08872
1.07441 0.857262 1.10003 0.973941 0.866081 1.09698
1.04228 0.829108 1.06983 0.956319 0.817571 1.12445
end
gesture a16 hands 2
1.01563 0.802492 1.14423 0.892288 0.783622 1.14317
1.03925 0.811711 1.12863 0.9192 0.795219 1.13731
1.02117 0.83751 1.12948 0.944613 0.84131 1.11269
0.989919 0.866619 1.09036 0.943657 0.887757 1.08106
0.965615 0.899062 1.04851 0.95729 0.932188 1.04493
0.952236 0.953485 1.0287 0.963491 0.984001 1.02117
0.944418 1.00508 1.00624 0.958909 1.0374 0.997555
0.937535 1.05358 0.976018 0.981934 1.08846 0.983466
0.917409 1.09838 0.946426 1.00481 1.12816 0.949342
0.919518 1.09758 0.941644 1.02051 1.08562 0.950425
0.930147 1.08039 0.958154 1.01037 1.04312 0.985451
0.925887 1.08859 0.947509 1.02782 1.08196 0.967811
0.936517 1.07139 0.964018 1.04375 1.0772 0.985474
0.929072 1.08409 0.950441 1.04451 1.099 0.967823
0.939701 1.0669 0.96695 1.03188 1.07292 0.964469
0.930665 1.08184 0.951907 1.03857 1.09687 0.95732
0.941294 1.06465 0.968416 1.02594 1.07078 0.953966
0.931461 1.08072 0.952639 1.0356 1.0958 0.952069
0.94209 1.06352 0.969149 1.02297 1.06971 0.948715
0.931859 1.08016 0.953006 1.03412 1.09526 0.949444
0.942488 1.06296 0.969516 1.02148 1.06918 0.94609
0.932058 1.07988 0.953189 1.03338 1.09499 0.948131
0.942687 1.06268 0.969699 1.02074 1.06891 0.944777
0.932157 1.07974 0.953281 1.03301 1.09486 0.947474
0.942786 1.06254 0.96979 1.02037 1.06877 0.94412
0.932207 1.07967 0.953327 1.03282 1.09479 0.947146
0.942836 1.06247 0.969836 1.02019 1.06871 0.943792
0.921628 1.09679 0.936863 1.03273 1.09476 0.946982
0.942886 1.0624 0.969882 1.02009 1.06867 0.943628
0.960735 1.01893 1.00556 1.04527 1.12081 0.950172
0.981526 0.974489 1.03726 1.02 1.06864 0.943464
1.0017 0.931775 1.07407 1.00095 1.02179 0.970066
1.01918 0.888614 1.10981 0.980533 0.982782 1.00537
1.0374 0.839459 1.13785 0.962584 0.942455 1.04175
1.04145 0.813188 1.15171 0.948633 0.898852 1.07703
end
gesture a16 hands 2
1.03788 0.775675 1.15162 0.906231 0.772571 1.11518
1.02351 0.791649 1.13079 0.893622 0.771382 1.10745
0.997963 0.812588 1.08422 0.903409 0.784427 1.08387
0.9869 0.858681 1.05034 0.89221 0.77731 1.09179
0.97697 0.906265 1.03015 0.901997 0.790355 1.06822
0.961673 0.954813 1.00865 0.891505 0.780274 1.08397
0.938726 1.00371 0.98609 0.901292 0.793319 1.0604
0.937127 1.00072 0.981027 0.900939 0.794801 1.05648
0.933239 1.02716 0.968983 0.881012 0.770193 1.09971
0.934383 1.01245 0.972473 0.900586 0.796283 1.05257
0.930496 1.03889 0.960429 0.908684 0.845554 1.02395
0.933012 1.01831 0.968196 0.917842 0.897119 1.00769
0.929125 1.04476 0.956153 0.934429 0.950788 0.991432
0.932326 1.02124 0.966058 0.952206 1.00557 0.982455
0.928439 1.04769 0.954014 0.987083 1.048 0.964643
0.931983 1.02271 0.964989 1.00545 1.07131 0.964978
0.928096 1.04915 0.952945 1.01498 1.09729 0.950721
0.931811 1.02344 0.964454 1.02381 1.09461 0.965314
0.927924 1.04989 0.952411 1.02037 1.07583 0.97754
0.931726 1.02381 0.964187 1.00737 1.05492 1.00362
0.927839 1.05025 0.952143 1.01693 1.05705 0.989767
0.927796 1.05044 0.95201 1.02171 1.05812 0.982841
0.935527 0.997731 0.975963 1.0241 1.05865 0.979377
0.927753 1.05062 0.951876 1.0253 1.05891 0.977646
0.909322 1.09767 0.9214 1.02589 1.05905 0.97678
0.911044 1.1097 0.948583 1.02619 1.05911 0.976347
0.911906 1.11572 0.962174 1.02634 1.05915 0.97613
0.912336 1.11873 0.968969 1.02642 1.05916 0.976022
0.896721 1.1512 0.935246 1.02645 1.05917 0.975968
0.912767 1.12174 0.975765 1.02771 1.10801 1.00092
0.932819 1.075 1.00057 1.02649 1.05918 0.975914
0.956839 1.03129 1.03195 1.0085 1.01026 1.00087
0.976739 0.990841 1.06287 0.989044 0.970148 1.03716
0.997095 0.948278 1.09457 0.972043 0.938494 1.0807
1.01644 0.902752 1.1262 0.957462 0.902317 1.12326
end
gesture a16 hands 2
1.04391 0.7997 1.18422 0.938709 0.808678 1.15693
1.02687 0.810806 1.16273 0.919434 0.81018 1.13448
0.986599 0.825344 1.12208 0.909019 0.828222 1.08114
0.981077 0.839809 1.09707 0.923975 0.860759 1.03675
0.97104 0.891548 1.07052 0.935786 0.908763 1.01197
0.973298 0.872911 1.07128 0.952371 0.959264 0.994177
0.963261 0.92465 1.04473 0.95189 1.01561 0.978944
0.969408 0.889462 1.05839 0.97327 1.06518 0.964696
0.959371 0.941201 1.03184 0.996487 1.1137 0.943261
0.967463 0.897738 1.05194 0.995992 1.11792 0.948513
0.957426 0.949476 1.02539 0.999675 1.11939 0.956581
0.966491 0.901875 1.04872 1.01908 1.12282 0.937567
0.956453 0.953614 1.02217 1.02233 1.169 0.937814
0.966004 0.903944 1.04711 1.03041 1.14762 0.928183
0.955967 0.955683 1.02056 1.02417 1.12218 0.940637
0.965761 0.904979 1.04631 1.03133 1.12421 0.929595
0.955724 0.956718 1.01976 1.02508 1.09877 0.942048
0.96564 0.905496 1.0459 1.03179 1.1125 0.9303
0.955603 0.957235 1.01935 1.02554 1.08706 0.942753
0.955542 0.957493 1.01915 1.03202 1.10665 0.930653
0.975555 0.854274 1.07205 1.02577 1.08121 0.943106
0.955481 0.957752 1.01895 1.03849 1.12624 0.918553
0.940742 1.00387 0.994261 1.026 1.07536 0.943459
0.925391 1.05384 0.965791 1.00558 1.03356 0.977514
0.942449 1.06077 0.960018 0.990386 1.00155 1.02205
0.926712 1.11498 0.946179 0.97762 0.966434 1.06355
0.911374 1.16889 0.930073 0.966487 0.91757 1.09374
0.918625 1.1678 0.914893 0.963081 0.86015 1.07964
0.946468 1.12333 0.938824 0.957999 0.835871 1.08906
0.968987 1.072 0.956999 0.950049 0.810134 1.07361
0.991275 1.02026 0.974771 0.952918 0.811593 1.09848
1.00732 0.967332 0.994508 0.954352 0.812322 1.11092
1.03452 0.881217 1.06622 0.95507 0.812687 1.11714
1.03603 0.843295 1.11037 0.931831 0.795806 1.12711
1.03939 0.802336 1.15133 0.955787 0.813052 1.12336
end
gesture a16 hands 2
1.11439 0.737082 1.23846 0.966488 0.774048 1.20807
1.13026 0.742299 1.21385 0.955423 0.775648 1.18036
1.10904 0.748961 1.21111 0.967322 0.794531 1.17855
1.10353 0.78286 1.16549 0.963569 0.79186 1.1759
1.08328 0.828989 1.13781 0.970337 0.797939 1.12026
1.06563 0.877133 1.11407 0.959815 0.789188 1.17325
1.0437 0.915996 1.08426 0.967589 0.797246 1.22863
1.032 0.897397 1.08009 0.965472 0.835834 1.23099
1.02875 0.926698 1.0844 0.969319 0.871442 1.18886
1.0203 0.878798 1.07591 0.976826 0.915447 1.15444
1.01381 0.9374 1.08455 0.990087 0.952907 1.11363
1.0032 0.995329 1.07502 0.987476 0.953945 1.11397
0.991886 1.04536 1.05281 0.989708 0.910828 1.11345
0.970161 1.06931 1.00626 0.984866 0.954982 1.11431
0.965476 1.0513 1.00155 0.987679 0.993446 1.06971
0.962772 1.02144 0.987558 0.985049 1.02956 1.02658
0.960791 1.03329 0.996849 0.984371 1.06538 0.981248
0.9598 1.03921 1.00149 0.980777 1.0401 0.950195
0.959305 1.04217 1.00382 0.95921 1.04067 0.945498
0.978515 0.993089 1.02252 0.948426 1.04096 0.943149
0.95881 1.04513 1.00614 0.951949 0.992015 0.962521
0.934796 1.0895 0.978481 0.937643 1.04125 0.9408
0.910766 1.08598 0.938841 0.939078 1.0842 0.901221
0.905837 1.11714 0.934921 0.944399 1.10189 0.865726
0.886736 1.08247 0.899201 0.935542 1.13279 0.868687
0.889671 1.02677 0.906522 0.942631 1.12618 0.849459
0.897184 1.0173 0.934921 0.946534 1.10058 0.860474
0.882667 0.995597 0.953448 0.948127 1.11008 0.845353
0.904698 1.00784 0.96332 0.952029 1.08448 0.856367
0.915713 1.01396 0.968255 0.950875 1.10203 0.843299
0.92122 1.01702 0.970723 0.954777 1.07643 0.854314
0.879144 1.05243 0.966652 0.949721 1.11958 0.830231
0.926728 1.02008 0.973191 0.957525 1.06838 0.852261
0.963142 0.977136 0.986069 0.958918 1.03339 0.894816
0.978642 0.958344 1.00015 0.958766 1.01751 0.919357
end
gesture a16 hands 2
1.10876 0.752661 1.18385 0.915394 0.781363 1.22703
1.0969 0.757061 1.17318 0.914799 0.784212 1.19828
1.11108 0.751851 1.21369 0.914951 0.781965 1.13956
1.08505 0.761461 1.16251 0.918513 0.798399 1.08402
1.06445 0.791086 1.11653 0.914107 0.830997 1.03641
1.04628 0.831523 1.08013 0.911823 0.812205 1.0886
1.02134 0.878602 1.06103 0.917598 0.832153 1.14281
0.99707 0.925314 1.03688 0.907199 0.868694 1.12204
0.957995 0.933865 1.00514 0.914208 0.908822 1.0844
0.947734 0.923295 1.02391 0.92499 0.953483 1.05674
0.946087 0.952208 1.02779 0.953974 0.972996 1.01933
0.94178 0.932466 1.03524 0.96726 0.968964 1.03452
0.940132 0.961379 1.03912 0.968398 0.997448 1.02823
0.937474 0.912724 1.04268 0.974472 0.981189 1.03897
0.934178 0.97055 1.05045 0.97561 1.00967 1.03269
0.930563 1.02715 1.03752 0.978078 0.987303 1.0412
0.929336 1.04364 0.99997 0.979216 1.01579 1.03491
0.92856 1.07658 1.00951 0.980546 0.964931 1.04971
0.937606 1.04541 0.999688 0.982822 1.0219 1.03714
0.92811 1.06012 0.96242 0.985123 1.06752 1.00413
0.943339 1.04737 0.987744 0.99216 1.07392 0.981219
0.946651 1.01424 0.989865 0.984726 1.10791 0.965589
0.958568 1.03462 1.01307 0.999198 1.08033 0.958308
0.964526 1.0448 1.02467 1.00643 1.06653 0.954667
0.967506 1.0499 1.03047 1.01005 1.05964 0.952846
0.968995 1.05244 1.03337 1.01186 1.05619 0.951936
0.96974 1.05372 1.03482 1.01277 1.05446 0.951481
0.970113 1.05435 1.03554 1.01322 1.0536 0.951254
0.970299 1.05467 1.03591 1.01344 1.05317 0.95114
0.973718 0.998308 1.03396 1.01356 1.05296 0.951083
0.970485 1.05499 1.03627 1.00916 1.10198 0.921325
0.947832 1.08679 0.9982 1.01367 1.05274 0.951026
0.947654 1.04154 0.968828 1.01311 1.01148 0.990828
0.964628 0.987441 0.981622 1.00461 0.97513 1.03065
0.981805 0.948537 1.01515 0.989456 0.935537 1.06984
end
gesture a16 hands 2
1.0977 0.763891 1.25966 0.941231 0.796688 1.25075
1.08801 0.776467 1.23495 0.918205 0.790751 1.23295
1.06572 0.808465 1.1933 0.913538 0.786913 1.17759
1.04494 0.847617 1.15764 0.946608 0.814133 1.13892
1.02366 0.879324 1.11617 0.984427 0.844999 1.10859
1.00829 0.923984 1.08656 1.00424 0.891056 1.08092
1.01858 0.981534 1.08218 1.01204 0.942283 1.06075
0.985021 1.02661 1.0736 1.00867 0.985972 1.02499
0.975273 1.08116 1.0563 1.00242 0.996216 0.968882
0.959435 1.11039 1.01307 0.986374 0.979891 1.00591
0.935534 1.09001 0.964207 0.959517 1.01079 1.02947
0.93808 1.03562 0.976134 0.983413 1.06145 1.01471
0.940991 0.990091 1.00978 0.98683 1.1094 0.984411
0.937835 1.00375 1.02318 0.974115 1.12266 0.933583
0.935981 1.03148 1.01296 0.966633 1.08456 0.893686
0.93533 1.02444 1.02477 0.969883 1.03987 0.927195
0.933476 1.05217 1.01455 0.976621 1.00609 0.972541
0.934078 1.03479 1.02556 0.977438 0.991436 0.99732
0.932224 1.06251 1.01534 0.96893 0.952839 1.03793
0.933451 1.03996 1.02596 0.973593 0.96481 1.03001
0.931597 1.06769 1.01574 0.965085 0.926214 1.07062
0.933138 1.04255 1.02616 0.97167 0.951498 1.04636
0.931284 1.07027 1.01594 0.963163 0.912902 1.08696
0.932982 1.04384 1.02626 0.970709 0.944841 1.05453
0.931128 1.07157 1.01604 0.962201 0.906245 1.09514
0.931049 1.07221 1.01609 0.970228 0.941513 1.05862
0.934679 1.01741 1.03658 0.961721 0.902917 1.09922
0.930971 1.07286 1.01614 0.969988 0.939849 1.06066
0.922943 1.09203 0.965785 0.96148 0.901253 1.10127
0.919532 1.05784 0.919734 0.96136 0.900421 1.10229
0.934808 1.00237 0.922993 0.978255 0.976781 1.0221
0.959048 0.963155 0.955405 0.96124 0.899589 1.10331
0.981663 0.933931 0.995754 0.929996 0.854733 1.12466
1.00326 0.899746 1.03724 0.885391 0.821205 1.1181
1.00468 0.853071 1.06685 0.886645 0.81203 1.08957
end
gesture a16 hands 2
0.945769 0.939487 1.08627 0.959196 0.895455 1.10988
0.962761 0.946447 1.05926 0.987762 0.902917 1.10492
0.975378 0.936879 1.08446 0.999857 0.933329 1.13823
0.979643 0.948015 1.07531 1.00475 0.936041 1.16726
0.979752 0.953408 1.03226 1.01447 0.944323 1.14094
0.989694 0.970632 1.03966 1.01205 0.941538 1.16862
0.983907 0.959152 1.06616 1.02177 0.949821 1.1423
0.986011 0.969051 1.0695 1.01571 0.944286 1.1693
0.999636 0.987857 1.04707 1.02543 0.952569 1.14298
0.988115 0.97895 1.07285 1.01753 0.945661 1.16964
0.988063 0.964895 1.10006 1.02725 0.953944 1.14332
0.976594 0.970044 1.09864 1.01845 0.946348 1.16981
0.97086 0.972619 1.09792 1.02817 0.954631 1.14349
0.967993 0.973906 1.09757 1.0189 0.946691 1.1699
0.966559 0.97455 1.09739 1.02862 0.954974 1.14358
0.965842 0.974871 1.0973 1.01913 0.946863 1.16994
0.965484 0.975032 1.09725 1.02885 0.955146 1.14362
0.965304 0.975113 1.09723 1.02897 0.955232 1.14364
0.96226 0.9525 1.14991 1.00964 0.938752 1.1963
0.965125 0.975193 1.09721 1.02908 0.955318 1.14366
0.967033 0.986949 1.04142 1.04172 0.987416 1.09659
0.972617 0.99914 1.01453 1.01818 0.989419 1.07114
0.971341 0.997622 0.984472 0.980223 0.965316 1.04759
0.974771 1.00448 0.986059 0.970226 0.979357 0.996905
0.970508 0.991412 1.01173 0.967421 1.01326 0.950884
0.974354 1.00137 0.999689 0.950062 0.970665 0.978572
0.970091 0.988307 1.02536 0.946242 0.961553 1.03228
0.9782 1.01133 0.987647 0.929861 0.950181 1.03891
0.969675 0.985202 1.03899 0.937468 0.962088 1.08797
0.96567 0.97071 1.03622 0.91348 0.93881 1.04555
0.963668 0.963464 1.03483 0.907553 0.956357 0.991874
0.962667 0.959841 1.03413 0.924545 0.962455 0.961653
0.962167 0.95803 1.03379 0.916029 0.984927 0.943018
0.951741 0.9609 1.0889 0.941536 0.968553 0.931433
0.961666 0.956218 1.03344 0.947869 0.955225 0.955934
end
gesture a16 hands 2
1.01782 0.961042 1.10622 1.02697 0.948164 1.07757
0.994273 0.954506 1.08896 1.01246 0.946991 1.08722
0.958368 0.951066 1.04629 1.03147 0.959105 1.05053
0.964619 0.967713 1.06899 0.997959 0.945818 1.09688
0.94956 0.955716 1.04666 0.965667 0.915721 1.09211
0.969536 0.967487 1.04185 0.972437 0.924401 1.06655
0.97087 0.98436 1.0917 0.970869 0.924744 1.03663
0.989513 0.979258 1.03705 0.979207 0.933082 1.04099
0.991495 0.98112 0.980168 0.983376 0.93725 1.04317
0.99893 0.988421 0.987526 0.985461 0.939335 1.04426
1.00265 0.992071 0.991205 0.990552 0.956161 0.989854
1.0035 1.00621 0.966651 0.987545 0.941419 1.04535
1.00451 0.993896 0.993044 0.980399 0.948236 1.10046
1.00443 1.00712 0.967571 0.967674 0.949337 1.07184
1.00544 0.994808 0.993964 0.958442 0.934755 1.09838
1.00489 1.00758 0.968031 0.95495 0.950438 1.04321
1.0059 0.995265 0.994424 0.962512 0.954193 1.01825
1.00513 1.00781 0.968261 0.962799 0.960826 1.02059
1.00614 0.995493 0.994654 0.960345 0.978047 0.994094
1.00524 1.00792 0.968376 0.963085 0.967458 1.02293
1.00625 0.995607 0.994769 0.964456 0.962164 1.03734
1.00435 1.02035 0.942097 0.965141 0.959517 1.04455
1.00637 0.995721 0.994884 0.970075 0.957949 0.99329
1.00317 0.983596 0.993688 0.965826 0.95687 1.05176
1.00157 0.977533 0.99309 0.943599 0.947666 1.06207
1.00077 0.974501 0.99279 0.932486 0.943064 1.06722
1.00037 0.972986 0.992641 0.92693 0.940763 1.0698
0.995402 0.977576 1.04952 0.924151 0.939613 1.07109
0.999973 0.97147 0.992491 0.953447 0.951383 1.10667
0.975005 0.970656 0.944704 0.921373 0.938462 1.07238
0.972126 0.989965 0.989817 0.9185 0.958743 1.01831
0.962581 0.968535 1.04321 0.922764 0.982549 0.968664
0.975626 0.967844 1.04448 0.950281 0.973981 0.957365
0.932664 0.971581 1.0483 0.960254 0.956863 1.01316
0.98867 0.967152 1.04575 0.970634 0.945406 1.0697
end
gesture a16 hands 2
0.993545 0.982036 1.08032 1.00846 0.948303 1.09579
0.966255 0.979914 1.06847 1.01634 0.95209 1.06769
0.953001 0.96244 1.01311 1.02929 0.970275 1.01354
0.963642 0.957534 1.03473 1.00448 0.953899 1.06491
0.95227 0.936573 1.00931 0.978214 0.954891 1.11687
0.977346 0.958744 1.01357 0.957497 0.942448 1.09254
0.974283 0.952629 1.05634 0.940151 0.937947 1.12559
1.00242 0.980915 1.01783 0.936781 0.930005 1.0682
1.00992 0.975954 0.959326 0.948857 0.952142 1.01824
1.01391 0.987878 0.969546 0.959543 0.956207 1.02155
1.01591 0.993839 0.974656 0.968216 0.972997 0.968705
1.0169 0.99682 0.977211 0.97023 0.960272 1.02486
1.01579 1.01198 0.922297 0.976306 0.967564 1.08174
1.0179 0.999801 0.979766 0.969266 0.958469 1.08389
1.01126 0.976174 1.03406 0.963895 0.964301 1.02905
1.00578 0.993038 1.02652 0.973372 0.968253 1.00114
1.0203 0.977749 0.972936 0.969261 0.986734 0.975256
1.00829 0.974355 0.96956 0.982849 0.972204 0.97323
0.975158 0.969462 1.01845 0.98656 0.969758 1.03051
0.983561 0.976251 1.02951 0.984151 0.973837 1.08794
0.987763 0.979646 1.03504 0.951143 0.952938 1.07393
0.989864 0.981344 1.0378 0.932627 0.964604 1.02302
0.990914 0.982192 1.03918 0.924048 0.989825 0.974213
0.99144 0.982617 1.03987 0.935311 0.991177 0.972576
0.93319 0.983738 1.04582 0.940942 0.991854 0.971758
0.961672 0.988697 1.0426 0.943758 0.992192 0.971348
0.991965 0.983041 1.04057 0.924447 1.01549 0.921068
0.99106 0.988348 1.03998 0.946574 0.99253 0.970939
0.961557 0.983868 1.04163 0.974339 0.976686 1.02015
0.975856 0.988762 1.04051 1.00769 0.973229 1.06917
0.946353 0.984282 1.04215 1.01452 0.976292 1.06245
0.968254 0.988969 1.04077 0.982206 0.964745 1.04419
0.938751 0.984489 1.04242 0.982119 0.977098 1.01369
0.990155 0.993655 1.03939 0.949892 0.953197 1.02594
0.931149 0.984696 1.04268 0.9508 0.946881 1.0551
end
gesture a16 hands 2
1.0196 0.804472 1.14599 0.903228 0.832014 1.12686
1.02637 0.81603 1.14214 0.906471 0.835304 1.11245
1.00837 0.818334 1.16964 0.896294 0.841648 1.15413
1.03313 0.827588 1.13828 0.905298 0.848155 1.12594
1.0415 0.87067 1.10298 0.909715 0.838595 1.09804
1.00639 0.888551 1.0585 0.914302 0.854662 1.09776
0.980949 0.92713 1.02668 0.916595 0.862696 1.09762
0.956778 0.974039 1.00802 0.917741 0.866713 1.09755
0.955743 0.996906 1.02262 0.922081 0.853104 1.04222
0.949147 1.03341 1.00873 0.922848 0.885731 1.07227
0.959324 1.04152 1.04209 0.918888 0.87073 1.09748
0.94644 1.05545 1.0235 0.923614 0.918357 1.10232
0.942552 1.06991 0.994847 0.937739 0.953224 1.05781
0.933556 1.06939 1.0049 0.944862 0.988532 1.04721
0.929059 1.06912 1.00993 0.953423 0.989653 1.01796
0.922347 1.09016 0.992418 0.951985 1.02384 1.03661
0.92681 1.06899 1.01245 0.958133 1.0483 1.02368
0.921222 1.09009 0.993675 0.961207 1.06053 1.01722
0.925685 1.06893 1.0137 0.945895 1.03351 1.04912
0.92066 1.09006 0.994304 0.964281 1.07276 1.01076
0.925123 1.06889 1.01433 0.989048 1.07244 0.992001
0.920379 1.09004 0.994618 1.00143 1.07228 0.982621
0.924842 1.06888 1.01465 0.988311 1.09379 0.961561
0.920239 1.09003 0.994775 1.01382 1.07211 0.973242
0.924702 1.06887 1.0148 1.02657 1.06128 0.979082
0.920168 1.09003 0.994854 1.03294 1.05586 0.982002
0.924631 1.06886 1.01488 1.03613 1.05315 0.983462
0.915635 1.11119 0.974905 1.03773 1.05179 0.984192
0.924561 1.06886 1.01496 1.03852 1.05112 0.984557
0.946935 1.03673 1.05702 1.03842 1.09441 0.946701
0.978385 1.01769 1.04451 1.03932 1.05044 0.984922
0.990585 1.00793 0.987091 1.02188 1.00744 1.02009
1.00742 0.955619 0.98724 0.992583 0.968544 1.0542
1.02739 0.914161 1.02415 0.973366 0.924139 1.08312
1.04402 0.880173 1.06863 0.954878 0.902841 1.07342
end
gesture a16 hands 2
1.04133 0.807389 1.18593 0.912658 0.840335 1.15596
1.02534 0.813209 1.16152 0.919671 0.848141 1.12819
1.01872 0.830227 1.10499 0.914901 0.832149 1.10764
0.996361 0.862246 1.06174 0.923436 0.840918 1.12591
0.973081 0.903729 1.03052 0.92385 0.866709 1.11484
0.965093 0.931244 1.02814 0.927911 0.858198 1.12951
0.982523 0.930758 1.05189 0.928325 0.883989 1.11844
0.969813 0.944759 1.03883 0.930148 0.866838 1.13131
0.987244 0.944272 1.06257 0.930562 0.892629 1.12024
0.957104 0.95876 1.02577 0.931267 0.871158 1.13221
0.991965 0.957786 1.07325 0.931681 0.896949 1.12114
0.998223 0.999937 1.09544 0.931971 0.849686 1.14418
0.97948 1.02602 1.04871 0.9328 0.901269 1.12204
0.96036 1.02642 1.04622 0.948002 0.939599 1.0836
0.9508 1.02662 1.04497 0.960676 0.964628 1.07019
0.955499 1.05172 1.00264 0.965339 0.978387 1.04395
0.956433 1.04241 1.02292 0.97335 0.989657 1.05679
0.94124 1.02682 1.04372 0.96505 1.00268 1.06439
0.957368 1.03309 1.04321 0.974919 1.01494 1.03804
0.965431 1.03623 1.04295 0.979854 1.02107 1.02486
0.969463 1.03779 1.04282 0.982321 1.02413 1.01827
0.971479 1.03858 1.04275 0.983554 1.02567 1.01498
0.972487 1.03897 1.04272 0.984171 1.02643 1.01333
0.972991 1.03916 1.04271 0.98448 1.02682 1.0125
0.973243 1.03926 1.0427 0.984634 1.02701 1.01209
0.973369 1.03931 1.04269 0.984711 1.0271 1.01189
0.9695 1.00721 1.08727 0.984749 1.02715 1.01178
0.973495 1.03936 1.04269 0.984769 1.02718 1.01173
0.964767 1.04848 0.984673 0.991366 1.05964 0.96665
0.959476 1.0212 0.976748 0.984788 1.0272 1.01168
0.941577 1.03943 0.934549 0.970197 0.99667 1.0592
0.954185 0.993925 0.968822 0.967846 0.992224 1.05447
0.968028 0.956343 1.0099 0.984277 0.967829 1.01375
0.984607 0.920499 1.05175 0.957614 0.916713 1.02772
0.990041 0.902415 1.07316 0.932252 0.876667 1.06298
end
gesture a16 hands 2
1.00037 0.829951 1.21919 0.907842 0.872802 1.1573
0.99914 0.834833 1.19 0.903624 0.859149 1.14112
1.00379 0.843046 1.13518 0.937091 0.868131 1.16023
1.00302 0.865808 1.08414 0.939322 0.871299 1.14625
0.985749 0.902148 1.04917 0.899406 0.845496 1.12494
0.966607 0.950785 1.02527 0.920479 0.859982 1.12861
0.968382 0.994331 1.03106 0.918279 0.887271 1.11853
0.969193 1.03508 1.0128 0.929915 0.880869 1.1254
0.980353 1.04574 1.04141 0.927715 0.908158 1.11532
0.970004 1.07583 0.99454 0.932433 0.918602 1.11372
0.949623 1.08444 0.974365 0.941552 0.874467 1.13227
0.951305 1.09748 0.943649 0.937151 0.929046 1.11212
0.929242 1.09305 0.954191 0.945879 0.965143 1.0686
0.936472 1.07594 0.977136 0.964213 1.00414 1.03022
0.953459 1.05403 0.970495 0.95953 1.00817 1.03242
0.94858 1.05643 0.985287 0.969612 1.03065 1.01787
0.965567 1.03453 0.978647 0.990601 1.05095 1.00796
0.954634 1.04668 0.989363 0.979694 1.05314 1.00332
0.971621 1.02477 0.982723 0.974241 1.05423 1.001
0.957661 1.0418 0.991401 0.971514 1.05478 0.999845
0.974648 1.0199 0.984761 0.97015 1.05506 0.999266
0.959175 1.03936 0.99242 0.969469 1.05519 0.998976
0.976161 1.01746 0.98578 0.969128 1.05526 0.998831
0.959931 1.03814 0.99293 0.968957 1.0553 0.998758
0.976918 1.01624 0.98629 0.968872 1.05531 0.998722
0.96031 1.03753 0.993185 0.954846 1.01219 1.03461
0.977297 1.01563 0.986544 0.968787 1.05533 0.998686
0.960499 1.03723 0.993312 0.984068 1.0856 0.950307
0.977486 1.01532 0.986672 0.999454 1.06511 0.938218
0.97758 1.01517 0.986735 1.00509 1.09165 0.896964
0.943701 1.05883 1.00008 1.01484 1.04463 0.926128
0.977675 1.01502 0.986799 0.999903 1.00486 0.967339
1.01057 0.967092 0.99895 0.988434 0.967858 1.01011
1.02854 0.922198 1.03085 0.979052 0.92798 1.05233
1.03418 0.879178 1.07043 0.974895 0.906536 1.07162
end
gesture a16 hands 2
1.04181 0.754303 1.16748 0.937485 0.795416 1.11153
1.02732 0.779768 1.16119 0.923364 0.80468 1.08704
1.0212 0.821075 1.12116 0.947467 0.820888 1.04444
1.00747 0.841623 1.06855 0.932582 0.81683 1.09876
0.993797 0.886921 1.03898 0.919275 0.851128 1.14279
0.974838 0.904589 1.02922 0.923165 0.889131 1.10474
0.976429 0.933252 1.0123 0.940661 0.929897 1.07023
0.955878 0.922257 1.01946 0.946182 0.933496 1.07426
0.971527 0.943922 1.02904 0.956327 0.975242 1.04598
0.979352 0.954754 1.03383 0.949962 0.975834 1.06774
0.972591 0.931064 1.07153 0.951702 0.937095 1.07829
0.987176 0.965586 1.03862 0.947649 0.956761 1.08389
0.974554 1.01422 1.01449 0.95502 0.969782 1.05943
0.97549 1.00435 1.01913 0.943597 0.976426 1.0895
0.975958 0.99942 1.02146 0.958339 1.00247 1.04057
0.953099 1.02115 0.981155 0.981587 1.0484 1.01737
0.976426 0.994486 1.02378 1.00207 1.03666 0.998988
0.983556 0.999923 1.02417 0.98522 1.044 0.996989
0.987121 1.00264 1.02436 0.976796 1.04768 0.99599
0.988904 1.004 1.02446 0.972583 1.04951 0.99549
0.989795 1.00468 1.02451 0.972265 1.02472 1.03869
1.00472 0.966182 1.0605 0.968371 1.05135 0.99499
0.990686 1.00536 1.02456 0.990877 1.08806 0.960106
0.97287 1.0559 1.00168 1.0102 1.08819 0.950562
0.976442 1.02782 1.01904 1.01986 1.08826 0.945789
0.961972 1.02375 0.988064 1.02469 1.08829 0.943403
0.986006 1.00965 0.994857 1.0271 1.0883 0.94221
0.980015 0.999745 1.0364 1.02831 1.08831 0.941614
1.01004 0.995551 1.00165 1.02892 1.08832 0.941315
1.00201 1.0325 0.957448 1.01472 1.13614 0.942582
0.98017 1.03472 0.943599 1.02952 1.08832 0.941017
0.979037 1.07592 0.926063 1.01445 1.04306 0.975772
0.95833 1.03695 0.929749 0.987008 1.00061 1.00083
0.974206 0.996501 0.966723 0.964079 0.949379 1.01775
0.980192 0.979721 0.988386 0.948082 0.906947 1.05407
end
gesture a16 hands 2
1.03885 0.786786 1.29228 0.911208 0.814337 1.18536
1.02832 0.776647 1.26612 0.897947 0.811127 1.21203
1.01239 0.778366 1.20891 0.867702 0.801124 1.20136
0.999484 0.795113 1.15325 0.883484 0.807163 1.14463
0.991653 0.827715 1.10459 0.922461 0.830449 1.10742
0.983669 0.866143 1.06362 0.950235 0.8555 1.06719
0.975112 0.911485 1.03486 0.961421 0.852744 1.11255
0.963166 0.957266 1.00359 0.961128 0.839564 1.16948
0.95382 0.94612 1.00147 0.955313 0.857694 1.22059
0.968016 0.965796 1.00866 0.955783 0.890922 1.17574
0.971236 0.947501 1.05672 0.967305 0.924944 1.13669
0.982212 0.985471 1.01585 0.969748 0.925141 1.1157
0.974613 1.03293 0.98577 0.982259 0.968021 1.09916
0.973902 1.02667 0.977299 0.97219 0.925337 1.09471
0.977991 0.993483 1.02518 0.962015 0.967769 1.0639
0.983831 0.989303 1.0233 0.975657 1.00403 1.02439
0.97659 1.02337 0.979379 0.99359 1.04912 0.989884
0.981287 1.0264 0.965155 1.00053 1.03676 0.972815
0.96862 1.06831 0.948567 0.989135 1.04073 0.973189
0.985985 1.02942 0.950931 0.983438 1.04272 0.973375
0.986955 1.03503 0.955753 0.978637 1.00608 1.01474
0.98744 1.03783 0.958164 0.97774 1.0447 0.973562
0.99818 1.00066 1.00015 0.994443 1.08551 0.93751
0.987925 1.04063 0.960575 1.00894 1.07279 0.941072
0.978977 1.08558 0.925751 1.03418 1.10739 0.913781
0.974347 1.06965 0.912153 1.02344 1.06007 0.944635
0.964782 1.10702 0.876227 1.01834 1.05257 0.937728
0.96725 1.08037 0.88739 1.0158 1.04882 0.934274
0.974968 1.04741 0.929945 1.01452 1.04695 0.932548
0.980062 1.0176 0.956803 1.01263 1.01221 0.977968
0.969718 1.05372 0.898554 1.01325 1.04507 0.930821
0.985155 0.987793 0.983662 1.02354 1.04185 0.872831
0.993736 0.946514 1.02492 1.00174 0.990285 0.893321
1.00413 0.901723 1.06065 0.97963 0.951231 0.929167
1.00912 0.879116 1.07926 0.941997 0.893949 1.02134
end
gesture a16 hands 2
1.00905 0.799935 1.17357 0.894926 0.738687 1.22711
1.01151 0.815887 1.14849 0.90855 0.745801 1.20216
1.00286 0.844538 1.09906 0.937029 0.774814 1.1592
0.990492 0.848377 1.10267 0.949163 0.813235 1.11845
1.00186 0.859144 1.15667 0.963623 0.854125 1.08302
1.01901 0.904235 1.14093 0.976425 0.898607 1.05657
1.01406 0.93986 1.10023 0.992985 0.947854 1.0368
1.00583 0.950962 1.08166 0.982013 0.91406 1.08142
1.00306 0.980435 1.06985 0.963943 0.941505 1.1172
0.997593 0.962065 1.06308 0.972145 0.980583 1.07449
1.01564 0.980103 1.06633 0.987234 1.02657 1.04557
1.01975 0.972224 1.11434 0.984834 1.00679 1.06341
1.03369 0.998141 1.06959 1.00131 1.02349 1.04077
1.01948 1.03853 1.03097 0.986045 1.02266 1.03946
1.00649 1.03097 1.02839 0.982434 0.987019 1.08124
0.991816 1.06618 0.991093 0.970779 1.02182 1.03815
0.993506 1.02341 1.02581 0.984069 1.05404 0.995522
0.99413 1.02307 1.02647 0.989976 1.04993 0.988311
0.994443 1.02291 1.02681 0.992929 1.04787 0.984706
0.994599 1.02282 1.02697 0.994406 1.04685 0.982903
1.00364 1.00862 1.08105 1.00185 1.101 0.968694
0.994755 1.02274 1.02714 0.995883 1.04582 0.9811
0.981033 1.06145 0.992398 0.975092 1.01618 1.02252
0.967821 1.05115 0.988774 0.948306 1.03776 1.01081
0.956641 1.08588 0.9493 0.96437 1.06912 0.964466
0.95461 1.04084 0.985149 0.992665 1.07174 0.948251
0.95655 0.990111 1.00638 0.992194 1.10907 0.932451
0.964278 0.986959 0.949289 1.02096 1.07435 0.932036
0.967272 1.01097 0.895113 1.00663 1.02503 0.958482
0.978501 0.958992 0.909262 0.98823 0.986043 0.994431
0.990224 0.919276 0.951153 0.970895 0.948466 1.03396
0.998773 0.888788 1.00004 0.954202 0.904275 1.06739
1.002 0.856872 1.04998 0.926733 0.840137 1.05703
0.989968 0.817396 1.09179 0.913141 0.802271 1.04349
0.978814 0.798569 1.11219 0.899263 0.776 1.04667
end
gesture a16 hands 2
1.0786 0.717783 1.19795 0.961706 0.731418 1.21656
1.05876 0.739669 1.19452 0.960347 0.744762 1.18993
1.038 0.768679 1.15228 0.955791 0.769257 1.15159
1.02379 0.817796 1.12815 0.960974 0.80425 1.10665
1.00391 0.863919 1.10026 0.971286 0.858585 1.08936
0.985862 0.910731 1.07314 0.977577 0.915889 1.07713
0.975911 0.966558 1.05886 0.983537 0.969806 1.05322
0.978655 1.01336 1.02763 0.988751 1.00475 1.05014
0.957758 1.03153 0.978302 0.994963 1.01682 1.02097
0.95167 1.03925 1.00591 0.996062 1.05073 1.01578
0.934058 1.07772 0.985361 0.993965 1.03969 1.04705
0.932953 1.08233 0.989107 0.997161 1.08465 1.0106
0.945581 1.04698 1.03351 0.989672 1.08776 0.991749
0.931847 1.08695 0.992853 0.985928 1.08931 0.982323
0.919021 1.11663 0.94399 0.989349 1.11501 0.962329
0.929246 1.08508 0.941329 0.982184 1.09087 0.972898
0.923984 1.10346 0.916547 0.978601 1.07879 0.978182
0.931728 1.0785 0.927608 0.97681 1.07276 0.980824
0.944062 1.0393 0.967728 0.975915 1.06974 0.982145
0.941767 1.04642 0.953199 0.968805 1.09698 0.979931
0.954102 1.00722 0.993319 0.975467 1.06823 0.982805
0.946786 1.03038 0.965994 0.968581 1.09623 0.980261
0.959121 0.991183 1.00611 0.975243 1.06747 0.983136
0.949296 1.02236 0.972392 0.968469 1.09585 0.980426
0.961631 0.983163 1.01251 0.975131 1.0671 0.983301
0.950551 1.01835 0.975591 0.968413 1.09566 0.980509
0.962886 0.979153 1.01571 0.975075 1.06691 0.983383
0.951179 1.01634 0.97719 0.968385 1.09557 0.98055
0.963514 0.977148 1.01731 0.975047 1.06681 0.983425
0.951492 1.01534 0.97799 0.961696 1.12423 0.977717
0.963827 0.976146 1.01811 0.975019 1.06672 0.983466
0.951649 1.01484 0.97839 0.945978 1.01601 0.981076
0.963984 0.975644 1.01851 0.923655 0.966278 0.99772
0.939471 1.05353 0.938669 0.905926 0.922515 1.0309
0.964141 0.975143 1.01891 0.903046 0.903454 1.05301
end
gesture a16 hands 2
1.00391 0.798047 1.20169 0.886068 0.763987 1.25202
1.00394 0.79623 1.17184 0.901407 0.766605 1.22648
0.9773 0.791747 1.1199 0.918515 0.767231 1.16994
0.98954 0.795579 1.11094 0.903062 0.782661 1.14081
0.983865 0.839721 1.07524 0.912105 0.831525 1.10964
0.978064 0.89263 1.05385 0.912796 0.878153 1.07579
0.972364 0.950096 1.04436 0.920947 0.920926 1.03914
0.961954 0.995527 1.01201 0.937087 0.969896 1.017
0.945048 1.04187 0.983481 0.964057 1.0189 1.00469
0.935752 1.06914 0.986963 0.976852 1.0735 0.990103
0.950109 1.05419 1.00777 0.999748 1.11117 0.952212
0.938282 1.07531 0.999105 1.00508 1.11179 0.956134
0.952639 1.06036 1.01991 1.01191 1.13707 0.94506
0.939547 1.07839 1.00518 1.01503 1.13346 0.949114
0.953904 1.06344 1.02598 1.01041 1.11241 0.960056
0.926456 1.09642 0.990445 1.01814 1.12985 0.953167
0.955169 1.06652 1.03205 1.02201 1.13857 0.949722
0.979853 1.05697 1.01945 1.02407 1.16296 0.937909
0.974728 1.08104 1.00856 1.02588 1.14729 0.946278
0.970266 1.10087 0.985353 1.02678 1.13946 0.950462
0.969602 1.10511 0.997666 1.02723 1.13554 0.952555
0.96927 1.10724 1.00382 1.02108 1.11365 0.9679
0.969104 1.1083 1.0069 1.02768 1.13162 0.954647
0.969021 1.10883 1.00844 1.01956 1.1262 0.949908
0.968979 1.10909 1.00921 1.01765 1.09929 0.959816
0.968959 1.10923 1.0096 1.01454 1.11004 0.952492
0.968948 1.10929 1.00979 1.01263 1.08312 0.9624
0.968943 1.10933 1.00988 1.01203 1.10196 0.953784
0.95184 1.15493 0.979078 1.01013 1.07504 0.963692
0.968938 1.10936 1.00998 1.00887 1.071 0.964338
0.984635 1.05852 1.02568 1.01143 1.12079 0.945168
0.993123 0.980325 1.02192 1.00762 1.06696 0.964984
1.0033 0.950399 0.988198 1.00028 1.01553 0.989296
1.00161 0.90213 1.01817 0.986255 0.963677 1.00958
1.0044 0.885954 1.04237 0.965867 0.91544 1.0335
end
gesture a16 hands 2
1.01906 0.845096 1.24525 0.911459 0.822459 1.0981
1.04202 0.841933 1.22705 0.941171 0.823359 1.09687
1.05513 0.841557 1.1711 0.963212 0.815578 1.13888
1.03336 0.840384 1.11767 0.971843 0.827829 1.1167
0.990246 0.846551 1.07967 0.94994 0.819384 1.14012
0.959921 0.86805 1.05276 0.980473 0.840079 1.09453
0.969553 0.922295 1.03568 0.988334 0.891002 1.06588
0.982879 0.946163 1.04346 0.982882 0.925756 1.0207
0.980116 0.970047 1.02744 0.981849 0.97313 0.988423
0.996204 0.970032 1.05124 0.979243 1.03008 0.977112
0.990678 1.0178 1.0192 0.983168 1.08783 0.968963
0.97742 1.06051 0.98073 0.989111 1.1149 0.956331
0.963888 1.11378 0.970307 0.998059 1.13274 0.934356
0.97003 1.12085 0.981586 0.995054 1.14198 0.9437
0.973102 1.12438 0.987226 1.00165 1.18516 0.907091
0.974637 1.12614 0.990045 1.01006 1.18553 0.910339
0.975883 1.09602 1.0255 1.01426 1.18571 0.911962
0.976173 1.12791 0.992865 1.01246 1.17154 0.909766
0.962456 1.15485 0.942938 0.992049 1.15121 0.953045
0.962286 1.15808 0.947114 1.01065 1.15735 0.90757
0.962202 1.1597 0.949202 1.01846 1.1859 0.913586
0.962159 1.16051 0.950246 1.02386 1.1747 0.887841
0.962138 1.16092 0.950768 1.01805 1.14974 0.902741
0.962128 1.16112 0.951029 1.01785 1.13167 0.897318
0.947871 1.20472 0.916692 1.02926 1.1635 0.862096
0.962117 1.16132 0.95129 1.01765 1.11359 0.891896
0.976824 1.12865 0.995438 1.00736 1.07415 0.929421
0.996048 1.08909 1.02778 0.999073 1.04583 0.977646
1.00767 1.03729 1.01468 0.986456 1.01743 1.0247
0.997694 1.00927 0.967011 0.967214 0.973884 1.01964
0.95306 0.979935 0.954474 0.966525 0.969631 1.05136
0.928241 0.940837 0.988299 0.947972 0.930337 1.01458
0.935179 0.893348 1.01803 0.954415 0.879587 1.02031
0.972883 0.856472 1.04336 0.948897 0.84185 1.06524
0.997458 0.839431 1.04423 0.945367 0.825477 1.08942
end
gesture a16 hands 2
0.926555 0.841805 1.10505 0.91831 0.76798 1.15665
0.942343 0.855132 1.08751 0.933472 0.777395 1.13312
0.954026 0.83609 1.11489 0.968947 0.771862 1.10875
0.962264 0.859954 1.09958 0.97901 0.826658 1.09437
0.958131 0.86846 1.06997 0.974024 0.866799 1.05785
0.970502 0.883819 1.08427 0.969367 0.915685 1.03282
0.976688 0.891498 1.09142 0.958039 0.96934 1.02701
0.979781 0.895337 1.095 0.957928 0.949867 1.04939
0.979202 0.909555 1.04338 0.960206 0.930493 1.07142
0.982874 0.899177 1.09857 0.957817 0.930393 1.07178
0.983544 0.922288 1.1145 0.952589 0.969962 1.03581
0.975774 0.957 1.06941 0.962539 0.98166 1.0221
0.96842 1.00595 1.04608 0.956 1.02199 1.01605
0.96375 1.00557 1.047 0.964244 1.00767 1.01222
0.966848 0.987284 1.06922 0.962917 0.991491 1.03499
0.95908 1.00519 1.04793 0.967703 0.992425 1.02169
0.967333 0.97902 1.05646 0.966375 0.976241 1.04445
0.97146 0.965935 1.06072 0.969432 0.9848 1.02643
0.965276 0.968619 1.09236 0.968105 0.968617 1.04919
0.975586 0.95285 1.06499 0.970297 0.980988 1.02879
0.980741 0.944966 1.0513 0.968969 0.964804 1.05155
0.983319 0.941024 1.04445 0.970729 0.979082 1.02998
0.984607 0.939053 1.04103 0.969402 0.962898 1.05274
0.981583 0.942212 1.06763 0.970945 0.978129 1.03057
0.985252 0.938068 1.03932 0.969618 0.961945 1.05333
0.981905 0.941719 1.06678 0.971053 0.977652 1.03086
0.985574 0.937575 1.03847 0.969726 0.961469 1.05362
0.982066 0.941473 1.06635 0.971107 0.977414 1.03101
0.985735 0.937328 1.03804 0.96978 0.96123 1.05377
0.985815 0.937205 1.03782 0.971134 0.977295 1.03109
0.978559 0.945371 1.09423 0.969807 0.961111 1.05385
0.985896 0.937082 1.03761 0.96982 0.961052 1.05388
0.979867 0.915767 1.02827 0.972489 0.993359 1.0084
0.981704 0.912103 0.996103 0.969834 0.960992 1.05392
0.973837 0.894452 1.01893 0.962399 0.933397 1.10395
end
gesture a16 hands 2
0.983373 0.842712 1.1057 0.968457 0.823203 1.25862
0.975049 0.836156 1.11618 0.969843 0.824607 1.2297
0.981163 0.847467 1.0894 0.968721 0.831473 1.17213
0.973944 0.838534 1.10803 0.969469 0.843688 1.1143
0.980058 0.849845 1.08124 0.965398 0.860878 1.05759
0.973392 0.839722 1.10395 0.965812 0.853234 1.11545
0.979506 0.851033 1.07717 0.969395 0.870716 1.17122
0.973115 0.840317 1.10191 0.950284 0.887336 1.11945
0.979229 0.851628 1.07513 0.949367 0.931202 1.08835
0.979091 0.851925 1.07411 0.965141 0.932364 1.08179
0.966725 0.8296 1.12666 0.951725 0.980214 1.06109
0.978953 0.852222 1.07309 0.96791 0.971929 1.07056
0.977721 0.891282 1.03462 0.980915 0.933526 1.07524
0.977642 0.914371 1.02088 0.982505 0.948586 1.07764
0.972118 0.944202 1.01304 0.976238 0.953364 1.04986
0.977563 0.937461 1.00715 0.980166 0.958505 1.06494
0.981749 0.960431 1.0267 0.973899 0.963284 1.03717
0.983841 0.971916 1.03647 0.978997 0.963464 1.0586
0.984141 0.943452 1.05379 0.97273 0.968243 1.03082
0.985934 0.983401 1.04625 0.972146 0.970723 1.02765
0.980976 1.02763 1.0169 0.984095 0.963645 1.08003
0.976895 1.0265 1.00619 0.971561 0.973203 1.02448
0.974855 1.02594 1.00083 0.965944 1.01072 0.985322
0.973835 1.02566 0.99815 0.962705 1.00219 0.967037
0.973324 1.02551 0.996809 0.961086 0.997919 0.957894
0.973069 1.02544 0.996139 0.960277 0.995785 0.953323
0.972942 1.02541 0.995804 0.959872 0.994719 0.951038
0.972878 1.02539 0.995637 0.959669 0.994185 0.949895
0.973404 1.07814 0.992964 0.959568 0.993919 0.949323
0.972814 1.02537 0.995469 0.959518 0.993785 0.949038
0.972001 0.997221 1.04349 0.962593 1.04579 0.942351
0.974184 0.970606 1.09428 0.959467 0.993652 0.948752
0.983531 0.917511 1.1065 0.962751 0.967086 0.998722
0.987174 0.878035 1.06265 0.964711 0.942082 1.05014
0.981198 0.836848 1.0684 0.967859 0.902792 1.09079
end
gesture a16 hands 2
0.959212 0.818429 1.11142 0.917698 0.823017 1.09036
0.957289 0.817175 1.12604 0.896428 0.832389 1.07186
0.958516 0.828436 1.10018 0.910521 0.854848 1.02079
0.958168 0.833439 1.09457 0.938174 0.834107 1.06641
0.955365 0.815921 1.14066 0.943301 0.827404 1.12223
0.95782 0.838443 1.08895 0.94517 0.847594 1.12513
0.952548 0.884011 1.05972 0.946561 0.842353 1.17619
0.953401 0.885612 1.05792 0.947039 0.867785 1.12804
0.946651 0.934858 1.03449 0.947505 0.902624 1.08868
0.950452 0.911036 1.04531 0.955191 0.95484 1.06881
0.955262 0.914383 1.07403 0.968039 0.9523 1.03481
0.962105 0.909 1.07385 0.977375 0.953809 1.06367
0.954253 0.887213 1.05612 0.981287 0.919733 1.07783
0.968948 0.903616 1.07367 0.983999 0.937525 1.08519
0.976295 0.911818 1.08245 0.979164 0.945233 1.05806
0.979969 0.915919 1.08683 0.982937 0.950275 1.0753
0.963874 0.893907 1.11358 0.978102 0.957982 1.04817
0.983643 0.92002 1.09122 0.982406 0.95665 1.07036
0.980506 0.948189 1.0434 0.977571 0.964357 1.04323
0.975385 0.966807 1.03083 0.977305 0.967545 1.04076
0.974117 0.995437 1.02688 0.986711 0.955317 1.09254
0.970263 0.985425 1.01826 0.97704 0.970732 1.03829
0.968337 0.980418 1.01395 0.972336 1.00987 0.998737
0.967373 0.977915 1.0118 0.966228 0.997209 0.986019
0.966892 0.976664 1.01072 0.963175 0.990878 0.97966
0.966651 0.976038 1.01018 0.961648 0.987713 0.97648
0.96653 0.975725 1.00991 0.960884 0.986131 0.974891
0.96647 0.975568 1.00977 0.960503 0.985339 0.974096
0.96644 0.97549 1.00971 0.960312 0.984944 0.973698
0.959311 1.02385 0.985718 0.960216 0.984746 0.9735
0.96641 0.975412 1.00964 0.960169 0.984647 0.9734
0.988092 0.950327 1.057 0.961821 1.03708 0.953357
1.00513 0.916336 1.0997 0.960121 0.984548 0.973301
1.00218 0.864636 1.12103 0.962632 0.951314 1.01941
1.00285 0.836259 1.12926 0.962362 0.938785 1.04495
end
gesture a17 hands 2
0.954801 0.770826 1.15445 0.945748 0.964227 1.27255
0.970438 0.787795 1.13531 0.942631 0.961878 1.24331
1.0188 0.809678 1.12496 0.971283 0.961466 1.19272
1.05916 0.841492 1.09863 1.01116 0.966367 1.14915
1.09053 0.890748 1.09451 1.03128 0.98673 1.10362
1.11235 0.939304 1.11989 1.04389 1.01616 1.05372
1.12694 0.974671 1.156 1.06644 1.02768 1.00088
1.13011 0.987288 1.17715 1.03844 1.02172 0.952559
1.11623 0.979968 1.19829 1.01681 1.00187 0.907044
1.11211 0.97939 1.20029 0.97191 1.00308 0.870192
1.13328 0.999904 1.1983 0.92344 0.998285 0.838405
1.108 0.978812 1.20229 0.922519 0.985075 0.806596
1.09536 0.968266 1.20428 0.910669 0.989151 0.784739
1.10044 0.976766 1.22243 0.916134 0.980508 0.779763
1.08904 0.962993 1.20527 0.912629 0.968019 0.806549
1.09728 0.974129 1.22293 0.917114 0.969942 0.790668
1.08588 0.960356 1.20577 0.91361 0.957452 0.817454
1.0957 0.972811 1.22318 0.917604 0.964659 0.796121
1.0843 0.959038 1.20602 0.9141 0.952169 0.822906
1.09491 0.972152 1.2233 0.917849 0.962017 0.798847
1.08351 0.958379 1.20615 0.914345 0.949528 0.825633
1.08312 0.95805 1.20621 0.917972 0.960696 0.80021
1.10551 0.985266 1.24058 0.914467 0.948207 0.826996
1.08272 0.95772 1.20627 0.918033 0.960036 0.800891
1.08374 0.965656 1.1498 0.914529 0.947546 0.827677
1.06521 0.992627 1.118 0.918064 0.959706 0.801232
1.03188 1.01171 1.08773 0.914559 0.947216 0.828018
0.996727 1.01807 1.04591 0.921599 0.971865 0.774787
0.977817 1.00487 0.99748 0.91459 0.946886 0.828359
0.984374 0.969682 0.956732 0.927006 0.940504 0.88625
1.00928 0.919036 0.955988 0.94636 0.940327 0.941895
1.01729 0.879678 0.997047 0.962209 0.944354 0.998399
1.01907 0.846776 1.04339 0.973128 0.949631 1.05541
1.01317 0.811098 1.0882 0.993685 0.95646 1.11048
0.997423 0.777464 1.13375 0.98935 0.958008 1.13993
end
gesture a17 hands 2
0.858285 0.68176 0.964568 0.930028 0.991958 1.20485
0.876221 0.7018 0.952333 0.948456 0.991198 1.18131
0.914823 0.730926 0.926725 0.993929 1.01374 1.17345
0.940266 0.774505 0.928743 1.02756 1.01869 1.12618
0.952833 0.821482 0.941742 1.04976 1.04142 1.07724
0.95857 0.86388 0.960228 1.07115 1.05434 1.02498
0.963645 0.904712 0.990739 1.08333 1.02897 0.973131
0.96946 0.949876 1.02135 1.06816 0.999314 0.925186
0.980196 0.999119 1.04256 1.03949 0.977634 0.87897
0.992859 1.0519 1.05689 1.0145 0.952807 0.834298
1.00962 1.0774 1.09888 0.976096 0.937331 0.801123
1.06436 1.05935 1.11213 0.961856 0.900445 0.783012
1.11529 1.06483 1.08958 0.966227 0.897165 0.760844
1.12083 1.06215 1.06747 0.956921 0.880361 0.762872
1.10582 1.0448 1.05155 0.960074 0.890432 0.790002
1.11609 1.05213 1.04845 0.953845 0.876995 0.777452
1.10108 1.03479 1.03253 0.956998 0.887066 0.804582
1.11372 1.04713 1.03894 0.952307 0.875312 0.784741
1.09872 1.02978 1.02302 0.955459 0.885382 0.811871
1.11254 1.04462 1.03419 0.951538 0.87447 0.788386
1.09753 1.02727 1.01826 0.95469 0.884541 0.815516
1.11195 1.04337 1.03181 0.951153 0.874049 0.790209
1.09694 1.02602 1.01589 0.954306 0.88412 0.817339
1.11165 1.04275 1.03062 0.950961 0.873839 0.79112
1.09665 1.0254 1.0147 0.954113 0.883909 0.81825
1.1115 1.04243 1.03003 0.950865 0.873734 0.791575
1.0965 1.02508 1.0141 0.954017 0.883804 0.818705
1.09642 1.02493 1.01381 0.947616 0.863558 0.764901
1.12636 1.05947 1.04536 0.953921 0.883699 0.819161
1.09635 1.02477 1.01351 0.948507 0.905484 0.872311
1.06855 0.977418 1.01383 0.944725 0.921891 0.925093
1.04228 0.927641 1.02855 0.940962 0.939079 0.978991
1.00966 0.88094 1.02937 0.943074 0.959185 1.03294
0.973063 0.839982 1.0132 0.960659 0.977642 1.08518
0.937532 0.796584 0.99614 0.956679 0.985892 1.14257
end
gesture a17 hands 2
0.993358 0.699391 1.12508 0.951397 0.951409 1.16147
1.00867 0.710462 1.1018 0.947104 0.948043 1.1754
1.02679 0.7477 1.0638 0.96109 0.948292 1.14914
1.04413 0.795882 1.05964 0.965936 0.946733 1.14297
1.05921 0.843823 1.07082 0.94281 0.944678 1.18932
1.07289 0.880198 1.09603 0.970783 0.945175 1.13681
1.08307 0.921343 1.13663 0.99259 0.955138 1.08368
1.08246 0.918809 1.14125 1.01969 0.971381 1.03638
1.09713 0.95802 1.16826 1.0553 0.987395 0.993138
1.08186 0.916274 1.14586 1.09563 1.0017 0.95683
1.07877 0.915103 1.10252 1.13072 1.02952 0.921122
1.06786 0.943809 1.06903 1.14227 1.06109 0.877558
1.05146 0.982025 1.0402 1.12896 1.06312 0.82228
1.03397 1.02182 1.01252 1.09192 1.0444 0.784022
1.01724 1.05566 0.978976 1.05261 1.01295 0.755833
1.01332 1.02192 0.978746 1.02617 0.992533 0.784155
1.00991 1.03514 0.947017 1.00727 0.982708 0.755567
1.0094 0.988188 0.978516 0.999739 0.972117 0.812477
1.00749 0.949511 1.01799 0.989484 0.96653 0.868387
1.00602 0.899754 1.04874 0.979367 0.96466 0.92517
0.989386 0.844775 1.04996 0.970247 0.966295 0.978526
0.943862 0.814911 1.03038 0.95954 0.964758 1.03244
0.895025 0.790817 1.03651 0.946721 0.963619 1.09
0.883413 0.760214 1.08582 0.914429 0.956204 1.13904
0.896746 0.743238 1.14111 0.892772 0.943016 1.1923
0.903593 0.729291 1.13854 0.866629 0.936508 1.19897
0.907016 0.722318 1.13726 0.846925 0.931371 1.2213
0.911443 0.723261 1.16575 0.840487 0.93 1.20564
0.908728 0.718831 1.13662 0.837268 0.929314 1.1978
0.912298 0.721517 1.16543 0.835658 0.928972 1.19389
0.909583 0.717087 1.1363 0.834854 0.9288 1.19193
0.912726 0.720646 1.16527 0.79724 0.932959 1.22792
0.910011 0.716216 1.13614 0.834049 0.928629 1.18997
0.915869 0.724204 1.19423 0.88525 0.933146 1.1604
0.910439 0.715344 1.13598 0.913355 0.940981 1.16584
end
gesture a17 hands 2
0.960771 0.82414 1.09315 0.933629 0.931638 1.19706
0.977453 0.811058 1.1012 0.930143 0.928831 1.16758
0.979044 0.824876 1.06938 0.949811 0.932368 1.15888
0.994135 0.797976 1.10924 0.972587 0.943807 1.10644
0.993291 0.811851 1.11719 1.02647 0.963837 1.09371
1.03606 0.825695 1.13334 1.0831 0.976929 1.08522
1.07929 0.863857 1.14281 1.13199 0.966739 1.05646
1.10496 0.905032 1.16434 1.12939 0.962202 1.00233
1.11387 0.95048 1.19324 1.10274 0.973606 0.953758
1.10373 0.944692 1.1897 1.07931 0.998231 0.907239
1.10719 0.952203 1.22854 1.04647 1.02361 0.866818
1.09359 0.938904 1.18616 1.00625 1.04652 0.834182
1.07374 0.965917 1.14041 0.956569 1.05483 0.805073
1.05526 1.00099 1.09893 0.938174 1.04043 0.810948
1.03992 1.0282 1.05883 0.93557 1.02923 0.837977
1.02349 1.01219 1.01942 0.927674 1.02763 0.827399
1.02354 1.04044 1.00982 0.925071 1.01643 0.854429
1.0118 0.994599 1.00976 0.922424 1.02122 0.835626
1.00706 0.996176 0.980003 0.919821 1.01003 0.862655
1.00005 0.948758 1.00969 0.919799 1.01803 0.839738
0.995122 0.915141 1.0573 0.917196 1.00683 0.866768
0.997572 0.876708 1.10106 0.918487 1.01643 0.841795
0.973224 0.844256 1.11221 0.915883 1.00523 0.868824
0.957992 0.824856 1.12252 0.917831 1.01562 0.842823
0.950375 0.815156 1.12768 0.915227 1.00443 0.869853
0.946567 0.810305 1.13025 0.919778 1.02602 0.816822
0.944663 0.80788 1.13154 0.914571 1.00363 0.870881
0.930604 0.827424 1.11722 0.922269 0.985702 0.925821
0.943711 0.806668 1.13219 0.930472 0.972624 0.978325
0.930128 0.826818 1.11754 0.952364 0.961402 1.03162
0.943235 0.806061 1.13251 0.959479 0.950602 1.08801
0.92989 0.826515 1.1177 0.962336 0.93411 1.14423
0.942997 0.805758 1.13267 0.95831 0.932368 1.16246
0.916545 0.846968 1.10289 0.975898 0.926981 1.20118
0.942759 0.805455 1.13283 0.954285 0.930625 1.1807
end
gesture a17 hands 2
0.913671 0.747915 1.19201 0.882024 0.888322 1.20657
0.910486 0.759271 1.18275 0.905934 0.903197 1.19785
0.936548 0.750751 1.19387 0.955951 0.918362 1.17011
0.942147 0.76663 1.18518 1.00758 0.927648 1.14424
0.907301 0.770626 1.1735 1.06279 0.939168 1.1279
0.947747 0.782509 1.17649 1.10509 0.963892 1.09808
0.96797 0.78845 1.17799 1.15241 0.996176 1.10412
0.978081 0.791421 1.17874 1.19643 1.03018 1.1253
0.959424 0.753587 1.19572 1.22437 1.04292 1.10398
0.988193 0.794392 1.17949 1.18834 1.02527 1.06135
1.01336 0.839598 1.1605 1.14789 1.01806 1.02068
1.03321 0.886439 1.15448 1.11477 1.01919 0.97476
1.05298 0.937357 1.16149 1.07998 1.02964 0.934629
1.07105 0.98337 1.18114 1.03397 1.03559 0.902717
1.09179 0.988855 1.18772 0.980501 1.03294 0.883001
1.10216 0.991598 1.191 0.940915 1.00952 0.897967
1.09176 1.02458 1.21587 0.927346 1.00784 0.875582
1.10215 1.00946 1.20508 0.914338 0.996971 0.894257
1.09219 1.01187 1.17972 0.928306 0.996029 0.920325
1.10237 1.00311 1.18701 0.914818 0.991066 0.916628
1.09241 1.00552 1.16165 0.928786 0.990123 0.942696
1.10247 0.999929 1.17797 0.915058 0.988113 0.927814
1.09251 1.00234 1.15262 0.929026 0.98717 0.953882
1.11254 0.994341 1.19429 0.915178 0.986636 0.933407
1.09262 0.999164 1.14358 0.929146 0.985693 0.959475
1.06896 1.02627 1.09769 0.915238 0.985898 0.936204
1.0504 1.04817 1.05567 0.929206 0.984955 0.962272
1.03079 1.04605 1.00628 0.90133 0.986103 0.912932
1.0118 1.00246 0.977315 0.929266 0.984217 0.965068
0.996626 0.948265 0.991409 0.95771 0.965233 1.01269
0.981108 0.902431 1.02334 0.971855 0.948937 1.06675
0.971625 0.858099 1.06139 0.975895 0.937025 1.12484
0.952597 0.816313 1.09802 0.968099 0.926702 1.14999
0.916022 0.775997 1.11888 0.959557 0.914645 1.17743
0.892812 0.759177 1.12661 0.960304 0.91638 1.17513
end
gesture a17 hands 2
0.870812 0.741977 1.19028 0.973143 0.910359 1.21267
0.881948 0.738374 1.19952 0.982983 0.916296 1.18529
0.887558 0.761916 1.18435 1.03629 0.936517 1.17855
0.890321 0.748343 1.19656 1.08054 0.961975 1.15049
0.895931 0.771886 1.18139 1.12463 0.989647 1.12388
0.894508 0.753328 1.19507 1.14649 1.0098 1.08364
0.900118 0.77687 1.1799 1.12789 1.0021 1.02946
0.896601 0.75582 1.19433 1.09876 0.992438 0.981607
0.902212 0.779363 1.17916 1.067 0.993269 0.932826
0.897648 0.757066 1.19396 1.02457 1.00091 0.893522
0.903258 0.780609 1.17879 0.973228 1.00279 0.868213
0.898171 0.757689 1.19378 0.944845 1.00135 0.869565
0.903782 0.781232 1.17861 0.929688 1.01151 0.892269
0.898433 0.758001 1.19368 0.923075 1.0057 0.881594
0.904043 0.781543 1.17851 0.907918 1.01586 0.904298
0.893084 0.73477 1.20876 0.91219 1.00788 0.887608
0.904305 0.781855 1.17842 0.897033 1.01804 0.910312
0.917596 0.833062 1.15833 0.906747 1.00897 0.890615
0.93665 0.885643 1.15517 0.89159 1.01913 0.913319
0.961663 0.935585 1.17393 0.904026 1.00952 0.892118
0.977324 0.923011 1.17279 0.888869 1.01968 0.914822
0.989075 0.947774 1.20993 0.902666 1.00979 0.89287
0.982558 0.938278 1.16851 0.887509 1.01995 0.915574
0.992984 0.910437 1.17164 0.901985 1.00993 0.893246
0.976042 0.928782 1.12709 0.886828 1.02008 0.91595
0.960319 0.955249 1.08685 0.901645 1.00999 0.893434
0.946498 0.977449 1.04326 0.886488 1.02015 0.916138
0.944657 0.981936 0.989145 0.916462 0.999904 0.870918
0.970567 0.948032 0.96623 0.886148 1.02022 0.916326
0.993507 0.908294 0.999569 0.872949 1.01289 0.97043
0.993547 0.874992 1.04766 0.872908 0.990072 1.02336
0.988052 0.81854 1.11082 0.878764 0.963495 1.07276
0.99349 0.807361 1.13917 0.88995 0.942958 1.12522
0.982558 0.762088 1.17397 0.893482 0.903057 1.16942
0.969013 0.742153 1.1915 0.913917 0.883873 1.22026
end
gesture a17 hands 2
0.889373 0.686467 0.795023 0.98135 0.657838 1.15211
0.92493 0.709251 0.800675 0.988132 0.652736 1.16446
0.912477 0.699061 0.809321 1.00075 0.661196 1.13878
0.960486 0.732036 0.806327 0.99783 0.654415 1.15779
0.988271 0.778027 0.818803 1.01044 0.662876 1.13212
1.00665 0.821606 0.843392 1.00268 0.655255 1.15446
1.02138 0.864217 0.873722 1.01529 0.663715 1.12878
1.03053 0.893394 0.913028 1.0051 0.655675 1.1528
1.04598 0.929575 0.953057 1.01772 0.664135 1.12712
1.06396 0.959258 0.999502 1.00631 0.655885 1.15196
1.06386 0.983401 1.0464 1.01893 0.664345 1.12628
1.04914 0.992571 1.06458 1.00692 0.65599 1.15155
1.01725 0.975791 1.05295 1.01953 0.66445 1.12587
1.02584 0.988765 1.06786 1.00722 0.656042 1.15134
0.993942 0.971986 1.05623 1.01984 0.664503 1.12566
1.01419 0.986863 1.0695 1.00738 0.656068 1.15123
0.982289 0.970083 1.05786 1.01999 0.664529 1.12555
1.00836 0.985912 1.07032 1.02006 0.664542 1.1255
0.976462 0.969132 1.05868 0.994914 0.647634 1.17681
1.00545 0.985436 1.07073 1.02014 0.664555 1.12545
0.973548 0.968657 1.05909 1.03872 0.677979 1.07134
1.00399 0.985198 1.07093 1.07219 0.693283 1.02519
0.972092 0.968419 1.0593 1.0702 0.717497 1.02108
1.00326 0.985079 1.07103 1.06201 0.769343 1.02076
0.971363 0.9683 1.0594 1.04128 0.813648 1.01863
1.0029 0.98502 1.07108 1.02152 0.861476 1.0249
0.970999 0.96824 1.05945 0.99586 0.912171 1.0223
1.00271 0.98499 1.07111 0.989675 0.932315 1.00422
0.970817 0.968211 1.05947 0.972478 0.956824 1.00593
1.00262 0.984975 1.07112 0.98349 0.95246 0.986136
0.970726 0.968196 1.05949 0.988997 0.950278 0.976239
1.00258 0.984968 1.07113 0.99175 0.949187 0.97129
0.97068 0.968188 1.05949 0.95257 0.977115 0.965713
1.03443 1.00174 1.08277 0.994503 0.948096 0.966342
0.970635 0.968181 1.0595 1.01479 0.930917 0.977137
end
gesture a17 hands 2
0.641306 0.53886 1.21112 1.22539 0.809209 1.04823
0.659413 0.552268 1.19144 1.23723 0.813551 1.05613
0.702889 0.564252 1.17176 1.21511 0.817819 1.03996
0.754654 0.586013 1.18009 1.2321 0.817857 1.05199
0.789334 0.617402 1.19299 1.20998 0.822125 1.03582
0.82477 0.649494 1.21543 1.22953 0.820009 1.04992
0.86143 0.680811 1.23235 1.20741 0.824277 1.03375
0.880242 0.686242 1.24388 1.22824 0.821086 1.04888
0.899975 0.674172 1.23026 1.20612 0.825354 1.03271
0.910819 0.682541 1.22499 1.2276 0.821624 1.04837
0.899054 0.691673 1.2554 1.20548 0.825892 1.0322
0.921664 0.690909 1.21972 1.22728 0.821893 1.04811
0.932968 0.690527 1.20188 1.20516 0.826161 1.03194
0.938621 0.690336 1.19296 1.22712 0.822027 1.04798
0.93852 0.667533 1.22817 1.205 0.826295 1.03181
0.944273 0.690145 1.18404 1.22704 0.822095 1.04791
0.937561 0.728275 1.15183 1.20492 0.826363 1.03174
0.931651 0.748212 1.13875 1.227 0.822128 1.04788
0.914485 0.787528 1.11351 1.20488 0.826396 1.03171
0.920113 0.777839 1.1196 1.24908 0.817894 1.06402
0.902947 0.817155 1.09436 1.20484 0.82643 1.03168
0.914344 0.792652 1.11002 1.18583 0.846527 0.980844
0.897178 0.831968 1.08478 1.18548 0.866804 0.930277
0.91146 0.800059 1.10523 1.18578 0.879759 0.873499
0.894293 0.839374 1.07999 1.14503 0.855279 0.854667
0.910018 0.803762 1.10283 1.09077 0.856379 0.854119
0.892851 0.843078 1.07759 1.04031 0.876713 0.861537
0.909297 0.805614 1.10164 0.999808 0.905191 0.886955
0.89213 0.844929 1.0764 0.968292 0.929974 0.923283
0.89177 0.845855 1.0758 0.947936 0.951806 0.972973
0.925742 0.76815 1.12568 0.942828 0.970062 1.02475
0.891409 0.846781 1.0752 0.944666 0.99312 1.07705
0.868282 0.882242 1.0404 0.914329 0.978531 1.09528
0.853018 0.875647 0.994922 0.913956 1.00681 1.12177
0.861845 0.847782 0.988699 0.883992 0.963943 1.11351
end
gesture a17 hands 2
1.02754 0.764323 0.990904 0.979121 0.856321 1.04734
1.03559 0.780338 1.01493 0.979706 0.840216 1.0224
1.04559 0.811774 1.06385 0.977345 0.832736 0.966381
1.05582 0.812952 1.09592 0.981575 0.841278 0.964676
1.0982 0.844101 1.11819 1.02213 0.858896 0.925434
1.12353 0.882957 1.15383 1.06123 0.884272 0.897382
1.1322 0.896923 1.20422 1.10196 0.914975 0.873293
1.15762 0.88967 1.22279 1.11108 0.944121 0.838585
1.14924 0.906293 1.25632 1.14103 0.948882 0.845855
1.15891 0.902943 1.22579 1.1063 0.968737 0.832383
1.18304 0.882417 1.24136 1.12021 0.973267 0.803877
1.16857 0.899593 1.19526 1.07157 0.988593 0.81891
1.13871 0.929825 1.16056 1.03442 1.00205 0.855197
1.10373 0.96207 1.1321 1.01399 1.01376 0.904706
1.06855 0.990873 1.10721 1.00092 1.02611 0.952042
1.03484 1.01433 1.08304 0.98745 1.04024 1.00552
0.990918 1.0295 1.04963 0.975495 1.05399 1.05825
0.981368 1.00865 1.0386 0.967868 1.0448 1.07835
0.99031 0.983276 1.0453 0.960461 1.01726 1.07783
0.981064 0.985539 1.03644 0.960351 1.02644 1.08814
0.990007 0.960164 1.04313 0.952944 0.998898 1.08763
0.980912 0.973983 1.03535 0.960242 1.03561 1.09844
0.989855 0.948608 1.04205 0.945427 0.980534 1.09742
0.980836 0.968205 1.03481 0.919724 0.94192 1.06285
0.989779 0.94283 1.04151 0.898372 0.914212 1.01624
0.980798 0.965316 1.03454 0.908762 0.874792 1.00305
0.989741 0.939941 1.04124 0.913958 0.855083 0.996462
0.971818 0.987802 1.02757 0.916555 0.845228 0.993166
0.989703 0.937052 1.04097 0.917854 0.8403 0.991518
1.01543 0.890292 1.06286 0.918504 0.837837 0.990694
1.02478 0.835997 1.08442 0.918828 0.836605 0.990282
1.02939 0.811653 1.08196 0.918991 0.835989 0.990076
1.0317 0.799481 1.08073 0.89517 0.879014 0.970308
1.05452 0.7899 1.10116 0.919153 0.835373 0.98987
1.03401 0.787309 1.07951 0.944886 0.81378 1.03403
end
gesture a17 hands 2
0.917655 0.589273 1.12176 0.858118 0.906748 1.19402
0.907775 0.595101 1.11224 0.869166 0.91429 1.1673
0.918295 0.611918 1.09125 0.866298 0.909995 1.16374
0.918615 0.623241 1.07599 0.892702 0.929307 1.11495
0.897894 0.60093 1.10271 0.926542 0.951944 1.07435
0.918935 0.634564 1.06074 0.963122 0.972886 1.04013
0.942263 0.680792 1.03897 1.00318 0.982878 1.00765
0.959403 0.735569 1.04613 1.04571 0.973693 0.970551
0.969788 0.789038 1.0592 1.07738 0.938705 0.937462
0.976982 0.839256 1.08509 1.07695 0.911506 0.941276
0.983828 0.880101 1.11999 1.06106 0.92777 0.959535
0.993129 0.911109 1.15585 1.0688 0.906038 0.952312
1.0222 0.904914 1.16102 1.05291 0.922302 0.970571
1.03674 0.901817 1.1636 1.06472 0.903304 0.95783
1.04401 0.900269 1.16489 1.04883 0.919568 0.976089
1.04765 0.899494 1.16553 1.06268 0.901937 0.960589
1.01651 0.919282 1.19196 1.04679 0.918201 0.978848
1.05128 0.89872 1.16618 1.06166 0.901253 0.961969
1.05661 0.898849 1.11267 1.04577 0.917517 0.980227
1.04999 0.897718 1.04307 1.06115 0.900912 0.962659
1.05974 0.886051 1.00726 1.04526 0.917176 0.980917
1.04337 0.896588 0.97348 1.06089 0.900741 0.963004
1.03518 0.901856 0.95659 1.045 0.917005 0.981262
1.03109 0.904491 0.948145 1.06077 0.900655 0.963176
1.02905 0.905808 0.943923 1.04488 0.916919 0.981435
1.02802 0.906466 0.941811 1.04481 0.916877 0.981521
1.02751 0.906796 0.940756 1.07653 0.884306 0.94509
1.02726 0.90696 0.940228 1.04475 0.916834 0.981607
1.02713 0.907043 0.939964 1.01544 0.966453 0.993622
1.02706 0.907084 0.939832 0.977361 1.01146 0.999162
1.06393 0.874993 0.950977 0.934016 1.03743 1.02935
1.027 0.907125 0.9397 0.893164 1.03485 1.06958
0.983205 0.933124 0.916458 0.870339 1.00156 1.10856
0.93829 0.917758 0.887723 0.868815 0.951932 1.13512
0.921815 0.893432 0.888854 0.835494 0.91196 1.1615
end
gesture a17 hands 2
1.01816 0.585282 1.07646 0.86495 0.933731 1.10224
0.989848 0.587227 1.06749 0.883426 0.945939 1.08217
0.981505 0.608739 1.02957 0.922014 0.955328 1.04127
1.00632 0.644631 0.992477 0.954636 0.952453 0.992511
1.03083 0.694483 0.980561 1.00226 0.952025 0.961686
1.04628 0.744405 0.987077 1.0356 0.948161 0.970061
1.05741 0.796052 1.00995 1.08669 0.941355 0.94199
1.06849 0.833391 1.03458 1.11456 0.940881 0.932209
1.08462 0.871756 1.06699 1.07204 0.971255 0.949349
1.11118 0.868638 1.07671 1.10723 0.955831 0.935889
1.10537 0.884202 1.10154 1.06472 0.986205 0.953028
1.12155 0.874861 1.09399 1.10357 0.963306 0.937728
1.11477 0.883548 1.07153 1.06106 0.99368 0.954868
1.12625 0.874534 1.07898 1.10174 0.967044 0.938648
1.11947 0.883222 1.05652 1.05923 0.99742 0.955788
1.1286 0.874371 1.07148 1.10083 0.968913 0.939108
1.12182 0.883058 1.04902 1.05832 0.99929 0.956247
1.12978 0.874289 1.06773 1.10037 0.969849 0.939338
1.12299 0.882977 1.04527 1.05786 1.00023 0.956477
1.13036 0.874248 1.06586 1.10014 0.970316 0.939453
1.12358 0.882936 1.0434 1.05763 1.00069 0.956592
1.13066 0.874228 1.06492 1.10002 0.97055 0.93951
1.12388 0.882915 1.04246 1.05751 1.00093 0.95665
1.12402 0.882905 1.04199 1.09997 0.970667 0.939539
1.13773 0.86552 1.08644 1.05746 1.00104 0.956678
1.12417 0.882895 1.04152 1.09994 0.970725 0.939553
1.09258 0.911913 1.02551 1.05743 1.0011 0.956693
1.0527 0.943581 1.01516 1.14242 0.940407 0.922428
1.0099 0.971693 1.00336 1.0574 1.00116 0.956707
0.962455 0.994652 0.987053 1.0215 1.03421 0.987959
0.917035 0.998299 0.958189 0.972559 1.0288 1.01936
0.892283 0.960234 0.934381 0.943917 1.02981 1.07042
0.898645 0.902629 0.939906 0.933129 0.997353 1.09247
0.91935 0.853302 0.96162 0.93406 0.944792 1.11695
0.933428 0.80052 0.979056 0.903737 0.951786 1.09359
end
gesture a17 hands 2
0.915087 0.62216 1.13133 0.900991 0.961174 1.09271
0.905352 0.630844 1.12396 0.920128 0.966058 1.07029
0.918765 0.648064 1.10489 0.958564 0.966995 1.02493
0.907191 0.643796 1.11074 1.00469 0.96672 0.988023
0.920605 0.661015 1.09168 1.05345 0.955098 0.961184
0.921524 0.667491 1.08507 1.1047 0.938324 0.947132
0.895616 0.639529 1.11659 1.14369 0.922813 0.945356
0.922444 0.673967 1.07846 1.13093 0.932097 0.92837
0.945319 0.718237 1.05715 1.10638 0.944508 0.937747
0.956858 0.764935 1.05347 1.11227 0.942945 0.924565
0.965338 0.81947 1.06837 1.08773 0.955355 0.933942
0.971159 0.869679 1.09517 1.10295 0.948369 0.922663
0.983616 0.911568 1.12403 1.0784 0.960779 0.93204
1.00176 0.923771 1.12735 1.09828 0.951081 0.921712
0.99769 0.950167 1.15175 1.07373 0.963491 0.931089
1.01989 0.935974 1.13067 1.09595 0.952437 0.921237
1.031 0.928878 1.12014 1.0714 0.964847 0.930614
1.03655 0.92533 1.11487 1.09478 0.953115 0.920999
1.03932 0.923556 1.11223 1.07024 0.965525 0.930376
1.04071 0.922669 1.11092 1.0942 0.953453 0.92088
1.03361 0.920072 1.15894 1.06965 0.965864 0.930257
1.0421 0.921782 1.1096 1.09391 0.953623 0.92082
1.0281 0.952956 1.06522 1.06936 0.966033 0.930197
1.00851 0.986569 1.02651 1.09377 0.953708 0.920791
0.98786 1.01517 0.990743 1.06922 0.966118 0.930168
0.963455 1.02832 0.945475 1.06914 0.966161 0.930153
0.941403 1.00328 0.904341 1.11817 0.941382 0.911384
0.930024 0.948025 0.899293 1.06907 0.966203 0.930138
0.933101 0.89688 0.92399 1.03966 1.01113 0.946481
0.936755 0.8493 0.95197 1.01022 1.0222 0.991429
0.944208 0.80314 0.983289 0.983056 1.0184 1.04316
0.951231 0.756912 1.01587 0.948927 0.990998 1.07488
0.951075 0.712278 1.0542 0.923515 0.95159 1.08265
0.947772 0.668412 1.09248 0.890563 0.959804 1.06862
0.927676 0.643123 1.13932 0.89676 0.988508 1.0633
end
gesture a17 hands 2
0.947325 0.792994 1.0678 1.012 0.908978 1.04058
0.968314 0.812851 1.06154 0.994505 0.925469 1.02773
1.00276 0.856565 1.07509 1.01756 0.912562 1.01159
1.02311 0.890134 1.11341 0.97701 0.941959 1.01488
1.04734 0.89745 1.1641 0.928348 0.971723 1.00852
1.04875 0.885433 1.13976 0.901149 0.986307 1.02156
1.0728 0.856985 1.16112 0.879204 1.00058 0.993555
1.05016 0.873417 1.11542 0.87395 1.00089 1.03461
1.02269 0.901637 1.08358 0.871323 1.00104 1.05514
0.995542 0.904755 1.06269 0.856364 0.996552 1.04264
0.989204 0.930033 1.04981 0.870009 1.00111 1.0654
0.968394 0.907873 1.04181 0.855707 0.996589 1.04777
0.957989 0.896793 1.0378 0.869353 1.00115 1.07053
0.952922 0.917509 1.02628 0.855379 0.996608 1.05034
0.952786 0.891253 1.0358 0.869024 1.00117 1.07309
0.950321 0.914739 1.02528 0.855215 0.996617 1.05162
0.950185 0.888483 1.0348 0.86886 1.00118 1.07438
0.94902 0.913355 1.02478 0.855133 0.996622 1.05226
0.948885 0.887098 1.0343 0.868778 1.00119 1.07502
0.94837 0.912662 1.02453 0.855092 0.996624 1.05258
0.948234 0.886405 1.03405 0.868737 1.00119 1.07534
0.948045 0.912316 1.0244 0.855071 0.996625 1.05274
0.947909 0.886059 1.03393 0.868716 1.00119 1.0755
0.947882 0.912143 1.02434 0.855061 0.996626 1.05282
0.947747 0.885886 1.03386 0.868706 1.00119 1.07558
0.947801 0.912056 1.02431 0.855056 0.996626 1.05287
0.947665 0.8858 1.03383 0.868701 1.00119 1.07562
0.94776 0.912013 1.02429 0.868699 1.00119 1.07564
0.947625 0.885756 1.03382 0.841405 0.992063 1.03015
0.94774 0.911991 1.02428 0.868696 1.00119 1.07566
0.947604 0.885735 1.03381 0.904206 0.966882 1.10881
0.947594 0.885724 1.0338 0.938164 0.941194 1.10865
0.947855 0.938226 1.01475 0.945367 0.940883 1.14196
0.947584 0.885713 1.0338 0.972123 0.915506 1.10849
0.958754 0.868343 1.05534 0.997722 0.889947 1.07053
end
gesture a17 hands 2
1.00335 0.807574 1.20479 0.985852 0.902956 1.07608
0.994759 0.809229 1.17636 1.01113 0.912243 1.06395
0.974135 0.821824 1.12332 1.02438 0.934957 1.03528
0.954725 0.861127 1.07459 1.02157 0.935074 1.04826
0.914543 0.860264 1.02987 1.01025 0.936874 1.02305
0.935315 0.900429 1.02587 1.0145 0.936032 1.04215
0.97393 0.940923 1.0133 1.00319 0.937832 1.01693
1.00575 0.984503 1.03306 1.01097 0.936512 1.03908
1.02999 1.01023 1.06977 0.999657 0.938312 1.01387
1.0524 0.990269 1.08579 1.0092 0.936751 1.03755
1.05662 1.0082 1.11682 0.997892 0.938551 1.01234
1.06572 0.989254 1.10932 1.00832 0.936871 1.03679
1.0524 0.994411 1.08518 0.997009 0.938671 1.01157
1.06361 0.98236 1.0935 1.00788 0.936931 1.03641
1.05029 0.987517 1.06936 0.996567 0.938731 1.01119
1.06255 0.978912 1.08559 1.00766 0.936961 1.03622
1.04923 0.984069 1.06145 0.996347 0.938761 1.011
1.06202 0.977189 1.08163 1.00755 0.936976 1.03612
1.04871 0.982346 1.05749 0.996236 0.938776 1.01091
1.06176 0.976327 1.07966 1.00749 0.936983 1.03607
1.04844 0.981484 1.05552 0.996181 0.938784 1.01086
1.06163 0.975896 1.07867 1.00747 0.936987 1.03605
1.04831 0.981053 1.05453 0.996154 0.938787 1.01083
1.06156 0.97568 1.07817 1.00745 0.936989 1.03604
1.04825 0.980837 1.05403 0.99614 0.938789 1.01082
1.06153 0.975573 1.07793 1.01875 0.935191 1.06124
1.04821 0.98073 1.05379 0.996126 0.938791 1.01081
1.06151 0.975519 1.0778 0.960342 0.975167 0.98127
1.0482 0.980676 1.05366 0.908769 0.996658 0.97671
1.07481 0.970308 1.10182 0.854565 1.0071 0.976968
1.04818 0.980622 1.05354 0.850028 1.02171 0.990172
1.01403 0.998869 1.00885 0.867576 1.01695 1.02699
0.972565 1.0076 0.97407 0.890643 0.9919 1.07438
0.931959 0.977988 0.969471 0.920752 0.964222 1.11519
0.928521 0.932362 1.00374 0.974983 0.946762 1.129
end
gesture a17 hands 2
0.970553 0.803819 1.14845 1.02268 0.916522 1.0711
0.957799 0.810667 1.12223 1.01122 0.919193 1.04416
0.919726 0.832809 1.08315 1.01459 0.934065 0.99149
0.902459 0.837538 1.06115 0.997944 0.92936 1.04287
0.899872 0.864406 1.05186 1.002 0.922903 1.10109
0.892532 0.853337 1.0455 0.97901 0.936859 1.04963
0.889945 0.880205 1.03621 0.946348 0.972833 1.01609
0.887568 0.861237 1.03768 0.897775 0.987326 1.00014
0.884982 0.888105 1.02838 0.864989 0.998608 1.00021
0.885086 0.865186 1.03377 0.870952 1.00788 1.01943
0.8825 0.892054 1.02447 0.871518 0.98562 1.03539
0.883845 0.867161 1.03181 0.874217 1.00139 1.03702
0.881259 0.894029 1.02252 0.874783 0.979127 1.05298
0.880638 0.895017 1.02154 0.87585 0.998143 1.04581
0.885191 0.842268 1.03915 0.876416 0.97588 1.06177
0.880018 0.896004 1.02056 0.876666 0.99652 1.05021
0.898455 0.949429 1.01593 0.877232 0.974256 1.06617
0.925688 0.984858 1.03858 0.877074 0.995708 1.05241
0.958773 0.987451 1.07703 0.87764 0.973445 1.06837
0.965344 0.971327 1.06114 0.877278 0.995302 1.05351
0.968629 0.963265 1.0532 0.877844 0.973039 1.06947
0.970272 0.959234 1.04923 0.87738 0.995099 1.05406
0.971094 0.957219 1.04725 0.877946 0.972836 1.07002
0.971504 0.956211 1.04625 0.877431 0.994998 1.05434
0.97171 0.955707 1.04576 0.877997 0.972734 1.0703
0.971812 0.955455 1.04551 0.877457 0.994947 1.05447
0.971864 0.955329 1.04538 0.878023 0.972684 1.07043
0.971889 0.955266 1.04532 0.877469 0.994922 1.05454
0.989218 0.95127 1.09803 0.878035 0.972658 1.0705
0.971915 0.955203 1.04526 0.878042 0.972646 1.07054
0.947815 0.975903 0.998684 0.876916 1.01716 1.03865
0.923537 0.961173 0.966653 0.878048 0.972633 1.07057
0.917443 0.988456 0.951234 0.905851 0.954841 1.07549
0.899258 0.946443 0.934621 0.92477 0.955552 1.10191
0.908338 0.92643 0.952261 0.933654 0.937048 1.08042
end
gesture a17 hands 2
0.87424 0.654607 1.02079 0.943764 0.927839 1.08072
0.896354 0.658294 1.00107 0.969045 0.937695 1.06837
0.94733 0.651106 1.01861 1.02079 0.929736 1.07933
0.981428 0.662526 0.985781 1.03829 0.937475 1.04078
1.01747 0.693899 0.956452 1.01059 0.962919 0.995281
1.04925 0.740011 0.953709 0.978431 0.974411 0.947698
1.06402 0.779872 0.971562 0.936798 0.988663 0.908807
1.06891 0.81819 1.00472 0.901868 0.985646 0.940148
1.07455 0.847268 1.04556 0.885916 0.998446 0.91848
1.07969 0.827841 1.06432 0.866938 0.982629 0.971488
1.08032 0.839981 1.10025 0.885408 1.0119 1.01739
1.07415 0.835552 1.07195 0.926953 1.02717 1.05581
1.08484 0.808414 1.08307 0.963714 1.00683 1.07208
1.06797 0.831123 1.04365 0.982094 0.996657 1.08021
1.05045 0.875833 1.01652 1.02941 1.03139 1.11109
1.03453 0.92041 0.997515 1.00047 0.986487 1.08834
1.01949 0.96602 0.97773 0.977647 0.963121 1.03997
1.01617 0.98108 0.951089 0.977499 0.956896 1.04032
1.00713 1.01086 0.948728 0.969397 0.955766 1.01188
1.01285 0.99614 0.924448 0.973374 0.953219 1.02628
1.01571 0.98878 0.912308 0.965271 0.952088 0.997839
1.01714 0.9851 0.906238 0.971311 0.95138 1.01926
1.01097 1.02555 0.89914 0.963209 0.950249 0.990819
1.01477 1.00348 0.899654 0.97028 0.95046 1.01575
1.00876 0.987773 0.921961 0.962177 0.949329 0.987308
1.01366 0.984596 0.911065 0.969764 0.95 1.01399
1.00765 0.968884 0.933372 0.961662 0.94887 0.985553
1.01311 0.975152 0.91677 0.969506 0.94977 1.01312
1.0071 0.95944 0.939078 0.961404 0.94864 0.984676
1.00683 0.954718 0.94193 0.969377 0.949655 1.01268
1.01857 0.98142 0.900168 0.961275 0.948525 0.984237
1.00655 0.949996 0.944783 0.96121 0.948467 0.984017
0.995582 0.923641 0.991629 0.977351 0.950671 1.04068
0.982496 0.892183 1.03043 0.961146 0.94841 0.983798
0.963138 0.842116 1.04801 0.967612 0.963124 0.927845
end
gesture a17 hands 2
0.911489 0.61256 1.18517 0.984835 0.959472 0.979912
0.929815 0.613277 1.16213 0.992418 0.951531 1.02279
0.951044 0.623573 1.10889 0.99215 0.939601 1.06527
0.964019 0.649784 1.06204 1 0.94359 1.06568
0.982623 0.692265 1.0339 0.986125 0.976426 1.02777
1.0038 0.740906 1.03132 0.958775 0.979516 0.977791
1.02177 0.789825 1.05599 0.905802 0.967173 0.973501
1.03026 0.823493 1.10078 0.896648 0.969877 0.989697
1.03584 0.831645 1.14946 0.913186 0.991417 1.00096
1.03778 0.812099 1.16754 0.90034 0.981999 1.00342
1.03099 0.806535 1.14349 0.916877 1.00354 1.01468
1.03535 0.799544 1.16456 0.902185 0.988061 1.01029
1.02856 0.793981 1.14051 0.918723 1.0096 1.02154
1.03414 0.793266 1.16307 0.903108 0.991091 1.01372
1.02735 0.787703 1.13902 0.919646 1.01263 1.02498
1.03353 0.790128 1.16233 0.90357 0.992606 1.01543
1.02675 0.784565 1.13828 0.920107 1.01415 1.02669
1.03323 0.788558 1.16195 0.903801 0.993363 1.01629
1.02644 0.782995 1.1379 0.920338 1.0149 1.02755
1.03308 0.787774 1.16177 0.903916 0.993742 1.01672
1.02629 0.782211 1.13772 0.920454 1.01528 1.02798
1.033 0.787381 1.16167 0.903974 0.993931 1.01694
1.02622 0.781818 1.13762 0.920511 1.01547 1.0282
1.02618 0.781622 1.13758 0.904003 0.994026 1.01704
1.03971 0.792552 1.18563 0.92054 1.01557 1.0283
1.02614 0.781426 1.13753 0.920555 1.01561 1.02836
1.01165 0.813712 1.09687 0.887494 0.972581 1.00589
0.999674 0.855558 1.07027 0.920569 1.01566 1.02841
0.988825 0.901557 1.04648 0.965608 1.01628 1.06505
0.978779 0.945743 1.01506 1.01512 1.00959 1.09456
0.974349 0.971814 0.967269 1.02776 0.982581 1.08334
0.975928 0.922028 0.956097 0.992628 0.958217 1.04312
0.960646 0.877708 0.987617 0.949109 0.934029 1.04249
0.939154 0.839252 1.02316 0.915447 0.930373 0.99419
0.922898 0.800599 1.05992 0.924222 0.948145 0.948616
end
gesture a17 hands 2
0.878946 0.685028 1.16763 0.919242 0.955192 0.967865
0.885123 0.692543 1.13945 0.9087 0.940568 0.991471
0.912151 0.693319 1.09234 0.897848 0.928255 1.04812
0.941687 0.697515 1.0438 0.923293 0.920381 1.10007
0.959371 0.721742 0.994498 0.962944 0.91892 1.14257
0.984366 0.768663 0.968939 1.01378 0.91982 1.1122
1.00673 0.821198 0.971905 1.02598 0.934259 1.0562
1.02394 0.871775 0.996411 1.02511 0.95579 1.00296
1.03603 0.90858 1.03553 1.01036 0.974851 0.950593
1.04647 0.910647 1.09034 0.975896 0.99545 0.908124
1.0475 0.866645 1.11203 0.918955 0.98254 0.905148
1.0302 0.851843 1.06135 0.888762 0.96858 0.942576
1.01675 0.883664 1.02834 0.899641 0.992653 0.993512
1.00338 0.925415 1.00498 0.936004 1.02186 1.02618
0.98943 0.967626 0.981109 0.982884 1.02213 1.06019
0.977957 0.960379 0.947797 0.991163 0.996893 1.0574
0.972622 0.992569 0.933349 1.03334 1.00223 1.08218
0.969553 0.97285 0.923917 0.999443 0.97166 1.0546
0.970649 0.952932 0.94583 0.956297 0.951284 1.07943
0.968567 0.953032 0.930158 0.932742 0.949151 1.08174
0.969662 0.933113 0.952071 0.935867 0.950599 1.05242
0.968073 0.943122 0.933278 0.922527 0.948809 1.06823
0.969169 0.923204 0.955192 0.925653 0.950257 1.03891
0.967827 0.938168 0.934838 0.91742 0.948638 1.06147
0.968923 0.91825 0.956752 0.920545 0.950086 1.03215
0.967703 0.93569 0.935618 0.914866 0.948552 1.0581
0.968799 0.915772 0.957532 0.917992 0.950001 1.02878
0.967642 0.934452 0.936008 0.913589 0.948509 1.05641
0.968738 0.914534 0.957922 0.916715 0.949958 1.02709
0.968707 0.913914 0.958117 0.912951 0.948488 1.05556
0.966484 0.953131 0.914485 0.916076 0.949936 1.02624
0.968676 0.913295 0.958312 0.912632 0.948477 1.05514
0.965674 0.886646 1.00817 0.915757 0.949926 1.02582
0.955703 0.859599 1.05442 0.909187 0.947018 1.08404
0.939183 0.820932 1.09127 0.915438 0.949915 1.0254
end
gesture a17 hands 2
0.915468 0.576277 1.08993 0.936549 0.924815 1.07224
0.920409 0.58244 1.08042 0.950279 0.937565 1.04913
0.898924 0.576636 1.11467 0.981666 0.951457 1.00134
0.92535 0.588602 1.0709 1.00638 0.994085 0.967917
0.959813 0.595827 1.034 1.04622 1.00471 0.932285
1.00304 0.629902 1.01657 1.05732 1.0031 0.943253
1.02815 0.679248 1.0096 1.05254 0.98518 0.943461
1.0442 0.73052 1.01744 0.997971 0.989398 0.965505
1.05676 0.777344 1.03707 0.956561 1.01654 0.995982
1.06244 0.824171 1.06861 0.942354 1.02829 1.01854
1.06371 0.867185 1.10514 0.945576 1.01153 1.03526
1.06591 0.902784 1.14149 0.936861 1.02578 1.03818
1.0689 0.904117 1.16035 0.940083 1.00903 1.0549
1.0704 0.904784 1.16979 0.934114 1.02453 1.048
1.08635 0.940196 1.17437 0.937337 1.00777 1.06471
1.07242 0.928385 1.15413 0.932742 1.02391 1.05291
1.0719 0.905451 1.17922 0.935963 1.00715 1.06962
1.0652 0.911013 1.15656 0.932055 1.0236 1.05536
1.05089 0.950247 1.12901 0.935277 1.00683 1.07208
1.05469 0.933411 1.13146 0.931711 1.02344 1.05659
1.04039 0.972645 1.10391 0.934933 1.00668 1.0733
1.04944 0.94461 1.11891 0.93154 1.02336 1.0572
1.03514 0.983844 1.09136 0.934762 1.0066 1.07392
1.04682 0.950209 1.11263 0.931454 1.02332 1.05751
1.03252 0.989443 1.08509 0.934676 1.00656 1.07422
1.0455 0.953009 1.10949 0.931411 1.0233 1.05766
1.0312 0.992243 1.08195 0.934633 1.00654 1.07438
1.03055 0.993643 1.08038 0.931389 1.02329 1.05774
1.05849 0.916574 1.1339 0.934611 1.00653 1.07445
1.02989 0.995043 1.07881 0.931379 1.02328 1.05778
1.01184 1.02728 1.04246 0.934601 1.00652 1.07449
0.99308 1.02893 0.995171 0.928146 1.04004 1.0411
0.982258 0.986482 0.966757 0.93459 1.00652 1.07453
0.975843 0.930606 0.975959 0.949954 0.949128 1.07113
0.969131 0.877346 0.992719 0.930869 0.938096 1.09082
end
gesture a17 hands 2
0.97689 0.694515 1.18507 0.974464 0.91892 1.05861
0.979186 0.708702 1.18903 0.99054 0.926503 1.03459
1.00021 0.716379 1.17023 1.00812 0.952467 0.98439
0.990846 0.719634 1.18161 1.01257 0.975491 0.966107
1.01187 0.727311 1.16281 1.01855 0.997815 0.948037
0.996675 0.7251 1.17791 1.01702 0.998514 0.947824
1.0177 0.732777 1.1591 0.969586 0.993331 0.952647
0.999591 0.727833 1.17605 0.93936 1.02922 0.987844
1.02061 0.73551 1.15725 0.914958 1.02806 1.03637
1.02207 0.736876 1.15632 0.935201 1.02145 1.0532
0.981481 0.722889 1.193 0.943104 1.01888 1.08259
1.02353 0.738243 1.15539 0.949274 1.01686 1.07631
1.06311 0.779447 1.14644 0.949563 0.987456 1.07819
1.09036 0.820575 1.16839 0.952504 1.00115 1.07411
1.1048 0.857918 1.20673 0.952793 0.971743 1.076
1.10383 0.865463 1.23238 0.954118 0.993293 1.07301
1.11626 0.887657 1.25188 0.954407 0.963886 1.0749
1.10286 0.873008 1.25803 0.954925 0.989363 1.07246
1.09616 0.865683 1.2611 0.955215 0.959957 1.07435
1.09281 0.86202 1.26264 0.955329 0.987399 1.07219
1.09114 0.860189 1.26341 0.955618 0.957993 1.07407
1.0903 0.859274 1.2638 0.955531 0.986417 1.07205
1.11635 0.887167 1.29536 0.95582 0.957011 1.07394
1.08946 0.858358 1.26418 0.955632 0.985926 1.07198
1.074 0.885524 1.22629 0.955921 0.95652 1.07387
1.05889 0.924798 1.1906 0.955683 0.98568 1.07195
1.04403 0.961158 1.15596 0.955972 0.956275 1.07383
1.03011 0.988209 1.12128 0.955708 0.985557 1.07193
1.01311 1.01018 1.07659 0.955997 0.956152 1.07382
0.995135 1.01958 1.02672 0.95572 0.985496 1.07192
0.976444 1.00827 0.9756 0.956009 0.95609 1.07381
0.961363 0.962549 0.946309 0.956016 0.95606 1.0738
0.957725 0.907287 0.96053 0.955444 1.01484 1.07003
0.956048 0.863209 0.998809 0.956022 0.956029 1.0738
0.956742 0.82179 1.03849 0.96261 0.936918 1.05196
end
gesture a17 hands 2
0.93364 0.61386 1.13465 0.952402 0.930101 1.03066
0.942996 0.622634 1.1081 0.958431 0.939521 1.02123
0.960811 0.655373 1.06447 0.954337 0.921436 1.0591
0.979863 0.698622 1.0395 0.964459 0.948942 1.0118
0.998713 0.750173 1.03714 1.00572 0.972488 0.968225
1.01794 0.796908 1.05659 1.00739 0.987344 0.956499
1.03588 0.839264 1.09335 1.01108 1.02761 0.93868
1.05158 0.882488 1.13016 1.00906 1.0022 0.944772
1.06194 0.884861 1.16569 1.00805 0.989498 0.947819
1.04396 0.871511 1.13482 1.00755 0.983146 0.949342
1.0316 0.907827 1.10678 1.04698 0.996033 0.92465
1.01781 0.948637 1.08357 1.00704 0.976795 0.950865
1.00109 0.986553 1.05533 0.956599 0.980124 0.970613
0.981303 1.01659 1.01724 0.949836 1.00978 1.00753
0.961844 1.02452 0.968861 0.934447 1.02875 0.988318
0.948251 0.988832 0.930317 0.943073 1.03943 1.04444
0.948304 0.93254 0.937942 0.961383 1.02208 1.08148
0.949251 0.908635 0.953467 0.968257 1.00094 1.07142
0.948969 0.861172 0.984226 0.989534 1.02262 1.08239
0.949584 0.872952 0.976609 0.97513 0.979803 1.06136
0.949301 0.825489 1.00737 0.967929 0.958395 1.05085
0.94975 0.85511 0.988179 0.967421 0.963551 1.07054
0.949468 0.807647 1.01894 0.964328 0.947691 1.0456
0.949833 0.846189 0.993965 0.96562 0.958199 1.06791
0.949551 0.798726 1.02472 0.962527 0.942339 1.04297
0.949874 0.841728 0.996858 0.96472 0.955523 1.06659
0.949592 0.794266 1.02762 0.961627 0.939663 1.04165
0.949895 0.839498 0.998304 0.96427 0.954185 1.06594
0.949613 0.792035 1.02906 0.961177 0.938325 1.041
0.949906 0.838383 0.999027 0.964045 0.953516 1.06561
0.949624 0.79092 1.02979 0.960952 0.937656 1.04067
0.949911 0.837826 0.999389 0.963933 0.953182 1.06544
0.949629 0.790363 1.03015 0.96084 0.937322 1.0405
0.950198 0.884731 0.968991 0.966913 0.968707 1.09022
0.949634 0.789805 1.03051 0.960727 0.936987 1.04034
end
gesture a17 hands 2
0.914098 0.624545 1.01227 0.953504 0.965326 0.986104
0.939796 0.629162 0.997964 0.948149 0.960467 0.999084
0.986372 0.656596 0.976033 0.969777 0.967302 0.980179
1.02535 0.697598 0.97502 0.956285 0.961455 0.996121
1.0502 0.740732 0.992549 0.977913 0.96829 0.977217
1.06816 0.781405 1.02209 0.960353 0.961949 0.994639
1.08149 0.812276 1.06225 0.981982 0.968784 0.975736
1.09058 0.833775 1.11226 0.962388 0.962196 0.993898
1.1183 0.827294 1.1578 0.984016 0.969031 0.974995
1.13584 0.818792 1.14287 0.963405 0.962319 0.993528
1.12742 0.831074 1.12191 0.985033 0.969154 0.974625
1.1404 0.820681 1.12493 0.963914 0.962381 0.993343
1.13198 0.832963 1.10397 0.985542 0.969216 0.97444
1.14268 0.821626 1.11596 0.964168 0.962412 0.99325
1.13426 0.833908 1.095 0.985796 0.969247 0.974348
1.14383 0.822099 1.11147 0.964295 0.962427 0.993204
1.1354 0.834381 1.09052 0.985923 0.969263 0.974301
1.1444 0.822335 1.10923 0.964358 0.962435 0.993181
1.13597 0.834617 1.08827 0.985986 0.96927 0.974278
1.14468 0.822453 1.10811 0.986018 0.969274 0.974267
1.13626 0.834735 1.08715 0.942794 0.955607 1.01206
1.14482 0.822512 1.10755 0.98605 0.969278 0.974255
1.1364 0.834794 1.08659 1.02579 0.983809 0.933628
1.15339 0.810289 1.12794 1.01327 0.980195 0.949133
1.13654 0.834853 1.08603 1.05091 0.975204 0.937287
1.10522 0.869572 1.07251 1.00075 0.976581 0.964638
1.06852 0.91121 1.06663 0.965656 0.981628 1.01102
1.04762 0.9637 1.05277 0.947852 0.984231 1.06774
1.02933 1.0142 1.04405 0.925391 0.98299 1.12274
0.979389 1.02911 1.01947 0.916388 0.970511 1.11338
0.945165 1.01134 0.980136 0.899534 0.990264 1.14752
0.935209 0.958843 0.966438 0.907386 0.958032 1.10402
0.934165 0.902871 0.973709 0.944522 0.955888 1.05811
0.938101 0.844609 0.977494 0.983378 0.963386 1.01371
0.940968 0.815456 0.976072 1.00294 0.965906 0.991419
end
gesture a17 hands 2
1.00666 0.569783 1.07007 0.983774 0.95583 0.980582
1.01108 0.584545 1.04442 0.984863 0.954158 0.995317
1.03264 0.621634 1.00454 0.984083 0.963887 0.967075
1.054 0.669434 0.984302 0.985017 0.958187 0.988563
1.0728 0.718821 0.988997 0.984238 0.967916 0.960321
1.08956 0.765338 1.0095 0.985094 0.960201 0.985186
1.10453 0.794394 1.04249 0.984315 0.96993 0.956944
1.12871 0.797614 1.08947 0.985133 0.961208 0.983497
1.15784 0.773932 1.08332 0.984353 0.970937 0.955256
1.13969 0.795083 1.04058 0.985152 0.961712 0.982653
1.10449 0.837884 1.0338 0.984373 0.97144 0.954411
1.08941 0.856833 1.03457 0.985162 0.961963 0.982231
1.05584 0.89652 1.01955 0.984382 0.971692 0.953989
1.06508 0.886151 1.02745 0.985167 0.962089 0.98202
1.03151 0.925838 1.01243 0.984387 0.971818 0.953778
1.05291 0.90081 1.02389 0.985169 0.962152 0.981914
1.01934 0.940497 1.00886 0.98439 0.971881 0.953673
1.04683 0.90814 1.02211 0.98517 0.962183 0.981861
1.01326 0.947827 1.00708 0.984391 0.971913 0.95362
1.04379 0.911804 1.02122 0.985171 0.962199 0.981835
1.01022 0.951491 1.00619 0.984391 0.971928 0.953593
1.04227 0.913637 1.02077 0.985951 0.952486 1.01005
1.0087 0.953324 1.00575 0.984392 0.971944 0.953567
1.04151 0.914553 1.02055 1.00402 0.966108 0.940487
1.00794 0.95424 1.00552 0.975323 0.953506 0.982011
1.07432 0.875782 1.03535 0.951158 0.981319 1.02657
1.00718 0.955156 1.0053 0.932926 0.990678 1.08201
0.965233 0.989255 0.997883 0.911653 0.996818 1.13741
0.909821 1.00465 0.99247 0.922735 1.01278 1.11366
0.86996 0.9702 0.975538 0.955019 0.980093 1.08249
0.876314 0.912846 0.969923 0.975412 0.970366 1.05693
0.898292 0.859186 0.967986 0.985249 0.955575 1.08932
0.915595 0.802609 0.97054 0.985389 0.958065 1.05986
0.924078 0.745064 0.981881 0.995804 0.960639 1.03137
0.936174 0.68984 0.999798 0.985529 0.960555 1.03041
end
gesture a17 hands 2
1.00782 0.663999 1.01377 1.00743 0.97567 1.01674
1.00944 0.672344 0.985954 1.00311 0.971437 1.0304
1.0135 0.706949 0.943154 0.994488 0.983068 1.00467
1.02175 0.754196 0.924712 0.996643 0.975136 1.02436
1.03695 0.808698 0.925651 0.988017 0.986767 0.99863
1.05255 0.847876 0.941522 0.993407 0.976986 1.02134
1.07011 0.877017 0.972106 0.984782 0.988617 0.995611
1.09394 0.887487 1.01975 0.991789 0.977911 1.01983
1.12588 0.86305 1.05319 0.983164 0.989542 0.994102
1.11317 0.888149 1.0207 0.990981 0.978373 1.01908
1.12917 0.877776 1.00556 0.982355 0.990004 0.993347
1.10047 0.913248 0.988218 0.990576 0.978604 1.0187
1.0664 0.947761 0.992324 0.981951 0.990235 0.99297
1.0313 0.983869 0.997206 0.990374 0.978719 1.01851
0.989282 1.01464 1.00007 0.981748 0.99035 0.992782
0.96221 1.0216 0.992739 0.990273 0.978777 1.01842
0.947448 0.998797 0.984694 0.981647 0.990408 0.992687
0.941293 1.01368 0.985052 0.990222 0.978806 1.01837
0.926532 0.990875 0.977006 0.981597 0.990437 0.99264
0.930835 1.00972 0.981207 0.990197 0.978821 1.01835
0.916073 0.986915 0.973162 0.981571 0.990452 0.992617
0.925606 1.00774 0.979285 0.990184 0.978828 1.01833
0.910844 0.984934 0.97124 0.981559 0.990459 0.992605
0.922991 1.00675 0.978324 0.998797 0.967204 1.04405
0.90823 0.983944 0.970279 0.981546 0.990466 0.992593
0.935138 1.02856 0.985409 0.999425 1.00531 0.938736
0.905615 0.982954 0.969318 1.01133 0.978134 0.919338
0.908365 0.928544 0.97919 1.018 1.0014 0.883332
0.923439 0.877209 1.0008 1.0054 0.982292 0.916069
0.938374 0.825397 1.02208 1.02323 0.950958 0.899939
0.945603 0.769246 1.03336 0.99281 0.963185 0.948806
0.951146 0.740618 1.03715 0.956734 0.986868 0.986933
0.952833 0.713094 1.04464 0.94811 0.984337 1.04023
0.963919 0.65584 1.05223 0.960055 0.973072 1.07834
0.979117 0.632307 1.06257 0.933242 0.966002 1.0892
end
gesture a17 hands 2
0.924204 0.58346 1.01725 0.948192 0.929311 1.07394
0.929601 0.576144 1.04574 0.965946 0.934398 1.05061
0.903537 0.568835 1.09878 0.954352 0.940912 1.04811
0.916808 0.593124 1.04719 0.95575 0.963477 0.995336
0.962557 0.62203 1.03082 0.98337 0.975926 0.944321
1.00363 0.662789 1.03754 0.99475 0.978874 0.948349
1.03429 0.705642 1.06199 0.981516 0.976986 0.974509
1.05272 0.740071 1.09863 0.993824 0.979404 0.963443
1.06325 0.76466 1.14386 0.98059 0.977516 0.989603
1.06783 0.749856 1.15461 0.99336 0.979669 0.97099
1.06993 0.770156 1.19783 0.980127 0.977781 0.997151
1.07117 0.752604 1.18159 0.993128 0.979802 0.974765
1.06281 0.766204 1.16014 0.979895 0.977913 1.00093
1.06761 0.750628 1.16275 0.993012 0.979868 0.976652
1.05925 0.764228 1.14129 0.979779 0.97798 1.00281
1.06583 0.74964 1.15333 0.992954 0.979901 0.977595
1.05747 0.76324 1.13187 0.979721 0.978013 1.00376
1.07241 0.735053 1.16536 0.992925 0.979917 0.978067
1.05569 0.762252 1.12245 0.979692 0.978029 1.00423
1.04045 0.797281 1.10858 0.992911 0.979926 0.978303
1.01852 0.847351 1.093 0.979677 0.978038 1.00446
1.00129 0.890554 1.0726 0.992904 0.97993 0.978421
0.993499 0.894251 1.04576 0.97967 0.978042 1.00458
0.987559 0.930132 1.03859 0.9929 0.979932 0.97848
0.985708 0.897949 1.01892 0.979667 0.978044 1.00464
0.984783 0.881858 1.00908 1.00613 0.981822 0.952378
0.984321 0.873812 1.00416 0.979663 0.978046 1.0047
0.984089 0.869789 1.0017 0.967937 0.978946 1.06294
0.983974 0.867777 1.00047 0.956689 0.967548 1.07854
0.983916 0.866772 0.999857 0.954206 0.947688 1.1063
0.983887 0.866269 0.999549 0.945441 0.956151 1.09413
0.983872 0.866017 0.999396 0.941059 0.960382 1.08804
0.992118 0.917471 0.988939 0.938868 0.962497 1.085
0.983858 0.865766 0.999242 0.931876 0.993629 1.07712
0.976218 0.844186 1.01334 0.936677 0.964613 1.08195
end
gesture a17 hands 2
0.927279 0.59667 1.1947 0.928265 0.961259 1.09806
0.940542 0.583188 1.17192 0.927809 0.955662 1.0843
0.949385 0.579941 1.11425 0.942734 0.958821 1.05918
0.95925 0.601834 1.06224 0.935043 0.954443 1.06486
0.990126 0.642803 1.0384 0.949969 0.957602 1.03973
1.02018 0.687683 1.04342 0.938661 0.953834 1.05514
1.04065 0.735164 1.06467 0.953586 0.956993 1.03001
1.05429 0.769652 1.09187 0.94047 0.953529 1.05027
1.06893 0.795985 1.13673 0.955395 0.956688 1.02515
1.08373 0.787632 1.13087 0.941374 0.953376 1.04785
1.09799 0.783956 1.17698 0.9563 0.956535 1.02272
1.08519 0.799329 1.1355 0.956752 0.956459 1.02151
1.09853 0.779278 1.12501 0.927353 0.950065 1.07054
1.07239 0.814702 1.09403 0.957204 0.956383 1.02029
1.04328 0.856323 1.07801 0.974763 0.981211 0.972617
1.01662 0.894637 1.06241 0.982502 0.983743 0.977723
0.992968 0.931976 1.03559 0.986372 0.985009 0.980276
0.987189 0.939624 1.0125 0.988306 0.985642 0.981553
0.990456 0.915586 0.999869 0.989273 0.985959 0.982191
0.985933 0.931429 0.994637 0.989757 0.986117 0.98251
0.9892 0.907392 0.982008 0.989999 0.986196 0.982669
0.985305 0.927332 0.985706 0.99012 0.986235 0.982749
0.988572 0.903294 0.973077 0.99018 0.986255 0.982789
0.984991 0.925283 0.981241 0.990211 0.986265 0.982809
0.988258 0.901246 0.968612 0.990226 0.98627 0.982819
0.984834 0.924259 0.979009 0.990233 0.986273 0.982824
0.988101 0.900221 0.96638 1.00885 0.992632 0.927628
0.984756 0.923747 0.977892 0.990241 0.986275 0.982829
0.988023 0.899709 0.965263 0.989094 0.975645 1.0102
0.987983 0.899453 0.964705 0.971636 0.979919 1.03803
0.98141 0.947272 0.989405 0.96679 0.972959 1.06499
0.987944 0.899197 0.964147 0.969341 0.958658 1.09278
0.984228 0.852725 0.989095 0.961945 0.965999 1.09195
0.974879 0.809002 1.02872 0.938445 0.955323 1.08228
0.971263 0.788543 1.04751 0.936339 0.964933 1.05404
end
gesture a17 hands 2
0.906684 0.498686 1.20058 0.932475 0.964042 1.04655
0.910473 0.497868 1.17108 0.945993 0.962854 1.0199
0.925405 0.503619 1.11449 0.956707 0.988757 0.969245
0.961072 0.534803 1.08373 0.982017 0.988932 0.951284
0.994074 0.581249 1.08199 0.989494 0.98895 0.919572
1.01658 0.628233 1.09552 0.998412 0.989028 0.926447
1.03305 0.673243 1.11668 0.986484 0.989269 0.953074
1.04765 0.711238 1.14763 0.996907 0.989187 0.943198
1.06676 0.737834 1.18922 0.98498 0.989428 0.969825
1.08158 0.726955 1.17212 0.996155 0.989267 0.951573
1.09967 0.722649 1.20848 0.984227 0.989508 0.978201
1.0964 0.716076 1.15502 0.995779 0.989307 0.955761
1.07447 0.745443 1.12436 0.983851 0.989547 0.982388
1.04546 0.791556 1.10623 0.995591 0.989327 0.957855
1.02017 0.835289 1.08878 0.983663 0.989567 0.984482
1.00035 0.875364 1.06922 0.995497 0.989337 0.958902
0.982646 0.916741 1.0384 0.983569 0.989577 0.985529
0.981828 0.92285 1.01281 0.995449 0.989341 0.959426
0.986498 0.895779 1.00532 0.983522 0.989582 0.986053
0.983754 0.91237 0.996268 0.995426 0.989344 0.959687
0.988425 0.885299 0.988773 0.983499 0.989585 0.986314
0.984717 0.907129 0.987997 1.00733 0.989106 0.933322
0.989388 0.880058 0.980502 0.983475 0.989587 0.986576
0.985199 0.904509 0.983862 0.966631 0.981732 1.04257
0.989869 0.877438 0.976367 0.970051 0.969552 1.06735
0.98544 0.903199 0.981794 0.97229 0.951358 1.09285
0.99011 0.876128 0.974299 0.97347 0.957373 1.09213
0.98556 0.902544 0.98076 0.959803 0.956237 1.10175
0.990231 0.875473 0.973265 0.954303 0.962327 1.08597
0.98562 0.902217 0.980243 0.959199 0.971802 1.05593
0.990291 0.875146 0.972748 0.948803 0.968417 1.07018
0.98101 0.92896 0.987221 0.943605 0.966724 1.07731
0.990351 0.874818 0.972231 0.941006 0.965877 1.08087
0.981665 0.823588 0.994812 0.946136 0.955102 1.11138
0.969974 0.77885 1.02421 0.938407 0.965031 1.08443
end
gesture a17 hands 2
0.899281 0.511459 1.16291 0.984485 0.968844 1.02987
0.928425 0.512901 1.15679 0.961807 0.9617 1.01184
0.979865 0.537369 1.1492 0.959344 0.938198 1.03827
1.0205 0.574198 1.15695 0.959676 0.936647 1.03953
1.04998 0.613794 1.17629 0.954779 0.909513 1.04367
1.07316 0.649267 1.20401 0.960008 0.935095 1.04079
1.09036 0.647621 1.25181 0.96034 0.933544 1.04206
1.08457 0.628914 1.23561 0.960423 0.933156 1.04237
1.07491 0.640379 1.21414 0.955277 0.907186 1.04556
1.07684 0.625294 1.21677 0.960506 0.932768 1.04269
1.06719 0.636759 1.1953 0.960589 0.93238 1.043
1.07298 0.623483 1.20736 0.96061 0.932283 1.04308
1.06332 0.634948 1.18589 0.955402 0.906604 1.04604
1.07105 0.622578 1.20265 0.960631 0.932186 1.04316
1.06139 0.634043 1.18118 0.960651 0.932089 1.04324
1.06043 0.633591 1.17882 0.960656 0.932065 1.04326
1.07877 0.610208 1.21941 0.955433 0.906458 1.04615
1.05946 0.633138 1.17647 0.960662 0.93204 1.04328
1.04485 0.668118 1.15548 0.960667 0.932016 1.0433
1.03225 0.706138 1.14597 0.960668 0.93201 1.0433
1.01577 0.758118 1.13643 0.95544 0.906422 1.04619
0.999553 0.803434 1.12059 0.960669 0.932004 1.04331
0.982273 0.80039 1.08891 0.960671 0.931998 1.04331
0.973633 0.798868 1.07307 0.960671 0.931997 1.04332
0.969313 0.798107 1.06515 0.955442 0.906413 1.04619
0.967153 0.797727 1.06119 0.960671 0.931995 1.04332
0.966073 0.797536 1.05921 0.960672 0.931993 1.04332
0.965533 0.797441 1.05822 0.955443 0.906411 1.04619
0.965263 0.797394 1.05772 0.960672 0.931993 1.04332
0.965128 0.79737 1.05748 0.960672 0.931992 1.04332
0.96506 0.797358 1.05735 0.950214 0.880828 1.04907
0.965027 0.797352 1.05729 0.960672 0.931992 1.04332
0.98182 0.839048 1.08148 0.96526 0.991078 1.04677
0.964993 0.797346 1.05723 0.950177 0.981065 1.0662
0.956772 0.774049 1.07036 0.911323 0.970681 1.07005
end
gesture a17 hands 2
0.888462 0.588774 1.35398 0.905492 0.962223 1.10335
0.893899 0.601633 1.38049 0.922995 0.962494 1.07944
0.902102 0.600263 1.37896 0.957331 0.959272 1.03181
0.899711 0.591979 1.32044 0.968663 0.941531 1.01311
0.922864 0.599241 1.27327 0.960203 0.937832 1.0434
0.959887 0.635671 1.25051 0.974079 0.955607 1.02796
0.983792 0.677118 1.24842 0.958817 0.982971 1.02757
1.00839 0.72022 1.26109 0.973386 0.978177 1.02005
1.04386 0.720821 1.29277 0.963999 0.974096 1.04804
1.03625 0.688554 1.25101 0.975977 0.97374 1.03028
1.02362 0.706354 1.21106 0.96659 0.969659 1.05827
1.0121 0.739924 1.18726 0.977272 0.971521 1.03539
0.999987 0.784973 1.1727 0.967885 0.96744 1.06338
0.987455 0.833107 1.15979 0.97792 0.970412 1.03795
0.976144 0.874527 1.1307 0.968533 0.966331 1.06594
0.972483 0.874412 1.10864 0.978244 0.969857 1.03923
0.967841 0.847404 1.10758 0.968857 0.965776 1.06722
0.968332 0.86085 1.09709 0.978406 0.96958 1.03987
0.96369 0.833842 1.09603 0.969018 0.965499 1.06786
0.966256 0.854069 1.09131 0.978487 0.969441 1.04019
0.961614 0.827061 1.09025 0.969099 0.965361 1.06818
0.965218 0.850679 1.08842 0.978527 0.969372 1.04035
0.960576 0.823671 1.08736 0.96914 0.965291 1.06834
0.964699 0.848984 1.08697 0.978547 0.969337 1.04043
0.960057 0.821975 1.08591 0.96916 0.965257 1.06842
0.964439 0.848136 1.08625 0.978557 0.96932 1.04047
0.959797 0.821128 1.08519 0.96917 0.965239 1.06846
0.96431 0.847712 1.08589 0.978562 0.969311 1.04049
0.959668 0.820704 1.08483 0.969175 0.965231 1.06848
0.964245 0.8475 1.08571 0.978565 0.969307 1.0405
0.959603 0.820492 1.08465 0.969177 0.965226 1.06849
0.968822 0.874297 1.08659 0.969179 0.965224 1.0685
0.959538 0.82028 1.08447 0.987955 0.973383 1.01252
0.951557 0.775332 1.12296 0.96918 0.965222 1.0685
0.947473 0.751788 1.14008 0.941835 0.969791 1.12101
end
gesture a17 hands 2
0.915835 0.543871 1.30655 0.947188 0.980068 1.102
0.917796 0.546092 1.27691 0.962695 0.978825 1.07667
0.939558 0.54932 1.22832 0.98423 0.981358 1.02229
0.973497 0.579697 1.19619 0.948095 0.954297 1.01495
0.994618 0.624436 1.18783 0.925509 0.905831 1.03935
1.01077 0.675324 1.19275 0.931018 0.90557 1.04095
1.03372 0.720407 1.21389 0.936194 0.933849 1.03358
1.03945 0.701812 1.22133 0.93636 0.919579 1.03806
1.0586 0.716117 1.26033 0.941537 0.947857 1.0307
1.04519 0.683217 1.22877 0.939031 0.926583 1.03662
1.02447 0.70143 1.18115 0.944208 0.954862 1.02925
1.0055 0.749627 1.15216 0.940367 0.930086 1.0359
0.989129 0.79897 1.13485 0.945544 0.958364 1.02853
0.971233 0.815405 1.09951 0.941035 0.931836 1.03554
0.971471 0.84275 1.11011 0.946212 0.960115 1.02817
0.962404 0.837296 1.08714 0.941369 0.932712 1.03536
0.95615 0.810197 1.0894 0.946546 0.960991 1.02799
0.954743 0.821019 1.07678 0.941536 0.93315 1.03527
0.948489 0.793921 1.07904 0.946713 0.961428 1.0279
0.950912 0.812881 1.0716 0.94162 0.933369 1.03522
0.944658 0.785782 1.07386 0.946796 0.961647 1.02785
0.948997 0.808812 1.06901 0.941661 0.933478 1.0352
0.942743 0.781713 1.07127 0.946838 0.961757 1.02783
0.94804 0.806777 1.06772 0.941682 0.933533 1.03519
0.941786 0.779679 1.06997 0.946859 0.961811 1.02782
0.947561 0.80576 1.06707 0.941693 0.93356 1.03519
0.941307 0.778661 1.06933 0.94687 0.961839 1.02782
0.947321 0.805251 1.06675 0.941698 0.933574 1.03518
0.941067 0.778153 1.069 0.946875 0.961852 1.02781
0.947202 0.804997 1.06659 0.936526 0.905309 1.04255
0.940948 0.777898 1.06884 0.94688 0.961866 1.02781
0.940888 0.777771 1.06876 0.970203 0.972151 1.02062
0.953336 0.831841 1.06417 0.964325 0.981435 1.0442
0.940828 0.777644 1.06868 0.965208 0.945692 1.08344
0.932473 0.725175 1.09444 0.941858 0.940993 1.13809
end
gesture a18 hands 2
0.904767 0.568831 1.06985 0.783028 0.693099 1.19009
0.92679 0.572794 1.08953 0.782589 0.679479 1.21649
0.968034 0.57739 1.13201 0.792197 0.628351 1.22446
0.998687 0.591851 1.147 0.823081 0.611871 1.17867
1.01114 0.588575 1.17067 0.847891 0.627263 1.12955
1.02934 0.606311 1.16198 0.862743 0.663042 1.10373
1.07484 0.629747 1.14734 0.872992 0.708304 1.09312
1.11069 0.670828 1.13361 0.886939 0.748966 1.09011
1.13296 0.716907 1.14607 0.915164 0.789812 1.0873
1.13552 0.763388 1.17021 0.961132 0.844218 1.07108
1.12458 0.8112 1.19555 0.998488 0.855177 1.08903
1.10902 0.859245 1.21682 1.0071 0.898625 1.05487
1.09574 0.90852 1.21121 1.00134 0.937132 1.01151
1.0809 0.955315 1.18456 0.979376 0.954543 0.962768
1.06146 0.99371 1.1456 0.981007 0.96904 0.953314
1.04417 1.024 1.10684 0.981822 0.976288 0.948587
1.02897 1.04934 1.0626 0.952364 0.96969 0.912734
1.02259 1.05215 1.03665 0.967501 0.976614 0.928297
1.01985 1.0267 1.02482 0.956039 0.952067 0.938517
1.01803 1.04083 1.01776 0.969338 0.967802 0.941188
1.01529 1.01537 1.00593 0.957877 0.943255 0.951409
1.01575 1.03517 1.00832 0.970257 0.963396 0.947634
1.01301 1.00971 0.996489 0.958795 0.938849 0.957854
1.01461 1.03234 1.00359 0.970716 0.961193 0.950857
1.01187 1.00688 0.991767 0.959255 0.936646 0.961077
1.01404 1.03092 1.00123 0.970946 0.960091 0.952469
1.0113 1.00547 0.989406 0.959484 0.935544 0.962689
1.01376 1.03021 1.00005 0.971061 0.959541 0.953274
1.01102 1.00476 0.988226 0.959599 0.934994 0.963494
1.01361 1.02986 0.999463 0.971118 0.959265 0.953677
1.01087 1.0044 0.987635 0.959657 0.934718 0.963897
1.0108 1.00423 0.98734 0.982637 0.983537 0.94386
1.01621 1.05496 1.0107 0.959714 0.934443 0.9643
1.01073 1.00405 0.987045 0.936772 0.898652 1.0035
1.00447 0.95253 1.00642 0.915453 0.873404 1.04987
end
gesture a18 hands 2
0.938368 0.631959 1.23931 0.807686 0.80461 1.40428
0.945015 0.624699 1.21145 0.813887 0.803563 1.37505
0.936745 0.62574 1.15387 0.820853 0.802919 1.31617
0.915149 0.626511 1.13344 0.846353 0.800056 1.26274
0.901421 0.637803 1.10941 0.836566 0.778205 1.25015
0.914235 0.629825 1.13454 0.831661 0.759901 1.27061
0.893553 0.627283 1.11301 0.840144 0.761028 1.24266
0.927048 0.621847 1.15967 0.83345 0.751312 1.26687
0.973674 0.631071 1.17146 0.841932 0.75244 1.23891
0.969984 0.628944 1.18764 0.834345 0.747018 1.26499
0.996987 0.635683 1.17736 0.842827 0.748146 1.23704
0.981641 0.63125 1.19059 0.834792 0.744871 1.26406
1.00864 0.637989 1.18031 0.843274 0.745999 1.23611
0.987469 0.632403 1.19207 0.835015 0.743798 1.26359
1.01447 0.639142 1.18179 0.843497 0.744925 1.23564
0.990383 0.63298 1.1928 0.835127 0.743261 1.26335
1.01739 0.639719 1.18252 0.843609 0.744389 1.2354
0.99184 0.633268 1.19317 0.835183 0.742993 1.26324
1.01884 0.640007 1.18289 0.843665 0.74412 1.23529
1.01957 0.640151 1.18308 0.843693 0.743986 1.23523
0.966294 0.626817 1.20382 0.826757 0.741597 1.29107
1.0203 0.640295 1.18326 0.843721 0.743852 1.23517
1.06574 0.671135 1.15994 0.858857 0.770405 1.19831
1.11199 0.69931 1.14037 0.870433 0.810572 1.18289
1.14637 0.742388 1.14269 0.887639 0.857871 1.17247
1.16805 0.784519 1.173 0.919114 0.898021 1.15446
1.16433 0.830006 1.20576 0.961004 0.912645 1.1207
1.14582 0.87777 1.21877 0.989137 0.911032 1.07092
1.12863 0.930214 1.20468 0.999038 0.907498 1.01418
1.11245 0.971345 1.17872 1.00665 0.908394 0.95564
1.09821 1.00075 1.15331 0.991549 0.919673 0.901249
1.08174 1.03657 1.11542 0.942818 0.900949 0.878893
1.07167 1.05667 1.06999 0.905212 0.863231 0.904091
1.06191 1.03274 1.02976 0.885588 0.844019 0.955607
1.05421 1.00626 1.0325 0.875133 0.826752 1.04113
end
gesture a18 hands 2
0.950384 0.795123 1.15195 0.872011 0.769618 1.2738
0.967215 0.786325 1.14467 0.862594 0.772125 1.24566
0.963647 0.79492 1.17876 0.860089 0.778111 1.18656
0.954675 0.786553 1.13669 0.874876 0.77728 1.18023
0.984046 0.777526 1.13738 0.868592 0.762615 1.20318
0.963431 0.77752 1.11873 0.871934 0.760141 1.18724
0.945704 0.778185 1.09461 0.889663 0.77645 1.17389
0.942816 0.777514 1.10009 0.875276 0.757667 1.1713
0.941373 0.777178 1.10282 0.868083 0.748276 1.17001
0.916726 0.784263 1.08965 0.877095 0.747119 1.2198
0.940651 0.77701 1.10419 0.86089 0.738885 1.16872
0.916365 0.784179 1.09033 0.872416 0.755712 1.11318
0.94029 0.776926 1.10488 0.889652 0.79256 1.07683
0.940109 0.776884 1.10522 0.902771 0.830484 1.06674
0.892079 0.791349 1.07647 0.917921 0.869355 1.06465
0.939929 0.776842 1.10556 0.943298 0.919302 1.06122
0.982105 0.769747 1.14595 0.973714 0.957805 1.05463
1.0297 0.783778 1.12962 1.00677 0.994037 1.0291
1.07478 0.813164 1.10759 1.02137 1.01805 0.983306
1.11456 0.853921 1.10447 1.01346 1.02231 0.926912
1.15075 0.895268 1.12297 0.974894 1.00341 0.901609
1.17218 0.932547 1.156 0.933367 0.963351 0.908635
1.1712 0.971301 1.18686 0.914244 0.918342 0.935563
1.15856 1.01561 1.2051 0.906383 0.880902 0.976511
1.14185 1.06755 1.19955 0.904654 0.850749 1.02527
1.12494 1.09101 1.16652 0.906639 0.820447 1.07608
1.1039 1.09415 1.1289 0.897977 0.811899 1.07197
1.07543 1.08821 1.08099 0.915504 0.81689 1.049
1.04991 1.07079 1.03259 0.917622 0.812389 1.05414
1.03752 1.0297 0.999363 0.889315 0.803351 1.06786
1.03514 0.974396 1.00964 0.919739 0.807889 1.05928
1.02886 0.92914 1.04344 0.934952 0.810157 1.05498
1.0182 0.881496 1.07457 0.942558 0.811292 1.05284
1.00882 0.829428 1.10075 0.92437 0.813333 1.02192
0.974311 0.783133 1.0932 0.950164 0.812426 1.05069
end
gesture a18 hands 2
0.973706 0.660326 1.14049 0.947996 0.75253 1.24232
0.967009 0.655612 1.16905 0.960948 0.745985 1.23901
0.997171 0.654745 1.21592 0.965963 0.748309 1.21011
1.04479 0.649772 1.19347 0.969932 0.743875 1.22291
1.08264 0.684367 1.17113 0.974947 0.746199 1.19401
1.11123 0.727757 1.17659 0.974424 0.74282 1.21486
1.12226 0.776893 1.19024 0.979439 0.745144 1.18596
1.11804 0.822162 1.20385 0.97667 0.742292 1.21083
1.10848 0.865994 1.21307 0.981685 0.744617 1.18194
1.10002 0.908989 1.19256 0.977793 0.742028 1.20882
1.06548 0.949607 1.12764 0.982808 0.744353 1.17992
1.04577 0.973638 1.09079 0.978354 0.741896 1.20781
1.02577 0.992438 1.05019 0.983369 0.744221 1.17892
1.01526 0.988549 1.02434 0.978635 0.74183 1.20731
1.01291 0.961251 1.01715 0.98365 0.744155 1.17841
1.00884 0.972955 1.00782 0.983791 0.744122 1.17816
1.00649 0.945657 1.00063 0.973901 0.73944 1.2357
1.00562 0.965158 0.999563 0.983931 0.744089 1.17791
1.00327 0.93786 0.992375 0.991476 0.769664 1.12828
1.00402 0.961259 0.995434 0.997418 0.814645 1.09736
1.00167 0.933961 0.988246 1.00433 0.858921 1.0799
1.00321 0.95931 0.993369 1.01925 0.911848 1.06667
1.00086 0.932012 0.986181 1.0418 0.960867 1.04838
1.00281 0.958336 0.992336 1.04556 1.00163 1.01078
1.00046 0.931038 0.985148 1.0231 1.02686 0.965943
1.00261 0.957848 0.99182 0.972427 1.02848 0.937733
1.00026 0.93055 0.984632 0.922624 1.01126 0.913385
1.00016 0.930307 0.984374 0.881143 0.970408 0.919349
1.00476 0.984659 0.998492 0.856946 0.919127 0.934699
1.00006 0.930063 0.984116 0.860598 0.888916 0.982471
1.00064 0.880324 1.01165 0.875255 0.863571 1.03175
1.00578 0.839103 1.04682 0.888812 0.844251 1.08564
1.01323 0.792277 1.08119 0.904406 0.813149 1.13261
1.01573 0.750871 1.12221 0.932685 0.778903 1.1712
1.01624 0.705334 1.15888 0.951005 0.759584 1.18431
end
gesture a18 hands 2
1.06082 0.643628 1.238 0.962739 0.762811 1.25293
1.05455 0.649835 1.26658 0.971048 0.765024 1.22434
1.05415 0.641813 1.26813 0.982889 0.793684 1.17773
1.1026 0.673895 1.2684 0.991832 0.837249 1.15082
1.13757 0.720015 1.27043 1.0054 0.886452 1.13318
1.14849 0.770408 1.27727 1.02866 0.928299 1.11647
1.14206 0.818662 1.28301 1.04446 0.96465 1.07633
1.13259 0.862333 1.27521 1.02979 0.987414 1.02662
1.11778 0.893148 1.24144 0.999321 1.00101 0.980396
1.09597 0.91258 1.2034 0.952439 0.992758 0.949247
1.07522 0.928586 1.16892 0.899227 0.980784 0.929337
1.0509 0.943334 1.12631 0.860538 0.940354 0.91972
1.02777 0.93383 1.07569 0.861504 0.889378 0.948215
1.02182 0.910296 1.06786 0.864615 0.872239 0.971518
1.01973 0.885599 1.08376 0.878437 0.846216 1.0362
1.01779 0.88618 1.07189 0.873082 0.850658 1.01551
1.0157 0.861483 1.08779 0.886904 0.824636 1.08019
1.01578 0.874122 1.07391 0.877315 0.839867 1.03751
1.01369 0.849425 1.0898 0.891137 0.813845 1.10219
1.01478 0.868093 1.07492 0.879431 0.834472 1.0485
1.01269 0.843396 1.09081 0.893253 0.80845 1.11318
1.01427 0.865079 1.07542 0.88049 0.831775 1.054
1.01218 0.840382 1.09132 0.894312 0.805753 1.11868
1.01402 0.863572 1.07567 0.881019 0.830426 1.05675
1.01193 0.838874 1.09157 0.894841 0.804404 1.12143
1.0139 0.862818 1.0758 0.881283 0.829751 1.05813
1.01181 0.838121 1.09169 0.895105 0.803729 1.12281
1.01383 0.862441 1.07586 0.881416 0.829414 1.05881
1.01174 0.837744 1.09176 0.895238 0.803392 1.12349
1.0138 0.862253 1.07589 0.881482 0.829246 1.05916
1.01171 0.837555 1.09179 0.895304 0.803224 1.12384
1.01586 0.886762 1.06003 0.881515 0.829161 1.05933
1.01168 0.837367 1.09182 0.895337 0.803139 1.12401
1.01595 0.789913 1.12305 0.867726 0.855099 0.994821
1.0248 0.766243 1.13772 0.89537 0.803055 1.12418
end
gesture a18 hands 2
1.02256 0.676875 1.18669 0.886406 0.734937 1.23795
1.00133 0.676377 1.20757 0.877842 0.72648 1.26513
1.00303 0.67609 1.26066 0.878125 0.713638 1.3229
1.04688 0.686453 1.29526 0.908329 0.714227 1.27333
1.09011 0.716068 1.31195 0.93137 0.736233 1.22985
1.11238 0.764804 1.32461 0.949572 0.776897 1.19964
1.11557 0.815041 1.33066 0.961702 0.813315 1.18541
1.11005 0.86759 1.32129 0.98558 0.859638 1.16733
1.10135 0.902518 1.29273 1.00383 0.902669 1.13495
1.06229 0.944243 1.21415 1.00746 0.939735 1.09379
1.04298 0.967845 1.1732 0.993989 0.969194 1.04845
1.02777 0.983281 1.12784 0.98032 0.979445 1.02545
1.02166 0.967303 1.08025 0.944159 0.988537 0.979208
1.02391 0.939161 1.07608 0.940307 0.982148 0.974277
1.02575 0.895069 1.11244 0.966651 0.989697 1.00245
1.02595 0.903044 1.09218 0.936455 0.975758 0.969347
1.0278 0.858952 1.12853 0.921356 0.968789 0.952795
1.02698 0.884985 1.10022 0.913807 0.965305 0.944519
1.02882 0.840893 1.13657 0.894329 1.00788 0.909966
1.02749 0.875956 1.10424 0.906258 0.96182 0.936243
1.02933 0.831863 1.1406 0.914961 0.925202 0.981166
1.02774 0.871441 1.10625 0.916075 0.906829 1.00325
1.02958 0.827349 1.14261 0.922045 0.870422 1.04696
1.02787 0.869184 1.10726 0.919618 0.879439 1.03614
1.02971 0.825091 1.14361 0.925587 0.843033 1.07985
1.02794 0.868055 1.10776 0.921389 0.865744 1.05259
1.02978 0.823963 1.14412 0.927358 0.829338 1.0963
1.02797 0.867491 1.10801 0.922274 0.858896 1.06082
1.02981 0.823398 1.14437 0.928244 0.82249 1.10453
1.02982 0.823116 1.14449 0.922717 0.855473 1.06493
1.02616 0.911019 1.07191 0.928686 0.819067 1.10864
1.02984 0.822834 1.14462 0.91719 0.888455 1.02533
1.03806 0.766673 1.14917 0.929129 0.815643 1.11275
1.02473 0.737479 1.10275 0.931126 0.773694 1.15388
0.990161 0.727318 1.05698 0.921274 0.749568 1.20562
end
gesture a18 hands 2
1.0886 0.785273 1.11996 0.873721 0.734888 1.2689
1.11283 0.779269 1.13581 0.860023 0.729972 1.27219
1.16257 0.77722 1.16884 0.884971 0.735986 1.25785
1.21582 0.751374 1.17075 0.846325 0.725057 1.27547
1.26338 0.771513 1.17864 0.896222 0.737083 1.24681
1.27657 0.784888 1.13116 0.944141 0.74341 1.21348
1.30673 0.831432 1.11336 0.954656 0.702662 1.18543
1.30909 0.888316 1.12742 0.969684 0.696927 1.1311
1.30508 0.936017 1.14284 0.973591 0.719796 1.08851
1.29181 0.987535 1.14615 0.975282 0.762368 1.0612
1.27761 1.02838 1.12814 0.977031 0.808095 1.047
1.26146 1.03505 1.11069 0.98105 0.850178 1.03181
1.23818 1.02548 1.10929 0.984347 0.886009 1.00398
1.24174 1.03361 1.10126 0.968456 0.895115 0.957418
1.21847 1.02402 1.09986 0.926157 0.873081 0.980941
1.23189 1.03288 1.09654 0.91362 0.877285 1.03722
1.20862 1.02329 1.09515 0.92641 0.840031 1.06672
1.22696 1.03251 1.09419 0.936972 0.860326 1.08713
1.20369 1.02293 1.0928 0.9392 0.802777 1.09621
1.2245 1.03233 1.09301 0.945669 0.779231 1.1243
1.20122 1.02275 1.09162 0.953393 0.801362 1.14583
1.22327 1.03224 1.09242 0.957256 0.812427 1.1566
1.19999 1.02266 1.09103 0.959187 0.817959 1.16199
1.22265 1.0322 1.09213 0.958945 0.773135 1.18086
1.19938 1.02262 1.09073 0.961118 0.823492 1.16737
1.22234 1.03217 1.09198 0.987114 0.841524 1.15683
1.19907 1.02259 1.09059 1.00011 0.850539 1.15155
1.24531 1.04173 1.09323 1.00661 0.855047 1.14892
1.19876 1.02257 1.09044 1.00986 0.857301 1.1476
1.14737 1.00811 1.08159 1.01149 0.858428 1.14694
1.10111 0.98547 1.06112 1.0123 0.858992 1.14661
1.05519 0.97887 1.0402 1.0127 0.859273 1.14644
1.00902 0.975105 1.01812 0.960368 0.878518 1.15444
0.956345 0.960986 1.00238 1.01311 0.859555 1.14628
0.910787 0.928984 1.0183 1.06418 0.837176 1.15128
end
gesture a18 hands 2
0.854711 1.24681 0.59665 0.661171 0.856111 1.08418
0.863384 1.24255 0.607504 0.65784 0.874301 1.06151
0.872905 1.22909 0.629117 0.665936 0.912653 1.01978
0.872481 1.23369 0.623738 0.684366 0.926874 1.00466
0.882002 1.22024 0.645351 0.710716 0.921835 1.01393
0.87703 1.22926 0.631855 0.706756 0.931465 1.00174
0.88655 1.21581 0.653468 0.733106 0.926426 1.01101
0.879304 1.22704 0.635914 0.717952 0.933761 1.00028
0.888825 1.21359 0.657527 0.744301 0.928721 1.00954
0.880441 1.22594 0.637943 0.723549 0.934908 0.999544
0.889962 1.21249 0.659556 0.749899 0.929869 1.00881
0.88101 1.22538 0.638957 0.726348 0.935482 0.999178
0.89053 1.21193 0.66057 0.752697 0.930443 1.00845
0.881294 1.22511 0.639465 0.727747 0.935769 0.998995
0.890815 1.21166 0.661078 0.754097 0.93073 1.00826
0.881436 1.22497 0.639718 0.728447 0.935912 0.998904
0.890957 1.21152 0.661331 0.754796 0.930874 1.00817
0.881507 1.2249 0.639845 0.728797 0.935984 0.998858
0.891028 1.21145 0.661458 0.755146 0.930945 1.00813
0.881543 1.22486 0.639909 0.728972 0.93602 0.998835
0.891063 1.21141 0.661522 0.755321 0.930981 1.0081
0.881561 1.22485 0.63994 0.729059 0.936038 0.998824
0.891081 1.2114 0.661553 0.755409 0.930999 1.00809
0.88157 1.22484 0.639956 0.729103 0.936047 0.998818
0.89109 1.21139 0.661569 0.755452 0.931008 1.00809
0.881574 1.22483 0.639964 0.729125 0.936051 0.998815
0.891095 1.21138 0.661577 0.755474 0.931013 1.00808
0.891097 1.21138 0.661581 0.729136 0.936054 0.998814
0.872058 1.23828 0.618359 0.755485 0.931015 1.00808
0.891099 1.21138 0.661585 0.755491 0.931016 1.00808
0.895496 1.18116 0.702853 0.702797 0.941095 0.989545
0.895604 1.15168 0.746049 0.755496 0.931017 1.00808
0.899136 1.12497 0.787359 0.798783 0.916675 1.0438
0.904364 1.09345 0.835369 0.838657 0.902873 1.08287
0.905823 1.07845 0.856766 0.856234 0.895622 1.1047
end
gesture a18 hands 2
1.10922 0.806267 1.2371 0.952063 0.71868 1.20962
1.12305 0.812695 1.26264 0.952807 0.716958 1.18082
1.17649 0.819754 1.2653 0.956925 0.738006 1.13266
1.2031 0.835763 1.21793 0.959828 0.778387 1.10368
1.21994 0.882723 1.19066 0.962461 0.819837 1.08784
1.24621 0.929937 1.18705 0.966582 0.85699 1.06939
1.24901 0.986552 1.19439 0.97245 0.887059 1.02754
1.2386 1.0356 1.19243 0.966236 0.877896 1.00286
1.22611 1.07121 1.16812 0.94513 0.863408 1.01501
1.19288 1.07563 1.1349 0.952576 0.866071 0.996594
1.14877 1.05066 1.12393 0.931471 0.851583 1.00874
1.10258 1.02138 1.12136 0.945746 0.860158 0.993461
1.05903 0.999603 1.12262 0.924641 0.845671 1.00561
1.01542 0.977636 1.10601 0.921226 0.842714 1.00405
0.980328 0.969108 1.06508 0.960022 0.868733 0.978178
0.958621 0.981652 1.01986 0.917811 0.839758 1.00248
0.962933 1.01302 0.983906 0.887588 0.825207 1.04793
0.979694 1.02498 0.971189 0.914156 0.822396 1.09407
0.994873 1.00912 0.984291 0.949337 0.785502 1.11767
0.995664 1.02303 0.971382 0.996545 0.802931 1.13645
1.01084 1.00717 0.984483 1.04118 0.832222 1.14461
1.00365 1.02206 0.971478 1.08148 0.863357 1.16812
1.01883 1.0062 0.98458 1.09639 0.89414 1.20702
1.00764 1.02157 0.971526 1.07982 0.9328 1.21387
1.02282 1.00572 0.984628 1.04482 0.9543 1.19787
1.00964 1.02133 0.97155 0.999548 0.951185 1.17097
1.02481 1.00547 0.984652 0.960933 0.948148 1.12962
0.996455 1.03694 0.958473 0.951715 0.904926 1.11125
1.02681 1.00523 0.984676 0.944279 0.917109 1.08643
1.03984 0.968278 1.02481 0.942496 0.861704 1.09288
1.06547 0.939265 1.06528 0.94085 0.810518 1.11676
1.10015 0.907187 1.10196 0.946451 0.757921 1.14121
1.13013 0.865411 1.13044 0.973083 0.736051 1.13794
1.14259 0.816565 1.15872 0.974921 0.710159 1.15101
1.13976 0.797463 1.18138 0.999714 0.714182 1.13467
end
gesture a18 hands 2
1.00661 0.667514 0.993589 0.942271 0.629649 1.21017
1.01585 0.669793 1.0043 0.938928 0.617432 1.21786
0.989592 0.682175 0.974023 0.938422 0.617752 1.1887
1.02508 0.672073 1.01501 0.937003 0.611483 1.20713
1.07945 0.67963 1.0363 0.936497 0.611804 1.17797
1.10539 0.695779 1.05092 0.936041 0.608509 1.20177
1.12664 0.692078 1.05192 0.935535 0.60883 1.17261
1.1652 0.697103 1.09585 0.93556 0.607022 1.19908
1.19045 0.711529 1.14124 0.935054 0.607343 1.16992
1.21035 0.738502 1.18977 0.935319 0.606279 1.19774
1.21338 0.772412 1.21792 0.934813 0.6066 1.16858
1.20837 0.823688 1.21616 0.935584 0.605214 1.22556
1.18937 0.859286 1.19078 0.934573 0.605856 1.16724
1.1575 0.886376 1.16645 0.93577 0.640707 1.13082
1.12323 0.913161 1.1437 0.938316 0.681894 1.11409
1.10544 0.929628 1.13087 0.942764 0.726918 1.10355
1.074 0.969743 1.10841 0.947416 0.767457 1.09011
1.08082 0.957919 1.11323 0.951864 0.809098 1.05904
1.04939 0.998031 1.09076 0.94817 0.825817 1.00855
1.06851 0.972064 1.1044 0.91143 0.811622 0.96578
1.03708 1.01218 1.08193 0.871408 0.785876 0.98916
1.06236 0.979136 1.09999 0.857775 0.774202 1.04297
1.03092 1.01925 1.07752 0.866492 0.775765 1.0994
1.05928 0.982672 1.09779 0.882635 0.811105 1.13645
1.02785 1.02278 1.07532 0.917323 0.85204 1.13139
1.05774 0.98444 1.09668 0.929632 0.90416 1.12212
1.02631 1.02455 1.07421 0.955206 0.954164 1.11283
1.02554 1.02544 1.07366 0.980073 0.950769 1.10527
1.08764 0.946096 1.11805 0.992507 0.949072 1.10149
1.02477 1.02632 1.07311 0.994308 0.994092 1.10023
0.987469 1.0351 1.06157 1.00494 0.947374 1.09771
0.972941 1.0068 1.01334 0.992572 0.89567 1.10682
0.974801 0.951603 1.00768 0.978506 0.840981 1.11656
0.979788 0.896107 1.01494 0.966343 0.786709 1.1275
0.989723 0.8112 1.02384 0.962018 0.730845 1.14461
end
gesture a18 hands 2
1.05188 0.787512 1.0701 1.01079 0.813638 1.06127
1.02753 0.789966 1.05293 0.999167 0.800637 1.08561
1.02476 0.786813 1.05363 0.981876 0.777479 1.13714
1.02912 0.789154 1.05099 0.98648 0.759997 1.13893
1.06425 0.781131 1.05597 0.992862 0.762414 1.19022
1.11229 0.798143 1.02831 0.991083 0.742515 1.14072
1.15861 0.828425 1.0076 0.987385 0.770596 1.09871
1.19154 0.816721 1.04362 0.988226 0.817004 1.07195
1.20941 0.810097 1.09847 0.990948 0.863184 1.05624
1.23153 0.816572 1.1478 0.993642 0.903221 1.03764
1.24581 0.841347 1.19098 0.994395 0.943524 1.00082
1.24634 0.883372 1.2149 0.986169 0.944831 0.975194
1.23941 0.932837 1.21711 0.966993 0.925626 0.966246
1.22114 0.971632 1.19765 0.972468 0.935882 0.957907
1.18359 0.980418 1.16557 0.953292 0.916677 0.94896
1.1391 0.960813 1.14489 0.977943 0.946138 0.949567
1.11735 0.955796 1.13138 0.939591 0.907728 0.931673
1.0946 0.941207 1.12421 0.905175 0.878262 0.959583
1.05111 0.931174 1.09718 0.902982 0.868317 1.01666
1.01162 0.932169 1.06449 0.91798 0.864464 1.07244
0.980526 0.946509 1.0208 0.936357 0.857867 1.12344
0.983441 0.927092 0.991073 0.952871 0.840605 1.17576
0.984899 0.917384 0.976207 0.943014 0.836293 1.20732
0.975843 0.935944 0.971166 0.960553 0.822344 1.23078
0.985627 0.912529 0.968775 0.933156 0.831981 1.23889
0.976208 0.933517 0.96745 0.923817 0.823405 1.23759
0.985992 0.910102 0.965058 0.919147 0.819117 1.23694
0.97639 0.932303 0.965592 0.916813 0.816973 1.23662
0.986174 0.908889 0.9632 0.915645 0.815901 1.23646
0.976481 0.931696 0.964663 0.936635 0.804308 1.27583
0.986265 0.908282 0.962271 0.914478 0.814829 1.23629
0.98631 0.907978 0.961807 0.905759 0.841618 1.247
0.966788 0.954504 0.966125 0.892321 0.825351 1.19676
0.986356 0.907675 0.961342 0.922189 0.816026 1.14808
1.00475 0.869844 1.00267 0.967229 0.808845 1.0729
end
gesture a18 hands 2
1.04129 0.789338 1.07504 0.96038 0.737041 1.10191
1.06908 0.794418 1.08499 0.958381 0.73778 1.13176
1.11886 0.818452 1.09569 0.956047 0.729679 1.18864
1.12049 0.789296 1.14672 0.957837 0.700999 1.14923
1.15173 0.777772 1.16536 0.956232 0.72194 1.10023
1.19275 0.787694 1.20549 0.957959 0.759689 1.07826
1.22052 0.808575 1.25112 0.968402 0.849892 1.04958
1.23441 0.844389 1.28194 0.975018 0.889835 1.02342
1.23968 0.889213 1.29719 0.975122 0.899164 0.966275
1.23387 0.941873 1.28793 0.961877 0.879655 0.957849
1.21183 0.974279 1.26146 0.951913 0.862435 0.979691
1.1937 0.976432 1.24534 0.950273 0.86129 0.964557
1.15557 0.962761 1.22014 0.940309 0.84407 0.986399
1.16558 0.970673 1.22468 0.934506 0.834887 0.989753
1.12744 0.957002 1.19948 0.948633 0.860146 0.949423
1.15151 0.967793 1.21435 0.928704 0.825705 0.993107
1.11337 0.954122 1.18914 0.919534 0.803296 1.04493
1.14448 0.966354 1.20918 0.923483 0.795027 1.10156
1.10634 0.952683 1.18398 0.944519 0.824134 1.14731
1.14096 0.965634 1.2066 0.95649 0.868861 1.18084
1.10283 0.951963 1.18139 0.968912 0.908762 1.21975
1.1392 0.965274 1.20531 0.962124 0.91981 1.23388
1.10107 0.951603 1.1801 0.972761 0.946662 1.26451
1.13832 0.965094 1.20466 0.955336 0.930858 1.24801
1.10019 0.951423 1.17946 0.946623 0.922956 1.23976
1.09975 0.951333 1.17913 0.942267 0.919005 1.23564
1.17558 0.978585 1.22922 0.940089 0.91703 1.23357
1.09931 0.951243 1.17881 0.939 0.916042 1.23254
1.06444 0.942561 1.14828 0.938455 0.915548 1.23203
1.03027 0.940086 1.11091 0.938183 0.915301 1.23177
1.00325 0.943498 1.06648 0.945666 0.95002 1.27492
0.988315 0.935664 1.01326 0.937911 0.915054 1.23151
1.01291 0.887045 1.00726 0.94005 0.874928 1.19
1.03827 0.839428 1.03287 0.943533 0.840481 1.14479
1.05546 0.818273 1.04386 0.970994 0.784996 1.081
end
gesture a18 hands 2
1.06933 0.70405 1.14446 0.943578 0.86448 1.15618
1.08244 0.703276 1.15165 0.933916 0.852119 1.13099
1.07386 0.708951 1.12394 0.921412 0.860016 1.10773
1.0847 0.705727 1.14139 0.930063 0.850369 1.10798
1.07612 0.711402 1.11369 0.938547 0.853128 1.08182
1.08584 0.706952 1.13626 0.93863 0.846926 1.09502
1.07726 0.712628 1.10856 0.947115 0.849685 1.06887
1.0864 0.707565 1.1337 0.942914 0.845204 1.08854
1.07782 0.71324 1.10599 0.951399 0.847963 1.06239
1.08669 0.707871 1.13242 0.945056 0.844343 1.0853
1.07811 0.713547 1.10471 0.953541 0.847102 1.05915
1.08683 0.708024 1.13178 0.938713 0.840723 1.10822
1.07825 0.7137 1.10407 0.955683 0.846241 1.05591
1.0869 0.708101 1.13146 0.968221 0.884684 1.02516
1.07832 0.713776 1.10375 0.981898 0.935103 0.998418
1.08693 0.708139 1.1313 0.988769 0.967206 0.960798
1.07835 0.713815 1.10359 0.970107 0.950837 0.952695
1.08695 0.708158 1.13122 0.960777 0.942653 0.948643
1.07837 0.713834 1.10351 0.956111 0.938561 0.946617
1.09555 0.702502 1.15884 0.953779 0.936515 0.945604
1.07839 0.713853 1.10343 0.952612 0.935492 0.945097
1.03212 0.728406 1.07835 0.952029 0.934981 0.944844
0.989933 0.736918 1.04029 0.951738 0.934725 0.944718
0.970781 0.767894 1.02744 0.974353 0.971257 0.910319
0.98485 0.815283 1.04007 0.951446 0.934469 0.944591
0.986749 0.859284 1.07291 0.944253 0.917281 0.99614
0.984186 0.905459 1.10016 0.94232 0.910529 1.05133
0.983338 0.95978 1.10121 0.939061 0.898772 1.10509
0.969916 0.999879 1.06406 0.922264 0.891429 1.12315
0.953425 1.02913 1.02524 0.922602 0.900871 1.09539
0.933254 1.05457 0.981929 0.924558 0.89546 1.10483
0.912453 1.03547 0.936347 0.905466 0.884086 1.14121
0.925012 0.982704 0.950649 0.926514 0.890049 1.11426
0.947819 0.945378 0.987146 0.906144 0.90297 1.08568
0.9703 0.909535 1.02669 0.947562 0.896011 1.08732
end
gesture a18 hands 2
1.06045 0.692945 1.19504 0.956291 0.875044 1.15124
1.05356 0.690656 1.16611 0.953236 0.860678 1.149
1.02749 0.687321 1.11269 0.954131 0.858585 1.17848
1.02729 0.702787 1.09818 0.950181 0.846313 1.14677
1.04796 0.749411 1.07576 0.947385 0.83886 1.14885
1.05264 0.800211 1.09127 0.945987 0.835134 1.14989
1.04626 0.845801 1.11285 0.95197 0.842127 1.20571
1.03701 0.897903 1.12507 0.944589 0.831407 1.15093
1.02696 0.946983 1.10993 0.958788 0.860626 1.10477
1.00671 0.976373 1.06935 0.969499 0.904699 1.07426
0.982061 1.00157 1.02512 0.977095 0.93952 1.03971
0.956932 1.01793 0.984749 0.956187 0.944606 1.01372
0.937685 0.982765 0.951812 0.967519 0.958785 0.989237
0.946748 0.96024 0.964889 0.93528 0.949692 0.987722
0.967806 0.922501 1.00198 0.919226 0.931208 1.04004
0.961809 0.930108 0.989973 0.919958 0.915853 1.095
0.982867 0.892369 1.02706 0.928823 0.894014 1.14801
0.969339 0.915042 1.00251 0.931535 0.886151 1.16315
0.990397 0.877302 1.0396 0.938793 0.874985 1.20173
0.973104 0.907509 1.00878 0.934246 0.878287 1.1783
0.994162 0.869769 1.04587 0.931973 0.879939 1.16658
0.974987 0.903742 1.01192 0.942065 0.875871 1.18738
0.996044 0.866003 1.04901 0.930836 0.880764 1.16072
0.975928 0.901859 1.01349 0.941497 0.876284 1.18445
0.996986 0.864119 1.05057 0.930267 0.881177 1.15779
0.976399 0.900917 1.01427 0.941213 0.87649 1.18299
0.997456 0.863178 1.05136 0.929983 0.881384 1.15632
0.976634 0.900446 1.01466 0.941071 0.876593 1.18226
0.997692 0.862707 1.05175 0.929841 0.881487 1.15559
0.976752 0.900211 1.01486 0.952158 0.871803 1.20819
0.997809 0.862471 1.05194 0.929699 0.88159 1.15486
0.997868 0.862354 1.05204 0.916396 0.895552 1.10147
0.955812 0.937715 0.977966 0.932401 0.890797 1.07201
0.997927 0.862236 1.05214 0.928546 0.90114 1.04419
1.00872 0.840742 1.06707 0.948406 0.886043 1.04255
end
gesture a18 hands 2
1.05226 0.73054 1.16005 0.959814 0.869999 1.0539
1.04788 0.719241 1.13266 0.932726 0.860098 1.05995
1.03602 0.752087 1.10178 0.94157 0.850548 1.05962
1.04958 0.803406 1.10157 0.955086 0.885351 1.02271
1.05028 0.851875 1.12213 0.968714 0.932372 0.996046
1.04429 0.904584 1.14164 0.950264 0.938961 0.97476
1.03866 0.954631 1.13525 0.974077 0.963277 0.950776
1.01995 0.982445 1.09652 0.931813 0.94555 0.953474
0.99276 0.988948 1.05016 0.912475 0.93228 1.00516
0.964457 0.998497 1.00154 0.902992 0.913668 1.06103
0.932451 0.994138 0.953709 0.920399 0.893639 1.11194
0.930313 0.970953 0.951533 0.927428 0.882113 1.13795
0.940217 0.950509 0.969807 0.939405 0.872743 1.16338
0.934196 0.949139 0.959583 0.934456 0.870587 1.16395
0.9441 0.928694 0.977856 0.931982 0.86951 1.16424
0.936137 0.938232 0.963607 0.941555 0.861484 1.19068
0.946042 0.917787 0.981881 0.930745 0.868971 1.16439
0.937108 0.932778 0.965619 0.940936 0.861214 1.19075
0.947012 0.912334 0.983893 0.930127 0.868701 1.16446
0.937593 0.930051 0.966625 0.940627 0.86108 1.19078
0.947498 0.909607 0.984899 0.929817 0.868567 1.16449
0.937836 0.928688 0.967128 0.940472 0.861012 1.1908
0.94774 0.908243 0.985402 0.929663 0.868499 1.16451
0.937957 0.928006 0.96738 0.940395 0.860979 1.19081
0.947862 0.907562 0.985654 0.929585 0.868466 1.16452
0.938018 0.927665 0.967506 0.940356 0.860962 1.19082
0.947922 0.907221 0.985779 0.929547 0.868449 1.16453
0.938048 0.927495 0.967569 0.940337 0.860953 1.19082
0.947953 0.90705 0.985842 0.929527 0.86844 1.16453
0.947968 0.906965 0.985874 0.951127 0.853458 1.21711
0.928174 0.947769 0.949358 0.929508 0.868432 1.16453
0.947983 0.90688 0.985905 0.913265 0.885925 1.11008
0.968426 0.87548 1.02676 0.916981 0.872859 1.11146
0.988569 0.84019 1.06597 0.94234 0.859808 1.13357
1.00349 0.79362 1.09772 0.920696 0.859794 1.11284
end
gesture a18 hands 2
0.899147 0.808071 1.051 0.829826 0.68632 1.20432
0.906545 0.815187 1.02309 0.834769 0.677624 1.23229
0.958966 0.824736 0.998094 0.843713 0.685777 1.2339
0.964182 0.797761 1.02809 0.840809 0.714846 1.18332
0.985092 0.818047 1.03274 0.824463 0.739195 1.13307
0.969399 0.770786 1.05809 0.807313 0.69917 1.16247
0.974127 0.770371 1.06568 0.819917 0.653408 1.19605
0.974824 0.741487 1.06527 0.833788 0.64135 1.17566
0.97649 0.770164 1.06947 0.843325 0.656176 1.16052
0.976006 0.741383 1.06716 0.845492 0.642734 1.15789
0.977672 0.77006 1.07136 0.855028 0.65756 1.14275
0.976597 0.741331 1.06811 0.851344 0.643426 1.149
0.978263 0.770008 1.07231 0.86088 0.658252 1.13386
0.976893 0.741305 1.06859 0.85427 0.643772 1.14456
0.978559 0.769982 1.07279 0.863806 0.658598 1.12942
0.97704 0.741292 1.06882 0.855733 0.643945 1.14234
0.978706 0.769969 1.07302 0.865269 0.658771 1.1272
0.977114 0.741286 1.06894 0.856464 0.644032 1.14123
0.97878 0.769962 1.07314 0.866001 0.658858 1.12609
0.977151 0.741283 1.069 0.85683 0.644075 1.14068
0.978817 0.769959 1.0732 0.866366 0.658901 1.12554
0.97717 0.741281 1.06903 0.857013 0.644096 1.1404
0.978836 0.769958 1.07323 0.866549 0.658922 1.12526
0.977179 0.74128 1.06905 0.857104 0.644107 1.14026
0.978845 0.769957 1.07325 0.866641 0.658933 1.12512
0.977183 0.74128 1.06905 0.85715 0.644113 1.14019
0.978849 0.769956 1.07325 0.866686 0.658939 1.12505
0.975522 0.712603 1.06486 0.847659 0.629292 1.15526
0.978854 0.769956 1.07326 0.866732 0.658944 1.12498
1.00748 0.817742 1.06319 0.879203 0.703558 1.10579
1.03579 0.866364 1.05866 0.887881 0.742091 1.09479
1.04861 0.921788 1.06252 0.900277 0.791989 1.07609
1.04549 0.976566 1.07409 0.910595 0.835066 1.05755
1.01497 0.995507 1.08141 0.935984 0.850342 1.06558
0.98434 0.978453 1.0419 0.949885 0.830498 1.07578
end
gesture a18 hands 2
0.990655 0.728537 1.05787 0.943284 0.753961 1.40541
1.00778 0.736503 1.08037 0.948239 0.767807 1.37996
0.99726 0.730997 1.13319 0.964881 0.78618 1.32976
0.976875 0.725825 1.10612 0.931646 0.782241 1.29552
0.94705 0.712738 1.11787 0.91827 0.764943 1.3153
0.95177 0.716695 1.09846 0.89841 0.778302 1.26127
0.959053 0.719727 1.12476 0.895962 0.778659 1.22822
0.957771 0.72019 1.1019 0.894447 0.799671 1.20591
0.965055 0.723221 1.12821 0.893515 0.779015 1.19517
0.968055 0.724968 1.12994 0.865245 0.779035 1.20533
0.95649 0.720653 1.07905 0.851111 0.779045 1.21041
0.971056 0.726715 1.13166 0.881448 0.760421 1.24854
0.966682 0.692117 1.16745 0.836976 0.779055 1.21549
0.967598 0.66089 1.15691 0.801144 0.807822 1.17992
0.955127 0.635873 1.16016 0.781536 0.790894 1.1643
0.968515 0.629662 1.14637 0.754886 0.827576 1.15675
0.975209 0.626556 1.13947 0.761927 0.773966 1.14868
0.978556 0.625003 1.13602 0.805175 0.747925 1.12769
0.980229 0.624227 1.1343 0.844522 0.766074 1.09788
0.981065 0.623839 1.13344 0.867518 0.804749 1.08086
0.981484 0.623645 1.13301 0.885458 0.849098 1.06771
0.981693 0.623548 1.1328 0.904955 0.891238 1.04755
0.960487 0.579467 1.15386 0.927973 0.924451 1.01607
0.981902 0.623451 1.13258 0.95266 0.948698 0.971712
1.01132 0.673508 1.12675 0.972211 0.971927 0.965302
1.04315 0.71943 1.11493 0.981986 0.983541 0.962097
1.06432 0.769999 1.11307 0.986873 0.989349 0.960495
1.07096 0.8281 1.12167 0.989317 0.992252 0.959693
1.06573 0.880493 1.13497 0.990539 0.993704 0.959293
1.0595 0.932824 1.14214 0.973406 0.958979 0.917178
1.06031 0.978946 1.1216 0.991761 0.995156 0.958892
1.04902 1.02045 1.08751 0.979787 1.03952 0.995799
1.03351 1.05269 1.05306 0.963085 1.02099 1.04404
1.01276 1.07565 1.0101 0.956854 0.969395 1.07274
0.997792 1.05145 0.968135 0.956785 0.92446 1.11115
end
gesture a18 hands 2
0.952877 0.862699 0.900816 0.972522 0.878208 1.17552
0.95081 0.860832 0.929932 0.980801 0.872864 1.2038
0.940438 0.857978 0.986397 0.943839 0.851865 1.18185
0.921615 0.847567 1.0408 0.935334 0.853141 1.12379
0.899196 0.827196 1.09139 0.935592 0.877535 1.0705
0.924098 0.835446 1.03811 0.92055 0.910507 1.02546
0.970678 0.85181 1.01148 0.869056 0.929811 1.00807
0.99069 0.845314 1.03202 0.813854 0.949307 1.01023
0.973486 0.798494 1.06055 0.845742 0.919846 1.04851
0.958129 0.742376 1.06286 0.883241 0.915495 1.03077
0.950204 0.686212 1.07214 0.849588 0.943896 0.994692
0.951599 0.684884 1.0746 0.793543 0.94717 0.998014
0.950811 0.712033 1.06594 0.771369 0.90463 1.01998
0.951903 0.697794 1.0715 0.800053 0.857071 1.01303
0.951115 0.724943 1.06284 0.845189 0.858727 0.987015
0.952994 0.683555 1.07706 0.876377 0.894836 0.968612
0.951419 0.737853 1.05974 0.89197 0.93165 0.96194
0.973423 0.784996 1.03574 0.911902 0.981221 0.952238
1.00284 0.828353 1.01546 0.939773 1.02232 0.928021
1.03901 0.87095 1.01025 0.982495 1.02447 0.894852
1.07028 0.904628 1.03326 0.994309 0.971034 0.887819
1.0866 0.93593 1.07205 0.957689 0.931773 0.865217
1.08744 0.976679 1.10887 0.937063 0.951663 0.893326
1.08879 1.02849 1.12395 0.972601 0.978495 0.930317
1.08822 1.07525 1.10575 1.00221 0.974867 0.978736
1.07098 1.11346 1.06789 1.0052 0.955504 1.03031
1.04831 1.13443 1.02883 1.00357 0.946487 1.08218
1.0184 1.13772 0.981876 1.00157 0.936692 1.13858
1.00498 1.094 0.954466 0.979 0.906729 1.17309
1.01363 1.04583 0.977205 0.958713 0.896556 1.11874
1.02645 1.01046 1.01709 0.943813 0.896889 1.06235
1.01774 0.965389 1.05311 0.963704 0.885391 1.01446
0.98734 0.917947 1.05241 0.980858 0.861475 1.06439
0.956192 0.869106 1.05473 0.992374 0.858183 1.1228
0.946237 0.838642 1.02495 0.996914 0.859026 1.1522
end
gesture a18 hands 2
0.925647 0.7488 1.04239 0.869617 0.868747 1.17535
0.953145 0.753483 1.05265 0.895077 0.854475 1.16945
0.996723 0.765122 1.08683 0.910939 0.844347 1.17562
1.01744 0.768097 1.09007 0.915195 0.846993 1.11689
1.0396 0.779139 1.07412 0.93618 0.840332 1.06243
1.03888 0.775105 1.08371 0.978077 0.840301 1.02058
1.06104 0.786147 1.06776 1.00786 0.852251 0.973622
1.0496 0.77861 1.08053 1.02301 0.895868 0.946152
1.07176 0.789652 1.06459 1.03718 0.948039 0.927897
1.05496 0.780362 1.07894 1.03154 0.972384 0.892379
1.07712 0.791404 1.063 1.05324 0.987541 0.899432
1.05764 0.781238 1.07815 1.03957 0.992135 0.878147
1.0798 0.79228 1.0622 1.01758 0.991372 0.894371
1.05898 0.781676 1.07775 1.02174 0.994051 0.875616
1.08114 0.792718 1.06181 0.999747 0.993288 0.891841
1.05965 0.781895 1.07755 1.01283 0.995009 0.874351
1.08181 0.792937 1.06161 0.990831 0.994246 0.890575
1.05998 0.782004 1.07745 1.00837 0.995488 0.873718
1.08214 0.793047 1.06151 0.986374 0.994725 0.889943
1.08231 0.793101 1.06146 1.00614 0.995727 0.873402
1.03816 0.771072 1.0933 0.984145 0.994964 0.889626
1.08248 0.793156 1.06141 1.00503 0.995847 0.873244
1.1118 0.836857 1.05323 0.98303 0.995084 0.889468
1.12193 0.881553 1.0627 1.00447 0.995907 0.873165
1.11711 0.92851 1.08061 0.982473 0.995144 0.889389
1.10744 0.970816 1.10098 0.982195 0.995174 0.88935
1.10668 1.02263 1.11 1.02591 0.996729 0.856861
1.09315 1.06414 1.08162 0.981916 0.995204 0.88931
1.05584 1.0725 1.04045 0.953122 0.976059 0.934644
1.01574 1.05881 1.00323 0.990349 0.934453 0.954558
0.990743 1.01779 0.970045 1.00324 0.924311 1.01133
0.984623 0.961946 0.959321 0.996117 0.928223 1.06894
0.985703 0.904874 0.967207 0.981376 0.930343 1.12576
0.984686 0.84765 0.980175 0.953375 0.915344 1.17521
0.985394 0.820457 0.991201 0.93753 0.905306 1.19848
end
gesture a18 hands 2
0.989173 0.737325 1.09145 0.951979 0.878442 1.13257
1.0005 0.742151 1.10193 0.944489 0.865825 1.15871
1.00769 0.728201 1.0703 0.946392 0.854977 1.15917
1.03178 0.748222 1.08216 0.95507 0.843919 1.10144
1.01182 0.746976 1.1124 0.965135 0.819349 1.05975
1.05586 0.768243 1.09403 0.981503 0.816647 1.00372
1.09166 0.811875 1.08301 0.991869 0.847223 0.964766
1.09685 0.835989 1.08832 0.998423 0.886938 0.950676
1.09263 0.883023 1.10343 1.0126 0.925115 0.933143
1.09734 0.871562 1.09853 1.00082 0.93225 0.919387
1.09312 0.918597 1.11364 1.03833 0.953914 0.892922
1.09758 0.889349 1.10364 0.989035 0.939386 0.905631
1.09337 0.936383 1.11875 0.941072 0.927366 0.931558
1.0977 0.898243 1.10619 0.917533 0.905944 0.946284
1.09349 0.945277 1.1213 0.924635 0.896759 1.00136
1.09776 0.902689 1.10746 0.925339 0.890942 1.05571
1.09355 0.949723 1.12257 0.924678 0.886448 1.11282
1.09779 0.904913 1.1081 0.890709 0.882571 1.14369
1.09358 0.951947 1.12321 0.910363 0.874532 1.16815
1.09781 0.906024 1.10842 0.883551 0.876613 1.17136
1.09359 0.953058 1.12353 0.895141 0.869542 1.14527
1.09782 0.90658 1.10858 0.87594 0.874118 1.15992
1.0936 0.953614 1.12369 0.887529 0.867047 1.13384
1.09782 0.906858 1.10866 0.872135 0.872871 1.1542
1.09361 0.953892 1.12377 0.883724 0.8658 1.12812
1.10204 0.860102 1.09363 0.870232 0.872247 1.15134
1.09361 0.95417 1.12385 0.881821 0.865176 1.12526
1.08569 1.00624 1.10351 0.86928 0.871935 1.14991
1.05817 1.02516 1.06734 0.880869 0.864864 1.12383
1.01811 1.02871 1.02498 0.868805 0.871779 1.1492
0.982793 1.01483 0.983064 0.880394 0.864708 1.12311
0.959145 0.973202 0.95168 0.868567 0.871701 1.14884
0.955379 0.915406 0.949312 0.880156 0.86463 1.12276
0.957809 0.861881 0.973831 0.85674 0.878694 1.17457
0.960287 0.790364 1.02595 0.879918 0.864552 1.1224
end
gesture a18 hands 2
0.956707 0.744114 1.03065 0.888721 0.873396 1.1398
0.992651 0.759654 1.03866 0.889665 0.873407 1.12512
0.984944 0.744183 1.04026 0.918197 0.866369 1.12931
1.02859 0.775195 1.04666 0.922244 0.863224 1.10807
1.06581 0.815128 1.04253 0.890609 0.873417 1.11045
1.07857 0.861792 1.05541 0.926292 0.86008 1.08682
1.07575 0.908832 1.07593 0.944133 0.853411 1.07501
1.07113 0.950698 1.09724 0.947673 0.859342 1.11883
1.06991 1.00047 1.11188 0.961974 0.846742 1.06319
1.06749 1.04576 1.09291 0.975138 0.867517 1.0148
1.037 1.06253 1.05042 0.984361 0.903253 0.990947
0.999845 1.05479 1.01074 1.00138 0.952504 0.967559
0.974327 1.02484 0.973406 1.02725 0.981027 0.929015
0.965307 0.975024 0.946542 1.0087 0.971526 0.88917
0.96934 0.9171 0.953981 0.990526 0.951488 0.902014
0.965926 0.862084 0.972639 0.9672 0.956861 0.926568
0.961218 0.808333 0.995377 0.972353 0.93145 0.914859
0.973527 0.785797 1.00327 0.979389 0.937174 0.920817
0.965832 0.78052 1.02886 0.982908 0.940037 0.923795
0.975834 0.77189 1.02001 0.984667 0.941468 0.925285
0.968139 0.766613 1.0456 0.985546 0.942183 0.926029
0.976988 0.764937 1.02838 0.985986 0.942541 0.926402
0.969293 0.75966 1.05397 0.986206 0.94272 0.926588
0.977565 0.76146 1.03256 0.986316 0.94281 0.926681
0.969869 0.756184 1.05816 1.00159 0.961317 0.874507
0.977853 0.759722 1.03466 0.986426 0.942899 0.926774
0.970158 0.754445 1.06025 0.975599 0.939385 0.983968
0.977997 0.758853 1.0357 0.968773 0.936415 1.03867
0.970302 0.753576 1.06129 0.959292 0.921413 1.09395
0.978069 0.758418 1.03623 0.92977 0.904387 1.1047
0.970374 0.753142 1.06182 0.931044 0.899215 1.13553
0.978105 0.758201 1.03649 0.932045 0.89164 1.12437
0.97041 0.752924 1.06208 0.900247 0.887361 1.11544
0.985837 0.76326 1.01116 0.933046 0.884066 1.11322
0.970446 0.752707 1.06234 0.919058 0.867779 1.12164
end
gesture a18 hands 2
0.906403 0.768307 0.995379 0.758638 0.711543 1.22038
0.911465 0.77062 1.00905 0.767474 0.711014 1.20834
0.936697 0.765517 1.02143 0.772804 0.703045 1.23564
0.950023 0.767416 1.01901 0.782355 0.697109 1.22576
0.916527 0.772933 1.02272 0.77631 0.710485 1.19631
0.963349 0.769315 1.0166 0.791906 0.691173 1.21589
0.986759 0.767505 1.01353 0.786969 0.694546 1.25089
0.976876 0.765116 1.03051 0.807503 0.671861 1.23548
0.998465 0.766601 1.012 0.817769 0.660519 1.22777
0.982728 0.764663 1.02974 0.822903 0.654847 1.22391
1.00432 0.766148 1.01124 0.825469 0.652012 1.22199
0.985655 0.764437 1.02936 0.818094 0.65156 1.24853
1.00724 0.765922 1.01085 0.826753 0.650594 1.22102
0.987118 0.764324 1.02917 0.818736 0.650851 1.24805
1.00871 0.765809 1.01066 0.827394 0.649885 1.22054
0.987849 0.764268 1.02907 0.819057 0.650497 1.24781
1.00944 0.765753 1.01057 0.827715 0.64953 1.2203
0.988215 0.764239 1.02902 0.827876 0.649353 1.22018
1.0098 0.765724 1.01052 0.810719 0.651109 1.27508
0.966992 0.762726 1.04748 0.828036 0.649176 1.22006
1.01017 0.765696 1.01047 0.845345 0.667321 1.17303
1.03342 0.806015 0.974569 0.858364 0.696847 1.14426
1.06539 0.85275 0.974844 0.871077 0.738158 1.12843
1.09581 0.88476 1.00655 0.88636 0.778361 1.12414
1.1102 0.917154 1.04679 0.916538 0.824433 1.11733
1.11513 0.953668 1.08387 0.950403 0.866885 1.09687
1.11461 1.00366 1.10524 0.981522 0.90359 1.06517
1.10338 1.04635 1.08577 1.00137 0.912915 1.03043
1.06679 1.05549 1.04372 1.01442 0.938387 1.03539
1.02721 1.04971 1.00568 0.991846 0.933622 1.02391
0.986805 1.03061 0.969456 1.02122 0.92224 0.99569
0.962548 0.982323 0.955505 0.969272 0.928857 1.01242
0.960427 0.926776 0.974774 0.938842 0.896768 1.05049
0.955745 0.869763 0.989738 0.886638 0.877853 1.0324
0.953717 0.814689 1.00977 0.863639 0.860156 1.0371
end
gesture a18 hands 2
0.928321 0.760432 1.07848 0.783933 0.709707 1.17962
0.933308 0.754362 1.09122 0.77428 0.701042 1.20618
0.955821 0.748269 1.07517 0.760289 0.691087 1.26194
0.947057 0.748281 1.08957 0.764212 0.675834 1.26125
0.969571 0.742188 1.07351 0.754096 0.668957 1.31564
0.953932 0.74524 1.08873 0.768135 0.660581 1.26056
0.976445 0.739147 1.07268 0.782754 0.677647 1.215
0.95737 0.743719 1.08832 0.798512 0.715326 1.18453
0.979883 0.737626 1.07226 0.814955 0.755928 1.17202
0.981601 0.736866 1.07206 0.841757 0.800341 1.16687
0.938294 0.748292 1.10396 0.880708 0.837451 1.15383
0.98332 0.736106 1.07185 0.918842 0.865477 1.11957
1.02183 0.774406 1.04858 0.949968 0.893767 1.08267
1.07004 0.808654 1.04897 0.952138 0.885986 1.06516
1.10292 0.845613 1.07544 0.986283 0.921762 1.04666
1.11855 0.882904 1.11282 0.954308 0.878205 1.04765
1.12259 0.92918 1.14009 0.903461 0.869799 1.0713
1.12112 0.976491 1.14055 0.897028 0.887336 1.05409
1.10414 1.00202 1.11072 0.895936 0.860292 1.06416
1.06734 0.991313 1.07086 0.893266 0.882582 1.05051
1.02839 0.979873 1.03282 0.892174 0.855539 1.06058
0.990027 0.974422 0.992176 0.891385 0.880206 1.04873
0.970325 0.936192 0.986449 0.890293 0.853163 1.0588
0.960474 0.917077 0.983585 0.890445 0.879017 1.04783
0.955549 0.90752 0.982153 0.889353 0.851974 1.0579
0.953086 0.902742 0.981437 0.889974 0.878423 1.04739
0.951854 0.900352 0.981079 0.888882 0.85138 1.05746
0.951239 0.899158 0.9809 0.889739 0.878126 1.04716
0.950931 0.89856 0.980811 0.888647 0.851083 1.05723
0.950777 0.898262 0.980766 0.889622 0.877977 1.04705
0.9507 0.898112 0.980743 0.88853 0.850935 1.05712
0.950661 0.898038 0.980732 0.888471 0.85086 1.05707
0.957035 0.947653 0.955332 0.890596 0.904872 1.03687
0.950623 0.897963 0.980721 0.888412 0.850786 1.05701
0.948287 0.853291 1.01857 0.877896 0.830246 1.07578
end
gesture a18 hands 2
0.948687 0.818977 1.06636 0.836176 0.753721 1.22089
0.939852 0.817772 1.05441 0.820163 0.752126 1.24602
0.95864 0.815149 1.03505 0.790814 0.746907 1.29694
0.944829 0.815858 1.03875 0.822572 0.738937 1.24839
0.963616 0.813236 1.01939 0.835612 0.743678 1.1931
0.947317 0.814901 1.03093 0.846005 0.769032 1.14784
0.966105 0.812279 1.01157 0.858003 0.807394 1.1209
0.967349 0.8118 1.00765 0.872021 0.847149 1.11093
0.931017 0.816567 1.04246 0.898624 0.891754 1.10607
0.968593 0.811322 1.00374 0.935371 0.92749 1.09206
1.02193 0.835807 0.995643 0.97739 0.94198 1.05703
1.06178 0.872164 1.01038 1.00216 0.958626 1.00782
1.08596 0.9085 1.04517 1.03346 0.985514 0.968246
1.0971 0.943548 1.08199 1.05946 0.995797 0.963151
1.10214 0.991101 1.10337 1.04045 0.977296 0.975618
1.09644 1.04423 1.0959 1.06296 0.991688 0.966836
1.07629 1.08158 1.06119 1.04395 0.973186 0.979303
1.04381 1.06639 1.01823 1.06471 0.989633 0.968679
1.0097 1.04654 0.9777 1.0457 0.971132 0.981146
0.979359 1.04014 0.92975 1.06559 0.988606 0.969601
0.966831 1.0104 0.906385 1.04658 0.970104 0.982068
0.960567 0.995529 0.894702 1.06602 0.988092 0.970061
0.957435 0.988093 0.888861 1.04701 0.969591 0.982528
0.955869 0.984376 0.885941 1.06624 0.987835 0.970292
0.955086 0.982517 0.88448 1.04723 0.969334 0.982759
0.954695 0.981587 0.88375 1.08547 1.00608 0.958055
0.954499 0.981123 0.883385 1.04745 0.969077 0.982989
0.954401 0.98089 0.883203 1.00189 0.947183 1.01181
0.958708 1.03168 0.877047 0.971131 0.924098 1.02409
0.954303 0.980658 0.88302 0.94653 0.951742 1.00883
0.955496 0.943043 0.926875 0.940373 0.901014 1.03636
0.955925 0.908156 0.971681 0.917853 0.858132 1.06741
0.95228 0.871282 1.016 0.87942 0.825264 1.09464
0.946455 0.834132 1.06161 0.833991 0.804016 1.07313
0.935089 0.817047 1.08331 0.859709 0.794032 1.08433
end
gesture a18 hands 2
0.933825 0.637323 1.09581 0.867071 0.737389 1.2483
0.932175 0.640504 1.08139 0.874285 0.731615 1.22007
0.960325 0.648998 1.08313 0.888084 0.721889 1.16472
0.945425 0.646342 1.07504 0.886737 0.732774 1.10843
0.973576 0.654836 1.07679 0.891126 0.758652 1.06137
0.95205 0.64926 1.07187 0.902056 0.797944 1.03179
0.980201 0.657754 1.07362 0.919836 0.850631 1.01668
0.955363 0.65072 1.07029 0.938462 0.900707 1.0058
0.983513 0.659214 1.07203 0.956662 0.946125 0.990155
0.957019 0.651449 1.0695 0.9711 0.985375 0.961515
0.98517 0.659943 1.07124 0.979161 1.01041 0.912495
0.957847 0.651814 1.0691 0.970367 0.990483 0.90237
0.985998 0.660308 1.07085 0.965709 0.973554 0.925356
0.958261 0.651997 1.0689 0.963641 0.972055 0.9088
0.986412 0.660491 1.07065 0.958983 0.955127 0.931787
0.986619 0.660582 1.07055 0.960278 0.962842 0.912016
0.930525 0.643685 1.06696 0.95562 0.945914 0.935003
0.986826 0.660673 1.07045 0.958596 0.958235 0.913624
1.03729 0.681116 1.09014 0.953938 0.941308 0.93661
1.08257 0.713991 1.10789 0.957756 0.955932 0.914428
1.10675 0.759885 1.12811 0.953098 0.939004 0.937414
1.11535 0.805692 1.14718 0.957335 0.95478 0.91483
1.11241 0.852797 1.16325 0.952677 0.937853 0.937816
1.10202 0.898602 1.1754 0.957125 0.954204 0.91503
1.08836 0.943652 1.18163 0.952467 0.937277 0.938017
1.07598 0.997716 1.17244 0.95702 0.953916 0.915131
1.06164 1.01891 1.13391 0.952362 0.936989 0.938118
1.04497 1.01522 1.09067 0.961573 0.970556 0.892245
1.02714 1.00761 1.0404 0.952257 0.936701 0.938218
1.01502 0.985013 0.99243 0.948492 0.917187 0.991984
1.01198 0.931017 0.985369 0.942118 0.898868 1.04439
1.00614 0.884551 1.01754 0.931323 0.871783 1.09213
0.998216 0.841614 1.05282 0.923761 0.829714 1.13045
0.986893 0.785725 1.06017 0.920466 0.775833 1.15529
0.97173 0.729326 1.05636 0.904726 0.741091 1.19977
end
gesture a18 hands 2
0.955434 0.663552 1.10107 0.902171 0.704177 1.26643
0.957702 0.659959 1.11545 0.908861 0.704242 1.23761
0.983192 0.662124 1.12872 0.91448 0.714779 1.18078
0.971581 0.659245 1.12928 0.925271 0.742805 1.13449
0.997071 0.661409 1.14254 0.937572 0.783825 1.10349
0.978521 0.658888 1.13619 0.953171 0.835694 1.08079
1.00401 0.661052 1.14946 0.968262 0.882994 1.05727
0.98199 0.65871 1.13964 0.971911 0.922895 1.02667
1.00748 0.660874 1.15291 0.955048 0.95853 0.986254
1.00922 0.660784 1.15464 0.940426 0.927011 1.02276
0.95997 0.656367 1.12983 0.922269 0.923425 1.00782
1.01095 0.660695 1.15637 0.925803 0.895491 1.05926
1.0591 0.680871 1.18165 0.932713 0.871023 1.10788
1.09203 0.705141 1.22401 0.930691 0.846082 1.15956
1.11361 0.74258 1.26099 0.901856 0.813301 1.19013
1.1225 0.788797 1.283 0.882594 0.793024 1.18269
1.12126 0.840882 1.29192 0.885327 0.766245 1.19506
1.1126 0.893076 1.29056 0.874329 0.769496 1.18515
1.10451 0.931355 1.2693 0.877062 0.742716 1.19752
1.08361 0.943539 1.22682 0.870197 0.757732 1.18638
1.05439 0.933401 1.18332 0.87293 0.730952 1.19875
1.02585 0.922956 1.13779 0.868131 0.75185 1.18699
1.00679 0.913149 1.09223 0.870864 0.72507 1.19936
1.01509 0.874187 1.07982 0.867098 0.748909 1.1873
1.01924 0.854705 1.07361 0.869831 0.722129 1.19967
1.02132 0.844965 1.07051 0.866582 0.747438 1.18746
1.02235 0.840094 1.06896 0.869315 0.720658 1.19983
1.02287 0.837659 1.06819 0.866323 0.746703 1.18753
1.02313 0.836442 1.0678 0.869056 0.719923 1.1999
1.02326 0.835833 1.0676 0.866194 0.746335 1.18757
1.02333 0.835528 1.06751 0.868927 0.719556 1.19994
1.00358 0.883398 1.04547 0.863332 0.772747 1.17524
1.02339 0.835224 1.06741 0.868798 0.719188 1.19998
1.023 0.801882 1.11124 0.906998 0.694254 1.23695
1.01447 0.782959 1.13043 0.90077 0.689148 1.26557
end
gesture a18 hands 2
0.975456 0.654565 1.20056 0.968081 0.710413 1.23391
0.972554 0.655967 1.17144 0.96128 0.712722 1.205
0.966816 0.670768 1.11464 0.963023 0.727166 1.14943
0.999428 0.688318 1.09826 0.970665 0.757112 1.10691
0.982382 0.686654 1.05993 0.980474 0.80489 1.07645
1.03204 0.705868 1.08189 0.987873 0.842708 1.06216
1.07235 0.736201 1.10397 0.993925 0.884949 1.03856
1.09057 0.776022 1.12898 0.990823 0.91993 1.00511
1.09602 0.829095 1.15075 0.95613 0.933106 0.9661
1.09064 0.879683 1.1648 0.941998 0.893804 0.962179
1.08075 0.927521 1.17057 0.959041 0.855178 1.00041
1.07314 0.963035 1.15098 0.955544 0.841436 1.05729
1.04848 0.972601 1.10798 0.953959 0.830683 1.11238
1.01558 0.94363 1.07375 0.939713 0.807837 1.14263
0.982736 0.922435 1.03602 0.951255 0.816861 1.16599
0.958287 0.92153 0.987176 0.938361 0.800926 1.16943
0.95024 0.922488 0.932192 0.944611 0.805737 1.1408
0.962207 0.902806 0.920449 0.935039 0.795365 1.15684
0.970406 0.888466 0.94434 0.941289 0.800176 1.12821
0.97229 0.885795 0.926522 0.933378 0.792584 1.15054
0.980488 0.871454 0.950414 0.939628 0.797395 1.12191
0.977331 0.877289 0.929559 0.932547 0.791193 1.14739
0.98553 0.862949 0.953451 0.938797 0.796004 1.11876
0.979852 0.873036 0.931078 0.932132 0.790498 1.14581
0.98805 0.858696 0.95497 0.938382 0.795309 1.11718
0.981112 0.87091 0.931837 0.931924 0.790151 1.14503
0.989311 0.856569 0.955729 0.938175 0.794962 1.1164
0.981742 0.869847 0.932217 0.93182 0.789977 1.14463
0.989941 0.855506 0.956108 0.938071 0.794788 1.116
0.982057 0.869315 0.932407 0.925466 0.784992 1.17287
0.990256 0.854975 0.956298 0.937967 0.794614 1.11561
0.974174 0.883124 0.908705 0.930505 0.774423 1.10007
0.990571 0.854443 0.956488 0.917441 0.759169 1.15491
0.993797 0.836778 1.00778 0.909867 0.756721 1.21151
0.993283 0.812466 1.05758 0.904593 0.755161 1.24
end
gesture a18 hands 2
0.981948 0.6456 1.08439 0.899803 0.640182 1.31748
0.980339 0.624247 1.10508 0.887936 0.638689 1.30881
0.991425 0.611058 1.16085 0.896362 0.614097 1.29436
1.00147 0.616232 1.13919 0.886216 0.625646 1.29725
1.02473 0.632516 1.1322 0.894642 0.601054 1.2828
1.01812 0.626961 1.12487 0.885356 0.619125 1.29147
1.04139 0.643245 1.11787 0.893782 0.594532 1.27702
1.02645 0.632325 1.1177 0.884926 0.615864 1.28858
1.04971 0.64861 1.11071 0.893352 0.591272 1.27413
1.03061 0.635007 1.11412 0.893137 0.589641 1.27269
1.05388 0.651292 1.10713 0.876069 0.637196 1.30014
1.03269 0.636348 1.11233 0.892922 0.588011 1.27124
1.05596 0.652633 1.10534 0.900246 0.58813 1.21438
1.03373 0.637019 1.11144 0.904531 0.622213 1.1712
1.057 0.653303 1.10445 0.908277 0.66004 1.15401
1.03425 0.637354 1.11099 0.914416 0.700905 1.14228
1.05752 0.653639 1.104 0.923915 0.746053 1.12759
1.03451 0.637522 1.11076 0.935425 0.793711 1.10068
1.05778 0.653806 1.10377 0.944699 0.829852 1.06219
1.03464 0.637606 1.11065 0.953838 0.840972 1.04049
1.05791 0.65389 1.10366 0.953952 0.859101 1.01561
1.05798 0.653932 1.10361 0.962978 0.852093 1.01879
1.01151 0.621405 1.11753 0.967491 0.848589 1.02038
1.05804 0.653974 1.10355 0.969748 0.846838 1.02118
1.08845 0.69647 1.106 0.970876 0.845962 1.02157
1.0984 0.7418 1.11774 0.97144 0.845524 1.02177
1.09341 0.790671 1.12905 0.971722 0.845305 1.02187
1.07812 0.839788 1.13817 0.971863 0.845195 1.02192
1.06236 0.893456 1.13432 0.971933 0.845141 1.02195
1.04532 0.931367 1.10084 0.971969 0.845113 1.02196
1.01704 0.931093 1.05407 0.971986 0.8451 1.02196
0.990834 0.906715 1.01416 0.98364 0.884561 0.97921
0.977544 0.854711 0.997481 0.972004 0.845086 1.02197
0.975971 0.803084 1.02008 0.961542 0.81035 1.06716
0.976678 0.77753 1.03463 0.938871 0.766733 1.16443
end
gesture a18 hands 2
0.97113 0.652309 1.19451 0.865684 0.631743 1.42814
0.972508 0.651359 1.17975 0.868073 0.628017 1.39895
0.989714 0.664425 1.16163 0.891602 0.632263 1.34499
0.981799 0.657417 1.16331 0.902244 0.627819 1.28776
0.999007 0.670483 1.14519 0.909236 0.649427 1.24036
0.986446 0.660446 1.15509 0.915272 0.688626 1.21716
1.00365 0.673512 1.13697 0.92235 0.734875 1.20127
0.988769 0.66196 1.15098 0.93266 0.781266 1.18095
1.00598 0.675026 1.13286 0.943396 0.821098 1.15283
0.989931 0.662717 1.14892 0.953703 0.859994 1.11562
1.00714 0.675784 1.13081 0.959566 0.896531 1.07488
0.990512 0.663096 1.1479 0.946501 0.900905 1.02974
1.00772 0.676162 1.12978 0.958513 0.926387 1.02877
0.990802 0.663285 1.14738 0.945974 0.915833 1.00668
1.00801 0.676352 1.12926 0.936818 0.892788 1.02075
0.990947 0.66338 1.14713 0.935127 0.899034 1.00267
1.00815 0.676446 1.12901 0.925971 0.875988 1.01673
0.99102 0.663427 1.147 0.929704 0.890634 1.00067
1.00823 0.676494 1.12888 0.920548 0.867588 1.01473
0.991056 0.663451 1.14693 0.926992 0.886434 0.999663
1.00826 0.676517 1.12881 0.917836 0.863388 1.01372
0.973885 0.650408 1.16499 0.925636 0.884334 0.999161
1.0083 0.676541 1.12875 0.91648 0.861288 1.01322
1.04782 0.714528 1.12249 0.924958 0.883284 0.99891
1.0589 0.762643 1.13164 0.915802 0.860238 1.01297
1.05265 0.813228 1.13959 0.924619 0.882759 0.998785
1.04017 0.867593 1.14154 0.915463 0.859713 1.01285
1.02567 0.91782 1.11716 0.924449 0.882496 0.998722
1.00981 0.938347 1.07493 0.915293 0.85945 1.01278
0.991611 0.940994 1.02408 0.915209 0.859319 1.01275
0.984013 0.90014 1.00704 0.933436 0.90528 0.984599
0.979067 0.911533 0.97861 0.915124 0.859188 1.01272
0.976416 0.859286 0.990006 0.908642 0.824392 1.05502
0.979132 0.813474 1.02526 0.906356 0.79584 1.10263
0.980348 0.791531 1.04378 0.904991 0.780771 1.12613
end
gesture a18 hands 2
0.983199 0.680486 1.11888 0.914997 0.70031 1.2818
1.0047 0.700192 1.11861 0.917692 0.705603 1.25246
1.04776 0.731619 1.11404 0.922791 0.721059 1.2052
1.06424 0.778626 1.1243 0.917326 0.705259 1.22876
1.06157 0.829057 1.13471 0.92139 0.703799 1.19974
1.0497 0.875608 1.1383 0.916625 0.696629 1.22603
1.03683 0.920344 1.11857 0.920689 0.695169 1.19702
1.02336 0.948413 1.08217 0.916275 0.692314 1.22467
1.00522 0.961806 1.03413 0.920339 0.690854 1.19565
0.989459 0.949154 0.989295 0.9161 0.690156 1.22399
0.987662 0.968803 0.983388 0.920164 0.688697 1.19497
0.98068 0.952653 0.963925 0.916013 0.689078 1.22365
0.982188 0.931883 0.984183 0.920077 0.687618 1.19463
0.977942 0.934193 0.964323 0.915969 0.688538 1.22348
0.979451 0.913423 0.98458 0.920033 0.687078 1.19446
0.976574 0.924963 0.964521 0.915947 0.688269 1.22339
0.978083 0.904193 0.984779 0.920011 0.686809 1.19438
0.97589 0.920348 0.96462 0.911861 0.689459 1.25232
0.977398 0.899578 0.984878 0.919989 0.686539 1.19429
0.975548 0.918041 0.96467 0.926916 0.718469 1.15189
0.977056 0.897271 0.984927 0.938055 0.797805 1.12364
0.975377 0.916887 0.964695 0.950835 0.847198 1.10381
0.976885 0.896117 0.984952 0.961035 0.884009 1.07359
0.975291 0.91631 0.964707 0.968634 0.915931 1.02953
0.9768 0.89554 0.984965 0.961012 0.913695 0.997882
0.975248 0.916021 0.964713 0.970017 0.939291 0.976148
0.976757 0.895251 0.984971 0.95339 0.911459 0.966234
0.975227 0.915877 0.964716 0.939318 0.875605 1.00957
0.976735 0.895107 0.984974 0.926932 0.849895 1.05745
0.976725 0.895035 0.984975 0.919152 0.822621 1.10692
0.973697 0.936503 0.944462 0.918446 0.796082 1.15766
0.976714 0.894963 0.984977 0.922099 0.767344 1.15575
0.981023 0.866589 1.03426 0.923925 0.752975 1.15479
0.985984 0.831583 1.07931 0.927369 0.758672 1.20066
0.990309 0.806175 1.0917 0.925751 0.738606 1.15384
end
gesture a20 hands 2
0.978462 0.837615 1.1963 1.02367 1.05158 1.01688
0.999646 0.823712 1.18031 0.99603 1.04296 1.02414
0.968605 0.803759 1.1541 0.939757 1.02957 1.02241
0.955034 0.746805 1.14639 0.944293 1.03526 1.05094
0.946899 0.689369 1.14053 0.95234 1.00908 1.05896
0.930424 0.633551 1.13001 0.950584 1.02501 1.06921
0.91776 0.578095 1.12081 0.958631 0.998832 1.07724
0.901753 0.524092 1.11474 0.961776 0.993709 1.08638
0.886267 0.469521 1.12127 0.948829 1.04095 1.07946
0.884284 0.451916 1.1112 0.964922 0.988586 1.09552
0.895554 0.47486 1.10023 0.986397 0.934157 1.10232
0.888928 0.454585 1.10068 0.996469 0.877673 1.10492
0.900198 0.477529 1.08972 1.00968 0.82664 1.12215
0.89125 0.45592 1.09542 1.0213 0.80088 1.16955
0.902519 0.478863 1.08446 1.00991 0.790808 1.2146
0.892411 0.456587 1.09279 0.986669 0.831551 1.20897
0.90368 0.479531 1.08183 0.992225 0.858505 1.16624
0.892991 0.45692 1.09148 0.999519 0.886604 1.11705
0.904261 0.479864 1.08051 1.00451 0.917591 1.07044
0.882302 0.43431 1.10113 1.00908 0.947658 1.02391
0.904841 0.480198 1.0792 1.01205 0.973615 0.974648
0.930332 0.526685 1.06957 1.01386 0.993774 0.92233
0.952581 0.577123 1.0728 0.99557 1.00012 0.867134
0.963391 0.61585 1.08189 0.963262 0.984796 0.888777
0.967729 0.654959 1.09129 0.947997 0.992008 0.860826
0.96885 0.697879 1.09131 0.930954 0.969472 0.910421
0.967946 0.743901 1.07065 0.926989 0.957861 0.967031
0.962262 0.783986 1.04488 0.950153 0.987751 0.985711
0.957229 0.819438 1.02039 0.961734 1.0027 0.99505
0.954029 0.859667 0.98528 0.96312 1.00287 1.01424
0.976304 0.871933 0.972952 0.941304 0.971623 1.02156
0.966245 0.889602 0.941766 0.964506 1.00304 1.03342
0.998578 0.884198 0.960623 0.973316 1.01764 1.00439
1.00111 0.876991 1.01581 0.987707 1.03445 1.04529
1.00322 0.873729 1.04326 0.982486 1.03632 1.07469
end
gesture a20 hands 2
1.03019 0.745768 1.36717 0.937715 1.08063 1.14568
1.03286 0.740825 1.33791 0.927482 1.07628 1.11788
1.01595 0.7478 1.28355 0.944426 1.0585 1.08427
0.985508 0.753792 1.23315 0.961372 1.037 1.09525
0.949399 0.740853 1.18958 0.974943 0.983151 1.10799
0.922896 0.691078 1.1744 0.976631 0.999326 1.10711
0.90892 0.636591 1.17537 0.990201 0.945476 1.11985
0.899901 0.580456 1.17932 0.98426 0.980488 1.11304
0.894819 0.52415 1.17874 0.997831 0.926638 1.12578
0.894598 0.491994 1.16651 0.988075 0.971069 1.11601
0.883373 0.466629 1.17855 1.00165 0.917219 1.12875
0.888875 0.463234 1.16642 0.989982 0.966359 1.11749
0.899887 0.486019 1.15422 1.00355 0.912509 1.13023
0.897132 0.472929 1.15426 0.990936 0.964005 1.11823
0.908144 0.495714 1.14206 1.00451 0.910155 1.13097
0.894377 0.459838 1.15429 1.00498 0.908977 1.13134
0.916401 0.505409 1.1299 0.978319 1.0155 1.10623
0.943119 0.553342 1.11888 1.00546 0.9078 1.13171
0.96301 0.602267 1.1252 1.01811 0.853099 1.13937
0.976224 0.653829 1.14206 1.024 0.796307 1.13666
0.981102 0.703966 1.15578 1.01973 0.806115 1.14082
0.983231 0.750289 1.15074 1.01235 0.765997 1.17416
0.982566 0.790356 1.12753 1.01546 0.815923 1.14498
0.978 0.82568 1.10233 1.01961 0.858677 1.10911
0.97426 0.863577 1.07321 1.02062 0.898873 1.07133
0.979347 0.875045 1.04812 1.01672 0.937445 1.03141
0.97394 0.902262 1.0341 1.0076 0.96779 0.984423
0.984434 0.886513 1.02304 0.992409 0.987809 0.934638
0.989681 0.878638 1.0175 0.955966 0.989627 0.935599
0.992305 0.8747 1.01474 0.954755 0.999109 0.893861
0.993616 0.872732 1.01335 0.919524 0.991446 0.93656
0.994272 0.871747 1.01266 0.919526 0.997129 0.993396
0.9946 0.871255 1.01232 0.92284 1.01344 1.04829
0.984712 0.910192 0.979048 0.929834 1.05718 1.08712
0.994928 0.870763 1.01197 0.959766 1.09551 1.08662
end
gesture a20 hands 2
1.024 0.843099 1.25447 0.972247 1.06611 1.08589
1.03215 0.826706 1.23119 0.94994 1.02472 1.06911
1.00382 0.823132 1.18144 0.967001 0.970385 1.08184
0.950549 0.828429 1.15995 0.981406 0.917185 1.09607
0.891502 0.832451 1.15865 0.988021 0.862217 1.11212
0.919749 0.781136 1.15555 1.00119 0.807205 1.12708
0.911671 0.724895 1.13958 1.02844 0.76242 1.15189
0.898891 0.669036 1.12744 1.02302 0.820258 1.14215
0.884469 0.615773 1.10939 1.04868 0.869117 1.15811
0.872543 0.560595 1.10327 1.04244 0.911604 1.12573
0.861187 0.504913 1.10624 1.03766 0.940482 1.07422
0.858765 0.479133 1.11402 1.03208 0.975241 1.02616
0.873496 0.503685 1.11148 1.02545 1.00749 0.978935
0.864919 0.478519 1.11664 1.01501 1.02321 0.925812
0.87965 0.503072 1.1141 0.995936 1.02874 0.87128
0.867997 0.478212 1.11795 0.973413 1.02168 0.859387
0.882728 0.502765 1.11541 0.962728 1.01267 0.884342
0.869535 0.478059 1.11861 0.956809 1.01364 0.865918
0.884266 0.502611 1.11607 0.946123 1.00463 0.890873
0.885036 0.502535 1.11639 0.948506 1.00962 0.869184
0.856343 0.453353 1.12181 0.937821 1.00061 0.894139
0.885805 0.502458 1.11672 0.944355 1.00762 0.870816
0.902632 0.555576 1.10819 0.93367 0.998604 0.895771
0.927085 0.601583 1.09502 0.94228 1.00661 0.871633
0.947634 0.646099 1.09551 0.931594 0.997599 0.896588
0.962352 0.697327 1.10756 0.941242 1.00611 0.872041
0.966836 0.749845 1.11646 0.930557 0.997097 0.896996
0.970622 0.80074 1.10617 0.930038 0.996846 0.8972
0.968476 0.8399 1.08144 0.95089 1.01462 0.847494
0.964989 0.873907 1.05637 0.929519 0.996595 0.897404
0.965051 0.919977 1.02412 0.924436 0.996041 0.956056
0.975174 0.962544 0.991555 0.929782 1.00876 1.01388
1.00816 0.981302 0.956749 0.956851 1.04273 1.04993
1.03168 0.953544 0.985917 0.994118 1.06743 1.08886
1.03454 0.936468 1.0397 0.98261 1.07339 1.11579
end
gesture a20 hands 2
0.949611 0.836859 1.05946 1.08527 0.888567 0.981181
0.974546 0.844113 1.07392 1.1074 0.90803 0.975722
1.02546 0.854729 1.05668 1.14964 0.936989 0.950219
1.07709 0.831216 1.06674 1.18742 0.967069 0.918455
1.10673 0.788356 1.095 1.22786 1.00054 0.895104
1.12266 0.738257 1.11705 1.26433 1.04199 0.876572
1.14985 0.705279 1.14984 1.27314 1.08171 0.841943
1.17534 0.738623 1.17959 1.23605 1.09313 0.806906
1.19048 0.782953 1.20001 1.18164 1.08827 0.801956
1.18973 0.823924 1.17861 1.13708 1.08003 0.828039
1.20823 0.832963 1.18743 1.10364 1.07328 0.874717
1.18899 0.864896 1.15722 1.08408 1.06433 0.928678
1.15602 0.890043 1.13164 1.0749 1.05357 0.981446
1.08747 0.933047 1.09011 1.05928 1.04328 1.02845
1.04853 0.955575 1.06623 1.02508 1.02641 1.06812
1.02745 0.94935 1.04975 0.988473 0.988073 1.08094
1.02956 0.92382 1.06218 0.94148 0.970079 1.05092
1.01797 0.933473 1.04772 0.92646 0.942824 1.01255
1.02008 0.907943 1.06016 0.909961 0.95975 1.00455
1.01323 0.925534 1.04671 0.910701 0.937659 0.989367
1.01534 0.900005 1.05914 0.920843 0.913795 1.00364
1.01086 0.921565 1.04621 0.916142 0.914682 0.988912
1.01297 0.896035 1.05864 0.926285 0.890818 1.00319
1.00967 0.91958 1.04595 0.918862 0.903193 0.988684
1.01179 0.894051 1.05838 0.929005 0.87933 1.00296
1.00908 0.918588 1.04583 0.920223 0.897449 0.98857
1.01119 0.893058 1.05826 0.930366 0.873585 1.00284
1.00878 0.918092 1.04576 0.920903 0.894577 0.988513
1.0109 0.892562 1.05819 0.931046 0.870713 1.00279
1.01075 0.892314 1.05816 0.921243 0.893141 0.988485
1.00637 0.943125 1.03327 0.931386 0.869277 1.00276
1.0106 0.892066 1.05813 0.921413 0.892423 0.988471
1.02991 0.851474 1.0933 0.931556 0.868559 1.00274
1.05137 0.807182 1.12659 0.91144 0.915568 0.974183
1.07623 0.7619 1.15536 0.931726 0.867841 1.00273
end
gesture a20 hands 2
1.00969 0.72011 1.17838 0.890546 0.855661 1.14325
1.01043 0.719458 1.16357 0.909497 0.862363 1.12154
1.03238 0.734842 1.15303 0.941458 0.879587 1.07431
1.02177 0.726824 1.15089 0.974799 0.904628 1.03665
1.04372 0.742208 1.14035 1.01306 0.925028 1.00506
1.02744 0.730507 1.14455 1.05942 0.926037 0.971301
1.04939 0.745891 1.13401 1.10302 0.922012 0.935897
1.03027 0.732349 1.14138 1.11464 0.933131 0.914128
1.05222 0.747733 1.13084 1.09822 0.946988 0.898048
1.03169 0.733269 1.1398 1.11224 0.945619 0.895203
1.05364 0.748653 1.12925 1.09583 0.959475 0.879123
1.0324 0.73373 1.13901 1.11104 0.951863 0.885741
1.05435 0.749114 1.12846 1.09463 0.965719 0.86966
1.03276 0.73396 1.13861 1.11044 0.954985 0.88101
1.05471 0.749344 1.12807 1.09403 0.968841 0.864929
1.03293 0.734075 1.13841 1.11014 0.956546 0.878644
1.05488 0.749459 1.12787 1.09373 0.970402 0.862564
1.01116 0.718806 1.14876 1.10999 0.957327 0.877461
1.05506 0.749574 1.12767 1.09358 0.971182 0.861381
1.1042 0.766732 1.15104 1.10992 0.957717 0.87687
1.12889 0.750091 1.19389 1.0935 0.971573 0.860789
1.13244 0.709718 1.22603 1.10988 0.957912 0.876574
1.12963 0.66191 1.24546 1.09347 0.971768 0.860494
1.13247 0.607431 1.26525 1.10986 0.958009 0.876426
1.15718 0.622463 1.29428 1.09345 0.971865 0.860346
1.15889 0.594335 1.30498 1.12626 0.944251 0.892359
1.18188 0.637496 1.3233 1.09343 0.971963 0.860198
1.1911 0.68574 1.3173 1.042 0.988682 0.864464
1.18729 0.723665 1.29205 1.00057 0.986823 0.902739
1.16105 0.757368 1.25684 0.986424 0.985617 0.952881
1.1154 0.797405 1.21142 0.996406 0.984163 1.00567
1.09526 0.81252 1.19225 1.0158 0.966292 1.0561
1.06976 0.837443 1.166 0.993908 0.94881 1.10495
1.04932 0.864403 1.13202 0.954874 0.937312 1.14282
1.04157 0.87636 1.10842 0.902589 0.922609 1.14336
end
gesture a20 hands 2
0.977362 0.958588 0.893301 0.765032 0.891617 1.05139
0.983113 0.944324 0.918634 0.770909 0.901099 1.02428
0.994056 0.921906 0.969975 0.797963 0.925001 0.978688
1.00967 0.899584 1.01931 0.844315 0.944307 0.952048
1.02108 0.86658 1.0623 0.89937 0.945114 0.936906
1.0277 0.819232 1.0914 0.940013 0.907231 0.924902
1.03251 0.774526 1.10848 0.964088 0.856372 0.932848
1.04285 0.721539 1.12807 0.988839 0.861334 0.90898
1.07499 0.698331 1.16663 0.99941 0.823407 0.920455
1.10796 0.733478 1.19305 1.01359 0.866296 0.885113
1.12611 0.783892 1.1982 1.00135 0.9167 0.864759
1.13683 0.83391 1.17928 0.979598 0.936249 0.901872
1.12491 0.871048 1.14737 0.969615 0.959463 0.884362
1.09696 0.902504 1.11564 0.957846 0.955799 0.938984
1.06898 0.927431 1.09158 0.983548 0.973195 0.968163
1.03392 0.96019 1.05965 0.973777 0.963428 0.98173
0.997043 0.980545 1.02448 0.996399 0.981893 0.982753
0.979624 0.963809 1.01408 0.980203 0.967777 0.989024
0.989408 0.955737 1.04041 1.00282 0.986242 0.990047
0.975807 0.951405 1.02204 0.983415 0.969952 0.992672
0.985591 0.943334 1.04838 1.00604 0.988416 0.993695
0.973898 0.945203 1.02602 0.985022 0.971039 0.994495
0.983683 0.937132 1.05236 1.00764 0.989504 0.995518
0.972944 0.942102 1.02801 1.00845 0.990047 0.99643
0.982728 0.934031 1.05435 0.964006 0.953662 0.995296
0.972467 0.940552 1.02901 1.00925 0.990591 0.997342
0.982251 0.93248 1.05534 1.0274 1.04358 1.00816
0.972228 0.939777 1.02951 1.01628 1.09701 0.986069
0.982013 0.931705 1.05584 1.00051 1.11992 0.941436
0.962205 0.947073 1.00367 0.979426 1.10854 0.931695
0.981774 0.93093 1.05634 0.940545 1.08538 0.969172
1.0115 0.913456 1.10242 0.90293 1.06821 1.00489
1.04025 0.869937 1.12617 0.913914 1.0327 1.04588
1.07195 0.823981 1.14316 0.955012 1.0122 1.07637
1.08647 0.814906 1.16769 0.978883 1.0047 1.09118
end
gesture a20 hands 2
1.01059 0.992291 1.14579 0.976271 1.04811 1.01635
1.0354 0.980018 1.15719 0.988199 1.05022 1.04361
1.03242 0.925983 1.1534 0.994306 0.997193 1.06534
1.01808 0.875733 1.1257 1.00647 0.940935 1.06726
1.00945 0.82305 1.10801 1.0241 0.887088 1.0531
1.00287 0.768139 1.09447 1.03912 0.834349 1.03608
0.997439 0.710778 1.08406 1.0686 0.812473 1.01418
0.991984 0.678962 1.10588 1.04433 0.800253 1.00308
0.997782 0.657627 1.07921 1.04205 0.829115 1.00105
0.992155 0.652387 1.10346 1.03105 0.808574 0.996513
0.988343 0.677064 1.11876 1.02877 0.837436 0.994488
0.987436 0.662106 1.12323 1.02442 0.812735 0.993232
0.983624 0.686782 1.13853 1.02214 0.841597 0.991208
0.985076 0.666965 1.13311 1.0211 0.814815 0.991592
0.981265 0.691642 1.14841 1.01882 0.843678 0.989567
0.983896 0.669394 1.13806 1.01944 0.815855 0.990772
0.980085 0.694071 1.15336 1.01716 0.844718 0.988747
0.983306 0.670609 1.14053 1.01861 0.816375 0.990362
0.979495 0.695286 1.15583 1.01633 0.845238 0.988337
0.9792 0.695894 1.15706 1.02006 0.788033 0.991976
0.986528 0.647147 1.1277 1.0155 0.845758 0.987927
0.978905 0.696501 1.1583 1.01542 0.903992 0.981242
0.980261 0.751138 1.17384 0.985162 0.949366 0.961872
0.988857 0.809105 1.18024 0.957452 0.992651 0.935717
0.992508 0.867912 1.18332 0.931979 1.01578 0.951308
0.99816 0.925805 1.18073 0.920475 1.02882 0.911716
0.998487 0.983557 1.18796 0.906506 1.0389 0.9669
0.990341 1.01934 1.16152 0.907365 1.04026 1.02633
0.984522 1.06013 1.13234 0.907295 1.02845 1.08116
0.980828 1.09933 1.09983 0.902591 1.02244 1.07998
0.982035 1.09466 1.07 0.922434 1.00859 1.06138
0.982638 1.09232 1.05509 0.901575 1.02816 1.02387
0.9772 1.12467 1.05256 0.921257 1.01497 1.04788
0.983241 1.08998 1.04018 0.942277 0.994748 1.04278
0.997315 1.05717 1.08436 0.940938 1.00177 1.07189
end
gesture a20 hands 2
1.04137 0.776676 1.24106 0.912832 1.02208 1.09121
1.03348 0.777657 1.21216 0.925912 1.0009 1.08225
1.03006 0.743726 1.16421 0.924863 1.0343 1.06689
1.01975 0.692907 1.1387 0.938992 0.979717 1.0733
1.0124 0.64037 1.12256 0.97084 0.932278 1.07958
1.00545 0.586612 1.1105 0.979802 0.884844 1.05259
0.997901 0.529266 1.10159 0.974927 0.832747 1.02645
0.995329 0.472936 1.09261 0.97878 0.811917 1.02974
0.992133 0.439586 1.05045 0.980002 0.77668 1.03348
0.98485 0.479549 1.01274 0.982633 0.791088 1.03302
0.978568 0.53278 1.00063 0.983949 0.798292 1.03279
0.994847 0.584142 1.00256 0.977174 0.776699 1.04481
1.01875 0.622285 1.0264 0.984607 0.801894 1.03268
1.02833 0.66068 1.0506 0.977502 0.7785 1.04475
1.02983 0.70286 1.07162 0.984935 0.803695 1.03262
1.02988 0.750478 1.08214 0.970398 0.755106 1.05683
1.02353 0.793939 1.06581 0.985264 0.805496 1.03257
1.00539 0.832407 1.03996 1.00806 0.848394 1.00574
0.983534 0.872322 1.01079 1.03473 0.894894 0.981853
0.966368 0.911514 0.982844 1.05293 0.943389 0.957958
0.955609 0.94798 0.952481 1.03334 0.995613 0.940588
0.959642 0.957758 0.928149 0.990751 1.0356 0.942505
0.965435 0.94091 0.950427 0.951244 1.0319 0.967547
0.964555 0.954224 0.927122 0.942028 1.02725 1.02558
0.970348 0.937376 0.9494 0.930593 1.02245 1.05393
0.967012 0.952456 0.926609 0.934765 1.0262 1.08386
0.972804 0.935608 0.948887 0.919159 1.01766 1.08228
0.96824 0.951573 0.926352 0.911356 1.0134 1.08149
0.974033 0.934725 0.94863 0.907455 1.01126 1.08109
0.968854 0.951131 0.926224 0.905504 1.0102 1.08089
0.974647 0.934283 0.948501 0.904528 1.00966 1.0808
0.963675 0.967537 0.903818 0.904041 1.0094 1.08075
0.975261 0.933841 0.948373 0.903797 1.00926 1.08072
0.985751 0.906785 0.99761 0.917306 1.0371 1.12635
0.990917 0.895496 1.02176 0.903553 1.00913 1.0807
end
gesture a20 hands 2
1.05413 0.755272 1.26417 0.951947 1.03531 1.06937
1.04896 0.756199 1.23499 0.962888 1.00789 1.07269
1.03018 0.743898 1.18086 0.998912 0.961247 1.07588
1.01623 0.698543 1.14501 1.01221 0.912698 1.04623
1.00394 0.645838 1.12179 1.01761 0.864695 1.01424
0.994827 0.591583 1.10764 1.01902 0.809949 1.01061
0.984652 0.536482 1.0968 1.03978 0.780738 0.983024
0.973834 0.484815 1.08853 1.01368 0.831597 0.977043
0.985591 0.435849 1.06615 1.00708 0.887367 0.963401
1.03633 0.446028 1.05614 1.01253 0.940535 0.940767
1.06901 0.48374 1.06541 1.02886 0.991834 0.91709
1.08248 0.525213 1.0784 1.00632 1.02456 0.896149
1.08512 0.571986 1.09385 1.03508 1.0461 0.896905
1.07799 0.662777 1.12006 0.983778 1.0573 0.875207
1.0712 0.712746 1.10851 0.946223 1.05597 0.898535
1.05413 0.748148 1.08271 0.929956 1.05583 0.953456
1.0289 0.778043 1.05323 0.924796 1.04553 1.00991
1.00306 0.810964 1.02064 0.922455 1.04863 1.06786
0.983967 0.842241 0.989788 0.914805 1.04072 1.0706
0.983591 0.857291 0.966424 0.919848 1.04599 1.09795
0.9688 0.877533 0.952441 0.910981 1.03677 1.07197
0.976007 0.874937 0.947751 0.917936 1.04402 1.09864
0.97988 0.862483 0.972802 0.909068 1.03479 1.07265
0.981547 0.867411 0.957932 0.91698 1.04303 1.09898
0.98542 0.854958 0.982983 0.908112 1.0338 1.073
0.984317 0.863649 0.963022 0.916502 1.04254 1.09915
0.98819 0.851195 0.988073 0.907634 1.0333 1.07317
0.985703 0.861768 0.965567 0.916263 1.04229 1.09924
0.989575 0.849314 0.990618 0.907395 1.03306 1.07325
0.986395 0.860827 0.966839 0.916143 1.04216 1.09928
0.990268 0.848374 0.99189 0.907276 1.03293 1.0733
0.990614 0.847903 0.992527 0.907216 1.03287 1.07332
0.983215 0.87234 0.943061 0.924891 1.05127 1.12531
0.99096 0.847433 0.993163 0.907156 1.03281 1.07334
0.998349 0.825304 1.04506 0.92463 1.03215 1.04912
end
gesture a20 hands 2
1.18034 0.777126 1.18645 1.0073 0.990984 1.02671
1.16625 0.773152 1.21231 1.0026 0.981594 1.02901
1.12853 0.755529 1.25441 1.03095 0.997936 1.01029
1.11264 0.754591 1.19919 0.997901 0.972203 1.03131
1.08316 0.729912 1.15527 0.964024 0.940347 1.06533
1.05403 0.686665 1.13376 0.950949 0.896492 1.09954
1.02503 0.641218 1.12399 0.931147 0.854848 1.13734
1.00368 0.650208 1.09591 0.920666 0.829534 1.14483
0.988639 0.616807 1.09764 0.928393 0.827942 1.11811
0.982332 0.659197 1.06783 0.919288 0.81608 1.13522
0.98658 0.707474 1.0715 0.927015 0.814488 1.10849
0.984677 0.759033 1.08298 0.9186 0.809354 1.13041
0.982005 0.815854 1.08408 0.926327 0.807762 1.10369
0.975385 0.865527 1.06303 0.918255 0.80599 1.12801
0.967137 0.90844 1.0359 0.925982 0.804398 1.10128
0.960081 0.924293 1.01613 0.918083 0.804309 1.12681
0.969599 0.899099 1.01995 0.92581 0.802717 1.10008
0.961312 0.919622 1.00816 0.917997 0.803468 1.12621
0.970831 0.894429 1.01198 0.925724 0.801876 1.09948
0.961928 0.917287 1.00417 0.917954 0.803047 1.12591
0.971446 0.892094 1.008 0.925681 0.801455 1.09918
0.962236 0.91612 1.00218 0.917933 0.802837 1.12576
0.971754 0.890927 1.006 0.92566 0.801245 1.09903
0.96239 0.915536 1.00118 0.925649 0.80114 1.09896
0.971908 0.890343 1.00501 0.910184 0.804219 1.15233
0.962467 0.915244 1.00068 0.925638 0.801035 1.09888
0.971985 0.890051 1.00451 0.944356 0.835039 1.05858
0.962505 0.915098 1.00043 0.955662 0.870682 1.02425
0.972023 0.889905 1.00426 0.961332 0.913919 0.987028
0.962524 0.915025 1.00031 0.966146 0.961352 0.957109
0.972043 0.889832 1.00413 0.94674 1.01034 0.964142
0.953025 0.940145 0.996357 0.925929 1.0107 1.01903
0.972062 0.889759 1.00401 0.925952 1.00071 1.07544
0.989931 0.861507 1.05069 0.919378 0.983405 1.13008
1.00052 0.846832 1.07306 0.923064 0.974524 1.15747
end
gesture a20 hands 2
1.11965 0.763646 1.31183 0.946527 1.003 1.04596
1.10921 0.765804 1.28427 0.968398 1.00529 1.04223
1.09497 0.778421 1.22868 0.990686 1.03472 0.99008
1.08195 0.797681 1.17507 0.99027 1.00757 1.0385
1.05361 0.781687 1.13016 0.988602 0.968729 1.08034
1.03099 0.733858 1.11305 0.975302 0.923637 1.11277
1.01026 0.685302 1.10677 0.96129 0.872311 1.13369
0.984913 0.634327 1.10114 0.951547 0.851502 1.10673
0.953081 0.624873 1.06594 0.942658 0.8193 1.13402
0.947394 0.676786 1.04554 0.941805 0.830693 1.07976
0.95817 0.731381 1.04376 0.949362 0.869197 1.03661
0.965846 0.780148 1.05482 0.950714 0.908728 0.995933
0.969396 0.830755 1.06484 0.954017 0.950242 0.957463
0.964508 0.881683 1.05308 0.960887 0.974815 0.943532
0.957201 0.927109 1.02577 0.962799 0.991261 0.96728
0.94966 0.930426 1.00248 0.965279 0.995324 0.94844
0.945348 0.96791 0.990684 0.967191 1.01177 0.972188
0.943734 0.950826 0.984937 0.967474 1.00558 0.950894
0.955136 0.932192 1.00356 0.969386 1.02203 0.974642
0.948627 0.932967 0.991373 0.968572 1.01071 0.952121
0.960029 0.914333 1.00999 0.970484 1.02715 0.975869
0.951074 0.924037 0.994592 0.969121 1.01327 0.952734
0.962476 0.905403 1.01321 0.971033 1.02972 0.976483
0.952298 0.919573 0.996201 0.969396 1.01455 0.953041
0.9637 0.900939 1.01482 0.971308 1.031 0.976789
0.952909 0.91734 0.997005 0.969533 1.01519 0.953195
0.964311 0.898706 1.01563 0.971445 1.03164 0.976943
0.953215 0.916224 0.997408 0.969601 1.01551 0.953271
0.964617 0.89759 1.01603 0.971513 1.03196 0.977019
0.953368 0.915666 0.997609 0.967758 0.999388 0.9296
0.96477 0.897032 1.01623 0.971582 1.03228 0.977096
0.953445 0.915387 0.997709 0.964556 1.0276 1.03545
0.964847 0.896753 1.01633 0.9583 1.019 1.06367
0.942119 0.933742 0.97919 0.952198 1.02031 1.09291
0.964923 0.896474 1.01643 0.952043 1.01039 1.0919
end
gesture a20 hands 2
1.06907 0.7821 1.12645 0.938198 1.02209 1.08177
1.06906 0.790496 1.0978 0.927661 1.02165 1.054
1.02859 0.772521 1.06306 0.927305 1.03096 0.996942
0.998872 0.72348 1.05323 0.929301 0.999701 1.03998
0.979737 0.670235 1.05569 0.92899 0.955834 1.07857
0.959182 0.619547 1.06786 0.923093 0.911473 1.11507
0.930735 0.571748 1.06099 0.911558 0.861057 1.13788
0.925183 0.616532 1.03172 0.916933 0.84115 1.09732
0.93493 0.667388 1.03139 0.905244 0.811957 1.10918
0.942316 0.718362 1.04656 0.922308 0.821243 1.05677
0.945399 0.771958 1.06219 0.942032 0.85063 1.01672
0.945554 0.827555 1.05549 0.965161 0.884977 0.979252
0.939721 0.870603 1.02642 0.979345 0.923716 0.940369
0.929682 0.908304 0.990158 0.971423 0.9467 0.936303
0.917502 0.942693 0.946847 0.960612 0.949053 0.963624
0.925293 0.932506 0.939867 0.962056 0.959368 0.947931
0.938626 0.92241 0.961133 0.951245 0.961721 0.975252
0.935855 0.922364 0.94701 0.957373 0.965702 0.953745
0.949188 0.912268 0.968275 0.946562 0.968055 0.981066
0.941136 0.917293 0.950582 0.955031 0.968869 0.956652
0.954469 0.907197 0.971847 0.944221 0.971222 0.983973
0.943776 0.914758 0.952367 0.95386 0.970453 0.958105
0.957109 0.904661 0.973632 0.94305 0.972806 0.985427
0.945097 0.91349 0.95326 0.953275 0.971245 0.958832
0.95843 0.903394 0.974525 0.942464 0.973597 0.986153
0.945757 0.912856 0.953707 0.952982 0.971641 0.959195
0.95909 0.90276 0.974972 0.942172 0.973993 0.986517
0.946087 0.912539 0.95393 0.952836 0.971839 0.959377
0.95942 0.902443 0.975195 0.942025 0.974191 0.986698
0.946252 0.912381 0.954041 0.9635 0.969684 0.932237
0.959585 0.902285 0.975306 0.941879 0.974389 0.98688
0.959667 0.902205 0.975362 0.944859 0.980488 1.04589
0.933084 0.922319 0.932888 0.952152 0.988403 1.10166
0.95975 0.902126 0.975418 0.943031 0.999774 1.1051
0.985387 0.888187 1.02075 0.909278 1.00678 1.05707
end
gesture a20 hands 2
0.954625 0.86623 1.19138 0.904088 1.04533 1.1143
0.953807 0.864982 1.20628 0.909078 1.04588 1.10032
0.965776 0.866673 1.18055 0.91174 1.02732 1.12272
0.959383 0.865203 1.20087 0.912903 1.03687 1.10453
0.971352 0.866895 1.17514 0.915566 1.01832 1.12693
0.962171 0.865314 1.19817 0.914816 1.03237 1.10664
0.974139 0.867006 1.17244 0.917479 1.01381 1.12903
0.963565 0.86537 1.19681 0.915773 1.03012 1.10769
0.975533 0.867061 1.17108 0.918435 1.01156 1.13009
0.964262 0.865397 1.19614 0.916251 1.02899 1.10822
0.97623 0.867089 1.17041 0.918914 1.01044 1.13061
0.96461 0.865411 1.1958 0.919153 1.00987 1.13088
0.976578 0.867103 1.17007 0.914067 1.04642 1.08635
0.95299 0.863733 1.22119 0.919392 1.00931 1.13114
0.976927 0.867117 1.16973 0.920299 0.951685 1.1313
0.99065 0.871942 1.11326 0.924201 0.90056 1.10667
1.00203 0.851094 1.06004 0.937565 0.864437 1.06441
1.0017 0.800654 1.03283 0.954534 0.848169 1.01181
0.998843 0.747008 1.01697 0.973576 0.814658 0.998231
0.995937 0.693442 1.00556 0.983097 0.797902 0.991444
0.997897 0.639916 0.994364 0.985315 0.806395 0.984447
0.997145 0.58299 0.986955 0.986424 0.810641 0.980949
0.98995 0.562654 1.00301 0.987841 0.808023 0.93506
0.977987 0.531601 0.996476 0.987532 0.814888 0.97745
0.982755 0.542319 1.01906 0.992618 0.781147 0.984658
1.01128 0.592784 1.03077 0.987224 0.821752 1.01984
1.03903 0.639823 1.04214 0.99077 0.878938 1.02899
1.05764 0.691613 1.05802 0.998347 0.929935 1.00647
1.06362 0.731302 1.07065 0.996445 0.986503 0.992307
1.06374 0.771195 1.08217 0.989827 1.04498 0.994273
1.05769 0.812119 1.08476 0.977583 1.09589 1.01983
1.04502 0.851336 1.07116 0.970296 1.09179 1.07193
1.0228 0.889227 1.04837 0.977896 1.07309 1.12558
0.995922 0.922276 1.02134 0.964294 1.07316 1.18023
0.981247 0.93554 1.00742 0.951632 1.07058 1.20716
end
gesture a20 hands 2
0.837531 1.07026 0.867617 0.812049 1.11388 0.993376
0.845784 1.05973 0.893502 0.839701 1.1089 0.998701
0.863727 1.03894 0.940414 0.894184 1.09044 1.01029
0.885397 1.01234 0.985081 0.928967 1.04882 1.0323
0.91135 0.973822 1.01993 0.946037 1.0156 1.07852
0.935138 0.921649 1.02134 0.978551 0.978964 1.10935
0.936774 0.871596 0.993502 1.00523 0.929636 1.12569
0.931798 0.817553 0.973306 1.00954 0.873687 1.12782
0.925632 0.766115 0.96118 1.01231 0.830072 1.09097
0.919341 0.715514 0.957091 1.01073 0.784643 1.0565
0.896519 0.667985 0.961123 1.01654 0.742383 1.02771
0.894346 0.615862 0.946583 1.00525 0.720165 1.00541
0.920339 0.583546 0.909119 1.0136 0.694262 0.996404
0.958882 0.61773 0.894142 1.00378 0.696105 0.989758
0.980441 0.660418 0.89801 1.00312 0.724705 0.992519
0.994297 0.707425 0.911928 0.993954 0.697948 0.983111
1.00009 0.747255 0.928325 0.992642 0.755148 0.988634
1.0014 0.793527 0.948786 0.986599 0.812653 0.977425
1.00417 0.843526 0.95473 0.979897 0.867982 0.964891
1.00428 0.887872 0.9359 0.968712 0.923451 0.950437
0.995216 0.928211 0.90746 0.959994 0.980102 0.941378
0.982033 0.945005 0.889869 0.968431 1.03458 0.957687
0.977926 0.939318 0.917562 0.984311 1.05128 1.00925
0.973387 0.950559 0.89492 1.00187 1.06155 1.06122
0.96928 0.944872 0.922614 0.996966 1.06789 1.09344
0.969065 0.953336 0.897446 1.01924 1.08419 1.11166
0.964958 0.947649 0.925139 0.992061 1.07423 1.12566
0.966903 0.954725 0.898709 0.978472 1.06926 1.13267
0.962796 0.949038 0.926402 0.971677 1.06677 1.13617
0.968849 0.9618 0.872278 0.968279 1.06552 1.13792
0.960635 0.950426 0.927665 1.01202 1.07195 1.16475
0.967266 0.947804 0.9847 0.964882 1.06428 1.13967
0.975047 0.946594 1.04091 0.932824 1.0714 1.0915
0.972 0.93815 1.09743 0.915166 1.07998 1.03678
0.967511 0.926879 1.15291 0.934107 1.07462 0.985753
end
gesture a20 hands 2
0.989617 0.695548 1.6988 0.830598 0.735393 1.7366
0.994164 0.696596 1.72838 0.853132 0.739046 1.75606
0.998963 0.703446 1.7868 0.863594 0.69857 1.76865
1.01296 0.711346 1.84395 0.864782 0.647023 1.74166
1.02343 0.700756 1.90146 0.874017 0.599038 1.71983
1.04309 0.665199 1.91517 0.877247 0.586867 1.71488
1.03953 0.623309 1.87918 0.890801 0.615504 1.61428
1.03562 0.652098 1.78502 0.893323 0.609049 1.61276
1.03229 0.6654 1.66562 0.880477 0.574696 1.70992
1.032 0.673143 1.67824 0.895844 0.602595 1.61123
1.03004 0.687537 1.63116 0.907586 0.63197 1.50873
1.03087 0.684211 1.66101 0.911211 0.630494 1.51254
1.02892 0.698606 1.61394 0.913024 0.629755 1.51444
1.02835 0.70414 1.60532 0.91393 0.629386 1.51539
1.03171 0.680886 1.69087 0.914383 0.629202 1.51587
1.02779 0.709674 1.59671 0.91461 0.629109 1.51611
1.02584 0.724069 1.54963 0.886938 0.550354 1.70002
1.02486 0.731266 1.52609 0.914837 0.629017 1.51635
1.02505 0.70749 1.45206 0.941156 0.664902 1.29763
1.02388 0.738463 1.50255 0.942735 0.70768 1.33267
1.01711 0.786845 1.53041 0.95528 0.753457 1.3632
1.03277 0.841468 1.52416 0.980751 0.803739 1.37899
1.04969 0.889499 1.5368 0.99911 0.853671 1.37785
1.05321 0.935364 1.56269 1.01308 0.901549 1.3853
1.04835 0.979621 1.59192 1.02687 0.949052 1.40282
1.03912 1.03349 1.61247 1.03949 0.991176 1.42344
1.03252 1.07819 1.60147 1.037 1.03742 1.42553
1.02094 1.11702 1.57879 1.00189 1.07928 1.42213
1.00892 1.15953 1.5449 0.947491 1.09107 1.43823
1.00076 1.17862 1.49648 0.9075 1.07088 1.46734
0.996046 1.145 1.45426 0.888079 1.03866 1.5089
0.994905 1.09506 1.4691 0.876248 1.00377 1.54958
0.99458 1.05008 1.4995 0.858198 0.957193 1.58022
0.994233 1.00114 1.5283 0.840077 0.903997 1.59626
0.995791 0.953548 1.55708 0.832498 0.847356 1.60308
end
gesture a20 hands 2
0.934898 0.742595 1.17839 0.941399 1.05453 0.984999
0.944372 0.722159 1.17545 0.940082 1.04851 0.971511
0.945327 0.749367 1.20539 0.943476 1.04773 1.00086
0.953845 0.701722 1.1725 0.941121 1.04511 0.979442
0.949951 0.650916 1.1478 0.944515 1.04433 1.00879
0.944494 0.602381 1.12847 0.94164 1.04342 0.983407
0.935755 0.551391 1.11012 0.945034 1.04263 1.01276
0.906289 0.54087 1.10501 0.941899 1.04256 0.98539
0.917704 0.504832 1.07968 0.945293 1.04178 1.01474
0.876822 0.530349 1.09989 0.942029 1.04214 0.986381
0.859527 0.539423 1.09048 0.945423 1.04136 1.01573
0.87561 0.574986 1.04756 0.938765 1.0425 0.958024
0.90073 0.620985 1.03065 0.945553 1.04093 1.01672
0.92789 0.665069 1.03117 0.963187 1.01289 1.0623
0.946364 0.707968 1.04513 0.979675 0.956065 1.0639
0.950498 0.754403 1.06744 0.989129 0.899857 1.05424
0.95125 0.798283 1.07989 1.00316 0.84839 1.03665
0.952824 0.819019 1.077 1.00613 0.800203 1.03017
0.953973 0.873577 1.05954 1.01519 0.750525 1.05004
0.954185 0.856666 1.06682 1.00862 0.75056 1.06231
0.955334 0.911223 1.04937 1.00534 0.750577 1.06845
0.954866 0.87549 1.06173 1.0037 0.750585 1.07152
0.956015 0.930047 1.04428 1.00288 0.75059 1.07306
0.955207 0.884901 1.05919 1.00247 0.750592 1.07382
0.956356 0.939458 1.04173 1.00226 0.750593 1.07421
0.955377 0.889607 1.05792 1.01982 0.698405 1.06717
0.956526 0.944164 1.04046 1.00206 0.750594 1.07459
0.954398 0.839756 1.0741 0.989956 0.805102 1.07668
0.956696 0.94887 1.03919 0.981901 0.86077 1.06952
0.960762 0.992577 1.01942 0.977313 0.915577 1.05001
0.974339 1.03138 0.988248 0.975163 0.966385 1.02428
1.00001 1.06012 0.94688 0.975455 1.01896 0.997631
1.04132 1.05249 0.908245 0.980031 1.07097 0.972266
1.05695 0.999176 0.921005 0.989099 1.1007 0.995535
1.05621 0.973276 0.935352 0.952636 1.11868 1.03333
end
gesture a20 hands 2
1.05417 0.717043 1.35171 0.908715 0.929545 1.34669
1.03834 0.694918 1.36392 0.916805 0.917084 1.37241
1.01426 0.641887 1.35351 0.918084 0.894529 1.42645
0.991569 0.560255 1.336 0.939022 0.850416 1.45655
0.984903 0.530562 1.32817 0.927722 0.801509 1.48614
0.968878 0.478622 1.31849 0.891135 0.778801 1.49179
0.945287 0.429913 1.30206 0.910889 0.824973 1.46601
0.916655 0.429289 1.29543 0.919844 0.848282 1.45262
0.916878 0.456051 1.26056 0.93491 0.870014 1.35951
0.902451 0.442357 1.27469 0.931854 0.870802 1.39937
0.902674 0.46912 1.23981 0.94692 0.892534 1.30626
0.895348 0.448892 1.26431 0.937859 0.882063 1.37275
0.895572 0.475654 1.22944 0.952925 0.903794 1.27964
0.892021 0.478922 1.22425 0.940862 0.887693 1.35943
0.888023 0.428664 1.28881 0.955928 0.909424 1.26633
0.88847 0.482189 1.21906 0.942363 0.890508 1.35278
0.888693 0.508951 1.18419 0.957429 0.912239 1.25967
0.888804 0.522333 1.16676 0.943114 0.891915 1.34945
0.87345 0.485231 1.12757 0.958179 0.913647 1.25634
0.888916 0.535714 1.14932 0.943489 0.892619 1.34778
0.895142 0.570628 1.17033 0.958555 0.91435 1.25468
0.898458 0.613094 1.19645 0.943676 0.892971 1.34695
0.901906 0.65658 1.20899 0.958742 0.914702 1.25384
0.90474 0.700252 1.20679 0.94377 0.893147 1.34654
0.906239 0.740748 1.20167 0.958836 0.914878 1.25343
0.909429 0.797996 1.19362 0.943817 0.893235 1.34633
0.915676 0.849359 1.18486 0.958883 0.914966 1.25322
0.926409 0.899377 1.17282 0.943841 0.893279 1.34622
0.946361 0.940765 1.15495 0.958907 0.91501 1.25311
0.986285 0.930422 1.15209 0.928798 0.871591 1.43923
0.992301 0.958696 1.13152 0.95893 0.915054 1.25301
1.02621 0.920079 1.14923 0.932697 0.958802 1.22514
1.02883 0.876076 1.18641 0.961121 0.923758 1.26175
1.01982 0.839779 1.22941 0.93273 0.94692 1.3089
0.994746 0.773502 1.31542 0.916097 0.928828 1.33646
end
gesture a20 hands 2
0.982259 0.947216 1.16135 0.908914 1.0295 1.06499
0.988039 0.944497 1.17487 0.924801 1.02582 1.0901
0.995374 0.925592 1.1582 0.970257 1.01404 1.09816
0.994597 0.933686 1.17329 0.995133 0.968715 1.10215
1.00193 0.914781 1.15663 1.02162 0.917045 1.1138
0.997876 0.92828 1.1725 1.03835 0.861797 1.12445
1.00521 0.909375 1.15584 1.04814 0.809482 1.10018
0.999516 0.925577 1.17211 1.07028 0.778099 1.06833
1.00685 0.906672 1.15544 1.10308 0.737104 1.05347
1.00767 0.90532 1.15525 1.05365 0.761224 1.06891
0.99382 0.941779 1.18838 1.00506 0.790484 1.06508
1.00849 0.903969 1.15505 0.978499 0.8324 1.04092
1.00247 0.851243 1.12886 0.962598 0.887011 1.04121
0.991223 0.796497 1.10829 0.984159 0.902 1.02374
0.978699 0.744044 1.09068 0.976596 0.942992 1.04669
0.969514 0.688476 1.07332 1.00572 0.91699 1.00626
0.960708 0.637136 1.05744 1.02752 0.941155 0.958512
0.946448 0.582628 1.04138 1.04122 0.978124 0.915635
0.940342 0.529544 1.02566 1.03738 1.01692 0.872962
0.930576 0.475864 1.01654 1.01667 1.03558 0.865066
0.906584 0.460338 0.996833 1.00217 1.03791 0.890046
0.894588 0.452575 0.986979 0.999068 1.04607 0.873608
0.904692 0.422504 1.01697 0.984568 1.0484 0.898588
0.904179 0.455359 0.991567 0.990267 1.05132 0.877879
0.882592 0.444812 0.977126 0.975766 1.05365 0.902859
0.903665 0.488213 0.966163 0.985865 1.05395 0.880014
0.920045 0.535049 0.963682 0.971365 1.05628 0.904994
0.931849 0.581759 0.971331 0.983665 1.05526 0.881082
0.940222 0.627685 0.98432 0.969164 1.05759 0.906062
0.944694 0.672443 0.996955 0.968064 1.05824 0.906596
0.946386 0.725689 0.996987 0.995965 1.05424 0.85717
0.9452 0.771508 0.981371 0.966964 1.0589 0.90713
0.940032 0.813039 0.961192 0.971841 1.0435 0.963256
0.935056 0.859384 0.937331 0.962216 1.04089 1.02122
0.934622 0.885614 0.924069 0.943558 1.0345 1.0772
end
gesture a20 hands 2
1.08703 0.788541 1.13846 0.877991 0.985908 0.867462
1.07286 0.778507 1.15486 0.89521 0.972994 0.888161
1.10699 0.788492 1.16077 0.913581 0.95645 0.940945
1.0587 0.768472 1.17126 0.923236 0.924236 0.988171
1.0033 0.761162 1.15582 0.908281 0.904745 1.03401
1.00161 0.708564 1.12927 0.916973 0.89498 1.09115
0.997253 0.657476 1.10364 0.927527 0.863952 1.13652
0.99046 0.604146 1.08007 0.933934 0.815203 1.16772
0.981948 0.551087 1.06264 0.947673 0.769682 1.2017
0.966797 0.502666 1.03542 0.967911 0.725076 1.21815
0.950272 0.523282 1.00169 1.00777 0.696827 1.23171
0.937087 0.526751 0.982853 1.00425 0.685502 1.23297
0.900965 0.51054 0.942816 0.970255 0.720285 1.22865
0.894439 0.533214 0.927078 0.95352 0.765901 1.19506
0.920075 0.582535 0.912229 0.951619 0.811319 1.16306
0.903995 0.569211 0.911784 0.957817 0.852465 1.13393
0.929631 0.618533 0.896935 0.973093 0.887404 1.08967
0.908772 0.58721 0.904137 0.97877 0.906124 1.07267
0.934408 0.636531 0.889289 0.986897 0.949052 1.03677
0.911161 0.59621 0.900314 0.985672 0.936947 1.04622
0.936797 0.645531 0.885465 0.993798 0.979876 1.01031
0.912356 0.600709 0.898402 0.989123 0.952359 1.03299
0.937992 0.65003 0.883554 0.997249 0.995288 0.997088
0.887914 0.555888 0.911339 0.990849 0.960065 1.02638
0.939186 0.65453 0.881642 0.998975 1.00299 0.990475
0.962402 0.70339 0.893106 0.999837 1.00685 0.987168
0.976037 0.748471 0.917466 0.984448 0.924843 1.05567
0.983062 0.7949 0.94819 1.0007 1.0107 0.983862
0.983266 0.841095 0.977564 1.00839 1.05059 0.954553
0.976771 0.889732 1.00297 1.0169 1.09487 0.926419
0.975458 0.931339 1.00714 0.990593 1.09649 0.925937
0.969443 0.984202 0.991122 0.998749 1.1236 0.885834
0.960414 1.02734 0.961967 0.964286 1.09811 0.925454
0.948684 1.05494 0.918723 0.939626 1.07658 0.96876
0.93839 1.04022 0.895027 0.928183 1.0667 0.991791
end
gesture a20 hands 2
0.93462 0.836778 0.909669 0.742348 0.910343 1.33168
0.939342 0.832666 0.938452 0.766847 0.902785 1.31682
0.949706 0.82938 0.995238 0.806977 0.893695 1.27585
0.976965 0.818654 1.04476 0.842012 0.890379 1.23002
1.01545 0.792069 1.07576 0.88352 0.886494 1.18847
1.02828 0.746769 1.04686 0.906638 0.87606 1.17427
1.0175 0.702295 1.00964 0.91574 0.852286 1.18746
1.0079 0.650121 0.984402 0.929756 0.865627 1.16008
0.999411 0.595403 0.969119 0.947959 0.818078 1.18645
0.991647 0.538943 0.960106 0.948877 0.761265 1.20229
0.98583 0.483811 0.955606 0.943878 0.706511 1.21478
0.979903 0.455086 0.957163 0.931225 0.695915 1.22566
0.959298 0.441482 0.971355 0.924899 0.690617 1.23109
0.947187 0.435738 0.978248 0.95547 0.65803 1.21896
0.973975 0.426361 0.95872 0.918573 0.685319 1.23653
0.935076 0.429994 0.98514 0.915452 0.686059 1.23207
0.915627 0.431811 0.99835 0.894507 0.740966 1.23232
0.924197 0.415482 0.992728 0.883474 0.795892 1.21247
0.905902 0.43272 1.00495 0.909624 0.82679 1.17111
0.932767 0.399152 0.987105 0.933976 0.861247 1.13161
0.896177 0.433628 1.01156 0.954739 0.900582 1.09616
0.87978 0.489381 1.00608 0.991394 0.980618 1.03447
0.8828 0.540722 0.987454 1.00573 1.01887 1.00003
0.893347 0.594578 0.974074 1.01717 1.05637 0.960457
0.907192 0.64133 0.975096 1.02662 1.09206 0.919479
0.922596 0.693795 0.992775 1.0055 1.08904 0.895763
0.932386 0.736482 1.01577 0.994938 1.08753 0.883905
0.940895 0.786654 1.04493 0.989658 1.08677 0.877976
0.937745 0.834546 1.06953 0.987017 1.08639 0.875012
0.934449 0.878014 1.08291 0.985697 1.0862 0.873529
0.936969 0.921588 1.07766 1.02728 1.12229 0.870917
0.937024 0.964421 1.05543 0.984377 1.08601 0.872047
0.938431 1.00107 1.02348 0.958257 1.05832 0.91302
0.940934 1.02365 0.975098 0.939284 1.03571 0.961646
0.942229 1.00669 0.952206 0.931868 1.02494 0.985971
end
gesture a20 hands 2
0.947193 0.825233 0.925711 0.892784 0.975977 1.18668
0.945377 0.822178 0.955338 0.891304 0.983144 1.15765
0.954066 0.808854 1.01184 0.898503 0.975714 1.10196
0.981145 0.762204 0.989417 0.932105 0.93387 1.08804
0.989452 0.707434 0.970992 0.960242 0.88385 1.0987
0.986782 0.653072 0.955226 0.974653 0.834056 1.12364
0.982497 0.601119 0.947163 0.957681 0.795161 1.16311
0.977568 0.548134 0.944082 0.942219 0.760463 1.17567
0.969814 0.490859 0.941041 0.917526 0.766245 1.15151
0.948247 0.476489 0.961949 0.92547 0.793426 1.20161
0.951519 0.436932 0.948884 0.972829 0.821092 1.2202
0.926681 0.462119 0.982858 1.01504 0.857957 1.21551
0.905807 0.50573 1.01507 1.02297 0.891913 1.17973
0.876883 0.556167 1.0168 1.01706 0.919044 1.12971
0.878654 0.607724 0.997846 1.01435 0.944966 1.07925
0.901993 0.658918 0.98137 1.02693 0.994612 0.985755
0.926697 0.707063 0.981178 1.03236 1.02181 0.938295
0.943459 0.753122 0.994816 1.0304 1.04832 0.890749
0.952769 0.801312 1.01432 1.0162 1.07311 0.840874
0.955909 0.84911 1.03226 0.981709 1.05511 0.851222
0.949292 0.941607 1.05888 0.97275 1.05994 0.813708
0.946393 0.991292 1.0612 0.959985 1.04853 0.837639
0.943748 1.03492 1.03801 0.952047 1.04431 0.894687
0.947541 1.04265 1.01442 0.949633 1.04072 0.878129
0.940688 1.06719 1.00109 0.941695 1.0365 0.935176
0.951334 1.05039 0.990826 0.944457 1.03681 0.898373
0.956657 1.04199 0.985694 0.936519 1.0326 0.955421
0.950197 1.05647 0.968063 0.933931 1.03064 0.965544
0.959319 1.03779 0.983128 0.947219 1.03712 0.86157
0.960649 1.03569 0.981845 0.931343 1.02869 0.975666
0.943738 1.07095 0.950433 0.932 1.02827 1.03322
0.96198 1.03359 0.980562 0.91827 1.01793 1.05199
0.974658 1.0293 1.03716 0.911405 1.01275 1.06138
0.990517 1.02231 1.09208 0.926552 1.02558 1.09107
1.00427 1.00472 1.10967 0.904541 1.00758 1.07076
end
gesture a20 hands 2
1.00405 0.692827 1.26856 0.990891 1.02754 0.906685
1.00908 0.697364 1.29756 0.984293 1.02169 0.935153
0.991855 0.713165 1.24303 1.01186 1.03193 0.926894
1.0116 0.675791 1.20224 0.977695 1.01583 0.96362
1.02396 0.630315 1.16564 0.946428 0.998681 1.01022
1.02919 0.577355 1.14488 0.945905 0.979343 1.06496
1.03035 0.524088 1.13052 0.948582 0.946594 1.11076
1.02533 0.468707 1.12492 0.941445 0.910106 1.15203
1.02004 0.414309 1.11896 0.950575 0.872441 1.13891
1.00632 0.367881 1.09283 0.969576 0.833291 1.10492
1.0088 0.418921 1.06816 1.00615 0.841749 1.09977
1.01252 0.468388 1.05568 1.00466 0.843154 1.0909
1.01417 0.515787 1.05024 1.00658 0.811972 1.07382
1.01055 0.561953 1.05355 1.00317 0.84456 1.08203
1.00199 0.658365 1.03919 1.00146 0.860854 1.08613
1.00446 0.633242 1.04803 1.04272 0.850207 1.09461
0.995905 0.729654 1.03367 0.999751 0.877148 1.09023
1.00142 0.668886 1.04526 0.989598 0.913767 1.0463
0.992862 0.765298 1.03091 0.983366 0.952329 1.00585
0.999901 0.686708 1.04388 0.973498 0.996522 0.969563
0.991341 0.783121 1.02953 0.960673 1.01446 0.983299
0.999141 0.695619 1.0432 0.945727 1.03542 0.995205
0.990581 0.792032 1.02884 0.938253 1.0459 1.00116
0.99876 0.700075 1.04285 0.949336 1.01648 1.041
0.9902 0.796487 1.0285 0.93768 1.03194 1.02529
0.99857 0.702303 1.04268 0.93078 1.05638 1.00711
0.99001 0.798715 1.02832 0.926024 1.04739 1.00957
0.998475 0.703417 1.04259 0.923646 1.0429 1.0108
0.989915 0.799829 1.02824 0.922457 1.04066 1.01142
0.989868 0.800386 1.02819 0.921862 1.03953 1.01172
1.00694 0.608118 1.05686 0.921565 1.03897 1.01188
0.98982 0.800943 1.02815 0.921417 1.03869 1.01195
0.986199 0.854792 1.00851 0.921342 1.03855 1.01199
0.969239 0.854658 0.984748 0.914824 1.05161 0.954928
0.964795 0.838669 1.00791 0.921268 1.03841 1.01203
end
gesture a20 hands 2
1.06313 0.640359 1.2326 0.94056 1.15901 1.06949
1.07996 0.628585 1.211 0.938996 1.15873 1.09897
1.09014 0.579953 1.17964 0.957986 1.15125 1.10081
1.09242 0.531903 1.14646 0.969425 1.10882 1.07624
1.0948 0.48057 1.12627 0.95894 1.05238 1.0822
1.08258 0.463319 1.12105 0.950208 0.999937 1.101
1.08788 0.425178 1.11732 0.926283 0.948105 1.09767
1.07035 0.446069 1.11583 0.936212 0.894677 1.10427
1.05813 0.428819 1.11062 0.937691 0.854758 1.08001
1.05507 0.424506 1.10931 0.936866 0.811319 1.06342
1.06954 0.399302 1.10949 0.961218 0.762874 1.07864
1.05201 0.420194 1.10801 0.968127 0.762586 1.07722
1.04896 0.415882 1.1067 0.976408 0.740531 1.0902
1.04819 0.414803 1.10638 0.975037 0.762297 1.07579
1.06495 0.392834 1.10754 0.981946 0.762009 1.07437
1.04743 0.413725 1.10605 0.983673 0.761936 1.07402
1.04666 0.412647 1.10573 0.986772 0.740098 1.08807
1.04647 0.412378 1.10564 0.9854 0.761864 1.07366
1.06381 0.391217 1.10705 0.987128 0.761792 1.07331
1.04628 0.412108 1.10556 0.989363 0.73999 1.08753
1.04609 0.411839 1.10548 0.987991 0.761756 1.07313
1.06352 0.390812 1.10693 0.989795 0.739972 1.08744
1.046 0.411704 1.10544 0.988423 0.761738 1.07304
1.08095 0.369786 1.10837 0.990011 0.739963 1.0874
1.0459 0.411569 1.1054 0.988639 0.761729 1.07299
1.02335 0.459855 1.10426 0.990119 0.739959 1.08738
1.00312 0.507172 1.10954 0.988747 0.761724 1.07297
0.958981 0.537674 1.11602 0.991599 0.718188 1.10176
0.933544 0.568636 1.11465 0.988855 0.76172 1.07295
0.935184 0.61214 1.11857 0.984017 0.807292 1.04406
0.937049 0.658579 1.11708 0.977078 0.858638 1.01651
0.94121 0.749777 1.09181 0.973227 0.911665 0.996808
0.944113 0.789531 1.07702 0.96941 0.967871 1.00356
0.950146 0.832197 1.04524 0.962703 1.02448 1.01447
0.958083 0.842955 1.02014 0.949356 1.08165 1.02174
end
gesture a20 hands 2
1.13204 1.12851 0.853706 0.76668 0.758292 0.973982
1.14152 1.10247 0.936865 0.781007 0.759769 0.969911
1.15946 1.07028 0.981214 0.795871 0.74769 0.992176
1.17268 1.0148 0.983948 0.795602 0.754468 0.979008
1.17513 0.959168 0.975306 0.810467 0.742389 1.00127
1.17463 0.905223 0.971883 0.817764 0.739739 1.00582
1.17662 0.849079 0.986571 0.795333 0.761246 0.965841
1.17866 0.822546 0.997651 0.825062 0.737088 1.01037
1.163 0.839663 1.0146 0.823657 0.693874 1.05049
1.17185 0.817839 1.01166 0.80507 0.648768 1.07134
1.1562 0.834955 1.02861 0.772925 0.641707 1.10089
1.16844 0.815485 1.01867 0.756853 0.638177 1.11567
1.15279 0.832601 1.03561 0.748817 0.636411 1.12306
1.16674 0.814307 1.02217 0.744799 0.635529 1.12675
1.15109 0.831424 1.03912 0.74279 0.635087 1.1286
1.16589 0.813719 1.02392 0.770773 0.612662 1.08719
1.15024 0.830835 1.04087 0.740781 0.634646 1.13045
1.16547 0.813425 1.0248 0.705904 0.649522 1.16219
1.14982 0.830541 1.04174 0.710438 0.668136 1.15927
1.16525 0.813278 1.02524 0.712704 0.677443 1.15781
1.1496 0.830394 1.04218 0.713838 0.682096 1.15708
1.16515 0.813204 1.02546 0.714404 0.684423 1.15671
1.1495 0.830321 1.0424 0.714688 0.685587 1.15653
1.18069 0.796014 1.00873 0.714829 0.686168 1.15644
1.14939 0.830247 1.04262 0.7149 0.686459 1.1564
1.12522 0.869025 1.04236 0.670025 0.66015 1.16602
1.07706 0.895803 1.04127 0.714971 0.68675 1.15635
1.02923 0.923409 1.03384 0.75411 0.724439 1.14385
0.978337 0.946059 1.03215 0.785829 0.76085 1.12848
0.924976 0.966058 1.02991 0.816169 0.810463 1.12166
0.871185 0.983506 1.03682 0.842669 0.856096 1.11099
0.820132 0.999917 1.06013 0.869639 0.901073 1.09792
0.776799 1.03063 1.08593 0.900258 0.946643 1.08519
0.760676 1.05519 1.13527 0.939652 0.979748 1.06889
0.787132 1.05716 1.12447 0.941984 0.972067 1.06793
end
