gesture a06 hands 2
0.938574 0.482655 1.19935 0.925706 0.948372 1.06781
0.937335 0.486614 1.18507 0.94159 0.953404 1.05544
0.951607 0.498792 1.16255 0.930614 0.957683 1.09579
0.943851 0.494683 1.16667 0.957475 0.958436 1.04308
0.958123 0.506861 1.14415 1.00507 0.976529 1.01442
0.947109 0.498718 1.15747 1.03648 0.999748 0.977401
0.961381 0.510896 1.13495 1.0337 1.03134 0.934541
0.948738 0.500735 1.15287 0.995456 1.03581 0.908027
0.96301 0.512913 1.13035 0.960773 0.992974 0.923664
0.963825 0.513921 1.12805 0.945471 0.979653 0.944624
0.936095 0.490574 1.17079 0.94684 0.95598 0.998433
0.964639 0.51493 1.12575 0.938504 0.961156 0.982008
1.00089 0.54662 1.09764 0.939874 0.937483 1.03582
1.02596 0.598187 1.09 0.935022 0.951908 1.0007
1.03796 0.65204 1.1046 0.936391 0.928234 1.05451
1.04297 0.703928 1.1272 0.93328 0.947283 1.01005
1.04106 0.750708 1.14955 0.934649 0.923609 1.06385
1.03535 0.805005 1.16732 0.932409 0.944971 1.01472
1.02985 0.855856 1.16269 0.933779 0.921297 1.06853
1.02138 0.896744 1.135 0.931974 0.943815 1.01706
1.00914 0.93086 1.10479 0.933343 0.920141 1.07086
0.993711 0.969964 1.0667 0.931756 0.943237 1.01822
0.982365 1.00101 1.0248 0.933126 0.919563 1.07203
0.97901 0.976851 0.994735 0.931647 0.942948 1.01881
0.977332 0.964771 0.979702 0.933017 0.919274 1.07262
0.976494 0.958731 0.972186 0.931593 0.942803 1.0191
0.976074 0.955711 0.968428 0.932962 0.919129 1.07291
0.975865 0.954201 0.966549 0.932935 0.919057 1.07305
0.97576 0.953446 0.96561 0.930169 0.966332 0.965584
0.975707 0.953068 0.96514 0.932908 0.918985 1.0732
0.973893 1.0066 0.973165 0.924535 0.920619 1.1292
0.975655 0.952691 0.96467 0.951297 0.961095 1.13746
0.974741 0.904012 0.993646 0.978801 0.98008 1.08803
end
gesture a06 hands 2
0.928005 0.438638 1.2921 0.944393 0.981762 1.0923
0.936382 0.434447 1.26388 0.955985 0.976405 1.09989
0.912088 0.429439 1.22227 0.975506 0.983333 1.07882
0.925815 0.456511 1.18732 0.971541 0.977191 1.09315
0.905367 0.448999 1.1765 0.991062 0.984118 1.07209
0.939543 0.483584 1.15237 0.979319 0.977584 1.08978
0.96283 0.530886 1.1488 0.998841 0.98451 1.06872
0.977688 0.581589 1.15861 0.983209 0.97778 1.0881
0.984303 0.629684 1.17635 1.00273 0.984707 1.06704
0.982571 0.676738 1.19788 0.985154 0.977878 1.08725
0.978891 0.730142 1.21002 1.00468 0.984805 1.06619
0.978622 0.753237 1.20248 0.986126 0.977927 1.08683
0.972573 0.792964 1.17382 1.00565 0.984854 1.06577
0.975463 0.784648 1.18438 0.986612 0.977951 1.08662
0.969413 0.824374 1.15571 1.00613 0.984878 1.06556
0.973883 0.800353 1.17533 0.986855 0.977964 1.08652
0.967834 0.84008 1.14666 1.00638 0.984891 1.06546
0.973093 0.808206 1.17081 0.986977 0.97797 1.08646
0.967044 0.847932 1.14214 1.0065 0.984897 1.0654
0.972698 0.812132 1.16854 0.987038 0.977973 1.08644
0.966649 0.851859 1.13987 1.00656 0.9849 1.06538
0.972501 0.814095 1.16741 1.00659 0.984901 1.06536
0.966451 0.853822 1.13874 0.967577 0.971049 1.10747
0.972402 0.815077 1.16685 1.00662 0.984903 1.06535
0.966353 0.854803 1.13818 1.00207 1.00007 1.00849
0.966303 0.855294 1.13789 0.97882 1.00892 0.956188
0.978353 0.776332 1.19495 0.954961 0.975398 0.918324
0.966254 0.855785 1.13761 0.940361 0.929467 0.925222
0.957617 0.897503 1.09997 0.928591 0.906472 0.978519
0.953782 0.92527 1.05566 0.94559 0.910685 1.03355
0.953786 0.893219 1.03153 0.941838 0.933 1.08811
0.955985 0.915532 1.00008 0.940457 0.961004 1.13811
0.95379 0.861167 1.0074 0.93255 0.963084 1.16681
end
gesture a06 hands 2
0.900299 0.601686 1.19998 0.952952 0.963518 1.11312
0.926848 0.593817 1.18898 0.94644 0.964968 1.0968
0.922503 0.592438 1.21709 0.940313 0.967483 1.13981
0.953396 0.585949 1.17799 0.939928 0.966418 1.08048
0.946738 0.600385 1.12163 0.969515 0.962698 1.04422
0.957623 0.629921 1.07655 0.993808 0.970878 1.03907
0.985594 0.670544 1.05582 0.982662 0.976822 1.00547
1.00584 0.716813 1.05756 1.00038 0.97794 1.01969
1.01609 0.765256 1.07599 0.989236 0.983884 0.986099
1.01474 0.810366 1.09859 1.00367 0.981471 1.01
1.00817 0.861622 1.11434 0.992523 0.987415 0.976413
1.00615 0.885663 1.10975 1.00531 0.983236 1.00516
1.00078 0.928192 1.08683 0.994166 0.98918 0.971569
1.00245 0.918948 1.096 1.00613 0.984119 1.00274
0.997085 0.961477 1.07308 0.994988 0.990063 0.969148
1.00061 0.935591 1.08912 1.0181 0.979058 1.03391
0.995237 0.978119 1.06621 0.99581 0.990946 0.966726
0.999684 0.943912 1.08568 1.01679 1.02019 0.925781
0.994314 0.986441 1.06277 0.973523 1.00283 0.899545
1.00413 0.909704 1.10516 0.948828 0.954812 0.923744
0.99339 0.994762 1.05933 0.95838 0.932832 0.977662
0.992458 1.00303 1.02875 0.965191 0.937601 1.03328
0.989806 1.03378 1.02462 0.962197 0.947878 1.08971
0.991526 1.01129 0.998171 0.950057 0.963136 1.09035
0.992386 1.00005 0.984946 0.943987 0.970765 1.09067
0.992816 0.994431 0.978334 0.940952 0.974579 1.09083
0.994496 1.0383 0.973412 0.939435 0.976486 1.09091
0.993246 0.98881 0.971722 0.938676 0.97744 1.09095
0.985869 0.943816 1.00373 0.938296 0.977917 1.09097
0.985405 0.898657 1.03243 0.961104 0.970762 1.144
0.986621 0.845593 1.04462 0.937917 0.978394 1.09099
0.967924 0.791679 1.04004 0.935169 0.975896 1.03242
0.928795 0.717334 1.06236 0.97289 0.962306 0.994091
end
gesture a06 hands 2
0.898899 0.702814 1.11441 0.880229 0.871591 1.15114
0.914524 0.688576 1.13484 0.891793 0.848675 1.16663
0.953969 0.663128 1.16921 0.91694 0.809412 1.20316
0.9533 0.672771 1.15131 0.956965 0.829501 1.16637
0.971413 0.711751 1.1441 0.990961 0.843851 1.12349
0.967755 0.706894 1.12776 1.01709 0.878051 1.08671
0.952632 0.682413 1.13342 1.0462 0.911106 1.04962
0.964097 0.702036 1.11141 1.0306 0.93394 1.00014
0.969829 0.711848 1.10041 1.0021 0.951451 0.952966
0.972695 0.716753 1.09491 1.01032 1.00584 0.935854
0.947709 0.6772 1.07741 1.00622 1.05677 0.907926
0.975561 0.721659 1.08941 0.994684 1.08173 0.897572
0.99459 0.77366 1.10186 0.985714 1.12998 0.919646
0.996611 0.800899 1.09749 0.978076 1.12942 0.916399
0.987299 0.84997 1.07843 0.983147 1.10669 0.887218
0.992965 0.839054 1.08578 0.970438 1.12885 0.913152
0.983654 0.888124 1.06672 0.964083 1.13994 0.92612
0.991142 0.858131 1.07992 0.960905 1.14548 0.932603
0.981831 0.907202 1.06087 0.965209 1.20319 0.931366
0.990231 0.86767 1.07699 0.961469 1.1771 0.935227
0.98092 0.91674 1.05794 0.961946 1.13202 0.966323
0.989775 0.872439 1.07553 0.959837 1.14152 0.952705
0.980464 0.92151 1.05647 0.960314 1.09644 0.983801
0.980236 0.923894 1.05574 0.959021 1.12373 0.961444
0.998631 0.828138 1.09312 0.959498 1.07864 0.992541
0.980008 0.926279 1.05501 0.958613 1.11483 0.965814
0.96735 0.971757 1.03934 0.95909 1.06975 0.99691
0.961386 1.02442 1.0169 0.958409 1.11038 0.967999
0.968768 1.07359 0.988062 0.958886 1.0653 0.999095
0.983527 1.08598 0.937015 0.958784 1.06307 1.00019
0.991128 1.03173 0.930907 0.957728 1.15102 0.939087
0.98203 0.980964 0.957224 0.958682 1.06085 1.00128
0.970284 0.861496 1.03762 0.941164 0.945902 1.07555
end
gesture a06 hands 2
0.93438 0.688278 1.1938 0.879858 0.74611 1.17151
0.94952 0.712259 1.18496 0.908218 0.73817 1.1665
0.97879 0.751279 1.15315 0.92658 0.721673 1.14998
0.998024 0.754399 1.10422 0.957247 0.758701 1.12805
0.994558 0.728106 1.08029 0.991834 0.791891 1.09481
1.0072 0.775018 1.09048 1.01928 0.836232 1.0821
1.00946 0.824709 1.08154 1.02166 0.891562 1.08351
0.989813 0.921108 1.05113 1.03119 0.943655 1.0697
0.98098 0.970263 1.03174 1.02733 0.995376 1.04882
0.98454 0.996235 0.991448 0.983442 1.09213 1.01275
0.983546 1.01911 1.00465 0.954113 1.13531 0.98978
0.985823 1.02066 0.977905 0.950032 1.08345 0.975931
0.978669 0.938444 1.02338 0.945931 1.02696 0.988496
0.983384 0.980327 0.987269 0.944218 1.00113 0.999753
0.976231 0.898112 1.03274 0.94681 0.952396 1.03021
0.982165 0.960161 0.991949 0.944657 0.963845 1.02061
0.975011 0.877946 1.03742 0.94725 0.915114 1.05107
0.981556 0.950078 0.994289 0.944877 0.945204 1.03104
0.974402 0.867863 1.03976 0.947469 0.896473 1.0615
0.981251 0.945037 0.995459 0.944987 0.935884 1.03626
0.974097 0.862821 1.04093 0.947579 0.887153 1.06672
0.981098 0.942516 0.996044 0.945042 0.931224 1.03886
0.973944 0.860301 1.04151 0.947634 0.882492 1.06932
0.981022 0.941255 0.996336 0.945069 0.928894 1.04017
0.973868 0.85904 1.04181 0.947662 0.880162 1.07063
0.980984 0.940625 0.996483 0.945083 0.927729 1.04082
0.97383 0.85841 1.04195 0.947675 0.878997 1.07128
0.980965 0.94031 0.996556 0.94509 0.927146 1.04114
0.973811 0.858095 1.04203 0.947682 0.878415 1.0716
0.980955 0.940153 0.996592 0.945093 0.926855 1.04131
0.973801 0.857938 1.04206 0.947686 0.878123 1.07177
0.9881 1.02221 0.951158 0.942504 0.975295 1.01101
0.973792 0.85778 1.0421 0.947689 0.877832 1.07193
end
gesture a06 hands 2
0.984913 0.548524 1.10159 0.966586 0.812679 1.12243
0.97856 0.565153 1.07798 0.994979 0.821547 1.12058
0.975284 0.575684 1.0862 1.0208 0.835106 1.07241
0.98288 0.592977 1.09127 1.04325 0.871978 1.03592
1.00261 0.597816 1.05086 1.06299 0.910994 0.999633
1.03244 0.646552 1.05966 1.06813 0.951814 0.959102
1.04664 0.697103 1.07117 1.04348 0.981592 0.91611
1.03518 0.773556 1.04745 1.01774 1.00549 0.893312
1.03875 0.80473 1.04429 1.00634 0.974677 0.873039
1.02371 0.850009 1.02373 0.992 1.02939 0.870514
1.01307 0.921669 0.979631 0.95441 1.13198 0.897096
0.99504 0.949987 0.973308 0.935892 1.18151 0.922425
1.00244 0.993328 0.935532 0.95046 1.22803 0.953243
1.02866 1.01637 0.945976 0.934673 1.20795 0.989505
1.05385 1.00938 0.931109 0.922232 1.15609 1.01099
1.05488 1.0394 0.956419 0.924356 1.13075 1.021
1.0554 1.05442 0.969075 0.940037 1.05052 1.05117
1.07354 1.04216 0.965647 0.933259 1.07797 1.04109
1.05565 1.06192 0.975402 0.94894 0.997732 1.07126
1.07367 1.04591 0.968811 0.93771 1.05158 1.05113
1.05578 1.06568 0.978566 0.953392 0.971339 1.08131
1.07373 1.04779 0.970393 0.939936 1.03838 1.05615
1.05585 1.06755 0.980148 0.955617 0.958143 1.08633
1.07376 1.04873 0.971184 0.941049 1.03178 1.05866
1.05588 1.06849 0.980939 0.95673 0.951544 1.08884
1.07378 1.0492 0.971579 0.941605 1.02848 1.05992
1.05589 1.06896 0.981335 0.957287 0.948245 1.09009
1.09168 1.0299 0.962219 0.941883 1.02683 1.06055
1.05591 1.06943 0.98173 0.957565 0.946596 1.09072
1.01038 1.0988 1.00445 0.957704 0.945771 1.09104
0.913824 1.13316 1.05801 0.92648 1.10542 1.031
0.862691 1.14828 1.08422 0.957843 0.944946 1.09135
0.835383 1.15207 1.09571 0.965688 0.846989 1.13775
end
gesture a06 hands 2
0.955261 0.493412 1.20319 1.02798 0.868767 1.02753
0.983804 0.491695 1.1958 1.02536 0.885051 1.00298
1.03992 0.50077 1.19335 0.996359 0.905153 0.960058
1.07844 0.537549 1.19492 0.973957 0.927867 0.912241
1.09326 0.585368 1.20639 0.92103 0.986634 0.835373
1.1026 0.633749 1.22376 0.893789 1.03523 0.821128
1.11662 0.687272 1.22857 0.855675 1.049 0.861903
1.11637 0.710378 1.21693 0.857934 1.05212 0.888917
1.06887 0.798683 1.15795 0.888315 1.04579 0.934152
1.0925 0.766083 1.18162 0.874254 1.05052 0.925041
1.04499 0.854388 1.12265 0.904635 1.04419 0.970276
1.08056 0.793936 1.16397 0.882414 1.04972 0.943103
1.03306 0.882241 1.10499 0.912795 1.04339 0.988338
1.07459 0.807862 1.15514 0.886493 1.04932 0.952134
1.02709 0.896168 1.09617 0.916875 1.04299 0.997369
1.07161 0.814825 1.15073 0.888533 1.04912 0.95665
1.0241 0.903131 1.09175 0.918915 1.04279 1.00188
1.07012 0.818307 1.14852 0.889554 1.04902 0.958908
1.02261 0.906612 1.08955 0.919935 1.04269 1.00414
1.06937 0.820048 1.14742 0.890064 1.04897 0.960037
1.02187 0.908353 1.08844 0.920445 1.04264 1.00527
1.069 0.820918 1.14687 0.890319 1.04895 0.960601
1.02149 0.909224 1.08789 0.9207 1.04262 1.00584
1.06881 0.821353 1.14659 0.920828 1.0426 1.00612
1.02131 0.909659 1.08762 0.860192 1.05525 0.915931
1.02121 0.909876 1.08748 0.920955 1.04259 1.0064
1.11613 0.733483 1.20529 0.942446 1.03775 1.05759
1.02112 0.910094 1.08734 0.946805 1.00859 1.0834
1.01684 0.951964 1.06272 0.946847 1.01336 1.15607
1.04996 0.974465 1.03205 0.951165 0.979422 1.1092
1.07264 0.929366 1.03901 0.969292 0.960987 1.05728
1.06387 0.884962 1.0616 0.991197 0.940896 1.00749
1.0578 0.861922 1.07206 1.00893 0.919469 0.997384
end
gesture a06 hands 2
1.01896 0.3993 1.35238 1.00058 0.90558 1.00935
1.04514 0.403625 1.33992 0.98716 0.914512 0.98417
1.08552 0.437536 1.32517 0.955904 0.934051 0.93815
1.1027 0.483225 1.33141 0.927185 0.955751 0.892967
1.11317 0.528877 1.32806 0.88444 0.98697 0.879022
1.11358 0.55085 1.31878 0.874807 0.996445 0.934279
1.06687 0.66247 1.24381 0.902927 1.00014 0.98297
1.09044 0.617646 1.27665 0.944667 0.998391 1.01825
1.04373 0.729267 1.20169 0.98054 0.991625 1.06441
1.07887 0.651044 1.25559 0.977584 0.990095 1.11086
1.03215 0.762665 1.18062 1.00544 0.982665 1.11421
1.07308 0.667743 1.24505 0.974629 0.988565 1.15731
1.02637 0.779364 1.17009 0.937204 0.992331 1.15349
1.07018 0.676093 1.23979 0.935039 0.996261 1.1748
1.02347 0.787714 1.16482 0.918491 0.994214 1.15157
1.06874 0.680268 1.23716 0.925682 0.997202 1.17384
1.02203 0.791888 1.16219 0.909134 0.995156 1.15062
1.06801 0.682355 1.23584 0.921004 0.997673 1.17336
1.0213 0.793976 1.16088 0.904456 0.995626 1.15014
1.06765 0.683399 1.23518 0.918665 0.997908 1.17312
1.02094 0.795019 1.16022 0.902117 0.995862 1.1499
1.06747 0.683921 1.23485 0.917496 0.998026 1.173
1.02076 0.795541 1.15989 0.900948 0.995979 1.14978
1.06738 0.684182 1.23469 0.916911 0.998085 1.17294
1.02067 0.795802 1.15972 0.900363 0.996038 1.14972
1.06734 0.684312 1.23461 0.916618 0.998114 1.17291
1.02063 0.795933 1.15964 0.90007 0.996068 1.14969
1.0206 0.795998 1.1596 0.916472 0.998129 1.1729
1.114 0.572822 1.30949 0.899924 0.996082 1.14967
1.02058 0.796063 1.15956 0.932874 1.00019 1.19611
1.02112 0.832422 1.11788 0.899778 0.996097 1.14966
1.04289 0.801402 1.09588 0.892 0.992149 1.09503
1.04324 0.755838 1.12158 0.899547 0.987453 1.039
end
gesture a06 hands 2
1.0266 0.481231 1.34075 1.01593 0.936819 1.03544
1.0456 0.481006 1.31802 1.01327 0.941865 1.00628
1.08866 0.511082 1.29494 0.971008 0.953944 0.973489
1.10892 0.557229 1.29575 0.924323 0.962226 0.940747
1.11979 0.607044 1.29497 0.890744 0.99405 0.941255
1.12047 0.648229 1.27978 0.89636 1.00609 0.99711
1.03771 0.829476 1.15225 0.933823 1.00665 1.03936
1.02645 0.872544 1.11746 0.97565 0.999013 1.0766
1.03978 0.883129 1.07362 0.99878 0.990182 1.12899
1.04611 0.856351 1.07734 0.952805 0.983422 1.15652
1.03286 0.748677 1.14525 0.904592 0.998727 1.17725
1.04265 0.789125 1.11315 0.885455 0.994128 1.15154
1.0294 0.68145 1.18106 0.881458 0.977675 1.09653
1.04092 0.755512 1.13106 0.884083 0.977219 1.03929
1.02767 0.647837 1.19897 0.91012 0.978327 0.987875
1.04006 0.738706 1.14002 0.936087 0.967484 0.985691
1.02681 0.631031 1.20792 0.950189 0.954772 1.00722
1.03963 0.730302 1.14449 0.956121 0.955706 0.995365
1.02638 0.622627 1.2124 0.970224 0.942994 1.0169
1.03941 0.726101 1.14673 0.966139 0.949817 1.0002
1.02616 0.618426 1.21464 0.980242 0.937106 1.02173
1.0393 0.724 1.14785 0.971147 0.946873 1.00262
1.02605 0.616325 1.21576 0.98525 0.934161 1.02415
1.03924 0.722949 1.14841 0.973652 0.945401 1.00383
1.02599 0.615274 1.21632 0.987755 0.932689 1.02536
1.03922 0.722424 1.14869 0.974904 0.944665 1.00443
1.02597 0.614749 1.2166 0.989007 0.931953 1.02597
1.0392 0.722162 1.14883 0.97553 0.944297 1.00474
1.02595 0.614487 1.21674 0.989633 0.931585 1.02627
1.0392 0.72203 1.1489 0.989946 0.931401 1.02642
1.02595 0.614355 1.21681 0.962053 0.95664 0.983507
1.05244 0.829574 1.08106 0.990259 0.931217 1.02657
1.02594 0.614224 1.21688 1.00323 0.925209 1.05261
end
gesture a06 hands 2
1.01321 0.636498 1.1382 0.976539 0.947871 1.03295
1.01631 0.655717 1.11578 0.979735 0.955873 1.00437
1.03026 0.709065 1.11433 0.961219 0.970339 0.951658
1.0319 0.756847 1.12919 0.919327 0.977313 0.923623
1.02634 0.806575 1.13945 0.876056 1.01151 0.915772
1.0189 0.860252 1.12746 0.885807 1.00326 0.972279
1.00761 0.897702 1.09866 0.90202 0.984326 1.02419
0.992622 0.93373 1.05735 0.918787 0.968354 1.07728
0.97606 0.962345 1.01823 0.932729 0.94569 1.12942
0.964908 0.954193 1.00113 0.934142 0.949036 1.12989
0.969154 0.92696 1.01085 0.94151 0.958298 1.10314
0.961455 0.9365 0.997441 0.938532 0.955341 1.11676
0.9657 0.909267 1.00717 0.9459 0.964603 1.09
0.959729 0.927653 0.995597 0.940727 0.958493 1.11018
0.963974 0.90042 1.00532 0.948096 0.967755 1.08343
0.958865 0.92323 0.994675 0.941825 0.960069 1.1069
0.96311 0.895997 1.0044 0.949193 0.969331 1.08014
0.958434 0.921019 0.994214 0.942374 0.960857 1.10526
0.962679 0.893786 1.00394 0.949742 0.970119 1.0785
0.958218 0.919913 0.993984 0.942648 0.961251 1.10444
0.962463 0.89268 1.00371 0.950017 0.970513 1.07768
0.95811 0.91936 0.993869 0.942785 0.961448 1.10403
0.962355 0.892127 1.0036 0.950154 0.97071 1.07727
0.958056 0.919083 0.993811 0.942854 0.961546 1.10382
0.962301 0.89185 1.00354 0.950222 0.970809 1.07707
0.958029 0.918945 0.993782 0.942888 0.961596 1.10372
0.962274 0.891712 1.00351 0.950257 0.970858 1.07696
0.96226 0.891643 1.00349 0.950274 0.970882 1.07691
0.953757 0.94604 0.984027 0.935554 0.952383 1.13037
0.962247 0.891574 1.00348 0.950291 0.970907 1.07686
0.977148 0.838954 1.05079 0.965634 0.960109 1.05299
0.985866 0.807791 1.08029 0.969978 0.973109 1.02249
0.992048 0.786334 1.0981 0.980977 0.949312 1.02912
end
gesture a06 hands 2
1.00849 0.603299 1.2385 0.952563 0.926765 1.06045
1.00735 0.603027 1.20853 0.975029 0.930648 1.07973
0.997482 0.608216 1.19055 0.960744 0.928696 1.07929
1.01596 0.63533 1.14557 0.970674 0.942427 1.0499
1.04414 0.686264 1.14716 0.946531 0.946215 0.996436
1.04804 0.734611 1.16364 0.945647 0.956492 0.985978
1.04508 0.78863 1.17029 0.94539 0.972851 0.946604
1.03867 0.84141 1.15987 0.944764 0.966769 0.975519
1.02491 0.875027 1.12871 0.94388 0.977046 0.96506
1.00675 0.906838 1.08666 0.94366 0.979615 0.962445
0.984879 0.93524 1.0408 0.944065 0.988266 0.930915
0.969957 0.920208 1.0245 0.943439 0.982185 0.959831
0.971393 0.89443 1.03705 0.943218 0.984754 0.957216
0.963214 0.899804 1.02262 0.943163 0.985396 0.956562
0.964651 0.874025 1.03517 0.943734 0.99212 0.926993
0.959843 0.889601 1.02168 0.943107 0.986038 0.955908
0.961279 0.863822 1.03423 0.943052 0.986681 0.955255
0.958157 0.8845 1.02121 0.943038 0.986841 0.955091
0.959594 0.858721 1.03376 0.943651 0.993083 0.926013
0.957314 0.881949 1.02097 0.943025 0.987002 0.954928
0.958751 0.856171 1.03352 0.943011 0.987162 0.954764
0.956893 0.880674 1.02086 0.943007 0.987203 0.954724
0.958329 0.854895 1.03341 0.94363 0.993324 0.925768
0.956682 0.880036 1.0208 0.943004 0.987243 0.954683
0.958119 0.854258 1.03335 0.943 0.987283 0.954642
0.956577 0.879717 1.02077 0.94425 0.999486 0.896771
0.958013 0.853939 1.03332 0.942997 0.987323 0.954601
0.956524 0.879558 1.02075 0.940287 0.964239 1.03843
0.957961 0.853779 1.0333 0.938932 0.952697 1.08034
0.957934 0.8537 1.0333 0.955502 0.948436 1.1248
0.955035 0.905177 1.00819 0.937576 0.941155 1.12225
0.957908 0.85362 1.03329 0.931423 0.961333 1.06903
0.962458 0.8308 1.05188 0.928477 0.960708 1.03949
end
gesture a06 hands 2
1.0248 0.658038 1.22124 0.958196 0.955352 0.983806
1.01042 0.65895 1.19499 0.963256 0.945636 1.01166
1.00362 0.67446 1.1377 0.975732 0.943704 1.06883
1.02729 0.687058 1.11813 0.969219 0.946925 1.06884
1.06357 0.731818 1.12339 0.952693 0.944999 1.01268
1.06664 0.782091 1.14671 0.932501 0.963875 0.9603
1.06164 0.835227 1.15696 0.910907 0.990611 0.951073
1.05458 0.885979 1.15103 0.927936 1.00155 0.95787
1.04145 0.928144 1.12573 0.920218 1.0324 0.916061
1.02385 0.958178 1.0865 0.944964 1.01249 0.964667
1.01054 0.967287 1.06315 0.957945 0.990827 1.01803
1.00625 0.988212 1.04726 0.960819 0.984601 1.03058
0.985391 0.974172 1.01753 0.95975 0.973997 1.0719
0.982506 0.990301 1.00905 0.963692 0.978376 1.04312
0.974961 0.967152 1.00267 0.966566 0.97215 1.05567
0.977291 0.986791 1.00161 0.967285 0.970593 1.0588
0.969746 0.963642 0.995238 0.964061 0.964658 1.09071
0.974683 0.985036 0.997899 0.968003 0.969037 1.06194
0.967138 0.961887 0.991522 0.968722 0.96748 1.06507
0.97338 0.984159 0.996041 0.968901 0.967091 1.06586
0.965835 0.96101 0.989664 0.965138 0.962324 1.09542
0.972728 0.98372 0.995112 0.969081 0.966702 1.06664
0.965183 0.960571 0.988735 0.96926 0.966313 1.06743
0.972402 0.9835 0.994648 0.969305 0.966216 1.06762
0.964857 0.960351 0.988271 0.965408 0.96174 1.09659
0.972239 0.983391 0.994415 0.96935 0.966119 1.06782
0.964694 0.960242 0.988038 0.969395 0.966021 1.06801
0.972157 0.983336 0.994299 0.965475 0.961594 1.09689
0.964612 0.960187 0.987922 0.969418 0.965973 1.06811
0.979621 1.00643 1.00056 0.969429 0.965948 1.06816
0.964531 0.960132 0.987806 0.961555 0.957167 1.12576
0.970687 0.911385 1.01912 0.96944 0.965924 1.06821
0.975697 0.889242 1.03782 0.968967 0.964556 1.03837
end
gesture a06 hands 2
1.00558 0.367983 1.20558 0.960651 0.953341 1.03838
1.00849 0.374159 1.1765 0.98316 0.951431 1.01876
1.06272 0.383839 1.18887 0.969242 0.988969 0.982831
1.09927 0.423602 1.17875 0.980424 0.981482 1.00971
1.11297 0.475115 1.17406 0.956276 0.988845 0.993958
1.1118 0.526541 1.17851 0.969595 0.980446 1.01725
1.09175 0.617443 1.19401 0.991605 0.973996 1.0366
1.08719 0.64338 1.18305 0.982913 0.972047 1.04053
1.06416 0.704412 1.13565 0.985995 0.984809 1.04412
1.07339 0.686864 1.15387 0.973765 0.988438 1.02037
1.05036 0.747896 1.10646 0.987536 0.99119 1.04592
1.06649 0.708606 1.13928 0.974535 0.991628 1.02127
1.04346 0.769639 1.09187 0.988306 0.994381 1.04682
1.06304 0.719477 1.13199 0.97492 0.993224 1.02172
1.04001 0.78051 1.08458 0.988691 0.995976 1.04727
1.06131 0.724913 1.12834 0.975113 0.994021 1.02194
1.03828 0.785945 1.08093 0.988884 0.996774 1.04749
1.06045 0.727631 1.12651 0.975209 0.994421 1.02205
1.03742 0.788663 1.0791 0.98898 0.997172 1.0476
1.08262 0.669316 1.1721 0.975258 0.99462 1.02211
1.03656 0.791381 1.07728 0.989028 0.997372 1.04765
1.02674 0.838145 1.05925 0.975281 0.994719 1.02214
1.01984 0.894785 1.06497 0.989052 0.997471 1.04768
1.01043 0.945806 1.08712 0.975294 0.994769 1.02215
1.00216 0.999996 1.10187 0.989064 0.997521 1.0477
0.997138 1.04342 1.06392 0.975299 0.994794 1.02216
0.981495 1.07228 1.02071 0.98907 0.997546 1.0477
0.963555 1.09233 0.973816 0.989073 0.997559 1.04771
0.967586 1.06193 0.9291 0.961535 0.992067 0.996619
0.980139 1.01119 0.937102 0.989076 0.997571 1.04771
0.983987 0.914975 0.995025 0.989784 0.999881 1.05339
0.984419 0.86368 1.01606 0.97424 0.967587 1.04666
0.976395 0.80967 1.02392 0.970345 0.955008 1.04598
end
gesture a06 hands 2
1.01106 0.386817 1.20474 0.962045 0.964156 1.00152
1.02308 0.380287 1.2106 0.969622 0.975992 0.975428
1.03561 0.395747 1.1914 1.00193 0.966759 0.962286
1.03535 0.384753 1.20393 0.988651 0.965611 0.993613
1.04788 0.400213 1.18473 0.999021 0.94239 1.01536
1.04149 0.386985 1.2006 0.975371 0.964462 1.02494
1.05402 0.402445 1.1814 0.962287 0.984709 1.02353
1.04456 0.388102 1.19893 0.955745 0.994834 1.02283
1.05709 0.403562 1.17973 0.948657 0.995652 0.983964
1.05863 0.40412 1.17889 0.949203 1.00496 1.02212
1.0351 0.373758 1.21646 0.963531 0.987849 1.01027
1.06016 0.404678 1.17806 0.970695 0.979296 1.00435
1.06941 0.450567 1.16282 0.981353 0.978743 1.05256
1.06217 0.545829 1.17021 0.986553 0.988047 1.03491
1.04442 0.642846 1.12908 0.977859 0.970743 0.998426
1.03705 0.686829 1.10129 0.991754 0.997352 1.01727
1.02667 0.739864 1.08795 0.982801 0.997226 1.02932
1.01886 0.787759 1.09031 0.978325 0.997164 1.03535
1.01227 0.842199 1.10183 0.978344 0.968151 1.0573
1.01241 0.886027 1.07838 0.973849 0.997101 1.04137
1.00654 0.91769 1.04031 0.979455 0.980834 1.04589
0.997467 0.955613 1.00428 0.96531 0.961787 1.04104
0.989117 1.00978 0.998764 0.958237 0.952264 1.03862
0.982905 1.05986 1.02462 0.954701 0.947502 1.03741
0.97478 1.09959 1.06529 0.952933 0.945121 1.03681
0.976431 1.14238 1.04252 0.952049 0.943931 1.0365
0.968428 1.14633 0.988491 0.951607 0.943335 1.03635
0.951826 1.12012 0.942494 0.951386 0.943038 1.03628
0.949406 1.0699 0.925354 0.951275 0.942889 1.03624
0.958718 1.02323 0.943359 0.95122 0.942814 1.03622
0.97426 0.956151 1.01022 0.962408 0.955393 1.0893
0.977977 0.908915 1.0371 0.951165 0.94274 1.0362
0.977722 0.855793 1.05452 0.968808 0.954985 0.981748
end
gesture a06 hands 2
0.934385 0.386387 1.13392 0.969499 0.93759 1.07482
0.94969 0.400548 1.1133 0.973007 0.942624 1.0613
0.971687 0.442156 1.08032 0.967429 0.967766 1.04884
0.982372 0.49365 1.07362 0.976515 0.947657 1.04778
0.985511 0.595863 1.08616 0.975757 0.953305 1.04019
0.973962 0.70932 1.10033 0.975568 0.954717 1.0383
0.968045 0.761195 1.09287 0.970559 0.975623 1.03153
0.966478 0.782719 1.08197 0.975379 0.956128 1.0364
0.9613 0.83558 1.05965 0.975189 0.95754 1.03451
0.963105 0.819911 1.06536 0.975142 0.957893 1.03403
0.957927 0.872773 1.04304 0.970274 0.977741 1.02869
0.961418 0.838508 1.05705 0.975094 0.958246 1.03356
0.95624 0.89137 1.03473 0.975047 0.958599 1.03309
0.960575 0.847806 1.0529 0.975035 0.958687 1.03297
0.955397 0.900668 1.03058 0.970204 0.97827 1.02798
0.960154 0.852455 1.05083 0.975024 0.958776 1.03285
0.954976 0.905317 1.02851 0.975012 0.958864 1.03273
0.959943 0.854779 1.04979 0.975009 0.958886 1.0327
0.954765 0.907641 1.02747 0.970186 0.978403 1.0278
0.959837 0.855942 1.04927 0.975006 0.958908 1.03267
0.954659 0.908804 1.02695 0.975003 0.95893 1.03264
0.959785 0.856523 1.04901 0.975002 0.958935 1.03263
0.954607 0.909385 1.02669 0.970181 0.978436 1.02775
0.96491 0.804242 1.07107 0.975002 0.958941 1.03262
0.954554 0.909966 1.02643 0.975001 0.958946 1.03262
0.948565 0.960777 1.02159 0.96536 0.997942 1.02287
0.944604 1.0151 1.03568 0.975 0.958952 1.03261
0.978292 1.02162 1.04238 0.988307 0.945639 1.02019
0.968026 1.06229 1.05716 0.979389 0.94735 1.03294
1.01198 1.02814 1.04907 0.98464 0.919963 1.04236
1.02955 0.973277 1.04856 0.970471 0.949061 1.04569
1.03033 0.921319 1.05804 0.962017 0.974942 1.04323
1.02235 0.871302 1.06502 0.956303 0.978159 1.04901
end
gesture a06 hands 2
0.93412 0.504427 1.1806 0.953143 0.944267 1.07119
0.962988 0.500497 1.18716 0.96173 0.936771 1.06164
0.994649 0.530043 1.1505 0.955913 0.964406 1.05317
1.00821 0.583075 1.13889 0.963115 0.94684 1.05263
1.00305 0.687642 1.1465 0.957298 0.974475 1.04417
0.999758 0.714793 1.14278 0.963807 0.951875 1.04812
0.994027 0.789646 1.11018 0.95799 0.979509 1.03966
0.995246 0.765795 1.12462 0.964153 0.954392 1.04587
0.989516 0.840648 1.09203 0.958336 0.982027 1.03741
0.992991 0.791296 1.11554 0.964326 0.955651 1.04474
0.987261 0.866149 1.08295 0.95851 0.983285 1.03628
0.991863 0.804047 1.111 0.964413 0.95628 1.04418
0.986133 0.8789 1.07841 0.958596 0.983915 1.03572
0.991299 0.810422 1.10873 0.964456 0.956595 1.0439
0.985569 0.885275 1.07614 0.95864 0.984229 1.03544
0.991017 0.813609 1.10759 0.964478 0.956752 1.04376
0.985287 0.888462 1.075 0.958661 0.984387 1.0353
0.990876 0.815203 1.10703 0.964489 0.956831 1.04369
0.985146 0.890056 1.07444 0.958672 0.984465 1.03523
0.990806 0.816 1.10674 0.964494 0.95687 1.04366
0.985075 0.890853 1.07415 0.958678 0.984505 1.0352
0.99077 0.816399 1.1066 0.964497 0.95689 1.04364
0.98504 0.891252 1.07401 0.95868 0.984524 1.03518
0.990753 0.816598 1.10653 0.964498 0.9569 1.04363
0.985023 0.891451 1.07394 0.958682 0.984534 1.03517
0.985014 0.89155 1.07391 0.964499 0.956905 1.04362
0.996465 0.741944 1.13905 0.958682 0.984539 1.03516
0.985005 0.89165 1.07387 0.964499 0.956907 1.04362
0.982972 0.937793 1.04354 0.958683 0.984542 1.03516
1.00339 0.933326 0.998129 0.970316 0.929275 1.05208
1.00607 0.877872 1.00832 0.958683 0.984544 1.03516
0.99136 0.783501 1.0626 0.964324 0.989385 1.03979
0.974248 0.705971 1.09988 0.959171 0.95185 1.03455
end
gesture a06 hands 2
0.885489 0.465806 1.15264 0.966375 0.93501 1.06306
0.906004 0.476002 1.13401 0.969089 0.941875 1.05018
0.933686 0.503773 1.09148 0.963568 0.965015 1.03599
0.951501 0.552408 1.06931 0.971802 0.948739 1.0373
0.956952 0.603124 1.07032 0.967338 0.955335 1.04091
0.953206 0.651676 1.07913 0.966222 0.956984 1.04181
0.952619 0.678259 1.07438 0.96405 0.975178 1.02492
0.949461 0.700227 1.08794 0.965106 0.958632 1.04271
0.948286 0.753395 1.07843 0.96399 0.960281 1.04361
0.950881 0.799905 1.05373 0.963711 0.960693 1.04384
0.946699 0.894169 1.0212 0.962376 0.977651 1.02627
0.947831 0.948445 1.01942 0.963432 0.961106 1.04406
0.982316 0.971809 1.03569 0.963153 0.961518 1.04429
0.975697 0.984567 1.03552 0.963084 0.961621 1.04434
0.999558 0.983491 1.04383 0.961958 0.978269 1.02661
0.984318 0.990408 1.03958 0.963014 0.961724 1.0444
1.00818 0.989332 1.04789 0.962944 0.961827 1.04446
0.988629 0.993328 1.04162 0.962927 0.961853 1.04447
1.01249 0.992252 1.04993 0.961853 0.978424 1.02669
0.990784 0.994789 1.04263 0.962909 0.961878 1.04448
1.01464 0.993713 1.05094 0.962891 0.961904 1.0445
0.991862 0.995519 1.04314 0.962887 0.961911 1.0445
1.01572 0.994443 1.05145 0.961827 0.978463 1.02671
0.992401 0.995884 1.0434 0.962883 0.961917 1.0445
1.01626 0.994808 1.05171 0.962878 0.961924 1.04451
1.01653 0.99499 1.05183 0.962877 0.961925 1.04451
0.969079 0.997325 1.03534 0.96182 0.978472 1.02672
1.0168 0.995173 1.05196 0.962876 0.961927 1.04451
1.04425 0.947338 1.06431 0.962875 0.961928 1.04451
1.04499 0.89514 1.07962 0.962875 0.961929 1.04451
1.0287 0.845953 1.08886 0.960762 0.995021 1.00893
1.00759 0.793145 1.0959 0.962874 0.96193 1.04451
0.997059 0.765637 1.09992 0.960606 0.928147 1.09323
end
gesture a06 hands 2
0.95893 0.399252 1.19628 0.972753 0.94443 1.07364
0.958319 0.404828 1.2256 0.977193 0.953924 1.06294
0.964305 0.408179 1.22913 0.965065 0.972935 1.04409
0.957706 0.418413 1.17222 0.968834 0.976739 1.03868
0.966078 0.458483 1.13091 0.981634 0.963418 1.05224
0.979148 0.511067 1.11448 0.972603 0.980542 1.03328
0.989146 0.56236 1.11394 0.957376 1.00144 1.01453
0.994208 0.617559 1.1215 0.963573 0.997666 1.01431
0.993462 0.671739 1.13569 0.958981 0.990961 1.00133
0.987242 0.718984 1.15068 0.956684 0.987609 0.994847
0.978888 0.769635 1.16445 0.961741 1.00518 0.97716
0.973735 0.81917 1.16608 0.954388 0.984257 0.988359
0.973679 0.861253 1.14609 0.963541 0.958243 0.987751
0.973702 0.901184 1.113 0.947034 0.963338 0.999557
0.971983 0.937334 1.07098 0.94539 0.940516 1.00341
0.967114 0.97111 1.02548 0.944568 0.929106 1.00533
0.973475 0.988911 0.975631 0.944157 0.9234 1.0063
0.976159 0.966159 0.962457 0.943951 0.920548 1.00678
0.977069 0.939932 0.971931 0.965341 0.91131 0.998342
0.977956 0.941669 0.960607 0.943746 0.917695 1.00726
0.978867 0.915442 0.97008 0.951526 0.913716 1.02711
0.978855 0.929425 0.959682 0.963174 0.933204 1.05066
0.979765 0.903198 0.969155 0.97393 0.940986 1.06842
0.979304 0.923302 0.959219 0.974822 0.952692 1.07422
0.980215 0.897075 0.968693 0.975268 0.958544 1.07712
0.979529 0.920241 0.958988 0.975491 0.96147 1.07857
0.980439 0.894014 0.968461 0.975603 0.962934 1.07929
0.979641 0.918711 0.958872 0.975658 0.963665 1.07966
0.980552 0.892484 0.968346 0.975686 0.964031 1.07984
0.979697 0.917945 0.958814 0.973986 0.987898 1.08857
0.980608 0.891718 0.968288 0.975714 0.964397 1.08002
0.978843 0.943407 0.949283 0.984698 0.947652 1.06455
0.980664 0.890953 0.96823 0.993382 0.975351 1.05727
end
gesture a06 hands 2
0.976591 0.494545 1.26651 0.974458 0.993958 1.05833
0.965647 0.495463 1.25872 0.950905 0.981097 1.04565
0.9588 0.474419 1.279 0.951848 0.982684 1.04574
0.954702 0.496381 1.25092 0.948067 0.938999 1.00846
0.964705 0.528687 1.20745 0.953716 0.886726 1.0053
0.973781 0.574854 1.18601 0.951934 0.886185 0.995693
0.977597 0.629603 1.18143 0.961 0.908966 1.01143
0.974089 0.709509 1.18958 0.955577 0.897305 0.998757
0.973784 0.73889 1.19954 0.964642 0.920086 1.0145
0.970581 0.789414 1.19773 0.957397 0.902865 1.00029
0.969045 0.840852 1.17105 0.966463 0.925646 1.01603
0.968554 0.875831 1.13386 0.958308 0.905645 1.00106
0.968035 0.903584 1.09361 0.967373 0.928426 1.0168
0.970011 0.899754 1.0478 0.958763 0.907035 1.00144
0.96787 0.927441 1.03968 0.967829 0.929816 1.01718
0.969928 0.911682 1.02083 0.958991 0.90773 1.00163
0.973329 0.884208 1.02757 0.968056 0.930511 1.01737
0.972658 0.890066 1.01478 0.959105 0.908077 1.00173
0.976058 0.862592 1.02151 0.96817 0.930858 1.01746
0.974022 0.879258 1.01175 0.959162 0.908251 1.00177
0.977423 0.851783 1.01848 0.968227 0.931032 1.01751
0.974705 0.873854 1.01023 0.95919 0.908338 1.0018
0.978106 0.846379 1.01696 0.968256 0.931119 1.01754
0.975046 0.871152 1.00948 0.959204 0.908381 1.00181
0.978447 0.843677 1.01621 0.96827 0.931163 1.01755
0.975216 0.869801 1.0091 0.968277 0.931184 1.01755
0.978617 0.842326 1.01583 0.950153 0.885643 0.986085
0.975302 0.869125 1.00891 0.968284 0.931206 1.01756
0.978703 0.84165 1.01564 0.987329 0.957731 1.06434
0.978745 0.841313 1.01554 0.96346 0.959787 1.06729
0.971986 0.895924 1.00199 0.959074 0.984322 1.09402
0.978788 0.840975 1.01545 0.939591 0.961842 1.07023
0.976853 0.772769 1.06581 0.965193 0.97332 1.06047
end
gesture a06 hands 2
0.953679 0.520025 1.24903 0.989489 0.97035 0.995739
0.965361 0.528789 1.22302 0.965606 0.974413 1.00647
0.987659 0.56355 1.18183 0.98002 0.99846 0.994766
1.00953 0.611557 1.15815 0.960871 0.988469 1.00598
1.01639 0.661548 1.15613 0.967012 0.967122 0.989731
1.01618 0.719101 1.1615 0.954368 0.9728 1.00347
1.00589 0.820391 1.16309 0.960508 0.951453 0.987213
1.00197 0.857615 1.14757 0.951115 0.964965 1.00221
0.995743 0.893526 1.11118 0.957256 0.943618 0.985955
0.987687 0.92184 1.06948 0.949489 0.961048 1.00158
0.979916 0.941938 1.01887 0.95563 0.939701 0.985325
0.980807 0.895869 1.0154 0.948676 0.959089 1.00126
0.979347 0.899846 0.987461 0.954817 0.937743 0.985011
0.980523 0.874824 0.9997 0.94827 0.95811 1.00111
0.979301 0.823187 1.04733 0.95441 0.936763 0.984853
0.9805 0.836494 1.02963 0.948067 0.95762 1.00103
0.979279 0.784858 1.07726 0.954207 0.936274 0.984775
0.980489 0.817329 1.0446 0.947965 0.957375 1.00099
0.979267 0.765693 1.09222 0.954106 0.936029 0.984735
0.980483 0.807747 1.05208 0.947914 0.957253 1.00097
0.979262 0.75611 1.09971 0.954055 0.935906 0.984716
0.98048 0.802956 1.05582 0.947889 0.957192 1.00096
0.979259 0.751319 1.10345 0.954029 0.935845 0.984706
0.980479 0.80056 1.05769 0.941723 0.978477 1.0172
0.979257 0.748924 1.10532 0.954004 0.935784 0.984696
0.980478 0.799362 1.05863 0.9818 0.915517 0.994775
0.979257 0.747726 1.10625 0.960235 0.924945 1.03601
0.980478 0.798763 1.0591 0.966326 0.9468 1.07358
0.979256 0.747127 1.10672 0.967122 0.964952 1.12555
0.980478 0.798464 1.05933 0.952698 0.976346 1.13562
0.979256 0.746827 1.10696 0.976506 0.972093 1.10399
0.981699 0.849801 1.01194 0.96471 0.982536 1.06253
0.979256 0.746528 1.10719 0.969038 1.01748 1.02713
end
gesture a06 hands 2
0.960498 0.395035 1.22449 0.956529 0.969592 1.05935
0.973734 0.401646 1.19857 0.952618 0.981487 1.03247
0.998282 0.433452 1.16195 0.960071 0.97622 0.982103
1.00466 0.457688 1.15618 0.973374 0.962645 1.00413
1.00076 0.505518 1.16299 0.967982 0.966831 1.02495
1.0059 0.493721 1.1567 0.972657 0.961142 1.03404
1.002 0.541551 1.16351 0.986678 0.94907 1.02616
1.00652 0.511737 1.15696 0.977332 0.955454 1.04313
1.00262 0.559568 1.16377 0.975893 0.957442 1.0678
1.00683 0.520746 1.15708 0.969743 0.961527 1.07853
1.00293 0.568576 1.1639 0.967985 0.961837 1.0601
1.00699 0.52525 1.15715 0.963593 0.965613 1.08926
1.00309 0.57308 1.16396 0.953925 0.969008 1.08072
1.00706 0.527502 1.15718 0.94909 0.970706 1.07644
1.00316 0.575332 1.164 0.946673 0.971555 1.07431
1.0071 0.528628 1.1572 0.945465 0.971979 1.07324
1.0032 0.576458 1.16401 0.94486 0.972192 1.0727
1.00712 0.529191 1.15721 0.944558 0.972298 1.07244
1.00322 0.577021 1.16402 0.960078 0.966233 1.0524
1.00323 0.577303 1.16403 0.944256 0.972404 1.07217
1.01104 0.481924 1.1504 0.936345 0.97549 1.08205
1.00324 0.577584 1.16403 0.93239 0.977033 1.087
0.985766 0.629034 1.17764 0.930413 0.977805 1.08947
0.971881 0.676784 1.19036 0.929424 0.97819 1.09071
0.968691 0.727926 1.1839 0.928929 0.978383 1.09132
0.967165 0.77109 1.15977 0.928682 0.97848 1.09163
0.972746 0.847523 1.08397 0.928559 0.978528 1.09179
0.968119 0.895757 1.05558 0.928497 0.978552 1.09186
0.98262 0.889238 1.02005 0.928466 0.978564 1.0919
0.978327 0.923957 1.00817 0.92845 0.97857 1.09192
0.99712 0.882719 0.984512 0.928443 0.978573 1.09193
0.997033 0.833525 1.00246 0.951293 0.973783 1.11073
0.990269 0.763645 1.04603 0.928435 0.978576 1.09194
end
gesture a06 hands 2
0.966558 0.329468 1.31543 0.946438 0.966494 1.08175
0.970861 0.332307 1.28621 0.942721 0.974871 1.05324
0.986612 0.354559 1.23414 0.95073 0.972399 0.996116
0.999095 0.395525 1.20341 0.973481 0.929455 1.02191
1.00589 0.448411 1.19439 0.991783 0.906977 1.05413
1.00733 0.506355 1.19868 0.980249 0.920444 1.0765
1.00311 0.558313 1.20887 0.970482 0.941181 1.07042
0.992789 0.609724 1.21865 0.969598 0.937545 1.08465
0.987356 0.656798 1.22056 0.959832 0.958283 1.07856
0.985219 0.702403 1.20399 0.964273 0.946096 1.08872
0.980155 0.749442 1.17301 0.954507 0.966833 1.08263
0.975627 0.788636 1.14251 0.961611 0.950372 1.09076
0.971362 0.832628 1.10521 0.951844 0.971109 1.08467
0.967397 0.834306 1.06763 0.960279 0.95251 1.09177
0.965589 0.864613 1.06188 0.950513 0.973247 1.08569
0.964511 0.850298 1.04596 0.959614 0.953578 1.09229
0.965003 0.825055 1.05456 0.949847 0.974316 1.0862
0.964218 0.830519 1.0423 0.959281 0.954113 1.09254
0.964711 0.805276 1.0509 0.949515 0.97485 1.08645
0.964071 0.820629 1.04047 0.959114 0.95438 1.09267
0.964564 0.795387 1.04907 0.949348 0.975117 1.08658
0.963998 0.815685 1.03956 0.959031 0.954513 1.09273
0.964491 0.790442 1.04816 0.949265 0.97525 1.08665
0.963962 0.813212 1.0391 0.95899 0.95458 1.09276
0.964455 0.787969 1.0477 0.949224 0.975317 1.08668
0.963943 0.811976 1.03887 0.958969 0.954614 1.09278
0.964436 0.786733 1.04747 0.949203 0.975351 1.08669
0.963934 0.811358 1.03875 0.958958 0.95463 1.09279
0.964427 0.786115 1.04735 0.949192 0.975367 1.0867
0.96393 0.811049 1.0387 0.958953 0.954639 1.09279
0.964423 0.785806 1.0473 0.949187 0.975376 1.08671
0.963432 0.835983 1.03004 0.968714 0.93391 1.09888
0.964418 0.785497 1.04724 0.949182 0.975384 1.08671
end
gesture a06 hands 2
0.959965 0.454241 1.31966 0.948412 0.969923 1.06503
0.95883 0.443081 1.34735 0.950609 0.954832 1.0512
0.954816 0.43059 1.29007 0.949548 0.958594 1.03744
0.971693 0.444465 1.23504 0.951177 0.949168 1.03741
0.988161 0.471217 1.18549 0.955927 0.961989 1.03795
0.995715 0.510277 1.15327 0.954366 0.950866 1.03766
0.995648 0.564424 1.142 0.959117 0.963687 1.0382
0.970894 0.719088 1.18017 0.955961 0.951714 1.03779
0.963444 0.766971 1.18605 0.960712 0.964536 1.03833
0.962111 0.78994 1.17756 0.956758 0.952139 1.03785
0.960148 0.850986 1.12738 0.961509 0.964961 1.03839
0.960462 0.831948 1.14822 0.957157 0.952351 1.03789
0.9585 0.892994 1.09804 0.961908 0.965173 1.03843
0.959638 0.852952 1.13355 0.957357 0.952457 1.0379
0.957676 0.913997 1.08338 0.962108 0.965279 1.03844
0.959226 0.863454 1.12622 0.957456 0.95251 1.03791
0.957264 0.924499 1.07604 0.962207 0.965332 1.03845
0.95902 0.868705 1.12255 0.957506 0.952536 1.03792
0.957058 0.92975 1.07238 0.962257 0.965358 1.03846
0.958917 0.87133 1.12072 0.957531 0.95255 1.03792
0.956955 0.932376 1.07054 0.962282 0.965372 1.03846
0.958866 0.872643 1.1198 0.957543 0.952556 1.03792
0.956904 0.933688 1.06963 0.962295 0.965378 1.03846
0.95884 0.873299 1.11934 0.95755 0.95256 1.03792
0.956878 0.934345 1.06917 0.962301 0.965382 1.03846
0.958827 0.873627 1.11911 0.957553 0.952561 1.03792
0.956865 0.934673 1.06894 0.962304 0.965383 1.03846
0.956859 0.934837 1.06882 0.952805 0.939741 1.03738
0.960777 0.81291 1.16906 0.962307 0.965385 1.03846
0.956852 0.935001 1.06871 0.970073 0.97478 1.04626
0.968614 0.96391 1.02311 0.973956 0.979477 1.05017
0.996253 0.945385 0.980965 0.986308 1.00107 1.04507
1.00919 0.892997 0.981859 0.977839 0.984175 1.05407
end
gesture a06 hands 2
0.981677 0.451286 1.3109 0.945155 0.942921 1.07674
0.988096 0.4453 1.2824 0.949445 0.956992 1.05078
1.00789 0.470792 1.23435 0.976716 0.955873 1.01029
1.01586 0.496307 1.2238 0.96043 0.962407 1.02562
1.01344 0.547281 1.22467 0.953553 0.951738 1.04802
1.01863 0.534552 1.21897 0.948848 0.96034 1.04449
1.01621 0.585526 1.21984 0.941971 0.94967 1.06689
1.02001 0.553674 1.21655 0.943057 0.959306 1.05392
1.01759 0.604648 1.21742 0.936181 0.948636 1.07632
1.02071 0.563235 1.21534 0.940162 0.958789 1.05863
1.01829 0.614209 1.21621 0.933285 0.94812 1.08104
1.02105 0.568015 1.21473 0.938714 0.958531 1.06099
1.01863 0.618989 1.2156 0.931838 0.947861 1.08339
1.02123 0.570406 1.21443 0.93799 0.958402 1.06217
1.01881 0.62138 1.2153 0.931114 0.947732 1.08457
1.02131 0.571601 1.21428 0.937628 0.958337 1.06276
1.01889 0.622575 1.21515 0.930752 0.947668 1.08516
1.02136 0.572198 1.21421 0.937447 0.958305 1.06306
1.01894 0.623172 1.21508 0.930571 0.947635 1.08546
1.02138 0.572497 1.21417 0.937357 0.958289 1.0632
1.01896 0.623471 1.21504 0.93048 0.947619 1.0856
1.02139 0.572647 1.21415 0.937312 0.958281 1.06328
1.01897 0.623621 1.21502 0.930435 0.947611 1.08568
1.02139 0.572721 1.21414 0.937289 0.958277 1.06331
1.01897 0.623695 1.21501 0.930413 0.947607 1.08571
1.02382 0.521822 1.21326 0.937278 0.958274 1.06333
1.01898 0.62377 1.215 0.930401 0.947605 1.08573
1.01116 0.680343 1.2025 0.937272 0.958274 1.06334
0.997279 0.768731 1.14537 0.930396 0.947604 1.08574
0.98789 0.812057 1.11489 0.930393 0.947603 1.08575
0.976209 0.82965 1.06492 0.944143 0.968942 1.04095
0.97247 0.778007 1.05988 0.93039 0.947603 1.08575
0.970674 0.711851 1.11167 0.926087 0.950611 1.14333
end
gesture a06 hands 2
0.959482 0.42726 1.29373 0.929689 0.952635 1.12019
0.960861 0.437169 1.26573 0.926852 0.958431 1.0914
0.981263 0.458779 1.21469 0.949916 0.966019 1.03828
1.00032 0.500173 1.18213 0.955636 0.959234 1.0345
1.00778 0.553086 1.17575 0.957228 0.954368 1.06185
1.00111 0.650058 1.18602 0.959292 0.953408 1.04628
0.99451 0.706102 1.17322 0.960884 0.948542 1.07363
0.984256 0.796765 1.12718 0.96112 0.950496 1.05217
0.979417 0.838849 1.09592 0.962712 0.94563 1.07952
0.979542 0.84643 1.07052 0.962034 0.94904 1.05511
0.979373 0.819345 1.06407 0.963626 0.944174 1.08246
0.97952 0.836678 1.0546 0.962492 0.948311 1.05659
0.97935 0.809593 1.04815 0.964083 0.943445 1.08394
0.979509 0.831802 1.04664 0.96272 0.947947 1.05732
0.979339 0.804717 1.04019 0.964311 0.943081 1.08467
0.979504 0.829364 1.04266 0.962834 0.947765 1.05769
0.979334 0.802279 1.03621 0.964426 0.942899 1.08504
0.979501 0.828145 1.04067 0.962891 0.947674 1.05788
0.979331 0.80106 1.03422 0.964483 0.942808 1.08523
0.979499 0.827536 1.03968 0.96292 0.947628 1.05797
0.979329 0.80045 1.03323 0.964511 0.942762 1.08532
0.979499 0.827231 1.03918 0.962934 0.947606 1.05801
0.979329 0.800146 1.03273 0.964526 0.94274 1.08536
0.979498 0.827078 1.03893 0.962941 0.947594 1.05804
0.979328 0.799993 1.03248 0.964533 0.942728 1.08539
0.979498 0.827002 1.0388 0.962945 0.947589 1.05805
0.979328 0.799917 1.03235 0.964536 0.942723 1.0854
0.979498 0.826964 1.03874 0.962947 0.947586 1.05805
0.979328 0.799879 1.03229 0.964538 0.94272 1.0854
0.979498 0.826945 1.03871 0.962948 0.947584 1.05806
0.979328 0.79986 1.03226 0.964539 0.942718 1.08541
0.979668 0.854011 1.04513 0.961357 0.952449 1.03071
0.979328 0.799841 1.03223 0.96454 0.942717 1.08541
end
gesture a06 hands 2
0.961049 0.416514 1.26442 0.917127 0.940491 1.12664
0.972698 0.413271 1.27295 0.916775 0.941728 1.1117
0.975724 0.425736 1.24678 0.933437 0.946077 1.09122
0.980035 0.417882 1.26413 0.916424 0.942965 1.09676
0.983061 0.430346 1.23795 0.927991 0.942759 1.10064
0.983704 0.420188 1.25972 0.938869 0.947211 1.07823
0.98673 0.432652 1.23354 0.933774 0.942656 1.10259
0.985539 0.42134 1.25751 0.941761 0.947159 1.0792
0.988565 0.433804 1.23134 0.936666 0.942605 1.10356
0.986456 0.421917 1.25641 0.943207 0.947134 1.07968
0.989482 0.434381 1.23023 0.938112 0.942579 1.10404
0.986914 0.422205 1.25586 0.943929 0.947121 1.07993
0.98994 0.434669 1.22968 0.938834 0.942566 1.10429
0.987144 0.422349 1.25558 0.944291 0.947114 1.08005
0.99017 0.434813 1.22941 0.939196 0.942559 1.10441
0.987258 0.422421 1.25544 0.944471 0.947111 1.08011
0.990284 0.434885 1.22927 0.939376 0.942556 1.10447
0.987316 0.422457 1.25537 0.944562 0.947109 1.08014
0.990342 0.434921 1.2292 0.939467 0.942555 1.1045
0.987344 0.422475 1.25534 0.944607 0.947108 1.08015
0.99037 0.434939 1.22916 0.939512 0.942554 1.10451
0.990385 0.434948 1.22915 0.944629 0.947108 1.08016
0.984347 0.410029 1.28148 0.939534 0.942553 1.10452
0.990399 0.434957 1.22913 0.944641 0.947108 1.08017
1.00429 0.479788 1.20038 0.939546 0.942553 1.10453
1.0077 0.531778 1.1966 0.944646 0.947108 1.08017
1.00293 0.582465 1.20049 0.939551 0.942553 1.10453
0.996027 0.639172 1.19204 0.944649 0.947108 1.08017
0.982096 0.735323 1.14967 0.939554 0.942553 1.10453
0.979822 0.751114 1.11449 0.939556 0.942553 1.10453
0.978365 0.781058 1.1164 0.949747 0.951662 1.05581
0.977548 0.766906 1.0793 0.939557 0.942553 1.10453
0.975953 0.739025 1.08706 0.930888 0.921718 1.12428
end
gesture a15 hands 2
0.996703 0.920909 1.03304 1.04375 0.966964 1.0847
0.966938 0.923735 1.03445 1.02889 0.963313 1.05924
0.925842 0.942206 1.05788 0.974291 0.957349 1.05004
0.939393 0.984691 1.09041 0.920746 0.946889 1.07267
0.980462 1.0138 1.1193 0.86776 0.957924 1.05658
0.999147 1.02959 1.13581 0.836604 0.966643 1.03963
0.966099 0.998793 1.11811 0.814195 0.97513 1.05079
0.991965 1.02209 1.13522 0.809821 0.975246 1.03674
0.958917 0.991291 1.11751 0.836827 0.973741 1.02457
0.988374 1.01834 1.13492 0.821137 0.974552 1.02362
0.955326 0.987539 1.11722 0.848143 0.973047 1.01146
0.986578 1.01646 1.13477 0.826795 0.974204 1.01707
0.953531 0.985664 1.11707 0.853801 0.972699 1.0049
0.98568 1.01553 1.1347 0.829625 0.974031 1.01379
0.952633 0.984726 1.11699 0.85663 0.972526 1.00162
0.985231 1.01506 1.13466 0.831039 0.973944 1.01215
0.952184 0.984257 1.11696 0.858045 0.972439 0.999986
0.985007 1.01482 1.13464 0.831746 0.9739 1.01133
0.951959 0.984022 1.11694 0.858752 0.972395 0.999166
0.984895 1.01471 1.13463 0.8321 0.973879 1.01092
0.951847 0.983905 1.11693 0.859105 0.972374 0.998757
0.984839 1.01465 1.13463 0.832277 0.973868 1.01072
0.951791 0.983847 1.11692 0.859282 0.972363 0.998552
0.984811 1.01462 1.13463 0.832365 0.973862 1.01062
0.951763 0.983817 1.11692 0.859371 0.972357 0.998449
0.984797 1.0146 1.13463 0.832409 0.97386 1.01056
0.951749 0.983803 1.11692 0.859415 0.972355 0.998398
0.951742 0.983795 1.11692 0.805448 0.975362 1.02268
1.01783 1.04539 1.15233 0.859459 0.972352 0.998347
0.951735 0.983788 1.11692 0.915355 0.957549 1.00816
0.953215 0.952744 1.06745 0.971557 0.952851 1.02217
0.961246 0.933889 1.01209 1.02855 0.955197 1.03994
0.967365 0.933291 0.95383 1.03607 0.955954 1.06888
end
gesture a15 hands 2
0.948947 0.958925 1.02848 1.00561 0.98008 1.09498
0.932111 0.949748 1.05399 1.00867 0.97763 1.06568
0.928711 0.937236 1.02407 0.968627 0.975786 1.06052
0.915274 0.940571 1.0795 0.943833 0.970263 1.07453
0.931677 0.96779 1.12865 0.918119 0.965237 1.06083
0.956746 1.00853 1.15476 0.918579 0.964988 1.07468
0.978778 1.02644 1.14785 0.892864 0.959962 1.06098
0.981184 1.03193 1.17246 0.905951 0.96235 1.07476
0.989794 1.0354 1.14439 0.880237 0.957325 1.06106
0.986693 1.03641 1.17073 0.899638 0.961032 1.0748
0.995302 1.03987 1.14267 0.873924 0.956006 1.06109
0.989447 1.03865 1.16987 0.896481 0.960372 1.07482
0.998056 1.04211 1.1418 0.870767 0.955346 1.06111
0.990824 1.03977 1.16944 0.894902 0.960043 1.07483
0.999433 1.04323 1.14137 0.869188 0.955017 1.06112
0.991512 1.04033 1.16922 0.868399 0.954852 1.06113
1.00012 1.04379 1.14116 0.919038 0.964739 1.08854
0.991856 1.04061 1.16911 0.86761 0.954687 1.06113
1.00047 1.04407 1.14105 0.845425 0.980991 1.01525
0.992028 1.04075 1.16906 0.854813 0.979882 0.989313
1.00064 1.04421 1.14099 0.859507 0.979327 0.976344
0.983591 1.03743 1.19707 0.861854 0.97905 0.969859
1.00081 1.04435 1.14094 0.863027 0.978912 0.966617
0.987338 1.03434 1.08731 0.863614 0.978842 0.964996
0.953364 0.998731 1.09336 0.863908 0.978808 0.964186
0.970749 0.963709 1.09942 0.864054 0.97879 0.96378
0.983209 0.957746 1.04278 0.811135 0.98292 0.981449
0.973662 0.963457 0.986069 0.864201 0.978773 0.963375
0.989642 0.942694 0.963945 0.92329 0.971851 0.964026
0.995591 0.944322 0.970188 0.966732 0.958027 0.999774
0.998565 0.945136 0.97331 1.00287 0.956694 1.04639
1.0275 0.925974 1.00689 1.05137 0.973715 1.02956
1.00154 0.94595 0.976432 1.06024 0.973045 1.00112
end
gesture a15 hands 2
0.869435 0.87674 0.980579 1.01967 0.961425 1.06448
0.875809 0.863076 1.00634 1.01551 0.963032 1.07878
0.871203 0.884156 1.02702 0.98682 0.965973 1.07304
0.922785 0.910752 1.0258 0.99908 0.965306 1.08306
0.958356 0.949013 1.02898 0.970395 0.968246 1.07732
0.98696 0.992389 1.03395 0.990867 0.966443 1.0852
1.02144 1.03565 1.04019 0.962183 0.969383 1.07946
1.04252 1.03084 1.06015 0.958076 0.969952 1.08053
1.06585 1.06522 1.05438 1.01134 0.964639 1.09308
1.06359 1.02602 1.08012 0.95397 0.97052 1.0816
1.02496 0.982726 1.07747 0.907324 0.965518 1.0449
0.99302 0.938565 1.05802 0.891052 0.967759 1.01736
0.931199 0.910408 1.03878 0.852722 0.966542 1.02141
0.928195 0.897706 1.02078 0.874779 0.97 0.989815
0.900288 0.896329 1.02917 0.885808 0.971729 0.974018
0.91274 0.890666 1.01597 0.891323 0.972594 0.966119
0.884833 0.889289 1.02436 0.89408 0.973026 0.962169
0.905013 0.887147 1.01357 0.895458 0.973242 0.960195
0.877106 0.88577 1.02195 0.896148 0.97335 0.959207
0.901149 0.885387 1.01237 0.896492 0.973404 0.958714
0.873242 0.88401 1.02075 0.896665 0.973431 0.958467
0.899217 0.884507 1.01177 0.896751 0.973444 0.958343
0.87131 0.88313 1.02015 0.842713 0.995027 0.959788
0.898251 0.884067 1.01147 0.896837 0.973458 0.95822
0.870344 0.88269 1.01985 0.950955 0.960278 0.968325
0.897768 0.883847 1.01132 1.00613 0.970132 0.984885
0.869861 0.88247 1.0197 1.05051 0.980222 0.957314
0.897527 0.883737 1.01124 1.03892 0.976029 0.990157
0.869619 0.88236 1.01963 1.07384 0.977763 1.01089
0.869499 0.882305 1.01959 1.02732 0.971836 1.023
0.925192 0.885004 1.00278 0.9885 0.96864 1.0469
0.869378 0.88225 1.01955 0.929981 0.966958 1.0557
0.831027 0.890434 1.04846 0.87264 0.959531 1.06716
end
gesture a15 hands 2
1.05766 0.895815 1.13403 0.979749 0.956037 1.10144
1.05197 0.897528 1.10485 0.970226 0.951658 1.07361
1.01525 0.917409 1.10694 0.980658 0.938809 1.08897
0.983476 0.931951 1.08527 0.927095 0.934041 1.10842
0.998089 0.941594 1.05878 0.873736 0.949419 1.1039
0.951702 0.946492 1.06359 0.864994 0.943072 1.05811
0.906011 0.964024 1.0422 0.838971 0.946578 1.06167
0.890998 0.978302 1.0216 0.847611 0.941652 1.037
0.872481 0.984357 0.99814 0.876897 0.942823 1.03538
0.875986 0.992581 1.00099 0.866574 0.939775 1.02385
0.894719 0.988925 1.01578 0.89586 0.940946 1.02223
0.878891 0.990459 1.03443 0.876056 0.938836 1.01728
0.904086 0.987096 1.02318 0.905342 0.940007 1.01566
0.883574 0.989545 1.03812 0.880797 0.938366 1.01399
0.90877 0.986182 1.02687 0.910083 0.939537 1.01237
0.885916 0.989088 1.03997 0.883167 0.938132 1.01235
0.911111 0.985725 1.02872 0.912454 0.939303 1.01072
0.887087 0.98886 1.0409 0.884352 0.938014 1.01153
0.912282 0.985497 1.02965 0.913639 0.939185 1.0099
0.887672 0.988745 1.04136 0.884945 0.937956 1.01112
0.912868 0.985382 1.03011 0.914231 0.939127 1.00949
0.887965 0.988688 1.04159 0.885241 0.937926 1.01091
0.91316 0.985325 1.03034 0.914528 0.939097 1.00929
0.888111 0.98866 1.0417 0.885389 0.937912 1.01081
0.913307 0.985297 1.03045 0.914676 0.939083 1.00918
0.888184 0.988645 1.04176 0.885463 0.937904 1.01076
0.91338 0.985282 1.03051 0.91475 0.939075 1.00913
0.913416 0.985275 1.03054 0.914787 0.939072 1.00911
0.863062 0.991994 1.05307 0.856251 0.936726 1.01233
0.913453 0.985268 1.03057 0.914824 0.939068 1.00908
0.960946 0.956046 1.04784 0.968172 0.949659 1.02999
1.0089 0.930104 1.07121 0.981209 0.940864 1.06653
1.0543 0.905674 1.09914 1.00491 0.947532 1.11758
end
gesture a15 hands 2
1.07781 0.948645 1.05149 1.05826 0.976287 1.07286
1.05081 0.937028 1.05582 1.03301 0.966105 1.06029
1.035 0.935095 1.11209 0.988437 0.962024 1.03247
1.01606 0.947482 1.10931 1.00055 0.96933 1.05629
1.01881 0.944829 1.05906 0.980004 0.959517 1.03791
1.00797 0.952348 1.0828 0.996337 0.968077 1.05901
0.999314 0.958797 1.05566 0.975788 0.958264 1.04064
0.998218 0.959332 1.0811 0.994229 0.967451 1.06037
0.989566 0.96578 1.05396 0.973679 0.957638 1.042
0.993344 0.962824 1.08025 0.993175 0.967137 1.06105
0.984692 0.969272 1.05311 0.972625 0.957324 1.04268
0.990907 0.96457 1.07983 0.992648 0.966981 1.06139
0.982255 0.971018 1.05269 0.972098 0.957168 1.04302
0.989689 0.965443 1.07961 0.992384 0.966902 1.06156
0.981036 0.971891 1.05247 0.971835 0.957089 1.04319
0.989079 0.96588 1.07951 1.01267 0.976637 1.0801
0.980427 0.972328 1.05237 0.971571 0.957011 1.04336
0.988775 0.966098 1.07945 0.918446 0.948564 1.01992
0.980123 0.972546 1.05231 0.887347 0.978933 1.00047
0.988622 0.966207 1.07943 0.892074 0.971708 1.00535
0.97997 0.972655 1.05229 0.894437 0.968096 1.00779
0.988546 0.966261 1.07941 0.895619 0.966289 1.00901
0.979894 0.972709 1.05227 0.89621 0.965386 1.00962
0.997122 0.959868 1.10654 0.896506 0.964935 1.00992
0.979818 0.972764 1.05226 0.896653 0.964709 1.01008
0.951866 0.989151 1.00255 0.845289 0.959413 1.03611
0.908463 0.998912 0.96954 0.896801 0.964483 1.01023
0.857135 1.02127 0.952151 0.948865 0.966498 0.984294
0.884923 1.02727 0.950015 0.971563 0.967128 1.02409
0.911279 0.996843 0.989157 1.00341 0.973467 1.00642
0.949356 0.973124 1.02748 0.99426 0.967757 1.06389
0.986855 0.956735 1.06998 0.954891 0.96026 1.08975
1.01509 0.928354 1.11022 0.946389 0.9568 1.05782
end
gesture a15 hands 2
1.03689 0.896549 1.06544 1.09328 0.968837 1.03822
1.05206 0.888835 1.09007 1.07687 0.957554 1.03803
1.03339 0.866947 1.09509 1.1166 0.954294 1.02666
1.01683 0.876231 1.08756 1.06046 0.94627 1.03784
0.995184 0.926193 1.06784 1.00988 0.943495 1.06589
0.997732 0.905854 1.07394 0.952455 0.947048 1.07944
0.976082 0.955817 1.05421 0.898784 0.959974 1.06217
0.988181 0.920666 1.06713 0.843909 0.970608 1.07593
0.966531 0.970628 1.0474 0.785675 0.976027 1.10611
0.983405 0.928072 1.06372 0.756558 0.978737 1.1212
0.961756 0.978034 1.044 0.767105 0.983659 1.16458
0.981018 0.931775 1.06202 0.755726 0.982608 1.12294
0.959368 0.981737 1.04229 0.727441 0.981446 1.13629
0.979824 0.933627 1.06117 0.744346 0.981557 1.0813
0.958174 0.983589 1.04144 0.770982 0.986369 1.03068
0.979227 0.934552 1.06074 0.798939 0.995513 1.0185
0.957577 0.984514 1.04102 0.803686 0.994893 0.982473
0.957278 0.984977 1.0408 0.826897 1.00466 1.00631
1.00028 0.885516 1.08004 0.838502 1.00954 1.01823
0.95698 0.98544 1.04059 0.844304 1.01198 1.02419
0.935813 1.03999 1.03788 0.847206 1.0132 1.02717
0.897521 1.07558 1.01789 0.820384 1.00823 1.03359
0.849617 1.07247 0.985809 0.848656 1.01381 1.02866
0.840992 1.0993 0.963906 0.82111 1.00853 1.03433
0.85296 1.09562 0.985836 0.849382 1.01411 1.02941
0.849987 1.04081 0.977787 0.793563 1.00326 1.04
0.890326 0.999792 0.973296 0.850107 1.01442 1.03015
0.946159 0.988037 0.983682 0.905525 0.999218 1.025
0.993675 0.978417 1.01523 0.961527 0.990719 1.02087
1.04776 0.956088 1.0185 1.01656 0.984989 1.00688
1.10105 0.933062 1.01082 1.07408 0.979722 0.992921
1.14637 0.896246 1.0131 1.13193 0.972354 0.994157
1.11082 0.897162 1.04883 1.16163 0.968906 0.9953
end
gesture a15 hands 2
1.09836 0.875281 1.07378 1.07552 0.984099 1.01602
1.07028 0.870683 1.06447 1.06158 0.961873 1.00183
1.03539 0.876056 1.06039 1.07173 0.94947 0.948614
1.04177 0.887044 1.07559 1.12457 0.960293 0.939438
1.01278 0.87885 1.05343 1.12656 0.969677 0.986339
1.02949 0.874982 1.05891 1.11504 0.96394 1.04351
1.04814 0.898031 1.09079 1.08774 0.948861 1.04941
1.04717 0.884573 1.07759 1.05872 0.951849 0.998292
1.02784 0.902771 1.06543 1.02985 0.964954 0.951432
1.03702 0.886943 1.06492 0.98144 0.97895 0.925732
1.01768 0.90514 1.05276 0.933155 0.985547 0.950599
1.0462 0.871115 1.0644 0.899251 0.993628 0.995562
1.00753 0.90751 1.04008 0.880717 0.993133 1.04923
0.984644 0.9533 1.01165 0.906894 0.973598 1.05416
0.96132 1.00489 1.00449 0.920048 0.985279 0.998564
0.934556 1.05249 0.98516 0.880107 0.989927 0.975297
0.893567 1.09499 0.977883 0.84734 0.991707 1.01946
0.893487 1.09813 0.964725 0.824844 0.995405 1.07089
0.893447 1.09971 0.958146 0.825749 0.982652 1.12702
0.893427 1.10049 0.954857 0.871054 0.970235 1.09538
0.893417 1.10088 0.953212 0.909889 0.971942 1.05376
0.893412 1.10108 0.952389 0.956844 0.966176 1.01745
0.893409 1.10118 0.951978 1.01137 0.95782 1.00291
0.853091 1.13274 0.966059 1.03801 0.958575 1.01557
0.893407 1.10128 0.951567 1.08509 0.964318 0.995976
0.92202 1.05277 0.965617 1.07487 0.961824 1.01211
0.930928 0.998665 0.988308 1.12195 0.967567 0.992509
0.948539 0.951597 1.01605 1.0933 0.963449 1.01037
0.979011 0.929071 1.05388 1.14038 0.969192 0.990775
1.01825 0.93596 1.04748 1.1496 0.970004 0.989909
1.05716 0.920229 1.03666 1.06465 0.95933 1.02824
1.07175 0.926449 1.07085 1.15881 0.970816 0.989042
1.09606 0.904498 1.02584 1.17952 0.974939 0.968395
end
gesture a15 hands 2
1.10432 0.908183 1.13991 1.18446 1.07747 1.12622
1.08986 0.897236 1.11626 1.18505 1.04849 1.11931
1.04563 0.889481 1.07875 1.14644 1.00493 1.11341
0.992429 0.886914 1.05218 1.09412 0.979133 1.12047
0.948175 0.873035 1.07117 1.05509 0.958583 1.14399
0.964133 0.868062 1.07007 0.998661 0.945556 1.14527
0.969674 0.875667 1.06789 0.993773 0.917211 1.14167
0.953941 0.902052 1.03266 1.00859 0.917381 1.0928
0.956836 0.952323 1.0366 1.00198 0.926978 1.03501
0.94861 1.01005 1.02945 0.984264 0.937872 0.979662
0.932151 1.06314 1.01607 0.948614 0.953546 0.939735
0.927108 1.06859 0.999851 0.893277 0.96279 0.945447
0.942914 1.07213 1.02134 0.857406 0.964006 0.986111
0.93249 1.07309 1.00249 0.855024 0.956926 0.984765
0.948295 1.07662 1.02397 0.890675 0.968328 0.940183
0.93518 1.07534 1.0038 0.911458 0.976876 0.921685
0.950985 1.07887 1.02529 0.892609 0.988724 0.962262
0.936525 1.07646 1.00446 0.912425 0.987074 0.932724
0.952331 1.07999 1.02594 0.893575 0.998922 0.973302
0.937198 1.07702 1.00479 0.912909 0.992172 0.938244
0.953003 1.08055 1.02627 0.894059 1.00402 0.978821
0.937534 1.0773 1.00495 0.91315 0.994722 0.941004
0.95334 1.08083 1.02644 0.8943 1.00657 0.981581
0.937702 1.07744 1.00503 0.913271 0.995997 0.942384
0.953508 1.08097 1.02652 0.894421 1.00785 0.982961
0.937786 1.07751 1.00507 0.913332 0.996634 0.943074
0.953592 1.08104 1.02656 0.894482 1.00848 0.983651
0.953634 1.08107 1.02658 0.913362 0.996953 0.943419
0.922065 1.07405 0.983631 0.894512 1.0088 0.983996
0.953676 1.08111 1.0266 0.913377 0.997112 0.943591
0.975364 1.0956 1.0201 0.894527 1.00896 0.984169
0.968434 1.04289 1.00752 0.932242 0.985423 0.903186
0.999767 0.996775 1.01878 0.894542 1.00912 0.984341
end
gesture a15 hands 2
0.950837 0.927744 1.05365 0.995904 0.969623 1.03134
0.962346 0.927163 1.02627 1.01869 0.975235 1.04917
0.93342 0.92898 1.05539 1.01473 0.963712 1.05415
0.959654 0.958718 1.05092 0.97914 0.963848 1.06154
1.00561 0.992964 1.05578 0.94876 0.953259 1.05349
1.05235 1.027 1.06437 0.913256 0.995061 1.0449
1.09714 1.06342 1.0639 0.885578 1.01105 1.02807
1.09556 1.06769 1.05945 0.900062 0.997033 1.00728
1.04376 1.04084 1.06255 0.920632 0.990965 1.02774
1.06888 1.0564 1.05877 0.917589 0.986991 1.00711
1.01707 1.02955 1.06188 0.938159 0.980922 1.02758
1.05553 1.05076 1.05844 0.926353 0.981969 1.00703
1.00373 1.02391 1.06154 0.946922 0.975901 1.02749
1.04886 1.04793 1.05827 0.930734 0.979459 1.00699
0.997055 1.02108 1.06137 0.951304 0.973391 1.02745
1.04552 1.04652 1.05818 0.932925 0.978203 1.00697
0.993719 1.01967 1.06128 0.953495 0.972135 1.02743
1.04385 1.04582 1.05814 0.934021 0.977576 1.00696
0.992051 1.01897 1.06124 0.954591 0.971508 1.02742
1.04302 1.04546 1.05812 0.934568 0.977262 1.00695
0.991217 1.01861 1.06122 0.955138 0.971194 1.02742
1.0426 1.04529 1.05811 0.934842 0.977105 1.00695
0.9908 1.01844 1.06121 0.955412 0.971037 1.02741
1.04239 1.0452 1.05811 0.934979 0.977026 1.00695
0.990592 1.01835 1.06121 0.955549 0.970958 1.02741
1.04229 1.04515 1.0581 0.935048 0.976987 1.00695
0.990487 1.0183 1.0612 0.955618 0.970919 1.02741
0.990435 1.01828 1.0612 0.914546 0.983016 0.986489
1.09399 1.07196 1.055 0.955686 0.97088 1.02741
0.990383 1.01826 1.0612 0.957693 0.951735 1.05909
0.946809 0.995336 1.03104 0.963403 0.956046 1.03958
0.915714 0.964744 0.99209 0.946295 0.962 1.06906
0.894913 0.947843 0.979241 0.969114 0.960356 1.02007
end
gesture a15 hands 2
0.890713 0.905563 0.995741 0.960571 0.941428 1.01028
0.878515 0.901981 1.0229 0.937032 0.959645 1.00661
0.895738 0.93458 1.06458 0.927839 0.953357 1.04951
0.948677 0.956965 1.05379 0.934925 0.964338 1.02834
0.992814 0.990888 1.04976 0.909289 0.974451 1.0549
1.03343 1.03078 1.04156 0.92565 0.974886 1.03103
1.07181 1.07569 1.03595 0.935975 0.968985 1.05792
1.07491 1.07262 1.06118 0.938993 0.972153 1.03255
1.06148 1.05122 1.0765 0.949318 0.966252 1.05944
1.06975 1.06039 1.08145 0.945665 0.970786 1.0333
1.05631 1.03899 1.09678 0.955989 0.964885 1.06019
1.06716 1.05427 1.09159 0.949 0.970103 1.03368
1.05373 1.03288 1.10691 0.959325 0.964202 1.06057
1.06587 1.05121 1.09666 0.950668 0.969761 1.03387
1.05244 1.02982 1.11198 0.960993 0.963861 1.06076
1.06523 1.04968 1.0992 0.951502 0.96959 1.03397
1.0518 1.02829 1.11452 0.961827 0.96369 1.06086
1.0649 1.04892 1.10046 0.951919 0.969505 1.03401
1.05147 1.02752 1.11578 0.962244 0.963604 1.0609
1.06474 1.04854 1.1011 0.952128 0.969462 1.03404
1.05131 1.02714 1.11642 0.962453 0.963562 1.06093
1.06466 1.04835 1.10141 0.952232 0.969441 1.03405
1.05123 1.02695 1.11673 0.962557 0.96354 1.06094
1.06462 1.04825 1.10157 0.952284 0.96943 1.03405
1.05119 1.02686 1.11689 0.962609 0.96353 1.06094
1.07801 1.06955 1.08641 0.95231 0.969425 1.03406
1.05115 1.02676 1.11705 0.962635 0.963524 1.06095
1.01582 0.980535 1.10655 0.962648 0.963522 1.06095
0.976434 0.948953 1.07636 0.942011 0.97532 1.00717
0.941164 0.924483 1.03757 0.962661 0.963519 1.06095
0.942044 0.912484 1.02653 0.994043 0.961149 1.10737
0.93452 0.888018 1.00529 0.999903 0.958359 1.05962
0.942923 0.900484 1.01548 1.01084 0.954413 1.05903
end
gesture a15 hands 2
0.925994 0.922238 1.00065 0.992071 0.966684 1.03462
0.923144 0.945724 1.01856 0.971563 0.974402 1.01451
0.947971 0.976539 1.03452 0.963149 0.949047 1.02487
0.996147 1.00722 1.0482 0.919376 0.979982 1.01066
1.04054 1.03096 1.0739 0.891294 0.982043 1.00488
1.07648 1.04338 1.11721 0.903928 0.976406 1.00399
1.07194 1.02661 1.15587 0.920037 0.972243 1.02774
1.048 1.01506 1.15126 0.918299 0.971506 1.01542
1.03849 1.00843 1.12426 0.934408 0.967344 1.03918
1.03128 1.00597 1.13546 0.925485 0.969056 1.02114
1.02176 0.999334 1.10846 0.941593 0.964894 1.04489
1.02291 1.00142 1.12756 0.929078 0.967831 1.024
1.01339 0.994788 1.10056 0.945186 0.963669 1.04775
1.01873 0.999149 1.12361 0.930874 0.967218 1.02543
1.00921 0.992515 1.09661 0.946983 0.963056 1.04918
1.01664 0.998012 1.12164 0.931772 0.966912 1.02614
1.00712 0.991378 1.09464 0.947881 0.96275 1.0499
1.0156 0.997444 1.12065 0.932221 0.966759 1.0265
1.00608 0.99081 1.09365 0.94833 0.962597 1.05025
1.01507 0.99716 1.12015 0.932446 0.966683 1.02668
1.00555 0.990526 1.09315 0.948554 0.962521 1.05043
1.01481 0.997018 1.11991 0.932558 0.966644 1.02677
1.00529 0.990384 1.09291 0.948667 0.962482 1.05052
1.01468 0.996947 1.11978 0.932614 0.966625 1.02681
1.00516 0.990313 1.09278 0.948723 0.962463 1.05057
1.02407 1.00351 1.14666 0.916562 0.970768 1.0031
1.00503 0.990242 1.09266 0.948779 0.962444 1.05061
0.988725 0.976045 1.03786 0.972572 0.958683 1.06222
0.952297 0.954756 0.996048 0.985975 0.965801 1.07683
0.945923 0.947947 0.99276 0.966485 0.971084 1.10649
0.942736 0.944542 0.991117 0.999377 0.97292 1.09144
0.909005 0.939644 0.985619 0.996366 0.954922 1.07382
0.939549 0.941137 0.989473 1.03227 0.974756 1.0764
end
gesture a15 hands 2
1.00425 0.937952 1.02353 1.03268 0.981665 1.01439
0.984447 0.929401 1.04424 1.0241 0.977774 1.02604
0.952336 0.946364 1.05192 0.999008 0.979359 1.03753
0.973965 0.991255 1.05345 1.00726 0.976621 1.03762
1.01702 1.02408 1.0464 0.982172 0.978206 1.0491
1.01067 1.04184 1.02898 0.998841 0.976044 1.0434
1.05059 1.06332 1.04779 0.973754 0.977629 1.05488
1.00433 1.0596 1.01156 0.994632 0.975756 1.04629
0.962564 1.03326 1.01931 0.969545 0.977341 1.05778
0.948449 1.01218 1.03439 0.992527 0.975612 1.04774
0.959135 0.992503 1.0152 0.96744 0.977197 1.05922
0.946734 0.991797 1.03233 0.991475 0.97554 1.04846
0.95742 0.972124 1.01314 0.966388 0.977125 1.05995
0.945877 0.981608 1.0313 0.990949 0.975504 1.04882
0.956563 0.961935 1.01211 0.965862 0.977089 1.06031
0.945449 0.976513 1.03079 0.990686 0.975486 1.049
0.956135 0.956841 1.01159 0.965599 0.977071 1.06049
0.945234 0.973966 1.03053 0.990555 0.975477 1.04909
0.95592 0.954293 1.01134 0.965468 0.977062 1.06058
0.945127 0.972692 1.0304 0.990489 0.975472 1.04914
0.955813 0.95302 1.01121 0.965402 0.977057 1.06062
0.945074 0.972055 1.03034 0.990456 0.97547 1.04916
0.95576 0.952383 1.01114 0.965369 0.977055 1.06065
0.945047 0.971737 1.03031 1.01551 0.973883 1.0377
0.955733 0.952064 1.01111 0.965336 0.977053 1.06067
0.945033 0.971578 1.03029 0.926208 0.966254 1.0617
0.955719 0.951905 1.0111 0.9393 0.966277 1.0495
0.945027 0.971498 1.03028 0.945846 0.966288 1.0434
0.955713 0.951826 1.01109 0.94912 0.966293 1.04035
0.955709 0.951786 1.01108 0.913344 0.951795 1.04687
0.934334 0.991091 1.04947 0.952393 0.966299 1.0373
0.955706 0.951746 1.01108 0.987769 0.983818 1.00301
0.980932 0.935724 1.01207 1.00101 0.997735 0.980211
end
gesture a15 hands 2
0.915992 0.925812 0.996262 0.960623 0.994575 1.0302
0.924678 0.941938 1.00556 0.958542 0.98938 1.04399
0.899087 0.911383 1.01626 0.943357 0.979015 1.06648
0.933364 0.958064 1.01486 0.956461 0.984184 1.05778
0.977945 0.978781 1.04745 0.937904 0.966697 1.0611
1.01695 0.995753 1.08777 0.931998 0.965076 1.08193
1.03357 1.02325 1.13667 0.928626 0.957953 1.06276
1.02502 1.03514 1.13042 0.927359 0.960704 1.08276
1.00867 1.01623 1.11495 0.923987 0.953581 1.06359
1.01257 1.03163 1.11956 0.925039 0.958518 1.08317
0.996223 1.01272 1.1041 0.921668 0.951396 1.06401
1.00635 1.02988 1.11413 0.923879 0.957425 1.08338
0.989998 1.01096 1.09867 0.920508 0.950303 1.06421
1.00323 1.029 1.11142 0.923299 0.956879 1.08349
0.986886 1.01009 1.09595 0.919928 0.949756 1.06432
1.00168 1.02856 1.11006 0.923009 0.956606 1.08354
0.98533 1.00965 1.0946 0.919638 0.949483 1.06437
1.0009 1.02834 1.10938 0.922864 0.956469 1.08356
0.984552 1.00943 1.09392 0.919493 0.949347 1.06439
1.00051 1.02823 1.10904 0.922792 0.956401 1.08358
0.984163 1.00932 1.09358 0.91942 0.949278 1.06441
1.00032 1.02817 1.10887 0.922756 0.956367 1.08358
0.983968 1.00926 1.09341 0.919384 0.949244 1.06441
1.00022 1.02815 1.10879 0.922738 0.95635 1.08359
0.983871 1.00924 1.09332 0.919366 0.949227 1.06442
1.00017 1.02813 1.10875 0.922729 0.956341 1.08359
0.983823 1.00922 1.09328 0.919357 0.949219 1.06442
0.983798 1.00922 1.09326 0.919353 0.949214 1.06442
1.01647 1.04703 1.12417 0.926091 0.963455 1.10276
0.983774 1.00921 1.09324 0.919348 0.94921 1.06442
0.946828 0.965673 1.07695 0.917025 0.93396 1.05215
0.9482 0.928182 1.03402 0.958572 0.947004 1.02923
0.973518 0.897418 0.99352 1.00817 0.976537 1.02109
end
gesture a15 hands 2
0.959339 0.915885 1.00586 1.01135 0.983124 1.04764
0.93677 0.934298 0.998479 1.00991 0.987216 1.03334
0.929601 0.915596 1.00719 0.984152 0.984435 1.04738
0.944562 0.946906 1.00968 0.996316 0.987872 1.03322
0.914201 0.952711 0.991098 0.970553 0.985091 1.04725
0.959524 0.978216 1.01216 0.989516 0.988199 1.03315
0.993246 0.989582 1.05975 0.963754 0.985419 1.04718
1.00344 1.00265 1.08174 0.986117 0.988364 1.03311
1.01974 1.01041 1.10663 0.960354 0.985583 1.04714
1.01363 1.01572 1.10372 0.984417 0.988445 1.0331
1.01057 1.01837 1.10227 0.958654 0.985665 1.04713
1.01609 1.03508 1.12554 0.983567 0.988486 1.03309
1.00905 1.01969 1.10155 0.957804 0.985706 1.04712
1.01533 1.03574 1.12518 0.983142 0.988507 1.03308
1.00828 1.02036 1.10118 0.957379 0.985726 1.04711
1.01495 1.03607 1.125 0.982929 0.988517 1.03308
1.0079 1.02069 1.101 0.957166 0.985737 1.04711
1.01476 1.03624 1.12491 0.982823 0.988522 1.03308
1.00771 1.02085 1.10091 0.95706 0.985742 1.04711
1.01466 1.03632 1.12486 0.98277 0.988525 1.03308
1.00762 1.02094 1.10087 0.957007 0.985744 1.04711
1.01461 1.03636 1.12484 0.982744 0.988526 1.03308
1.00757 1.02098 1.10084 0.956981 0.985746 1.04711
1.01459 1.03638 1.12483 1.00848 0.991308 1.01905
1.00754 1.021 1.10083 0.956954 0.985747 1.04711
1.01458 1.03639 1.12482 0.925557 0.95189 1.07729
1.00753 1.02101 1.10083 0.933155 0.925272 1.06772
1.00753 1.02101 1.10082 0.934622 0.933817 1.05344
1.02161 1.05179 1.14881 0.935356 0.938089 1.0463
1.00752 1.02102 1.10082 0.892149 0.959058 1.04431
0.988523 0.995711 1.05089 0.93609 0.942361 1.03916
0.963931 0.960158 1.01088 0.980486 0.969925 1.02055
0.935511 0.920933 0.979049 1.00525 0.979157 1.00679
end
gesture a15 hands 2
1.0738 0.909025 1.07918 1.02435 0.96585 1.03976
1.049 0.911995 1.06266 1.01179 0.968815 1.06647
1.00529 0.944107 1.05902 0.96095 0.970691 1.05725
0.980298 0.987584 1.04451 0.935543 0.962666 1.05949
0.944109 1.01869 1.01058 0.943383 0.94714 1.01339
0.888788 1.03993 1.00541 0.933721 0.950072 1.04334
0.848642 1.02234 1.01824 0.910135 0.954641 1.06174
0.852068 1.0107 1.00606 0.92406 0.953004 1.0733
0.9022 0.992129 1.03064 0.931023 0.952186 1.07908
0.878847 0.995593 1.01226 0.908403 0.95217 1.09611
0.928978 0.977023 1.03684 0.934505 0.951777 1.08197
0.892236 0.98804 1.01536 0.910143 0.951965 1.09755
0.942368 0.969471 1.03994 0.936245 0.951572 1.08342
0.898931 0.984264 1.01691 0.911014 0.951863 1.09828
0.949062 0.965694 1.04149 0.937116 0.951469 1.08414
0.902278 0.982376 1.01769 0.911449 0.951812 1.09864
0.95241 0.963806 1.04227 0.937551 0.951418 1.0845
0.903952 0.981432 1.01808 0.911666 0.951786 1.09882
0.954083 0.962862 1.04265 0.937768 0.951393 1.08468
0.904789 0.98096 1.01827 0.911775 0.951773 1.09891
0.95492 0.96239 1.04285 0.937877 0.95138 1.08477
0.905207 0.980724 1.01837 0.91183 0.951767 1.09895
0.955339 0.962154 1.04294 0.937932 0.951373 1.08481
0.905416 0.980605 1.01842 0.911857 0.951764 1.09898
0.955548 0.962036 1.04299 0.937959 0.95137 1.08484
0.905521 0.980546 1.01844 0.91187 0.951762 1.09899
0.955652 0.961977 1.04302 0.937972 0.951369 1.08485
0.955705 0.961948 1.04303 0.911877 0.951761 1.09899
0.855494 0.999057 0.993888 0.937979 0.951368 1.08485
0.955757 0.961918 1.04304 0.885782 0.952154 1.11314
0.998637 0.946067 1.08059 0.937986 0.951367 1.08486
1.02038 0.908788 1.11647 0.985171 0.960828 1.05039
1.02102 0.905618 1.08705 0.984188 0.968175 1.0456
end
gesture a15 hands 2
1.06587 0.87615 1.10161 1.00041 0.954141 1.06928
1.07932 0.882681 1.07581 0.975334 0.962635 1.07502
1.02761 0.907553 1.06527 0.979639 0.967413 1.05271
0.988347 0.944597 1.04212 0.950259 0.97113 1.08077
0.887658 1.0019 1.03744 0.9113 0.965122 1.07897
0.875045 0.997342 1.04317 0.896256 0.944026 1.065
0.8393 1.02074 1.05148 0.923705 0.942253 1.06168
0.850866 1.00676 1.05019 0.902458 0.932591 1.05636
0.902264 0.984797 1.0682 0.929908 0.930818 1.05304
0.882348 0.988791 1.05856 0.90556 0.926874 1.05204
0.933745 0.966826 1.07656 0.933009 0.925101 1.04872
0.898089 0.979806 1.06274 0.90711 0.924016 1.04988
0.949486 0.957841 1.08074 0.934559 0.922243 1.04656
0.905959 0.975313 1.06483 0.907886 0.922586 1.0488
0.957357 0.953348 1.08283 0.935335 0.920813 1.04548
0.909894 0.973066 1.06587 0.908273 0.921872 1.04826
0.961292 0.951101 1.08387 0.935722 0.920099 1.04494
0.911862 0.971943 1.06639 0.908467 0.921514 1.04799
0.963259 0.949978 1.0844 0.935916 0.919741 1.04467
0.912846 0.971382 1.06665 0.908564 0.921336 1.04785
0.964243 0.949417 1.08466 0.936013 0.919563 1.04454
0.913338 0.971101 1.06678 0.908613 0.921246 1.04778
0.964735 0.949136 1.08479 0.936062 0.919473 1.04447
0.913584 0.97096 1.06685 0.908637 0.921202 1.04775
0.964981 0.948995 1.08485 0.936086 0.919429 1.04443
0.913707 0.97089 1.06688 0.908649 0.921179 1.04773
0.965104 0.948925 1.08489 0.936098 0.919406 1.04442
0.913768 0.970855 1.0669 0.908655 0.921168 1.04772
0.965165 0.94889 1.0849 0.936104 0.919395 1.04441
0.965196 0.948873 1.08491 0.881212 0.92293 1.05103
0.862432 0.992785 1.04891 0.93611 0.919384 1.0444
0.965227 0.948855 1.08492 0.977793 0.944423 1.03737
1.01721 0.924466 1.0845 0.949243 0.945233 1.04514
end
gesture a15 hands 2
0.986091 0.923899 1.07861 0.931329 0.947615 1.03877
0.980358 0.942312 1.06596 0.930985 0.954512 1.06779
0.959333 0.92802 1.06633 0.921827 0.950387 1.0566
0.966979 0.944372 1.05982 0.930387 0.937439 1.05669
0.943226 0.959832 1.05306 0.974183 0.95227 1.05701
0.958925 0.960278 1.05318 0.956565 0.93838 1.0569
0.935172 0.975739 1.04642 1.00036 0.953211 1.05722
0.954899 0.968231 1.04986 0.969654 0.938851 1.057
0.931146 0.983692 1.0431 1.01345 0.953681 1.05732
0.952885 0.972208 1.0482 0.976199 0.939086 1.05705
0.929132 0.987668 1.04144 1.02 0.953916 1.05738
0.951879 0.974196 1.04737 0.979473 0.939204 1.05709
0.928126 0.989657 1.04061 1.02327 0.954034 1.0574
0.951375 0.97519 1.04696 0.981109 0.939263 1.0571
0.927622 0.990651 1.04019 1.0249 0.954093 1.05742
0.951124 0.975687 1.04675 0.981926 0.939292 1.0571
0.927371 0.991148 1.03999 1.02572 0.954122 1.05742
0.950998 0.975936 1.04665 0.982335 0.939307 1.05711
0.927245 0.991396 1.03988 1.02613 0.954137 1.05743
0.950935 0.97606 1.0466 0.982539 0.939314 1.05711
0.927182 0.991521 1.03983 1.02634 0.954145 1.05743
0.974625 0.960724 1.05331 0.982641 0.939318 1.05711
0.927119 0.991645 1.03978 1.02644 0.954148 1.05743
0.897723 0.999838 1.0362 0.982692 0.93932 1.05711
0.8826 1.02994 1.0305 1.02649 0.95415 1.05743
0.868327 1.00803 1.03261 0.982718 0.939321 1.05711
0.894873 0.984263 1.04951 1.02651 0.954151 1.05743
0.947914 0.964541 1.06585 0.982731 0.939321 1.05711
1.00262 0.941056 1.06887 1.02653 0.954152 1.05743
1.05802 0.920221 1.0722 0.982737 0.939321 1.05711
1.06514 0.910059 1.04716 1.02653 0.954152 1.05743
1.09328 0.903135 1.04313 0.938947 0.924491 1.05679
1.07226 0.899898 1.02213 1.02654 0.954152 1.05743
end
gesture a15 hands 2
1.00073 0.865209 1.09493 1.03578 0.931404 1.05734
0.984396 0.88978 1.08977 1.02228 0.936554 1.06098
0.985442 0.9478 1.08274 0.995666 0.944235 1.07039
0.952014 0.991455 1.04019 1.00222 0.94297 1.06751
0.952168 1.0318 1.00971 0.975609 0.950651 1.07691
0.935377 1.03346 1.00367 0.992195 0.946178 1.07077
0.944465 1.00751 1.01505 0.96558 0.953858 1.08017
0.931525 1.02131 1.00634 0.98718 0.947782 1.0724
0.940613 0.995358 1.01773 0.960566 0.955462 1.0818
0.929599 1.01523 1.00768 0.984673 0.948584 1.07321
0.938687 0.989285 1.01906 0.958059 0.956264 1.08262
0.928636 1.0122 1.00835 0.98342 0.948985 1.07362
0.937724 0.986248 1.01973 0.956806 0.956665 1.08302
0.928155 1.01068 1.00868 0.982793 0.949185 1.07382
0.937243 0.984729 1.02007 0.956179 0.956866 1.08323
0.927914 1.00992 1.00885 0.982479 0.949285 1.07392
0.937002 0.98397 1.02023 0.955865 0.956966 1.08333
0.927794 1.00954 1.00893 0.982323 0.949335 1.07397
0.936881 0.983591 1.02032 0.955709 0.957016 1.08338
0.927734 1.00935 1.00897 0.982244 0.94936 1.074
0.936821 0.983401 1.02036 0.95563 0.957041 1.0834
0.927704 1.00926 1.00899 0.982205 0.949373 1.07401
0.936791 0.983306 1.02038 0.955591 0.957053 1.08342
0.927689 1.00921 1.00901 1.00878 0.941705 1.06462
0.936776 0.983258 1.02039 0.955552 0.957066 1.08343
0.927681 1.00918 1.00901 0.897291 0.964219 1.07473
0.936769 0.983235 1.02039 0.885913 0.954661 1.07393
0.936765 0.983223 1.0204 0.880225 0.949882 1.07353
0.918586 1.03511 0.997631 0.87738 0.947492 1.07333
0.936761 0.983211 1.0204 0.841275 0.971175 1.08978
0.948413 0.943783 1.06328 0.874536 0.945103 1.07313
0.956836 0.917451 1.11449 0.924061 0.92908 1.06673
0.956924 0.86565 1.1403 0.97936 0.931333 1.06194
end
gesture a15 hands 2
0.998854 0.851996 1.14985 1.02231 0.934733 1.0954
0.990791 0.873766 1.13071 1.01775 0.94179 1.08518
0.994196 0.861087 1.12198 1.01526 0.949393 1.12059
0.982728 0.895535 1.11156 0.991037 0.945546 1.10264
0.964472 0.93462 1.0711 1.01319 0.948846 1.07495
0.941251 0.973948 1.0332 0.966814 0.941699 1.0847
0.919463 1.02046 1.00426 0.91294 0.945338 1.06139
0.90949 1.04423 0.989763 0.894951 0.959134 1.04582
0.924931 1.02122 0.999535 0.880198 0.973147 1.02384
0.912224 1.04462 0.987401 0.876961 0.97293 1.03024
0.927665 1.0216 0.997173 0.875343 0.972821 1.03345
0.913591 1.04481 0.98622 0.859041 0.976548 1.01063
0.929032 1.02179 0.995992 0.874534 0.972767 1.03505
0.914274 1.0449 0.98563 0.858636 0.976521 1.01143
0.929716 1.02189 0.995402 0.87413 0.97274 1.03585
0.914616 1.04495 0.985334 0.858434 0.976508 1.01183
0.930057 1.02193 0.995106 0.873927 0.972727 1.03625
0.914787 1.04497 0.985187 0.858333 0.976501 1.01203
0.930228 1.02196 0.994959 0.873826 0.97272 1.03645
0.914873 1.04498 0.985113 0.858282 0.976497 1.01213
0.930314 1.02197 0.994885 0.873776 0.972716 1.03655
0.914915 1.04499 0.985076 0.858257 0.976496 1.01218
0.930356 1.02197 0.994848 0.87375 0.972715 1.0366
0.914937 1.04499 0.985057 0.858244 0.976495 1.01221
0.930378 1.02198 0.994829 0.873738 0.972714 1.03662
0.914947 1.04499 0.985048 0.873731 0.972713 1.03664
0.930388 1.02198 0.99482 0.842738 0.980275 0.987814
0.899517 1.06801 0.975267 0.873725 0.972713 1.03665
0.930399 1.02198 0.994811 0.903026 0.972045 1.02911
0.956487 0.979254 1.02525 0.912351 0.9429 1.07897
0.982554 0.943817 1.06153 0.955499 0.924885 1.11405
0.999871 0.914738 1.10912 1.00754 0.93078 1.09085
1.0022 0.892338 1.12754 1.02999 0.945163 1.07772
end
gesture a15 hands 2
1.00007 0.823437 1.16739 1.01801 0.929332 1.10846
0.986925 0.839561 1.14628 1.00023 0.929772 1.13255
0.968344 0.89205 1.13653 0.958651 0.920395 1.12381
0.962354 0.907742 1.11264 0.924444 0.932717 1.08608
0.933927 0.94704 1.07913 0.868266 0.950361 1.05798
0.933519 0.950051 1.07044 0.879251 0.947701 1.05316
0.956365 0.923434 1.08874 0.891321 0.936605 1.07799
0.93311 0.953063 1.06175 0.890779 0.940822 1.06317
0.921482 0.967877 1.04825 0.902849 0.929727 1.088
0.915668 0.975284 1.0415 0.896543 0.937383 1.06818
0.899511 1.00203 1.02174 0.908613 0.926288 1.09301
0.909855 0.982691 1.03475 0.899425 0.935664 1.07068
0.915026 0.973022 1.04126 0.911495 0.924569 1.09551
0.907517 0.983593 1.02156 0.900866 0.934804 1.07193
0.917612 0.968187 1.04452 0.912936 0.923709 1.09676
0.90881 0.981176 1.02319 0.901586 0.934374 1.07255
0.918905 0.965769 1.04614 0.913656 0.923279 1.09738
0.909457 0.979967 1.024 0.901946 0.934159 1.07287
0.919552 0.964561 1.04696 0.914017 0.923064 1.0977
0.90978 0.979363 1.02441 0.902126 0.934052 1.07302
0.919875 0.963956 1.04736 0.914197 0.922956 1.09785
0.909941 0.979061 1.02461 0.902216 0.933998 1.0731
0.920036 0.963654 1.04757 0.914287 0.922903 1.09793
0.910022 0.97891 1.02471 0.902261 0.933971 1.07314
0.920117 0.963503 1.04767 0.914332 0.922876 1.09797
0.910063 0.978834 1.02476 0.902284 0.933958 1.07316
0.920158 0.963428 1.04772 0.914354 0.922862 1.09799
0.910083 0.978796 1.02479 0.902295 0.933951 1.07317
0.920178 0.96339 1.04774 0.914366 0.922856 1.098
0.920188 0.963371 1.04776 0.914371 0.922852 1.09801
0.900008 0.994165 1.00186 0.890236 0.94504 1.04835
0.920198 0.963352 1.04777 0.914377 0.922849 1.09801
0.968814 0.922505 1.10802 0.956588 0.910122 1.12878
end
gesture a16 hands 2
1.00996 0.848516 1.10376 0.946403 0.854442 1.07927
1.02226 0.849009 1.07679 0.948279 0.849217 1.10843
1.01694 0.866314 1.02293 0.938307 0.842535 1.1605
1.01229 0.903759 0.980239 0.929259 0.877867 1.1494
1.0014 0.948062 0.984703 0.920038 0.881043 1.18697
1.00057 0.936713 1.04091 0.920211 0.913198 1.1383
0.978292 0.981659 1.07027 0.936911 0.937554 1.08901
0.972096 1.01275 1.02259 0.954755 0.949348 1.05817
0.956412 1.06004 0.992734 0.954688 0.978616 1.05374
0.938429 1.06315 0.99773 0.973131 0.988939 1.05089
0.946335 1.06268 1.05249 0.972599 0.961142 1.02732
0.945291 1.08407 1.0346 0.991574 0.999261 1.04805
0.932905 1.10395 0.98705 0.986497 1.04837 1.02427
0.91356 1.15041 0.961087 1.00163 1.05567 1.00218
0.910876 1.10151 0.962752 1.00036 1.07494 0.993206
0.920933 1.08055 0.980608 0.99973 1.08458 0.988721
0.959648 1.01099 1.01612 1.02464 1.11348 0.960201
0.945319 1.03529 1.00729 0.999097 1.09422 0.984236
0.984034 0.965728 1.04281 1.01676 1.06296 0.980083
0.957512 1.01266 1.02063 0.998181 1.06372 0.96747
0.996227 0.943098 1.05615 0.988892 1.0641 0.961164
0.963608 1.00134 1.02731 0.973555 1.07497 1.00827
1.00232 0.931783 1.06282 0.979603 1.06449 0.954857
0.966656 0.995687 1.03064 0.982626 1.05924 0.928151
1.00537 0.926126 1.06615 0.984138 1.05662 0.914798
0.96818 0.992858 1.03231 0.984894 1.05531 0.908122
1.0069 0.923297 1.06782 0.985272 1.05466 0.904783
0.968942 0.991443 1.03314 0.989629 1.10847 0.899359
1.00766 0.921882 1.06866 0.98565 1.054 0.901445
1.00804 0.921175 1.06907 0.976129 1.01457 0.94332
0.930989 1.05959 0.998463 0.968316 0.976124 1.00258
1.00842 0.920468 1.06949 0.962477 0.956034 1.03957
1.03332 0.877058 1.10099 0.960504 0.937678 1.06185
end
gesture a16 hands 2
1.07814 0.859543 1.08602 0.986229 0.861003 1.10318
1.05201 0.86933 1.07511 0.976063 0.864374 1.07522
1.04869 0.878407 1.07702 0.990937 0.877165 1.02237
1.03147 0.9172 1.04796 0.973725 0.874102 1.0389
1.0128 0.965988 1.02439 0.979845 0.85869 1.00744
1.0098 0.969032 1.04467 0.968971 0.890236 1.03365
0.994307 0.994262 1.0438 0.956513 0.871039 1.05542
1.00055 0.983169 1.05437 0.958097 0.921782 1.05986
0.985058 1.0084 1.05351 0.970913 0.964403 1.02675
0.995929 0.990238 1.05923 0.987417 0.976066 1.00747
0.980434 1.01547 1.05836 0.986239 1.0144 1.01105
0.978122 1.01901 1.06079 0.991371 1.01947 1.01625
1.0068 0.972076 1.06495 0.993937 1.022 1.01884
0.97581 1.02254 1.06322 0.99522 1.02327 1.02014
0.956163 1.04368 1.01409 1.00392 0.987729 0.988185
0.941896 1.09239 0.988631 1.00021 1.00613 1.00481
0.936326 1.09347 0.991032 1.0023 1.03123 0.993975
0.946148 1.06968 0.991606 1.00148 1.05298 0.99687
0.951059 1.05779 0.991894 0.996503 1.02454 1.02144
0.953514 1.05184 0.992037 1.00067 1.07473 0.999765
0.954742 1.04886 0.992109 1.01831 1.12395 0.975687
0.955356 1.04738 0.992145 1.02413 1.10408 0.968685
0.955663 1.04663 0.992163 1.02705 1.09415 0.965183
0.955817 1.04626 0.992172 1.04395 1.13432 0.945936
0.953316 1.07587 1.04303 1.02996 1.08421 0.961682
0.95597 1.04589 0.992181 1.00442 1.05291 1.00133
0.939803 1.03653 0.936646 0.974046 1.01896 1.03382
0.923333 0.998924 0.93274 0.939319 0.976557 1.03634
0.936282 0.962861 0.975943 0.936525 0.966944 0.979661
0.955344 0.944258 1.0282 0.947608 0.934698 0.957143
0.979614 0.91864 1.07322 0.944376 0.905103 1.00804
0.991843 0.870828 1.05831 0.93279 0.885938 1.06149
0.982893 0.863755 1.06461 0.932402 0.874465 1.11944
end
gesture a16 hands 2
0.984861 0.852682 1.13404 0.892911 0.866037 1.09155
0.974697 0.857756 1.14379 0.898402 0.862755 1.10163
0.975181 0.861897 1.11471 0.883966 0.870155 1.06335
0.969857 0.862363 1.13412 0.903893 0.859473 1.11171
0.97034 0.866504 1.10504 0.899929 0.876997 1.12535
0.964533 0.86283 1.15354 0.897946 0.88576 1.13217
0.9655 0.871111 1.09537 0.88306 0.842962 1.15955
0.957864 0.895966 1.04855 0.895964 0.894522 1.13899
0.945906 0.944554 1.02173 0.913805 0.92904 1.10017
0.950096 0.959104 1.03466 0.931102 0.970268 1.07226
0.953207 0.996542 1.03545 0.956991 1.01356 1.04522
0.951884 1.00373 1.0695 0.973271 1.01458 1.04767
0.956317 1.03398 1.03625 0.975485 1.04264 1.04095
0.94768 1.05959 0.993327 0.984732 1.05718 1.03882
0.948231 1.06403 1.00158 0.989552 1.01559 1.05012
0.948507 1.06625 1.00571 0.993979 1.07172 1.03668
0.948645 1.06736 1.00778 1.01026 1.10903 0.996913
0.948714 1.06791 1.00881 1.01678 1.11882 0.987944
0.948748 1.06819 1.00932 1.02297 1.1554 0.964518
0.948766 1.06833 1.00958 1.02329 1.12861 0.978974
0.938973 1.11016 0.96997 1.02346 1.11522 0.986202
0.948783 1.06847 1.00984 1.02354 1.10852 0.989816
0.944815 1.05895 1.01156 1.02358 1.10517 0.991623
0.934983 1.07564 0.969419 1.04449 1.13725 0.953728
0.934888 1.07687 0.970258 1.02362 1.10182 0.99343
0.93484 1.07748 0.970677 1.00613 1.08766 0.985295
0.924846 1.12969 0.948826 0.992251 1.04361 0.949237
0.934792 1.07809 0.971096 0.982921 0.988138 0.960621
0.961321 1.03835 1.00199 0.980796 0.948699 1.00303
0.994955 0.999597 1.0257 0.981238 0.911209 1.04882
1.0246 0.953278 1.04416 0.985512 0.888157 1.05497
1.04306 0.899163 1.05664 0.980074 0.867439 1.08918
1.05534 0.84487 1.07704 0.989785 0.865105 1.06112
end
gesture a16 hands 2
1.01696 0.785095 1.17018 0.902097 0.764443 1.11878
1.00533 0.787275 1.14269 0.920192 0.769611 1.11721
0.978929 0.793977 1.09057 0.906798 0.749748 1.14414
0.997784 0.790526 1.11326 0.938286 0.77478 1.11564
0.982569 0.802757 1.09024 0.945642 0.807277 1.07119
1.01664 0.787074 1.13594 0.944773 0.831134 1.0645
1.03877 0.785797 1.1831 0.962566 0.855779 1.04753
1.03192 0.827327 1.17487 0.943904 0.854992 1.0578
1.03601 0.831289 1.20799 0.944052 0.898116 1.03816
1.02508 0.868858 1.16663 0.945787 0.897938 1.03855
1.0055 0.898358 1.12645 0.946654 0.89785 1.03874
1.01788 0.91563 1.13403 0.947088 0.897805 1.03884
1.03539 0.903036 1.1216 0.925242 0.854205 1.06807
1.01368 0.937998 1.08664 0.947522 0.897761 1.03894
1.01255 0.951566 1.07228 0.967869 0.948435 1.02366
1.01199 0.95835 1.06511 0.960315 0.965765 1.02027
0.985847 0.958858 1.04367 0.950012 0.986987 1.0089
1.01143 0.965134 1.05793 0.971435 1.03705 0.995567
1.02021 0.949791 1.08741 0.952977 1.06594 1.00209
1.03701 0.971409 1.07219 0.953794 1.06588 1.00232
1.0122 1.01037 1.03935 0.954202 1.06586 1.00244
0.990162 1.00742 1.00815 0.954406 1.06585 1.0025
1.00242 1.01179 1.02494 0.954509 1.06584 1.00253
1.00855 1.01398 1.03333 0.95456 1.06583 1.00255
1.01162 1.01507 1.03752 0.954585 1.06583 1.00255
1.01315 1.01561 1.03962 0.954598 1.06583 1.00256
1.01391 1.01589 1.04067 0.929561 1.02555 1.03534
1.00271 0.971187 1.05234 0.954611 1.06583 1.00256
1.01468 1.01616 1.04172 0.984045 1.11163 0.987213
0.992252 1.05899 1.00898 0.992898 1.08413 0.998196
0.973949 1.05063 0.99461 1.02488 1.10548 0.991244
0.959689 1.06871 0.968877 1.00175 1.05662 1.00918
0.955646 1.04226 0.98024 0.981843 0.98329 1.05058
end
gesture a16 hands 2
1.03166 0.806001 1.18903 0.958697 0.808769 1.20956
1.0495 0.826333 1.19363 0.973953 0.784133 1.21707
1.06011 0.799616 1.19593 0.976177 0.800326 1.21202
1.06734 0.846665 1.19824 0.973533 0.805286 1.15502
1.07393 0.90132 1.18462 0.986657 0.844746 1.11617
1.05316 0.940924 1.14617 0.998009 0.89278 1.09127
1.05283 0.96324 1.14149 0.965365 0.929103 1.09033
1.02175 0.96081 1.10253 0.969282 0.915038 1.0809
1.01906 0.975963 1.11458 0.959236 0.896963 1.11908
1.0525 0.985555 1.13681 0.973199 0.900974 1.07148
1.01636 0.991115 1.12662 0.983103 0.955258 1.05722
0.993028 1.02638 1.09041 0.967377 0.984743 1.03081
0.960311 1.03102 1.04346 0.947025 0.98985 1.02258
0.969393 1.03401 1.03173 0.925298 0.977924 1.06875
0.973934 1.03551 1.02587 0.926673 0.994956 1.01434
0.980405 1.01055 1.06886 0.945242 1.04081 0.990606
0.978475 1.037 1.02 0.938546 1.04011 0.97968
0.953666 1.07337 0.982123 0.931456 1.0337 0.97551
0.945863 1.06122 0.954553 0.927911 1.0305 0.973426
0.95834 1.07005 0.953914 0.920705 1.00352 1.01992
0.964579 1.07447 0.953594 0.924366 1.0273 0.971341
0.967698 1.07667 0.953434 0.94993 1.07337 0.946558
0.969258 1.07778 0.953354 0.961378 1.06426 0.944627
0.980393 1.03285 0.986438 0.967101 1.05971 0.943661
0.970818 1.07888 0.953274 0.969963 1.05743 0.943178
0.951537 1.11667 0.9148 0.985397 1.10796 0.92159
0.945071 1.08398 0.91638 0.972825 1.05515 0.942695
0.920391 1.09868 0.893163 0.970223 1.00534 0.971465
0.938605 1.05129 0.91796 0.971487 0.946744 0.975621
0.961377 1.00595 0.946608 0.990464 0.893567 0.977866
0.983053 0.959881 0.975747 0.96847 0.862066 1.02284
0.996558 0.909175 1.00205 0.948234 0.829325 1.06613
1.00252 0.852369 1.01272 0.937608 0.822484 1.09319
end
gesture a16 hands 2
0.977699 0.833104 1.08386 0.931391 0.786859 1.17539
0.980801 0.822036 1.09336 0.927494 0.776335 1.14805
0.996125 0.837098 1.13721 0.93469 0.808315 1.10149
0.990014 0.824032 1.12004 0.944055 0.8553 1.07051
1.00534 0.839094 1.16388 0.929725 0.892578 1.06818
0.99462 0.825031 1.13338 0.910442 0.887282 1.0811
1.00994 0.840093 1.17722 0.909849 0.900279 1.12094
0.996923 0.82553 1.14005 0.909052 0.915381 1.09578
1.01225 0.840592 1.18389 0.891159 0.881987 1.09403
1.0134 0.840841 1.18723 0.908255 0.930484 1.07062
0.983903 0.810967 1.10287 0.911205 0.935354 1.07364
1.01455 0.841091 1.19056 0.91268 0.937788 1.07516
1.0124 0.896626 1.19552 0.927964 0.975628 1.04877
0.994915 0.935537 1.16067 0.914155 0.940223 1.07667
0.998298 0.960472 1.15267 0.912888 0.945707 1.0767
0.979052 0.959953 1.11089 0.925177 0.979536 1.03568
1.00168 0.985407 1.14467 0.931486 0.981655 1.03091
1.00478 0.979472 1.10034 0.93464 0.982715 1.02852
0.979776 1.01785 1.06589 0.936217 0.983244 1.02732
0.991796 1.02317 1.06155 0.937006 0.983509 1.02673
0.958735 1.0345 1.01899 0.947244 1.03231 1.02094
0.975865 1.04798 1.01531 0.937794 0.983774 1.02613
0.98443 1.05472 1.01346 0.928093 0.990364 1.03315
0.988713 1.05808 1.01254 0.948416 1.0307 0.998707
1.00382 1.0285 1.0572 0.976805 1.06985 0.970512
0.992995 1.06145 1.01162 0.993007 1.0579 0.961076
0.968968 1.09982 0.980003 0.993697 1.03131 0.972844
0.949625 1.10057 0.945854 1.00921 1.04595 0.95164
0.970408 1.05286 0.966192 1.01059 0.992776 0.975175
0.991338 1.00476 0.993908 1.01288 0.941843 1.00487
1.02392 0.955889 0.988726 1.02129 0.892882 1.0356
1.03671 0.902773 1.00013 1.01082 0.848783 1.07313
1.04251 0.855142 1.03348 0.997925 0.823721 1.08314
end
gesture a16 hands 2
1.03207 0.859913 1.0825 0.961324 0.860367 1.10594
1.0382 0.877902 1.05968 0.988661 0.872189 1.10787
1.0178 0.918719 1.0247 0.997598 0.905266 1.061
1.00222 0.969694 1.00243 1.00686 0.95131 1.02634
0.974786 1.01752 0.991439 1.00854 0.991405 0.983255
0.976057 1.05869 0.995924 1.00799 1.03903 0.955045
0.980983 1.0564 1.02743 1.0043 1.09214 0.937109
0.977328 1.09987 1.00041 1.00783 1.0802 0.978284
0.951607 1.1114 0.965742 1.00595 1.04511 0.97105
0.938746 1.11717 0.948409 1.00866 1.05669 0.995255
0.957717 1.07854 0.950391 0.985183 1.04118 0.98841
0.925885 1.12294 0.931075 0.998276 1.05472 1.00393
0.895222 1.11371 0.944595 0.9748 1.03921 0.99709
0.900146 1.08925 0.958645 0.993085 1.05374 1.00828
0.919213 1.04894 0.995942 0.969608 1.03822 1.00143
0.912141 1.05686 0.984319 0.990489 1.05325 1.01044
0.931208 1.01655 1.02162 0.967012 1.03773 1.0036
0.918139 1.04067 0.997156 0.989191 1.053 1.01153
0.937206 1.00036 1.03445 0.965714 1.03749 1.00468
0.921138 1.03257 1.00357 0.988542 1.05288 1.01207
0.940205 0.992259 1.04087 0.965065 1.03736 1.00523
0.922637 1.02852 1.00678 0.988217 1.05282 1.01234
0.941705 0.98821 1.04408 0.964741 1.0373 1.0055
0.923387 1.0265 1.00839 0.988055 1.05279 1.01248
0.942454 0.986186 1.04569 0.964578 1.03727 1.00563
0.923762 1.02549 1.00919 0.987974 1.05277 1.01255
0.942829 0.985174 1.04649 0.964497 1.03726 1.0057
0.923949 1.02498 1.00959 1.01137 1.06827 1.01946
0.943017 0.984668 1.04689 0.964416 1.03724 1.00577
0.905069 1.06479 0.972696 0.944289 0.991575 1.02364
0.943204 0.984162 1.04729 0.928622 0.944432 1.05514
0.955697 0.941691 1.08721 0.91194 0.909229 1.0978
0.979805 0.891674 1.10123 0.929745 0.887362 1.107
end
gesture a16 hands 2
1.02473 0.846648 1.12451 0.989325 0.838513 1.1446
1.02334 0.854194 1.09583 0.962647 0.826979 1.15133
0.997222 0.86615 1.04475 0.94683 0.830175 1.14601
0.981398 0.915317 1.02464 0.958702 0.856944 1.09472
0.961083 0.968199 1.01219 0.981315 0.854305 1.08785
0.959315 0.993335 1.03152 0.994987 0.91036 1.07679
0.957187 0.961204 1.06177 0.989436 0.952082 1.03653
0.957547 1.01847 1.05085 0.993086 0.976556 1.02473
0.946549 1.05204 1.0097 0.990051 1.05276 0.98681
0.918245 1.08405 0.973654 0.983441 1.0435 1.01365
0.913528 1.08483 0.979404 0.996737 1.00103 1.01293
0.904694 1.11059 0.969096 0.97683 1.03425 1.04049
0.911169 1.08521 0.98228 0.966866 1.07048 1.00379
0.903515 1.11079 0.970534 0.967172 1.10561 0.958641
0.90999 1.08541 0.983717 0.97033 1.10317 0.949742
0.902926 1.11088 0.971253 0.971909 1.10195 0.945293
0.909401 1.0855 0.984436 0.974871 1.15781 0.933951
0.902631 1.11093 0.971612 0.97418 1.12927 0.937397
0.909106 1.08555 0.984796 0.969888 1.08517 0.973646
0.902483 1.11096 0.971792 0.971688 1.09295 0.957245
0.908958 1.08558 0.984975 0.967397 1.04884 0.993493
0.90241 1.11097 0.971882 0.970443 1.07479 0.967168
0.908885 1.08559 0.985065 0.966152 1.03068 1.00342
0.908848 1.08559 0.98511 0.96982 1.06571 0.97213
0.895861 1.13636 0.958788 0.965529 1.0216 1.00838
0.908811 1.0856 0.985155 0.969508 1.06117 0.974611
0.941993 1.07687 1.02437 0.965217 1.01706 1.01086
0.976558 1.04711 1.00451 0.965062 1.01479 1.0121
0.964362 1.00078 0.972047 0.973488 1.10073 0.940844
0.985983 0.950915 0.995535 0.964906 1.01252 1.01334
1.01746 0.911342 1.02547 0.959029 0.961405 1.04121
1.04762 0.87917 1.06511 0.968909 0.90619 1.06093
1.05651 0.860979 1.08723 0.947222 0.855713 1.08123
end
gesture a16 hands 2
1.02683 0.824176 1.10294 0.921486 0.833837 1.09404
1.02008 0.834522 1.07568 0.919911 0.81511 1.11735
0.993441 0.850272 1.02735 0.935177 0.809952 1.11538
0.975224 0.900965 1.01068 0.965299 0.815423 1.07637
0.954166 0.950577 1.00166 0.983253 0.863439 1.0546
0.935786 0.977523 1.03483 0.984504 0.92119 1.05158
0.943196 1.03247 1.04787 0.97015 0.959975 1.0104
0.928061 1.04637 0.99502 0.971374 0.974314 1.00745
0.899114 1.08851 0.972939 0.97703 1.00778 0.982876
0.889832 1.11637 0.969038 0.972598 0.988653 1.0045
0.899974 1.09172 0.981673 0.977268 1.02497 0.997502
0.890262 1.11797 0.973405 0.98391 1.05558 0.955352
0.900403 1.09333 0.98604 0.981938 1.0613 0.990506
0.890477 1.11878 0.975589 0.975046 1.01733 0.998595
0.900618 1.09413 0.988223 0.972955 1.03462 0.986093
0.890585 1.11918 0.97668 0.979965 1.06701 1.02566
0.900726 1.09453 0.989315 0.978406 1.08116 0.982062
0.890638 1.11938 0.977226 0.970863 1.0519 0.973591
0.900779 1.09473 0.989861 0.976848 1.09531 0.938464
0.890665 1.11948 0.977499 0.990534 1.09382 0.939111
0.900806 1.09483 0.990134 0.997377 1.09308 0.939435
0.890679 1.11953 0.977636 1.0008 1.0927 0.939597
0.90082 1.09488 0.99027 1.00251 1.09252 0.939678
0.880551 1.14423 0.965137 1.00336 1.09242 0.939719
0.900833 1.09493 0.990407 1.00379 1.09238 0.939739
0.944127 1.08649 1.0236 0.997759 1.14585 0.920959
0.981105 1.04487 1.01628 1.00422 1.09233 0.939759
0.999908 0.991642 1.02532 0.996273 1.04929 0.980427
1.03716 0.924452 1.06268 0.978205 1.01383 1.01976
1.05655 0.910048 1.08528 0.962337 0.9733 1.05795
1.04942 0.869578 1.07756 0.958953 0.922538 1.08872
1.07441 0.857262 1.10003 0.973941 0.866081 1.09698
1.04228 0.829108 1.06983 0.956319 0.817571 1.12445
end
gesture a16 hands 2
1.01563 0.802492 1.14423 0.892288 0.783622 1.14317
1.03925 0.811711 1.12863 0.9192 0.795219 1.13731
1.02117 0.83751 1.12948 0.944613 0.84131 1.11269
0.989919 0.866619 1.09036 0.954052 0.912655 1.06693
0.965615 0.899062 1.04851 0.95729 0.932188 1.04493
0.944418 1.00508 1.00624 0.963491 0.984001 1.02117
0.937535 1.05358 0.976018 0.9612 1.0107 1.00936
0.917409 1.09838 0.946426 0.984151 1.05608 0.985256
0.921628 1.09679 0.936863 0.98693 1.0588 0.979623
0.932257 1.07959 0.953372 0.98832 1.06015 0.976807
0.951577 1.03564 0.987063 0.958909 1.0374 0.997555
0.947232 1.04902 0.978472 0.989709 1.06151 0.97399
0.966552 1.00506 1.01216 1.00511 1.07357 0.962208
0.954719 1.03373 0.991022 1.01281 1.07959 0.956316
0.974039 0.989777 1.02471 1.01666 1.08261 0.953371
0.958462 1.02609 0.997296 1.01858 1.08411 0.951898
0.977782 0.982133 1.03099 1.00481 1.12816 0.949342
0.960334 1.02227 1.00043 1.02051 1.08562 0.950425
0.979654 0.978311 1.03412 1.01037 1.04312 0.985451
0.96127 1.02036 1.002 1.02112 1.05802 0.97496
0.98059 0.9764 1.03569 1.04375 1.0772 0.985474
0.961738 1.0194 1.00279 1.03188 1.07292 0.964469
0.981058 0.975444 1.03648 1.02594 1.07078 0.953966
0.961972 1.01892 1.00318 1.02297 1.06971 0.948715
0.981292 0.974967 1.03687 1.02148 1.06918 0.94609
0.962089 1.01868 1.00337 1.02074 1.06891 0.944777
0.981409 0.974728 1.03706 1.02037 1.06877 0.94412
0.942886 1.0624 0.969882 1.04527 1.12081 0.950172
0.981526 0.974489 1.03726 1.02 1.06864 0.943464
1.0017 0.931775 1.07407 1.00095 1.02179 0.970066
1.01918 0.888614 1.10981 0.980533 0.982782 1.00537
1.0374 0.839459 1.13785 0.962584 0.942455 1.04175
1.04145 0.813188 1.15171 0.948633 0.898852 1.07703
end
gesture a16 hands 2
1.03788 0.775675 1.15162 0.906231 0.772571 1.11518
1.02351 0.791649 1.13079 0.881012 0.770193 1.09971
0.997963 0.812588 1.08422 0.900586 0.796283 1.05257
0.9869 0.858681 1.05034 0.908684 0.845554 1.02395
0.97697 0.906265 1.03015 0.917842 0.897119 1.00769
0.956248 0.951998 1.00306 0.934429 0.950788 0.991432
0.938726 1.00371 0.98609 0.952206 1.00557 0.982455
0.935527 0.997731 0.975963 0.987083 1.048 0.964643
0.927753 1.05062 0.951876 1.01498 1.09729 0.950721
0.909322 1.09767 0.9214 1.02381 1.09461 0.965314
0.896721 1.1512 0.935246 1.00737 1.05492 1.00362
0.912767 1.12174 0.975765 1.01693 1.05705 0.989767
0.932819 1.075 1.00057 1.02771 1.10801 1.00092
0.944829 1.05315 1.01626 1.0271 1.0836 0.988417
0.974629 0.988878 1.06339 1.00838 1.03908 1.01904
0.965734 1.01008 1.04767 1.01743 1.04913 0.997477
0.995535 0.945815 1.09479 0.998711 1.00461 1.0281
0.976187 0.988553 1.06337 1.0126 1.0319 1.00201
1.00599 0.924284 1.1105 0.993877 0.987381 1.03263
0.981413 0.977787 1.07122 1.01018 1.02328 1.00427
1.01121 0.913518 1.11835 0.991461 0.978764 1.03489
0.984026 0.972404 1.07515 1.00898 1.01897 1.0054
1.01383 0.908135 1.12227 0.990252 0.974456 1.03603
0.985333 0.969712 1.07711 1.00837 1.01682 1.00597
1.01513 0.905443 1.12424 0.989648 0.972302 1.03659
0.985986 0.968367 1.07809 1.00807 1.01574 1.00625
1.01579 0.904098 1.12522 0.989346 0.971225 1.03688
0.986313 0.967694 1.07858 1.00792 1.0152 1.0064
1.01611 0.903425 1.12571 0.989195 0.970687 1.03702
0.986476 0.967357 1.07883 1.02649 1.05918 0.975914
1.01628 0.903088 1.12595 0.989044 0.970148 1.03716
0.956839 1.03129 1.03195 0.972043 0.938494 1.0807
1.01644 0.902752 1.1262 0.957462 0.902317 1.12326
end
gesture a16 hands 2
1.04391 0.7997 1.18422 0.938709 0.808678 1.15693
1.02687 0.810806 1.16273 0.919434 0.81018 1.13448
0.986599 0.825344 1.12208 0.909019 0.828222 1.08114
0.981077 0.839809 1.09707 0.923975 0.860759 1.03675
0.97104 0.891548 1.07052 0.935786 0.908763 1.01197
0.973297 0.872911 1.07129 0.952371 0.959264 0.994177
0.963261 0.92465 1.04473 0.95189 1.01561 0.978944
0.969408 0.889462 1.05839 0.97327 1.06518 0.964696
0.959371 0.941201 1.03184 0.996487 1.1137 0.943261
0.967463 0.897738 1.05195 0.995992 1.11792 0.948513
0.957426 0.949476 1.0254 0.999675 1.11939 0.956581
0.96649 0.901875 1.04872 1.01908 1.12282 0.937567
0.956453 0.953614 1.02217 1.02233 1.169 0.937814
0.966004 0.903944 1.04711 1.03041 1.14762 0.928183
0.955967 0.955683 1.02056 1.02417 1.12218 0.940637
0.955724 0.956718 1.01976 1.03133 1.12421 0.929595
0.975555 0.854274 1.07205 1.02508 1.09877 0.942048
0.955481 0.957752 1.01895 1.03179 1.1125 0.9303
0.940742 1.00387 0.994261 1.02554 1.08706 0.942753
0.925391 1.05384 0.965791 1.03849 1.12624 0.918553
0.93392 1.05731 0.962904 1.026 1.07536 0.943459
0.918383 1.11137 0.947932 1.00558 1.03356 0.977514
0.92446 1.11283 0.942694 0.990386 1.00155 1.02205
0.942449 1.06077 0.960018 0.97762 0.966434 1.06355
0.930537 1.11429 0.937455 0.966487 0.91757 1.09374
0.911374 1.16889 0.930073 0.963081 0.86015 1.07964
0.918625 1.1678 0.914893 0.957999 0.835871 1.08906
0.946468 1.12333 0.938824 0.950049 0.810134 1.07361
0.968987 1.072 0.956999 0.952918 0.811593 1.09848
1.00732 0.967332 0.994508 0.954352 0.812322 1.11092
1.03452 0.881217 1.06622 0.95507 0.812687 1.11714
1.03603 0.843295 1.11037 0.931831 0.795806 1.12711
1.03939 0.802336 1.15133 0.955787 0.813052 1.12336
end
gesture a16 hands 2
1.11439 0.737082 1.23846 0.966488 0.774048 1.20807
1.13026 0.742299 1.21385 0.955423 0.775648 1.18036
1.10904 0.748961 1.21111 0.967322 0.794531 1.17855
1.10353 0.78286 1.16549 0.963569 0.79186 1.1759
1.08328 0.828989 1.13781 0.970337 0.797939 1.12026
1.06563 0.877133 1.11407 0.959815 0.789188 1.17325
1.0437 0.915996 1.08426 0.967589 0.797246 1.22863
1.02875 0.926698 1.0844 0.965472 0.835834 1.23099
1.0203 0.878798 1.07591 0.969319 0.871442 1.18886
1.01381 0.9374 1.08455 0.976826 0.915447 1.15444
1.0032 0.995329 1.07502 0.990087 0.952907 1.11363
0.991886 1.04536 1.05281 0.987476 0.953945 1.11397
0.970161 1.06931 1.00626 0.989708 0.910828 1.11345
0.965476 1.0513 1.00155 0.984866 0.954982 1.11431
0.962772 1.02144 0.987558 0.987679 0.993446 1.06971
0.960791 1.03329 0.996849 0.984228 1.01677 1.00995
0.9598 1.03921 1.00149 0.984371 1.06538 0.981248
0.959305 1.04217 1.00382 0.980777 1.0401 0.950195
0.978515 0.993089 1.02252 0.95921 1.04067 0.945498
0.95881 1.04513 1.00614 0.948426 1.04096 0.943149
0.934796 1.0895 0.978481 0.951949 0.992015 0.962521
0.910766 1.08598 0.938841 0.937643 1.04125 0.9408
0.905837 1.11714 0.934921 0.939078 1.0842 0.901221
0.886736 1.08247 0.899201 0.944399 1.10189 0.865726
0.889671 1.02677 0.906522 0.935542 1.13279 0.868687
0.897184 1.0173 0.934921 0.942631 1.12618 0.849459
0.882667 0.995597 0.953448 0.946534 1.10058 0.860474
0.904698 1.00784 0.96332 0.948127 1.11008 0.845353
0.915713 1.01396 0.968255 0.952029 1.08448 0.856367
0.879144 1.05243 0.966652 0.949721 1.11958 0.830231
0.926728 1.02008 0.973191 0.957525 1.06838 0.852261
0.963142 0.977136 0.986069 0.958918 1.03339 0.894816
0.978642 0.958344 1.00015 0.958766 1.01751 0.919357
end
gesture a16 hands 2
1.10876 0.752661 1.18385 0.915394 0.781363 1.22703
1.0969 0.757061 1.17318 0.914799 0.784212 1.19828
1.11108 0.751851 1.21369 0.914951 0.781965 1.13956
1.08505 0.761461 1.16251 0.918513 0.798399 1.08402
1.06445 0.791086 1.11653 0.914107 0.830997 1.03641
1.04628 0.831523 1.08013 0.911823 0.812205 1.0886
1.00214 0.882694 1.04263 0.917598 0.832153 1.14281
0.99707 0.925314 1.03688 0.907199 0.868694 1.12204
0.957995 0.933865 1.00514 0.914208 0.908822 1.0844
0.947734 0.923295 1.02391 0.92499 0.953483 1.05674
0.946087 0.952208 1.02779 0.953974 0.972996 1.01933
0.937474 0.912724 1.04268 0.968398 0.997448 1.02823
0.934178 0.97055 1.05045 0.980546 0.964931 1.04971
0.930563 1.02715 1.03752 0.982822 1.0219 1.03714
0.929336 1.04364 0.99997 0.985123 1.06752 1.00413
0.92856 1.07658 1.00951 0.99216 1.07392 0.981219
0.937606 1.04541 0.999688 0.984726 1.10791 0.965589
0.92811 1.06012 0.96242 0.999198 1.08033 0.958308
0.943339 1.04737 0.987744 1.00643 1.06653 0.954667
0.946651 1.01424 0.989865 1.01005 1.05964 0.952846
0.958568 1.03462 1.01307 1.00916 1.10198 0.921325
0.964526 1.0448 1.02467 1.01142 1.07736 0.936176
0.967506 1.0499 1.03047 1.00689 1.03856 0.975988
0.968995 1.05244 1.03337 1.01028 1.04565 0.963507
0.96974 1.05372 1.03482 1.00575 1.00684 1.00332
0.970113 1.05435 1.03554 1.00971 1.02979 0.977172
0.970299 1.05467 1.03591 1.00518 0.990986 1.01698
0.973718 0.998308 1.03396 1.00942 1.02186 0.984005
0.970485 1.05499 1.03627 1.00489 0.983058 1.02382
0.947832 1.08679 0.9982 1.00475 0.979094 1.02723
0.947654 1.04154 0.968828 1.01367 1.05274 0.951026
0.964628 0.987441 0.981622 1.00461 0.97513 1.03065
0.981805 0.948537 1.01515 0.989456 0.935537 1.06984
end
gesture a16 hands 2
1.0977 0.763891 1.25966 0.941231 0.796688 1.25075
1.08801 0.776467 1.23495 0.918205 0.790751 1.23295
1.06572 0.808465 1.1933 0.913538 0.786913 1.17759
1.04494 0.847617 1.15764 0.946608 0.814133 1.13892
1.02366 0.879324 1.11617 0.984427 0.844999 1.10859
1.00829 0.923984 1.08656 1.00424 0.891056 1.08092
1.01858 0.981534 1.08218 1.01204 0.942283 1.06075
0.985021 1.02661 1.0736 1.00867 0.985972 1.02499
0.975273 1.08116 1.0563 1.00242 0.996216 0.968882
0.959435 1.11039 1.01307 0.986374 0.979891 1.00591
0.935534 1.09001 0.964207 0.959517 1.01079 1.02947
0.935106 1.05371 1.00039 0.983413 1.06145 1.01471
0.940991 0.990091 1.00978 0.98683 1.1094 0.984411
0.937835 1.00375 1.02318 0.974115 1.12266 0.933583
0.935981 1.03148 1.01296 0.966633 1.08456 0.893686
0.93533 1.02444 1.02477 0.969883 1.03987 0.927195
0.933476 1.05217 1.01455 0.976621 1.00609 0.972541
0.934078 1.03479 1.02556 0.977438 0.991436 0.99732
0.932224 1.06251 1.01534 0.96893 0.952839 1.03793
0.933451 1.03996 1.02596 0.973593 0.96481 1.03001
0.931597 1.06769 1.01574 0.965085 0.926214 1.07062
0.933138 1.04255 1.02616 0.97167 0.951498 1.04636
0.931284 1.07027 1.01594 0.963163 0.912902 1.08696
0.931128 1.07157 1.01604 0.970709 0.944841 1.05453
0.934679 1.01741 1.03658 0.962201 0.906245 1.09514
0.930971 1.07286 1.01614 0.970228 0.941513 1.05862
0.922943 1.09203 0.965785 0.961721 0.902917 1.09922
0.919532 1.05784 0.919734 0.96148 0.901253 1.10127
0.934808 1.00237 0.922993 0.978255 0.976781 1.0221
0.959048 0.963155 0.955405 0.96124 0.899589 1.10331
0.981663 0.933931 0.995754 0.929996 0.854733 1.12466
1.00326 0.899746 1.03724 0.885391 0.821205 1.1181
1.00468 0.853071 1.06685 0.886645 0.81203 1.08957
end
gesture a16 hands 2
0.945769 0.939487 1.08627 0.959196 0.895455 1.10988
0.962761 0.946447 1.05926 0.987762 0.902917 1.10492
0.975378 0.936879 1.08446 0.999857 0.933329 1.13823
0.979643 0.948015 1.07531 1.00475 0.936041 1.16726
0.979752 0.953408 1.03226 1.01447 0.944323 1.14094
0.989694 0.970632 1.03966 1.01205 0.941538 1.16862
0.983907 0.959152 1.06616 1.02177 0.949821 1.1423
0.986011 0.969051 1.06951 1.01571 0.944286 1.1693
0.999636 0.987857 1.04707 1.02543 0.952569 1.14298
0.988115 0.978951 1.07285 1.01753 0.945661 1.16964
0.988063 0.964895 1.10006 1.02725 0.953944 1.14332
0.976594 0.970044 1.09864 1.01845 0.946348 1.16981
0.97086 0.972619 1.09792 1.02817 0.954631 1.14349
0.967993 0.973906 1.09756 1.0189 0.946691 1.1699
0.966559 0.97455 1.09739 1.02862 0.954974 1.14358
0.965842 0.974871 1.0973 1.02885 0.955146 1.14362
0.965483 0.975032 1.09725 1.00964 0.938752 1.1963
0.965304 0.975113 1.09723 1.02908 0.955318 1.14366
0.96226 0.9525 1.14991 1.04172 0.987416 1.09659
0.965125 0.975193 1.09721 1.01818 0.989419 1.07114
0.971663 0.993263 1.04243 0.980223 0.965316 1.04759
0.974932 1.0023 1.01504 0.970226 0.979357 0.996905
0.971341 0.997622 0.984472 0.967421 1.01326 0.950884
0.974771 1.00448 0.986059 0.950062 0.970665 0.978572
0.970508 0.991412 1.01173 0.946242 0.961553 1.03228
0.970091 0.988307 1.02536 0.929861 0.950181 1.03891
0.9782 1.01133 0.987647 0.937468 0.962088 1.08797
0.969675 0.985202 1.03899 0.91348 0.93881 1.04555
0.965671 0.97071 1.03622 0.907553 0.956357 0.991874
0.963668 0.963464 1.03483 0.924545 0.962455 0.961653
0.962667 0.959841 1.03413 0.916029 0.984927 0.943018
0.951741 0.9609 1.0889 0.941536 0.968553 0.931433
0.961666 0.956218 1.03344 0.947869 0.955225 0.955934
end
gesture a16 hands 2
1.01782 0.961042 1.10622 1.02697 0.948164 1.07757
0.994273 0.954506 1.08896 1.01246 0.946991 1.08722
0.958368 0.951066 1.04629 1.03147 0.959105 1.05053
0.964619 0.967713 1.06899 0.997959 0.945818 1.09688
0.94956 0.955716 1.04666 0.965667 0.915721 1.09211
0.969536 0.967487 1.04185 0.970869 0.924744 1.03663
0.97087 0.98436 1.0917 0.979207 0.933082 1.04099
0.989513 0.979258 1.03705 0.983376 0.93725 1.04317
0.991495 0.98112 0.980168 0.990552 0.956161 0.989854
0.99893 0.988421 0.987526 0.987545 0.941419 1.04535
1.00265 0.992071 0.991205 0.980399 0.948236 1.10046
1.0035 1.00621 0.966651 0.967674 0.949337 1.07184
1.00451 0.993896 0.993044 0.958442 0.934755 1.09838
1.00443 1.00712 0.967571 0.95495 0.950438 1.04321
1.00544 0.994808 0.993964 0.962512 0.954193 1.01825
1.00489 1.00758 0.968031 0.962799 0.960826 1.02059
1.0059 0.995265 0.994424 0.960345 0.978047 0.994094
1.00513 1.00781 0.968261 0.963085 0.967458 1.02293
1.00614 0.995493 0.994654 0.964456 0.962164 1.03734
1.00435 1.02035 0.942097 0.965141 0.959517 1.04455
1.00637 0.995721 0.994884 0.970075 0.957949 0.99329
1.00317 0.983596 0.993688 0.965826 0.95687 1.05176
1.00157 0.977533 0.99309 0.943599 0.947666 1.06207
1.00077 0.974501 0.99279 0.932486 0.943064 1.06722
1.00037 0.972986 0.992641 0.92693 0.940763 1.0698
0.995402 0.977576 1.04952 0.924151 0.939613 1.07109
0.999973 0.97147 0.992491 0.953447 0.951383 1.10667
0.975005 0.970656 0.944704 0.921373 0.938462 1.07238
0.972126 0.989965 0.989817 0.9185 0.958743 1.01831
0.962581 0.968535 1.04321 0.922764 0.982549 0.968664
0.975626 0.967844 1.04448 0.950281 0.973981 0.957365
0.932664 0.971581 1.0483 0.960254 0.956863 1.01316
0.98867 0.967152 1.04575 0.970634 0.945406 1.0697
end
gesture a16 hands 2
0.993545 0.982036 1.08032 1.00846 0.948303 1.09579
0.966255 0.979914 1.06847 1.01634 0.95209 1.06769
0.953001 0.96244 1.01311 1.02929 0.970275 1.01354
0.963642 0.957534 1.03473 1.00448 0.953899 1.06491
0.95227 0.936573 1.00931 0.978214 0.954891 1.11687
0.977346 0.958744 1.01357 0.957497 0.942448 1.09254
0.974283 0.952629 1.05634 0.940151 0.937947 1.12559
1.00242 0.980915 1.01783 0.936781 0.930005 1.0682
1.00992 0.975954 0.959326 0.948857 0.952142 1.01824
1.01391 0.987878 0.969546 0.959543 0.956207 1.02155
1.01591 0.993839 0.974656 0.968216 0.972997 0.968705
1.0169 0.99682 0.977211 0.97023 0.960272 1.02486
1.01579 1.01198 0.922297 0.976306 0.967564 1.08174
1.0179 0.999801 0.979766 0.969266 0.958469 1.08389
1.01126 0.976174 1.03406 0.963895 0.964301 1.02905
1.00578 0.993038 1.02652 0.969261 0.986734 0.975256
1.0203 0.977749 0.972936 0.982849 0.972204 0.97323
1.00829 0.974355 0.96956 0.98656 0.969758 1.03051
0.975158 0.969462 1.01845 0.984151 0.973837 1.08794
0.983561 0.976251 1.02951 0.951143 0.952938 1.07393
0.987763 0.979646 1.03504 0.932627 0.964604 1.02302
0.989864 0.981344 1.0378 0.924048 0.989825 0.974213
0.990914 0.982192 1.03918 0.935311 0.991177 0.972576
0.99144 0.982617 1.03987 0.940942 0.991854 0.971758
0.93319 0.983738 1.04582 0.924447 1.01549 0.921068
0.961672 0.988697 1.0426 0.946574 0.99253 0.970939
0.991965 0.983041 1.04057 0.974339 0.976686 1.02015
0.99106 0.988348 1.03998 1.00769 0.973229 1.06917
0.961557 0.983868 1.04163 1.01452 0.976292 1.06245
0.975856 0.988762 1.04051 0.982206 0.964745 1.04419
0.946353 0.984282 1.04215 0.982119 0.977098 1.01369
0.990155 0.993655 1.03939 0.949892 0.953197 1.02594
0.931149 0.984696 1.04268 0.9508 0.946881 1.0551
end
gesture a16 hands 2
1.0196 0.804472 1.14599 0.903228 0.832014 1.12686
1.02637 0.81603 1.14214 0.906471 0.835304 1.11245
1.00837 0.818334 1.16964 0.896294 0.841648 1.15413
1.03313 0.827588 1.13828 0.905298 0.848155 1.12594
1.0415 0.87067 1.10298 0.909715 0.838595 1.09804
1.00639 0.888551 1.0585 0.914302 0.854662 1.09776
0.980949 0.92713 1.02668 0.916595 0.862696 1.09762
0.956778 0.974039 1.00802 0.917741 0.866713 1.09755
0.955743 0.996906 1.02262 0.922081 0.853104 1.04222
0.949147 1.03341 1.00873 0.922848 0.885731 1.07227
0.959324 1.04152 1.04209 0.918888 0.87073 1.09748
0.94644 1.05545 1.0235 0.923614 0.918357 1.10232
0.942552 1.06991 0.994847 0.937739 0.953224 1.05781
0.933556 1.06939 1.0049 0.944862 0.988532 1.04721
0.929059 1.06912 1.00993 0.953423 0.989653 1.01796
0.922347 1.09016 0.992418 0.951985 1.02384 1.03661
0.92681 1.06899 1.01245 0.958133 1.0483 1.02368
0.921222 1.09009 0.993675 0.945895 1.03351 1.04912
0.925685 1.06893 1.0137 0.964281 1.07276 1.01076
0.92066 1.09006 0.994304 0.989048 1.07244 0.992001
0.925123 1.06889 1.01433 1.00143 1.07228 0.982621
0.920379 1.09004 0.994618 0.988311 1.09379 0.961561
0.924842 1.06888 1.01465 1.01382 1.07211 0.973242
0.920239 1.09003 0.994775 1.02657 1.06128 0.979082
0.924702 1.06887 1.0148 1.03294 1.05586 0.982002
0.915635 1.11119 0.974905 1.03613 1.05315 0.983462
0.924561 1.06886 1.01496 1.03773 1.05179 0.984192
0.946935 1.03673 1.05702 1.03842 1.09441 0.946701
0.978385 1.01769 1.04451 1.03932 1.05044 0.984922
0.990585 1.00793 0.987091 1.02188 1.00744 1.02009
1.00742 0.955619 0.98724 0.992583 0.968544 1.0542
1.02739 0.914161 1.02415 0.973366 0.924139 1.08312
1.04402 0.880173 1.06863 0.954878 0.902841 1.07342
end
gesture a16 hands 2
1.04133 0.807389 1.18593 0.912658 0.840335 1.15596
1.02534 0.813209 1.16152 0.919671 0.848141 1.12819
1.01872 0.830227 1.10499 0.914901 0.832149 1.10764
0.996361 0.862246 1.06174 0.923851 0.866709 1.11484
0.973081 0.903729 1.03052 0.931971 0.849686 1.14418
0.982523 0.930758 1.05189 0.9328 0.901269 1.12204
0.957104 0.95876 1.02577 0.953075 0.945463 1.08942
0.991965 0.957786 1.07325 0.965339 0.978387 1.04395
0.995094 0.978862 1.08435 0.97335 0.989657 1.05679
0.973732 1.00475 1.03795 0.9692 0.996168 1.06059
0.971732 1.00907 1.05376 0.967125 0.999424 1.06249
0.970732 1.01122 1.06167 0.972882 1.00961 1.04368
0.998223 0.999937 1.09544 0.982358 1.02465 1.01172
0.969732 1.01338 1.06958 0.978638 1.01979 1.02488
0.955486 1.0201 1.05665 0.976779 1.01737 1.03146
0.948363 1.02346 1.05018 0.975849 1.01615 1.03475
0.944801 1.02514 1.04695 0.96505 1.00268 1.06439
0.943021 1.02598 1.04534 0.974919 1.01494 1.03803
0.955499 1.05172 1.00264 0.979854 1.02107 1.02486
0.94124 1.02682 1.04372 0.982321 1.02413 1.01827
0.957368 1.03309 1.04321 0.983554 1.02567 1.01497
0.965431 1.03623 1.04295 0.984171 1.02643 1.01333
0.9695 1.00721 1.08727 0.98448 1.02682 1.0125
0.973495 1.03936 1.04269 0.984634 1.02701 1.01209
0.964767 1.04848 0.984673 0.984711 1.0271 1.01189
0.959476 1.0212 0.976748 0.984749 1.02715 1.01178
0.941577 1.03943 0.934549 0.991366 1.05964 0.96665
0.947881 1.01668 0.951685 0.984788 1.0272 1.01168
0.965809 0.970922 1.00385 0.970197 0.99667 1.0592
0.959997 0.982424 0.986338 0.967846 0.992224 1.05447
0.977925 0.936669 1.03851 0.984277 0.967829 1.01375
0.954185 0.993925 0.968822 0.957614 0.916713 1.02772
0.990041 0.902415 1.07316 0.932252 0.876667 1.06298
end
gesture a16 hands 2
1.00037 0.829951 1.21919 0.907842 0.872802 1.1573
0.99914 0.834833 1.19 0.903624 0.859149 1.14112
1.00379 0.843046 1.13518 0.937091 0.868131 1.16023
1.00302 0.865808 1.08414 0.939322 0.871299 1.14625
0.985749 0.902148 1.04917 0.899406 0.845496 1.12494
0.966607 0.950785 1.02527 0.920479 0.859982 1.12861
0.968382 0.994331 1.03106 0.918279 0.887271 1.11853
0.969193 1.03508 1.0128 0.929915 0.880869 1.1254
0.980353 1.04574 1.04141 0.927715 0.908158 1.11532
0.970004 1.07583 0.99454 0.941552 0.874467 1.13227
0.949623 1.08444 0.974365 0.937151 0.929046 1.11212
0.951305 1.09748 0.943649 0.945879 0.965143 1.0686
0.929242 1.09305 0.954191 0.964213 1.00414 1.03022
0.936472 1.07594 0.977136 0.95953 1.00817 1.03242
0.953459 1.05403 0.970495 0.969612 1.03065 1.01787
0.94858 1.05643 0.985287 0.990601 1.05095 1.00796
0.965567 1.03453 0.978647 0.979694 1.05314 1.00332
0.954634 1.04668 0.989363 0.974241 1.05423 1.001
0.971621 1.02477 0.982723 0.971514 1.05478 0.999845
0.957661 1.0418 0.991401 0.97015 1.05506 0.999266
0.974648 1.0199 0.984761 0.969469 1.05519 0.998976
0.959175 1.03936 0.99242 0.969128 1.05526 0.998831
0.976161 1.01746 0.98578 0.968957 1.0553 0.998758
0.959931 1.03814 0.99293 0.968872 1.05531 0.998722
0.976918 1.01624 0.98629 0.954846 1.01219 1.03461
0.96031 1.03753 0.993185 0.968787 1.05533 0.998686
0.977297 1.01563 0.986544 0.984068 1.0856 0.950307
0.977486 1.01532 0.986672 0.999454 1.06511 0.938218
0.943701 1.05883 1.00008 1.00509 1.09165 0.896964
0.977675 1.01502 0.986799 1.01484 1.04463 0.926128
1.01057 0.967092 0.99895 0.994867 0.97558 0.998873
1.02854 0.922198 1.03085 0.979052 0.92798 1.05233
1.03418 0.879178 1.07043 0.974895 0.906536 1.07162
end
gesture a16 hands 2
1.04181 0.754303 1.16748 0.937485 0.795416 1.11153
1.02732 0.779768 1.16119 0.923364 0.80468 1.08704
1.0212 0.821075 1.12116 0.947467 0.820888 1.04444
1.01433 0.831349 1.09486 0.932582 0.81683 1.09876
0.998814 0.877164 1.06673 0.919275 0.851128 1.14279
1.00747 0.841623 1.06855 0.923165 0.889131 1.10474
0.981674 0.88194 1.044 0.940661 0.929897 1.07023
0.976429 0.933252 1.0123 0.946182 0.933496 1.07426
0.955878 0.922257 1.01946 0.956327 0.975242 1.04598
0.971527 0.943922 1.02904 0.951702 0.937095 1.07829
0.972591 0.931064 1.07153 0.943597 0.976426 1.0895
0.987176 0.965586 1.03862 0.958339 1.00247 1.04057
0.974554 1.01422 1.01449 0.981587 1.0484 1.01737
0.97549 1.00435 1.01913 1.00207 1.03666 0.998988
0.975958 0.99942 1.02146 0.972265 1.02472 1.03869
0.953099 1.02115 0.981155 0.968371 1.05135 0.99499
0.976426 0.994486 1.02378 0.990877 1.08806 0.960106
0.983556 0.999923 1.02417 1.0102 1.08819 0.950562
0.987121 1.00264 1.02436 1.01472 1.13614 0.942582
0.988904 1.004 1.02446 1.02212 1.11223 0.9418
0.989795 1.00468 1.02451 1.00086 1.06837 0.971706
1.00472 0.966182 1.0605 1.01519 1.07835 0.956362
0.990686 1.00536 1.02456 0.993936 1.03449 0.986268
0.97287 1.0559 1.00168 1.01173 1.06141 0.963642
0.961972 1.02375 0.988064 0.990472 1.01755 0.993549
0.980015 0.999745 1.0364 1.01 1.05294 0.967283
1.01004 0.995551 1.00165 0.98874 1.00908 0.99719
1.00201 1.0325 0.957448 1.00913 1.0487 0.969103
0.98017 1.03472 0.943599 0.987874 1.00485 0.99901
0.979037 1.07592 0.926063 1.02952 1.08832 0.941017
0.95833 1.03695 0.929749 0.987008 1.00061 1.00083
0.974206 0.996501 0.966723 0.964079 0.949379 1.01775
0.980192 0.979721 0.988386 0.948082 0.906947 1.05407
end
gesture a16 hands 2
1.03885 0.786786 1.29228 0.911208 0.814337 1.18536
1.02832 0.776647 1.26612 0.897947 0.811127 1.21203
1.01239 0.778366 1.20891 0.867702 0.801124 1.20136
0.999484 0.795113 1.15325 0.883484 0.807163 1.14463
0.983669 0.866143 1.06362 0.950235 0.8555 1.06719
0.975112 0.911485 1.03486 0.961421 0.852744 1.11255
0.963166 0.957266 1.00359 0.961128 0.839564 1.16948
0.95382 0.94612 1.00147 0.958456 0.865243 1.17261
0.971236 0.947501 1.05672 0.955313 0.857694 1.22059
0.982212 0.985471 1.01585 0.955783 0.890922 1.17574
0.974613 1.03293 0.98577 0.967305 0.924944 1.13669
0.973902 1.02667 0.977299 0.982259 0.968021 1.09916
0.983831 0.989303 1.0233 0.97219 0.925337 1.09471
0.97659 1.02337 0.979379 0.962015 0.967769 1.0639
0.96862 1.06831 0.948567 0.975657 1.00403 1.02439
0.985985 1.02942 0.950931 0.99359 1.04912 0.989884
0.99818 1.00066 1.00015 1.00053 1.03676 0.972815
0.981481 1.05384 0.93819 0.978637 1.00608 1.01474
0.978977 1.08558 0.925751 0.97774 1.0447 0.973562
0.974347 1.06965 0.912153 0.994443 1.08551 0.93751
0.964782 1.10702 0.876227 1.01431 1.09645 0.925645
0.96725 1.08037 0.887391 1.00354 1.04886 0.957739
0.974969 1.0474 0.929945 1.01363 1.06255 0.94002
0.972344 1.05056 0.91425 1.03418 1.10739 0.913781
0.980062 1.0176 0.956804 1.02372 1.07623 0.922301
0.97489 1.03566 0.927679 1.01848 1.06065 0.926561
0.982608 1.00269 0.970233 1.01587 1.05286 0.928691
0.976163 1.02821 0.934393 1.01263 1.01221 0.977968
0.983882 0.995244 0.976947 1.01325 1.04507 0.930821
0.984518 0.991518 0.980305 1.02354 1.04185 0.872831
0.969718 1.05372 0.898554 1.00174 0.990285 0.893321
0.985155 0.987793 0.983662 0.97963 0.951231 0.929167
1.00912 0.879116 1.07926 0.941997 0.893949 1.02134
end
gesture a16 hands 2
1.00905 0.799935 1.17357 0.894926 0.738687 1.22711
1.01151 0.815887 1.14849 0.90855 0.745801 1.20216
1.00286 0.844538 1.09906 0.937029 0.774814 1.1592
0.990492 0.848377 1.10267 0.949163 0.813235 1.11845
1.00186 0.859144 1.15667 0.963623 0.854125 1.08302
1.01901 0.904235 1.14093 0.976425 0.898607 1.05657
1.00306 0.980435 1.06985 0.992985 0.947854 1.0368
0.997593 0.962065 1.06308 0.982013 0.91406 1.08142
1.01975 0.972224 1.11434 0.963943 0.941505 1.1172
1.03369 0.998141 1.06959 0.972145 0.980583 1.07449
1.01948 1.03853 1.03097 0.987234 1.02657 1.04557
1.00649 1.03097 1.02839 0.984834 1.00679 1.06341
0.991816 1.06618 0.991093 1.00131 1.02349 1.04077
0.993506 1.02341 1.02581 0.982434 0.987019 1.08124
0.99413 1.02308 1.02647 0.970779 1.02182 1.03815
0.994443 1.02291 1.0268 0.984069 1.05404 0.995522
1.00364 1.00862 1.08105 0.989976 1.04993 0.988311
0.994755 1.02274 1.02714 0.992929 1.04787 0.984706
0.981033 1.06145 0.992398 1.00185 1.101 0.968694
0.970746 1.04893 0.970847 0.995883 1.04582 0.9811
0.956641 1.08588 0.9493 0.975092 1.01618 1.02252
0.960459 1.03642 0.949295 0.948306 1.03776 1.01081
0.962369 1.01169 0.949292 0.96437 1.06912 0.964466
0.963323 0.999325 0.949291 0.992665 1.07174 0.948251
0.963801 0.993142 0.94929 0.992194 1.10907 0.932451
0.95655 0.990111 1.00638 1.02096 1.07435 0.932036
0.964278 0.986959 0.949289 1.00663 1.02503 0.958482
0.967272 1.01097 0.895113 0.98823 0.986043 0.994431
0.978501 0.958992 0.909262 0.970895 0.948466 1.03396
0.990224 0.919276 0.951153 0.954202 0.904275 1.06739
1.002 0.856872 1.04998 0.926733 0.840137 1.05703
0.989968 0.817396 1.09179 0.913141 0.802271 1.04349
0.978814 0.798569 1.11219 0.899263 0.776 1.04667
end
gesture a16 hands 2
1.0786 0.717783 1.19795 0.961706 0.731418 1.21656
1.05876 0.739669 1.19452 0.960347 0.744762 1.18993
1.038 0.768679 1.15228 0.955791 0.769257 1.15159
1.02379 0.817796 1.12815 0.960974 0.80425 1.10665
0.985862 0.910731 1.07314 0.971286 0.858585 1.08936
0.975911 0.966558 1.05886 0.977577 0.915889 1.07713
0.978655 1.01336 1.02763 0.983537 0.969806 1.05322
0.956357 1.04554 1.00649 0.988751 1.00475 1.05014
0.957758 1.03153 0.978302 0.994963 1.01682 1.02097
0.934058 1.07772 0.985361 0.996062 1.05073 1.01578
0.932953 1.08233 0.989107 0.993965 1.03969 1.04705
0.9324 1.08464 0.99098 0.997161 1.08465 1.0106
0.945581 1.04698 1.03351 0.989672 1.08776 0.991749
0.931847 1.08695 0.992853 0.985928 1.08931 0.982323
0.919021 1.11663 0.94399 0.989349 1.11501 0.962329
0.929246 1.08508 0.941329 0.982184 1.09087 0.972898
0.923984 1.10346 0.916547 0.978601 1.07879 0.978182
0.931728 1.0785 0.927608 0.97681 1.07276 0.980824
0.944062 1.0393 0.967728 0.975915 1.06974 0.982145
0.941767 1.04642 0.953199 0.968805 1.09698 0.979931
0.954102 1.00722 0.993319 0.975467 1.06823 0.982805
0.946786 1.03038 0.965994 0.968581 1.09623 0.980261
0.959121 0.991183 1.00611 0.975243 1.06747 0.983136
0.949296 1.02236 0.972392 0.968469 1.09585 0.980426
0.961631 0.983163 1.01251 0.975131 1.0671 0.983301
0.950551 1.01835 0.975591 0.968413 1.09566 0.980509
0.962886 0.979153 1.01571 0.975075 1.06691 0.983383
0.951179 1.01634 0.97719 0.961696 1.12423 0.977717
0.963514 0.977148 1.01731 0.975019 1.06672 0.983466
0.951492 1.01534 0.97799 0.945978 1.01601 0.981076
0.963827 0.976146 1.01811 0.923655 0.966278 0.99772
0.939471 1.05353 0.938669 0.905926 0.922515 1.0309
0.964141 0.975143 1.01891 0.903046 0.903454 1.05301
end
gesture a16 hands 2
1.00391 0.798047 1.20169 0.886068 0.763987 1.25202
1.00394 0.79623 1.17184 0.901407 0.766605 1.22648
0.9773 0.791747 1.1199 0.918515 0.767231 1.16994
0.98954 0.795579 1.11094 0.903062 0.782661 1.14081
0.983865 0.839721 1.07524 0.912105 0.831525 1.10964
0.978064 0.89263 1.05385 0.912796 0.878153 1.07579
0.972364 0.950096 1.04436 0.920947 0.920926 1.03914
0.961954 0.995527 1.01201 0.937087 0.969896 1.017
0.945048 1.04187 0.983481 0.964057 1.0189 1.00469
0.935752 1.06914 0.986963 0.976852 1.0735 0.990103
0.950109 1.05419 1.00777 0.999748 1.11117 0.952212
0.938282 1.07531 0.999105 1.01042 1.11241 0.960056
0.952639 1.06036 1.01991 1.02407 1.16296 0.937909
0.953904 1.06344 1.02598 1.02108 1.11365 0.9679
0.926456 1.09642 0.990445 1.02768 1.13162 0.954647
0.955169 1.06652 1.03205 1.01956 1.1262 0.949908
0.979853 1.05697 1.01945 1.01398 1.07358 0.971972
0.974728 1.08104 1.00856 1.01271 1.09718 0.95857
0.970266 1.10087 0.985353 1.00713 1.04455 0.980634
0.969602 1.10511 0.997666 1.00928 1.08267 0.962901
0.96927 1.10724 1.00382 1.00371 1.03004 0.984965
0.969104 1.1083 1.0069 1.00757 1.07542 0.965066
0.969021 1.10883 1.00844 1.00199 1.02279 0.98713
0.968979 1.10909 1.00921 1.00671 1.07179 0.966149
0.968959 1.10923 1.0096 1.00114 1.01916 0.988213
0.968948 1.10929 1.00979 1.00628 1.06997 0.966691
0.95184 1.15493 0.979078 1.00071 1.01734 0.988755
0.968938 1.10936 1.00998 1.00607 1.06907 0.966961
0.984635 1.05852 1.02568 1.00049 1.01644 0.989025
0.993123 0.980325 1.02192 1.01143 1.12079 0.945168
1.0033 0.950399 0.988198 1.00028 1.01553 0.989296
1.00161 0.90213 1.01817 0.986255 0.963677 1.00958
1.0044 0.885954 1.04237 0.965867 0.91544 1.0335
end
gesture a16 hands 2
1.01906 0.845096 1.24525 0.911459 0.822459 1.0981
1.04202 0.841933 1.22705 0.941171 0.823359 1.09687
1.05513 0.841557 1.1711 0.963212 0.815578 1.13888
1.03336 0.840384 1.11767 0.94994 0.819384 1.14012
0.990246 0.846551 1.07967 0.980473 0.840079 1.09453
0.959921 0.86805 1.05276 0.988334 0.891002 1.06588
0.969553 0.922295 1.03568 0.982882 0.925756 1.0207
0.982879 0.946163 1.04346 0.981849 0.97313 0.988423
0.980116 0.970047 1.02744 0.979243 1.03008 0.977112
0.996204 0.970032 1.05124 0.983168 1.08783 0.968963
0.990678 1.0178 1.0192 0.998059 1.13274 0.934356
0.97742 1.06051 0.98073 0.995054 1.14198 0.9437
0.963888 1.11378 0.970307 1.00165 1.18516 0.907091
0.97003 1.12085 0.981586 1.01006 1.18553 0.910339
0.973102 1.12438 0.987226 0.992049 1.15121 0.953045
0.975883 1.09602 1.0255 1.01846 1.1859 0.913586
0.976173 1.12791 0.992865 1.01291 1.13002 0.921504
0.962456 1.15485 0.942938 1.02109 1.14676 0.8918
0.962286 1.15808 0.947114 1.01013 1.10208 0.925462
0.962202 1.1597 0.949202 1.0197 1.13279 0.893779
0.962159 1.16051 0.950246 1.00875 1.08812 0.927442
0.962138 1.16092 0.950768 1.019 1.12581 0.894769
0.947871 1.20472 0.916692 1.00805 1.08113 0.928431
0.962117 1.16132 0.95129 1.01866 1.12232 0.895264
0.976824 1.12865 0.995438 1.00771 1.07764 0.928926
0.996048 1.08909 1.02778 1.02926 1.1635 0.862096
1.00767 1.03729 1.01468 1.00736 1.07415 0.929421
0.997694 1.00927 0.967011 0.986456 1.01743 1.0247
0.95306 0.979935 0.954474 0.966525 0.969631 1.05136
0.928241 0.940837 0.988299 0.947972 0.930337 1.01458
0.935179 0.893348 1.01803 0.954415 0.879587 1.02031
0.972883 0.856472 1.04336 0.948897 0.84185 1.06524
0.997458 0.839431 1.04423 0.945367 0.825477 1.08942
end
gesture a16 hands 2
0.926555 0.841805 1.10505 0.91831 0.76798 1.15665
0.942343 0.855132 1.08751 0.933472 0.777395 1.13312
0.954026 0.83609 1.11489 0.968947 0.771862 1.10875
0.958131 0.86846 1.06997 0.97901 0.826658 1.09437
0.968666 0.889008 1.05667 0.974024 0.866799 1.05785
0.973934 0.899281 1.05003 0.969367 0.915685 1.03282
0.970837 0.895374 1.09224 0.958039 0.96934 1.02701
0.974163 0.914326 1.07432 0.960206 0.930493 1.07142
0.979202 0.909555 1.04338 0.957817 0.930393 1.07178
0.977488 0.933277 1.0564 0.952589 0.969962 1.03581
0.976631 0.945139 1.0629 0.956 1.02199 1.01605
0.976202 0.951069 1.06616 0.964244 1.00767 1.01222
0.975988 0.954035 1.06778 0.959199 0.977693 1.06
0.975881 0.955517 1.0686 0.965844 0.985526 1.0342
0.983544 0.922288 1.1145 0.960799 0.955545 1.08197
0.975774 0.957 1.06941 0.966644 0.974452 1.04519
0.96842 1.00595 1.04608 0.961599 0.944471 1.09296
0.96375 1.00557 1.047 0.967044 0.968915 1.05068
0.966848 0.987284 1.06922 0.961999 0.938934 1.09846
0.95908 1.00519 1.04793 0.967244 0.966147 1.05343
0.967333 0.97902 1.05646 0.962199 0.936166 1.1012
0.97146 0.965935 1.06072 0.967344 0.964762 1.0548
0.965276 0.968619 1.09236 0.962299 0.934781 1.10258
0.975586 0.95285 1.06499 0.967394 0.96407 1.05549
0.980741 0.944966 1.0513 0.962349 0.934089 1.10326
0.983319 0.941024 1.04445 0.967419 0.963724 1.05583
0.984607 0.939053 1.04103 0.962374 0.933743 1.10361
0.985252 0.938068 1.03932 0.967431 0.963551 1.056
0.978559 0.945371 1.09423 0.962386 0.93357 1.10378
0.985896 0.937082 1.03761 0.967438 0.963464 1.05609
0.979867 0.915767 1.02827 0.962393 0.933483 1.10386
0.981704 0.912103 0.996103 0.972489 0.993359 1.0084
0.973837 0.894452 1.01893 0.962399 0.933397 1.10395
end
gesture a16 hands 2
0.983373 0.842712 1.1057 0.968457 0.823203 1.25862
0.975049 0.836156 1.11618 0.96915 0.823905 1.24416
0.981163 0.847467 1.0894 0.966927 0.84204 1.1581
0.973944 0.838534 1.10803 0.969843 0.824607 1.2297
0.980058 0.849845 1.08124 0.967827 0.83892 1.17257
0.973392 0.839722 1.10395 0.96682 0.846077 1.14401
0.979506 0.851033 1.07717 0.965398 0.860878 1.05759
0.979229 0.851628 1.07513 0.965812 0.853234 1.11545
0.966725 0.8296 1.12666 0.969395 0.870716 1.17122
0.978953 0.852222 1.07309 0.950284 0.887336 1.11945
0.977721 0.891282 1.03462 0.949367 0.931202 1.08835
0.977642 0.914371 1.02088 0.951725 0.980214 1.06109
0.972118 0.944202 1.01304 0.980915 0.933526 1.07524
0.977563 0.937461 1.00715 0.984095 0.963645 1.08003
0.981749 0.960431 1.0267 0.971561 0.973203 1.02448
0.983841 0.971916 1.03647 0.965514 0.983427 0.986615
0.984141 0.943452 1.05379 0.962593 1.04579 0.942351
0.985934 0.983401 1.04625 0.96103 1.01972 0.945552
0.980976 1.02763 1.0169 0.965226 0.974291 1.01657
0.976895 1.0265 1.00618 0.962347 0.983971 0.982661
0.974854 1.02593 1.00083 0.966543 0.938541 1.05368
0.973834 1.02565 0.998148 0.963005 0.966097 1.00122
0.973324 1.02551 0.996808 0.967201 0.920667 1.07224
0.973069 1.02544 0.996139 0.963334 0.957159 1.01049
0.972942 1.02541 0.995804 0.96753 0.911729 1.08151
0.972878 1.02539 0.995636 0.963498 0.952691 1.01513
0.973404 1.07814 0.992964 0.967694 0.907261 1.08615
0.972814 1.02537 0.995469 0.963581 0.950456 1.01745
0.972001 0.997221 1.04349 0.967777 0.905026 1.08847
0.974184 0.970606 1.09428 0.963622 0.949339 1.01861
0.983531 0.917511 1.1065 0.967818 0.903909 1.08963
0.987174 0.878035 1.06265 0.959467 0.993652 0.948752
0.981198 0.836848 1.0684 0.967859 0.902792 1.09079
end
gesture a16 hands 2
0.959212 0.818429 1.11142 0.917698 0.823017 1.09036
0.958516 0.828436 1.10018 0.896428 0.832389 1.07186
0.955365 0.815921 1.14066 0.910521 0.854848 1.02079
0.95782 0.838443 1.08895 0.938174 0.834107 1.06641
0.956036 0.862828 1.07254 0.943301 0.827404 1.12223
0.955145 0.87502 1.06433 0.94517 0.847594 1.12513
0.946651 0.934858 1.03449 0.946561 0.842353 1.17619
0.954253 0.887213 1.05612 0.947039 0.867785 1.12804
0.963874 0.893907 1.11358 0.947505 0.902624 1.08868
0.983643 0.92002 1.09122 0.955191 0.95484 1.06881
0.980506 0.948189 1.0434 0.968039 0.9523 1.03481
0.974117 0.995437 1.02688 0.977375 0.953809 1.06367
0.959311 1.02385 0.985718 0.981287 0.919733 1.07783
0.96286 0.999631 0.997679 0.983999 0.937525 1.08519
0.982219 0.970093 1.04271 0.979164 0.945233 1.05806
0.974314 0.972753 1.02618 0.982937 0.950275 1.0753
0.993675 0.943215 1.0712 0.978102 0.957982 1.04817
0.980042 0.959313 1.04042 0.982406 0.95665 1.07036
0.999402 0.929775 1.08545 0.977571 0.964357 1.04323
0.982906 0.952594 1.04755 0.986711 0.955317 1.09254
1.00227 0.923056 1.09258 0.97704 0.970732 1.03829
0.984338 0.949234 1.05111 0.972336 1.00987 0.998737
1.0037 0.919696 1.09614 0.966228 0.997209 0.986019
0.985054 0.947554 1.05289 0.963175 0.990878 0.97966
1.00441 0.918016 1.09792 0.961648 0.987713 0.97648
0.985412 0.946714 1.05378 0.960884 0.986131 0.974891
1.00477 0.917176 1.09881 0.960503 0.985339 0.974096
0.985591 0.946294 1.05422 0.960312 0.984944 0.973698
1.00495 0.916756 1.09925 0.960216 0.984746 0.9735
0.96641 0.975412 1.00964 0.961821 1.03708 0.953357
1.00513 0.916336 1.0997 0.960121 0.984548 0.973301
1.00218 0.864636 1.12103 0.962632 0.951314 1.01941
1.00285 0.836259 1.12926 0.962362 0.938785 1.04495
end
gesture a17 hands 2
0.954801 0.770826 1.15445 0.945748 0.964227 1.27255
0.970438 0.787795 1.13531 0.942631 0.961878 1.24331
1.0188 0.809678 1.12496 0.971283 0.961466 1.19272
1.05916 0.841492 1.09863 1.01116 0.966367 1.14915
1.09053 0.890748 1.09451 1.03128 0.98673 1.10362
1.11235 0.939304 1.11989 1.04389 1.01616 1.05372
1.12694 0.974671 1.156 1.06644 1.02768 1.00088
1.13328 0.999904 1.1983 1.03844 1.02172 0.952559
1.10551 0.985266 1.24058 1.01681 1.00187 0.907044
1.08272 0.95772 1.20627 0.97191 1.00308 0.870192
1.08374 0.965656 1.1498 0.92344 0.998285 0.838405
1.06521 0.992627 1.118 0.922519 0.985075 0.806596
1.03188 1.01171 1.08773 0.910669 0.989151 0.784739
0.996727 1.01807 1.04591 0.916134 0.980508 0.779763
0.977817 1.00487 0.99748 0.912629 0.968019 0.806549
0.984374 0.969682 0.956732 0.917114 0.969942 0.790668
1.00928 0.919036 0.955988 0.91361 0.957452 0.817454
1.01328 0.899357 0.976517 0.917604 0.964659 0.796121
1.01122 0.865067 1.02209 0.9141 0.952169 0.822906
1.01426 0.872373 1.00957 0.917849 0.962017 0.798847
1.0122 0.838082 1.05515 0.914345 0.949528 0.825633
1.01474 0.85888 1.0261 0.917972 0.960696 0.80021
1.01268 0.82459 1.07167 0.914467 0.948207 0.826996
1.01499 0.852134 1.03436 0.918033 0.960036 0.800891
1.01293 0.817844 1.07994 0.914529 0.947546 0.827677
1.01511 0.848761 1.03849 0.921599 0.971865 0.774787
1.01305 0.814471 1.08407 0.91459 0.946886 0.828359
1.01517 0.847075 1.04056 0.927006 0.940504 0.88625
1.01311 0.812784 1.08613 0.94636 0.940327 0.941895
1.01314 0.811941 1.08717 0.962209 0.944354 0.998399
1.01729 0.879678 0.997047 0.97578 0.951181 1.06917
1.01317 0.811098 1.0882 0.993685 0.95646 1.11048
0.997423 0.777464 1.13375 0.98935 0.958008 1.13993
end
gesture a17 hands 2
0.858285 0.68176 0.964568 0.930028 0.991958 1.20485
0.876221 0.7018 0.952333 0.948456 0.991198 1.18131
0.914823 0.730926 0.926725 0.993929 1.01374 1.17345
0.940266 0.774505 0.928743 1.02756 1.01869 1.12618
0.952833 0.821482 0.941742 1.04976 1.04142 1.07724
0.95857 0.86388 0.960228 1.07115 1.05434 1.02498
0.963645 0.904712 0.990739 1.08333 1.02897 0.973131
0.966552 0.927294 1.00604 1.06816 0.999314 0.925186
0.978252 0.978306 1.02381 1.03949 0.977634 0.87897
0.973856 0.964091 1.02258 1.0145 0.952807 0.834298
0.985556 1.0151 1.04035 0.976096 0.937331 0.801123
0.977508 0.98249 1.03085 0.961856 0.900445 0.783012
0.989207 1.0335 1.04862 0.966227 0.897165 0.760844
0.979334 0.991689 1.03499 0.956921 0.880361 0.762872
0.991033 1.0427 1.05276 0.960074 0.890432 0.790002
0.980247 0.996288 1.03705 0.953845 0.876995 0.777452
0.991946 1.0473 1.05482 0.956998 0.887066 0.804582
0.992403 1.0496 1.05586 0.952307 0.875312 0.784741
0.96946 0.949876 1.02135 0.955459 0.885382 0.811871
0.992859 1.0519 1.05689 0.951538 0.87447 0.788386
1.02861 1.05562 1.08451 0.95469 0.884541 0.815516
1.00962 1.0774 1.09888 0.951153 0.874049 0.790209
1.04499 1.05973 1.08085 0.954306 0.88412 0.817339
1.06436 1.05935 1.11213 0.954113 0.883909 0.81825
1.08036 1.04206 1.06282 0.947616 0.863558 0.764901
1.08836 1.03342 1.03816 0.953921 0.883699 0.819161
1.09235 1.02909 1.02584 0.948507 0.905484 0.872311
1.12636 1.05947 1.04536 0.951545 0.923524 0.925528
1.09635 1.02477 1.01351 0.945791 0.932335 0.952626
1.06855 0.977418 1.01383 0.954583 0.941563 0.978746
1.04228 0.927641 1.02855 0.943074 0.959185 1.03294
1.00966 0.88094 1.02937 0.960659 0.977642 1.08518
0.937532 0.796584 0.99614 0.956679 0.985892 1.14257
end
gesture a17 hands 2
0.993358 0.699391 1.12508 0.951397 0.951409 1.16147
1.00867 0.710462 1.1018 0.947104 0.948043 1.1754
1.02679 0.7477 1.0638 0.96109 0.948292 1.14914
1.04413 0.795882 1.05964 0.965936 0.946733 1.14297
1.05921 0.843823 1.07082 0.94281 0.944678 1.18932
1.07289 0.880198 1.09603 0.970783 0.945175 1.13681
1.08307 0.921343 1.13663 0.99259 0.955138 1.08368
1.08246 0.918809 1.14125 1.01969 0.971381 1.03638
1.09713 0.95802 1.16826 1.0553 0.987395 0.993138
1.08186 0.916274 1.14586 1.09563 1.0017 0.95683
1.07877 0.915103 1.10252 1.13072 1.02952 0.921122
1.06786 0.943809 1.06903 1.14227 1.06109 0.877558
1.05146 0.982025 1.0402 1.12896 1.06312 0.82228
1.03068 1.00858 0.993608 1.09192 1.0444 0.784022
1.01724 1.05566 0.978976 1.05261 1.01295 0.755833
1.01332 1.02192 0.978746 1.02617 0.992533 0.784155
1.00991 1.03514 0.947017 1.00727 0.982708 0.755567
1.0094 0.988188 0.978516 0.999739 0.972117 0.812477
0.999393 0.916481 1.01424 0.979367 0.96466 0.92517
1.00602 0.899754 1.04874 0.95954 0.964758 1.03244
0.989386 0.844775 1.04996 0.946721 0.963619 1.09
0.943862 0.814911 1.03038 0.914429 0.956204 1.13904
0.895025 0.790817 1.03651 0.892772 0.943016 1.1923
0.883413 0.760214 1.08582 0.866629 0.936508 1.19897
0.896746 0.743238 1.14111 0.846925 0.931371 1.2213
0.903593 0.729291 1.13854 0.840487 0.93 1.20564
0.907016 0.722318 1.13726 0.837268 0.929314 1.1978
0.908728 0.718831 1.13662 0.835658 0.928972 1.19389
0.909583 0.717087 1.1363 0.834854 0.9288 1.19193
0.912726 0.720646 1.16527 0.79724 0.932959 1.22792
0.910011 0.716216 1.13614 0.834049 0.928629 1.18997
0.915869 0.724204 1.19423 0.88525 0.933146 1.1604
0.910439 0.715344 1.13598 0.913355 0.940981 1.16584
end
gesture a17 hands 2
0.960771 0.82414 1.09315 0.933629 0.931638 1.19706
0.977453 0.811058 1.10119 0.930143 0.928831 1.16758
0.979044 0.824876 1.06938 0.949811 0.932368 1.15888
0.994135 0.797976 1.10924 0.972587 0.943807 1.10644
0.993291 0.811851 1.11719 1.02647 0.963837 1.09371
1.03606 0.825695 1.13334 1.0831 0.976929 1.08522
1.07929 0.863857 1.14281 1.13199 0.966739 1.05646
1.10496 0.905032 1.16434 1.12939 0.962202 1.00233
1.11387 0.95048 1.19324 1.10274 0.973606 0.953758
1.10373 0.944692 1.1897 1.07931 0.998231 0.907239
1.10719 0.952203 1.22854 1.04647 1.02361 0.866818
1.09359 0.938904 1.18616 1.00625 1.04652 0.834182
1.07374 0.965917 1.14041 0.956569 1.05483 0.805073
1.04864 1.00318 1.07511 0.919778 1.02602 0.816822
1.03992 1.0282 1.05883 0.914571 1.00363 0.870881
1.02349 1.01219 1.01942 0.922269 0.985702 0.925821
1.02354 1.04044 1.00982 0.930472 0.972624 0.978325
1.0118 0.994599 1.00976 0.941418 0.967013 1.00497
1.00706 0.996176 0.980003 0.946404 0.953367 1.06128
1.00005 0.948758 1.00969 0.949384 0.957384 1.04645
0.995122 0.915141 1.0573 0.95437 0.943738 1.10275
0.997572 0.876708 1.10106 0.953367 0.95257 1.06719
0.973224 0.844256 1.11221 0.958353 0.938924 1.12349
0.957991 0.824856 1.12252 0.955359 0.950163 1.07756
0.950375 0.815155 1.12768 0.960345 0.936517 1.13386
0.946567 0.810305 1.13025 0.956354 0.94896 1.08274
0.944663 0.80788 1.13154 0.96134 0.935314 1.13905
0.930604 0.827424 1.11722 0.961838 0.934712 1.14164
0.943711 0.806668 1.13219 0.952364 0.961402 1.03162
0.930128 0.826818 1.11754 0.962336 0.93411 1.14423
0.943235 0.806061 1.13251 0.95831 0.932368 1.16246
0.916545 0.846968 1.10289 0.975898 0.926981 1.20118
0.942759 0.805455 1.13283 0.954285 0.930625 1.1807
end
gesture a17 hands 2
0.913671 0.747915 1.19201 0.882024 0.888322 1.20657
0.910486 0.759271 1.18275 0.905934 0.903197 1.19785
0.936548 0.750751 1.19387 0.955951 0.918362 1.17011
0.942147 0.76663 1.18518 1.00758 0.927648 1.14424
0.907301 0.770626 1.1735 1.06279 0.939168 1.1279
0.947747 0.782509 1.17649 1.10509 0.963892 1.09808
0.96797 0.78845 1.17799 1.15241 0.996176 1.10412
0.978081 0.791421 1.17874 1.19643 1.03018 1.1253
0.959424 0.753587 1.19572 1.22437 1.04292 1.10398
0.988193 0.794392 1.17949 1.18834 1.02527 1.06135
1.01336 0.839598 1.1605 1.14789 1.01806 1.02068
1.03321 0.886439 1.15448 1.11477 1.01919 0.97476
1.05298 0.937357 1.16149 1.07998 1.02964 0.934629
1.07105 0.98337 1.18114 1.03397 1.03559 0.902717
1.09179 0.988855 1.18772 0.980501 1.03294 0.883001
1.10216 0.991598 1.191 0.940915 1.00952 0.897967
1.09176 1.02458 1.21587 0.927346 1.00784 0.875582
1.10215 1.00946 1.20508 0.914338 0.996971 0.894257
1.09219 1.01187 1.17972 0.928306 0.996029 0.920325
1.10237 1.00311 1.18701 0.914818 0.991066 0.916628
1.09241 1.00552 1.16165 0.928786 0.990123 0.942696
1.11254 0.994341 1.19429 0.915058 0.988113 0.927814
1.09262 0.999164 1.14358 0.929026 0.98717 0.953882
1.06896 1.02627 1.09769 0.915178 0.986636 0.933407
1.0504 1.04817 1.05567 0.929146 0.985693 0.959475
1.03079 1.04605 1.00628 0.90133 0.986103 0.912932
1.0118 1.00246 0.977315 0.929266 0.984217 0.965068
0.996626 0.948265 0.991409 0.95771 0.965233 1.01269
0.981108 0.902431 1.02334 0.971855 0.948937 1.06675
0.971625 0.858099 1.06139 0.975895 0.937025 1.12484
0.952597 0.816313 1.09802 0.968099 0.926702 1.14999
0.916022 0.775997 1.11888 0.959557 0.914645 1.17743
0.892812 0.759177 1.12661 0.960304 0.91638 1.17513
end
gesture a17 hands 2
0.870812 0.741977 1.19028 0.973143 0.910359 1.21267
0.881948 0.738374 1.19952 0.982983 0.916296 1.18529
0.887558 0.761916 1.18435 1.03629 0.936517 1.17855
0.890321 0.748343 1.19656 1.08054 0.961975 1.15049
0.895931 0.771886 1.18139 1.12463 0.989647 1.12388
0.894508 0.753328 1.19507 1.14649 1.0098 1.08364
0.900118 0.77687 1.1799 1.12789 1.0021 1.02946
0.896601 0.75582 1.19433 1.09876 0.992438 0.981607
0.902212 0.779363 1.17916 1.067 0.993269 0.932826
0.897648 0.757066 1.19396 1.02457 1.00091 0.893522
0.903258 0.780609 1.17879 0.973228 1.00279 0.868213
0.898171 0.757689 1.19378 0.944845 1.00135 0.869565
0.903782 0.781232 1.17861 0.929688 1.01151 0.892269
0.893084 0.73477 1.20876 0.923075 1.0057 0.881594
0.904305 0.781855 1.17842 0.907918 1.01586 0.904298
0.917596 0.833062 1.15833 0.91219 1.00788 0.887608
0.93665 0.885643 1.15517 0.897033 1.01804 0.910312
0.961663 0.935585 1.17393 0.906747 1.00897 0.890615
0.977323 0.923011 1.17278 0.89159 1.01913 0.913319
0.989075 0.947774 1.20993 0.904026 1.00952 0.892118
0.982558 0.938278 1.16851 0.888869 1.01968 0.914822
0.992984 0.910437 1.17164 0.902666 1.00979 0.89287
0.976042 0.928782 1.12709 0.887509 1.01995 0.915574
0.96035 0.955359 1.05812 0.901985 1.00993 0.893246
0.946498 0.977449 1.04326 0.886828 1.02008 0.91595
0.944657 0.981936 0.989145 0.916462 0.999904 0.870918
0.970567 0.948032 0.96623 0.886148 1.02022 0.916326
0.993507 0.908294 0.999569 0.872949 1.01289 0.97043
0.993547 0.874992 1.04766 0.872908 0.990072 1.02336
0.988052 0.81854 1.11082 0.878764 0.963495 1.07276
0.99349 0.807361 1.13917 0.88995 0.942958 1.12522
0.982558 0.762088 1.17397 0.893482 0.903057 1.16942
0.969013 0.742153 1.1915 0.913917 0.883873 1.22026
end
gesture a17 hands 2
0.889373 0.686467 0.795023 0.98135 0.657838 1.15211
0.912477 0.699061 0.809321 0.988132 0.652736 1.16446
0.960486 0.732036 0.806327 1.00075 0.661196 1.13878
0.988271 0.778027 0.818803 0.99783 0.654415 1.15779
1.02138 0.864217 0.873722 1.01044 0.662876 1.13212
1.03053 0.893394 0.913028 1.00268 0.655255 1.15446
1.04598 0.929575 0.953057 1.01529 0.663715 1.12878
1.06396 0.959258 0.999502 1.0051 0.655675 1.1528
1.06386 0.983401 1.0464 1.01772 0.664135 1.12712
1.04915 0.992572 1.06459 1.00631 0.655885 1.15196
1.01725 0.975791 1.05295 1.01893 0.664345 1.12628
1.02584 0.988765 1.06786 1.00692 0.65599 1.15155
0.993942 0.971986 1.05623 1.01953 0.66445 1.12587
1.01419 0.986863 1.0695 1.00722 0.656042 1.15134
0.982288 0.970083 1.05786 1.01984 0.664503 1.12566
1.00836 0.985912 1.07032 1.01999 0.664529 1.12555
0.976462 0.969132 1.05868 0.994914 0.647634 1.17681
1.00545 0.985436 1.07073 1.02014 0.664555 1.12545
0.973548 0.968657 1.05909 1.03872 0.677979 1.07134
1.00399 0.985198 1.07093 1.07219 0.693283 1.02519
0.972092 0.968419 1.0593 1.0702 0.717497 1.02108
1.00326 0.985079 1.07103 1.06201 0.769343 1.02076
0.971363 0.9683 1.0594 1.04128 0.813648 1.01863
1.0029 0.98502 1.07108 1.02152 0.861476 1.0249
0.970999 0.96824 1.05945 0.99586 0.912171 1.0223
1.00271 0.98499 1.07111 0.989675 0.932315 1.00422
0.970817 0.968211 1.05947 0.972478 0.956824 1.00593
1.00262 0.984975 1.07112 0.98349 0.95246 0.986136
0.970726 0.968196 1.05949 0.988997 0.950278 0.976239
1.00258 0.984968 1.07113 0.99175 0.949187 0.97129
0.97068 0.968188 1.05949 0.95257 0.977115 0.965713
1.03443 1.00174 1.08277 0.994503 0.948096 0.966342
0.970635 0.968181 1.0595 1.01479 0.930917 0.977137
end
gesture a17 hands 2
0.641306 0.53886 1.21112 1.22539 0.809209 1.04823
0.659413 0.552268 1.19144 1.21511 0.817819 1.03996
0.702889 0.564252 1.17176 1.24908 0.817894 1.06402
0.754654 0.586013 1.18009 1.20484 0.82643 1.03168
0.789334 0.617402 1.19299 1.18583 0.846527 0.980844
0.86143 0.680811 1.23235 1.18548 0.866804 0.930277
0.899054 0.691673 1.2554 1.18578 0.879759 0.873499
0.93852 0.667533 1.22817 1.14503 0.855279 0.854667
0.944273 0.690145 1.18404 1.09077 0.856379 0.854119
0.940917 0.70921 1.16793 1.06554 0.866546 0.857828
0.917841 0.768463 1.12962 1.02953 0.893176 0.888701
0.927701 0.748369 1.14072 1.03492 0.884945 0.875119
0.904625 0.807622 1.10241 0.998911 0.911575 0.905992
0.921093 0.767949 1.12712 1.01961 0.894144 0.883765
0.898017 0.827201 1.0888 0.983602 0.920775 0.914637
0.917789 0.777738 1.12032 1.01196 0.898744 0.888087
0.894713 0.836991 1.082 0.975947 0.925374 0.91896
0.916137 0.782633 1.11692 1.00813 0.901044 0.890249
0.893061 0.841886 1.0786 0.972119 0.927674 0.921122
0.915311 0.785081 1.11522 1.00621 0.902194 0.891329
0.892235 0.844334 1.0769 0.970206 0.928824 0.922202
0.914898 0.786304 1.11437 1.00526 0.902768 0.89187
0.891822 0.845557 1.07605 0.969249 0.929399 0.922743
0.914691 0.786916 1.11394 1.00478 0.903056 0.89214
0.891616 0.846169 1.07563 0.96877 0.929687 0.923013
0.914588 0.787222 1.11373 0.968531 0.92983 0.923148
0.891512 0.846475 1.07541 1.04031 0.876713 0.861537
0.891461 0.846628 1.07531 0.968292 0.929974 0.923283
0.937561 0.728275 1.15183 0.947936 0.951806 0.972973
0.891409 0.846781 1.0752 0.942828 0.970062 1.02475
0.868282 0.882242 1.0404 0.944666 0.99312 1.07705
0.853018 0.875647 0.994922 0.913956 1.00681 1.12177
0.861845 0.847782 0.988699 0.883992 0.963943 1.11351
end
gesture a17 hands 2
1.02754 0.764323 0.990904 0.979121 0.856321 1.04734
1.04559 0.811774 1.06385 0.979706 0.840216 1.0224
1.05582 0.812952 1.09592 0.977345 0.832736 0.966381
1.0982 0.844101 1.11819 0.981575 0.841278 0.964676
1.12353 0.882957 1.15383 1.02213 0.858896 0.925434
1.1322 0.896923 1.20422 1.06123 0.884272 0.897382
1.14924 0.906293 1.25632 1.14103 0.948882 0.845855
1.15891 0.902943 1.22579 1.12021 0.973267 0.803877
1.18304 0.882417 1.24136 1.07157 0.988593 0.81891
1.17581 0.891005 1.21831 1.03442 1.00205 0.855197
1.13139 0.923482 1.18191 1.01399 1.01376 0.904706
1.14998 0.911538 1.18858 1.00746 1.01994 0.928374
1.10557 0.944014 1.15218 0.987116 1.02468 1.00157
1.13707 0.921804 1.17372 0.994018 1.0254 0.976808
1.09265 0.954281 1.13731 0.980145 1.014 1.01315
1.13061 0.926937 1.16629 0.990532 1.02006 0.982597
1.0862 0.959414 1.12988 0.976659 1.00866 1.01894
1.12738 0.929503 1.16257 0.98879 1.01739 0.985492
1.08297 0.96198 1.12617 0.974916 1.00599 1.02184
1.12577 0.930787 1.16071 0.987918 1.01605 0.986939
1.08135 0.963264 1.12431 0.974045 1.00466 1.02328
1.12496 0.931428 1.15978 0.987482 1.01538 0.987663
1.08055 0.963905 1.12338 0.973609 1.00399 1.02401
1.16857 0.899593 1.19526 0.973391 1.00366 1.02437
1.07974 0.964547 1.12245 1.00092 1.02611 0.952042
1.03484 1.01433 1.08304 0.973173 1.00332 1.02473
0.990918 1.0295 1.04963 0.960242 1.03561 1.09844
0.971818 0.987802 1.02757 0.945427 0.980534 1.09742
0.989703 0.937052 1.04097 0.919724 0.94192 1.06285
1.01543 0.890292 1.06286 0.898372 0.914212 1.01624
1.02478 0.835997 1.08442 0.89517 0.879014 0.970308
1.05452 0.7899 1.10116 0.919153 0.835373 0.98987
1.03401 0.787309 1.07951 0.944886 0.81378 1.03403
end
gesture a17 hands 2
0.917655 0.589273 1.12176 0.858118 0.906748 1.19402
0.897894 0.60093 1.10271 0.869166 0.91429 1.1673
0.918935 0.634564 1.06074 0.892702 0.929307 1.11495
0.942263 0.680792 1.03897 0.926542 0.951944 1.07435
0.959403 0.735569 1.04613 0.963122 0.972886 1.04013
0.976982 0.839256 1.08509 1.00318 0.982878 1.00765
0.983828 0.880101 1.11999 1.04571 0.973693 0.970551
0.993129 0.911109 1.15585 1.06112 0.929 0.957821
1.01651 0.919282 1.19196 1.07738 0.938705 0.937462
1.0339 0.909001 1.17907 1.07695 0.911506 0.941276
1.03813 0.902667 1.09961 1.06106 0.92777 0.959535
1.04471 0.900694 1.13289 1.0688 0.906038 0.952312
1.04893 0.894359 1.05343 1.05291 0.922302 0.970571
1.05011 0.89654 1.10981 1.06472 0.903304 0.95783
1.05434 0.890205 1.03035 1.04883 0.919568 0.976089
1.05281 0.894463 1.09826 1.06268 0.901937 0.960589
1.05704 0.888128 1.0188 1.04679 0.918201 0.978848
1.05416 0.893424 1.09249 1.06166 0.901253 0.961969
1.05839 0.887089 1.01303 1.04577 0.917517 0.980227
1.05483 0.892905 1.08961 1.06115 0.900912 0.962659
1.05906 0.88657 1.01015 1.04526 0.917176 0.980917
1.05517 0.892645 1.08816 1.06089 0.900741 0.963004
1.0594 0.886311 1.0087 1.045 0.917005 0.981262
1.05534 0.892515 1.08744 1.04488 0.916919 0.981435
1.05957 0.886181 1.00798 1.07653 0.884306 0.94509
1.05966 0.886116 1.00762 1.04475 0.916834 0.981607
1.05128 0.89872 1.16618 1.01544 0.966453 0.993622
1.05974 0.886051 1.00726 0.977361 1.01146 0.999162
1.06393 0.874993 0.950977 0.934016 1.03743 1.02935
1.027 0.907125 0.9397 0.893164 1.03485 1.06958
0.983205 0.933124 0.916458 0.870339 1.00156 1.10856
0.93829 0.917758 0.887723 0.868815 0.951932 1.13512
0.921815 0.893432 0.888854 0.835494 0.91196 1.1615
end
gesture a17 hands 2
1.01816 0.585282 1.07646 0.86495 0.933731 1.10224
0.989848 0.587227 1.06749 0.883426 0.945939 1.08217
0.981505 0.608739 1.02957 0.922014 0.955328 1.04127
1.00632 0.644631 0.992477 0.954636 0.952453 0.992511
1.03083 0.694483 0.980561 1.00226 0.952025 0.961686
1.04628 0.744405 0.987077 1.0356 0.948161 0.970061
1.05741 0.796052 1.00995 1.08669 0.941355 0.94199
1.06849 0.833391 1.03458 1.11456 0.940881 0.932209
1.08462 0.871756 1.06699 1.07204 0.971255 0.949349
1.10537 0.884202 1.10154 1.10723 0.955831 0.935889
1.13773 0.86552 1.08644 1.06472 0.986205 0.953028
1.13095 0.874207 1.06398 1.10357 0.963306 0.937728
1.07381 0.918607 1.0449 1.06106 0.993683 0.954867
1.09899 0.900751 1.04321 1.10174 0.967045 0.938648
1.04186 0.94515 1.02413 1.05923 0.997421 0.955787
1.08301 0.914022 1.03282 1.10083 0.968914 0.939108
1.02588 0.958421 1.01375 1.05832 0.999291 0.956247
1.07502 0.920658 1.02763 1.10037 0.969849 0.939338
1.01789 0.965057 1.00855 1.05786 1.00023 0.956477
1.07103 0.923976 1.02504 1.10014 0.970316 0.939453
1.01389 0.968375 1.00596 1.05763 1.00069 0.956592
1.06903 0.925635 1.02374 1.10002 0.97055 0.93951
1.0119 0.970034 1.00466 1.05751 1.00093 0.95665
1.06803 0.926464 1.02309 1.09997 0.970667 0.939539
1.0109 0.970863 1.00401 1.05746 1.00104 0.956678
1.12417 0.882895 1.04152 1.14242 0.940407 0.922428
1.0099 0.971693 1.00336 1.0574 1.00116 0.956707
0.962455 0.994652 0.987053 1.0215 1.03421 0.987959
0.917035 0.998299 0.958189 0.972559 1.0288 1.01936
0.892283 0.960234 0.934381 0.943917 1.02981 1.07042
0.898645 0.902629 0.939906 0.933129 0.997353 1.09247
0.91935 0.853302 0.96162 0.93406 0.944792 1.11695
0.933428 0.80052 0.979056 0.903737 0.951786 1.09359
end
gesture a17 hands 2
0.915087 0.62216 1.13133 0.900991 0.961174 1.09271
0.895616 0.639529 1.11659 0.920128 0.966058 1.07029
0.922444 0.673967 1.07846 0.958564 0.966995 1.02493
0.945319 0.718237 1.05715 1.00469 0.96672 0.988023
0.956858 0.764935 1.05347 1.05345 0.955098 0.961184
0.965338 0.81947 1.06837 1.1047 0.938324 0.947132
0.971159 0.869679 1.09517 1.14369 0.922813 0.945356
0.983616 0.911568 1.12403 1.13093 0.932097 0.92837
0.99769 0.950167 1.15175 1.10638 0.944508 0.937747
1.01989 0.935974 1.13067 1.11227 0.942945 0.924565
1.03361 0.920072 1.15894 1.08773 0.955355 0.933942
1.03785 0.920927 1.13427 1.10295 0.948368 0.922663
1.01819 0.947562 1.09324 1.0784 0.960779 0.93204
1.03015 0.934672 1.10142 1.09828 0.951081 0.921712
1.01049 0.961306 1.06039 1.07373 0.963491 0.931089
1.02629 0.941544 1.08499 1.09595 0.952436 0.921237
1.00663 0.968179 1.04396 1.0714 0.964847 0.930614
1.02437 0.94498 1.07678 1.09479 0.953115 0.920999
1.0047 0.971615 1.03575 1.07024 0.965525 0.930376
1.0234 0.946698 1.07267 1.0942 0.953453 0.92088
1.00374 0.973333 1.03164 1.06965 0.965864 0.930257
1.0421 0.921782 1.1096 1.09391 0.953623 0.92082
1.00278 0.975051 1.02754 1.06936 0.966033 0.930197
0.98786 1.01517 0.990743 1.06922 0.966118 0.930168
0.963455 1.02832 0.945475 1.11817 0.941382 0.911384
0.941403 1.00328 0.904341 1.06907 0.966203 0.930138
0.930024 0.948025 0.899293 1.03966 1.01113 0.946481
0.933101 0.89688 0.92399 1.01022 1.0222 0.991429
0.936755 0.8493 0.95197 0.983056 1.0184 1.04316
0.951231 0.756912 1.01587 0.948927 0.990998 1.07488
0.951075 0.712278 1.0542 0.923515 0.95159 1.08265
0.947772 0.668412 1.09248 0.890563 0.959804 1.06862
0.927676 0.643123 1.13932 0.89676 0.988508 1.0633
end
gesture a17 hands 2
0.947325 0.792994 1.0678 1.012 0.908978 1.04058
0.968314 0.812851 1.06154 0.994505 0.925469 1.02773
1.00276 0.856565 1.07509 1.01756 0.912562 1.01159
1.02311 0.890134 1.11341 0.97701 0.941959 1.01488
1.04734 0.89745 1.1641 0.928348 0.971723 1.00852
1.04875 0.885433 1.13976 0.901149 0.986304 1.02156
1.0728 0.856985 1.16112 0.879204 1.00058 0.993555
1.06148 0.865201 1.13827 0.87395 1.00089 1.03461
1.031 0.893509 1.10547 0.871323 1.00104 1.05513
1.04058 0.883463 1.11044 0.856364 0.99655 1.04264
1.0101 0.911771 1.07764 0.870009 1.00111 1.0654
1.03013 0.892594 1.09653 0.855707 0.996588 1.04777
0.999653 0.920902 1.06372 0.869353 1.00115 1.07053
1.02491 0.89716 1.08957 0.855379 0.996607 1.05034
0.994429 0.925467 1.05677 0.869024 1.00117 1.07309
1.02229 0.899442 1.08609 0.855215 0.996617 1.05162
0.991816 0.92775 1.05329 0.86886 1.00118 1.07438
1.02099 0.900584 1.08435 0.855133 0.996622 1.05226
0.99051 0.928892 1.05155 0.868778 1.00119 1.07502
1.02034 0.901154 1.08348 0.855092 0.996624 1.05258
0.989857 0.929462 1.05068 0.868737 1.00119 1.07534
1.02001 0.90144 1.08305 0.855071 0.996625 1.05274
0.989531 0.929748 1.05024 0.868716 1.00119 1.0755
1.01985 0.901582 1.08283 0.855061 0.996626 1.05282
0.989367 0.92989 1.05003 0.868706 1.00119 1.07558
1.01976 0.901654 1.08272 0.868701 1.00119 1.07562
0.989286 0.929962 1.04992 0.841405 0.992063 1.03015
1.05016 0.873417 1.11542 0.868696 1.00119 1.07566
0.989204 0.930033 1.04981 0.904206 0.966882 1.10881
0.968394 0.907873 1.04181 0.938164 0.941194 1.10865
0.947855 0.938226 1.01475 0.945367 0.940883 1.14196
0.947584 0.885713 1.0338 0.972123 0.915506 1.10849
0.958754 0.868343 1.05534 0.997722 0.889947 1.07053
end
gesture a17 hands 2
1.00335 0.807574 1.20479 0.985852 0.902956 1.07608
0.994759 0.809229 1.17636 1.01113 0.912243 1.06395
0.974135 0.821824 1.12332 1.02438 0.934957 1.03528
0.954725 0.861127 1.07459 1.02157 0.935074 1.04826
0.914543 0.860264 1.02987 1.01025 0.936874 1.02305
0.935315 0.900429 1.02587 1.0145 0.936032 1.04215
0.97393 0.940923 1.0133 1.00319 0.937832 1.01693
1.00575 0.984503 1.03306 1.01097 0.936512 1.03908
1.02999 1.01023 1.06977 0.999657 0.938312 1.01387
1.0524 0.990269 1.08579 1.0092 0.936751 1.03755
1.05662 1.0082 1.11682 0.997892 0.938551 1.01234
1.06572 0.989254 1.10932 1.00832 0.936871 1.03679
1.0524 0.994411 1.08518 0.997009 0.938671 1.01157
1.06361 0.98236 1.0935 1.00788 0.936931 1.03641
1.05029 0.987517 1.06936 0.996567 0.938731 1.01119
1.06255 0.978912 1.08559 1.00766 0.936961 1.03622
1.04923 0.984069 1.06145 0.996347 0.938761 1.011
1.06202 0.977189 1.08163 1.00755 0.936976 1.03612
1.04871 0.982346 1.05749 0.996236 0.938776 1.01091
1.06176 0.976327 1.07966 1.00749 0.936983 1.03607
1.04844 0.981484 1.05552 0.996181 0.938784 1.01086
1.06163 0.975896 1.07867 1.00747 0.936987 1.03605
1.04831 0.981053 1.05453 0.996154 0.938787 1.01083
1.06156 0.97568 1.07817 1.01875 0.935191 1.06124
1.04825 0.980837 1.05403 0.996126 0.938791 1.01081
1.06153 0.975573 1.07793 0.960342 0.975167 0.98127
1.04821 0.98073 1.05379 0.908769 0.996658 0.97671
1.07481 0.970308 1.10182 0.854565 1.0071 0.976968
1.04818 0.980622 1.05354 0.850028 1.02171 0.990172
1.01403 0.998869 1.00885 0.867576 1.01695 1.02699
0.972565 1.0076 0.97407 0.890643 0.9919 1.07438
0.931959 0.977988 0.969471 0.920752 0.964222 1.11519
0.928521 0.932362 1.00374 0.974983 0.946762 1.129
end
gesture a17 hands 2
0.970553 0.803819 1.14845 1.02268 0.916522 1.0711
0.957799 0.810667 1.12223 1.01122 0.919193 1.04416
0.919726 0.832809 1.08315 1.01459 0.934065 0.99149
0.902459 0.837538 1.06115 0.997944 0.92936 1.04287
0.899872 0.864406 1.05186 1.002 0.922903 1.10109
0.892532 0.853337 1.0455 0.97901 0.936859 1.04963
0.889945 0.880205 1.03621 0.946348 0.972833 1.01609
0.887568 0.861237 1.03768 0.897775 0.987326 1.00014
0.884982 0.888105 1.02838 0.864989 0.998608 1.00021
0.885086 0.865186 1.03377 0.870952 1.00788 1.01943
0.8825 0.892054 1.02447 0.871518 0.98562 1.03539
0.881259 0.894029 1.02252 0.874217 1.00139 1.03702
0.885191 0.842268 1.03915 0.874783 0.979127 1.05298
0.880018 0.896004 1.02056 0.87585 0.998143 1.04581
0.898455 0.949429 1.01593 0.876416 0.97588 1.06177
0.925688 0.984858 1.03858 0.876666 0.99652 1.05021
0.958773 0.987451 1.07703 0.877232 0.974256 1.06617
0.965344 0.971327 1.06114 0.877074 0.995708 1.05241
0.968629 0.963265 1.0532 0.87764 0.973445 1.06837
0.970272 0.959234 1.04923 0.877278 0.995302 1.05351
0.971094 0.957219 1.04725 0.877844 0.973039 1.06947
0.971504 0.956211 1.04625 0.87738 0.995099 1.05406
0.97171 0.955707 1.04576 0.877946 0.972836 1.07002
0.971812 0.955455 1.04551 0.877431 0.994998 1.05434
0.971864 0.955329 1.04538 0.877997 0.972734 1.0703
0.971889 0.955266 1.04532 0.877457 0.994947 1.05447
0.989218 0.95127 1.09803 0.878023 0.972684 1.07043
0.971915 0.955203 1.04526 0.878035 0.972658 1.0705
0.947815 0.975903 0.998684 0.876916 1.01716 1.03865
0.923537 0.961173 0.966653 0.878048 0.972633 1.07057
0.917443 0.988456 0.951234 0.905851 0.954841 1.07549
0.899258 0.946443 0.934621 0.92477 0.955552 1.10191
0.908338 0.92643 0.952261 0.933654 0.937048 1.08042
end
gesture a17 hands 2
0.87424 0.654607 1.02079 0.943764 0.927839 1.08072
0.896354 0.658294 1.00107 0.969045 0.937695 1.06837
0.94733 0.651106 1.01861 1.02079 0.929736 1.07933
0.981428 0.662526 0.985781 1.03829 0.937475 1.04078
1.01747 0.693899 0.956452 1.01059 0.962919 0.995281
1.04925 0.740011 0.953709 0.978431 0.974411 0.947698
1.06402 0.779872 0.971562 0.936798 0.988663 0.908807
1.06891 0.81819 1.00472 0.901868 0.985646 0.940148
1.07455 0.847268 1.04556 0.885916 0.998446 0.91848
1.08032 0.839981 1.10025 0.866938 0.982629 0.971488
1.08484 0.808414 1.08307 0.885408 1.0119 1.01739
1.06797 0.831123 1.04365 0.926953 1.02717 1.05581
1.05045 0.875833 1.01652 0.963714 1.00683 1.07208
1.01949 0.96602 0.97773 0.982092 0.996658 1.08021
1.00713 1.01086 0.948728 1.02941 1.03139 1.11109
1.01285 0.99614 0.924448 1.00047 0.986487 1.08834
1.01097 1.02555 0.89914 0.977647 0.963121 1.03997
1.01477 1.00348 0.899654 0.977499 0.956896 1.04033
1.00091 0.968659 0.936615 0.969397 0.955766 1.01188
1.00974 0.975039 0.918391 0.973374 0.953219 1.02628
0.995883 0.940213 0.955352 0.965271 0.952088 0.997839
1.00723 0.960817 0.92776 0.971311 0.95138 1.01926
0.993369 0.925991 0.96472 0.963209 0.950249 0.990819
1.00597 0.953705 0.932444 0.97028 0.95046 1.01575
0.992111 0.918879 0.969405 0.962177 0.949329 0.987308
1.00534 0.95015 0.934786 0.969764 0.95 1.01399
0.991483 0.915324 0.971747 0.961662 0.94887 0.985553
1.00503 0.948372 0.935957 0.969506 0.94977 1.01312
0.991168 0.913546 0.972918 0.961404 0.94864 0.984676
1.01857 0.98142 0.900168 0.961275 0.948525 0.984237
0.990854 0.911768 0.974089 0.977351 0.950671 1.04068
0.982496 0.892183 1.03043 0.961146 0.94841 0.983798
0.963138 0.842116 1.04801 0.967612 0.963124 0.927845
end
gesture a17 hands 2
0.911489 0.61256 1.18517 0.984835 0.959472 0.979912
0.929815 0.613277 1.16213 0.992418 0.951531 1.02279
0.951044 0.623573 1.10889 0.99215 0.939601 1.06527
0.964019 0.649784 1.06204 1 0.94359 1.06568
0.982623 0.692265 1.0339 0.986125 0.976426 1.02777
1.0038 0.740906 1.03132 0.958775 0.979516 0.977791
1.02177 0.789825 1.05599 0.905802 0.967173 0.973501
1.03026 0.823493 1.10078 0.896648 0.969877 0.989697
1.03584 0.831645 1.14946 0.913186 0.991417 1.00096
1.03778 0.812099 1.16754 0.90034 0.981999 1.00343
1.03099 0.806535 1.14349 0.916877 1.00354 1.01468
1.03535 0.799544 1.16456 0.902185 0.988061 1.01029
1.02856 0.793981 1.14051 0.918723 1.0096 1.02154
1.03414 0.793266 1.16307 0.903108 0.991091 1.01372
1.02735 0.787703 1.13902 0.919646 1.01263 1.02498
1.03353 0.790128 1.16233 0.90357 0.992606 1.01543
1.02675 0.784565 1.13828 0.920107 1.01415 1.02669
1.03323 0.788558 1.16195 0.903801 0.993363 1.01629
1.02644 0.782995 1.1379 0.920338 1.0149 1.02755
1.03308 0.787774 1.16177 0.903916 0.993742 1.01672
1.02629 0.782211 1.13772 0.920454 1.01528 1.02798
1.02622 0.781818 1.13762 0.903974 0.993931 1.01694
1.03971 0.792552 1.18563 0.920511 1.01547 1.0282
1.02614 0.781426 1.13753 0.92054 1.01557 1.0283
1.01165 0.813712 1.09687 0.887494 0.972581 1.00589
0.988825 0.901557 1.04648 0.920569 1.01566 1.02841
0.978779 0.945743 1.01506 0.965608 1.01628 1.06505
0.977354 0.933886 0.985578 1.01512 1.00959 1.09456
0.974349 0.971814 0.967269 1.02776 0.982581 1.08334
0.975928 0.922028 0.956097 0.992628 0.958217 1.04312
0.960646 0.877708 0.987617 0.949109 0.934029 1.04249
0.939154 0.839252 1.02316 0.915447 0.930373 0.99419
0.922898 0.800599 1.05992 0.924222 0.948145 0.948616
end
gesture a17 hands 2
0.878946 0.685028 1.16763 0.919242 0.955192 0.967865
0.885123 0.692543 1.13945 0.9087 0.940568 0.991471
0.912151 0.693319 1.09234 0.897848 0.928255 1.04812
0.941687 0.697515 1.0438 0.923293 0.920381 1.10007
0.959371 0.721742 0.994498 0.962944 0.91892 1.14257
0.984366 0.768663 0.968939 1.01378 0.91982 1.1122
1.00673 0.821198 0.971905 1.02598 0.934259 1.0562
1.02394 0.871775 0.996411 1.02511 0.95579 1.00296
1.03603 0.90858 1.03553 1.01036 0.974851 0.950593
1.04647 0.910647 1.09034 0.975896 0.99545 0.908124
1.0475 0.866645 1.11203 0.918955 0.98254 0.905148
1.0302 0.851843 1.06135 0.888762 0.96858 0.942576
1.01675 0.883664 1.02834 0.899641 0.992653 0.993512
0.994686 0.938117 0.980844 0.936004 1.02186 1.02618
0.98943 0.967626 0.981109 0.982884 1.02213 1.06019
0.980039 0.960279 0.96347 0.991163 0.996895 1.05739
0.972622 0.992569 0.933349 1.03334 1.00223 1.08218
0.969553 0.97285 0.923917 0.999443 0.97166 1.0546
0.970649 0.952932 0.94583 0.956297 0.951284 1.07943
0.968567 0.953032 0.930157 0.932742 0.949151 1.08174
0.969662 0.933113 0.952071 0.935867 0.950599 1.05242
0.968073 0.943122 0.933278 0.922527 0.948809 1.06823
0.969169 0.923204 0.955191 0.925653 0.950257 1.03891
0.967827 0.938168 0.934838 0.91742 0.948638 1.06147
0.968923 0.91825 0.956752 0.920545 0.950086 1.03215
0.967703 0.93569 0.935618 0.914866 0.948552 1.0581
0.968799 0.915772 0.957532 0.917992 0.950001 1.02878
0.967642 0.934452 0.936008 0.913589 0.948509 1.05641
0.968738 0.914534 0.957922 0.916715 0.949958 1.02709
0.966484 0.953131 0.914485 0.912951 0.948488 1.05556
0.968676 0.913295 0.958312 0.916076 0.949936 1.02624
0.955703 0.859599 1.05442 0.909187 0.947018 1.08404
0.939183 0.820932 1.09127 0.915438 0.949915 1.0254
end
gesture a17 hands 2
0.915468 0.576277 1.08993 0.936549 0.924815 1.07224
0.898924 0.576636 1.11467 0.950279 0.937565 1.04913
0.92535 0.588602 1.0709 0.981666 0.951457 1.00134
0.959813 0.595827 1.034 1.00638 0.994085 0.967917
1.00304 0.629902 1.01657 1.04622 1.00471 0.932285
1.02815 0.679248 1.0096 1.05732 1.0031 0.943253
1.0442 0.73052 1.01744 1.05254 0.98518 0.943461
1.05048 0.753932 1.02726 0.997971 0.989398 0.965505
1.05505 0.816652 1.07946 0.956561 1.01654 0.995982
1.05591 0.796998 1.05827 0.942354 1.02829 1.01854
1.06048 0.859718 1.11048 0.945576 1.01153 1.03526
1.05862 0.818531 1.07377 0.936861 1.02578 1.03818
1.0632 0.881251 1.12598 0.940083 1.00903 1.0549
1.05998 0.829297 1.08153 0.934115 1.02453 1.048
1.06455 0.892017 1.13374 0.937337 1.00777 1.06471
1.06066 0.834681 1.0854 0.932742 1.02391 1.05291
1.06523 0.897401 1.13761 0.935964 1.00714 1.06962
1.061 0.837372 1.08734 0.932055 1.02359 1.05536
1.06557 0.900092 1.13955 0.935277 1.00683 1.07208
1.06117 0.838718 1.08831 0.931711 1.02344 1.05659
1.06574 0.901438 1.14052 0.934933 1.00668 1.0733
1.06583 0.902111 1.14101 0.93154 1.02336 1.0572
1.05676 0.777344 1.03707 0.934762 1.0066 1.07392
1.06591 0.902784 1.14149 0.931454 1.02332 1.05751
1.08635 0.940196 1.17437 0.934676 1.00656 1.07422
1.0719 0.905451 1.17922 0.931411 1.0233 1.05766
1.05849 0.916574 1.1339 0.934633 1.00654 1.07438
1.02989 0.995043 1.07881 0.931389 1.02329 1.05774
1.01184 1.02728 1.04246 0.934611 1.00653 1.07445
0.99308 1.02893 0.995171 0.928146 1.04004 1.0411
0.982258 0.986482 0.966757 0.93459 1.00652 1.07453
0.975843 0.930606 0.975959 0.949954 0.949128 1.07113
0.969131 0.877346 0.992719 0.930869 0.938096 1.09082
end
gesture a17 hands 2
0.97689 0.694515 1.18507 0.974464 0.91892 1.05861
0.981481 0.722889 1.193 0.99054 0.926503 1.03459
1.02353 0.738243 1.15539 1.00812 0.952467 0.98439
1.06311 0.779447 1.14644 1.01257 0.975491 0.966107
1.09036 0.820575 1.16839 1.01855 0.997815 0.948037
1.1048 0.857918 1.20673 1.01702 0.998514 0.947824
1.11626 0.887657 1.25188 0.969586 0.993331 0.952647
1.10286 0.873008 1.25803 0.93936 1.02922 0.987844
1.11635 0.887167 1.29536 0.914958 1.02806 1.03637
1.08946 0.858358 1.26418 0.935201 1.02145 1.0532
1.074 0.885524 1.22629 0.943104 1.01888 1.08259
1.04403 0.961158 1.15596 0.949274 1.01686 1.07631
1.03011 0.988209 1.12128 0.949563 0.987456 1.07819
1.01311 1.01018 1.07659 0.952504 1.00115 1.07411
0.995135 1.01958 1.02672 0.952793 0.971743 1.076
0.976444 1.00827 0.9756 0.954118 0.993291 1.07301
0.961363 0.962549 0.946309 0.954408 0.963886 1.0749
0.959544 0.934918 0.953419 0.954926 0.989363 1.07246
0.959053 0.892169 0.9924 0.955215 0.959957 1.07435
0.958389 0.899728 0.976465 0.955329 0.987399 1.07219
0.957897 0.85698 1.01544 0.955618 0.957993 1.07407
0.957811 0.882133 0.987987 0.955531 0.986417 1.07205
0.95732 0.839385 1.02697 0.95582 0.957011 1.07394
0.957522 0.873336 0.993749 0.955632 0.985926 1.07198
0.957031 0.830587 1.03273 0.955921 0.95652 1.07387
0.957378 0.868937 0.996629 0.955683 0.98568 1.07195
0.956886 0.826189 1.03561 0.955972 0.956275 1.07383
0.957306 0.866738 0.99807 0.955708 0.985557 1.07193
0.956814 0.823989 1.03705 0.955997 0.956152 1.07382
0.95727 0.865638 0.99879 0.956009 0.95609 1.07381
0.956778 0.82289 1.03777 0.955444 1.01484 1.07003
0.957725 0.907287 0.96053 0.956022 0.956029 1.0738
0.956742 0.82179 1.03849 0.96261 0.936918 1.05196
end
gesture a17 hands 2
0.93364 0.61386 1.13465 0.952402 0.930101 1.03066
0.942996 0.622634 1.1081 0.958431 0.939521 1.02123
0.960811 0.655373 1.06447 0.954337 0.921436 1.0591
0.979863 0.698622 1.0395 0.964459 0.948942 1.0118
0.998713 0.750173 1.03714 1.00572 0.972488 0.968225
1.01794 0.796908 1.05659 1.00739 0.987344 0.956499
1.03588 0.839264 1.09335 1.01108 1.02761 0.93868
1.05158 0.882488 1.13016 1.00906 1.0022 0.944772
1.06194 0.884861 1.16569 1.00805 0.989498 0.947819
1.05295 0.878186 1.15025 1.00754 0.983146 0.949342
1.03152 0.935707 1.11051 1.04698 0.996033 0.92465
1.03774 0.903609 1.12266 1.00704 0.976795 0.950865
1.0163 0.96113 1.08292 0.956599 0.980124 0.970613
1.03013 0.916321 1.10887 0.949836 1.00978 1.00753
1.0087 0.973842 1.06913 0.934447 1.02875 0.988318
1.02633 0.922676 1.10197 0.943073 1.03943 1.04444
1.00489 0.980197 1.06223 0.961383 1.02208 1.08148
1.02443 0.925854 1.09852 0.968257 1.00094 1.07142
1.00299 0.983375 1.05878 0.989534 1.02262 1.08239
1.02348 0.927443 1.0968 0.97513 0.979803 1.06136
1.00204 0.984964 1.05705 0.967929 0.958395 1.05085
1.023 0.928238 1.09594 0.967421 0.963551 1.07054
1.00157 0.985759 1.05619 0.964328 0.947691 1.0456
1.02276 0.928635 1.09551 0.96562 0.958199 1.06791
1.00133 0.986156 1.05576 0.962527 0.942339 1.04297
1.00121 0.986354 1.05555 0.96472 0.955523 1.06659
1.04396 0.871511 1.13482 0.961627 0.939663 1.04165
1.00109 0.986553 1.05533 0.96427 0.954185 1.06594
0.981303 1.01659 1.01724 0.961177 0.938325 1.041
0.961844 1.02452 0.968861 0.964045 0.953516 1.06561
0.948251 0.988832 0.930317 0.960952 0.937656 1.04067
0.948304 0.93254 0.937942 0.966913 0.968707 1.09022
0.949634 0.789805 1.03051 0.960727 0.936987 1.04034
end
gesture a17 hands 2
0.914098 0.624545 1.01227 0.953504 0.965326 0.986104
0.939796 0.629162 0.997964 0.948149 0.960467 0.999084
0.986372 0.656596 0.976033 0.969777 0.967302 0.980179
1.02535 0.697598 0.97502 0.956285 0.961455 0.996121
1.0502 0.740732 0.992549 0.977913 0.96829 0.977217
1.06816 0.781405 1.02209 0.960354 0.961949 0.99464
1.08149 0.812276 1.06225 0.981982 0.968784 0.975736
1.09058 0.833775 1.11226 0.962388 0.962196 0.993898
1.1183 0.827294 1.1578 0.984016 0.969031 0.974995
1.13584 0.818792 1.14287 0.963405 0.962319 0.993528
1.12742 0.831074 1.12191 0.985033 0.969154 0.974625
1.1404 0.820681 1.12493 0.963914 0.962381 0.993343
1.13198 0.832963 1.10397 0.985542 0.969216 0.97444
1.14268 0.821626 1.11596 0.964168 0.962412 0.99325
1.13426 0.833908 1.095 0.985796 0.969247 0.974348
1.14383 0.822099 1.11147 0.964295 0.962427 0.993204
1.1354 0.834381 1.09052 0.985923 0.969263 0.974301
1.1444 0.822335 1.10923 0.964358 0.962435 0.993181
1.13597 0.834617 1.08827 0.985986 0.96927 0.974278
1.14468 0.822453 1.10811 0.942794 0.955607 1.01206
1.13626 0.834735 1.08715 0.98605 0.969278 0.974255
1.15339 0.810289 1.12794 1.02579 0.983809 0.933628
1.13654 0.834853 1.08603 1.01327 0.980195 0.949133
1.10522 0.869572 1.07251 1.05091 0.975204 0.937287
1.06852 0.91121 1.06663 1.00075 0.976581 0.964638
1.04762 0.9637 1.05277 0.965656 0.981628 1.01102
1.02933 1.0142 1.04405 0.947852 0.984231 1.06774
0.979389 1.02911 1.01947 0.925391 0.98299 1.12274
0.945165 1.01134 0.980136 0.916388 0.970511 1.11338
0.935209 0.958843 0.966438 0.899534 0.990264 1.14752
0.934165 0.902871 0.973709 0.907386 0.958032 1.10402
0.938101 0.844609 0.977494 0.944522 0.955888 1.05811
0.940968 0.815456 0.976072 1.00294 0.965906 0.991419
end
gesture a17 hands 2
1.00666 0.569783 1.07007 0.983774 0.95583 0.980582
1.01108 0.584545 1.04442 0.984863 0.954158 0.995317
1.03264 0.621634 1.00454 0.984083 0.963887 0.967075
1.054 0.669434 0.984302 0.985017 0.958187 0.988563
1.0728 0.718821 0.988997 0.984238 0.967916 0.960321
1.08956 0.765338 1.0095 0.985095 0.960201 0.985186
1.10453 0.794394 1.04249 0.984315 0.96993 0.956944
1.12871 0.797614 1.08947 0.985133 0.961208 0.983497
1.15784 0.773932 1.08332 0.984354 0.970937 0.955256
1.13969 0.795083 1.04058 0.985152 0.961712 0.982653
1.10449 0.837884 1.0338 0.984373 0.97144 0.954411
1.08941 0.856833 1.03457 0.985162 0.961963 0.982231
1.03486 0.91357 1.01584 0.984382 0.971692 0.953989
1.05459 0.894676 1.0256 0.985167 0.962089 0.98202
1.00005 0.951412 1.00686 0.984387 0.971818 0.953778
1.03718 0.913597 1.02111 0.985169 0.962152 0.981914
0.98264 0.970334 1.00237 0.98439 0.971881 0.953673
1.02848 0.923058 1.01886 0.98517 0.962183 0.981861
0.973937 0.979794 1.00013 0.984391 0.971913 0.95362
1.02413 0.927788 1.01774 0.985951 0.952486 1.01005
0.969585 0.984525 0.999005 0.984392 0.971944 0.953567
1.02195 0.930153 1.01718 1.00402 0.966108 0.940487
0.967409 0.98689 0.998444 0.975323 0.953506 0.982011
1.02086 0.931336 1.0169 0.951158 0.981319 1.02657
0.966321 0.988072 0.998164 0.932926 0.990678 1.08201
1.07432 0.875782 1.03535 0.911653 0.996818 1.13741
0.965233 0.989255 0.997883 0.922735 1.01278 1.11366
0.909821 1.00465 0.99247 0.955019 0.980093 1.08249
0.86996 0.9702 0.975538 0.975412 0.970366 1.05693
0.876314 0.912846 0.969923 0.985249 0.955575 1.08932
0.898292 0.859186 0.967986 0.985389 0.958065 1.05986
0.915595 0.802609 0.97054 0.995804 0.960639 1.03137
0.936174 0.68984 0.999798 0.985529 0.960555 1.03041
end
gesture a17 hands 2
1.00782 0.663999 1.01377 1.00743 0.97567 1.01674
1.00944 0.672344 0.985954 1.00311 0.971437 1.0304
1.0135 0.706949 0.943154 0.994488 0.983068 1.00467
1.02175 0.754196 0.924712 0.996643 0.975136 1.02436
1.03695 0.808698 0.925651 0.988017 0.986767 0.99863
1.05255 0.847876 0.941522 0.993407 0.976986 1.02134
1.07011 0.877017 0.972106 0.984782 0.988617 0.995611
1.09394 0.887487 1.01975 0.991789 0.977911 1.01983
1.12588 0.86305 1.05319 0.983164 0.989542 0.994102
1.12917 0.877776 1.00556 0.990981 0.978373 1.01908
1.10047 0.913248 0.988218 0.982355 0.990004 0.993348
1.0313 0.983869 0.997206 0.990576 0.978604 1.0187
0.989282 1.01464 1.00007 0.981951 0.990235 0.99297
0.935138 1.02856 0.985409 0.990374 0.978719 1.01851
0.905615 0.982954 0.969318 0.981748 0.99035 0.992782
0.90699 0.955749 0.974254 0.990273 0.978777 1.01842
0.921994 0.904176 0.995699 0.981647 0.990408 0.992687
0.91518 0.91636 0.987444 0.990222 0.978806 1.01837
0.930184 0.864786 1.00889 0.981597 0.990437 0.99264
0.919275 0.896665 0.99404 0.990197 0.978821 1.01835
0.934279 0.845092 1.01548 0.981571 0.990452 0.992617
0.921322 0.886818 0.997337 0.998797 0.967204 1.04405
0.936327 0.835244 1.01878 0.981546 0.990466 0.992593
0.922346 0.881894 0.998986 0.999425 1.00531 0.938736
0.93735 0.830321 1.02043 1.01133 0.978134 0.919338
0.922858 0.879432 0.999811 1.018 1.0014 0.883332
0.937862 0.827859 1.02126 1.0054 0.982292 0.916069
0.938118 0.826628 1.02167 1.02323 0.950958 0.899939
0.908365 0.928544 0.97919 0.99281 0.963185 0.948806
0.938374 0.825397 1.02208 0.956734 0.986868 0.986933
0.952833 0.713094 1.04464 0.94811 0.984337 1.04023
0.963919 0.65584 1.05223 0.960055 0.973072 1.07834
0.979117 0.632307 1.06257 0.933242 0.966002 1.0892
end
gesture a17 hands 2
0.924204 0.58346 1.01725 0.948192 0.929311 1.07394
0.929601 0.576144 1.04574 0.965946 0.934398 1.05061
0.903537 0.568835 1.09878 0.954352 0.940912 1.04811
0.916808 0.593124 1.04719 0.95575 0.963477 0.995336
0.962557 0.62203 1.03082 0.98337 0.975926 0.944321
1.00363 0.662789 1.03754 0.99475 0.978874 0.948349
1.03429 0.705642 1.06199 0.981516 0.976986 0.974509
1.05272 0.740071 1.09863 0.993824 0.979404 0.963443
1.06325 0.76466 1.14386 0.98059 0.977516 0.989603
1.06783 0.749856 1.15461 0.99336 0.979669 0.97099
1.06993 0.770156 1.19783 0.980127 0.977781 0.997151
1.07117 0.752604 1.18159 0.993128 0.979802 0.974765
1.06281 0.766204 1.16014 0.979895 0.977913 1.00093
1.06761 0.750628 1.16275 0.993012 0.979868 0.976652
1.05925 0.764228 1.14129 0.979779 0.97798 1.00281
1.05747 0.76324 1.13187 0.992954 0.979901 0.977595
1.07241 0.735053 1.16536 0.979721 0.978013 1.00376
1.05569 0.762252 1.12245 0.992925 0.979917 0.978067
1.04045 0.797281 1.10858 0.979692 0.978029 1.00423
1.01852 0.847351 1.093 0.992911 0.979926 0.978303
1.00129 0.890554 1.0726 0.979677 0.978038 1.00446
0.993499 0.894251 1.04576 0.992904 0.97993 0.978421
0.987559 0.930132 1.03859 0.97967 0.978042 1.00458
0.985708 0.897949 1.01892 1.00613 0.981822 0.952378
0.984783 0.881858 1.00908 0.979663 0.978046 1.0047
0.984321 0.873812 1.00416 0.967937 0.978946 1.06294
0.984089 0.869789 1.0017 0.956689 0.967548 1.07854
0.983974 0.867777 1.00047 0.954206 0.947688 1.1063
0.983916 0.866772 0.999857 0.945441 0.956151 1.09413
0.983887 0.866269 0.999549 0.941059 0.960382 1.08804
0.992118 0.917471 0.988939 0.938868 0.962497 1.085
0.983858 0.865766 0.999242 0.931876 0.993629 1.07712
0.976218 0.844186 1.01334 0.936677 0.964613 1.08195
end
gesture a17 hands 2
0.927279 0.59667 1.1947 0.928265 0.961259 1.09806
0.940542 0.583188 1.17192 0.927809 0.955662 1.0843
0.949385 0.579941 1.11425 0.942734 0.958821 1.05918
0.95925 0.601834 1.06224 0.935044 0.954443 1.06486
0.990126 0.642803 1.0384 0.949969 0.957602 1.03973
1.02018 0.687683 1.04342 0.938661 0.953834 1.05514
1.04065 0.735164 1.06467 0.953586 0.956993 1.03001
1.05429 0.769652 1.09187 0.94047 0.953529 1.05027
1.06893 0.795985 1.13673 0.955395 0.956688 1.02515
1.08373 0.787632 1.13087 0.941374 0.953376 1.04785
1.09799 0.783956 1.17698 0.9563 0.956535 1.02272
1.09853 0.779278 1.12501 0.927353 0.950065 1.07054
1.07239 0.814702 1.09403 0.957204 0.956383 1.02029
1.01662 0.894637 1.06241 0.974763 0.981211 0.972617
0.992968 0.931976 1.03559 0.982502 0.983743 0.977723
0.987189 0.939624 1.0125 0.986372 0.985009 0.980276
0.990456 0.915586 0.999869 0.988306 0.985642 0.981553
0.985933 0.931429 0.994637 0.989273 0.985959 0.982191
0.9892 0.907392 0.982008 0.989757 0.986117 0.98251
0.985305 0.927332 0.985706 0.989999 0.986196 0.982669
0.988572 0.903294 0.973077 0.99012 0.986235 0.982749
0.984991 0.925283 0.981241 0.99018 0.986255 0.982789
0.988258 0.901246 0.968612 0.990211 0.986265 0.982809
0.984834 0.924259 0.979009 0.990226 0.98627 0.982819
0.988101 0.900221 0.96638 1.00885 0.992632 0.927628
0.984756 0.923747 0.977892 0.990241 0.986275 0.982829
0.988023 0.899709 0.965263 0.989094 0.975645 1.0102
0.987983 0.899453 0.964705 0.971636 0.979919 1.03803
0.98141 0.947272 0.989405 0.96679 0.972959 1.06499
0.987944 0.899197 0.964147 0.969341 0.958658 1.09278
0.984228 0.852725 0.989095 0.961945 0.965999 1.09195
0.974879 0.809002 1.02872 0.938445 0.955323 1.08228
0.971263 0.788543 1.04751 0.936339 0.964933 1.05404
end
gesture a17 hands 2
0.906684 0.498686 1.20058 0.932475 0.964042 1.04655
0.910473 0.497868 1.17108 0.945993 0.962854 1.0199
0.925405 0.503619 1.11449 0.956707 0.988757 0.969245
0.961072 0.534803 1.08373 0.982017 0.988932 0.951284
0.994074 0.581249 1.08199 0.989494 0.98895 0.919572
1.01658 0.628233 1.09552 0.998412 0.989028 0.926447
1.03305 0.673243 1.11668 0.986485 0.989269 0.953074
1.04765 0.711238 1.14763 0.996907 0.989187 0.943198
1.06676 0.737834 1.18922 0.98498 0.989428 0.969825
1.09967 0.722649 1.20848 0.996155 0.989267 0.951573
1.0964 0.716076 1.15502 0.984227 0.989507 0.978201
1.08544 0.73076 1.13969 0.995779 0.989307 0.955761
1.04838 0.79572 1.11212 0.983851 0.989547 0.982388
1.06142 0.770581 1.11824 0.995591 0.989327 0.957855
1.02436 0.835542 1.09067 0.983663 0.989567 0.984482
1.04942 0.790492 1.10751 0.995497 0.989337 0.958902
1.01236 0.855453 1.07994 0.983569 0.989577 0.985529
1.04341 0.800448 1.10215 0.995449 0.989341 0.959426
1.00635 0.865409 1.07458 0.983522 0.989582 0.986053
1.04041 0.805426 1.09947 1.00733 0.989106 0.933322
1.00335 0.870386 1.0719 0.983475 0.989587 0.986576
1.03891 0.807915 1.09813 0.966631 0.981732 1.04257
1.00185 0.872875 1.07056 0.97005 0.969553 1.06735
1.03816 0.809159 1.09746 0.97229 0.951358 1.09285
1.0011 0.87412 1.06989 0.97347 0.957373 1.09213
1.00073 0.874742 1.06956 0.959803 0.956237 1.10175
1.07447 0.745443 1.12436 0.954303 0.962327 1.08597
1.00035 0.875364 1.06922 0.959199 0.971802 1.05593
0.982646 0.916741 1.0384 0.948803 0.968417 1.07018
0.98101 0.92896 0.987221 0.943605 0.966724 1.07731
0.990351 0.874818 0.972231 0.941006 0.965877 1.08087
0.981665 0.823588 0.994812 0.946136 0.955102 1.11138
0.969974 0.77885 1.02421 0.938407 0.965031 1.08443
end
gesture a17 hands 2
0.899281 0.511459 1.16291 0.984485 0.968844 1.02987
0.928425 0.512901 1.15679 0.961807 0.9617 1.01184
0.979865 0.537369 1.1492 0.959344 0.938198 1.03827
1.0205 0.574198 1.15695 0.959676 0.936647 1.03953
1.04998 0.613794 1.17629 0.954779 0.909513 1.04367
1.07316 0.649267 1.20401 0.960008 0.935095 1.04079
1.09036 0.647621 1.25181 0.96034 0.933544 1.04206
1.08457 0.628914 1.23561 0.960423 0.933156 1.04238
1.07491 0.640379 1.21414 0.955277 0.907186 1.04556
1.07684 0.625294 1.21677 0.960506 0.932768 1.04269
1.06719 0.636759 1.1953 0.960589 0.93238 1.043
1.07298 0.623483 1.20736 0.96061 0.932283 1.04308
1.06332 0.634948 1.18589 0.955402 0.906604 1.04604
1.07105 0.622578 1.20265 0.960631 0.932186 1.04316
1.06139 0.634043 1.18118 0.960651 0.932089 1.04324
1.07877 0.610208 1.21941 0.960656 0.932065 1.04326
1.05946 0.633138 1.17647 0.955433 0.906458 1.04615
1.04485 0.668118 1.15548 0.960662 0.93204 1.04328
1.03225 0.706138 1.14597 0.960667 0.932016 1.0433
1.00704 0.772593 1.11372 0.960668 0.93201 1.0433
0.999553 0.803434 1.12059 0.95544 0.906422 1.04619
0.982273 0.80039 1.08891 0.960669 0.932004 1.04331
0.973633 0.798868 1.07307 0.960671 0.931998 1.04331
0.969313 0.798107 1.06515 0.960671 0.931997 1.04332
0.967153 0.797727 1.06119 0.955442 0.906413 1.04619
0.966073 0.797536 1.05921 0.960671 0.931995 1.04332
0.965533 0.797441 1.05822 0.960672 0.931993 1.04332
0.965263 0.797394 1.05772 0.960672 0.931993 1.04332
0.965128 0.79737 1.05748 0.950214 0.880828 1.04907
0.96506 0.797358 1.05735 0.960672 0.931992 1.04332
0.98182 0.839048 1.08148 0.96526 0.991078 1.04677
0.964993 0.797346 1.05723 0.950177 0.981065 1.0662
0.956772 0.774049 1.07036 0.911323 0.970681 1.07005
end
gesture a17 hands 2
0.888462 0.588774 1.35398 0.905492 0.962223 1.10335
0.893899 0.601633 1.38049 0.922995 0.962494 1.07944
0.902102 0.600263 1.37896 0.957331 0.959272 1.03181
0.899711 0.591979 1.32044 0.968663 0.941531 1.01311
0.922864 0.599241 1.27327 0.960203 0.937832 1.0434
0.959887 0.635671 1.25051 0.974079 0.955607 1.02796
0.983792 0.677118 1.24842 0.958817 0.982971 1.02757
1.00839 0.72022 1.26109 0.973386 0.978177 1.02005
1.04386 0.720821 1.29277 0.963999 0.974096 1.04804
1.03625 0.688554 1.25101 0.975977 0.97374 1.03028
1.02362 0.706354 1.21106 0.96659 0.969659 1.05827
1.0121 0.739924 1.18726 0.977272 0.971521 1.03539
0.999987 0.784973 1.1727 0.967885 0.96744 1.06338
0.987455 0.833107 1.15979 0.97792 0.970412 1.03795
0.976144 0.874527 1.1307 0.968533 0.966331 1.06594
0.972483 0.874412 1.10864 0.978244 0.969857 1.03923
0.967841 0.847404 1.10758 0.968857 0.965776 1.06722
0.968332 0.86085 1.09709 0.978406 0.96958 1.03987
0.96369 0.833842 1.09603 0.969018 0.965499 1.06786
0.966256 0.854069 1.09131 0.978487 0.969441 1.04019
0.961614 0.827061 1.09025 0.969099 0.965361 1.06818
0.965218 0.850679 1.08842 0.978527 0.969372 1.04035
0.960576 0.823671 1.08736 0.96914 0.965291 1.06834
0.964699 0.848984 1.08697 0.978547 0.969337 1.04043
0.960057 0.821975 1.08591 0.96916 0.965257 1.06842
0.964439 0.848136 1.08625 0.978557 0.96932 1.04047
0.959797 0.821128 1.08519 0.96917 0.965239 1.06846
0.96431 0.847712 1.08589 0.978562 0.969311 1.04049
0.959668 0.820704 1.08483 0.969175 0.965231 1.06848
0.968822 0.874297 1.08659 0.969177 0.965226 1.06849
0.959538 0.82028 1.08447 0.987955 0.973383 1.01252
0.951557 0.775332 1.12296 0.96918 0.965222 1.0685
0.947473 0.751788 1.14008 0.941835 0.969791 1.12101
end
gesture a17 hands 2
0.915835 0.543871 1.30655 0.947188 0.980068 1.102
0.917796 0.546092 1.27691 0.962695 0.978825 1.07667
0.939558 0.54932 1.22832 0.98423 0.981358 1.02229
0.973497 0.579697 1.19619 0.948095 0.954297 1.01495
0.994618 0.624436 1.18783 0.925509 0.905831 1.03935
1.01077 0.675324 1.19275 0.931018 0.90557 1.04095
1.03372 0.720407 1.21389 0.936194 0.933849 1.03358
1.03945 0.701812 1.22133 0.93636 0.919579 1.03806
1.0586 0.716117 1.26033 0.941537 0.947857 1.0307
1.04519 0.683217 1.22877 0.939031 0.926583 1.03662
1.02447 0.70143 1.18115 0.944208 0.954862 1.02925
1.0055 0.749627 1.15216 0.940367 0.930086 1.0359
0.989129 0.79897 1.13485 0.945544 0.958364 1.02853
0.971233 0.815405 1.09951 0.941035 0.931836 1.03554
0.971471 0.84275 1.11011 0.946212 0.960115 1.02817
0.962404 0.837296 1.08714 0.941369 0.932712 1.03536
0.95615 0.810197 1.0894 0.946546 0.960991 1.02799
0.954743 0.821019 1.07678 0.941536 0.93315 1.03527
0.948489 0.793921 1.07904 0.946713 0.961428 1.0279
0.950912 0.812881 1.0716 0.94162 0.933369 1.03522
0.944658 0.785782 1.07386 0.946796 0.961647 1.02785
0.948997 0.808812 1.06901 0.941661 0.933478 1.0352
0.942743 0.781713 1.07127 0.946838 0.961757 1.02783
0.94804 0.806777 1.06772 0.941682 0.933533 1.03519
0.941786 0.779679 1.06997 0.946859 0.961811 1.02782
0.947561 0.80576 1.06707 0.941693 0.93356 1.03519
0.941307 0.778661 1.06933 0.94687 0.961839 1.02782
0.947321 0.805251 1.06675 0.936526 0.905309 1.04255
0.941067 0.778153 1.069 0.94688 0.961866 1.02781
0.940948 0.777898 1.06884 0.970203 0.972151 1.02062
0.953336 0.831841 1.06417 0.964325 0.981435 1.0442
0.940828 0.777644 1.06868 0.965208 0.945692 1.08344
0.932473 0.725175 1.09444 0.941858 0.940993 1.13809
end
gesture a18 hands 2
0.904767 0.568831 1.06985 0.783028 0.693099 1.19009
0.915779 0.570813 1.07969 0.782589 0.679479 1.21649
0.957953 0.578703 1.12026 0.792197 0.628351 1.22446
0.942372 0.575749 1.10489 0.823081 0.611871 1.17867
0.984547 0.583639 1.14547 0.847891 0.627263 1.12955
0.955668 0.578217 1.1175 0.862743 0.663042 1.10373
0.997843 0.586107 1.15807 0.872992 0.708304 1.09312
0.962317 0.57945 1.1238 0.886939 0.748966 1.09011
1.00449 0.587341 1.16437 0.915164 0.789812 1.0873
0.965641 0.580068 1.12695 0.961132 0.844218 1.07108
1.00782 0.587958 1.16752 0.998488 0.855177 1.08903
0.967303 0.580376 1.12852 1.0071 0.898625 1.05487
1.00948 0.588266 1.16909 1.00134 0.937132 1.01151
0.968134 0.58053 1.12931 0.991989 0.960335 0.977685
1.01031 0.588421 1.16988 0.952364 0.96969 0.912734
0.968549 0.580607 1.12971 0.967501 0.976614 0.928297
1.01072 0.588498 1.17028 0.956039 0.952067 0.938517
0.92679 0.572794 1.08953 0.969338 0.967802 0.941188
1.01114 0.588575 1.17067 0.957877 0.943255 0.951409
1.02934 0.606311 1.16198 0.970257 0.963396 0.947634
1.07484 0.629747 1.14734 0.958795 0.938849 0.957854
1.11069 0.670828 1.13361 0.970716 0.961193 0.950857
1.13296 0.716907 1.14607 0.959255 0.936646 0.961077
1.13552 0.763388 1.17021 0.970946 0.960091 0.952469
1.12458 0.8112 1.19555 0.959484 0.935544 0.962689
1.10902 0.859245 1.21682 0.971061 0.959541 0.953274
1.09574 0.90852 1.21121 0.959599 0.934994 0.963494
1.0809 0.955315 1.18456 0.971118 0.959265 0.953677
1.06146 0.99371 1.1456 0.959657 0.934718 0.963897
1.02897 1.04934 1.0626 0.982637 0.983537 0.94386
1.01621 1.05496 1.0107 0.959714 0.934443 0.9643
1.01073 1.00405 0.987045 0.936772 0.898652 1.0035
1.00447 0.95253 1.00642 0.915453 0.873404 1.04987
end
gesture a18 hands 2
0.938368 0.631959 1.23931 0.807686 0.80461 1.40428
0.945015 0.624699 1.21145 0.820853 0.802919 1.31617
0.936745 0.62574 1.15387 0.846353 0.800056 1.26274
0.901421 0.637803 1.10941 0.836555 0.770826 1.27691
0.893553 0.627283 1.11301 0.836566 0.778205 1.25015
0.927048 0.621847 1.15967 0.831661 0.759901 1.27061
0.966294 0.626817 1.20382 0.840143 0.761029 1.24266
0.993297 0.633556 1.19354 0.83345 0.751313 1.26687
1.03914 0.663064 1.1721 0.841932 0.75244 1.23891
1.02972 0.651679 1.17768 0.834345 0.747019 1.26499
1.07557 0.681187 1.15623 0.842827 0.748146 1.23704
1.04793 0.660741 1.16975 0.834792 0.744872 1.26406
1.09378 0.690248 1.1483 0.843274 0.745999 1.23611
1.05704 0.665272 1.16578 0.835015 0.743798 1.26359
1.10288 0.694779 1.14434 0.843497 0.744926 1.23564
1.06159 0.667537 1.1638 0.835127 0.743261 1.26335
1.10744 0.697045 1.14235 0.843609 0.744389 1.2354
1.06387 0.66867 1.16281 0.843665 0.74412 1.23529
1.10971 0.698177 1.14136 0.826757 0.741597 1.29107
1.06501 0.669236 1.16231 0.843721 0.743852 1.23517
1.11085 0.698744 1.14087 0.858857 0.770405 1.19831
1.0203 0.640295 1.18326 0.887639 0.857871 1.17247
1.11199 0.69931 1.14037 0.919114 0.898021 1.15446
1.14637 0.742388 1.14269 0.961004 0.912645 1.1207
1.16805 0.784519 1.173 0.989137 0.911032 1.07092
1.16433 0.830006 1.20576 0.997892 0.909713 1.01328
1.14582 0.87777 1.21877 0.990343 0.915352 0.986085
1.12863 0.930214 1.20468 1.00665 0.908394 0.95564
1.09821 1.00075 1.15331 0.991549 0.919673 0.901249
1.08174 1.03657 1.11542 0.942818 0.900949 0.878893
1.07167 1.05667 1.06999 0.905212 0.863231 0.904091
1.06191 1.03274 1.02976 0.885588 0.844019 0.955607
1.05421 1.00626 1.0325 0.875133 0.826752 1.04113
end
gesture a18 hands 2
0.950384 0.795123 1.15195 0.872011 0.769618 1.2738
0.967215 0.786325 1.14467 0.862594 0.772125 1.24566
0.963647 0.79492 1.17876 0.860089 0.778111 1.18656
0.954675 0.786553 1.13669 0.874876 0.77728 1.18023
0.984046 0.777526 1.13738 0.868592 0.762615 1.20318
0.963431 0.77752 1.11873 0.889663 0.77645 1.17389
0.945704 0.778185 1.09461 0.875276 0.757667 1.1713
0.942816 0.777514 1.10009 0.877095 0.747119 1.2198
0.941373 0.777178 1.10282 0.86089 0.738885 1.16872
0.916726 0.784263 1.08965 0.872416 0.755712 1.11318
0.940651 0.77701 1.10419 0.889652 0.79256 1.07683
0.94029 0.776926 1.10488 0.902771 0.830484 1.06674
0.892079 0.791349 1.07647 0.917921 0.869355 1.06465
0.939929 0.776842 1.10556 0.943298 0.919302 1.06122
0.982105 0.769747 1.14595 0.973714 0.957805 1.05463
1.0297 0.783778 1.12962 1.00677 0.994037 1.0291
1.07478 0.813164 1.10759 1.02137 1.01805 0.983306
1.11456 0.853921 1.10447 1.01346 1.02231 0.926912
1.15075 0.895268 1.12297 0.974894 1.00341 0.901609
1.17218 0.932547 1.156 0.933367 0.963351 0.908635
1.1712 0.971301 1.18686 0.914244 0.918342 0.935563
1.15856 1.01561 1.2051 0.906383 0.880902 0.976511
1.14185 1.06755 1.19955 0.904654 0.850749 1.02527
1.12494 1.09101 1.16652 0.906639 0.820447 1.07608
1.1039 1.09415 1.1289 0.897977 0.811899 1.07197
1.07543 1.08821 1.08099 0.915504 0.81689 1.049
1.04991 1.07079 1.03259 0.917622 0.812389 1.05414
1.03752 1.0297 0.999363 0.889315 0.803351 1.06786
1.03514 0.974396 1.00964 0.919739 0.807889 1.05928
1.02886 0.92914 1.04344 0.934952 0.810157 1.05498
1.0182 0.881496 1.07457 0.942558 0.811292 1.05284
1.00882 0.829428 1.10075 0.92437 0.813333 1.02192
0.974311 0.783133 1.0932 0.950164 0.812426 1.05069
end
gesture a18 hands 2
0.973706 0.660326 1.14049 0.947996 0.75253 1.24232
0.967009 0.655612 1.16905 0.965963 0.748309 1.21011
0.997171 0.654745 1.21592 0.973901 0.73944 1.2357
1.04479 0.649772 1.19347 0.983931 0.744089 1.17791
1.08264 0.684367 1.17113 0.991476 0.769664 1.12828
1.11123 0.727757 1.17659 0.997418 0.814645 1.09736
1.12226 0.776893 1.19024 1.00433 0.858921 1.0799
1.11114 0.842941 1.1914 1.01925 0.911848 1.06667
1.10848 0.865994 1.21307 1.0418 0.960867 1.04838
1.10425 0.887491 1.20282 1.04556 1.00163 1.01078
1.08569 0.908354 1.16722 1.0231 1.02686 0.965943
1.09285 0.908671 1.17989 0.972427 1.02848 0.937733
1.07429 0.929534 1.1443 0.922624 1.01126 0.913385
1.08716 0.919261 1.16843 0.881143 0.970408 0.919349
1.06859 0.940124 1.13284 0.856946 0.919127 0.934699
1.08431 0.924556 1.1627 0.858772 0.904022 0.958585
1.06574 0.945419 1.12711 0.872879 0.881689 1.01017
1.08288 0.927204 1.15983 0.866739 0.885302 0.99632
1.06432 0.948066 1.12424 0.880846 0.86297 1.0479
1.08217 0.928527 1.1584 0.870722 0.875943 1.01519
1.06361 0.94939 1.12281 0.884829 0.853611 1.06677
1.10002 0.908989 1.19256 0.872713 0.871263 1.02462
1.0629 0.950714 1.12137 0.88682 0.848931 1.07621
1.04577 0.973638 1.09079 0.873709 0.868923 1.02934
1.02577 0.992438 1.05019 0.887816 0.846591 1.08092
1.01291 0.961251 1.01715 0.874207 0.867753 1.0317
1.00476 0.984659 0.998492 0.888314 0.845421 1.08328
1.00006 0.930063 0.984116 0.888563 0.844836 1.08446
1.00064 0.880324 1.01165 0.860598 0.888916 0.982471
1.00578 0.839103 1.04682 0.888812 0.844251 1.08564
1.01323 0.792277 1.08119 0.919909 0.801917 1.13497
1.01573 0.750871 1.12221 0.932685 0.778903 1.1712
1.01624 0.705334 1.15888 0.951005 0.759584 1.18431
end
gesture a18 hands 2
1.06082 0.643628 1.238 0.962739 0.762811 1.25293
1.05455 0.649835 1.26658 0.971048 0.765024 1.22434
1.05415 0.641813 1.26813 0.982889 0.793684 1.17773
1.1026 0.673895 1.2684 0.991832 0.837249 1.15082
1.13757 0.720015 1.27043 1.0054 0.886452 1.13318
1.14849 0.770408 1.27727 1.02866 0.928299 1.11647
1.14206 0.818662 1.28301 1.04446 0.96465 1.07633
1.13259 0.862333 1.27521 1.02979 0.987414 1.02662
1.11778 0.893148 1.24144 0.999321 1.00101 0.980396
1.07522 0.928586 1.16892 0.929929 0.97068 0.950058
1.0509 0.943334 1.12631 0.899227 0.980784 0.929337
1.03934 0.938582 1.101 0.860538 0.940354 0.91972
1.03338 0.915048 1.09317 0.861504 0.889378 0.948215
1.03058 0.924439 1.08443 0.864615 0.872239 0.971518
1.02462 0.900905 1.0766 0.878437 0.846216 1.0362
1.0262 0.917368 1.07614 0.873082 0.850658 1.01551
1.02024 0.893834 1.06832 0.886904 0.824636 1.08019
1.02401 0.913832 1.072 0.877315 0.839867 1.03751
1.01805 0.890298 1.06417 0.891137 0.813845 1.10219
1.02291 0.912064 1.06993 0.879431 0.834472 1.0485
1.01695 0.88853 1.0621 0.893253 0.80845 1.11318
1.02236 0.91118 1.0689 0.88049 0.831775 1.054
1.01641 0.887646 1.06107 0.894312 0.805753 1.11868
1.02209 0.910738 1.06838 0.881019 0.830426 1.05675
1.01613 0.887204 1.06055 0.894841 0.804404 1.12143
1.02195 0.910517 1.06812 0.881283 0.829751 1.05813
1.016 0.886983 1.06029 0.895105 0.803729 1.12281
1.01593 0.886873 1.06016 0.881416 0.829414 1.05881
1.02777 0.93383 1.07569 0.895238 0.803392 1.12349
1.01586 0.886762 1.06003 0.881482 0.829246 1.05916
1.01168 0.837367 1.09182 0.895304 0.803224 1.12384
1.01595 0.789913 1.12305 0.867726 0.855099 0.994821
1.0248 0.766243 1.13772 0.89537 0.803055 1.12418
end
gesture a18 hands 2
1.02256 0.676875 1.18669 0.886406 0.734937 1.23795
1.00133 0.676377 1.20757 0.877842 0.72648 1.26513
1.00303 0.67609 1.26066 0.878125 0.713638 1.3229
1.04688 0.686453 1.29526 0.908329 0.714227 1.27333
1.09011 0.716068 1.31195 0.93137 0.736233 1.22985
1.11238 0.764804 1.32461 0.949572 0.776897 1.19964
1.11557 0.815041 1.33066 0.961702 0.813315 1.18541
1.11005 0.86759 1.32129 0.98558 0.859638 1.16733
1.10135 0.902518 1.29273 1.00383 0.902669 1.13495
1.06456 0.942899 1.21029 1.00746 0.939735 1.09379
1.04298 0.967845 1.1732 0.993989 0.969194 1.04845
1.02777 0.983281 1.12784 0.98032 0.979445 1.02545
1.02166 0.967303 1.08025 0.944159 0.988537 0.979208
1.02391 0.939161 1.07608 0.940307 0.982148 0.974277
1.02575 0.895069 1.11243 0.966651 0.989697 1.00245
1.02595 0.903044 1.09217 0.936455 0.975758 0.969347
1.02779 0.858951 1.12853 0.921356 0.968789 0.952795
1.02698 0.884985 1.10022 0.917582 0.967047 0.948657
1.02882 0.840893 1.13657 0.907843 0.988335 0.93138
1.02749 0.875956 1.10424 0.913807 0.965305 0.944519
1.02933 0.831863 1.1406 0.910033 0.963562 0.940381
1.02774 0.871441 1.10625 0.902181 0.985721 0.925173
1.02958 0.827349 1.14261 0.908145 0.962691 0.938312
1.02787 0.869184 1.10726 0.907202 0.962256 0.937277
1.02971 0.825091 1.14361 0.894329 1.00788 0.909966
1.02794 0.868055 1.10776 0.906258 0.96182 0.936243
1.02978 0.823963 1.14412 0.914961 0.925202 0.981166
1.02981 0.823398 1.14437 0.919002 0.887325 1.02434
1.02616 0.911019 1.07191 0.922045 0.870422 1.04696
1.02984 0.822834 1.14462 0.923043 0.849448 1.06752
1.03806 0.766673 1.14917 0.929129 0.815643 1.11275
1.02473 0.737479 1.10275 0.931126 0.773694 1.15388
0.990161 0.727318 1.05698 0.921274 0.749568 1.20562
end
gesture a18 hands 2
1.0886 0.785273 1.11996 0.873721 0.734888 1.2689
1.11283 0.779269 1.13581 0.846325 0.725057 1.27547
1.16257 0.77722 1.16884 0.896222 0.737083 1.24681
1.21582 0.751374 1.17075 0.944141 0.74341 1.21348
1.26338 0.771513 1.17864 0.954656 0.702662 1.18543
1.27657 0.784888 1.13116 0.969684 0.696927 1.1311
1.30673 0.831432 1.11336 0.973591 0.719796 1.08851
1.30909 0.888316 1.12742 0.975282 0.762368 1.0612
1.30508 0.936017 1.14284 0.98105 0.850178 1.03181
1.29181 0.987535 1.14615 0.984347 0.886009 1.00398
1.27761 1.02838 1.12814 0.968456 0.895115 0.957418
1.26146 1.03505 1.11069 0.926157 0.873081 0.980941
1.21249 1.01824 1.10487 0.91362 0.877285 1.03722
1.2289 1.02998 1.09905 0.936972 0.860326 1.08713
1.17993 1.01318 1.09323 0.9392 0.802777 1.09621
1.21262 1.02745 1.09323 0.945669 0.779231 1.1243
1.16365 1.01064 1.08741 0.958945 0.773135 1.18086
1.20448 1.02619 1.09032 0.959656 0.825827 1.16765
1.15551 1.00938 1.0845 1.01156 0.805156 1.16607
1.20041 1.02555 1.08887 0.985965 0.841837 1.16025
1.15144 1.00874 1.08305 1.03787 0.821166 1.15867
1.19837 1.02524 1.08814 0.99912 0.849842 1.15656
1.14941 1.00843 1.08232 1.05103 0.829171 1.15498
1.19736 1.02508 1.08777 1.0057 0.853844 1.15471
1.14839 1.00827 1.08195 1.0576 0.833174 1.15313
1.19685 1.025 1.08759 1.00899 0.855846 1.15378
1.14788 1.00819 1.08177 1.06089 0.835175 1.1522
1.24531 1.04173 1.09323 1.01063 0.856846 1.15332
1.14737 1.00811 1.08159 1.06254 0.836175 1.15174
1.10111 0.98547 1.06112 1.01145 0.857347 1.15309
1.00902 0.975105 1.01812 1.06336 0.836676 1.15151
0.956345 0.960986 1.00238 0.960368 0.878518 1.15444
0.910787 0.928984 1.0183 1.06418 0.837176 1.15128
end
gesture a18 hands 2
0.854711 1.24681 0.59665 0.661171 0.856111 1.08418
0.872058 1.23828 0.618359 0.65784 0.874301 1.06151
0.891099 1.21138 0.661585 0.665936 0.912653 1.01978
0.893297 1.19627 0.682219 0.684366 0.926874 1.00466
0.895118 1.16817 0.724472 0.710716 0.921835 1.01393
0.895307 1.17466 0.713663 0.706756 0.931465 1.00174
0.897127 1.14657 0.755916 0.733106 0.926426 1.01101
0.896312 1.16386 0.729384 0.717952 0.933761 1.00028
0.898131 1.13577 0.771637 0.744301 0.928721 1.00954
0.896814 1.15846 0.737245 0.723549 0.934908 0.999544
0.898634 1.13037 0.779498 0.749899 0.929869 1.00881
0.897065 1.15576 0.741176 0.726348 0.935482 0.999178
0.898885 1.12767 0.783429 0.752697 0.930443 1.00845
0.89719 1.15441 0.743141 0.727747 0.935769 0.998995
0.89901 1.12632 0.785394 0.754097 0.93073 1.00826
0.897253 1.15374 0.744123 0.728447 0.935912 0.998904
0.899073 1.12564 0.786376 0.754796 0.930874 1.00817
0.897285 1.1534 0.744615 0.728797 0.935984 0.998858
0.899105 1.12531 0.786868 0.755146 0.930945 1.00813
0.8973 1.15323 0.74486 0.728972 0.93602 0.998835
0.89912 1.12514 0.787113 0.755321 0.930981 1.0081
0.897308 1.15315 0.744983 0.729059 0.936038 0.998824
0.899128 1.12505 0.787236 0.755409 0.930999 1.00809
0.897312 1.15311 0.745045 0.729103 0.936047 0.998818
0.899132 1.12501 0.787298 0.755452 0.931008 1.00809
0.897314 1.15309 0.745075 0.729125 0.936051 0.998815
0.899134 1.12499 0.787328 0.755474 0.931013 1.00808
0.897315 1.15308 0.745091 0.755485 0.931015 1.00808
0.899135 1.12498 0.787344 0.702797 0.941095 0.989545
0.895496 1.18116 0.702853 0.755496 0.931017 1.00808
0.899136 1.12497 0.787359 0.798783 0.916675 1.0438
0.904364 1.09345 0.835369 0.838657 0.902873 1.08287
0.905823 1.07845 0.856766 0.856234 0.895622 1.1047
end
gesture a18 hands 2
1.10922 0.806267 1.2371 0.952063 0.71868 1.20962
1.12305 0.812695 1.26264 0.952807 0.716958 1.18082
1.17649 0.819754 1.2653 0.956925 0.738006 1.13266
1.2031 0.835763 1.21793 0.966582 0.85699 1.06939
1.21994 0.882723 1.19066 0.97245 0.887059 1.02754
1.24621 0.929937 1.18705 0.960022 0.868733 0.978178
1.24901 0.986552 1.19439 0.917811 0.839758 1.00248
1.2386 1.0356 1.19243 0.887588 0.825207 1.04793
1.22611 1.07121 1.16812 0.914156 0.822396 1.09407
1.19288 1.07563 1.1349 0.931747 0.803949 1.10587
1.14877 1.05066 1.12393 0.97767 0.827309 1.11934
1.10258 1.02138 1.12136 0.963503 0.806406 1.11851
1.05903 0.999603 1.12262 1.00943 0.829765 1.13198
1.01542 0.977636 1.10601 0.979384 0.807634 1.12483
0.980328 0.969108 1.06508 1.02531 0.830994 1.13829
0.958621 0.981652 1.01986 0.987321 0.808248 1.12798
0.962933 1.01302 0.983906 1.03324 0.831608 1.14145
0.979694 1.02498 0.971189 0.99129 0.808555 1.12956
0.994871 1.00912 0.984291 1.03721 0.831915 1.14303
0.995663 1.02303 0.971382 1.0392 0.832068 1.14382
1.01084 1.00718 0.984483 0.949337 0.785502 1.11767
1.00365 1.02206 0.971478 1.04118 0.832222 1.14461
1.01883 1.0062 0.98458 1.08148 0.863357 1.16812
1.00764 1.02157 0.971526 1.09639 0.89414 1.20702
1.02282 1.00572 0.984628 1.07982 0.9328 1.21387
0.996455 1.03694 0.958473 1.04482 0.9543 1.19787
1.02681 1.00523 0.984676 0.999548 0.951185 1.17097
1.03984 0.968278 1.02481 0.960933 0.948148 1.12962
1.06547 0.939265 1.06528 0.944279 0.917109 1.08643
1.10015 0.907187 1.10196 0.942496 0.861704 1.09288
1.13013 0.865411 1.13044 0.946451 0.757921 1.14121
1.14259 0.816565 1.15872 0.974921 0.710159 1.15101
1.13976 0.797463 1.18138 0.999714 0.714182 1.13467
end
gesture a18 hands 2
1.00661 0.667514 0.993589 0.942271 0.629649 1.21017
0.989592 0.682175 0.974023 0.935584 0.605214 1.22556
1.02508 0.672073 1.01501 0.934573 0.605856 1.16724
1.07945 0.67963 1.0363 0.935171 0.623281 1.14903
1.10539 0.695779 1.05092 0.940995 0.686656 1.12867
1.12664 0.692078 1.05192 0.938382 0.663682 1.12975
1.1652 0.697103 1.09585 0.944205 0.727057 1.10939
1.19045 0.711529 1.14124 0.939988 0.683882 1.12011
1.21035 0.738502 1.18977 0.945811 0.747257 1.09975
1.21338 0.772412 1.21792 0.94079 0.693982 1.11529
1.20837 0.823688 1.21616 0.946613 0.757357 1.09493
1.18937 0.859286 1.19078 0.941192 0.699032 1.11288
1.1575 0.886376 1.16645 0.947015 0.762407 1.09252
1.12323 0.913161 1.1437 0.941392 0.701557 1.11167
1.08764 0.946096 1.11805 0.947215 0.764932 1.09132
1.02477 1.02632 1.07311 0.947316 0.766194 1.09071
0.987469 1.0351 1.06157 0.93577 0.640707 1.13082
0.980205 1.02095 1.03746 0.947416 0.767457 1.09011
0.988596 0.92315 1.04271 0.951864 0.809098 1.05904
0.980769 0.964975 1.02802 0.94817 0.825817 1.00855
0.98916 0.867175 1.03327 0.91143 0.811622 0.96578
0.98105 0.936988 1.02331 0.871408 0.785876 0.98916
0.989441 0.839188 1.02856 0.857775 0.774202 1.04297
0.981191 0.922994 1.02095 0.866492 0.775765 1.0994
0.989582 0.825194 1.0262 0.882635 0.811105 1.13645
0.981262 0.915997 1.01977 0.917323 0.85204 1.13139
0.989653 0.818197 1.02502 0.929632 0.90416 1.12212
0.981297 0.912498 1.01918 0.955206 0.954164 1.11283
0.989688 0.814698 1.02443 0.994308 0.994092 1.10023
0.981314 0.910749 1.01888 1.00494 0.947374 1.09771
0.989705 0.812949 1.02413 0.983479 0.839109 1.12116
0.972941 1.0068 1.01334 0.966343 0.786709 1.1275
0.989723 0.8112 1.02384 0.962018 0.730845 1.14461
end
gesture a18 hands 2
1.05188 0.787512 1.0701 1.01079 0.813638 1.06127
1.02753 0.789966 1.05293 0.999167 0.800637 1.08561
1.02476 0.786813 1.05363 0.981876 0.777479 1.13714
1.02912 0.789154 1.05099 0.992862 0.762414 1.19022
1.06425 0.781131 1.05597 0.991083 0.742515 1.14072
1.11229 0.798143 1.02831 0.989234 0.756556 1.11971
1.15861 0.828425 1.0076 0.992363 0.822868 1.08918
1.19154 0.816721 1.04362 0.989874 0.796732 1.09395
1.20941 0.810097 1.09847 0.993002 0.863045 1.06341
1.23153 0.816572 1.1478 0.990194 0.81682 1.08106
1.24581 0.841347 1.19098 0.993322 0.883133 1.05052
1.24634 0.883372 1.2149 0.990354 0.826864 1.07462
1.23941 0.932837 1.21711 0.993482 0.893177 1.04408
1.22114 0.971632 1.19765 0.990434 0.831886 1.0714
1.18359 0.980418 1.16557 0.993562 0.898199 1.04086
1.1391 0.960813 1.14489 0.990474 0.834397 1.06979
1.11735 0.955796 1.13138 0.993602 0.90071 1.03925
1.0946 0.941207 1.12421 0.987385 0.770596 1.09871
1.05111 0.931174 1.09718 0.993642 0.903221 1.03764
1.01162 0.932169 1.06449 0.994395 0.943524 1.00082
0.980526 0.946509 1.0208 0.977943 0.946138 0.949567
0.983441 0.927092 0.991071 0.939591 0.907728 0.931673
0.984899 0.917384 0.976206 0.905175 0.878262 0.959583
0.975843 0.935944 0.971166 0.902982 0.868317 1.01666
0.985627 0.912529 0.968774 0.91798 0.864464 1.07244
0.976208 0.933517 0.96745 0.936357 0.857867 1.12344
0.985992 0.910102 0.965058 0.952871 0.840605 1.17576
0.97639 0.932303 0.965592 0.960553 0.822344 1.23078
0.986174 0.908889 0.9632 0.936635 0.804308 1.27583
0.986265 0.908282 0.962271 0.905759 0.841618 1.247
0.966788 0.954504 0.966125 0.892321 0.825351 1.19676
0.986356 0.907675 0.961342 0.922189 0.816026 1.14808
1.00475 0.869844 1.00267 0.967229 0.808845 1.0729
end
gesture a18 hands 2
1.04129 0.789338 1.07504 0.96038 0.737041 1.10191
1.08089 0.789317 1.11088 0.958381 0.73778 1.13176
1.11886 0.818452 1.09569 0.956047 0.729679 1.18864
1.12049 0.789296 1.14672 0.957837 0.700999 1.14923
1.15173 0.777772 1.16536 0.956232 0.72194 1.10023
1.19275 0.787694 1.20549 0.957959 0.759689 1.07826
1.22052 0.808575 1.25112 0.968402 0.849892 1.04958
1.23441 0.844389 1.28194 0.975018 0.889835 1.02342
1.23968 0.889213 1.29719 0.975122 0.899164 0.966275
1.23387 0.941873 1.28793 0.948633 0.860146 0.949423
1.21183 0.974279 1.26146 0.928704 0.825705 0.993107
1.1937 0.976432 1.24534 0.919534 0.803296 1.04493
1.13813 0.95842 1.20487 0.923483 0.795027 1.10156
1.15685 0.968503 1.21705 0.934001 0.809581 1.12443
1.10128 0.95049 1.17657 0.946198 0.851894 1.16066
1.13843 0.964538 1.2029 0.945358 0.838014 1.15398
1.08286 0.946526 1.16243 0.957555 0.880328 1.1902
1.12922 0.962555 1.19582 0.951037 0.852231 1.16876
1.07365 0.944543 1.15535 0.963233 0.894545 1.20498
1.12462 0.961564 1.19229 0.953876 0.85934 1.17614
1.06905 0.943552 1.15182 0.966073 0.901654 1.21236
1.12231 0.961069 1.19052 0.955296 0.862894 1.17984
1.06674 0.943057 1.15005 0.967492 0.905208 1.21606
1.12116 0.960821 1.18963 0.956006 0.864671 1.18168
1.06559 0.942809 1.14916 0.968202 0.906985 1.2179
1.17558 0.978585 1.22922 0.944519 0.824134 1.14731
1.06444 0.942561 1.14828 0.968912 0.908762 1.21975
1.03027 0.940086 1.11091 0.972761 0.946662 1.26451
1.00325 0.943498 1.06648 0.945666 0.95002 1.27492
0.988315 0.935664 1.01326 0.937911 0.915054 1.23151
1.01291 0.887045 1.00726 0.94005 0.874928 1.19
1.03827 0.839428 1.03287 0.943533 0.840481 1.14479
1.05546 0.818273 1.04386 0.970994 0.784996 1.081
end
gesture a18 hands 2
1.06933 0.70405 1.14446 0.943578 0.86448 1.15618
1.07386 0.708951 1.12394 0.933916 0.852119 1.13099
1.09555 0.702502 1.15884 0.921412 0.860016 1.10773
1.07839 0.713853 1.10343 0.930063 0.850369 1.10798
1.03212 0.728406 1.07835 0.938547 0.853128 1.08182
0.989933 0.736918 1.04029 0.93863 0.846926 1.09502
0.970781 0.767894 1.02744 0.947115 0.849685 1.06887
0.98485 0.815283 1.04007 0.942914 0.845204 1.08854
0.984186 0.905459 1.10016 0.951399 0.847963 1.06239
0.983338 0.95978 1.10121 0.953541 0.847102 1.05915
0.969916 0.999879 1.06406 0.938713 0.840723 1.10822
0.953425 1.02913 1.02524 0.955683 0.846241 1.05591
0.933254 1.05457 0.981929 0.968221 0.884684 1.02516
0.929133 1.01864 0.966289 0.981898 0.935103 0.998418
0.912453 1.03547 0.936347 0.988769 0.967206 0.960798
0.918733 1.00909 0.943498 0.970107 0.950837 0.952695
0.941377 0.972502 0.981519 0.960777 0.942653 0.948643
0.933194 0.977603 0.966084 0.956111 0.938561 0.946617
0.955838 0.941019 1.0041 0.953779 0.936515 0.945604
0.940425 0.961861 0.977377 0.952612 0.935492 0.945097
0.963069 0.925277 1.0154 0.952029 0.934981 0.944844
0.944041 0.95399 0.983023 0.974353 0.971257 0.910319
0.966685 0.917406 1.02104 0.951446 0.934469 0.944591
0.945848 0.950055 0.985846 0.944253 0.917281 0.99614
0.968492 0.913471 1.02387 0.94232 0.910529 1.05133
0.946752 0.948087 0.987258 0.939061 0.898772 1.10509
0.969396 0.911503 1.02528 0.922264 0.891429 1.12315
0.947204 0.947103 0.987964 0.922603 0.900871 1.09539
0.969848 0.910519 1.02598 0.924558 0.89546 1.10483
0.94743 0.946611 0.988317 0.905466 0.884086 1.14121
0.970074 0.910027 1.02634 0.926514 0.890049 1.11426
0.925012 0.982704 0.950649 0.906144 0.90297 1.08568
0.9703 0.909535 1.02669 0.947562 0.896011 1.08732
end
gesture a18 hands 2
1.06045 0.692945 1.19504 0.956291 0.875044 1.15124
1.05356 0.690656 1.16611 0.953236 0.860678 1.149
1.02749 0.687321 1.11269 0.954131 0.858585 1.17848
1.02729 0.702787 1.09818 0.950181 0.846313 1.14677
1.04796 0.749411 1.07576 0.947385 0.83886 1.14885
1.05264 0.800211 1.09127 0.945987 0.835134 1.14989
1.04626 0.845801 1.11285 0.95197 0.842127 1.20571
1.03701 0.897903 1.12507 0.944589 0.831407 1.15093
1.02696 0.946983 1.10993 0.958788 0.860626 1.10477
0.982061 1.00157 1.02512 0.969499 0.904699 1.07426
0.956932 1.01793 0.984749 0.977095 0.93952 1.03971
0.956372 0.977824 0.981357 0.956187 0.944606 1.01372
0.937685 0.982765 0.951812 0.967519 0.958785 0.989237
0.946748 0.96024 0.964889 0.93528 0.949692 0.987722
0.973201 0.911754 1.00944 0.919226 0.931208 1.04004
0.964507 0.924734 0.993703 0.919958 0.915853 1.095
0.99096 0.876248 1.03825 0.936058 0.893828 1.15159
0.973386 0.906981 1.00811 0.935152 0.886058 1.16495
0.99984 0.858495 1.05266 0.938793 0.874985 1.20173
0.977826 0.898105 1.01531 0.934246 0.878287 1.1783
1.00428 0.849618 1.05987 0.931973 0.879939 1.16658
0.980046 0.893667 1.01892 0.942065 0.875871 1.18738
1.0065 0.84518 1.06347 0.930836 0.880764 1.16072
0.981156 0.891448 1.02072 0.941497 0.876284 1.18445
1.00761 0.842961 1.06527 0.930267 0.881177 1.15779
0.981711 0.890338 1.02162 0.941213 0.87649 1.18299
1.00817 0.841852 1.06617 0.929983 0.881384 1.15632
0.981989 0.889783 1.02207 0.952158 0.871803 1.20819
1.00844 0.841297 1.06662 0.929699 0.88159 1.15486
0.982127 0.889506 1.02229 0.916396 0.895552 1.10147
1.00858 0.841019 1.06684 0.932401 0.890797 1.07201
0.955812 0.937715 0.977966 0.928546 0.90114 1.04419
1.00872 0.840742 1.06707 0.948406 0.886043 1.04255
end
gesture a18 hands 2
1.05226 0.73054 1.16005 0.959814 0.869999 1.0539
1.04788 0.719241 1.13266 0.932726 0.860098 1.05995
1.03602 0.752087 1.10178 0.94157 0.850548 1.05962
1.04958 0.803406 1.10157 0.955086 0.885351 1.02271
1.05028 0.851875 1.12213 0.968714 0.932372 0.996046
1.04429 0.904584 1.14164 0.950264 0.938961 0.97476
1.03866 0.954631 1.13525 0.974077 0.963277 0.950776
1.01995 0.982445 1.09652 0.931813 0.94555 0.953474
0.99276 0.988948 1.05016 0.912475 0.93228 1.00516
0.964457 0.998497 1.00154 0.902992 0.913668 1.06103
0.932451 0.994138 0.953709 0.920399 0.893639 1.11194
0.940217 0.950509 0.969807 0.922676 0.887337 1.12509
0.928174 0.947769 0.949358 0.935763 0.873549 1.16453
0.938079 0.927325 0.967631 0.924953 0.881036 1.13824
0.965832 0.870695 1.02354 0.927231 0.874734 1.15138
0.956908 0.888787 1.00472 0.9278 0.873158 1.15467
0.984661 0.832157 1.06063 0.939179 0.864096 1.18425
0.966322 0.869519 1.02327 0.928369 0.871583 1.15796
0.994075 0.812889 1.07917 0.928939 0.870007 1.16124
0.971029 0.859884 1.03254 0.929081 0.869614 1.16206
0.998783 0.803254 1.08845 0.940033 0.861733 1.18918
0.973383 0.855067 1.03718 0.929223 0.86922 1.16289
1.00114 0.798437 1.09308 0.929366 0.868826 1.16371
0.97456 0.852659 1.03949 0.929401 0.868727 1.16391
1.00231 0.796029 1.0954 0.940246 0.861142 1.19041
0.975148 0.851454 1.04065 0.929437 0.868629 1.16412
1.0029 0.794824 1.09656 0.929472 0.86853 1.16432
0.975442 0.850852 1.04123 0.951127 0.853458 1.21711
1.0032 0.794222 1.09714 0.929508 0.868432 1.16453
0.975589 0.850551 1.04152 0.913265 0.885925 1.11008
1.00334 0.793921 1.09743 0.916981 0.872859 1.11146
0.947983 0.90688 0.985905 0.94234 0.859808 1.13357
1.00349 0.79362 1.09772 0.920696 0.859794 1.11284
end
gesture a18 hands 2
0.899147 0.808071 1.051 0.829826 0.68632 1.20432
0.906545 0.815187 1.02309 0.834769 0.677624 1.23229
0.958966 0.824736 0.998094 0.843713 0.685777 1.2339
0.964182 0.797761 1.02809 0.840809 0.714846 1.18332
0.985092 0.818047 1.03274 0.824463 0.739195 1.13307
0.969399 0.770786 1.05809 0.807313 0.69917 1.16247
0.974126 0.770371 1.06568 0.819917 0.653408 1.19605
0.974824 0.741487 1.06527 0.843325 0.656176 1.16051
0.97649 0.770163 1.06947 0.847659 0.629292 1.15526
0.976006 0.741383 1.06716 0.857195 0.644118 1.14012
0.977672 0.77006 1.07136 0.86777 0.685691 1.12503
0.976597 0.741331 1.06811 0.867251 0.672318 1.125
0.978263 0.770008 1.07231 0.877825 0.713891 1.10991
0.976892 0.741305 1.06859 0.872279 0.686418 1.11744
0.978559 0.769982 1.07279 0.882853 0.727991 1.10235
0.97704 0.741292 1.06882 0.874793 0.693468 1.11366
0.978706 0.769969 1.07302 0.885367 0.735041 1.09857
0.977114 0.741286 1.06894 0.87605 0.696993 1.11177
0.97878 0.769962 1.07314 0.886624 0.738566 1.09668
0.977151 0.741283 1.069 0.876678 0.698755 1.11083
0.978817 0.769959 1.0732 0.887253 0.740329 1.09573
0.97717 0.741281 1.06903 0.876992 0.699636 1.11036
0.978836 0.769958 1.07323 0.887567 0.74121 1.09526
0.977179 0.74128 1.06905 0.877149 0.700077 1.11012
0.978845 0.769957 1.07325 0.887724 0.74165 1.09503
0.975522 0.712603 1.06486 0.877228 0.700297 1.11
0.978854 0.769956 1.07326 0.887802 0.741871 1.09491
1.00748 0.817742 1.06319 0.887842 0.741981 1.09485
1.03579 0.866364 1.05866 0.866732 0.658944 1.12498
1.04861 0.921788 1.06252 0.887881 0.742091 1.09479
1.04549 0.976566 1.07409 0.918883 0.786294 1.08528
1.01497 0.995507 1.08141 0.935984 0.850342 1.06558
0.98434 0.978453 1.0419 0.949885 0.830498 1.07578
end
gesture a18 hands 2
0.990655 0.728537 1.05787 0.943284 0.753961 1.40541
1.00778 0.736503 1.08037 0.948239 0.767807 1.37996
0.99726 0.730997 1.13319 0.964881 0.78618 1.32976
0.976875 0.725825 1.10612 0.91827 0.764943 1.3153
0.94705 0.712738 1.11787 0.89841 0.778302 1.26127
0.95177 0.716695 1.09846 0.894447 0.799671 1.20591
0.959053 0.719727 1.12476 0.893515 0.779015 1.19517
0.957771 0.72019 1.1019 0.865245 0.779035 1.20533
0.965055 0.723221 1.12821 0.881448 0.760421 1.24854
0.968055 0.724968 1.12994 0.836976 0.779055 1.21549
0.95649 0.720653 1.07905 0.801144 0.807822 1.17992
0.971056 0.726715 1.13166 0.781536 0.790894 1.1643
0.966682 0.692117 1.16745 0.754886 0.827576 1.15675
0.974292 0.657784 1.15002 0.761927 0.773966 1.14868
0.978097 0.640617 1.1413 0.805175 0.747925 1.12769
0.98 0.632034 1.13694 0.824849 0.756999 1.11278
0.980951 0.627743 1.13476 0.845317 0.798512 1.0977
0.981426 0.625597 1.13367 0.844919 0.782293 1.09779
0.981664 0.624524 1.13313 0.865387 0.823805 1.08271
0.981783 0.623987 1.13285 0.844522 0.766074 1.09788
0.960487 0.579467 1.15386 0.885458 0.849098 1.06771
0.981902 0.623451 1.13258 0.904955 0.891238 1.04755
1.01132 0.673508 1.12675 0.927973 0.924451 1.01607
1.04315 0.71943 1.11493 0.95266 0.948698 0.971712
1.06432 0.769999 1.11307 0.972211 0.971927 0.965302
1.07096 0.8281 1.12167 0.981986 0.983541 0.962097
1.06573 0.880493 1.13497 0.986873 0.989349 0.960495
1.0595 0.932824 1.14214 0.973406 0.958979 0.917178
1.06031 0.978946 1.1216 0.991761 0.995156 0.958892
1.04902 1.02045 1.08751 0.979787 1.03952 0.995799
1.03351 1.05269 1.05306 0.963085 1.02099 1.04404
1.01276 1.07565 1.0101 0.956854 0.969395 1.07274
0.997792 1.05145 0.968135 0.956785 0.92446 1.11115
end
gesture a18 hands 2
0.952877 0.862699 0.900816 0.972522 0.878208 1.17552
0.95081 0.860832 0.929932 0.980801 0.872864 1.2038
0.940438 0.857978 0.986397 0.943839 0.851865 1.18185
0.932268 0.846712 1.01226 0.935334 0.853141 1.12379
0.899196 0.827196 1.09139 0.935592 0.877535 1.0705
0.924098 0.835446 1.03811 0.92055 0.910507 1.02546
0.99069 0.845314 1.03202 0.869056 0.929811 1.00807
0.973486 0.798494 1.06055 0.813854 0.949307 1.01023
0.958129 0.742376 1.06286 0.845742 0.919846 1.04851
0.950204 0.686212 1.07214 0.883241 0.915495 1.03077
0.952994 0.683555 1.07706 0.849588 0.943896 0.994692
0.952207 0.710704 1.0684 0.793543 0.94717 0.998014
0.977919 0.755954 1.04626 0.771369 0.90463 1.01998
0.964669 0.746903 1.053 0.800053 0.857071 1.01303
0.990382 0.792154 1.03086 0.845189 0.858727 0.987015
0.951419 0.737853 1.05974 0.876377 0.894836 0.968612
1.00284 0.828353 1.01546 0.89197 0.93165 0.96194
1.03901 0.87095 1.01025 0.911902 0.981221 0.952238
1.07028 0.904628 1.03326 0.939773 1.02232 0.928021
1.0866 0.93593 1.07205 0.982495 1.02447 0.894852
1.08744 0.976679 1.10887 0.994309 0.971034 0.887819
1.08879 1.02849 1.12395 0.957689 0.931773 0.865217
1.08822 1.07525 1.10575 0.937063 0.951663 0.893326
1.07098 1.11346 1.06789 0.972601 0.978495 0.930317
1.04831 1.13443 1.02883 1.00221 0.974867 0.978736
1.0184 1.13772 0.981876 1.0052 0.955504 1.03031
1.00498 1.094 0.954466 1.00157 0.936692 1.13858
1.01363 1.04583 0.977205 0.979 0.906729 1.17309
1.02645 1.01046 1.01709 0.943813 0.896889 1.06235
1.01774 0.965389 1.05311 0.963704 0.885391 1.01446
0.98734 0.917947 1.05241 0.980858 0.861475 1.06439
0.956192 0.869106 1.05473 0.992374 0.858183 1.1228
0.946237 0.838642 1.02495 0.996914 0.859026 1.1522
end
gesture a18 hands 2
0.925647 0.7488 1.04239 0.869617 0.868747 1.17535
0.953145 0.753483 1.05265 0.895077 0.854475 1.16945
0.996723 0.765122 1.08683 0.910939 0.844347 1.17562
1.03816 0.771072 1.0933 0.915195 0.846993 1.11689
1.08248 0.793156 1.06141 0.93618 0.840332 1.06243
1.1118 0.836857 1.05323 0.978077 0.840301 1.02058
1.12193 0.881553 1.0627 1.00786 0.852251 0.973622
1.11468 0.926184 1.08184 1.02301 0.895868 0.946152
1.11431 0.952092 1.08635 1.03718 0.948039 0.927897
1.10744 0.970816 1.10098 1.03154 0.972384 0.892379
1.10668 1.02263 1.11 1.05324 0.987541 0.899432
1.09992 1.04339 1.09581 1.03957 0.992135 0.878147
1.08126 1.04756 1.07522 1.01758 0.991372 0.894371
1.0872 1.05585 1.07842 1.02174 0.994051 0.875616
1.06855 1.06003 1.05784 0.999747 0.993288 0.891841
1.08085 1.06209 1.06973 1.01283 0.995009 0.874351
1.0622 1.06627 1.04914 0.990831 0.994246 0.890575
1.07767 1.0652 1.06538 1.00837 0.995488 0.873718
1.05902 1.06938 1.0448 0.986374 0.994725 0.889943
1.07608 1.06676 1.06321 1.00614 0.995727 0.873402
1.05743 1.07094 1.04262 0.984145 0.994964 0.889626
1.07529 1.06754 1.06212 1.00503 0.995847 0.873244
1.05663 1.07172 1.04154 0.98303 0.995084 0.889468
1.07489 1.06793 1.06158 0.982473 0.995144 0.889389
1.05624 1.07211 1.04099 1.02591 0.996729 0.856861
1.09315 1.06414 1.08162 0.981916 0.995204 0.88931
1.05584 1.0725 1.04045 0.953122 0.976059 0.934644
1.01574 1.05881 1.00323 0.990349 0.934453 0.954558
0.990743 1.01779 0.970045 1.00324 0.924311 1.01133
0.984623 0.961946 0.959321 0.996117 0.928223 1.06894
0.985703 0.904874 0.967207 0.981376 0.930343 1.12576
0.984686 0.84765 0.980175 0.953375 0.915344 1.17521
0.985394 0.820457 0.991201 0.93753 0.905306 1.19848
end
gesture a18 hands 2
0.989173 0.737325 1.09145 0.951979 0.878442 1.13257
1.0005 0.742151 1.10193 0.944489 0.865825 1.15871
1.00769 0.728201 1.0703 0.946392 0.854977 1.15917
1.03178 0.748222 1.08216 0.95507 0.843919 1.10144
1.01182 0.746976 1.1124 0.965135 0.819349 1.05975
1.05586 0.768243 1.09403 0.981503 0.816647 1.00372
1.09166 0.811875 1.08301 0.991869 0.847223 0.964766
1.09685 0.835989 1.08832 1.0126 0.925115 0.933143
1.09264 0.883022 1.10343 1.03833 0.953914 0.892922
1.09734 0.871562 1.09853 0.989035 0.939386 0.905631
1.09312 0.918596 1.11364 0.941072 0.927366 0.931558
1.09758 0.889349 1.10364 0.917533 0.905944 0.946284
1.09337 0.936383 1.11875 0.924635 0.896759 1.00136
1.0977 0.898243 1.10619 0.924678 0.886448 1.11282
1.09349 0.945277 1.1213 0.910363 0.874532 1.16815
1.09776 0.902689 1.10746 0.883551 0.876613 1.17136
1.09355 0.949723 1.12257 0.895141 0.869542 1.14527
1.09779 0.904913 1.1081 0.87594 0.874118 1.15992
1.09358 0.951947 1.12321 0.887529 0.867047 1.13384
1.09781 0.906024 1.10842 0.872135 0.872871 1.1542
1.09359 0.953058 1.12353 0.883724 0.8658 1.12812
1.09782 0.90658 1.10858 0.870232 0.872247 1.15134
1.0936 0.953614 1.12369 0.881821 0.865176 1.12526
1.10204 0.860102 1.09363 0.86928 0.871935 1.14991
1.09361 0.95417 1.12385 0.880869 0.864864 1.12383
1.08569 1.00624 1.10351 0.868805 0.871779 1.1492
1.05817 1.02516 1.06734 0.880394 0.864708 1.12311
1.01811 1.02871 1.02498 0.868567 0.871701 1.14884
0.982793 1.01483 0.983064 0.880156 0.86463 1.12276
0.959145 0.973202 0.95168 0.868448 0.871662 1.14866
0.955379 0.915406 0.949312 0.880037 0.864591 1.12258
0.957809 0.861881 0.973831 0.85674 0.878694 1.17457
0.960287 0.790364 1.02595 0.879918 0.864552 1.1224
end
gesture a18 hands 2
0.956707 0.744114 1.03065 0.888721 0.873396 1.1398
0.984944 0.744183 1.04026 0.918197 0.866369 1.12931
1.02859 0.775195 1.04666 0.890609 0.873417 1.11045
1.06581 0.815128 1.04253 0.926292 0.86008 1.08682
1.07857 0.861792 1.05541 0.947673 0.859342 1.11883
1.07575 0.908832 1.07593 0.961974 0.846742 1.06319
1.07113 0.950698 1.09724 0.975138 0.867517 1.0148
1.06991 1.00047 1.11188 0.984361 0.903253 0.990947
1.06749 1.04576 1.09291 1.00138 0.952504 0.967559
1.037 1.06253 1.05042 1.02725 0.981027 0.929015
0.999845 1.05479 1.01074 1.0087 0.971526 0.88917
0.974327 1.02484 0.973406 0.990526 0.951488 0.902014
0.965307 0.975024 0.946542 0.9672 0.956861 0.926568
0.967324 0.946062 0.950261 0.972353 0.93145 0.914859
0.963262 0.891678 0.970959 0.979389 0.937174 0.920817
0.966301 0.904389 0.96247 0.982908 0.940037 0.923795
0.96224 0.850006 0.983168 0.984667 0.941468 0.925285
0.96579 0.883553 0.968575 0.985546 0.942183 0.926029
0.961729 0.829169 0.989272 1.00159 0.961317 0.874507
0.965535 0.873135 0.971627 0.994008 0.952108 0.90064
0.961473 0.818751 0.992325 0.985182 0.948866 0.956589
0.965407 0.867926 0.973153 0.985804 0.945882 0.941681
0.961346 0.813542 0.993851 0.976977 0.942641 0.997629
0.965343 0.865321 0.973916 0.981702 0.94277 0.962202
0.961282 0.810938 0.994614 0.972875 0.939528 1.01815
0.965311 0.864019 0.974297 0.986426 0.942899 0.926774
0.96125 0.809635 0.994995 0.968773 0.936415 1.03867
0.961234 0.808984 0.995186 0.959292 0.921413 1.09395
0.96934 0.9171 0.953981 0.931044 0.899215 1.13553
0.961218 0.808333 0.995377 0.932045 0.89164 1.12437
0.965832 0.78052 1.02886 0.900247 0.887361 1.11544
0.985837 0.76326 1.01116 0.933046 0.884066 1.11322
0.970446 0.752707 1.06234 0.919058 0.867779 1.12164
end
gesture a18 hands 2
0.906403 0.768307 0.995379 0.758638 0.711543 1.22038
0.911465 0.77062 1.00905 0.767474 0.711014 1.20834
0.936697 0.765517 1.02143 0.772804 0.703045 1.23564
0.950023 0.767416 1.01901 0.782355 0.697109 1.22576
0.916527 0.772933 1.02272 0.77631 0.710485 1.19631
0.963349 0.769315 1.0166 0.791906 0.691173 1.21589
0.986759 0.767505 1.01353 0.786969 0.694546 1.25089
0.976876 0.765116 1.03051 0.807503 0.671861 1.23548
0.998465 0.766601 1.012 0.817769 0.660519 1.22777
0.982728 0.764663 1.02974 0.822903 0.654847 1.22391
1.00432 0.766148 1.01124 0.825469 0.652012 1.22199
0.985655 0.764437 1.02936 0.818094 0.65156 1.24853
1.00724 0.765922 1.01085 0.826753 0.650594 1.22102
0.987118 0.764324 1.02917 0.818736 0.650851 1.24805
1.00871 0.765809 1.01066 0.827394 0.649885 1.22054
0.987849 0.764268 1.02907 0.827715 0.64953 1.2203
1.00944 0.765753 1.01057 0.810719 0.651109 1.27508
0.966992 0.762726 1.04748 0.828036 0.649176 1.22006
1.01017 0.765696 1.01047 0.845345 0.667321 1.17303
1.03342 0.806015 0.974569 0.858364 0.696847 1.14426
1.06539 0.85275 0.974844 0.871077 0.738158 1.12843
1.09581 0.88476 1.00655 0.88636 0.778361 1.12414
1.1102 0.917154 1.04679 0.916538 0.824433 1.11733
1.11513 0.953668 1.08387 0.950403 0.866885 1.09687
1.11461 1.00366 1.10524 0.981522 0.90359 1.06517
1.10338 1.04635 1.08577 1.00137 0.912915 1.03043
1.06679 1.05549 1.04372 1.01442 0.938387 1.03539
1.02721 1.04971 1.00568 0.991846 0.933622 1.02391
0.986805 1.03061 0.969456 1.02122 0.92224 0.99569
0.962548 0.982323 0.955505 0.969272 0.928857 1.01242
0.960427 0.926776 0.974774 0.938842 0.896768 1.05049
0.955745 0.869763 0.989738 0.886638 0.877853 1.0324
0.953717 0.814689 1.00977 0.863639 0.860156 1.0371
end
gesture a18 hands 2
0.928321 0.760432 1.07848 0.783933 0.709707 1.17962
0.938294 0.748292 1.10396 0.779106 0.705374 1.1929
0.98332 0.736106 1.07185 0.769014 0.689332 1.24763
1.02183 0.774406 1.04858 0.770111 0.685072 1.2405
1.07004 0.808654 1.04897 0.77428 0.701042 1.20618
1.10292 0.845613 1.07544 0.771208 0.680812 1.23337
1.11855 0.882904 1.11282 0.769671 0.670696 1.24697
1.12259 0.92918 1.14009 0.768903 0.665639 1.25376
1.12112 0.976491 1.14055 0.754096 0.668957 1.31564
1.10414 1.00202 1.11072 0.768135 0.660581 1.26056
1.06734 0.991313 1.07086 0.782754 0.677647 1.215
1.02839 0.979873 1.03282 0.798512 0.715326 1.18453
0.990027 0.974422 0.992176 0.814955 0.755928 1.17202
0.973531 0.961038 0.973754 0.841757 0.800341 1.16687
0.969157 0.913857 1.00537 0.880708 0.837451 1.15383
0.963096 0.930755 0.980351 0.918842 0.865477 1.11957
0.958722 0.883574 1.01197 0.936575 0.871841 1.08361
0.957878 0.915614 0.983651 0.945441 0.875023 1.06563
0.953505 0.868433 1.01527 0.986283 0.921762 1.04666
0.95527 0.908043 0.985301 0.954308 0.878205 1.04765
0.950896 0.860862 1.01692 0.903461 0.869799 1.0713
0.953965 0.904257 0.986126 0.897028 0.887336 1.05409
0.949591 0.857076 1.01775 0.895936 0.860292 1.06416
0.953313 0.902365 0.986539 0.893266 0.882582 1.05051
0.948939 0.855184 1.01816 0.892174 0.855539 1.06058
0.952987 0.901418 0.986745 0.891385 0.880206 1.04873
0.948613 0.854237 1.01836 0.890293 0.853163 1.0588
0.952824 0.900945 0.986848 0.890445 0.879017 1.04783
0.94845 0.853764 1.01847 0.889353 0.851974 1.0579
0.952743 0.900709 0.986899 0.888882 0.85138 1.05746
0.948369 0.853528 1.01852 0.890596 0.904872 1.03687
0.957035 0.947653 0.955332 0.888412 0.850786 1.05701
0.948287 0.853291 1.01857 0.877896 0.830246 1.07578
end
gesture a18 hands 2
0.948687 0.818977 1.06636 0.836176 0.753721 1.22089
0.931017 0.816567 1.04246 0.820163 0.752126 1.24602
0.968593 0.811322 1.00374 0.790814 0.746907 1.29694
1.02193 0.835807 0.995643 0.822572 0.738937 1.24839
1.06178 0.872164 1.01038 0.835612 0.743678 1.1931
1.08596 0.9085 1.04517 0.846005 0.769032 1.14784
1.0971 0.943548 1.08199 0.858003 0.807394 1.1209
1.10214 0.991101 1.10337 0.872021 0.847149 1.11093
1.09644 1.04423 1.0959 0.898624 0.891754 1.10607
1.07629 1.08158 1.06119 0.935371 0.92749 1.09206
1.0097 1.04654 0.9777 0.97739 0.94198 1.05703
0.979359 1.04014 0.92975 1.00216 0.958626 1.00782
0.958708 1.03168 0.877047 1.03346 0.985514 0.968246
0.956506 1.00617 0.880034 1.05946 0.995797 0.963151
0.952581 0.932905 0.969331 1.04045 0.977296 0.975618
0.953442 0.956782 0.926176 1.06296 0.991688 0.966836
0.949518 0.883518 1.01547 1.04395 0.973186 0.979303
0.951911 0.932088 0.949247 1.06471 0.989633 0.968679
0.947986 0.858825 1.03854 1.0457 0.971132 0.981146
0.951145 0.919742 0.96078 1.06559 0.988606 0.969601
0.947221 0.846479 1.05008 1.04658 0.970104 0.982068
0.950762 0.913568 0.966547 1.06602 0.988092 0.970061
0.946838 0.840305 1.05584 1.04701 0.969591 0.982528
0.95057 0.910482 0.969431 1.08547 1.00608 0.958055
0.946646 0.837219 1.05873 1.04745 0.969077 0.982989
0.950475 0.908938 0.970873 1.00189 0.947183 1.01181
0.946551 0.835675 1.06017 0.971131 0.924098 1.02409
0.950427 0.908167 0.971594 0.94653 0.951742 1.00883
0.946503 0.834904 1.06089 0.940373 0.901014 1.03636
0.946479 0.834518 1.06125 0.917853 0.858132 1.06741
0.954303 0.980658 0.88302 0.87942 0.825264 1.09464
0.946455 0.834132 1.06161 0.833991 0.804016 1.07313
0.935089 0.817047 1.08331 0.859709 0.794032 1.08433
end
gesture a18 hands 2
0.933825 0.637323 1.09581 0.867071 0.737389 1.2483
0.932175 0.640504 1.08139 0.874285 0.731615 1.22007
0.960325 0.648998 1.08313 0.888084 0.721889 1.16472
0.945425 0.646342 1.07504 0.886737 0.732774 1.10843
0.973576 0.654836 1.07679 0.891126 0.758652 1.06137
0.95205 0.64926 1.07187 0.896591 0.778298 1.04658
0.980201 0.657754 1.07362 0.923894 0.852388 1.02576
0.955363 0.65072 1.07029 0.912975 0.825166 1.02877
0.983513 0.659214 1.07203 0.940278 0.899257 1.00796
0.957019 0.651449 1.0695 0.921167 0.848601 1.01988
0.98517 0.659943 1.07124 0.94847 0.922691 0.999057
0.957847 0.651814 1.0691 0.925263 0.860317 1.01542
0.985998 0.660308 1.07085 0.952566 0.934408 0.994606
0.958261 0.651997 1.0689 0.927311 0.866176 1.0132
0.986412 0.660491 1.07065 0.954614 0.940266 0.992381
0.930525 0.643685 1.06696 0.928335 0.869105 1.01209
0.986826 0.660673 1.07045 0.955638 0.943196 0.991268
1.03729 0.681116 1.09014 0.928847 0.87057 1.01153
1.08257 0.713991 1.10789 0.95615 0.94466 0.990711
1.10675 0.759885 1.12811 0.929103 0.871302 1.01125
1.11535 0.805692 1.14718 0.956406 0.945393 0.990433
1.11241 0.852797 1.16325 0.956534 0.945759 0.990294
1.08836 0.943652 1.18163 0.902056 0.797944 1.03179
1.07598 0.997716 1.17244 0.956662 0.946125 0.990155
1.06164 1.01891 1.13391 0.9711 0.985375 0.961515
1.04497 1.01522 1.09067 0.979161 1.01041 0.912495
1.02714 1.00761 1.0404 0.961573 0.970556 0.892245
1.01502 0.985013 0.99243 0.952257 0.936701 0.938218
1.01198 0.931017 0.985369 0.942118 0.898868 1.04439
1.00614 0.884551 1.01754 0.931323 0.871783 1.09213
0.998216 0.841614 1.05282 0.923761 0.829714 1.13045
0.986893 0.785725 1.06017 0.920466 0.775833 1.15529
0.97173 0.729326 1.05636 0.904726 0.741091 1.19977
end
gesture a18 hands 2
0.955434 0.663552 1.10107 0.902171 0.704177 1.26643
0.95997 0.656367 1.12983 0.908861 0.704242 1.23761
1.01095 0.660695 1.15637 0.91448 0.714779 1.18078
1.0591 0.680871 1.18165 0.925271 0.742805 1.13449
1.09203 0.705141 1.22401 0.937572 0.783825 1.10349
1.11361 0.74258 1.26099 0.954741 0.85336 1.06508
1.1225 0.788797 1.283 0.968262 0.882994 1.05727
1.1135 0.860076 1.27615 0.971911 0.922895 1.02667
1.1126 0.893076 1.29056 0.94709 0.92316 1.01725
1.10451 0.931355 1.2693 0.93468 0.923293 1.01253
1.08361 0.943539 1.22682 0.955048 0.95853 0.986254
1.0452 0.928344 1.15952 0.922269 0.923425 1.00782
1.02585 0.922956 1.13779 0.925803 0.895491 1.05926
1.00679 0.913149 1.09223 0.928247 0.870786 1.10941
1.01509 0.874187 1.07982 0.91383 0.854396 1.1247
1.00934 0.878792 1.06264 0.930691 0.846082 1.15956
1.01924 0.854705 1.07361 0.901856 0.813301 1.19013
1.01141 0.869052 1.05954 0.882594 0.793024 1.18269
1.02132 0.844965 1.07051 0.885327 0.766245 1.19506
1.01245 0.864181 1.05799 0.874329 0.769496 1.18515
1.02235 0.840094 1.06896 0.877062 0.742716 1.19752
1.01297 0.861746 1.05722 0.870197 0.757732 1.18638
1.02287 0.837659 1.06819 0.87293 0.730952 1.19875
1.01323 0.860529 1.05683 0.868131 0.75185 1.18699
1.02313 0.836442 1.0678 0.870864 0.72507 1.19936
1.01336 0.85992 1.05663 0.867098 0.748909 1.1873
1.02326 0.835833 1.0676 0.869831 0.722129 1.19967
1.01342 0.859615 1.05654 0.866582 0.747438 1.18746
1.02333 0.835528 1.06751 0.869315 0.720658 1.19983
1.00358 0.883398 1.04547 0.863332 0.772747 1.17524
1.02339 0.835224 1.06741 0.868798 0.719188 1.19998
1.023 0.801882 1.11124 0.906998 0.694254 1.23695
1.01447 0.782959 1.13043 0.90077 0.689148 1.26557
end
gesture a18 hands 2
0.975456 0.654565 1.20056 0.968081 0.710413 1.23391
0.972554 0.655967 1.17144 0.96128 0.712722 1.205
0.966816 0.670768 1.11464 0.963023 0.727166 1.14943
0.999428 0.688318 1.09826 0.970665 0.757112 1.10691
0.982382 0.686654 1.05993 0.980474 0.80489 1.07645
1.03204 0.705868 1.08189 0.993925 0.884949 1.03856
1.07235 0.736201 1.10397 0.990823 0.91993 1.00511
1.09057 0.776022 1.12898 0.95613 0.933106 0.9661
1.09602 0.829095 1.15075 0.941998 0.893804 0.962179
1.09064 0.879683 1.1648 0.95052 0.874491 0.981295
1.08075 0.927521 1.17057 0.946627 0.855333 1.06408
1.07314 0.963035 1.15098 0.952834 0.855255 1.03224
1.04848 0.972601 1.10798 0.948941 0.836097 1.11503
1.01558 0.94363 1.07375 0.953991 0.845638 1.05772
0.982736 0.922435 1.03602 0.950098 0.826479 1.14051
0.958287 0.92153 0.987176 0.95457 0.840828 1.07046
0.95024 0.922488 0.932192 0.950677 0.82167 1.15325
0.962207 0.902806 0.920449 0.954859 0.838424 1.07683
0.970406 0.888466 0.94434 0.950966 0.819265 1.15962
0.97229 0.885795 0.926522 0.955003 0.837222 1.08001
0.980488 0.871454 0.950414 0.95111 0.818063 1.16281
0.977331 0.877289 0.929559 0.955076 0.836621 1.08161
0.98553 0.862949 0.953451 0.951183 0.817462 1.1644
0.979852 0.873036 0.931078 0.955112 0.83632 1.0824
0.98805 0.858696 0.95497 0.951219 0.817162 1.16519
0.981112 0.87091 0.931837 0.959041 0.855178 1.00041
0.989311 0.856569 0.955729 0.951255 0.816861 1.16599
0.981742 0.869847 0.932217 0.925466 0.784992 1.17287
0.989941 0.855506 0.956108 0.937967 0.794614 1.11561
0.974174 0.883124 0.908705 0.930505 0.774423 1.10007
0.990571 0.854443 0.956488 0.917441 0.759169 1.15491
0.993797 0.836778 1.00778 0.909867 0.756721 1.21151
0.993283 0.812466 1.05758 0.904593 0.755161 1.24
end
gesture a18 hands 2
0.981948 0.6456 1.08439 0.899803 0.640182 1.31748
0.980339 0.624247 1.10508 0.887936 0.638689 1.30881
0.991425 0.611058 1.16085 0.896362 0.614097 1.29436
1.00147 0.616232 1.13919 0.886216 0.625646 1.29725
1.02473 0.632516 1.1322 0.894642 0.601054 1.2828
1.01812 0.626961 1.12487 0.885356 0.619125 1.29147
1.04139 0.643245 1.11787 0.893782 0.594532 1.27702
1.02645 0.632325 1.1177 0.884926 0.615864 1.28858
1.04971 0.64861 1.11071 0.893352 0.591272 1.27413
1.03061 0.635007 1.11412 0.893137 0.589641 1.27269
1.05388 0.651292 1.10713 0.876069 0.637196 1.30014
1.03269 0.636348 1.11233 0.892922 0.588011 1.27124
1.05596 0.652633 1.10534 0.900246 0.58813 1.21438
1.03373 0.637019 1.11144 0.904531 0.622213 1.1712
1.057 0.653303 1.10445 0.919978 0.707962 1.13594
1.03425 0.637354 1.11099 0.923915 0.746053 1.12759
1.05752 0.653639 1.104 0.935425 0.793711 1.10068
1.03451 0.637522 1.11076 0.944699 0.829852 1.06219
1.05778 0.653806 1.10377 0.953952 0.859101 1.01561
1.05791 0.65389 1.10366 0.962978 0.852093 1.01879
1.01151 0.621405 1.11753 0.967491 0.84859 1.02038
1.05804 0.653974 1.10355 0.969747 0.846838 1.02118
1.08845 0.69647 1.106 0.970876 0.845962 1.02157
1.0984 0.7418 1.11774 0.97144 0.845524 1.02177
1.09341 0.790671 1.12905 0.971722 0.845305 1.02187
1.07812 0.839788 1.13817 0.971863 0.845195 1.02192
1.06236 0.893456 1.13432 0.971933 0.845141 1.02195
1.04532 0.931367 1.10084 0.971969 0.845113 1.02196
1.01704 0.931093 1.05407 0.971986 0.8451 1.02196
0.990834 0.906715 1.01416 0.98364 0.884561 0.97921
0.977544 0.854711 0.997481 0.972004 0.845086 1.02197
0.975971 0.803084 1.02008 0.961542 0.81035 1.06716
0.976678 0.77753 1.03463 0.938871 0.766733 1.16443
end
gesture a18 hands 2
0.97113 0.652309 1.19451 0.865684 0.631743 1.42814
0.973885 0.650408 1.16499 0.868073 0.628017 1.39895
1.0083 0.676541 1.12875 0.891602 0.632263 1.34499
1.04782 0.714528 1.12249 0.902244 0.627819 1.28776
1.0589 0.762643 1.13164 0.909236 0.649427 1.24036
1.04953 0.815118 1.13659 0.92235 0.734875 1.20127
1.04229 0.840232 1.1244 0.93266 0.781266 1.18095
1.04017 0.867593 1.14154 0.943396 0.821098 1.15283
1.02567 0.91782 1.11716 0.953703 0.859994 1.11562
1.00981 0.938347 1.07493 0.959566 0.896531 1.07488
0.991611 0.940994 1.02408 0.958513 0.926387 1.02877
0.985339 0.926264 1.00135 0.945974 0.915833 1.00668
0.984013 0.90014 1.00704 0.936818 0.892788 1.02075
0.98154 0.905836 0.992825 0.935127 0.899034 1.00267
0.980214 0.879713 0.998523 0.925971 0.875988 1.01673
0.979641 0.895623 0.988567 0.929704 0.890634 1.00067
0.978315 0.8695 0.994264 0.920548 0.867588 1.01473
0.978691 0.890516 0.986437 0.926992 0.886434 0.999663
0.977366 0.864393 0.992135 0.917836 0.863388 1.01372
0.978216 0.887963 0.985373 0.925636 0.884334 0.999161
0.976891 0.861839 0.991071 0.91648 0.861288 1.01322
0.977979 0.886686 0.98484 0.924958 0.883284 0.99891
0.976653 0.860563 0.990538 0.915802 0.860238 1.01297
0.97786 0.886048 0.984574 0.924619 0.882759 0.998785
0.976535 0.859924 0.990272 0.915463 0.859713 1.01285
0.977801 0.885729 0.984441 0.924449 0.882496 0.998722
0.976475 0.859605 0.990139 0.915293 0.85945 1.01278
0.977771 0.885569 0.984375 0.924365 0.882365 0.998691
0.976446 0.859446 0.990073 0.915209 0.859319 1.01275
0.976431 0.859366 0.990039 0.933436 0.90528 0.984599
0.979067 0.911533 0.97861 0.915124 0.859188 1.01272
0.976416 0.859286 0.990006 0.908642 0.824392 1.05502
0.980348 0.791531 1.04378 0.904991 0.780771 1.12613
end
gesture a18 hands 2
0.983199 0.680486 1.11888 0.914997 0.70031 1.2818
1.0047 0.700192 1.11861 0.917692 0.705603 1.25246
1.04776 0.731619 1.11404 0.922791 0.721059 1.2052
1.06424 0.778626 1.1243 0.917326 0.705259 1.22876
1.06157 0.829057 1.13471 0.92139 0.703799 1.19974
1.0497 0.875608 1.1383 0.916625 0.696629 1.22603
1.03683 0.920344 1.11857 0.920689 0.695169 1.19702
1.02336 0.948413 1.08217 0.916275 0.692314 1.22467
1.00522 0.961806 1.03413 0.920339 0.690854 1.19565
0.989459 0.949154 0.989295 0.9161 0.690156 1.22399
0.987662 0.968803 0.983388 0.920164 0.688697 1.19497
0.98068 0.952653 0.963925 0.916013 0.689078 1.22365
0.982188 0.931883 0.984183 0.920077 0.687618 1.19463
0.977942 0.934193 0.964323 0.915969 0.688538 1.22348
0.979451 0.913423 0.98458 0.920033 0.687078 1.19446
0.976574 0.924963 0.964521 0.915947 0.688269 1.22339
0.978083 0.904193 0.984779 0.920011 0.686809 1.19438
0.97589 0.920348 0.96462 0.911861 0.689459 1.25232
0.977398 0.899578 0.984878 0.919989 0.686539 1.19429
0.975548 0.918041 0.96467 0.926916 0.718469 1.15189
0.977056 0.897271 0.984927 0.938055 0.797805 1.12364
0.975377 0.916887 0.964695 0.950835 0.847198 1.10381
0.976885 0.896117 0.984952 0.961035 0.884009 1.07359
0.975291 0.91631 0.964707 0.968634 0.915931 1.02953
0.9768 0.89554 0.984965 0.961012 0.913695 0.997882
0.975248 0.916021 0.964713 0.970017 0.939291 0.976148
0.976757 0.895251 0.984971 0.95339 0.911459 0.966234
0.976735 0.895107 0.984974 0.939318 0.875605 1.00957
0.973697 0.936503 0.944462 0.919152 0.822621 1.10692
0.976714 0.894963 0.984977 0.918446 0.796082 1.15766
0.981023 0.866589 1.03426 0.922099 0.767344 1.15575
0.985984 0.831583 1.07931 0.927369 0.758672 1.20066
0.990309 0.806175 1.0917 0.925751 0.738606 1.15384
end
gesture a20 hands 2
0.978462 0.837615 1.1963 1.02367 1.05158 1.01688
0.999646 0.823712 1.18031 0.99603 1.04296 1.02414
0.968605 0.803759 1.1541 0.939757 1.02957 1.02241
0.955034 0.746805 1.14639 0.948829 1.04095 1.07946
0.946899 0.689369 1.14053 0.964922 0.988586 1.09552
0.930424 0.633551 1.13001 0.986397 0.934157 1.10232
0.91776 0.578095 1.12081 0.996469 0.877673 1.10492
0.901753 0.524092 1.11474 1.00968 0.82664 1.12215
0.886267 0.469521 1.12127 1.0213 0.80088 1.16955
0.895554 0.474859 1.10023 1.00991 0.790808 1.2146
0.882302 0.43431 1.10113 0.986669 0.831551 1.20897
0.904841 0.480198 1.0792 0.989447 0.845028 1.1876
0.930332 0.526685 1.06957 1.00026 0.912663 1.06565
0.952581 0.577123 1.0728 0.996245 0.885584 1.11594
0.960263 0.660512 1.07172 1.00706 0.953218 0.99399
0.96885 0.697879 1.09131 0.999644 0.905862 1.08011
0.967946 0.743901 1.07065 1.01046 0.973496 0.95816
0.957229 0.819438 1.02039 1.00134 0.916001 1.0622
0.954029 0.859667 0.98528 1.01216 0.983635 0.940245
0.976304 0.871933 0.972952 1.00219 0.92107 1.05324
0.966245 0.889602 0.941766 1.01301 0.988705 0.931288
0.982412 0.8869 0.951195 1.00262 0.923605 1.04876
0.984733 0.881665 0.992513 1.01344 0.991239 0.926809
0.991655 0.882932 0.976568 0.992225 0.858505 1.16624
0.993976 0.877697 1.01789 1.01386 0.993774 0.92233
0.996277 0.880948 0.989255 0.99557 1.00012 0.867134
0.998598 0.875713 1.03057 0.947997 0.992008 0.860826
0.998588 0.879956 0.995598 0.930954 0.969472 0.910421
1.00091 0.874721 1.03692 0.926989 0.957861 0.967031
0.999744 0.87946 0.99877 0.941304 0.971623 1.02156
1.00206 0.874225 1.04009 0.973316 1.01764 1.00439
0.998578 0.884198 0.960623 0.987707 1.03445 1.04529
1.00322 0.873729 1.04326 0.982486 1.03632 1.07469
end
gesture a20 hands 2
1.03019 0.745768 1.36717 0.937715 1.08063 1.14568
1.03286 0.740825 1.33791 0.927482 1.07628 1.11788
1.01595 0.7478 1.28355 0.944426 1.0585 1.08427
0.985508 0.753792 1.23315 0.961372 1.037 1.09525
0.949399 0.740853 1.18958 0.974943 0.983151 1.10799
0.922896 0.691078 1.1744 0.976631 0.999326 1.10711
0.90892 0.636591 1.17537 0.990201 0.945476 1.11985
0.899901 0.580456 1.17932 0.98426 0.980488 1.11304
0.894819 0.52415 1.17874 0.997831 0.926638 1.12578
0.894598 0.491994 1.16651 0.988075 0.971069 1.11601
0.883373 0.466629 1.17855 1.00165 0.917219 1.12875
0.894377 0.459838 1.15429 0.989982 0.966359 1.11749
0.916401 0.505409 1.1299 1.00355 0.912509 1.13023
0.943119 0.553342 1.11888 0.990936 0.964005 1.11823
0.96301 0.602267 1.1252 1.00451 0.910155 1.13097
0.976224 0.653829 1.14206 1.00498 0.908977 1.13134
0.981102 0.703966 1.15578 0.978319 1.0155 1.10623
0.982167 0.727128 1.15326 1.00546 0.9078 1.13171
0.979844 0.765121 1.1241 1.01811 0.853099 1.13937
0.981537 0.757705 1.13742 1.024 0.796307 1.13666
0.979215 0.795698 1.10826 1.01973 0.806115 1.14082
0.983231 0.750289 1.15074 1.01235 0.765997 1.17416
0.978585 0.826275 1.09242 1.01546 0.815923 1.14498
0.97426 0.863577 1.07321 1.01153 0.891857 1.0647
0.979347 0.875045 1.04812 1.01672 0.937445 1.03141
0.97394 0.902262 1.0341 1.0076 0.96779 0.984423
0.984434 0.886513 1.02304 0.992409 0.987809 0.934638
0.989681 0.878638 1.0175 0.954755 0.999109 0.893861
0.992305 0.8747 1.01474 0.919524 0.991446 0.93656
0.993616 0.872732 1.01335 0.919526 0.997129 0.993396
0.994272 0.871747 1.01266 0.92284 1.01344 1.04829
0.984712 0.910192 0.979048 0.929834 1.05718 1.08712
0.994928 0.870763 1.01197 0.959766 1.09551 1.08662
end
gesture a20 hands 2
1.024 0.843099 1.25447 0.972247 1.06611 1.08589
1.03215 0.826706 1.23119 0.94994 1.02472 1.06911
1.00382 0.823132 1.18144 0.967001 0.970385 1.08184
0.950549 0.828429 1.15995 0.981406 0.917185 1.09607
0.891502 0.832451 1.15865 0.988021 0.862217 1.11212
0.905626 0.806793 1.1571 1.00119 0.807205 1.12708
0.895196 0.750744 1.14304 1.02844 0.76242 1.15189
0.907473 0.76594 1.1493 1.02302 0.820258 1.14215
0.897044 0.70989 1.13524 1.04868 0.869117 1.15811
0.908396 0.745513 1.1454 1.04556 0.890361 1.14192
0.897967 0.689463 1.13134 1.03707 0.938303 1.06852
0.908858 0.735299 1.14345 1.03975 0.924954 1.09713
0.898429 0.679249 1.12939 1.03126 0.972896 1.02373
0.89866 0.674143 1.12842 1.03685 0.94225 1.07473
0.919749 0.781136 1.15555 1.02836 0.990193 1.00133
0.898891 0.669036 1.12744 1.0354 0.950899 1.06353
0.884469 0.615773 1.10939 1.0269 0.998842 0.990134
0.872543 0.560595 1.10327 1.03467 0.955223 1.05793
0.861187 0.504913 1.10624 1.02618 1.00317 0.984534
0.856343 0.453353 1.12181 1.03431 0.957385 1.05513
0.885805 0.502458 1.11672 1.02581 1.00533 0.981735
0.902632 0.555576 1.10819 1.02563 1.00641 0.980335
0.927085 0.601583 1.09502 1.04244 0.911604 1.12573
0.947634 0.646099 1.09551 1.02545 1.00749 0.978935
0.962352 0.697327 1.10756 1.01501 1.02321 0.925812
0.966836 0.749845 1.11646 0.995936 1.02874 0.87128
0.970622 0.80074 1.10617 0.95089 1.01462 0.847494
0.964989 0.873907 1.05637 0.929519 0.996595 0.897404
0.965051 0.919977 1.02412 0.924436 0.996041 0.956056
0.975174 0.962544 0.991555 0.929782 1.00876 1.01388
1.00816 0.981302 0.956749 0.956851 1.04273 1.04993
1.03168 0.953544 0.985917 0.994118 1.06743 1.08886
1.03454 0.936468 1.0397 0.98261 1.07339 1.11579
end
gesture a20 hands 2
0.949611 0.836859 1.05946 1.08527 0.888567 0.981181
0.974546 0.844113 1.07392 1.14964 0.936989 0.950219
1.02546 0.854729 1.05668 1.18742 0.967069 0.918455
1.07709 0.831216 1.06674 1.22786 1.00054 0.895104
1.10673 0.788356 1.095 1.26433 1.04199 0.876572
1.12266 0.738257 1.11705 1.27314 1.08171 0.841943
1.14985 0.705279 1.14984 1.23605 1.09313 0.806906
1.17534 0.738623 1.17959 1.18164 1.08827 0.801956
1.19048 0.782953 1.20001 1.13708 1.08003 0.828039
1.20823 0.832963 1.18743 1.10364 1.07328 0.874717
1.18899 0.864896 1.15722 1.08408 1.06433 0.928678
1.13823 0.898971 1.12366 1.0749 1.05357 0.981446
1.11876 0.910235 1.11173 1.05928 1.04328 1.02845
1.08747 0.933047 1.09011 1.02508 1.02641 1.06812
1.04853 0.955575 1.06623 0.988473 0.988073 1.08094
1.02745 0.94935 1.04975 0.94148 0.970079 1.05092
1.02956 0.92382 1.06218 0.909961 0.95975 1.00455
1.01797 0.933473 1.04772 0.910701 0.937659 0.989367
1.02008 0.907943 1.06016 0.920843 0.913795 1.00364
1.01323 0.925534 1.04671 0.916142 0.914682 0.988912
1.01534 0.900005 1.05914 0.926285 0.890818 1.00319
1.01086 0.921565 1.04621 0.918862 0.903193 0.988684
1.01297 0.896035 1.05864 0.929005 0.87933 1.00296
1.00967 0.91958 1.04595 0.920223 0.897449 0.98857
1.01179 0.894051 1.05838 0.930366 0.873585 1.00284
1.00908 0.918588 1.04583 0.920903 0.894577 0.988513
1.01119 0.893058 1.05826 0.931046 0.870713 1.00279
1.0109 0.892562 1.05819 0.921243 0.893141 0.988485
1.00637 0.943125 1.03327 0.931386 0.869277 1.00276
1.0106 0.892066 1.05813 0.921413 0.892423 0.988471
1.02991 0.851474 1.0933 0.931556 0.868559 1.00274
1.05137 0.807182 1.12659 0.91144 0.915568 0.974183
1.07623 0.7619 1.15536 0.931726 0.867841 1.00273
end
gesture a20 hands 2
1.00969 0.72011 1.17838 0.890546 0.855661 1.14325
1.01043 0.719458 1.16357 0.909497 0.862363 1.12154
1.03238 0.734842 1.15303 0.941458 0.879587 1.07431
1.02177 0.726824 1.15089 0.974799 0.904628 1.03665
1.04372 0.742208 1.14035 1.01306 0.925028 1.00506
1.02744 0.730507 1.14455 1.05942 0.926037 0.971301
1.04939 0.745891 1.13401 1.10302 0.922012 0.935897
1.03027 0.732349 1.14138 1.11464 0.933131 0.914128
1.05222 0.747733 1.13084 1.09822 0.946988 0.898048
1.03169 0.733269 1.1398 1.11224 0.945619 0.895203
1.05364 0.748653 1.12925 1.09583 0.959475 0.879123
1.0324 0.73373 1.13901 1.11104 0.951863 0.885741
1.05435 0.749114 1.12846 1.09463 0.965719 0.86966
1.03276 0.73396 1.13861 1.11044 0.954985 0.88101
1.05471 0.749344 1.12807 1.09403 0.968841 0.864929
1.01116 0.718806 1.14876 1.11014 0.956546 0.878644
1.05506 0.749574 1.12767 1.09373 0.970402 0.862564
1.1042 0.766732 1.15104 1.10999 0.957327 0.877461
1.12889 0.750091 1.19389 1.09358 0.971182 0.861381
1.13244 0.709718 1.22603 1.10992 0.957717 0.87687
1.12963 0.66191 1.24546 1.0935 0.971573 0.860789
1.13247 0.607431 1.26525 1.10988 0.957912 0.876574
1.15718 0.622463 1.29428 1.09347 0.971768 0.860494
1.15889 0.594335 1.30498 1.12626 0.944251 0.892359
1.18188 0.637496 1.3233 1.09343 0.971963 0.860198
1.1911 0.68574 1.3173 1.042 0.988682 0.864464
1.18729 0.723665 1.29205 1.00057 0.986823 0.902739
1.16105 0.757368 1.25684 0.986424 0.985617 0.952881
1.1154 0.797405 1.21142 0.996406 0.984163 1.00567
1.09526 0.81252 1.19225 1.0158 0.966292 1.0561
1.06976 0.837443 1.166 0.993908 0.94881 1.10495
1.04932 0.864403 1.13202 0.954874 0.937312 1.14282
1.04157 0.87636 1.10842 0.902589 0.922609 1.14336
end
gesture a20 hands 2
0.977362 0.958588 0.893301 0.765032 0.891617 1.05139
0.983113 0.944324 0.918634 0.770909 0.901099 1.02428
0.994056 0.921906 0.969975 0.797963 0.925001 0.978688
1.00967 0.899584 1.01931 0.844315 0.944307 0.952048
1.02108 0.86658 1.0623 0.89937 0.945114 0.936906
1.0277 0.819232 1.0914 0.940013 0.907231 0.924902
1.03251 0.774526 1.10848 0.964088 0.856372 0.932848
1.04285 0.721539 1.12807 0.988839 0.861334 0.90898
1.07499 0.698331 1.16663 0.99941 0.823407 0.920455
1.10796 0.733478 1.19305 1.01359 0.866296 0.885113
1.12611 0.783892 1.1982 1.00135 0.9167 0.864759
1.13683 0.83391 1.17928 0.979598 0.936249 0.901872
1.12491 0.871048 1.14737 0.969615 0.959463 0.884362
1.09696 0.902504 1.11564 0.957846 0.955799 0.938984
1.06898 0.927431 1.09158 0.983548 0.973195 0.968163
1.03392 0.96019 1.05965 0.973777 0.963428 0.98173
0.997043 0.980545 1.02448 0.996399 0.981893 0.982753
0.979624 0.963809 1.01408 0.980203 0.967777 0.989024
0.989408 0.955737 1.04041 1.00282 0.986242 0.990047
0.975807 0.951405 1.02204 0.983415 0.969952 0.992672
0.985591 0.943334 1.04838 1.00604 0.988416 0.993695
0.973898 0.945203 1.02602 1.00764 0.989504 0.995518
0.983683 0.937132 1.05236 0.964006 0.953662 0.995296
0.972944 0.942102 1.02801 1.00925 0.990591 0.997342
0.982728 0.934031 1.05435 1.0274 1.04358 1.00816
0.972467 0.940552 1.02901 1.01628 1.09701 0.986069
0.982251 0.93248 1.05534 1.00051 1.11992 0.941436
0.962205 0.947073 1.00367 0.979426 1.10854 0.931695
0.981774 0.93093 1.05634 0.940545 1.08538 0.969172
1.0115 0.913456 1.10242 0.90293 1.06821 1.00489
1.04025 0.869937 1.12617 0.913914 1.0327 1.04588
1.07195 0.823981 1.14316 0.955012 1.0122 1.07637
1.08647 0.814906 1.16769 0.978883 1.0047 1.09118
end
gesture a20 hands 2
1.01059 0.992291 1.14579 0.976271 1.04811 1.01635
1.0354 0.980018 1.15719 0.988199 1.05022 1.04361
1.03242 0.925983 1.1534 0.994306 0.997193 1.06534
1.02525 0.900858 1.13955 1.00647 0.940935 1.06726
1.01493 0.818381 1.11873 1.0241 0.887088 1.0531
1.01651 0.847057 1.12222 1.03912 0.834349 1.03608
1.00618 0.764579 1.10139 1.0686 0.812473 1.01418
1.01213 0.820156 1.11354 1.04433 0.800253 1.00308
1.00181 0.737679 1.09273 1.04205 0.829116 1.00105
1.00994 0.806706 1.10921 1.03105 0.808574 0.996515
0.999624 0.724228 1.08839 1.02877 0.837437 0.99449
1.00885 0.799981 1.10705 1.02442 0.812735 0.993233
0.998532 0.717503 1.08623 1.02214 0.841597 0.991209
1.00831 0.796618 1.10596 1.0211 0.814815 0.991592
0.997985 0.714141 1.08514 1.01882 0.843678 0.989568
1.00803 0.794937 1.10542 1.01944 0.815855 0.990772
0.997712 0.712459 1.0846 1.01716 0.844718 0.988747
1.0079 0.794096 1.10515 1.02006 0.788033 0.991976
0.997576 0.711619 1.08433 1.0155 0.845758 0.987927
1.01808 0.875733 1.1257 1.01542 0.903992 0.981242
0.997439 0.710778 1.08406 0.985162 0.949366 0.961872
0.997782 0.657627 1.07921 0.957452 0.992651 0.935717
0.986528 0.647147 1.1277 0.931979 1.01578 0.951308
0.978905 0.696501 1.1583 0.920475 1.02882 0.911716
0.980261 0.751138 1.17384 0.906506 1.0389 0.9669
0.988857 0.809105 1.18024 0.907365 1.04026 1.02633
0.992508 0.867912 1.18332 0.907295 1.02845 1.08116
0.998487 0.983557 1.18796 0.902591 1.02244 1.07998
0.984522 1.06013 1.13234 0.922434 1.00859 1.06138
0.980828 1.09933 1.09983 0.901575 1.02816 1.02387
0.9772 1.12467 1.05256 0.921257 1.01497 1.04788
0.983241 1.08998 1.04018 0.942277 0.994748 1.04278
0.997315 1.05717 1.08436 0.940938 1.00177 1.07189
end
gesture a20 hands 2
1.04137 0.776676 1.24106 0.912832 1.02208 1.09121
1.03348 0.777657 1.21216 0.925912 1.0009 1.08226
1.03006 0.743726 1.16421 0.924863 1.0343 1.06689
1.01975 0.692907 1.1387 0.938992 0.979717 1.0733
1.00545 0.586612 1.1105 0.97084 0.932278 1.07958
0.997901 0.529266 1.10159 0.979802 0.884844 1.05259
0.995329 0.472936 1.09261 0.974927 0.832747 1.02645
0.992133 0.439586 1.05045 0.97878 0.811917 1.02974
0.98485 0.479549 1.01274 0.980002 0.77668 1.03348
0.978568 0.53278 1.00063 0.982633 0.791088 1.03302
0.994847 0.584142 1.00256 0.983948 0.798292 1.03279
1.01875 0.622285 1.0264 0.984606 0.801894 1.03268
1.02833 0.66068 1.0506 0.970398 0.755106 1.05683
1.02983 0.70286 1.07162 0.985264 0.805496 1.03257
1.02988 0.750478 1.08214 1.00806 0.848394 1.00574
1.02671 0.772209 1.07397 1.03049 0.895891 0.981849
0.998124 0.830996 1.03249 1.0207 0.922003 0.973163
1.01083 0.812468 1.04915 1.05293 0.943389 0.957958
0.982246 0.871255 1.00767 1.03334 0.995613 0.940588
1.00289 0.832597 1.03674 0.990751 1.0356 0.942505
0.974307 0.891384 0.995256 0.951244 1.0319 0.967547
0.998919 0.842662 1.03053 0.942028 1.02725 1.02558
0.970338 0.901449 0.98905 0.930593 1.02245 1.05393
0.996934 0.847694 1.02743 0.934765 1.0262 1.08386
0.968353 0.906482 0.985947 0.919159 1.01766 1.08228
0.96736 0.908998 0.984396 0.911356 1.0134 1.08149
1.02353 0.793939 1.06581 0.907454 1.01126 1.08109
0.966368 0.911514 0.982844 0.905504 1.0102 1.0809
0.955609 0.94798 0.952481 0.904528 1.00966 1.0808
0.97068 0.927382 0.975045 0.904041 1.0094 1.08075
0.963675 0.967537 0.903818 0.903797 1.00926 1.08072
0.985751 0.906785 0.99761 0.917306 1.0371 1.12635
0.990917 0.895496 1.02176 0.903553 1.00913 1.0807
end
gesture a20 hands 2
1.05413 0.755272 1.26417 0.951947 1.03531 1.06937
1.04896 0.756199 1.23499 0.962888 1.00789 1.07269
1.03018 0.743898 1.18086 0.998912 0.961247 1.07588
1.01623 0.698543 1.14501 1.01221 0.912698 1.04623
1.00394 0.645838 1.12179 1.01761 0.864695 1.01424
0.984652 0.536482 1.0968 1.01902 0.809949 1.01061
0.973834 0.484815 1.08853 1.03978 0.780738 0.983024
0.985591 0.435849 1.06615 1.01368 0.831597 0.977043
1.03633 0.446028 1.05614 1.00708 0.887367 0.963401
1.06901 0.48374 1.06541 1.01253 0.940535 0.940767
1.08248 0.525213 1.0784 1.02886 0.991834 0.91709
1.07799 0.662777 1.12006 1.00632 1.02457 0.896149
1.0712 0.712746 1.10851 1.03508 1.0461 0.896905
1.06267 0.730447 1.09561 0.983778 1.0573 0.875207
1.02759 0.777493 1.04915 0.946223 1.05597 0.898535
1.04086 0.76282 1.06593 0.929956 1.05583 0.953456
1.00578 0.809867 1.01947 0.924796 1.04553 1.00991
1.02995 0.779008 1.05109 0.922455 1.04863 1.06786
0.994873 0.826054 1.00463 0.914806 1.04072 1.0706
1.0245 0.787101 1.04367 0.919848 1.04599 1.09795
0.98942 0.834147 0.997208 0.910981 1.03676 1.07197
1.02178 0.791148 1.03996 0.917936 1.04402 1.09864
0.986694 0.838194 0.993498 0.909068 1.03479 1.07265
1.02041 0.793171 1.0381 0.91698 1.04303 1.09898
0.98533 0.840218 0.991643 0.908112 1.0338 1.073
1.01973 0.794183 1.03718 0.916502 1.04253 1.09915
0.984649 0.841229 0.990716 0.907634 1.0333 1.07317
0.984308 0.841735 0.990252 0.916263 1.04229 1.09924
1.05413 0.748148 1.08271 0.907395 1.03306 1.07325
0.983967 0.842241 0.989788 0.907275 1.03293 1.0733
0.9688 0.877533 0.952441 0.924891 1.05127 1.12531
0.983215 0.87234 0.943061 0.907156 1.03281 1.07334
0.998349 0.825304 1.04506 0.92463 1.03215 1.04912
end
gesture a20 hands 2
1.18034 0.777126 1.18645 1.0073 0.990984 1.02671
1.16625 0.773152 1.21231 1.0026 0.981594 1.02901
1.12853 0.755529 1.25441 1.03095 0.997936 1.01029
1.11264 0.754591 1.19919 0.997901 0.972203 1.03131
1.08316 0.729912 1.15527 0.964024 0.940347 1.06533
1.05403 0.686665 1.13376 0.950949 0.896492 1.09954
1.02503 0.641218 1.12399 0.931147 0.854848 1.13734
1.00368 0.650208 1.09591 0.920666 0.829534 1.14483
0.988639 0.616807 1.09764 0.928393 0.827942 1.11811
0.982332 0.659197 1.06783 0.919288 0.81608 1.13522
0.98658 0.707474 1.0715 0.927015 0.814488 1.10849
0.984677 0.759033 1.08298 0.9186 0.809354 1.13041
0.982005 0.815854 1.08408 0.926327 0.807762 1.10369
0.975385 0.865527 1.06303 0.918255 0.80599 1.12801
0.967137 0.90844 1.0359 0.925982 0.804398 1.10128
0.960081 0.924293 1.01613 0.918083 0.804309 1.12681
0.969599 0.899099 1.01995 0.92581 0.802717 1.10008
0.961312 0.919622 1.00816 0.917997 0.803468 1.12621
0.970831 0.894429 1.01198 0.925724 0.801876 1.09948
0.961928 0.917287 1.00417 0.917954 0.803047 1.12591
0.971446 0.892094 1.008 0.925681 0.801455 1.09918
0.962236 0.91612 1.00218 0.92566 0.801245 1.09903
0.971754 0.890927 1.006 0.910184 0.804219 1.15233
0.96239 0.915536 1.00118 0.925638 0.801035 1.09888
0.971908 0.890343 1.00501 0.944356 0.835039 1.05858
0.962467 0.915244 1.00068 0.955662 0.870682 1.02425
0.971985 0.890051 1.00451 0.961332 0.913919 0.987028
0.962505 0.915098 1.00043 0.966146 0.961352 0.957109
0.972023 0.889905 1.00426 0.94674 1.01034 0.964142
0.953025 0.940145 0.996357 0.925929 1.0107 1.01903
0.972062 0.889759 1.00401 0.925952 1.00071 1.07544
0.989931 0.861507 1.05069 0.919378 0.983405 1.13008
1.00052 0.846832 1.07306 0.923064 0.974524 1.15747
end
gesture a20 hands 2
1.11965 0.763646 1.31183 0.946527 1.003 1.04596
1.10921 0.765804 1.28427 0.968398 1.00529 1.04223
1.09497 0.778421 1.22868 0.990686 1.03472 0.99008
1.08195 0.797681 1.17507 0.99027 1.00757 1.0385
1.05361 0.781687 1.13016 0.988602 0.968729 1.08034
1.03099 0.733858 1.11305 0.975302 0.923637 1.11277
1.01026 0.685302 1.10677 0.96129 0.872311 1.13369
0.984913 0.634327 1.10114 0.951547 0.851502 1.10673
0.953081 0.624873 1.06594 0.942658 0.8193 1.13402
0.947394 0.676786 1.04554 0.941805 0.830693 1.07976
0.95817 0.731381 1.04376 0.949362 0.869197 1.03661
0.961339 0.806532 1.04842 0.950714 0.908728 0.995933
0.969396 0.830755 1.06484 0.954017 0.950242 0.957463
0.964508 0.881683 1.05308 0.960887 0.974815 0.943532
0.957201 0.927109 1.02577 0.962799 0.991261 0.96728
0.94966 0.930426 1.00248 0.965279 0.995324 0.94844
0.945348 0.96791 0.990684 0.967191 1.01177 0.972188
0.943734 0.950826 0.984937 0.967474 1.00558 0.950894
0.955136 0.932192 1.00356 0.969386 1.02203 0.974642
0.948627 0.932967 0.991373 0.968572 1.01071 0.952121
0.960029 0.914333 1.00999 0.970484 1.02715 0.975869
0.951074 0.924037 0.994592 0.969121 1.01327 0.952734
0.962476 0.905403 1.01321 0.971033 1.02972 0.976483
0.952298 0.919573 0.996201 0.969396 1.01455 0.953041
0.9637 0.900939 1.01482 0.971308 1.031 0.976789
0.952909 0.91734 0.997005 0.969533 1.01519 0.953195
0.964311 0.898706 1.01563 0.971445 1.03164 0.976943
0.953215 0.916224 0.997408 0.967758 0.999388 0.9296
0.964617 0.89759 1.01603 0.971582 1.03228 0.977096
0.953368 0.915666 0.997609 0.961812 1.02134 1.0345
0.96477 0.897032 1.01623 0.956928 1.01586 1.0632
0.942119 0.933742 0.97919 0.952198 1.02031 1.09291
0.964923 0.896474 1.01643 0.952043 1.01039 1.0919
end
gesture a20 hands 2
1.06907 0.7821 1.12645 0.938198 1.02209 1.08177
1.06906 0.790496 1.0978 0.927661 1.02165 1.054
1.02859 0.772521 1.06306 0.927305 1.03096 0.996942
0.998872 0.72348 1.05323 0.928303 1.01533 1.01846
0.979737 0.670235 1.05569 0.925199 0.971216 1.05601
0.959182 0.619547 1.06786 0.92725 0.985459 1.04799
0.930735 0.571748 1.06099 0.924146 0.941345 1.08554
0.925183 0.616532 1.03172 0.926724 0.970523 1.06276
0.93493 0.667388 1.03139 0.92362 0.926409 1.1003
0.940165 0.719673 1.04679 0.92646 0.963055 1.07014
0.940242 0.747472 1.04344 0.923356 0.918941 1.10769
0.945399 0.771958 1.06219 0.926329 0.959321 1.07383
0.945554 0.827555 1.05549 0.923225 0.915207 1.11138
0.939721 0.870603 1.02642 0.926263 0.957454 1.07568
0.936402 0.896461 0.979654 0.923159 0.91334 1.11322
0.937514 0.909435 0.970393 0.92623 0.95652 1.0766
0.917502 0.942693 0.946847 0.923126 0.912406 1.11415
0.925293 0.932506 0.939867 0.926214 0.956054 1.07706
0.938626 0.92241 0.961133 0.92311 0.91194 1.11461
0.935855 0.922364 0.94701 0.923101 0.911706 1.11484
0.949188 0.912268 0.968275 0.929301 0.999701 1.03998
0.941136 0.917293 0.950582 0.923093 0.911473 1.11507
0.954469 0.907197 0.971847 0.911558 0.861057 1.13788
0.943776 0.914758 0.952367 0.905244 0.811957 1.10918
0.957109 0.904661 0.973632 0.922308 0.821243 1.05677
0.945097 0.91349 0.95326 0.965161 0.884977 0.979252
0.95843 0.903394 0.974525 0.979345 0.923716 0.940369
0.945757 0.912856 0.953707 0.9635 0.969684 0.932237
0.95909 0.90276 0.974972 0.941879 0.974389 0.98688
0.95942 0.902443 0.975195 0.944859 0.980488 1.04589
0.933084 0.922319 0.932888 0.927068 0.993633 1.05148
0.95975 0.902126 0.975418 0.943031 0.999774 1.1051
0.985387 0.888187 1.02075 0.909278 1.00678 1.05707
end
gesture a20 hands 2
0.954625 0.86623 1.19138 0.904088 1.04533 1.1143
0.953807 0.864982 1.20628 0.909078 1.04588 1.10032
0.965776 0.866673 1.18055 0.91174 1.02732 1.12272
0.959383 0.865203 1.20087 0.912903 1.03687 1.10453
0.971352 0.866895 1.17514 0.915566 1.01832 1.12693
0.962171 0.865314 1.19817 0.914816 1.03237 1.10664
0.974139 0.867006 1.17244 0.917479 1.01381 1.12903
0.963565 0.86537 1.19681 0.915773 1.03012 1.10769
0.975533 0.867061 1.17108 0.918435 1.01156 1.13009
0.964262 0.865397 1.19614 0.918914 1.01044 1.13061
0.97623 0.867089 1.17041 0.914067 1.04642 1.08635
0.96461 0.865411 1.1958 0.919392 1.00931 1.13114
0.976578 0.867103 1.17007 0.920299 0.951685 1.1313
0.976753 0.86711 1.1699 0.924201 0.90056 1.10667
0.95299 0.863733 1.22119 0.937565 0.864437 1.06441
0.976927 0.867117 1.16973 0.954534 0.848169 1.01181
0.99065 0.871942 1.11326 0.973576 0.814658 0.998231
1.00203 0.851094 1.06004 0.983097 0.797902 0.991444
1.0017 0.800654 1.03283 0.985315 0.806395 0.984447
0.995937 0.693442 1.00556 0.986424 0.810641 0.980949
0.997897 0.639916 0.994364 0.987841 0.808023 0.93506
0.997145 0.58299 0.986955 0.987532 0.814888 0.97745
0.977987 0.531601 0.996476 0.992618 0.781147 0.984658
0.982755 0.542319 1.01906 0.987224 0.821752 1.01984
1.01128 0.592784 1.03077 0.99077 0.878938 1.02899
1.03903 0.639823 1.04214 0.998347 0.929935 1.00647
1.05764 0.691613 1.05802 0.996445 0.986503 0.992307
1.06374 0.771195 1.08217 0.989827 1.04498 0.994273
1.05769 0.812119 1.08476 0.977583 1.09589 1.01983
1.04502 0.851336 1.07116 0.970296 1.09179 1.07193
1.0228 0.889227 1.04837 0.977896 1.07309 1.12558
0.995922 0.922276 1.02134 0.964294 1.07316 1.18023
0.981247 0.93554 1.00742 0.951632 1.07058 1.20716
end
gesture a20 hands 2
0.837531 1.07026 0.867617 0.812049 1.11388 0.993376
0.845784 1.05973 0.893502 0.839701 1.1089 0.998701
0.863727 1.03894 0.940414 0.894184 1.09044 1.01029
0.885397 1.01234 0.985081 0.928967 1.04882 1.0323
0.91135 0.973822 1.01993 0.946037 1.0156 1.07852
0.935138 0.921649 1.02134 0.978551 0.978964 1.10935
0.936774 0.871596 0.993502 1.00523 0.929636 1.12569
0.931798 0.817553 0.973306 1.00954 0.873687 1.12782
0.925632 0.766115 0.96118 1.01231 0.830072 1.09097
0.919341 0.715514 0.957091 1.01073 0.784643 1.0565
0.896519 0.667985 0.961123 1.01654 0.742383 1.02771
0.894346 0.615862 0.946583 1.0136 0.694262 0.996404
0.920339 0.583546 0.909119 0.993954 0.697948 0.983111
0.958882 0.61773 0.894142 0.992642 0.755148 0.988634
0.980441 0.660418 0.89801 0.986599 0.812653 0.977425
0.992305 0.751972 0.92637 0.977515 0.923617 0.967556
1.0014 0.793527 0.948786 0.959994 0.980102 0.941378
1.00417 0.843526 0.95473 0.964213 1.00734 0.949533
1.00428 0.887872 0.9359 0.980932 1.02083 1.0013
0.995216 0.928211 0.90746 0.974681 1.0277 0.979493
0.977926 0.939318 0.917562 0.991401 1.04119 1.03126
0.96928 0.944872 0.922614 0.979916 1.03788 0.994473
0.968849 0.9618 0.872278 0.996636 1.05137 1.04624
0.964742 0.956113 0.899971 0.982533 1.04297 1.00196
0.971948 0.954197 0.956594 0.999253 1.05646 1.05373
0.966292 0.952312 0.942129 0.968431 1.03458 0.957687
0.973498 0.950395 0.998752 1.00187 1.06155 1.06122
0.967066 0.950411 0.963208 1.01924 1.08419 1.11166
0.974272 0.948495 1.01983 1.01202 1.07195 1.16475
0.960635 0.950426 0.927665 0.964882 1.06428 1.13967
0.975047 0.946594 1.04091 0.932824 1.0714 1.0915
0.972 0.93815 1.09743 0.915166 1.07998 1.03678
0.967511 0.926879 1.15291 0.934107 1.07462 0.985753
end
gesture a20 hands 2
0.989617 0.695548 1.6988 0.830598 0.735393 1.7366
0.994164 0.696596 1.72838 0.84769 0.691208 1.73913
0.998963 0.703446 1.7868 0.853132 0.739046 1.75606
1.01296 0.711346 1.84395 0.864782 0.647023 1.74166
1.02343 0.700756 1.90146 0.874017 0.599038 1.71983
1.04309 0.665199 1.91517 0.880477 0.574696 1.70992
1.03953 0.623309 1.87918 0.894426 0.614028 1.61809
1.03393 0.664193 1.79199 0.890682 0.582191 1.65905
1.03171 0.680886 1.69087 0.904631 0.621522 1.56721
1.03001 0.692982 1.69783 0.895785 0.585938 1.63362
1.02721 0.713424 1.65423 0.909734 0.62527 1.54178
1.02496 0.729692 1.63592 0.898336 0.587812 1.6209
1.02832 0.705077 1.7048 0.912285 0.627143 1.52906
1.02272 0.745961 1.6176 0.886938 0.550354 1.70002
1.01991 0.766403 1.57401 0.914836 0.629017 1.51634
1.01851 0.776624 1.55221 0.928786 0.668348 1.4245
1.02388 0.738463 1.50255 0.941156 0.664902 1.29763
1.01711 0.786845 1.53041 0.942735 0.70768 1.33267
1.03277 0.841468 1.52416 0.95528 0.753457 1.3632
1.04969 0.889499 1.5368 0.980751 0.803739 1.37899
1.05321 0.935364 1.56269 0.99911 0.853671 1.37785
1.04835 0.979621 1.59192 1.01308 0.901549 1.3853
1.03912 1.03349 1.61247 1.02687 0.949052 1.40282
1.03252 1.07819 1.60147 1.03949 0.991176 1.42344
1.02094 1.11702 1.57879 1.037 1.03742 1.42553
1.00892 1.15953 1.5449 1.00189 1.07928 1.42213
1.00076 1.17862 1.49648 0.947491 1.09107 1.43823
0.997832 1.13684 1.48279 0.9075 1.07088 1.46734
0.996046 1.145 1.45426 0.888079 1.03866 1.5089
0.994905 1.09506 1.4691 0.876248 1.00377 1.54958
0.99458 1.05008 1.4995 0.858198 0.957193 1.58022
0.994233 1.00114 1.5283 0.840077 0.903997 1.59626
0.995791 0.953548 1.55708 0.832498 0.847356 1.60308
end
gesture a20 hands 2
0.934898 0.742595 1.17839 0.941399 1.05453 0.984999
0.944372 0.722159 1.17545 0.940082 1.04852 0.971511
0.945327 0.749367 1.20539 0.943476 1.04773 1.00086
0.953845 0.701722 1.1725 0.941121 1.04511 0.979442
0.944494 0.602381 1.12847 0.944515 1.04433 1.00879
0.935755 0.551391 1.11012 0.94164 1.04342 0.983407
0.897641 0.545407 1.1003 0.945034 1.04263 1.01276
0.897149 0.542658 1.08196 0.941899 1.04256 0.98539
0.917704 0.504832 1.07968 0.945293 1.04178 1.01474
0.896657 0.539909 1.06362 0.945423 1.04136 1.01573
0.886133 0.557447 1.05559 0.938765 1.0425 0.958024
0.880872 0.566217 1.05157 0.945553 1.04093 1.01672
0.859527 0.539423 1.09048 0.963187 1.01289 1.0623
0.87561 0.574986 1.04756 0.979675 0.956065 1.0639
0.90073 0.620985 1.03065 0.989129 0.899857 1.05424
0.92789 0.665069 1.03117 1.00316 0.84839 1.03665
0.946364 0.707968 1.04513 1.00613 0.800203 1.03017
0.950381 0.773862 1.05962 1.01519 0.750525 1.05004
0.95125 0.798283 1.07989 1.00862 0.75056 1.06231
0.954398 0.839756 1.0741 1.00534 0.750577 1.06845
0.95758 0.916167 1.04676 1.0037 0.750585 1.07152
0.956696 0.94887 1.03919 1.00288 0.75059 1.07306
0.960762 0.992577 1.01942 1.00247 0.750592 1.07382
0.974339 1.03138 0.988248 1.00226 0.750593 1.07421
1.00141 1.03051 0.961095 1.01982 0.698405 1.06717
1.00001 1.06012 0.94688 1.00206 0.750594 1.07459
1.02848 1.02965 0.933942 0.989956 0.805102 1.07668
1.04272 1.01441 0.927474 0.981901 0.86077 1.06952
1.04983 1.00679 0.924239 0.977313 0.915577 1.05001
1.05339 1.00299 0.922622 0.975455 1.01896 0.997631
1.04132 1.05249 0.908245 0.980031 1.07097 0.972266
1.05695 0.999176 0.921005 0.989099 1.1007 0.995535
1.05621 0.973276 0.935352 0.952636 1.11868 1.03333
end
gesture a20 hands 2
1.05417 0.717043 1.35171 0.908715 0.929545 1.34669
1.04625 0.70598 1.35782 0.916805 0.917084 1.37241
1.01152 0.597833 1.3351 0.918084 0.894529 1.42645
1.02493 0.646375 1.34951 0.939022 0.850416 1.45655
0.990201 0.538227 1.32679 0.927722 0.801509 1.48614
1.01427 0.616573 1.34536 0.891135 0.778801 1.49179
0.97954 0.508425 1.32264 0.910889 0.824973 1.46601
1.00894 0.601671 1.34328 0.919844 0.848282 1.45262
0.974209 0.493523 1.32057 0.93491 0.870014 1.35951
1.00627 0.594221 1.34224 0.931854 0.870802 1.39937
0.971543 0.486073 1.31953 0.94692 0.892534 1.30626
1.00494 0.590495 1.34172 0.937859 0.882062 1.37275
0.970211 0.482347 1.31901 0.952925 0.903794 1.27964
1.00428 0.588633 1.34146 0.940862 0.887692 1.35943
0.969544 0.480485 1.31875 0.955927 0.909424 1.26632
0.969211 0.479553 1.31862 0.942363 0.890507 1.35278
1.03834 0.694918 1.36392 0.957429 0.912239 1.25967
0.968878 0.478622 1.31849 0.943113 0.891915 1.34945
0.945287 0.429913 1.30206 0.958179 0.913647 1.25634
0.888023 0.428664 1.28881 0.943489 0.892619 1.34778
0.87345 0.485231 1.12757 0.958555 0.91435 1.25467
0.888916 0.535714 1.14932 0.943676 0.892971 1.34695
0.898458 0.613094 1.19645 0.958742 0.914702 1.25384
0.901906 0.65658 1.20899 0.94377 0.893147 1.34654
0.906239 0.740748 1.20167 0.958836 0.914878 1.25343
0.909429 0.797996 1.19362 0.943817 0.893235 1.34633
0.926409 0.899377 1.17282 0.958883 0.914966 1.25322
0.946361 0.940765 1.15495 0.928798 0.871591 1.43923
0.992301 0.958696 1.13152 0.95893 0.915054 1.25301
1.02621 0.920079 1.14923 0.932697 0.958802 1.22514
1.02883 0.876076 1.18641 0.961121 0.923758 1.26175
1.01982 0.839779 1.22941 0.93273 0.94692 1.3089
0.994746 0.773502 1.31542 0.916097 0.928828 1.33646
end
gesture a20 hands 2
0.982259 0.947216 1.16135 0.908914 1.0295 1.06499
0.99382 0.941779 1.18838 0.924801 1.02582 1.0901
1.00849 0.903969 1.15505 0.970257 1.01404 1.09816
0.989001 0.796222 1.11419 0.995133 0.968715 1.10215
0.978699 0.744044 1.09068 1.02162 0.917045 1.1138
0.969514 0.688476 1.07332 1.03835 0.861797 1.12445
0.960708 0.637136 1.05744 1.04814 0.809482 1.10018
0.946448 0.582628 1.04138 1.07028 0.778099 1.06833
0.940342 0.529544 1.02566 1.10308 0.737104 1.05347
0.930576 0.475864 1.01654 1.05365 0.761224 1.06891
0.904692 0.422504 1.01697 1.00506 0.790484 1.06508
0.882592 0.444812 0.977126 0.978499 0.8324 1.04092
0.903665 0.488213 0.966163 0.962598 0.887011 1.04121
0.911855 0.511631 0.964922 0.984159 0.902 1.02374
0.92418 0.580328 0.981559 0.976596 0.942992 1.04669
0.922112 0.557688 0.97262 0.991158 0.929991 1.02647
0.934437 0.626385 0.989257 1.00891 0.960558 0.981162
0.927241 0.580717 0.97647 1.00731 0.938774 0.993711
0.939565 0.649414 0.993106 1.02506 0.969341 0.948399
0.929805 0.592232 0.978394 1.01539 0.943166 0.977329
0.94213 0.660929 0.995031 1.03314 0.973733 0.932017
0.931087 0.597989 0.979356 1.01943 0.945361 0.969138
0.943412 0.666686 0.995993 1.03718 0.975928 0.923826
0.931728 0.600867 0.979837 1.02145 0.946459 0.965043
0.944053 0.669564 0.996474 1.0392 0.977026 0.91973
0.932049 0.602307 0.980078 1.04021 0.977575 0.917683
0.944373 0.671004 0.996714 1.00572 0.91699 1.00626
0.920045 0.535049 0.963682 1.04122 0.978124 0.915635
0.944694 0.672443 0.996955 1.03738 1.01692 0.872962
0.946386 0.725689 0.996987 0.995965 1.05424 0.85717
0.9452 0.771508 0.981371 0.966964 1.0589 0.90713
0.935056 0.859384 0.937331 0.971841 1.0435 0.963256
0.934622 0.885614 0.924069 0.943558 1.0345 1.0772
end
gesture a20 hands 2
1.08703 0.788541 1.13846 0.877991 0.985908 0.867462
1.10699 0.788492 1.16077 0.89521 0.972994 0.888161
1.0587 0.768472 1.17126 0.913581 0.95645 0.940945
1.031 0.764817 1.16354 0.923236 0.924236 0.988171
1.02458 0.686309 1.12566 0.908281 0.904745 1.03401
1.01394 0.723735 1.14074 0.916973 0.89498 1.09115
1.00752 0.645227 1.10286 0.927527 0.863952 1.13652
1.00541 0.703195 1.12934 0.933934 0.815203 1.16772
0.99899 0.624687 1.09147 0.947673 0.769682 1.2017
1.00114 0.692924 1.12364 0.967911 0.725076 1.21815
0.994725 0.614416 1.08577 1.00777 0.696827 1.23171
0.999012 0.687789 1.12079 1.00601 0.691164 1.23234
0.992592 0.609281 1.08292 0.980645 0.731364 1.21338
0.997946 0.685222 1.11937 0.992447 0.708433 1.22318
0.991526 0.606714 1.08149 0.967083 0.748633 1.20422
1.0033 0.761162 1.15582 0.985666 0.717067 1.2186
0.99046 0.604146 1.08007 0.960301 0.757267 1.19964
0.981948 0.551087 1.06264 0.982276 0.721384 1.21631
0.966797 0.502666 1.03542 0.956911 0.761584 1.19735
0.950272 0.523282 1.00169 0.98058 0.723543 1.21516
0.937087 0.526751 0.982853 0.955215 0.763742 1.19621
0.900965 0.51054 0.942816 0.954368 0.764822 1.19563
0.887914 0.555888 0.911339 1.00425 0.685502 1.23297
0.939186 0.65453 0.881642 0.95352 0.765901 1.19506
0.962402 0.70339 0.893106 0.951619 0.811319 1.16306
0.976037 0.748471 0.917466 0.957817 0.852465 1.13393
0.983266 0.841095 0.977564 0.973093 0.887404 1.08967
0.976771 0.889732 1.00297 1.0007 1.0107 0.983862
0.975458 0.931339 1.00714 1.0169 1.09487 0.926419
0.969443 0.984202 0.991122 0.998749 1.1236 0.885834
0.960414 1.02734 0.961967 0.964286 1.09811 0.925454
0.948684 1.05494 0.918723 0.939626 1.07658 0.96876
0.93839 1.04022 0.895027 0.928183 1.0667 0.991791
end
gesture a20 hands 2
0.93462 0.836778 0.909669 0.742348 0.910343 1.33168
0.949706 0.82938 0.995238 0.754598 0.906564 1.32425
0.976965 0.818654 1.04476 0.79218 0.900361 1.28085
0.996207 0.805362 1.06026 0.779513 0.901573 1.29883
1.00262 0.782712 1.04581 0.817096 0.89537 1.25544
1.00904 0.78739 1.06079 0.791972 0.899078 1.28613
1.01545 0.76474 1.04633 0.829554 0.892874 1.24273
1.01545 0.778405 1.06105 0.7982 0.89783 1.27978
1.02187 0.755755 1.0466 0.835783 0.891627 1.23638
1.01545 0.792069 1.07576 0.801315 0.897206 1.2766
1.02828 0.746769 1.04686 0.838897 0.891003 1.2332
1.0175 0.702295 1.00964 0.766847 0.902785 1.31682
1.0079 0.650121 0.984402 0.842012 0.890379 1.23002
0.999411 0.595403 0.969119 0.88352 0.886494 1.18847
0.991647 0.538943 0.960106 0.929756 0.865627 1.16008
0.98583 0.483811 0.955606 0.947959 0.818078 1.18645
0.973975 0.426361 0.95872 0.948877 0.761265 1.20229
0.932767 0.399152 0.987105 0.943878 0.706511 1.21478
0.896177 0.433628 1.01156 0.95547 0.65803 1.21896
0.87978 0.489381 1.00608 0.918573 0.685319 1.23653
0.8828 0.540722 0.987454 0.915452 0.686059 1.23207
0.893347 0.594578 0.974074 0.894507 0.740966 1.23232
0.907192 0.64133 0.975096 0.883474 0.795892 1.21247
0.922596 0.693795 0.992775 0.909624 0.82679 1.17111
0.932386 0.736482 1.01577 0.954739 0.900582 1.09616
0.940895 0.786654 1.04493 0.99068 0.996322 1.00782
0.937745 0.834546 1.06953 1.01717 1.05637 0.960457
0.934449 0.878014 1.08291 1.02662 1.09206 0.919479
0.936969 0.921588 1.07766 1.02728 1.12229 0.870917
0.937024 0.964421 1.05543 0.984377 1.08601 0.872047
0.938431 1.00107 1.02348 0.958257 1.05832 0.91302
0.940934 1.02365 0.975098 0.939284 1.03571 0.961646
0.942229 1.00669 0.952206 0.931868 1.02494 0.985971
end
gesture a20 hands 2
0.947193 0.825233 0.925711 0.892784 0.975977 1.18668
0.945377 0.822178 0.955338 0.891304 0.983144 1.15765
0.954066 0.808854 1.01184 0.898503 0.975714 1.10196
0.981145 0.762204 0.989417 0.932105 0.93387 1.08804
0.989452 0.707434 0.970992 0.960242 0.88385 1.0987
0.979633 0.599146 0.956017 0.974653 0.834056 1.12364
0.977568 0.548134 0.944082 0.957681 0.795161 1.16311
0.969814 0.490859 0.941041 0.942219 0.760463 1.17567
0.951519 0.436932 0.948884 0.917526 0.766245 1.15151
0.926681 0.462119 0.982858 0.92547 0.793426 1.20161
0.905807 0.50573 1.01507 0.972829 0.821092 1.2202
0.876883 0.556167 1.0168 1.01504 0.857957 1.21551
0.878654 0.607724 0.997846 1.02297 0.891913 1.17973
0.901993 0.658918 0.98137 1.01435 0.944966 1.07925
0.926697 0.707063 0.981178 1.0304 1.04832 0.890749
0.935078 0.730093 0.987997 1.0162 1.07311 0.840874
0.935812 0.789635 1.00459 0.97275 1.05994 0.813708
0.939635 0.771379 0.999704 0.959984 1.04853 0.837639
0.940369 0.830921 1.0163 0.949651 1.04276 0.952387
0.941914 0.792022 1.00556 0.948435 1.03994 0.906978
0.942647 0.851564 1.02215 0.937765 1.03255 0.959276
0.943459 0.753122 0.994816 0.942492 1.03484 0.910423
0.944926 0.872207 1.02801 0.931823 1.02745 0.962721
0.949292 0.941607 1.05888 0.939521 1.03229 0.912146
0.946393 0.991292 1.0612 0.928851 1.0249 0.964444
0.943748 1.03492 1.03801 0.938035 1.03101 0.913007
0.940688 1.06719 1.00109 0.927366 1.02363 0.965305
0.951334 1.05039 0.990826 0.937292 1.03037 0.913437
0.943738 1.07095 0.950433 0.926623 1.02299 0.965735
0.96198 1.03359 0.980562 0.947219 1.03712 0.86157
0.983125 1.01916 1.04512 0.92588 1.02235 0.966166
0.990517 1.02231 1.09208 0.926552 1.02558 1.09107
1.00427 1.00472 1.10967 0.904541 1.00758 1.07076
end
gesture a20 hands 2
1.00405 0.692827 1.26856 0.990891 1.02754 0.906685
1.00908 0.697364 1.29756 1.01186 1.03193 0.926894
0.991855 0.713165 1.24303 0.977695 1.01583 0.96362
1.02396 0.630315 1.16564 0.946428 0.998681 1.01022
1.02919 0.577355 1.14488 0.945905 0.979343 1.06496
1.03035 0.524088 1.13052 0.94824 0.925892 1.10194
1.02004 0.414309 1.11896 0.941445 0.910106 1.15203
1.00632 0.367881 1.09283 0.950575 0.872441 1.13891
1.0088 0.418921 1.06816 0.969576 0.833291 1.10492
1.01252 0.468388 1.05568 1.00658 0.811972 1.07382
1.01417 0.515787 1.05024 1.04272 0.850207 1.09461
1.01055 0.561953 1.05355 1.02124 0.863678 1.09242
1.00199 0.658365 1.03919 1.01304 0.901268 1.05023
1.00446 0.633242 1.04803 1.0064 0.889208 1.07023
0.995905 0.729654 1.03367 0.998204 0.926798 1.02804
1.00142 0.668886 1.04526 0.998978 0.901973 1.05913
0.992862 0.765298 1.03091 0.990785 0.939564 1.01694
0.999901 0.686708 1.04388 0.995268 0.908356 1.05359
0.991341 0.783121 1.02953 0.987076 0.945946 1.0114
0.999141 0.695619 1.0432 0.993413 0.911547 1.05081
0.990581 0.792032 1.02884 0.985221 0.949138 1.00862
0.99876 0.700075 1.04285 0.999751 0.877148 1.09023
0.9902 0.796487 1.0285 0.983366 0.952329 1.00585
0.99857 0.702303 1.04268 0.973498 0.996522 0.969563
0.99001 0.798715 1.02832 0.960673 1.01446 0.983299
0.998475 0.703417 1.04259 0.945727 1.03542 0.995205
0.989915 0.799829 1.02824 0.949336 1.01648 1.041
0.989868 0.800386 1.02819 0.93078 1.05638 1.00711
1.00694 0.608118 1.05686 0.926024 1.04739 1.00957
0.98982 0.800943 1.02815 0.923646 1.0429 1.0108
0.986199 0.854792 1.00851 0.922457 1.04066 1.01142
0.969239 0.854658 0.984748 0.914824 1.05161 0.954928
0.964795 0.838669 1.00791 0.921268 1.03841 1.01203
end
gesture a20 hands 2
1.06313 0.640359 1.2326 0.94056 1.15901 1.06949
1.07996 0.628585 1.211 0.938996 1.15873 1.09897
1.09014 0.579953 1.17964 0.957986 1.15125 1.10081
1.09242 0.531903 1.14646 0.95894 1.05238 1.0822
1.0948 0.48057 1.12627 0.950208 0.999937 1.101
1.07035 0.446069 1.11583 0.926283 0.948105 1.09767
1.08095 0.369786 1.10837 0.937691 0.854758 1.08001
1.0459 0.411569 1.1054 0.936866 0.811319 1.06342
1.02335 0.459855 1.10426 0.961218 0.762874 1.07864
1.00312 0.507172 1.10954 0.976408 0.740531 1.0902
0.958981 0.537674 1.11602 0.972618 0.785083 1.06135
0.946262 0.553155 1.11533 0.982108 0.751635 1.08156
0.948015 0.598127 1.11655 0.978317 0.796188 1.05271
0.940779 0.583381 1.1156 0.984958 0.757188 1.07723
0.942532 0.628353 1.11681 0.981167 0.80174 1.04838
0.938038 0.598494 1.11573 0.986383 0.759964 1.07507
0.93979 0.643466 1.11695 0.982592 0.804516 1.04622
0.936667 0.606051 1.1158 0.987096 0.761352 1.07399
0.93842 0.651022 1.11701 0.983305 0.805904 1.04514
0.935982 0.609829 1.11583 0.987452 0.762046 1.07345
0.937734 0.654801 1.11705 0.983661 0.806598 1.0446
0.935639 0.611718 1.11585 0.98763 0.762393 1.07318
0.937392 0.65669 1.11706 0.983839 0.806945 1.04433
0.935468 0.612663 1.11586 0.987719 0.762566 1.07305
0.93722 0.657634 1.11707 0.983928 0.807118 1.0442
0.935382 0.613135 1.11586 0.987764 0.762653 1.07298
0.937135 0.658107 1.11708 0.983972 0.807205 1.04413
0.933544 0.568636 1.11465 0.991599 0.718188 1.10176
0.937049 0.658579 1.11708 0.984017 0.807292 1.04406
0.943597 0.745388 1.08116 0.977078 0.858638 1.01651
0.944113 0.789531 1.07702 0.973227 0.911665 0.996808
0.950146 0.832197 1.04524 0.962703 1.02448 1.01447
0.958083 0.842955 1.02014 0.949356 1.08165 1.02174
end
gesture a20 hands 2
1.13204 1.12851 0.853706 0.76668 0.758292 0.973982
1.14152 1.10247 0.936865 0.795333 0.761246 0.965841
1.15946 1.07028 0.981214 0.825062 0.737088 1.01037
1.16607 1.04254 0.982581 0.823657 0.693874 1.05049
1.16704 0.987751 0.976548 0.80507 0.648768 1.07134
1.16986 1.00128 0.980248 0.770773 0.612662 1.08719
1.17084 0.946487 0.974216 0.740781 0.634646 1.13045
1.17176 0.980644 0.979082 0.705904 0.649522 1.16219
1.17273 0.925855 0.973049 0.670025 0.66015 1.16602
1.17271 0.970328 0.978499 0.714971 0.68675 1.15635
1.17368 0.915539 0.972466 0.75411 0.724439 1.14385
1.17318 0.96517 0.978207 0.769969 0.742645 1.13616
1.17416 0.910381 0.972175 0.827184 0.835541 1.11452
1.17342 0.962591 0.978061 0.806507 0.798195 1.1215
1.17439 0.907802 0.972029 0.863721 0.891092 1.09985
1.17451 0.906512 0.971956 0.824775 0.825971 1.11417
1.17268 1.0148 0.983948 0.881989 0.918867 1.09252
1.17463 0.905223 0.971883 0.833909 0.839859 1.1105
1.17662 0.849079 0.986571 0.891124 0.932755 1.08886
1.18069 0.796014 1.00873 0.838476 0.846803 1.10867
1.14939 0.830247 1.04262 0.895691 0.939699 1.08702
1.12522 0.869025 1.04236 0.84076 0.850275 1.10775
1.02923 0.923409 1.03384 0.897974 0.943171 1.08611
0.978337 0.946059 1.03215 0.841902 0.85201 1.10729
0.924761 0.964782 1.03449 0.899116 0.944907 1.08565
0.899235 0.972988 1.04614 0.842473 0.852879 1.10706
0.871185 0.983506 1.03682 0.899687 0.945775 1.08542
0.820132 0.999917 1.06013 0.842758 0.853312 1.10695
0.776799 1.03063 1.08593 0.899973 0.946209 1.0853
0.781965 1.0439 1.1052 0.785829 0.76085 1.12848
0.784549 1.05053 1.11484 0.900258 0.946643 1.08519
0.760676 1.05519 1.13527 0.939652 0.979748 1.06889
0.787132 1.05716 1.12447 0.941984 0.972067 1.06793
end
