gesture a06 hands 2
0.938574 0.482655 1.19935 0.925706 0.948372 1.06781
0.936095 0.490574 1.17079 0.941591 0.953404 1.05544
0.964639 0.51493 1.12575 0.930614 0.957683 1.09579
1.00089 0.54662 1.09764 0.957475 0.958436 1.04308
1.02596 0.598187 1.09 1.00507 0.976529 1.01442
1.0279 0.727022 1.12635 1.03648 0.999748 0.977401
1.03535 0.805005 1.16732 1.0337 1.03134 0.934541
1.0326 0.830431 1.165 0.995456 1.03581 0.908027
1.02224 0.867932 1.13605 0.960773 0.992974 0.923664
1.02605 0.861894 1.14937 0.945471 0.979653 0.944624
1.01569 0.899396 1.12042 0.950753 0.978344 0.987593
1.02277 0.877626 1.14156 0.940461 0.972338 0.976588
1.01242 0.915128 1.11261 0.945743 0.971029 1.01956
1.02113 0.885492 1.13765 0.937956 0.96868 0.992571
1.01078 0.922994 1.1087 0.943238 0.967371 1.03554
1.02031 0.889425 1.13569 0.936703 0.966852 1.00056
1.00996 0.926927 1.10674 0.941985 0.965542 1.04353
1.0199 0.891392 1.13472 0.936077 0.965937 1.00456
1.00955 0.928893 1.10577 0.941359 0.964628 1.04753
1.0197 0.892375 1.13423 0.935764 0.96548 1.00656
1.00934 0.929877 1.10528 0.941046 0.964171 1.04952
1.02985 0.855856 1.16269 0.94089 0.963942 1.05052
1.00914 0.93086 1.10479 0.930169 0.966332 0.965584
0.991516 0.96873 1.03898 0.940733 0.963714 1.05152
0.982365 1.00101 1.0248 0.946015 0.962404 1.09449
0.97901 0.976851 0.994735 0.948656 0.96175 1.11598
0.973893 1.0066 0.973165 0.924535 0.920619 1.1292
0.975655 0.952691 0.96467 0.951297 0.961095 1.13746
0.974741 0.904012 0.993646 0.978801 0.98008 1.08803
end
gesture a06 hands 2
0.928005 0.438638 1.2921 0.944393 0.981762 1.0923
0.936382 0.434447 1.26388 0.975507 0.983333 1.07882
0.912088 0.429439 1.22227 0.967577 0.971049 1.10747
0.905367 0.448999 1.1765 0.987099 0.977976 1.08641
0.939543 0.483584 1.15237 0.974184 0.9756 1.04965
0.959217 0.606863 1.1812 0.990402 0.980251 1.0575
0.952898 0.669684 1.14499 0.977487 0.977875 1.02075
0.965895 0.699913 1.17751 0.992054 0.981389 1.04305
0.959576 0.762735 1.1413 0.979139 0.979013 1.00629
0.969234 0.746438 1.17566 0.992879 0.981958 1.03582
0.962915 0.80926 1.13945 0.979965 0.979582 0.999064
0.970903 0.769701 1.17474 0.993292 0.982242 1.03221
0.964584 0.832522 1.13853 0.980378 0.979866 0.995451
0.971738 0.781332 1.17428 0.993499 0.982385 1.0304
0.965419 0.844154 1.13807 0.980584 0.980008 0.993644
0.972155 0.787148 1.17405 0.993602 0.982456 1.0295
0.965837 0.849969 1.13784 0.980687 0.980079 0.99274
0.972364 0.790056 1.17393 0.993654 0.982491 1.02905
0.966045 0.852877 1.13773 0.980739 0.980115 0.992289
0.972468 0.79151 1.17387 1.00662 0.984903 1.06535
0.96615 0.854331 1.13767 0.98079 0.98015 0.991837
0.97252 0.792237 1.17384 0.97882 1.00892 0.956188
0.966202 0.855058 1.13764 0.954961 0.975398 0.918324
0.966228 0.855422 1.13762 0.940361 0.929467 0.925222
0.978891 0.730142 1.21002 0.928591 0.906472 0.978519
0.966254 0.855785 1.13761 0.94559 0.910685 1.03355
0.953782 0.92527 1.05566 0.941838 0.933 1.08811
0.955985 0.915532 1.00008 0.940457 0.961004 1.13811
0.95379 0.861167 1.0074 0.93255 0.963084 1.16681
end
gesture a06 hands 2
0.900299 0.601686 1.19998 0.952952 0.963518 1.11312
0.922503 0.592438 1.21709 0.946633 0.9655 1.12646
0.953396 0.585949 1.17799 0.961233 0.963108 1.07867
0.946738 0.600385 1.12163 0.950773 0.965295 1.10924
0.957623 0.629921 1.07655 0.965374 0.962903 1.06144
0.985594 0.670544 1.05582 0.952843 0.965193 1.10063
1.00584 0.716813 1.05756 0.967445 0.962801 1.05283
1.01474 0.810366 1.09859 0.953879 0.965142 1.09632
1.00817 0.861622 1.11434 0.96848 0.962749 1.04853
0.998988 0.947701 1.06948 0.954396 0.965116 1.09417
0.99339 0.994762 1.05933 0.968997 0.962724 1.04637
0.989806 1.03378 1.02462 0.954655 0.965103 1.09309
0.994496 1.0383 0.973412 0.969256 0.962711 1.0453
0.993871 1.01356 0.972567 0.940313 0.967483 1.13981
0.98754 0.964272 0.989647 0.969515 0.962698 1.04422
0.990393 0.976541 0.980684 1.0181 0.979058 1.03391
0.984063 0.927258 0.997764 0.995812 0.990944 0.966727
0.988654 0.958034 0.984743 1.01679 1.02019 0.925781
0.982324 0.908751 1.00182 0.973523 1.00283 0.899545
0.987785 0.948781 0.986772 0.948828 0.954812 0.923744
0.981454 0.899498 1.00385 0.95838 0.932832 0.977662
0.98735 0.944154 0.987787 0.965191 0.937601 1.03328
0.98102 0.894871 1.00487 0.962197 0.947878 1.08971
0.980802 0.892558 1.00537 0.950057 0.963136 1.09035
0.993246 0.98881 0.971722 0.943987 0.970765 1.09067
0.980585 0.890244 1.00588 0.961104 0.970762 1.144
0.986621 0.845593 1.04462 0.937917 0.978394 1.09099
0.967924 0.791679 1.04004 0.935169 0.975896 1.03242
0.928795 0.717334 1.06236 0.97289 0.962306 0.994091
end
gesture a06 hands 2
0.898899 0.702814 1.11441 0.880229 0.871591 1.15114
0.914524 0.688576 1.13484 0.918597 0.850546 1.15876
0.953969 0.663128 1.16921 0.91694 0.809412 1.20316
0.971413 0.711751 1.1441 0.956965 0.829501 1.16637
0.952632 0.682413 1.13342 0.993783 0.88172 1.08326
0.947709 0.6772 1.07741 1.01219 0.90783 1.0417
0.99459 0.77366 1.10186 1.0462 0.911106 1.04962
0.996611 0.800899 1.09749 1.0306 0.93394 1.00014
0.981679 0.923625 1.04496 1.0021 0.951451 0.952966
0.990155 0.875881 1.06904 1.01032 1.00584 0.935854
0.975223 0.998608 1.01651 0.990379 1.06735 0.924503
0.986927 0.913373 1.05482 0.983147 1.10669 0.887218
0.971996 1.0361 1.00229 0.970438 1.12885 0.913152
0.985313 0.932118 1.0477 0.964083 1.13994 0.92612
0.970382 1.05484 0.995174 0.960905 1.14548 0.932603
0.984506 0.941491 1.04415 0.959317 1.14825 0.935845
0.969575 1.06422 0.991618 0.965209 1.20319 0.931366
0.984103 0.946178 1.04237 0.961469 1.1771 0.935227
0.969171 1.0689 0.98984 0.961946 1.13202 0.966323
0.983901 0.948521 1.04148 0.959837 1.14152 0.952705
0.96897 1.07125 0.988951 0.960314 1.09644 0.983801
0.9838 0.949692 1.04104 0.959021 1.12373 0.961444
0.968869 1.07242 0.988507 0.959498 1.07864 0.992541
0.968818 1.073 0.988284 0.958613 1.11483 0.965814
0.998631 0.828138 1.09312 0.95909 1.06975 0.99691
0.968768 1.07359 0.988062 0.958886 1.0653 0.999095
0.983527 1.08598 0.937015 0.957728 1.15102 0.939087
0.991128 1.03173 0.930907 0.958682 1.06085 1.00128
0.970284 0.861496 1.03762 0.941164 0.945902 1.07555
end
gesture a06 hands 2
0.93438 0.688278 1.1938 0.879858 0.74611 1.17151
0.94952 0.712259 1.18496 0.908218 0.73817 1.1665
0.97879 0.751279 1.15315 0.92658 0.721673 1.14998
0.998024 0.754399 1.10422 0.991834 0.791891 1.09481
0.994558 0.728106 1.08029 1.01928 0.836232 1.0821
1.00088 0.751562 1.08538 1.02047 0.863897 1.08281
0.989052 0.873607 1.04247 1.00136 0.964181 1.04743
0.998126 0.824312 1.06647 1.01151 0.927871 1.06547
0.986299 0.946358 1.02356 0.992401 1.02816 1.03009
0.99675 0.860688 1.05702 1.00703 0.959859 1.0568
0.984923 0.982734 1.01411 0.987922 1.06014 1.02142
0.996061 0.878876 1.05229 1.00479 0.975852 1.05246
0.984234 1.00092 1.00938 0.985682 1.07614 1.01708
0.995717 0.88797 1.04993 1.00367 0.983849 1.0503
0.98389 1.01002 1.00701 0.984562 1.08413 1.01492
0.995545 0.892517 1.04875 1.00311 0.987848 1.04921
0.983718 1.01456 1.00583 0.984002 1.08813 1.01383
0.995459 0.89479 1.04816 1.00283 0.989847 1.04867
0.983632 1.01684 1.00524 0.983722 1.09013 1.01329
0.995416 0.895927 1.04786 1.00269 0.990846 1.0484
0.983589 1.01797 1.00495 0.983582 1.09113 1.01302
0.995395 0.896496 1.04771 1.00262 0.991346 1.04827
0.983568 1.01854 1.0048 0.983512 1.09163 1.01289
0.995384 0.89678 1.04764 0.983477 1.09188 1.01282
0.983557 1.01883 1.00472 1.02166 0.891562 1.08351
1.0072 0.775018 1.09048 0.983442 1.09213 1.01275
0.983546 1.01911 1.00465 0.954113 1.13531 0.98978
0.9881 1.02221 0.951158 0.950032 1.08345 0.975931
0.973792 0.85778 1.0421 0.947689 0.877832 1.07193
end
gesture a06 hands 2
0.984913 0.548524 1.10159 0.966586 0.812679 1.12243
0.97856 0.565153 1.07798 0.994979 0.821547 1.12058
0.98288 0.592977 1.09127 1.0208 0.835106 1.07241
1.00261 0.597816 1.05086 1.06813 0.951814 0.959102
1.03244 0.646552 1.05966 1.04348 0.981592 0.91611
1.03954 0.671828 1.06541 1.00634 0.974677 0.873039
1.01374 0.79827 1.01648 0.935892 1.18151 0.922425
1.03019 0.747686 1.04383 0.943176 1.20477 0.937834
1.00439 0.874128 0.994896 0.946867 1.06323 1.00689
1.02552 0.785616 1.03303 0.948663 1.14563 0.980067
0.999715 0.912058 0.984102 0.952355 1.00409 1.04912
1.02318 0.80458 1.02764 0.951408 1.11606 1.00118
0.997378 0.931022 0.978705 0.955099 0.974517 1.07024
1.02201 0.814063 1.02494 0.95278 1.10127 1.01174
0.996209 0.940505 0.976007 0.956471 0.959731 1.08079
1.02142 0.818804 1.02359 0.953465 1.09388 1.01702
0.995624 0.945246 0.974657 0.957157 0.952339 1.08607
1.02113 0.821174 1.02291 0.953809 1.09018 1.01966
0.995332 0.947616 0.973983 0.9575 0.948642 1.08871
1.02099 0.82236 1.02258 0.95398 1.08834 1.02098
0.995186 0.948802 0.973645 0.957672 0.946794 1.09003
0.995113 0.949394 0.973477 0.954066 1.08741 1.02164
1.04664 0.697103 1.07117 0.957757 0.94587 1.09069
0.99504 0.949987 0.973308 0.954109 1.08695 1.02197
1.00244 0.993328 0.935532 0.9578 0.945408 1.09102
1.05385 1.00938 0.931109 0.957822 0.945177 1.09119
1.09168 1.0299 0.962219 0.95046 1.22803 0.953243
1.01038 1.0988 1.00445 0.957843 0.944946 1.09135
0.835383 1.15207 1.09571 0.965688 0.846989 1.13775
end
gesture a06 hands 2
0.955261 0.493412 1.20319 1.02798 0.868767 1.02753
0.983804 0.491695 1.1958 1.02536 0.885051 1.00298
1.03992 0.50077 1.19335 0.996359 0.905153 0.960058
1.07844 0.537549 1.19492 0.945074 0.970191 0.890593
1.1026 0.633749 1.22376 0.92103 0.986634 0.835373
1.10961 0.660511 1.22617 0.893789 1.03523 0.821128
1.06186 0.771921 1.15555 0.855675 1.049 0.861903
1.08924 0.729596 1.19206 0.857934 1.05212 0.888917
1.04149 0.841007 1.12144 0.89906 1.04338 0.959746
1.07905 0.76414 1.17501 0.879626 1.04931 0.937839
1.0313 0.875551 1.10439 0.920753 1.04056 1.00867
1.07396 0.781411 1.16648 0.890473 1.04791 0.9623
1.02621 0.892822 1.09587 0.9316 1.03916 1.03313
1.07142 0.790047 1.16222 0.895896 1.0472 0.97453
1.02367 0.901458 1.0916 0.937023 1.03845 1.04536
1.07014 0.794365 1.16009 0.898607 1.04685 0.980645
1.02239 0.905776 1.08947 0.939734 1.0381 1.05147
1.06951 0.796524 1.15902 0.899963 1.04668 0.983703
1.02176 0.907935 1.08841 0.94109 1.03793 1.05453
1.06919 0.797604 1.15849 0.900641 1.04659 0.985232
1.02144 0.909015 1.08787 0.941768 1.03784 1.05606
1.06903 0.798143 1.15822 0.942107 1.03779 1.05683
1.02128 0.909554 1.08761 0.860192 1.05525 0.915931
1.11662 0.687272 1.22857 0.942446 1.03775 1.05759
1.02112 0.910094 1.08734 0.946805 1.00859 1.0834
1.01684 0.951964 1.06272 0.946847 1.01336 1.15607
1.04996 0.974465 1.03205 0.951165 0.979422 1.1092
1.07264 0.929366 1.03901 0.991197 0.940896 1.00749
1.0578 0.861922 1.07206 1.00893 0.919469 0.997384
end
gesture a06 hands 2
1.01896 0.3993 1.35238 1.00058 0.90558 1.00935
1.04514 0.403625 1.33992 0.94251 0.946275 0.944186
1.08552 0.437536 1.32517 0.927185 0.955751 0.892967
1.09976 0.505179 1.31733 0.900996 0.976098 0.913623
1.11317 0.528877 1.32806 0.88444 0.98697 0.879022
1.11358 0.550849 1.31877 0.879624 0.991708 0.906651
1.09581 0.607994 1.26538 0.914554 0.99268 0.948636
1.1049 0.590408 1.28743 0.89468 0.994563 0.941458
1.08713 0.647553 1.23403 0.92961 0.995536 0.983443
1.10056 0.610188 1.27176 0.902209 0.99599 0.958861
1.08279 0.667333 1.21836 0.937139 0.996963 1.00085
1.09839 0.620077 1.26393 0.905973 0.996704 0.967563
1.08062 0.677222 1.21053 0.940903 0.997677 1.00955
1.09731 0.625022 1.26001 0.907855 0.997061 0.971914
1.07954 0.682167 1.20661 0.942785 0.998034 1.0139
1.09677 0.627495 1.25805 0.908796 0.99724 0.974089
1.07899 0.68464 1.20465 0.943726 0.998213 1.01607
1.0965 0.628731 1.25707 0.909266 0.997329 0.975177
1.07872 0.685876 1.20367 0.944196 0.998302 1.01716
1.09636 0.629349 1.25658 0.909502 0.997373 0.975721
1.07859 0.686494 1.20318 0.944432 0.998346 1.01771
1.09629 0.629658 1.25633 0.874807 0.996445 0.934279
1.07852 0.686803 1.20293 0.944667 0.998391 1.01825
1.114 0.572822 1.30949 0.959648 0.993478 1.08778
1.07845 0.687112 1.20269 1.00544 0.982665 1.11421
1.06067 0.744257 1.14929 0.974629 0.988565 1.15731
1.02112 0.832422 1.11788 0.932874 1.00019 1.19611
1.04289 0.801402 1.09588 0.899778 0.996097 1.14966
1.04324 0.755838 1.12158 0.899547 0.987453 1.039
end
gesture a06 hands 2
1.0266 0.481231 1.34075 1.01593 0.936819 1.03544
1.0456 0.481006 1.31802 1.01327 0.941865 1.00628
1.08866 0.511082 1.29494 0.971008 0.953944 0.973489
1.11979 0.607044 1.29497 0.924323 0.962226 0.940747
1.12047 0.648229 1.27978 0.890744 0.99405 0.941255
1.07346 0.760387 1.19862 0.89636 1.00609 0.99711
1.03771 0.829476 1.15225 0.97565 0.999013 1.0766
1.02645 0.872544 1.11746 0.987215 0.994597 1.1028
1.03978 0.883129 1.07362 0.940121 0.99887 1.12692
1.04611 0.856351 1.07734 0.941119 0.995512 1.13359
1.03286 0.748677 1.14525 0.99878 0.990182 1.12899
1.04265 0.789125 1.11315 0.942118 0.992155 1.14026
1.0294 0.68145 1.18106 0.904592 0.998727 1.17725
1.04092 0.755512 1.13106 0.895023 0.996428 1.1644
1.02767 0.647837 1.19897 0.894337 0.987973 1.10827
1.04006 0.738706 1.14002 0.889896 0.99105 1.1299
1.0268 0.631031 1.20792 0.88921 0.982596 1.07378
1.03962 0.730302 1.14449 0.887333 0.988362 1.11266
1.02637 0.622627 1.2124 0.886647 0.979908 1.05654
1.03941 0.726101 1.14673 0.886051 0.987018 1.10404
1.02616 0.618426 1.21464 0.885365 0.978563 1.04791
1.0393 0.724 1.14785 0.88541 0.986346 1.09973
1.02605 0.616325 1.21576 0.884724 0.977891 1.0436
1.03924 0.722949 1.14841 0.885455 0.994128 1.15154
1.02599 0.615274 1.21632 0.884083 0.977219 1.03929
1.03922 0.722424 1.14869 0.91012 0.978327 0.987875
1.02597 0.614749 1.2166 0.962053 0.95664 0.983507
1.05244 0.829574 1.08106 0.990259 0.931217 1.02657
1.02594 0.614224 1.21688 1.00323 0.925209 1.05261
end
gesture a06 hands 2
1.01321 0.636498 1.1382 0.976539 0.947871 1.03295
1.01631 0.655717 1.11578 0.979735 0.955873 1.00437
1.03026 0.709065 1.11433 0.961219 0.970339 0.951658
1.02634 0.806575 1.13945 0.919327 0.977313 0.923623
1.0189 0.860252 1.12746 0.876056 1.01151 0.915772
1.00761 0.897702 1.09866 0.905805 0.981945 1.02307
0.97606 0.962345 1.01823 0.932729 0.94569 1.12942
0.969154 0.92696 1.01085 0.933435 0.947363 1.12966
0.953757 0.94604 0.984027 0.942041 0.952545 1.10269
0.958002 0.918807 0.993753 0.943258 0.952312 1.10328
0.972903 0.866187 1.04106 0.934142 0.949036 1.12989
0.967575 0.878881 1.02227 0.944476 0.95208 1.10387
0.982475 0.82626 1.06958 0.951353 0.959399 1.07596
0.972361 0.858917 1.03653 0.95481 0.955123 1.07785
0.987262 0.806297 1.08384 0.956538 0.952986 1.0788
0.974754 0.848936 1.04366 0.957402 0.951917 1.07927
0.989655 0.796316 1.09097 0.957834 0.951382 1.07951
0.975951 0.843945 1.04723 0.957942 0.951248 1.07957
0.990851 0.791325 1.09454 0.946694 0.951882 1.10494
0.976549 0.841449 1.04901 0.95805 0.951115 1.07963
0.99145 0.788829 1.09632 0.958158 0.950981 1.07969
0.976848 0.840202 1.0499 0.958185 0.950948 1.0797
0.991749 0.787582 1.09721 0.946856 0.951682 1.10503
0.976998 0.839578 1.05034 0.958212 0.950914 1.07972
0.991898 0.786958 1.09765 0.958239 0.950881 1.07973
0.977073 0.839266 1.05057 0.935554 0.952383 1.13037
0.991973 0.786646 1.09788 0.958266 0.950848 1.07975
0.962247 0.891574 1.00348 0.969978 0.973109 1.02249
0.992048 0.786334 1.0981 0.980977 0.949312 1.02912
end
gesture a06 hands 2
1.00849 0.603299 1.2385 0.952563 0.926765 1.06045
1.00735 0.603027 1.20853 0.975029 0.930648 1.07973
0.997482 0.608216 1.19055 0.960744 0.928696 1.07929
1.01596 0.63533 1.14557 0.946531 0.946215 0.996436
1.04414 0.686264 1.14716 0.94425 0.999486 0.896771
1.04804 0.734611 1.16364 0.940913 0.97032 1.00951
1.04508 0.78863 1.17029 0.955502 0.948436 1.1248
1.03867 0.84141 1.15987 0.946539 0.944795 1.12352
1.02491 0.875027 1.12871 0.94199 0.954572 1.08214
0.989972 0.890102 1.06845 0.939783 0.947864 1.1022
0.984879 0.93524 1.0408 0.935234 0.95764 1.06082
0.969957 0.920208 1.0245 0.936405 0.949398 1.09153
0.973669 0.88302 1.04634 0.931855 0.959174 1.05015
0.964352 0.894099 1.02727 0.934716 0.950165 1.0862
0.968063 0.85691 1.04911 0.930166 0.959941 1.04482
0.961549 0.881043 1.02865 0.933871 0.950548 1.08354
0.965261 0.843855 1.05049 0.929322 0.960325 1.04216
0.960148 0.874516 1.02934 0.933449 0.95074 1.0822
0.963859 0.837327 1.05119 0.928899 0.960516 1.04082
0.959447 0.871252 1.02969 0.933238 0.950836 1.08154
0.963159 0.834064 1.05153 0.928688 0.960612 1.04016
0.959097 0.86962 1.02986 0.933132 0.950884 1.0812
0.962808 0.832432 1.05171 0.928583 0.96066 1.03982
0.958922 0.868804 1.02995 0.933079 0.950908 1.08104
0.962633 0.831616 1.05179 0.92853 0.960684 1.03966
0.958834 0.868396 1.02999 0.933053 0.95092 1.08095
0.962546 0.831208 1.05184 0.928503 0.960696 1.03957
0.955035 0.905177 1.00819 0.937576 0.941155 1.12225
0.962458 0.8308 1.05188 0.928477 0.960708 1.03949
end
gesture a06 hands 2
1.0248 0.658038 1.22124 0.958196 0.955352 0.983806
1.01042 0.65895 1.19499 0.963256 0.945636 1.01166
1.00362 0.67446 1.1377 0.975732 0.943704 1.06883
1.02729 0.687058 1.11813 0.969219 0.946925 1.06884
1.06357 0.731818 1.12339 0.952693 0.944999 1.01268
1.05908 0.808899 1.13721 0.932501 0.963875 0.9603
1.03491 0.860015 1.08533 0.910907 0.990611 0.951073
1.04474 0.872997 1.11818 0.927935 1.00155 0.95787
1.02058 0.924114 1.0663 0.920218 1.0324 0.916061
1.03758 0.905046 1.10866 0.944964 1.01249 0.964667
1.01342 0.956163 1.05678 0.957202 0.989207 1.01644
1.034 0.921071 1.1039 0.960261 0.983386 1.02938
1.00983 0.972187 1.05202 0.959378 0.973187 1.0711
1.03221 0.929083 1.10152 0.963321 0.977566 1.04232
1.00804 0.9802 1.04964 0.96638 0.971745 1.05527
1.03131 0.933089 1.10033 0.967145 0.97029 1.0585
1.00715 0.984206 1.04845 0.963968 0.964456 1.09051
1.03086 0.935092 1.09974 0.96791 0.968834 1.06174
1.0067 0.986209 1.04785 0.968675 0.967379 1.06497
1.03064 0.936094 1.09944 0.968866 0.967015 1.06578
1.00647 0.98721 1.04756 0.965115 0.962273 1.09537
1.03053 0.936595 1.09929 0.969058 0.966652 1.06659
1.00636 0.987711 1.04741 0.969249 0.966288 1.0674
1.00631 0.987962 1.04733 0.965402 0.961727 1.09658
1.05458 0.885979 1.15103 0.969344 0.966106 1.06781
1.00625 0.988212 1.04726 0.969392 0.966015 1.06801
0.979621 1.00643 1.00056 0.961555 0.957167 1.12576
0.964531 0.960132 0.987806 0.96944 0.965924 1.06821
0.975697 0.889242 1.03782 0.968967 0.964556 1.03837
end
gesture a06 hands 2
1.00558 0.367983 1.20558 0.960651 0.953341 1.03838
1.00849 0.374159 1.1765 0.98316 0.951431 1.01876
1.06272 0.383839 1.18887 0.969242 0.988969 0.982831
1.09927 0.423602 1.17875 0.976078 0.980508 1.01168
1.09175 0.617443 1.19401 0.991605 0.973996 1.0366
1.03656 0.791381 1.07728 0.982913 0.972047 1.04053
1.02674 0.838145 1.05925 0.985995 0.984809 1.04412
0.995147 0.965237 1.01653 0.973765 0.988438 1.02037
1.00216 0.999996 1.10187 0.987535 0.99119 1.04591
0.963555 1.09233 0.973816 0.974535 0.991628 1.02127
0.967586 1.06193 0.9291 0.988306 0.99438 1.04681
0.973863 1.03656 0.933101 0.97492 0.993224 1.02172
0.97199 0.9358 0.97651 0.988691 0.995976 1.04726
0.976065 0.973495 0.956806 0.975113 0.994021 1.02194
0.974193 0.872735 1.00022 0.988883 0.996773 1.04749
0.977166 0.941962 0.968659 0.975209 0.99442 1.02205
0.975294 0.841202 1.01207 0.98898 0.997172 1.0476
0.977716 0.926196 0.974585 0.975257 0.99462 1.02211
0.975844 0.825436 1.01799 0.989028 0.997372 1.04765
0.977992 0.918313 0.977548 0.975281 0.994719 1.02214
0.97612 0.817553 1.02096 0.989052 0.997471 1.04768
0.978129 0.914372 0.97903 0.975293 0.994769 1.02215
0.976257 0.813612 1.02244 0.989064 0.997521 1.0477
0.978198 0.912401 0.97977 0.98907 0.997546 1.0477
0.976326 0.811641 1.02318 0.961535 0.992067 0.996619
0.978233 0.911415 0.980141 0.989076 0.997571 1.04771
0.976361 0.810655 1.02355 0.989784 0.999881 1.05339
0.980139 1.01119 0.937102 0.97424 0.967587 1.04666
0.976395 0.80967 1.02392 0.970345 0.955008 1.04598
end
gesture a06 hands 2
1.01106 0.386817 1.20474 0.962045 0.964156 1.00152
1.0351 0.373758 1.21646 0.969622 0.975992 0.975428
1.06016 0.404678 1.17806 1.00193 0.966759 0.962286
1.06117 0.475253 1.17413 0.988651 0.965611 0.993613
1.0486 0.545753 1.13968 0.999021 0.94239 1.01536
1.05539 0.545791 1.15494 0.975371 0.964462 1.02494
1.04283 0.616291 1.12048 0.962287 0.984711 1.02353
1.0525 0.58106 1.14535 0.948657 0.995652 0.983964
1.03994 0.65156 1.11089 0.949203 1.00496 1.02212
1.05105 0.598695 1.14055 0.963531 0.987849 1.01027
1.03849 0.669195 1.10609 0.970695 0.979296 1.00435
1.05033 0.607512 1.13815 0.981353 0.978743 1.05256
1.03777 0.678012 1.10369 0.986553 0.988047 1.03491
1.06217 0.545829 1.17021 0.977859 0.970743 0.998426
1.03705 0.686829 1.10129 0.991754 0.997352 1.01727
1.01886 0.787759 1.09031 0.982801 0.997226 1.02932
1.01227 0.842199 1.10183 0.978344 0.968151 1.0573
1.00069 0.92599 1.0503 0.973849 0.997101 1.04137
0.997467 0.955613 1.00428 0.979455 0.980834 1.04589
0.989117 1.00978 0.998764 0.96531 0.961787 1.04104
0.982905 1.05986 1.02462 0.958238 0.952263 1.03862
0.97478 1.09959 1.06529 0.954701 0.947502 1.03741
0.976431 1.14238 1.04252 0.952933 0.945121 1.03681
0.968428 1.14633 0.988491 0.952049 0.943931 1.0365
0.951826 1.12012 0.942494 0.951607 0.943335 1.03635
0.949406 1.0699 0.925354 0.951386 0.943038 1.03628
0.958718 1.02323 0.943359 0.962408 0.955393 1.0893
0.97426 0.956151 1.01022 0.951165 0.94274 1.0362
0.977722 0.855793 1.05452 0.968808 0.954985 0.981748
end
gesture a06 hands 2
0.934385 0.386387 1.13392 0.969499 0.93759 1.07482
0.94969 0.400548 1.1133 0.976515 0.947657 1.04778
0.971687 0.442156 1.08032 0.96536 0.997942 1.02287
0.985511 0.595863 1.08616 0.964524 0.992192 1.02796
0.968045 0.761195 1.09287 0.975 0.958952 1.03261
0.966478 0.782719 1.08197 0.963688 0.986442 1.03305
0.9613 0.83558 1.05965 0.962853 0.980692 1.03814
0.963105 0.819911 1.06536 0.962644 0.979254 1.03941
0.957927 0.872773 1.04304 0.973746 0.950327 1.04025
0.961418 0.838508 1.05705 0.962435 0.977817 1.04068
0.95624 0.89137 1.03473 0.962226 0.976379 1.04196
0.960575 0.847806 1.0529 0.962174 0.97602 1.04228
0.955397 0.900668 1.03058 0.973433 0.948171 1.04216
0.960154 0.852455 1.05083 0.962121 0.975661 1.0426
0.954976 0.905317 1.02851 0.962069 0.975301 1.04291
0.959943 0.854779 1.04979 0.962056 0.975211 1.04299
0.954765 0.907641 1.02747 0.973355 0.947632 1.04264
0.959837 0.855942 1.04927 0.962043 0.975122 1.04307
0.954659 0.908804 1.02695 0.96203 0.975032 1.04315
0.954607 0.909385 1.02669 0.962027 0.975009 1.04317
0.96491 0.804242 1.07107 0.973335 0.947497 1.04276
0.954554 0.909966 1.02643 0.962023 0.974987 1.04319
0.948565 0.960777 1.02159 0.96202 0.974964 1.04321
0.944604 1.0151 1.03568 0.97333 0.947464 1.04279
0.978292 1.02162 1.04238 0.962019 0.974953 1.04322
0.968026 1.06229 1.05716 0.962018 0.974948 1.04323
1.01198 1.02814 1.04907 0.98464 0.919963 1.04236
1.02955 0.973277 1.04856 0.962017 0.974942 1.04323
1.02235 0.871302 1.06502 0.956303 0.978159 1.04901
end
gesture a06 hands 2
0.93412 0.504427 1.1806 0.953143 0.944267 1.07119
0.962988 0.500497 1.18716 0.96173 0.936771 1.06164
0.994649 0.530043 1.1505 0.955913 0.964406 1.05317
1.00821 0.583075 1.13889 0.963115 0.946841 1.05262
0.996465 0.741944 1.13905 0.957298 0.974475 1.04417
0.999928 0.837635 1.06859 0.963807 0.951875 1.04813
0.982972 0.937793 1.04354 0.957991 0.979509 1.03966
0.993181 0.93556 1.02083 0.964153 0.954392 1.04587
0.97861 0.821882 1.07171 0.958337 0.982027 1.03741
0.991 0.877604 1.03492 0.964326 0.955651 1.04475
0.976429 0.763927 1.08579 0.95851 0.983285 1.03629
0.989909 0.848626 1.04196 0.964413 0.95628 1.04418
0.975338 0.734949 1.09284 0.958596 0.983915 1.03572
0.989364 0.834137 1.04548 0.964456 0.956595 1.0439
0.974793 0.72046 1.09636 0.95864 0.984229 1.03544
0.989092 0.826893 1.04724 0.964478 0.956752 1.04376
0.974521 0.713215 1.09812 0.958661 0.984387 1.0353
0.988955 0.823271 1.04812 0.964489 0.956831 1.04369
0.974384 0.709593 1.099 0.958672 0.984465 1.03523
0.988887 0.82146 1.04856 0.964494 0.95687 1.04366
0.974316 0.707782 1.09944 0.958678 0.984505 1.0352
0.988853 0.820554 1.04878 0.964497 0.95689 1.04364
0.974282 0.706877 1.09966 0.95868 0.984524 1.03518
0.988836 0.820101 1.04889 0.964498 0.9569 1.04363
0.974265 0.706424 1.09977 0.958682 0.984534 1.03517
0.988827 0.819875 1.04895 0.970316 0.929275 1.05208
0.974257 0.706197 1.09982 0.958683 0.984544 1.03516
1.00339 0.933326 0.998129 0.964324 0.989385 1.03979
0.974248 0.705971 1.09988 0.959171 0.95185 1.03455
end
gesture a06 hands 2
0.885489 0.465806 1.15264 0.966375 0.93501 1.06306
0.906004 0.476002 1.13401 0.969089 0.941875 1.05018
0.933686 0.503773 1.09148 0.963568 0.965015 1.03599
0.942594 0.52809 1.08039 0.971802 0.948739 1.0373
0.940758 0.726109 1.05545 0.967338 0.955335 1.04091
0.94613 0.639259 1.06238 0.966222 0.956984 1.04181
0.944295 0.837277 1.03744 0.96405 0.975178 1.02492
0.947898 0.694843 1.05337 0.965106 0.958632 1.04271
0.946063 0.892861 1.02843 0.96399 0.960281 1.04361
0.948782 0.722634 1.04887 0.963711 0.960693 1.04383
0.946947 0.920653 1.02392 0.962376 0.977651 1.02627
0.949224 0.73653 1.04662 0.963432 0.961105 1.04406
0.947389 0.934549 1.02167 0.963153 0.961518 1.04429
0.949445 0.743478 1.04549 0.963083 0.961621 1.04434
0.94761 0.941497 1.02055 0.961958 0.978269 1.02661
0.949555 0.746952 1.04493 0.963014 0.961724 1.0444
0.94772 0.944971 1.01998 0.962944 0.961827 1.04445
0.949611 0.748689 1.04465 0.962926 0.961853 1.04447
0.947776 0.946708 1.0197 0.961853 0.978424 1.02669
0.949638 0.749558 1.04451 0.962909 0.961878 1.04448
0.947803 0.947577 1.01956 0.962891 0.961904 1.0445
0.947817 0.948011 1.01949 0.962887 0.961911 1.0445
0.951501 0.552408 1.06931 0.961827 0.978463 1.02671
0.947831 0.948445 1.01942 0.962883 0.961917 1.0445
0.969079 0.997325 1.03534 0.962878 0.961923 1.04451
1.0168 0.995173 1.05196 0.962876 0.961927 1.04451
1.04425 0.947338 1.06431 0.960762 0.995021 1.00893
1.04499 0.89514 1.07962 0.962874 0.96193 1.04451
0.997059 0.765637 1.09992 0.960606 0.928147 1.09323
end
gesture a06 hands 2
0.95893 0.399252 1.19628 0.972753 0.94443 1.07364
0.958319 0.404828 1.2256 0.981634 0.963418 1.05224
0.964305 0.408179 1.22913 0.957376 1.00144 1.01453
0.957706 0.418413 1.17222 0.963573 0.997666 1.01431
0.966078 0.458483 1.13091 0.961741 1.00518 0.97716
0.972613 0.484775 1.12269 0.963541 0.958245 0.987751
0.969906 0.638826 1.14849 0.947034 0.963338 0.999557
0.974527 0.574947 1.13149 0.954461 0.937625 1.00255
0.971821 0.728998 1.15729 0.965341 0.91131 0.998342
0.975484 0.620033 1.13588 0.961887 0.911911 1.00553
0.972778 0.774084 1.16168 0.967502 0.930457 1.0209
0.975963 0.642576 1.13808 0.96502 0.929439 1.02576
0.973256 0.796627 1.16388 0.958434 0.912513 1.01273
0.976202 0.653847 1.13918 0.962538 0.928422 1.03062
0.973496 0.807899 1.16498 0.969664 0.949604 1.04346
0.976322 0.659483 1.13973 0.966642 0.94433 1.04851
0.973615 0.813534 1.16553 0.965131 0.941693 1.05104
0.976382 0.662301 1.14001 0.964375 0.940375 1.0523
0.973675 0.816352 1.16581 0.963998 0.939716 1.05293
0.976412 0.66371 1.14014 0.963809 0.939386 1.05325
0.973705 0.817761 1.16594 0.963714 0.939221 1.05341
0.97372 0.818466 1.16601 0.951526 0.913716 1.02711
0.979148 0.511067 1.11448 0.96362 0.939057 1.05357
0.973735 0.81917 1.16608 0.969667 0.951727 1.06679
0.973679 0.861253 1.14609 0.972691 0.958062 1.07341
0.973702 0.901184 1.113 0.973986 0.987898 1.08857
0.973475 0.988911 0.975631 0.975714 0.964397 1.08002
0.978843 0.943407 0.949283 0.984698 0.947652 1.06455
0.980664 0.890953 0.96823 0.993382 0.975351 1.05727
end
gesture a06 hands 2
0.976591 0.494545 1.26651 0.974458 0.993958 1.05833
0.9588 0.474419 1.279 0.950905 0.981097 1.04565
0.954702 0.496381 1.25092 0.951848 0.982684 1.04574
0.959704 0.512534 1.22919 0.948067 0.938999 1.00846
0.964243 0.617635 1.22523 0.953716 0.886726 1.0053
0.964474 0.573161 1.21634 0.951934 0.886185 0.995692
0.969014 0.678263 1.21238 0.961 0.908966 1.01143
0.966859 0.603475 1.20992 0.955576 0.897305 0.998757
0.971399 0.708576 1.20596 0.964642 0.920086 1.0145
0.968052 0.618632 1.20671 0.957397 0.902865 1.00029
0.972591 0.723733 1.20275 0.966463 0.925646 1.01603
0.968648 0.62621 1.2051 0.958308 0.905645 1.00106
0.973188 0.731312 1.20115 0.967373 0.928426 1.01679
0.968946 0.629999 1.2043 0.958763 0.907035 1.00144
0.973486 0.735101 1.20034 0.967829 0.929816 1.01718
0.969095 0.631894 1.2039 0.958991 0.90773 1.00163
0.973635 0.736995 1.19994 0.968056 0.930511 1.01737
0.96917 0.632841 1.2037 0.959105 0.908077 1.00173
0.973709 0.737943 1.19974 0.96817 0.930858 1.01746
0.969207 0.633315 1.2036 0.959162 0.908251 1.00177
0.973747 0.738416 1.19964 0.968227 0.931032 1.01751
0.964705 0.528687 1.20745 0.968256 0.931119 1.01754
0.973784 0.73889 1.19954 0.950153 0.885643 0.986085
0.970581 0.789414 1.19773 0.968284 0.931206 1.01756
0.969045 0.840852 1.17105 0.987329 0.957731 1.06434
0.96787 0.927441 1.03968 0.96346 0.959787 1.06729
0.971986 0.895924 1.00199 0.959074 0.984322 1.09402
0.978788 0.840975 1.01545 0.939591 0.961842 1.07023
0.976853 0.772769 1.06581 0.965193 0.97332 1.06047
end
gesture a06 hands 2
0.953679 0.520025 1.24903 0.989489 0.97035 0.995739
0.965361 0.528789 1.22302 0.965606 0.974414 1.00647
1.00953 0.611557 1.15815 0.98002 0.99846 0.994766
1.00575 0.734586 1.15286 0.960871 0.988469 1.00598
1.00589 0.820391 1.16309 0.967012 0.967122 0.989731
1.00197 0.857615 1.14757 0.954368 0.972799 1.00347
0.979916 0.941938 1.01887 0.960508 0.951453 0.987213
0.979632 0.920892 1.00317 0.951115 0.964965 1.00221
0.979586 0.844233 1.06303 0.957256 0.943618 0.985955
0.979466 0.872039 1.02525 0.949489 0.961048 1.00158
0.979421 0.79538 1.08511 0.95563 0.939701 0.985325
0.979384 0.847613 1.03629 0.948676 0.959089 1.00126
0.979339 0.770954 1.09615 0.954817 0.937743 0.985011
0.979343 0.8354 1.04181 0.94827 0.95811 1.00111
0.979297 0.758741 1.10167 0.95441 0.936763 0.984853
0.979322 0.829293 1.04457 0.948067 0.95762 1.00103
0.979277 0.752635 1.10443 0.954207 0.936274 0.984775
0.979312 0.82624 1.04595 0.947965 0.957375 1.00099
0.979266 0.749581 1.10581 0.954106 0.936029 0.984735
0.979307 0.824714 1.04664 0.941723 0.978477 1.0172
0.979261 0.748055 1.1065 0.954004 0.935784 0.984696
0.979304 0.82395 1.04698 0.9818 0.915517 0.994775
0.979259 0.747291 1.10684 0.960235 0.924945 1.03601
0.979303 0.823569 1.04715 0.966326 0.9468 1.07358
0.979257 0.74691 1.10702 0.967122 0.964952 1.12555
0.979302 0.823378 1.04724 0.952698 0.976346 1.13562
0.979257 0.746719 1.1071 0.976506 0.972093 1.10399
0.979347 0.899846 0.987461 0.96471 0.982536 1.06253
0.979256 0.746528 1.10719 0.969038 1.01748 1.02713
end
gesture a06 hands 2
0.960498 0.395035 1.22449 0.956529 0.969592 1.05935
0.973734 0.401646 1.19857 0.954574 0.975539 1.04591
0.998282 0.433452 1.16195 0.9583 0.972906 1.02073
1.01104 0.481924 1.1504 0.952618 0.981487 1.03247
1.00324 0.577584 1.16403 0.956346 0.976357 1.02486
0.971881 0.676784 1.19036 0.957278 0.975074 1.02296
0.968691 0.727926 1.1839 0.958209 0.976288 1.00348
0.967928 0.749508 1.17183 0.95821 0.973791 1.02105
0.973509 0.825942 1.09604 0.959142 0.972509 1.01915
0.977826 0.826423 1.08409 0.960071 0.97622 0.982103
0.967165 0.77109 1.15977 0.960074 0.971226 1.01725
0.982143 0.826904 1.07214 0.975893 0.957442 1.0678
0.978327 0.923957 1.00817 0.969743 0.961527 1.07853
0.987723 0.903338 0.996341 0.967985 0.961837 1.0601
0.984298 0.843801 1.0271 0.960955 0.965423 1.07041
0.990709 0.86326 1.00581 0.963593 0.965613 1.08926
0.987283 0.803723 1.03657 0.953925 0.969009 1.08071
0.992202 0.843221 1.01054 0.94909 0.970706 1.07644
0.988776 0.783684 1.0413 0.946673 0.971555 1.07431
0.992948 0.833202 1.0129 0.960078 0.966233 1.0524
0.989523 0.773664 1.04366 0.944256 0.972404 1.07217
0.993321 0.828192 1.01409 0.936346 0.97549 1.08206
0.989896 0.768655 1.04485 0.93239 0.977033 1.087
0.993508 0.825687 1.01468 0.930413 0.977805 1.08947
0.990082 0.76615 1.04544 0.929424 0.97819 1.0907
0.993601 0.824434 1.01498 0.928929 0.978383 1.09132
0.990176 0.764897 1.04573 0.928682 0.97848 1.09163
0.99712 0.882719 0.984512 0.951293 0.973783 1.11073
0.990269 0.763645 1.04603 0.928435 0.978576 1.09194
end
gesture a06 hands 2
0.966558 0.329468 1.31543 0.946438 0.966494 1.08175
0.970861 0.332307 1.28621 0.942721 0.974871 1.05324
0.986612 0.354559 1.23414 0.95073 0.972399 0.996116
0.992854 0.375042 1.21878 0.973481 0.929455 1.02191
0.986984 0.505679 1.22735 0.991783 0.906977 1.05413
0.993039 0.450602 1.21538 0.980249 0.920444 1.0765
0.98717 0.581238 1.22395 0.970482 0.941181 1.07042
0.993132 0.488382 1.21368 0.969598 0.937546 1.08465
0.987263 0.619018 1.22226 0.959832 0.958283 1.07856
0.993179 0.507272 1.21283 0.964273 0.946097 1.08872
0.987309 0.637908 1.22141 0.954507 0.966833 1.08263
0.993202 0.516717 1.21241 0.96161 0.950372 1.09076
0.987333 0.647353 1.22098 0.951844 0.971109 1.08467
0.993214 0.521439 1.2122 0.960279 0.952509 1.09178
0.987344 0.652076 1.22077 0.950513 0.973246 1.08569
0.99322 0.5238 1.21209 0.959614 0.953578 1.09229
0.98735 0.654437 1.22067 0.949848 0.974315 1.0862
0.993223 0.524981 1.21204 0.959281 0.954113 1.09254
0.987353 0.655617 1.22061 0.949515 0.97485 1.08646
0.993224 0.525571 1.21201 0.959114 0.95438 1.09267
0.987355 0.656208 1.22059 0.949348 0.975117 1.08658
0.987355 0.656503 1.22057 0.959031 0.954513 1.09273
0.999095 0.395525 1.20341 0.949265 0.97525 1.08665
0.987356 0.656798 1.22056 0.95899 0.95458 1.09276
0.985219 0.702403 1.20399 0.949224 0.975317 1.08668
0.975627 0.788636 1.14251 0.958969 0.954614 1.09278
0.965589 0.864613 1.06188 0.949203 0.975351 1.08669
0.963432 0.835983 1.03004 0.968714 0.93391 1.09888
0.964418 0.785497 1.04724 0.949182 0.975384 1.08671
end
gesture a06 hands 2
0.959965 0.454241 1.31966 0.948412 0.969923 1.06503
0.95883 0.443081 1.34735 0.950609 0.954832 1.0512
0.954816 0.43059 1.29007 0.949548 0.958594 1.03744
0.995715 0.510277 1.15327 0.951177 0.949167 1.03741
0.995648 0.564424 1.142 0.955927 0.961989 1.03795
0.979546 0.665697 1.16403 0.954366 0.950865 1.03767
0.982131 0.764167 1.08256 0.959117 0.963687 1.03821
0.972787 0.765569 1.1343 0.955961 0.951714 1.03779
0.975372 0.864038 1.05283 0.960712 0.964536 1.03833
0.969408 0.815505 1.11944 0.956758 0.952139 1.03786
0.971993 0.913974 1.03797 0.961509 0.964961 1.0384
0.967719 0.840473 1.11201 0.957157 0.952351 1.03789
0.970304 0.938942 1.03054 0.961908 0.965173 1.03843
0.966874 0.852957 1.1083 0.957357 0.952457 1.0379
0.969459 0.951426 1.02683 0.962108 0.965279 1.03844
0.966451 0.859199 1.10644 0.957456 0.95251 1.03791
0.969036 0.957668 1.02497 0.962207 0.965332 1.03845
0.96624 0.862319 1.10551 0.957506 0.952536 1.03792
0.968825 0.960789 1.02404 0.962257 0.965358 1.03846
0.966135 0.86388 1.10504 0.957531 0.95255 1.03792
0.96872 0.962349 1.02357 0.962282 0.965372 1.03846
0.966082 0.86466 1.10481 0.957543 0.952556 1.03792
0.968667 0.96313 1.02334 0.962295 0.965378 1.03846
0.966055 0.86505 1.1047 0.952805 0.939741 1.03738
0.96864 0.96352 1.02323 0.962307 0.965385 1.03846
0.963444 0.766971 1.18605 0.970073 0.97478 1.04626
0.968614 0.96391 1.02311 0.973956 0.979478 1.05016
0.996253 0.945385 0.980965 0.986308 1.00107 1.04507
1.00919 0.892997 0.981859 0.977839 0.984175 1.05407
end
gesture a06 hands 2
0.981677 0.451286 1.3109 0.945155 0.942921 1.07674
0.988096 0.4453 1.2824 0.949445 0.956992 1.05078
1.00789 0.470792 1.23435 0.976716 0.955873 1.01029
1.01586 0.496307 1.2238 0.96043 0.962407 1.02562
1.00953 0.575567 1.21843 0.953553 0.951738 1.04802
1.01667 0.548695 1.21584 0.948848 0.96034 1.04448
1.01034 0.627955 1.21046 0.941971 0.94967 1.06689
1.01708 0.574889 1.21186 0.943057 0.959306 1.05392
1.01075 0.654149 1.20648 0.93618 0.948637 1.07632
1.01729 0.587986 1.20987 0.940162 0.958789 1.05863
1.01096 0.667246 1.20449 0.933285 0.94812 1.08103
1.01739 0.594534 1.20888 0.938714 0.958531 1.06099
1.01106 0.673795 1.2035 0.931838 0.947861 1.08339
1.01744 0.597808 1.20838 0.93799 0.958402 1.06217
1.01111 0.677069 1.203 0.931114 0.947732 1.08457
1.01746 0.599445 1.20813 0.937628 0.958337 1.06276
1.01113 0.678706 1.20275 0.930752 0.947668 1.08516
1.01748 0.600264 1.208 0.937447 0.958305 1.06306
1.01115 0.679524 1.20262 0.930571 0.947635 1.08546
1.01748 0.600673 1.20794 0.937357 0.958289 1.0632
1.01115 0.679934 1.20256 0.93048 0.947619 1.0856
1.01116 0.680138 1.20253 0.937312 0.958281 1.06328
1.02382 0.521822 1.21326 0.930435 0.947611 1.08568
1.01116 0.680343 1.2025 0.937289 0.958277 1.06331
0.993685 0.754996 1.13371 0.930413 0.947607 1.08571
0.98789 0.812057 1.11489 0.930401 0.947605 1.08573
0.976209 0.82965 1.06492 0.944143 0.968942 1.04095
0.97247 0.778007 1.05988 0.93039 0.947603 1.08575
0.970674 0.711851 1.11167 0.926087 0.950611 1.14333
end
gesture a06 hands 2
0.959482 0.42726 1.29373 0.929689 0.952635 1.12019
0.960861 0.437169 1.26573 0.926852 0.958431 1.0914
0.981263 0.458779 1.21469 0.949916 0.966019 1.03828
1.00032 0.500173 1.18213 0.955636 0.959234 1.0345
1.00778 0.553086 1.17575 0.957228 0.954368 1.06185
1.00444 0.601572 1.18089 0.959292 0.953408 1.04628
0.996018 0.674926 1.15146 0.960884 0.948542 1.07363
0.998564 0.662492 1.16874 0.96112 0.950495 1.05217
0.990137 0.735845 1.13932 0.962712 0.94563 1.07952
0.995623 0.692952 1.16267 0.962034 0.94904 1.05511
0.987197 0.766305 1.13325 0.963626 0.944174 1.08246
0.994153 0.708182 1.15964 0.962492 0.948311 1.05659
0.985726 0.781535 1.13022 0.964083 0.943445 1.08394
0.993418 0.715797 1.15812 0.96272 0.947947 1.05732
0.984991 0.78915 1.1287 0.964311 0.943081 1.08467
0.993051 0.719604 1.15736 0.962834 0.947765 1.05769
0.984624 0.792958 1.12794 0.964426 0.942899 1.08504
0.992867 0.721508 1.15698 0.962891 0.947674 1.05788
0.98444 0.794861 1.12756 0.964483 0.942808 1.08523
0.992775 0.72246 1.15679 0.96292 0.947628 1.05797
0.984348 0.795813 1.12737 0.964511 0.942762 1.08532
0.992729 0.722936 1.15669 0.962934 0.947606 1.05801
0.984302 0.796289 1.12727 0.964526 0.94274 1.08536
0.984279 0.796527 1.12723 0.962941 0.947594 1.05804
1.00111 0.650058 1.18602 0.964533 0.942728 1.08539
0.984256 0.796765 1.12718 0.962945 0.947589 1.05805
0.979417 0.838849 1.09592 0.964536 0.942723 1.0854
0.979668 0.854011 1.04513 0.961357 0.952449 1.03071
0.979328 0.799841 1.03223 0.96454 0.942717 1.08541
end
gesture a06 hands 2
0.961049 0.416514 1.26442 0.917127 0.940491 1.12664
0.984347 0.410029 1.28148 0.916775 0.941728 1.1117
0.990399 0.434957 1.22913 0.933437 0.946077 1.09122
0.997344 0.457372 1.21476 0.916424 0.942965 1.09676
0.984382 0.608007 1.17277 0.927991 0.942759 1.10064
0.994336 0.543898 1.18657 0.938869 0.94721 1.07823
0.987651 0.615677 1.1563 0.933774 0.942656 1.10259
0.99597 0.547733 1.17834 0.941761 0.947159 1.0792
0.989285 0.619512 1.14807 0.936666 0.942604 1.10356
0.996787 0.54965 1.17423 0.943206 0.947133 1.07968
0.990102 0.62143 1.14396 0.938111 0.942579 1.10404
0.997196 0.550609 1.17217 0.943929 0.94712 1.07993
0.99051 0.622388 1.1419 0.938834 0.942566 1.10429
0.9974 0.551088 1.17114 0.944291 0.947114 1.08005
0.990715 0.622868 1.14087 0.939196 0.942559 1.10441
0.997502 0.551328 1.17062 0.944471 0.947111 1.08011
0.990817 0.623107 1.14035 0.939376 0.942556 1.10447
0.997553 0.551448 1.17037 0.944562 0.947109 1.08014
0.990868 0.623227 1.1401 0.939467 0.942555 1.1045
0.997579 0.551508 1.17024 0.944607 0.947108 1.08015
0.990893 0.623287 1.13997 0.939512 0.942554 1.10451
0.997592 0.551538 1.17017 0.944629 0.947108 1.08016
0.990906 0.623317 1.1399 0.939534 0.942553 1.10452
0.990913 0.623332 1.13987 0.944641 0.947108 1.08017
1.00429 0.479788 1.20038 0.939546 0.942553 1.10453
0.990919 0.623347 1.13984 0.939551 0.942553 1.10453
0.978365 0.781058 1.1164 0.949747 0.951662 1.05581
0.977548 0.766906 1.0793 0.939557 0.942553 1.10453
0.975953 0.739025 1.08706 0.930888 0.921718 1.12428
end
gesture a15 hands 2
0.996703 0.920909 1.03304 1.04375 0.966964 1.0847
0.966938 0.923735 1.03445 1.02889 0.963313 1.05924
0.925842 0.942206 1.05788 0.974291 0.957349 1.05004
0.939393 0.984691 1.09041 0.920746 0.946889 1.07267
1.01783 1.04539 1.15233 0.86776 0.957924 1.05658
0.984784 1.01459 1.13462 0.836604 0.966643 1.03963
0.989539 0.98964 1.08221 0.863609 0.965138 1.02746
0.970637 0.986714 1.09957 0.834529 0.97025 1.02507
0.975393 0.961764 1.04715 0.861534 0.968745 1.01291
0.963564 0.972776 1.08203 0.833491 0.972054 1.01779
0.968319 0.947827 1.02962 0.860497 0.970549 1.00563
0.960027 0.965807 1.07327 0.832972 0.972955 1.01415
0.964783 0.940858 1.02085 0.859978 0.97145 1.00199
0.958259 0.962323 1.06889 0.832713 0.973406 1.01233
0.963014 0.937373 1.01647 0.859718 0.971901 1.00017
0.957375 0.960581 1.0667 0.832583 0.973632 1.01142
0.96213 0.935631 1.01428 0.859589 0.972127 0.999257
0.956933 0.95971 1.0656 0.832518 0.973744 1.01097
0.961688 0.93476 1.01319 0.859524 0.972239 0.998802
0.956712 0.959274 1.06505 0.832486 0.973801 1.01074
0.961467 0.934325 1.01264 0.859491 0.972296 0.998574
0.956601 0.959056 1.06478 0.83247 0.973829 1.01063
0.961357 0.934107 1.01236 0.859475 0.972324 0.998461
0.956546 0.958947 1.06464 0.805448 0.975362 1.02268
0.961301 0.933998 1.01223 0.859459 0.972352 0.998347
0.961274 0.933943 1.01216 0.915355 0.957549 1.00816
0.951735 0.983788 1.11692 0.975713 0.956751 1.03852
0.961246 0.933889 1.01209 1.02855 0.955197 1.03994
0.967365 0.933291 0.95383 1.03607 0.955954 1.06888
end
gesture a15 hands 2
0.948947 0.958925 1.02848 1.00561 0.98008 1.09498
0.932111 0.949748 1.05399 1.00867 0.97763 1.06568
0.928711 0.937236 1.02407 0.968627 0.975786 1.06052
0.915274 0.940571 1.0795 0.919038 0.964739 1.08854
0.931677 0.96779 1.12865 0.86761 0.954687 1.06113
0.94896 0.98693 1.13172 0.866758 0.960708 1.03669
0.957634 1.00261 1.16286 0.839372 0.968804 1.02129
0.966244 1.00607 1.13479 0.865906 0.96673 1.01225
0.983527 1.02521 1.13787 0.865054 0.972751 0.987812
0.983559 1.03132 1.16747 0.838094 0.977836 0.984631
0.992168 1.03478 1.1394 0.864627 0.975762 0.975594
0.98788 1.03611 1.16824 0.837881 0.979341 0.978521
0.996489 1.03957 1.14017 0.864414 0.977268 0.969484
0.99004 1.0385 1.16862 0.837775 0.980094 0.975467
0.99865 1.04196 1.14056 0.864308 0.97802 0.96643
0.983591 1.03743 1.19707 0.837721 0.98047 0.973939
1.00081 1.04435 1.14094 0.864254 0.978397 0.964902
0.987338 1.03434 1.08731 0.837695 0.980658 0.973176
0.953364 0.998731 1.09336 0.864228 0.978585 0.964139
0.970749 0.963709 1.09942 0.837681 0.980752 0.972794
0.983209 0.957746 1.04278 0.864214 0.978679 0.963757
0.973662 0.963457 0.986069 0.864208 0.978726 0.963566
0.981652 0.953076 0.975007 0.811135 0.98292 0.981449
1.00058 0.944715 0.99648 0.864201 0.978773 0.963375
0.989642 0.942694 0.963945 0.92329 0.971851 0.964026
0.995591 0.944322 0.970188 0.98733 0.972783 0.996793
0.998565 0.945136 0.97331 1.00287 0.956694 1.04639
1.0275 0.925974 1.00689 1.05137 0.973715 1.02956
1.00154 0.94595 0.976432 1.06024 0.973045 1.00112
end
gesture a15 hands 2
0.869435 0.87674 0.980579 1.01967 0.961425 1.06448
0.875809 0.863076 1.00634 1.01134 0.964639 1.09308
0.871203 0.884156 1.02702 0.95397 0.97052 1.0816
0.922785 0.910752 1.0258 0.898342 0.982774 1.02069
1.06585 1.06522 1.05438 0.852722 0.966542 1.02141
1.06472 1.04562 1.06725 0.847718 0.980785 0.990599
0.995519 0.975114 1.02858 0.901838 0.96341 0.994868
1.02956 1.00057 1.05435 0.872276 0.979218 0.977328
0.960356 0.930059 1.01568 0.926397 0.961844 0.981596
1.01197 0.97804 1.0479 0.884555 0.978436 0.970692
0.942774 0.907531 1.00923 0.938676 0.961061 0.974961
1.00318 0.966776 1.04467 0.890694 0.978044 0.967374
0.933983 0.896268 1.006 0.944815 0.96067 0.971643
0.998787 0.961144 1.04306 0.893764 0.977848 0.965715
0.929587 0.890636 1.00439 0.947885 0.960474 0.969984
0.996589 0.958328 1.04226 0.895299 0.97775 0.964886
0.92739 0.88782 1.00359 0.94942 0.960376 0.969154
0.99549 0.95692 1.04185 0.896067 0.977701 0.964471
0.926291 0.886412 1.00318 0.950188 0.960327 0.96874
0.99494 0.956216 1.04165 0.950571 0.960302 0.968532
0.925741 0.885708 1.00298 0.842713 0.995027 0.959788
0.994666 0.955864 1.04155 0.950955 0.960278 0.968325
0.925467 0.885356 1.00288 1.00613 0.970132 0.984885
0.994528 0.955688 1.0415 1.05051 0.980222 0.957314
0.925329 0.88518 1.00283 1.07384 0.977763 1.01089
1.06359 1.02602 1.08012 1.02732 0.971836 1.023
0.925192 0.885004 1.00278 0.9885 0.96864 1.0469
0.869378 0.88225 1.01955 0.929981 0.966958 1.0557
0.831027 0.890434 1.04846 0.87264 0.959531 1.06716
end
gesture a15 hands 2
1.05766 0.895815 1.13403 0.979749 0.956037 1.10144
1.05197 0.897528 1.10485 0.970226 0.951658 1.07361
1.01525 0.917409 1.10694 0.980658 0.938809 1.08897
0.983476 0.931951 1.08527 0.927095 0.934041 1.10842
0.998089 0.941594 1.05878 0.873736 0.949419 1.1039
0.951702 0.946492 1.06359 0.864994 0.943072 1.05811
0.913844 0.969537 1.03229 0.838971 0.946578 1.06167
0.894915 0.981059 1.01664 0.847611 0.941652 1.037
0.872481 0.984357 0.99814 0.876898 0.942823 1.03537
0.875986 0.992581 1.00099 0.866574 0.939775 1.02385
0.894719 0.988925 1.01578 0.895861 0.940946 1.02223
0.878891 0.990459 1.03443 0.876056 0.938836 1.01728
0.904086 0.987096 1.02318 0.905342 0.940007 1.01565
0.883574 0.989545 1.03812 0.880797 0.938366 1.01399
0.90877 0.986182 1.02687 0.910083 0.939537 1.01237
0.885916 0.989088 1.03997 0.883167 0.938132 1.01235
0.911111 0.985725 1.02872 0.912454 0.939303 1.01072
0.887087 0.98886 1.0409 0.884352 0.938014 1.01153
0.912282 0.985497 1.02965 0.913639 0.939185 1.0099
0.887672 0.988745 1.04136 0.884945 0.937956 1.01112
0.912868 0.985382 1.03011 0.914231 0.939127 1.00949
0.887965 0.988688 1.04159 0.885241 0.937926 1.01091
0.91316 0.985325 1.03034 0.914528 0.939097 1.00929
0.913307 0.985297 1.03045 0.914676 0.939083 1.00918
0.863062 0.991994 1.05307 0.856251 0.936726 1.01233
0.913453 0.985268 1.03057 0.914824 0.939068 1.00908
0.960946 0.956046 1.04784 0.968172 0.949659 1.02999
1.0089 0.930104 1.07121 0.981209 0.940864 1.06653
1.0543 0.905674 1.09914 1.00491 0.947532 1.11758
end
gesture a15 hands 2
1.07781 0.948645 1.05149 1.05826 0.976287 1.07286
1.05081 0.937028 1.05582 1.03301 0.966105 1.06029
1.035 0.935095 1.11209 0.988437 0.962024 1.03247
1.01606 0.947482 1.10931 1.01267 0.976637 1.0801
1.01881 0.944829 1.05906 0.971571 0.957011 1.04336
1.00797 0.952348 1.0828 0.918446 0.948564 1.01992
0.999314 0.958797 1.05566 0.887347 0.978933 1.00047
0.998218 0.959332 1.0811 0.866318 0.969173 1.01829
0.989566 0.96578 1.05396 0.918106 0.972715 0.992382
0.993344 0.962824 1.08025 0.881697 0.966064 1.01425
0.984692 0.969272 1.05311 0.933486 0.969607 0.988338
0.990907 0.96457 1.07983 0.889387 0.96451 1.01222
0.982255 0.971018 1.05269 0.941175 0.968052 0.986316
0.989689 0.965443 1.07961 0.893232 0.963733 1.01121
0.981036 0.971891 1.05247 0.94502 0.967275 0.985305
0.989079 0.96588 1.07951 0.895155 0.963344 1.01071
0.980427 0.972328 1.05237 0.946943 0.966887 0.9848
0.988775 0.966098 1.07945 0.896116 0.96315 1.01045
0.980123 0.972546 1.05231 0.947904 0.966692 0.984547
0.97997 0.972655 1.05229 0.896596 0.963053 1.01033
0.997122 0.959868 1.10654 0.948384 0.966595 0.98442
0.979818 0.972764 1.05226 0.896837 0.963004 1.01027
0.951866 0.989151 1.00255 0.948625 0.966547 0.984357
0.918394 1.00821 0.976282 0.845289 0.959413 1.03611
0.857135 1.02127 0.952151 0.948865 0.966498 0.984294
0.884923 1.02727 0.950015 1.00341 0.973467 1.00642
0.911279 0.996843 0.989157 0.9749 0.965133 1.03212
0.949356 0.973124 1.02748 0.954891 0.96026 1.08975
1.01509 0.928354 1.11022 0.946389 0.9568 1.05782
end
gesture a15 hands 2
1.03689 0.896549 1.06544 1.09328 0.968837 1.03822
1.05206 0.888835 1.09007 1.1166 0.954294 1.02666
1.03339 0.866947 1.09509 1.06046 0.94627 1.03784
1.01683 0.876231 1.08756 0.952455 0.947048 1.07944
0.995185 0.926193 1.06784 0.843909 0.970608 1.07593
0.997733 0.905855 1.07394 0.767105 0.983659 1.16458
0.976083 0.955817 1.05422 0.727441 0.981446 1.13629
0.988181 0.920666 1.06713 0.803686 0.994893 0.982473
0.966531 0.970628 1.0474 0.793563 1.00326 1.04
0.983406 0.928072 1.06372 0.821835 1.00884 1.03508
0.961756 0.978034 1.044 0.977599 0.986083 1.01765
0.981018 0.931775 1.06202 0.913853 1.00025 1.0239
0.959368 0.981737 1.04229 1.06962 0.977495 1.00648
0.958174 0.983589 1.04144 0.959861 0.995956 1.01831
1.00028 0.885516 1.08004 1.11563 0.973201 1.00089
0.95698 0.98544 1.04059 0.982869 0.993811 1.01552
0.935813 1.03999 1.03788 1.13863 0.971053 0.998095
0.897521 1.07558 1.01789 0.994369 0.992737 1.01412
0.849617 1.07247 0.985809 1.15013 0.96998 0.996698
0.840992 1.0993 0.963906 1.00012 0.9922 1.01342
0.85296 1.09562 0.985836 1.15588 0.969443 0.995999
0.849987 1.04081 0.977787 1.00299 0.991931 1.01307
0.890326 0.999792 0.973296 1.15876 0.969174 0.995649
0.946159 0.988037 0.983682 1.00443 0.991797 1.0129
0.993675 0.978417 1.01523 1.16019 0.96904 0.995475
1.10105 0.933062 1.01082 1.00515 0.99173 1.01281
1.10594 0.915112 1.02982 1.16091 0.968973 0.995387
1.14637 0.896246 1.0131 0.850107 1.01442 1.03015
1.11082 0.897162 1.04883 1.16163 0.968906 0.9953
end
gesture a15 hands 2
1.09836 0.875281 1.07378 1.07552 0.984099 1.01602
1.07028 0.870683 1.06447 1.06158 0.961873 1.00183
1.03539 0.876056 1.06039 1.07173 0.94947 0.948614
1.04176 0.887043 1.07559 1.12457 0.960293 0.939438
1.01278 0.87885 1.05343 1.12656 0.969677 0.986339
1.02949 0.874982 1.05891 1.11504 0.96394 1.04351
1.04814 0.898031 1.09079 1.08774 0.948861 1.04941
1.02784 0.902771 1.06543 1.02985 0.964954 0.951432
1.0462 0.871115 1.0644 0.98144 0.97895 0.925732
1.00753 0.90751 1.04008 0.933155 0.985547 0.950599
0.984644 0.9533 1.01165 0.880717 0.993133 1.04923
0.9596 1.00289 0.998405 0.906894 0.973598 1.05416
0.939106 1.02415 0.994766 0.920048 0.985279 0.998564
0.934556 1.05249 0.98516 0.872446 0.990342 1.03473
0.893567 1.09499 0.977883 0.880107 0.989927 0.975297
0.893487 1.09813 0.964725 0.873737 0.9868 1.01881
0.893447 1.09971 0.958146 0.824844 0.995405 1.07089
0.893427 1.10049 0.954857 0.867366 0.983674 1.06233
0.893417 1.10089 0.953212 0.888628 0.977808 1.05804
0.853091 1.13274 0.966059 0.857188 0.98023 1.09253
0.893407 1.10128 0.951567 0.899258 0.974875 1.0559
0.92202 1.05277 0.965617 0.862504 0.978763 1.09146
0.950516 0.990921 1.00975 0.904574 0.973408 1.05483
0.948539 0.951597 1.01605 0.825749 0.982652 1.12702
0.979011 0.929071 1.05388 0.909889 0.971942 1.05376
1.01825 0.93596 1.04748 1.01137 0.95782 1.00291
1.05716 0.920229 1.03666 1.09544 0.96638 0.985653
1.07175 0.926449 1.07085 1.15881 0.970816 0.989042
1.09606 0.904498 1.02584 1.17952 0.974939 0.968395
end
gesture a15 hands 2
1.10432 0.908183 1.13991 1.18446 1.07747 1.12622
1.08986 0.897236 1.11626 1.18505 1.04849 1.11931
1.04563 0.889481 1.07875 1.14644 1.00493 1.11341
0.992429 0.886914 1.05218 1.09412 0.979133 1.12047
0.948175 0.873035 1.07117 1.05509 0.958583 1.14399
0.964133 0.868062 1.07007 0.998661 0.945556 1.14527
0.969674 0.875667 1.06789 0.993773 0.917211 1.14167
0.953941 0.902052 1.03266 1.00859 0.917381 1.0928
0.956836 0.952323 1.0366 0.984264 0.937872 0.979662
0.956046 0.98452 1.0341 0.948614 0.953546 0.939735
0.939451 1.01319 1.01012 0.893277 0.96279 0.945447
0.955256 1.01672 1.0316 0.874151 0.959858 0.965106
0.954466 1.04891 1.0291 0.912759 0.974107 0.924317
0.954268 1.05696 1.02847 0.893771 0.978565 0.954435
0.938266 1.06148 1.00637 0.855024 0.956926 0.984765
0.954071 1.06501 1.02785 0.874783 0.983023 0.984553
0.953874 1.07306 1.02723 0.884663 0.996071 0.984447
0.937969 1.07356 1.00543 0.887132 0.999334 0.984421
0.953775 1.07709 1.02691 0.908452 0.990747 0.943817
0.93792 1.07557 1.00527 0.889602 1.0026 0.984394
0.953725 1.0791 1.02676 0.892072 1.00586 0.984367
0.937895 1.07657 1.00519 0.89269 1.00667 0.984361
0.953701 1.0801 1.02668 0.912157 0.99564 0.943777
0.953688 1.08061 1.02664 0.893307 1.00749 0.984354
0.922065 1.07405 0.983631 0.893924 1.0083 0.984348
0.953676 1.08111 1.0266 0.913083 0.996864 0.943767
0.975364 1.0956 1.0201 0.894233 1.00871 0.984344
0.968434 1.04289 1.00752 0.932242 0.985423 0.903186
0.999767 0.996775 1.01878 0.894542 1.00912 0.984341
end
gesture a15 hands 2
0.950837 0.927744 1.05365 0.995904 0.969623 1.03134
0.962346 0.927163 1.02627 1.01869 0.975235 1.04917
0.93342 0.92898 1.05539 1.01473 0.963712 1.05415
0.946537 0.943849 1.05315 0.97914 0.963848 1.06154
1.01371 1.00047 1.0552 0.94876 0.953259 1.05349
0.959654 0.958718 1.05092 0.913256 0.995061 1.0449
0.953231 0.977027 1.04098 0.885578 1.01105 1.02807
0.951625 0.981604 1.0385 0.900062 0.997033 1.00728
1.02361 1.02449 1.04799 0.920632 0.990965 1.02774
0.95002 0.986181 1.03601 0.917589 0.986991 1.00711
0.948415 0.990759 1.03352 0.938159 0.980922 1.02758
0.948013 0.991903 1.0329 0.926353 0.981969 1.00703
1.0212 1.03136 1.04426 0.946922 0.975901 1.02749
0.947612 0.993047 1.03228 0.930734 0.979459 1.00699
0.94721 0.994192 1.03166 0.951304 0.973391 1.02745
0.94711 0.994478 1.03151 0.932925 0.978203 1.00697
1.0206 1.03308 1.04333 0.953495 0.972135 1.02743
0.94701 0.994764 1.03135 0.934021 0.977576 1.00696
0.946909 0.99505 1.0312 0.954591 0.971508 1.02742
0.946884 0.995121 1.03116 0.934568 0.977262 1.00695
1.02045 1.0335 1.0431 0.955138 0.971194 1.02742
0.946859 0.995193 1.03112 0.934842 0.977105 1.00695
0.946834 0.995265 1.03108 0.955412 0.971037 1.02741
1.02041 1.03361 1.04304 0.914546 0.983016 0.986489
0.946822 0.9953 1.03106 0.955686 0.97088 1.02741
0.946815 0.995318 1.03105 0.957693 0.951735 1.05909
1.09399 1.07196 1.055 0.963403 0.956046 1.03958
0.946809 0.995336 1.03104 0.946295 0.962 1.06906
0.894913 0.947843 0.979241 0.969114 0.960356 1.02007
end
gesture a15 hands 2
0.890713 0.905563 0.995741 0.960571 0.941428 1.01028
0.878515 0.901981 1.0229 0.944205 0.947392 1.0299
0.895738 0.93458 1.06458 0.937032 0.959645 1.00661
0.986874 1.00207 1.0755 0.927839 0.953357 1.04951
1.07181 1.07569 1.03595 0.918564 0.963904 1.05221
1.07801 1.06955 1.08641 0.934925 0.964338 1.02834
1.05115 1.02676 1.11705 0.937524 0.967492 1.03624
1.03348 1.00365 1.1118 0.938823 0.969068 1.04019
0.996157 0.975621 1.07731 0.909289 0.974451 1.0549
1.00599 0.978078 1.09193 0.940123 0.970645 1.04415
0.96866 0.950052 1.05744 0.95554 0.968742 1.03877
0.99224 0.965294 1.082 0.963248 0.96779 1.03608
0.954912 0.937268 1.04751 0.967103 0.967315 1.03473
0.985366 0.958901 1.07703 0.96903 0.967077 1.03406
0.948038 0.930875 1.04254 0.942011 0.97532 1.00717
0.981929 0.955705 1.07454 0.970957 0.966839 1.03339
0.944601 0.927679 1.04005 0.98543 0.962599 1.0465
0.980211 0.954107 1.0733 0.992666 0.960479 1.05306
0.942883 0.926081 1.03881 0.996285 0.959419 1.05634
0.979351 0.953308 1.07268 0.998094 0.958889 1.05798
0.942023 0.925282 1.03819 0.998998 0.958624 1.0588
0.978922 0.952909 1.07237 0.999451 0.958492 1.05921
0.941594 0.924883 1.03788 0.999677 0.958425 1.05942
0.978707 0.952709 1.07222 0.99979 0.958392 1.05952
0.941379 0.924683 1.03773 0.999846 0.958376 1.05957
1.01582 0.980535 1.10655 0.999875 0.958367 1.05959
0.941164 0.924483 1.03757 0.994043 0.961149 1.10737
0.93452 0.888018 1.00529 0.999903 0.958359 1.05962
0.942923 0.900484 1.01548 1.01084 0.954413 1.05903
end
gesture a15 hands 2
0.925994 0.922238 1.00065 0.992071 0.966684 1.03462
0.923144 0.945724 1.01856 0.971563 0.974402 1.01451
0.947971 0.976539 1.03452 0.963149 0.949047 1.02487
0.994255 1.00375 1.05421 0.919376 0.979982 1.01066
1.01223 1.00996 1.07587 0.891294 0.982043 1.00488
1.04054 1.03096 1.0739 0.903928 0.976406 1.00399
1.07648 1.04338 1.11721 0.920036 0.972244 1.02775
1.05028 1.02345 1.13194 0.918299 0.971506 1.01542
1.07194 1.02661 1.15587 0.934408 0.967344 1.03918
1.048 1.01506 1.15126 0.925485 0.969056 1.02114
1.03917 1.00819 1.12406 0.941593 0.964894 1.04489
1.03162 1.00585 1.13536 0.929078 0.967831 1.024
1.02278 0.998986 1.10816 0.945186 0.963669 1.04775
1.02343 1.00125 1.12741 0.930874 0.967218 1.02543
1.01459 0.994382 1.10021 0.946983 0.963056 1.04918
1.02407 1.00351 1.14666 0.931772 0.966912 1.02614
1.0064 0.989778 1.09226 0.947881 0.96275 1.0499
0.997561 0.982911 1.06506 0.932221 0.966759 1.0265
0.993143 0.979478 1.05146 0.94833 0.962597 1.05025
0.966537 0.971577 1.06614 0.932446 0.966683 1.02668
0.988725 0.976045 1.03786 0.948554 0.962521 1.05043
0.964137 0.958591 1.01367 0.916562 0.970768 1.0031
0.951843 0.949864 1.00157 0.948779 0.962444 1.05061
0.945696 0.9455 0.995521 0.972573 0.958683 1.06221
0.942623 0.943319 0.992497 0.985975 0.965801 1.07683
0.941086 0.942228 0.990985 0.966485 0.971084 1.10649
0.940317 0.941682 0.990229 0.999377 0.97292 1.09144
0.909005 0.939644 0.985619 0.996366 0.954922 1.07382
0.939549 0.941137 0.989473 1.03227 0.974756 1.0764
end
gesture a15 hands 2
1.00425 0.937952 1.02353 1.03268 0.981665 1.01439
0.984447 0.929401 1.04424 1.0241 0.977774 1.02605
0.952336 0.946364 1.05192 0.999008 0.979359 1.03753
0.973965 0.991255 1.05345 1.00726 0.976621 1.03762
1.01702 1.02408 1.0464 0.982172 0.978206 1.0491
1.01067 1.04184 1.02898 0.998841 0.976044 1.0434
1.05059 1.06332 1.04779 0.973754 0.977629 1.05488
1.02746 1.06146 1.02968 0.994632 0.975756 1.04629
1.0153 1.0345 1.02956 0.969545 0.977341 1.05778
1.00982 1.04705 1.02056 0.992527 0.975612 1.04774
0.997661 1.02008 1.02044 0.96744 0.977197 1.05922
1.001 1.03984 1.016 0.991475 0.97554 1.04846
0.98884 1.01288 1.01588 0.966388 0.977125 1.05995
0.996585 1.03624 1.01372 0.990949 0.975504 1.04882
0.984429 1.00928 1.0136 0.965862 0.977089 1.06031
1.00433 1.0596 1.01156 0.990686 0.975486 1.049
0.980018 1.00567 1.01132 0.965599 0.977071 1.06049
0.967862 0.978709 1.0112 0.990555 0.975477 1.04909
0.961784 0.965228 1.01114 0.965468 0.977062 1.06058
0.958745 0.958487 1.01111 1.01551 0.973883 1.0377
0.957226 0.955116 1.0111 0.965336 0.977053 1.06067
0.956466 0.953431 1.01109 0.926208 0.966254 1.0617
0.956086 0.952589 1.01108 0.9393 0.966277 1.0495
0.955896 0.952167 1.01108 0.945846 0.966288 1.0434
0.955801 0.951957 1.01108 0.94912 0.966293 1.04035
0.955753 0.951851 1.01108 0.913344 0.951795 1.04687
0.934334 0.991091 1.04947 0.952393 0.966299 1.0373
0.955706 0.951746 1.01108 0.987769 0.983818 1.00301
0.980932 0.935724 1.01207 1.00101 0.997735 0.980211
end
gesture a15 hands 2
0.915992 0.925812 0.996262 0.960623 0.994575 1.0302
0.899087 0.911383 1.01626 0.943357 0.979015 1.06648
0.933364 0.958064 1.01486 0.956461 0.984184 1.05778
0.977945 0.978781 1.04745 0.926091 0.963455 1.10276
1.01695 0.995753 1.08777 0.919348 0.94921 1.06442
1.03357 1.02325 1.13667 0.918187 0.941585 1.05829
1.01647 1.04703 1.12417 0.963759 0.962873 1.04276
0.981649 1.00635 1.10056 0.940392 0.948416 1.04746
0.994994 0.972224 1.05885 0.985965 0.969705 1.03192
0.970911 0.968948 1.0679 0.951495 0.951833 1.04204
0.984256 0.934821 1.02618 0.997067 0.973121 1.02651
0.965542 0.950247 1.05157 0.957046 0.953541 1.03933
0.978887 0.91612 1.00985 1.00262 0.974829 1.0238
0.962857 0.940896 1.0434 0.959822 0.954394 1.03797
0.976202 0.906769 1.00169 1.00539 0.975683 1.02244
0.961515 0.936221 1.03932 0.96121 0.954821 1.0373
0.97486 0.902093 0.997603 1.00678 0.97611 1.02177
0.960844 0.933883 1.03728 0.961904 0.955035 1.03696
0.974189 0.899756 0.995561 1.00748 0.976323 1.02143
0.960509 0.932714 1.03626 0.962251 0.955142 1.03679
0.973854 0.898587 0.994541 1.00782 0.97643 1.02126
0.960341 0.93213 1.03575 0.962424 0.955195 1.0367
0.973686 0.898002 0.99403 1.008 0.976484 1.02117
0.960257 0.931838 1.03549 0.962511 0.955222 1.03666
0.973602 0.89771 0.993775 1.00808 0.97651 1.02113
0.960215 0.931692 1.03536 0.962554 0.955235 1.03664
0.97356 0.897564 0.993648 1.00813 0.976524 1.02111
0.946828 0.965673 1.07695 0.917025 0.93396 1.05215
0.973518 0.897418 0.99352 1.00817 0.976537 1.02109
end
gesture a15 hands 2
0.959339 0.915885 1.00586 1.01135 0.983124 1.04764
0.929601 0.915596 1.00719 1.00991 0.987216 1.03334
0.914201 0.952711 0.991098 0.984152 0.984435 1.04737
0.936862 0.965464 1.00163 0.996316 0.987872 1.03321
0.966971 0.98156 1.04886 0.970553 0.985091 1.04724
0.976774 0.989263 1.0534 0.989516 0.9882 1.03315
0.959524 0.978216 1.01216 0.963754 0.985419 1.04718
0.986577 0.996966 1.05794 0.986117 0.988364 1.03311
1.01974 1.01041 1.10663 0.960354 0.985583 1.04714
1.01363 1.01572 1.10372 0.984417 0.988446 1.0331
1.01057 1.01837 1.10227 0.958654 0.985665 1.04713
1.00905 1.01969 1.10155 0.983567 0.988487 1.03309
1.02161 1.05179 1.14881 0.957804 0.985706 1.04712
1.01456 1.03641 1.12481 0.983142 0.988507 1.03308
0.992771 1.00597 1.07984 0.957379 0.985726 1.04711
1.00015 1.0135 1.09033 0.982929 0.988517 1.03308
0.978351 0.983066 1.04536 0.957166 0.985737 1.04711
0.992935 1.00204 1.07309 0.982823 0.988522 1.03308
0.971141 0.971612 1.02812 0.95706 0.985742 1.04711
0.98933 0.996316 1.06447 1.00848 0.991308 1.01905
0.967536 0.965885 1.0195 0.956954 0.985747 1.04711
0.987528 0.993453 1.06016 0.925557 0.95189 1.07729
0.965734 0.963022 1.01519 0.933155 0.925272 1.06772
0.986627 0.992021 1.05801 0.934623 0.933816 1.05344
0.964832 0.96159 1.01304 0.935356 0.938089 1.0463
0.964382 0.960874 1.01196 0.892149 0.959058 1.04431
1.00752 1.02102 1.10082 0.93609 0.942361 1.03916
0.963931 0.960158 1.01088 0.980486 0.969925 1.02055
0.935511 0.920933 0.979049 1.00525 0.979157 1.00679
end
gesture a15 hands 2
1.0738 0.909025 1.07918 1.02435 0.96585 1.03976
1.049 0.911995 1.06266 1.01179 0.968815 1.06647
1.00529 0.944107 1.05902 0.96095 0.970691 1.05725
0.980298 0.987584 1.04451 0.943383 0.94714 1.01339
0.944109 1.01869 1.01058 0.910135 0.954641 1.06174
0.888788 1.03993 1.00541 0.897959 0.953398 1.08744
0.848642 1.02234 1.01824 0.947653 0.957735 1.05607
0.852068 1.0107 1.00606 0.916718 0.954944 1.0846
0.92364 0.984204 1.04941 0.966412 0.959281 1.05323
0.889567 0.99163 1.02165 0.926097 0.955718 1.08318
0.961138 0.965135 1.065 0.975792 0.960055 1.05181
0.908316 0.982096 1.02945 0.930787 0.956104 1.08247
0.979888 0.955601 1.0728 0.980481 0.960441 1.0511
0.917691 0.977329 1.03334 0.933132 0.956298 1.08212
0.989262 0.950834 1.07669 0.982826 0.960635 1.05075
0.922378 0.974946 1.03529 0.934304 0.956394 1.08194
0.99395 0.948451 1.07864 0.983999 0.960731 1.05057
0.924722 0.973754 1.03626 0.93489 0.956443 1.08185
0.996293 0.947259 1.07962 0.984585 0.96078 1.05048
0.925894 0.973158 1.03675 0.935183 0.956467 1.08181
0.997465 0.946663 1.0801 0.984878 0.960804 1.05043
0.92648 0.97286 1.037 0.93533 0.956479 1.08179
0.998051 0.946365 1.08035 0.985024 0.960816 1.05041
0.926773 0.972711 1.03712 0.935403 0.956485 1.08178
0.998344 0.946216 1.08047 0.985098 0.960822 1.0504
0.855494 0.999057 0.993888 0.985134 0.960825 1.0504
0.998637 0.946067 1.08059 0.885782 0.952154 1.11314
1.02038 0.908788 1.11647 0.985171 0.960828 1.05039
1.02102 0.905618 1.08705 0.984188 0.968175 1.0456
end
gesture a15 hands 2
1.06587 0.87615 1.10161 1.00041 0.954141 1.06928
1.07932 0.882681 1.07581 0.975334 0.962636 1.07503
1.02761 0.907553 1.06527 0.979639 0.967413 1.05271
0.988347 0.944597 1.04212 0.950259 0.97113 1.08077
0.8393 1.02074 1.05148 0.9113 0.965122 1.07897
0.850866 1.00676 1.05019 0.896256 0.944026 1.065
0.928253 0.972605 1.06799 0.923705 0.942253 1.06168
0.895342 0.982695 1.05845 0.902458 0.932591 1.05636
0.972731 0.948536 1.07624 0.929908 0.930818 1.05304
0.917582 0.97066 1.06258 0.90556 0.926874 1.05204
0.994971 0.936501 1.08037 0.933009 0.925101 1.04872
0.928701 0.964643 1.06464 0.90711 0.924016 1.04988
1.00609 0.930483 1.08244 0.934559 0.922243 1.04656
0.934261 0.961634 1.06567 0.907886 0.922586 1.0488
1.01165 0.927475 1.08347 0.935335 0.920813 1.04548
0.937041 0.96013 1.06619 0.908273 0.921872 1.04826
1.01443 0.92597 1.08398 0.935722 0.920099 1.04494
0.938431 0.959378 1.06645 0.908467 0.921514 1.04799
1.01582 0.925218 1.08424 0.935916 0.919741 1.04467
0.939126 0.959002 1.06658 0.908564 0.921336 1.04785
1.01652 0.924842 1.08437 0.936013 0.919563 1.04454
0.939474 0.958814 1.06664 0.908613 0.921246 1.04778
1.01686 0.924654 1.08444 0.936062 0.919473 1.04447
0.939647 0.958719 1.06667 0.908637 0.921202 1.04775
1.01704 0.92456 1.08447 0.936086 0.919429 1.04443
0.939734 0.958673 1.06669 0.881212 0.92293 1.05103
1.01712 0.924513 1.08448 0.93611 0.919384 1.0444
0.862432 0.992785 1.04891 0.977793 0.944423 1.03737
1.01721 0.924466 1.0845 0.949243 0.945233 1.04514
end
gesture a15 hands 2
0.986091 0.923899 1.07861 0.931329 0.947615 1.03877
0.959333 0.92802 1.06633 0.930985 0.954512 1.06779
0.974625 0.960724 1.05331 0.921827 0.950387 1.0566
0.927119 0.991645 1.03978 0.930387 0.937439 1.05669
0.8826 1.02994 1.0305 0.974183 0.95227 1.05701
0.868327 1.00803 1.03261 0.956565 0.93838 1.0569
0.894873 0.984263 1.04951 1.00036 0.953211 1.05722
0.921394 0.974402 1.05768 0.969653 0.938851 1.057
0.994076 0.943699 1.04632 1.01345 0.953681 1.05732
0.970995 0.95412 1.05608 0.976199 0.939086 1.05705
1.00208 0.937959 1.04516 1.01999 0.953916 1.05737
0.974998 0.95125 1.0555 0.979471 0.939204 1.05708
1.00608 0.935089 1.04457 1.02327 0.954034 1.0574
0.976999 0.949815 1.05521 0.981107 0.939263 1.0571
1.00809 0.933654 1.04428 1.0249 0.954093 1.05742
0.978 0.949098 1.05507 0.981925 0.939292 1.0571
1.00909 0.932937 1.04414 1.02572 0.954123 1.05742
0.9785 0.948739 1.05499 0.982334 0.939307 1.05711
1.00959 0.932578 1.04406 1.02613 0.954137 1.05743
0.97875 0.94856 1.05496 0.982539 0.939314 1.05711
1.00984 0.932399 1.04403 1.02634 0.954145 1.05743
0.978875 0.94847 1.05494 0.982641 0.939318 1.05711
1.00996 0.932309 1.04401 1.02644 0.954148 1.05743
0.978938 0.948425 1.05493 0.982692 0.93932 1.05711
1.01002 0.932264 1.044 1.02649 0.95415 1.05743
0.947914 0.964541 1.06585 0.982718 0.939321 1.05711
1.01009 0.93222 1.04399 1.02651 0.954151 1.05743
1.09328 0.903135 1.04313 0.938947 0.924491 1.05679
1.07226 0.899898 1.02213 1.02654 0.954152 1.05743
end
gesture a15 hands 2
1.00073 0.865209 1.09493 1.03578 0.931404 1.05734
0.984396 0.88978 1.08977 1.02228 0.936554 1.06098
0.985442 0.9478 1.08274 0.995666 0.944235 1.07038
0.973272 0.956653 1.06715 1.00222 0.94297 1.0675
0.952014 0.991455 1.04019 0.975609 0.95065 1.07691
0.961102 0.965505 1.05157 0.992194 0.946178 1.07076
0.948931 0.974358 1.03598 0.96558 0.953858 1.08017
0.945889 0.976571 1.03209 0.98718 0.947782 1.07239
0.933759 1.00473 1.01681 0.960566 0.955462 1.0818
0.942846 0.978785 1.02819 0.984673 0.948584 1.07321
0.939804 0.980998 1.0243 0.958059 0.956264 1.08261
0.939043 0.981551 1.02332 0.98342 0.948985 1.07362
0.929195 1.00805 1.01096 0.956806 0.956665 1.08302
0.938282 0.982104 1.02235 0.982793 0.949185 1.07382
0.937522 0.982658 1.02137 0.956179 0.956866 1.08323
0.937332 0.982796 1.02113 0.982479 0.949285 1.07392
0.928054 1.00888 1.0095 0.955865 0.956966 1.08333
0.937141 0.982934 1.02089 0.982323 0.949335 1.07397
0.936951 0.983073 1.02064 0.955709 0.957016 1.08338
0.936904 0.983107 1.02058 1.00878 0.941705 1.06462
0.927769 1.00909 1.00914 0.955552 0.957066 1.08343
0.936856 0.983142 1.02052 0.897291 0.964219 1.07473
0.936809 0.983176 1.02046 0.885913 0.954661 1.07393
0.936785 0.983194 1.02043 0.880225 0.949882 1.07353
0.918586 1.03511 0.997631 0.87738 0.947492 1.07333
0.936761 0.983211 1.0204 0.841275 0.971175 1.08978
0.948413 0.943783 1.06328 0.874536 0.945103 1.07313
0.956836 0.917451 1.11449 0.924061 0.92908 1.06673
0.956924 0.86565 1.1403 0.97936 0.931333 1.06194
end
gesture a15 hands 2
0.998854 0.851996 1.14985 1.02231 0.934733 1.0954
0.994196 0.861087 1.12198 1.01775 0.94179 1.08518
0.982728 0.895535 1.11156 1.01526 0.949393 1.12059
0.956564 0.958756 1.05319 1.01423 0.949119 1.09777
0.899517 1.06801 0.975267 0.980977 0.955195 1.08499
0.914958 1.04499 0.985039 0.997084 0.95202 1.07997
0.949694 0.991373 1.04219 0.963835 0.958096 1.06719
0.940047 1.00667 1.0185 0.988513 0.953471 1.07107
0.974783 0.953056 1.07566 0.955265 0.959546 1.05829
0.952591 0.987518 1.03524 0.984227 0.954196 1.06662
0.987327 0.933897 1.09239 0.950979 0.960271 1.05384
0.958863 0.977939 1.0436 0.948837 0.960634 1.05162
0.993599 0.924317 1.10075 1.01319 0.948846 1.07495
0.961999 0.973149 1.04778 0.946694 0.960997 1.04939
0.996735 0.919528 1.10494 0.91294 0.945338 1.06139
0.963567 0.970754 1.04987 0.880198 0.973147 1.02384
0.998303 0.917133 1.10703 0.876961 0.97293 1.03024
0.964351 0.969556 1.05092 0.875343 0.972821 1.03345
0.999087 0.915935 1.10807 0.874534 0.972767 1.03505
0.964743 0.968958 1.05144 0.87413 0.97274 1.03585
0.999479 0.915337 1.1086 0.873927 0.972727 1.03625
0.964939 0.968658 1.0517 0.873826 0.97272 1.03645
0.999675 0.915037 1.10886 0.842738 0.980275 0.987814
0.965037 0.968509 1.05183 0.873725 0.972713 1.03665
0.999773 0.914888 1.10899 0.903026 0.972045 1.02911
0.999822 0.914813 1.10905 0.912351 0.9429 1.07897
0.930399 1.02198 0.994811 0.955499 0.924885 1.11405
0.999871 0.914738 1.10912 1.00754 0.93078 1.09085
1.0022 0.892338 1.12754 1.02999 0.945163 1.07772
end
gesture a15 hands 2
1.00007 0.823437 1.16739 1.01801 0.929332 1.10846
0.986925 0.839561 1.14628 1.00023 0.929772 1.13255
0.968344 0.89205 1.13653 0.958651 0.920395 1.12381
0.962354 0.907742 1.11264 0.924444 0.932717 1.08608
0.934176 0.943107 1.0692 0.868266 0.950361 1.05798
0.936229 0.94325 1.06872 0.879251 0.947701 1.05316
0.956365 0.923434 1.08874 0.912427 0.930241 1.09338
0.938282 0.943393 1.06825 0.901331 0.937641 1.07086
0.92924 0.953372 1.05801 0.934507 0.920182 1.11108
0.926979 0.955867 1.05545 0.912372 0.932611 1.07972
0.914624 0.973769 1.02994 0.945548 0.915152 1.11993
0.924719 0.958362 1.05289 0.917892 0.930096 1.08414
0.922458 0.960857 1.05033 0.951068 0.912637 1.12436
0.921893 0.961481 1.04969 0.920652 0.928838 1.08635
0.911233 0.977511 1.0261 0.953828 0.911379 1.12657
0.921328 0.962105 1.04905 0.922032 0.92821 1.08746
0.920763 0.962728 1.04841 0.955208 0.910751 1.12767
0.920622 0.962884 1.04825 0.922722 0.927895 1.08801
0.910386 0.978447 1.02514 0.955898 0.910436 1.12823
0.920481 0.96304 1.04809 0.923067 0.927738 1.08829
0.920339 0.963196 1.04793 0.956243 0.910279 1.1285
0.920304 0.963235 1.04789 0.923239 0.92766 1.08843
0.910174 0.97868 1.02489 0.956415 0.910201 1.12864
0.920269 0.963274 1.04785 0.923326 0.92762 1.0885
0.920233 0.963313 1.04781 0.956502 0.910161 1.12871
0.920216 0.963333 1.04779 0.923369 0.927601 1.08853
0.900008 0.994165 1.00186 0.956545 0.910142 1.12875
0.920198 0.963352 1.04777 0.890236 0.94504 1.04835
0.968814 0.922505 1.10802 0.956588 0.910122 1.12878
end
gesture a16 hands 2
1.00996 0.848516 1.10376 0.946403 0.854442 1.07927
1.01113 0.876137 1.042 0.948279 0.849217 1.10843
1.02226 0.849009 1.07679 0.938307 0.842535 1.1605
1.01229 0.903759 0.980239 0.920038 0.881043 1.18697
1.0014 0.948062 0.984703 0.920211 0.913198 1.1383
1.00057 0.936713 1.04091 0.936911 0.937554 1.08901
0.978292 0.981659 1.07027 0.954688 0.978616 1.05374
0.972096 1.01275 1.02259 0.972599 0.961142 1.02732
0.956412 1.06004 0.992734 0.991574 0.999261 1.04805
0.938429 1.06315 0.99773 0.986497 1.04837 1.02427
0.946335 1.06268 1.05249 1.02464 1.11348 0.960201
0.945291 1.08407 1.0346 1.01676 1.06296 0.980083
0.932905 1.10395 0.98705 0.973555 1.07497 1.00827
0.923232 1.12718 0.974069 0.979603 1.06449 0.954857
0.983114 0.990503 1.04402 0.989629 1.10847 0.899359
0.948337 1.07046 1.00255 0.987639 1.08123 0.900402
1.00822 0.933781 1.0725 0.975066 1.02307 0.980604
0.960889 1.0421 1.0168 0.980358 1.03854 0.941025
1.02077 0.905419 1.08675 0.967785 0.980376 1.02123
0.967164 1.02791 1.02392 0.976718 1.01719 0.961336
1.02704 0.891239 1.09387 0.964145 0.959027 1.04154
0.970302 1.02082 1.02748 0.974897 1.00651 0.971492
1.03018 0.884148 1.09743 0.962324 0.948352 1.05169
0.971871 1.01728 1.02926 0.973987 1.00118 0.97657
1.03175 0.880603 1.09921 0.961414 0.943015 1.05677
0.972656 1.01551 1.03015 0.973532 0.998508 0.979109
1.03254 0.878831 1.1001 0.960959 0.940347 1.05931
0.91356 1.15041 0.961087 0.98565 1.054 0.901445
1.03332 0.877058 1.10099 0.960504 0.937678 1.06185
end
gesture a16 hands 2
1.07814 0.859543 1.08602 0.986229 0.861003 1.10318
1.05201 0.86933 1.07511 0.976063 0.864374 1.07522
1.04869 0.878407 1.07702 0.990937 0.877165 1.02237
1.02775 0.925241 1.07099 0.979845 0.85869 1.00744
1.0128 0.965988 1.02439 0.956513 0.871039 1.05542
1.0098 0.969032 1.04467 0.958097 0.921782 1.05986
0.994305 0.994264 1.04381 0.986239 1.0144 1.01105
1.00055 0.98317 1.05438 1.00392 0.987729 0.988185
0.985057 1.0084 1.05351 0.996503 1.02454 1.02144
0.980434 1.01547 1.05837 1.00067 1.07473 0.999765
1.0068 0.972076 1.06495 1.04395 1.13432 0.945936
0.97581 1.02254 1.06322 1.02996 1.08421 0.961682
0.956163 1.04368 1.01409 0.974046 1.01896 1.03382
0.941896 1.09239 0.988631 0.939319 0.976557 1.03634
0.936326 1.09347 0.991032 0.936525 0.966944 0.979661
0.946148 1.06968 0.991606 0.942066 0.950821 0.968402
0.951059 1.05779 0.991894 0.934657 0.926441 1.02058
0.953514 1.05184 0.992037 0.941133 0.930569 0.988859
0.954742 1.04886 0.992109 0.933724 0.906189 1.04103
0.955356 1.04738 0.992145 0.940666 0.920444 0.999088
0.953316 1.07587 1.04303 0.933257 0.896064 1.05126
0.95597 1.04589 0.992181 0.940432 0.915381 1.0042
0.939803 1.03653 0.936646 0.933023 0.891001 1.05638
0.923333 0.998924 0.93274 0.940316 0.912849 1.00676
0.936282 0.962861 0.975943 0.932907 0.888469 1.05893
0.955344 0.944258 1.0282 0.932848 0.887204 1.06021
0.979614 0.91864 1.07322 0.947608 0.934698 0.957143
0.991843 0.870828 1.05831 0.93279 0.885938 1.06149
0.982893 0.863755 1.06461 0.932402 0.874465 1.11944
end
gesture a16 hands 2
0.984861 0.852682 1.13404 0.892911 0.866037 1.09155
0.964533 0.86283 1.15354 0.883966 0.870155 1.06335
0.9655 0.871111 1.09537 0.903893 0.859473 1.11171
0.957864 0.895966 1.04855 0.893476 0.851218 1.13563
0.950096 0.959104 1.03466 0.908849 0.894256 1.10594
0.951884 1.00373 1.0695 0.895954 0.868609 1.13275
0.956317 1.03398 1.03625 0.911327 0.911648 1.10306
0.95255 1.05123 1.02305 0.897193 0.877305 1.1313
0.938973 1.11016 0.96997 0.912566 0.920344 1.10161
0.948783 1.06847 1.00984 0.897813 0.881653 1.13058
0.944815 1.05895 1.01156 0.913185 0.924692 1.10089
0.934983 1.07564 0.969419 0.898123 0.883827 1.13022
0.924846 1.12969 0.948826 0.913495 0.926866 1.10053
0.929819 1.10389 0.959961 0.91365 0.927953 1.10035
0.974724 1.04148 0.996491 0.88306 0.842962 1.15955
0.954758 1.05978 0.983793 0.913805 0.92904 1.10017
0.999662 0.997379 1.02033 0.956991 1.01356 1.04522
0.967227 1.03773 0.995711 0.989552 1.01559 1.05012
1.01213 0.975328 1.03224 0.993979 1.07172 1.03668
0.973462 1.02671 1.00167 1.01026 1.10903 0.996913
1.01837 0.964303 1.0382 1.02297 1.1554 0.964518
0.976579 1.0212 1.00465 1.04449 1.13725 0.953728
1.02148 0.958791 1.04118 1.02362 1.10182 0.99343
0.978137 1.01844 1.00614 1.00613 1.08766 0.985295
1.02304 0.956034 1.04267 0.992251 1.04361 0.949237
1.02382 0.954656 1.04342 0.982921 0.988138 0.960621
0.934792 1.07809 0.971096 0.981238 0.911209 1.04882
1.0246 0.953278 1.04416 0.980074 0.867439 1.08918
1.05534 0.84487 1.07704 0.989785 0.865105 1.06112
end
gesture a16 hands 2
1.01696 0.785095 1.17018 0.902097 0.764443 1.11878
1.00533 0.787275 1.14269 0.906798 0.749748 1.14414
0.978929 0.793977 1.09057 0.938286 0.77478 1.11564
0.982569 0.802757 1.09024 0.931764 0.814492 1.09186
1.01664 0.787074 1.13594 0.944052 0.898116 1.03816
1.03877 0.785797 1.1831 0.934647 0.87616 1.05311
1.03601 0.831289 1.20799 0.95596 0.923275 1.03091
1.02694 0.873459 1.17101 0.940601 0.88874 1.04949
1.0055 0.898358 1.12645 0.961915 0.935855 1.02728
1.01788 0.91563 1.13403 0.943578 0.89503 1.04768
1.03539 0.903036 1.1216 0.964892 0.942145 1.02547
1.01368 0.937998 1.08664 0.945067 0.898175 1.04677
1.01695 0.943895 1.08702 0.96638 0.94529 1.02456
1.01858 0.946843 1.08722 0.945811 0.899747 1.04632
0.985847 0.958858 1.04367 0.967125 0.946862 1.02411
1.01143 0.965134 1.05793 0.946183 0.900534 1.04609
1.02021 0.949791 1.08741 0.967497 0.947649 1.02389
1.03701 0.971409 1.07219 0.925242 0.854205 1.06807
1.01986 0.971298 1.06227 0.967869 0.948435 1.02366
1.01129 0.971242 1.0573 0.960315 0.965765 1.02027
1.007 0.971215 1.05482 0.950012 0.986987 1.0089
0.990162 1.00742 1.00815 0.952977 1.06594 1.00209
1.00242 1.01179 1.02494 0.953794 1.06588 1.00232
1.00271 0.971187 1.05234 0.929561 1.02555 1.03534
1.01468 1.01616 1.04172 0.954611 1.06583 1.00256
0.992252 1.05899 1.00898 0.984045 1.11163 0.987213
0.973949 1.05063 0.99461 1.02488 1.10548 0.991244
0.959689 1.06871 0.968877 1.00175 1.05662 1.00918
0.955646 1.04226 0.98024 0.981843 0.98329 1.05058
end
gesture a16 hands 2
1.03166 0.806001 1.18903 0.958697 0.808769 1.20956
1.06011 0.799616 1.19593 0.973953 0.784133 1.21707
1.06734 0.846665 1.19824 0.976177 0.800326 1.21202
1.07393 0.90132 1.18462 0.973533 0.805286 1.15502
1.05316 0.940924 1.14617 0.998009 0.89278 1.09127
1.02175 0.96081 1.10253 0.965365 0.929103 1.09033
1.0525 0.985555 1.13681 0.959236 0.896963 1.11908
1.01636 0.991115 1.12662 0.973199 0.900974 1.07148
0.993028 1.02638 1.09041 0.967377 0.984743 1.03081
0.960311 1.03102 1.04346 0.925298 0.977924 1.06875
0.980405 1.01055 1.06886 0.926673 0.994956 1.01434
0.980399 1.0217 1.02765 0.945242 1.04081 0.990606
0.945863 1.06122 0.954553 0.938546 1.04011 0.97968
0.980393 1.03285 0.986438 0.931456 1.0337 0.97551
0.951537 1.11667 0.9148 0.920705 1.00352 1.01992
0.935964 1.10768 0.903982 0.924366 1.0273 0.971341
0.977027 0.984521 0.96376 0.94993 1.07337 0.946558
0.948709 1.0416 0.928462 0.967664 1.09066 0.934074
0.989771 0.918445 0.98824 0.960077 1.03936 0.959011
0.955081 1.00856 0.940701 0.972737 1.07366 0.940301
0.996144 0.885407 1.00048 0.96515 1.02235 0.965238
0.958268 0.992043 0.946822 0.967686 1.01384 0.968352
0.999332 0.868888 1.0066 0.985397 1.10796 0.92159
0.959862 0.983784 0.949882 0.970223 1.00534 0.971465
1.00093 0.860628 1.00966 0.971487 0.946744 0.975621
0.960659 0.979654 0.951411 0.990464 0.893567 0.977866
1.00172 0.856499 1.01119 0.96847 0.862066 1.02284
0.920391 1.09868 0.893163 0.948234 0.829325 1.06613
1.00252 0.852369 1.01272 0.937608 0.822484 1.09319
end
gesture a16 hands 2
0.977699 0.833104 1.08386 0.931391 0.786859 1.17539
0.980801 0.822036 1.09336 0.927494 0.776335 1.14805
0.995049 0.864865 1.13969 0.93469 0.808315 1.10149
0.992229 0.869058 1.13573 0.929725 0.892578 1.06818
0.983903 0.810967 1.10287 0.909849 0.900279 1.12094
0.989409 0.873252 1.13177 0.918906 0.937953 1.08485
1.0124 0.896626 1.19552 0.891159 0.881987 1.09403
0.994915 0.935537 1.16067 0.927964 0.975628 1.04877
0.979052 0.959953 1.11089 0.914155 0.940223 1.07667
1.00168 0.985407 1.14467 0.912888 0.945707 1.0767
1.00478 0.979472 1.10034 0.925177 0.979536 1.03568
1.0043 1.00398 1.07877 0.947244 1.03231 1.02094
0.958735 1.0345 1.01899 0.937794 0.983774 1.02613
0.963851 1.06716 0.999498 0.928093 0.990364 1.03315
0.96641 1.08349 0.989751 0.976805 1.06985 0.970512
0.967689 1.09166 0.984877 0.993007 1.0579 0.961076
0.968328 1.09574 0.98244 0.999047 0.981366 1.00306
0.986074 1.06212 1.01982 1.00413 1.01366 0.977348
0.968648 1.09778 0.981221 1.01017 0.937124 1.01933
0.986234 1.06314 1.01921 1.00969 0.991537 0.985484
0.968808 1.0988 0.980612 1.01573 0.915003 1.02746
0.986314 1.06365 1.01891 1.01247 0.980476 0.989552
0.968888 1.09931 0.980308 1.01851 0.903942 1.03153
1.00382 1.0285 1.0572 1.01386 0.974946 0.991586
0.968968 1.09982 0.980003 1.0199 0.898412 1.03357
0.949625 1.10057 0.945854 1.00921 1.04595 0.95164
0.991338 1.00476 0.993908 1.02129 0.892882 1.0356
1.02392 0.955889 0.988726 1.01082 0.848783 1.07313
1.04251 0.855142 1.03348 0.997925 0.823721 1.08314
end
gesture a16 hands 2
1.03207 0.859913 1.0825 0.961324 0.860367 1.10594
1.0382 0.877902 1.05968 0.974993 0.866278 1.1069
1.0178 0.918719 1.0247 0.984932 0.925886 1.0446
0.999391 0.987559 1.02607 0.986796 0.899037 1.07623
0.974786 1.01752 0.991439 0.996736 0.958646 1.01393
0.980983 1.0564 1.02743 0.992699 0.915417 1.0609
0.977328 1.09987 1.00041 1.00264 0.975025 0.998591
0.957717 1.07854 0.950391 0.99565 0.923607 1.05323
0.925885 1.12294 0.931075 1.00559 0.983215 0.990923
0.910554 1.11832 0.937835 0.997125 0.927702 1.0494
0.931699 1.06282 0.976994 1.00706 0.98731 0.987089
0.913461 1.08826 0.960794 0.997863 0.929749 1.04748
0.934606 1.03275 0.999953 1.0078 0.989358 0.985172
0.914914 1.07323 0.972274 0.998232 0.930773 1.04652
0.93606 1.01772 1.01143 1.00817 0.990381 0.984213
0.915641 1.06572 0.978014 0.998416 0.931285 1.04604
0.936787 1.01021 1.01717 1.00836 0.990893 0.983734
0.916004 1.06196 0.980884 0.998508 0.931541 1.0458
0.93715 1.00645 1.02004 1.00845 0.991149 0.983495
0.916186 1.06008 0.982319 0.988661 0.872189 1.10787
0.937332 1.00457 1.02148 1.00854 0.991405 0.983255
0.916277 1.05914 0.983036 1.00725 1.01826 0.977152
0.937423 1.00363 1.0222 1.0043 1.09214 0.937109
0.916322 1.05867 0.983395 1.00595 1.04511 0.97105
0.937468 1.00316 1.02255 1.01137 1.06827 1.01946
0.895222 1.11371 0.944595 0.964416 1.03724 1.00577
0.937513 1.00269 1.02291 0.944289 0.991575 1.02364
0.955697 0.941691 1.08721 0.91194 0.909229 1.0978
0.979805 0.891674 1.10123 0.929745 0.887362 1.107
end
gesture a16 hands 2
1.02473 0.846648 1.12451 0.989325 0.838513 1.1446
1.02334 0.854194 1.09583 0.974014 0.847728 1.11966
0.997222 0.86615 1.04475 0.962647 0.826979 1.15133
0.961083 0.968199 1.01219 0.958702 0.856944 1.09472
0.957187 0.961204 1.06177 0.981315 0.854305 1.08785
0.946549 1.05204 1.0097 0.994987 0.91036 1.07679
0.918245 1.08405 0.973654 0.989436 0.952082 1.03653
0.895861 1.13636 0.958788 0.986438 0.997793 1.02509
0.908811 1.0856 0.985155 0.990051 1.05276 0.98681
0.941993 1.07687 1.02437 0.983441 1.0435 1.01365
0.976558 1.04711 1.00451 0.996737 1.00103 1.01293
0.97046 1.02394 0.988279 0.97683 1.03425 1.04049
1.01209 0.963139 1.03481 0.966866 1.07048 1.00379
0.988226 0.981959 1.00343 0.967172 1.10561 0.958641
1.02986 0.921154 1.04996 0.97033 1.10317 0.949742
0.997109 0.960967 1.011 0.971909 1.10195 0.945293
1.03874 0.900162 1.05753 0.974871 1.15781 0.933951
1.00155 0.950471 1.01479 0.97418 1.12927 0.937397
1.04318 0.889666 1.06132 0.973035 1.08063 0.967419
1.00377 0.945223 1.01668 0.973261 1.09068 0.954131
1.0454 0.884418 1.06322 0.972117 1.04205 0.984153
1.00488 0.942599 1.01763 0.972802 1.07139 0.962499
1.04651 0.881794 1.06416 0.971658 1.02275 0.99252
1.00544 0.941287 1.01811 0.971428 1.01311 0.996704
1.04706 0.880482 1.06464 0.973488 1.10073 0.940844
1.04734 0.879826 1.06487 0.971198 1.00346 1.00089
0.964362 1.00078 0.972047 0.959029 0.961405 1.04121
1.04762 0.87917 1.06511 0.968909 0.90619 1.06093
1.05651 0.860979 1.08723 0.947222 0.855713 1.08123
end
gesture a16 hands 2
1.02683 0.824176 1.10294 0.921486 0.833837 1.09404
1.02008 0.834522 1.07568 0.919911 0.81511 1.11735
0.993441 0.850272 1.02735 0.935177 0.809952 1.11538
0.964613 0.913897 1.03109 0.965299 0.815423 1.07637
0.954166 0.950577 1.00166 0.983253 0.863439 1.0546
0.935786 0.977523 1.03483 0.984504 0.92119 1.05158
0.943196 1.03247 1.04787 0.97015 0.959975 1.0104
0.928061 1.04637 0.99502 0.972598 0.988653 1.0045
0.914447 1.07065 0.992714 0.98391 1.05558 0.955352
0.911044 1.07672 0.992137 0.975046 1.01733 0.998595
0.897499 1.10744 0.978925 0.979965 1.06701 1.02566
0.90764 1.08279 0.99156 0.970863 1.0519 0.973591
0.904236 1.08886 0.990984 0.997759 1.14585 0.920959
0.903386 1.09038 0.99084 1.00099 1.11909 0.930359
0.892394 1.11654 0.97806 0.980048 1.05957 0.989455
0.902535 1.0919 0.990695 0.992134 1.07595 0.964607
0.901684 1.09341 0.990551 0.971192 1.01644 1.0237
0.891117 1.11882 0.977844 0.987706 1.05438 0.981731
0.901258 1.09417 0.990479 0.966765 0.994869 1.04083
0.880551 1.14423 0.965137 0.985492 1.0436 0.990293
0.900833 1.09493 0.990407 0.964551 0.984084 1.04939
0.944127 1.08649 1.0236 0.984385 1.03821 0.994574
0.981105 1.04487 1.01628 0.963444 0.978692 1.05367
0.999908 0.991642 1.02532 0.962891 0.975996 1.05581
1.03716 0.924452 1.06267 1.00422 1.09233 0.939759
1.05655 0.910048 1.08528 0.962337 0.9733 1.05795
1.04941 0.869578 1.07755 0.958953 0.922538 1.08872
1.07441 0.857262 1.10003 0.973941 0.866081 1.09698
1.04228 0.829108 1.06983 0.956319 0.817571 1.12445
end
gesture a16 hands 2
1.01563 0.802492 1.14423 0.892288 0.783622 1.14317
1.03925 0.811711 1.12863 0.9192 0.795219 1.13731
1.02117 0.83751 1.12948 0.944613 0.84131 1.11269
0.989919 0.866619 1.09036 0.95729 0.932188 1.04493
0.965615 0.899062 1.04851 0.958909 1.0374 0.997555
0.937535 1.05358 0.976018 0.989709 1.06151 0.97399
0.917409 1.09838 0.946426 1.00481 1.12816 0.949342
0.930147 1.08039 0.958154 1.02051 1.08562 0.950425
0.977405 0.968922 1.04214 1.01037 1.04312 0.985451
0.960145 1.01566 1.00601 1.04375 1.0772 0.985474
1.0074 0.904191 1.09 1.04527 1.12081 0.950172
0.975144 0.983295 1.02994 1.03263 1.09473 0.946818
1.0224 0.871825 1.11392 0.996951 1.00983 1.0136
0.982644 0.967112 1.0419 1.00848 1.03924 0.978532
1.0299 0.855642 1.12589 0.972792 0.954341 1.04532
0.986393 0.959021 1.04788 0.996396 1.01149 0.99439
1.03365 0.84755 1.13187 0.960713 0.926597 1.06117
0.988268 0.954975 1.05088 0.990356 0.997618 1.00232
1.03553 0.843505 1.13486 0.954673 0.912724 1.0691
0.989206 0.952952 1.05237 0.987336 0.990682 1.00628
1.03646 0.841482 1.13635 0.951653 0.905788 1.07307
0.989674 0.951941 1.05312 0.985826 0.987214 1.00826
1.03693 0.84047 1.1371 0.950143 0.90232 1.07505
0.989909 0.951435 1.05349 0.985071 0.98548 1.00926
1.03717 0.839965 1.13748 0.949388 0.900586 1.07604
1.03728 0.839712 1.13766 0.984694 0.984613 1.00975
0.942886 1.0624 0.969882 0.94901 0.899719 1.07653
1.0374 0.839459 1.13785 1.02 1.06864 0.943464
1.04145 0.813188 1.15171 0.948633 0.898852 1.07703
end
gesture a16 hands 2
1.03788 0.775675 1.15162 0.906231 0.772571 1.11518
1.02351 0.791649 1.13079 0.881012 0.770193 1.09971
0.997963 0.812588 1.08422 0.900586 0.796283 1.05257
0.938726 1.00371 0.98609 0.917842 0.897119 1.00769
0.935527 0.997731 0.975963 0.952206 1.00557 0.982455
0.927753 1.05062 0.951876 0.987083 1.048 0.964643
0.909322 1.09767 0.9214 1.01498 1.09729 0.950721
0.903022 1.12444 0.928323 1.00737 1.05492 1.00362
0.962881 1.00021 1.0238 1.02771 1.10801 1.00092
0.929801 1.07571 0.979523 1.0271 1.0836 0.988417
0.989661 0.951481 1.075 0.992586 1.00516 1.06209
0.943191 1.05134 1.00512 1.00954 1.03217 1.019
1.00305 0.927117 1.1006 0.975024 0.95374 1.09267
0.949886 1.03916 1.01792 1.00076 1.00646 1.03429
1.00975 0.914934 1.1134 0.966243 0.928029 1.10797
0.953233 1.03307 1.02432 0.996367 0.993604 1.04194
1.01309 0.908843 1.1198 0.961853 0.915173 1.11561
0.954907 1.03002 1.02752 0.994171 0.987176 1.04576
1.01477 0.905798 1.123 0.959657 0.908745 1.11944
0.955744 1.0285 1.02912 0.993074 0.983962 1.04768
1.0156 0.904275 1.1246 0.95856 0.905531 1.12135
0.956162 1.02774 1.02992 0.992525 0.982355 1.04863
1.01602 0.903513 1.1254 0.958011 0.903924 1.1223
0.956371 1.02736 1.03032 0.99225 0.981552 1.04911
1.01623 0.903133 1.1258 0.957736 0.903121 1.12278
0.956476 1.02717 1.03052 0.992113 0.98115 1.04935
1.01634 0.902942 1.126 0.957599 0.902719 1.12302
0.896721 1.1512 0.935246 1.02649 1.05918 0.975914
1.01644 0.902752 1.1262 0.957462 0.902317 1.12326
end
gesture a16 hands 2
1.04391 0.7997 1.18422 0.938709 0.808678 1.15693
0.986599 0.825344 1.12208 0.919434 0.81018 1.13448
0.975555 0.854274 1.07205 0.909019 0.828222 1.08114
0.925391 1.05384 0.965791 0.923975 0.860759 1.03675
0.911374 1.16889 0.930073 0.952371 0.959264 0.994177
0.914999 1.16834 0.922483 0.95189 1.01561 0.978944
0.973704 1.00609 1.02022 0.996487 1.1137 0.943261
0.946165 1.08695 0.967556 1.01749 1.11997 0.930907
1.00487 0.924694 1.06529 1.02233 1.169 0.937814
0.961747 1.04625 0.990092 1.03041 1.14762 0.928183
1.02045 0.883994 1.08783 1.01395 1.10128 0.957664
0.969538 1.0259 1.00136 1.02622 1.11376 0.938109
1.02824 0.863645 1.0991 1.00977 1.06742 0.967589
0.973432 1.01572 1.007 1.02413 1.09683 0.943071
1.03214 0.85347 1.10474 1.00767 1.05049 0.972552
0.97538 1.01063 1.00981 1.02308 1.08837 0.945552
1.03408 0.848382 1.10755 1.00663 1.04203 0.975033
0.976354 1.00809 1.01122 1.02256 1.08413 0.946793
1.03506 0.845839 1.10896 1.0061 1.03779 0.976273
0.976841 1.00682 1.01193 1.0223 1.08202 0.947413
1.03554 0.844567 1.10967 1.00584 1.03568 0.976894
0.977084 1.00618 1.01228 1.03849 1.12624 0.918553
1.03579 0.843931 1.11002 1.00558 1.03356 0.977514
0.977206 1.00587 1.01246 0.97762 0.966434 1.06355
1.03591 0.843613 1.11019 0.966487 0.91757 1.09374
1.03597 0.843454 1.11028 0.963081 0.86015 1.07964
0.918625 1.1678 0.914893 0.950049 0.810134 1.07361
1.03603 0.843295 1.11037 0.931831 0.795806 1.12711
1.03939 0.802336 1.15133 0.955787 0.813052 1.12336
end
gesture a16 hands 2
1.11439 0.737082 1.23846 0.966488 0.774048 1.20807
1.13026 0.742299 1.21385 0.955423 0.775648 1.18036
1.10904 0.748961 1.21111 0.967322 0.794531 1.17855
1.06467 0.813879 1.14351 0.963569 0.79186 1.1759
1.0437 0.915996 1.08426 0.970337 0.797939 1.12026
1.02875 0.926698 1.0844 0.959815 0.789188 1.17325
1.0203 0.878798 1.07591 0.967589 0.797246 1.22863
1.01381 0.9374 1.08455 0.965472 0.835834 1.23099
0.991886 1.04536 1.05281 0.97759 0.873331 1.17222
0.970161 1.06931 1.00626 0.983649 0.892079 1.14284
0.962772 1.02144 0.987558 0.990087 0.952907 1.11363
0.970644 1.00726 1.00504 0.987476 0.953945 1.11397
0.948784 1.05547 0.983019 0.989708 0.910828 1.11345
0.96365 1.02428 1.00277 0.986265 0.954184 1.07285
0.94179 1.07248 0.98075 0.984866 0.954982 1.11431
0.960153 1.03279 1.00164 0.982822 0.997541 1.03225
0.938293 1.08099 0.979616 0.981799 1.01882 0.991224
0.958404 1.03704 1.00107 0.984371 1.06538 0.981248
0.936544 1.08525 0.979048 0.980777 1.0401 0.950195
0.93567 1.08737 0.978765 0.95921 1.04067 0.945498
0.978515 0.993089 1.02252 0.948426 1.04096 0.943149
0.934796 1.0895 0.978481 0.943035 1.04111 0.941974
0.905837 1.11714 0.934921 0.951949 0.992015 0.962521
0.886736 1.08247 0.899201 0.937643 1.04125 0.9408
0.889671 1.02677 0.906522 0.939078 1.0842 0.901221
0.882667 0.995597 0.953448 0.935542 1.13279 0.868687
0.879144 1.05243 0.966652 0.949721 1.11958 0.830231
0.963142 0.977136 0.986069 0.957525 1.06838 0.852261
0.978642 0.958344 1.00015 0.958766 1.01751 0.919357
end
gesture a16 hands 2
1.10876 0.752661 1.18385 0.915394 0.781363 1.22703
1.10992 0.752256 1.19877 0.914951 0.781965 1.13956
1.08661 0.771873 1.15019 0.918513 0.798399 1.08402
1.09884 0.761862 1.18194 0.914107 0.830997 1.03641
1.07553 0.78148 1.13336 0.911823 0.812205 1.0886
1.0933 0.766665 1.17352 0.917598 0.832153 1.14281
1.06999 0.786283 1.12494 0.907199 0.868694 1.12204
1.09053 0.769067 1.16932 0.953974 0.972996 1.01933
1.06722 0.788684 1.12074 0.980546 0.964931 1.04971
1.08915 0.770268 1.16721 0.982822 1.0219 1.03714
1.06583 0.789885 1.11863 0.984726 1.10791 0.965589
1.06514 0.790486 1.11758 0.996942 1.10495 0.943457
1.11108 0.751851 1.21369 0.987091 1.02172 1.01771
1.06445 0.791086 1.11653 0.998124 1.06185 0.969519
1.04628 0.831523 1.08013 0.988274 0.97863 1.04378
0.99707 0.925314 1.03688 0.998717 1.04031 0.982553
0.957995 0.933865 1.00514 0.988865 0.957084 1.05681
0.937474 0.912724 1.04268 0.999013 1.02953 0.989068
0.934178 0.97055 1.05045 0.989161 0.946311 1.06332
0.930563 1.02715 1.03752 0.99916 1.02415 0.992325
0.92856 1.07658 1.00951 0.989308 0.940924 1.06658
0.92811 1.06012 0.96242 0.999234 1.02145 0.993954
0.946651 1.01424 0.989865 0.989382 0.93823 1.06821
0.973718 0.998308 1.03396 0.999271 1.02011 0.994768
0.970485 1.05499 1.03627 0.989419 0.936884 1.06903
0.947832 1.08679 0.9982 0.99929 1.01943 0.995175
0.947654 1.04154 0.968828 0.989438 0.93621 1.06943
0.964628 0.987441 0.981622 1.00916 1.10198 0.921325
0.981805 0.948537 1.01515 0.989456 0.935537 1.06984
end
gesture a16 hands 2
1.0977 0.763891 1.25966 0.941231 0.796688 1.25075
1.05814 0.872713 1.17092 0.918205 0.790751 1.23295
1.00829 0.923984 1.08656 0.913538 0.786913 1.17759
1.01858 0.981534 1.08218 1.00424 0.891056 1.08092
0.985021 1.02661 1.0736 1.00867 0.985972 1.02499
0.975273 1.08116 1.0563 1.00242 0.996216 0.968882
0.959435 1.11039 1.01307 0.986374 0.979891 1.00591
0.947484 1.1002 0.988639 0.959517 1.01079 1.02947
0.950213 1.05024 1.01143 0.983413 1.06145 1.01471
0.935534 1.09001 0.964207 0.98683 1.1094 0.984411
0.933253 1.08143 0.990175 0.974115 1.12266 0.933583
0.940991 0.990091 1.00978 0.970374 1.10361 0.913635
0.930971 1.07286 1.01614 0.975368 1.06438 0.953062
0.922943 1.09203 0.965785 0.971001 1.07447 0.923374
0.919532 1.05784 0.919734 0.975994 1.03523 0.962801
0.92717 1.0301 0.921363 0.971314 1.0599 0.928244
0.962106 0.955455 0.993292 0.976308 1.02066 0.967671
0.948457 0.978913 0.958143 0.97147 1.05261 0.930679
0.983393 0.904263 1.03007 0.976464 1.01338 0.970106
0.9591 0.953317 0.976532 0.971549 1.04897 0.931896
0.994037 0.878667 1.04846 0.976543 1.00973 0.971324
0.964422 0.940519 0.985727 0.971588 1.04715 0.932505
0.999358 0.865869 1.05766 0.976582 1.00791 0.971932
0.967083 0.93412 0.990324 0.966633 1.08456 0.893686
1.00202 0.85947 1.06225 0.976621 1.00609 0.972541
0.968414 0.93092 0.992623 0.931006 0.913648 1.04532
1.00335 0.85627 1.06455 0.929996 0.854733 1.12466
0.934808 1.00237 0.922993 0.885391 0.821205 1.1181
1.00468 0.853071 1.06685 0.886645 0.81203 1.08957
end
gesture a16 hands 2
0.945769 0.939487 1.08627 0.959196 0.895455 1.10988
0.975378 0.936879 1.08446 0.987762 0.902917 1.10492
0.979752 0.953408 1.03226 0.999857 0.933329 1.13823
0.989694 0.970632 1.03966 1.00475 0.936041 1.16726
0.971006 0.952954 1.09109 1.01447 0.944323 1.14094
0.999636 0.987857 1.04707 1.01205 0.941538 1.16862
0.984933 0.984887 1.05792 1.02177 0.949821 1.1423
0.981257 0.984145 1.06063 1.02543 0.952569 1.14298
0.973597 0.968693 1.10391 1.00964 0.938752 1.1963
0.977582 0.983402 1.06335 1.02908 0.955318 1.14366
0.973906 0.98266 1.06606 1.04172 0.987416 1.09659
0.972987 0.982474 1.06674 1.01818 0.989419 1.07114
0.968083 0.96758 1.10799 0.980223 0.965316 1.04759
0.972068 0.982288 1.06742 0.965142 0.967991 1.01308
0.971149 0.982103 1.0681 0.967421 1.01326 0.950884
0.966704 0.967301 1.10901 0.958741 0.991962 0.964728
0.970689 0.98201 1.06844 0.952444 0.987674 1.01943
0.96226 0.9525 1.14991 0.942108 0.971206 1.01574
0.97023 0.981917 1.06878 0.950062 0.970665 0.978572
0.971341 0.997622 0.984472 0.931771 0.954737 1.01206
0.974771 1.00448 0.986059 0.922625 0.946774 1.02881
0.961541 0.979261 1.03668 0.918053 0.942792 1.03718
0.965737 0.981519 1.02362 0.937468 0.962088 1.08797
0.9782 1.01133 0.987647 0.91348 0.93881 1.04555
0.969933 0.983776 1.01055 0.907553 0.956357 0.991874
0.9658 0.969997 1.022 0.924545 0.962455 0.961653
0.963733 0.963107 1.02772 0.916029 0.984927 0.943018
0.951741 0.9609 1.0889 0.941536 0.968553 0.931433
0.961666 0.956218 1.03344 0.947869 0.955225 0.955934
end
gesture a16 hands 2
1.01782 0.961042 1.10622 1.02697 0.948164 1.07757
0.958368 0.951066 1.04629 1.03147 0.959105 1.05053
0.94956 0.955716 1.04666 0.997959 0.945818 1.09688
0.969536 0.967487 1.04185 0.965667 0.915721 1.09211
0.97087 0.98436 1.0917 0.970869 0.924744 1.03663
0.989513 0.979258 1.03705 0.990552 0.956161 0.989854
0.991495 0.98112 0.980168 0.987545 0.941419 1.04535
1.00435 1.02035 0.942097 0.980399 0.948236 1.10046
0.997013 1.00793 0.942749 0.958442 0.934755 1.09838
0.993345 1.00171 0.943075 0.964258 0.946352 1.04584
0.999876 0.998962 0.995811 0.960345 0.978047 0.994094
0.993298 0.994299 0.988673 0.970075 0.957949 0.99329
0.989677 0.995502 0.943401 0.945724 0.948205 1.03284
0.986721 0.989636 0.981535 0.953447 0.951383 1.10667
0.985242 0.986703 1.0006 0.921373 0.938462 1.07238
0.984503 0.985237 1.01014 0.934036 0.95122 1.04578
0.995402 0.977576 1.04952 0.922764 0.982549 0.968664
0.983764 0.98377 1.01967 0.946699 0.963978 1.01918
0.977945 0.986868 1.00474 0.958667 0.954692 1.04444
0.975035 0.988416 0.99728 0.954474 0.964336 1.0009
0.973581 0.989191 0.993549 0.96465 0.950049 1.05707
0.972853 0.989578 0.991683 0.957466 0.962015 1.00722
0.97249 0.989771 0.99075 0.967642 0.947727 1.06339
0.975005 0.970656 0.944704 0.958962 0.960854 1.01038
0.972126 0.989965 0.989817 0.969138 0.946567 1.06654
0.962581 0.968535 1.04321 0.95971 0.960274 1.01195
0.975626 0.967844 1.04448 0.969886 0.945986 1.06812
0.932664 0.971581 1.0483 0.950281 0.973981 0.957365
0.98867 0.967152 1.04575 0.970634 0.945406 1.0697
end
gesture a16 hands 2
0.993545 0.982036 1.08032 1.00846 0.948303 1.09579
0.966255 0.979914 1.06847 1.00647 0.951101 1.08035
0.95227 0.936573 1.00931 1.02929 0.970275 1.01354
0.977346 0.958744 1.01357 1.00448 0.953899 1.06491
0.974283 0.952629 1.05634 0.978214 0.954891 1.11687
1.00242 0.980915 1.01783 0.940151 0.937947 1.12559
1.00992 0.975954 0.959326 0.936781 0.930005 1.0682
1.01391 0.987877 0.969546 0.968216 0.972997 0.968705
1.01579 1.01198 0.922297 0.97023 0.960272 1.02486
1.0179 0.999801 0.979766 0.976306 0.967564 1.08174
1.01126 0.976174 1.03406 0.969266 0.958469 1.08389
0.991744 0.978065 1.037 0.963895 0.964301 1.02905
1.00977 0.975264 1.00181 0.969261 0.986734 0.975256
0.997973 0.977296 1.01216 0.982849 0.972204 0.97323
0.972227 0.979956 1.03994 0.984151 0.973837 1.08794
0.986176 0.979327 1.0225 0.951143 0.952938 1.07393
0.993153 0.979012 1.01378 0.96528 0.958011 1.07274
1.00829 0.974355 0.96956 0.937795 0.984214 0.997499
1.00013 0.978698 1.00506 0.979416 0.963084 1.07155
0.996045 0.98087 1.02281 0.97445 0.979487 1.03165
0.994005 0.981955 1.03169 0.971967 0.987689 1.01171
0.992985 0.982498 1.03613 0.970725 0.99179 1.00173
0.992475 0.982769 1.03835 0.924447 1.01549 0.921068
0.99222 0.982905 1.03946 0.969483 0.995891 0.991759
0.992092 0.982973 1.04001 1.00769 0.973229 1.06917
0.93319 0.983738 1.04582 1.01452 0.976292 1.06245
0.991965 0.983041 1.04057 0.982119 0.977098 1.01369
0.990155 0.993655 1.03939 0.949892 0.953197 1.02594
0.931149 0.984696 1.04268 0.9508 0.946881 1.0551
end
gesture a16 hands 2
1.0196 0.804472 1.14599 0.903228 0.832014 1.12686
1.00837 0.818334 1.16964 0.907941 0.837286 1.1057
1.03313 0.827588 1.13828 0.899761 0.836831 1.1405
1.0415 0.87067 1.10298 0.904942 0.843102 1.12283
1.00639 0.888551 1.0585 0.912655 0.842559 1.08454
0.982857 0.965035 1.0503 0.910123 0.849374 1.10517
0.955743 0.996906 1.02262 0.908857 0.852782 1.11549
0.959324 1.04152 1.04209 0.896294 0.841648 1.15413
0.956226 1.04032 1.04583 0.907591 0.856189 1.12581
0.954678 1.03973 1.04769 0.913239 0.863459 1.11164
0.937479 1.07635 1.0085 0.916064 0.867095 1.10456
0.9453 1.06284 1.01189 0.917476 0.868912 1.10102
0.953129 1.03913 1.04956 0.918182 0.869821 1.09925
0.95312 1.04934 1.01528 0.922081 0.853104 1.04222
0.953115 1.05445 0.998139 0.918888 0.87073 1.09748
0.953112 1.057 0.989568 0.923614 0.918357 1.10232
0.953111 1.05828 0.985283 0.9378 0.971098 1.06946
0.915635 1.11119 0.974905 0.953423 0.989653 1.01796
0.95311 1.05956 0.980998 0.951985 1.02384 1.03661
0.971848 1.03375 0.984044 0.945895 1.03351 1.04912
0.981216 1.02084 0.985568 0.964281 1.07276 1.01076
0.985901 1.01438 0.986329 0.988311 1.09379 0.961561
0.988243 1.01116 0.98671 1.01382 1.07211 0.973242
0.989414 1.00954 0.986901 1.03842 1.09441 0.946701
0.99 1.00874 0.986996 1.03932 1.05044 0.984922
0.946935 1.03673 1.05702 1.02188 1.00744 1.02009
0.990585 1.00793 0.987091 0.992583 0.968544 1.0542
1.00742 0.955619 0.98724 0.973366 0.924139 1.08312
1.04402 0.880173 1.06863 0.954878 0.902841 1.07342
end
gesture a16 hands 2
1.04133 0.807389 1.18593 0.912658 0.840335 1.15596
1.02534 0.813209 1.16152 0.919671 0.848141 1.12819
1.01872 0.830227 1.10499 0.914901 0.832149 1.10764
0.973081 0.903729 1.03052 0.923436 0.840918 1.12591
0.957104 0.95876 1.02577 0.94012 0.905268 1.07579
0.991965 0.957786 1.07325 0.936046 0.877477 1.10999
0.998223 0.999937 1.09544 0.952729 0.941828 1.05987
0.955499 1.05172 1.00264 0.94235 0.895757 1.10203
0.94124 1.02682 1.04372 0.959034 0.960107 1.05191
0.941409 1.03312 0.989135 0.945503 0.904897 1.09805
0.9695 1.00721 1.08727 0.962187 0.969247 1.04793
0.955539 1.02332 1.01091 0.947079 0.909467 1.09606
0.979771 0.954813 1.08021 0.963763 0.973817 1.04594
0.960674 0.997121 1.00738 0.947867 0.911752 1.09506
0.984906 0.928614 1.07669 0.964551 0.976102 1.04495
0.963241 0.984022 1.00562 0.948261 0.912894 1.09456
0.987473 0.915514 1.07492 0.964945 0.977244 1.04445
0.964525 0.977472 1.00474 0.931971 0.849686 1.14418
0.988757 0.908965 1.07404 0.965339 0.978387 1.04395
0.965167 0.974197 1.0043 0.97335 0.989657 1.05679
0.989399 0.90569 1.0736 0.96505 1.00268 1.06439
0.965488 0.97256 1.00408 0.967623 0.999675 1.06179
0.98972 0.904052 1.07338 0.96891 0.998173 1.0605
0.965649 0.971741 1.00396 0.991366 1.05964 0.96665
0.989881 0.903234 1.07327 0.970197 0.99667 1.0592
0.965729 0.971332 1.00391 0.967846 0.992224 1.05447
0.989961 0.902824 1.07322 0.984277 0.967829 1.01375
0.941577 1.03943 0.934549 0.957614 0.916713 1.02772
0.990041 0.902415 1.07316 0.932252 0.876667 1.06298
end
gesture a16 hands 2
1.00037 0.829951 1.21919 0.907842 0.872802 1.1573
0.99914 0.834833 1.19 0.937091 0.868131 1.16023
1.00302 0.865808 1.08414 0.899406 0.845496 1.12494
0.985749 0.902148 1.04917 0.941552 0.874467 1.13227
0.968382 0.994331 1.03106 0.937151 0.929046 1.11212
0.974367 1.02004 1.03623 0.945999 0.970619 1.07337
0.959844 1.04591 0.987355 0.990601 1.05095 1.00796
0.957321 1.05765 0.992577 0.954846 1.01219 1.03461
0.980353 1.04574 1.04141 0.968787 1.05533 0.998686
0.954798 1.0694 0.9978 0.986938 1.07349 0.947825
0.951305 1.09748 0.943649 0.971841 0.980933 1.03515
0.929242 1.09305 0.954191 0.988465 1.03629 0.966058
0.943701 1.05883 1.00008 0.973368 0.943735 1.05339
0.977136 1.01296 0.999515 0.989229 1.01769 0.975175
0.988941 0.969004 1.03525 0.974131 0.925135 1.0625
0.999755 0.968048 1.0171 0.989611 1.00839 0.979734
1.01156 0.924091 1.05284 0.974513 0.915836 1.06706
1.01107 0.945591 1.0259 0.989802 1.00374 0.982013
1.02287 0.901634 1.06164 0.974704 0.911186 1.06934
1.01672 0.934363 1.03029 0.989897 1.00142 0.983152
1.02853 0.890406 1.06603 0.9748 0.908861 1.07048
1.01955 0.928749 1.03249 0.989945 1.00026 0.983722
1.03135 0.884792 1.06823 0.974847 0.907698 1.07105
1.02096 0.925942 1.03359 0.989969 0.999674 0.984007
1.03277 0.881985 1.06933 0.974871 0.907117 1.07134
1.02167 0.924538 1.03414 0.989981 0.999384 0.98415
1.03347 0.880581 1.06988 0.974883 0.906827 1.07148
1.01057 0.967092 0.99895 1.00509 1.09165 0.896964
1.03418 0.879178 1.07043 0.974895 0.906536 1.07162
end
gesture a16 hands 2
1.04181 0.754303 1.16748 0.937485 0.795416 1.11153
1.02732 0.779768 1.16119 0.923364 0.80468 1.08704
1.0212 0.821075 1.12116 0.947467 0.820888 1.04444
0.998814 0.877164 1.06673 0.932582 0.81683 1.09876
1.00747 0.841623 1.06855 0.919275 0.851128 1.14279
0.981674 0.88194 1.044 0.923165 0.889131 1.10474
0.976429 0.933252 1.0123 0.956327 0.975242 1.04598
0.955878 0.922257 1.01946 0.951702 0.937095 1.07829
0.972591 0.931064 1.07153 0.943597 0.976426 1.0895
0.987176 0.965586 1.03862 0.958339 1.00247 1.04057
0.953099 1.02115 0.981155 0.981587 1.0484 1.01737
0.958042 1.02983 0.986287 1.00207 1.03666 0.998988
0.978909 0.993666 1.02083 0.972265 1.02472 1.03869
0.976037 1.0052 1.01434 0.968371 1.05135 0.99499
0.962984 1.03852 0.991418 1.01472 1.13614 0.942582
0.973165 1.01674 1.00785 1.02212 1.11223 0.9418
0.978256 1.00585 1.01607 1.00086 1.06837 0.971706
0.980801 1.00041 1.02017 1.01519 1.07835 0.956362
1.00472 0.966182 1.0605 0.993936 1.03449 0.986268
0.983346 0.994966 1.02428 1.01173 1.06141 0.963642
0.97287 1.0559 1.00168 0.990472 1.01755 0.993549
0.961972 1.02375 0.988064 1.01 1.05294 0.967283
0.980015 0.999745 1.0364 0.98874 1.00908 0.99719
1.01004 0.995551 1.00165 1.00913 1.0487 0.969103
1.00201 1.0325 0.957448 0.987874 1.00485 0.99901
0.98017 1.03472 0.943599 1.02952 1.08832 0.941017
0.979037 1.07592 0.926063 0.987008 1.00061 1.00083
0.95833 1.03695 0.929749 0.964079 0.949379 1.01775
0.980192 0.979721 0.988386 0.948082 0.906947 1.05407
end
gesture a16 hands 2
1.03885 0.786786 1.29228 0.911208 0.814337 1.18536
1.02832 0.776647 1.26612 0.897947 0.811127 1.21203
0.999484 0.795113 1.15325 0.867702 0.801124 1.20136
0.976652 0.870617 1.07736 0.883484 0.807163 1.14463
0.963166 0.957266 1.00359 0.950235 0.8555 1.06719
0.95382 0.94612 1.00147 0.961421 0.852744 1.11255
0.971236 0.947501 1.05672 0.961128 0.839564 1.16948
0.982212 0.985471 1.01585 0.955313 0.857694 1.22059
0.974613 1.03293 0.98577 0.955783 0.890922 1.17574
0.973902 1.02667 0.977299 0.982259 0.968021 1.09916
0.983831 0.989303 1.0233 0.97219 0.925337 1.09471
0.97659 1.02337 0.979379 0.99359 1.04912 0.989884
0.96862 1.06831 0.948567 1.00053 1.03676 0.972815
0.966701 1.08766 0.912397 0.978637 1.00608 1.01474
0.99818 1.00066 1.00015 0.97774 1.0447 0.973562
0.983949 1.02719 0.949354 0.995185 1.02846 0.975765
0.964782 1.10702 0.876227 1.03418 1.10739 0.913781
0.96725 1.08037 0.88739 1.01263 1.01221 0.977968
0.986953 0.993065 0.977743 1.01325 1.04507 0.930821
0.978335 1.02339 0.938148 1.01839 1.04346 0.901826
0.998037 0.93609 1.0285 0.977623 0.969509 0.976081
0.983877 0.994905 0.963528 1.00058 1.00568 0.924456
1.00358 0.907603 1.05388 0.95981 0.931729 0.99871
0.986648 0.980662 0.976217 0.991675 0.98679 0.935771
1.00635 0.89336 1.06657 0.950904 0.912839 1.01003
0.988034 0.97354 0.982562 0.987222 0.977345 0.941428
1.00773 0.886238 1.07292 0.94645 0.903394 1.01568
0.969718 1.05372 0.898554 1.02354 1.04185 0.872831
1.00912 0.879116 1.07926 0.941997 0.893949 1.02134
end
gesture a16 hands 2
1.00905 0.799935 1.17357 0.894926 0.738687 1.22711
1.01151 0.815887 1.14849 0.90855 0.745801 1.20216
1.00286 0.844538 1.09906 0.937029 0.774814 1.1592
0.990492 0.848377 1.10267 0.959521 0.844437 1.12031
1.00186 0.859144 1.15667 0.992985 0.947854 1.0368
1.01901 0.904235 1.14093 0.982013 0.91406 1.08142
1.00306 0.980435 1.06985 0.963943 0.941505 1.1172
0.997593 0.962065 1.06308 0.972145 0.980583 1.07449
1.01975 0.972224 1.11434 1.00131 1.02349 1.04077
1.03369 0.998141 1.06959 0.982434 0.987019 1.08124
0.991816 1.06618 0.991093 0.970779 1.02182 1.03815
0.993506 1.02341 1.02581 0.983331 1.03382 1.00962
1.00364 1.00862 1.08105 1.00185 1.101 0.968694
0.994755 1.02274 1.02714 0.995883 1.04582 0.9811
0.956641 1.08588 0.9493 0.975092 1.01618 1.02252
0.95655 0.990111 1.00638 0.948306 1.03776 1.01081
0.964278 0.986959 0.949289 0.992194 1.10907 0.932451
0.965775 0.998964 0.922201 1.00658 1.09171 0.932243
0.971546 0.892764 1.03074 0.979622 1.02369 0.960107
0.969409 0.951867 0.962926 1.00029 1.04902 0.946072
0.97518 0.845667 1.07146 0.973336 0.981 0.973935
0.971226 0.928318 0.983289 0.997148 1.02768 0.952986
0.976997 0.822118 1.09183 0.970193 0.959655 0.980849
0.972134 0.916544 0.99347 0.968622 0.948983 0.984306
0.977906 0.810343 1.10201 1.02096 1.07435 0.932036
0.972589 0.910657 0.998561 0.96705 0.938311 0.987763
0.97836 0.804456 1.1071 0.954202 0.904275 1.06739
0.967272 1.01097 0.895113 0.913141 0.802271 1.04349
0.978814 0.798569 1.11219 0.899263 0.776 1.04667
end
gesture a16 hands 2
1.0786 0.717783 1.19795 0.961706 0.731418 1.21656
1.05876 0.739669 1.19452 0.960347 0.744762 1.18993
1.038 0.768679 1.15228 0.955791 0.769257 1.15159
1.00833 0.89102 1.08995 0.958382 0.786754 1.12912
0.975911 0.966558 1.05886 0.969664 0.869532 1.10241
0.978655 1.01336 1.02763 0.965319 0.836891 1.10453
0.957758 1.03153 0.978302 0.976601 0.919669 1.07781
0.934058 1.07772 0.985361 0.968787 0.861959 1.09223
0.929021 1.09059 0.950954 0.980069 0.944737 1.06552
0.935773 1.07042 0.968523 0.970521 0.874494 1.08608
0.945581 1.04698 1.03351 0.981803 0.957272 1.05937
0.942526 1.05025 0.986091 0.971388 0.880761 1.08301
0.940998 1.05189 0.96238 0.98267 0.963539 1.05629
0.940235 1.05271 0.950525 0.971822 0.883894 1.08147
0.923984 1.10346 0.916547 0.983104 0.966672 1.05476
0.931728 1.0785 0.927608 0.972039 0.885461 1.0807
0.944062 1.0393 0.967728 0.98332 0.968239 1.05399
0.941767 1.04642 0.953199 0.983429 0.969023 1.0536
0.954102 1.00722 0.993319 0.960974 0.80425 1.10665
0.946786 1.03038 0.965994 0.983537 0.969806 1.05322
0.959121 0.991183 1.00611 0.994963 1.01682 1.02097
0.949296 1.02236 0.972392 0.993965 1.03969 1.04705
0.961631 0.983163 1.01251 0.997161 1.08465 1.0106
0.950551 1.01835 0.975591 0.989349 1.11501 0.962329
0.962886 0.979153 1.01571 0.961696 1.12423 0.977717
0.951179 1.01634 0.97719 0.975019 1.06672 0.983466
0.963514 0.977148 1.01731 0.945978 1.01601 0.981076
0.939471 1.05353 0.938669 0.905926 0.922515 1.0309
0.964141 0.975143 1.01891 0.903046 0.903454 1.05301
end
gesture a16 hands 2
1.00391 0.798047 1.20169 0.886068 0.763987 1.25202
1.00394 0.79623 1.17184 0.901407 0.766605 1.22648
0.9773 0.791747 1.1199 0.918515 0.767231 1.16994
0.98954 0.795579 1.11094 0.919731 0.844079 1.10454
0.978064 0.89263 1.05385 0.903062 0.782661 1.14081
0.972364 0.950096 1.04436 0.920947 0.920926 1.03914
0.945048 1.04187 0.983481 0.937087 0.969896 1.017
0.926456 1.09642 0.990445 0.964057 1.0189 1.00469
0.955169 1.06652 1.03205 0.976852 1.0735 0.990103
0.979853 1.05697 1.01945 0.999748 1.11117 0.952212
0.970266 1.10087 0.985353 1.02407 1.16296 0.937909
0.961053 1.1279 0.982216 1.02108 1.11365 0.9679
0.97745 1.07969 1.00552 1.02768 1.13162 0.954647
0.964645 1.11731 0.992297 1.01956 1.1262 0.949908
0.981043 1.06911 1.0156 0.996776 1.02353 0.994072
0.966441 1.11202 0.997338 1.0041 1.07216 0.96962
0.982839 1.06381 1.02064 0.981321 0.969485 1.01379
0.967339 1.10937 0.999859 0.996376 1.04514 0.979477
0.983737 1.06117 1.02316 0.973594 0.942463 1.02364
0.967788 1.10805 1.00112 0.992512 1.03163 0.984406
0.984186 1.05984 1.02442 0.969731 0.928951 1.02857
0.968013 1.10739 1.00175 0.99058 1.02487 0.98687
0.98441 1.05918 1.02505 0.967799 0.922196 1.03104
0.984523 1.05885 1.02536 0.989614 1.02149 0.988102
0.95184 1.15493 0.979078 0.966833 0.918818 1.03227
0.984635 1.05852 1.02568 0.989131 1.0198 0.988718
1.0033 0.950399 0.988198 0.96635 0.917129 1.03288
1.00161 0.90213 1.01817 1.01143 1.12079 0.945168
1.0044 0.885954 1.04237 0.965867 0.91544 1.0335
end
gesture a16 hands 2
1.01906 0.845096 1.24525 0.911459 0.822459 1.0981
1.04202 0.841933 1.22705 0.941171 0.823359 1.09687
1.05513 0.841557 1.1711 0.94994 0.819384 1.14012
1.03336 0.840384 1.11767 0.980473 0.840079 1.09453
0.990246 0.846551 1.07967 0.988334 0.891002 1.06588
0.959921 0.86805 1.05276 0.982882 0.925756 1.0207
0.969553 0.922295 1.03568 0.981849 0.97313 0.988423
0.996204 0.970032 1.05124 0.979243 1.03008 0.977112
0.97742 1.06051 0.98073 0.983168 1.08783 0.968963
0.963888 1.11378 0.970307 0.998059 1.13274 0.934356
0.975883 1.09602 1.0255 1.00165 1.18516 0.907091
0.976173 1.12791 0.992865 0.992049 1.15121 0.953045
0.962456 1.15485 0.942938 1.01846 1.1859 0.913586
0.955163 1.17979 0.929815 1.02386 1.1747 0.887841
0.979252 1.12197 0.985359 1.00246 1.10166 0.969141
0.963562 1.16334 0.951026 1.01586 1.13258 0.915619
0.98765 1.10553 1.00657 0.994457 1.05955 0.996918
0.967761 1.15513 0.961631 1.01186 1.11153 0.929507
0.991849 1.09731 1.01717 0.990456 1.03849 1.01081
0.993948 1.0932 1.02248 1.00986 1.101 0.936453
0.947871 1.20472 0.916692 0.988456 1.02796 1.01775
0.996048 1.08909 1.02778 1.00886 1.09573 0.939925
1.00767 1.03729 1.01468 0.987456 1.0227 1.02123
0.997694 1.00927 0.967011 1.02926 1.1635 0.862096
0.95306 0.979935 0.954474 0.986456 1.01743 1.0247
0.928241 0.940837 0.988299 0.966525 0.969631 1.05136
0.935179 0.893348 1.01803 0.947972 0.930337 1.01458
0.972883 0.856472 1.04336 0.954415 0.879587 1.02031
0.997458 0.839431 1.04423 0.945367 0.825477 1.08942
end
gesture a16 hands 2
0.926555 0.841805 1.10505 0.91831 0.76798 1.15665
0.942343 0.855132 1.08751 0.933472 0.777395 1.13312
0.954026 0.83609 1.11489 0.968947 0.771862 1.10875
0.958131 0.86846 1.06997 0.97901 0.826658 1.09437
0.968666 0.889008 1.05667 0.958039 0.96934 1.02701
0.973934 0.899281 1.05003 0.95702 0.995666 1.02153
0.970837 0.895374 1.09224 0.960206 0.930493 1.07142
0.974163 0.914326 1.07432 0.966348 0.961926 1.03991
0.979202 0.909555 1.04338 0.956 1.02199 1.01605
0.977488 0.933277 1.0564 0.964244 1.00767 1.01222
0.976631 0.945139 1.0629 0.9592 0.977694 1.06
0.976202 0.951069 1.06616 0.965845 0.985527 1.0342
0.975988 0.954035 1.06778 0.9608 0.955545 1.08197
0.975881 0.955517 1.0686 0.966644 0.974452 1.04519
0.983544 0.922288 1.1145 0.961599 0.944471 1.09296
0.975774 0.957 1.06941 0.967044 0.968915 1.05068
0.96842 1.00595 1.04608 0.961999 0.938934 1.09846
0.96375 1.00557 1.047 0.967244 0.966147 1.05343
0.966848 0.987284 1.06922 0.962199 0.936166 1.1012
0.962964 0.996237 1.05858 0.967344 0.964762 1.0548
0.966062 0.977952 1.08079 0.962299 0.934781 1.10258
0.95908 1.00519 1.04793 0.967394 0.96407 1.05549
0.965276 0.968619 1.09236 0.962349 0.934089 1.10326
0.978559 0.945371 1.09423 0.967419 0.963724 1.05583
0.976198 0.919912 1.05658 0.962374 0.933743 1.10361
0.975018 0.907182 1.03776 0.967432 0.963551 1.056
0.974427 0.900817 1.02834 0.962386 0.93357 1.10378
0.981704 0.912103 0.996103 0.972489 0.993359 1.0084
0.973837 0.894452 1.01893 0.962399 0.933397 1.10395
end
gesture a16 hands 2
0.983373 0.842712 1.1057 0.968457 0.823203 1.25862
0.966725 0.8296 1.12666 0.967135 0.838218 1.18704
0.978953 0.852222 1.07309 0.965398 0.860878 1.05759
0.978258 0.894842 1.04012 0.965812 0.853234 1.11545
0.972118 0.944202 1.01304 0.969395 0.870716 1.17122
0.977563 0.937461 1.00715 0.950284 0.887336 1.11945
0.984141 0.943452 1.05379 0.951725 0.980214 1.06109
0.985934 0.983401 1.04625 0.980915 0.933526 1.07524
0.979374 1.00439 1.02086 0.984095 0.963645 1.08003
0.976094 1.01488 1.00816 0.971561 0.973203 1.02448
0.973404 1.07814 0.992964 0.962593 1.04579 0.942351
0.973109 1.05175 0.994217 0.96103 1.01972 0.945552
0.973794 1.02437 1.04362 0.965226 0.974291 1.01657
0.973304 1.02487 1.01955 0.962347 0.983971 0.982661
0.973989 0.99749 1.06895 0.966543 0.938541 1.05368
0.973402 1.01143 1.03221 0.963005 0.966097 1.00122
0.974087 0.984048 1.08162 0.967201 0.920667 1.07224
0.97345 1.00471 1.03854 0.963334 0.957159 1.01049
0.974135 0.977327 1.08795 0.96753 0.911729 1.08151
0.973475 1.00135 1.04171 0.963498 0.952691 1.01513
0.97416 0.973966 1.09111 0.967694 0.907261 1.08615
0.973487 0.999668 1.04329 0.963581 0.950456 1.01745
0.974172 0.972286 1.0927 0.967777 0.905026 1.08847
0.974178 0.971446 1.09349 0.963622 0.949339 1.01861
0.972814 1.02537 0.995469 0.967818 0.903909 1.08963
0.974184 0.970606 1.09428 0.963642 0.948781 1.01919
0.983531 0.917511 1.1065 0.967838 0.903351 1.09021
0.987174 0.878035 1.06265 0.959467 0.993652 0.948752
0.981198 0.836848 1.0684 0.967859 0.902792 1.09079
end
gesture a16 hands 2
0.959212 0.818429 1.11142 0.917698 0.823017 1.09036
0.955365 0.815921 1.14066 0.896428 0.832389 1.07186
0.95782 0.838443 1.08895 0.910521 0.854848 1.02079
0.956036 0.862828 1.07254 0.938174 0.834107 1.06641
0.946651 0.934858 1.03449 0.943301 0.827404 1.12223
0.954253 0.887213 1.05612 0.94517 0.847594 1.12513
0.963874 0.893907 1.11358 0.946561 0.842353 1.17619
0.983643 0.92002 1.09122 0.947039 0.867785 1.12804
0.980506 0.948189 1.0434 0.947505 0.902624 1.08868
0.974117 0.995437 1.02688 0.955191 0.95484 1.06881
0.959311 1.02385 0.985718 0.968039 0.9523 1.03481
0.962861 0.999631 0.997681 0.977375 0.953809 1.06367
0.980743 0.944243 1.05337 0.981287 0.919733 1.07783
0.973576 0.959828 1.0315 0.983999 0.937525 1.08519
0.991462 0.90444 1.0872 0.979164 0.945233 1.05806
0.978936 0.939926 1.04842 0.982937 0.950275 1.0753
0.996821 0.884538 1.10412 0.978102 0.957982 1.04817
0.981615 0.929975 1.05688 0.986711 0.955317 1.09254
0.9995 0.874587 1.11257 0.97704 0.970732 1.03829
0.982955 0.924999 1.06111 0.96858 0.97764 1.0058
1.00084 0.869611 1.1168 0.964351 0.981094 0.989548
0.983625 0.922512 1.06322 0.962236 0.982821 0.981425
1.00151 0.867124 1.11892 0.961178 0.983684 0.977363
0.98396 0.921268 1.06428 0.96065 0.984116 0.975332
1.00185 0.86588 1.11997 0.960385 0.984332 0.974316
1.00201 0.865258 1.1205 0.960253 0.98444 0.973809
0.96641 0.975412 1.00964 0.961821 1.03708 0.953357
1.00218 0.864636 1.12103 0.960121 0.984548 0.973301
1.00285 0.836259 1.12926 0.962362 0.938785 1.04495
end
gesture a17 hands 2
0.954801 0.770826 1.15445 0.945748 0.964227 1.27255
0.970438 0.787795 1.13531 0.942631 0.961878 1.24331
1.0188 0.809678 1.12496 0.971283 0.961466 1.19272
1.05916 0.841492 1.09863 1.03128 0.98673 1.10362
1.09053 0.890748 1.09451 1.04389 1.01616 1.05372
1.11235 0.939304 1.11989 1.06644 1.02768 1.00088
1.12694 0.974671 1.156 1.03844 1.02172 0.952559
1.13328 0.999904 1.1983 0.974555 1.00543 0.868649
1.10551 0.985266 1.24058 0.92344 0.998285 0.838405
1.08272 0.95772 1.20627 0.910669 0.989151 0.784739
1.08374 0.965656 1.1498 0.921599 0.971865 0.774787
1.03078 0.985263 1.07364 0.918095 0.959376 0.801573
0.996727 1.01807 1.04591 0.936784 0.962156 0.879467
0.977817 1.00487 0.99748 0.925687 0.954521 0.853913
0.984374 0.969682 0.956732 0.944377 0.957301 0.931807
0.996827 0.944359 0.95636 0.929484 0.952094 0.880083
0.990898 0.873573 1.04524 0.948174 0.954874 0.957976
1.00009 0.896304 1.00061 0.931382 0.95088 0.893168
0.994161 0.825518 1.0895 0.950072 0.953661 0.971061
1.00172 0.872277 1.02274 0.932331 0.950273 0.89971
0.995792 0.801491 1.11162 0.951021 0.953054 0.977604
1.00254 0.860264 1.03381 0.932805 0.94997 0.902981
0.996607 0.789478 1.12269 0.951495 0.95275 0.980875
1.00294 0.854257 1.03934 0.933043 0.949818 0.904617
0.997015 0.783471 1.12822 0.951733 0.952599 0.98251
1.00315 0.851253 1.0421 0.91459 0.946886 0.828359
0.997219 0.780467 1.13098 0.95197 0.952447 0.984146
1.00928 0.919036 0.955988 0.993685 0.95646 1.11048
0.997423 0.777464 1.13375 0.98935 0.958008 1.13993
end
gesture a17 hands 2
0.858285 0.68176 0.964568 0.930028 0.991958 1.20485
0.876221 0.7018 0.952333 0.948456 0.991198 1.18131
0.914823 0.730926 0.926725 0.993929 1.01374 1.17345
0.927544 0.752715 0.927734 1.02756 1.01869 1.12618
0.953841 0.891415 0.991806 1.07115 1.05434 1.02498
0.947053 0.83296 0.960274 1.08333 1.02897 0.973131
0.97335 0.97166 1.02435 1.03949 0.977634 0.87897
0.956808 0.873083 0.976547 1.0145 0.952807 0.834298
0.983104 1.01178 1.04062 0.976096 0.937331 0.801123
0.961685 0.893143 0.984682 0.966227 0.897165 0.760844
0.987982 1.03184 1.04876 0.947616 0.863558 0.764901
0.964124 0.903173 0.988749 0.950768 0.873628 0.792031
0.99042 1.04187 1.05282 0.945345 0.911371 0.898921
0.965343 0.908188 0.990783 0.949633 0.897535 0.859041
0.99164 1.04689 1.05486 0.944209 0.935278 0.96593
0.965953 0.910695 0.9918 0.949065 0.909489 0.892546
0.992249 1.04939 1.05587 0.943642 0.947232 0.999435
0.966258 0.911949 0.992308 0.948781 0.915465 0.909298
0.992554 1.05065 1.05638 0.943358 0.953208 1.01619
0.992707 1.05127 1.05664 0.948639 0.918454 0.917674
0.940266 0.774505 0.928743 0.943216 0.956197 1.02456
0.992859 1.0519 1.05689 0.948568 0.919948 0.921862
1.00962 1.0774 1.09888 0.943145 0.957691 1.02875
1.06436 1.05935 1.11213 0.948533 0.920695 0.923956
1.12636 1.05947 1.04536 0.943109 0.958438 1.03085
1.09635 1.02477 1.01351 0.953921 0.883699 0.819161
1.04228 0.927641 1.02855 0.943074 0.959185 1.03294
1.00966 0.88094 1.02937 0.960659 0.977642 1.08518
0.937532 0.796584 0.99614 0.956679 0.985892 1.14257
end
gesture a17 hands 2
0.993358 0.699391 1.12508 0.951397 0.951409 1.16147
1.00867 0.710462 1.1018 0.94281 0.944678 1.18932
1.02679 0.7477 1.0638 0.970783 0.945175 1.13681
1.04413 0.795882 1.05964 1.13072 1.02952 0.921122
1.07289 0.880198 1.09603 1.14227 1.06109 0.877558
1.09713 0.95802 1.16826 1.12896 1.06312 0.82228
1.08186 0.916274 1.14586 1.05261 1.01295 0.755833
1.08031 0.915689 1.12419 1.02994 0.997829 0.7557
1.04955 0.985967 1.06242 0.999665 0.988285 0.922918
1.07877 0.915103 1.10252 1.00347 0.985497 0.839243
1.0452 0.946405 1.05819 0.973193 0.975952 1.00646
1.02842 0.962056 1.03602 0.990232 0.97933 0.881013
1.01724 1.05566 0.978976 0.959957 0.969786 1.04823
1.01163 0.977707 1.01386 0.983613 0.976247 0.901898
1.00883 0.93873 1.0313 0.953339 0.966702 1.06911
1.00937 0.986935 0.989158 0.980304 0.974705 0.912341
1.00742 0.919242 1.04002 0.95003 0.965161 1.07956
1.00867 0.977191 0.993518 0.97865 0.973934 0.917562
1.00672 0.909498 1.04438 0.948375 0.96439 1.08478
1.00832 0.972319 0.995698 0.947548 0.964004 1.08739
1.00637 0.904626 1.04656 1.00727 0.982708 0.755567
1.00991 1.03514 0.947017 0.946721 0.963619 1.09
1.00602 0.899754 1.04874 0.914429 0.956204 1.13904
0.989386 0.844775 1.04996 0.892772 0.943016 1.1923
0.943862 0.814911 1.03038 0.846925 0.931371 1.2213
0.895025 0.790817 1.03651 0.79724 0.932959 1.22792
0.883413 0.760214 1.08582 0.834049 0.928629 1.18997
0.915869 0.724204 1.19423 0.88525 0.933146 1.1604
0.910439 0.715344 1.13598 0.913355 0.940981 1.16584
end
gesture a17 hands 2
0.960771 0.82414 1.09315 0.933629 0.931638 1.19706
0.979044 0.824876 1.06938 0.930143 0.928831 1.16758
0.994135 0.797976 1.10924 0.949811 0.932368 1.15888
0.993291 0.811851 1.11719 0.972587 0.943807 1.10644
1.03606 0.825695 1.13334 1.02647 0.963837 1.09371
1.06483 0.882299 1.15975 1.0831 0.976929 1.08522
1.10719 0.952203 1.22854 1.13199 0.966739 1.05646
1.10039 0.945553 1.20735 1.12939 0.962202 1.00233
1.06537 0.996323 1.11918 1.10274 0.973606 0.953758
1.07948 0.967613 1.15267 1.01126 0.999813 0.88529
1.04445 1.01838 1.0645 0.956569 1.05483 0.805073
1.06902 0.978642 1.12533 0.919778 1.02602 0.816822
1.034 1.02941 1.03716 0.914571 1.00363 0.870881
1.06379 0.984157 1.11166 0.922269 0.985702 0.925821
1.02877 1.03492 1.02349 0.930472 0.972624 0.978325
1.06118 0.986915 1.10483 0.941418 0.967013 1.00497
1.02615 1.03768 1.01665 0.946404 0.953367 1.06128
1.05987 0.988293 1.10141 0.949384 0.957384 1.04645
1.02485 1.03906 1.01324 0.95437 0.943738 1.10275
1.05922 0.988983 1.0997 0.953367 0.95257 1.06719
1.02419 1.03975 1.01153 0.958353 0.938924 1.12349
1.02387 1.0401 1.01067 0.955359 0.950163 1.07756
1.09359 0.938904 1.18616 0.960345 0.936517 1.13386
1.02354 1.04044 1.00982 0.96134 0.935314 1.13905
1.00706 0.996176 0.980003 0.952364 0.961402 1.03162
0.997572 0.876708 1.10106 0.962336 0.93411 1.14423
0.973224 0.844256 1.11221 0.95831 0.932368 1.16246
0.916545 0.846968 1.10289 0.975898 0.926981 1.20118
0.942759 0.805455 1.13283 0.954285 0.930625 1.1807
end
gesture a17 hands 2
0.913671 0.747915 1.19201 0.882024 0.888322 1.20657
0.907301 0.770626 1.1735 0.905934 0.903197 1.19785
0.959424 0.753587 1.19572 1.00758 0.927648 1.14424
0.988193 0.794392 1.17949 1.06279 0.939168 1.1279
1.03321 0.886439 1.15448 1.10509 0.963892 1.09808
1.07288 0.94039 1.17439 1.16473 1.00341 1.10103
1.09176 1.02458 1.21587 1.19643 1.03018 1.1253
1.10215 1.00946 1.20508 1.2104 1.03655 1.11464
1.07108 1.03637 1.13577 1.1556 1.02468 1.05003
1.09181 1.01536 1.16503 1.18999 1.0338 1.077
1.06074 1.04227 1.09572 1.13519 1.02194 1.0124
1.08664 1.01831 1.145 1.17978 1.03243 1.05819
1.05557 1.04522 1.0757 1.12498 1.02056 0.993577
1.08405 1.01978 1.13499 1.17467 1.03174 1.04878
1.05298 1.04669 1.06568 1.11987 1.01988 0.984169
1.08276 1.02052 1.12999 1.17212 1.0314 1.04407
1.05169 1.04743 1.06068 1.11732 1.01953 0.979464
1.08212 1.02089 1.12748 1.11605 1.01936 0.977112
1.05105 1.0478 1.05817 1.22437 1.04292 1.10398
1.08179 1.02107 1.12623 1.11477 1.01919 0.97476
1.05072 1.04799 1.05692 0.980501 1.03294 0.883001
1.05056 1.04808 1.0563 0.927346 1.00784 0.875582
1.11254 0.994341 1.19429 0.90133 0.986103 0.912932
1.0504 1.04817 1.05567 0.929266 0.984217 0.965068
1.03079 1.04605 1.00628 0.95771 0.965233 1.01269
1.0118 1.00246 0.977315 0.971855 0.948937 1.06675
0.996626 0.948265 0.991409 0.975895 0.937025 1.12484
0.952597 0.816313 1.09802 0.959557 0.914645 1.17743
0.892812 0.759177 1.12661 0.960304 0.91638 1.17513
end
gesture a17 hands 2
0.870812 0.741977 1.19028 0.973143 0.910359 1.21267
0.881948 0.738374 1.19952 0.982983 0.916296 1.18529
0.903731 0.81381 1.17272 1.03629 0.936517 1.17855
0.898407 0.77429 1.19074 1.12463 0.989647 1.12388
0.92019 0.849726 1.16395 1.14649 1.0098 1.08364
0.906637 0.792248 1.18635 1.13719 1.00595 1.05655
0.92842 0.867685 1.15956 1.05986 1.0063 0.975929
0.910752 0.801227 1.18416 1.09387 1.0042 1.00269
0.932535 0.876664 1.15736 1.01654 1.00454 0.922071
0.912809 0.805717 1.18306 1.07222 1.00332 0.975765
0.934592 0.881153 1.15627 0.994886 1.00367 0.895142
0.913838 0.807962 1.18251 1.06139 1.00288 0.962301
0.935621 0.883398 1.15572 0.984057 1.00323 0.881678
0.914353 0.809084 1.18224 1.05597 1.00266 0.955569
0.936136 0.884521 1.15544 0.978642 1.00301 0.874945
0.91461 0.809645 1.1821 1.05327 1.00255 0.952203
0.936393 0.885082 1.15531 0.975935 1.0029 0.871579
0.893084 0.73477 1.20876 1.05191 1.0025 0.95052
0.93665 0.885643 1.15517 0.974582 1.00284 0.869896
0.961663 0.935585 1.17393 1.05124 1.00247 0.949678
0.989075 0.947774 1.20993 0.973905 1.00282 0.869055
0.992984 0.910437 1.17164 0.973566 1.0028 0.868634
0.946498 0.977449 1.04326 1.12789 1.0021 1.02946
0.944657 0.981936 0.989145 0.973228 1.00279 0.868213
0.970567 0.948032 0.96623 0.916462 0.999904 0.870918
0.993507 0.908294 0.999569 0.886148 1.02022 0.916326
0.99349 0.807361 1.13917 0.88995 0.942958 1.12522
0.982558 0.762088 1.17397 0.893482 0.903057 1.16942
0.969013 0.742153 1.1915 0.913917 0.883873 1.22026
end
gesture a17 hands 2
0.889373 0.686467 0.795023 0.98135 0.657838 1.15211
0.912477 0.699061 0.809321 0.988132 0.652736 1.16446
0.960486 0.732036 0.806327 1.02677 0.67556 1.08865
0.995509 0.812715 0.859677 1.01084 0.661597 1.13273
1.02138 0.864217 0.873722 1.04948 0.684422 1.05692
1.02595 0.878806 0.893375 1.0222 0.666028 1.11687
1.04267 0.911738 0.936612 1.06084 0.688852 1.04105
1.0366 0.902566 0.92482 1.02787 0.668243 1.10893
1.05331 0.935498 0.968057 1.06651 0.691068 1.03312
1.04192 0.914446 0.940543 1.03071 0.669351 1.10497
1.05864 0.947378 0.98378 1.06935 0.692175 1.02916
1.04458 0.920386 0.948404 1.03213 0.669905 1.10298
1.0613 0.953318 0.991641 1.07077 0.692729 1.02717
1.04591 0.923356 0.952334 1.03284 0.670182 1.10199
1.06263 0.956288 0.995571 1.07148 0.693006 1.02618
1.04658 0.924841 0.9543 1.0332 0.67032 1.1015
1.06329 0.957773 0.997537 1.07184 0.693145 1.02569
1.04691 0.925583 0.955282 1.03337 0.670389 1.10125
1.06363 0.958516 0.998519 1.07201 0.693214 1.02544
1.04708 0.925955 0.955774 1.0721 0.693248 1.02531
1.06379 0.958887 0.999011 0.994914 0.647634 1.17681
1.04716 0.92614 0.956019 1.07219 0.693283 1.02519
1.06388 0.959072 0.999256 1.0702 0.717497 1.02108
1.06392 0.959165 0.999379 1.06201 0.769343 1.02076
1.03053 0.893394 0.913028 1.04128 0.813648 1.01863
1.06396 0.959258 0.999502 0.99586 0.912171 1.0223
1.06386 0.983401 1.0464 0.972478 0.956824 1.00593
1.03443 1.00174 1.08277 0.95257 0.977115 0.965713
0.970635 0.968181 1.0595 1.01479 0.930917 0.977137
end
gesture a17 hands 2
0.641306 0.53886 1.21112 1.22539 0.809209 1.04823
0.659413 0.552268 1.19144 1.24908 0.817894 1.06402
0.754654 0.586013 1.18009 1.20484 0.82643 1.03168
0.846587 0.626773 1.20413 1.17493 0.840855 0.943174
0.899054 0.691673 1.2554 1.18578 0.879759 0.873499
0.918787 0.679603 1.24179 1.14503 0.855279 0.854667
0.897411 0.731632 1.18348 1.09077 0.856379 0.854119
0.917966 0.699582 1.20582 1.06554 0.866546 0.857828
0.89659 0.751611 1.14751 1.03395 0.89907 0.922886
0.917555 0.709572 1.18784 1.03713 0.887892 0.892212
0.89618 0.7616 1.12953 1.00554 0.920416 0.95727
0.91735 0.714567 1.17885 1.02293 0.898564 0.909403
0.895974 0.766595 1.12054 0.991338 0.931089 0.974462
0.917247 0.717064 1.17436 1.01582 0.903901 0.917999
0.895872 0.769093 1.11605 0.984235 0.936425 0.983058
0.917196 0.718313 1.17211 1.01227 0.906569 0.922297
0.89582 0.770341 1.1138 0.980684 0.939093 0.987356
0.91717 0.718937 1.17098 1.0105 0.907903 0.924446
0.895795 0.770966 1.11267 0.978909 0.940427 0.989505
0.917157 0.719249 1.17042 1.00961 0.90857 0.925521
0.895782 0.771278 1.11211 0.978021 0.941094 0.990579
0.917151 0.719405 1.17014 1.00917 0.908904 0.926058
0.895775 0.771434 1.11183 0.977577 0.941428 0.991116
0.895772 0.771512 1.11169 0.977355 0.941595 0.991385
0.93852 0.667533 1.22817 1.04031 0.876713 0.861537
0.895769 0.77159 1.11155 0.977133 0.941761 0.991654
0.868282 0.882242 1.0404 0.944666 0.99312 1.07705
0.853018 0.875647 0.994922 0.913956 1.00681 1.12177
0.861845 0.847782 0.988699 0.883992 0.963943 1.11351
end
gesture a17 hands 2
1.02754 0.764323 0.990904 0.979121 0.856321 1.04734
1.04559 0.811774 1.06385 0.979706 0.840216 1.0224
1.0982 0.844101 1.11819 0.977345 0.832736 0.966381
1.12353 0.882957 1.15383 0.97946 0.837007 0.965528
1.14924 0.906293 1.25632 1.05919 0.890809 0.906118
1.15891 0.902943 1.22579 1.02038 0.866044 0.935397
1.18304 0.882417 1.24136 1.10011 0.919845 0.875987
1.16857 0.899593 1.19526 1.04084 0.880562 0.920331
1.07974 0.964547 1.12245 1.12057 0.934364 0.860921
1.03484 1.01433 1.08304 1.05107 0.887821 0.912798
0.990918 1.0295 1.04963 1.1308 0.941623 0.853388
0.981368 1.00865 1.0386 1.05619 0.89145 0.909032
1.00317 0.959896 1.05625 1.13591 0.945252 0.849621
0.987496 0.973849 1.04191 1.05874 0.893265 0.907149
1.0093 0.925094 1.05955 1.13847 0.947067 0.847738
0.99056 0.956448 1.04356 1.06002 0.894173 0.906207
1.01237 0.907693 1.06121 1.13975 0.947975 0.846797
0.992092 0.947748 1.04439 0.981575 0.841278 0.964676
1.0139 0.898993 1.06203 1.14103 0.948882 0.845855
0.992858 0.943397 1.0448 1.12021 0.973267 0.803877
1.01466 0.894642 1.06245 1.07157 0.988593 0.81891
0.993241 0.941222 1.04501 1.03442 1.00205 0.855197
1.01505 0.892467 1.06265 0.989923 0.991292 0.976308
1.01524 0.89138 1.06276 0.960242 1.03561 1.09844
0.971818 0.987802 1.02757 0.945427 0.980534 1.09742
1.01543 0.890292 1.06286 0.919724 0.94192 1.06285
1.02472 0.8388 1.07118 0.89517 0.879014 0.970308
1.05452 0.7899 1.10116 0.919153 0.835373 0.98987
1.03401 0.787309 1.07951 0.944886 0.81378 1.03403
end
gesture a17 hands 2
0.917655 0.589273 1.12176 0.858118 0.906748 1.19402
0.897894 0.60093 1.10271 0.863642 0.910519 1.18066
0.918935 0.634564 1.06074 0.930649 0.944813 1.10084
0.930599 0.657678 1.04986 0.899908 0.929551 1.13407
0.967723 0.776923 1.12635 0.966915 0.963845 1.05424
0.954993 0.728858 1.08266 0.91804 0.939068 1.11077
0.982248 0.78334 1.11446 0.985047 0.973362 1.03095
0.962255 0.732066 1.07672 0.927107 0.943826 1.09912
0.989511 0.786548 1.10852 0.994114 0.97812 1.0193
0.965887 0.73367 1.07375 0.93164 0.946205 1.0933
0.993142 0.788152 1.10555 0.998647 0.980499 1.01347
0.967702 0.734472 1.07226 0.933906 0.947394 1.09039
0.994957 0.788954 1.10407 1.00091 0.981688 1.01056
0.96861 0.734873 1.07152 0.93504 0.947989 1.08893
0.995865 0.789355 1.10332 1.00205 0.982283 1.00911
0.996319 0.789555 1.10295 1.00261 0.982581 1.00838
0.942263 0.680792 1.03897 0.869166 0.91429 1.1673
0.996773 0.789756 1.10258 1.00318 0.982878 1.00765
1.01651 0.919282 1.19196 1.04571 0.973693 0.970551
1.0339 0.909001 1.17907 1.07738 0.938705 0.937462
1.04022 0.897138 1.07147 1.07653 0.884306 0.94509
1.03968 0.90003 1.0622 1.04475 0.916834 0.981607
1.05128 0.89872 1.16618 1.01544 0.966453 0.993622
1.03914 0.902923 1.05294 0.977361 1.01146 0.999162
1.06393 0.874993 0.950977 0.934016 1.03743 1.02935
1.027 0.907125 0.9397 0.893164 1.03485 1.06958
0.983205 0.933124 0.916458 0.870339 1.00156 1.10856
0.93829 0.917758 0.887723 0.868815 0.951932 1.13512
0.921815 0.893432 0.888854 0.835494 0.91196 1.1615
end
gesture a17 hands 2
1.01816 0.585282 1.07646 0.86495 0.933731 1.10224
0.989848 0.587227 1.06749 0.922014 0.955328 1.04127
0.981505 0.608739 1.02957 0.954636 0.952453 0.992511
1.00632 0.644631 0.992477 1.00226 0.952025 0.961686
1.03083 0.694483 0.980561 1.08669 0.941355 0.94199
1.04628 0.744405 0.987077 1.11456 0.940881 0.932209
1.05741 0.796052 1.00995 1.0541 0.987781 0.964975
1.10537 0.884202 1.10154 1.09826 0.964094 0.943702
1.13773 0.86552 1.08644 1.0378 1.01099 0.976467
1.13095 0.874207 1.06398 1.09011 0.975698 0.949448
1.05009 0.930086 1.03675 1.02965 1.0226 0.982213
1.08713 0.906491 1.03913 1.08604 0.981503 0.952321
1.00627 0.962369 1.0119 1.02557 1.0284 0.985086
1.06522 0.922632 1.02671 1.084 0.984406 0.953757
0.984364 0.97851 0.999476 1.02354 1.03131 0.986523
1.05427 0.930703 1.0205 1.08298 0.985857 0.954475
0.97341 0.986581 0.993265 1.02252 1.03276 0.987241
1.04879 0.934738 1.01739 1.08247 0.986583 0.954834
0.967932 0.990617 0.990159 1.02201 1.03348 0.9876
1.04605 0.936756 1.01584 1.08221 0.986946 0.955014
0.965194 0.992634 0.988606 1.02175 1.03385 0.987779
1.04468 0.937765 1.01506 1.02163 1.03403 0.987869
0.963824 0.993643 0.987829 1.14242 0.940407 0.922428
1.12417 0.882895 1.04152 1.0215 1.03421 0.987959
0.962455 0.994652 0.987053 0.972559 1.0288 1.01936
0.917035 0.998299 0.958189 0.943917 1.02981 1.07042
0.892283 0.960234 0.934381 0.933129 0.997353 1.09247
0.898645 0.902629 0.939906 0.93406 0.944792 1.11695
0.933428 0.80052 0.979056 0.903737 0.951786 1.09359
end
gesture a17 hands 2
0.915087 0.62216 1.13133 0.900991 0.961174 1.09271
0.895616 0.639529 1.11659 0.920128 0.966058 1.07029
0.945319 0.718237 1.05715 0.958564 0.966995 1.02493
0.951088 0.741586 1.05531 1.05345 0.955098 0.961184
0.971505 0.834202 1.10445 1.1047 0.938324 0.947132
0.983369 0.838353 1.10533 1.11144 0.939853 0.929258
0.956858 0.764935 1.05347 1.14369 0.922813 0.945356
0.995234 0.842504 1.1062 1.11817 0.941382 0.911384
0.99769 0.950167 1.15175 1.06907 0.966203 0.930138
1.03361 0.920072 1.15894 1.05436 0.988666 0.938309
1.0421 0.921782 1.1096 1.02606 0.992301 0.986649
1.00278 0.975051 1.02754 1.03286 1.00172 0.966565
0.98786 1.01517 0.990743 1.00456 1.00535 1.0149
0.963455 1.02832 0.945475 1.02211 1.00824 0.980693
0.941403 1.00328 0.904341 0.993808 1.01188 1.02903
0.935714 0.975653 0.901817 1.01673 1.0115 0.987757
0.940976 0.916716 0.940544 0.988432 1.01514 1.0361
0.9355 0.93237 0.919918 1.01405 1.01313 0.991289
0.940763 0.873434 0.958645 0.985744 1.01677 1.03963
0.935393 0.910729 0.928969 1.0127 1.01395 0.993055
0.940656 0.851793 0.967696 0.9844 1.01758 1.04139
0.93534 0.899909 0.933494 1.01203 1.01436 0.993937
0.940603 0.840972 0.972221 0.983728 1.01799 1.04228
0.930024 0.948025 0.899293 1.03966 1.01113 0.946481
0.940549 0.830151 0.976747 0.983056 1.0184 1.04316
0.951231 0.756912 1.01587 0.948927 0.990998 1.07488
0.951075 0.712278 1.0542 0.923515 0.95159 1.08265
0.947772 0.668412 1.09248 0.890563 0.959804 1.06862
0.927676 0.643123 1.13932 0.89676 0.988508 1.0633
end
gesture a17 hands 2
0.947325 0.792994 1.0678 1.012 0.908978 1.04058
0.968314 0.812851 1.06154 0.994505 0.925469 1.02773
1.00276 0.856565 1.07509 1.01756 0.912562 1.01159
1.02311 0.890134 1.11341 0.97701 0.941959 1.01488
1.04734 0.89745 1.1641 0.928348 0.971723 1.00852
1.04875 0.885433 1.13976 0.901149 0.986304 1.02156
1.0728 0.856985 1.16112 0.879204 1.00058 0.993555
1.06148 0.865201 1.13827 0.87395 1.00089 1.03461
1.031 0.893509 1.10547 0.871323 1.00104 1.05513
1.04058 0.883463 1.11044 0.856364 0.99655 1.04264
1.0101 0.911771 1.07764 0.870009 1.00111 1.0654
1.03013 0.892594 1.09653 0.855707 0.996588 1.04777
0.999653 0.920902 1.06372 0.869353 1.00115 1.07053
1.02491 0.89716 1.08957 0.855379 0.996607 1.05034
0.994429 0.925467 1.05677 0.869024 1.00117 1.07309
1.02229 0.899442 1.08609 0.855215 0.996617 1.05162
0.991816 0.92775 1.05329 0.86886 1.00118 1.07438
1.02099 0.900584 1.08435 0.855133 0.996622 1.05226
0.99051 0.928892 1.05155 0.868778 1.00119 1.07502
1.02034 0.901154 1.08348 0.855092 0.996624 1.05258
0.989857 0.929462 1.05068 0.868737 1.00119 1.07534
1.02001 0.90144 1.08305 0.868716 1.00119 1.0755
0.989531 0.929748 1.05024 0.841405 0.992063 1.03015
1.05016 0.873417 1.11542 0.868696 1.00119 1.07566
0.989204 0.930033 1.04981 0.904206 0.966882 1.10881
0.968394 0.907873 1.04181 0.938164 0.941194 1.10865
0.947855 0.938226 1.01475 0.945367 0.940883 1.14196
0.947584 0.885713 1.0338 0.972123 0.915506 1.10849
0.958754 0.868343 1.05534 0.997722 0.889947 1.07053
end
gesture a17 hands 2
1.00335 0.807574 1.20479 0.985852 0.902956 1.07608
0.999055 0.808401 1.19058 1.01113 0.912243 1.06395
0.958946 0.833919 1.11733 1.02438 0.934957 1.03528
0.976853 0.821574 1.14685 1.01875 0.935191 1.06124
0.961992 0.844374 1.10922 0.996126 0.938791 1.01081
0.978375 0.826802 1.14279 0.960342 0.975167 0.98127
0.963514 0.849602 1.10517 0.908769 0.996658 0.97671
0.979137 0.829415 1.14076 0.854565 1.0071 0.976968
0.964276 0.852215 1.10314 0.850028 1.02171 0.990172
0.979517 0.830722 1.13975 0.858802 1.01933 1.00858
0.964656 0.853522 1.10213 0.88539 0.992966 1.05268
0.979708 0.831376 1.13924 0.876483 1.00496 1.03984
0.964847 0.854176 1.10162 0.903071 0.978594 1.08394
0.979803 0.831702 1.13899 0.885324 0.997772 1.05546
0.964942 0.854502 1.10137 0.911911 0.971408 1.09956
0.964989 0.854666 1.10124 0.889744 0.994179 1.06328
0.994759 0.809229 1.17636 0.916332 0.967815 1.10738
0.965037 0.854829 1.10111 0.891954 0.992383 1.06718
0.914543 0.860264 1.02987 0.918542 0.966019 1.11128
0.935315 0.900429 1.02587 0.893059 0.991484 1.06914
0.97393 0.940923 1.0133 0.919647 0.96512 1.11324
1.00575 0.984503 1.03306 0.893611 0.991035 1.07011
1.02999 1.01023 1.06977 0.9202 0.964671 1.11421
1.05662 1.0082 1.11682 0.893888 0.990811 1.0706
1.07481 0.970308 1.10182 0.920476 0.964447 1.1147
1.00338 0.974148 1.03565 0.920614 0.964334 1.11495
0.972565 1.0076 0.97407 0.867576 1.01695 1.02699
0.931959 0.977988 0.969471 0.920752 0.964222 1.11519
0.928521 0.932362 1.00374 0.974983 0.946762 1.129
end
gesture a17 hands 2
0.970553 0.803819 1.14845 1.02268 0.916522 1.0711
0.957799 0.810667 1.12223 1.01751 0.918117 1.0786
0.919726 0.832809 1.08315 1.01864 0.925294 1.0313
0.885191 0.842268 1.03915 1.0116 0.92644 1.04231
0.898455 0.949429 1.01593 1.01234 0.919713 1.08609
0.925688 0.984858 1.03858 1.00457 0.927587 1.05333
0.958773 0.987451 1.07703 1.00068 0.931525 1.03694
0.973996 0.96936 1.08753 0.998742 0.933493 1.02875
0.938108 0.987954 1.01413 1.01459 0.934065 0.99149
0.963663 0.969612 1.05608 0.9968 0.935462 1.02056
0.927776 0.988205 0.982683 0.987905 0.936161 1.03509
0.958497 0.969737 1.04036 0.983458 0.93651 1.04236
0.922609 0.98833 0.966959 0.981234 0.936684 1.046
0.955914 0.9698 1.03249 0.980122 0.936772 1.04781
0.920026 0.988393 0.959096 0.979566 0.936815 1.04872
0.954622 0.969832 1.02856 0.990783 0.929859 1.07491
0.918735 0.988425 0.955165 0.979288 0.936837 1.04918
0.953976 0.969847 1.0266 0.979149 0.936848 1.0494
0.918089 0.98844 0.9532 1.002 0.922903 1.10109
0.953653 0.969855 1.02561 0.97901 0.936859 1.04963
0.917766 0.988448 0.952217 0.946348 0.972833 1.01609
0.953492 0.969859 1.02512 0.897775 0.987326 1.00014
0.917604 0.988452 0.951725 0.864989 0.998608 1.00021
0.953411 0.969861 1.02488 0.871518 0.98562 1.03539
0.917524 0.988454 0.95148 0.876916 1.01716 1.03865
0.989218 0.95127 1.09803 0.878048 0.972633 1.07057
0.917443 0.988456 0.951234 0.905851 0.954841 1.0755
0.899258 0.946443 0.934621 0.92477 0.955552 1.10191
0.908338 0.92643 0.952261 0.933654 0.937048 1.08042
end
gesture a17 hands 2
0.87424 0.654607 1.02079 0.943764 0.927839 1.08072
0.896354 0.658294 1.00107 0.969045 0.937695 1.06837
0.94733 0.651106 1.01861 1.02079 0.929736 1.07933
0.981428 0.662526 0.985781 1.02954 0.933606 1.06006
1.01747 0.693899 0.956452 0.978791 0.959199 0.994071
1.04925 0.740011 0.953709 1.00854 0.948337 1.01743
1.06402 0.779872 0.971562 0.957794 0.973931 0.951439
1.07455 0.847268 1.04556 0.998042 0.955703 0.996109
1.08032 0.839981 1.10025 0.947296 0.981297 0.930123
1.08484 0.808414 1.08307 0.992793 0.959386 0.985451
1.06797 0.831123 1.04365 0.942047 0.98498 0.919465
1.03947 0.928337 0.971395 0.990169 0.961228 0.980122
1.00713 1.01086 0.948728 0.939423 0.986822 0.914136
1.01285 0.99614 0.924448 0.988856 0.962148 0.977458
1.01097 1.02555 0.89914 0.93811 0.987742 0.911471
1.01477 1.00348 0.899654 0.9882 0.962609 0.976126
1.00091 0.968659 0.936615 0.937454 0.988203 0.910139
1.00974 0.975039 0.918391 1.03829 0.937475 1.04078
0.995883 0.940213 0.955352 0.936798 0.988663 0.908807
1.00723 0.960817 0.92776 0.885916 0.998446 0.91848
0.993369 0.925991 0.96472 0.866938 0.982629 0.971488
1.00597 0.953705 0.932444 0.885408 1.0119 1.01739
0.992111 0.918879 0.969405 0.942941 0.999195 1.05286
1.00534 0.95015 0.934786 1.02941 1.03139 1.11109
0.991483 0.915324 0.971747 1.00047 0.986487 1.08834
1.01857 0.98142 0.900168 0.977647 0.963121 1.03997
0.990854 0.911768 0.974089 0.977351 0.950671 1.04068
0.982496 0.892183 1.03043 0.961146 0.94841 0.983798
0.963138 0.842116 1.04801 0.967612 0.963124 0.927845
end
gesture a17 hands 2
0.911489 0.61256 1.18517 0.984835 0.959472 0.979912
0.947056 0.652412 1.10953 0.98548 0.967949 1.00384
0.964019 0.649784 1.06204 1 0.94359 1.06568
0.982623 0.692265 1.0339 0.986125 0.976426 1.02777
1.0038 0.740906 1.03132 0.958775 0.979516 0.977791
1.02177 0.789825 1.05599 0.939672 0.997588 1.0031
1.03026 0.823493 1.10078 0.887494 0.972581 1.00589
1.03584 0.831645 1.14946 0.920569 1.01566 1.02841
1.03971 0.792552 1.18563 0.934839 0.974845 1.03545
1.02614 0.781426 1.13753 0.97498 0.992218 1.06501
1.00024 0.87662 1.0524 0.941974 0.954437 1.03897
0.978779 0.945743 1.01506 0.978547 0.982014 1.06677
0.974349 0.971814 0.967269 0.945542 0.944233 1.04073
0.975139 0.946921 0.961683 0.980331 0.976912 1.06765
0.948624 0.886207 1.01359 0.947325 0.939131 1.04161
0.962276 0.904117 0.984846 0.981223 0.974361 1.06808
0.935761 0.843403 1.03676 0.948217 0.93658 1.04205
0.955844 0.882715 0.996427 0.981669 0.973085 1.06831
0.929329 0.822001 1.04834 0.948663 0.935305 1.04227
0.952629 0.872014 1.00222 0.981892 0.972447 1.06841
0.926114 0.8113 1.05413 0.948886 0.934667 1.04238
0.951021 0.866664 1.00511 0.982003 0.972128 1.06847
0.924506 0.805949 1.05702 0.948997 0.934348 1.04243
0.950217 0.863989 1.00656 0.982059 0.971969 1.0685
0.923702 0.803274 1.05847 0.949053 0.934188 1.04246
0.949815 0.862651 1.00728 1.01512 1.00959 1.09456
0.9233 0.801937 1.0592 0.949109 0.934029 1.04249
0.975928 0.922028 0.956097 0.915447 0.930373 0.99419
0.922898 0.800599 1.05992 0.924222 0.948145 0.948616
end
gesture a17 hands 2
0.878946 0.685028 1.16763 0.919242 0.955192 0.967865
0.885123 0.692543 1.13945 0.9087 0.940568 0.991471
0.941687 0.697515 1.0438 0.897848 0.928255 1.04812
0.959371 0.721742 0.994498 0.955814 0.924038 1.08016
0.984366 0.768663 0.968939 0.962944 0.91892 1.14257
1.00673 0.821198 0.971905 0.988362 0.91937 1.12739
1.03603 0.90858 1.03553 0.964656 0.93505 1.07562
1.04647 0.910647 1.09034 0.989218 0.927435 1.09391
1.0475 0.866645 1.11203 0.965512 0.943115 1.04215
1.01847 0.917135 1.04657 0.989646 0.931468 1.07717
1.0302 0.851843 1.06135 0.96594 0.947147 1.02541
0.98943 0.967626 0.981109 0.98986 0.933484 1.06881
0.972622 0.992569 0.933349 0.966154 0.949164 1.01704
0.969553 0.97285 0.923917 0.96626 0.950172 1.01286
0.955902 0.906751 1.01231 1.01378 0.91982 1.1122
0.961193 0.929941 0.963397 0.966367 0.95118 1.00867
0.947543 0.863841 1.05179 0.942661 0.96686 0.956911
0.957013 0.908486 0.983137 0.975896 0.99545 0.908124
0.943363 0.842387 1.07153 0.918955 0.98254 0.905148
0.954923 0.897759 0.993007 0.888762 0.96858 0.942576
0.941273 0.831659 1.0814 0.899641 0.992653 0.993512
0.953878 0.892395 0.997942 0.936004 1.02186 1.02618
0.940228 0.826296 1.08633 0.967723 0.99676 1.04039
0.953356 0.889713 1.00041 0.983583 0.98421 1.0475
0.939705 0.823614 1.0888 1.03334 1.00223 1.08218
0.953095 0.888372 1.00164 0.999443 0.97166 1.0546
0.939444 0.822273 1.09004 0.956297 0.951284 1.07943
0.966484 0.953131 0.914485 0.909187 0.947018 1.08404
0.939183 0.820932 1.09127 0.915438 0.949915 1.0254
end
gesture a17 hands 2
0.915468 0.576277 1.08993 0.936549 0.924815 1.07224
0.898924 0.576636 1.11467 0.950279 0.937565 1.04913
0.92535 0.588602 1.0709 0.981666 0.951457 1.00134
0.959813 0.595827 1.034 1.00638 0.994085 0.967917
1.00304 0.629902 1.01657 1.04622 1.00471 0.932285
1.02362 0.680211 1.017 0.997971 0.989398 0.965505
1.03447 0.766343 1.07903 0.956561 1.01654 0.995982
1.03934 0.748432 1.04823 0.942354 1.02829 1.01854
1.05019 0.834563 1.11026 0.953258 0.982832 1.03356
1.0472 0.782542 1.06385 0.940702 1.01144 1.03733
1.05805 0.868674 1.12587 0.951606 0.96598 1.05234
1.05113 0.799597 1.07166 0.939876 1.00301 1.04672
1.06198 0.885729 1.13368 0.95078 0.957554 1.06174
1.05309 0.808124 1.07556 0.939463 0.998797 1.05142
1.06395 0.894256 1.13759 0.950367 0.953341 1.06643
1.05407 0.812388 1.07751 0.939256 0.996691 1.05377
1.06493 0.89852 1.13954 0.950161 0.951234 1.06878
1.05456 0.81452 1.07849 0.939153 0.995637 1.05494
1.06542 0.900652 1.14051 0.950057 0.950181 1.06996
1.06566 0.901718 1.141 0.939102 0.995111 1.05553
1.0442 0.73052 1.01744 0.950006 0.949655 1.07054
1.06591 0.902784 1.14149 0.939076 0.994847 1.05582
1.08635 0.940196 1.17437 0.94998 0.949391 1.07084
1.0719 0.905451 1.17922 0.939063 0.994716 1.05597
1.05849 0.916574 1.1339 0.949967 0.94926 1.07098
1.01184 1.02728 1.04246 0.94996 0.949194 1.07106
0.99308 1.02893 0.995171 0.928146 1.04004 1.0411
0.982258 0.986482 0.966757 0.949954 0.949128 1.07113
0.969131 0.877346 0.992719 0.930869 0.938096 1.09082
end
gesture a17 hands 2
0.97689 0.694515 1.18507 0.974464 0.91892 1.05861
0.981481 0.722889 1.193 0.99054 0.926503 1.03459
1.02353 0.738243 1.15539 1.00812 0.952467 0.98439
1.06311 0.779447 1.14644 1.01257 0.975491 0.966107
1.1048 0.857918 1.20673 1.01855 0.997815 0.948037
1.11626 0.887657 1.25188 1.01702 0.998514 0.947824
1.11635 0.887167 1.29536 0.969586 0.993331 0.952647
1.10291 0.872763 1.27977 0.93936 1.02922 0.987844
1.07323 0.937688 1.20832 0.914958 1.02806 1.03637
1.08135 0.898023 1.23625 0.935201 1.02145 1.0532
1.05167 0.962949 1.1648 0.943104 1.01888 1.08259
1.07056 0.910653 1.21449 0.949274 1.01686 1.07631
1.04089 0.975579 1.14304 0.949563 0.987455 1.07819
1.06518 0.916968 1.20361 0.952504 1.00115 1.07411
1.0355 0.981894 1.13216 0.952793 0.971742 1.076
1.06248 0.920126 1.19817 0.954118 0.993291 1.07301
1.0328 0.985051 1.12672 0.954407 0.963885 1.0749
1.06113 0.921705 1.19545 0.954926 0.989363 1.07246
1.03146 0.98663 1.124 0.955215 0.959957 1.07435
1.06046 0.922494 1.19409 0.955329 0.987399 1.07219
1.03078 0.98742 1.12264 0.955618 0.957993 1.07407
1.03045 0.987814 1.12196 0.955531 0.986417 1.07205
1.08946 0.858358 1.26418 0.95582 0.957011 1.07394
1.03011 0.988209 1.12128 0.955632 0.985926 1.07198
0.995135 1.01958 1.02672 0.955921 0.95652 1.07387
0.976444 1.00827 0.9756 0.955972 0.956275 1.07383
0.961363 0.962549 0.946309 0.955444 1.01484 1.07003
0.957725 0.907287 0.96053 0.956022 0.956029 1.0738
0.956742 0.82179 1.03849 0.96261 0.936918 1.05196
end
gesture a17 hands 2
0.93364 0.61386 1.13465 0.952402 0.930101 1.03066
0.942996 0.622634 1.1081 0.958431 0.939521 1.02123
0.960811 0.655373 1.06447 0.954337 0.921436 1.0591
0.979762 0.702773 1.05081 0.964459 0.948942 1.0118
1.0062 0.76893 1.09732 1.00572 0.972488 0.968225
1.00245 0.759552 1.06723 1.00739 0.987345 0.956499
1.02889 0.825709 1.11374 1.01108 1.02761 0.93868
1.0138 0.787941 1.07544 1.00906 1.0022 0.944772
1.04023 0.854099 1.12195 1.00805 0.989499 0.947819
1.01947 0.802136 1.07954 1.00754 0.983147 0.949342
1.04591 0.868293 1.12605 1.04698 0.996033 0.92465
1.02231 0.809233 1.0816 1.00704 0.976795 0.950865
1.04874 0.875391 1.12811 0.956599 0.980124 0.970613
1.02373 0.812782 1.08262 0.949836 1.00978 1.00753
1.05016 0.878939 1.12913 0.934447 1.02875 0.988318
1.02444 0.814556 1.08314 0.943073 1.03943 1.04444
1.05087 0.880714 1.12965 0.961383 1.02208 1.08148
1.02479 0.815443 1.08339 0.968257 1.00094 1.07142
1.05123 0.881601 1.1299 0.989534 1.02262 1.08239
0.998713 0.750173 1.03714 0.97513 0.979803 1.06136
1.05158 0.882488 1.13016 0.967929 0.958395 1.05085
1.06194 0.884861 1.16569 0.967421 0.963551 1.07054
1.04396 0.871511 1.13482 0.964328 0.947691 1.0456
1.0029 0.948017 1.05184 0.96562 0.958199 1.06791
0.981303 1.01659 1.01724 0.962527 0.942339 1.04297
0.961844 1.02452 0.968861 0.96472 0.955523 1.06659
0.948251 0.988832 0.930317 0.961627 0.939663 1.04165
0.948304 0.93254 0.937942 0.966913 0.968707 1.09022
0.949634 0.789805 1.03051 0.960727 0.936987 1.04034
end
gesture a17 hands 2
0.914098 0.624545 1.01227 0.953504 0.965326 0.986104
0.939796 0.629162 0.997964 0.989647 0.974568 0.959866
0.986372 0.656596 0.976033 0.942794 0.955607 1.01206
1.03393 0.734436 1.01914 1.02579 0.983809 0.933628
1.02535 0.697598 0.97502 1.05091 0.975204 0.937287
1.08149 0.812276 1.06225 1.00075 0.976581 0.964638
1.09058 0.833775 1.11226 0.965656 0.981628 1.01102
1.1183 0.827294 1.1578 0.925391 0.98299 1.12274
1.15339 0.810289 1.12794 0.899534 0.990264 1.14752
1.13654 0.834853 1.08603 0.90346 0.974148 1.12577
1.06852 0.91121 1.06663 0.951235 0.978085 1.06947
1.02933 1.0142 1.04405 0.929311 0.968058 1.08675
0.979389 1.02911 1.01947 0.977085 0.971995 1.03044
0.962277 1.02023 0.999803 0.942235 0.965014 1.06723
0.960178 0.922283 0.997771 0.990013 0.968951 1.01093
0.952672 0.966811 0.988953 0.948699 0.963491 1.05747
0.950573 0.868869 0.986922 0.996476 0.967428 1.00117
0.947869 0.940105 0.983529 0.951931 0.96273 1.0526
0.945771 0.842163 0.981497 0.999708 0.966667 0.996297
0.945468 0.926751 0.980816 0.953547 0.96235 1.05016
0.943369 0.828809 0.978784 1.00132 0.966287 0.993858
0.944267 0.920075 0.97946 0.954355 0.962159 1.04894
0.942169 0.822133 0.977428 1.00213 0.966096 0.992638
0.943667 0.916736 0.978782 0.954759 0.962064 1.04833
0.941568 0.818794 0.97675 1.00254 0.966001 0.992029
0.943367 0.915067 0.978443 0.954961 0.962017 1.04802
0.941268 0.817125 0.976411 1.00274 0.965954 0.991724
0.945165 1.01134 0.980136 0.907386 0.958032 1.10402
0.940968 0.815456 0.976072 1.00294 0.965906 0.991419
end
gesture a17 hands 2
1.00666 0.569783 1.07007 0.983774 0.95583 0.980582
1.01108 0.584545 1.04442 0.985951 0.952486 1.01005
1.03264 0.621634 1.00454 0.984392 0.971944 0.953567
1.054 0.669434 0.984302 0.994206 0.969026 0.947027
1.10453 0.794394 1.04249 0.967775 0.976632 0.990068
1.12871 0.797614 1.08947 0.985897 0.97137 0.965278
1.15784 0.773932 1.08332 0.959466 0.978975 1.00832
1.13969 0.795083 1.04058 0.981743 0.972542 0.974403
1.07432 0.875782 1.03535 0.955312 0.980147 1.01744
0.97214 0.922991 1.00544 0.979666 0.973128 0.978966
0.909821 1.00465 0.99247 0.953235 0.980733 1.02201
0.88989 0.987425 0.984004 0.978628 0.973421 0.981247
0.922997 0.847245 0.996134 0.952197 0.981026 1.02429
0.896479 0.908723 0.985836 0.978108 0.973567 0.982388
0.929586 0.768543 0.997966 0.951677 0.981173 1.02543
0.899773 0.869371 0.986752 0.977849 0.97364 0.982958
0.93288 0.729191 0.998882 0.951418 0.981246 1.026
0.90142 0.849696 0.98721 0.977719 0.973677 0.983243
0.934527 0.709516 0.99934 0.951288 0.981282 1.02628
0.902243 0.839858 0.987439 0.951223 0.981301 1.02643
0.93535 0.699678 0.999569 1.00402 0.966108 0.940487
0.902655 0.834939 0.987554 0.951158 0.981319 1.02657
0.935762 0.694759 0.999683 0.936947 0.997047 1.07011
0.902861 0.832479 0.987611 0.911653 0.996818 1.13741
0.935968 0.692299 0.999741 0.922735 1.01278 1.11366
0.902964 0.83125 0.987639 0.955019 0.980093 1.08249
0.936071 0.69107 0.999769 0.985249 0.955575 1.08932
0.86996 0.9702 0.975538 0.995804 0.960639 1.03137
0.936174 0.68984 0.999798 0.985529 0.960555 1.03041
end
gesture a17 hands 2
1.00782 0.663999 1.01377 1.00743 0.97567 1.01674
1.00944 0.672344 0.985954 1.00311 0.971437 1.0304
1.0135 0.706949 0.943154 0.994488 0.983068 1.00467
1.02175 0.754196 0.924712 0.996642 0.975136 1.02436
1.03695 0.808698 0.925651 0.988017 0.986767 0.998631
1.05255 0.847876 0.941522 0.993407 0.976985 1.02134
1.07011 0.877017 0.972106 0.984782 0.988616 0.995612
1.09394 0.887487 1.01975 0.991789 0.97791 1.01983
1.12588 0.86305 1.05319 0.983164 0.989541 0.994103
1.12752 0.870413 1.02938 0.99098 0.978373 1.01908
1.05758 0.938845 1.02663 0.982355 0.990004 0.993348
1.09338 0.908311 1.01609 0.990576 0.978604 1.0187
1.02343 0.976743 1.01335 0.98195 0.990235 0.99297
1.0763 0.927259 1.00945 0.990374 0.978719 1.01851
1.00636 0.995691 1.00671 0.981748 0.99035 0.992782
1.06776 0.936734 1.00613 0.990273 0.978777 1.01842
0.997819 1.00517 1.00339 0.981647 0.990408 0.992687
1.06349 0.941471 1.00448 0.998797 0.967204 1.04405
0.993551 1.0099 1.00173 0.981546 0.990466 0.992593
1.06136 0.943839 1.00364 0.999425 1.00531 0.938736
0.991416 1.01227 1.0009 1.01133 0.978134 0.919338
0.990349 1.01346 1.00048 1.018 1.0014 0.883332
1.12917 0.877776 1.00556 1.0054 0.982292 0.916069
0.989282 1.01464 1.00007 1.02323 0.950958 0.899939
0.935138 1.02856 0.985409 0.99281 0.963185 0.948806
0.905615 0.982954 0.969318 0.956734 0.986868 0.986933
0.942366 0.807631 1.01594 0.94811 0.984337 1.04023
0.963919 0.65584 1.05223 0.960055 0.973072 1.07834
0.979117 0.632307 1.06257 0.933242 0.966002 1.0892
end
gesture a17 hands 2
0.924204 0.58346 1.01725 0.948192 0.929311 1.07394
0.929601 0.576144 1.04574 0.965946 0.934398 1.05061
0.903537 0.568835 1.09878 0.954352 0.940912 1.04811
0.916808 0.593124 1.04719 0.955051 0.952195 1.02172
0.962557 0.62203 1.03082 0.980241 0.961367 1.00024
0.998423 0.663836 1.04641 0.95575 0.963477 0.995336
1.01624 0.696093 1.11433 0.967707 0.970762 1.00002
1.0348 0.70822 1.114 0.970696 0.972583 1.00119
1.03429 0.705642 1.06199 0.986918 0.976292 0.976198
1.05335 0.720348 1.11367 0.973685 0.974404 1.00236
1.06288 0.7277 1.13952 0.976674 0.976225 1.00353
1.06765 0.731377 1.15244 0.991402 0.979023 0.977954
1.06993 0.770156 1.19783 0.978168 0.977135 1.00411
1.07241 0.735053 1.16536 1.00613 0.981822 0.952378
1.05569 0.762252 1.12245 0.979663 0.978046 1.0047
1.04807 0.779766 1.11551 0.967937 0.978946 1.06294
1.02849 0.826403 1.09753 0.958922 0.982617 1.06648
1.03447 0.811842 1.10305 0.961071 0.963317 1.08462
1.01489 0.858479 1.08506 0.949907 0.986288 1.07003
1.02767 0.82788 1.09682 0.947674 0.97122 1.08208
1.00809 0.874516 1.07883 0.946558 0.963685 1.0881
1.02427 0.835899 1.09371 0.954206 0.947688 1.1063
1.00469 0.882535 1.07572 0.945441 0.956151 1.09413
1.00299 0.886545 1.07416 0.941059 0.960382 1.08804
1.04045 0.797281 1.10858 0.938868 0.962497 1.085
1.00129 0.890554 1.0726 0.937773 0.963555 1.08347
0.987559 0.930132 1.03859 0.937225 0.964084 1.08271
0.992118 0.917471 0.988939 0.931876 0.993629 1.07712
0.976218 0.844186 1.01334 0.936677 0.964613 1.08195
end
gesture a17 hands 2
0.927279 0.59667 1.1947 0.928265 0.961259 1.09806
0.940542 0.583188 1.17192 0.927809 0.955662 1.0843
0.949385 0.579941 1.11425 0.942734 0.958821 1.05918
0.95925 0.601834 1.06224 0.935044 0.954443 1.06486
0.990126 0.642803 1.0384 0.949969 0.957602 1.03974
1.02018 0.687683 1.04342 0.938661 0.953834 1.05514
1.04065 0.735164 1.06467 0.953586 0.956993 1.03001
1.05429 0.769652 1.09187 0.94047 0.953529 1.05028
1.06893 0.795985 1.13673 0.955395 0.956688 1.02515
1.08373 0.787632 1.13087 0.927353 0.950065 1.07054
1.09799 0.783956 1.17698 0.957204 0.956383 1.02029
1.09853 0.779278 1.12501 0.974763 0.981211 0.972617
1.03997 0.863275 1.05721 0.982502 0.983743 0.977723
0.992968 0.931976 1.03559 0.986372 0.985009 0.980276
0.98141 0.947272 0.989405 0.988306 0.985642 0.981552
0.984677 0.923234 0.976776 0.989274 0.985959 0.982191
0.976336 0.867908 1.01846 0.989757 0.986117 0.98251
0.98214 0.883552 0.991302 0.989999 0.986196 0.982669
0.9738 0.828225 1.03298 0.99012 0.986235 0.982749
0.980872 0.863711 0.998565 0.99018 0.986255 0.982789
0.972531 0.808384 1.04025 1.00885 0.992632 0.927628
0.980238 0.853791 1.0022 0.990241 0.986275 0.982829
0.971897 0.798464 1.04388 0.989094 0.975645 1.0102
0.979921 0.84883 1.00401 0.971636 0.979919 1.03803
0.97158 0.793503 1.04569 0.96679 0.972959 1.06499
0.979762 0.84635 1.00492 0.969341 0.958658 1.09278
0.971421 0.791023 1.0466 0.961945 0.965999 1.09195
0.987944 0.899197 0.964147 0.938445 0.955323 1.08228
0.971263 0.788543 1.04751 0.936339 0.964933 1.05404
end
gesture a17 hands 2
0.906684 0.498686 1.20058 0.932475 0.964042 1.04655
0.925405 0.503619 1.11449 0.945993 0.962854 1.0199
0.961072 0.534803 1.08373 0.956707 0.988757 0.969245
0.977573 0.558026 1.08286 0.982018 0.988932 0.951284
1.00436 0.623021 1.11568 0.989494 0.98895 0.919572
0.999218 0.602135 1.09883 0.998412 0.989028 0.926447
1.02601 0.667129 1.13165 0.989651 0.979591 0.966326
1.01004 0.624189 1.10682 0.99849 0.984349 0.949824
1.03683 0.689184 1.13964 0.98973 0.974912 0.989703
1.01545 0.635216 1.11082 0.99853 0.982009 0.961513
1.04224 0.700211 1.14364 0.989769 0.972572 1.00139
1.01816 0.64073 1.11281 0.998549 0.980839 0.967357
1.04494 0.705724 1.14563 0.989788 0.971402 1.00724
1.01951 0.643487 1.11381 0.998559 0.980254 0.970279
1.0463 0.708481 1.14663 0.989798 0.970817 1.01016
1.02019 0.644865 1.11431 0.998564 0.979962 0.97174
1.04697 0.70986 1.14713 0.989803 0.970524 1.01162
1.04731 0.710549 1.14738 0.998567 0.979815 0.97247
0.994074 0.581249 1.08199 0.989806 0.970378 1.01235
1.04765 0.711238 1.14763 1.00733 0.989106 0.933322
1.06676 0.737834 1.18922 0.989808 0.970232 1.01308
1.09967 0.722649 1.20848 0.966631 0.981732 1.04257
1.0964 0.716076 1.15502 0.97229 0.951358 1.09285
1.07447 0.745443 1.12436 0.97347 0.957373 1.09213
1.00035 0.875364 1.06922 0.959199 0.971802 1.05593
0.982646 0.916741 1.0384 0.948803 0.968417 1.07018
0.98101 0.92896 0.987221 0.943605 0.966724 1.07731
0.990351 0.874818 0.972231 0.946136 0.955102 1.11138
0.969974 0.77885 1.02421 0.938407 0.965031 1.08443
end
gesture a17 hands 2
0.899281 0.511459 1.16291 0.984485 0.968844 1.02987
0.928425 0.512901 1.15679 0.961807 0.9617 1.01184
0.979865 0.537369 1.1492 0.959344 0.938198 1.03827
1.03511 0.592495 1.20051 0.959676 0.936647 1.03953
1.07316 0.649267 1.20401 0.954779 0.909513 1.04367
1.07597 0.629737 1.21171 0.960008 0.935095 1.04079
1.09036 0.647621 1.25181 0.96034 0.933544 1.04206
1.08457 0.628914 1.23561 0.960423 0.933156 1.04238
1.07491 0.640379 1.21414 0.955277 0.907186 1.04557
1.07684 0.625294 1.21677 0.960506 0.932768 1.04269
1.06719 0.636759 1.1953 0.960589 0.93238 1.043
1.07298 0.623483 1.20736 0.96061 0.932283 1.04308
1.06332 0.634948 1.18589 0.955402 0.906604 1.04604
1.06139 0.634043 1.18118 0.960631 0.932186 1.04316
1.07877 0.610208 1.21941 0.960651 0.932089 1.04324
1.05946 0.633138 1.17647 0.960656 0.932065 1.04326
1.03225 0.706138 1.14597 0.955433 0.906458 1.04616
1.00726 0.753264 1.11744 0.960662 0.93204 1.04328
0.999553 0.803434 1.12059 0.960667 0.932016 1.0433
0.982273 0.80039 1.08891 0.960668 0.93201 1.04331
0.973633 0.798868 1.07307 0.95544 0.906422 1.04619
0.969313 0.798107 1.06515 0.960669 0.932004 1.04331
0.967153 0.797727 1.06119 0.960671 0.931998 1.04332
0.966073 0.797536 1.05921 0.960671 0.931995 1.04332
0.965533 0.797441 1.05822 0.950214 0.880828 1.04907
0.965263 0.797394 1.05772 0.960672 0.931992 1.04332
0.98182 0.839048 1.08148 0.96526 0.991078 1.04677
0.964993 0.797346 1.05723 0.950177 0.981065 1.0662
0.956772 0.774049 1.07036 0.911323 0.970681 1.07005
end
gesture a17 hands 2
0.888462 0.588774 1.35398 0.905492 0.962223 1.10335
0.893899 0.601633 1.38049 0.922995 0.962494 1.07944
0.899711 0.591979 1.32044 0.957331 0.959272 1.03181
0.922864 0.599241 1.27327 0.968663 0.941531 1.01311
0.959887 0.635671 1.25051 0.960203 0.937832 1.0434
1.00839 0.72022 1.26109 0.974079 0.955607 1.02796
1.04386 0.720821 1.29277 0.958817 0.982971 1.02757
1.04006 0.704687 1.27189 0.973386 0.978177 1.02005
1.01566 0.776964 1.22628 0.963999 0.974096 1.04804
1.02595 0.732759 1.23864 0.975977 0.97374 1.03028
1.00156 0.805035 1.19304 0.96659 0.969659 1.05827
1.0189 0.746795 1.22202 0.977273 0.971521 1.03539
0.994506 0.819071 1.17641 0.967885 0.96744 1.06339
1.01538 0.753813 1.21371 0.97792 0.970412 1.03795
0.99098 0.826089 1.1681 0.968533 0.966331 1.06594
1.01362 0.757322 1.20956 0.978244 0.969857 1.03923
0.989218 0.829598 1.16395 0.968856 0.965777 1.06722
1.01273 0.759076 1.20748 0.978406 0.96958 1.03987
0.988336 0.831353 1.16187 0.969018 0.965499 1.06786
1.01229 0.759953 1.20644 0.978487 0.969441 1.04019
0.987896 0.83223 1.16083 0.969099 0.965361 1.06818
1.01207 0.760392 1.20592 0.978527 0.969372 1.04035
0.987675 0.832668 1.16031 0.96914 0.965291 1.06834
1.03625 0.688554 1.25101 0.978547 0.969337 1.04043
0.987455 0.833107 1.15979 0.96916 0.965257 1.06842
0.976144 0.874527 1.1307 0.96917 0.965239 1.06846
0.968822 0.874297 1.08659 0.987955 0.973383 1.01252
0.959538 0.82028 1.08447 0.96918 0.965222 1.0685
0.947473 0.751788 1.14008 0.941835 0.969791 1.12101
end
gesture a17 hands 2
0.915835 0.543871 1.30655 0.947188 0.980068 1.102
0.939558 0.54932 1.22832 0.956448 0.980391 1.08207
0.973497 0.579697 1.19619 0.941769 0.961509 1.08633
1.01605 0.647907 1.22826 0.965709 0.980713 1.06215
1.03372 0.720407 1.21389 0.961246 0.970282 1.05411
1.0586 0.716117 1.26033 0.959015 0.965067 1.05008
1.04519 0.683217 1.22877 0.936349 0.942949 1.07067
1.02447 0.70143 1.18115 0.956783 0.959852 1.04606
0.988903 0.766636 1.12266 0.98423 0.981358 1.02229
0.97112 0.799238 1.09342 0.977217 0.976755 1.02145
0.971471 0.84275 1.11011 0.97371 0.974453 1.02103
0.962404 0.837296 1.08714 0.959314 0.959043 1.0314
0.951972 0.783962 1.10228 0.952115 0.951338 1.03659
0.952654 0.807902 1.08322 0.948516 0.947485 1.03918
0.942222 0.754569 1.09836 0.946717 0.945559 1.04048
0.947779 0.793205 1.08126 0.945817 0.944596 1.04113
0.937348 0.739872 1.0964 0.925509 0.905831 1.03935
0.945342 0.785856 1.08028 0.944917 0.943633 1.04177
0.93491 0.732523 1.09542 0.970203 0.972151 1.02062
0.944123 0.782182 1.07979 0.967264 0.976793 1.03241
0.933692 0.728849 1.09493 0.967705 0.958921 1.05203
0.943514 0.780345 1.07955 0.966015 0.970178 1.04812
0.933082 0.727012 1.09468 0.966457 0.952307 1.06773
0.943209 0.779427 1.07943 0.965391 0.966871 1.05597
0.932778 0.726094 1.09456 0.965832 0.948999 1.07559
0.943057 0.778967 1.07937 0.96552 0.947346 1.07951
0.932625 0.725634 1.0945 0.964325 0.981435 1.0442
0.953336 0.831841 1.06417 0.965208 0.945692 1.08344
0.932473 0.725175 1.09444 0.941858 0.940993 1.13809
end
gesture a18 hands 2
0.904767 0.568831 1.06985 0.783028 0.693099 1.19009
1.01114 0.588575 1.17067 0.782589 0.679479 1.21649
1.02934 0.606311 1.16198 0.792197 0.628351 1.22446
1.07484 0.629747 1.14734 0.823081 0.611871 1.17867
1.11069 0.670828 1.13361 0.847891 0.627263 1.12955
1.13296 0.716907 1.14607 0.867415 0.688115 1.10983
1.10902 0.859245 1.21682 0.92319 0.74122 1.10929
1.10238 0.883883 1.21402 0.905064 0.745093 1.0997
1.06899 0.954293 1.13971 0.960839 0.798198 1.09916
1.08237 0.931406 1.17546 0.923889 0.773582 1.09464
1.04898 1.00182 1.10116 0.979663 0.826688 1.09409
1.07236 0.955168 1.15618 0.933301 0.787827 1.0921
1.03898 1.02558 1.08188 0.989076 0.840932 1.09156
1.06736 0.967049 1.14654 0.938007 0.794949 1.09084
1.03397 1.03746 1.07224 0.993782 0.848055 1.0903
1.06486 0.97299 1.14172 0.94036 0.79851 1.0902
1.03147 1.0434 1.06742 0.996135 0.851616 1.08966
1.06361 0.97596 1.13931 0.941537 0.800291 1.08989
1.03022 1.04637 1.06501 0.997311 0.853396 1.08935
1.06298 0.977445 1.13811 0.942125 0.801181 1.08973
1.0296 1.04785 1.0638 0.9979 0.854287 1.08919
1.06267 0.978187 1.13751 0.998194 0.854732 1.08911
1.02928 1.0486 1.0632 0.886939 0.748966 1.09011
1.02913 1.04897 1.0629 0.998488 0.855177 1.08903
1.09574 0.90852 1.21121 1.00134 0.937132 1.01151
1.02897 1.04934 1.0626 0.952364 0.96969 0.912734
1.01621 1.05496 1.0107 0.982637 0.983537 0.94386
1.01073 1.00405 0.987045 0.959714 0.934443 0.9643
1.00447 0.95253 1.00642 0.915453 0.873404 1.04987
end
gesture a18 hands 2
0.938368 0.631959 1.23931 0.807686 0.80461 1.40428
0.945015 0.624699 1.21145 0.820853 0.802919 1.31617
0.936745 0.62574 1.15387 0.846353 0.800056 1.26274
0.931897 0.623793 1.15677 0.836566 0.778205 1.25015
0.893553 0.627283 1.11301 0.826757 0.741597 1.29107
0.927048 0.621847 1.15967 0.843721 0.743852 1.23517
0.966294 0.626817 1.20382 0.858857 0.770405 1.19831
0.993297 0.633556 1.19354 0.887639 0.857871 1.17247
1.03914 0.663064 1.1721 0.919114 0.898021 1.15446
1.02972 0.651679 1.17768 0.940059 0.905333 1.13758
1.07557 0.681187 1.15623 0.96288 0.903207 1.05505
1.04793 0.660741 1.16975 0.961942 0.907926 1.08788
1.09378 0.690248 1.1483 0.984763 0.905801 1.00534
1.05704 0.665272 1.16578 0.972884 0.909223 1.06302
1.10288 0.694779 1.14434 0.995706 0.907097 0.98049
1.06159 0.667537 1.1638 0.978355 0.909871 1.0506
1.10744 0.697045 1.14235 1.00118 0.907746 0.968065
1.0203 0.640295 1.18326 0.981091 0.910195 1.04438
1.11199 0.69931 1.14037 1.00391 0.90807 0.961853
1.14637 0.742388 1.14269 0.982459 0.910357 1.04128
1.16805 0.784519 1.173 1.00528 0.908232 0.958746
1.16433 0.830006 1.20576 0.983143 0.910438 1.03972
1.14582 0.87777 1.21877 1.00597 0.908313 0.957193
1.12863 0.930214 1.20468 0.961004 0.912645 1.1207
1.09821 1.00075 1.15331 1.00665 0.908394 0.95564
1.08174 1.03657 1.11542 0.991549 0.919673 0.901249
1.07167 1.05667 1.06999 0.942818 0.900949 0.878893
1.06191 1.03274 1.02976 0.905212 0.863231 0.904091
1.05421 1.00626 1.0325 0.875133 0.826752 1.04113
end
gesture a18 hands 2
0.950384 0.795123 1.15195 0.872011 0.769618 1.2738
0.967215 0.786325 1.14467 0.862594 0.772125 1.24566
0.963647 0.79492 1.17876 0.889663 0.77645 1.17389
0.984046 0.777526 1.13738 0.883379 0.761784 1.19685
0.945704 0.778185 1.09461 0.881039 0.766081 1.14353
0.918891 0.784767 1.08554 0.879067 0.7566 1.18166
0.953297 0.782874 1.09883 0.876728 0.760896 1.12836
0.922688 0.787112 1.08765 0.876911 0.754008 1.17408
0.957093 0.785219 1.10094 0.874572 0.758304 1.12077
0.958991 0.786391 1.10199 0.875833 0.752712 1.17028
0.892079 0.791349 1.07647 0.873494 0.757008 1.11697
0.96089 0.787564 1.10304 0.875294 0.752064 1.16839
0.982105 0.769747 1.14595 0.872955 0.75636 1.11508
1.0297 0.783778 1.12962 0.877095 0.747119 1.2198
1.07478 0.813164 1.10759 0.872416 0.755712 1.11318
1.12348 0.872855 1.13179 0.889652 0.79256 1.07683
1.15075 0.895268 1.12297 0.917921 0.869355 1.06465
1.17218 0.932547 1.156 0.943298 0.919302 1.06122
1.15856 1.01561 1.2051 1.00677 0.994037 1.0291
1.14185 1.06755 1.19955 1.02137 1.01805 0.983306
1.12494 1.09101 1.16652 1.01346 1.02231 0.926912
1.1039 1.09415 1.1289 0.974894 1.00341 0.901609
1.07071 1.06192 1.06413 0.933367 0.963351 0.908635
1.04991 1.07079 1.03259 0.914244 0.918342 0.935563
1.03752 1.0297 0.999363 0.90178 0.860847 1.00171
1.03514 0.974396 1.00964 0.906639 0.820447 1.07608
1.00473 0.878765 1.05142 0.889315 0.803351 1.06786
1.00882 0.829428 1.10075 0.92437 0.813333 1.02192
0.974311 0.783133 1.0932 0.950164 0.812426 1.05069
end
gesture a18 hands 2
0.973706 0.660326 1.14049 0.947996 0.75253 1.24232
0.967009 0.655612 1.16905 0.973901 0.73944 1.2357
0.997171 0.654745 1.21592 0.983931 0.744089 1.17791
1.04479 0.649772 1.19347 0.991476 0.769664 1.12828
1.08264 0.684367 1.17113 1.00433 0.858921 1.0799
1.11123 0.727757 1.17659 1.0418 0.960867 1.04838
1.10848 0.865994 1.21307 1.04556 1.00163 1.01078
1.06712 0.929216 1.13163 1.03433 1.01425 0.988361
1.10002 0.908989 1.19256 0.984092 1.00644 0.962083
1.02577 0.992438 1.05019 1.0036 1.01665 0.964013
1.00476 0.984659 0.998492 0.953358 1.00885 0.937734
1.00241 0.957361 0.991304 0.988229 1.01786 0.951838
1.0105 0.844997 1.07869 0.937991 1.01006 0.925559
1.00528 0.88753 1.0314 0.980546 1.01846 0.945751
1.01337 0.775165 1.11879 0.930308 1.01066 0.919472
1.00672 0.852614 1.05145 0.976704 1.01876 0.942708
1.01481 0.74025 1.13883 0.926466 1.01096 0.916429
1.00743 0.835156 1.06147 0.974783 1.01891 0.941186
1.01552 0.722792 1.14886 0.924545 1.01111 0.914907
1.00779 0.826427 1.06649 0.923584 1.01118 0.914146
1.01588 0.714063 1.15387 1.0231 1.02686 0.965943
1.00797 0.822063 1.06899 0.922624 1.01126 0.913385
1.01606 0.709698 1.15637 0.881143 0.970408 0.919349
1.00806 0.819881 1.07025 0.856946 0.919127 0.934699
1.01615 0.707516 1.15763 0.860598 0.888916 0.982471
1.00811 0.81879 1.07087 0.888812 0.844251 1.08564
1.0162 0.706425 1.15825 0.919909 0.801917 1.13497
1.00006 0.930063 0.984116 0.932685 0.778903 1.1712
1.01624 0.705334 1.15888 0.951005 0.759584 1.18431
end
gesture a18 hands 2
1.06082 0.643628 1.238 0.962739 0.762811 1.25293
1.05455 0.649835 1.26658 0.971048 0.765024 1.22434
1.05415 0.641813 1.26813 0.982889 0.793684 1.17773
1.13757 0.720015 1.27043 1.01368 0.879167 1.12703
1.14849 0.770408 1.27727 1.02866 0.928299 1.11647
1.14054 0.81637 1.27624 1.04446 0.96465 1.07633
1.11186 0.849497 1.22309 1.02979 0.987414 1.02662
1.12222 0.855915 1.24915 0.999321 1.00101 0.980396
1.09354 0.889041 1.19601 0.899227 0.980784 0.929337
1.11306 0.875687 1.23561 0.879883 0.960569 0.924528
1.08438 0.908814 1.18246 0.897298 0.891919 1.02676
1.10848 0.885573 1.22884 0.878918 0.916137 0.97324
1.0798 0.9187 1.17569 0.896334 0.847487 1.07547
1.10619 0.890516 1.22545 0.878436 0.89392 0.997595
1.07751 0.923643 1.17231 0.895852 0.825271 1.09982
1.10505 0.892988 1.22376 0.878195 0.882812 1.00977
1.07636 0.926114 1.17061 0.895611 0.814163 1.112
1.10448 0.894224 1.22291 0.878075 0.877258 1.01586
1.07579 0.92735 1.16977 0.895491 0.808609 1.11809
1.10419 0.894842 1.22249 0.878014 0.874481 1.01891
1.07551 0.927968 1.16934 0.89543 0.805832 1.12114
1.07536 0.928277 1.16913 0.877984 0.873093 1.02043
1.13259 0.862333 1.27521 0.8954 0.804443 1.12266
1.07522 0.928586 1.16892 0.877969 0.872399 1.02119
1.0509 0.943334 1.12631 0.895385 0.803749 1.12342
1.02777 0.93383 1.07569 0.877962 0.872052 1.02157
1.01586 0.886762 1.06003 0.895378 0.803402 1.1238
1.01595 0.789913 1.12305 0.860538 0.940354 0.91972
1.0248 0.766243 1.13772 0.89537 0.803055 1.12418
end
gesture a18 hands 2
1.02256 0.676875 1.18669 0.886406 0.734937 1.23795
1.00133 0.676377 1.20757 0.877842 0.72648 1.26513
1.00303 0.67609 1.26066 0.878125 0.713638 1.3229
1.04688 0.686453 1.29526 0.908329 0.714227 1.27333
1.09011 0.716068 1.31195 0.93137 0.736233 1.22985
1.11238 0.764804 1.32461 0.949572 0.776897 1.19964
1.11005 0.86759 1.32129 0.961702 0.813315 1.18541
1.1057 0.885054 1.30701 1.00383 0.902669 1.13495
1.07651 0.917718 1.24725 0.966651 0.989697 1.00245
1.08893 0.910118 1.26999 0.936454 0.975759 0.969346
1.05975 0.942781 1.21022 0.894329 1.00788 0.909966
1.08055 0.92265 1.25148 0.900293 0.98485 0.923105
1.05136 0.955313 1.19171 0.904047 0.93179 0.990449
1.07636 0.928916 1.24222 0.905152 0.946805 0.963346
1.04717 0.961579 1.18246 0.908907 0.893742 1.03069
1.07426 0.932049 1.23759 0.907582 0.927781 0.983466
1.04508 0.964712 1.17783 0.911336 0.874718 1.05081
1.07321 0.933615 1.23528 0.908797 0.918269 0.993526
1.04403 0.966279 1.17551 0.912551 0.865206 1.06087
1.0435 0.967062 1.17436 0.909405 0.913513 0.998556
1.10135 0.902518 1.29273 0.913159 0.86045 1.0659
1.04298 0.967845 1.1732 0.909708 0.911135 1.00107
1.02777 0.983281 1.12784 0.913462 0.858072 1.06841
1.02166 0.967303 1.08025 0.90986 0.909946 1.00233
1.02616 0.911019 1.07191 0.913614 0.856883 1.06967
1.02984 0.822834 1.14462 0.906258 0.96182 0.936243
1.03806 0.766673 1.14917 0.913766 0.855694 1.07093
1.02473 0.737479 1.10275 0.931126 0.773694 1.15388
0.990161 0.727318 1.05698 0.921274 0.749568 1.20562
end
gesture a18 hands 2
1.0886 0.785273 1.11996 0.873721 0.734888 1.2689
1.16257 0.77722 1.16884 0.846325 0.725057 1.27547
1.21582 0.751374 1.17075 0.944141 0.74341 1.21348
1.26338 0.771513 1.17864 0.954656 0.702662 1.18543
1.27657 0.784888 1.13116 0.969684 0.696927 1.1311
1.30673 0.831432 1.11336 0.971637 0.708362 1.10981
1.30508 0.936017 1.14284 0.977015 0.791468 1.06754
1.29181 0.987535 1.14615 0.975303 0.755632 1.07803
1.27761 1.02838 1.12814 0.980681 0.838739 1.03576
1.26146 1.03506 1.11068 0.977136 0.779267 1.06213
1.21249 1.01824 1.10487 0.982514 0.862374 1.01987
1.2289 1.02998 1.09905 0.978053 0.791085 1.05419
1.17993 1.01318 1.09323 0.983431 0.874191 1.01192
1.21262 1.02745 1.09323 0.978511 0.796994 1.05022
1.16365 1.01064 1.08741 0.983889 0.8801 1.00795
1.20448 1.02619 1.09032 0.97874 0.799948 1.04823
1.15551 1.00938 1.0845 0.984118 0.883055 1.00597
1.20041 1.02555 1.08887 0.984232 0.884532 1.00497
1.15144 1.00874 1.08305 0.973591 0.719796 1.08851
1.19837 1.02524 1.08814 0.984347 0.886009 1.00398
1.14941 1.00843 1.08232 0.968456 0.895115 0.957418
1.19736 1.02508 1.08777 0.926157 0.873081 0.980941
1.14839 1.00827 1.08195 0.91362 0.877285 1.03722
1.24531 1.04173 1.09323 0.936972 0.860326 1.08713
1.14737 1.00811 1.08159 0.9392 0.802777 1.09621
1.10111 0.98547 1.06112 0.945669 0.779231 1.1243
1.00902 0.975105 1.01812 0.958945 0.773135 1.18086
0.956345 0.960986 1.00238 0.960368 0.878518 1.15444
0.910787 0.928984 1.0183 1.06418 0.837176 1.15128
end
gesture a18 hands 2
0.854711 1.24681 0.59665 0.661171 0.856111 1.08418
0.863384 1.24255 0.607504 0.681984 0.898603 1.03686
0.876924 1.18589 0.692005 0.665936 0.912653 1.01978
0.874491 1.21209 0.655182 0.684366 0.926874 1.00466
0.88803 1.15543 0.739682 0.761085 0.904137 1.06224
0.880044 1.19686 0.67902 0.731941 0.922616 1.02589
0.893583 1.1402 0.76352 0.80866 0.89988 1.08347
0.88282 1.18924 0.69094 0.755728 0.920487 1.03651
0.896359 1.13258 0.77544 0.832447 0.897751 1.09408
0.884209 1.18543 0.696899 0.767622 0.919423 1.04182
0.897748 1.12878 0.781399 0.84434 0.896686 1.09939
0.884903 1.18353 0.699879 0.773569 0.918891 1.04447
0.898442 1.12687 0.784379 0.850287 0.896154 1.10205
0.88525 1.18258 0.701369 0.776542 0.918625 1.0458
0.898789 1.12592 0.785869 0.853261 0.895888 1.10337
0.885423 1.1821 0.702114 0.778029 0.918492 1.04646
0.898962 1.12545 0.786614 0.854747 0.895755 1.10404
0.88551 1.18186 0.702487 0.778772 0.918425 1.04679
0.899049 1.12521 0.786987 0.855491 0.895689 1.10437
0.885554 1.18174 0.702673 0.779144 0.918392 1.04696
0.899093 1.12509 0.787173 0.855862 0.895655 1.10453
0.885575 1.18168 0.702766 0.77933 0.918375 1.04704
0.899114 1.12503 0.787266 0.856048 0.895639 1.10462
0.885586 1.18165 0.702812 0.779423 0.918367 1.04708
0.899125 1.125 0.787312 0.856141 0.89563 1.10466
0.899131 1.12498 0.787336 0.779469 0.918363 1.0471
0.872058 1.23828 0.618359 0.856188 0.895626 1.10468
0.899136 1.12497 0.787359 0.702797 0.941095 0.989545
0.905823 1.07845 0.856766 0.856234 0.895622 1.1047
end
gesture a18 hands 2
1.10922 0.806267 1.2371 0.952063 0.71868 1.20962
1.12305 0.812695 1.26264 0.952807 0.716958 1.18082
1.17649 0.819754 1.2653 0.956925 0.738006 1.13266
1.2031 0.835763 1.21793 0.964687 0.812532 1.0801
1.21994 0.882723 1.19066 0.966582 0.85699 1.06939
1.24621 0.929937 1.18705 0.97245 0.887059 1.02754
1.24901 0.986552 1.19439 0.966236 0.877896 1.00286
1.2386 1.0356 1.19243 0.930019 0.856133 1.03773
1.22611 1.07121 1.16812 0.933554 0.850849 1.03693
1.19288 1.07563 1.1349 0.946788 0.859791 1.00755
1.10258 1.02138 1.12136 0.935321 0.848207 1.03653
1.01542 0.977636 1.10601 0.936205 0.846886 1.03633
0.958621 0.981652 1.01986 0.960022 0.868733 0.978178
0.977538 1.0093 0.989167 0.937089 0.845564 1.03612
1.05061 0.899108 1.08929 0.887588 0.825207 1.04793
1.02353 0.968024 1.02388 0.914156 0.822396 1.09407
1.0966 0.857836 1.12401 0.949337 0.785502 1.11767
1.04653 0.947388 1.04124 1.04118 0.832222 1.14461
1.1196 0.837201 1.14137 1.09639 0.89414 1.20702
1.05803 0.93707 1.04992 1.07982 0.9328 1.21387
1.13109 0.826883 1.15004 1.04482 0.9543 1.19787
1.06377 0.931911 1.05426 0.99455 0.935704 1.14215
1.13684 0.821724 1.15438 0.960933 0.948148 1.12962
1.06665 0.929332 1.05643 0.944279 0.917109 1.08643
1.13972 0.819144 1.15655 0.942496 0.861704 1.09288
1.14115 0.817855 1.15764 0.958709 0.785931 1.12195
0.996455 1.03694 0.958473 0.946451 0.757921 1.14121
1.14259 0.816565 1.15872 0.974921 0.710159 1.15101
1.13976 0.797463 1.18138 0.999714 0.714182 1.13467
end
gesture a18 hands 2
1.00661 0.667514 0.993589 0.942271 0.629649 1.21017
0.989592 0.682175 0.974023 0.935584 0.605214 1.22556
1.02508 0.672073 1.01501 0.934573 0.605856 1.16724
1.07945 0.67963 1.0363 0.93577 0.640707 1.13082
1.10539 0.695779 1.05092 0.947416 0.767457 1.09011
1.12664 0.692078 1.05192 0.951864 0.809098 1.05904
1.1652 0.697103 1.09585 0.94817 0.825817 1.00855
1.19045 0.711529 1.14124 0.91143 0.811622 0.96578
1.21035 0.738502 1.18977 0.871408 0.785876 0.98916
1.21338 0.772412 1.21792 0.857775 0.774202 1.04297
1.20837 0.823688 1.21616 0.866492 0.775765 1.0994
1.09066 0.915243 1.11475 0.882635 0.811105 1.13645
0.987469 1.0351 1.06157 0.917323 0.85204 1.13139
0.980205 1.02095 1.03745 0.929632 0.90416 1.12212
0.988596 0.923151 1.0427 0.994308 0.994092 1.10023
0.980769 0.964976 1.02802 0.999624 0.970733 1.09897
0.98916 0.867176 1.03327 0.978163 0.862468 1.12242
0.98105 0.936988 1.0233 0.991552 0.904921 1.11006
0.989441 0.839188 1.02855 0.970091 0.796657 1.13352
0.981191 0.922994 1.02095 0.987515 0.872015 1.11561
0.989582 0.825194 1.0262 0.966054 0.763751 1.13906
0.981262 0.915997 1.01977 0.985497 0.855562 1.11839
0.989653 0.818197 1.02502 0.964036 0.747298 1.14184
0.981297 0.912498 1.01918 0.984488 0.847336 1.11977
0.989688 0.814698 1.02443 0.963027 0.739071 1.14322
0.981314 0.910749 1.01888 0.983984 0.843223 1.12047
0.989705 0.812949 1.02413 0.962523 0.734958 1.14392
0.972941 1.0068 1.01334 1.00494 0.947374 1.09771
0.989723 0.8112 1.02384 0.962018 0.730845 1.14461
end
gesture a18 hands 2
1.05188 0.787512 1.0701 1.01079 0.813638 1.06127
1.02753 0.789966 1.05293 0.981876 0.777479 1.13714
1.02476 0.786813 1.05363 0.992862 0.762414 1.19022
1.02912 0.789154 1.05099 0.991083 0.742515 1.14072
1.06425 0.781131 1.05597 0.987385 0.770596 1.09871
1.11229 0.798143 1.02831 0.993642 0.903221 1.03764
1.15861 0.828425 1.0076 0.994395 0.943524 1.00082
1.20248 0.855898 1.11125 0.977943 0.946138 0.949567
1.24581 0.841347 1.19098 0.939591 0.907728 0.931673
1.24634 0.883372 1.2149 0.905175 0.878262 0.959583
1.23941 0.932837 1.21711 0.902982 0.868317 1.01666
1.22114 0.971632 1.19765 0.919808 0.836312 1.14624
1.18359 0.980418 1.16557 0.960553 0.822344 1.23078
1.13282 0.971941 1.12938 0.936635 0.804308 1.27583
1.0976 0.956294 1.11503 0.905759 0.841618 1.247
1.08983 0.959879 1.10411 0.89904 0.833485 1.22188
1.05461 0.944231 1.08976 0.936494 0.825231 1.15995
1.06834 0.953847 1.09147 0.914407 0.825291 1.17835
1.03312 0.9382 1.07713 0.951862 0.817038 1.11643
1.05759 0.950832 1.08516 0.922091 0.821195 1.15659
1.02237 0.935185 1.07081 0.959545 0.812942 1.09466
1.05221 0.949324 1.082 0.925933 0.819146 1.14571
1.01699 0.933677 1.06765 0.963387 0.810893 1.08378
1.08206 0.963464 1.09318 0.927854 0.818122 1.14027
1.01162 0.932169 1.06449 0.965308 0.809869 1.07834
0.980526 0.946509 1.0208 0.928815 0.81761 1.13755
0.966788 0.954504 0.966125 0.966269 0.809357 1.07562
0.986356 0.907675 0.961342 0.892321 0.825351 1.19676
1.00475 0.869844 1.00267 0.967229 0.808845 1.0729
end
gesture a18 hands 2
1.04129 0.789338 1.07504 0.96038 0.737041 1.10191
1.09651 0.783555 1.1202 0.956047 0.729679 1.18864
1.11886 0.818452 1.09569 0.957837 0.700999 1.14923
1.15173 0.777772 1.16536 0.966428 0.795417 1.08632
1.19275 0.787694 1.20549 0.956232 0.72194 1.10023
1.22052 0.808575 1.25112 0.975018 0.889835 1.02342
1.23968 0.889213 1.29719 0.975122 0.899164 0.966275
1.23387 0.941873 1.28793 0.948633 0.860146 0.949423
1.21183 0.974279 1.26146 0.919534 0.803296 1.04493
1.19371 0.976432 1.24534 0.923483 0.795027 1.10156
1.15304 0.953547 1.18985 0.944519 0.824134 1.14731
1.16431 0.966066 1.20954 0.968912 0.908762 1.21975
1.12364 0.943181 1.15404 0.972761 0.946662 1.26451
1.14961 0.960883 1.19163 0.959213 0.948341 1.26972
1.10895 0.937998 1.13614 0.971877 0.865829 1.17276
1.14226 0.958292 1.18268 0.958772 0.907925 1.22384
1.1016 0.935407 1.12719 0.971436 0.825413 1.12688
1.13859 0.956996 1.17821 0.958551 0.887716 1.2009
1.09792 0.934111 1.12272 0.971215 0.805204 1.10394
1.13675 0.956348 1.17597 0.95844 0.877612 1.18943
1.09609 0.933463 1.12048 0.971104 0.7951 1.09247
1.13583 0.956024 1.17485 0.958385 0.87256 1.18369
1.09517 0.933139 1.11936 0.971049 0.790048 1.08673
1.17558 0.978585 1.22922 0.958358 0.870034 1.18083
1.09425 0.932815 1.11824 0.971022 0.787522 1.08387
1.05358 0.90993 1.06275 0.958344 0.868771 1.17939
0.988315 0.935664 1.01326 0.971008 0.786259 1.08243
1.01291 0.887045 1.00726 0.945666 0.95002 1.27492
1.05546 0.818273 1.04386 0.970994 0.784996 1.081
end
gesture a18 hands 2
1.06933 0.70405 1.14446 0.943578 0.86448 1.15618
1.07386 0.708951 1.12394 0.933916 0.852119 1.13099
1.09555 0.702502 1.15884 0.921412 0.860016 1.10773
1.07839 0.713853 1.10343 0.938713 0.840723 1.10822
1.03212 0.728406 1.07835 0.955683 0.846241 1.05591
0.989933 0.736918 1.04029 0.981898 0.935103 0.998418
0.970781 0.767894 1.02744 0.988769 0.967206 0.960798
0.98485 0.815283 1.04007 0.970107 0.950837 0.952695
0.984186 0.905459 1.10016 0.974353 0.971257 0.910319
0.983762 0.932619 1.10069 0.9629 0.952863 0.927455
0.966041 0.951542 1.05947 0.951405 0.940267 0.97661
0.974689 0.955661 1.08034 0.951425 0.937368 0.9606
0.956968 0.974584 1.03912 0.93993 0.924772 1.00976
0.970153 0.967182 1.07017 0.945688 0.929621 0.977173
0.952432 0.986104 1.02895 0.934193 0.917025 1.02633
0.967885 0.972942 1.06508 0.94282 0.925747 0.985459
0.950164 0.991865 1.02386 0.931325 0.913151 1.03461
0.966751 0.975822 1.06254 0.92989 0.911214 1.03876
0.94903 0.994745 1.02132 0.951446 0.934469 0.944591
0.966184 0.977262 1.06127 0.928456 0.909277 1.0429
0.948463 0.996185 1.02005 0.925529 0.905074 1.06914
0.9659 0.977982 1.06063 0.939061 0.898772 1.10509
0.948179 0.996905 1.01941 0.922603 0.900871 1.09539
0.983338 0.95978 1.10121 0.914373 0.901921 1.09053
0.947896 0.997625 1.01878 0.910259 0.902445 1.08811
0.933254 1.05457 0.981929 0.905466 0.884086 1.14121
0.912453 1.03547 0.936347 0.926514 0.890049 1.11426
0.925012 0.982704 0.950649 0.906144 0.90297 1.08568
0.9703 0.909535 1.02669 0.947562 0.896011 1.08732
end
gesture a18 hands 2
1.06045 0.692945 1.19504 0.956291 0.875044 1.15124
1.05356 0.690656 1.16611 0.950181 0.846313 1.14677
1.02749 0.687321 1.11269 0.95197 0.842127 1.20571
1.02729 0.702787 1.09818 0.94828 0.836767 1.17832
1.04796 0.749411 1.07576 0.964532 0.890823 1.12271
1.04626 0.845801 1.11285 0.954561 0.861115 1.13682
1.03701 0.897903 1.12507 0.970814 0.915172 1.08121
1.02696 0.946983 1.10993 0.957701 0.873289 1.11607
0.956932 1.01793 0.984749 0.973954 0.927346 1.06046
0.947309 1.00035 0.96828 0.959272 0.879376 1.1057
0.982825 0.929338 1.02591 0.975525 0.933433 1.05009
0.960255 0.956051 0.988861 0.960057 0.88242 1.10051
0.995772 0.88504 1.04649 0.97631 0.936476 1.0449
0.966729 0.933903 0.999151 0.960449 0.883942 1.09791
1.00225 0.862891 1.05678 0.976702 0.937998 1.0423
0.969966 0.922828 1.0043 0.960646 0.884703 1.09662
1.00548 0.851816 1.06192 0.976899 0.938759 1.04101
0.971584 0.917291 1.00687 0.976997 0.93914 1.04036
1.0071 0.846279 1.0645 0.944589 0.831407 1.15093
0.972393 0.914522 1.00815 0.977095 0.93952 1.03971
1.00791 0.843511 1.06578 0.967519 0.958785 0.989237
0.972798 0.913138 1.0088 0.93528 0.949692 0.987722
1.00832 0.842126 1.06643 0.919226 0.931208 1.04004
0.973 0.912446 1.00912 0.935692 0.901505 1.12411
1.00852 0.841434 1.06675 0.938793 0.874985 1.20173
0.973101 0.9121 1.00928 0.952158 0.871803 1.20819
1.00862 0.841088 1.06691 0.916396 0.895552 1.10147
0.937685 0.982765 0.951812 0.928546 0.90114 1.04419
1.00872 0.840742 1.06707 0.948406 0.886043 1.04255
end
gesture a18 hands 2
1.05226 0.73054 1.16005 0.959814 0.869999 1.0539
1.04788 0.719241 1.13266 0.932726 0.860098 1.05995
1.03602 0.752087 1.10178 0.94157 0.850548 1.05962
1.04958 0.803406 1.10157 0.955086 0.885351 1.02271
1.05028 0.851875 1.12213 0.968714 0.932372 0.996046
1.04429 0.904584 1.14164 0.950264 0.938961 0.97476
1.03866 0.954631 1.13525 0.974077 0.963277 0.950776
0.983419 0.9512 1.0423 0.931813 0.94555 0.953474
0.932451 0.994138 0.953709 0.917403 0.929609 1.00725
0.930313 0.970953 0.951533 0.925284 0.910968 1.0545
0.967971 0.893879 1.02571 0.94147 0.899504 1.08529
0.948073 0.920824 0.987534 0.933166 0.892327 1.10174
0.985731 0.84375 1.06172 0.929015 0.888739 1.10996
0.956952 0.895759 1.00554 0.916003 0.901203 1.0855
0.99461 0.818685 1.07972 0.926939 0.886945 1.11407
0.961392 0.883227 1.01454 0.914965 0.900306 1.08755
0.99905 0.806152 1.08872 0.925901 0.886048 1.11613
0.963612 0.876961 1.01904 0.902992 0.913668 1.06103
1.00127 0.799886 1.09322 0.924863 0.88515 1.11819
0.964722 0.873828 1.02129 0.935798 0.870892 1.14676
1.00238 0.796753 1.09547 0.941266 0.863762 1.16105
0.965277 0.872261 1.02241 0.951127 0.853458 1.21711
1.00293 0.795187 1.09659 0.946733 0.856633 1.17534
0.965554 0.871478 1.02298 0.944537 0.858221 1.15445
1.00321 0.794403 1.09716 0.943438 0.859014 1.14401
0.965693 0.871086 1.02326 0.913265 0.885925 1.11008
1.00335 0.794012 1.09744 0.916981 0.872859 1.11146
0.928174 0.947769 0.949358 0.94234 0.859808 1.13357
1.00349 0.79362 1.09772 0.920696 0.859794 1.11284
end
gesture a18 hands 2
0.899147 0.808071 1.051 0.829826 0.68632 1.20432
0.906545 0.815187 1.02309 0.81857 0.692745 1.18339
0.958966 0.824736 0.998094 0.824463 0.739195 1.13307
0.964182 0.797761 1.02809 0.807313 0.69917 1.16247
0.985092 0.818047 1.03274 0.819917 0.653408 1.19605
0.969399 0.770786 1.05809 0.843325 0.656176 1.16052
0.974126 0.770371 1.06568 0.847659 0.629292 1.15526
0.974824 0.741487 1.06527 0.857195 0.644118 1.14012
0.97649 0.770163 1.06947 0.86777 0.685691 1.12503
0.976006 0.741383 1.06716 0.867251 0.672318 1.125
0.977672 0.77006 1.07136 0.877825 0.713891 1.10991
0.976597 0.741331 1.06811 0.872279 0.686418 1.11744
0.978263 0.770008 1.07231 0.882853 0.727991 1.10235
0.976892 0.741305 1.06859 0.874793 0.693468 1.11366
0.978559 0.769982 1.07279 0.885367 0.735041 1.09857
0.97704 0.741292 1.06882 0.87605 0.696993 1.11177
0.978706 0.769969 1.07302 0.886624 0.738566 1.09668
0.977114 0.741286 1.06894 0.876678 0.698755 1.11083
0.97878 0.769962 1.07314 0.887253 0.740329 1.09573
0.977151 0.741283 1.069 0.876992 0.699636 1.11036
0.978817 0.769959 1.0732 0.887567 0.74121 1.09526
0.975522 0.712603 1.06486 0.887724 0.74165 1.09503
0.978854 0.769956 1.07326 0.866732 0.658944 1.12498
0.981597 0.874205 1.05758 0.887881 0.742091 1.09479
0.982969 0.926329 1.04974 0.918883 0.786294 1.08528
0.983654 0.952391 1.04582 0.934384 0.808396 1.08053
0.983997 0.965422 1.04386 0.942134 0.819447 1.07816
1.01497 0.995507 1.08141 0.935984 0.850342 1.06558
0.98434 0.978453 1.0419 0.949885 0.830498 1.07578
end
gesture a18 hands 2
0.990655 0.728537 1.05787 0.943284 0.753961 1.40541
1.00778 0.736503 1.08037 0.964881 0.78618 1.32976
0.99726 0.730997 1.13319 0.91827 0.764943 1.3153
0.94705 0.712738 1.11787 0.905892 0.771979 1.25523
0.95649 0.720653 1.07905 0.894447 0.799671 1.20591
0.966682 0.692117 1.16745 0.893515 0.779015 1.19517
0.960487 0.579467 1.15386 0.881448 0.760421 1.24854
0.971195 0.601459 1.14322 0.836976 0.779055 1.21549
1.00999 0.756145 1.148 0.799451 0.77651 1.18209
0.995946 0.689798 1.14029 0.780689 0.775238 1.16538
1.03475 0.844485 1.14507 0.754886 0.827576 1.15675
1.00833 0.733968 1.13882 0.761927 0.773966 1.14868
1.04712 0.888654 1.1436 0.805175 0.747925 1.12769
1.01451 0.756053 1.13809 0.824849 0.756999 1.11278
1.05331 0.910739 1.14287 0.861658 0.81427 1.07804
1.01761 0.767095 1.13773 0.85309 0.790172 1.08796
1.05641 0.921782 1.14251 0.8899 0.847443 1.05321
1.01915 0.772616 1.13754 0.867211 0.806758 1.07555
1.05795 0.927303 1.14232 0.904021 0.864029 1.0408
1.01993 0.775377 1.13745 0.844522 0.766074 1.09788
1.05873 0.930063 1.14223 0.918141 0.880615 1.02839
1.02031 0.776757 1.13741 0.954951 0.937886 0.993639
1.05911 0.931444 1.14219 0.973356 0.966521 0.976265
0.981902 0.623451 1.13258 0.982559 0.980838 0.967579
1.0595 0.932824 1.14214 0.973406 0.958979 0.917178
1.06031 0.978946 1.1216 0.991761 0.995156 0.958892
1.03351 1.05269 1.05306 0.979787 1.03952 0.995799
1.01276 1.07565 1.0101 0.963085 1.02099 1.04404
0.997792 1.05145 0.968135 0.956785 0.92446 1.11115
end
gesture a18 hands 2
0.952877 0.862699 0.900816 0.972522 0.878208 1.17552
0.938487 0.849073 0.969465 0.980801 0.872864 1.2038
0.899196 0.827196 1.09139 0.943839 0.851865 1.18185
0.924098 0.835446 1.03811 0.935334 0.853141 1.12379
0.99069 0.845314 1.03202 0.92055 0.910507 1.02546
0.973486 0.798494 1.06055 0.869056 0.929811 1.00807
0.950204 0.686212 1.07214 0.813854 0.949307 1.01023
0.952994 0.683555 1.07706 0.845742 0.919846 1.04851
0.951419 0.737853 1.05974 0.883241 0.915495 1.03077
1.01085 0.82124 1.0465 0.849588 0.943896 0.994692
1.03901 0.87095 1.01025 0.793543 0.94717 0.998014
1.07028 0.904628 1.03326 0.771369 0.90463 1.01998
1.08744 0.976679 1.10887 0.800053 0.857071 1.01303
1.08879 1.02849 1.12395 0.845189 0.858727 0.987015
1.08822 1.07525 1.10575 0.876377 0.894836 0.968612
1.04831 1.13443 1.02883 0.89197 0.93165 0.96194
1.0184 1.13772 0.981876 0.911902 0.981221 0.952238
1.01169 1.11586 0.968171 0.939773 1.02232 0.928021
1.02242 1.07409 0.999481 0.982495 1.02447 0.894852
1.0137 1.08405 0.976974 0.994309 0.971034 0.887819
1.02443 1.04228 1.00828 0.957689 0.931773 0.865217
1.01471 1.06814 0.981375 0.937063 0.951663 0.893326
1.02544 1.02637 1.01269 0.972601 0.978495 0.930317
1.00498 1.094 0.954466 1.00221 0.974867 0.978736
1.02645 1.01046 1.01709 0.979 0.906729 1.17309
1.01774 0.965389 1.05311 0.943813 0.896889 1.06235
0.98734 0.917947 1.05241 0.963704 0.885391 1.01446
0.956192 0.869106 1.05473 0.980858 0.861475 1.06439
0.946237 0.838642 1.02495 0.996914 0.859026 1.1522
end
gesture a18 hands 2
0.925647 0.7488 1.04239 0.869617 0.868747 1.17535
1.00406 0.770978 1.0519 0.895077 0.854475 1.16945
1.03816 0.771072 1.0933 0.910939 0.844347 1.17562
1.08248 0.793156 1.06141 0.915195 0.846993 1.11689
1.12193 0.881553 1.0627 0.93618 0.840332 1.06243
1.10744 0.970816 1.10098 0.97202 0.846291 1.01803
1.10668 1.02263 1.11 0.98668 0.894185 0.995164
1.09315 1.06414 1.08162 0.99727 0.873218 0.984393
1.01574 1.05881 1.00323 1.01193 0.921112 0.96153
1.00324 1.0383 0.986635 1.00989 0.886682 0.967576
1.00057 0.939635 0.997213 1.02455 0.934576 0.944714
0.995654 0.978711 0.983629 1.01621 0.893413 0.959168
0.992979 0.880046 0.994207 1.03087 0.941307 0.936305
0.991861 0.948918 0.982126 1.01936 0.896779 0.954964
0.989187 0.850251 0.992704 1.03402 0.944673 0.932101
0.989965 0.934021 0.981375 1.02094 0.898462 0.952862
0.98729 0.835354 0.991953 1.0356 0.946356 0.929999
0.989017 0.926572 0.980999 1.02173 0.899304 0.951811
0.986342 0.827906 0.991577 1.03639 0.947198 0.928948
0.988543 0.922848 0.980811 1.00786 0.852251 0.973622
0.985868 0.824181 0.991389 1.03718 0.948039 0.927897
0.988306 0.920986 0.980717 1.05324 0.987541 0.899432
0.985631 0.822319 0.991295 1.02591 0.996729 0.856861
0.988187 0.920055 0.98067 0.981916 0.995204 0.88931
0.985512 0.821388 0.991248 0.953122 0.976059 0.934644
0.988128 0.919589 0.980646 0.990349 0.934453 0.954558
0.985453 0.820922 0.991225 1.00324 0.924311 1.01133
0.990743 1.01779 0.970045 0.981376 0.930343 1.12576
0.985394 0.820457 0.991201 0.93753 0.905306 1.19848
end
gesture a18 hands 2
0.989173 0.737325 1.09145 0.951979 0.878442 1.13257
1.00769 0.728201 1.0703 0.944489 0.865825 1.15871
1.01182 0.746976 1.1124 0.946392 0.854977 1.15917
1.05586 0.768243 1.09403 0.95507 0.843919 1.10144
1.09166 0.811875 1.08301 0.965135 0.819349 1.05975
1.10204 0.860102 1.09363 0.981503 0.816647 1.00372
1.09361 0.95417 1.12385 0.991869 0.847223 0.964766
1.08569 1.00624 1.10351 1.0126 0.925115 0.933143
1.05817 1.02516 1.06734 1.03833 0.953914 0.892922
0.982793 1.01483 0.983064 0.989701 0.94064 0.91224
0.959145 0.973202 0.95168 0.981504 0.920181 1.00287
0.957262 0.944304 0.950496 0.961288 0.923774 0.967215
0.959716 0.881783 0.988813 0.953091 0.903315 1.05785
0.957548 0.898594 0.969062 0.947082 0.91534 0.994702
0.960001 0.836074 1.00738 0.938884 0.894881 1.08533
0.95769 0.87574 0.978347 0.939978 0.911124 1.00845
0.960144 0.813219 1.01667 0.931781 0.890665 1.09908
0.957762 0.864312 0.982989 0.936427 0.909015 1.01532
0.960216 0.801791 1.02131 0.92823 0.888556 1.10595
0.957797 0.858599 0.98531 0.934651 0.907961 1.01875
0.960251 0.796078 1.02363 0.926454 0.887502 1.10938
0.957815 0.855742 0.98647 0.933763 0.907434 1.02047
0.960269 0.793221 1.02479 0.925566 0.886975 1.1111
0.957824 0.854313 0.987051 0.925122 0.886712 1.11196
0.960278 0.791792 1.02537 0.941072 0.927366 0.931558
0.957829 0.853599 0.987341 0.924678 0.886448 1.11282
0.960283 0.791078 1.02566 0.910363 0.874532 1.16815
0.955379 0.915406 0.949312 0.85674 0.878694 1.17457
0.960287 0.790364 1.02595 0.879918 0.864552 1.1224
end
gesture a18 hands 2
0.956707 0.744114 1.03065 0.888721 0.873396 1.1398
0.984944 0.744183 1.04026 0.890609 0.873417 1.11045
1.02859 0.775195 1.04666 0.947673 0.859342 1.11883
1.06581 0.815128 1.04253 0.961974 0.846742 1.06319
1.07113 0.950698 1.09724 0.975138 0.867517 1.0148
1.06991 1.00047 1.11188 0.984361 0.903253 0.990947
1.06749 1.04576 1.09291 1.00138 0.952504 0.967559
1.037 1.06253 1.05042 1.02725 0.981027 0.929015
0.999845 1.05479 1.01074 1.0087 0.971526 0.88917
0.982576 1.0149 0.978643 0.9672 0.956861 0.926568
0.992841 0.909023 1.01095 0.972353 0.93145 0.914859
0.979074 0.942023 0.978746 0.979662 0.938917 0.904771
0.989339 0.836141 1.01105 0.962026 0.923391 0.970027
0.977323 0.905582 0.978796 0.965583 0.92825 0.961205
0.987588 0.7997 1.01111 0.986971 0.946383 0.894683
0.976447 0.887362 0.978824 0.96914 0.93311 0.952384
0.986712 0.78148 1.01113 0.951698 0.915332 1.02519
0.97601 0.878252 0.978837 0.951308 0.919836 1.01008
0.986275 0.77237 1.01115 0.951113 0.922087 1.00253
0.975791 0.873697 0.978844 0.951016 0.923213 0.998751
0.986056 0.767815 1.01115 0.950967 0.923776 0.996862
0.975681 0.87142 0.978848 0.976279 0.942547 0.935685
0.985946 0.765538 1.01116 0.950943 0.924058 0.995918
0.975627 0.870281 0.978849 1.00159 0.961317 0.874507
0.985892 0.764399 1.01116 0.950918 0.924339 0.994974
0.985864 0.763829 1.01116 0.931044 0.899215 1.13553
0.965307 0.975024 0.946542 0.900247 0.887361 1.11544
0.985837 0.76326 1.01116 0.933046 0.884066 1.11322
0.970446 0.752707 1.06234 0.919058 0.867779 1.12164
end
gesture a18 hands 2
0.906403 0.768307 0.995379 0.758638 0.711543 1.22038
0.916527 0.772933 1.02272 0.77631 0.710485 1.19631
0.966992 0.762726 1.04748 0.786969 0.694546 1.25089
1.01017 0.765696 1.01047 0.807503 0.671861 1.23548
1.03342 0.806015 0.974569 0.810719 0.651109 1.27508
1.06539 0.85275 0.974844 0.819378 0.650142 1.24757
1.11513 0.953668 1.08387 0.848539 0.714735 1.19961
1.11461 1.00366 1.10524 0.838288 0.681956 1.20984
1.10338 1.04635 1.08577 0.86745 0.746548 1.16188
1.03296 1.01434 1.02064 0.847743 0.697862 1.19097
0.986805 1.03061 0.969456 0.876905 0.762455 1.14301
0.974676 1.00647 0.962481 0.85247 0.705815 1.18153
0.970261 0.92265 0.989613 0.881632 0.770408 1.13357
0.966404 0.952486 0.972559 0.854834 0.709792 1.17682
0.961989 0.868669 0.999692 0.883996 0.774384 1.12886
0.962268 0.925496 0.977598 0.856016 0.71178 1.17446
0.957853 0.841679 1.00473 0.885178 0.776373 1.1265
0.9602 0.912001 0.980118 0.856607 0.712774 1.17328
0.955785 0.828184 1.00725 0.885769 0.777367 1.12532
0.959167 0.905254 0.981378 0.886065 0.777864 1.12473
0.954751 0.821437 1.00851 0.828036 0.649176 1.22006
0.95865 0.90188 0.982008 0.88636 0.778361 1.12414
0.954234 0.818063 1.00914 0.95379 0.850301 1.05992
0.958391 0.900193 0.982323 1.01442 0.938387 1.03539
0.953975 0.816376 1.00946 1.02122 0.92224 0.99569
0.958262 0.899349 0.98248 0.969272 0.928857 1.01242
0.953846 0.815532 1.00961 0.938842 0.896768 1.05049
0.962548 0.982323 0.955505 0.886638 0.877853 1.0324
0.953717 0.814689 1.00977 0.863639 0.860156 1.0371
end
gesture a18 hands 2
0.928321 0.760432 1.07848 0.783933 0.709707 1.17962
0.938294 0.748292 1.10396 0.776034 0.685144 1.22009
0.98332 0.736106 1.07185 0.754096 0.668957 1.31564
1.02183 0.774406 1.04858 0.768135 0.660581 1.26056
1.07004 0.808654 1.04897 0.782754 0.677647 1.215
1.11855 0.882904 1.11282 0.814955 0.755928 1.17202
1.12259 0.92918 1.14009 0.841757 0.800341 1.16687
1.12112 0.976491 1.14055 0.880708 0.837451 1.15383
1.10414 1.00202 1.11072 0.917508 0.857828 1.10074
1.06518 0.964839 1.08769 0.935908 0.868016 1.07419
1.03059 0.974838 1.03303 0.986283 0.921762 1.04666
1.02621 0.927657 1.06465 0.954308 0.878205 1.04765
0.987248 0.890474 1.04161 0.903461 0.869799 1.0713
0.972142 0.919063 0.998471 0.897028 0.887336 1.05409
0.967768 0.871882 1.03009 0.895936 0.860292 1.06416
0.962401 0.909768 0.992711 0.893266 0.882582 1.05051
0.958027 0.862587 1.02433 0.892174 0.855539 1.06058
0.957531 0.90512 0.989831 0.891385 0.880206 1.04873
0.953157 0.857939 1.02145 0.890293 0.853163 1.0588
0.955096 0.902796 0.988391 0.890445 0.879017 1.04783
0.950722 0.855615 1.02001 0.889353 0.851974 1.0579
0.953879 0.901634 0.987671 0.889974 0.878423 1.04739
0.949505 0.854453 1.01929 0.888882 0.85138 1.05746
0.95327 0.901053 0.987311 0.889739 0.878126 1.04716
0.948896 0.853872 1.01893 0.888647 0.851083 1.05723
0.952965 0.900762 0.987131 0.88853 0.850935 1.05712
0.948591 0.853581 1.01875 0.890596 0.904872 1.03687
0.957035 0.947653 0.955332 0.888412 0.850786 1.05701
0.948287 0.853291 1.01857 0.877896 0.830246 1.07578
end
gesture a18 hands 2
0.948687 0.818977 1.06636 0.836176 0.753721 1.22089
0.931017 0.816567 1.04246 0.829374 0.746329 1.23464
0.968593 0.811322 1.00374 0.790814 0.746907 1.29694
1.02193 0.835807 0.995643 0.822572 0.738937 1.24839
1.06178 0.872164 1.01038 0.835612 0.743678 1.1931
1.0971 0.943548 1.08199 0.846005 0.769032 1.14784
1.10214 0.991101 1.10337 0.872021 0.847149 1.11093
1.09644 1.04423 1.0959 0.935371 0.92749 1.09206
1.07629 1.08158 1.06119 0.97739 0.94198 1.05703
1.0153 1.03112 0.972106 1.03346 0.985514 0.968246
0.958708 1.03168 0.877047 1.08547 1.00608 0.958055
0.956506 1.00617 0.880034 1.04745 0.969077 0.982989
0.952581 0.932905 0.969331 1.00189 0.947183 1.01181
0.953442 0.956782 0.926175 0.97421 0.949463 1.01032
0.949518 0.883519 1.01547 0.946075 0.912531 1.02639
0.95191 0.932088 0.949245 0.946303 0.932137 1.01761
0.947986 0.858825 1.03854 0.918168 0.895205 1.03369
0.951145 0.919742 0.96078 0.932349 0.923473 1.02126
0.947221 0.846479 1.05008 0.904214 0.886542 1.03733
0.950762 0.913568 0.966547 0.925372 0.919142 1.02308
0.946838 0.840305 1.05584 0.897237 0.88221 1.03916
0.95057 0.910482 0.969431 0.921884 0.916976 1.02399
0.946646 0.837219 1.05873 0.893749 0.880045 1.04007
0.950475 0.908938 0.970873 0.94653 0.951742 1.00883
0.946551 0.835675 1.06017 0.89026 0.877879 1.04098
0.946503 0.834904 1.06089 0.862126 0.840948 1.05705
0.954303 0.980658 0.88302 0.87942 0.825264 1.09464
0.946455 0.834132 1.06161 0.833991 0.804016 1.07313
0.935089 0.817047 1.08331 0.859709 0.794032 1.08433
end
gesture a18 hands 2
0.933825 0.637323 1.09581 0.867071 0.737389 1.2483
0.930525 0.643685 1.06696 0.874285 0.731615 1.22007
0.986826 0.660673 1.07045 0.888084 0.721889 1.16472
1.03729 0.681116 1.09014 0.902056 0.797944 1.03179
1.08257 0.713991 1.10789 0.979161 1.01041 0.912495
1.0721 0.866451 1.1209 0.970367 0.990482 0.90237
1.07598 0.997716 1.17244 0.955242 0.941095 1.00231
1.06164 1.01891 1.13391 0.958408 0.955826 0.947278
1.04497 1.01522 1.09067 0.943282 0.906439 1.04722
1.02848 0.973119 1.03802 0.952428 0.938498 0.969733
1.01502 0.985013 0.99243 0.937303 0.889111 1.06967
1.0135 0.958015 0.988899 0.949438 0.929834 0.98096
1.00662 0.913314 1.02262 0.934313 0.880447 1.0809
1.0093 0.922165 1.004 0.947943 0.925502 0.986574
1.00242 0.877464 1.03772 0.932818 0.876115 1.08652
1.0072 0.90424 1.01155 0.947195 0.923336 0.989381
1.00032 0.859539 1.04527 0.93207 0.873949 1.08932
1.00615 0.895278 1.01532 0.946822 0.922253 0.990784
0.999266 0.850576 1.04905 0.931697 0.872866 1.09073
1.00562 0.890797 1.01721 0.946635 0.921711 0.991486
0.998741 0.846095 1.05093 0.93151 0.872325 1.09143
1.00536 0.888556 1.01815 0.946541 0.92144 0.991837
0.998479 0.843855 1.05188 0.931416 0.872054 1.09178
1.00523 0.887436 1.01862 0.93137 0.871918 1.09195
0.998347 0.842734 1.05235 0.961573 0.970556 0.892245
0.998282 0.842174 1.05258 0.931323 0.871783 1.09213
1.01198 0.931017 0.985369 0.923761 0.829714 1.13045
0.998216 0.841614 1.05282 0.920466 0.775833 1.15529
0.97173 0.729326 1.05636 0.904726 0.741091 1.19977
end
gesture a18 hands 2
0.955434 0.663552 1.10107 0.902171 0.704177 1.26643
0.95997 0.656367 1.12983 0.908861 0.704242 1.23761
1.0591 0.680871 1.18165 0.91448 0.714779 1.18078
1.11361 0.74258 1.26099 0.934764 0.836654 1.08352
1.1225 0.788797 1.283 0.971911 0.922895 1.02667
1.1126 0.893076 1.29056 0.94709 0.92316 1.01725
1.10451 0.931355 1.2693 0.955048 0.95853 0.986254
1.09406 0.937447 1.24806 0.938658 0.940978 0.997037
1.05565 0.922252 1.18076 0.933555 0.913447 1.04261
1.06963 0.932896 1.20379 0.927912 0.918436 1.02522
1.03122 0.917701 1.1365 0.922809 0.890905 1.07079
1.05742 0.93062 1.18166 0.922539 0.907165 1.03931
1.01901 0.915425 1.11436 0.917436 0.879634 1.08488
1.05131 0.929482 1.17059 0.919852 0.901529 1.04635
1.0129 0.914287 1.1033 0.914749 0.873998 1.09193
1.04825 0.928913 1.16506 0.918509 0.898712 1.04988
1.00984 0.913718 1.09776 0.913406 0.871181 1.09545
1.04673 0.928628 1.16229 0.917837 0.897303 1.05164
1.00832 0.913433 1.095 0.912734 0.869772 1.09721
1.04596 0.928486 1.16091 0.917502 0.896598 1.05252
1.00755 0.913291 1.09361 0.912398 0.869067 1.09809
1.04558 0.928415 1.16022 0.922269 0.923425 1.00782
1.00717 0.91322 1.09292 0.912063 0.868363 1.09897
1.08361 0.943539 1.22682 0.930691 0.846082 1.15956
1.00679 0.913149 1.09223 0.901856 0.813301 1.19013
1.00358 0.883398 1.04547 0.863332 0.772747 1.17524
1.02339 0.835224 1.06741 0.868798 0.719188 1.19998
1.023 0.801882 1.11124 0.906998 0.694254 1.23695
1.01447 0.782959 1.13043 0.90077 0.689148 1.26557
end
gesture a18 hands 2
0.975456 0.654565 1.20056 0.968081 0.710413 1.23391
0.966816 0.670768 1.11464 0.96128 0.712722 1.205
0.982382 0.686654 1.05993 0.963023 0.727166 1.14943
1.07235 0.736201 1.10397 0.970665 0.757112 1.10691
1.09057 0.776022 1.12898 0.980474 0.80489 1.07645
1.08186 0.869528 1.13998 0.993925 0.884949 1.03856
1.08075 0.927521 1.17057 0.990823 0.91993 1.00511
1.07314 0.963035 1.15098 0.95613 0.933106 0.9661
1.04848 0.972601 1.10798 0.941998 0.893804 0.962179
0.982736 0.922435 1.03602 0.959041 0.855178 1.00041
0.95024 0.922488 0.932192 0.951255 0.816861 1.16599
0.962207 0.902806 0.920449 0.925466 0.784992 1.17287
0.971762 0.867477 0.994886 0.937967 0.794614 1.11561
0.972968 0.875301 0.951795 0.934236 0.784518 1.10784
0.982522 0.839972 1.02623 0.92128 0.774888 1.1778
0.978348 0.861548 0.967469 0.925892 0.774655 1.13894
0.987903 0.826219 1.04191 0.912937 0.765024 1.2089
0.981038 0.854671 0.975306 0.921721 0.769724 1.15449
0.990593 0.819342 1.04974 0.908765 0.760093 1.22445
0.982383 0.851233 0.979224 0.919635 0.767258 1.16226
0.991938 0.815904 1.05366 0.906679 0.757627 1.23223
0.983056 0.849514 0.981183 0.918592 0.766025 1.16615
0.99261 0.814185 1.05562 0.905636 0.756394 1.23611
0.983392 0.848655 0.982163 0.91807 0.765408 1.16809
0.992947 0.813326 1.0566 0.905114 0.755777 1.23806
0.98356 0.848225 0.982653 0.91781 0.7651 1.16906
0.993115 0.812896 1.05709 0.904854 0.755469 1.23903
0.974174 0.883124 0.908705 0.930505 0.774423 1.10007
0.993283 0.812466 1.05758 0.904593 0.755161 1.24
end
gesture a18 hands 2
0.981948 0.6456 1.08439 0.899803 0.640182 1.31748
0.980339 0.624247 1.10508 0.876069 0.637196 1.30014
0.991425 0.611058 1.16085 0.892922 0.588011 1.27124
1.01151 0.621405 1.11753 0.900246 0.58813 1.21438
1.05804 0.653974 1.10355 0.904531 0.622213 1.1712
1.07325 0.675222 1.10477 0.944086 0.753387 1.07521
1.0602 0.773715 1.11893 0.935425 0.793711 1.10068
1.07432 0.735093 1.11247 0.959532 0.839136 1.03995
1.06128 0.833586 1.12663 0.937148 0.780222 1.13256
1.07486 0.765028 1.11631 0.960394 0.832392 1.05589
1.06182 0.863521 1.13047 0.938009 0.773478 1.1485
1.07513 0.779995 1.11824 0.960824 0.829019 1.06385
1.06209 0.878488 1.1324 0.93844 0.770105 1.15647
1.07527 0.787479 1.1192 0.96104 0.827333 1.06784
1.06223 0.885972 1.13336 0.938655 0.768419 1.16045
1.07534 0.791221 1.11968 0.961148 0.82649 1.06983
1.06229 0.889714 1.13384 0.938763 0.767576 1.16244
1.07537 0.793092 1.11992 0.961202 0.826069 1.07082
1.06233 0.891585 1.13408 0.938817 0.767155 1.16343
1.07539 0.794028 1.12004 0.961229 0.825858 1.07132
1.06234 0.89252 1.1342 0.938844 0.766944 1.16393
1.06235 0.892988 1.13426 0.961242 0.825752 1.07157
1.08845 0.69647 1.106 0.938858 0.766838 1.16418
1.06236 0.893456 1.13432 0.961249 0.8257 1.0717
1.04532 0.931367 1.10084 0.938864 0.766786 1.16431
1.01704 0.931093 1.05407 0.961252 0.825673 1.07176
0.990834 0.906715 1.01416 0.938868 0.766759 1.16437
0.977544 0.854711 0.997481 0.98364 0.884561 0.97921
0.976678 0.77753 1.03463 0.938871 0.766733 1.16443
end
gesture a18 hands 2
0.97113 0.652309 1.19451 0.865684 0.631743 1.42814
0.973885 0.650408 1.16499 0.868073 0.628017 1.39895
1.0083 0.676541 1.12875 0.891602 0.632263 1.34499
1.04782 0.714528 1.12249 0.902244 0.627819 1.28776
1.04017 0.867593 1.14154 0.909236 0.649427 1.24036
1.02567 0.91782 1.11716 0.921336 0.777353 1.11248
0.991611 0.940994 1.02408 0.958513 0.926387 1.02877
0.985339 0.926264 1.00135 0.945974 0.915833 1.00668
0.985979 0.866263 1.03393 0.931752 0.853579 1.07745
0.982523 0.888898 1.00627 0.932594 0.87943 1.03102
0.983164 0.828897 1.03886 0.918371 0.817175 1.10179
0.981115 0.870215 1.00873 0.925904 0.861228 1.04319
0.981756 0.810214 1.04132 0.911681 0.798973 1.11396
0.980411 0.860873 1.00996 0.922559 0.852126 1.04928
0.981052 0.800872 1.04255 0.908336 0.789872 1.12004
0.98006 0.856203 1.01058 0.920886 0.847576 1.05232
0.9807 0.796202 1.04316 0.906664 0.785322 1.12309
0.979883 0.853867 1.01089 0.92005 0.845301 1.05384
0.980524 0.793866 1.04347 0.905827 0.783046 1.12461
0.979795 0.8527 1.01104 0.919632 0.844163 1.0546
0.980436 0.792699 1.04363 0.905409 0.781909 1.12537
0.979751 0.852116 1.01112 0.919423 0.843594 1.05498
0.980392 0.792115 1.0437 0.9052 0.78134 1.12575
0.97973 0.851824 1.01116 0.919318 0.84331 1.05517
0.98037 0.791823 1.04374 0.905095 0.781055 1.12594
0.979719 0.851678 1.01118 0.919266 0.843168 1.05527
0.980359 0.791677 1.04376 0.905043 0.780913 1.12603
0.979067 0.911533 0.97861 0.933436 0.90528 0.984599
0.980348 0.791531 1.04378 0.904991 0.780771 1.12613
end
gesture a18 hands 2
0.983199 0.680486 1.11888 0.914997 0.70031 1.2818
1.0047 0.700192 1.11861 0.917692 0.705603 1.25246
1.04776 0.731619 1.11404 0.922791 0.721059 1.2052
1.03556 0.840016 1.0981 0.911861 0.689459 1.25232
1.03683 0.920344 1.11857 0.919989 0.686539 1.19429
1.02336 0.948413 1.08217 0.926916 0.718469 1.15189
0.987662 0.968803 0.983388 0.938055 0.797805 1.12364
0.98068 0.952653 0.963925 0.946046 0.833176 1.08677
0.986823 0.900193 1.03135 0.935383 0.788022 1.14289
0.98026 0.918348 0.987906 0.941275 0.813296 1.11231
0.986404 0.865888 1.05533 0.954036 0.868548 1.04989
0.98005 0.901196 0.999896 0.947167 0.838571 1.08173
0.986194 0.848736 1.06732 0.932712 0.778239 1.16215
0.979945 0.892619 1.00589 0.940298 0.808594 1.11357
0.986089 0.840159 1.07331 0.944091 0.823771 1.08928
0.979893 0.888331 1.00889 0.945987 0.83136 1.07714
0.986036 0.835871 1.07631 0.946936 0.835154 1.07107
0.979867 0.886187 1.01039 0.947173 0.836103 1.06955
0.98601 0.833727 1.07781 0.958476 0.887223 1.02361
0.979854 0.885115 1.01114 0.94741 0.837051 1.06803
0.985997 0.832655 1.07856 0.947647 0.838 1.06651
0.979847 0.884579 1.01151 0.947706 0.838237 1.06613
0.985991 0.832119 1.07894 0.958832 0.888645 1.02133
0.979844 0.884311 1.0117 0.947765 0.838474 1.06575
0.985987 0.831851 1.07912 0.947825 0.838711 1.06537
0.985986 0.831717 1.07922 0.970017 0.939291 0.976148
0.973697 0.936503 0.944462 0.947884 0.838948 1.06499
0.985984 0.831583 1.07931 0.927369 0.758672 1.20066
0.990309 0.806175 1.0917 0.925751 0.738606 1.15384
end
gesture a20 hands 2
0.978462 0.837615 1.1963 1.02367 1.05158 1.01688
0.999646 0.823712 1.18031 0.99603 1.04296 1.02414
0.968605 0.803759 1.1541 0.939757 1.02957 1.02241
0.959036 0.734491 1.13297 0.948829 1.04095 1.07946
0.925453 0.619035 1.12761 0.964922 0.988586 1.09552
0.932677 0.607494 1.10916 0.986397 0.934157 1.10232
0.949468 0.665222 1.11183 0.996469 0.877673 1.10492
0.9399 0.595954 1.0907 1.00968 0.82664 1.12215
0.935116 0.561319 1.08014 1.00991 0.790808 1.2146
0.93392 0.55266 1.0775 1.00107 0.824656 1.19042
0.908709 0.497814 1.09064 1.01188 0.892291 1.06846
0.932724 0.544002 1.07485 1.00205 0.875398 1.11735
0.931528 0.535344 1.07221 1.01287 0.943033 0.995398
0.931229 0.533179 1.07155 1.00255 0.900769 1.08082
0.906915 0.484827 1.08667 1.01337 0.968403 0.958864
0.93093 0.531014 1.07089 1.0028 0.913454 1.06255
0.930631 0.52885 1.07023 1.01361 0.981089 0.940597
0.930556 0.528308 1.07007 1.00292 0.919797 1.05342
0.906466 0.48158 1.08568 1.01374 0.987431 0.931463
0.930482 0.527767 1.0699 1.00298 0.922968 1.04885
0.930407 0.527226 1.06974 1.0138 0.990603 0.926897
0.882302 0.43431 1.10113 0.992225 0.858505 1.16624
0.930332 0.526685 1.06957 1.01386 0.993774 0.92233
0.952581 0.577123 1.0728 0.99557 1.00012 0.867134
0.96885 0.697879 1.09131 0.947997 0.992008 0.860826
0.957229 0.819438 1.02039 0.926989 0.957861 0.967031
0.954029 0.859667 0.98528 0.941304 0.971623 1.02156
0.966245 0.889602 0.941766 0.973316 1.01764 1.00439
1.00322 0.873729 1.04326 0.982486 1.03632 1.07469
end
gesture a20 hands 2
1.03019 0.745768 1.36717 0.937715 1.08063 1.14568
1.03286 0.740825 1.33791 0.927482 1.07628 1.11788
1.01595 0.7478 1.28355 0.944426 1.0585 1.08427
0.985508 0.753792 1.23315 0.978319 1.0155 1.10623
0.949399 0.740853 1.18958 1.01811 0.853099 1.13937
0.936148 0.715966 1.18199 1.024 0.796307 1.13666
0.916386 0.603741 1.18406 1.01235 0.765997 1.17416
0.924697 0.612975 1.16535 1.01391 0.79096 1.15957
0.922896 0.691078 1.1744 1.00238 0.876903 1.0544
0.933007 0.62221 1.14664 1.00892 0.846413 1.09969
0.938063 0.587776 1.13276 0.997394 0.932356 0.994519
0.940591 0.570559 1.12582 1.00643 0.874139 1.06975
0.883373 0.466629 1.17855 0.994902 0.960083 0.964578
0.943119 0.553342 1.11888 1.00518 0.888003 1.05478
0.981102 0.703966 1.15578 0.993655 0.973946 0.949608
0.982167 0.727128 1.15326 1.00456 0.894934 1.04729
0.977521 0.803114 1.09494 0.993032 0.980877 0.942123
0.980376 0.776702 1.12284 1.00425 0.8984 1.04355
0.975731 0.852688 1.06452 0.992721 0.984343 0.938381
0.979481 0.801489 1.10763 1.00409 0.900133 1.04168
0.974835 0.877475 1.04931 0.992565 0.986076 0.936509
0.979033 0.813882 1.10002 0.992487 0.986943 0.935574
0.974388 0.889868 1.04171 1.01546 0.815923 1.14498
0.978809 0.820079 1.09622 0.992409 0.987809 0.934638
0.974164 0.896065 1.0379 0.954755 0.999109 0.893861
0.983231 0.750289 1.15074 0.919524 0.991446 0.93656
0.97394 0.902262 1.0341 0.92284 1.01344 1.04829
0.984712 0.910192 0.979048 0.929834 1.05718 1.08712
0.994928 0.870763 1.01197 0.959766 1.09551 1.08662
end
gesture a20 hands 2
1.024 0.843099 1.25447 0.972247 1.06611 1.08589
1.03215 0.826706 1.23119 0.94994 1.02472 1.06911
1.00382 0.823132 1.18144 0.988021 0.862217 1.11212
0.961784 0.802134 1.16849 1.02844 0.76242 1.15189
0.891502 0.832451 1.15865 1.02302 0.820258 1.14215
0.919749 0.781136 1.15555 1.03585 0.844688 1.15013
0.884469 0.615773 1.10939 1.02423 0.913874 1.06054
0.872543 0.560595 1.10327 1.03645 0.891495 1.10932
0.879174 0.531526 1.11 1.02484 0.960682 1.01974
0.856343 0.453353 1.12181 1.03676 0.9149 1.08892
0.885805 0.502458 1.11672 1.02515 0.984086 0.999336
0.894219 0.529017 1.11245 1.03691 0.926602 1.07872
0.92632 0.626152 1.11659 1.0253 0.995788 0.989136
0.914476 0.590864 1.11239 1.03699 0.932453 1.07362
0.946578 0.687998 1.11652 1.02537 1.00164 0.984035
0.924605 0.621787 1.11236 1.03703 0.935378 1.07107
0.956707 0.718922 1.11649 1.02541 1.00456 0.981485
0.92967 0.637249 1.11234 1.03705 0.936841 1.0698
0.961772 0.734383 1.11648 1.02543 1.00603 0.98021
0.932202 0.64498 1.11233 1.02544 1.00676 0.979573
0.964304 0.742114 1.11647 1.04868 0.869117 1.15811
0.933468 0.648845 1.11233 1.02545 1.00749 0.978935
0.96557 0.74598 1.11646 0.995936 1.02874 0.87128
0.902632 0.555576 1.10819 0.95089 1.01462 0.847494
0.966836 0.749845 1.11646 0.929519 0.996595 0.897404
0.964989 0.873907 1.05637 0.929782 1.00876 1.01388
0.975174 0.962544 0.991555 0.956851 1.04273 1.04993
1.00816 0.981302 0.956749 0.994118 1.06743 1.08886
1.03454 0.936468 1.0397 0.98261 1.07339 1.11579
end
gesture a20 hands 2
0.949611 0.836859 1.05946 1.08527 0.888567 0.981181
0.974546 0.844113 1.07392 1.1792 0.985138 0.911562
1.02546 0.854729 1.05668 1.26433 1.04199 0.876572
1.07709 0.831216 1.06674 1.27314 1.08171 0.841943
1.10673 0.788356 1.095 1.23605 1.09313 0.806906
1.12266 0.738257 1.11705 1.18164 1.08827 0.801956
1.14985 0.705279 1.14984 1.13708 1.08003 0.828039
1.19048 0.782953 1.20001 1.08108 1.05322 0.948079
1.20823 0.832963 1.18743 1.05928 1.04328 1.02845
1.12838 0.894269 1.12683 1.02508 1.02641 1.06812
1.08747 0.933047 1.09011 0.988473 0.988073 1.08094
1.04853 0.955575 1.06623 0.94148 0.970079 1.05092
1.00637 0.943125 1.03327 0.909961 0.95975 1.00455
1.00848 0.917596 1.0457 0.910701 0.937659 0.989367
1.0413 0.852512 1.09432 0.920843 0.913795 1.00364
1.02595 0.872289 1.07622 0.916142 0.914682 0.988912
1.05877 0.807206 1.12484 0.926285 0.890818 1.00319
1.03468 0.849636 1.09148 0.918862 0.903193 0.988684
1.0675 0.784553 1.1401 0.929005 0.87933 1.00296
1.03905 0.83831 1.09911 0.920223 0.897449 0.98857
1.07186 0.773227 1.14773 0.930366 0.873585 1.00284
1.04123 0.832646 1.10293 0.920903 0.894577 0.988513
1.07405 0.767563 1.15154 0.931046 0.870713 1.00279
1.04232 0.829815 1.10484 0.921243 0.893141 0.988485
1.07514 0.764732 1.15345 0.931386 0.869277 1.00276
1.04287 0.828399 1.10579 0.921413 0.892423 0.988471
1.07568 0.763316 1.15441 0.931556 0.868559 1.00274
1.0106 0.892066 1.05813 0.91144 0.915568 0.974183
1.07623 0.7619 1.15536 0.931726 0.867841 1.00273
end
gesture a20 hands 2
1.00969 0.72011 1.17838 0.890546 0.855661 1.14325
1.01116 0.718806 1.14876 0.951803 0.890345 1.07415
1.05506 0.749574 1.12767 0.996783 0.888837 1.03957
1.1042 0.766732 1.15104 1.00492 0.906932 1.02232
1.12889 0.750091 1.19389 1.0499 0.905424 0.987735
1.13247 0.607431 1.26525 1.03148 0.915226 0.996398
1.15889 0.594335 1.30498 1.07646 0.913718 0.961816
1.18188 0.637496 1.3233 1.04476 0.919373 0.983438
1.1911 0.68574 1.3173 1.08974 0.917865 0.948857
1.18919 0.704702 1.30467 1.0514 0.921447 0.976958
1.12021 0.775072 1.22466 1.09638 0.919939 0.942377
1.15375 0.749368 1.25835 1.05472 0.922483 0.973718
1.08476 0.819737 1.17834 1.0997 0.920975 0.939137
1.13603 0.771701 1.23519 1.05638 0.923002 0.972098
1.06704 0.84207 1.15518 1.10136 0.921494 0.937517
1.12717 0.782868 1.22361 1.05721 0.923261 0.971288
1.05818 0.853237 1.1436 1.10219 0.921753 0.936707
1.12274 0.788451 1.21782 1.1026 0.921882 0.936302
1.05375 0.85882 1.13781 1.01306 0.925028 1.00506
1.12052 0.791242 1.21493 1.10302 0.922012 0.935897
1.05154 0.861611 1.13491 1.12626 0.944251 0.892359
1.11941 0.792638 1.21348 1.09343 0.971963 0.860198
1.05043 0.863007 1.13347 1.042 0.988682 0.864464
1.11886 0.793336 1.21276 1.00057 0.986823 0.902739
1.04987 0.863705 1.13274 0.986424 0.985617 0.952881
1.0496 0.864054 1.13238 0.996406 0.984163 1.00567
1.18729 0.723665 1.29205 1.0158 0.966292 1.0561
1.04932 0.864403 1.13202 0.954874 0.937312 1.14282
1.04157 0.87636 1.10842 0.902589 0.922609 1.14336
end
gesture a20 hands 2
0.977362 0.958588 0.893301 0.765032 0.891617 1.05139
1.00253 0.88891 0.992351 0.797963 0.925001 0.978688
1.02108 0.86658 1.0623 0.89937 0.945114 0.936906
1.0277 0.819232 1.0914 0.940013 0.907231 0.924902
1.04285 0.721539 1.12807 0.99941 0.823407 0.920455
1.07499 0.698331 1.16663 1.01359 0.866296 0.885113
1.10796 0.733478 1.19305 1.00135 0.9167 0.864759
1.12611 0.783892 1.1982 0.985483 0.938082 0.87456
1.13683 0.83391 1.17928 0.982678 0.935181 0.930027
1.06898 0.927431 1.09158 0.986055 0.955104 0.93544
0.997043 0.980545 1.02448 0.969615 0.959463 0.884362
0.979624 0.963809 1.01408 0.989433 0.975027 0.940852
1.00427 0.947001 1.06345 0.964006 0.953662 0.995296
0.983238 0.947037 1.03356 1.00925 0.990591 0.997342
1.00788 0.930228 1.08293 1.0274 1.04358 1.00816
0.985045 0.938651 1.0433 1.01628 1.09701 0.986069
1.00969 0.921842 1.09268 1.00051 1.11992 0.941436
0.985949 0.934458 1.04817 0.989968 1.11423 0.936566
1.0106 0.917649 1.09755 0.95172 1.09406 0.973163
0.986401 0.932361 1.05061 0.965573 1.1013 0.952429
1.01105 0.915553 1.09998 0.927325 1.08114 0.989026
0.986627 0.931313 1.05183 0.953376 1.09484 0.960361
1.01127 0.914504 1.1012 0.915128 1.07467 0.996958
0.98674 0.930789 1.05244 0.947277 1.09161 0.964327
1.01139 0.91398 1.10181 0.909029 1.07144 1.00092
0.962205 0.947073 1.00367 0.979426 1.10854 0.931695
1.0115 0.913456 1.10242 0.90293 1.06821 1.00489
1.07195 0.823981 1.14316 0.913914 1.0327 1.04588
1.08647 0.814906 1.16769 0.978883 1.0047 1.09118
end
gesture a20 hands 2
1.01059 0.992291 1.14579 0.976271 1.04811 1.01635
1.0354 0.980018 1.15719 0.988199 1.05022 1.04361
1.03242 0.925983 1.1534 0.994306 0.997193 1.06534
1.00948 0.786565 1.14055 1.00647 0.940935 1.06726
0.997782 0.657627 1.07921 1.0241 0.887088 1.0531
0.992155 0.652387 1.10346 1.02208 0.837561 1.02254
0.995145 0.762769 1.13126 1.0686 0.812473 1.01418
0.990837 0.704958 1.12948 1.04317 0.829243 1.00039
0.993827 0.815341 1.15729 1.02006 0.788033 0.991976
0.990177 0.731244 1.14249 1.01774 0.846012 0.986609
0.993167 0.841626 1.17031 0.970267 0.908427 0.951846
0.989848 0.744387 1.149 0.965615 0.939936 0.962959
0.992838 0.854769 1.17681 0.963289 0.955691 0.968515
0.989683 0.750958 1.15226 0.989355 0.929842 0.974878
0.992673 0.861341 1.18007 0.962126 0.963569 0.971293
0.9896 0.754244 1.15388 0.988773 0.93378 0.976267
0.99259 0.864626 1.18169 0.961545 0.967507 0.972682
0.989559 0.755887 1.1547 0.988482 0.93575 0.976962
0.992549 0.866269 1.18251 0.961254 0.969477 0.973377
0.989539 0.756708 1.1551 0.961108 0.970461 0.973724
0.992529 0.867091 1.18291 1.01542 0.903992 0.981242
0.992518 0.867501 1.18312 0.960963 0.971446 0.974071
0.986528 0.647147 1.1277 0.933735 1.00517 0.970486
0.992508 0.867912 1.18332 0.92012 1.02204 0.968693
0.998487 0.983557 1.18796 0.920475 1.02882 0.911716
0.980828 1.09933 1.09983 0.906506 1.0389 0.9669
0.9772 1.12467 1.05256 0.901575 1.02816 1.02387
0.983241 1.08998 1.04018 0.942277 0.994748 1.04278
0.997315 1.05717 1.08436 0.940938 1.00177 1.07189
end
gesture a20 hands 2
1.04137 0.776676 1.24106 0.912832 1.02208 1.09121
1.03348 0.777657 1.21216 0.924863 1.0343 1.06689
1.03006 0.743726 1.16421 0.938992 0.979717 1.0733
0.997901 0.529266 1.10159 0.97084 0.932278 1.07958
0.992133 0.439586 1.05045 0.979802 0.884844 1.05259
0.98485 0.479549 1.01274 0.974927 0.832747 1.02645
0.978568 0.53278 1.00063 0.980002 0.77668 1.03348
0.994847 0.584142 1.00256 0.9752 0.765893 1.04516
1.01875 0.622285 1.0264 1.01647 0.860034 0.995719
1.02431 0.686382 1.05427 0.993432 0.80757 1.02627
0.987178 0.785132 0.989441 1.0347 0.901712 0.976838
1.00853 0.767805 1.03579 1.00255 0.828409 1.01683
0.971394 0.866556 0.970961 1.04381 0.92255 0.967398
1.00064 0.808517 1.02655 1.00711 0.838828 1.01211
0.963501 0.907268 0.961721 1.04837 0.93297 0.962678
0.996691 0.828873 1.02193 1.00938 0.844038 1.00975
0.959555 0.927624 0.957101 1.05065 0.938179 0.960318
0.994718 0.839051 1.01962 1.01052 0.846643 1.00857
0.957582 0.937802 0.954791 1.05179 0.940784 0.959138
0.993731 0.84414 1.01847 1.01109 0.847945 1.00798
0.956596 0.942891 0.953636 1.05236 0.942087 0.958548
0.993238 0.846685 1.01789 0.970398 0.755106 1.05683
0.956102 0.945436 0.953058 1.05293 0.943389 0.957958
0.992991 0.847957 1.0176 1.03334 0.995613 0.940588
0.955856 0.946708 0.95277 0.990751 1.0356 0.942505
1.02988 0.750478 1.08214 0.951244 1.0319 0.967547
0.955609 0.94798 0.952481 0.934765 1.0262 1.08386
0.963675 0.967537 0.903818 0.917306 1.0371 1.12635
0.990917 0.895496 1.02176 0.903553 1.00913 1.0807
end
gesture a20 hands 2
1.05413 0.755272 1.26417 0.951947 1.03531 1.06937
1.04216 0.749585 1.22252 0.962888 1.00789 1.07269
1.01939 0.645877 1.18049 0.998912 0.961247 1.07588
1.02479 0.694888 1.18068 1.01761 0.864695 1.01424
1.00202 0.591179 1.13864 1.01902 0.809949 1.01061
1.0161 0.667539 1.15975 1.01635 0.820773 0.993827
0.993336 0.563831 1.11772 1.03978 0.780738 0.983024
1.01176 0.653864 1.14929 1.02673 0.806167 0.980034
0.988994 0.550156 1.10726 1.01925 0.862593 0.954574
1.00959 0.647027 1.14406 1.01647 0.847095 0.965809
0.986823 0.543319 1.10203 1.00899 0.903521 0.94035
1.0085 0.643609 1.14145 1.01134 0.867559 0.958696
0.985738 0.539901 1.09942 1.00386 0.923985 0.933237
1.00796 0.641899 1.14014 1.00877 0.877791 0.95514
0.985195 0.538191 1.09811 1.00129 0.934217 0.929681
1.00769 0.641045 1.13948 1.01368 0.831597 0.977043
0.984923 0.537337 1.09745 0.998729 0.944448 0.926125
1.03018 0.743898 1.18086 0.991253 1.00087 0.900666
0.984652 0.536482 1.0968 1.03508 1.0461 0.896905
0.973834 0.484815 1.08853 0.983778 1.0573 0.875207
0.985591 0.435849 1.06615 0.946223 1.05597 0.898535
1.03633 0.446028 1.05614 0.9311 1.04757 0.97008
1.06901 0.48374 1.06541 0.924796 1.04553 1.00991
1.07799 0.662777 1.12006 0.915976 1.03917 1.04163
1.0712 0.712746 1.10851 0.911566 1.03599 1.05748
1.02721 0.792543 1.02579 0.909361 1.0344 1.06541
0.9688 0.877533 0.952441 0.924891 1.05127 1.12531
0.983215 0.87234 0.943061 0.907156 1.03281 1.07334
0.998349 0.825304 1.04506 0.92463 1.03215 1.04912
end
gesture a20 hands 2
1.18034 0.777126 1.18645 1.0073 0.990984 1.02671
1.16625 0.773152 1.21231 1.03095 0.997936 1.01029
1.12853 0.755529 1.25441 0.997901 0.972203 1.03131
1.11264 0.754591 1.19919 0.964024 0.940347 1.06533
1.08316 0.729912 1.15527 0.910184 0.804219 1.15233
1.03275 0.694554 1.11155 0.917911 0.802627 1.12561
0.988639 0.616807 1.09764 0.938165 0.882785 1.05472
0.985485 0.638002 1.08274 0.931902 0.84191 1.0768
0.985322 0.716331 1.09086 0.952155 0.922069 1.00591
0.983827 0.687764 1.07934 0.938897 0.861552 1.0524
0.983663 0.766092 1.08747 0.959151 0.94171 0.981512
0.982998 0.712645 1.07765 0.942394 0.871373 1.0402
0.982834 0.790973 1.08578 0.962648 0.951531 0.96931
0.982583 0.725085 1.0768 0.944143 0.876283 1.0341
0.98242 0.803414 1.08493 0.964397 0.956442 0.96321
0.982376 0.731305 1.07638 0.945018 0.878738 1.03104
0.982212 0.809634 1.0845 0.965272 0.958897 0.960159
0.982272 0.734415 1.07617 0.945455 0.879966 1.02952
0.982109 0.812744 1.08429 0.965709 0.960124 0.958634
0.98222 0.73597 1.07606 0.945673 0.88058 1.02876
0.982057 0.814299 1.08419 0.965927 0.960738 0.957872
0.982194 0.736748 1.07601 0.966037 0.961045 0.95749
0.982031 0.815076 1.08413 0.925638 0.801035 1.09888
0.982332 0.659197 1.06783 0.966146 0.961352 0.957109
0.982005 0.815854 1.08408 0.94674 1.01034 0.964142
0.977033 0.852807 1.04404 0.925929 1.0107 1.01903
0.953025 0.940145 0.996357 0.925952 1.00071 1.07544
0.972062 0.889759 1.00401 0.919378 0.983405 1.13008
1.00052 0.846832 1.07306 0.923064 0.974524 1.15747
end
gesture a20 hands 2
1.11965 0.763646 1.31183 0.946527 1.003 1.04596
1.08663 0.772667 1.22099 0.968399 1.00529 1.04223
1.08195 0.797681 1.17507 0.990686 1.03472 0.99008
1.06778 0.789684 1.15262 0.99027 1.00757 1.0385
1.04265 0.75048 1.13656 0.966037 0.919133 1.05913
1.04813 0.766084 1.13336 0.954134 0.872065 1.08301
1.023 0.72688 1.11731 0.942658 0.8193 1.13402
1.0383 0.754284 1.12373 0.942232 0.824996 1.10689
1.01317 0.71508 1.10768 0.955208 0.909344 1.03181
1.03339 0.748384 1.11892 0.955951 0.920415 1.03012
1.00826 0.70918 1.10286 0.956322 0.92595 1.02927
1.03093 0.745434 1.11651 0.949064 0.878321 1.05452
1.0058 0.70623 1.10046 0.956508 0.928717 1.02885
1.05361 0.781687 1.13016 0.949157 0.879705 1.05431
1.00335 0.70328 1.09805 0.956601 0.930101 1.02864
0.978213 0.664076 1.082 0.949203 0.880397 1.0542
0.984913 0.634327 1.10114 0.956648 0.930793 1.02854
0.966154 0.655556 1.07334 0.949226 0.880743 1.05415
0.953081 0.624873 1.06594 0.956671 0.931139 1.02848
0.947394 0.676786 1.04554 0.949238 0.880916 1.05412
0.95817 0.731381 1.04376 0.956682 0.931312 1.02846
0.969396 0.830755 1.06484 0.949244 0.881002 1.05411
0.964508 0.881683 1.05308 0.956688 0.931399 1.02844
0.953313 0.907712 1.01613 0.941805 0.830693 1.07976
0.947716 0.920727 0.997662 0.956694 0.931485 1.02843
0.944918 0.927235 0.988426 0.967758 0.999388 0.9296
0.945348 0.96791 0.990684 0.971582 1.03228 0.977096
0.942119 0.933742 0.97919 0.952198 1.02031 1.09291
0.964923 0.896474 1.01643 0.952043 1.01039 1.0919
end
gesture a20 hands 2
1.06907 0.7821 1.12645 0.938198 1.02209 1.08177
1.06906 0.790496 1.0978 0.927661 1.02165 1.054
1.02859 0.772521 1.06306 0.927305 1.03096 0.996942
0.959182 0.619547 1.06786 0.928303 1.01533 1.01846
0.930735 0.571748 1.06099 0.919431 0.946008 1.06741
0.927959 0.59414 1.04635 0.924366 0.972855 1.0537
0.938144 0.699651 1.05824 0.915495 0.903533 1.10265
0.931664 0.658092 1.04498 0.922398 0.951617 1.07131
0.941849 0.763603 1.05686 0.913526 0.882295 1.12026
0.933516 0.690068 1.04429 0.921414 0.940998 1.08012
0.943702 0.795579 1.05618 0.912542 0.871676 1.12907
0.934442 0.706056 1.04395 0.920922 0.935688 1.08453
0.944628 0.811567 1.05583 0.91205 0.866367 1.13348
0.934905 0.714049 1.04378 0.920676 0.933034 1.08673
0.945091 0.819561 1.05566 0.911804 0.863712 1.13568
0.935137 0.718047 1.04369 0.920552 0.931706 1.08783
0.945322 0.823558 1.05558 0.911681 0.862384 1.13678
0.935253 0.720045 1.04365 0.911619 0.861721 1.13733
0.945438 0.825557 1.05553 0.929301 0.999701 1.03998
0.935311 0.721044 1.04363 0.911558 0.861057 1.13788
0.945496 0.826556 1.05551 0.905244 0.811957 1.10918
0.93534 0.721544 1.04362 0.922308 0.821243 1.05677
0.945525 0.827055 1.0555 0.942904 0.895463 0.994503
0.94554 0.827305 1.0555 0.979345 0.923716 0.940369
0.925183 0.616532 1.03172 0.9635 0.969684 0.932237
0.945554 0.827555 1.05549 0.941879 0.974389 0.98688
0.917502 0.942693 0.946847 0.925578 0.990584 1.02198
0.933084 0.922319 0.932888 0.943031 0.999774 1.1051
0.985387 0.888187 1.02075 0.909278 1.00678 1.05707
end
gesture a20 hands 2
0.954625 0.86623 1.19138 0.904088 1.04533 1.1143
0.95299 0.863733 1.22119 0.914067 1.04642 1.08635
0.99065 0.871942 1.11326 0.919392 1.00931 1.13114
0.996343 0.861518 1.08665 0.920299 0.951685 1.1313
0.994274 0.755929 1.05381 0.924201 0.90056 1.10667
0.998154 0.803511 1.05692 0.937565 0.864437 1.06441
0.996085 0.697922 1.02409 0.987841 0.808023 0.93506
0.99906 0.774508 1.04206 0.992618 0.781147 0.984658
0.996991 0.668919 1.00923 0.987224 0.821752 1.01984
0.999511 0.760007 1.03464 0.988997 0.850345 1.02442
0.997444 0.654418 1.0018 0.988526 0.933366 1.00706
0.999737 0.752756 1.03092 0.989648 0.906152 1.01802
0.997671 0.647167 0.99808 0.989176 0.989173 1.00066
0.99985 0.74913 1.02906 0.989973 0.934056 1.01483
0.997784 0.643541 0.996222 0.989502 1.01708 0.997469
0.999907 0.747318 1.02813 0.990136 0.948007 1.01323
0.99784 0.641729 0.995293 0.989664 1.03103 0.995871
0.999935 0.746411 1.02767 0.990217 0.954983 1.01243
0.997869 0.640822 0.994829 0.989746 1.038 0.995072
0.999949 0.745958 1.02743 0.990258 0.958471 1.01203
0.997883 0.640369 0.994596 0.989786 1.04149 0.994673
0.99789 0.640143 0.99448 0.989807 1.04324 0.994473
1.00203 0.851094 1.06004 0.99077 0.878938 1.02899
0.997897 0.639916 0.994364 0.989827 1.04498 0.994273
0.997145 0.58299 0.986955 0.977583 1.09589 1.01983
0.977987 0.531601 0.996476 0.970296 1.09179 1.07193
0.982755 0.542319 1.01906 0.977896 1.07309 1.12558
1.05764 0.691613 1.05802 0.964294 1.07316 1.18023
0.981247 0.93554 1.00742 0.951632 1.07058 1.20716
end
gesture a20 hands 2
0.837531 1.07026 0.867617 0.812049 1.11388 0.993376
0.91135 0.973822 1.01993 0.894184 1.09044 1.01029
0.935138 0.921649 1.02134 0.928967 1.04882 1.0323
0.915828 0.794817 0.991234 0.946037 1.0156 1.07852
0.919341 0.715514 0.957091 0.978551 0.978964 1.10935
0.896519 0.667985 0.961123 1.00523 0.929636 1.12569
0.894346 0.615862 0.946583 1.00954 0.873687 1.12782
0.920339 0.583546 0.909119 1.01073 0.784643 1.0565
0.980441 0.660418 0.89801 1.01654 0.742383 1.02771
1.0014 0.793527 0.948786 1.0136 0.694262 0.996404
1.00417 0.843526 0.95473 0.993954 0.697948 0.983111
0.986512 0.902663 0.913504 0.981192 0.866264 0.970399
0.989611 0.89506 0.99782 0.959994 0.980102 0.941378
0.97923 0.92843 0.935049 0.968431 1.03458 0.957687
0.982329 0.920827 1.01936 1.01924 1.08419 1.11166
0.975589 0.941314 0.945819 1.01563 1.07807 1.13821
0.978688 0.93371 1.03013 0.967203 1.08209 1.07422
0.973768 0.947755 0.951206 0.989612 1.07702 1.11948
0.976867 0.940152 1.03552 0.941185 1.08103 1.0555
0.972858 0.950976 0.9539 0.976602 1.07649 1.11013
0.975957 0.943373 1.03822 0.928175 1.08051 1.04614
0.972403 0.952587 0.955247 0.970098 1.07623 1.10544
0.975502 0.944984 1.03956 0.921671 1.08024 1.04146
0.972176 0.953392 0.955921 0.966845 1.0761 1.10311
0.975275 0.945789 1.04024 0.918418 1.08011 1.03912
0.975161 0.946191 1.04057 0.916792 1.08005 1.03795
0.968849 0.9618 0.872278 1.01202 1.07195 1.16475
0.975047 0.946594 1.04091 0.915166 1.07998 1.03678
0.967511 0.926879 1.15291 0.934107 1.07462 0.985753
end
gesture a20 hands 2
0.989617 0.695548 1.6988 0.830598 0.735393 1.7366
0.994164 0.696596 1.72838 0.858768 0.642873 1.71831
1.01296 0.711346 1.84395 0.853132 0.739046 1.75606
1.02343 0.700756 1.90146 0.870035 0.6447 1.72804
1.04309 0.665199 1.91517 0.908174 0.754905 1.6589
1.04131 0.644254 1.89717 0.897556 0.652629 1.67946
1.03348 0.701831 1.70886 0.935695 0.762835 1.61032
1.03651 0.66257 1.79402 0.911317 0.656595 1.65517
1.0309 0.703454 1.70683 0.949455 0.7668 1.58602
1.03522 0.663382 1.793 0.918197 0.658577 1.64302
1.02961 0.704266 1.70581 0.956336 0.768782 1.57388
1.03457 0.663787 1.7925 0.921637 0.659568 1.63695
1.02897 0.704671 1.7053 0.959776 0.769774 1.5678
1.03425 0.66399 1.79224 0.923357 0.660064 1.63391
1.02864 0.704874 1.70505 0.961496 0.770269 1.56477
1.03409 0.664092 1.79211 0.924217 0.660312 1.63239
1.02848 0.704976 1.70492 0.962356 0.770517 1.56325
1.03953 0.623309 1.87918 0.962786 0.770641 1.56249
1.02832 0.705077 1.7048 0.886938 0.550354 1.70002
1.02388 0.738463 1.50255 0.963216 0.770765 1.56173
1.01711 0.786845 1.53041 0.980751 0.803739 1.37899
1.03277 0.841468 1.52416 1.03949 0.991176 1.42344
1.04835 0.979621 1.59192 1.037 1.03742 1.42553
1.03912 1.03349 1.61247 1.00189 1.07928 1.42213
1.02094 1.11702 1.57879 0.947491 1.09107 1.43823
1.00892 1.15953 1.5449 0.9075 1.07088 1.46734
1.00076 1.17862 1.49648 0.876248 1.00377 1.54958
0.996046 1.145 1.45426 0.840077 0.903997 1.59626
0.995791 0.953548 1.55708 0.832498 0.847356 1.60308
end
gesture a20 hands 2
0.934898 0.742595 1.17839 0.941399 1.05453 0.984999
0.945327 0.749367 1.20539 0.938765 1.0425 0.958024
0.953845 0.701722 1.1725 0.945553 1.04093 1.01672
0.935775 0.603277 1.12609 0.963187 1.01289 1.0623
0.935755 0.551391 1.11012 1.00316 0.84839 1.03665
0.917704 0.504832 1.07968 1.01149 0.773397 1.05191
0.859527 0.539423 1.09048 0.991597 0.959679 1.00446
0.867568 0.557204 1.06902 1.00571 0.829042 1.03582
0.902946 0.623695 1.06781 0.985814 1.01532 0.988363
0.889278 0.599341 1.05768 1.00282 0.856862 1.02777
0.924655 0.665832 1.05647 0.982922 1.04315 0.980315
0.900132 0.620409 1.05201 1.00137 0.870777 1.02374
0.935509 0.6869 1.0508 0.981477 1.05706 0.976291
0.90556 0.630943 1.04918 1.00065 0.877733 1.02173
0.940937 0.697434 1.04796 0.980754 1.06402 0.974278
0.908273 0.63621 1.04776 1.00029 0.88121 1.02072
0.94365 0.702701 1.04655 0.980392 1.06749 0.973272
0.90963 0.638843 1.04705 1.00011 0.882949 1.02022
0.945007 0.705334 1.04584 0.980212 1.06923 0.972769
0.910309 0.64016 1.0467 1.00002 0.883818 1.01997
0.945686 0.706651 1.04548 0.980121 1.0701 0.972518
0.87561 0.574986 1.04756 0.999971 0.884253 1.01984
0.946364 0.707968 1.04513 0.980076 1.07054 0.972392
0.954398 0.839756 1.0741 0.999948 0.88447 1.01978
0.960762 0.992577 1.01942 0.980054 1.07075 0.972329
1.00001 1.06012 0.94688 1.01982 0.698405 1.06717
1.04132 1.05249 0.908245 0.980031 1.07097 0.972266
1.05695 0.999176 0.921005 0.989099 1.1007 0.995535
1.05621 0.973276 0.935352 0.952636 1.11868 1.03333
end
gesture a20 hands 2
1.05417 0.717043 1.35171 0.908715 0.929545 1.34669
1.04625 0.70598 1.35782 0.916805 0.917084 1.37241
1.01152 0.597833 1.3351 0.918084 0.894529 1.42645
1.02493 0.646375 1.34951 0.939022 0.850416 1.45655
0.990201 0.538227 1.32679 0.927722 0.801509 1.48614
1.01427 0.616573 1.34536 0.909429 0.790155 1.48896
0.97954 0.508425 1.32264 0.943326 0.858282 1.36957
1.00894 0.601671 1.34328 0.917231 0.818541 1.43068
0.974209 0.493523 1.32057 0.951128 0.886668 1.31129
1.00627 0.594221 1.34224 0.921131 0.832735 1.40154
0.971543 0.486073 1.31953 0.955029 0.900861 1.28215
1.00494 0.590495 1.34172 0.923082 0.839831 1.38697
0.970211 0.482347 1.31901 0.95698 0.907958 1.26758
1.00428 0.588633 1.34146 0.924057 0.843379 1.37969
0.969544 0.480485 1.31875 0.957955 0.911506 1.2603
1.03834 0.694918 1.36392 0.924545 0.845153 1.37604
0.968878 0.478622 1.31849 0.958442 0.91328 1.25665
0.945287 0.429913 1.30206 0.924789 0.84604 1.37422
0.888023 0.428664 1.28881 0.958686 0.914167 1.25483
0.87345 0.485231 1.12757 0.924911 0.846484 1.37331
0.888916 0.535714 1.14932 0.958808 0.914611 1.25392
0.898458 0.613094 1.19645 0.924972 0.846706 1.37286
0.901906 0.65658 1.20899 0.958869 0.914832 1.25347
0.906239 0.740748 1.20167 0.891135 0.778801 1.49179
0.926409 0.899377 1.17282 0.95893 0.915054 1.25301
0.946361 0.940765 1.15495 0.932697 0.958802 1.22514
0.992301 0.958696 1.13152 0.961121 0.923758 1.26175
1.02621 0.920079 1.14923 0.93273 0.94692 1.3089
0.994746 0.773502 1.31542 0.916097 0.928828 1.33646
end
gesture a20 hands 2
0.982259 0.947216 1.16135 0.908914 1.0295 1.06499
0.988039 0.944498 1.17487 0.924801 1.02582 1.0901
0.956418 0.71154 1.08895 0.970257 1.01404 1.09816
0.975119 0.82666 1.13866 0.995133 0.968715 1.10215
0.943497 0.593702 1.05274 1.02162 0.917045 1.1138
0.968658 0.767741 1.12056 1.03835 0.861797 1.12445
0.937036 0.534783 1.03464 1.04814 0.809482 1.10018
0.965428 0.738281 1.11151 1.07028 0.778099 1.06833
0.933806 0.505323 1.02559 1.10308 0.737104 1.05347
0.963813 0.723551 1.10699 1.00506 0.790484 1.06508
0.932191 0.490593 1.02107 0.978499 0.8324 1.04092
0.963006 0.716186 1.10472 0.962598 0.887011 1.04121
0.931384 0.483228 1.0188 0.976596 0.942992 1.04669
0.962602 0.712503 1.10359 0.991158 0.929991 1.02647
0.93098 0.479546 1.01767 1.00891 0.960558 0.981162
0.9624 0.710662 1.10302 1.00731 0.938774 0.993711
0.930778 0.477705 1.01711 1.02506 0.969341 0.948399
0.962299 0.709742 1.10274 1.01539 0.943166 0.977329
0.930677 0.476784 1.01682 1.03314 0.973733 0.932017
0.962249 0.709282 1.1026 1.01943 0.945361 0.969138
0.930627 0.476324 1.01668 1.03718 0.975928 0.923826
0.930601 0.476094 1.01661 1.0392 0.977026 0.91973
0.99382 0.941779 1.18838 1.00572 0.91699 1.00626
0.930576 0.475864 1.01654 1.04122 0.978124 0.915635
0.904692 0.422504 1.01697 1.03738 1.01692 0.872962
0.882592 0.444812 0.977126 0.995965 1.05424 0.85717
0.903665 0.488213 0.966163 0.966964 1.0589 0.90713
0.946386 0.725689 0.996987 0.971841 1.0435 0.963256
0.934622 0.885614 0.924069 0.943558 1.0345 1.0772
end
gesture a20 hands 2
1.08703 0.788541 1.13846 0.877991 0.985908 0.867462
1.10699 0.788492 1.16077 0.89521 0.972994 0.888161
1.0033 0.761162 1.15582 0.913581 0.95645 0.940945
0.970194 0.643957 1.06934 0.923236 0.924236 0.988171
0.966797 0.502666 1.03542 0.927527 0.863952 1.13652
0.937087 0.526751 0.982853 0.933934 0.815203 1.16772
0.900965 0.51054 0.942816 0.967911 0.725076 1.21815
0.887914 0.555888 0.911339 1.00777 0.696827 1.23171
0.939186 0.65453 0.881642 1.00425 0.685502 1.23297
0.950794 0.67896 0.887374 0.95352 0.765901 1.19506
0.957978 0.772131 0.942304 0.951619 0.811319 1.16306
0.96019 0.737761 0.917705 0.954718 0.831892 1.14849
0.967375 0.830932 0.972637 0.984259 0.953094 1.04474
0.964888 0.767161 0.932871 0.971038 0.90278 1.08933
0.972073 0.860332 0.987803 1.00058 1.02398 0.985579
0.967237 0.781861 0.940455 0.979198 0.938224 1.05975
0.974422 0.875032 0.995387 1.00874 1.05943 0.955999
0.968412 0.789211 0.944246 0.983278 0.955945 1.04496
0.975596 0.882382 0.999178 1.01282 1.07715 0.941209
0.968999 0.792886 0.946142 0.985318 0.964806 1.03757
0.976184 0.886057 1.00107 1.01486 1.08601 0.933814
0.969293 0.794724 0.94709 0.986338 0.969237 1.03387
0.976477 0.887895 1.00202 1.01588 1.09044 0.930117
0.976624 0.888813 1.0025 0.986848 0.971452 1.03202
0.962402 0.70339 0.893106 1.01639 1.09265 0.928268
0.976771 0.889732 1.00297 0.957817 0.852465 1.13393
0.975458 0.931339 1.00714 1.0169 1.09487 0.926419
0.948684 1.05494 0.918723 0.998749 1.1236 0.885834
0.93839 1.04022 0.895027 0.928183 1.0667 0.991791
end
gesture a20 hands 2
0.93462 0.836778 0.909669 0.742348 0.910343 1.33168
0.949706 0.82938 0.995238 0.88352 0.886494 1.18847
1.01545 0.792069 1.07576 0.929756 0.865627 1.16008
1.02828 0.746769 1.04686 0.947959 0.818078 1.18645
1.0175 0.702295 1.00964 0.948877 0.761265 1.20229
0.975134 0.550723 0.998372 0.943878 0.706511 1.21478
0.973975 0.426361 0.95872 0.95547 0.65803 1.21896
0.932767 0.399152 0.987105 0.918573 0.685319 1.23653
0.896177 0.433628 1.01156 0.915452 0.686059 1.23207
0.87978 0.489381 1.00608 0.899463 0.740975 1.22227
0.893347 0.594578 0.974074 0.971366 0.904172 1.05149
0.907192 0.64133 0.975096 0.92742 0.850032 1.13198
0.932386 0.736482 1.01577 0.952645 0.922562 1.04688
0.933417 0.807248 1.04934 0.91806 0.859227 1.12967
0.935408 0.868776 1.01962 0.943285 0.931756 1.04457
0.934929 0.873395 1.05127 0.91338 0.863824 1.12852
0.93692 0.934923 1.02155 0.938605 0.936354 1.04341
0.935684 0.906469 1.05223 0.91104 0.866123 1.12794
0.937675 0.967997 1.02252 0.936265 0.938652 1.04284
0.936062 0.923005 1.05271 0.909869 0.867272 1.12765
0.938053 0.984533 1.023 0.935095 0.939802 1.04255
0.936251 0.931274 1.05295 0.909284 0.867847 1.12751
0.938242 0.992802 1.02324 0.93451 0.940376 1.0424
0.936346 0.935408 1.05307 0.934217 0.940664 1.04233
0.938337 0.996936 1.02336 0.883474 0.795892 1.21247
0.934449 0.878014 1.08291 0.933925 0.940951 1.04226
0.938431 1.00107 1.02348 1.02728 1.12229 0.870917
0.940934 1.02365 0.975098 0.984377 1.08601 0.872047
0.942229 1.00669 0.952206 0.931868 1.02494 0.985971
end
gesture a20 hands 2
0.947193 0.825233 0.925711 0.892784 0.975977 1.18668
0.964169 0.793718 0.957564 0.891304 0.983144 1.15765
0.954066 0.808854 1.01184 0.898503 0.975714 1.10196
0.967605 0.785529 1.00063 0.974653 0.834056 1.12364
0.95399 0.710508 0.998989 0.957681 0.795161 1.16311
0.967567 0.736356 0.994203 0.942219 0.760463 1.17567
0.953951 0.661335 0.992563 0.917526 0.766245 1.15151
0.967548 0.711769 0.99099 0.92547 0.793426 1.20161
0.953932 0.636748 0.98935 0.972829 0.821092 1.2202
0.953923 0.624455 0.987744 0.993934 0.839525 1.21786
0.981145 0.762204 0.989417 0.994514 0.947101 1.03054
0.953913 0.612162 0.986138 1.00478 0.902529 1.12302
0.940297 0.53714 0.984498 1.00536 1.0101 0.935706
0.951519 0.436932 0.948884 1.0102 0.934029 1.07561
0.926681 0.462119 0.982858 1.01078 1.0416 0.88829
0.905807 0.50573 1.01507 1.01291 0.949781 1.0519
0.876883 0.556167 1.0168 1.01349 1.05736 0.864582
0.878654 0.607724 0.997846 1.01427 0.957657 1.04005
0.901993 0.658918 0.98137 1.01484 1.06523 0.852728
0.926697 0.707063 0.981178 1.01494 0.961595 1.03412
0.936545 0.849177 1.02119 1.01552 1.06917 0.846801
0.949292 0.941607 1.05888 1.01528 0.963564 1.03116
0.946393 0.991292 1.0612 1.01586 1.07114 0.843837
0.943748 1.03492 1.03801 1.01504 0.857957 1.21551
0.940688 1.06719 1.00109 1.0162 1.07311 0.840874
0.943738 1.07095 0.950433 0.97275 1.05994 0.813708
0.96198 1.03359 0.980562 0.947219 1.03712 0.86157
0.990517 1.02231 1.09208 0.926552 1.02558 1.09107
1.00427 1.00472 1.10967 0.904541 1.00758 1.07076
end
gesture a20 hands 2
1.00405 0.692827 1.26856 0.990891 1.02754 0.906685
1.00908 0.697364 1.29756 1.01186 1.03193 0.926894
0.991855 0.713165 1.24303 0.977695 1.01583 0.96362
1.00791 0.67174 1.20434 0.946428 0.998681 1.01022
0.999087 0.540523 1.16793 0.945905 0.979343 1.06496
1.02396 0.630315 1.16564 0.94824 0.925892 1.10194
1.01011 0.620826 1.10816 0.941445 0.910106 1.15203
1.00664 0.618454 1.09379 0.950575 0.872441 1.13891
1.00821 0.494353 1.1005 0.969576 0.833291 1.10492
1.00318 0.616081 1.07941 1.00615 0.841749 1.09977
0.999722 0.613709 1.06504 1.00658 0.811972 1.07382
1.00302 0.490795 1.07893 1.04272 0.850207 1.09461
0.99799 0.612523 1.05786 0.999751 0.877148 1.09023
1.00216 0.490202 1.07534 0.974543 0.946814 1.06561
0.997125 0.61193 1.05426 0.963341 0.986632 1.02698
1.00172 0.489906 1.07355 0.95774 1.00654 1.00766
0.996692 0.611634 1.05247 0.973498 0.996522 0.969563
1.00151 0.489757 1.07265 0.952139 1.02645 0.988337
0.996475 0.611485 1.05157 0.94146 1.04142 0.997723
1.0014 0.489683 1.0722 0.93612 1.0489 1.00242
0.996367 0.611411 1.05112 0.949336 1.01648 1.041
1.00134 0.489646 1.07197 0.93078 1.05638 1.00711
0.996313 0.611374 1.05089 0.926024 1.04739 1.00957
1.00632 0.367881 1.09283 0.923646 1.0429 1.0108
0.996259 0.611337 1.05067 0.922457 1.04066 1.01142
0.98982 0.800943 1.02815 0.921862 1.03953 1.01172
0.986199 0.854792 1.00851 0.921565 1.03897 1.01188
0.969239 0.854658 0.984748 0.914824 1.05161 0.954928
0.964795 0.838669 1.00791 0.921268 1.03841 1.01203
end
gesture a20 hands 2
1.06313 0.640359 1.2326 0.94056 1.15901 1.06949
1.07996 0.628585 1.211 0.938996 1.15873 1.09897
1.09014 0.579953 1.17964 0.957986 1.15125 1.10081
1.09128 0.555928 1.16305 0.95894 1.05238 1.0822
1.08555 0.474869 1.14401 0.926283 0.948105 1.09767
1.09242 0.531903 1.14646 0.937691 0.854758 1.08001
1.05788 0.495879 1.12536 0.991599 0.718188 1.10176
1.04925 0.486873 1.12009 0.982413 0.814927 1.04928
1.06942 0.432832 1.11686 0.970477 0.899921 1.06175
1.04062 0.477867 1.11481 0.971852 0.905793 1.02928
1.03198 0.468861 1.10953 0.959916 0.990785 1.04174
1.02983 0.466609 1.10822 0.966572 0.951225 1.01928
1.05647 0.419324 1.10895 0.954636 1.03622 1.03174
1.02767 0.464358 1.1069 0.963932 0.973941 1.01428
1.02551 0.462106 1.10558 0.951996 1.05893 1.02674
1.02497 0.461544 1.10525 0.962612 0.985299 1.01177
1.05323 0.415946 1.10697 0.950676 1.07029 1.02424
1.02443 0.460981 1.10492 0.961952 0.990978 1.01052
1.02389 0.460418 1.10459 0.950016 1.07597 1.02299
1.05242 0.415102 1.10648 0.961622 0.993818 1.0099
1.02362 0.460136 1.10442 0.949686 1.07881 1.02237
1.02348 0.459996 1.10434 0.961457 0.995238 1.00959
1.08095 0.369786 1.10837 0.949521 1.08023 1.02205
1.02335 0.459855 1.10426 0.961374 0.995948 1.00943
0.958981 0.537674 1.11602 0.949439 1.08094 1.0219
0.954563 0.684936 1.08063 0.961333 0.996303 1.00935
0.944113 0.789531 1.07702 0.949397 1.0813 1.02182
0.950146 0.832197 1.04524 0.973227 0.911665 0.996808
0.958083 0.842955 1.02014 0.949356 1.08165 1.02174
end
gesture a20 hands 2
1.13204 1.12851 0.853706 0.76668 0.758292 0.973982
1.14152 1.10247 0.936865 0.781007 0.759769 0.969911
1.15946 1.07028 0.981214 0.795871 0.74769 0.992176
1.16804 0.959678 0.983893 0.810467 0.742389 1.00127
1.17463 0.905223 0.971883 0.795333 0.761246 0.965841
1.17662 0.849079 0.986571 0.825062 0.737088 1.01037
1.18069 0.796014 1.00873 0.823657 0.693874 1.05049
1.16504 0.81313 1.02568 0.80507 0.648768 1.07134
1.07951 0.871037 1.02044 0.772925 0.641707 1.10089
1.11445 0.850642 1.03153 0.756853 0.638177 1.11567
1.02893 0.908548 1.0263 0.748817 0.636411 1.12306
1.08916 0.869397 1.03446 0.770773 0.612662 1.08719
1.00363 0.927303 1.02922 0.740781 0.634646 1.13045
1.07651 0.878775 1.03592 0.705904 0.649522 1.16219
0.990984 0.936681 1.03069 0.710438 0.668136 1.15927
1.07019 0.883464 1.03665 0.712704 0.677443 1.15781
0.984661 0.94137 1.03142 0.713838 0.682096 1.15708
1.06703 0.885809 1.03702 0.714404 0.684423 1.15671
0.981499 0.943714 1.03178 0.714688 0.685587 1.15653
1.06544 0.886981 1.0372 0.670025 0.66015 1.16602
0.979918 0.944887 1.03197 0.714971 0.68675 1.15635
1.06465 0.887567 1.03729 0.785829 0.76085 1.12848
0.979127 0.945473 1.03206 0.824868 0.813654 1.11334
1.14939 0.830247 1.04262 0.844387 0.840056 1.10577
0.978337 0.946059 1.03215 0.863907 0.866459 1.0982
0.820132 0.999917 1.06013 0.902945 0.919263 1.08307
0.776799 1.03063 1.08593 0.922465 0.945665 1.0755
0.760676 1.05519 1.13527 0.939652 0.979748 1.06889
0.787132 1.05716 1.12447 0.941984 0.972067 1.06793
end
