gesture a06 hands 2
0.938574 0.482655 1.19935 0.925706 0.948372 1.06781
0.937954 0.484635 1.19221 0.930614 0.957683 1.09579
0.947404 0.613642 1.1428 0.957475 0.958436 1.04308
0.947049 0.611758 1.13691 1.00507 0.976529 1.01442
0.937334 0.486615 1.18507 1.03648 0.999748 0.977401
0.946694 0.609873 1.13103 0.998626 0.996361 0.950532
0.956233 0.744629 1.08626 0.995456 1.03581 0.908027
0.956054 0.733131 1.07699 0.960773 0.992974 0.923664
0.955964 0.727382 1.07236 0.945471 0.979653 0.944624
0.95592 0.724508 1.07004 0.942654 0.956797 1.02643
0.955897 0.72307 1.06889 0.941693 0.960255 1.03898
0.945996 0.606822 1.11984 0.935931 0.963294 1.00228
0.955886 0.722352 1.06831 0.941213 0.961984 1.04525
0.955881 0.721992 1.06802 0.940973 0.962849 1.04839
0.936095 0.490574 1.17079 0.930169 0.966332 0.965584
0.955875 0.721633 1.06773 0.940733 0.963714 1.05152
0.973893 1.0066 0.973165 0.924535 0.920619 1.1292
0.975655 0.952691 0.96467 0.951297 0.961095 1.13746
0.974741 0.904012 0.993646 0.978801 0.98008 1.08803
end
gesture a06 hands 2
0.928005 0.438638 1.2921 0.944393 0.981762 1.0923
0.912088 0.429439 1.22227 0.967577 0.971049 1.10747
0.905367 0.448999 1.1765 1.00662 0.984903 1.06535
0.942129 0.589571 1.19326 0.99272 0.996911 1.01077
0.929574 0.687135 1.11608 0.967606 0.945688 1.02193
0.954233 0.708638 1.16305 0.963967 0.958324 1.02204
0.941678 0.806202 1.08587 0.97882 1.00892 0.956188
0.960285 0.768172 1.14794 0.960329 0.97096 1.02215
0.94773 0.865736 1.07077 0.951084 0.95198 1.05513
0.963311 0.797939 1.14039 0.939837 0.929226 1.01682
0.950756 0.895503 1.06321 0.946461 0.94249 1.07162
0.964824 0.812823 1.13662 0.937526 0.924481 1.02507
0.952269 0.910387 1.05944 0.944149 0.937745 1.07986
0.96558 0.820264 1.13473 0.93637 0.922109 1.02919
0.953026 0.917828 1.05755 0.942994 0.935372 1.08399
0.978891 0.730142 1.21002 0.942416 0.934186 1.08605
0.953782 0.92527 1.05566 0.928591 0.906472 0.978519
0.955985 0.915532 1.00008 0.941838 0.933 1.08811
0.95379 0.861167 1.0074 0.93255 0.963084 1.16681
end
gesture a06 hands 2
0.900299 0.601686 1.19998 0.952952 0.963518 1.11312
0.911401 0.597062 1.20853 0.946633 0.9655 1.12646
0.947398 0.819995 1.0867 0.985526 0.971288 1.07351
0.936523 0.73744 1.11321 0.962919 0.969386 1.10666
0.922503 0.592438 1.21709 1.00181 0.975173 1.05371
0.925649 0.654886 1.13973 0.971063 0.971328 1.09676
0.927222 0.68611 1.10104 1.00996 0.977116 1.04381
0.927616 0.693916 1.09137 0.940313 0.967483 1.13981
0.960859 0.862207 1.03723 1.0181 0.979058 1.03391
0.928009 0.701722 1.0817 1.01679 1.02019 0.925781
0.928402 0.709528 1.07203 0.973523 1.00283 0.899545
0.9285 0.711479 1.06961 0.948828 0.954812 0.923744
0.961449 0.873914 1.02272 0.95838 0.932832 0.977662
0.928598 0.713431 1.0672 0.948148 0.955613 1.03433
0.928697 0.715382 1.06478 0.943033 0.967003 1.06266
0.961596 0.876841 1.01909 0.961104 0.970762 1.144
0.928746 0.716358 1.06357 0.937917 0.978394 1.09099
0.994496 1.0383 0.973412 0.935169 0.975896 1.03242
0.928795 0.717334 1.06236 0.97289 0.962306 0.994091
end
gesture a06 hands 2
0.898899 0.702814 1.11441 0.880229 0.871591 1.15114
0.935156 0.707282 1.12926 0.91694 0.809412 1.20316
0.953969 0.663128 1.16921 0.956965 0.829501 1.16637
0.971413 0.711751 1.1441 1.0462 0.911106 1.04962
0.952632 0.682413 1.13342 1.0021 0.951451 0.952966
0.950171 0.679806 1.10541 1.01032 1.00584 0.935854
0.959125 0.782001 1.07032 0.983147 1.10669 0.887218
0.953417 0.729601 1.07386 0.974178 1.15494 0.909292
0.962372 0.831796 1.03876 0.962156 1.0263 0.981384
0.95504 0.754498 1.05809 0.963682 1.11474 0.956375
0.963995 0.856693 1.02299 0.95166 0.986099 1.02847
0.955852 0.766946 1.0502 0.958434 1.09464 0.979916
0.964806 0.869141 1.0151 0.946412 0.966 1.05201
0.947709 0.6772 1.07741 0.95581 1.0846 0.991687
0.965618 0.88159 1.00721 0.943788 0.955951 1.06378
0.968768 1.07359 0.988062 0.954498 1.07957 0.997573
0.983527 1.08598 0.937015 0.942476 0.950927 1.06966
0.991128 1.03173 0.930907 0.965209 1.20319 0.931366
0.970284 0.861496 1.03762 0.941164 0.945902 1.07555
end
gesture a06 hands 2
0.93438 0.688278 1.1938 0.879858 0.74611 1.17151
0.998024 0.754399 1.10422 0.908218 0.73817 1.1665
0.994558 0.728106 1.08029 0.92658 0.721673 1.14998
0.991329 0.875158 1.01572 0.97293 0.778952 1.11604
0.983546 1.01911 1.00465 0.940346 0.928492 1.06988
0.985823 1.02066 0.977904 1.01928 0.836232 1.0821
0.978669 0.938445 1.02338 0.983485 0.857032 1.07702
0.983384 0.980327 0.987267 0.974536 0.862232 1.07574
0.976231 0.898112 1.03274 0.968799 0.996171 1.0334
0.982165 0.960161 0.991948 0.965587 0.867432 1.07447
0.975011 0.877946 1.03742 0.956638 0.872632 1.0732
0.981556 0.950078 0.994288 0.954401 0.873932 1.07288
0.974402 0.867863 1.03976 0.955375 1.00397 1.03149
0.981251 0.945037 0.995459 0.952163 0.875232 1.07257
0.974097 0.862822 1.04093 0.949926 0.876532 1.07225
0.981098 0.942516 0.996044 0.95202 1.00592 1.03101
0.973944 0.860301 1.04151 0.948808 0.877182 1.07209
0.9881 1.02221 0.951158 0.954113 1.13531 0.98978
0.973792 0.85778 1.0421 0.947689 0.877832 1.07193
end
gesture a06 hands 2
0.984913 0.548524 1.10159 0.966586 0.812679 1.12243
0.97856 0.565153 1.07798 0.994979 0.821547 1.12058
0.98288 0.592977 1.09127 1.0208 0.835106 1.07241
0.992745 0.595397 1.07106 1.04348 0.981592 0.91611
0.99266 0.793152 1.0134 1.00634 0.974677 0.873039
0.997635 0.695484 1.03213 0.9784 1.10135 0.913141
0.99755 0.89324 0.974467 0.982092 0.959812 0.982194
1.00008 0.745528 1.01266 0.966276 1.09392 0.967719
0.999995 0.943284 0.954999 0.969967 0.952379 1.03677
1.0013 0.77055 1.00293 0.960214 1.0902 0.995008
1.00122 0.968306 0.945266 0.963905 0.948662 1.06406
1.00191 0.783061 0.998063 0.957183 1.08835 1.00865
1.00183 0.980817 0.940399 0.960874 0.946804 1.07771
1.00213 0.987072 0.937965 0.955667 1.08742 1.01547
1.00261 0.597816 1.05086 0.959359 0.945875 1.08453
1.00244 0.993328 0.935532 0.958601 0.94541 1.08794
1.05385 1.00938 0.931109 0.95046 1.22803 0.953243
1.09168 1.0299 0.962219 0.957843 0.944946 1.09135
0.835383 1.15207 1.09571 0.965688 0.846989 1.13775
end
gesture a06 hands 2
0.955261 0.493412 1.20319 1.02798 0.868767 1.02753
0.995601 0.541877 1.20954 1.02667 0.876909 1.01525
0.978935 0.613675 1.1604 0.960884 0.951999 0.924329
1.03594 0.590342 1.21588 1.02536 0.885051 1.00298
1.04043 0.672305 1.17492 0.950046 0.963583 0.922248
1.00261 0.733938 1.11762 0.893789 1.03523 0.821128
1.04491 0.754267 1.13397 0.874732 1.04211 0.841516
1.06606 0.764432 1.14214 0.920318 1.0243 0.988599
1.07664 0.769515 1.14622 0.921877 1.00962 0.961648
1.11662 0.687272 1.22857 0.855675 1.049 0.861903
1.08721 0.774597 1.15031 0.923436 0.994948 0.934697
1.0725 0.818259 1.11119 0.957317 0.967922 0.971093
1.06515 0.840091 1.09162 0.974257 0.954409 0.989292
1.06148 0.851006 1.08184 0.982727 0.947652 0.998391
1.05964 0.856464 1.07695 0.986962 0.944274 1.00294
1.05872 0.859193 1.07451 0.989079 0.942585 1.00522
1.05826 0.860558 1.07328 0.946847 1.01336 1.15607
1.04996 0.974465 1.03205 0.991197 0.940896 1.00749
1.0578 0.861922 1.07206 1.00893 0.919469 0.997384
end
gesture a06 hands 2
1.01896 0.3993 1.35238 1.00058 0.90558 1.00935
1.04514 0.403625 1.33992 0.937693 0.951012 0.971815
1.08552 0.437536 1.32517 0.88444 0.98697 0.879022
1.0642 0.619469 1.21053 0.874807 0.996445 0.934279
1.02112 0.832422 1.11788 0.903841 0.998317 1.06519
1.032 0.816912 1.10688 0.928167 0.991688 1.0709
1.03218 0.79413 1.11973 1.00544 0.982665 1.11421
1.03753 0.797766 1.10781 0.952493 0.985059 1.07661
1.03771 0.774984 1.12066 0.92602 0.986256 1.0578
1.0403 0.788193 1.10827 0.929447 0.993223 1.12696
1.04047 0.765411 1.12112 0.912784 0.986854 1.0484
1.04168 0.783406 1.1085 0.922829 0.993522 1.12226
1.04186 0.760625 1.12135 0.906165 0.987154 1.0437
1.04237 0.781013 1.10861 0.91952 0.993672 1.11991
1.04255 0.758231 1.12146 0.902856 0.987303 1.04135
1.04272 0.779817 1.10867 0.917865 0.993747 1.11873
1.04289 0.757035 1.12152 0.901202 0.987378 1.04018
1.04289 0.801402 1.09588 0.932874 1.00019 1.19611
1.04324 0.755838 1.12158 0.899547 0.987453 1.039
end
gesture a06 hands 2
1.0266 0.481231 1.34075 1.01593 0.936819 1.03544
1.0456 0.481006 1.31802 1.01327 0.941865 1.00628
1.08866 0.511082 1.29494 0.971008 0.953944 0.973489
1.07298 0.536868 1.27543 0.924323 0.962226 0.940747
1.06422 0.697106 1.18428 0.890744 0.99405 0.941255
1.0573 0.562653 1.25591 0.893552 1.00007 0.969182
1.04162 0.588439 1.23639 0.944762 0.992116 1.03512
1.0377 0.594885 1.23151 0.922619 0.997262 1.06115
1.0407 0.735784 1.15501 0.89636 1.00609 0.99711
1.03378 0.601331 1.22664 0.900476 1.00241 1.08718
1.02986 0.607778 1.22176 0.902534 1.00057 1.13222
1.02888 0.60939 1.22054 0.903563 0.999647 1.15473
1.03482 0.745453 1.14769 0.99878 0.990182 1.12899
1.0279 0.611001 1.21932 0.904592 0.998727 1.17725
1.02692 0.612612 1.2181 0.885455 0.994128 1.15154
1.03335 0.747871 1.14586 0.923754 0.975384 1.06752
1.02643 0.613418 1.21749 0.91012 0.978327 0.987875
1.03978 0.883129 1.07362 0.962053 0.95664 0.983507
1.02594 0.614224 1.21688 1.00323 0.925209 1.05261
end
gesture a06 hands 2
1.01321 0.636498 1.1382 0.976539 0.947871 1.03295
1.01476 0.646107 1.12699 0.961219 0.970339 0.951658
0.983483 0.791269 1.06111 0.919327 0.977313 0.923623
0.993832 0.756147 1.08403 0.897691 0.994411 0.919698
1.01631 0.655717 1.11578 0.944652 0.975211 0.973057
1.00418 0.721025 1.10694 0.910354 0.993361 0.944414
0.998114 0.75368 1.10252 0.957315 0.97416 0.997773
0.996598 0.761843 1.10141 0.916686 0.992835 0.956773
0.975935 0.84986 1.04327 0.963647 0.973634 1.01013
0.995081 0.770007 1.10031 0.919851 0.992572 0.962952
0.993564 0.77817 1.09921 0.966812 0.973372 1.01631
0.993185 0.780211 1.09893 0.921434 0.992441 0.966041
0.973661 0.862105 1.04162 0.968395 0.97324 1.0194
0.992806 0.782252 1.09865 0.922226 0.992375 0.967586
0.992427 0.784293 1.09838 0.969187 0.973175 1.02095
0.973092 0.865167 1.0412 0.969582 0.973142 1.02172
0.992238 0.785313 1.09824 0.876056 1.01151 0.915772
0.953757 0.94604 0.984027 0.969978 0.973109 1.02249
0.992048 0.786334 1.0981 0.980977 0.949312 1.02912
end
gesture a06 hands 2
1.00849 0.603299 1.2385 0.952563 0.926765 1.06045
1.00735 0.603027 1.20853 0.975029 0.930648 1.07973
0.997482 0.608216 1.19055 0.960744 0.928696 1.07929
1.00672 0.621773 1.16806 0.956621 0.946393 1.03366
1.01808 0.724813 1.17521 0.959434 0.933631 1.09067
1.01702 0.680071 1.16039 0.955221 0.946449 1.05628
1.02837 0.783111 1.16754 0.952497 0.964091 0.988031
1.02217 0.709221 1.15656 0.951007 0.959267 1.0219
1.03352 0.812261 1.16371 0.958123 0.938566 1.10204
1.02474 0.723795 1.15464 0.949518 0.954443 1.05578
1.0361 0.826835 1.16179 0.945215 0.962382 1.03264
1.02603 0.731083 1.15368 0.943064 0.966351 1.02108
1.03738 0.834123 1.16083 0.941989 0.968336 1.01529
1.03803 0.837766 1.16035 0.941451 0.969328 1.0124
1.01596 0.63533 1.14557 0.94425 0.999486 0.896771
1.03867 0.84141 1.15987 0.940913 0.970321 1.00951
0.984879 0.93524 1.0408 0.955502 0.948436 1.1248
0.955035 0.905177 1.00819 0.937576 0.941155 1.12225
0.962458 0.8308 1.05188 0.928477 0.960708 1.03949
end
gesture a06 hands 2
1.0248 0.658038 1.22124 0.958196 0.955352 0.983806
1.01042 0.65895 1.19499 0.952693 0.944999 1.01268
1.02729 0.687058 1.11813 0.932501 0.963875 0.9603
1.01537 0.766902 1.08873 0.92943 0.981006 0.94924
1.04543 0.709438 1.12076 0.939764 0.962198 1.00166
1.02849 0.769038 1.09537 0.92636 0.998137 0.938181
1.00345 0.846746 1.05934 0.936144 0.988989 0.977882
1.01154 0.828638 1.06997 0.947028 0.960521 1.04303
1.01559 0.819584 1.07529 0.945929 0.979841 1.01758
1.01761 0.815057 1.07795 0.945379 0.989502 1.00486
1.06357 0.731818 1.12339 0.945104 0.994332 0.998497
1.01963 0.81053 1.08061 0.944966 0.996747 0.995316
0.997665 0.849886 1.05921 0.920218 1.0324 0.916061
0.986681 0.869564 1.04852 0.944829 0.999162 0.992136
0.981189 0.879403 1.04317 0.957134 0.982543 1.03017
0.978443 0.884323 1.04049 0.963287 0.974234 1.04919
0.97707 0.886782 1.03916 0.961555 0.957167 1.12576
0.979621 1.00643 1.00056 0.96944 0.965924 1.06821
0.975697 0.889242 1.03782 0.968967 0.964556 1.03837
end
gesture a06 hands 2
1.00558 0.367983 1.20558 0.960651 0.953341 1.03838
1.00849 0.374159 1.1765 0.98316 0.951431 1.01876
1.06272 0.383839 1.18887 0.969242 0.988969 0.982831
1.07724 0.500641 1.19144 0.976077 0.980508 1.01168
1.03244 0.691918 1.14537 0.991605 0.973996 1.0366
1.06209 0.65468 1.16969 0.982913 0.972047 1.04053
1.0173 0.845957 1.12362 0.985995 0.984809 1.04412
1.05452 0.7317 1.15882 0.973765 0.988438 1.02037
1.00973 0.922976 1.11275 0.987535 0.99119 1.04591
1.05074 0.77021 1.15338 0.974535 0.991628 1.02127
1.00594 0.961486 1.10731 0.988306 0.99438 1.04681
1.04885 0.789465 1.15066 0.97492 0.993224 1.02172
1.00405 0.980741 1.10459 0.988691 0.995976 1.04726
1.00311 0.990369 1.10323 0.988883 0.996773 1.04749
1.09175 0.617443 1.19401 0.961535 0.992067 0.996619
1.00216 0.999996 1.10187 0.989076 0.997571 1.04771
0.963555 1.09233 0.973816 0.989784 0.999881 1.05339
0.967586 1.06193 0.9291 0.97424 0.967587 1.04666
0.976395 0.80967 1.02392 0.970345 0.955008 1.04598
end
gesture a06 hands 2
1.01106 0.386817 1.20474 0.962045 0.964156 1.00152
1.02308 0.380288 1.2106 1.00193 0.966759 0.962286
1.01166 0.614508 1.15328 0.999021 0.94239 1.01536
1.02338 0.494133 1.18487 0.948657 0.995652 0.983964
1.01197 0.728354 1.12755 0.949203 1.00496 1.02212
1.02353 0.551056 1.17201 0.981353 0.978743 1.05256
1.01212 0.785276 1.11469 0.977859 0.970743 0.998426
1.02361 0.579517 1.16558 0.991754 0.997352 1.01727
1.01219 0.813738 1.10826 0.978344 0.968151 1.0573
1.02365 0.593748 1.16236 0.973849 0.997101 1.04137
1.01223 0.827968 1.10504 0.979455 0.980834 1.04589
1.02367 0.600863 1.16075 0.970932 0.968114 1.0676
1.01225 0.835084 1.10344 0.974131 0.96791 1.01382
1.0351 0.373758 1.21646 0.96827 0.961651 1.05156
1.01227 0.842199 1.10183 0.97147 0.961447 0.997783
0.97478 1.09959 1.06529 0.966939 0.95842 1.04354
0.976431 1.14238 1.04252 0.970139 0.958216 0.989766
0.951826 1.12012 0.942494 0.962408 0.955393 1.0893
0.977722 0.855793 1.05452 0.968808 0.954985 0.981748
end
gesture a06 hands 2
0.934385 0.386387 1.13392 0.969499 0.93759 1.07482
0.943711 0.400329 1.12052 0.976515 0.947657 1.04778
0.942796 0.555362 1.11473 0.96536 0.997942 1.02287
0.953185 0.553882 1.10517 0.964524 0.992192 1.02796
0.953036 0.414271 1.10712 0.975 0.958952 1.03261
0.963574 0.552402 1.09561 0.963688 0.986442 1.03305
0.951206 0.724336 1.09554 0.962853 0.980692 1.03814
0.974112 0.690533 1.08411 0.962644 0.979255 1.03941
0.985565 0.673631 1.07839 0.973746 0.950328 1.04025
0.991292 0.66518 1.07553 0.962435 0.977817 1.04069
0.994155 0.660954 1.0741 0.962226 0.97638 1.04196
0.971687 0.442156 1.08032 0.962174 0.97602 1.04228
0.997018 0.656729 1.07267 0.973433 0.948171 1.04216
1.00968 0.764015 1.06885 0.962121 0.975661 1.04259
1.01602 0.817659 1.06693 0.962069 0.975301 1.04291
1.01918 0.84448 1.06598 0.962043 0.975122 1.04307
1.02077 0.857891 1.0655 0.98464 0.919963 1.04236
0.968026 1.06229 1.05716 0.962017 0.974942 1.04323
1.02235 0.871302 1.06502 0.956303 0.978159 1.04901
end
gesture a06 hands 2
0.93412 0.504427 1.1806 0.953143 0.944267 1.07119
0.962988 0.500497 1.18716 0.96173 0.936771 1.06164
0.994649 0.530043 1.1505 0.955913 0.964406 1.05317
0.99902 0.731685 1.07431 0.963115 0.946841 1.05262
0.982972 0.937793 1.04354 0.957298 0.974475 1.04416
0.993181 0.93556 1.02083 0.963807 0.951875 1.04812
0.97861 0.821882 1.07171 0.957991 0.979509 1.03966
0.991 0.877604 1.03492 0.964153 0.954392 1.04587
0.976429 0.763927 1.08579 0.958337 0.982027 1.03741
0.989909 0.848626 1.04196 0.964326 0.955651 1.04475
0.975338 0.734949 1.09284 0.95851 0.983285 1.03629
0.989364 0.834137 1.04548 0.964413 0.95628 1.04418
0.974793 0.72046 1.09636 0.958596 0.983915 1.03572
0.989092 0.826893 1.04724 0.964456 0.956595 1.0439
0.974521 0.713215 1.09812 0.95864 0.984229 1.03544
0.988955 0.823271 1.04812 0.970316 0.929275 1.05208
0.974384 0.709593 1.099 0.958683 0.984544 1.03516
1.00339 0.933326 0.998129 0.964324 0.989385 1.03979
0.974248 0.705971 1.09988 0.959171 0.95185 1.03455
end
gesture a06 hands 2
0.885489 0.465806 1.15264 0.966375 0.93501 1.06306
0.951145 0.730489 1.1023 0.9655 0.94174 1.05842
0.969079 0.997325 1.03534 0.963569 0.965016 1.036
0.99294 0.996249 1.04365 0.964625 0.94847 1.05379
0.983069 0.881481 1.06763 0.963749 0.9552 1.04915
0.999935 0.938327 1.0598 0.96353 0.956882 1.04799
0.990064 0.823559 1.08378 0.962256 0.97511 1.02904
1.00343 0.909366 1.06787 0.963312 0.958565 1.04683
0.993562 0.794598 1.09185 0.963093 0.960248 1.04567
1.00518 0.894885 1.0719 0.963038 0.960668 1.04538
0.99531 0.780118 1.09588 0.961927 0.977634 1.0273
1.00606 0.887645 1.07392 0.962983 0.961089 1.04509
0.996185 0.772877 1.0979 0.962929 0.961509 1.0448
1.00649 0.884025 1.07493 0.961845 0.978265 1.02686
0.996622 0.769257 1.09891 0.962901 0.96172 1.04465
1.00671 0.882215 1.07544 0.962888 0.961825 1.04458
0.99684 0.767447 1.09942 0.960762 0.995021 1.00893
1.0168 0.995173 1.05196 0.962874 0.96193 1.04451
0.997059 0.765637 1.09992 0.960606 0.928147 1.09323
end
gesture a06 hands 2
0.95893 0.399252 1.19628 0.972753 0.94443 1.07364
0.958319 0.404828 1.2256 0.981634 0.963418 1.05224
0.964305 0.408179 1.22913 0.957376 1.00144 1.01453
0.962655 0.410738 1.21491 0.963573 0.997666 1.01431
0.966598 0.553362 1.16575 0.961741 1.00518 0.97716
0.965696 0.552437 1.15344 0.947034 0.963338 0.999557
0.961006 0.413296 1.20068 0.965341 0.91131 0.998342
0.964794 0.551512 1.14112 0.967502 0.930457 1.0209
0.96889 0.698545 1.10238 0.958434 0.912513 1.01273
0.968582 0.689727 1.08157 0.969664 0.949604 1.04346
0.968428 0.685318 1.07116 0.966642 0.94433 1.04851
0.968351 0.683114 1.06596 0.951526 0.913716 1.02711
0.968313 0.682012 1.06335 0.96362 0.939057 1.05357
0.968293 0.681461 1.06205 0.969667 0.951727 1.06679
0.957706 0.418413 1.17222 0.972691 0.958062 1.07341
0.968274 0.68091 1.06075 0.973986 0.987898 1.08857
0.973475 0.988911 0.975631 0.975714 0.964397 1.08002
0.978843 0.943407 0.949283 0.984698 0.947652 1.06455
0.980664 0.890953 0.96823 0.993382 0.975351 1.05727
end
gesture a06 hands 2
0.976591 0.494545 1.26651 0.974458 0.993958 1.05833
0.9588 0.474419 1.279 0.950905 0.981097 1.04565
0.954702 0.496381 1.25092 0.951848 0.982684 1.04574
0.963344 0.696153 1.12646 0.951 0.934164 1.01591
0.96787 0.927441 1.03968 0.953716 0.886726 1.0053
0.969928 0.911682 1.02083 0.951934 0.886185 0.995692
0.972362 0.850105 1.05275 0.949294 0.905234 1.01673
0.972174 0.873014 1.02737 0.949723 0.895439 1.00141
0.974607 0.811437 1.05928 0.947083 0.914488 1.02244
0.973297 0.85368 1.03063 0.948618 0.900066 1.00426
0.97573 0.792103 1.06254 0.945978 0.919115 1.0253
0.973858 0.844013 1.03227 0.950153 0.885643 0.986085
0.976292 0.782436 1.06418 0.944872 0.923743 1.02816
0.974139 0.83918 1.03308 0.942232 0.942792 1.04919
0.976572 0.777602 1.06499 0.940911 0.952317 1.05971
0.974279 0.836763 1.03349 0.959074 0.984322 1.09402
0.976713 0.775186 1.0654 0.962134 0.978821 1.07724
0.971986 0.895924 1.00199 0.939591 0.961842 1.07023
0.976853 0.772769 1.06581 0.965193 0.97332 1.06047
end
gesture a06 hands 2
0.953679 0.520025 1.24903 0.989489 0.97035 0.995739
0.966513 0.709936 1.11825 0.965606 0.974414 1.00647
0.979916 0.941938 1.01887 0.98002 0.99846 0.994766
0.979632 0.920892 1.00317 0.960871 0.988469 1.00598
0.979586 0.844233 1.06303 0.967012 0.967122 0.989731
0.979467 0.87204 1.02525 0.954368 0.972799 1.00347
0.979421 0.79538 1.08511 0.960508 0.951453 0.987213
0.979384 0.847613 1.03629 0.951115 0.964965 1.00221
0.979338 0.770954 1.09615 0.957256 0.943618 0.985955
0.979342 0.8354 1.04181 0.941723 0.978477 1.0172
0.979297 0.758741 1.10167 0.954004 0.935784 0.984696
0.979322 0.829293 1.04457 0.9818 0.915517 0.994775
0.979276 0.752635 1.10443 0.960235 0.924945 1.03601
0.979312 0.82624 1.04595 0.966326 0.9468 1.07358
0.979266 0.749581 1.10581 0.967122 0.964952 1.12555
0.979307 0.824714 1.04664 0.952698 0.976346 1.13562
0.979261 0.748055 1.1065 0.976506 0.972093 1.10399
0.979347 0.899846 0.987461 0.96471 0.982536 1.06253
0.979256 0.746528 1.10719 0.969038 1.01748 1.02713
end
gesture a06 hands 2
0.960498 0.395035 1.22449 0.956529 0.969592 1.05935
0.97939 0.414244 1.19322 0.9583 0.972906 1.02073
0.969412 0.659496 1.11633 0.952618 0.981487 1.03247
0.983847 0.546474 1.13914 0.956344 0.978853 1.00729
0.983557 0.658791 1.09478 0.956348 0.97386 1.04243
0.990919 0.546121 1.12837 0.95821 0.97504 1.01227
0.990629 0.658438 1.08401 0.958213 0.970047 1.04742
0.994455 0.545945 1.12298 0.959142 0.973133 1.01476
0.994165 0.658262 1.07862 0.959145 0.96814 1.04991
0.996223 0.545857 1.12028 0.959608 0.97218 1.01601
0.995933 0.658174 1.07592 0.959612 0.967186 1.05115
0.997108 0.545813 1.11894 0.959841 0.971703 1.01663
0.996817 0.65813 1.07458 0.959845 0.96671 1.05178
0.997259 0.658108 1.0739 0.959958 0.971465 1.01694
0.998282 0.433452 1.16195 0.959961 0.966471 1.05209
0.997701 0.658085 1.07323 0.960071 0.97622 0.982103
0.978327 0.923957 1.00817 0.960078 0.966233 1.0524
0.99712 0.882719 0.984512 0.951293 0.973783 1.11073
0.990269 0.763645 1.04603 0.928435 0.978576 1.09194
end
gesture a06 hands 2
0.966558 0.329468 1.31543 0.946438 0.966494 1.08175
0.964995 0.582726 1.17273 0.948584 0.969447 1.03893
0.965589 0.864613 1.06188 0.96911 0.936736 1.06794
0.964511 0.850298 1.04596 0.959533 0.955314 1.05468
0.965003 0.825055 1.05456 0.95073 0.972399 0.996116
0.964218 0.830519 1.0423 0.949956 0.973891 1.04141
0.964711 0.805276 1.0509 0.949569 0.974638 1.06406
0.964071 0.820629 1.04047 0.970676 0.940807 1.0591
0.964564 0.795387 1.04907 0.949376 0.975011 1.07539
0.963998 0.815685 1.03956 0.970579 0.940994 1.06476
0.964491 0.790442 1.04816 0.949279 0.975197 1.08105
0.963962 0.813212 1.0391 0.970531 0.941087 1.06759
0.964455 0.787969 1.0477 0.94923 0.975291 1.08388
0.963943 0.811976 1.03887 0.970507 0.941134 1.069
0.964436 0.786733 1.04747 0.949206 0.975337 1.08529
0.963934 0.811358 1.03875 0.970495 0.941157 1.06971
0.964427 0.786115 1.04735 0.949194 0.975361 1.086
0.963432 0.835983 1.03004 0.991783 0.906977 1.05413
0.964418 0.785497 1.04724 0.949182 0.975384 1.08671
end
gesture a06 hands 2
0.959965 0.454241 1.31966 0.948412 0.969923 1.06503
0.95739 0.442416 1.30487 0.950608 0.954832 1.0512
0.95883 0.443081 1.34735 0.949548 0.958594 1.03744
0.956823 0.436835 1.31871 0.951177 0.949167 1.03741
0.967182 0.565534 1.24143 0.955927 0.96199 1.03795
0.960999 0.498062 1.26575 0.954366 0.950865 1.03767
0.971358 0.626761 1.18848 0.959117 0.963687 1.03821
0.963087 0.528675 1.23927 0.955961 0.951714 1.03779
0.973446 0.657374 1.162 0.960712 0.964536 1.03833
0.964131 0.543982 1.22603 0.956758 0.952139 1.03786
0.974491 0.672681 1.14876 0.96151 0.964961 1.0384
0.964653 0.551635 1.21941 0.957157 0.952351 1.03789
0.975013 0.680334 1.14214 0.961908 0.965173 1.03843
0.954816 0.43059 1.29007 0.952805 0.939741 1.03738
0.975534 0.687988 1.13552 0.962307 0.965385 1.03846
0.985894 0.816686 1.05824 0.970073 0.97478 1.04627
0.968614 0.96391 1.02311 0.973956 0.979478 1.05017
0.996253 0.945385 0.980965 0.986308 1.00107 1.04507
1.00919 0.892997 0.981859 0.977839 0.984175 1.05407
end
gesture a06 hands 2
0.981677 0.451286 1.3109 0.945155 0.942921 1.07674
0.983282 0.449789 1.30377 0.949445 0.956992 1.05078
0.98031 0.545877 1.2494 0.976716 0.955873 1.01029
0.981168 0.537392 1.24698 0.960429 0.962407 1.02562
0.984887 0.448293 1.29665 0.953553 0.951738 1.04802
0.982025 0.528907 1.24456 0.948848 0.96034 1.04448
0.978943 0.640468 1.18791 0.941971 0.94967 1.06688
0.979164 0.609522 1.19247 0.943057 0.959306 1.05392
0.979275 0.594048 1.19476 0.936181 0.948637 1.07632
0.97933 0.586312 1.1959 0.940162 0.958789 1.05863
0.979357 0.582443 1.19647 0.933285 0.94812 1.08103
0.983727 0.513872 1.23943 0.938714 0.958531 1.06099
0.979371 0.580509 1.19675 0.931838 0.947861 1.08339
0.988096 0.4453 1.2824 0.93799 0.958402 1.06217
0.979385 0.578575 1.19704 0.931114 0.947732 1.08457
0.975029 0.645213 1.15436 0.930752 0.947668 1.08516
0.972852 0.678532 1.13301 0.944143 0.968942 1.04095
0.976209 0.82965 1.06492 0.93039 0.947603 1.08575
0.970674 0.711851 1.11167 0.926087 0.950611 1.14333
end
gesture a06 hands 2
0.959482 0.42726 1.29373 0.929689 0.952635 1.12019
0.964444 0.520405 1.22835 0.92827 0.955533 1.1058
0.969575 0.640635 1.16943 0.939803 0.959327 1.07924
0.96949 0.627093 1.1662 0.926852 0.958431 1.0914
0.971971 0.673666 1.13352 0.945696 0.950574 1.08841
0.970688 0.643608 1.14825 0.947806 0.958297 1.06334
0.973169 0.690181 1.11556 0.955118 0.946645 1.08691
0.971287 0.651865 1.13927 0.952517 0.956332 1.06259
0.973768 0.698438 1.10658 0.959829 0.944681 1.08616
0.971586 0.655994 1.13478 0.954872 0.95535 1.06222
0.974067 0.702567 1.10209 0.962184 0.943699 1.08578
0.971736 0.658058 1.13254 0.95605 0.954859 1.06203
0.974217 0.704631 1.09985 0.963362 0.943208 1.0856
0.969405 0.61355 1.16298 0.956639 0.954614 1.06194
0.974366 0.706695 1.0976 0.963951 0.942963 1.0855
0.976847 0.753268 1.06492 0.956934 0.954491 1.06189
0.978088 0.776555 1.04857 0.964246 0.94284 1.08546
0.979668 0.854011 1.04513 0.949916 0.966019 1.03828
0.979328 0.799841 1.03223 0.96454 0.942717 1.08541
end
gesture a06 hands 2
0.961049 0.416514 1.26442 0.917127 0.940491 1.12664
0.972698 0.413271 1.27295 0.922734 0.941007 1.12111
0.969707 0.598786 1.19041 0.933437 0.946077 1.09122
0.977027 0.504408 1.23594 0.928342 0.941522 1.11558
0.974036 0.689922 1.1534 0.933949 0.942037 1.11005
0.979191 0.549976 1.21744 0.935351 0.942166 1.10867
0.9762 0.73549 1.1349 0.941848 0.94685 1.08293
0.980274 0.57276 1.20819 0.936753 0.942295 1.10729
0.977283 0.758274 1.12565 0.938155 0.942424 1.10591
0.980815 0.584152 1.20357 0.938506 0.942456 1.10557
0.977824 0.769666 1.12103 0.943951 0.947043 1.08086
0.981085 0.589847 1.20125 0.938856 0.942489 1.10522
0.978094 0.775362 1.11871 0.939207 0.942521 1.10488
0.981221 0.592695 1.2001 0.944477 0.947091 1.08034
0.97823 0.77821 1.11756 0.939382 0.942537 1.1047
0.984347 0.410029 1.28148 0.939469 0.942545 1.10462
0.978365 0.781058 1.1164 0.949747 0.951662 1.05581
0.977548 0.766906 1.0793 0.939557 0.942553 1.10453
0.975953 0.739025 1.08706 0.930888 0.921718 1.12428
end
gesture a15 hands 2
0.996703 0.920909 1.03304 1.04375 0.966964 1.0847
0.961273 0.931557 1.04546 1.02889 0.963313 1.05924
1.00727 0.98315 1.09268 0.974291 0.957349 1.05004
0.925842 0.942206 1.05788 0.920746 0.946889 1.07267
0.938789 0.962997 1.0874 0.86776 0.957924 1.05658
0.945262 0.973392 1.10216 0.863609 0.965138 1.02746
1.01783 1.04539 1.15233 0.948155 0.95656 1.04826
0.984783 1.01459 1.13462 0.903807 0.964456 1.0233
0.992598 0.989341 1.05308 0.988353 0.955879 1.0441
0.972166 0.986564 1.085 0.923906 0.964115 1.02122
0.979981 0.961316 1.00346 1.00845 0.955538 1.04202
0.965858 0.972552 1.06019 0.933955 0.963945 1.02018
0.973673 0.947303 0.978643 1.0185 0.955367 1.04098
0.962704 0.965546 1.04778 0.93898 0.96386 1.01966
0.970519 0.940297 0.966236 1.02353 0.955282 1.04046
0.961127 0.962043 1.04158 1.02604 0.95524 1.0402
0.968942 0.936794 0.960033 0.859459 0.972352 0.998347
0.951735 0.983788 1.11692 1.02855 0.955197 1.03994
0.967365 0.933291 0.95383 1.03607 0.955954 1.06888
end
gesture a15 hands 2
0.948947 0.958925 1.02848 1.00561 0.98008 1.09498
0.932111 0.949748 1.05399 1.00867 0.97763 1.06568
0.928711 0.937236 1.02407 0.968627 0.975786 1.06052
0.915274 0.940571 1.0795 0.919038 0.964739 1.08854
0.931677 0.96779 1.12865 0.86761 0.954687 1.06113
0.966244 1.00607 1.13479 0.839372 0.968804 1.02129
0.983591 1.03743 1.19707 0.89545 0.963269 1.01258
1.00081 1.04435 1.14094 0.853292 0.973094 0.997015
0.987338 1.03434 1.08731 0.90937 0.96756 0.988303
0.953364 0.998731 1.09336 0.860252 0.97524 0.984876
0.970749 0.963709 1.09942 0.91633 0.969705 0.976164
0.984937 0.954275 1.07629 0.863732 0.976313 0.978807
0.980196 0.953202 1.03168 0.91981 0.970778 0.970095
0.999125 0.944842 1.05315 0.92155 0.971315 0.967061
0.997358 0.944582 1.01167 0.811135 0.98292 0.981449
0.989642 0.942694 0.963945 0.92329 0.971851 0.964026
0.995591 0.944322 0.970188 1.00287 0.956694 1.04639
1.0275 0.925974 1.00689 1.05137 0.973715 1.02956
1.00154 0.94595 0.976432 1.06024 0.973045 1.00112
end
gesture a15 hands 2
0.869435 0.87674 0.980579 1.01967 0.961425 1.06448
0.875809 0.863076 1.00634 1.01134 0.964639 1.09308
0.871203 0.884156 1.02702 0.95397 0.97052 1.0816
0.8847 0.884368 1.02096 0.852722 0.966542 1.02141
0.968524 0.974689 1.0407 0.842713 0.995027 0.959788
0.898198 0.88458 1.0149 0.950955 0.960278 0.968325
0.911695 0.884792 1.00884 1.00613 0.970132 0.984885
0.915069 0.884845 1.00732 1.05051 0.980222 0.957314
0.988773 0.975006 1.03161 1.07384 0.977763 1.01089
0.918444 0.884898 1.00581 1.05058 0.9748 1.01695
0.921818 0.884951 1.00429 0.97324 0.968647 1.03903
0.922661 0.884964 1.00392 1.00028 0.970241 1.03101
0.993834 0.975085 1.02934 0.92294 0.964089 1.05309
0.923505 0.884977 1.00354 0.97513 0.967963 1.03805
0.924348 0.884991 1.00316 0.89779 0.96181 1.06013
1.06585 1.06522 1.05438 0.962555 0.966823 1.04156
0.925192 0.885004 1.00278 0.885215 0.96067 1.06364
0.869378 0.88225 1.01955 1.02732 0.971836 1.023
0.831027 0.890434 1.04846 0.87264 0.959531 1.06716
end
gesture a15 hands 2
1.05766 0.895815 1.13403 0.979749 0.956037 1.10144
1.05197 0.897528 1.10485 0.970226 0.951658 1.07361
1.01525 0.917409 1.10694 0.980658 0.938809 1.08897
0.998089 0.941594 1.05878 0.873736 0.949419 1.1039
0.951702 0.946492 1.06359 0.838971 0.946578 1.06167
0.913844 0.969537 1.03229 0.847611 0.941652 1.037
0.872481 0.984357 0.99814 0.91009 0.943721 1.0641
0.875986 0.992581 1.00099 0.88317 0.940223 1.03822
0.863062 0.991994 1.05307 0.94565 0.942293 1.06532
0.888258 0.988631 1.04182 0.90095 0.939509 1.03882
0.958681 0.948834 1.0761 0.963429 0.941578 1.06592
0.936067 0.967051 1.05334 0.90984 0.939152 1.03913
1.00649 0.927254 1.08762 0.972319 0.941221 1.06623
0.959972 0.956261 1.0591 0.914285 0.938974 1.03928
1.0304 0.916464 1.09338 0.976764 0.941043 1.06638
0.971924 0.950866 1.06198 0.978987 0.940953 1.06645
1.04235 0.911069 1.09626 0.856251 0.936726 1.01233
0.913453 0.985268 1.03057 0.981209 0.940864 1.06653
1.0543 0.905674 1.09914 1.00491 0.947532 1.11758
end
gesture a15 hands 2
1.07781 0.948645 1.05149 1.05826 0.976287 1.07286
1.05081 0.937028 1.05582 1.03301 0.966105 1.06029
1.035 0.935095 1.11209 0.988437 0.962024 1.03247
1.01606 0.947482 1.10931 0.953442 0.955294 1.0262
1.01881 0.944829 1.05906 1.01267 0.976637 1.0801
0.979916 0.969198 1.04367 0.918446 0.948564 1.01992
0.997122 0.959868 1.10654 0.887347 0.978933 1.00047
0.941022 0.993568 1.02828 0.866318 0.969173 1.01829
0.912972 1.01042 0.989148 0.918106 0.972715 0.992382
0.857135 1.02127 0.952151 0.881697 0.966064 1.01425
0.884923 1.02727 0.950015 0.933486 0.969607 0.988338
0.898101 1.01206 0.969586 0.889387 0.96451 1.01222
0.950006 0.977812 1.03012 0.941175 0.968052 0.986316
0.930643 0.987327 1.00964 0.893232 0.963733 1.01121
0.982548 0.953083 1.07017 0.94502 0.967275 0.985305
0.946914 0.974963 1.02966 0.845289 0.959413 1.03611
0.998819 0.940719 1.09019 0.948865 0.966498 0.984294
0.911279 0.996843 0.989157 1.00341 0.973467 1.00642
1.01509 0.928354 1.11022 0.946389 0.9568 1.05782
end
gesture a15 hands 2
1.03689 0.896549 1.06544 1.09328 0.968837 1.03822
1.05206 0.888835 1.09007 1.1166 0.954294 1.02666
1.03339 0.866947 1.09509 1.06046 0.94627 1.03784
1.00028 0.885516 1.08004 0.952455 0.947048 1.07944
0.95698 0.98544 1.04059 0.767105 0.983659 1.16458
0.897521 1.07558 1.01789 0.727441 0.981446 1.13629
0.840992 1.0993 0.963906 0.803686 0.994893 0.982473
0.865659 1.04955 0.968601 0.798624 0.999076 1.01124
0.85296 1.09562 0.985836 0.98266 0.9819 0.988886
0.890326 0.999792 0.973296 0.888111 0.99258 1.01444
0.918243 0.993914 0.978489 1.07215 0.975403 0.992093
0.970831 0.969612 0.991608 0.932857 0.989331 1.01605
1.01835 0.948019 0.993198 1.11689 0.972154 0.993697
1.02342 0.945309 1.00473 0.955226 0.987707 1.01685
1.02595 0.943954 1.01049 1.13926 0.97053 0.994498
0.946159 0.988037 0.983682 0.966412 0.986895 1.01725
1.02849 0.9426 1.01626 1.15044 0.969718 0.994899
1.14637 0.896246 1.0131 0.793563 1.00326 1.04
1.11082 0.897162 1.04883 1.16163 0.968906 0.9953
end
gesture a15 hands 2
1.09836 0.875281 1.07378 1.07552 0.984099 1.01602
1.07028 0.870683 1.06447 1.06158 0.961873 1.00183
1.03539 0.876056 1.06039 1.07173 0.94947 0.948614
1.01278 0.87885 1.05343 1.12457 0.960293 0.939438
1.04814 0.898031 1.09079 1.08774 0.948861 1.04941
1.04717 0.884573 1.07759 0.984229 0.970997 1.04932
1.01639 0.925665 1.05122 0.98144 0.97895 0.925732
1.0462 0.871115 1.0644 0.880717 0.993133 1.04923
0.984644 0.9533 1.01165 0.906894 0.973598 1.05416
0.934556 1.05249 0.98516 0.920048 0.985279 0.998564
0.893567 1.09499 0.977883 0.880107 0.989927 0.975297
0.853091 1.13274 0.966059 0.852928 0.98629 1.05116
0.893407 1.10128 0.951567 0.945738 0.973873 0.989103
0.92202 1.05277 0.965617 0.885743 0.978263 1.05806
0.970135 0.994365 1.00655 0.978554 0.965847 0.996006
0.979011 0.929071 1.05388 0.994962 0.961833 0.999458
1.01825 0.93596 1.04748 0.825749 0.982652 1.12702
1.07175 0.926449 1.07085 1.01137 0.95782 1.00291
1.09606 0.904498 1.02584 1.17952 0.974939 0.968395
end
gesture a15 hands 2
1.10432 0.908183 1.13991 1.18446 1.07747 1.12622
1.02625 0.890609 1.10554 1.18476 1.06298 1.12277
0.992429 0.886914 1.05218 1.11977 1.01803 1.13511
0.978281 0.877488 1.06113 1.15241 1.03326 1.12721
0.948175 0.873035 1.07117 1.08743 0.988307 1.13955
0.964133 0.868062 1.07007 1.13624 1.0184 1.12943
0.969674 0.875667 1.06789 1.07126 0.973445 1.14177
0.953941 0.902052 1.03266 1.12815 1.01097 1.13054
0.956836 0.952323 1.0366 1.06317 0.966014 1.14288
0.955256 1.01672 1.0316 1.18505 1.04849 1.11931
0.954466 1.04891 1.0291 1.05509 0.958583 1.14399
0.938266 1.06148 1.00637 0.998661 0.945556 1.14527
0.954071 1.06501 1.02785 0.993773 0.917211 1.14167
0.953874 1.07306 1.02723 1.00859 0.917381 1.0928
0.922065 1.07405 0.983631 0.950936 0.940085 1.01913
0.953676 1.08111 1.0266 0.948614 0.953546 0.939735
0.975364 1.0956 1.0201 0.893277 0.96279 0.945447
0.968434 1.04289 1.00752 0.932242 0.985423 0.903186
0.999767 0.996775 1.01878 0.894542 1.00912 0.984341
end
gesture a15 hands 2
0.950837 0.927744 1.05365 0.995904 0.969623 1.03134
0.962346 0.927163 1.02627 1.01869 0.975235 1.04917
0.93342 0.92898 1.05539 1.01473 0.963712 1.05415
1.01371 1.00047 1.0552 0.97914 0.963848 1.06154
0.959654 0.958718 1.05092 0.94876 0.953259 1.05349
1.02682 1.01534 1.05296 0.913256 0.995061 1.0449
0.927283 0.95328 1.01508 0.885578 1.01105 1.02807
1.01064 1.01262 1.03504 0.903607 0.996221 1.03583
0.911098 0.950562 0.997161 0.900062 0.997033 1.00728
1.00254 1.01126 1.02608 0.921636 0.981393 1.04358
0.903005 0.949203 0.988201 0.926028 0.97695 1.03568
0.998498 1.01058 1.0216 0.928224 0.974729 1.03173
0.898959 0.948523 0.983721 0.914546 0.983016 0.986489
0.996475 1.01024 1.01936 0.930421 0.972508 1.02777
0.896936 0.948183 0.981481 0.957693 0.951735 1.05909
0.995463 1.01007 1.01824 0.951994 0.956868 1.06407
0.895925 0.948013 0.980361 0.963403 0.956046 1.03958
1.09399 1.07196 1.055 0.946295 0.962 1.06906
0.894913 0.947843 0.979241 0.969114 0.960356 1.02007
end
gesture a15 hands 2
0.890713 0.905563 0.995741 0.960571 0.941428 1.01028
0.878515 0.901981 1.0229 0.937032 0.959645 1.00661
0.895738 0.93458 1.06458 0.927839 0.953357 1.04951
0.986874 1.00207 1.0755 0.918564 0.963904 1.05221
1.07181 1.07569 1.03595 0.934925 0.964338 1.02834
1.06148 1.05122 1.0765 0.937524 0.967492 1.03624
1.07801 1.06955 1.08641 0.909289 0.974451 1.0549
1.06458 1.04816 1.10173 0.940123 0.970645 1.04415
1.03542 1.01347 1.07379 0.95554 0.968742 1.03877
1.04329 1.02011 1.09542 0.942011 0.97532 1.00717
1.01413 0.985429 1.06748 0.970957 0.966839 1.03339
1.03264 1.00609 1.09227 0.98543 0.962599 1.0465
1.00348 0.971409 1.06433 0.992666 0.960479 1.05306
1.05115 1.02676 1.11705 0.996285 0.959419 1.05634
0.992835 0.957389 1.06117 0.998094 0.958889 1.05798
0.941164 0.924483 1.03757 0.998998 0.958624 1.0588
0.942044 0.912484 1.02653 0.994043 0.961149 1.10737
0.93452 0.888018 1.00529 0.999903 0.958359 1.05962
0.942923 0.900484 1.01548 1.01084 0.954413 1.05903
end
gesture a15 hands 2
0.925994 0.922238 1.00065 0.992071 0.966684 1.03462
0.923144 0.945724 1.01856 0.97761 0.957865 1.02975
0.947971 0.976539 1.03452 0.971563 0.974402 1.01451
0.966996 0.983283 1.06256 0.967356 0.961725 1.01969
0.93823 0.967315 1.02229 0.945469 0.977192 1.01259
0.954407 0.972466 1.04356 0.954309 0.96312 1.01873
0.986021 0.990026 1.09059 0.932423 0.978587 1.01162
0.970585 0.977617 1.06483 0.963149 0.949047 1.02487
0.928488 0.958091 1.01007 0.919376 0.979982 1.01066
0.955149 0.965208 1.03907 0.891294 0.982043 1.00488
0.96848 0.968767 1.05357 0.920036 0.972244 1.02775
0.975145 0.970546 1.06082 0.92889 0.976564 1.05569
0.978477 0.971435 1.06445 0.948779 0.962444 1.05061
1.00127 0.987473 1.10555 0.974078 0.967682 1.07103
0.980144 0.97188 1.06626 0.986728 0.970301 1.08124
1.02407 1.00351 1.14666 0.966485 0.971084 1.10649
0.98181 0.972325 1.06807 0.999377 0.97292 1.09144
0.909005 0.939644 0.985619 0.996366 0.954922 1.07382
0.939549 0.941137 0.989473 1.03227 0.974756 1.0764
end
gesture a15 hands 2
1.00425 0.937952 1.02353 1.03268 0.981665 1.01439
0.984447 0.929401 1.04424 0.999008 0.979359 1.03753
0.952336 0.946364 1.05192 1.01551 0.973883 1.0377
0.963151 0.968809 1.05269 0.965336 0.977053 1.06067
1.00146 1.00484 1.04985 0.926208 0.966254 1.0617
0.973965 0.991255 1.05345 0.919776 0.959024 1.05429
1.00071 1.02636 1.04156 0.941694 0.97051 1.03762
1.05059 1.06332 1.04779 0.927519 0.961152 1.04225
1.02746 1.06146 1.02968 0.949436 0.972637 1.02558
0.992462 1.02721 1.04863 0.93139 0.962216 1.03623
0.98624 1.01644 1.02997 0.953308 0.973701 1.01956
1.00433 1.0596 1.01156 0.933326 0.962748 1.03322
0.980018 1.00567 1.01132 0.955243 0.974233 1.01655
0.967862 0.978709 1.0112 0.934294 0.963014 1.03171
0.961784 0.965228 1.01114 0.956211 0.974499 1.01505
0.958745 0.958487 1.01111 0.913344 0.951795 1.04687
0.934334 0.991091 1.04947 0.957179 0.974765 1.01354
0.955706 0.951746 1.01108 0.987769 0.983818 1.00301
0.980932 0.935724 1.01207 1.00101 0.997735 0.980211
end
gesture a15 hands 2
0.915992 0.925812 0.996262 0.960623 0.994575 1.0302
0.899087 0.911383 1.01626 0.943357 0.979015 1.06648
0.933364 0.958064 1.01486 0.939986 0.971892 1.04731
0.974917 1.00255 1.06951 0.926091 0.963455 1.10276
1.03357 1.02325 1.13667 0.919348 0.94921 1.06442
1.02502 1.03514 1.13042 0.918187 0.941585 1.05828
0.990199 0.994462 1.10681 0.963759 0.962873 1.04276
1.00333 1.02075 1.11549 0.940392 0.948417 1.04745
0.968513 0.980067 1.09188 0.985965 0.969705 1.03192
0.992492 1.01355 1.10802 0.951495 0.951833 1.04204
0.957671 0.97287 1.08441 0.997067 0.973121 1.02651
0.98707 1.00995 1.10429 0.957046 0.953541 1.03933
0.952249 0.969272 1.08068 1.00262 0.974829 1.0238
0.98436 1.00815 1.10243 0.959822 0.954395 1.03797
0.949539 0.967472 1.07882 1.00539 0.975683 1.02244
0.948183 0.966573 1.07788 0.96121 0.954822 1.0373
1.01647 1.04703 1.12417 1.00678 0.97611 1.02177
0.946828 0.965673 1.07695 0.917025 0.93396 1.05215
0.973518 0.897418 0.99352 1.00817 0.976537 1.02109
end
gesture a15 hands 2
0.959339 0.915885 1.00586 1.01135 0.983124 1.04764
0.929601 0.915596 1.00719 1.00991 0.987216 1.03334
0.914201 0.952711 0.991098 0.984152 0.984435 1.04737
0.967904 1.00225 1.06996 0.996316 0.987872 1.03321
1.01974 1.01041 1.10663 0.970553 0.985091 1.04724
1.01363 1.01572 1.10373 0.989516 0.9882 1.03315
1.02161 1.05179 1.14881 0.963754 0.985419 1.04718
1.01456 1.03641 1.12481 0.986117 0.988364 1.03311
0.978561 0.986362 1.06393 0.960354 0.985583 1.04714
0.99304 1.00369 1.08237 1.00848 0.991308 1.01905
0.957036 0.953647 1.02149 0.956954 0.985747 1.04711
0.982278 0.987334 1.06115 0.925557 0.95189 1.07729
0.946273 0.93729 1.00027 0.933155 0.925272 1.06772
0.976897 0.979155 1.05054 0.934623 0.933816 1.05344
0.940892 0.929112 0.989659 0.935356 0.938089 1.0463
0.974206 0.975066 1.04524 0.892149 0.959058 1.04431
0.938202 0.925022 0.984354 0.93609 0.942361 1.03916
1.00752 1.02102 1.10082 0.980486 0.969925 1.02055
0.935511 0.920933 0.979049 1.00525 0.979157 1.00679
end
gesture a15 hands 2
1.0738 0.909025 1.07918 1.02435 0.96585 1.03976
1.049 0.911995 1.06266 1.01179 0.968815 1.06647
1.00529 0.944107 1.05902 0.96095 0.970691 1.05725
0.947039 0.992018 1.03221 0.923366 0.961423 1.0852
0.944109 1.01869 1.01058 0.943383 0.94714 1.01339
0.888788 1.03993 1.00541 0.914582 0.949647 1.06326
0.848642 1.02234 1.01824 0.964277 0.953984 1.03189
0.852068 1.0107 1.00606 0.92503 0.953069 1.07252
0.89345 0.987339 1.02935 0.974724 0.957406 1.04114
0.874472 0.993198 1.01162 0.930253 0.95478 1.07714
0.915853 0.969838 1.03491 0.979948 0.959117 1.04577
0.885674 0.984448 1.0144 0.932865 0.955636 1.07945
0.927055 0.961088 1.03769 0.982559 0.959973 1.04808
0.932656 0.956713 1.03908 0.934171 0.956063 1.08061
0.855494 0.999057 0.993888 0.983865 0.9604 1.04923
0.938257 0.952338 1.04047 0.984518 0.960614 1.04981
0.979639 0.928978 1.06376 0.885782 0.952154 1.11314
1.02038 0.908788 1.11647 0.985171 0.960828 1.05039
1.02102 0.905618 1.08705 0.984188 0.968175 1.0456
end
gesture a15 hands 2
1.06587 0.87615 1.10161 1.00041 0.954141 1.06928
1.07932 0.882681 1.07581 0.979639 0.967413 1.05271
1.02761 0.907553 1.06527 0.950259 0.97113 1.08077
0.988347 0.944597 1.04212 0.932997 0.95908 1.07334
0.8393 1.02074 1.05148 0.957142 0.964454 1.06992
0.850866 1.00676 1.05019 0.915735 0.94703 1.0659
0.928255 0.972603 1.06799 0.927681 0.94648 1.05974
0.895343 0.982694 1.05845 0.933654 0.946204 1.05666
0.972732 0.948534 1.07625 0.964026 0.957777 1.05907
0.917582 0.97066 1.06258 0.939627 0.945929 1.05358
0.994971 0.9365 1.08037 0.927427 0.940005 1.05083
0.928702 0.964643 1.06464 0.921327 0.937043 1.04946
1.00609 0.930483 1.08244 0.918277 0.935562 1.04877
0.934261 0.961634 1.06567 0.881212 0.92293 1.05103
1.01165 0.927475 1.08347 0.915228 0.934081 1.04808
0.937041 0.96013 1.06619 0.932235 0.939657 1.04661
1.01443 0.92597 1.08398 0.940739 0.942445 1.04588
0.862432 0.992785 1.04891 0.977793 0.944423 1.03737
1.01721 0.924466 1.0845 0.949243 0.945233 1.04514
end
gesture a15 hands 2
0.986091 0.923899 1.07861 0.931329 0.947615 1.03877
0.959333 0.92802 1.06633 0.930985 0.954512 1.06779
0.974625 0.960724 1.05331 0.921827 0.950387 1.0566
0.921476 0.984377 1.04296 0.930387 0.937439 1.05669
0.8826 1.02994 1.0305 0.974183 0.95227 1.05701
0.868327 1.00803 1.03261 0.956565 0.93838 1.0569
0.8816 0.996147 1.04106 1.00036 0.953211 1.05722
0.931893 0.972489 1.03895 0.969653 0.938851 1.057
0.980803 0.955582 1.03787 1.01345 0.953681 1.05733
0.982185 0.948831 1.03684 0.976199 0.939086 1.05706
0.982876 0.945456 1.03633 1.01999 0.953917 1.05738
0.938874 0.964859 1.04292 0.979471 0.939204 1.05708
0.983221 0.943768 1.03608 1.02327 0.954034 1.0574
0.939047 0.964016 1.04279 0.981107 0.939263 1.0571
0.983394 0.942924 1.03595 1.0249 0.954093 1.05742
0.894873 0.984263 1.04951 0.981925 0.939292 1.0571
0.983567 0.94208 1.03582 1.02572 0.954123 1.05742
1.09328 0.903135 1.04313 0.938947 0.924491 1.05679
1.07226 0.899898 1.02213 1.02654 0.954152 1.05743
end
gesture a15 hands 2
1.00073 0.865209 1.09493 1.03578 0.931404 1.05734
0.984396 0.88978 1.08977 0.955552 0.957066 1.08343
0.985442 0.9478 1.08274 0.897291 0.964219 1.07473
0.952014 0.991455 1.04019 0.891602 0.95944 1.07433
0.971139 0.932626 1.09862 0.869283 0.967697 1.08226
0.944862 0.983868 1.04813 0.885913 0.954661 1.07393
0.963987 0.925039 1.10655 0.880225 0.949882 1.07353
0.941287 0.980074 1.05209 0.878803 0.948687 1.07343
0.960412 0.921245 1.11052 0.86075 0.960528 1.08166
0.939499 0.978177 1.05408 0.87738 0.947492 1.07333
0.958624 0.919348 1.11251 0.875958 0.946298 1.07323
0.938605 0.977229 1.05507 0.875603 0.945999 1.0732
0.95773 0.918399 1.1135 0.858617 0.958736 1.08151
0.938158 0.976755 1.05556 0.875247 0.9457 1.07318
0.957283 0.917925 1.11399 0.874892 0.945402 1.07315
0.95706 0.917688 1.11424 0.841275 0.971175 1.08978
0.918586 1.03511 0.997631 0.874536 0.945103 1.07313
0.956836 0.917451 1.11449 0.924061 0.92908 1.06673
0.956924 0.86565 1.1403 0.97936 0.931333 1.06194
end
gesture a15 hands 2
0.998854 0.851996 1.14985 1.02231 0.934733 1.0954
0.990791 0.873766 1.13071 1.01775 0.94179 1.08518
0.949185 0.960002 1.06256 1.01526 0.949393 1.12059
0.957989 0.948928 1.07202 1.01423 0.949119 1.09777
0.982728 0.895535 1.11156 0.971612 0.956977 1.07599
0.966793 0.937854 1.08148 0.992401 0.952911 1.07547
0.958825 0.959014 1.06644 0.949788 0.960769 1.05368
0.956833 0.964304 1.06268 1.01319 0.948846 1.07495
0.929171 1.01351 1.02085 0.927964 0.964561 1.03138
0.954841 0.969594 1.05892 0.880198 0.973147 1.02384
0.952849 0.974883 1.05516 0.876961 0.97293 1.03024
0.952351 0.976206 1.05422 0.875343 0.972821 1.03345
0.926183 1.02145 1.01521 0.874534 0.972767 1.03505
0.951853 0.977528 1.05328 0.842738 0.980275 0.987814
0.951355 0.978851 1.05234 0.873725 0.972713 1.03665
0.899517 1.06801 0.975267 0.903026 0.972045 1.02911
0.950857 0.980173 1.0514 0.912351 0.9429 1.07897
0.999871 0.914738 1.10912 0.955499 0.924885 1.11405
1.0022 0.892338 1.12754 1.02999 0.945163 1.07772
end
gesture a15 hands 2
1.00007 0.823437 1.16739 1.01801 0.929332 1.10846
0.986925 0.839561 1.14628 1.00023 0.929772 1.13255
0.968344 0.89205 1.13653 0.958651 0.920395 1.12381
0.968462 0.899664 1.1294 0.913458 0.935378 1.09089
0.934176 0.943107 1.0692 0.957619 0.915259 1.1263
0.968579 0.907278 1.12227 0.912943 0.93281 1.09214
0.968696 0.914891 1.11515 0.957104 0.91269 1.12754
0.968726 0.916795 1.11337 0.912685 0.931526 1.09276
0.934352 0.954528 1.0585 0.956846 0.911406 1.12816
0.968755 0.918698 1.11158 0.912556 0.930884 1.09307
0.968785 0.920602 1.1098 0.956717 0.910764 1.12847
0.968792 0.921077 1.10936 0.912491 0.930563 1.09322
0.934396 0.957383 1.05583 0.956652 0.910443 1.12862
0.968799 0.921553 1.10891 0.912459 0.930402 1.0933
0.968807 0.922029 1.10847 0.95662 0.910282 1.1287
0.934407 0.958097 1.05516 0.912443 0.930322 1.09334
0.96881 0.922267 1.10824 0.956604 0.910202 1.12874
0.900008 0.994165 1.00186 0.868266 0.950361 1.05798
0.968814 0.922505 1.10802 0.956588 0.910122 1.12878
end
gesture a16 hands 2
1.00996 0.848516 1.10376 0.946403 0.854442 1.07927
1.00568 0.898289 1.04423 0.938307 0.842535 1.1605
1.02226 0.849009 1.07679 0.920038 0.881043 1.18697
1.0014 0.948062 0.984703 0.946319 0.921093 1.10715
1.00057 0.936713 1.04091 0.954688 0.978616 1.05374
0.978292 0.981659 1.07027 0.972599 0.961142 1.02732
0.972096 1.01275 1.02259 0.99468 1.01205 1.0037
0.938429 1.06315 0.99773 1.02464 1.11348 0.960201
0.946335 1.06268 1.05249 1.01676 1.06296 0.980083
0.945291 1.08407 1.0346 0.973555 1.07497 1.00827
0.932905 1.10395 0.98705 0.989629 1.10847 0.899359
0.923232 1.12718 0.974069 0.987639 1.08123 0.900402
0.983112 0.990504 1.04402 0.975066 1.02307 0.980604
0.948336 1.07046 1.00255 0.980358 1.03854 0.941025
1.00822 0.933781 1.0725 0.967785 0.980376 1.02123
0.960888 1.0421 1.0168 0.976718 1.01719 0.961336
1.02077 0.90542 1.08675 0.964145 0.959027 1.04154
0.91356 1.15041 0.961087 0.98565 1.054 0.901445
1.03332 0.877058 1.10099 0.960504 0.937678 1.06185
end
gesture a16 hands 2
1.07814 0.859543 1.08602 0.986229 0.861003 1.10318
1.05201 0.86933 1.07511 0.976063 0.864374 1.07522
1.04869 0.878407 1.07702 0.979845 0.85869 1.00744
1.0128 0.965988 1.02439 0.956513 0.871039 1.05542
1.0068 0.972076 1.06495 0.958097 0.921782 1.05986
0.97581 1.02254 1.06322 0.986239 1.0144 1.01105
0.956163 1.04368 1.01409 1.00392 0.987729 0.988185
0.936326 1.09347 0.991032 0.987769 0.984936 1.00022
0.953316 1.07587 1.04303 1.02394 1.06103 0.96706
0.95597 1.04589 0.992181 0.971619 0.982143 1.01226
0.939803 1.03653 0.936646 0.9837 1.00833 0.9819
0.931568 1.01773 0.934693 0.98974 1.02142 0.96672
0.959709 0.977585 1.00493 1.04395 1.13432 0.945936
0.941521 0.988255 0.968836 0.995781 1.03451 0.95154
0.969661 0.948112 1.03908 0.939319 0.976557 1.03634
0.923333 0.998924 0.93274 0.936054 0.931247 1.04892
0.979614 0.91864 1.07322 0.947608 0.934698 0.957143
0.991843 0.870828 1.05831 0.93279 0.885938 1.06149
0.982893 0.863755 1.06461 0.932402 0.874465 1.11944
end
gesture a16 hands 2
0.984861 0.852682 1.13404 0.892911 0.866037 1.09155
0.964533 0.86283 1.15354 0.887985 0.8545 1.12555
0.957864 0.895966 1.04855 0.883966 0.870155 1.06335
0.950096 0.959104 1.03466 0.88306 0.842962 1.15955
0.951884 1.00373 1.0695 0.936306 0.929276 1.10484
0.950333 1.0361 1.03967 0.956991 1.01356 1.04522
0.938973 1.11016 0.96997 0.989552 1.01559 1.05012
0.948783 1.06847 1.00984 0.993979 1.07172 1.03668
0.944815 1.05895 1.01156 1.02297 1.1554 0.964518
0.934831 1.09432 0.980195 1.04449 1.13725 0.953728
1.00008 0.95191 1.0443 1.00613 1.08766 0.985295
0.962463 1.0408 0.996563 0.992251 1.04361 0.949237
1.02771 0.89839 1.06067 0.987586 1.01587 0.954929
0.976278 1.01404 1.00475 0.986162 0.955524 1.01921
1.04153 0.87163 1.06885 0.986258 0.941073 1.01504
0.983186 1.00066 1.00884 0.982921 0.988138 0.960621
1.04843 0.85825 1.07295 0.986353 0.926621 1.01087
0.924846 1.12969 0.948826 0.980074 0.867439 1.08918
1.05534 0.84487 1.07704 0.989785 0.865105 1.06112
end
gesture a16 hands 2
1.01696 0.785095 1.17018 0.902097 0.764443 1.11878
0.997944 0.789536 1.13037 0.904447 0.757095 1.13146
1.02648 0.808192 1.18909 0.923074 0.83128 1.07847
0.978929 0.793977 1.09057 0.919547 0.816628 1.09229
0.992214 0.846168 1.10851 0.906798 0.749748 1.14414
1.03601 0.831289 1.20799 0.91602 0.801977 1.10611
1.0055 0.898358 1.12645 0.920631 0.828091 1.08709
1.01788 0.91563 1.13403 0.922937 0.841148 1.07758
1.03539 0.903036 1.1216 0.944052 0.898116 1.03816
0.985847 0.958858 1.04367 0.925242 0.854205 1.06807
0.988005 0.983139 1.02591 0.967869 0.948435 1.02366
1.02021 0.949791 1.08741 0.950012 0.986987 1.0089
0.990162 1.00742 1.00815 0.952977 1.06594 1.00209
0.974926 1.03806 0.988513 0.929561 1.02555 1.03534
0.977052 1.02239 1.0024 0.954611 1.06583 1.00256
1.00271 0.971187 1.05234 0.984045 1.11163 0.987213
0.979178 1.00672 1.01629 0.982944 1.04746 1.0189
0.959689 1.06871 0.968877 1.02488 1.10548 0.991244
0.955646 1.04226 0.98024 0.981843 0.98329 1.05058
end
gesture a16 hands 2
1.03166 0.806001 1.18903 0.958697 0.808769 1.20956
1.06011 0.799616 1.19593 0.973953 0.784133 1.21707
1.06734 0.846665 1.19824 0.976177 0.800326 1.21202
1.07393 0.90132 1.18462 0.973533 0.805286 1.15502
1.02175 0.96081 1.10253 0.998009 0.89278 1.09127
1.0525 0.985555 1.13681 0.965365 0.929103 1.09033
1.01636 0.991115 1.12662 0.959236 0.896963 1.11908
0.993028 1.02638 1.09041 0.973199 0.900974 1.07148
0.960311 1.03102 1.04346 0.967377 0.984743 1.03081
0.980405 1.01055 1.06886 0.925298 0.977924 1.06875
0.945863 1.06122 0.954553 0.926673 0.994956 1.01434
0.980393 1.03285 0.986438 0.938546 1.04011 0.97968
0.951537 1.11667 0.9148 0.920705 1.00352 1.01992
0.935964 1.10768 0.903982 0.985397 1.10796 0.92159
0.977027 0.984521 0.96376 0.970223 1.00534 0.971465
0.948709 1.0416 0.928462 0.971487 0.946744 0.975621
0.989771 0.918445 0.98824 0.990464 0.893567 0.977866
0.920391 1.09868 0.893163 0.948234 0.829325 1.06613
1.00252 0.852369 1.01272 0.937608 0.822484 1.09319
end
gesture a16 hands 2
0.977699 0.833104 1.08386 0.931391 0.786859 1.17539
0.983903 0.810967 1.10287 0.927494 0.776335 1.14805
1.0124 0.896626 1.19552 0.929725 0.892578 1.06818
1.00704 0.941016 1.17009 0.909849 0.900279 1.12094
0.979052 0.959953 1.11089 0.891159 0.881987 1.09403
1.00168 0.985407 1.14467 0.927964 0.975628 1.04877
1.00478 0.979472 1.10034 0.914155 0.940223 1.07667
0.958735 1.0345 1.01899 0.912888 0.945707 1.0767
0.981276 1.0315 1.0381 0.947244 1.03231 1.02094
0.992548 1.03 1.04765 0.928093 0.990364 1.03315
0.95418 1.06754 0.982424 0.976805 1.06985 0.970512
1.00382 1.0285 1.0572 0.993007 1.0579 0.961076
0.997577 1.01663 1.02555 0.999047 0.981366 1.00306
0.994458 1.01069 1.00973 1.00413 1.01366 0.977348
0.992898 1.00773 1.00182 1.01017 0.937124 1.01933
0.992118 1.00624 0.997864 1.00921 1.04595 0.95164
0.949625 1.10057 0.945854 1.02129 0.892882 1.0356
0.991338 1.00476 0.993908 1.01082 0.848783 1.07313
1.04251 0.855142 1.03348 0.997925 0.823721 1.08314
end
gesture a16 hands 2
1.03207 0.859913 1.0825 0.961324 0.860367 1.10594
1.0382 0.877902 1.05968 0.974993 0.866278 1.1069
0.974786 1.01752 0.991439 0.98281 0.976251 1.02152
0.980983 1.0564 1.02743 0.990058 0.96745 1.03049
0.977328 1.09987 1.00041 0.988661 0.872189 1.10787
0.957717 1.07854 0.950391 0.997306 0.95865 1.03946
0.925885 1.12294 0.931075 1.0043 1.09214 0.937109
0.910554 1.11832 0.937835 1.00595 1.04511 0.97105
0.952845 1.00731 1.01615 1.01137 1.06827 1.01946
0.924034 1.06051 0.980374 0.987893 1.05275 1.01261
0.966325 0.94949 1.05869 0.961655 0.98875 1.05863
0.930773 1.0316 1.00164 0.963035 1.01299 1.0322
0.973065 0.920582 1.07996 0.936797 0.948989 1.07822
0.934144 1.01715 1.01228 0.950607 0.993115 1.04199
0.976435 0.906128 1.0906 0.924369 0.929109 1.08801
0.935829 1.00992 1.0176 0.918154 0.919169 1.0929
0.97812 0.898901 1.09591 0.964416 1.03724 1.00577
0.895222 1.11371 0.944595 0.91194 0.909229 1.0978
0.979805 0.891674 1.10123 0.929745 0.887362 1.107
end
gesture a16 hands 2
1.02473 0.846648 1.12451 0.989325 0.838513 1.1446
1.02334 0.854194 1.09583 0.962647 0.826979 1.15133
0.997222 0.86615 1.04475 0.958702 0.856944 1.09472
0.961083 0.968199 1.01219 0.994987 0.91036 1.07679
0.957187 0.961204 1.06177 0.990051 1.05276 0.98681
0.94959 1.01904 1.04307 0.996737 1.00103 1.01293
0.895861 1.13636 0.958788 0.97683 1.03425 1.04049
0.941993 1.07687 1.02437 0.97585 1.09603 0.987221
0.976558 1.04711 1.00451 0.97287 0.97022 1.05071
0.97046 1.02394 0.988279 0.97387 1.06401 0.99233
1.01653 0.954044 1.04587 0.970889 0.938205 1.05582
0.990448 0.977412 1.00896 0.97288 1.04801 0.994886
1.03652 0.907512 1.06655 0.969899 0.922197 1.05838
1.00044 0.954146 1.0193 0.972385 1.04 0.996163
1.04652 0.884245 1.07689 0.969404 0.914194 1.05965
1.00544 0.942513 1.02447 0.969157 0.910192 1.06029
1.05151 0.872612 1.08206 0.974871 1.15781 0.933951
0.964362 1.00078 0.972047 0.968909 0.90619 1.06093
1.05651 0.860979 1.08723 0.947222 0.855713 1.08123
end
gesture a16 hands 2
1.02683 0.824176 1.10294 0.921486 0.833837 1.09404
0.990498 0.887377 1.0523 0.919911 0.81511 1.11735
0.993441 0.850272 1.02735 0.935177 0.809952 1.11538
0.954166 0.950577 1.00166 0.965299 0.815423 1.07637
0.935786 0.977523 1.03483 0.984504 0.92119 1.05158
0.943196 1.03247 1.04787 0.97015 0.959975 1.0104
0.935629 1.03942 1.02145 0.98391 1.05558 0.955352
0.911874 1.08835 1.0065 0.975046 1.01733 0.998595
0.928061 1.04637 0.99502 0.979965 1.06701 1.02566
0.914447 1.07065 0.992714 0.988862 1.10643 0.97331
0.90764 1.08279 0.99156 0.970863 1.0519 0.973591
0.880551 1.14423 0.965137 0.984311 1.09888 0.947275
0.900833 1.09493 0.990407 0.978356 1.02893 0.99128
0.944127 1.08649 1.0236 0.982103 1.01745 1.00012
0.993206 0.957797 1.04671 0.997759 1.14585 0.920959
1.01774 0.893453 1.05827 0.98585 1.00597 1.00897
1.03001 0.86128 1.06405 0.958953 0.922538 1.08872
1.07441 0.857262 1.10003 0.973941 0.866081 1.09698
1.04228 0.829108 1.06983 0.956319 0.817571 1.12445
end
gesture a16 hands 2
1.01563 0.802492 1.14423 0.892288 0.783622 1.14317
1.03925 0.811711 1.12863 0.9192 0.795219 1.13731
1.02117 0.83751 1.12948 0.944613 0.84131 1.11269
0.982027 0.949957 1.04968 0.958909 1.0374 0.997555
0.965615 0.899062 1.04851 1.00481 1.12816 0.949342
0.95425 0.980733 1.00919 1.02051 1.08562 0.950425
1.00353 0.856125 1.10011 1.01037 1.04312 0.985451
0.973208 0.959262 1.035 1.01518 1.05588 0.964458
1.02249 0.834657 1.12591 1.04527 1.12081 0.950172
0.982688 0.948529 1.0479 1.03263 1.09473 0.946818
1.03197 0.823923 1.13881 0.996951 1.00983 1.0136
0.987428 0.943161 1.05435 1.00848 1.03924 0.978532
1.03671 0.818555 1.14526 0.972792 0.954341 1.04532
0.989798 0.940478 1.05757 0.996396 1.01149 0.99439
1.03908 0.815872 1.14849 0.960713 0.926597 1.06117
0.990983 0.939136 1.05918 0.990356 0.997618 1.00232
1.04027 0.81453 1.1501 0.954673 0.912724 1.0691
0.942886 1.0624 0.969882 1.02 1.06864 0.943464
1.04145 0.813188 1.15171 0.948633 0.898852 1.07703
end
gesture a16 hands 2
1.03788 0.775675 1.15162 0.906231 0.772571 1.11518
0.986704 0.886703 1.06379 0.893622 0.771382 1.10745
0.997963 0.812588 1.08422 0.960606 0.934931 1.03295
0.935527 0.997731 0.975963 0.952398 0.923743 1.04231
0.909322 1.09767 0.9214 0.881012 0.770193 1.09971
0.903022 1.12443 0.928323 0.944191 0.912556 1.05167
0.962881 1.00021 1.0238 1.01498 1.09729 0.950721
0.929801 1.07571 0.979523 1.00737 1.05492 1.00362
0.989661 0.951481 1.075 1.02771 1.10801 1.00092
0.943191 1.05134 1.00512 1.0271 1.0836 0.988417
1.00305 0.927117 1.1006 0.992586 1.00516 1.06209
0.949886 1.03916 1.01792 1.00954 1.03217 1.019
1.00975 0.914934 1.1134 0.975024 0.95374 1.09267
0.953233 1.03307 1.02432 1.00076 1.00646 1.03429
1.01309 0.908843 1.1198 0.966243 0.928029 1.10797
0.954907 1.03002 1.02752 0.996367 0.993604 1.04194
1.01477 0.905798 1.123 0.961853 0.915173 1.11561
0.896721 1.1512 0.935246 1.02649 1.05918 0.975914
1.01644 0.902752 1.1262 0.957462 0.902317 1.12326
end
gesture a16 hands 2
1.04391 0.7997 1.18422 0.938709 0.808678 1.15693
0.986599 0.825344 1.12208 0.929072 0.809429 1.1457
0.975555 0.854274 1.07205 0.94554 0.883971 1.07555
0.94709 1.01104 0.993471 0.932487 0.847075 1.10502
0.925391 1.05384 0.965791 0.948956 0.921618 1.03487
0.922008 1.11082 0.940342 0.950663 0.940441 1.01452
0.982389 0.928088 1.05856 0.919434 0.81018 1.13448
0.950507 1.04794 0.986727 0.952371 0.959264 0.994177
1.01089 0.865212 1.10494 0.95189 1.01561 0.978944
0.964757 1.01651 1.00992 0.96904 1.00259 0.992328
1.02514 0.833774 1.12814 0.977615 0.996078 0.99902
0.971882 1.00079 1.02152 0.981902 0.992822 1.00237
1.03226 0.818055 1.13973 0.984046 0.991195 1.00404
0.975445 0.992927 1.02731 1.02233 1.169 0.937814
1.03583 0.810195 1.14553 0.986189 0.989567 1.00571
0.977226 0.988998 1.03021 0.966487 0.91757 1.09374
1.03761 0.806266 1.14843 0.950049 0.810134 1.07361
0.918625 1.1678 0.914893 0.931831 0.795806 1.12711
1.03939 0.802336 1.15133 0.955787 0.813052 1.12336
end
gesture a16 hands 2
1.11439 0.737082 1.23846 0.966488 0.774048 1.20807
1.12232 0.739691 1.22616 0.955423 0.775648 1.18036
1.07905 0.826539 1.16136 0.967322 0.794531 1.17855
1.07716 0.818544 1.15312 0.967456 0.795888 1.20359
1.13026 0.742299 1.21385 0.970337 0.797939 1.12026
1.07528 0.810549 1.14488 0.974493 0.825988 1.14565
1.0437 0.915996 1.08426 0.967589 0.797246 1.22863
1.0203 0.878798 1.07591 0.978649 0.854037 1.17104
0.991886 1.04536 1.05281 0.990087 0.952907 1.11363
0.970161 1.06931 1.00626 0.989708 0.910828 1.11345
0.937999 1.09323 0.970591 0.970829 0.951421 1.03799
0.921918 1.10518 0.952756 0.961389 0.971718 1.00025
0.978515 0.993089 1.02252 0.984371 1.06538 0.981248
0.905837 1.11714 0.934921 0.961007 1.05331 0.961024
0.886736 1.08247 0.899201 0.951949 0.992015 0.962521
0.889671 1.02677 0.906522 0.937643 1.04125 0.9408
0.882667 0.995597 0.953448 0.935542 1.13279 0.868687
0.879144 1.05243 0.966652 0.949721 1.11958 0.830231
0.978642 0.958344 1.00015 0.958766 1.01751 0.919357
end
gesture a16 hands 2
1.10876 0.752661 1.18385 0.915394 0.781363 1.22703
1.07107 0.797962 1.13917 0.914951 0.781965 1.13956
1.10992 0.752256 1.19877 0.914107 0.830997 1.03641
1.06937 0.795016 1.15506 0.917598 0.832153 1.14281
1.03338 0.843263 1.0945 0.907199 0.868694 1.12204
1.02883 0.837775 1.11134 0.943873 0.916813 1.08588
1.02655 0.835031 1.11976 0.953974 0.972996 1.01933
1.11108 0.751851 1.21369 0.980546 0.964931 1.04971
1.02428 0.832288 1.12819 0.984726 1.10791 0.965589
0.957995 0.933865 1.00514 0.996943 1.10494 0.943457
0.937474 0.912724 1.04268 0.987091 1.02172 1.01771
0.934178 0.97055 1.05045 0.998126 1.06185 0.96952
0.92856 1.07658 1.00951 0.988274 0.97863 1.04378
0.92811 1.06012 0.96242 0.998717 1.04031 0.982551
0.973718 0.998308 1.03396 0.988865 0.957084 1.05681
0.970485 1.05499 1.03627 0.999012 1.02953 0.989067
0.976145 1.00176 1.02571 0.98916 0.94631 1.06332
0.947832 1.08679 0.9982 1.00916 1.10198 0.921325
0.981805 0.948537 1.01515 0.989456 0.935537 1.06984
end
gesture a16 hands 2
1.0977 0.763891 1.25966 0.941231 0.796688 1.25075
1.01858 0.981534 1.08218 0.918205 0.790751 1.23295
0.959435 1.11039 1.01307 0.913538 0.786913 1.17759
0.935534 1.09001 0.964207 1.00867 0.985972 1.02499
0.940991 0.990091 1.00978 1.00242 0.996216 0.968882
0.930971 1.07286 1.01614 0.959517 1.01079 1.02947
0.922943 1.09203 0.965785 0.974115 1.12266 0.933583
0.921238 1.07494 0.942759 0.970374 1.10361 0.913635
0.963813 0.972552 1.01632 0.952056 0.988697 1.02912
0.941673 1.0152 0.968027 0.959344 1.03663 0.961404
0.984246 0.912812 1.04158 0.941026 0.921715 1.07689
0.951889 0.985326 0.980659 0.953829 1.00314 0.985288
0.994463 0.882941 1.05422 0.935511 0.888224 1.10078
0.956998 0.970391 0.986976 0.951072 0.986392 0.997231
0.999572 0.868006 1.06053 0.932753 0.871478 1.11272
0.959552 0.962923 0.990134 0.966633 1.08456 0.893686
1.00213 0.860539 1.06369 0.929996 0.854733 1.12466
0.919532 1.05784 0.919734 0.885391 0.821205 1.1181
1.00468 0.853071 1.06685 0.886645 0.81203 1.08957
end
gesture a16 hands 2
0.945769 0.939487 1.08627 0.959196 0.895455 1.10988
0.975378 0.936879 1.08446 0.987762 0.902917 1.10492
0.979752 0.953408 1.03226 0.999857 0.933329 1.13823
0.989694 0.970632 1.03966 1.02079 0.960373 1.11741
0.971006 0.952954 1.09109 1.00964 0.938752 1.1963
0.974662 0.962616 1.08716 1.04172 0.987416 1.09659
0.999636 0.987857 1.04707 1.01818 0.989419 1.07114
0.978318 0.972278 1.08324 0.967421 1.01326 0.950884
0.96226 0.9525 1.14991 0.941725 0.999094 0.946951
0.957 0.9567 1.11941 0.939597 0.980591 1.01746
0.963467 0.970238 1.06498 0.928877 0.99201 0.944985
0.9667 0.977007 1.03777 0.933172 0.977049 1.01648
0.9782 1.01133 0.987647 0.922453 0.988469 0.944001
0.969933 0.983776 1.01055 0.92996 0.975278 1.01599
0.965799 0.969997 1.022 0.919241 0.986698 0.94351
0.963733 0.963107 1.02772 0.937468 0.962088 1.08797
0.962699 0.959663 1.03058 0.916029 0.984927 0.943018
0.951741 0.9609 1.0889 0.941536 0.968553 0.931433
0.961666 0.956218 1.03344 0.947869 0.955225 0.955934
end
gesture a16 hands 2
1.01782 0.961042 1.10622 1.02697 0.948164 1.07757
0.958368 0.951066 1.04629 1.03147 0.959105 1.05053
0.94956 0.955716 1.04666 0.997959 0.945818 1.09688
0.960215 0.970038 1.06918 0.994256 0.950989 1.04337
0.976955 0.988033 0.994378 0.965667 0.915721 1.09211
0.978614 0.988982 1.00596 0.973033 0.931978 1.09629
0.97087 0.98436 1.0917 0.990552 0.956161 0.989854
0.980274 0.989931 1.01755 0.980399 0.948236 1.10046
1.00435 1.02035 0.942097 0.958442 0.934755 1.09838
0.989677 0.995503 0.943401 0.955944 0.943069 1.10252
0.982341 0.983079 0.944052 0.960345 0.978047 0.994094
0.978673 0.976868 0.944378 0.961193 0.963221 1.04114
0.976839 0.973762 0.944541 0.953447 0.951383 1.10667
0.995402 0.977576 1.04952 0.96204 0.948395 1.08819
0.975005 0.970656 0.944704 0.966337 0.9469 1.07894
0.972126 0.989965 0.989817 0.968486 0.946153 1.07432
0.962581 0.968535 1.04321 0.96956 0.94578 1.07201
0.932664 0.971581 1.0483 0.950281 0.973981 0.957365
0.98867 0.967152 1.04575 0.970634 0.945406 1.0697
end
gesture a16 hands 2
0.993545 0.982036 1.08032 1.00846 0.948303 1.09579
0.966255 0.979914 1.06847 1.00647 0.951101 1.08035
0.95227 0.936573 1.00931 1.02929 0.970275 1.01354
0.974283 0.952629 1.05634 1.00448 0.953899 1.06491
1.00242 0.980915 1.01783 0.978214 0.954891 1.11687
1.00463 0.97973 1.02189 0.940151 0.937947 1.12559
1.0091 0.996448 0.970064 0.954706 0.96234 1.05042
1.00684 0.978544 1.02595 0.968216 0.972997 0.968705
1.00944 0.985855 0.98594 0.969261 0.986734 0.975256
1.01579 1.01198 0.922297 0.982849 0.972204 0.97323
1.01204 0.993165 0.945929 0.982992 0.973836 1.01202
1.01126 0.976174 1.03406 0.984151 0.973837 1.08794
0.972225 0.979956 1.03994 0.983135 0.975468 1.05081
1.00829 0.974355 0.96956 0.982627 0.976283 1.03225
1.00013 0.978698 1.00506 0.982373 0.97669 1.02297
0.93319 0.983738 1.04582 0.924447 1.01549 0.921068
0.932169 0.984217 1.04425 0.982119 0.977098 1.01369
0.991965 0.983041 1.04057 0.949892 0.953197 1.02594
0.931149 0.984696 1.04268 0.9508 0.946881 1.0551
end
gesture a16 hands 2
1.0196 0.804472 1.14599 0.903228 0.832014 1.12686
1.00837 0.818334 1.16964 0.896294 0.841648 1.15413
1.03313 0.827588 1.13828 0.922081 0.853104 1.04222
1.03732 0.849129 1.12063 0.937752 0.921378 1.03009
0.994436 0.912247 1.08045 0.918888 0.87073 1.09748
1.01797 0.891459 1.09172 0.953423 0.989653 1.01796
0.97509 0.954576 1.05154 0.951985 1.02384 1.03661
1.00829 0.912623 1.07726 0.945895 1.03351 1.04912
0.965416 0.975741 1.03708 0.969239 1.00103 1.05166
0.96058 0.986324 1.02985 1.00383 1.04772 0.999181
1.0415 0.87067 1.10298 0.980911 0.984785 1.05293
0.955743 0.996906 1.02262 1.00967 1.0396 0.999816
0.959324 1.04152 1.04209 0.986747 0.976665 1.05357
0.974955 1.02472 1.01459 1.01258 1.03554 1.00013
0.98277 1.01632 1.00084 0.989665 0.972604 1.05388
0.986678 1.01213 0.993966 1.03842 1.09441 0.946701
0.915635 1.11119 0.974905 0.992583 0.968544 1.0542
0.990585 1.00793 0.987091 0.973366 0.924139 1.08312
1.04402 0.880173 1.06863 0.954878 0.902841 1.07342
end
gesture a16 hands 2
1.04133 0.807389 1.18593 0.912658 0.840335 1.15596
1.02534 0.813209 1.16152 0.914901 0.832149 1.10764
1.01872 0.830227 1.10499 0.931971 0.849686 1.14418
1.00534 0.894006 1.08912 0.97335 0.989657 1.05679
0.957104 0.95876 1.02577 0.991366 1.05964 0.96665
0.991965 0.957786 1.07325 0.970197 0.99667 1.0592
0.998223 0.999937 1.09544 0.967846 0.992224 1.05447
0.955499 1.05172 1.00264 0.976061 0.980026 1.03411
0.948538 1.04558 0.968594 0.950049 0.934445 1.05873
0.9695 1.00721 1.08727 0.967163 0.951137 1.03624
0.979771 0.954813 1.08021 0.94115 0.905556 1.06086
0.960674 0.997121 1.00738 0.962714 0.936692 1.0373
0.984906 0.928614 1.07669 0.936701 0.891111 1.06192
0.963241 0.984022 1.00562 0.960489 0.92947 1.03783
0.987473 0.915514 1.07492 0.934477 0.883889 1.06245
0.964525 0.977472 1.00474 0.959377 0.925859 1.0381
0.988757 0.908965 1.07404 0.933364 0.880278 1.06271
0.941577 1.03943 0.934549 0.984277 0.967829 1.01375
0.990041 0.902415 1.07316 0.932252 0.876667 1.06298
end
gesture a16 hands 2
1.00037 0.829951 1.21919 0.907842 0.872802 1.1573
0.975837 0.963716 1.08142 0.937091 0.868131 1.16023
0.980353 1.04574 1.04141 0.899406 0.845496 1.12494
0.962027 1.05229 1.02074 0.941552 0.874467 1.13227
0.951305 1.09748 0.943649 0.937151 0.929046 1.11212
0.947503 1.07815 0.971862 0.990601 1.05095 1.00796
0.992745 0.98833 1.00704 0.954846 1.01219 1.03461
0.968223 1.02358 1.00356 0.979968 1.05192 0.965787
1.01346 0.933754 1.03874 0.964871 0.959363 1.05312
0.978582 0.996292 1.01941 0.98498 1.02551 0.975039
1.02382 0.906466 1.05458 0.969883 0.932949 1.06237
0.983761 0.982648 1.02733 0.987486 1.0123 0.979666
1.029 0.892822 1.06251 0.972389 0.919743 1.06699
0.986351 0.975826 1.03129 0.988739 1.0057 0.981979
1.03159 0.886 1.06647 0.973642 0.913139 1.06931
0.987646 0.972415 1.03327 0.989366 1.00239 0.983135
1.03289 0.882589 1.06845 0.974268 0.909838 1.07046
0.943701 1.05883 1.00008 1.00509 1.09165 0.896964
1.03418 0.879178 1.07043 0.974895 0.906536 1.07162
end
gesture a16 hands 2
1.04181 0.754303 1.16748 0.937485 0.795416 1.11153
1.02732 0.779768 1.16119 0.923364 0.80468 1.08704
1.0212 0.821075 1.12116 0.947467 0.820888 1.04444
1.00747 0.841623 1.06855 0.932582 0.81683 1.09876
0.976429 0.933252 1.0123 0.919275 0.851128 1.14279
0.955878 0.922257 1.01946 0.935489 0.894111 1.11054
0.972591 0.931064 1.07153 0.956327 0.975242 1.04598
0.987176 0.965586 1.03862 0.951702 0.937095 1.07829
0.953099 1.02115 0.981155 0.943597 0.976426 1.0895
0.962985 1.03852 0.991418 0.958339 1.00247 1.04057
1.00472 0.966182 1.0605 1.00207 1.03666 0.998988
0.983346 0.994966 1.02428 0.972265 1.02472 1.03869
0.97287 1.0559 1.00168 0.968371 1.05135 0.99499
0.961972 1.02375 0.988064 0.991545 1.09374 0.968786
0.980015 0.999745 1.0364 0.958227 0.97915 1.02453
1.01004 0.995551 1.00165 0.986473 1.05764 0.983556
0.995116 0.987636 0.995018 0.953154 0.943048 1.0393
0.979037 1.07592 0.926063 1.01472 1.13614 0.942582
0.980192 0.979721 0.988386 0.948082 0.906947 1.05407
end
gesture a16 hands 2
1.03885 0.786786 1.29228 0.911208 0.814337 1.18536
1.03358 0.781716 1.2792 0.897947 0.811127 1.21203
1.00101 0.872026 1.14794 0.867702 0.801124 1.20136
0.996041 0.866705 1.14087 0.883484 0.807163 1.14463
1.02832 0.776647 1.26612 0.950235 0.8555 1.06719
0.991072 0.861384 1.13379 0.966247 0.91176 1.08317
0.963166 0.957266 1.00359 0.955313 0.857694 1.22059
0.95382 0.94612 1.00147 0.982259 0.968021 1.09916
0.971236 0.947501 1.05672 0.97219 0.925337 1.09471
0.974613 1.03293 0.98577 1.00053 1.03676 0.972815
0.973902 1.02667 0.977299 0.978637 1.00608 1.01474
0.96862 1.06831 0.948567 0.995633 1.00915 0.996354
0.99818 1.00066 1.00015 1.03418 1.10739 0.913781
1.00365 0.939889 1.03971 1.01263 1.01221 0.977968
1.00639 0.909502 1.05948 1.01325 1.04507 0.930821
1.00776 0.894309 1.06937 1.01839 1.04346 0.901826
1.00844 0.886713 1.07432 0.977623 0.969509 0.976081
0.964782 1.10702 0.876227 1.02354 1.04185 0.872831
1.00912 0.879116 1.07926 0.941997 0.893949 1.02134
end
gesture a16 hands 2
1.00905 0.799935 1.17357 0.894926 0.738687 1.22711
1.01151 0.815887 1.14849 0.93847 0.826374 1.15426
1.00286 0.844538 1.09906 0.992985 0.947854 1.0368
1.00186 0.859144 1.15667 0.982013 0.91406 1.08142
1.00306 0.980435 1.06985 0.963943 0.941505 1.1172
0.997593 0.962065 1.06308 1.00131 1.02349 1.04077
1.01975 0.972224 1.11434 0.982434 0.987019 1.08124
1.03369 0.998141 1.06959 1.00185 1.101 0.968694
0.991816 1.06618 0.991093 0.975092 1.01618 1.02252
0.974229 1.07603 0.970196 0.983643 1.06263 0.977486
1.00364 1.00862 1.08105 0.944117 0.909227 1.03301
0.956641 1.08588 0.9493 0.968156 1.00915 0.982731
0.95655 0.990111 1.00638 0.928629 0.855749 1.03825
0.961911 1.00054 0.950746 0.960412 0.982409 0.98535
0.967682 0.89434 1.05928 0.920885 0.82901 1.04087
0.967477 0.952655 0.977199 0.917013 0.815641 1.04218
0.973248 0.846455 1.08574 0.992194 1.10907 0.932451
0.967272 1.01097 0.895113 0.913141 0.802271 1.04349
0.978814 0.798569 1.11219 0.899263 0.776 1.04667
end
gesture a16 hands 2
1.0786 0.717783 1.19795 0.961706 0.731418 1.21656
1.06868 0.728726 1.19623 0.960347 0.744762 1.18993
1.02863 0.865571 1.11279 0.955791 0.769257 1.15159
1.04369 0.80262 1.15366 0.958382 0.786754 1.12912
1.00364 0.939466 1.07021 0.969664 0.869532 1.10241
1.0312 0.839567 1.13236 0.965319 0.836891 1.10453
0.991149 0.976413 1.04892 0.976601 0.919669 1.07781
1.02495 0.858041 1.12172 0.968787 0.861959 1.09223
0.984902 0.994886 1.03828 0.980069 0.944737 1.06552
1.02183 0.867278 1.1164 0.970521 0.874494 1.08608
0.981778 1.00412 1.03295 0.981803 0.957272 1.05937
0.980217 1.00874 1.03029 0.98267 0.963539 1.05629
1.05876 0.739669 1.19452 0.960974 0.80425 1.10665
0.978655 1.01336 1.02763 0.983537 0.969806 1.05322
0.957758 1.03153 0.978302 0.993965 1.03969 1.04705
0.934058 1.07772 0.985361 0.989349 1.11501 0.962329
0.945581 1.04698 1.03351 0.961696 1.12423 0.977717
0.923984 1.10346 0.916547 0.975019 1.06672 0.983466
0.964141 0.975143 1.01891 0.903046 0.903454 1.05301
end
gesture a16 hands 2
1.00391 0.798047 1.20169 0.886068 0.763987 1.25202
1.00394 0.79623 1.17184 0.918515 0.767231 1.16994
0.9773 0.791747 1.1199 0.903062 0.782661 1.14081
0.98342 0.793663 1.11542 0.963564 0.972809 1.03936
0.951878 0.944084 1.05517 0.999748 1.11117 0.952212
0.962116 0.937567 1.06333 1.02407 1.16296 0.937909
0.98954 0.795579 1.11094 1.02108 1.11365 0.9679
0.972355 0.931049 1.0715 1.02438 1.12264 0.961273
0.926456 1.09642 0.990445 0.993475 1.01455 1.0007
0.955169 1.06652 1.03205 1.01058 1.07309 0.977674
0.979853 1.05697 1.01945 0.979671 0.964995 1.0171
0.965846 1.10595 0.999264 1.00368 1.04831 0.985873
0.991576 1.00368 1.00382 0.972769 0.940217 1.0253
0.971708 1.07931 0.991451 1.00022 1.03592 0.989974
0.997438 0.977042 0.996011 0.969318 0.927829 1.0294
1.00037 0.96372 0.992105 0.998499 1.02972 0.992023
0.95184 1.15493 0.979078 0.967592 0.921634 1.03145
1.0033 0.950399 0.988198 1.02768 1.13162 0.954647
1.0044 0.885954 1.04237 0.965867 0.91544 1.0335
end
gesture a16 hands 2
1.01906 0.845096 1.24525 0.911459 0.822459 1.0981
1.03054 0.843515 1.23615 0.941171 0.823359 1.09687
0.994306 0.883695 1.14047 0.94994 0.819384 1.14012
1.04202 0.841933 1.22705 0.980473 0.840079 1.09453
1.01911 0.905982 1.13914 0.988334 0.891002 1.06588
0.969553 0.922295 1.03568 0.982882 0.925756 1.0207
0.996204 0.970032 1.05124 0.983168 1.08783 0.968963
0.963888 1.11378 0.970307 0.987608 1.11952 0.961004
0.975883 1.09602 1.0255 1.00165 1.18516 0.907091
0.985965 1.09256 1.02664 0.992049 1.15121 0.953045
0.991007 1.09082 1.02721 1.01846 1.1859 0.913586
0.993527 1.08996 1.0275 1.02386 1.1747 0.887841
0.947871 1.20472 0.916692 1.00354 1.11641 0.925962
0.996048 1.08909 1.02778 0.996077 1.08166 0.93215
1.00767 1.03729 1.01468 1.02926 1.1635 0.862096
0.997694 1.00927 0.967011 0.988616 1.04692 0.938338
0.95306 0.979935 0.954474 0.966525 0.969631 1.05136
0.972883 0.856472 1.04336 0.947972 0.930337 1.01458
0.997458 0.839431 1.04423 0.945367 0.825477 1.08942
end
gesture a16 hands 2
0.926555 0.841805 1.10505 0.91831 0.76798 1.15665
0.94029 0.838948 1.10997 0.933472 0.777395 1.13312
0.952878 0.87568 1.07421 0.968947 0.771862 1.10875
0.953452 0.855885 1.09455 0.97901 0.826658 1.09437
0.96604 0.892617 1.0588 0.958039 0.96934 1.02701
0.960033 0.864354 1.08684 0.957019 0.995665 1.02153
0.972621 0.901086 1.05109 0.960219 0.951369 1.06548
0.963324 0.868588 1.08299 0.958109 0.986679 1.04077
0.975911 0.905321 1.04723 0.961309 0.942383 1.08472
0.964969 0.870705 1.08106 0.958655 0.982186 1.05038
0.977557 0.907438 1.04531 0.961854 0.93789 1.09433
0.954026 0.83609 1.11489 0.958927 0.97994 1.05519
0.979202 0.909555 1.04338 0.962126 0.935643 1.09914
0.977488 0.933277 1.0564 0.959063 0.978817 1.0576
0.976631 0.945139 1.0629 0.962263 0.93452 1.10155
0.983544 0.922288 1.1145 0.959131 0.978255 1.0588
0.975774 0.957 1.06941 0.962331 0.933959 1.10275
0.981704 0.912103 0.996103 0.956 1.02199 1.01605
0.973837 0.894452 1.01893 0.962399 0.933397 1.10395
end
gesture a16 hands 2
0.983373 0.842712 1.1057 0.968457 0.823203 1.25862
0.975049 0.836156 1.11618 0.968926 0.846959 1.21492
0.977746 0.893457 1.05937 0.965398 0.860878 1.05759
0.974945 0.888494 1.06314 0.957841 0.874107 1.08852
0.966725 0.8296 1.12666 0.969395 0.870716 1.17122
0.972144 0.88353 1.06691 0.950284 0.887336 1.11945
0.972118 0.944202 1.01304 0.951725 0.980214 1.06109
0.977563 0.937461 1.00715 0.980915 0.933526 1.07524
0.975189 0.981417 1.00131 0.984095 0.963645 1.08003
0.974002 1.00339 0.998389 0.971561 0.973203 1.02448
0.973404 1.07814 0.992964 0.962593 1.04579 0.942351
0.973109 1.05175 0.994217 0.96103 1.01972 0.945552
0.973794 1.02437 1.04362 0.965226 0.974291 1.01657
0.973304 1.02487 1.01955 0.962347 0.983971 0.982661
0.973989 0.99749 1.06895 0.966543 0.938541 1.05368
0.972814 1.02537 0.995469 0.963005 0.966097 1.00122
0.974184 0.970606 1.09428 0.967201 0.920667 1.07224
0.983531 0.917511 1.1065 0.959467 0.993652 0.948752
0.981198 0.836848 1.0684 0.967859 0.902792 1.09079
end
gesture a16 hands 2
0.959212 0.818429 1.11142 0.917698 0.823017 1.09036
0.957289 0.817175 1.12604 0.896428 0.832389 1.07186
0.952932 0.876644 1.07296 0.910521 0.854848 1.02079
0.95387 0.864105 1.08567 0.9249 0.879211 1.02429
0.955365 0.815921 1.14066 0.928541 0.848601 1.09849
0.954809 0.851567 1.09839 0.93928 0.903574 1.0278
0.954531 0.86939 1.07726 0.951602 0.892308 1.0774
0.954392 0.878302 1.06669 0.957763 0.886676 1.10221
0.946651 0.934858 1.03449 0.946561 0.842353 1.17619
0.954253 0.887213 1.05612 0.963924 0.881043 1.12701
0.963874 0.893907 1.11358 0.968039 0.9523 1.03481
0.983643 0.92002 1.09122 0.981287 0.919733 1.07783
0.980506 0.948189 1.0434 0.986711 0.955317 1.09254
0.973458 0.961801 1.02652 0.974537 0.947051 1.06875
0.959311 1.02385 0.985718 0.968449 0.942918 1.05685
0.96286 0.999631 0.997679 0.965406 0.940852 1.0509
0.981081 0.930054 1.05749 0.963884 0.939818 1.04792
0.96641 0.975412 1.00964 0.961821 1.03708 0.953357
1.00285 0.836259 1.12926 0.962362 0.938785 1.04495
end
gesture a17 hands 2
0.954801 0.770826 1.15445 0.945748 0.964227 1.27255
1.0188 0.809678 1.12496 0.942631 0.961878 1.24331
1.09053 0.890748 1.09451 0.971283 0.961466 1.19272
1.13328 0.999904 1.1983 1.06644 1.02768 1.00088
1.10551 0.985266 1.24058 1.03844 1.02172 0.952559
1.08272 0.95772 1.20627 0.92344 0.998285 0.838405
1.08374 0.965656 1.1498 0.910669 0.989151 0.784739
1.04651 0.942346 1.05289 0.916134 0.980508 0.779763
0.984374 0.969682 0.956732 0.952177 0.972806 0.947609
0.996827 0.944359 0.95636 0.936888 0.972335 0.861198
0.990898 0.873573 1.04524 0.972931 0.964633 1.02904
1.00009 0.896304 1.00061 0.947265 0.968249 0.901916
0.994161 0.825518 1.0895 0.983308 0.960546 1.06976
1.00172 0.872277 1.02274 0.952453 0.966206 0.922275
0.995792 0.801491 1.11162 0.988497 0.958503 1.09012
1.00254 0.860264 1.03381 0.991091 0.957482 1.1003
0.996607 0.789478 1.12269 0.921599 0.971865 0.774787
1.00928 0.919036 0.955988 0.993685 0.95646 1.11048
0.997423 0.777464 1.13375 0.98935 0.958008 1.13993
end
gesture a17 hands 2
0.858285 0.68176 0.964568 0.930028 0.991958 1.20485
0.867253 0.69178 0.95845 0.948456 0.991198 1.18131
0.925572 0.866832 1.01073 0.993929 1.01374 1.17345
0.900896 0.784316 0.981532 1.02756 1.01869 1.12618
0.959215 0.959369 1.03381 1.07115 1.05434 1.02498
0.917718 0.830585 0.993071 1.0145 0.952807 0.834298
0.976037 1.00563 1.04535 0.976096 0.937331 0.801123
0.926129 0.853717 0.998842 0.961856 0.900445 0.783012
0.984448 1.02877 1.05112 0.966388 0.961612 0.971847
0.930335 0.865284 1.00173 0.957002 0.912585 0.868374
0.988654 1.04033 1.05401 0.961533 0.973752 1.05721
0.932437 0.871067 1.00317 0.954575 0.918655 0.911055
0.990756 1.04612 1.05545 0.959106 0.979822 1.09989
0.991808 1.04901 1.05617 0.953361 0.92169 0.932395
0.876221 0.7018 0.952333 0.957893 0.982857 1.12123
0.992859 1.0519 1.05689 0.952754 0.923208 0.943065
1.00962 1.0774 1.09888 0.957286 0.984375 1.1319
1.06436 1.05935 1.11213 0.947616 0.863558 0.764901
0.937532 0.796584 0.99614 0.956679 0.985892 1.14257
end
gesture a17 hands 2
0.993358 0.699391 1.12508 0.951397 0.951409 1.16147
1.03761 0.807832 1.13547 0.947104 0.948043 1.1754
1.09713 0.95802 1.16826 1.04683 1.00625 1.01951
1.08186 0.916274 1.14586 0.99482 0.975464 1.10441
1.07877 0.915103 1.10252 1.09455 1.03367 0.948534
1.04434 0.975121 1.02477 1.01868 0.989174 1.06893
1.01724 1.05566 0.978976 1.11841 1.04738 0.913046
1.01358 1.0454 0.962996 1.03061 0.996029 1.05118
0.984854 0.984319 0.98537 1.13034 1.05423 0.895302
1.00991 1.03514 0.947017 0.94281 0.944678 1.18932
0.952468 0.912979 0.991763 1.14227 1.06109 0.877558
0.923746 0.851898 1.01414 1.12896 1.06312 0.82228
0.909386 0.821357 1.02532 1.03784 1.01337 0.95614
0.989386 0.844775 1.04996 1.00727 0.982708 0.755567
0.895025 0.790817 1.03651 0.946721 0.963619 1.09
0.883413 0.760214 1.08582 0.846925 0.931371 1.2213
0.896926 0.737779 1.1109 0.79724 0.932959 1.22792
0.915869 0.724204 1.19423 0.88525 0.933146 1.1604
0.910439 0.715344 1.13598 0.913355 0.940981 1.16584
end
gesture a17 hands 2
0.960771 0.82414 1.09315 0.933629 0.931638 1.19706
0.979044 0.824876 1.06938 0.930143 0.928831 1.16758
0.994135 0.797976 1.10924 0.949811 0.932368 1.15888
0.993291 0.811851 1.11719 0.972587 0.943807 1.10644
1.03606 0.825695 1.13334 1.0831 0.976929 1.08522
1.07162 0.888949 1.18094 1.05147 0.996404 1.01518
1.0298 0.933067 1.07158 1.10754 0.971834 1.07084
1.0685 0.942635 1.15006 1.01983 1.01588 0.945147
1.02667 0.986754 1.0407 1.02286 1.00613 0.940894
1.06693 0.969478 1.13462 1.07742 0.986434 0.998677
1.0251 1.0136 1.02526 1.02437 1.00125 0.938767
1.06615 0.9829 1.1269 1.13199 0.966739 1.05646
1.02432 1.02702 1.01754 1.02588 0.996379 0.936641
1.10719 0.952203 1.22854 0.956569 1.05483 0.805073
1.02354 1.04044 1.00982 0.919778 1.02602 0.816822
1.00706 0.996176 0.980003 0.930472 0.972624 0.978325
0.973224 0.844256 1.11221 0.942379 0.951625 1.07951
0.916545 0.846968 1.10289 0.975898 0.926981 1.20118
0.942759 0.805455 1.13283 0.954285 0.930625 1.1807
end
gesture a17 hands 2
0.913671 0.747915 1.19201 0.882024 0.888322 1.20657
0.907301 0.770626 1.1735 0.905934 0.903197 1.19785
0.959424 0.753587 1.19572 1.00758 0.927648 1.14424
0.988193 0.794392 1.17949 1.06279 0.939168 1.1279
1.09176 1.02458 1.21587 1.22437 1.04292 1.10398
1.11254 0.994341 1.19429 1.06285 1.01451 1.00846
1.03079 1.04605 1.00628 0.927346 1.00784 0.875582
1.0213 1.02426 0.991797 0.914338 0.996971 0.894257
0.961801 0.902611 1.06644 0.95162 0.972432 1.00021
0.986801 0.952536 1.02188 0.926475 0.979268 0.956571
0.927307 0.830894 1.09652 0.963758 0.954729 1.06253
0.969553 0.916677 1.03692 0.932544 0.970416 0.987729
0.910059 0.795035 1.11157 0.969826 0.945877 1.09368
0.96093 0.898748 1.04444 0.935578 0.96599 1.00331
0.901436 0.777106 1.11909 0.972861 0.941451 1.10926
0.956618 0.889783 1.0482 0.90133 0.986103 0.912932
0.897124 0.768142 1.12285 0.975895 0.937025 1.12484
1.0118 1.00246 0.977315 0.959557 0.914645 1.17743
0.892812 0.759177 1.12661 0.960304 0.91638 1.17513
end
gesture a17 hands 2
0.870812 0.741977 1.19028 0.973143 0.910359 1.21267
0.893084 0.73477 1.20876 0.982983 0.916296 1.18529
0.989075 0.947774 1.20993 1.14649 1.0098 1.08364
0.992984 0.910437 1.17164 1.03148 1.00485 0.977279
0.944657 0.981936 0.989145 0.973228 1.00279 0.868213
0.957612 0.964984 0.977687 0.944845 1.00135 0.869565
0.956835 0.862044 1.09032 0.931589 0.972874 0.996716
0.963701 0.905038 1.02828 0.924026 0.986389 0.933817
0.962924 0.802099 1.14091 0.910769 0.957916 1.06097
0.966745 0.875065 1.05357 0.913616 0.97891 0.965943
0.965968 0.772126 1.16621 0.90036 0.950437 1.09309
0.968268 0.860079 1.06622 0.908411 0.97517 0.982006
0.967491 0.757139 1.17885 0.895155 0.946697 1.10916
0.969029 0.852586 1.07254 0.905808 0.973301 0.990038
0.968252 0.749646 1.18518 0.892552 0.944828 1.11719
0.969409 0.848839 1.0757 0.891251 0.943893 1.1212
0.968632 0.7459 1.18834 0.916462 0.999904 0.870918
0.970567 0.948032 0.96623 0.88995 0.942958 1.12522
0.969013 0.742153 1.1915 0.913917 0.883873 1.22026
end
gesture a17 hands 2
0.889373 0.686467 0.795023 0.98135 0.657838 1.15211
0.895149 0.689615 0.798598 0.988132 0.652736 1.16446
0.925637 0.765286 0.866961 1.02577 0.687667 1.0866
0.925982 0.76555 0.868187 1.01034 0.667651 1.1317
0.900925 0.692764 0.802172 1.04799 0.702582 1.05384
0.926327 0.765813 0.869413 1.02145 0.675108 1.11532
0.961901 0.844105 0.938898 1.05909 0.71004 1.03746
0.951728 0.838863 0.936654 1.027 0.678837 1.10713
0.946642 0.836242 0.935532 1.06465 0.713768 1.02927
0.944099 0.834931 0.934971 1.02978 0.680701 1.10304
0.942828 0.834276 0.934691 1.06742 0.715633 1.02517
0.94251 0.834112 0.934621 1.03117 0.681633 1.10099
0.927652 0.766669 0.872006 1.06881 0.716565 1.02313
0.942192 0.833949 0.934551 0.994914 0.647634 1.17681
0.941874 0.833785 0.934481 1.0702 0.717497 1.02108
0.912477 0.699061 0.809321 1.0425 0.824207 0.999109
0.941556 0.833621 0.93441 1.02864 0.877562 0.988123
1.03443 1.00174 1.08277 0.95257 0.977115 0.965713
0.970635 0.968181 1.0595 1.01479 0.930917 0.977137
end
gesture a17 hands 2
0.641306 0.53886 1.21112 1.22539 0.809209 1.04823
0.789913 0.603197 1.21965 1.23723 0.813551 1.05613
0.899054 0.691673 1.2554 1.20559 0.844484 0.960865
0.918787 0.679603 1.24179 1.17753 0.862537 0.995846
0.899618 0.724665 1.18192 1.24908 0.817894 1.06402
0.919069 0.696099 1.20504 1.14947 0.880589 1.03083
0.8999 0.741161 1.14517 1.09967 0.911937 1.01423
0.91921 0.704347 1.18667 1.14273 0.895848 0.943865
0.900041 0.749409 1.1268 1.07477 0.927611 1.00593
0.919281 0.708471 1.17749 1.13027 0.903685 0.939716
0.900111 0.753533 1.11762 1.06232 0.935448 1.00178
0.919316 0.710533 1.17289 1.12405 0.907603 0.937641
0.900147 0.755595 1.11302 1.05609 0.939366 0.999709
0.900164 0.756626 1.11073 1.05298 0.941325 0.998672
0.93852 0.667533 1.22817 1.18578 0.879759 0.873499
0.900182 0.757657 1.10843 1.04987 0.943285 0.997635
0.881014 0.802719 1.04856 0.944666 0.99312 1.07705
0.853018 0.875647 0.994922 0.913956 1.00681 1.12177
0.861845 0.847782 0.988699 0.883992 0.963943 1.11351
end
gesture a17 hands 2
1.02754 0.764323 0.990904 0.979121 0.856321 1.04734
1.04559 0.811774 1.06385 0.979706 0.840216 1.0224
1.12353 0.882957 1.15383 0.981575 0.841278 0.964676
1.15329 0.882687 1.1976 1.05089 0.907273 0.884277
1.14924 0.906293 1.25632 1.14103 0.948882 0.845855
1.16614 0.894355 1.24884 1.13062 0.961074 0.824866
1.11334 0.920701 1.19539 1.08692 0.962891 0.898252
1.18304 0.882417 1.24136 1.10357 0.968079 0.851064
1.07743 0.935109 1.13447 1.05987 0.969896 0.92445
0.990918 1.0295 1.04963 1.09004 0.971581 0.864164
0.981368 1.00865 1.0386 1.04634 0.973398 0.937549
1.02272 0.9097 1.0754 1.03958 0.975149 0.944099
1.01282 0.898628 1.06447 1.12021 0.973267 0.803877
1.00787 0.893092 1.059 1.03282 0.976901 0.950648
1.00539 0.890324 1.05627 0.960242 1.03561 1.09844
0.971818 0.987802 1.02757 0.945427 0.980534 1.09742
1.00291 0.887555 1.05354 0.89517 0.879014 0.970308
1.05452 0.7899 1.10116 0.919153 0.835373 0.98987
1.03401 0.787309 1.07951 0.944886 0.81378 1.03403
end
gesture a17 hands 2
0.917655 0.589273 1.12176 0.858118 0.906748 1.19402
0.942369 0.671775 1.13931 0.863642 0.910519 1.18066
0.907775 0.595101 1.11224 0.967749 0.922727 1.06574
0.939305 0.673576 1.12894 0.970299 0.911012 1.06097
0.967083 0.754277 1.15686 0.869166 0.91429 1.1673
0.970835 0.752051 1.14565 0.972848 0.899298 1.0562
0.972711 0.750938 1.14005 1.07738 0.938705 0.937462
0.897894 0.60093 1.10271 1.07695 0.911506 0.941276
0.974587 0.749825 1.13444 1.02737 0.975083 0.968312
1.01651 0.919282 1.19196 1.05195 0.929694 0.956701
1.0339 0.909001 1.17907 1.00237 0.993271 0.983737
1.04022 0.897138 1.07147 1.03945 0.938789 0.964414
1.02873 0.90653 1.05639 0.989863 1.00237 0.991449
1.05128 0.89872 1.16618 0.983612 1.00691 0.995306
1.01724 0.915922 1.04132 1.07653 0.884306 0.94509
1.06393 0.874993 0.950977 0.977361 1.01146 0.999162
0.983205 0.933124 0.916458 0.870339 1.00156 1.10856
0.93829 0.917758 0.887723 0.868815 0.951932 1.13512
0.921815 0.893432 0.888854 0.835494 0.91196 1.1615
end
gesture a17 hands 2
1.01816 0.585282 1.07646 0.86495 0.933731 1.10224
0.989848 0.587227 1.06749 0.933605 0.942878 1.03196
0.981505 0.608739 1.02957 1.00368 0.937069 1.01233
1.05962 0.73713 1.058 1.00226 0.952025 0.961686
1.10537 0.884202 1.10154 1.02987 0.968314 0.96629
1.13773 0.86552 1.08644 1.03678 0.972387 0.967441
1.12417 0.882895 1.04152 1.08615 0.954361 0.944359
1.00823 0.921564 0.987951 1.04368 0.976459 0.968592
0.917035 0.998299 0.958189 1.05059 0.980531 0.969743
0.904659 0.979267 0.946285 1.0965 0.960469 0.946086
0.925231 0.89941 0.968623 1.05404 0.982567 0.970318
0.908757 0.929822 0.951502 1.14242 0.940407 0.922428
0.92933 0.849965 0.973839 1.05749 0.984604 0.970894
0.910806 0.905099 0.95411 1.0215 1.03421 0.987959
0.931379 0.825242 0.976448 0.972559 1.0288 1.01936
0.911831 0.892738 0.955414 0.943917 1.02981 1.07042
0.932403 0.812881 0.977752 0.933129 0.997353 1.09247
0.892283 0.960234 0.934381 0.93406 0.944792 1.11695
0.933428 0.80052 0.979056 0.903737 0.951786 1.09359
end
gesture a17 hands 2
0.915087 0.62216 1.13133 0.900991 0.961174 1.09271
0.905352 0.630844 1.12396 1.02234 0.941993 1.01903
0.956389 0.786164 1.14154 1.1047 0.938324 0.947132
0.895616 0.639529 1.11659 1.14369 0.922813 0.945356
0.964613 0.779801 1.13776 1.11817 0.941382 0.911384
0.99769 0.950167 1.15175 1.09362 0.953792 0.920761
1.03361 0.920072 1.15894 1.05061 0.979891 0.977272
0.992341 0.816175 1.10657 1.05984 0.973047 0.953705
0.971708 0.764226 1.08038 1.01683 0.999145 1.01022
0.956555 0.883753 0.992363 1.04295 0.982674 0.970177
0.961392 0.738252 1.06729 0.999945 1.00877 1.02669
0.951397 0.870766 0.985817 1.03451 0.987488 0.978413
0.956233 0.725265 1.06075 0.991501 1.01359 1.03492
0.948818 0.864273 0.982544 1.06907 0.966203 0.930138
0.953654 0.718772 1.05747 0.983056 1.0184 1.04316
0.941403 1.00328 0.904341 0.948927 0.990998 1.07488
0.951075 0.712278 1.0542 0.923515 0.95159 1.08265
0.947772 0.668412 1.09248 0.890563 0.959804 1.06862
0.927676 0.643123 1.13932 0.89676 0.988508 1.0633
end
gesture a17 hands 2
0.947325 0.792994 1.0678 1.012 0.908978 1.04058
1.01006 0.82499 1.11446 1.01756 0.912562 1.01159
1.04734 0.89745 1.1641 0.97701 0.941959 1.01488
1.03156 0.880057 1.13616 0.909207 0.967011 1.02252
1.0728 0.856985 1.16112 0.879204 1.00058 0.993555
1.01578 0.862664 1.10823 0.87395 1.00089 1.03461
0.987266 0.865504 1.08179 0.841405 0.992063 1.03015
0.980138 0.866214 1.07518 0.85505 0.996626 1.05291
0.967561 0.901865 1.04827 0.880907 0.975205 1.06111
0.97301 0.866924 1.06857 0.874802 0.988198 1.06839
0.965882 0.867633 1.06195 0.900658 0.966777 1.07659
0.9641 0.867811 1.0603 0.910534 0.962562 1.08433
0.956869 0.90293 1.03835 0.868696 1.00119 1.07566
0.962318 0.867988 1.05865 0.92041 0.958348 1.09207
0.960536 0.868166 1.05699 0.946266 0.936927 1.10028
0.954195 0.903196 1.03587 0.959195 0.926216 1.10439
0.959645 0.868254 1.05617 0.945367 0.940883 1.14196
0.947855 0.938226 1.01475 0.972123 0.915506 1.10849
0.958754 0.868343 1.05534 0.997722 0.889947 1.07053
end
gesture a17 hands 2
1.00335 0.807574 1.20479 0.985852 0.902956 1.07608
0.969332 0.854001 1.11533 1.01113 0.912243 1.06395
0.914543 0.860264 1.02987 1.02438 0.934957 1.03528
0.935315 0.900429 1.02587 1.01875 0.935191 1.06124
1.00506 0.935368 1.06385 0.996126 0.938791 1.01081
1.03994 0.952838 1.08283 0.960342 0.975167 0.98127
1.05662 1.0082 1.11682 0.908769 0.996658 0.97671
1.06572 0.989254 1.10932 0.854565 1.0071 0.976968
1.03 0.991174 1.07624 0.850028 1.02171 0.990172
1.0524 0.980741 1.08903 0.858802 1.01933 1.00858
1.01669 0.982661 1.05594 0.88539 0.992966 1.05268
1.04575 0.976485 1.07888 0.876483 1.00496 1.03984
1.01004 0.978405 1.0458 0.903071 0.978594 1.08394
1.00671 0.976276 1.04072 0.885324 0.997772 1.05546
1.07481 0.970308 1.10182 0.911911 0.971408 1.09956
1.00338 0.974148 1.03565 0.916332 0.967815 1.10738
0.972565 1.0076 0.97407 0.867576 1.01695 1.02699
0.931959 0.977988 0.969471 0.920752 0.964222 1.11519
0.928521 0.932362 1.00374 0.974983 0.946762 1.129
end
gesture a17 hands 2
0.970553 0.803819 1.14845 1.02268 0.916522 1.0711
0.919726 0.832809 1.08315 1.01751 0.918117 1.0786
0.885191 0.842268 1.03915 1.01864 0.925294 1.0313
0.937204 0.896769 1.06859 1.01234 0.919713 1.08609
0.898455 0.949429 1.01593 1.00457 0.927587 1.05333
0.943837 0.950349 1.05698 1.00068 0.931525 1.03694
0.907949 0.968942 0.983582 1.01459 0.934065 0.99149
0.948583 0.960106 1.04081 0.9968 0.935462 1.02056
0.912696 0.978699 0.967408 0.987905 0.936161 1.03509
0.950957 0.964984 1.03272 0.983458 0.93651 1.04236
0.915069 0.983577 0.959321 0.981234 0.936684 1.046
0.952144 0.967424 1.02868 1.002 0.922903 1.10109
0.916256 0.986017 0.955278 0.97901 0.936859 1.04963
0.952737 0.968643 1.02665 0.897775 0.987326 1.00014
0.91685 0.987236 0.953256 0.864989 0.998608 1.00021
0.989218 0.95127 1.09803 0.876916 1.01716 1.03865
0.917443 0.988456 0.951234 0.878048 0.972633 1.07057
0.899258 0.946443 0.934621 0.92477 0.955552 1.10191
0.908338 0.92643 0.952261 0.933654 0.937048 1.08042
end
gesture a17 hands 2
0.87424 0.654607 1.02079 0.943764 0.927839 1.08072
0.896354 0.658294 1.00107 0.969045 0.937695 1.06837
0.94733 0.651106 1.01861 1.02079 0.929736 1.07933
0.981428 0.662526 0.985781 0.982326 0.942959 1.05237
1.04925 0.740011 0.953709 0.953353 0.964091 0.998905
1.07455 0.847268 1.04556 0.943862 0.956182 1.02541
1.08032 0.839981 1.10025 0.914762 0.980677 0.996673
1.08258 0.824198 1.09166 0.900212 0.992925 0.982304
1.04373 0.925421 1.02449 0.885916 0.998446 0.91848
1.08484 0.808414 1.08307 0.885662 1.00517 0.967935
1.03499 0.867451 1.04072 0.866938 0.982629 0.971488
1.01006 0.896969 1.01954 0.885408 1.0119 1.01739
1.00713 1.01086 0.948728 0.942939 0.999193 1.05287
0.985134 0.926488 0.998369 0.971705 0.99284 1.0706
0.974136 0.884302 1.02319 0.986087 0.989664 1.07947
0.968637 0.863209 1.0356 1.02941 1.03139 1.11109
0.965887 0.852663 1.0418 1.00047 0.986487 1.08834
1.01097 1.02555 0.89914 0.977351 0.950671 1.04068
0.963138 0.842116 1.04801 0.967612 0.963124 0.927845
end
gesture a17 hands 2
0.911489 0.61256 1.18517 0.984835 0.959472 0.979912
0.975598 0.702556 1.1854 0.98548 0.967949 1.00384
1.03584 0.831645 1.14946 1 0.94359 1.06568
1.03971 0.792552 1.18563 0.986125 0.976426 1.02777
1.02614 0.781426 1.13753 0.958775 0.979516 0.977791
1.00103 0.851727 1.04681 0.939672 0.997588 1.0031
0.974349 0.971814 0.967269 0.887494 0.972581 1.00589
0.975139 0.946921 0.961683 0.920569 1.01566 1.02841
0.948624 0.886207 1.01359 0.934839 0.974845 1.03545
0.962276 0.904117 0.984846 0.97498 0.992217 1.06501
0.935761 0.843403 1.03676 0.941974 0.954437 1.03897
0.955844 0.882715 0.996427 0.978547 0.982013 1.06677
0.929329 0.822001 1.04834 0.945542 0.944233 1.04073
0.952629 0.872014 1.00222 0.980331 0.976911 1.06765
0.926114 0.8113 1.05413 0.947325 0.939131 1.04161
0.951021 0.866664 1.00511 0.948217 0.93658 1.04205
0.924506 0.805949 1.05702 1.01512 1.00959 1.09456
0.975928 0.922028 0.956097 0.949109 0.934029 1.04249
0.922898 0.800599 1.05992 0.924222 0.948145 0.948616
end
gesture a17 hands 2
0.878946 0.685028 1.16763 0.919242 0.955192 0.967865
0.957488 0.796804 1.10158 0.897848 0.928255 1.04812
0.959371 0.721742 0.994498 0.962944 0.91892 1.14257
1.03603 0.90858 1.03553 0.988362 0.91937 1.12739
1.04647 0.910647 1.09034 0.96942 0.957185 1.02535
1.0475 0.866645 1.11203 1.01378 0.91982 1.1122
1.0302 0.851843 1.06135 1.0092 0.95933 1.05368
0.998342 0.902487 0.987917 1.00691 0.979085 1.02441
0.972622 0.992569 0.933349 0.975896 0.99545 0.908124
0.969553 0.97285 0.923917 0.932329 0.982015 0.92535
0.955902 0.906751 1.01231 1.00462 0.99884 0.995152
0.961193 0.929941 0.963397 0.888762 0.96858 0.942576
0.947543 0.863841 1.05179 0.898975 0.957799 1.01331
0.957013 0.908486 0.983137 0.904081 0.952409 1.04867
0.943363 0.842387 1.07153 0.906634 0.949713 1.06636
0.954923 0.897759 0.993007 0.90791 0.948366 1.0752
0.941273 0.831659 1.0814 1.03334 1.00223 1.08218
0.966484 0.953131 0.914485 0.909187 0.947018 1.08404
0.939183 0.820932 1.09127 0.915438 0.949915 1.0254
end
gesture a17 hands 2
0.915468 0.576277 1.08993 0.936549 0.924815 1.07224
0.898924 0.576636 1.11467 0.981666 0.951457 1.00134
0.92535 0.588602 1.0709 1.04622 1.00471 0.932285
0.933966 0.590408 1.06167 0.997971 0.989398 0.965505
0.9656 0.6765 1.09677 0.956561 1.01654 0.995982
0.942582 0.592214 1.05245 0.942353 1.02829 1.01854
0.976717 0.674867 1.08354 0.953258 0.982832 1.03356
1.00585 0.764399 1.12264 0.940702 1.01144 1.03733
1.01085 0.757519 1.11462 0.951606 0.96598 1.05235
1.01335 0.754079 1.11062 0.939876 1.00301 1.04672
1.01461 0.752359 1.10861 0.95078 0.957554 1.06174
0.959813 0.595827 1.034 0.939463 0.998797 1.05142
1.01586 0.750639 1.10661 0.950367 0.953341 1.06643
1.08635 0.940196 1.17437 0.939256 0.996691 1.05377
1.04909 0.983738 1.10842 0.950161 0.951234 1.06878
1.0719 0.905451 1.17922 0.950057 0.950181 1.06996
1.01184 1.02728 1.04246 0.928146 1.04004 1.0411
0.99308 1.02893 0.995171 0.949954 0.949128 1.07113
0.969131 0.877346 0.992719 0.930869 0.938096 1.09082
end
gesture a17 hands 2
0.97689 0.694515 1.18507 0.974464 0.91892 1.05861
0.981481 0.722889 1.193 0.99054 0.926503 1.03459
1.02353 0.738243 1.15539 1.00812 0.952467 0.98439
1.0565 0.7983 1.20979 1.01257 0.975491 0.966107
1.11635 0.887167 1.29536 1.01855 0.997815 0.948037
1.08946 0.858358 1.26418 1.01702 0.998514 0.947824
1.0231 0.840074 1.15134 0.97819 1.01387 0.967834
1.00651 0.835503 1.12313 0.980062 1.0087 1.01521
0.992231 0.901312 1.04882 0.963732 1.01536 1.02207
0.989923 0.830932 1.09491 0.955567 1.0187 1.0255
0.973333 0.826361 1.0667 0.93936 1.02922 0.987844
0.969185 0.825218 1.05965 0.947402 1.02203 1.02894
0.967348 0.894455 1.0065 0.943104 1.01888 1.08259
0.965037 0.824075 1.0526 0.949274 1.01686 1.07631
0.96089 0.822933 1.04554 0.949563 0.987455 1.07819
0.961126 0.892741 0.995926 0.952793 0.971742 1.076
0.958816 0.822361 1.04202 0.955444 1.01484 1.07003
0.961363 0.962549 0.946309 0.956022 0.956029 1.0738
0.956742 0.82179 1.03849 0.96261 0.936918 1.05196
end
gesture a17 hands 2
0.93364 0.61386 1.13465 0.952402 0.930101 1.03066
0.938318 0.618247 1.12137 0.958431 0.939521 1.02123
0.997791 0.749361 1.15017 0.954337 0.921436 1.0591
0.975106 0.78647 1.09433 0.964459 0.948942 1.0118
0.942996 0.622634 1.1081 1.00572 0.972488 0.968225
0.95242 0.823579 1.03848 1.01108 1.02761 0.93868
0.957132 0.924051 1.00367 1.00906 1.0022 0.944772
1.00954 0.904456 1.08468 1.04698 0.996033 0.92465
0.959488 0.974285 0.986265 1.00704 0.976795 0.950865
1.01071 0.929573 1.07598 0.970744 1.00277 0.969591
0.960666 0.999403 0.977563 0.998287 0.999707 1.01663
1.0113 0.942132 1.07163 0.974483 0.999218 1.02795
0.961255 1.01196 0.973212 0.962582 0.998973 1.03361
1.0116 0.948411 1.06945 0.956631 0.998851 1.03644
0.96155 1.01824 0.971037 0.934447 1.02875 0.988318
1.06194 0.884861 1.16569 0.95068 0.998729 1.03927
0.961844 1.02452 0.968861 0.989534 1.02262 1.08239
0.948251 0.988832 0.930317 0.966913 0.968707 1.09022
0.949634 0.789805 1.03051 0.960727 0.936987 1.04034
end
gesture a17 hands 2
0.914098 0.624545 1.01227 0.953504 0.965326 0.986104
1.0162 0.725919 1.08503 0.948149 0.960467 0.999082
1.09058 0.833775 1.11226 1.00221 0.970265 0.961695
1.1183 0.827294 1.1578 0.942794 0.955607 1.01206
1.15339 0.810289 1.12794 0.971772 0.966094 0.988349
1.13654 0.834853 1.08603 0.986261 0.971337 0.976493
1.06852 0.91121 1.06663 1.05091 0.975204 0.937287
1.02933 1.0142 1.04405 1.00075 0.976581 0.964638
0.979389 1.02911 1.01947 0.965656 0.981628 1.01102
0.962277 1.02023 0.999803 0.925391 0.98299 1.12274
0.960178 0.922283 0.997771 0.899534 0.990264 1.14752
0.952672 0.966811 0.988953 0.90346 0.974148 1.12577
0.950573 0.868869 0.986922 0.951237 0.978085 1.06947
0.947869 0.940105 0.983529 0.929312 0.968059 1.08674
0.945771 0.842163 0.981497 0.977089 0.971996 1.03044
0.945468 0.926751 0.980816 0.942237 0.965014 1.06723
0.943369 0.828809 0.978784 0.990014 0.968951 1.01093
0.945165 1.01134 0.980136 0.907386 0.958032 1.10402
0.940968 0.815456 0.976072 1.00294 0.965906 0.991419
end
gesture a17 hands 2
1.00666 0.569783 1.07007 0.983774 0.95583 0.980582
1.12871 0.797614 1.08947 0.993897 0.960969 0.960535
1.15784 0.773932 1.08332 0.985951 0.952486 1.01005
1.14877 0.784508 1.06195 0.994985 0.959297 0.975269
1.03383 0.88929 1.0379 0.968554 0.966902 1.01831
1.08676 0.842186 1.03924 0.986287 0.966505 0.979399
0.971825 0.94697 1.01518 0.959856 0.974111 1.02244
1.05576 0.871027 1.02788 0.981938 0.970109 0.981463
0.940823 0.97581 1.00382 0.955507 0.977715 1.0245
1.04026 0.885446 1.0222 0.979764 0.971911 0.982496
0.925322 0.99023 0.998147 0.953333 0.979517 1.02554
1.03251 0.892656 1.01936 1.00402 0.966108 0.940487
0.917571 0.99744 0.995309 0.951158 0.981319 1.02657
1.02863 0.896261 1.01794 0.911653 0.996818 1.13741
0.913696 1.00104 0.993889 0.922735 1.01278 1.11366
1.13969 0.795083 1.04058 0.955019 0.980093 1.08249
0.909821 1.00465 0.99247 0.985249 0.955575 1.08932
0.86996 0.9702 0.975538 0.995804 0.960639 1.03137
0.936174 0.68984 0.999798 0.985529 0.960555 1.03041
end
gesture a17 hands 2
1.00782 0.663999 1.01377 1.00743 0.97567 1.01674
1.0685 0.770887 1.00967 1.00311 0.971437 1.0304
1.12588 0.86305 1.05319 0.994488 0.983068 1.00467
1.12917 0.877776 1.00556 0.996642 0.975136 1.02436
1.01739 0.930365 0.987441 0.988017 0.986767 0.99863
0.961502 0.95666 0.978379 0.993407 0.976985 1.02134
0.935138 1.02856 0.985409 0.984782 0.988616 0.995611
0.920376 1.00576 0.977363 0.998797 0.967204 1.04405
0.938752 0.918096 1.00067 0.981546 0.990466 0.992593
0.922184 0.950525 0.984996 1.00239 0.970712 0.946266
0.940559 0.862863 1.00831 1.01281 0.960835 0.923102
0.923087 0.922909 0.988813 1.018 1.0014 0.883332
0.941463 0.835247 1.01212 1.0054 0.982293 0.916069
0.923539 0.909101 0.990721 1.02323 0.950958 0.899939
0.941914 0.821439 1.01403 0.99281 0.963185 0.948806
0.905615 0.982954 0.969318 0.976433 0.968129 1.01357
0.942366 0.807631 1.01594 0.94811 0.984337 1.04023
0.963919 0.65584 1.05223 0.960055 0.973072 1.07834
0.979117 0.632307 1.06257 0.933242 0.966002 1.0892
end
gesture a17 hands 2
0.924204 0.58346 1.01725 0.948192 0.929311 1.07394
0.929601 0.576144 1.04574 0.965946 0.934398 1.05061
0.903537 0.568835 1.09878 0.954352 0.940912 1.04811
0.945135 0.619165 1.12354 0.96068 0.950195 1.03726
0.910172 0.580979 1.07298 0.980241 0.961367 1.00024
0.950422 0.623886 1.10014 0.967007 0.959479 1.0264
0.986733 0.669496 1.1483 0.973335 0.968763 1.01555
0.990671 0.666792 1.12729 0.974917 0.971083 1.01284
0.99264 0.66544 1.11678 0.989733 0.975292 0.983964
0.993625 0.664764 1.11153 0.976499 0.973404 1.01012
0.916808 0.593124 1.04719 0.978081 0.975725 1.00741
0.994609 0.664088 1.10627 0.978872 0.976886 1.00606
1.06993 0.770156 1.19783 1.00613 0.981822 0.952378
1.07241 0.735053 1.16536 0.979663 0.978046 1.0047
1.05569 0.762252 1.12245 0.962552 0.967098 1.04941
1.0239 0.839862 1.05569 0.954206 0.947688 1.1063
0.987559 0.930132 1.03859 0.945441 0.956151 1.09413
0.992118 0.917471 0.988939 0.931876 0.993629 1.07712
0.976218 0.844186 1.01334 0.936677 0.964613 1.08195
end
gesture a17 hands 2
0.927279 0.59667 1.1947 0.928265 0.961259 1.09806
0.969954 0.643492 1.19027 0.927353 0.950065 1.07054
0.93391 0.589929 1.18331 0.957204 0.956383 1.02029
0.974997 0.637851 1.17523 0.970115 0.965445 0.997124
1.01263 0.690313 1.18584 0.960238 0.956952 1.03841
1.01608 0.685773 1.16715 0.96946 0.964207 1.02099
1.01781 0.683503 1.15781 0.983027 0.974507 0.973959
0.979176 0.633345 1.16486 0.978681 0.971463 1.00356
1.01867 0.682368 1.15314 0.963272 0.95752 1.05654
1.0191 0.6818 1.1508 0.974335 0.968418 1.03316
0.940542 0.583188 1.17192 0.979866 0.973867 1.02148
1.01954 0.681233 1.14846 0.982632 0.976591 1.01563
1.09799 0.783956 1.17698 0.984015 0.977953 1.01271
1.09853 0.779278 1.12501 1.00885 0.992632 0.927628
1.04324 0.839237 1.04458 0.985397 0.979316 1.00979
1.01559 0.869217 1.00436 0.969341 0.958658 1.09278
0.98141 0.947272 0.989405 0.961945 0.965999 1.09195
0.987944 0.899197 0.964147 0.938445 0.955323 1.08228
0.971263 0.788543 1.04751 0.936339 0.964933 1.05404
end
gesture a17 hands 2
0.906684 0.498686 1.20058 0.932475 0.964042 1.04655
0.954932 0.554676 1.20255 0.956707 0.988757 0.969245
0.916044 0.501153 1.15754 0.989494 0.98895 0.919572
0.961543 0.555705 1.16359 0.978063 0.985341 0.981071
1.00318 0.610667 1.20453 0.980892 0.970154 1.00621
1.00704 0.610257 1.16964 0.976591 0.960756 1.04953
1.00897 0.610052 1.1522 0.966631 0.981732 1.04257
0.925405 0.503619 1.11449 0.97229 0.951358 1.09285
1.0109 0.609848 1.13476 0.959213 0.95323 1.10211
1.09967 0.722649 1.20848 0.954008 0.960823 1.08615
1.0964 0.716076 1.15502 0.951406 0.96462 1.07816
1.03319 0.747463 1.08962 0.959199 0.971802 1.05593
1.00158 0.763157 1.05692 0.948803 0.968417 1.07018
0.985778 0.771003 1.04056 0.943605 0.966724 1.0773
0.977876 0.774927 1.03239 0.941006 0.965877 1.08087
0.973925 0.776888 1.0283 0.939707 0.965454 1.08265
0.971949 0.777869 1.02625 0.939057 0.965243 1.08354
0.98101 0.92896 0.987221 0.946136 0.955102 1.11138
0.969974 0.77885 1.02421 0.938407 0.965031 1.08443
end
gesture a17 hands 2
0.899281 0.511459 1.16291 0.984485 0.968844 1.02987
0.989025 0.560833 1.19116 0.961807 0.9617 1.01184
1.09036 0.647621 1.25181 0.959344 0.938198 1.03827
1.08457 0.628914 1.23561 0.959676 0.936646 1.03953
1.05612 0.675699 1.19507 0.954779 0.909513 1.04367
1.06745 0.642954 1.20724 0.960008 0.935095 1.04079
1.039 0.689738 1.16669 0.96034 0.933543 1.04206
1.05889 0.649973 1.19305 0.960423 0.933156 1.04237
1.03044 0.696758 1.15251 0.955277 0.907186 1.04556
1.05461 0.653483 1.18596 0.960506 0.932768 1.04269
1.02616 0.700267 1.14541 0.960589 0.93238 1.043
1.05246 0.655238 1.18241 0.955402 0.906604 1.04604
1.02402 0.702022 1.14187 0.960631 0.932186 1.04316
1.07877 0.610208 1.21941 0.960651 0.932089 1.04324
1.02188 0.703777 1.13832 0.950214 0.880828 1.04907
0.993437 0.750561 1.09777 0.960672 0.931992 1.04332
0.98182 0.839048 1.08148 0.96526 0.991078 1.04677
0.964993 0.797346 1.05723 0.950177 0.981065 1.0662
0.956772 0.774049 1.07036 0.911323 0.970681 1.07005
end
gesture a17 hands 2
0.888462 0.588774 1.35398 0.905492 0.962223 1.10335
0.899711 0.591979 1.32044 0.932847 0.950027 1.07337
0.922864 0.599241 1.27327 0.957331 0.959272 1.03181
0.979557 0.643898 1.26214 0.960203 0.937832 1.0434
1.04386 0.720821 1.29277 0.958817 0.982971 1.02757
1.04006 0.704687 1.27189 0.973386 0.978177 1.02005
1.02088 0.737619 1.23026 0.950326 0.976381 1.07429
1.02856 0.713086 1.24063 0.969141 0.974882 1.04341
1.00939 0.746018 1.199 0.946081 0.973086 1.09765
1.02282 0.717286 1.225 0.967018 0.973235 1.05508
1.00364 0.750218 1.18337 0.943958 0.971439 1.10933
1.00077 0.752317 1.17555 0.965956 0.972411 1.06093
1.03625 0.688554 1.25101 0.942896 0.970615 1.11517
0.997894 0.754417 1.16774 0.965426 0.971999 1.06384
0.978716 0.787349 1.12611 0.942366 0.970203 1.11809
0.969127 0.803814 1.10529 0.96516 0.971793 1.0653
0.968822 0.874297 1.08659 0.9421 0.969997 1.11955
0.959538 0.82028 1.08447 0.987955 0.973383 1.01252
0.947473 0.751788 1.14008 0.941835 0.969791 1.12101
end
gesture a17 hands 2
0.915835 0.543871 1.30655 0.947188 0.980068 1.102
0.927697 0.546595 1.26744 0.958696 0.97611 1.06131
0.974778 0.632139 1.26022 0.98423 0.981358 1.02229
0.986928 0.632429 1.25227 0.974278 0.981396 1.03324
0.939558 0.54932 1.22832 0.970203 0.972151 1.02062
0.999079 0.632719 1.24432 0.967264 0.976793 1.03241
1.03372 0.720407 1.21389 0.956031 0.956572 1.07936
1.0586 0.716117 1.26033 0.960178 0.969003 1.06178
1.04519 0.683217 1.22877 0.948945 0.948783 1.10873
1.03483 0.692324 1.20496 0.956635 0.965109 1.07646
1.00833 0.762984 1.16944 0.945401 0.944888 1.12341
1.0164 0.732207 1.17529 0.954863 0.963161 1.0838
0.989901 0.802867 1.13978 0.94363 0.94294 1.13075
1.00719 0.752148 1.16046 0.953977 0.962188 1.08747
0.980686 0.822808 1.12494 0.942744 0.941967 1.13442
1.02447 0.70143 1.18115 0.953534 0.961701 1.08931
0.971471 0.84275 1.11011 0.942301 0.94148 1.13625
0.953336 0.831841 1.06417 0.964325 0.981435 1.0442
0.932473 0.725175 1.09444 0.941858 0.940993 1.13809
end
gesture a18 hands 2
0.904767 0.568831 1.06985 0.783028 0.693099 1.19009
0.967054 0.587571 1.11592 0.782589 0.679479 1.21649
1.00689 0.714038 1.14334 0.792197 0.628351 1.22446
1.01812 0.660174 1.15266 0.820044 0.627807 1.17701
1.02575 0.741508 1.13765 0.895342 0.741764 1.15674
1.02754 0.67391 1.14981 0.871617 0.684513 1.14315
1.03518 0.755244 1.1348 0.946915 0.79847 1.12289
1.03226 0.680777 1.14839 0.897403 0.712867 1.12622
1.03989 0.762111 1.13338 0.972702 0.826824 1.10596
1.03462 0.684211 1.14768 0.910296 0.727043 1.11775
1.04225 0.765545 1.13267 0.985595 0.841 1.09749
1.04343 0.767262 1.13231 0.916743 0.734132 1.11352
1.02934 0.606311 1.16198 0.992041 0.848089 1.09326
1.04461 0.768979 1.13196 0.995265 0.851633 1.09115
1.10902 0.859245 1.21682 0.847891 0.627263 1.12955
1.05987 0.931647 1.10193 0.998488 0.855177 1.08903
1.01621 1.05496 1.0107 0.952364 0.96969 0.912734
1.01073 1.00405 0.987045 0.982637 0.983537 0.94386
1.00447 0.95253 1.00642 0.915453 0.873404 1.04987
end
gesture a18 hands 2
0.938368 0.631959 1.23931 0.807686 0.80461 1.40428
0.945015 0.624699 1.21145 0.820853 0.802919 1.31617
0.893553 0.627283 1.11301 0.836566 0.778205 1.25015
0.927048 0.621847 1.15967 0.831661 0.759901 1.27061
0.966294 0.626817 1.20382 0.87784 0.838113 1.2023
0.979795 0.630186 1.19868 0.852298 0.789855 1.24669
0.990197 0.728299 1.16031 0.898477 0.868067 1.17838
0.999842 0.729171 1.15662 0.862617 0.804832 1.23473
0.993297 0.633556 1.19354 0.908795 0.883044 1.16642
1.00949 0.730043 1.15294 0.867776 0.81232 1.22875
1.0141 0.829781 1.11679 0.913955 0.890532 1.16044
1.02568 0.826529 1.11233 0.870356 0.816065 1.22576
1.03147 0.824903 1.11011 0.916534 0.894277 1.15745
1.03436 0.82409 1.10899 0.826757 0.741597 1.29107
1.03581 0.823684 1.10844 0.919114 0.898021 1.15446
1.0203 0.640295 1.18326 0.991549 0.919673 0.901249
1.03726 0.823278 1.10788 0.942818 0.900949 0.878893
1.06191 1.03274 1.02976 0.905212 0.863231 0.904091
1.05421 1.00626 1.0325 0.875133 0.826752 1.04113
end
gesture a18 hands 2
0.950384 0.795123 1.15195 0.872011 0.769618 1.2738
0.963647 0.79492 1.17876 0.889663 0.77645 1.17389
0.984046 0.777526 1.13738 0.877095 0.747119 1.2198
0.983075 0.773637 1.14166 0.883373 0.76984 1.14831
0.892079 0.791349 1.07647 0.945278 0.884714 1.07336
0.982105 0.769747 1.14595 0.928393 0.881335 1.03304
0.995957 0.834734 1.1093 0.889652 0.79256 1.07683
1.06198 0.918648 1.17275 0.91151 0.877955 0.992733
1.00981 0.899722 1.07266 0.922438 0.920653 0.950684
1.04257 0.924105 1.11141 0.927903 0.942002 0.929659
1.05895 0.936297 1.13078 1.01346 1.02231 0.926912
1.14185 1.06755 1.19955 0.973414 0.992831 0.917773
1.07534 0.948489 1.15015 0.96005 0.921378 1.0015
1.04208 0.888958 1.12545 0.933344 0.870913 1.03879
1.02545 0.859193 1.1131 0.933367 0.963351 0.908635
1.01713 0.844311 1.10693 0.906639 0.820447 1.07608
1.03752 1.0297 0.999363 0.889315 0.803351 1.06786
1.00882 0.829428 1.10075 0.92437 0.813333 1.02192
0.974311 0.783133 1.0932 0.950164 0.812426 1.05069
end
gesture a18 hands 2
0.973706 0.660326 1.14049 0.947996 0.75253 1.24232
0.967009 0.655612 1.16905 0.973901 0.73944 1.2357
0.997171 0.654745 1.21592 0.991476 0.769664 1.12828
1.04479 0.649772 1.19347 1.00729 0.898262 1.04711
1.10848 0.865994 1.21307 0.95705 0.890464 1.02083
1.05427 0.898028 1.09859 1.0231 1.02686 0.965943
1.00476 0.984659 0.998492 0.922624 1.01126 0.913385
1.00241 0.957361 0.991304 0.889785 0.965194 0.924042
1.0105 0.844997 1.07869 0.936814 0.885422 1.04885
1.00528 0.88753 1.0314 0.89688 0.902274 0.991773
1.01337 0.775165 1.11878 0.94391 0.822503 1.11658
1.00672 0.852614 1.05145 0.900428 0.870815 1.02564
1.01481 0.74025 1.13883 0.947457 0.791044 1.15044
1.00743 0.835156 1.06147 0.902202 0.855085 1.04257
1.01552 0.722792 1.14886 0.949231 0.775314 1.16738
1.00779 0.826427 1.06649 0.903089 0.84722 1.05104
1.01588 0.714063 1.15387 0.950118 0.767449 1.17584
1.00006 0.930063 0.984116 0.856946 0.919127 0.934699
1.01624 0.705334 1.15888 0.951005 0.759584 1.18431
end
gesture a18 hands 2
1.06082 0.643628 1.238 0.962739 0.762811 1.25293
1.05455 0.649835 1.26658 0.971048 0.765024 1.22434
1.05415 0.641813 1.26813 0.982889 0.793684 1.17773
1.035 0.764287 1.16408 0.921713 0.867019 1.04873
1.02777 0.93383 1.07569 0.999321 1.00101 0.980396
1.02182 0.910296 1.06786 0.929929 0.970682 0.950058
1.02628 0.850037 1.1067 0.947345 0.902032 1.05229
1.02107 0.868399 1.08337 0.903942 0.921193 0.986004
1.02554 0.80814 1.12221 0.921358 0.852544 1.08823
1.0207 0.847451 1.09112 0.890948 0.896449 1.00398
1.02517 0.787191 1.12997 0.908364 0.827799 1.10621
1.02052 0.836977 1.095 0.884451 0.884077 1.01296
1.02499 0.776717 1.13384 0.901867 0.815427 1.11519
1.02042 0.83174 1.09694 0.881202 0.877891 1.01746
1.02489 0.77148 1.13578 0.898618 0.809241 1.11969
1.02038 0.829121 1.09791 0.879578 0.874798 1.0197
1.02485 0.768862 1.13675 0.896994 0.806148 1.12193
1.01586 0.886762 1.06003 0.860538 0.940354 0.91972
1.0248 0.766243 1.13772 0.89537 0.803055 1.12418
end
gesture a18 hands 2
1.02256 0.676875 1.18669 0.886406 0.734937 1.23795
1.01195 0.676626 1.19713 0.882266 0.724287 1.28042
1.0663 0.772233 1.25399 0.890367 0.871411 1.07396
1.05051 0.777537 1.22804 0.878125 0.713638 1.3229
1.00133 0.676377 1.20757 0.8997 0.731603 1.26426
1.03472 0.782841 1.20209 0.905093 0.736094 1.2496
1.05141 0.836073 1.19934 0.897014 0.869741 1.08711
1.08073 0.851831 1.26032 0.910487 0.740586 1.23494
1.05976 0.862689 1.19797 0.915881 0.745077 1.22028
1.0849 0.865139 1.25963 0.917229 0.7462 1.21661
1.06393 0.875997 1.19729 0.905105 0.876478 1.06512
1.08699 0.871793 1.25929 0.918577 0.747322 1.21295
1.06602 0.88265 1.19694 0.919926 0.748445 1.20929
1.11005 0.86759 1.32129 0.920263 0.748726 1.20837
1.0681 0.889305 1.1966 0.907127 0.878163 1.05963
1.02166 0.967303 1.08025 0.9206 0.749007 1.20745
1.02616 0.911019 1.07191 0.920937 0.749287 1.20654
1.03806 0.766673 1.14917 0.894329 1.00788 0.909966
0.990161 0.727318 1.05698 0.921274 0.749568 1.20562
end
gesture a18 hands 2
1.0886 0.785273 1.11996 0.873721 0.734888 1.2689
1.16257 0.77722 1.16884 0.908931 0.739149 1.24119
1.21582 0.751374 1.17075 0.846325 0.725057 1.27547
1.26338 0.771513 1.17864 0.944141 0.74341 1.21348
1.30673 0.831432 1.11336 0.956913 0.720168 1.17229
1.27602 0.93658 1.1033 0.954511 0.761151 1.12151
1.27761 1.02838 1.12814 0.956298 0.819263 1.08545
1.26146 1.03506 1.11068 0.952109 0.802133 1.07073
1.17783 1.00687 1.09195 0.950015 0.793569 1.06338
1.21157 1.0243 1.09259 0.969684 0.696927 1.1311
1.12794 0.996112 1.07386 0.947921 0.785004 1.05602
1.18663 1.01892 1.08355 0.968456 0.895115 0.957418
1.10299 0.990734 1.06482 0.926157 0.873081 0.980941
1.17415 1.01623 1.07902 0.91362 0.877285 1.03722
1.09052 0.988045 1.06029 0.936972 0.860326 1.08713
1.24531 1.04173 1.09323 0.958945 0.773135 1.18086
1.07805 0.985356 1.05577 1.01156 0.805156 1.16607
0.956345 0.960986 1.00238 0.960368 0.878518 1.15444
0.910787 0.928984 1.0183 1.06418 0.837176 1.15128
end
gesture a18 hands 2
0.854711 1.24681 0.59665 0.661171 0.856111 1.08418
0.880267 1.16263 0.726708 0.681984 0.898603 1.03686
0.427355 0.623405 0.298325 0.758703 0.875867 1.09444
0.666589 0.850927 0.577546 0.73075 0.908481 1.04199
0.213678 0.311702 0.149163 0.807468 0.885744 1.09957
0.55975 0.695076 0.502964 0.755133 0.91342 1.04456
0.106839 0.155851 0.0745813 0.831851 0.890683 1.10213
0.506331 0.617151 0.465674 0.767324 0.915889 1.04584
0.0534194 0.0779256 0.0372906 0.844043 0.893153 1.10342
0.479621 0.578188 0.447028 0.77342 0.917124 1.04648
0.0267097 0.0389628 0.0186453 0.850138 0.894387 1.10406
0.466266 0.558706 0.437706 0.776468 0.917741 1.0468
0.0133549 0.0194814 0.00932266 0.853186 0.895005 1.10438
0.459589 0.548966 0.433044 0.777992 0.91805 1.04696
0.00667743 0.0097407 0.00466133 0.85471 0.895313 1.10454
0.45625 0.544095 0.430714 0.778754 0.918204 1.04704
0.00333871 0.00487035 0.00233066 0.855472 0.895468 1.10462
0.905823 1.07845 0.856766 0.702797 0.941095 0.989545
0 0 0 0.856234 0.895622 1.1047
end
gesture a18 hands 2
1.10922 0.806267 1.2371 0.952063 0.71868 1.20962
1.12305 0.812695 1.26264 0.952435 0.717819 1.19522
1.17649 0.819754 1.2653 0.962257 0.802869 1.11858
1.08647 0.928349 1.11189 0.952807 0.716958 1.18082
1.22611 1.07121 1.16812 0.97245 0.887059 1.02754
1.11128 1.05408 1.06329 0.960022 0.868733 0.978178
1.18435 0.943887 1.16342 0.887588 0.825207 1.04793
1.0904 0.990413 1.06095 0.914156 0.822396 1.09407
1.16347 0.880226 1.16107 0.949337 0.785502 1.11767
1.07996 0.958583 1.05977 0.946808 0.851305 1.10205
1.15303 0.848395 1.15989 0.983571 0.878465 1.12439
1.07474 0.942668 1.05918 1.09639 0.89414 1.20702
1.14781 0.83248 1.15931 1.02033 0.905625 1.14672
1.07213 0.93471 1.05889 1.03566 0.80215 1.17902
1.1452 0.824523 1.15901 1.00383 0.808897 1.14478
1.1439 0.820544 1.15887 0.944279 0.917109 1.08643
0.996455 1.03694 0.958473 0.971997 0.815646 1.11055
1.14259 0.816565 1.15872 0.974921 0.710159 1.15101
1.13976 0.797463 1.18138 0.999714 0.714182 1.13467
end
gesture a18 hands 2
1.00661 0.667514 0.993589 0.942271 0.629649 1.21017
0.989592 0.682175 0.974023 0.935584 0.605214 1.22556
1.07945 0.67963 1.0363 0.934573 0.605856 1.16724
1.10539 0.695779 1.05092 0.94817 0.825817 1.00855
1.12664 0.692078 1.05192 0.91143 0.811622 0.96578
1.04979 0.849439 1.03263 0.952869 0.902857 1.033
0.987469 1.0351 1.06157 0.882635 0.811105 1.13645
0.980205 1.02095 1.03746 0.938471 0.902599 1.11834
0.988596 0.92315 1.04271 0.922327 0.770975 1.14053
0.980769 0.964975 1.02802 0.958317 0.882533 1.12038
0.98916 0.867175 1.03327 0.942172 0.75091 1.14257
0.98105 0.936988 1.02331 0.96824 0.872501 1.1214
0.989441 0.839188 1.02856 0.952095 0.740878 1.14359
0.981191 0.922994 1.02095 0.973202 0.867485 1.12191
0.989582 0.825194 1.0262 0.957057 0.735861 1.1441
0.981262 0.915997 1.01977 0.975682 0.864977 1.12216
0.989653 0.818197 1.02502 0.959537 0.733353 1.14436
0.972941 1.0068 1.01334 0.994308 0.994092 1.10023
0.989723 0.8112 1.02384 0.962018 0.730845 1.14461
end
gesture a18 hands 2
1.05188 0.787512 1.0701 1.01079 0.813638 1.06127
1.02753 0.789966 1.05293 1.00094 0.778077 1.101
1.02476 0.786813 1.05363 0.992862 0.762414 1.19022
1.02694 0.787984 1.05231 0.991083 0.742515 1.14072
1.09168 0.807619 1.03061 0.984513 0.844326 1.04514
1.07124 0.81811 1.02417 0.994395 0.943524 1.00082
1.02912 0.789154 1.05099 0.977943 0.946138 0.949567
1.0508 0.828602 1.01773 0.967616 0.910681 1.03113
1.06164 0.848326 1.0011 0.941559 0.9122 0.954575
1.11013 0.838375 1.00435 0.957289 0.875223 1.1127
1.06706 0.858188 0.992784 0.931378 0.867581 1.108
1.11283 0.843306 1.00019 0.918422 0.863761 1.10564
1.06977 0.863119 0.988627 0.911945 0.86185 1.10447
1.07113 0.865584 0.986548 0.905175 0.878262 0.959583
1.15861 0.828425 1.0076 0.905467 0.85994 1.10329
1.07248 0.86805 0.984469 0.936635 0.804308 1.27583
0.966788 0.954504 0.966125 0.905759 0.841618 1.247
0.986356 0.907675 0.961342 0.892321 0.825351 1.19676
1.00475 0.869844 1.00267 0.967229 0.808845 1.0729
end
gesture a18 hands 2
1.04129 0.789338 1.07504 0.96038 0.737041 1.10191
1.11886 0.818452 1.09569 0.958306 0.729491 1.10107
1.15173 0.777772 1.16536 0.956047 0.729679 1.18864
1.12766 0.787897 1.13498 0.956232 0.72194 1.10023
1.07002 0.856718 1.08931 0.975018 0.889835 1.02342
1.10359 0.798023 1.10461 0.975122 0.899164 0.966275
1.07952 0.808148 1.07423 0.948633 0.860146 0.949423
1.0735 0.810679 1.06664 0.923483 0.795027 1.10156
1.03392 0.871906 1.04375 0.944519 0.824134 1.14731
1.06749 0.81321 1.05905 0.945092 0.887077 1.21112
1.06148 0.815742 1.05146 0.957757 0.804565 1.11416
1.05997 0.816374 1.04956 0.951711 0.877293 1.19454
1.02489 0.875703 1.03236 0.964375 0.79478 1.09758
1.05847 0.817007 1.04766 0.955021 0.8724 1.18625
1.05696 0.81764 1.04576 0.967685 0.789888 1.08929
1.02264 0.876652 1.02951 0.956675 0.869954 1.1821
1.05621 0.817957 1.04481 0.969339 0.787442 1.08514
0.988315 0.935664 1.01326 0.945666 0.95002 1.27492
1.05546 0.818273 1.04386 0.970994 0.784996 1.081
end
gesture a18 hands 2
1.06933 0.70405 1.14446 0.943578 0.86448 1.15618
1.09555 0.702502 1.15884 0.933916 0.852119 1.13099
1.03212 0.728406 1.07835 0.921412 0.860016 1.10773
1.01103 0.732662 1.05932 0.934647 0.887826 1.05838
1.00773 0.844093 1.08978 0.930063 0.850369 1.10798
0.998831 0.790505 1.06503 0.947883 0.915636 1.00902
0.995534 0.901936 1.09549 0.943682 0.902277 1.03107
0.992733 0.819427 1.06789 0.941581 0.895598 1.04209
0.989436 0.930858 1.09835 0.938713 0.840723 1.10822
0.989684 0.833888 1.06932 0.939481 0.888918 1.05311
0.986387 0.945319 1.09978 0.939865 0.913016 1.02555
0.98816 0.841119 1.07004 0.940057 0.925065 1.01178
0.984862 0.95255 1.1005 0.940153 0.931089 1.00489
0.9841 0.956165 1.10085 0.974353 0.971257 0.910319
0.989933 0.736918 1.04029 0.940248 0.937114 0.997999
0.983338 0.95978 1.10121 0.923196 0.920042 1.04184
0.933254 1.05457 0.981929 0.905466 0.884086 1.14121
0.912453 1.03547 0.936347 0.906144 0.90297 1.08568
0.9703 0.909535 1.02669 0.947562 0.896011 1.08732
end
gesture a18 hands 2
1.06045 0.692945 1.19504 0.956291 0.875044 1.15124
1.02749 0.687321 1.11269 0.950181 0.846313 1.14677
1.02729 0.702787 1.09818 0.95197 0.842127 1.20571
1.03763 0.726099 1.08697 0.94828 0.836767 1.17832
0.99211 0.86036 1.04146 0.959744 0.900456 1.09747
0.992466 0.863224 1.02762 0.955979 0.886903 1.11115
1.04796 0.749411 1.07576 0.944589 0.831407 1.15093
0.992822 0.866088 1.01378 0.952214 0.873351 1.12482
0.956932 1.01793 0.984749 0.956026 0.894322 1.11177
0.947309 1.00035 0.968281 0.961773 0.926554 1.0505
0.982826 0.929336 1.02591 0.957932 0.904808 1.10524
0.960256 0.956051 0.988861 0.958885 0.910051 1.10198
0.995773 0.885039 1.04649 0.967519 0.958785 0.989237
0.966729 0.933902 0.999151 0.959839 0.915294 1.09871
1.00225 0.86289 1.05678 0.938793 0.874985 1.20173
0.969966 0.922828 1.0043 0.927595 0.885268 1.1516
1.00548 0.851816 1.06192 0.952158 0.871803 1.20819
0.937685 0.982765 0.951812 0.916396 0.895552 1.10147
1.00872 0.840742 1.06707 0.948406 0.886043 1.04255
end
gesture a18 hands 2
1.05226 0.73054 1.16005 0.959814 0.869999 1.0539
1.04788 0.719241 1.13266 0.932726 0.860098 1.05995
1.03602 0.752087 1.10178 0.94157 0.850548 1.05962
0.984235 0.873113 1.02775 0.936692 0.898049 1.00655
1.03866 0.954631 1.13525 0.974077 0.963277 0.950776
0.985557 0.974385 1.04448 0.931813 0.94555 0.953474
1.02108 0.874125 1.11649 0.922539 0.915738 1.03178
0.976766 0.934132 1.0351 0.92022 0.908284 1.05135
1.01228 0.833872 1.10711 0.936833 0.884598 1.12444
0.972368 0.914005 1.03041 0.934575 0.881665 1.12379
1.00789 0.813746 1.10241 0.917902 0.900831 1.07093
0.970169 0.903942 1.02806 0.932318 0.878732 1.12313
1.00569 0.803683 1.10007 0.939526 0.867683 1.14924
0.96907 0.898911 1.02689 0.951127 0.853458 1.21711
1.00459 0.798652 1.09889 0.946733 0.856633 1.17534
0.96852 0.896395 1.0263 0.944537 0.858221 1.15445
1.00404 0.796136 1.09831 0.913265 0.885925 1.11008
0.932451 0.994138 0.953709 0.94234 0.859808 1.13357
1.00349 0.79362 1.09772 0.920696 0.859794 1.11284
end
gesture a18 hands 2
0.899147 0.808071 1.051 0.829826 0.68632 1.20432
0.906545 0.815187 1.02309 0.824872 0.669864 1.20019
0.958966 0.824736 0.998094 0.824463 0.739195 1.13307
0.967244 0.768669 1.03148 0.819917 0.653408 1.19605
0.969399 0.770786 1.05809 0.833788 0.64135 1.17566
0.972461 0.741694 1.06148 0.861075 0.691118 1.14941
0.974665 0.808157 1.05573 0.877951 0.751875 1.13082
0.975093 0.76038 1.0603 0.888362 0.740885 1.12317
0.977298 0.826842 1.05456 0.893567 0.73539 1.11934
0.97641 0.769723 1.05971 0.894868 0.734016 1.11839
0.978615 0.836185 1.05397 0.870613 0.682341 1.1373
0.977068 0.774394 1.05941 0.896169 0.732643 1.11743
0.979273 0.840857 1.05367 0.897471 0.731269 1.11648
0.977397 0.77673 1.05927 0.872565 0.68028 1.13587
0.979602 0.843192 1.05353 0.898121 0.730582 1.116
0.975522 0.712603 1.06486 0.847659 0.629292 1.15526
0.979931 0.845528 1.05338 0.898772 0.729895 1.11552
1.01497 0.995507 1.08141 0.935984 0.850342 1.06558
0.98434 0.978453 1.0419 0.949885 0.830498 1.07578
end
gesture a18 hands 2
0.990655 0.728537 1.05787 0.943284 0.753961 1.40541
1.00778 0.736503 1.08037 0.964881 0.78618 1.32976
0.99726 0.730997 1.13319 0.91827 0.764943 1.3153
0.94705 0.712738 1.11787 0.899859 0.762682 1.28192
0.95649 0.720653 1.07905 0.893515 0.779015 1.19517
0.958489 0.65006 1.11646 0.881448 0.760421 1.24854
0.966682 0.692117 1.16745 0.843311 0.754173 1.18812
0.963585 0.635792 1.16066 0.754886 0.827576 1.15675
0.972911 0.753786 1.11422 0.805175 0.747925 1.12769
0.966699 0.666627 1.13404 0.824849 0.756999 1.11278
0.976025 0.784621 1.08761 0.889291 0.853452 1.02243
0.968256 0.682044 1.12074 0.900723 0.878124 1.03464
0.977583 0.800039 1.07431 0.906438 0.890461 1.04074
0.969035 0.689753 1.11408 0.844522 0.766074 1.09788
0.978361 0.807747 1.06765 0.912154 0.902797 1.04684
0.960487 0.579467 1.15386 0.973406 0.958979 0.917178
0.97914 0.815456 1.061 0.965096 0.94172 1.01416
1.01276 1.07565 1.0101 0.979787 1.03952 0.995799
0.997792 1.05145 0.968135 0.956785 0.92446 1.11115
end
gesture a18 hands 2
0.952877 0.862699 0.900816 0.972522 0.878208 1.17552
0.938487 0.849073 0.969465 0.980801 0.872864 1.2038
0.899196 0.827196 1.09139 0.92055 0.910507 1.02546
0.924098 0.835446 1.03811 0.813854 0.949307 1.01023
0.973486 0.798494 1.06055 0.883241 0.915495 1.03077
0.950204 0.686212 1.07214 0.849588 0.943896 0.994692
0.951599 0.684884 1.0746 0.793543 0.94717 0.998014
0.966621 0.792628 1.04799 0.771369 0.90463 1.01998
0.9843 0.911964 1.02701 0.800053 0.857071 1.01303
0.981643 0.900372 1.02139 0.982495 1.02447 0.894852
0.980314 0.894575 1.01857 0.994309 0.971034 0.887819
0.966654 0.789065 1.04782 0.975999 0.951403 0.876518
0.97965 0.891677 1.01717 0.986655 0.938882 1.03045
0.952994 0.683555 1.07706 0.957689 0.931773 0.865217
0.978986 0.888779 1.01576 0.960696 0.908582 0.939838
1.0184 1.13772 0.981876 0.9622 0.896986 0.977149
1.00498 1.094 0.954466 0.979 0.906729 1.17309
1.01774 0.965389 1.05311 0.963704 0.885391 1.01446
0.946237 0.838642 1.02495 0.996914 0.859026 1.1522
end
gesture a18 hands 2
0.925647 0.7488 1.04239 0.869617 0.868747 1.17535
1.0094 0.906471 1.06201 0.895077 0.854475 1.16945
1.10668 1.02263 1.11 0.910939 0.844347 1.17562
1.09991 1.04339 1.09581 0.93618 0.840332 1.06243
1.04604 0.921544 1.0506 1.00786 0.852251 0.973622
1.06959 0.992843 1.06611 1.05324 0.987541 0.899432
1.01572 0.871 1.0209 1.02591 0.996729 0.856861
1.05443 0.967571 1.05126 0.953122 0.976059 0.934644
1.00055 0.845729 1.00605 0.990349 0.934453 0.954558
1.04685 0.954934 1.04383 0.996794 0.929382 0.982944
0.992972 0.833093 0.998626 0.963939 0.919879 1.07652
1.04306 0.948617 1.04012 0.98359 0.922095 1.04392
0.989183 0.826775 0.994913 0.950735 0.912593 1.1375
1.04117 0.945457 1.03827 0.976987 0.918452 1.07441
0.987288 0.823616 0.993057 0.944132 0.908949 1.16799
1.04022 0.943878 1.03734 0.973686 0.91663 1.08966
0.986341 0.822037 0.992129 0.940831 0.907128 1.18323
1.09315 1.06414 1.08162 1.00324 0.924311 1.01133
0.985394 0.820457 0.991201 0.93753 0.905306 1.19848
end
gesture a18 hands 2
0.989173 0.737325 1.09145 0.951979 0.878442 1.13257
1.00769 0.728201 1.0703 0.944489 0.865825 1.15871
1.01182 0.746976 1.1124 0.946392 0.854977 1.15917
1.04876 0.876606 1.10796 0.965135 0.819349 1.05975
1.05586 0.768243 1.09403 1.03833 0.953914 0.892922
1.07077 0.887239 1.09877 0.989701 0.94064 0.91224
1.00807 0.779303 1.05999 0.974347 0.914223 1.03054
1.04688 0.892771 1.08175 0.957709 0.920794 0.981047
0.984178 0.784834 1.04297 0.942355 0.894377 1.09934
1.03493 0.895537 1.07324 0.941713 0.910872 1.01545
0.972233 0.787599 1.03446 0.926359 0.884455 1.13375
1.02896 0.896919 1.06898 0.933715 0.90591 1.03265
0.96626 0.788981 1.03021 0.918361 0.879493 1.15095
1.02597 0.897611 1.06686 0.929716 0.90343 1.04125
0.963273 0.789673 1.02808 0.914362 0.877013 1.15955
1.02448 0.897956 1.06579 0.941072 0.927366 0.931558
0.96178 0.790018 1.02701 0.910363 0.874532 1.16815
1.08569 1.00624 1.10351 0.85674 0.878694 1.17457
0.960287 0.790364 1.02595 0.879918 0.864552 1.1224
end
gesture a18 hands 2
0.956707 0.744114 1.03065 0.888721 0.873396 1.1398
0.970825 0.744149 1.03545 0.890609 0.873417 1.11045
1.0121 0.894936 1.06178 0.947673 0.859342 1.11883
0.993613 0.87727 1.02759 0.954823 0.853042 1.09101
0.984944 0.744183 1.04026 0.987462 0.920184 1.02392
0.975125 0.859603 0.993401 0.974718 0.883463 1.04356
0.970216 0.917314 0.969971 1.00736 0.950606 0.976469
0.99844 0.910911 1.011 1.0173 0.965816 0.952742
1.06749 1.04576 1.09291 0.961974 0.846742 1.06319
1.0164 1.01039 1.01973 1.02725 0.981027 0.929015
1.02667 0.904509 1.05203 1.0087 0.971526 0.88917
0.995988 0.939767 0.999286 0.9672 0.956861 0.926568
1.00625 0.833884 1.03159 0.972353 0.93145 0.914859
0.98578 0.904454 0.989069 1.00159 0.961317 0.874507
0.996045 0.798572 1.02138 0.950918 0.924339 0.994974
0.990941 0.780916 1.01627 0.931044 0.899215 1.13553
0.965307 0.975024 0.946542 0.900247 0.887361 1.11544
0.985837 0.76326 1.01116 0.933046 0.884066 1.11322
0.970446 0.752707 1.06234 0.919058 0.867779 1.12164
end
gesture a18 hands 2
0.906403 0.768307 0.995379 0.758638 0.711543 1.22038
0.916527 0.772933 1.02272 0.784679 0.681326 1.24773
0.966992 0.762726 1.04748 0.77631 0.710485 1.19631
1.01017 0.765696 1.01047 0.793514 0.680797 1.2357
1.03342 0.806015 0.974569 0.84614 0.74858 1.16585
1.0684 0.926183 1.03017 0.828429 0.699844 1.22046
1.11461 1.00366 1.10524 0.881054 0.767627 1.15062
1.10899 1.025 1.0955 0.845887 0.709368 1.21285
1.05071 1.01713 1.03735 0.898512 0.777151 1.14301
1.07704 1.03174 1.06156 0.854615 0.71413 1.20904
1.01876 1.02387 1.0034 0.90724 0.781913 1.1392
1.06107 1.03511 1.04459 0.810719 0.651109 1.27508
1.00278 1.02724 0.986429 0.915969 0.786675 1.13539
1.05308 1.0368 1.0361 1.01442 0.938387 1.03539
0.994793 1.02893 0.977942 1.02122 0.92224 0.99569
1.10338 1.04635 1.08577 0.969272 0.928857 1.01242
0.986805 1.03061 0.969456 0.938842 0.896768 1.05049
0.962548 0.982323 0.955505 0.886638 0.877853 1.0324
0.953717 0.814689 1.00977 0.863639 0.860156 1.0371
end
gesture a18 hands 2
0.928321 0.760432 1.07848 0.783933 0.709707 1.17962
0.938294 0.748292 1.10396 0.776474 0.69952 1.21362
0.98332 0.736106 1.07185 0.83452 0.762721 1.14638
1.00257 0.755256 1.06021 0.826928 0.752358 1.17195
1.04373 0.869063 1.09128 0.769014 0.689332 1.24763
1.03388 0.860047 1.07395 0.819335 0.741995 1.19751
1.02183 0.774406 1.04858 0.885108 0.815735 1.11314
1.02402 0.851031 1.05661 0.869655 0.794658 1.14739
1.02512 0.889343 1.06063 0.861928 0.784119 1.16452
1.02539 0.898921 1.06163 0.858065 0.77885 1.17308
1.06463 0.945682 1.08567 0.856134 0.776216 1.17736
1.02567 0.908499 1.06264 0.855168 0.774898 1.1795
1.02594 0.918077 1.06364 0.754096 0.668957 1.31564
1.06504 0.960049 1.08718 0.854202 0.773581 1.18164
1.02608 0.922866 1.06414 0.986283 0.921762 1.04666
1.10414 1.00202 1.11072 0.954308 0.878205 1.04765
1.02621 0.927655 1.06465 0.903461 0.869799 1.0713
0.957035 0.947653 0.955332 0.890596 0.904872 1.03687
0.948287 0.853291 1.01857 0.877896 0.830246 1.07578
end
gesture a18 hands 2
0.948687 0.818977 1.06636 0.836176 0.753721 1.22089
0.931017 0.816567 1.04246 0.824835 0.752017 1.2399
0.968593 0.811322 1.00374 0.898499 0.816811 1.15518
0.96365 0.921501 0.940393 0.88131 0.812137 1.17261
1.07629 1.08158 1.06119 0.813495 0.750314 1.25891
1.0175 1.05663 0.969118 0.864121 0.807463 1.19005
1.00569 0.949314 1.07225 0.960823 0.879901 1.08947
0.982199 0.990497 0.974648 0.914747 0.864612 1.12118
0.970389 0.88318 1.07778 0.89171 0.856968 1.13703
0.964549 0.95743 0.977414 0.880191 0.853146 1.14496
0.952739 0.850114 1.08054 0.874431 0.851235 1.14892
0.955724 0.940897 0.978796 0.790814 0.746907 1.29694
0.943914 0.83358 1.08193 0.868672 0.849324 1.15288
0.951311 0.93263 0.979487 0.907601 0.900533 1.08086
0.939502 0.825314 1.08262 0.927065 0.926138 1.04484
0.949105 0.928497 0.979833 1.08547 1.00608 0.958055
0.937295 0.82118 1.08296 0.94653 0.951742 1.00883
0.958708 1.03168 0.877047 0.833991 0.804016 1.07313
0.935089 0.817047 1.08331 0.859709 0.794032 1.08433
end
gesture a18 hands 2
0.933825 0.637323 1.09581 0.867071 0.737389 1.2483
0.969364 0.727421 1.11497 0.914322 0.853973 1.07027
0.932175 0.640504 1.08139 0.979161 1.01041 0.912495
0.960506 0.728219 1.08165 0.970367 0.990482 0.90237
1.0049 0.81752 1.13412 0.941943 0.875749 1.05613
0.988837 0.815934 1.08191 0.951758 0.923153 0.974187
0.980805 0.815142 1.0558 0.923334 0.80842 1.12795
0.930525 0.643685 1.06696 0.942454 0.889488 1.0101
0.972772 0.814349 1.0297 0.91403 0.774755 1.16386
0.993896 0.899681 1.01106 0.937802 0.872656 1.02805
1.00446 0.942347 1.00175 0.909378 0.757923 1.18181
1.00974 0.96368 0.997088 0.935476 0.86424 1.03703
1.01238 0.974347 0.994759 0.907052 0.749507 1.19079
1.0137 0.97968 0.993595 0.934313 0.860032 1.04152
1.07598 0.997716 1.17244 0.905889 0.745299 1.19528
1.01502 0.985013 0.99243 0.933731 0.857928 1.04376
1.01198 0.931017 0.985369 0.905308 0.743195 1.19753
0.998216 0.841614 1.05282 0.961573 0.970556 0.892245
0.97173 0.729326 1.05636 0.904726 0.741091 1.19977
end
gesture a18 hands 2
0.955434 0.663552 1.10107 0.902171 0.704177 1.26643
0.957702 0.659959 1.11545 0.91222 0.813801 1.13713
0.979506 0.773475 1.07327 0.955048 0.95853 0.986254
0.983362 0.746569 1.1017 0.938658 0.940978 0.997037
0.95997 0.656367 1.12983 0.90919 0.865638 1.08075
0.987219 0.719663 1.13013 0.91573 0.894532 1.04428
1.00084 0.751311 1.13028 0.886261 0.819193 1.12799
1.00425 0.759223 1.13032 0.904265 0.871309 1.06791
1.00221 0.817355 1.08788 0.874797 0.79597 1.15162
1.00766 0.767135 1.13036 0.898533 0.859697 1.07972
1.01106 0.775047 1.13039 0.869064 0.784358 1.16343
1.01192 0.777025 1.1304 0.895667 0.853892 1.08562
1.00732 0.829223 1.08793 0.866198 0.778553 1.16933
1.01277 0.779003 1.13041 0.864765 0.77565 1.17229
1.01362 0.780981 1.13042 0.922269 0.923425 1.00782
1.0086 0.83219 1.08795 0.863332 0.772747 1.17524
1.01404 0.78197 1.13043 0.868798 0.719188 1.19998
1.00358 0.883398 1.04547 0.906998 0.694254 1.23695
1.01447 0.782959 1.13043 0.90077 0.689148 1.26557
end
gesture a18 hands 2
0.975456 0.654565 1.20056 0.968081 0.710413 1.23391
0.978919 0.670609 1.13024 0.962106 0.821759 1.1
1.0281 0.791043 1.18556 0.990823 0.91993 1.00511
1.00524 0.738848 1.12275 0.95613 0.933106 0.9661
1.05443 0.859282 1.17807 0.941998 0.893804 0.962179
1.0184 0.772968 1.119 0.95052 0.874491 0.981295
1.06759 0.893402 1.17432 0.933732 0.839398 1.06752
1.02498 0.790028 1.11712 0.946387 0.847288 1.03397
1.07417 0.910461 1.17244 0.929599 0.812195 1.1202
1.02828 0.798558 1.11619 0.94432 0.833686 1.0603
1.07746 0.918991 1.17151 0.927533 0.798594 1.14653
1.02992 0.802823 1.11572 0.959041 0.855178 1.00041
1.0791 0.923256 1.17104 0.925466 0.784992 1.17287
0.982382 0.686654 1.05993 0.91503 0.770077 1.20643
1.08075 0.927521 1.17057 0.909811 0.762619 1.22322
1.07314 0.963035 1.15098 0.907202 0.75889 1.23161
0.95024 0.922488 0.932192 0.905898 0.757025 1.2358
0.974174 0.883124 0.908705 0.930505 0.774423 1.10007
0.993283 0.812466 1.05758 0.904593 0.755161 1.24
end
gesture a18 hands 2
0.981948 0.6456 1.08439 0.899803 0.640182 1.31748
0.980339 0.624247 1.10508 0.876069 0.637196 1.30014
0.991425 0.611058 1.16085 0.892922 0.588011 1.27124
0.991277 0.684972 1.12418 0.896584 0.588071 1.24281
1.01837 0.771212 1.13085 0.938281 0.736286 1.12522
0.99113 0.758886 1.08751 0.92892 0.706859 1.15731
0.990982 0.832801 1.05083 0.900246 0.58813 1.21438
0.990945 0.851279 1.04166 0.919559 0.677431 1.1894
1.01815 0.882084 1.07584 0.929215 0.722082 1.17692
0.990908 0.869758 1.0325 0.931629 0.733245 1.1738
0.990871 0.888236 1.02333 0.956427 0.803322 1.07806
1.0181 0.909802 1.06208 0.934043 0.744408 1.17067
0.990852 0.897476 1.01874 0.936457 0.75557 1.16755
1.01809 0.914421 1.05979 0.93706 0.758361 1.16677
0.990843 0.902095 1.01645 0.960048 0.820066 1.07338
1.04532 0.931367 1.10084 0.937664 0.761152 1.16599
0.990834 0.906715 1.01416 0.938268 0.763942 1.16521
0.977544 0.854711 0.997481 0.98364 0.884561 0.97921
0.976678 0.77753 1.03463 0.938871 0.766733 1.16443
end
gesture a18 hands 2
0.97113 0.652309 1.19451 0.865684 0.631743 1.42814
0.973885 0.650408 1.16499 0.868073 0.628017 1.39895
1.04782 0.714528 1.12249 0.902244 0.627819 1.28776
1.03095 0.733778 1.10281 0.91784 0.766549 1.13618
1.01344 0.81303 1.05055 0.958513 0.926387 1.02877
1.01408 0.753029 1.08313 0.945974 0.915833 1.00668
0.997214 0.77228 1.06345 0.931752 0.853579 1.07745
0.992998 0.777093 1.05854 0.932594 0.87943 1.03102
0.988141 0.841906 1.02103 0.918371 0.817175 1.10179
0.988781 0.781906 1.05362 0.925904 0.861228 1.04319
0.984564 0.786718 1.0487 0.911681 0.798973 1.11396
0.98351 0.787921 1.04747 0.922559 0.852126 1.04928
0.981816 0.849126 1.01365 0.908336 0.789872 1.12004
0.982456 0.789125 1.04624 0.920886 0.847576 1.05232
0.981402 0.790328 1.04501 0.906664 0.785322 1.12309
0.980235 0.85093 1.01181 0.92005 0.845301 1.05384
0.980875 0.790929 1.04439 0.905827 0.783046 1.12461
0.979067 0.911533 0.97861 0.933436 0.90528 0.984599
0.980348 0.791531 1.04378 0.904991 0.780771 1.12613
end
gesture a18 hands 2
0.983199 0.680486 1.11888 0.914997 0.70031 1.2818
1.01548 0.706053 1.11646 0.917692 0.705603 1.25246
0.978448 0.808494 1.03167 0.922791 0.721059 1.2052
0.997659 0.795048 1.06418 0.911861 0.689459 1.25232
1.04776 0.731619 1.11404 0.919989 0.686539 1.19429
1.01687 0.781601 1.09668 0.932496 0.749727 1.13975
1.00143 0.806592 1.088 0.921834 0.704572 1.19588
0.997566 0.81284 1.08582 0.945003 0.812915 1.08522
0.987562 0.871547 1.01623 0.940392 0.796846 1.10823
0.993706 0.819088 1.08365 0.938087 0.788811 1.11973
0.989845 0.825335 1.08148 0.923679 0.722605 1.19747
0.98888 0.826897 1.08094 0.935781 0.780777 1.13123
0.981771 0.880919 1.01297 0.941833 0.809863 1.09811
0.987914 0.828459 1.0804 0.944858 0.824406 1.08155
0.986949 0.830021 1.07985 0.946371 0.831677 1.07327
0.986467 0.830802 1.07958 0.970017 0.939291 0.976148
0.973697 0.936503 0.944462 0.947884 0.838948 1.06499
0.985984 0.831583 1.07931 0.927369 0.758672 1.20066
0.990309 0.806175 1.0917 0.925751 0.738606 1.15384
end
gesture a20 hands 2
0.978462 0.837615 1.1963 1.02367 1.05158 1.01688
0.999646 0.823712 1.18031 0.99603 1.04296 1.02414
0.968605 0.803759 1.1541 0.939757 1.02957 1.02241
0.947029 0.711397 1.14085 0.944293 1.03526 1.05094
0.968015 0.82522 1.10101 0.974719 0.928105 1.07228
0.954144 0.754956 1.09742 0.961774 0.984527 1.07587
0.925453 0.619035 1.12761 0.992199 0.877373 1.09721
0.940273 0.684693 1.09383 0.970514 0.959161 1.08834
0.967425 0.846681 1.04793 1.00094 0.852006 1.10968
0.955093 0.75035 1.06006 0.948829 1.04095 1.07946
0.948926 0.702185 1.06613 1.00968 0.82664 1.12215
0.945843 0.678102 1.06916 1.00991 0.790808 1.2146
0.944301 0.666061 1.07068 0.992225 0.858505 1.16624
0.913302 0.550186 1.08591 0.970111 0.925256 1.01353
0.943531 0.660041 1.07144 0.99557 1.00012 0.867134
0.882302 0.43431 1.10113 0.947997 0.992008 0.860826
0.94276 0.65402 1.0722 0.941304 0.971623 1.02156
0.966245 0.889602 0.941766 0.973316 1.01764 1.00439
1.00322 0.873729 1.04326 0.982486 1.03632 1.07469
end
gesture a20 hands 2
1.03019 0.745768 1.36717 0.937715 1.08063 1.14568
1.03152 0.743296 1.35254 0.94107 1.06957 1.11497
0.989795 0.743311 1.27837 0.980857 0.938468 1.14117
1.01133 0.742068 1.30814 0.962642 0.998484 1.11272
0.969597 0.742082 1.23397 1.00243 0.867388 1.13892
1.00123 0.741454 1.28594 1.01321 0.831847 1.13779
0.959498 0.741467 1.21178 0.944426 1.0585 1.08427
0.996179 0.741146 1.27484 1.024 0.796307 1.13666
0.954448 0.74116 1.20068 1.01818 0.781152 1.15541
0.993654 0.740993 1.26929 0.989377 0.897708 1.01526
0.951924 0.741007 1.19513 0.977657 0.888215 1.03531
0.992392 0.740916 1.26652 0.971797 0.883468 1.04534
0.950661 0.74093 1.19235 1.01235 0.765997 1.17416
1.03286 0.740825 1.33791 0.965937 0.878721 1.05536
0.949399 0.740853 1.18958 0.954755 0.999109 0.893861
0.967056 0.825523 1.08431 0.919524 0.991446 0.93656
0.97394 0.902262 1.0341 0.92284 1.01344 1.04829
0.984712 0.910192 0.979048 0.929834 1.05718 1.08712
0.994928 0.870763 1.01197 0.959766 1.09551 1.08662
end
gesture a20 hands 2
1.024 0.843099 1.25447 0.972247 1.06611 1.08589
1.03215 0.826706 1.23119 0.961094 1.04541 1.0775
0.891502 0.832451 1.15865 1.00034 0.914265 1.11889
0.905626 0.806793 1.1571 0.993412 0.918377 1.11226
0.873922 0.642902 1.14023 0.94994 1.02472 1.06911
0.919749 0.781136 1.15555 0.98648 0.922489 1.10563
0.932595 0.738023 1.11816 1.02844 0.76242 1.15189
0.935807 0.727245 1.10881 1.02302 0.820258 1.14215
0.894469 0.595688 1.11998 1.04868 0.869117 1.15811
0.939019 0.716466 1.09946 1.00277 0.955923 1.10402
0.94223 0.705688 1.09011 0.979808 0.999327 1.07697
0.943033 0.702994 1.08777 0.96833 1.02103 1.06345
0.899287 0.579521 1.10596 0.96259 1.03188 1.05669
0.943836 0.700299 1.08543 0.95674 1.02325 0.952093
0.944639 0.697605 1.0831 0.959721 1.0373 1.05331
0.856343 0.453353 1.12181 0.95089 1.01462 0.847494
0.945442 0.69491 1.08076 0.956851 1.04273 1.04993
1.00816 0.981302 0.956749 0.994118 1.06743 1.08886
1.03454 0.936468 1.0397 0.98261 1.07339 1.11579
end
gesture a20 hands 2
0.949611 0.836859 1.05946 1.08527 0.888567 0.981181
0.974546 0.844113 1.07392 1.1792 0.985138 0.911562
1.07709 0.831216 1.06674 1.05517 0.957486 1.02465
1.14985 0.705279 1.14984 1.16416 1.0196 0.933297
1.19048 0.782953 1.20001 1.04013 0.991948 1.04639
1.19936 0.807958 1.19372 1.15663 1.03683 0.944164
1.09842 0.863039 1.11664 1.0326 1.00918 1.05725
1.20823 0.832963 1.18743 1.15287 1.04544 0.949598
1.14223 0.797431 1.1714 1.02884 1.01779 1.06269
1.12573 0.788549 1.16739 1.15099 1.04975 0.952315
1.0743 0.870278 1.10233 1.02696 1.0221 1.0654
1.10923 0.779666 1.16338 1.15005 1.05191 0.953673
1.09273 0.770783 1.15937 1.02602 1.02426 1.06676
1.08861 0.768562 1.15837 1.27314 1.08171 0.841943
1.04955 0.856954 1.09632 1.02508 1.02641 1.06812
1.08448 0.766341 1.15736 0.988473 0.988073 1.08094
1.08036 0.764121 1.15636 0.909961 0.95975 1.00455
1.00637 0.943125 1.03327 0.91144 0.915568 0.974183
1.07623 0.7619 1.15536 0.931726 0.867841 1.00273
end
gesture a20 hands 2
1.00969 0.72011 1.17838 0.890546 0.855661 1.14325
1.01116 0.718806 1.14876 0.921859 0.883319 1.12146
1.05506 0.749574 1.12767 1.0084 0.899956 1.0178
1.1042 0.766732 1.15104 0.953171 0.910977 1.09967
1.13247 0.607431 1.26525 0.984483 0.938634 1.07788
1.14568 0.600883 1.28512 0.992312 0.945549 1.07244
1.08702 0.741895 1.18684 1.05537 0.941442 0.98512
1.12295 0.668115 1.24591 1.00014 0.952463 1.06699
1.06429 0.809128 1.14763 1.00797 0.959378 1.06155
1.11159 0.701731 1.2263 1.00993 0.961106 1.06018
1.05293 0.842744 1.12802 1.06712 0.951814 0.976952
1.10591 0.718539 1.2165 1.01189 0.962835 1.05882
1.04725 0.859552 1.11822 1.01384 0.964563 1.05746
1.10307 0.726943 1.2116 1.07005 0.954407 0.97491
1.04441 0.867956 1.11332 1.01482 0.965428 1.05678
1.10165 0.731146 1.20915 1.01531 0.96586 1.05644
1.04299 0.872158 1.11087 1.12626 0.944251 0.892359
1.15889 0.594335 1.30498 1.0158 0.966292 1.0561
1.04157 0.87636 1.10842 0.902589 0.922609 1.14336
end
gesture a20 hands 2
0.977362 0.958588 0.893301 0.765032 0.891617 1.05139
1.02618 0.82846 1.02997 0.832201 0.918365 0.994148
1.04285 0.721539 1.12807 0.882221 0.857512 0.985923
1.05892 0.709935 1.14735 0.89937 0.945114 0.936906
1.03073 0.77212 1.10661 0.95036 0.930907 0.900833
1.05286 0.735226 1.13662 0.975855 0.923804 0.882796
1.02466 0.797411 1.09588 0.99941 0.823407 0.920455
1.04983 0.747871 1.13126 1.00135 0.9167 0.864759
1.02163 0.810057 1.09052 0.969615 0.959463 0.884362
1.04831 0.754194 1.12857 0.998507 1.00152 0.946261
1.02012 0.816379 1.08783 0.964006 0.953662 0.995296
1.01936 0.819541 1.08649 1.0274 1.04358 1.00816
1.07499 0.698331 1.16663 1.00314 1.02414 1.04967
1.0186 0.822702 1.08515 0.991012 1.01442 1.07043
0.997043 0.980545 1.02448 0.984948 1.00956 1.0808
0.962205 0.947073 1.00367 0.981915 1.00713 1.08599
1.0115 0.913456 1.10242 0.980399 1.00591 1.08859
1.07195 0.823981 1.14316 0.90293 1.06821 1.00489
1.08647 0.814906 1.16769 0.978883 1.0047 1.09118
end
gesture a20 hands 2
1.01059 0.992291 1.14579 0.976271 1.04811 1.01635
1.0354 0.980018 1.15719 0.988199 1.05022 1.04361
1.03242 0.925983 1.1534 1.00647 0.940935 1.06726
1.00948 0.786565 1.14055 1.01326 0.864484 1.02962
0.997782 0.657627 1.07921 1.0686 0.812473 1.01418
0.992155 0.652387 1.10346 1.04433 0.800253 1.00308
0.998135 0.820592 1.13358 1.04201 0.858232 0.997711
0.992332 0.733869 1.13064 1.03103 0.823133 0.994843
0.998311 0.902074 1.16077 1.02872 0.881112 0.989476
0.992419 0.774611 1.14423 1.02006 0.788033 0.991976
0.998399 0.942816 1.17437 1.01542 0.903992 0.981242
0.992463 0.794981 1.15103 0.958498 0.966076 1.00256
0.998443 0.963186 1.18116 0.930036 0.997118 1.01321
0.992486 0.805167 1.15443 0.915806 1.01264 1.01854
0.998465 0.973372 1.18456 0.90869 1.0204 1.02121
0.986528 0.647147 1.1277 0.920475 1.02882 0.911716
0.998487 0.983557 1.18796 0.901575 1.02816 1.02387
0.9772 1.12467 1.05256 0.942277 0.994748 1.04278
0.997315 1.05717 1.08436 0.940938 1.00177 1.07189
end
gesture a20 hands 2
1.04137 0.776676 1.24106 0.912832 1.02208 1.09121
1.03742 0.777166 1.22661 0.925912 1.0009 1.08226
1.01675 0.608131 1.14576 0.924863 1.0343 1.06689
1.03348 0.777657 1.21216 0.938992 0.979717 1.0733
1.03168 0.764067 1.14715 0.97084 0.932278 1.07958
1.03123 0.76067 1.1309 0.979802 0.884844 1.05259
1.0119 0.601827 1.0988 0.974927 0.832747 1.02645
1.03078 0.757273 1.11464 0.972663 0.793926 1.04164
1.03033 0.753875 1.09839 0.988398 0.854053 1.01258
1.03022 0.753026 1.09433 0.979398 0.80458 1.0347
1.01123 0.596731 1.07442 0.995133 0.864706 1.00564
1.0301 0.752177 1.09027 0.970398 0.755106 1.05683
1.02999 0.751327 1.0862 1.00187 0.875359 0.998709
1.01106 0.595457 1.06833 1.05293 0.943389 0.957958
1.02994 0.750903 1.08417 1.03334 0.995613 0.940588
0.992133 0.439586 1.05045 0.990751 1.0356 0.942505
1.02988 0.750478 1.08214 0.947152 1.02236 1.0116
0.963675 0.967537 0.903818 0.917306 1.0371 1.12635
0.990917 0.895496 1.02176 0.903553 1.00913 1.0807
end
gesture a20 hands 2
1.05413 0.755272 1.26417 0.951947 1.03531 1.06937
1.04215 0.749585 1.22251 0.998912 0.961247 1.07588
1.01986 0.59556 1.16516 1.01761 0.864695 1.01424
1.03018 0.743898 1.18086 1.02869 0.822716 0.998632
1.00729 0.698996 1.09273 1.02635 0.955397 0.955572
1.00157 0.68777 1.0707 1.03306 0.868068 0.969298
0.996441 0.567423 1.07944 1.03071 1.00075 0.926239
0.995847 0.676545 1.04867 1.03525 0.890743 0.954631
0.990125 0.66532 1.02663 1.0329 1.02342 0.911572
0.988694 0.662513 1.02112 1.03634 0.902081 0.947298
0.987858 0.550584 1.04639 1.03399 1.03476 0.904238
0.987264 0.659707 1.01562 1.03453 1.04043 0.900572
0.985833 0.6569 1.01011 1.03978 0.780738 0.983024
0.985118 0.655497 1.00735 1.03508 1.0461 0.896905
0.985591 0.435849 1.06615 0.983778 1.0573 0.875207
0.984403 0.654094 1.0046 0.946223 1.05597 0.898535
0.9688 0.877533 0.952441 0.924891 1.05127 1.12531
0.983215 0.87234 0.943061 0.907156 1.03281 1.07334
0.998349 0.825304 1.04506 0.92463 1.03215 1.04912
end
gesture a20 hands 2
1.18034 0.777126 1.18645 1.0073 0.990984 1.02671
1.13241 0.737046 1.16425 1.03095 0.997936 1.01029
1.15444 0.766328 1.22043 0.997901 0.972203 1.03131
1.08449 0.696967 1.14205 0.96177 0.886619 1.06509
1.06996 0.702165 1.15158 0.910184 0.804219 1.15233
1.06633 0.703464 1.15397 0.925638 0.801035 1.09888
1.09925 0.728847 1.203 0.924351 0.887779 1.12818
1.0627 0.704764 1.15635 0.935545 0.94906 1.04616
1.05906 0.706063 1.15874 0.923707 0.931152 1.14282
1.05725 0.706713 1.15993 0.935224 0.970746 1.05348
1.12853 0.755529 1.25441 0.923386 0.952838 1.15015
1.05543 0.707363 1.16112 0.935063 0.981589 1.05714
0.988639 0.616807 1.09764 0.923225 0.963681 1.15381
0.982332 0.659197 1.06783 0.934982 0.98701 1.05898
0.977197 0.774478 1.03592 0.923144 0.969103 1.15564
0.97463 0.832119 1.01996 0.934942 0.989721 1.05989
0.953025 0.940145 0.996357 0.923104 0.971813 1.15655
0.972062 0.889759 1.00401 0.94674 1.01034 0.964142
1.00052 0.846832 1.07306 0.923064 0.974524 1.15747
end
gesture a20 hands 2
1.11965 0.763646 1.31183 0.946527 1.003 1.04596
1.08195 0.797681 1.17507 0.968606 1.01886 1.01802
1.05361 0.781687 1.13016 0.944592 0.91115 1.08999
1.02848 0.742483 1.1141 0.990686 1.03472 0.99008
1.02654 0.828243 1.09529 0.984954 1.02589 0.97496
1.00892 0.794375 1.08486 0.982088 1.02147 0.9674
1.00335 0.70328 1.09805 0.966672 0.92701 1.06205
0.991293 0.760508 1.07443 0.967422 0.949216 1.03487
0.999479 0.874799 1.06042 0.979222 1.01705 0.95984
0.979241 0.817736 1.0508 0.968171 0.971422 1.0077
0.969121 0.789205 1.04599 0.962646 0.948606 1.03163
0.964062 0.774939 1.04359 0.959883 0.937198 1.04359
0.961532 0.767806 1.04239 0.958501 0.931494 1.04958
0.953081 0.624873 1.06594 0.957811 0.928642 1.05257
0.959002 0.760674 1.04119 0.942658 0.8193 1.13402
0.961963 0.828574 1.02881 0.95712 0.92579 1.05556
0.963443 0.862524 1.02262 0.967758 0.999388 0.9296
0.945348 0.96791 0.990684 0.971582 1.03228 0.977096
0.964923 0.896474 1.01643 0.952043 1.01039 1.0919
end
gesture a20 hands 2
1.06907 0.7821 1.12645 0.938198 1.02209 1.08177
1.06906 0.790496 1.0978 0.927661 1.02165 1.054
1.02859 0.772521 1.06306 0.927305 1.03096 0.996942
1.00413 0.722328 1.06254 0.929301 0.999701 1.03998
1.00082 0.815064 1.03401 0.911558 0.861057 1.13788
0.983444 0.776146 1.03275 0.908401 0.836507 1.12353
0.979662 0.672135 1.06203 0.937529 0.91537 1.03506
0.96607 0.737227 1.03149 0.922395 0.912369 1.05909
0.973047 0.857607 1.00496 0.905244 0.811957 1.10918
0.952478 0.80232 1.00095 0.907261 0.909369 1.08312
0.942194 0.774677 0.998944 0.90827 0.958074 1.0701
0.937052 0.760855 0.997942 0.908522 0.970251 1.06684
0.934481 0.753944 0.99744 0.935885 0.963879 1.00117
0.933195 0.750489 0.99719 0.908774 0.982427 1.06358
0.930735 0.571748 1.06099 0.909026 0.994604 1.06033
0.93191 0.747033 0.996939 0.936263 0.982144 0.996282
0.917502 0.942693 0.946847 0.909152 1.00069 1.0587
0.933084 0.922319 0.932888 0.9635 0.969684 0.932237
0.985387 0.888187 1.02075 0.909278 1.00678 1.05707
end
gesture a20 hands 2
0.954625 0.86623 1.19138 0.904088 1.04533 1.1143
0.95299 0.863733 1.22119 0.914067 1.04642 1.08635
1.00203 0.851094 1.06004 0.919392 1.00931 1.13114
0.990011 0.691348 1.02826 0.920299 0.951685 1.1313
0.991641 0.893317 1.03373 0.924201 0.90056 1.10667
0.984814 0.712459 1.0151 0.937565 0.864437 1.06441
0.986444 0.914428 1.02057 0.987841 0.808023 0.93506
0.982215 0.723015 1.00852 0.992618 0.781147 0.984658
0.983845 0.924984 1.014 0.99077 0.878938 1.02899
0.980916 0.728292 1.00524 0.984177 0.987414 1.02441
0.982546 0.930262 1.01071 0.977532 0.976049 1.10461
0.980266 0.730932 1.00359 0.977558 1.03597 1.06222
0.981897 0.932901 1.00906 0.970913 1.0246 1.14242
0.979942 0.732251 1.00277 0.974248 1.06025 1.08113
0.981572 0.934221 1.00824 0.967604 1.04888 1.16132
0.979779 0.732911 1.00236 0.965949 1.06102 1.17078
0.981409 0.93488 1.00783 0.977583 1.09589 1.01983
0.977987 0.531601 0.996476 0.964294 1.07316 1.18023
0.981247 0.93554 1.00742 0.951632 1.07058 1.20716
end
gesture a20 hands 2
0.837531 1.07026 0.867617 0.812049 1.11388 0.993376
0.935138 0.921649 1.02134 0.894184 1.09044 1.01029
0.896519 0.667985 0.961123 0.928967 1.04882 1.0323
0.894346 0.615862 0.946583 0.969849 0.916731 1.0444
0.920339 0.583546 0.909119 1.00954 0.873687 1.12782
0.944594 0.772673 0.890699 1.01073 0.784643 1.0565
0.943925 0.755213 1.03101 1.01654 0.742383 1.02771
0.956387 0.858507 0.951645 1.00525 0.720165 1.00541
0.955718 0.841046 1.09196 1.01157 0.816726 1.03755
0.962283 0.901423 0.982119 1.00276 0.757337 1.01033
0.961614 0.883963 1.12243 1.00908 0.853897 1.04247
0.965232 0.922881 0.997356 0.993954 0.697948 0.983111
0.964563 0.905421 1.13767 1.0066 0.891069 1.04739
0.966706 0.93361 1.00498 1.01292 0.98763 1.07952
0.966037 0.91615 1.14529 1.01608 1.03591 1.09559
0.967443 0.938975 1.00878 0.968431 1.03458 0.957687
0.966774 0.921514 1.1491 1.01924 1.08419 1.11166
0.968849 0.9618 0.872278 1.01202 1.07195 1.16475
0.967511 0.926879 1.15291 0.934107 1.07462 0.985753
end
gesture a20 hands 2
0.989617 0.695548 1.6988 0.830598 0.735393 1.7366
1.04309 0.665199 1.91517 0.853132 0.739046 1.75606
1.03953 0.623309 1.87918 0.886938 0.550354 1.70002
1.02832 0.705077 1.7048 0.873328 0.624604 1.67579
1.03932 0.828399 1.74583 0.944415 0.814815 1.56107
1.02822 0.807622 1.63812 0.859718 0.698855 1.65155
1.03922 0.930945 1.67915 0.846108 0.773105 1.62731
1.02817 0.858895 1.60478 0.842705 0.791668 1.62125
1.03917 0.982217 1.64581 0.923999 0.926193 1.52472
1.02814 0.884531 1.58811 0.839303 0.81023 1.6152
1.03915 1.00785 1.62914 0.835901 0.828793 1.60914
1.02813 0.897349 1.57977 0.83505 0.833434 1.60762
1.03913 1.02067 1.6208 0.918895 0.954037 1.51563
1.03913 1.02708 1.61664 0.834199 0.838075 1.60611
1.01711 0.786845 1.53041 0.833349 0.842715 1.60459
1.03912 1.03349 1.61247 0.917619 0.960998 1.51336
1.00076 1.17862 1.49648 0.832923 0.845036 1.60384
0.996046 1.145 1.45426 1.00189 1.07928 1.42213
0.995791 0.953548 1.55708 0.832498 0.847356 1.60308
end
gesture a20 hands 2
0.934898 0.742595 1.17839 0.941399 1.05453 0.984999
0.940112 0.745981 1.19189 0.938765 1.0425 0.958024
0.926301 0.623713 1.12903 0.945553 1.04093 1.01672
0.921636 0.62973 1.13714 0.963187 1.01289 1.0623
0.945327 0.749367 1.20539 1.00316 0.84839 1.03665
0.916971 0.635747 1.14523 1.01149 0.773398 1.05191
0.917704 0.504832 1.07968 0.99613 0.974545 1.01609
0.888615 0.522128 1.08508 1.00797 0.836475 1.04163
0.928653 0.644817 1.04426 0.992614 1.03762 1.00581
0.97951 0.778662 0.993962 1.00622 0.868014 1.03649
0.968691 0.767506 1.00344 0.990857 1.06916 1.00067
0.963281 0.761928 1.00817 1.00534 0.883783 1.03392
0.960576 0.759139 1.01054 0.989978 1.08493 0.998105
0.959224 0.757744 1.01173 1.0049 0.891668 1.03264
0.958547 0.757047 1.01232 0.989538 1.09282 0.99682
0.859527 0.539423 1.09048 0.989319 1.09676 0.996177
0.957871 0.75635 1.01291 1.01982 0.698405 1.06717
1.04132 1.05249 0.908245 0.989099 1.1007 0.995535
1.05621 0.973276 0.935352 0.952636 1.11868 1.03333
end
gesture a20 hands 2
1.05417 0.717043 1.35171 0.908715 0.929545 1.34669
1.04625 0.70598 1.35782 0.918084 0.894529 1.42645
0.999728 0.573478 1.32688 0.939022 0.850416 1.45655
1.01903 0.634198 1.3454 0.927722 0.801509 1.48614
0.972507 0.501696 1.31447 0.891135 0.778801 1.49179
1.00542 0.598307 1.3392 0.911916 0.868801 1.35846
0.958897 0.465804 1.30826 0.95893 0.915054 1.25301
1.03834 0.694918 1.36392 0.960026 0.919406 1.25738
0.945287 0.429913 1.30206 0.932697 0.958802 1.22514
0.888023 0.428664 1.28881 0.946909 0.94128 1.24344
0.87345 0.485231 1.12757 0.924397 0.943815 1.2808
0.934098 0.629367 1.2215 0.942759 0.933787 1.27128
0.964422 0.701434 1.26846 0.920247 0.936321 1.30863
0.979584 0.737468 1.29194 0.940684 0.93004 1.28519
0.987165 0.755485 1.30368 0.918172 0.932575 1.32255
0.990955 0.764494 1.30955 0.939646 0.928166 1.29215
0.992851 0.768998 1.31248 0.917135 0.930701 1.3295
0.992301 0.958696 1.13152 0.961121 0.923758 1.26175
0.994746 0.773502 1.31542 0.916097 0.928828 1.33646
end
gesture a20 hands 2
0.982259 0.947216 1.16135 0.908914 1.0295 1.06499
0.988039 0.944498 1.17487 0.924801 1.02582 1.0901
0.943476 0.68486 1.08916 0.970257 1.01404 1.09816
0.946109 0.699928 1.08322 0.995133 0.968715 1.10215
0.99382 0.941779 1.18838 1.03835 0.861797 1.12445
0.948743 0.714996 1.07727 1.07028 0.778099 1.06833
0.904692 0.422504 1.01697 1.10308 0.737104 1.05347
0.904179 0.455358 0.991567 1.00506 0.790484 1.06508
0.919657 0.654059 0.97052 0.978499 0.8324 1.04092
0.911661 0.571136 0.968341 0.962598 0.887011 1.04121
0.92714 0.769837 0.947295 0.976596 0.942992 1.04669
0.915403 0.629025 0.956729 0.991158 0.929991 1.02647
0.930881 0.827726 0.935682 1.00699 0.979956 0.959826
0.917273 0.657969 0.950922 1.02218 0.998438 0.916394
0.932751 0.85667 0.929876 1.00572 0.91699 1.00626
0.918208 0.672441 0.94802 1.03738 1.01692 0.872962
0.933686 0.871142 0.926973 0.995965 1.05424 0.85717
0.903665 0.488213 0.966163 0.966964 1.0589 0.90713
0.934622 0.885614 0.924069 0.943558 1.0345 1.0772
end
gesture a20 hands 2
1.08703 0.788541 1.13846 0.877991 0.985908 0.867462
1.10699 0.788492 1.16077 0.923236 0.924236 0.988171
1.0033 0.761162 1.15582 0.933934 0.815203 1.16772
0.952132 0.635851 1.04932 0.969092 0.750353 1.20035
0.966797 0.502666 1.03542 1.00777 0.696827 1.23171
0.900965 0.51054 0.942816 1.00425 0.685502 1.23297
0.894439 0.533214 0.927078 0.95352 0.765901 1.19506
0.906714 0.661806 0.922027 0.951619 0.811319 1.16306
0.924824 0.782742 0.930769 0.939901 0.939009 1.07743
0.918988 0.790398 0.916976 0.936971 0.970932 1.05602
0.91607 0.794226 0.910079 0.969325 1.0313 0.98163
0.901992 0.675057 0.910709 0.934042 1.00285 1.03461
0.914611 0.79614 0.906631 0.931113 1.03478 1.0132
0.901263 0.676014 0.908985 0.93038 1.04276 1.00785
0.913881 0.797097 0.904907 0.964931 1.07919 0.949517
0.887914 0.555888 0.911339 0.929648 1.05074 1.0025
0.913152 0.798054 0.903183 0.928915 1.05872 0.997143
0.948684 1.05494 0.918723 0.998749 1.1236 0.885834
0.93839 1.04022 0.895027 0.928183 1.0667 0.991791
end
gesture a20 hands 2
0.93462 0.836778 0.909669 0.742348 0.910343 1.33168
0.975035 0.814424 0.992715 0.845154 0.86421 1.25907
0.954298 0.631569 0.934195 0.929756 0.865627 1.16008
0.984874 0.711819 1.00498 0.947959 0.818078 1.18645
0.964136 0.528965 0.946458 0.95547 0.65803 1.21896
0.989793 0.660517 1.01111 0.915452 0.686059 1.23207
0.969056 0.477663 0.952589 0.899463 0.740975 1.22227
0.992253 0.634866 1.01417 0.926054 0.831769 1.13457
0.971515 0.452012 0.955654 0.971366 0.904175 1.05149
0.993483 0.622041 1.01571 0.952646 0.922563 1.04688
0.972745 0.439187 0.957187 0.943286 0.931757 1.04457
0.97336 0.432774 0.957954 0.91338 0.863824 1.12852
1.01545 0.792069 1.07576 0.938606 0.936354 1.04341
0.973975 0.426361 0.95872 0.936266 0.938652 1.04284
0.932767 0.399152 0.987105 0.883474 0.795892 1.21247
0.896177 0.433628 1.01156 0.933926 0.940951 1.04226
0.919203 0.720157 0.981881 1.02728 1.12229 0.870917
0.940934 1.02365 0.975098 0.984377 1.08601 0.872047
0.942229 1.00669 0.952206 0.931868 1.02494 0.985971
end
gesture a20 hands 2
0.947193 0.825233 0.925711 0.892784 0.975977 1.18668
0.950629 0.817043 0.968776 0.898503 0.975714 1.10196
0.949356 0.631082 0.937297 0.957681 0.795161 1.16311
0.954066 0.808854 1.01184 0.942219 0.760463 1.17567
0.940373 0.635486 0.997349 0.917526 0.766245 1.15151
0.951519 0.436932 0.948884 0.92547 0.793426 1.20161
0.926681 0.462119 0.982858 0.972829 0.821092 1.2202
0.905807 0.50573 1.01507 0.993935 0.839525 1.21785
0.891345 0.530949 1.01594 0.994514 0.947101 1.03054
0.924773 0.78834 0.982751 1.00478 0.902529 1.12302
0.929237 0.78879 1.0186 1.00536 1.01011 0.935706
0.931468 0.789014 1.03652 1.0102 0.934031 1.07561
0.932584 0.789127 1.04548 1.01078 1.04161 0.88829
0.933142 0.789183 1.04996 1.01349 1.05736 0.864582
0.876883 0.556167 1.0168 1.01504 0.857957 1.21551
0.9337 0.789239 1.05444 1.0162 1.07311 0.840874
0.943738 1.07095 0.950433 0.97275 1.05994 0.813708
0.990517 1.02231 1.09208 0.926552 1.02558 1.09107
1.00427 1.00472 1.10967 0.904541 1.00758 1.07076
end
gesture a20 hands 2
1.00405 0.692827 1.26856 0.990891 1.02754 0.906685
1.00908 0.697364 1.29756 1.01186 1.03193 0.926894
0.991855 0.713165 1.24303 0.977695 1.01583 0.96362
0.995471 0.626844 1.20548 0.984916 0.964866 0.99117
0.986201 0.748538 1.17846 0.95957 0.962968 1.05782
0.988635 0.682798 1.15175 0.97584 0.929998 1.06442
0.999087 0.540523 1.16793 0.992137 0.913901 1.01872
0.991069 0.617058 1.12503 0.99211 0.897029 1.07102
0.980547 0.783911 1.11389 0.992096 0.888593 1.09717
0.983052 0.693593 1.08213 0.941445 0.910106 1.15203
0.984305 0.648434 1.06625 0.992082 0.880157 1.12332
0.984931 0.625854 1.05831 1.00658 0.811972 1.07382
0.985244 0.614565 1.05434 1.04272 0.850207 1.09461
0.995782 0.491223 1.07359 0.999751 0.877148 1.09023
0.9854 0.60892 1.05236 0.967526 0.952296 1.05837
1.00632 0.367881 1.09283 0.949336 1.01648 1.041
0.985557 0.603275 1.05037 0.935302 1.02744 1.02652
0.969239 0.854658 0.984748 0.914824 1.05161 0.954928
0.964795 0.838669 1.00791 0.921268 1.03841 1.01203
end
gesture a20 hands 2
1.06313 0.640359 1.2326 0.94056 1.15901 1.06949
1.07155 0.634472 1.2218 0.938996 1.15873 1.09897
1.07204 0.505072 1.17049 0.957986 1.15125 1.10081
1.07996 0.628585 1.211 0.974792 0.934719 1.10128
1.04974 0.617477 1.13763 0.926283 0.948105 1.09767
1.06535 0.493632 1.123 0.958941 0.833146 1.09971
1.03463 0.611924 1.10094 0.937819 1.01488 1.05971
1.05779 0.490855 1.10466 0.964709 0.866533 1.08073
1.02708 0.609147 1.0826 0.943588 1.04826 1.04072
1.05401 0.489466 1.09549 0.967593 0.883226 1.07124
1.0233 0.607758 1.07343 0.946472 1.06496 1.03123
1.05212 0.488772 1.0909 0.969036 0.891572 1.0665
1.02141 0.607064 1.06885 0.947914 1.0733 1.02649
1.05118 0.488425 1.08861 0.969756 0.895746 1.06412
1.02046 0.606717 1.06655 0.948635 1.07748 1.02411
1.08095 0.369786 1.10837 0.970117 0.897832 1.06294
1.01952 0.60637 1.06426 0.948995 1.07956 1.02293
0.950146 0.832197 1.04524 0.991599 0.718188 1.10176
0.958083 0.842955 1.02014 0.949356 1.08165 1.02174
end
gesture a20 hands 2
1.13204 1.12851 0.853706 0.76668 0.758292 0.973982
1.15334 1.01687 0.912794 0.795333 0.761246 0.965841
1.15946 1.07028 0.981214 0.825062 0.737088 1.01037
1.17463 0.905223 0.971883 0.823657 0.693874 1.05049
1.18069 0.796014 1.00873 0.80507 0.648768 1.07134
1.16504 0.81313 1.02568 0.770773 0.612662 1.08719
1.06786 0.869366 1.04884 0.705904 0.649522 1.16219
1.10863 0.849806 1.04573 0.696934 0.652179 1.16315
1.01145 0.906041 1.06889 0.764341 0.732079 1.13886
1.08042 0.868144 1.05575 0.687964 0.654836 1.1641
0.983239 0.924379 1.07891 0.751178 0.735104 1.14018
1.06631 0.877313 1.06077 0.822778 0.814635 1.11554
0.969136 0.933548 1.08393 0.814391 0.815372 1.11626
1.14939 0.830247 1.04262 0.810198 0.81574 1.11662
0.955032 0.942717 1.08894 0.808101 0.815924 1.1168
0.857854 0.998953 1.11211 0.670025 0.66015 1.16602
0.776799 1.03063 1.08593 0.806005 0.816108 1.11698
0.760676 1.05519 1.13527 0.939652 0.979748 1.06889
0.787132 1.05716 1.12447 0.941984 0.972067 1.06793
end
