gesture a02 hands 2
1.39257 0.871516 1.23905 0.859922 0.976057 1.13791
1.29144 0.990065 1.02861 0.938011 0.959876 1.11651
0.971513 1.12638 0.820735 0.960563 0.961573 1.0856
0.842768 1.1423 0.831375 0.961513 0.956764 1.06409
0.659298 1.15974 0.851348 0.990466 0.939984 1.01576
0.686661 1.15898 0.846682 0.962463 0.951954 1.04258
0.837104 1.13149 0.842649 0.96009 0.970145 1.04691
0.775563 1.14486 0.842332 0.949581 0.990863 1.05192
0.926007 1.11737 0.8383 0.939625 0.979557 1.08458
0.820015 1.1378 0.840158 0.939521 0.97812 1.0775
0.970459 1.1103 0.836125 0.962249 0.953039 1.05609
0.842241 1.13427 0.83907 0.965227 0.939668 1.0286
0.992684 1.10677 0.835037 0.951264 0.969573 1.04433
0.853354 1.1325 0.838527 0.955674 0.967686 1.04155
1.0038 1.10501 0.834494 0.975211 0.965469 1.00814
0.85891 1.13162 0.838255 0.967647 0.965634 1.02346
1.00935 1.10412 0.834222 0.987184 0.963417 0.990045
0.714023 1.15823 0.842016 0.973634 0.964608 1.01441
1.01491 1.10324 0.83395 0.99317 0.962391 0.980997
1.23291 1.10691 0.946733 0.976627 0.964095 1.00989
1.25365 1.09794 0.968184 0.996164 0.961878 0.976474
1.1074 1.10035 0.884027 0.978123 0.963838 1.00763
0.859497 1.1495 0.892135 0.99766 0.961622 0.974212
0.774006 1.12655 0.881564 0.978872 0.96371 1.0065
0.623098 1.10667 0.890341 0.998409 0.961493 0.973081
0.688516 1.1036 0.870993 0.979246 0.963646 1.00593
0.959122 0.990146 0.898632 0.998783 0.961429 0.972515
1.1003 0.789346 1.10535 0.979433 0.963614 1.00565
1.04771 0.630724 1.37111 0.99897 0.961397 0.972233
0.962659 0.622587 1.49195 0.960083 0.965799 1.03878
1.01183 0.608452 1.46881 0.999157 0.961365 0.97195
0.999045 0.601922 1.45442 1.01745 0.960497 0.949819
end
gesture a02 hands 2
0.984167 0.703912 1.37226 1.012 0.960805 0.986313
1.00506 0.707939 1.36889 1.01362 0.960816 1.00674
1.08505 0.71346 1.36118 1.01843 0.964362 0.998355
1.20283 0.833151 1.21018 1.01198 0.96848 1.02728
1.27761 0.786143 1.29186 0.984724 0.966569 1.01025
1.29911 0.869493 1.17551 0.979369 0.967285 1.02684
1.15541 0.914237 1.09738 0.964229 0.950526 1.06965
1.23801 0.933539 1.07827 0.979827 0.944727 1.03682
1.0943 0.978283 1.00013 0.952842 0.94662 1.04462
1.06375 1.01031 0.951513 0.947655 0.954673 1.04481
1.32062 0.952842 1.05917 0.941144 0.98485 1.0644
1.0332 1.04233 0.902892 0.942468 0.962726 1.04499
0.855578 1.09862 0.860628 0.949023 0.979098 1.01648
0.618606 1.16085 0.842315 0.948299 0.996314 1.04804
0.677956 1.1549 0.818365 0.940008 0.988522 1.06973
0.70763 1.15193 0.80639 0.945748 0.977906 1.0714
0.547656 1.16638 0.892613 0.959235 0.975805 1.04472
0.737305 1.14895 0.794415 0.955361 0.971547 1.0589
1.06619 1.1689 0.798931 0.968848 0.969446 1.03221
1.07534 1.15473 0.808807 0.960168 0.968367 1.05264
1.21888 1.1368 0.901291 0.973655 0.966267 1.02596
1.08448 1.14056 0.818682 0.962572 0.966778 1.04951
0.861711 1.13322 0.845355 0.976059 0.964677 1.02283
0.803647 1.12248 0.833678 0.963773 0.965983 1.04795
0.630656 1.12888 0.839375 0.97726 0.963882 1.02126
0.745583 1.11174 0.822001 0.964374 0.965585 1.04717
0.95368 1.06046 0.827994 0.977861 0.963484 1.02048
1.14197 0.961522 0.969424 0.964675 0.965387 1.04678
1.14593 0.767296 1.22904 0.978162 0.963286 1.02009
1.06645 0.752408 1.32255 0.951488 0.967289 1.07307
0.999954 0.703714 1.42934 0.978462 0.963087 1.0197
0.986962 0.73752 1.41606 1.00239 0.95972 1.00156
end
gesture a02 hands 2
1.02816 0.678478 1.37124 1.01386 0.965995 0.982125
1.08766 0.699752 1.29596 1.0022 0.958437 0.995072
1.31905 0.85983 1.11305 0.984958 0.958719 1.02927
1.26827 0.94439 1.00273 0.971709 0.958629 1.04824
1.07824 0.988945 0.991649 0.990535 0.950879 1.00802
1.14786 1.00895 0.942026 0.958459 0.958538 1.06722
0.957833 1.0535 0.930948 0.929484 0.971611 1.10239
1.08766 1.04123 0.911676 0.917837 0.971559 1.13065
0.89763 1.08578 0.900598 0.912428 0.982266 1.12947
1.05755 1.05737 0.896501 0.914274 0.978575 1.10145
0.867528 1.10192 0.885423 0.922325 0.960257 1.05953
1.0425 1.06544 0.888913 0.924612 0.972183 1.05615
0.852478 1.10999 0.877836 0.94733 0.948967 1.03926
1.03498 1.06947 0.885119 0.926899 0.984108 1.05277
0.844952 1.11403 0.874042 0.94032 0.972886 1.05982
0.84119 1.11604 0.872145 0.947031 0.967276 1.06334
1.21748 1.02895 0.892403 0.950387 0.96447 1.06511
0.837427 1.11806 0.870248 0.972334 0.937677 1.01898
0.720444 1.15489 0.870598 0.953742 0.961665 1.06687
0.546422 1.19792 0.923066 0.931473 1.00796 1.04601
0.603461 1.19171 0.870948 0.945662 0.988138 1.05046
0.937906 1.19973 0.867092 0.952757 0.978227 1.05269
1.21784 1.1667 0.888346 0.956304 0.973271 1.0538
1.27177 1.14571 0.927574 0.958077 0.970794 1.05435
1.07047 1.16153 0.818898 0.958964 0.969555 1.05463
0.770218 1.15676 0.777402 0.959408 0.968935 1.05477
0.696279 1.14111 0.822989 0.959629 0.968626 1.05484
0.82203 1.04711 0.840996 0.95974 0.968471 1.05488
1.01968 0.830465 1.0162 0.93515 0.985652 1.11476
1.086 0.692643 1.32225 0.959851 0.968316 1.05491
1.0354 0.68882 1.50111 0.978144 0.968992 1.05976
1.01538 0.709296 1.45912 0.971053 0.969822 1.0144
end
gesture a02 hands 2
0.926431 0.544745 1.39639 0.98631 0.933989 1.04337
0.91552 0.536903 1.37807 0.964964 0.940262 1.05103
1.09064 0.541939 1.36339 0.988266 0.95846 1.02776
1.1981 0.603584 1.31876 0.985623 0.936808 1.03924
1.38112 0.814216 1.23712 0.980673 0.950113 1.04878
1.41562 0.899914 1.17142 0.984143 0.945207 1.05008
1.25615 0.988313 1.02295 0.964342 1.00162 1.05225
1.35313 0.986962 1.06433 0.987613 0.940301 1.05138
1.19367 1.07536 0.915861 0.979143 0.962341 1.04755
1.32189 1.03049 1.01079 0.974908 0.973361 1.04563
1.16242 1.11889 0.862318 0.941818 1.00315 1.07055
1.30627 1.05225 0.984019 0.970672 0.984381 1.04372
1.1468 1.14065 0.835547 0.958113 1.00006 1.04923
1.13899 1.15153 0.822161 0.96067 0.968606 1.04564
1.45012 0.985611 1.10572 0.986641 1.00979 1.03139
1.13118 1.16241 0.808775 0.980013 0.973061 1.04322
0.609907 1.20945 0.84131 0.964303 0.985103 1.04847
0.489642 1.21072 0.962432 0.938983 1.00371 1.04786
0.611405 1.26126 0.79559 0.937479 1.01639 1.04272
0.880608 1.25469 0.773961 0.925293 1.02458 1.03077
1.12151 1.27307 0.716671 0.9192 1.02868 1.0248
1.14981 1.24812 0.752333 0.948065 0.996127 1.02427
1.33719 1.20393 0.875271 0.916153 1.03072 1.02181
1.17811 1.22317 0.787995 0.946542 0.99715 1.02278
0.719923 1.26412 0.755483 0.91463 1.03175 1.02032
0.507716 1.21598 0.962867 0.94578 0.997662 1.02203
0.55881 1.21726 0.913553 0.913869 1.03226 1.01958
0.926146 1.20127 0.821096 0.945399 0.997918 1.02166
1.24217 1.18765 0.827605 0.913488 1.03251 1.0192
1.19583 1.09555 0.911134 0.913297 1.03264 1.01902
1.11131 0.718907 1.13583 0.97693 0.963578 1.02374
0.961033 0.576148 1.41891 0.913107 1.03277 1.01883
end
gesture a02 hands 2
0.909647 0.460245 1.41854 1.00994 0.903563 1.03434
1.07137 0.552998 1.30954 1.02235 0.905361 1.03495
0.926464 0.460396 1.42304 0.985067 0.9121 1.05738
1.2331 0.645751 1.20053 0.953382 0.973554 1.06519
1.33893 0.946776 1.07742 0.949824 1.00401 1.05959
1.32729 1.01411 1.00635 0.94098 1.01282 1.05685
1.10053 1.09164 0.926729 0.893474 1.01543 1.05382
1.20808 1.08654 0.931001 0.939357 0.98684 1.05663
0.981326 1.16408 0.851383 0.950591 1.03361 1.06052
1.14848 1.12276 0.893329 0.961583 0.9956 1.0581
0.921726 1.20029 0.813711 0.98524 0.958251 1.05943
1.11868 1.14087 0.874492 0.972576 0.957591 1.05569
0.891925 1.2184 0.794874 1.01323 0.983242 0.999295
1.10378 1.14992 0.865074 1.00932 0.991516 0.995896
0.877025 1.22746 0.785456 0.96599 1.00621 1.00466
1.31564 1.08144 0.935274 0.985695 1.003 0.998578
0.862125 1.23651 0.776038 0.942371 1.0177 1.00734
0.524225 1.19705 0.95139 0.973885 1.00875 0.999918
0.51882 1.21167 0.976319 0.930561 1.02344 1.00868
0.83956 1.27723 0.783163 0.967981 1.01162 1.00059
1.24741 1.2169 0.858977 0.924656 1.02631 1.00935
1.30375 1.20396 0.923149 0.965028 1.01305 1.00092
1.02823 1.28035 0.817705 0.921704 1.02775 1.00969
0.610371 1.27026 0.830189 0.963552 1.01377 1.00109
0.532384 1.22396 0.970389 0.920227 1.02846 1.00985
0.707225 1.26314 0.841238 0.962814 1.01413 1.00117
1.15645 1.20339 0.803823 0.919489 1.02882 1.00994
1.24403 1.05816 0.889009 1.0054 0.999791 0.992496
1.20632 0.667207 1.14031 0.918751 1.02918 1.01002
1.02669 0.47803 1.43613 0.892777 1.0034 1.00451
0.940352 0.474996 1.43416 0.933442 0.984017 1.01548
0.924711 0.437585 1.43285 1.02065 0.917521 1.02524
end
gesture a02 hands 2
0.91862 0.517166 1.38062 1.023 0.909301 1.03634
0.924431 0.513041 1.38721 1.01214 0.929796 1.03897
0.933636 0.51457 1.38224 0.977562 0.946468 1.06685
1.17565 0.609393 1.22667 0.971874 0.971501 1.07384
1.36034 0.946829 1.04619 0.967946 1.044 1.05489
1.19669 1.16354 0.914516 0.958767 0.976163 1.07682
1.35801 1.22437 0.901609 0.95982 0.990772 1.05574
1.03303 1.38025 0.782842 0.948122 1.01975 1.00068
0.768807 1.32411 0.864774 0.947055 1.00743 0.973423
0.558475 1.29202 0.870662 0.952211 1.00143 1.00429
0.642843 1.3093 0.817431 0.91807 1.02157 0.957969
0.685028 1.31795 0.790816 0.957368 0.995437 1.03516
0.504584 1.26797 0.946705 0.968652 0.988784 1.04912
0.727212 1.32659 0.764201 0.967015 0.982742 1.06318
0.954566 1.31107 0.765695 0.945541 1.00692 1.0586
1.21292 1.30057 0.778202 0.913916 1.02512 1.00877
1.18192 1.29555 0.767189 0.94891 0.999189 1.02655
1.34185 1.233 0.879665 0.916034 1.00332 1.01919
1.15092 1.29053 0.756176 0.966407 0.986224 1.03543
0.92783 1.29887 0.766461 0.924783 0.996837 1.02362
0.705806 1.31854 0.740894 0.975155 0.979741 1.03988
0.70474 1.3072 0.776746 0.929157 0.993596 1.02585
0.704207 1.30154 0.794672 0.97953 0.9765 1.0421
0.535204 1.2691 0.907488 0.931344 0.991975 1.02696
0.703674 1.29587 0.812598 0.981717 0.97488 1.04321
0.990137 1.16962 0.852455 0.932437 0.991165 1.02751
1.13337 1.10649 0.872384 0.98281 0.974069 1.04376
1.1487 1.27759 0.759508 0.932984 0.99076 1.02779
1.2766 1.04336 0.892313 0.983357 0.973664 1.04404
1.20965 0.798664 1.01746 0.883158 1.00745 1.01182
1.05229 0.561083 1.28024 0.983904 0.973259 1.04432
0.914201 0.529627 1.37817 1.01712 0.941777 1.04703
end
gesture a02 hands 2
1.01289 0.675543 1.3423 0.974042 0.975974 1.01923
1.01547 0.672744 1.33027 0.973889 0.974235 1.03892
1.15261 0.692487 1.23479 0.971654 0.975333 1.0342
1.19192 0.854008 1.05124 0.976707 0.977309 1.03073
1.32528 0.885874 1.07501 0.977729 0.977565 1.00714
1.23123 1.01553 0.867687 0.981759 0.979284 1.02725
0.949751 1.03327 0.782298 0.969959 0.974291 1.02495
0.613229 1.16406 0.877225 0.967845 0.973761 1.04543
0.44534 1.18897 1.09234 0.965148 0.976268 1.03695
0.434525 1.19023 1.11721 0.95946 0.950718 1.04016
0.5456 1.18533 0.953552 0.958112 0.951972 1.03592
0.484655 1.18841 1.04781 0.962451 0.978775 1.02847
0.59573 1.18352 0.884158 0.956764 0.953225 1.03168
0.50972 1.1875 1.01311 0.955788 0.946545 1.05926
0.620795 1.18261 0.849461 0.951823 0.936674 1.06099
0.522253 1.18705 0.995766 0.951076 0.927675 1.03489
0.633327 1.18215 0.832113 0.947858 0.926803 1.06273
0.528519 1.18682 0.987091 0.949126 0.914316 1.09005
0.639594 1.18193 0.823438 0.944641 0.92593 1.09056
0.531652 1.18671 0.982754 0.95425 0.935803 1.08156
0.642727 1.18181 0.819101 0.954373 0.957191 1.07508
0.533218 1.18665 0.980586 0.954435 0.967885 1.07183
0.644293 1.18176 0.816933 0.954466 0.973232 1.07021
0.645077 1.18173 0.815848 0.954482 0.975906 1.0694
0.42371 1.19149 1.14207 0.954489 0.977242 1.069
0.64586 1.1817 0.814764 0.954493 0.977911 1.06879
0.862905 1.1847 0.725077 0.954495 0.978245 1.06869
1.16664 1.19097 0.715984 0.952912 0.986944 1.10045
1.37794 1.1864 0.801237 0.954497 0.978579 1.06859
1.40359 1.13183 0.857531 0.965392 0.976683 1.0024
1.31334 0.882338 1.01393 0.975901 0.977591 0.980258
1.10644 0.670656 1.28113 0.99211 0.974334 0.994964
end
gesture a02 hands 2
1.02159 0.647948 1.41187 0.976205 0.972637 1.01798
1.05672 0.641272 1.37281 0.984325 0.962349 1.04113
1.22202 0.706996 1.1895 0.988029 0.965973 1.0072
1.27543 0.819826 1.07257 0.956761 0.967453 1.03388
1.2048 0.905008 0.989064 0.957104 0.9689 1.02206
1.18303 0.967468 0.949189 0.965002 0.973566 1.08503
1.32884 0.932655 0.955641 0.972307 0.94354 1.21761
1.2582 1.01784 0.872135 0.975546 0.931215 1.20318
1.16126 1.02993 0.909313 0.968641 0.950918 1.1559
1.17442 1.06647 0.848971 0.973712 0.934904 1.17232
1.07748 1.07856 0.88615 0.966807 0.954608 1.12505
1.13252 1.09079 0.837389 0.972795 0.936749 1.15689
1.03558 1.10288 0.874568 0.965891 0.956452 1.10962
1.11158 1.10295 0.831598 0.972337 0.937671 1.14918
1.01463 1.11504 0.868777 0.965433 0.957375 1.1019
1.18757 1.10302 0.788629 0.972108 0.938132 1.14532
0.993687 1.1272 0.862986 0.965203 0.957836 1.09805
0.686521 1.17668 0.8095 0.971994 0.938363 1.14339
0.482407 1.17378 0.980728 0.965089 0.958066 1.09612
0.393991 1.16879 1.09937 0.971936 0.938478 1.14243
0.397189 1.18444 1.05572 0.965031 0.958182 1.09515
0.504288 1.2024 0.868072 0.971908 0.938536 1.14195
0.73879 1.22572 0.714728 0.965003 0.958239 1.09467
0.952388 1.18165 0.694727 0.964988 0.958268 1.09443
1.25083 1.21734 0.74155 0.978784 0.91889 1.18874
1.39415 1.16536 0.827325 0.964974 0.958297 1.09419
1.39271 1.05442 0.90809 0.945825 0.956463 1.05655
1.30355 0.833732 1.06099 0.948438 0.993258 1.04389
1.15267 0.737374 1.23391 0.954891 0.968369 0.999007
1.13814 0.640027 1.31333 0.958358 0.971237 0.97962
1.0018 0.641016 1.40682 0.966724 0.979081 0.998979
1.00451 0.649422 1.40009 0.977288 0.977353 1.00346
end
gesture a02 hands 2
1.04436 0.657102 1.39302 0.983876 0.973301 1.02636
1.05857 0.659564 1.38212 0.979301 0.964144 1.04793
1.1711 0.678864 1.19354 0.971963 0.97028 1.04505
1.21285 0.777299 1.06399 0.947 0.969706 1.06051
1.14941 0.889097 0.97575 0.973641 0.962969 1.0749
1.11686 0.961647 0.936019 0.963233 0.955492 1.08686
1.25459 0.875734 0.934433 0.922037 0.969132 1.07596
1.08431 1.0342 0.896288 0.934422 0.967971 1.08843
0.999165 1.11343 0.877216 0.952826 0.948016 1.09882
0.956595 1.15304 0.867679 0.946808 0.96681 1.1009
1.12771 1.09933 0.75796 0.944416 0.965655 1.06752
0.914024 1.19266 0.858143 0.94322 0.965078 1.05082
0.656646 1.24571 0.80351 0.942622 0.964789 1.04247
0.594229 1.24773 0.853539 0.934148 0.943669 1.05531
0.506742 1.24967 0.94173 0.942323 0.964645 1.0383
0.531812 1.24975 0.903569 0.933998 0.943597 1.05322
0.702832 1.25063 0.79306 0.942173 0.964572 1.03622
0.936179 1.24516 0.716148 0.933924 0.943561 1.05218
1.10281 1.24824 0.80707 0.942099 0.964536 1.03517
1.18465 1.13811 0.817047 0.933886 0.943543 1.05166
1.22557 1.08305 0.822035 0.942061 0.964518 1.03465
1.24603 1.05552 0.82453 0.933868 0.943534 1.0514
1.25626 1.04176 0.825777 0.942043 0.964509 1.03439
1.26137 1.03487 0.8264 0.933858 0.943529 1.05127
1.26393 1.03143 0.826712 0.942033 0.964504 1.03426
1.23045 1.22564 0.739763 0.925674 0.922549 1.06814
1.26649 1.02799 0.827024 0.942024 0.9645 1.03413
1.2537 0.771095 1.06637 0.943081 0.968489 1.03738
1.16225 0.707959 1.23758 0.97414 0.982045 1.00811
1.08035 0.632165 1.37471 0.977313 0.973557 0.998899
1.0708 0.644823 1.40878 0.993636 0.969389 1.03318
1.0582 0.653588 1.3872 0.983181 0.9756 1.04131
end
gesture a02 hands 2
0.983922 0.848176 1.12701 0.983112 0.980755 0.983641
0.979925 0.853592 1.11645 0.980037 0.96794 1.0024
0.973607 0.849846 1.12051 0.991086 0.968399 1.0037
0.951872 0.853552 1.16062 0.983223 0.961509 1.02282
0.962253 0.855244 1.15099 0.992863 0.961467 1.00667
0.970374 0.856614 1.13832 0.979193 0.970443 1.01505
0.986495 0.865127 1.11554 0.958199 0.988892 1.00971
0.998554 0.855505 1.1317 0.962122 0.986189 1.00712
1.07939 0.893134 1.04415 0.987136 0.963285 1.00649
1.14301 1.04909 0.891069 0.984364 0.965166 0.999103
1.01285 1.19163 0.75358 0.966046 0.983485 1.00454
0.803496 1.2317 0.81409 0.964584 0.973032 1.00343
0.5839 1.2438 0.79142 0.981592 0.967047 0.991716
0.68494 1.24961 0.747601 0.972357 0.964813 0.997023
0.594142 1.27177 0.874601 0.970146 0.966131 1.02151
0.785979 1.25542 0.703782 0.966634 0.964355 1.01192
1.00737 1.23966 0.776107 0.964423 0.965674 1.03641
1.18717 1.2502 0.76722 0.963773 0.964126 1.01937
1.22877 1.22389 0.848432 0.961562 0.965445 1.04386
1.18025 1.17692 0.855734 0.962342 0.964011 1.0231
1.11935 1.05168 0.968491 0.960131 0.96533 1.04759
1.12554 1.09082 0.915764 0.961626 0.963954 1.02496
1.06464 0.965575 1.02852 0.959415 0.965273 1.04945
1.09819 1.04777 0.945779 0.963122 0.962578 1.00233
1.03729 0.922522 1.05854 0.9587 0.965216 1.05131
1.08451 1.02624 0.960786 0.956489 0.966535 1.0758
1.02361 0.900996 1.07354 0.955067 0.95911 1.10643
1.01677 0.890233 1.08105 0.954278 0.967854 1.10029
1.13173 1.12996 0.863037 0.946295 0.973815 1.06048
1.00993 0.87947 1.08855 0.948754 0.975213 1.04254
1.01421 0.835165 1.29159 0.962071 0.969834 1.03393
1.00916 0.820134 1.23706 0.961877 0.957565 1.04081
end
gesture a02 hands 2
0.989894 0.758898 1.23176 0.968161 0.946764 1.00238
0.980245 0.767411 1.21844 0.972388 0.946607 1.01161
0.979332 0.772739 1.20704 0.96611 0.941137 1.02352
0.98656 0.767916 1.21697 0.965665 0.949929 0.998641
0.981665 0.776793 1.19498 0.942446 0.949384 1.0167
1.04078 0.813502 1.12115 0.945237 0.952223 1.01895
1.14829 1.00808 0.934702 0.933579 0.951748 1.06865
0.925128 1.20893 0.7727 0.940803 0.953406 1.04492
0.588283 1.21301 0.832793 0.929145 0.952931 1.09462
0.599398 1.22531 0.843846 0.938586 0.953997 1.05791
0.776337 1.21905 0.794742 0.926929 0.953522 1.10761
0.693425 1.22833 0.824821 0.937478 0.954292 1.06441
0.870364 1.22207 0.775716 0.92582 0.953817 1.11411
0.740438 1.22985 0.815308 0.936924 0.95444 1.06765
0.917377 1.22358 0.766204 0.925266 0.953965 1.11735
0.763945 1.2306 0.810552 0.924989 0.954039 1.11898
0.940884 1.22433 0.761447 0.948027 0.955063 1.0212
0.775698 1.23098 0.808174 0.924712 0.954113 1.1206
0.952638 1.22471 0.759069 0.934074 0.971321 1.1501
0.781575 1.23117 0.806985 0.946204 0.957424 1.08778
0.958514 1.2249 0.75788 0.945351 0.961451 1.09358
0.784513 1.23126 0.80639 0.959812 0.9606 1.06447
0.961453 1.225 0.757286 0.969932 0.971689 1.02945
0.785982 1.23131 0.806093 0.95804 0.961541 1.08194
0.962922 1.22504 0.756988 0.96508 0.96382 1.05055
0.610512 1.23762 0.8549 0.980052 0.982778 0.994436
0.964391 1.22509 0.756691 0.97212 0.966099 1.01917
1.12875 1.23993 0.827479 0.968153 0.957759 1.03154
1.12395 1.12456 0.918447 0.96617 0.95359 1.03772
1.04525 0.832889 1.12463 0.965179 0.951505 1.04082
1.00755 0.769207 1.28121 0.956267 0.962482 1.09942
1.01009 0.768548 1.26065 0.964187 0.94942 1.04391
end
gesture a02 hands 2
1.01983 0.767257 1.21764 0.964191 0.938396 1.02841
1.01695 0.764011 1.20169 0.973432 0.943159 1.01261
1.02476 0.765027 1.19352 0.980146 0.936554 1.0209
1.10012 0.842794 1.06792 0.955425 0.943435 0.999312
1.14715 1.07059 0.912546 0.938784 0.955394 1.00125
1.03558 1.11787 0.851038 0.932667 0.955459 1.05898
0.840432 1.1222 0.896096 0.940228 0.961849 1.09603
0.798967 1.15933 0.869101 0.926551 0.955524 1.11671
0.924005 1.16514 0.78953 0.917473 0.959923 1.10402
0.757501 1.19647 0.842105 0.917583 0.966699 1.12952
0.533713 1.1738 0.879647 0.912934 0.962122 1.09768
0.590998 1.2278 0.89468 0.915313 0.967799 1.12635
0.790897 1.17184 0.878999 0.910664 0.963222 1.0945
0.890847 1.14386 0.871158 0.914179 0.968349 1.12476
0.859913 1.22539 0.755762 0.90953 0.963772 1.09292
0.990797 1.11588 0.863318 0.913611 0.968624 1.12397
1.05624 1.06112 0.917096 0.908962 0.964047 1.09212
1.08896 1.03374 0.943985 0.913328 0.968762 1.12357
1.10532 1.02005 0.95743 0.908679 0.964185 1.09173
1.10489 1.11547 0.896918 0.913186 0.96883 1.12337
1.1135 1.01321 0.964152 0.908537 0.964253 1.09153
1.10898 1.11205 0.900279 0.913115 0.968865 1.12327
1.11759 1.00978 0.967513 0.908466 0.964288 1.09143
1.11102 1.11034 0.901959 0.917693 0.973476 1.15502
1.11963 1.00807 0.969193 0.908395 0.964322 1.09133
1.12066 1.00722 0.970034 0.926291 0.95865 1.03659
1.10446 1.2109 0.836406 0.959278 0.981548 1.00258
1.12168 1.00636 0.970874 0.977742 0.971632 0.997751
1.04835 0.793546 1.2061 0.993159 0.963466 1.01698
1.02923 0.761185 1.23651 0.949688 0.945369 1.03025
1.02669 0.777207 1.2067 0.956915 0.941802 1.02231
1.01737 0.77587 1.16804 0.964438 0.946945 1.00242
end
gesture a02 hands 2
0.965778 0.693187 1.28452 0.926388 0.951405 1.01335
0.994352 0.700665 1.28012 0.928657 0.946218 1.00871
0.994995 0.695092 1.28185 0.925125 0.942869 1.03344
1.01523 0.68328 1.32127 0.930925 0.94103 1.00406
1.15868 0.722928 1.28532 0.943883 0.939198 1.00587
1.26661 0.912152 1.11923 0.961589 0.942533 1.02528
1.10539 1.04836 0.858305 0.983842 0.928609 1.0416
0.800802 1.10637 0.856433 0.979294 0.945867 1.04469
0.583022 1.17756 1.04282 0.97702 0.954496 1.04624
0.612949 1.18169 0.993289 0.975883 0.958811 1.04701
0.838131 1.22135 0.788689 0.970342 0.932987 1.02464
1.03393 1.14109 0.860918 0.974746 0.963125 1.04778
1.22321 1.10029 0.903137 0.966533 0.964673 1.03462
1.22972 1.06084 0.933147 0.962426 0.965447 1.02804
1.06038 1.09349 0.818981 0.960373 0.965834 1.02475
0.88629 1.10378 0.845941 0.959346 0.966027 1.02311
0.691361 1.10489 0.883167 0.956841 0.937365 1.00768
0.7122 1.11407 0.8729 0.958319 0.966221 1.02146
0.722619 1.11866 0.867767 0.965651 0.997642 1.05395
0.727828 1.12095 0.865201 0.959798 0.995077 1.03524
0.589432 1.08651 1.02884 0.976736 0.99005 1.00851
0.661235 1.10488 0.945737 0.9735 0.982114 1.02385
0.875996 1.08506 0.954092 0.968664 0.978179 1.02421
0.804517 1.10416 0.908363 0.966246 0.976211 1.02439
1.01928 1.08434 0.916718 0.965037 0.975228 1.02448
1.09092 1.08398 0.898031 0.964432 0.974736 1.02452
0.733038 1.12325 0.862634 0.96413 0.97449 1.02455
1.16256 1.08362 0.879344 0.972806 0.977489 1.05867
1.24407 0.986656 1.01393 0.963828 0.974244 1.02457
1.19999 0.912846 1.03833 0.967434 0.980138 1.02664
1.10215 0.772726 1.19956 0.969228 0.96976 1.02608
0.964962 0.704982 1.34108 0.986742 0.961965 1.04014
end
gesture a02 hands 2
1.02463 0.765787 1.25182 0.974218 0.955072 1.04597
0.976481 0.755613 1.29567 0.971483 0.948581 1.0432
0.997115 0.745115 1.26105 0.966069 0.950391 1.06497
1.02186 0.752071 1.24948 0.964308 0.951874 1.06905
1.00443 0.754839 1.30151 0.983795 0.95083 1.04788
1.12773 0.761003 1.19723 0.978283 0.956144 1.05332
1.18288 0.894466 1.02059 0.962547 0.953357 1.07313
0.878359 1.05063 0.797968 0.972771 0.961458 1.05875
0.610495 1.17922 0.944017 0.977883 0.965508 1.05156
0.697933 1.21688 0.870007 0.980439 0.967533 1.04797
0.570615 1.24106 1.03126 1.00152 0.951268 1.0308
0.785372 1.25455 0.795997 0.982995 0.969558 1.04437
1.15119 1.12891 0.782909 0.973732 0.978703 1.05116
1.00543 1.1034 0.782125 0.9691 0.983276 1.05455
1.21756 1.05841 0.901514 0.966785 0.985562 1.05625
0.859668 1.07789 0.781341 0.962905 0.970943 1.06877
0.611868 1.14326 0.947545 0.965627 0.986705 1.0571
0.62385 1.14955 0.951105 0.961345 0.97989 1.06581
0.794119 1.12815 0.845258 0.959026 0.956324 1.08129
0.878477 1.11145 0.903892 0.957063 0.973076 1.07452
0.635831 1.15585 0.954664 0.964469 0.987848 1.05795
0.962835 1.09475 0.962525 0.955101 0.989828 1.06775
1.12634 1.0642 0.966456 0.952878 0.963246 1.0602
1.05135 1.08862 0.854714 0.950473 0.966054 1.05881
1.20809 1.04893 0.968422 0.964401 0.975819 1.03775
1.24896 1.04129 0.969404 0.977037 0.985361 1.0124
0.976369 1.11305 0.742971 0.978329 0.985585 1.01669
1.28984 1.03365 0.970387 0.984505 0.976678 1.01373
1.30115 0.93405 1.07755 0.967013 0.980868 1.00234
1.18973 0.819284 1.24022 0.970969 0.971195 1.00662
1.04979 0.757254 1.2716 0.990681 0.967772 1.01076
0.992776 0.758995 1.23298 0.974925 0.961522 1.01091
end
gesture a02 hands 2
1.02782 0.708088 1.2869 0.985713 0.961755 1.00358
1.02275 0.696558 1.30533 0.963473 0.960935 1.00139
1.01579 0.683084 1.29253 0.946599 0.95393 0.98119
1.02737 0.689045 1.27915 0.951711 0.958867 1.00317
1.01782 0.696428 1.30969 0.97038 0.957656 1.01231
1.16062 0.724733 1.24345 0.957701 0.956994 1.01099
1.20833 0.885827 1.03224 0.966887 0.95706 1.03611
0.948811 1.03384 0.810466 0.989675 0.966084 1.03966
0.623096 1.1684 0.945352 0.99457 0.96798 1.04607
0.578875 1.14003 1.00437 0.979648 0.970854 1.0475
0.738752 1.22458 0.872206 0.962109 0.996432 1.02498
0.985796 1.13932 0.884812 0.964725 0.973727 1.04892
1.19123 1.12318 0.824272 0.960122 0.967863 1.06176
1.23284 1.05406 0.897418 0.957947 0.986435 1.04414
0.97392 1.06784 0.792437 0.967816 1.0076 1.04451
0.633922 1.15362 0.969377 0.966253 0.993119 1.04161
0.688708 1.17186 0.956259 0.969196 1.00305 1.02717
0.942572 1.16548 0.771511 0.989447 0.990566 1.00464
1.04166 1.11167 0.807225 1.00004 0.968155 1.02676
1.09121 1.08476 0.825081 0.979843 0.965275 1.01283
1.2903 1.09646 0.934002 0.989167 0.968031 1.03852
1.14075 1.05786 0.842938 0.974406 0.965213 1.01871
0.866397 1.09492 0.852889 0.983731 0.967968 1.04441
0.661465 1.10098 1.03965 0.971688 0.965182 1.02166
0.713541 1.14323 0.962945 0.981012 0.967937 1.04735
0.980637 1.21273 0.773914 0.970329 0.965166 1.02313
1.22746 1.0811 0.891897 0.979653 0.967922 1.04882
1.25892 0.931721 0.991998 0.969649 0.965158 1.02386
1.19597 0.777223 1.17825 0.978974 0.967914 1.04956
1.0702 0.690359 1.32828 0.978634 0.96791 1.04992
1.03254 0.708085 1.29496 0.959646 0.962395 0.998903
1.01928 0.689889 1.3385 0.978294 0.967906 1.05029
end
gesture a02 hands 2
0.853014 0.632643 1.32691 0.968482 0.974865 1.0373
0.865932 0.616849 1.34388 0.965504 0.967108 1.0502
1.03357 0.653265 1.3838 0.972567 0.953906 1.03689
1.2799 0.809122 1.41171 0.995639 0.954105 1.03924
1.36663 0.945667 1.2378 1.00187 0.940684 1.02666
1.26105 1.02997 1.0314 0.996628 0.951291 1.02759
0.970646 1.07673 0.979715 0.979194 0.981902 1.03072
0.925862 1.11985 0.876255 0.991386 0.961899 1.02852
1.15547 1.11428 0.825 0.986143 0.972506 1.02945
0.881078 1.16298 0.772795 0.984833 0.975158 1.02968
0.574662 1.20779 0.721631 0.971331 0.997813 1.03211
0.606687 1.21167 0.72059 0.983522 0.977809 1.02991
0.622699 1.21362 0.720069 0.982212 0.980461 1.03015
0.630706 1.21459 0.719808 0.981884 0.981124 1.03021
0.634709 1.21507 0.719678 0.969365 1.00179 1.03246
0.334007 1.18117 0.890145 0.981556 0.981787 1.03026
0.638712 1.21556 0.719548 0.981228 0.98245 1.03032
1.17745 1.24661 0.858567 0.981147 0.982616 1.03033
1.38155 1.21241 1.09176 0.968873 1.00278 1.03255
1.37818 1.18054 1.0589 0.981065 0.982782 1.03035
1.10432 1.21734 0.783699 0.980983 0.982947 1.03036
0.779053 1.19096 0.700171 0.96875 1.00303 1.03257
0.795184 1.21466 0.69262 0.980942 0.98303 1.03037
0.54497 1.20376 0.774058 0.980922 0.983072 1.03038
0.811315 1.23837 0.685069 0.956518 1.02312 1.03478
1.08125 1.24914 0.775272 0.980901 0.983113 1.03038
1.29298 1.21596 0.908375 1.00661 0.934339 1.01362
1.21832 1.11517 0.904365 0.991825 0.962502 1.01314
1.06358 0.829564 0.983991 0.976611 0.993856 1.02607
0.946471 0.633741 1.18858 0.977039 0.990665 1.01266
0.852455 0.598298 1.30548 0.970464 0.968542 1.03888
0.843233 0.605865 1.30421 0.969189 0.971494 1.02536
end
gesture a02 hands 2
0.89319 0.605803 1.35254 0.968189 0.954154 1.04253
0.890288 0.61133 1.34639 0.968773 0.948553 1.04849
0.898066 0.609443 1.35761 0.998099 0.941053 1.02286
0.988844 0.624959 1.36058 0.997642 0.936416 1.00872
1.17716 0.719562 1.30275 0.994815 0.954006 1.01396
1.28353 0.865108 1.14632 0.995708 0.949432 1.01381
1.26231 1.09495 0.893307 0.986558 0.968867 1.01602
0.987023 1.21638 0.723723 0.996601 0.944859 1.01365
0.628281 1.29434 0.753656 0.988914 0.954208 1.01872
0.636391 1.28501 0.793447 0.98507 0.958883 1.02126
0.862211 1.31718 0.778496 0.9783 0.983728 1.01807
0.753355 1.29642 0.805867 0.981227 0.963557 1.02379
0.979175 1.3286 0.790915 0.98269 0.953472 1.02665
0.811838 1.30213 0.812077 0.983422 0.948429 1.02808
1.03766 1.33431 0.797125 0.998388 0.935711 1.01335
0.841079 1.30499 0.815182 0.984154 0.943386 1.02951
1.0669 1.33716 0.80023 0.9754 0.966825 1.02713
0.855699 1.30642 0.816734 0.971023 0.978544 1.02594
1.08152 1.33859 0.801782 0.968835 0.984404 1.02535
0.6445 1.27567 0.833238 0.967741 0.987334 1.02505
1.09614 1.34002 0.803335 0.967193 0.988799 1.02491
1.26591 1.29219 0.904692 0.96692 0.989532 1.02483
1.04865 1.29906 0.787744 0.961786 1.01345 1.02218
0.655792 1.26638 0.779904 0.966646 0.990264 1.02476
0.655971 1.23323 0.868025 0.969077 0.978671 1.02604
0.946961 1.26273 0.788706 0.970292 0.972874 1.02669
1.14502 1.2232 0.847326 0.970899 0.969976 1.02701
1.18133 1.13107 0.861094 0.971203 0.968527 1.02717
1.14414 0.959279 0.926913 0.971355 0.967802 1.02725
1.05587 0.738296 1.08804 0.971431 0.96744 1.02729
0.957968 0.659398 1.22662 0.969919 0.951061 1.04567
0.896646 0.614465 1.35301 0.971507 0.967078 1.02733
end
gesture a02 hands 2
0.923951 0.622394 1.35342 0.973803 0.963976 1.02119
0.912076 0.618296 1.34024 0.978245 0.962154 1.02
0.958295 0.624266 1.35058 0.971061 0.962497 1.03828
1.09182 0.675672 1.24437 0.972914 0.969094 1.03728
1.22064 0.942366 0.956999 0.982688 0.960332 1.01881
1.17261 1.24226 0.795356 0.974766 0.97569 1.03627
0.963681 1.35151 0.745739 0.970805 0.983368 1.045
0.943761 1.36365 0.76297 0.968825 0.987208 1.04937
0.676269 1.29102 0.807079 0.96832 0.961019 1.05537
0.92384 1.37578 0.780202 0.966844 0.991047 1.05373
1.22347 1.36261 0.847335 0.960213 1.01853 1.03692
1.203 1.31111 0.843653 0.960959 1.01241 1.0329
0.810806 1.30191 0.761287 0.971449 0.978012 1.02605
0.660026 1.24013 0.84437 0.968709 0.982643 1.02524
0.801012 1.27685 0.7681 0.961705 1.0063 1.02888
1.06752 1.31231 0.775127 0.965969 0.987274 1.02443
1.10455 1.22173 0.817864 0.968101 0.977762 1.02221
1.09505 1.15915 0.832467 0.969167 0.973005 1.0211
1.06657 0.955369 0.984057 0.9697 0.970627 1.02054
1.07607 1.02597 0.915564 0.969966 0.969438 1.02026
1.04758 0.822189 1.06715 0.970099 0.968844 1.02012
1.06657 0.95938 0.957112 0.970165 0.968546 1.02005
1.03808 0.755599 1.1087 0.970199 0.968398 1.02002
1.06182 0.926085 0.977886 0.982686 0.937494 1.01519
1.03334 0.722304 1.12948 0.970232 0.968249 1.01998
1.05945 0.909437 0.988273 0.965622 1.00887 1.02168
1.03096 0.705657 1.13986 0.957779 0.999004 1.02478
1.08556 1.09657 0.847071 0.966283 0.985005 1.02615
1.02859 0.689009 1.15025 0.970966 0.988689 1.01999
0.979943 0.6357 1.26673 0.965082 0.980558 1.03583
0.920822 0.631596 1.342 0.975936 0.956154 1.03073
0.91806 0.62405 1.32982 0.990211 0.934994 1.03689
end
gesture a02 hands 2
0.955356 0.580198 1.3078 0.985153 1.0226 0.989021
0.949742 0.585734 1.30663 0.976823 1.01588 1.00794
1.06199 0.55869 1.25576 0.980685 1.02292 0.997241
1.22541 0.698067 1.12985 0.969723 1.00807 0.994851
1.43042 0.962451 1.07899 0.991039 0.995877 1.05278
1.42781 1.10075 0.8961 0.958762 0.99322 0.992462
1.20045 1.19554 0.710423 0.986478 1.01872 0.993268
0.714442 1.26899 0.709332 0.990556 1.01093 1.00874
0.467992 1.21336 1.01792 0.99052 0.941793 1.01385
0.519151 1.19907 0.957267 1.01848 0.983139 1.06011
0.842627 1.20995 0.692223 1.01691 1.00128 1.06807
1.30252 1.21211 0.82181 0.999081 0.99202 1.07818
1.50238 1.13499 0.987054 0.936661 0.951588 1.03863
1.49195 1.12986 1.00285 0.943179 0.972745 1.00253
1.17527 1.20643 0.754671 1.00699 0.994476 1.00309
0.636445 1.25973 0.763542 0.966496 0.949401 1.025
0.501292 1.22544 0.977753 0.994636 0.974532 1.07365
0.595936 1.20027 0.906892 0.984482 1.01177 1.06268
1.00065 1.18911 0.733687 0.985653 0.976563 1.03222
1.39296 1.16813 0.891496 0.935907 0.942279 1.02909
1.52483 1.11763 1.08061 0.932728 0.961632 1.0355
1.4006 1.16749 0.898704 0.997476 1.01072 1.0157
0.96998 1.19375 0.781607 0.970315 1.01384 1.00306
0.535227 1.24526 0.928144 0.967867 1.01748 1.0338
0.525206 1.18353 1.09942 0.948055 0.958832 1.03316
0.56354 1.14074 1.0737 0.96542 1.02113 1.06454
0.747424 0.929311 0.892606 1.00524 0.989107 1.07119
0.99351 0.530915 1.08601 0.967499 0.940886 1.06573
1.00024 0.512245 1.40327 0.962501 0.903472 1.00996
0.993094 0.520661 1.45268 0.982454 0.917034 0.986576
0.989423 0.566732 1.43608 1.0159 0.962789 1.02245
0.977985 0.558501 1.35288 1.02169 0.966356 0.952288
end
gesture a02 hands 2
0.981275 0.53329 1.34298 0.964423 0.913723 1.0351
0.984521 0.535284 1.32074 0.946892 0.911985 0.997664
0.975265 0.537722 1.22205 0.909928 0.873024 1.0319
1.09719 0.683994 1.00371 0.895913 0.899135 1.06469
1.3463 0.962143 0.977798 0.954657 0.934646 1.0413
1.57099 1.10542 1.05269 0.892693 0.905286 1.03968
1.57962 1.07397 1.0811 0.857993 0.927282 1.03952
1.32973 1.24636 0.793708 0.947904 0.940079 1.10241
0.826526 1.276 0.810606 0.886883 0.934489 1.07335
0.641109 1.2431 0.982326 0.944748 0.950317 1.09637
0.704562 1.22854 1.00613 0.932243 0.98079 1.03902
0.922773 1.25626 0.812053 0.908586 0.960056 1.07583
1.29312 1.22996 0.868417 0.917163 0.933989 1.121
1.55425 1.09896 1.05074 0.897939 0.919189 1.13752
1.48689 1.13572 0.90671 0.890875 0.909759 1.06252
1.03665 1.17857 0.96981 0.945944 0.873427 0.998842
1.11793 1.25801 0.733161 0.908287 0.907067 1.05185
0.586404 1.22142 1.03291 0.948679 0.954168 1.09535
0.669504 1.22355 0.93086 0.905625 0.972552 1.03143
1.06788 1.2213 0.777313 0.883718 0.87944 1.04718
1.45944 1.19307 0.921863 0.902012 0.910592 1.04057
1.51516 1.14714 0.973947 0.897516 0.903206 1.04314
1.32772 1.23407 0.799331 0.940036 0.964836 1.02192
0.891672 1.30112 0.71249 0.971668 1.54804 1.06151
0.720747 0.990828 1.01819 0.934178 1.59607 0.832262
0.576676 0.543687 1.29785 0.997569 1.46395 0.766546
0.549822 0.680535 1.32388 1.51419 0.94482 0.843432
0.55213 0.513977 1.36321 1.42199 1.02413 0.800457
0.526766 0.501171 1.30648 1.06096 1.33182 0.700829
0.522135 0.503284 1.29717 1.3298 1.10345 0.757482
0.519023 0.504311 1.26818 1.38863 0.90498 1.06106
0.54147 0.518888 1.25939 1.37239 0.884389 1.23226
end
gesture a02 hands 2
0.54255 0.509785 1.2654 1.32545 0.960406 1.11986
0.539422 0.499201 1.28417 1.32524 0.952754 1.12364
0.612302 0.542506 1.3197 1.35648 0.873683 1.13766
0.515095 0.461097 1.25856 1.32323 0.95833 1.10474
0.548298 0.481877 1.24904 1.33911 0.949003 1.07222
0.514852 0.519391 1.30269 1.11014 0.956797 1.02208
1.48652 0.915565 1.09489 1.54512 1.11346 0.845194
1.55356 0.978585 1.10513 0.881164 0.964591 0.971931
1.51631 1.07155 0.964255 0.922823 0.991559 1.00819
1.13539 1.19129 0.754235 0.8979 1.00225 1.00957
0.758774 1.25091 0.809545 0.94243 0.992304 1.03855
0.61537 1.21364 1.01512 0.874663 0.982231 1.02108
0.759991 1.18836 0.895664 0.904868 1.02466 1.0077
1.12541 1.14991 0.827869 0.899901 1.02442 1.00592
1.56821 1.09485 1.07641 0.861108 0.961832 1.00129
1.61229 1.01402 1.28749 0.8616 0.975058 0.987982
1.54368 1.06863 1.06133 0.872962 0.976743 0.990635
1.12283 1.1971 0.749139 0.884465 0.996114 1.00699
0.588883 1.20515 0.930339 0.897893 0.939557 1.0302
0.569222 1.18125 1.01715 0.920795 1.01885 1.01383
0.773055 1.18608 0.838405 0.91003 0.995856 1.04545
1.28582 1.13823 0.867678 0.879852 1.00803 1.00539
1.58309 1.0479 1.12115 0.883228 0.952284 1.02005
1.59799 1.03647 1.12441 0.859685 0.948686 1.01947
1.34933 1.16408 0.798375 0.929844 0.982557 1.05027
0.896143 1.19509 0.733657 0.889387 0.994145 1.09303
0.560169 1.19853 0.99997 0.92326 0.990513 1.02582
0.544788 1.11123 1.14968 0.901063 1.01297 1.04344
0.620403 1.06897 1.04266 0.857062 0.959044 1.04116
0.868776 0.998437 0.798939 0.862387 0.966333 1.01508
1.08196 0.753959 0.957855 0.875735 1.01013 0.958075
1.02887 0.5164 1.23548 0.917298 0.987044 1.01407
end
gesture a02 hands 2
0.930097 0.791682 1.1884 0.961384 0.971627 1.00437
0.927202 0.790575 1.19853 0.957242 0.968042 1.0015
0.94501 0.788711 1.20603 0.984534 0.976884 0.988847
0.950437 0.793039 1.20206 0.9531 0.964458 0.998639
1.00168 0.807302 1.1982 0.962133 0.95874 1.02947
1.15734 0.835756 1.2862 0.968669 0.954433 1.06647
1.27132 0.940842 1.37836 0.971165 0.953021 1.06031
1.33764 0.980773 1.2824 0.968945 0.961167 1.04991
1.23555 0.969166 0.986736 0.968674 0.978038 1.01384
0.828718 1.00238 0.781912 0.954778 0.971964 1.01759
0.555395 1.04211 0.851001 0.966724 0.969314 1.03952
0.552877 1.05022 0.853115 0.953804 0.967601 1.03042
0.736032 1.05727 0.790782 0.965749 0.964952 1.05235
0.643196 1.0578 0.823006 0.953316 0.96542 1.03684
0.826351 1.06484 0.760672 0.965262 0.962771 1.05877
0.688355 1.06159 0.807951 0.953072 0.96433 1.04005
0.87151 1.06863 0.745618 0.965018 0.961681 1.06198
0.710934 1.06348 0.800424 0.95295 0.963785 1.04166
0.894089 1.07053 0.73809 0.964896 0.961135 1.06359
0.550359 1.05833 0.85523 0.95289 0.963512 1.04246
0.916669 1.07242 0.730563 0.964835 0.960863 1.06439
1.23045 1.08817 0.87742 0.964805 0.960726 1.06479
1.42048 1.09003 1.17595 0.940883 0.965889 1.02133
1.4253 1.06928 1.25224 0.964774 0.96059 1.06519
1.3787 1.05336 1.06551 0.969059 0.96393 1.06887
1.06761 1.12843 0.743285 0.971201 0.965599 1.0707
0.673801 1.16691 0.723089 0.970573 0.995978 1.06016
0.509755 1.18772 0.813169 0.973343 0.967269 1.07254
0.520992 1.14581 0.836667 0.960476 0.978496 1.06006
0.761559 0.958855 0.85793 0.957363 0.980269 1.05437
0.951102 0.823134 1.04481 0.96183 0.981567 1.02238
0.944689 0.798823 1.25237 0.95425 0.982042 1.04867
end
gesture a02 hands 2
0.950144 0.78489 1.29072 0.975867 0.973487 1.02379
0.9842 0.784838 1.23795 0.980677 0.97209 1.02316
1.19681 0.873337 1.19211 0.96625 0.974542 1.04262
1.34702 1.00331 1.14607 0.971229 0.96823 1.04483
1.2931 1.07846 0.922114 0.985487 0.970692 1.02254
1.10665 1.09953 0.788522 0.976208 0.961918 1.04704
0.934852 1.10852 0.839183 0.956634 0.975597 1.06146
0.920204 1.12061 0.65493 0.966929 0.953144 1.07154
0.802551 1.1237 0.693722 0.947567 0.961058 1.09067
0.743725 1.12524 0.713118 0.952273 0.969403 1.07836
0.576603 1.13857 0.756252 0.954627 0.973575 1.07221
0.684898 1.12678 0.732514 0.955803 0.975661 1.06913
0.739046 1.12089 0.720645 0.971647 0.945815 1.07895
0.766119 1.11794 0.71471 0.967467 0.955696 1.06817
0.779656 1.11646 0.711743 0.95698 0.977747 1.06606
0.477402 1.1328 0.848019 0.963287 0.965576 1.05739
0.793193 1.11499 0.708776 0.96644 0.959491 1.05306
1.16909 1.10728 0.814945 0.968017 0.956448 1.05089
1.28718 1.10047 0.987292 0.968805 0.954926 1.0498
1.39875 1.10848 1.15543 0.9692 0.954166 1.04926
1.40528 1.09366 1.15964 0.969397 0.953785 1.04899
1.23209 1.03766 0.935658 0.966761 0.960966 1.03908
1.00322 1.02905 0.868886 0.960212 0.976431 1.01843
0.86147 1.05203 0.974264 0.964126 0.968146 1.02917
0.774344 1.02045 0.802114 0.969594 0.953405 1.04872
0.666666 1.00571 0.956017 0.968039 0.959861 1.0399
0.49085 1.0664 1.01287 0.965397 0.962808 1.048
0.558987 0.99097 1.10992 0.963359 0.984607 1.02305
0.804456 0.835784 1.06456 0.962189 0.98037 1.03351
1.12265 0.831626 1.20426 0.962756 0.965756 1.0561
1.12454 0.818448 1.23761 0.96102 0.976133 1.04398
0.941169 0.762186 1.24658 0.946239 0.973633 1.02745
end
gesture a02 hands 2
0.945452 0.764969 1.27882 0.954239 0.979482 1.07058
0.955554 0.774351 1.29071 0.95768 0.97679 1.07248
1.04943 0.781794 1.27444 0.951188 0.97229 1.04223
1.24238 0.885626 1.164 0.963053 0.967276 1.04055
1.30944 0.993029 1.07547 0.961121 0.974099 1.07438
1.17276 1.04334 0.925409 0.967205 0.973076 1.05588
0.94546 1.06404 0.964168 0.974917 0.962262 1.03887
1.03608 1.09366 0.775349 0.973289 0.972054 1.03737
0.877779 1.10683 0.794829 0.969598 0.961978 1.05483
0.798628 1.11342 0.804569 0.965944 0.95267 1.08191
0.58148 1.13506 0.852867 0.965906 0.951902 1.07229
0.719478 1.12 0.814309 0.965288 0.952541 1.05777
0.788476 1.11247 0.79503 0.980026 0.955136 1.04036
0.65753 1.11224 0.852615 0.964669 0.953179 1.04325
0.822976 1.10871 0.78539 0.95699 0.952201 1.0447
0.67478 1.11035 0.847796 0.955071 0.951956 1.04506
0.840225 1.10682 0.780571 0.965791 0.962113 1.02899
0.683405 1.10941 0.845386 0.953151 0.951711 1.04542
0.84885 1.10588 0.778161 0.959521 0.956683 1.03932
0.526584 1.112 0.910201 0.962705 0.959169 1.03628
0.857475 1.10494 0.775751 0.964298 0.960413 1.03475
1.29087 1.10394 0.959243 0.965094 0.961034 1.03399
1.27471 1.08515 0.949414 0.974592 0.972026 1.01328
1.38455 1.096 1.11826 0.96589 0.961655 1.03323
1.25855 1.06636 0.939584 0.949312 0.951222 1.04615
0.846639 1.05908 0.803892 0.957188 0.951285 1.05317
0.567367 1.08303 0.910805 0.964991 0.972403 1.03741
0.570377 1.05374 0.976743 0.965498 0.982117 1.03243
0.8421 0.891292 0.977973 0.962855 0.965213 1.04926
1.05891 0.807065 1.14094 0.963733 0.967909 1.04382
1.03241 0.768359 1.34182 0.964011 0.964334 1.05846
0.975378 0.770264 1.30862 0.955369 0.967074 1.06393
end
gesture a02 hands 2
1.00025 0.62111 1.36371 0.976543 0.971072 1.03503
1.00039 0.627099 1.35653 0.974113 0.97025 1.03782
1.00735 0.613543 1.37238 0.955994 0.964341 1.03709
1.02973 0.616549 1.29939 0.958549 0.964684 1.04049
1.08718 0.806932 0.978154 0.971682 0.969429 1.04062
0.915089 1.03053 0.910696 0.961105 0.965026 1.04389
0.986218 1.13221 0.791391 0.955817 0.962824 1.04553
0.923386 1.20337 0.800682 0.953173 0.961723 1.04635
0.742998 1.25413 0.843238 0.935445 0.957609 1.03914
0.860555 1.27454 0.809973 0.950529 0.960622 1.04717
0.919333 1.28474 0.79334 0.966821 0.967787 1.0462
0.80465 1.26874 0.850755 0.966217 0.965711 1.0507
0.948722 1.28985 0.785023 0.966355 0.971128 1.04036
0.819345 1.27129 0.846597 0.965286 0.974268 1.04433
0.963416 1.2924 0.780865 0.965612 0.963636 1.0552
0.826692 1.27256 0.844518 0.964216 0.977409 1.0483
0.970764 1.29367 0.778786 0.965889 0.974468 1.03452
0.830366 1.2732 0.843478 0.964176 0.977005 1.03785
0.974437 1.29431 0.777747 0.962821 0.991183 1.0414
0.976274 1.29463 0.777227 0.962463 0.979542 1.04117
0.689968 1.25273 0.90817 0.962284 0.973722 1.04106
0.978111 1.29495 0.776707 0.962195 0.970812 1.041
1.17471 1.23153 0.835491 0.959426 0.96747 1.05669
1.07151 1.2442 0.793975 0.961664 0.970099 1.05527
0.753549 1.26228 0.832366 0.962105 0.967902 1.04095
0.68931 1.26179 0.911535 0.956718 0.965675 1.04875
0.845724 1.30312 0.829608 0.963902 0.972728 1.05385
1.01757 1.11423 0.90081 0.957617 0.968088 1.0552
1.1716 1.18077 0.864102 0.953519 0.967469 1.04614
1.18941 0.925349 0.972013 0.951332 0.963448 1.05655
1.07129 0.661531 1.2006 0.943136 0.96221 1.03844
1.00492 0.626734 1.38315 0.94517 0.966153 1.03452
end
gesture a02 hands 2
0.998641 0.560128 1.4619 0.946485 0.956759 1.05135
1.00681 0.55892 1.39443 0.948628 0.958153 1.04593
1.04602 0.698733 1.10483 0.957353 0.961226 1.05271
0.94997 0.948887 0.986042 0.957284 0.962808 1.04984
1.03831 1.10435 0.899503 0.950772 0.959547 1.04052
0.853921 1.19904 0.867254 0.957215 0.964391 1.04697
0.861915 1.21339 0.87522 0.968222 0.965693 1.05406
0.865911 1.22056 0.879202 0.968163 0.960663 1.05572
0.696134 1.19226 0.984633 0.963658 0.969234 1.05343
0.869908 1.22773 0.883185 0.967418 0.963151 1.05598
1.1344 1.16249 0.877301 0.968103 0.955633 1.05739
1.01985 1.16941 0.869187 0.969641 0.956351 1.05797
1.15274 1.12015 0.897686 0.96546 0.962105 1.05368
0.905307 1.17634 0.861074 0.96832 0.959587 1.05611
0.693595 1.17867 0.941283 0.964139 0.965341 1.05183
0.742605 1.19207 0.94761 0.967659 0.961205 1.05519
1.04256 1.13155 0.869832 0.963478 0.966959 1.05091
1.11747 1.03226 0.918802 0.967328 0.962014 1.05472
1.08442 0.887767 1.04023 0.963147 0.967768 1.05044
1.1384 0.910373 1.004 0.967163 0.962418 1.05449
1.10536 0.765875 1.12543 0.962982 0.968173 1.05021
1.14887 0.849428 1.0466 0.967081 0.962621 1.05438
1.11582 0.70493 1.16803 0.9629 0.968375 1.0501
1.1541 0.818955 1.0679 0.962858 0.968476 1.05004
1.12106 0.674457 1.18933 0.971179 0.957069 1.05854
1.15672 0.803718 1.07855 0.962817 0.968577 1.04998
1.12367 0.65922 1.19998 0.957447 0.966738 1.04072
1.15803 0.7961 1.08388 0.954761 0.965818 1.0361
1.12498 0.651602 1.20531 0.953418 0.965358 1.03378
1.19238 0.93298 0.967772 0.952747 0.965128 1.03263
1.12629 0.643984 1.21063 0.959495 0.957787 1.03249
1.03337 0.554208 1.46802 0.952076 0.964898 1.03147
end
gesture a02 hands 2
0.995402 0.495665 1.50801 0.946244 0.960379 1.03376
1.00591 0.489995 1.51186 0.958768 0.957934 1.02833
1.03987 0.516241 1.36161 0.953774 0.957544 1.04615
1.08211 0.73564 1.07398 0.959751 0.957247 1.04041
1.09374 1.01316 0.946352 0.971291 0.955488 1.02291
0.987021 1.14416 0.87823 0.965728 0.956949 1.03466
0.726331 1.16109 0.955706 0.940323 0.955163 1.03391
0.778248 1.16545 0.949406 0.947849 0.955124 1.0534
1.08225 1.14256 0.90206 0.951612 0.955104 1.06314
0.978502 1.14525 0.925662 0.952553 0.9551 1.06557
1.1239 1.11693 0.918286 0.947914 0.956098 1.08562
1.01727 1.1304 0.936719 0.953493 0.955095 1.06801
0.874753 1.14793 0.949265 0.954434 0.95509 1.07044
0.910633 1.14387 0.955153 0.954669 0.955089 1.07105
0.928573 1.14184 0.958097 0.949325 0.956091 1.08928
0.937543 1.14083 0.959569 0.954905 0.955087 1.07166
1.16556 1.0913 0.934512 0.95514 0.955086 1.07227
0.946512 1.13982 0.961041 0.955199 0.955086 1.07242
0.667257 1.1533 0.996469 0.949677 0.956089 1.09019
0.727465 1.18833 0.98757 0.955257 0.955086 1.07258
1.01105 1.14118 0.919101 0.955316 0.955085 1.07273
1.08998 0.97729 0.98316 0.955346 0.955085 1.0728
1.04136 0.861266 1.08183 0.944215 0.957092 1.10811
1.10514 0.837333 1.06452 0.955375 0.955085 1.07288
1.05652 0.721308 1.16319 0.966344 0.962906 1.06744
1.11272 0.767354 1.1052 0.946995 0.962275 1.04768
1.0641 0.65133 1.20387 0.950377 0.954071 1.05123
1.11651 0.732365 1.12554 0.945485 0.96067 1.04807
1.06789 0.61634 1.22421 0.948341 0.947812 1.04543
1.06979 0.598846 1.23438 0.957349 0.964788 1.05811
1.16891 0.8134 1.04722 0.965772 0.949119 1.05484
1.07168 0.581351 1.24455 0.953867 0.944877 1.09094
end
gesture a03 hands 2
0.940637 0.743649 1.1719 0.920653 0.969585 1.10773
0.959259 0.737505 1.19648 0.942968 0.974479 1.10926
1.01226 0.743391 1.17972 0.973364 0.973213 1.09403
1.10792 0.798719 1.16966 1.0031 0.982847 1.05718
1.39437 1.15888 1.13712 1.00016 0.983263 1.10157
1.36423 1.59448 1.2939 1.03283 0.992481 1.02033
1.18314 1.754 1.33373 0.999846 1.00413 1.0017
1.11756 1.75127 1.32728 0.956362 0.9857 0.975777
1.06114 1.69552 1.0455 0.950673 0.973792 0.990525
0.994286 1.59423 1.02934 0.928333 0.932965 1.01705
1.05198 1.74853 1.32083 0.885689 0.905871 1.06159
0.995556 1.69279 1.03905 0.877144 0.919166 1.06095
0.927435 1.49293 1.01318 0.897261 0.930537 1.01864
0.933284 1.56499 0.885224 0.88293 0.931499 1.03947
0.865163 1.36512 0.859355 0.903046 0.94287 0.997163
0.902148 1.50109 0.808311 0.885822 0.937666 1.02873
0.834027 1.30122 0.782442 0.905939 0.949036 0.986424
0.88658 1.46914 0.769855 0.887269 0.940749 1.02336
0.818459 1.26927 0.743986 0.907386 0.95212 0.981054
0.810675 1.2533 0.724758 0.887992 0.942291 1.02068
0.939133 1.63705 0.757267 0.908109 0.953661 0.97837
0.80289 1.23732 0.70553 0.888353 0.943062 1.01933
0.731032 0.95187 0.588205 0.90847 0.954432 0.977027
0.666648 0.837592 0.653793 0.888534 0.943447 1.01866
0.689573 0.856233 0.597305 0.908651 0.954818 0.976356
0.733483 0.848806 0.634242 0.868598 0.932462 1.0603
0.825303 0.791381 0.803601 0.908832 0.955203 0.975685
0.919605 0.731402 1.04851 0.965353 0.962917 0.967214
0.959907 0.713102 1.14298 0.999624 0.962577 1.01561
0.996352 0.71619 1.18767 0.969409 0.986949 1.04985
1.01151 0.720837 1.19571 1.00733 0.974515 1.07623
0.977572 0.736172 1.17814 0.990871 0.983234 1.10103
end
gesture a03 hands 2
0.946817 0.700017 1.21139 0.954966 0.981357 1.12775
0.947821 0.697537 1.19981 0.950288 0.977992 1.1474
1.00093 0.732255 1.19221 0.942908 0.975591 1.12546
1.28286 0.823084 1.27258 0.986699 0.983778 1.04051
1.41249 1.26394 1.33717 1.02554 1.00409 1.00051
1.26776 1.58145 1.39331 1.03049 0.991964 0.955559
1.11373 1.66031 1.31181 1.00234 0.979748 0.937797
1.06436 1.65411 1.21513 0.947982 0.972281 0.948646
0.986378 1.52081 0.941567 0.94928 0.939829 0.979115
1.00068 1.58436 1.03 0.931074 0.925862 0.983074
0.922703 1.45105 0.756446 0.915142 0.925753 1.00464
0.968846 1.54949 0.937443 0.907176 0.925698 1.01542
0.890865 1.41618 0.663885 0.888064 0.901688 1.06107
0.952927 1.53205 0.891162 0.899209 0.925643 1.02621
0.874946 1.39874 0.617604 0.933989 0.951708 1.05221
0.944968 1.52333 0.868022 0.938732 0.949807 1.02091
0.866987 1.39002 0.594464 0.951379 0.964741 1.06521
0.940988 1.51897 0.856452 0.947427 0.956323 1.02741
0.863007 1.38566 0.582894 0.960074 0.971257 1.07171
0.938998 1.51679 0.850667 0.951774 0.959581 1.03066
0.861017 1.38348 0.577109 0.964422 0.974515 1.07496
1.01499 1.64792 1.11844 0.953948 0.96121 1.03228
0.859027 1.3813 0.571324 0.966595 0.976144 1.07659
0.759327 1.09687 0.600748 0.955035 0.962025 1.0331
0.66414 0.821745 0.639782 0.967682 0.976959 1.0774
0.659627 0.812446 0.630172 0.955578 0.962432 1.0335
0.807524 0.865512 0.641956 0.968226 0.977366 1.0778
0.904519 0.779844 0.811117 0.943474 0.947906 0.989607
0.970434 0.684263 1.08963 0.968769 0.977773 1.07821
0.974971 0.671216 1.24853 0.957164 0.977775 1.13502
0.982991 0.687937 1.23539 0.960663 0.975832 1.12081
0.968164 0.689088 1.2305 0.966716 0.97964 1.12351
end
gesture a03 hands 2
0.911036 0.63507 1.19886 0.950641 0.961432 1.04759
0.898381 0.638961 1.19331 0.95677 0.962766 1.08579
0.966399 0.691747 1.15689 0.951149 0.971314 1.11699
1.26437 0.816846 1.2412 0.947312 0.968048 1.07332
1.35831 1.17106 1.31691 0.985439 0.968683 1.07084
1.24717 1.49217 1.4167 0.943475 0.964782 1.02966
1.09328 1.64004 1.36976 0.960399 0.95763 1.02104
1.03133 1.63312 1.27424 0.968861 0.954054 1.01673
0.948233 1.44735 0.964876 1.01973 0.966053 1.02469
0.958811 1.53677 1.07179 0.977322 0.950478 1.01242
0.87571 1.35101 0.762433 0.956118 0.94269 1.00628
0.92255 1.4886 0.970572 0.945516 0.938797 1.00322
0.839449 1.30283 0.661212 0.940215 0.93685 1.00168
0.904419 1.46452 0.919961 0.937564 0.935876 1.00092
0.821318 1.27875 0.610602 0.935802 0.958251 0.942322
0.895353 1.45247 0.894656 0.935358 0.946577 0.971236
0.812252 1.2667 0.585296 0.946381 0.963539 1.01929
0.890821 1.44645 0.882003 0.940647 0.949221 1.00972
0.80772 1.26068 0.572644 0.951671 0.966183 1.05778
0.888554 1.44344 0.875677 0.943292 0.950543 1.02896
0.805453 1.25767 0.566317 0.954315 0.967505 1.07702
0.80432 1.25617 0.563154 0.944615 0.951204 1.03858
0.969389 1.6262 1.17871 0.955638 0.968166 1.08664
0.803187 1.25466 0.559991 0.945276 0.951535 1.04339
0.635127 0.79764 0.630023 0.956299 0.968497 1.09145
0.644621 0.822795 0.610611 0.945606 0.9517 1.0458
0.731773 0.916094 0.60125 0.956629 0.968662 1.09385
0.884768 0.880703 0.704331 0.934914 0.934903 1.00015
1.04905 0.724327 0.929164 0.95696 0.968827 1.09626
1.08613 0.638399 1.26979 0.961591 0.96805 1.10646
0.95278 0.652655 1.34653 0.966137 0.9705 1.14936
0.968729 0.632349 1.35433 0.966223 0.967273 1.11667
end
gesture a03 hands 2
0.941394 0.670353 1.29803 0.96972 0.887068 1.20693
0.931971 0.681823 1.27819 0.97649 0.879843 1.21089
0.951651 0.674856 1.29813 0.969405 0.913335 1.19581
0.945036 0.68373 1.27078 0.985339 0.934298 1.14683
1.18523 0.747974 1.22871 0.987177 0.969891 1.00024
1.21057 1.09164 1.28995 1.03922 0.953269 0.9097
1.34075 1.19904 1.30478 1.04725 0.983421 0.919779
1.23591 1.43531 1.35119 1.05032 0.947685 0.952271
1.0943 1.50664 1.20183 1.0312 1.04317 0.971777
0.956809 1.38149 0.821568 1.04229 0.97756 0.978271
0.82675 1.19177 0.649075 0.972176 0.985132 0.993163
0.778833 1.0191 0.593454 1.01278 0.948541 0.988964
0.778938 1.03843 0.469293 0.942664 0.956114 1.00386
0.778517 1.03795 0.505496 0.998022 0.934032 0.99431
0.833431 0.910131 0.672669 0.927908 0.941604 1.0092
0.805763 0.9738 0.607184 0.990644 0.926777 0.996984
0.860677 0.845981 0.774357 0.92053 0.93435 1.01188
0.819386 0.941726 0.658028 0.986955 0.92315 0.99832
0.8743 0.813907 0.825201 0.916841 0.930722 1.01321
0.826198 0.925688 0.68345 0.985111 0.921336 0.998989
0.881111 0.797869 0.850623 0.914997 0.928909 1.01388
0.829604 0.91767 0.696161 0.984188 0.920429 0.999323
0.884517 0.789851 0.863334 0.914074 0.928002 1.01422
0.831307 0.91366 0.702516 0.983727 0.919976 0.99949
0.88622 0.785841 0.869689 0.913613 0.927548 1.01438
0.832158 0.911656 0.705694 1.05338 0.91195 0.984764
0.887072 0.783837 0.872867 0.913152 0.927095 1.01455
0.832584 0.910653 0.707283 0.883605 0.910722 1.02295
0.887497 0.782834 0.874456 0.907185 0.991059 0.948525
0.778096 1.03747 0.541699 0.900772 1.0039 0.954204
0.887923 0.781832 0.876045 0.838372 1.06339 0.963172
0.950606 0.727026 1.20122 0.88176 1.08365 1.01448
end
gesture a03 hands 2
0.985173 0.811752 1.18505 0.886931 1.03343 1.01916
0.989258 0.80389 1.21401 0.880205 1.02163 1.01748
0.942355 0.750193 1.19396 0.921932 0.964737 1.0759
1.01474 0.813829 1.24795 0.897705 0.987283 1.04585
0.973376 0.761381 1.2301 0.939433 0.93039 1.10427
0.965806 0.760527 1.22436 0.948183 0.913217 1.11845
1.00045 0.78672 1.25582 0.873479 1.00983 1.0158
0.938825 0.727882 1.20227 0.956933 0.896044 1.13264
0.845699 0.683257 1.21883 0.970439 0.916106 1.17964
0.837147 0.682096 1.24135 0.95613 0.919404 1.18591
1.07149 0.959534 1.31582 0.990772 0.9152 1.10574
0.950044 0.820235 1.28985 1.02962 0.924176 1.07285
1.18439 1.09767 1.36432 1.11733 0.973978 1.12495
1.00649 0.889304 1.3141 1.06847 0.933151 1.03997
1.24084 1.16674 1.38857 1.11312 0.971548 0.991879
1.03472 0.923838 1.32623 1.11321 0.982564 0.956851
1.26907 1.20128 1.4007 1.04203 1.0089 0.961499
1.04883 0.941106 1.33229 0.994328 0.98863 0.930739
1.28318 1.21854 1.40676 1.06169 0.868224 0.902345
1.29023 1.22718 1.40979 1.04833 0.885278 0.969687
0.828594 0.680936 1.26388 0.918018 0.91125 0.952382
1.29729 1.23581 1.41282 0.932549 0.931008 0.977509
1.19544 1.43361 1.34063 1.03497 0.902331 1.03703
1.09807 1.54408 1.10443 0.94708 0.950767 1.00264
0.866031 1.35393 0.872555 0.903136 0.974984 0.985438
0.845689 1.23811 0.64036 0.881163 0.987093 0.97684
0.85138 1.05219 0.364834 0.774347 0.954276 1.00242
0.851768 1.20334 0.360122 0.859191 0.999202 0.968241
0.896215 1.14576 0.470602 0.871016 1.03056 0.910696
0.98306 0.883882 0.754809 0.858145 1.05655 0.906529
0.958878 0.736812 1.13202 0.859318 1.06963 1.0171
0.999934 0.777188 1.22511 0.935427 1.00323 1.04711
end
gesture a03 hands 2
0.973271 0.777835 1.19347 0.997462 0.959153 1.07932
0.999225 0.762978 1.21569 0.991332 0.94386 1.09667
1.02227 0.850743 1.22634 1.00878 0.945693 1.11534
1.00191 0.772509 1.21344 1.0059 0.956902 1.09133
1.02878 0.800089 1.24371 1.0565 0.927065 1.09992
0.973108 0.806489 1.23338 1.10023 0.928532 1.09637
0.835153 0.748488 1.27319 1.10144 0.962802 0.94762
1.00208 1.14188 1.28123 1.14412 0.987423 0.904338
1.28355 1.25021 1.40936 1.10391 1.02668 0.961772
1.16901 1.53528 1.28928 1.04924 0.969321 0.914077
1.06229 1.61945 0.991925 1.02727 1.00963 0.917734
0.997929 1.59455 0.817773 0.949415 0.884505 0.962701
0.957779 1.38962 0.775962 0.929637 0.861186 0.98325
0.945673 1.47964 0.709791 0.887831 0.969547 0.935543
0.905524 1.2747 0.66798 0.86973 1.00891 0.926207
0.919545 1.42218 0.6558 0.707 1.11675 0.976093
0.879396 1.21725 0.613989 0.718168 1.12358 0.958352
0.906481 1.39345 0.628805 0.77247 1.13937 0.999131
0.866332 1.18852 0.586993 0.853646 1.04559 1.02016
0.8598 1.17415 0.573496 0.840209 1.10038 1.03004
0.933567 1.56966 0.64362 0.921385 1.0066 1.05107
0.853268 1.15979 0.559998 0.874079 1.08088 1.04549
0.83187 1.06137 0.34328 0.955255 0.987101 1.06652
0.830741 1.22128 0.34498 0.891014 1.07113 1.05321
0.879207 1.20452 0.480159 0.972189 0.977352 1.07424
0.985754 0.88777 0.786794 0.826773 1.15516 1.03991
1.00337 0.772478 1.03438 0.989124 0.967604 1.08197
0.948659 0.77985 1.18235 0.976277 0.922857 1.114
0.979925 0.780911 1.20909 0.983092 0.923888 1.15166
0.974048 0.765767 1.18697 0.969841 0.952922 1.12837
0.98488 0.833226 1.17497 0.970188 0.890851 1.14625
0.943508 0.790019 1.17567 0.990058 0.890156 1.13978
end
gesture a03 hands 2
1.03137 0.79088 1.21122 0.966868 0.965069 1.0115
1.03676 0.789558 1.22059 0.967936 0.961636 1.00243
1.03573 0.791093 1.22019 0.966125 0.976919 1.03156
1.03021 0.790783 1.21429 0.9664 0.971673 1.01425
1.1314 0.858644 1.07088 0.970656 0.972495 1.00604
1.2528 1.26156 0.899421 0.970548 0.988838 0.897471
1.22396 1.69654 1.01228 0.944231 1.00039 0.89576
1.16544 1.71929 0.870191 0.927134 0.983575 0.934818
1.18069 1.82553 1.03235 0.93684 0.965126 1.08364
1.14381 1.78379 0.880225 0.930667 0.973368 1.24279
1.02101 1.54168 0.909785 1.15172 0.990227 1.37757
1.06397 1.64186 0.818943 1.14787 0.988871 1.38715
0.941172 1.39975 0.848503 1.05565 0.9477 1.28865
1.02405 1.5709 0.788302 1.09983 0.967607 1.34268
0.901252 1.32879 0.817861 1.00761 0.926437 1.24419
1.00409 1.53541 0.772981 1.07582 0.956975 1.32046
0.881292 1.29331 0.802541 0.983594 0.915805 1.22196
0.994106 1.51767 0.765321 1.06381 0.951659 1.30934
0.871312 1.27557 0.79488 0.971585 0.910489 1.21084
0.989116 1.5088 0.761491 1.0578 0.949001 1.30378
0.866323 1.2667 0.79105 0.965581 0.907831 1.20529
0.863828 1.26226 0.789135 1.0548 0.947672 1.301
1.10692 1.74204 0.728101 0.962578 0.906502 1.20251
0.861333 1.25783 0.78722 1.0533 0.947008 1.29961
0.676303 0.94197 0.583914 0.961077 0.905838 1.20112
0.615745 0.773612 0.846339 0.960327 0.905505 1.20042
0.592387 0.802978 0.826303 1.14402 0.987514 1.39672
0.660139 0.89653 0.820283 0.959576 0.905173 1.19973
0.871988 0.885293 0.927202 0.802975 0.957147 1.05895
0.985453 0.814381 1.04753 0.894563 0.947714 0.973837
0.995766 0.794764 1.14988 0.92452 0.9857 0.8488
1.00803 0.794023 1.17127 0.931774 0.975774 0.871246
end
gesture a03 hands 2
1.08051 0.705478 1.31341 0.890486 0.961137 0.836595
1.04814 0.732292 1.28067 0.909065 0.97224 0.841383
1.05176 0.733465 1.29294 0.911828 0.963767 0.856406
1.05556 0.757147 1.25154 0.900954 0.957337 0.867612
1.22927 0.884812 1.06983 0.889619 0.973088 0.919312
1.309 1.45933 1.00805 0.870318 0.981302 0.95031
1.21969 1.76381 1.00913 0.885698 0.960213 1.02742
1.10858 1.56232 0.782573 0.969996 0.977518 1.19167
1.19216 1.81109 0.976915 1.1469 0.98771 1.34425
1.09482 1.58596 0.766466 1.14047 0.97331 1.34661
0.901064 1.30956 0.889515 1.22103 1.01702 1.36984
0.94927 1.3352 0.722766 1.13404 0.958911 1.34897
0.755515 1.0588 0.845814 1.00629 0.890441 1.23138
0.876496 1.20982 0.700916 0.932474 0.905913 1.1718
0.682741 0.933419 0.823964 0.951961 0.914863 1.07506
0.840109 1.14712 0.689991 0.905309 0.918123 1.09365
0.646354 0.870729 0.813039 0.924796 0.927074 0.996902
0.821916 1.11578 0.684528 0.891727 0.924229 1.05457
0.628161 0.839383 0.807577 0.911214 0.933179 0.957823
0.812819 1.10011 0.681797 0.884936 0.927282 1.03503
0.619064 0.823711 0.804845 0.904423 0.936232 0.938283
0.80827 1.09227 0.680431 0.881541 0.928808 1.02526
0.614515 0.815874 0.80348 0.901028 0.937759 0.928513
0.612241 0.811956 0.802797 0.879843 0.929571 1.02037
0.997477 1.36083 0.556017 0.89933 0.938522 0.923628
0.609967 0.808038 0.802114 0.878994 0.929953 1.01793
0.583855 0.755095 0.950022 0.898481 0.938903 0.921185
0.576392 0.760012 0.941767 0.878569 0.930144 1.01671
0.728773 0.89884 0.831892 0.898056 0.939094 0.919964
0.967281 0.900345 0.919429 0.858658 0.921384 1.11223
1.10983 0.777729 1.12608 0.897632 0.939285 0.918743
1.06533 0.723744 1.28831 0.922086 0.956392 0.848225
end
gesture a03 hands 2
1.05441 0.735744 1.30803 0.959494 0.977047 0.925554
1.06148 0.755421 1.30177 0.94927 0.980328 0.909996
1.06887 0.760272 1.26358 0.954447 0.972343 0.933861
1.29219 1.07775 0.914364 0.950119 0.975767 0.939306
1.31679 1.54591 0.935102 0.95419 0.955408 0.933593
1.22884 1.82977 1.02449 0.906285 0.92527 0.995984
1.14064 1.82358 0.870705 0.919797 0.900081 1.0637
0.989244 1.64228 0.681651 0.964069 0.990728 1.11127
0.86056 1.36546 0.771356 1.06004 0.993511 1.29466
0.849203 1.41322 0.631977 1.14666 1.01988 1.33059
0.72052 1.13639 0.721681 1.18508 1.01522 1.32583
0.779184 1.29869 0.607139 1.14482 1.00778 1.33138
0.6505 1.02186 0.696843 1.04449 0.974898 1.25786
0.744174 1.24143 0.594721 1.07453 0.987614 1.29739
0.61549 0.964597 0.684425 0.974195 0.954737 1.22388
0.726668 1.21279 0.588511 1.03938 0.977533 1.2804
0.597985 0.935965 0.678215 0.939048 0.944656 1.20688
0.717916 1.19848 0.585407 1.0218 0.972493 1.27191
0.589232 0.921648 0.675111 0.921474 0.939616 1.19839
0.71354 1.19132 0.583854 1.01302 0.969973 1.26766
0.584856 0.91449 0.673558 0.912687 0.937096 1.19414
0.837847 1.46099 0.492598 1.00862 0.968713 1.26553
0.58048 0.907332 0.672006 0.908293 0.935836 1.19201
0.528724 0.787768 0.816326 1.00643 0.968083 1.26447
0.526812 0.804464 0.816548 0.906097 0.935206 1.19095
0.550031 0.850173 0.737685 1.10456 1.00033 1.33693
0.67509 0.989136 0.654959 0.9039 0.934576 1.18989
0.889527 1.01725 0.649681 0.868521 0.953631 1.04063
1.13379 0.967338 0.876438 0.874651 0.954445 0.968413
1.17705 0.798899 1.21365 0.958546 0.969547 0.939455
1.05345 0.743382 1.36133 0.952001 0.979439 0.890865
1.05007 0.744873 1.3186 0.955317 0.993444 0.919679
end
gesture a03 hands 2
1.10562 0.723181 1.17455 0.902916 0.925723 1.03703
1.09054 0.753362 1.15571 0.897525 0.922086 1.03518
1.01786 0.836432 1.0583 0.924348 0.938832 0.979957
1.09382 1.10166 0.991988 1.08156 1.02495 0.850644
1.09913 1.45162 1.24152 1.2138 1.13902 0.813243
1.04048 1.46337 1.11243 1.18244 1.07723 0.867797
1.02815 1.51296 1.28058 1.03778 0.996587 0.917261
1.00499 1.49404 1.13196 0.888152 0.94968 0.994403
0.939953 1.32575 1.10275 0.831622 0.888293 1.14402
0.960891 1.40043 1.04305 0.843364 0.881787 1.20651
0.895855 1.23215 1.01383 0.912148 0.892123 1.24397
0.938842 1.35363 0.998589 0.855106 0.87528 1.26899
0.873806 1.18534 0.969375 0.876199 0.887976 1.25455
0.927818 1.33023 0.97636 0.881472 0.89115 1.25094
0.862782 1.16194 0.947146 0.934436 0.891964 1.29924
0.922305 1.31853 0.965246 0.886745 0.894324 1.24733
0.857269 1.15024 0.936031 0.892018 0.897498 1.24372
0.919549 1.31268 0.959689 0.893336 0.898292 1.24282
0.854513 1.14439 0.930474 0.942346 0.896725 1.29383
0.918171 1.30976 0.95691 0.894654 0.899085 1.24191
0.853135 1.14147 0.927696 0.895973 0.899879 1.24101
0.917482 1.30829 0.955521 0.896302 0.900077 1.24079
0.852446 1.14 0.926306 0.944323 0.897915 1.29247
0.917138 1.30756 0.954826 0.896632 0.900275 1.24056
0.852102 1.13927 0.925612 0.896961 0.900474 1.24034
0.981829 1.47512 0.983346 0.944818 0.898213 1.29213
0.851757 1.13854 0.924917 0.897126 0.900573 1.24022
0.758932 0.931868 0.777129 0.897209 0.900622 1.24017
0.721685 0.801951 0.866487 0.992674 0.895952 1.34393
0.76726 0.895988 0.834218 0.897291 0.900672 1.24011
0.819868 0.86642 0.926078 0.885264 0.916046 1.09698
0.992941 0.782528 1.04796 0.866086 0.955982 0.96584
end
gesture a03 hands 2
1.09312 0.785869 1.12827 0.828413 0.91431 1.00774
1.05288 0.831789 1.05142 0.879898 0.922626 0.941987
1.01314 0.848769 1.0341 0.883642 0.902762 0.963428
0.970348 0.881333 0.993698 0.885062 0.928411 0.951703
0.964998 0.890692 0.994262 0.91662 0.922729 0.952399
1.01111 0.871779 1.03194 0.957053 0.946666 0.907197
1.1849 1.03824 1.07118 1.02275 0.965688 0.898039
1.22062 1.34626 1.28469 1.11646 1.04396 0.933233
1.12258 1.46911 1.34819 1.30734 1.2694 0.97668
1.06957 1.53503 1.26612 1.24723 1.27167 0.942484
0.966237 1.31642 1.07505 1.32005 1.38912 0.990353
0.991398 1.45868 1.12955 1.25358 1.33153 0.94932
0.888065 1.24008 0.938481 1.14057 1.19525 0.975007
0.952312 1.42051 1.06127 1.16384 1.23459 0.941648
0.848979 1.20191 0.870196 1.05082 1.09831 0.967334
0.932769 1.40142 1.02712 1.11897 1.18612 0.937811
0.829436 1.18282 0.836054 1.00595 1.04984 0.963498
0.922998 1.39188 1.01005 1.09653 1.16189 0.935893
0.819664 1.17327 0.818983 0.983518 1.0256 0.961579
0.918112 1.38711 1.00152 0.972301 1.01349 0.96062
0.814779 1.1685 0.810448 1.18711 1.27394 0.908288
0.915669 1.38472 0.997249 0.961083 1.00137 0.959661
0.812336 1.16612 0.80618 0.868402 0.825018 1.16198
0.811114 1.16492 0.804046 0.866298 0.803707 1.2331
1.01656 1.60094 1.18405 0.865246 0.793051 1.26866
0.809893 1.16373 0.801912 0.913326 0.820875 1.37161
0.802128 0.81349 0.877595 0.864194 0.782396 1.30422
0.787678 0.89433 0.858859 0.851908 0.821249 1.18288
0.811265 0.879363 0.930117 0.79815 0.857324 1.07888
0.914704 0.796394 1.03519 0.817764 0.885172 1.031
0.936158 0.787176 1.03704 0.845672 0.893041 1.09284
0.90182 0.818092 1.03768 0.831536 0.879703 1.05048
end
gesture a03 hands 2
0.87006 0.81552 0.997965 0.988633 0.969123 0.980226
0.860274 0.827576 0.988438 0.994956 0.957213 1.06368
0.863393 0.826849 0.986725 0.974369 0.958237 1.08806
0.993812 0.812382 1.04667 0.950759 0.95741 1.00205
1.24664 0.974748 1.09394 0.91551 0.975383 0.950068
1.23567 1.38887 1.33611 0.913548 0.989246 0.946885
1.09005 1.48768 1.33007 0.902803 1.02597 0.879482
1.07238 1.50878 1.23426 0.907195 1.01454 0.911592
0.940723 1.32602 1.07328 0.923043 0.972543 1.00894
0.997712 1.42795 1.10587 0.917315 0.987826 0.976319
0.86606 1.24519 0.944891 0.933162 0.945829 1.07366
0.96038 1.38754 1.04167 0.922375 0.974469 1.00868
0.828728 1.20478 0.880695 0.938222 0.932472 1.10603
0.941714 1.36733 1.00957 0.924905 0.967791 1.02486
0.810062 1.18457 0.848596 0.940752 0.925793 1.12221
0.932381 1.35722 0.993523 0.92617 0.964452 1.03296
0.800729 1.17446 0.832547 0.942017 0.922454 1.1303
0.927714 1.35217 0.985499 0.926802 0.962782 1.037
0.796062 1.16941 0.824522 0.94265 0.920785 1.13434
0.925381 1.34965 0.981486 0.927118 0.961947 1.03902
0.793729 1.16689 0.82051 0.942966 0.91995 1.13637
0.924215 1.34838 0.97948 0.943124 0.919532 1.13738
0.792563 1.16562 0.818504 0.911587 1.00311 0.943702
1.0547 1.52988 1.13845 0.943282 0.919115 1.13839
0.791396 1.16436 0.816498 0.999976 0.91041 1.2028
0.732954 0.788224 0.88798 1.03841 0.89764 1.29999
0.728632 0.8356 0.850844 1.05667 0.901705 1.2672
0.754414 0.87322 0.83354 0.999187 0.889134 1.23317
1.00477 0.793049 1.02994 0.926037 0.914203 1.0852
1.08699 0.751635 1.12758 0.92266 0.964429 0.986431
1.09849 0.753471 1.15351 0.948667 0.976358 0.937132
1.08974 0.752213 1.13561 0.948058 0.96922 0.953661
end
gesture a03 hands 2
1.01184 0.729859 1.16561 0.996312 0.974901 1.01631
1.01713 0.73581 1.15544 0.982533 0.973445 1.0072
1.03674 0.728413 1.16462 1.01579 0.963294 1.02014
0.984101 0.723917 1.17269 0.968754 0.971989 0.998084
1.02855 0.72179 1.132 0.959145 0.969449 1.00017
1.00382 0.718696 1.13996 0.955544 0.962207 1.03749
0.983378 0.72825 1.17004 0.949536 0.966909 1.00226
1.066 0.804742 1.01278 0.976498 0.962933 0.987389
1.10443 1.20281 0.861295 0.956576 0.970334 0.983174
1.04392 1.41183 0.931057 0.96646 0.989592 1.01026
1.03273 1.54302 1.03244 0.971401 0.999221 1.02381
1.00658 1.61159 1.08688 0.973872 1.00404 1.03058
0.980801 1.60707 1.07516 0.994088 0.963017 1.00886
0.89424 1.22098 0.65833 0.976343 1.00885 1.03735
0.862482 1.06177 0.68064 0.980338 1.00019 1.0224
0.887075 1.41656 0.698651 0.976497 1.00813 1.02265
0.989809 1.62696 0.967893 0.968724 1.00065 1.06005
0.993961 1.59508 0.942146 0.970656 0.998682 1.05879
0.889983 1.31389 0.853359 0.985494 0.977212 1.06099
0.998114 1.56319 0.916399 0.986929 0.974097 1.05119
0.790158 1.00082 0.738825 1.0109 0.974192 1.01606
0.751829 0.979388 0.804043 0.988364 0.970983 1.04139
0.822359 1.09789 0.786187 0.946733 0.976162 0.996891
0.941629 1.08841 0.807379 0.948196 0.972313 0.993991
1.06925 0.871742 0.977323 0.948928 0.970389 0.99254
1.05263 0.735654 1.22614 0.949293 0.969426 0.991815
1.02693 0.726745 1.22497 0.949476 0.968945 0.991453
1.00014 0.736405 1.21348 0.949568 0.968705 0.991271
1.02048 0.723673 1.14077 0.949613 0.968585 0.991181
1.00465 0.725679 1.12214 1.00446 0.9672 1.01736
1.00915 0.719872 1.14005 0.949659 0.968464 0.99109
1.02439 0.718931 1.18133 0.959869 0.960701 0.993026
end
gesture a03 hands 2
0.987944 0.616037 1.31494 0.980649 0.923318 1.04197
0.993834 0.613856 1.29007 0.971446 0.928118 1.04498
0.984803 0.617772 1.3005 0.952689 0.933416 1.07342
1.09139 0.787532 1.128 0.962242 0.932917 1.04799
1.02603 0.619757 1.27801 0.942325 0.968213 1.02157
1.19797 0.957293 0.955505 0.937346 0.977038 1.01496
1.12877 1.45278 1.0801 0.924402 0.992061 0.982306
1.09958 1.47426 1.12991 0.932366 0.985862 1.00835
1.05384 1.28641 0.943765 0.927387 0.994686 1.00175
1.06212 1.39108 1.06175 0.926142 0.996892 1.00009
1.01638 1.20323 0.875597 0.916934 1.0053 0.972394
1.04339 1.34949 1.02766 0.924897 0.999098 0.998444
0.997649 1.16164 0.841513 0.923653 1.0013 0.996793
1.03402 1.32869 1.01062 0.923342 1.00186 0.99638
0.988283 1.14085 0.824471 0.915066 1.00861 0.969918
1.02934 1.31829 1.0021 0.92303 1.00241 0.995968
0.9836 1.13045 0.81595 0.922719 1.00296 0.995555
1.02699 1.31309 0.99784 0.922564 1.00323 0.995348
0.981258 1.12525 0.811689 0.90648 1.01591 0.943043
0.980088 1.12265 0.809559 0.922408 1.00351 0.995142
1.07039 1.49574 1.17973 0.959555 0.969764 1.06748
0.978917 1.12005 0.807429 0.977181 0.968973 1.06414
0.840277 0.846332 0.838871 0.951867 0.96238 1.08202
0.867903 1.14809 0.822911 0.948042 0.959075 1.08552
0.994095 1.51119 1.01925 0.964237 0.967257 1.05673
1.00422 1.40247 0.987233 0.965753 0.96306 1.06062
0.842629 0.957869 0.781822 0.944217 0.95577 1.08901
0.772659 0.87262 0.843591 0.967269 0.958863 1.0645
0.840566 0.868541 0.865287 0.976607 0.972134 1.03143
0.959711 0.77432 0.994671 0.990321 0.961955 1.03999
1.0468 0.641166 1.27459 0.983048 0.958229 1.03793
0.984459 0.598187 1.40064 0.978725 0.941627 1.0631
end
gesture a03 hands 2
1.02638 0.615266 1.29495 0.948287 0.943593 1.02452
1.00478 0.62551 1.3327 0.979003 0.949088 1.02045
1.02176 0.626107 1.31505 0.967732 0.953424 1.04431
1.01265 0.621438 1.32198 0.977317 0.961125 1.0281
0.995298 0.618445 1.33407 0.970851 0.936771 1.01817
1.10796 0.670968 1.19758 0.986902 0.968826 1.01188
1.1818 1.10195 0.977274 0.986761 0.968181 1.01158
1.11369 1.42153 1.0566 0.962763 0.991211 1.03663
1.05999 1.47654 1.1844 0.957021 1.01182 1.03038
1.02885 1.23596 0.826684 0.977485 0.994813 1.01733
0.832464 0.879186 0.827471 0.9663 0.994796 1.03225
0.872844 1.16185 0.820529 0.959739 1.00204 1.06002
1.01642 1.47016 0.995944 0.955116 0.994779 1.04717
1.02717 1.31817 0.882839 0.963479 0.989558 1.05173
0.822209 0.90595 0.827087 0.982229 0.997182 1.01256
0.873768 1.10661 0.80792 0.981889 1.00102 1.01547
0.968571 1.42335 0.95335 0.971842 0.984338 1.05629
0.921772 1.17133 0.871725 0.968491 0.990177 1.05342
1.04746 1.44023 1.01564 0.966816 0.993097 1.05199
0.874972 0.919311 0.7901 0.965979 0.994557 1.05127
0.882936 1.03701 0.819284 0.981548 1.00485 1.01838
0.969707 1.36381 0.907581 0.965141 0.996016 1.05055
0.94755 1.13018 0.848301 0.967731 0.991859 1.06041
1.04836 1.42303 1.0125 0.973083 0.975885 1.03944
0.925393 0.896541 0.789021 0.975759 0.967898 1.02896
0.869214 0.771704 0.86588 0.977097 0.963905 1.02372
0.892061 0.814903 0.87735 0.977766 0.961908 1.0211
0.982498 0.766144 0.936985 0.978101 0.960909 1.01979
1.05229 0.690584 1.06839 0.978268 0.96041 1.01913
1.02778 0.596691 1.33134 1.00469 0.995782 1.01216
0.992281 0.591595 1.34996 0.978435 0.959911 1.01848
1.0351 0.624787 1.27249 0.941218 0.948336 0.984162
end
gesture a03 hands 2
0.978968 0.558618 1.31263 0.965255 0.92803 1.05536
0.989095 0.560706 1.32246 0.963558 0.925376 1.05738
0.979225 0.561842 1.29821 0.968251 0.92903 1.04907
0.988174 0.563687 1.31112 0.969283 0.943567 1.04513
1.02486 0.620206 1.18992 0.973594 0.974506 1.04716
1.1592 0.890159 0.982369 0.967597 0.978764 1.05033
1.14267 1.31833 1.03496 0.953452 1.02658 1.04463
1.03048 1.51336 1.28084 0.961599 0.983021 1.0535
1.02403 1.46607 1.31927 0.954386 0.982549 1.05033
1.02007 1.48818 1.16033 0.952583 0.982431 1.04953
0.903089 1.27588 0.9963 0.943848 1.0306 1.04621
0.959594 1.39309 0.998845 0.95078 0.982313 1.04874
0.842618 1.18079 0.834814 0.948977 0.982195 1.04794
0.929359 1.34554 0.918102 0.948527 0.982166 1.04774
0.812383 1.13324 0.754072 0.941144 1.03043 1.04502
0.914242 1.32176 0.877731 0.948076 0.982136 1.04755
0.797266 1.10946 0.7137 0.947625 0.982107 1.04735
0.906683 1.30988 0.857545 0.947512 0.9821 1.0473
0.789707 1.09758 0.693515 0.940467 1.03038 1.04472
0.902903 1.30393 0.847452 0.947399 0.982092 1.04725
0.785927 1.09163 0.683422 0.947287 0.982085 1.0472
0.784038 1.08866 0.678375 0.947259 0.982083 1.04719
1.0161 1.51029 1.00139 0.940298 1.03037 1.04465
0.782148 1.08569 0.673329 0.94723 0.982081 1.04717
0.792521 1.08658 0.616005 0.947202 0.982079 1.04716
0.817751 1.20489 0.630344 0.947195 0.982078 1.04716
0.864565 1.27671 0.712883 0.940256 1.03037 1.04463
0.941172 1.11821 0.818537 0.947188 0.982078 1.04716
0.996999 0.866577 0.901842 0.947181 0.982077 1.04715
1.03575 0.637348 1.11994 0.93331 1.07866 1.0421
0.976686 0.559499 1.30164 0.947174 0.982077 1.04715
0.985328 0.563801 1.30859 0.957309 0.942787 1.03057
end
gesture a03 hands 2
0.989287 0.540314 1.2798 0.958427 0.944972 1.04516
0.990405 0.541361 1.26598 0.96342 0.946874 1.0243
1.09167 0.608216 1.13654 0.967211 0.931181 1.04598
1.13904 0.876981 1.04573 0.970165 0.951163 1.00963
1.12953 1.20571 1.14819 0.958129 0.974281 1.04706
1.05212 1.37534 1.25921 0.963775 0.974253 1.05607
0.995749 1.40825 1.25478 0.970361 0.970033 1.06443
0.976885 1.43327 1.17587 0.958206 0.993937 1.0551
0.937765 1.28571 0.919601 0.975219 0.951203 1.05322
0.947893 1.37201 1.00829 0.960635 0.984522 1.0495
0.914399 1.29298 0.888338 0.969126 0.947514 1.04703
0.93621 1.37564 0.992654 0.957589 0.982677 1.0464
0.902716 1.29661 0.872707 0.96608 0.94567 1.04394
0.930368 1.37746 0.984838 0.956066 0.981755 1.04486
0.896874 1.29843 0.864891 0.964557 0.944747 1.04239
0.927448 1.37836 0.980931 0.955304 0.981293 1.04409
0.893953 1.29934 0.860983 0.963795 0.944286 1.04162
0.925987 1.37882 0.978977 0.954923 0.981063 1.0437
0.892493 1.29979 0.859029 0.963415 0.944055 1.04123
0.891763 1.30002 0.858052 0.954733 0.980948 1.0435
0.958021 1.4583 1.09697 0.963224 0.94394 1.04103
0.891032 1.30025 0.857075 0.954638 0.98089 1.04341
0.879782 1.16318 0.584422 0.963129 0.943883 1.04094
0.824044 1.14219 0.617181 0.95459 0.980861 1.04336
0.857371 1.25577 0.662673 0.963082 0.943854 1.04089
0.886096 1.15851 0.736106 0.954566 0.980847 1.04333
0.873471 1.30352 0.769344 0.963058 0.943839 1.04086
0.914821 1.06125 0.809538 0.954554 0.98084 1.04332
1.00165 0.666914 1.01591 0.963046 0.943832 1.04085
0.998796 0.603099 1.15817 0.96304 0.943829 1.04085
0.988045 0.538508 1.29302 0.946051 1.01784 1.04578
0.995942 0.539285 1.30043 0.963034 0.943825 1.04084
end
gesture a03 hands 2
1.00546 0.532952 1.3734 0.962877 0.942212 1.04198
0.99289 0.526177 1.32946 0.960936 0.937661 1.05214
1.07925 0.58774 1.22045 0.972509 0.949255 1.01363
1.13591 0.901032 1.09605 0.958844 0.975797 1.03621
1.11089 1.21892 1.18365 0.946781 1.01696 1.05436
1.04538 1.33818 1.27518 0.958374 0.980092 1.05738
0.999873 1.40031 1.25358 0.985654 0.953409 1.03619
0.931023 1.40077 0.880939 0.969967 0.943223 1.0604
0.855575 1.12924 0.696945 0.966393 0.984827 1.05018
0.858822 1.22766 0.673232 0.965499 0.995228 1.04762
0.865935 1.24383 0.69156 0.965625 1.03791 1.037
0.873901 1.22759 0.723336 0.964606 1.00563 1.04507
0.918043 1.05466 0.800697 0.963712 1.01603 1.04252
0.899955 1.133 0.777905 0.963488 1.01863 1.04188
0.944096 0.960073 0.855266 0.964284 1.05351 1.03317
0.912982 1.08571 0.805189 0.963265 1.02123 1.04124
0.957123 0.91278 0.882551 0.963041 1.02383 1.0406
0.919496 1.06206 0.818831 0.962986 1.02448 1.04044
0.963637 0.889133 0.896193 0.963949 1.05741 1.03221
0.922752 1.05024 0.825652 0.96293 1.02513 1.04028
0.966893 0.87731 0.903014 0.962874 1.02578 1.04012
0.924381 1.04433 0.829063 0.96286 1.02594 1.04008
0.968522 0.871399 0.906424 0.963865 1.05839 1.03197
0.925195 1.04137 0.830768 0.962846 1.0261 1.04004
0.969336 0.868443 0.90813 0.962832 1.02627 1.04
0.925602 1.0399 0.831621 0.962825 1.02635 1.03998
0.969743 0.866965 0.908982 0.964856 1.091 1.02382
0.881868 1.21135 0.755112 0.962818 1.02643 1.03996
0.97015 0.865487 0.909835 0.964409 0.953727 1.047
0.982808 0.712376 1.12307 0.957726 0.959433 1.0501
0.996725 0.553929 1.31687 0.966074 0.943134 1.04832
0.995466 0.559266 1.33631 0.961389 0.943416 1.05035
end
gesture a03 hands 2
0.990876 0.648427 1.32831 0.971097 0.967606 1.0202
0.994231 0.645493 1.29899 0.934674 0.978416 1.00391
0.989493 0.627532 1.30705 0.955643 0.962065 1.04824
0.988027 0.653598 1.2157 0.956511 0.933853 1.0617
1.02713 0.886654 0.896284 0.927745 0.932374 1.06446
1.02996 1.25202 0.805123 0.943565 0.941404 1.12729
0.953701 1.67764 0.97895 0.932733 0.925782 1.11913
0.947828 1.67277 1.00446 0.94364 0.934741 1.1427
0.932588 1.78614 1.12525 0.936731 0.950796 1.09562
0.937271 1.72702 1.07762 0.945639 0.947247 1.13095
0.925268 1.49965 1.04196 0.93873 0.963302 1.08387
0.933612 1.58378 1.03597 0.946639 0.953501 1.12507
0.921609 1.35641 1.00031 0.93973 0.969555 1.078
0.931782 1.51216 1.01515 0.947139 0.956627 1.12213
0.919779 1.28479 0.979492 0.940229 0.972682 1.07506
0.930867 1.47634 1.00474 0.947389 0.958191 1.12066
0.918864 1.24898 0.969081 0.940479 0.974246 1.07359
0.930409 1.45844 0.99953 0.947514 0.958972 1.11993
0.918406 1.23107 0.963875 0.940604 0.975027 1.07285
0.930181 1.44949 0.996928 0.947576 0.959363 1.11956
0.918178 1.22212 0.961272 0.940667 0.975418 1.07249
0.918063 1.21764 0.959971 0.947607 0.959559 1.11938
0.941955 1.6679 1.02998 0.940698 0.975614 1.0723
0.917949 1.21317 0.958669 0.947623 0.959656 1.11929
0.905946 0.985802 0.923014 0.940713 0.975711 1.07221
0.899945 0.872119 0.905187 0.947631 0.959705 1.11924
0.892714 0.874984 0.666991 0.940721 0.97576 1.07217
0.893943 0.758436 0.887359 0.940725 0.975785 1.07214
0.910827 0.760439 0.85772 0.954548 0.943699 1.16627
0.930929 0.790605 0.966207 0.940729 0.975809 1.07212
1.02175 0.63475 1.15088 0.977195 0.953659 1.01137
1.00077 0.662505 1.26505 0.978288 0.957296 1.01611
end
gesture a03 hands 2
0.973863 0.695954 1.26441 0.984342 0.946362 1.04032
0.952733 0.681029 1.28095 0.983793 0.945357 1.02549
0.957006 0.669725 1.27706 0.948189 0.956225 0.994765
0.958363 0.671821 1.25545 0.955441 0.968654 1.03161
0.962182 0.695385 1.14376 0.96119 0.97594 1.02956
0.999483 0.896704 0.895617 0.95433 0.962341 1.02152
1.046 1.33853 0.811531 0.971496 0.954916 1.06105
0.986208 1.66577 0.965871 0.974031 0.957543 1.07023
0.939123 1.81072 1.07203 0.966953 0.959638 1.11016
0.944562 1.75812 1.00672 0.976566 0.96017 1.0794
0.922827 1.29502 0.930175 0.974742 0.960628 1.1076
0.936414 1.50027 0.935794 0.97383 0.960857 1.1217
0.933337 1.25327 0.960656 0.962409 0.96436 1.15928
0.941669 1.4794 0.951035 0.972919 0.961085 1.1358
0.938592 1.2324 0.975896 0.941367 0.951991 1.1519
0.944297 1.46896 0.958655 0.95521 0.954366 1.13019
0.94122 1.22196 0.983517 0.983428 0.957811 1.11233
0.94561 1.46374 0.962465 0.969054 0.956741 1.10847
0.942534 1.21674 0.987327 0.961866 0.956206 1.10654
0.946267 1.46113 0.96437 0.958273 0.955938 1.10557
0.943191 1.21413 0.989232 0.956476 0.955805 1.10509
0.946596 1.45983 0.965323 0.955577 0.955738 1.10485
0.943519 1.21283 0.990184 0.955128 0.955704 1.10473
0.943683 1.21217 0.990661 0.954904 0.955688 1.10467
0.950001 1.70552 0.941414 0.920324 0.939623 1.14452
0.943848 1.21152 0.991137 0.933002 0.938239 1.08982
0.90653 0.779323 0.78832 0.954679 0.955671 1.10461
0.937694 0.717523 1.04086 0.945681 0.936856 1.03511
1.00466 0.75787 0.957573 0.94769 0.962659 0.987932
1.02703 0.741899 0.98862 0.948695 0.975561 0.964343
0.965235 0.684351 1.20091 0.98456 0.983435 0.960327
0.961939 0.68673 1.2517 0.9497 0.988463 0.940754
end
gesture a03 hands 2
0.926575 0.631468 1.31883 0.9561 0.958575 1.01076
0.943273 0.635485 1.25133 0.937766 0.949845 1.04232
1.04899 0.870693 0.995956 0.936239 0.955343 1.03121
1.07057 1.3193 0.946808 0.967355 0.961542 1.04061
0.981418 1.59873 1.08949 0.977534 0.969562 1.03405
0.965108 1.66226 1.14683 0.964985 0.973455 1.04422
0.944409 1.60144 0.975231 0.979705 0.943033 1.06238
0.941431 1.28316 0.801521 0.952436 0.977348 1.0544
0.934201 1.1262 0.969673 0.961334 0.969547 1.06781
0.936327 1.04554 0.798742 0.965783 0.965647 1.07451
0.929097 0.888575 0.966894 0.981876 0.916505 1.0907
0.933775 0.92673 0.797353 0.970232 0.961746 1.08121
0.926545 0.769765 0.965505 0.959993 0.963692 1.07227
0.932499 0.867325 0.796658 0.954874 0.964665 1.0678
0.925269 0.710359 0.96481 0.952314 0.965151 1.06557
0.931861 0.837622 0.79631 0.94986 0.957835 1.09828
0.924631 0.680657 0.964462 0.951034 0.965395 1.06445
0.931542 0.822771 0.796137 0.94922 0.957956 1.09772
0.924312 0.665805 0.964289 0.950394 0.965516 1.06389
0.931383 0.815345 0.79605 0.9489 0.958017 1.09744
0.924152 0.65838 0.964202 0.950074 0.965577 1.06361
0.931303 0.811632 0.796006 0.94874 0.958048 1.0973
0.924073 0.654667 0.964158 0.949914 0.965608 1.06347
0.924033 0.65281 0.964137 0.949834 0.965623 1.0634
0.938453 0.964885 0.627811 0.947406 0.950518 1.131
0.923993 0.650954 0.964115 0.949754 0.965638 1.06333
0.946591 0.642963 1.111 0.957496 0.957943 1.04243
0.964971 0.718619 1.00597 0.961367 0.954096 1.03197
0.992413 0.86916 0.943694 0.952439 0.992431 0.987099
0.986613 0.920693 0.932973 0.965238 0.950249 1.02152
0.988669 0.779114 1.03059 0.958606 0.938933 1.02717
0.950769 0.594639 1.2793 0.967881 0.957106 1.03455
end
gesture a03 hands 2
0.961807 0.558292 1.35929 0.956076 0.952932 1.04764
0.96478 0.55825 1.34051 0.950584 0.953352 1.05138
1.0131 0.603207 1.19723 0.952991 0.954283 1.05502
1.01485 0.988774 1.17009 0.953261 0.956962 1.04566
1.0528 1.00116 0.966867 0.95938 0.952431 1.01783
1.0166 1.37434 1.14295 0.953532 0.959642 1.0363
0.954803 1.44676 1.26834 0.959458 0.984409 1.05968
0.973927 1.38558 1.02507 0.950829 0.981548 1.06796
0.951935 1.15419 0.917377 0.968567 0.980889 1.07664
0.960359 0.785038 0.856731 0.96963 0.9756 1.07297
0.929943 0.922798 0.809685 0.965343 0.969118 1.04768
0.934121 1.1107 0.839487 0.968018 0.969715 1.0585
0.927493 1.3761 0.908173 0.964306 0.967171 1.04588
0.938299 1.2986 0.86929 0.967499 0.968741 1.0576
0.946114 1.42096 1.05915 0.963788 0.966198 1.04498
0.949106 1.2211 0.830406 0.96724 0.968255 1.05714
0.956861 1.15364 0.959568 0.963529 0.965711 1.04453
0.960739 1.1199 1.02415 0.967111 0.968011 1.05692
0.964233 1.19294 1.00276 0.963399 0.965468 1.04431
0.96598 1.22945 0.992072 0.967046 0.96789 1.05681
0.964736 1.46583 1.21012 0.963334 0.965347 1.04419
0.967727 1.26597 0.98138 0.967013 0.967829 1.05675
0.964617 1.08617 1.08873 0.963301 0.965286 1.04414
0.970718 1.06611 0.752639 0.966997 0.967798 1.05672
0.957892 0.950684 0.812855 0.963285 0.965255 1.04411
0.951479 0.892971 0.842962 0.966989 0.967783 1.05671
0.964499 0.706503 0.967341 0.963277 0.96524 1.04409
0.945066 0.835258 0.87307 0.963273 0.965233 1.04409
0.999862 0.936268 0.926966 0.970693 0.970311 1.06931
0.980323 0.908958 0.905504 0.963269 0.965225 1.04408
0.99374 0.614141 1.16732 0.96212 0.957348 1.01872
0.952518 0.568317 1.3725 0.955846 0.960138 1.01884
end
gesture a03 hands 2
0.96682 0.644627 1.27324 0.961322 0.962615 1.03095
0.956904 0.636134 1.2339 0.969572 0.944652 1.03547
0.962092 0.630725 1.18159 0.968749 0.956559 1.00339
1.04302 0.815302 0.932657 0.973218 0.975575 1.01708
1.06891 1.26405 0.871573 0.972011 1.00094 1.01944
1.00913 1.48982 1.07149 0.977687 0.994591 1.03078
0.938087 1.48228 1.17148 0.98526 0.977868 1.04045
0.991021 1.50432 0.959089 0.964113 0.957476 1.06278
1.00991 1.10217 0.659685 0.957651 0.974992 1.07814
0.986838 1.03097 0.686814 0.962509 0.987429 1.0897
0.980439 1.28366 0.727039 0.973994 0.979492 1.07388
0.972102 1.12172 0.720491 0.963105 0.977527 1.08347
0.965704 1.37441 0.760715 0.973687 0.975077 1.04892
0.964735 1.16709 0.737329 0.962951 0.975319 1.07099
0.958337 1.41979 0.777554 0.973533 0.97287 1.03644
0.961051 1.18978 0.745748 0.962874 0.974215 1.06475
0.954653 1.44247 0.785973 0.973456 0.971766 1.0302
0.959209 1.20112 0.749958 0.962836 0.973664 1.06163
0.952811 1.45382 0.790182 0.973418 0.971214 1.02708
0.958288 1.20679 0.752063 0.962817 0.973387 1.06007
0.95189 1.45949 0.792287 0.973398 0.970938 1.02552
0.951429 1.46232 0.79334 0.962807 0.973249 1.05929
0.963765 0.959771 0.713943 0.973389 0.9708 1.02474
0.950969 1.46516 0.794392 0.962802 0.973181 1.0589
0.957745 1.52072 1.07982 0.973384 0.970731 1.02435
0.971246 1.46165 0.877636 0.9628 0.973146 1.0587
0.969205 0.903985 0.718956 0.973381 0.970697 1.02415
0.923992 0.749552 0.905526 0.962799 0.973129 1.05861
0.931401 0.677927 1.08942 0.97338 0.970679 1.02406
0.987961 0.635855 1.25407 0.97338 0.970671 1.02401
0.99305 0.626804 1.31374 0.952216 0.975561 1.09306
0.979472 0.630266 1.29092 0.973379 0.970662 1.02396
end
gesture a03 hands 2
0.965576 0.559812 1.33135 0.957692 0.963612 1.02207
0.969467 0.56032 1.29717 0.960194 0.954332 1.03572
1.06145 0.780625 0.973952 0.972509 0.944063 1.03691
1.06359 1.23171 0.961637 0.970404 0.956196 1.01212
0.980644 1.47586 1.21789 0.973132 0.955898 1.02475
0.926902 1.45192 1.29264 0.971604 0.995363 1.05237
0.97397 1.46511 1.05699 0.992321 0.969848 1.11179
0.920002 1.05077 1.00279 0.974442 0.968275 1.1241
0.940495 0.918205 0.715792 0.976893 0.962971 1.0668
0.908263 0.82141 0.80174 0.966727 0.964837 1.10161
0.866034 0.636431 0.948599 0.969179 0.959533 1.04431
0.876031 0.724615 0.887687 0.96287 0.963117 1.09036
0.931778 0.799373 0.869737 0.965322 0.957814 1.03307
1.03833 0.712157 0.982461 0.960942 0.962258 1.08474
1.0901 0.92934 0.933645 0.963394 0.956954 1.02744
1.02758 1.34146 1.12124 0.959978 0.961828 1.08193
0.949266 1.39047 1.19606 0.962429 0.956525 1.02463
0.948835 1.05022 1.06999 0.959496 0.961613 1.08053
0.948619 0.880102 1.00696 0.961947 0.95631 1.02323
0.96328 0.963201 0.859735 0.959255 0.961506 1.07982
0.948511 0.79504 0.975446 0.961706 0.956202 1.02252
0.963226 0.92067 0.843977 0.959134 0.961452 1.07947
0.948457 0.75251 0.959688 0.961586 0.956149 1.02217
0.963199 0.899405 0.836098 0.959074 0.961425 1.0793
0.94843 0.731244 0.951809 0.961525 0.956122 1.022
0.963185 0.888772 0.832159 0.956562 0.966702 1.13642
0.948416 0.720612 0.94787 0.961465 0.956095 1.02182
0.94841 0.715295 0.9459 0.943599 0.957102 1.00953
0.977941 1.0463 0.712508 0.970797 0.962764 1.02312
0.948403 0.709979 0.94393 0.958092 0.97083 1.04218
0.966351 0.59785 1.29059 0.947507 0.958158 1.09326
0.965667 0.585723 1.31733 0.930805 0.967523 1.10388
end
gesture a03 hands 2
1.06419 0.565483 1.39535 0.957945 0.975996 1.03181
1.06371 0.58187 1.3766 0.961921 0.970181 1.02312
1.06184 0.590118 1.28568 0.965293 0.973297 1.00351
1.05033 0.890287 1.01664 0.977762 0.973903 1.00018
1.00941 1.3709 1.14518 0.969102 0.987801 1.01338
0.998204 1.42125 1.22694 0.959484 0.989322 1.02987
0.925207 1.30033 0.939898 0.9532 0.988404 1.05151
0.938863 0.832848 0.907219 0.95793 0.972235 1.06637
0.937972 0.877828 0.88897 0.96373 0.954586 1.0714
0.931351 1.26832 0.904007 0.963195 0.955326 1.07631
0.957752 1.42344 1.23352 0.960355 0.964279 1.05627
0.963027 1.4223 1.22962 0.958668 0.969126 1.0487
0.948954 1.2347 1.04938 0.96266 0.956066 1.08122
0.958627 1.32793 1.13755 0.95698 0.973972 1.04114
0.944555 1.14033 0.957308 0.963221 0.979001 1.02621
0.956428 1.28075 1.09152 0.966342 0.981516 1.01875
0.942355 1.09315 0.911272 0.957876 1.00382 1.01576
0.955328 1.25716 1.0685 0.969463 0.98403 1.01128
0.941255 1.06956 0.888254 0.965929 0.979837 1.03107
0.954778 1.24537 1.05699 0.972767 0.965818 1.02793
0.940705 1.05777 0.876745 0.98105 0.964241 1.00681
0.954503 1.23947 1.05124 0.979606 0.951798 1.02479
0.94043 1.05187 0.870991 0.973313 0.958929 1.0483
0.954365 1.23652 1.04836 0.971374 0.954562 1.05471
0.940292 1.04892 0.868113 0.978162 0.939355 1.04276
0.968301 1.42117 1.22573 0.969435 0.950195 1.06112
0.940155 1.04597 0.865236 0.965576 0.953617 1.08978
0.935852 0.847862 0.905084 0.960708 0.961035 1.07948
0.948457 0.887426 0.894168 0.967331 0.955363 1.07882
0.969136 0.790596 0.94618 0.96963 0.95316 1.07452
0.996387 0.623553 1.14713 0.971786 0.944448 1.06132
1.01878 0.57382 1.29112 0.968934 0.949711 1.04994
end
gesture a03 hands 2
1.0283 0.556952 1.306 0.95666 0.950323 1.06962
1.03473 0.553976 1.37144 0.94454 0.959348 1.05142
1.03841 0.556196 1.34884 0.954467 0.959714 1.01205
1.03478 0.544607 1.25559 0.969028 0.965346 1.02707
1.03642 0.70168 1.01445 0.959104 0.991544 1.04807
1.01705 1.08649 0.90556 0.966004 0.98041 1.04103
0.978564 1.38957 1.07434 0.96735 0.953779 1.05889
0.966583 1.41082 1.05255 0.972903 0.969276 1.034
0.961444 1.44593 1.23337 0.972592 0.966681 1.03277
0.954601 1.43207 1.03076 0.966655 0.985419 1.03186
0.938236 1.16909 0.912362 0.956815 1.01093 1.03168
0.920828 0.914127 0.77818 0.960718 1.00416 1.03096
0.921872 0.90611 0.793963 0.972282 0.964085 1.03153
0.923686 0.99419 0.780793 0.968913 0.954314 1.04545
0.913337 1.17546 0.918792 0.963636 0.967318 1.05194
0.919418 1.12887 0.843207 0.960998 0.97382 1.05519
0.90907 1.31014 0.981206 0.964621 0.997386 1.03024
0.9255 1.08227 0.767623 0.96149 0.988854 1.04434
0.904802 1.44481 1.04362 0.965083 0.970965 1.04481
0.945615 1.47247 1.21352 0.958359 0.980322 1.05843
0.925121 1.44039 1.07283 0.955229 0.971789 1.07253
0.938348 1.18706 0.997828 0.960386 0.958167 1.06596
0.931464 1.17185 0.932535 0.953663 0.967523 1.07958
0.928022 1.16425 0.899888 0.959604 0.956034 1.06948
0.926301 1.16045 0.883564 0.952881 0.96539 1.08311
0.904627 1.4083 0.932141 0.959212 0.954967 1.07124
0.92458 1.15665 0.867241 0.952489 0.964324 1.08487
0.931081 0.901643 0.782136 0.959017 0.954434 1.07212
0.944532 0.905004 0.802341 0.952294 0.96379 1.08575
0.976713 0.80641 0.866164 0.952196 0.963524 1.08619
1.03954 0.55672 1.17368 0.965544 0.944544 1.05938
1.05997 0.548387 1.37271 0.952098 0.963257 1.08663
end
gesture a03 hands 2
1.01093 0.624074 1.32146 0.947801 0.959728 1.06806
1.02632 0.621855 1.30638 0.960483 0.973756 1.01404
1.02634 0.617567 1.22917 0.973919 0.971015 1.00547
0.995918 0.897989 0.910623 0.972006 0.962965 1.02657
0.947592 1.484 1.05271 0.957389 0.963242 1.03945
0.962649 1.51841 1.19041 0.959032 0.957496 1.04265
0.907957 1.40338 0.876425 0.957759 0.985201 1.03935
0.929777 0.933149 0.74813 0.960675 0.95175 1.04585
0.927456 0.998119 0.735645 0.965819 0.966643 1.03872
0.900397 1.31582 0.752107 0.96839 0.97409 1.03515
0.91595 1.55774 1.11817 0.95813 1.00716 1.03925
0.919199 1.55041 1.14737 0.970962 0.981537 1.03158
0.921805 1.34298 0.88174 0.980969 0.950421 1.04047
0.922126 1.44303 1.02915 0.973845 0.952449 1.04639
0.924733 1.23561 0.763525 0.970284 0.953463 1.04934
0.92359 1.38934 0.970043 0.968503 0.95397 1.05082
0.926196 1.18192 0.704417 0.969027 0.987646 1.03891
0.924322 1.3625 0.940489 0.966722 0.954477 1.0523
0.926928 1.15507 0.674864 0.961612 0.96842 1.05132
0.924688 1.34908 0.925712 0.959058 0.975392 1.05084
0.927294 1.14165 0.660087 0.95778 0.978877 1.05059
0.92487 1.34237 0.918323 0.957142 0.98062 1.05047
0.927477 1.13494 0.652698 0.956822 0.981492 1.05041
0.924962 1.33901 0.914629 0.956663 0.981927 1.05038
0.927568 1.13159 0.649004 0.956583 0.982145 1.05037
0.922447 1.54308 1.17656 0.957085 1.02487 1.03735
0.92766 1.12823 0.64531 0.956503 0.982363 1.05035
0.975572 0.885529 0.754152 0.969239 0.958463 1.02422
0.993997 0.808586 0.826245 0.980962 0.941923 1.06085
1.01805 0.616545 1.0939 0.971545 0.943805 1.09753
1.02617 0.598965 1.33496 0.970997 0.931441 1.07404
1.02566 0.602186 1.34211 0.950964 0.94654 1.09235
end
gesture a05 hands 2
1.00111 0.738733 1.23425 0.944198 0.915344 1.08156
0.995312 0.745373 1.22503 0.936256 0.914374 1.09174
1.00187 0.751281 1.23301 0.938835 0.923884 1.05887
1.0549 0.939504 1.07015 0.978787 0.925186 1.05722
1.06126 1.3157 1.02276 0.995161 0.926974 1.0394
1.03435 1.38554 1.02081 0.997149 0.940735 1.03306
0.992983 1.4236 0.833293 1.01181 0.971042 0.982836
1.00022 1.43948 0.926077 1.00547 0.962769 1.00478
0.958845 1.47755 0.738559 1.02014 0.993076 0.954555
0.983148 1.46646 0.87871 1.00964 0.973786 0.990637
0.941776 1.50452 0.691193 1.0243 1.00409 0.940414
0.974613 1.47995 0.855026 1.01172 0.979294 0.983567
0.933241 1.51801 0.667509 1.02638 1.0096 0.933343
0.970346 1.48669 0.843185 1.01276 0.982048 0.980032
0.928974 1.52476 0.655668 1.02742 1.01236 0.929808
0.968212 1.49006 0.837264 1.01328 0.983425 0.978264
0.926841 1.52813 0.649747 1.02794 1.01373 0.928041
0.967145 1.49175 0.834303 1.0282 1.01442 0.927157
0.925774 1.52981 0.646786 0.999137 0.954495 1.02672
0.966612 1.49259 0.832823 1.02846 1.01511 0.926273
0.92524 1.53066 0.645306 1.046 1.09261 0.938965
0.924974 1.53108 0.644566 1.02878 1.10677 0.940769
1.00745 1.45537 1.01886 1.01015 1.14185 0.978458
0.924707 1.5315 0.643826 0.955628 1.11532 0.956731
0.824008 1.41555 0.485701 0.936381 1.04809 0.961226
0.879872 1.30377 0.572011 0.950552 0.961525 1.04086
0.957599 0.970368 0.811085 0.963008 0.953771 1.03166
0.994555 0.858515 1.05187 0.969236 0.949894 1.02705
1.00007 0.760281 1.22625 0.955552 0.940764 1.09244
1.03151 0.746661 1.29266 0.975464 0.946017 1.02245
1.0234 0.736438 1.22642 0.994157 0.942672 1.03707
0.997199 0.733682 1.21567 0.955396 0.925529 1.0877
end
gesture a05 hands 2
1.00705 0.7064 1.23717 0.95808 0.942936 1.05596
0.999869 0.706717 1.24542 0.984683 0.9474 0.997253
1.01356 0.704298 1.26767 1.02675 1.01549 0.909492
1.02459 0.747676 1.17538 1.04346 1.07425 0.896149
1.06896 1.08427 1.06644 1.09004 1.09621 0.885352
1.00792 1.37196 1.11617 1.06018 1.13301 0.882806
0.974589 1.44967 0.90092 1.02001 1.13563 0.909643
0.918215 1.47537 0.509745 0.980579 1.13733 0.978048
0.837682 1.44959 0.475035 0.975556 1.08026 0.97386
0.82844 1.41918 0.473521 0.968068 1.05691 1.03293
0.844942 1.33999 0.528673 0.970533 1.02319 0.969672
0.935472 1.08271 0.705021 0.972664 0.995471 0.996301
0.990632 0.817168 0.968508 0.973729 0.981611 1.00962
1.01263 0.736286 1.26859 0.974262 0.974681 1.01627
1.06292 0.703817 1.29889 0.955556 0.976488 1.08781
1.07416 0.696459 1.25067 0.974794 0.967752 1.02293
0.998573 0.705183 1.22748 1.01399 0.973111 0.98097
1.00792 0.692051 1.24319 0.989675 0.961101 1.03797
1.02963 0.75 1.15173 0.969689 0.957197 1.06274
1.12263 1.16069 1.03784 0.960001 0.960428 1.09625
1.07601 1.42391 1.06121 0.970021 0.966775 1.07978
1.00622 1.52022 0.884434 0.980797 0.96339 1.06826
0.938651 1.54246 0.543986 1.00576 0.97058 1.02638
0.867998 1.51006 0.529468 0.998423 0.977167 1.02796
0.874782 1.47433 0.538876 0.961417 0.957624 1.01115
0.932779 1.22293 0.683213 0.944409 0.950048 1.06538
0.894624 1.36021 0.565749 0.97361 0.928493 1.04355
0.990776 0.971537 0.827549 0.963538 0.959418 1.06061
1.0299 0.749056 1.18462 0.971408 0.966375 1.06032
1.03752 0.710002 1.26836 0.941894 0.968873 1.01133
0.998748 0.714094 1.23524 0.966688 0.952788 1.03938
0.983094 0.713372 1.24261 0.989505 0.954347 1.04196
end
gesture a05 hands 2
0.970763 0.656113 1.31541 0.962098 0.950605 1.04938
0.964463 0.661223 1.3063 0.96429 0.950118 1.04819
0.980487 0.837321 1.14594 0.964657 0.94917 1.05535
1.05153 1.23006 1.08119 0.989967 0.946874 1.02573
1.00539 1.38467 1.0798 0.973404 0.961764 1.04709
0.948579 1.45423 0.781026 0.961213 0.961748 1.0455
0.951101 1.41232 0.588182 0.958662 0.962397 1.00795
0.928556 1.31415 0.610656 0.953843 0.962065 1.02593
0.96246 1.10408 0.781599 0.951291 0.962713 0.988375
0.934235 1.16003 0.707365 0.950157 0.962223 1.01614
0.968139 0.949958 0.878307 0.947605 0.962872 0.97859
0.937075 1.08297 0.755719 0.948314 0.962303 1.01125
0.970978 0.872897 0.926662 0.945763 0.962951 0.973697
0.938495 1.04444 0.779896 0.947393 0.962342 1.0088
0.972398 0.834367 0.950839 0.944841 0.962991 0.971251
0.939205 1.02517 0.791985 0.946932 0.962362 1.00758
0.973108 0.815102 0.962927 0.944381 0.96301 0.970027
0.93956 1.01554 0.798029 0.946702 0.962372 1.00697
0.973463 0.80547 0.968972 0.94415 0.96302 0.969416
0.939737 1.01072 0.801051 0.946587 0.962377 1.00666
0.973641 0.800653 0.971994 0.944035 0.963025 0.96911
0.939826 1.00832 0.802562 0.946529 0.962379 1.00651
0.973729 0.798245 0.973505 0.943978 0.963027 0.968957
0.906011 1.21598 0.633131 0.9465 0.96238 1.00643
0.973818 0.795837 0.975016 0.943949 0.963029 0.96888
1.01856 0.689161 1.35738 0.943934 0.963029 0.968842
1.04554 0.672042 1.41536 0.949023 0.961733 1.04391
1.08195 0.648675 1.33988 0.94392 0.96303 0.968804
0.965318 0.681648 1.20166 0.972948 0.965486 0.95947
0.899036 0.69101 1.19475 0.965761 0.958961 0.999803
0.91516 0.669176 1.24001 0.943218 0.951358 1.02113
0.957146 0.648968 1.2552 0.94838 0.946104 1.00509
end
gesture a05 hands 2
0.956241 0.773678 1.24866 0.933792 0.902381 1.19499
0.965512 0.765212 1.24988 0.917639 0.891044 1.2163
0.964057 0.768558 1.24987 0.933298 0.898811 1.20869
0.996981 0.794915 1.23789 0.928561 0.906262 1.20032
1.02571 0.815955 1.25359 0.994905 0.92491 1.15679
1.04009 0.982702 1.08623 0.993469 0.924778 1.06527
1.11637 0.93124 1.1356 1.02855 1.03173 0.987855
1.13619 0.95191 1.13358 1.01029 0.978188 0.980798
1.07892 1.16718 1.04172 1.04537 1.08514 0.903388
1.11747 1.06988 1.08665 1.0187 1.00489 0.938564
1.0602 1.28515 0.994784 1.05378 1.11185 0.861154
1.10811 1.12887 1.06318 1.02291 1.01824 0.917447
1.05084 1.34414 0.971315 1.05799 1.1252 0.840037
1.10343 1.15836 1.05144 1.02501 1.02492 0.906889
1.04616 1.37363 0.959581 1.06009 1.13187 0.829478
1.10109 1.1731 1.04558 1.02606 1.02826 0.90161
1.04382 1.38837 0.953713 1.06114 1.13521 0.824199
1.09992 1.18048 1.04264 1.06166 1.13688 0.82156
1.04265 1.39575 0.95078 0.992032 0.924645 0.973741
1.15602 0.972581 1.13157 1.06219 1.13855 0.81892
1.04148 1.40312 0.947846 1.12495 1.18673 0.758323
0.902329 1.37251 0.694138 1.12065 1.10708 0.840149
0.821237 1.42144 0.484141 1.04343 1.05346 0.866644
0.83631 1.40137 0.499243 0.991582 0.995172 0.82841
0.829436 1.37834 0.437064 0.921282 1.01678 0.844721
0.940965 1.11106 0.655547 0.861978 0.933867 0.953868
1.01634 0.903558 0.8928 0.908311 0.97803 0.96843
0.982553 0.787445 1.1967 0.959819 0.975099 1.04482
0.979365 0.755513 1.21005 0.946232 0.935477 1.14622
1.03912 0.841206 1.22323 0.99042 0.954027 1.13957
1.00437 0.762605 1.25369 0.97442 0.925179 1.16479
1.03398 0.845086 1.23245 1.00971 0.950664 1.14329
end
gesture a05 hands 2
1.0287 0.773734 1.29445 1.01659 0.91943 1.16201
1.01212 0.80175 1.26897 0.986704 0.907908 1.16956
0.982637 0.71527 1.26547 0.974331 0.9082 1.18404
1.01591 0.784991 1.26081 1.03 0.947818 1.14199
1.01047 0.857757 1.22973 1.02439 0.976192 1.0742
1.03183 0.978438 1.22703 1.06472 1.0319 0.962766
1.01785 0.815063 1.22815 1.0754 1.04823 0.901946
1.02723 0.944957 1.18894 1.07912 1.03849 0.902712
1.05319 1.09912 1.22433 1.10506 1.08761 0.851331
1.03662 1.07485 1.14972 1.09395 1.05818 0.877405
1.02833 1.06272 1.11242 1.03714 1.0472 0.881343
1.02677 0.917542 1.16949 1.05999 1.03797 0.892411
1.02418 1.05665 1.09377 1.00318 1.02699 0.896349
1.0247 0.914508 1.16017 1.04301 1.02787 0.899914
1.02211 1.05361 1.08445 0.986201 1.01689 0.903852
1.02367 0.912991 1.1555 1.03452 1.02282 0.903665
1.02108 1.0521 1.07978 0.977711 1.01184 0.907604
1.02315 0.912233 1.15317 1.03028 1.02029 0.905541
1.02056 1.05134 1.07745 0.973466 1.00932 0.909479
1.02522 0.772369 1.22656 0.971344 1.00805 0.910417
1.02004 1.05058 1.07512 1.08284 1.02874 0.903479
1.09591 1.34048 1.21893 0.969221 1.00679 0.911355
1.01486 1.3288 0.92369 0.952804 0.968069 0.907102
0.836908 1.29881 0.672977 0.879794 0.931393 0.973899
0.801574 1.29981 0.619767 0.867834 0.903841 0.962722
0.824555 1.29548 0.593929 0.887411 0.969567 0.914052
0.872319 1.21713 0.601382 0.884136 0.983388 0.96452
0.857769 1.30303 0.468656 0.916913 1.01834 1.09521
0.920084 1.13879 0.608835 0.92293 0.978649 1.14348
1.04936 0.827691 0.892774 0.951052 0.908481 1.15569
0.963504 0.731988 1.22769 0.967081 0.917416 1.18222
0.985563 0.715829 1.2846 0.951755 0.914793 1.19031
end
gesture a05 hands 2
0.979415 0.736058 1.15438 0.967762 0.803807 1.16479
0.979805 0.747593 1.15172 0.940299 0.795485 1.17557
0.993343 0.770471 1.1488 0.961265 0.795892 1.17852
1.01526 0.819725 1.16739 0.96415 0.797854 1.16787
1.04618 0.92866 1.09677 0.971584 0.812374 1.13433
0.999085 0.816925 1.15378 1.03398 0.873471 0.925788
1.11895 0.835843 1.11825 1.04441 0.949728 0.841121
1.09293 1.11882 1.00107 1.07322 0.967409 0.77657
1.11285 1.3349 1.06142 0.997213 0.903394 0.904891
1.06691 1.4018 0.883883 1.07121 0.927573 0.776419
0.880031 1.27183 0.776754 0.931035 1.13235 0.872072
0.901849 1.31689 0.895077 0.935601 1.22245 0.870672
0.915715 1.35982 0.945102 0.975783 1.62208 0.912574
0.957646 1.33858 1.04801 1.00605 1.59038 0.949504
0.939012 1.35667 0.979632 0.955351 1.30319 0.976462
0.975534 1.12841 0.884341 0.99583 1.43094 0.981448
0.973716 1.11218 0.916919 0.945135 1.14374 1.00841
0.972808 1.10407 0.933207 0.990722 1.35121 0.997419
0.920378 1.37476 0.911255 0.940027 1.06402 1.02438
0.946139 1.23536 0.930375 0.988168 1.31135 1.00541
0.9569 1.1465 0.815964 0.937473 1.02415 1.03236
0.971899 1.09596 0.949495 0.986892 1.29142 1.0094
0.958405 1.00227 0.897836 0.936196 1.00422 1.03636
0.951657 0.955428 0.872006 0.935557 0.994257 1.03835
0.993422 0.918236 0.720673 1.03631 1.55869 0.986433
0.94491 0.908585 0.846176 0.934919 0.984292 1.04035
1.02342 0.817157 0.987736 0.91461 0.896909 1.13032
0.896398 0.898934 0.971679 0.888179 1.00258 1.17806
0.929385 0.838805 1.09639 0.876776 1.10345 1.20776
0.942633 0.763385 1.07023 0.966085 0.760782 1.1705
0.920926 0.776218 1.08275 0.922691 0.805662 1.14453
0.894055 0.785037 1.09583 0.89682 0.876596 1.1575
end
gesture a05 hands 2
1.08091 0.544624 1.40858 0.928692 0.971301 1.01232
1.08289 0.537996 1.40787 0.928866 0.983136 0.996255
1.16048 0.651281 1.22246 0.915274 0.993472 0.955661
1.11765 0.934605 1.22573 0.917526 0.999963 0.938248
1.19827 1.03678 1.16458 0.878479 1.02273 0.90047
1.13654 1.12735 1.19679 0.861489 1.08318 0.977797
1.05234 1.19492 1.02228 0.848251 0.971724 1.00086
1.06358 1.20642 1.12564 1.0026 0.924266 1.11263
0.979379 1.27399 0.951127 1.11622 0.859764 1.18867
1.0271 1.24596 1.09007 1.15694 0.876807 1.2244
0.942897 1.31352 0.915551 1.16767 0.87251 1.25282
1.00886 1.26573 1.07228 0.957052 0.905952 1.21789
0.924656 1.33329 0.897764 0.989593 0.929765 1.17178
0.999738 1.27561 1.06339 1.00586 0.941671 1.14872
0.915535 1.34318 0.88887 1.17839 0.868214 1.28123
0.995178 1.28055 1.05894 1.02213 0.953577 1.12567
0.910975 1.34812 0.884423 0.944006 0.996258 1.04789
0.992898 1.28302 1.05672 0.904942 1.0176 1.009
0.908695 1.35059 0.882199 0.88541 1.02827 0.989551
0.991758 1.28426 1.0556 0.821287 0.981683 1.10046
0.907555 1.35182 0.881088 0.875644 1.0336 0.979829
0.906985 1.35244 0.880532 0.816404 0.984351 1.0956
1.07482 1.21793 1.22901 0.870761 1.03627 0.974967
0.906415 1.35306 0.879976 0.813962 0.985685 1.09317
0.792558 1.35756 0.591367 0.86832 1.03761 0.972537
0.726898 1.34559 0.569355 0.812742 0.986352 1.09195
0.707195 1.32951 0.573862 0.867099 1.03827 0.971321
0.745404 1.35013 0.610908 0.812131 0.986685 1.09135
0.89636 1.29594 0.834007 0.866488 1.03861 0.970714
1.10209 1.02619 1.04436 0.757164 0.935097 1.21137
1.14413 0.601199 1.30685 0.865878 1.03894 0.970106
1.06718 0.533417 1.44299 0.932489 0.982424 0.946608
end
gesture a05 hands 2
1.06329 0.599931 1.39769 0.970455 0.98532 0.986656
1.0635 0.606609 1.37617 0.964318 0.984556 0.985985
1.06542 0.605313 1.36412 0.948245 0.98611 1.0135
1.18361 0.684611 1.22876 0.95162 0.995834 0.998591
1.23495 1.15796 1.15877 0.925225 1.01188 0.959575
1.18751 1.23035 1.122 0.912054 1.00125 0.945989
1.04025 1.29039 0.906534 0.897732 1.03756 1.01985
1.09015 1.29656 0.995882 1.00506 0.96532 1.11212
0.942902 1.35661 0.780416 1.06223 0.867012 1.15493
1.04148 1.32967 0.932823 1.11238 0.893079 1.2044
0.894228 1.38971 0.717357 1.02028 0.909139 1.22522
1.01714 1.34622 0.901294 0.979281 0.943522 1.2339
0.86989 1.40627 0.685827 0.952407 0.929249 1.12038
1.00498 1.3545 0.885529 0.945345 0.953577 1.18148
0.857722 1.41454 0.670063 0.918471 0.939304 1.06797
0.998891 1.35864 0.877646 0.928377 0.958604 1.15527
0.851637 1.41868 0.66218 0.901503 0.944332 1.04176
0.995849 1.36071 0.873705 0.919893 0.961118 1.14217
0.848595 1.42075 0.658239 0.893019 0.946845 1.02865
0.994328 1.36174 0.871735 0.915651 0.962375 1.13562
0.847074 1.42179 0.656269 0.888777 0.948102 1.0221
0.993567 1.36226 0.870749 0.91353 0.963004 1.13234
0.846313 1.4223 0.655283 0.886656 0.948731 1.01883
1.14006 1.30273 1.08523 0.912469 0.963318 1.1307
0.845553 1.42282 0.654298 0.885596 0.949045 1.01719
0.688394 1.40887 0.552467 0.938282 0.977905 1.24258
0.658741 1.39261 0.532196 0.884535 0.949359 1.01555
0.738501 1.38523 0.630472 0.892237 0.952919 0.968228
1.03051 1.10236 0.814726 0.955868 0.969345 0.94172
1.13724 0.728725 1.16929 0.992814 0.980651 0.960399
1.07471 0.643298 1.35609 0.976238 0.966079 1.03053
1.08606 0.645563 1.37348 0.985405 0.962287 1.022
end
gesture a05 hands 2
1.07249 0.578375 1.46449 0.986888 0.955167 0.910781
1.08651 0.572864 1.45904 0.981323 0.950638 0.916691
1.23568 0.630713 1.34962 0.975222 0.934027 0.911256
1.30314 0.815992 1.25287 0.917687 0.932741 0.89424
1.20586 0.948542 1.16286 0.89844 0.940767 0.924466
1.28823 0.974906 1.15949 0.907789 1.001 1.0702
1.19095 1.10746 1.06948 1.02307 0.927006 1.35407
1.28077 1.05436 1.1128 1.04654 0.971327 1.36256
1.18349 1.18691 1.02279 1.02271 0.973692 1.34996
1.27704 1.09409 1.08946 1.02189 0.979656 1.35403
1.17976 1.22664 0.999449 0.951531 0.965322 1.17401
1.27518 1.11396 1.07778 0.986305 0.975472 1.26605
1.17789 1.24651 0.987777 0.915941 0.961138 1.08603
1.27425 1.12389 1.07195 0.968511 0.973379 1.22207
1.17696 1.25644 0.981941 0.898147 0.959045 1.04205
1.27378 1.12885 1.06903 0.959613 0.972333 1.20007
1.1765 1.2614 0.979023 0.889249 0.957999 1.02005
1.27355 1.13134 1.06757 0.955165 0.97181 1.18908
1.17626 1.26389 0.977564 0.884801 0.957476 1.00906
1.17615 1.26513 0.976834 0.95294 0.971549 1.18358
1.3706 1.00127 1.15612 0.882576 0.957215 1.00356
1.17603 1.26637 0.976105 0.951828 0.971418 1.18083
0.799065 1.32302 0.681634 0.881464 0.957084 1.00081
0.614354 1.31462 0.644549 0.951272 0.971352 1.17945
0.620537 1.31341 0.644258 0.880908 0.957018 0.999434
0.809949 1.30202 0.748426 1.02108 0.985621 1.3581
1.02593 1.11872 0.86693 0.880352 0.956953 0.998059
1.04228 0.830011 1.16092 0.877614 0.980246 0.973357
1.18109 0.68542 1.16308 0.88369 0.943731 0.913335
1.05864 0.541303 1.45491 0.970478 0.966799 0.892361
1.06998 0.542807 1.46588 0.985116 0.979364 0.894016
1.06496 0.531481 1.46686 0.963637 0.971352 0.916214
end
gesture a05 hands 2
1.06856 0.550797 1.35215 0.939006 0.938108 0.962985
1.06499 0.554574 1.34142 0.948772 0.937369 0.969344
1.05678 0.636805 1.27412 0.943873 0.956313 0.956754
0.969009 0.794537 1.1863 0.943696 0.959487 0.995112
0.958387 0.93 1.14864 0.921279 0.968604 1.02129
0.946863 1.16511 0.971735 0.932399 0.965633 1.02738
0.892534 1.25445 0.810388 0.933815 0.964664 1.06038
0.881208 1.28021 0.796048 0.938667 0.963662 1.04693
0.878731 1.2659 0.790701 0.940083 0.962693 1.07993
0.877228 1.25143 0.797598 0.941801 0.962677 1.0567
0.903751 1.1418 0.881109 0.943217 0.961708 1.0897
0.889737 1.18938 0.842802 0.943368 0.962185 1.06158
0.91626 1.07976 0.926312 0.944784 0.961216 1.09458
0.895992 1.15836 0.865404 0.944152 0.961938 1.06403
0.922515 1.04873 0.948914 0.945567 0.960969 1.09703
0.89912 1.14285 0.876705 0.944543 0.961815 1.06525
0.925643 1.03322 0.960215 0.945959 0.960846 1.09825
0.900683 1.13509 0.882356 0.944739 0.961754 1.06586
0.927206 1.02547 0.965866 0.946155 0.960785 1.09886
0.901465 1.13121 0.885181 0.944837 0.961723 1.06616
0.927988 1.02159 0.968691 0.946253 0.960754 1.09916
0.901856 1.12927 0.886593 0.946302 0.960738 1.09932
0.928379 1.01965 0.970103 0.943519 0.962661 1.03347
0.902052 1.1283 0.8873 0.946351 0.960723 1.09947
0.928575 1.01868 0.97081 0.953695 0.950959 1.13548
0.902149 1.12782 0.887653 0.949183 0.958785 1.16547
0.928672 1.01819 0.971163 0.942265 0.947731 1.15952
0.875724 1.23696 0.804496 0.928418 0.949028 1.11285
0.92877 1.01771 0.971516 0.953521 0.950856 1.07182
1.01032 0.780951 1.17015 0.958893 0.941725 1.05653
1.06412 0.596366 1.25868 0.964677 0.938097 1.0831
1.09186 0.544193 1.36879 0.948489 0.936858 1.06498
end
gesture a05 hands 2
1.05334 0.69149 1.26269 0.944277 0.942505 1.01836
1.05218 0.688062 1.2725 0.954543 0.944955 1.01779
1.04884 0.690909 1.27318 0.955202 0.960078 0.997991
1.06033 0.692975 1.23658 0.960005 0.953741 1.00761
1.04339 0.682751 1.27686 0.951494 0.964872 0.993636
1.04423 0.710045 1.23051 0.958151 0.956138 1.00543
1.0002 0.797558 1.19049 0.94964 0.96727 0.991459
0.971712 0.884242 1.11499 0.957224 0.957337 1.00434
0.96557 1.10954 1.01233 0.948713 0.968468 0.990371
0.906439 1.32054 0.780632 0.95676 0.957937 1.0038
0.86736 1.33509 0.712162 0.948249 0.969068 0.989826
0.844022 1.31241 0.708562 0.956529 0.958236 1.00352
0.842005 1.30281 0.708194 0.948018 0.969367 0.989554
0.855788 1.27861 0.756119 0.956413 0.958386 1.00339
0.912984 1.10287 0.858672 0.947902 0.969517 0.989418
0.891277 1.17865 0.831357 0.956355 0.958461 1.00332
0.948474 1.00291 0.933911 0.947844 0.969592 0.98935
0.909022 1.12866 0.868977 0.947815 0.96963 0.989316
0.966219 0.952921 0.971531 0.964808 0.947405 1.01722
0.917895 1.10367 0.887787 0.947786 0.969667 0.989282
0.975092 0.927929 0.99034 0.957446 0.976539 0.981998
0.922331 1.09117 0.897192 0.962994 0.984238 1.01331
0.979528 0.915433 0.999745 0.983169 0.970761 1.06113
0.924549 1.08493 0.901894 0.962662 0.962824 1.09391
0.981746 0.909185 1.00445 0.952408 0.958855 1.11031
0.925658 1.0818 0.904245 0.947281 0.95687 1.11851
0.982855 0.906061 1.0068 0.956555 0.958796 1.14609
0.926212 1.08024 0.905421 0.942154 0.954886 1.1267
0.98341 0.904499 1.00797 0.947021 0.964604 1.09455
0.86957 1.25442 0.804043 0.956585 0.96001 1.10091
0.983964 0.902937 1.00915 0.964109 0.96818 1.08148
1.07205 0.736074 1.22695 0.966149 0.955416 1.10727
end
gesture a05 hands 2
1.06865 0.723725 1.30539 0.925371 0.945686 1.02795
1.05256 0.720269 1.29377 0.944076 0.955882 0.9874
1.03011 0.742854 1.22712 0.971859 0.951015 0.983879
1.03225 0.800322 1.15202 0.972351 0.943291 1.01118
0.954214 0.96191 1.05769 0.966782 0.95921 1.07532
0.921624 1.11319 0.998801 0.956816 0.982615 1.02051
0.897082 1.28788 0.856089 0.961231 0.993273 0.960431
0.874367 1.29627 0.782824 0.956896 0.990155 0.993041
0.848547 1.36015 0.676537 0.965604 0.972615 1.05943
0.8501 1.33241 0.693048 0.95481 0.9702 1.06161
0.927624 1.05669 0.915898 0.952561 0.987036 1.02565
0.889638 1.18068 0.812728 0.944015 0.967785 1.06379
0.967162 0.904959 1.03558 0.939742 0.95816 1.08285
0.909407 1.10481 0.872568 0.938674 0.955754 1.08762
0.986931 0.829093 1.09542 0.95486 0.955059 1.12064
0.919291 1.06688 0.902489 0.937606 0.953348 1.09239
0.996816 0.791161 1.12534 0.936537 0.950941 1.09715
0.924234 1.04792 0.917449 0.93627 0.95034 1.09834
1.00176 0.772194 1.1403 0.953258 0.951449 1.12779
0.926705 1.03843 0.924929 0.936003 0.949738 1.09954
1.00423 0.762711 1.14778 0.935736 0.949137 1.10073
0.92794 1.03369 0.928669 0.935669 0.948986 1.10103
1.00546 0.75797 1.15152 0.952857 0.950547 1.12958
0.928558 1.03132 0.930539 0.935603 0.948836 1.10132
1.00608 0.755599 1.15339 0.935536 0.948685 1.10162
0.928867 1.03013 0.931474 0.952757 0.950321 1.13003
1.00639 0.754413 1.15433 0.935502 0.94861 1.10177
0.929022 1.02954 0.931942 0.935486 0.948573 1.10185
1.00655 0.753821 1.15479 0.969978 0.951957 1.15843
1.00662 0.753524 1.15503 0.935469 0.948535 1.10192
0.851652 1.30467 0.709558 0.943837 0.942314 1.02465
1.0067 0.753228 1.15526 0.962737 0.942843 1.02361
end
gesture a05 hands 2
1.0935 0.487248 1.37113 1.00624 0.958925 0.986334
1.07181 0.484906 1.36826 0.997297 0.96292 0.974066
1.06595 0.487364 1.36113 1.00577 0.964208 0.969128
1.09729 0.494106 1.36761 1.00778 0.987836 0.966259
1.07893 0.518659 1.35301 0.985931 0.978549 0.999823
1.03555 0.8455 1.29336 0.99036 0.966489 1.06263
1.05029 0.918283 1.12657 0.993228 0.961258 1.09673
0.992169 1.17234 1.23371 0.976121 0.976274 1.06205
0.980561 1.19772 1.21162 0.961004 0.984462 1.0175
0.940202 1.26625 0.918009 0.959014 0.991289 1.02738
0.944188 1.24375 0.644283 0.983701 0.996293 1.0483
0.924617 1.23305 0.637777 0.980362 0.998397 1.04956
0.943882 1.23836 0.664508 0.98351 0.985565 1.08662
0.928077 1.20253 0.845602 0.977023 1.0005 1.05082
0.958435 1.13681 1.1907 0.973685 1.00261 1.05209
0.971179 1.15236 1.26204 0.978502 0.988721 1.08851
0.939143 1.19159 1.11512 0.972015 1.00366 1.05272
0.963045 1.21483 0.703764 0.977667 0.989249 1.08882
0.950368 1.17983 0.661923 0.971181 1.00418 1.05303
0.912763 1.18508 0.869997 0.97725 0.989509 1.08898
0.925246 1.18348 1.02867 0.970763 1.00444 1.05319
0.941012 1.15696 1.28118 0.983319 0.974837 1.12493
0.93773 1.18187 1.18734 0.970346 1.00471 1.05335
0.907131 1.21068 0.786547 0.948981 0.985691 1.02657
0.869784 1.18214 0.636172 0.962177 1.00327 1.0547
0.920213 1.13361 0.715165 0.991542 0.972701 1.08382
1.04501 0.862613 0.933126 0.983977 0.978481 1.05413
1.05103 0.659354 1.1796 0.962601 0.991643 0.998129
1.1577 0.533693 1.28322 0.967813 0.966167 1.01961
1.05705 0.456095 1.42608 0.972671 0.948063 1.02218
1.02868 0.522688 1.25174 0.945103 0.951576 0.991692
1.02439 0.519335 1.24725 0.963057 0.956718 0.971674
end
gesture a05 hands 2
1.06931 0.493405 1.34462 0.971717 0.944509 1.02194
1.06786 0.487767 1.34086 0.975713 0.946525 1.03413
1.08535 0.493654 1.33658 0.994908 0.946273 1.01699
1.0954 0.536354 1.28365 0.975192 0.983004 1.00408
1.03894 1.01981 1.18054 0.97447 0.992579 1.01138
1.01688 1.13871 1.22277 0.989716 0.991857 1.01756
0.956953 1.18768 1.00261 0.985677 0.995608 1.03912
0.978242 1.21426 0.676199 0.965934 1.00084 1.03223
0.92573 1.24744 0.726244 0.971342 0.987247 1.04907
0.926532 1.20338 1.09714 0.97557 0.996687 1.0274
0.97037 1.20727 1.17774 0.99854 0.994166 1.05649
0.931242 1.22743 0.896892 1.0028 0.975175 1.08071
0.976382 1.18425 0.662782 0.982305 0.994046 1.03952
0.954374 1.20665 0.760893 0.986228 1.00449 1.04832
0.961426 1.19782 1.05834 0.987533 0.97523 1.08087
1.0033 1.18686 1.20275 0.989755 0.975228 1.07614
0.920186 1.20101 1.06373 0.982951 0.968584 1.02411
0.984958 1.16769 0.653444 0.987464 0.971905 1.04775
0.898681 1.21239 0.919284 0.98066 0.965262 0.995725
0.959282 1.1938 1.21599 0.986318 0.970244 1.03356
0.976871 1.19192 1.19765 0.979514 0.9636 0.981534
0.92607 1.17759 0.757604 0.985746 0.969413 1.02647
0.915339 1.14164 0.628772 0.978942 0.96277 0.974438
0.893703 1.14315 0.641019 0.985459 0.968998 1.02292
0.91294 1.04438 0.738815 0.978655 0.962354 0.970891
1.00721 0.845576 0.895061 0.985316 0.96879 1.02115
1.14093 0.558425 1.25322 0.978512 0.962147 0.969117
1.05755 0.489739 1.42398 0.991977 0.975226 1.0714
0.989879 0.565388 1.23165 0.978369 0.961939 0.967343
1.00306 0.546158 1.24297 0.96519 0.961093 0.953952
1.02383 0.525538 1.29392 0.96476 0.967959 0.960444
1.03338 0.521213 1.26645 0.928035 0.963878 0.996978
end
gesture a05 hands 2
1.03213 0.614507 1.31877 0.971547 0.933417 1.03343
1.02871 0.625744 1.30096 0.971144 0.938696 1.03076
1.0184 0.637704 1.30374 0.964909 0.937916 1.04772
1.01886 0.825052 1.15556 0.970741 0.943974 1.02809
0.999322 1.00271 1.10901 0.956358 0.956479 1.02842
0.947543 1.10473 1.04979 0.962274 0.967696 1.05519
0.909085 1.27088 0.798983 0.963979 0.963994 1.06069
0.882748 1.30826 0.69785 0.964832 0.962143 1.06345
0.925452 1.23537 0.832162 0.979912 0.947309 1.04761
0.890931 1.29051 0.71444 0.965685 0.960291 1.0662
0.933635 1.21762 0.848752 0.959787 0.97497 1.05168
0.895022 1.28163 0.722735 0.956838 0.982309 1.04441
0.937726 1.20875 0.857047 0.948139 1.00106 1.05766
0.897068 1.27719 0.726883 0.951014 0.995355 1.04741
0.939772 1.20431 0.861195 0.954183 0.978588 1.05287
0.898091 1.27497 0.728956 0.954036 0.984118 1.04501
0.940795 1.20209 0.863268 0.957204 0.967351 1.05047
0.898603 1.27386 0.729993 0.955547 0.9785 1.04381
0.941307 1.20098 0.864305 0.958715 0.961733 1.04927
0.898858 1.27331 0.730512 0.956302 0.975691 1.04321
0.941562 1.20042 0.864824 0.959471 0.958924 1.04867
0.898986 1.27303 0.730771 0.95668 0.974287 1.04291
0.94169 1.20015 0.865083 0.959848 0.95752 1.04837
0.89905 1.27289 0.7309 0.956869 0.973584 1.04276
0.941754 1.20001 0.865212 0.960037 0.956817 1.04822
0.85641 1.34564 0.596718 0.956963 0.973233 1.04269
0.941818 1.19987 0.865342 0.960132 0.956466 1.04814
0.97536 1.08226 1.02904 0.95701 0.973058 1.04265
0.98932 0.93667 1.13047 0.960179 0.956291 1.04811
1.03341 0.75827 1.22927 0.960202 0.956203 1.04809
1.04487 0.652963 1.31315 0.953889 0.989649 1.03715
1.03335 0.640464 1.31833 0.960226 0.956115 1.04807
end
gesture a05 hands 2
1.01631 0.635274 1.30578 0.963811 0.966243 1.04086
1.02514 0.624427 1.31096 0.963151 0.96409 1.04954
1.02102 0.694102 1.30088 0.954368 0.960156 1.06565
1.02385 0.817111 1.19831 0.962491 0.961936 1.05822
0.988169 0.921841 1.17743 0.96372 0.95384 1.05584
1.00742 0.930981 1.13659 0.961938 0.959076 1.05453
0.971743 1.03571 1.11571 0.960827 0.963879 1.05923
0.999211 0.987916 1.10573 0.960549 0.96508 1.06041
0.96353 1.09265 1.08485 0.961812 0.957465 1.05172
0.995105 1.01638 1.0903 0.960271 0.96628 1.06158
0.959423 1.12111 1.06942 0.959897 0.961936 1.05632
0.993052 1.03062 1.08258 0.959709 0.959764 1.0537
0.95737 1.13535 1.06171 0.962798 0.951051 1.04422
0.992025 1.03773 1.07872 0.959522 0.957592 1.05107
0.956344 1.14246 1.05785 0.959716 0.968682 1.06393
0.991512 1.04129 1.07679 0.956246 0.964134 1.05792
0.95583 1.14602 1.05592 0.954511 0.961859 1.05491
0.991255 1.04307 1.07583 0.953644 0.960722 1.05341
0.955574 1.1478 1.05495 0.95321 0.960153 1.05266
0.955445 1.14869 1.05447 0.953101 0.960011 1.05247
1.02668 0.940121 1.09574 0.953047 0.95994 1.05238
0.955317 1.14958 1.05399 0.958433 0.95159 1.04329
0.914355 1.32214 0.851097 0.952993 0.959869 1.05228
0.9011 1.34703 0.728684 0.956213 0.953446 1.04912
0.894014 1.38913 0.622596 0.957823 0.950235 1.04754
0.887845 1.37192 0.606271 0.958628 0.948629 1.04675
0.875901 1.33982 0.700664 0.959031 0.947826 1.04636
0.929332 1.19451 0.903082 0.959232 0.947424 1.04616
0.976707 1.04878 1.03272 0.963657 0.943026 1.03392
1.00891 0.832867 1.09044 0.959433 0.947023 1.04596
1.02763 0.688562 1.26906 0.952776 0.959585 1.05191
1.02292 0.628541 1.2958 0.955209 0.95102 1.05801
end
gesture a05 hands 2
1.01734 0.682538 1.22808 0.959749 0.954046 1.05561
1.02245 0.665522 1.25859 0.967041 0.958213 1.04827
1.02023 0.672148 1.23903 0.976113 0.954074 1.03695
1.02087 0.670879 1.2449 0.973091 0.958385 1.03884
1.03114 0.755687 1.16687 0.978961 0.95366 1.02049
1.02632 0.712648 1.20882 0.974794 0.96152 1.025
1.0366 0.797457 1.13079 0.97007 0.962696 1.04072
1.02905 0.733533 1.19078 0.970626 0.96938 1.02951
1.03932 0.818341 1.11275 0.970904 0.972722 1.0239
1.03042 0.743975 1.18177 0.970973 0.973558 1.0225
1.04069 0.828784 1.10373 0.976357 0.962983 1.01397
1.0311 0.749196 1.17725 0.971043 0.974393 1.0211
1.04137 0.834005 1.09922 0.971981 0.968337 1.02269
1.03144 0.751807 1.175 0.972449 0.96531 1.02348
1.04171 0.836615 1.09697 0.981809 0.953245 1.00404
1.02151 0.669609 1.25078 0.976496 0.964655 1.01117
1.04205 0.839226 1.09471 0.972918 0.962281 1.02427
0.985746 1.08624 1.07936 0.971182 0.976065 1.0183
0.967774 1.13848 1.05485 0.96852 0.973441 1.02742
0.942573 1.34864 0.877918 0.964027 0.971318 1.0445
0.901903 1.37677 0.731214 0.965858 0.970816 1.03654
0.904894 1.43234 0.566698 0.967395 0.980359 1.03129
0.861233 1.40489 0.58451 0.968164 0.985131 1.02867
0.876238 1.37305 0.649268 0.960556 0.998884 1.03255
0.903528 1.2974 0.848782 0.968933 0.989903 1.02604
0.929376 1.17821 0.936711 0.973122 0.985412 1.02278
0.958996 1.01733 1.04765 0.975216 0.983167 1.02115
0.985311 0.868324 1.11785 0.976263 0.982045 1.02033
1.04745 0.719095 1.20901 0.96769 0.970314 1.02858
1.0388 0.669459 1.26974 0.97731 0.980922 1.01952
1.02628 0.685423 1.24441 0.977982 0.972638 1.02654
1.02833 0.684676 1.26062 0.974128 0.955332 1.0449
end
gesture a05 hands 2
0.994463 0.671419 1.2718 0.985989 0.959784 1.01106
1.01871 0.651549 1.22374 0.932296 0.939074 0.984818
0.998649 0.668185 1.18513 0.904401 0.910108 1.02633
1.02972 0.713184 1.17393 0.954624 0.965661 1.02615
1.00483 0.745698 1.14697 0.975603 0.970194 1.02813
1.0116 0.761523 1.16888 0.974271 0.976829 1.02512
0.94917 0.889015 1.06442 0.979297 0.974476 1.0046
0.998011 1.08779 1.08616 0.957284 0.957932 1.03537
0.999321 1.22828 1.08976 0.985464 0.985261 1.02453
0.960719 1.32399 1.00757 0.969868 0.993656 1.05981
0.981408 1.35956 0.806935 0.945642 1.00568 1.02798
0.951762 1.38963 0.866158 0.947717 0.985178 1.05309
0.972451 1.42519 0.665522 0.954272 1.00205 1.09509
0.947283 1.42245 0.795452 0.949793 0.964676 1.0782
0.967972 1.45801 0.594816 0.947553 0.94599 1.06976
0.945044 1.43886 0.760099 0.946433 0.936646 1.06554
0.965733 1.47442 0.559463 0.984181 0.974062 1.10047
0.943925 1.44707 0.742422 0.945313 0.927303 1.06132
0.964614 1.48263 0.541787 0.936259 0.929947 1.04574
0.964054 1.48673 0.532948 0.975747 0.94434 1.04246
0.922116 1.41971 0.925381 0.964778 0.951955 1.02713
0.963494 1.49083 0.52411 0.959293 0.955763 1.01946
0.876361 1.54001 0.472659 0.927205 0.932591 1.03017
0.870405 1.44134 0.534106 0.953809 0.95957 1.0118
0.852593 1.3164 0.684569 0.967111 0.97306 1.00262
0.948459 1.0672 0.963153 0.973761 0.979804 0.998028
0.998217 0.948043 1.01207 0.977087 0.983177 0.995732
0.995537 0.80255 1.13796 0.978749 0.984863 0.994585
1.02664 0.710326 1.23402 1.00618 0.961377 1.0236
1.03019 0.673328 1.30475 0.980412 0.986549 0.993437
0.996467 0.681955 1.29593 0.98354 0.972186 0.999543
0.999796 0.679836 1.29431 0.991386 0.968478 1.05091
end
gesture a05 hands 2
1.0367 0.60237 1.35862 0.979647 0.963267 1.0592
1.05644 0.596791 1.36402 0.986208 0.95766 1.07219
0.999524 0.637549 1.25659 0.984302 0.971563 1.02903
0.992388 0.7296 1.14072 0.966112 0.984679 1.02015
1.01673 0.903687 1.10011 0.937073 0.998124 1.00446
0.99053 1.16507 1.03088 0.947922 0.997795 1.01128
0.944416 1.30987 1.13175 0.946126 0.996841 1.07091
0.932899 1.36081 1.10979 0.94172 0.992947 1.08823
0.958026 1.39194 0.948983 0.939707 0.96798 1.07031
0.939703 1.40184 1.0184 0.938511 0.978517 1.08793
0.964831 1.43298 0.8576 0.936497 0.95355 1.07001
0.943106 1.42236 0.97271 0.936906 0.971301 1.08779
0.968233 1.45349 0.811909 0.934893 0.946334 1.06986
0.944807 1.43262 0.949864 0.936104 0.967694 1.08771
0.969935 1.46375 0.789063 0.93409 0.942727 1.06978
0.945658 1.43775 0.938441 0.935703 0.96589 1.08767
0.970785 1.46888 0.77764 0.933689 0.940923 1.06975
0.946083 1.44032 0.93273 0.933489 0.940021 1.06973
0.971211 1.47145 0.771928 0.937315 0.989053 1.10556
0.946296 1.4416 0.929874 0.933288 0.939119 1.06971
0.971423 1.47273 0.769073 0.935617 0.926889 1.06846
0.97153 1.47337 0.767645 0.936782 0.920774 1.06783
0.921381 1.41175 1.08782 0.894925 0.911413 1.08949
0.971636 1.47401 0.766217 0.937947 0.914659 1.06721
0.944032 1.429 0.611557 0.929261 0.889185 1.03386
0.909719 1.36072 0.641551 0.948127 0.930347 1.03411
0.854504 1.18742 0.638567 0.980969 0.917904 1.04494
0.906358 0.866755 0.85168 0.977362 0.936285 1.0505
1.00698 0.634285 1.03492 0.966993 0.971509 1.03436
1.00822 0.583443 1.35023 0.961608 0.968493 1.02698
1.00753 0.610507 1.37326 0.973754 0.954667 1.05607
1.00843 0.616823 1.36487 0.956223 0.965477 1.01959
end
gesture a05 hands 2
0.994688 0.654739 1.34335 0.989364 0.967606 1.05275
0.987256 0.641885 1.31314 0.984061 0.968373 1.03884
1.03751 0.734932 1.18899 0.991356 0.975337 1.04576
1.0338 0.826409 1.17128 0.979015 0.978001 1.04356
0.996258 1.04102 1.15831 0.958856 0.954873 1.09882
1.01317 0.979453 1.15594 0.966674 0.980666 1.04135
0.975633 1.19407 1.14297 0.981392 0.976604 1.03794
1.00286 1.05598 1.14827 0.979678 0.966936 1.04114
0.96532 1.27059 1.1353 0.979663 0.988122 1.03208
0.997705 1.09424 1.14443 0.965064 0.986539 0.965195
0.960163 1.30885 1.13146 0.956946 0.996476 0.986117
0.995127 1.11337 1.14252 0.958922 1.00054 1.02352
0.957585 1.32798 1.12955 0.954794 0.988518 1.072
0.993838 1.12293 1.14156 0.945808 1.00893 1.0778
0.956296 1.33755 1.12859 0.935669 1.05464 1.08812
0.993193 1.12771 1.14108 0.936822 1.02935 1.08361
0.955652 1.34233 1.12811 0.937398 1.0167 1.08135
0.992871 1.13011 1.14084 0.950665 0.976495 1.12048
0.955329 1.34472 1.12787 0.940826 0.953987 1.07885
0.955168 1.34591 1.12775 0.937975 1.00405 1.07909
1.03009 0.917885 1.15357 0.930987 0.931478 1.03721
0.955007 1.34711 1.12763 0.931006 0.915261 1.03585
0.909774 1.44624 1.06284 0.931015 0.907153 1.03516
0.985052 1.46115 0.820696 0.959198 0.922014 1.03312
0.949636 1.50378 0.637504 1.00013 0.95808 1.02986
0.889972 1.4919 0.542238 0.987381 0.936875 1.03109
0.847323 1.34172 0.559151 0.981006 0.926273 1.0317
0.885923 0.995839 0.612403 0.977818 0.920971 1.032
0.98371 0.772464 0.805539 0.976225 0.918321 1.03216
1.02919 0.579594 1.08929 0.931025 0.899044 1.03448
1.00099 0.573068 1.29767 0.974631 0.91567 1.03231
0.978968 0.603282 1.34666 0.987965 0.953031 1.03635
end
gesture a05 hands 2
0.999846 0.556552 1.33658 0.932583 0.95103 1.05668
0.981555 0.560226 1.3216 0.939789 0.953979 1.04706
0.983044 0.625219 1.25366 0.95039 0.9663 0.989912
1.00248 0.745886 1.18524 0.953206 0.940661 1.08515
0.983437 1.01546 1.19116 0.971029 0.941731 1.1556
0.968823 1.12935 1.2077 0.961751 0.94001 1.14218
0.94452 1.16974 1.16974 0.950164 0.907785 1.14511
0.918835 1.22706 0.933237 0.951319 0.923038 1.13693
0.910815 1.28415 0.753791 0.944198 0.9375 1.10438
0.89315 1.28438 0.696734 0.948336 0.937895 1.11657
0.944207 1.2407 0.70242 0.941215 0.952358 1.08401
0.939214 1.20531 0.755998 0.946844 0.945324 1.10638
0.964102 1.00128 0.884315 0.939723 0.959787 1.07383
0.949162 1.0856 0.846945 0.946099 0.949039 1.10129
0.97405 0.88157 0.975263 0.938978 0.963502 1.06873
0.954136 1.02575 0.892419 0.945726 0.950896 1.09875
0.979023 0.821715 1.02074 0.938605 0.965359 1.06619
0.956623 0.995817 0.915156 0.945539 0.951824 1.09747
0.98151 0.791788 1.04347 0.938418 0.966287 1.06491
0.957866 0.980854 0.926524 0.945446 0.952289 1.09684
0.982754 0.776824 1.05484 0.938325 0.966752 1.06428
0.958488 0.973372 0.932208 0.9454 0.952521 1.09652
0.983375 0.769342 1.06053 0.938279 0.966984 1.06396
0.958799 0.969631 0.93505 0.945376 0.952637 1.09636
0.983686 0.765601 1.06337 0.938255 0.9671 1.0638
0.958954 0.96776 0.936471 0.945365 0.952695 1.09628
0.983842 0.76373 1.06479 0.938244 0.967158 1.06372
0.959032 0.966825 0.937182 0.945359 0.952724 1.09624
0.983919 0.762795 1.0655 0.938238 0.967187 1.06368
0.983958 0.762328 1.06585 0.938235 0.967201 1.06366
0.934222 1.16992 0.809575 0.952474 0.93829 1.12876
0.983997 0.76186 1.06621 0.938232 0.967216 1.06364
end
gesture a05 hands 2
0.959025 0.641535 1.23462 0.943072 0.965377 1.04582
0.978226 0.61625 1.39086 0.94378 0.951691 1.01436
0.983456 0.620468 1.44486 0.949369 0.953239 1.00548
0.97317 0.651801 1.30273 0.940316 0.962593 1.01827
1.02803 0.734859 1.18059 0.945897 0.950225 1.05428
1.02047 0.898724 1.10561 0.948629 0.954603 1.05729
0.987218 1.18302 1.16066 0.953187 0.934587 1.07814
0.958068 1.22408 1.15276 0.950224 0.943883 1.07798
0.962781 1.25897 1.02307 0.95136 0.958982 1.0603
0.950516 1.24526 1.00098 0.947261 0.953179 1.07782
0.928917 1.26514 1.14486 0.945211 0.950278 1.08657
0.938252 1.23155 0.978885 0.944186 0.948827 1.09095
0.938344 1.33491 0.885489 0.960478 0.918949 1.102
0.947587 1.19797 0.81291 0.958651 0.943344 1.08416
0.952209 1.12949 0.776621 0.943161 0.947376 1.09532
0.954519 1.09526 0.758476 0.949993 0.957557 1.08082
0.955675 1.07814 0.749403 0.934502 0.96159 1.09198
0.946472 1.17618 0.699755 0.945663 0.964664 1.07916
0.956252 1.06958 0.744867 0.930173 0.968696 1.09032
0.946761 1.1719 0.697487 0.943499 0.968217 1.07832
0.956541 1.0653 0.742599 0.928009 0.97225 1.08948
0.946906 1.16976 0.696353 0.942416 0.969994 1.07791
0.956686 1.06316 0.741465 0.926926 0.974026 1.08907
0.946978 1.16869 0.695786 0.941875 0.970882 1.0777
0.956758 1.06209 0.740898 0.926385 0.974915 1.08886
0.947014 1.16816 0.695502 0.941605 0.971326 1.07759
0.956794 1.06155 0.740615 0.926115 0.975359 1.08875
0.93727 1.27423 0.650106 0.941469 0.971548 1.07754
0.95683 1.06102 0.740331 0.925979 0.975581 1.0887
0.94945 0.834953 1.0367 0.925912 0.975692 1.08868
1.01675 0.651707 1.15248 0.956824 0.967738 1.06633
0.942069 0.608886 1.33306 0.925844 0.975803 1.08865
end
gesture a05 hands 2
0.980564 0.69923 1.27743 0.947692 0.983664 1.05516
1.0162 0.692974 1.28777 0.959212 0.97401 1.05472
1.00539 0.742727 1.19257 0.958427 0.965104 1.04102
1.02313 1.08345 1.0419 0.951583 0.996093 1.01777
1.0268 1.32142 1.09428 0.960857 0.973378 1.01577
0.947194 1.37892 1.0065 0.971622 0.949046 1.0734
0.936554 1.49529 0.617744 0.969951 0.920531 1.07758
0.912896 1.4601 0.602892 0.98353 0.917143 1.05966
0.936202 1.35819 0.590741 0.971718 0.937427 1.08065
0.944263 1.24798 0.622823 0.984414 0.925591 1.0612
0.983486 1.06453 0.806821 0.972602 0.945875 1.08219
0.967905 1.10115 0.730862 0.984855 0.929815 1.06197
1.00713 0.917698 0.91486 0.973043 0.950099 1.08296
0.979726 1.02773 0.784882 0.985076 0.931927 1.06236
1.01895 0.844282 0.96888 0.973264 0.952211 1.08334
0.985636 0.991026 0.811892 0.985187 0.932983 1.06255
1.02486 0.807575 0.99589 0.973375 0.953267 1.08354
0.988592 0.972672 0.825397 0.985242 0.933511 1.06264
1.02781 0.789221 1.0094 0.97343 0.953795 1.08363
0.990069 0.963495 0.83215 0.985269 0.933775 1.06269
1.02929 0.780044 1.01615 0.973457 0.954059 1.08368
0.990808 0.958907 0.835526 0.985283 0.933907 1.06272
1.03003 0.775455 1.01952 0.973471 0.954191 1.08371
0.991178 0.956613 0.837214 0.98529 0.933973 1.06273
1.0304 0.773161 1.02121 0.973478 0.954257 1.08372
0.991362 0.955466 0.838058 0.997109 0.913755 1.04175
1.03059 0.772014 1.02206 0.973485 0.954323 1.08373
0.952324 1.13777 0.654904 0.957958 0.96507 1.08656
1.03077 0.770867 1.0229 0.953647 0.972881 1.07487
0.985664 0.70495 1.24992 0.966667 0.98973 1.03392
0.977175 0.703283 1.30836 0.949337 0.980693 1.06319
0.962943 0.68166 1.24124 0.956793 0.964331 1.03562
end
gesture a05 hands 2
1.03071 0.675741 1.27085 0.949715 0.951526 1.04141
1.03386 0.717978 1.21115 0.946552 0.95333 1.03758
0.988464 0.887805 1.13753 0.94486 0.947167 1.03911
1.01274 0.82401 1.14449 0.946919 0.948514 1.03917
0.967341 0.993838 1.07087 0.944868 0.959 1.07926
1.00218 0.877026 1.11116 0.946095 0.957401 1.07723
0.956779 1.04685 1.03754 0.948978 0.949862 1.03922
0.996895 0.903534 1.0945 0.947321 0.955801 1.0752
0.951499 1.07336 1.02087 0.944876 0.970834 1.11942
0.994254 0.916788 1.08616 0.945664 0.961741 1.11118
0.948858 1.08662 1.01254 0.952057 0.936295 1.06604
0.992934 0.923415 1.082 0.953968 0.938804 1.07647
0.947538 1.09324 1.00838 0.955086 0.938134 1.05408
0.992274 0.926729 1.07991 0.955482 0.939724 1.07048
0.946878 1.09656 1.00629 0.9566 0.939054 1.0481
0.991944 0.928386 1.07887 0.95624 0.940184 1.06749
0.946548 1.09821 1.00525 0.957358 0.939514 1.04511
0.991779 0.929214 1.07835 0.956618 0.940414 1.066
0.946383 1.09904 1.00473 0.957736 0.939744 1.04361
0.991696 0.929628 1.07809 0.956808 0.940529 1.06525
0.946301 1.09946 1.00447 0.957926 0.939859 1.04287
0.991655 0.929835 1.07796 0.956902 0.940586 1.06488
0.946259 1.09966 1.00434 0.95802 0.939916 1.04249
1.03701 0.760215 1.15145 0.95695 0.940615 1.06469
0.946218 1.09987 1.00421 0.958068 0.939945 1.04231
0.881819 1.40947 0.802261 0.956973 0.940629 1.0646
0.865763 1.46948 0.64059 0.958091 0.93996 1.04221
0.823937 1.44421 0.686382 0.956985 0.940636 1.06455
0.865572 1.32346 0.842003 0.958103 0.939967 1.04217
0.939858 1.06277 0.93858 0.958109 0.93997 1.04214
1.01748 0.71464 1.14182 0.955879 0.941313 1.08689
1.03333 0.66591 1.2749 0.958115 0.939974 1.04212
end
gesture a05 hands 2
1.01714 0.603024 1.35165 0.936296 0.931975 1.06083
1.02381 0.609614 1.3599 0.934105 0.939912 1.07742
1.00971 0.725116 1.17392 0.935175 0.971355 1.07362
0.950063 1.08752 1.04196 0.941922 0.95506 1.09775
0.875998 1.35157 0.867481 0.937882 0.966606 1.10207
0.871979 1.37543 0.666136 0.934588 0.944039 1.11471
0.850375 1.35634 0.7299 0.941615 0.941278 1.08761
0.863191 1.28231 0.83144 0.936455 0.931375 1.10748
0.914666 1.05501 0.91785 0.943482 0.928614 1.08038
0.895336 1.13164 0.925415 0.937388 0.925043 1.10386
0.946811 0.90434 1.01183 0.944415 0.922282 1.07677
0.911409 1.05631 0.972403 0.937855 0.921877 1.10206
0.962884 0.829006 1.05881 0.944882 0.919116 1.07496
0.919445 1.01864 0.995896 0.938088 0.920294 1.10115
0.970921 0.79134 1.08231 0.945116 0.917533 1.07405
0.923463 0.99981 1.00764 0.938205 0.919502 1.1007
0.974939 0.772506 1.09405 0.945232 0.916741 1.0736
0.925472 0.990393 1.01352 0.938263 0.919107 1.10048
0.976948 0.76309 1.09993 0.945291 0.916346 1.07338
0.926477 0.985685 1.01645 0.938292 0.918909 1.10036
0.977952 0.758381 1.10286 0.94532 0.916148 1.07326
0.926979 0.983331 1.01792 0.938307 0.91881 1.10031
0.978455 0.756027 1.10433 0.945334 0.916049 1.07321
0.92723 0.982154 1.01866 0.938314 0.91876 1.10028
0.978706 0.75485 1.10507 0.945342 0.915999 1.07318
0.927356 0.981565 1.01902 0.938318 0.918736 1.10026
0.978831 0.754262 1.10543 0.945345 0.915975 1.07316
0.978894 0.753967 1.10562 0.93832 0.918723 1.10026
0.876006 1.20828 0.93298 0.945347 0.915962 1.07316
0.978957 0.753673 1.1058 0.931294 0.921472 1.12735
1.07169 0.616646 1.34395 0.945349 0.91595 1.07315
1.01949 0.604835 1.35965 0.939364 0.937842 1.05171
end
gesture a05 hands 2
1.05271 0.660138 1.3507 0.949306 0.949372 1.0467
1.01548 0.676906 1.31329 0.952596 0.942603 1.03228
1.01722 0.671864 1.29968 0.940069 0.947012 1.05325
0.987215 0.902619 1.06064 0.93799 0.951441 1.08232
0.914214 1.2396 1.0151 0.941932 0.986094 1.07663
0.866902 1.39502 0.776633 0.944425 0.968558 1.08996
0.876849 1.38238 0.631203 0.935911 0.95587 1.11139
0.858113 1.3752 0.673582 0.946918 0.951023 1.10329
0.898183 1.21308 0.7695 0.939672 0.939653 1.08994
0.86878 1.29055 0.742731 0.937515 0.934255 1.10836
0.90885 1.12844 0.838648 0.936049 0.933968 1.08326
0.874113 1.24823 0.777305 0.935704 0.931412 1.10502
0.914183 1.08611 0.873222 0.934238 0.931125 1.07992
0.87678 1.22707 0.794592 0.934798 0.929991 1.10335
0.91685 1.06495 0.890509 0.933333 0.929704 1.07825
0.878114 1.21649 0.803235 0.934345 0.929281 1.10251
0.918184 1.05437 0.899153 0.93288 0.928994 1.07741
0.87878 1.2112 0.807557 0.934119 0.928925 1.1021
0.91885 1.04908 0.903474 0.932653 0.928638 1.077
0.879114 1.20855 0.809718 0.934006 0.928748 1.10189
0.919184 1.04644 0.905635 0.93254 0.928461 1.07679
0.87928 1.20723 0.810799 0.933949 0.928659 1.10178
0.91935 1.04511 0.906716 0.932484 0.928372 1.07668
0.879364 1.20657 0.811339 0.933921 0.928614 1.10173
0.919434 1.04445 0.907256 0.932455 0.928327 1.07663
0.919475 1.04412 0.907526 0.933907 0.928592 1.10171
0.839377 1.36802 0.715962 0.932441 0.928305 1.07661
0.919517 1.04379 0.907796 0.932434 0.928294 1.07659
0.967243 0.841972 1.14285 0.935358 0.928857 1.12678
1.01821 0.646804 1.21479 0.932427 0.928283 1.07658
1.01497 0.640155 1.3779 0.937015 0.940563 1.04435
1.01339 0.636038 1.3794 0.933667 0.952215 1.01257
end
gesture a06 hands 2
0.938574 0.482655 1.19935 0.925706 0.948372 1.06781
1.09115 0.587912 1.02258 0.94274 0.94896 1.07646
1.24788 0.949028 0.988469 0.951315 0.952188 1.0732
1.19983 1.264 1.23929 0.942228 0.952224 1.08222
1.13385 1.31482 1.37619 0.961833 0.95619 1.04254
1.02937 1.30552 1.41127 0.947487 0.954224 1.06689
0.996659 1.29938 1.37192 0.967092 0.95819 1.0272
0.973709 1.38385 1.19662 0.950117 0.955225 1.05923
0.909392 1.57805 0.734559 0.969722 0.959191 1.01954
0.821495 1.48149 0.630104 0.951431 0.955725 1.05539
0.843092 1.38535 0.604427 0.971036 0.959691 1.0157
0.864894 1.27837 0.580781 0.952089 0.955975 1.05348
0.913496 1.03593 0.717019 0.971694 0.959941 1.01379
0.900096 1.10366 0.637077 0.952417 0.9561 1.05252
0.948698 0.861212 0.773315 0.972022 0.960066 1.01283
0.917697 1.01631 0.665225 0.933141 0.952259 1.09125
0.966299 0.773856 0.801463 0.972351 0.960191 1.01187
0.926497 0.972628 0.679299 1.03854 1.00471 0.973666
0.9751 0.730178 0.815537 1.00132 1.00526 0.940987
0.930897 0.950789 0.686336 1.04962 1.01395 0.93111
0.9795 0.708339 0.822574 0.987603 0.990735 0.945909
0.933097 0.93987 0.689855 0.964094 1.00581 0.908307
0.9817 0.69742 0.826092 0.925586 0.96752 0.960708
0.934197 0.93441 0.691614 0.936699 0.911828 1.05431
0.9828 0.69196 0.827852 0.936523 0.934811 1.10869
0.934748 0.93168 0.692493 0.936435 0.946303 1.13588
0.98335 0.68923 0.828731 0.936391 0.952048 1.14947
0.983625 0.687865 0.829171 0.931977 0.893951 1.17208
0.886695 1.1714 0.557135 0.936347 0.957794 1.16307
0.9839 0.6865 0.829611 0.971638 0.979089 1.09656
0.9848 0.518242 1.18043 0.982342 0.981958 1.08229
0.951819 0.549754 1.24479 0.972937 0.98359 1.08163
end
gesture a06 hands 2
0.928005 0.438638 1.2921 0.944393 0.981762 1.0923
0.94274 0.430634 1.28402 0.964606 0.972606 1.08795
0.941256 0.427412 1.21257 0.970738 0.969588 1.10954
0.891927 0.433137 1.19463 0.993172 0.974802 1.09735
0.931854 0.48901 1.1233 1.01026 0.987346 1.04614
1.05862 0.635845 1.06787 0.985166 0.988378 0.975184
1.05509 0.799345 1.15725 0.98733 1.01876 0.945502
1.12024 0.791013 1.08484 0.960072 0.98941 0.904229
1.1167 0.954513 1.17422 0.954469 0.960919 0.892363
1.15105 0.868597 1.09333 0.929264 0.903906 0.951144
1.14751 1.0321 1.18271 0.923066 0.895234 1.00957
1.16645 0.907389 1.09758 0.941347 0.902921 1.02194
1.16292 1.07089 1.18696 0.93326 0.916387 1.05985
1.17415 0.926785 1.0997 0.946444 0.913498 1.04708
1.17062 1.09028 1.18908 0.938357 0.926963 1.08499
1.178 0.936483 1.10076 0.948992 0.918786 1.05965
1.17447 1.09998 1.19014 0.940905 0.932251 1.09756
1.17639 1.10483 1.19067 0.950266 0.92143 1.06593
1.18539 0.782681 1.01244 0.942179 0.934896 1.10384
1.17832 1.10968 1.1912 0.950903 0.922752 1.06908
1.14455 1.19493 1.31025 0.942816 0.936218 1.10699
1.04122 1.19321 1.40168 0.951222 0.923413 1.07065
0.924883 1.14694 1.39767 0.943135 0.936879 1.10856
0.959503 1.27548 1.28019 0.951381 0.923744 1.07143
0.916368 1.37225 0.990958 0.943294 0.937209 1.10934
0.959845 1.53792 0.87434 0.951461 0.923909 1.07183
0.873233 1.46901 0.701726 0.943373 0.937375 1.10974
0.844824 1.44486 0.666883 0.943413 0.937457 1.10993
0.867414 1.37078 0.651841 0.959628 0.910609 1.03431
0.938193 1.14242 0.570501 0.943453 0.93754 1.11013
0.977528 0.788806 0.690649 0.953457 0.972955 1.13782
0.913757 0.453041 1.15929 0.927279 0.964471 1.18594
end
gesture a06 hands 2
0.900299 0.601686 1.19998 0.952952 0.963518 1.11312
0.97015 0.583377 1.20058 0.938256 0.968128 1.14416
0.938767 0.610022 1.04914 0.924095 0.960692 1.12343
0.945637 0.696767 0.956943 0.940833 0.96576 1.06957
1.10649 0.843727 0.914767 0.983077 0.960509 1.04116
1.13345 1.08314 1.08637 1.00983 0.962288 1.05654
1.21551 1.1534 1.0188 1.01975 0.980814 1.03296
1.1604 1.32255 1.25797 1.01834 0.994237 1.01237
1.03626 1.34738 1.3606 0.989179 0.986665 0.965304
0.9829 1.35498 1.3368 0.985038 0.982293 0.962629
0.982932 1.49258 1.20792 1.01693 1.00766 0.991784
0.956236 1.42758 1.26047 0.980896 0.977921 0.959954
0.956268 1.56517 1.13158 0.96288 0.963051 0.944039
0.942936 1.60147 1.09341 0.953871 0.955617 0.936082
0.92954 1.36259 1.31301 0.958608 0.992517 0.897649
0.929604 1.63777 1.05524 0.944863 0.948182 0.928124
0.938423 1.68091 0.743175 0.967924 0.920503 1.01505
0.935438 1.54032 0.637007 0.979117 0.950373 1.06968
0.999417 1.27945 0.54983 0.942813 0.964628 1.15118
1.00999 1.00606 0.687987 0.949919 0.967157 1.1454
0.963259 0.947954 0.906665 0.937159 0.9703 1.10875
0.976712 0.80298 0.972068 0.947092 0.969993 1.12418
0.983439 0.730493 1.00477 0.934332 0.973137 1.08754
0.986802 0.69425 1.02112 0.945678 0.971411 1.11358
1.02056 0.732662 0.826144 0.932919 0.974555 1.07694
0.990165 0.658006 1.03747 0.944972 0.97212 1.10827
0.9271 0.616458 1.2635 0.932212 0.975264 1.07163
0.959771 0.58335 1.2488 0.957025 0.969686 1.13961
1.01087 0.588558 1.15424 0.931505 0.975973 1.06633
0.93742 0.63187 1.02912 0.957375 0.967416 1.0251
0.85631 0.597437 1.08803 0.93465 0.973862 0.995072
0.864143 0.587639 1.10772 0.983244 0.958858 0.983878
end
gesture a06 hands 2
0.898899 0.702814 1.11441 0.880229 0.871591 1.15114
0.905201 0.690707 1.12099 0.879432 0.883612 1.15108
0.931451 0.673151 1.15697 0.916365 0.799978 1.19955
0.946199 0.66145 1.17128 0.975968 0.829662 1.1338
0.957203 0.716754 1.1403 0.998199 0.82802 1.12036
0.973686 0.681503 1.15461 1.07227 0.915205 1.02639
0.965359 0.681741 1.08071 1.11891 1.01454 0.94457
1.07632 0.952841 1.17422 1.14635 1.00239 0.932418
1.27521 1.14661 1.18028 1.03747 0.9694 0.961215
1.16874 1.21602 1.11518 0.950328 0.946744 0.885845
1.18729 1.22394 1.26772 0.981674 1.03191 0.873535
1.06226 1.28543 1.05008 1.07027 1.15683 0.872876
0.907684 1.41477 0.93589 1.01302 1.11708 0.861224
0.858008 1.43059 0.842825 0.964863 1.18055 0.854785
0.973695 1.3422 0.866238 0.910063 1.27985 0.915758
1.00937 1.29283 0.781657 0.827403 1.38227 0.967365
0.985206 1.14772 0.881458 0.855263 1.37914 0.976731
1.01512 1.1956 0.789267 0.86967 1.2537 0.983438
0.990962 1.05048 0.889068 0.863053 1.12795 0.93278
1.018 1.14698 0.793072 0.884078 1.12825 0.990146
0.99384 1.00186 0.892873 0.89459 1.12841 1.01883
1.01944 1.12266 0.794975 0.899846 1.12848 1.03317
0.995279 0.97755 0.894776 0.902474 1.12852 1.04034
1.02016 1.11051 0.795926 0.903788 1.12854 1.04393
0.995999 0.965395 0.895727 0.883122 1.37602 0.986096
0.996358 0.959317 0.896202 0.905102 1.12856 1.04751
1.04504 1.24347 0.697076 0.898703 0.873621 0.898194
0.996718 0.95324 0.896678 0.927083 0.8811 1.10893
1.04221 0.793891 0.834945 0.951543 0.862222 1.14797
0.948395 0.66301 1.09628 0.970095 0.816314 1.07911
0.939879 0.681182 1.15479 0.914935 0.789041 1.19261
0.94976 0.666836 1.16946 0.902964 0.796289 1.18704
end
gesture a06 hands 2
0.93438 0.688278 1.1938 0.879858 0.74611 1.17151
0.933103 0.681759 1.18297 0.913527 0.736935 1.16117
0.949829 0.712748 1.18478 0.923469 0.700514 1.14878
0.962137 0.716757 1.17737 1.13186 0.865422 0.943389
1.01836 0.787908 1.13741 1.16229 0.975321 0.92818
1.01012 0.791518 1.08707 1.15379 1.11245 1.06914
1.06633 0.704173 1.0662 1.05393 1.34769 1.09181
1.0705 0.873317 1.05143 1.05553 1.24427 0.979605
1.12597 1.07597 1.17091 0.980077 1.28374 0.930957
1.07467 1.04246 1.03666 0.87905 1.31763 0.928533
1.07884 1.2116 1.02189 0.869607 1.31603 0.928949
1.07988 1.25389 1.0182 0.85504 1.32094 0.913635
1.13223 1.32968 1.14876 0.899352 1.05856 0.940372
1.08092 1.29617 1.01451 0.869913 1.1922 0.919347
1.08197 1.33845 1.01082 0.914225 0.92982 0.946083
1.08223 1.34903 1.0099 0.877349 1.12783 0.922202
1.13379 1.39311 1.14322 0.921661 0.865451 0.948938
1.08249 1.3596 1.00898 0.881067 1.09565 0.92363
1.08275 1.37017 1.00805 0.925379 0.833267 0.950366
1.13418 1.40896 1.14184 0.882926 1.07956 0.924344
1.08288 1.37545 1.00759 0.927238 0.817175 0.95108
1.08294 1.3781 1.00736 0.883855 1.07151 0.924701
1.18561 1.44776 1.27562 0.928167 0.809129 0.951437
1.08301 1.38074 1.00713 0.88432 1.06749 0.92488
0.920987 1.48029 0.922683 0.928632 0.805106 0.951616
0.958257 1.37284 0.843932 0.928865 0.803095 0.951705
0.987622 1.1727 0.649354 0.840473 1.32585 0.898322
0.947211 0.940639 0.880907 0.929097 0.801083 0.951794
0.999803 0.746928 0.919817 0.951396 0.79968 1.05871
0.9068 0.708578 1.11246 0.916589 0.750317 1.11923
0.97118 0.732295 1.12626 0.954502 0.775623 1.13872
0.979188 0.696587 1.17101 0.95657 0.767995 1.14011
end
gesture a06 hands 2
0.984913 0.548524 1.10159 0.966586 0.812679 1.12243
0.981905 0.553136 1.10349 0.966638 0.805302 1.12149
0.95514 0.585598 1.05878 0.97929 0.823737 1.13867
0.948434 0.581711 1.08803 1.00834 0.82572 1.11971
0.987438 0.550508 1.11633 1.09991 0.893132 0.870182
0.990223 0.583398 1.11963 1.1174 1.02708 0.915415
1.02498 0.630609 1.06139 1.13696 1.0598 0.863952
1.01828 0.611962 1.06819 1.05679 1.05692 0.842411
1.14646 0.81532 1.06799 0.970831 1.03173 0.823675
1.11765 0.828746 1.09722 0.937069 0.99839 0.801577
1.01158 0.593316 1.07498 0.912409 1.21069 0.887929
1.08885 0.842173 1.12646 0.901304 1.18105 0.873797
1.26793 1.00003 1.07459 0.903307 0.96505 0.779479
1.16611 1.09103 1.17793 0.890198 1.15141 0.859665
1.14013 1.17782 1.07947 0.853987 1.38965 0.952183
0.976551 1.27809 0.887849 0.87709 1.33777 0.939851
0.886715 1.2771 0.837189 0.889915 1.34433 1.02294
0.88154 1.25273 0.826023 0.938214 1.31638 1.01074
1.00344 1.1391 0.841577 0.875663 1.17835 1.03706
1.05323 1.03215 0.913893 0.931088 1.23339 1.0178
1.01294 1.13039 0.974001 0.868536 1.09536 1.04411
0.992791 1.17952 1.00406 0.927525 1.1919 1.02133
0.982718 1.20408 1.01908 0.864973 1.05386 1.04764
1.16849 1.11981 1.08864 0.986514 1.28843 0.998545
0.977682 1.21636 1.0266 0.86141 1.01237 1.05117
0.975163 1.2225 1.03035 0.894146 0.849182 1.12995
1.35427 1.03555 1.1582 0.954002 0.819874 1.14799
0.972645 1.22864 1.03411 0.983903 0.808471 1.1397
0.893454 1.16965 1.06754 0.967323 0.800948 1.15197
0.854274 1.14798 1.07749 0.991071 0.81113 1.14765
0.832348 1.13576 1.08187 0.934384 0.805953 1.16889
0.84714 1.15832 1.09887 0.977747 0.82261 1.14476
end
gesture a06 hands 2
0.955261 0.493412 1.20319 1.02798 0.868767 1.02753
0.962146 0.487912 1.21185 1.03093 0.865839 1.04245
0.9761 0.482161 1.207 1.02571 0.869878 1.02368
1.08918 0.482854 1.19912 1.02685 0.871981 1.03733
1.35467 0.732957 1.18419 1.02741 0.87931 1.0258
1.28941 1.1127 1.30806 1.02762 0.890665 1.01256
1.21966 1.20649 1.42066 0.995522 0.895147 0.982115
1.22334 1.19903 1.37986 0.943373 0.956403 0.848571
1.21907 1.39131 1.12445 0.795283 1.05318 0.645813
1.22304 1.29144 1.23176 0.773263 1.10833 0.614551
1.21878 1.48372 0.976341 0.763432 1.08215 0.799831
1.2229 1.33764 1.15771 0.757337 1.12282 0.691561
1.21864 1.52992 0.902287 0.747506 1.09663 0.87684
1.22283 1.36074 1.12068 0.749374 1.13006 0.730065
1.21856 1.55303 0.865261 0.739543 1.10388 0.915344
1.22279 1.37229 1.10217 0.745393 1.13368 0.749317
1.21853 1.56458 0.846747 0.735561 1.1075 0.934597
1.22277 1.37807 1.09291 0.743402 1.13549 0.758943
1.21851 1.57035 0.837491 0.733571 1.10931 0.944223
1.22276 1.38096 1.08828 0.751243 1.16348 0.58329
1.2185 1.57324 0.832862 0.73158 1.11112 0.953849
1.22702 1.19156 1.33907 0.822881 1.12584 1.18903
1.21849 1.57613 0.828234 1.06006 1.04119 1.32727
0.781073 1.69196 0.598967 1.1684 0.980646 1.32187
0.569333 1.66394 0.577729 1.10799 0.991937 1.3475
0.538353 1.64129 0.572034 0.97001 1.04385 1.36036
0.672636 1.67748 0.583962 0.955321 0.994205 1.22441
0.882038 1.58627 0.699059 0.927031 1.02067 1.41227
1.15162 1.30495 0.797189 0.940632 0.944561 1.08846
1.26957 0.756558 1.00875 1.00294 0.91752 0.997695
0.994497 0.474912 1.24856 1.01223 0.92497 0.922615
0.96274 0.500962 1.23593 1.02125 0.90458 0.990362
end
gesture a06 hands 2
1.01896 0.3993 1.35238 1.00058 0.90558 1.00935
1.0226 0.402056 1.34787 1.00768 0.904535 1.01717
1.03279 0.404489 1.32859 1.009 0.899063 1.00012
1.14023 0.465624 1.287 0.995286 0.920704 0.991124
1.17827 0.696756 1.35505 0.936684 0.955113 0.900399
1.21298 0.611758 1.30023 0.86164 0.994122 0.792046
1.25101 0.84289 1.36827 0.785197 1.02796 0.781552
1.24934 0.684825 1.30685 0.834677 1.02252 1.00128
1.28738 0.915957 1.37489 0.987707 1.02932 1.21523
1.26753 0.721358 1.31015 1.0542 0.998613 1.23206
1.30556 0.952491 1.37819 1.19075 1.00182 1.25522
1.27662 0.739625 1.31181 1.1207 0.967905 1.2489
1.31466 0.970757 1.37985 1.12425 0.949745 1.24391
1.28117 0.748758 1.31263 0.977981 0.978551 1.24827
1.3192 0.979891 1.38067 0.866939 1.01783 1.25128
1.28344 0.753325 1.31305 0.86258 1.00527 1.19036
1.32148 0.984457 1.38109 0.8549 0.990382 1.0748
1.24768 0.526759 1.24542 0.85656 0.991549 1.10212
1.32375 0.989024 1.3815 0.84888 0.976659 0.986561
1.2522 1.0895 1.38789 0.85355 0.984687 1.058
1.17417 1.33999 1.00941 0.84587 0.969797 0.942442
0.913206 1.47095 0.824184 0.852045 0.981256 1.03594
0.843705 1.60663 0.646298 0.844365 0.966366 0.920382
0.652242 1.60191 0.638958 0.851293 0.979541 1.02491
0.582155 1.57544 0.636804 0.843612 0.96465 0.909352
0.642018 1.58763 0.618177 0.850917 0.978683 1.0194
0.798254 1.57458 0.638675 0.843236 0.963793 0.903837
0.979356 1.27951 0.716236 0.858221 0.992716 1.12944
1.1454 0.787799 0.891044 0.84286 0.962935 0.898322
1.08014 0.57304 1.14059 0.892257 0.961229 0.8676
1.07355 0.390735 1.2886 0.91005 0.983274 0.810393
1.01487 0.35828 1.39013 0.941655 0.959523 0.836878
end
gesture a06 hands 2
1.0266 0.481231 1.34075 1.01593 0.936819 1.03544
1.06618 0.480763 1.2934 1.00313 0.93721 1.04699
1.35321 0.763051 1.18951 0.980904 0.962753 0.993752
1.29791 1.11073 1.34429 0.928688 0.972437 0.930267
1.23137 1.21943 1.24371 0.891444 0.986034 0.908945
1.07436 1.55321 0.892826 0.891072 1.03314 1.06341
0.735289 1.65228 0.577103 1.02423 1.00977 1.15546
0.740016 1.61281 0.579133 1.11164 0.98189 1.18513
0.918651 1.40536 0.673929 1.04031 0.974745 1.18799
1.03197 1.10885 0.782217 0.966981 0.979131 1.17709
0.9992 0.943856 0.9417 0.909545 0.982528 1.16523
1.07225 0.8781 0.916102 0.83926 1.01641 1.16869
1.03948 0.713105 1.07558 0.892974 0.954054 1.0795
1.09239 0.762724 0.983042 0.830975 1.00217 1.12583
1.05961 0.597729 1.14252 0.884688 0.939816 1.03663
1.10245 0.705036 1.01652 0.826832 0.995053 1.1044
1.06968 0.540041 1.176 0.880546 0.932698 1.0152
1.10749 0.676192 1.03325 0.824761 0.991494 1.09368
1.07472 0.511197 1.19273 0.878474 0.929138 1.00448
1.11 0.66177 1.04162 0.823725 0.989714 1.08832
1.07723 0.496775 1.2011 0.877439 0.927359 0.999124
1.11126 0.654559 1.0458 0.823207 0.988824 1.08564
1.07849 0.489564 1.20529 0.876921 0.926469 0.996445
1.11189 0.650954 1.0479 0.822948 0.988379 1.0843
1.07912 0.485959 1.20738 0.876662 0.926024 0.995106
1.11221 0.649151 1.04894 0.876532 0.925802 0.994436
1.07944 0.484156 1.20842 0.768976 1.05029 1.17216
1.07959 0.483254 1.20895 0.876403 0.925579 0.993766
1.14529 0.812343 0.890505 0.870287 0.961055 0.878861
1.07975 0.482353 1.20947 0.947612 1.00053 0.844994
0.992772 0.474063 1.31915 1.00802 0.942842 0.948289
1.01449 0.471514 1.30444 1.00947 0.920295 1.07307
end
gesture a06 hands 2
1.01321 0.636498 1.1382 0.976539 0.947871 1.03295
1.0186 0.627848 1.11353 0.983526 0.958696 1.01587
1.00493 0.630714 1.13569 0.983512 0.956809 0.996313
1.00252 0.639837 1.12499 0.915534 0.979303 0.915298
1.0802 0.855792 1.07521 0.867131 1.02199 0.908794
1.06236 0.914986 1.14167 0.902324 0.990983 1.02248
1.0001 0.64896 1.1143 0.950419 0.939635 1.15765
1.04452 0.97418 1.20812 0.969267 0.891584 1.25501
1.15547 1.08087 1.01474 0.962892 0.908353 1.27149
1.08893 1.2994 1.30195 0.935616 0.951503 1.17535
0.968441 1.39517 1.30428 0.961838 0.99341 1.00541
0.903831 1.48674 0.994899 0.973825 1.00024 0.971187
0.871526 1.53253 0.840208 0.970735 0.970249 1.02004
0.855374 1.55543 0.762862 0.978274 0.988665 0.978502
0.847297 1.56687 0.72419 0.975183 0.958668 1.02735
0.880768 1.64306 0.87461 0.980498 0.982874 0.982159
0.843259 1.5726 0.704853 0.977408 0.952878 1.03101
0.878749 1.64592 0.864942 0.98161 0.979979 0.983988
0.84124 1.57546 0.695185 0.97852 0.949983 1.03284
0.87774 1.64735 0.860108 0.982166 0.978532 0.984902
0.840231 1.57689 0.690351 0.979076 0.948536 1.03376
0.877235 1.64806 0.857691 0.982444 0.977808 0.985359
0.839726 1.5776 0.687934 0.979354 0.947812 1.03421
0.839473 1.57796 0.686725 0.982583 0.977446 0.985588
0.914239 1.71924 1.02503 0.979493 0.94745 1.03444
0.839221 1.57832 0.685517 0.982653 0.977265 0.985702
0.812502 1.36611 0.575708 0.979563 0.947269 1.03456
0.804174 1.30106 0.58078 0.982687 0.977174 0.985759
0.81979 1.06067 0.729937 0.979597 0.947178 1.03461
0.976817 0.707194 1.03028 0.979615 0.947133 1.03464
1.03162 0.633873 1.23241 0.985812 1.00708 0.936963
1.04206 0.612733 1.2422 0.979632 0.947088 1.03467
end
gesture a06 hands 2
1.00849 0.603299 1.2385 0.952563 0.926765 1.06045
0.974645 0.616618 1.21501 0.94753 0.922977 1.06069
0.986203 0.616612 1.19703 0.959615 0.941073 1.12652
1.00043 0.629003 1.13339 0.991892 0.945765 1.07341
1.23636 0.931493 1.10453 0.924583 0.968797 0.922185
1.12584 1.19715 1.32308 0.940803 0.986571 0.931913
1.02474 1.28643 1.28284 0.943096 0.996347 0.902668
1.00915 1.4021 1.17469 0.941917 0.994313 0.9194
0.920144 1.37882 0.970695 0.958162 0.961015 1.05428
0.956854 1.4483 1.01862 0.94945 0.976647 0.995206
0.867847 1.42502 0.814623 0.965695 0.943349 1.13008
0.930705 1.4714 0.940582 0.953217 0.967814 1.03311
0.841698 1.44812 0.736587 0.969462 0.934515 1.16799
0.917631 1.48295 0.901564 0.9551 0.963398 1.05206
0.828623 1.45967 0.697569 0.971345 0.930099 1.18694
0.911094 1.48872 0.882055 0.956041 0.961189 1.06154
0.822086 1.46545 0.67806 0.972286 0.92789 1.19641
0.907825 1.49161 0.8723 0.956512 0.960085 1.06627
0.818818 1.46833 0.668306 0.972757 0.926786 1.20115
0.906191 1.49305 0.867423 0.956748 0.959533 1.06864
0.817183 1.46978 0.663428 0.972993 0.926234 1.20352
0.905374 1.49377 0.864984 0.956865 0.959257 1.06983
0.816366 1.4705 0.66099 0.97311 0.925958 1.20471
0.904965 1.49413 0.863765 0.956924 0.959119 1.07042
0.815958 1.47086 0.65977 0.973169 0.92582 1.2053
0.993564 1.51777 1.06654 0.973199 0.925751 1.20559
0.815549 1.47122 0.658551 0.940738 0.99228 0.936132
0.796645 1.30156 0.591662 0.973228 0.925682 1.20589
0.788669 1.21587 0.621488 0.955881 0.925404 1.24413
0.820214 0.896806 0.830732 0.939101 0.938756 1.16174
0.957935 0.656881 1.08845 0.925549 0.974496 1.07591
1.00846 0.600065 1.2398 0.92387 0.959731 0.993284
end
gesture a06 hands 2
1.0248 0.658038 1.22124 0.958196 0.955352 0.983806
1.00636 0.659207 1.18758 0.973408 0.954519 0.992027
1.00483 0.672547 1.12444 0.977446 0.945274 1.08469
1.01344 0.676576 1.12321 0.973264 0.95562 1.10623
1.00114 0.677261 1.10405 0.960509 0.951688 1.00674
1.05115 0.696411 1.12739 0.908149 0.991458 0.988372
1.25383 1.06001 1.19853 0.929637 1.04904 0.90796
1.06925 1.27235 1.37203 0.934835 1.03798 0.92666
1.01852 1.32979 1.17536 0.961462 0.99486 1.0258
0.978848 1.47776 1.1107 0.950748 1.0109 0.98558
0.910475 1.43822 0.907586 0.977374 0.96777 1.08473
0.924825 1.53198 0.976813 0.958704 0.99735 1.01504
0.856452 1.49243 0.773698 0.98533 0.954225 1.11419
0.897814 1.55908 0.909869 0.962682 0.990577 1.02977
0.82944 1.51954 0.706755 0.989308 0.947453 1.12892
0.884308 1.57264 0.876397 0.964671 0.987191 1.03714
0.815935 1.5331 0.673283 0.991297 0.944066 1.13628
0.877555 1.57941 0.859661 0.965665 0.985498 1.04082
0.809182 1.53987 0.656547 0.992292 0.942373 1.13997
0.874179 1.5828 0.851293 0.966163 0.984652 1.04266
0.805805 1.54326 0.648179 0.992789 0.941527 1.14181
0.872491 1.5845 0.847109 0.966411 0.984228 1.04358
0.804117 1.54496 0.643995 0.993037 0.941103 1.14273
0.871647 1.58534 0.845017 0.966536 0.984017 1.04404
0.803273 1.5458 0.641903 0.993162 0.940892 1.14319
0.939176 1.62573 1.04604 0.940034 1.02693 0.94536
0.802429 1.54665 0.639811 0.993286 0.94068 1.14365
0.805119 1.35292 0.560128 0.993769 0.92508 1.24826
0.791604 1.3078 0.573257 0.99764 0.930848 1.2287
0.814755 1.06446 0.733728 0.94626 0.957329 1.13846
0.95964 0.705169 1.0418 0.976531 0.973384 1.03918
1.02636 0.665356 1.22683 0.969159 0.941296 1.03956
end
gesture a06 hands 2
1.00558 0.367983 1.20558 0.960651 0.953341 1.03838
1.00957 0.376443 1.16574 0.964881 0.971458 1.00989
0.994135 0.373265 1.19402 0.984543 0.953212 1.01799
1.19753 0.440843 1.18749 0.969111 0.989575 0.981391
1.36746 0.82264 1.10183 0.965395 1.00689 0.971191
1.19526 1.08554 1.19837 0.948612 0.995283 0.995357
1.25193 1.26198 1.1447 0.965457 1.00615 1.02279
1.02305 1.34844 1.29492 0.984984 0.964386 1.05476
0.945609 1.28848 1.34902 0.971016 0.97859 1.03392
0.926625 1.36185 1.27852 0.982302 1.01701 1.05023
0.857677 1.3765 0.943436 0.98076 1.00912 1.03418
0.889194 1.47246 0.694958 0.957048 0.992794 1.01308
0.788728 1.39114 0.608352 0.979218 1.00124 1.01812
0.863795 1.34597 0.690099 0.994995 0.98339 1.04101
0.927697 1.40038 0.898409 1.00217 0.971632 1.06081
0.951861 1.4166 1.17727 0.991476 0.966596 1.0459
0.925354 1.34925 1.28691 0.986129 0.964078 1.03844
0.943923 1.43815 1.16381 0.983455 0.962819 1.03472
0.881843 1.37452 0.893079 0.995937 1.01011 1.03824
0.923497 1.38986 0.650636 0.980782 0.96156 1.03099
0.819763 1.31089 0.622347 0.964008 0.946283 1.0537
0.835459 1.25961 0.641985 0.966045 0.949648 1.04294
0.928911 1.06522 0.692186 0.967064 0.951331 1.03757
0.890033 1.13677 0.676904 0.967319 0.951752 1.03623
0.983486 0.942384 0.727105 0.970172 0.951386 1.06441
0.851154 1.20833 0.661623 0.967574 0.952173 1.03488
1.03806 0.819549 0.762025 0.964211 0.952013 1.0515
1.02782 0.593012 1.04189 0.96253 0.951934 1.0598
1.08149 0.413031 1.1952 0.973279 0.951441 1.09126
1.01759 0.366475 1.32175 0.960849 0.951854 1.06811
0.982727 0.394089 1.18078 0.968083 0.953014 1.03219
0.902569 0.484958 1.04923 0.948419 0.952266 1.04497
end
gesture a06 hands 2
1.01106 0.386817 1.20474 0.962045 0.964156 1.00152
1.01052 0.386573 1.22361 0.984162 0.963044 0.98316
1.0459 0.367891 1.22172 0.980988 0.993746 0.936289
1.19414 0.663199 0.946824 1.00628 0.961932 0.964801
1.14839 1.16601 1.04496 0.994902 0.932725 1.03223
1.03875 1.30007 1.23392 0.987531 0.945937 1.03138
0.913007 1.25821 1.28121 0.970353 0.981758 1.03791
0.907748 1.31274 0.972976 0.961764 0.999669 1.04118
0.936695 1.4418 0.719729 0.925569 1.00482 1.0035
0.902489 1.36727 0.664743 0.953175 1.01758 1.04444
0.874677 1.35745 0.757538 0.985042 0.976274 1.05302
0.911075 1.36112 1.00339 0.989877 0.984783 1.04948
0.929031 1.35578 1.16635 0.992295 0.989037 1.04772
0.964231 1.35106 1.1955 0.993504 0.991164 1.04683
0.994541 1.35802 0.6445 0.989826 0.997577 0.986982
0.923811 1.28033 0.586946 0.994713 0.993291 1.04595
0.920565 1.32568 0.714905 0.998608 0.985901 1.0482
0.941138 1.396 1.05034 0.991104 0.971604 1.03287
0.93523 1.37471 1.22651 0.965211 0.970818 1.02274
0.931316 1.34371 1.23805 0.985021 0.979336 1.04902
0.969235 1.38122 0.952102 0.994403 1.00052 1.07212
0.986238 1.38448 0.814898 1.00483 0.987854 1.07529
0.927403 1.31271 1.2496 0.995888 0.974182 1.05624
1.00324 1.38774 0.677694 0.981734 0.996019 1.09123
0.866699 1.14539 0.523352 0.976837 0.972233 1.07957
0.833268 0.850469 0.613756 0.986945 0.96051 1.0372
0.999859 0.467869 0.882217 0.971939 0.948447 1.0679
1.08971 0.387799 1.30137 0.959233 0.947016 1.06563
1.13206 0.458914 1.52782 0.964554 0.942587 1.02738
1.06913 0.402246 1.51686 0.946527 0.945585 1.06336
0.991247 0.344469 1.30161 0.957169 0.936727 0.986862
0.976467 0.370308 1.21029 0.987342 0.969306 0.93982
end
gesture a06 hands 2
0.934385 0.386387 1.13392 0.969499 0.93759 1.07482
1.00355 0.490406 1.02798 0.972999 0.937527 1.06947
0.940806 0.400137 1.14181 0.978055 0.949867 1.04184
1.00676 0.497281 1.03192 0.971666 0.977828 1.02078
1.02302 0.689223 1.0619 0.961151 1.006 1.00974
1.04787 0.641824 0.991968 0.9652 0.984119 1.02522
1.06413 0.833766 1.02195 0.981965 0.96682 1.01345
1.06842 0.714095 0.971991 0.969249 0.962238 1.04071
1.08469 0.906037 1.00197 0.980461 0.942996 1.03638
1.0787 0.750231 0.962002 1.00278 0.927639 1.01716
1.09496 0.942173 0.991982 0.991673 0.923753 1.03204
1.1001 0.960241 0.986987 0.979476 0.962667 1.02925
1.07271 0.594425 0.922034 0.971289 0.955505 1.04006
1.10524 0.978309 0.981993 0.967196 0.951925 1.04546
1.05105 1.14366 1.08387 0.965149 0.950134 1.04816
0.990426 1.18799 1.18625 0.964125 0.949239 1.04951
0.93027 1.1997 1.15145 0.980567 0.919866 1.04691
0.903764 1.30269 1.11326 0.963102 0.948344 1.05086
0.928038 1.34808 0.934635 0.95437 0.962583 1.05284
0.877259 1.40568 1.07506 0.950004 0.969702 1.05383
0.890977 1.43936 0.911813 0.956172 0.997694 1.04133
0.925807 1.49646 0.717819 0.945638 0.976822 1.05482
0.904694 1.47305 0.748567 0.951632 0.971825 1.05697
0.892458 1.51982 0.771195 0.95463 0.969326 1.05805
0.887648 1.52169 0.933851 0.956128 0.968076 1.05859
0.900544 1.36489 1.07902 0.956877 0.967451 1.05886
0.978149 1.17818 1.11736 0.956161 0.978417 1.04747
1.11034 0.990824 1.04501 0.955804 0.983899 1.04177
1.16552 0.702826 1.01691 0.951888 1.01302 1.02315
1.06001 0.455885 1.13225 0.955446 0.989382 1.03607
0.958273 0.410639 1.13747 0.957627 0.966827 1.05913
0.939178 0.406136 1.12209 0.959003 0.965744 1.049
end
gesture a06 hands 2
0.93412 0.504427 1.1806 0.953143 0.944267 1.07119
0.981445 0.497984 1.19136 0.95452 0.934007 1.06852
1.08542 0.654041 1.04097 0.969103 0.933618 1.05828
1.03296 0.96595 1.12878 0.965129 0.960523 1.0475
1.10044 1.12592 1.08981 0.956672 0.991433 1.03175
0.980506 1.27786 1.21659 0.961156 0.987428 1.03672
0.927949 1.31069 1.17122 0.973741 0.965816 1.03378
0.932178 1.46411 0.954877 0.968482 0.948228 1.04668
0.888596 1.58549 0.947259 0.959464 0.961991 1.05272
0.936406 1.61752 0.738535 0.954955 0.968873 1.05574
0.924222 1.60947 0.748626 0.950549 0.999514 1.04611
0.925069 1.56586 0.775737 0.950498 0.987634 1.05244
0.955261 1.38454 0.803095 0.955351 0.974709 1.03907
0.940588 1.45339 0.802971 0.952899 0.975232 1.04892
0.97078 1.27208 0.830329 0.957752 0.962306 1.03555
0.948348 1.39716 0.816589 0.954099 0.96903 1.04716
0.978539 1.21584 0.843947 0.958952 0.956105 1.03379
0.952228 1.36904 0.823397 0.954699 0.96593 1.04628
0.982419 1.18773 0.850755 0.959553 0.953005 1.03291
0.954168 1.35498 0.826802 0.954999 0.964379 1.04584
0.984359 1.17367 0.85416 0.959853 0.951454 1.03247
0.955137 1.34795 0.828504 0.955149 0.963604 1.04561
0.985329 1.16664 0.855862 0.960003 0.950679 1.03225
0.985814 1.16312 0.856713 0.955224 0.963217 1.04551
0.925916 1.52224 0.802848 0.960078 0.950292 1.03214
0.986299 1.15961 0.857564 0.955262 0.963023 1.04545
1.06084 0.851921 0.907605 0.960115 0.950098 1.03208
0.994603 0.581823 1.10698 0.960134 0.950001 1.03206
0.939234 0.516321 1.22074 0.950446 0.975754 1.05876
0.930636 0.510717 1.22227 0.960153 0.949904 1.03203
0.926968 0.501269 1.19295 0.96359 0.940186 1.03045
0.927174 0.495217 1.19704 0.964794 0.932018 1.04465
end
gesture a06 hands 2
0.885489 0.465806 1.15264 0.966375 0.93501 1.06306
0.881484 0.474072 1.13572 0.969193 0.933516 1.05026
0.939476 0.492637 1.10361 0.971228 0.970687 1.00976
0.989615 0.585294 1.00102 0.961874 1.00603 1.01067
1.07139 0.93411 0.944876 0.961205 1.00363 1.03138
0.968881 1.19944 1.14214 0.962569 0.983896 1.03277
0.911517 1.22624 1.2094 0.94732 0.975513 1.05301
0.895334 1.25637 1.18215 0.955626 0.969838 1.04358
0.945353 1.40187 0.992598 0.955095 0.948799 1.07583
0.912251 1.34418 1.07375 0.959513 0.956481 1.05499
0.962271 1.48969 0.884197 0.958982 0.935443 1.08725
0.92071 1.38809 1.01955 0.961457 0.949803 1.0607
0.97073 1.53359 0.829996 0.960926 0.928764 1.09295
0.92494 1.41004 0.992448 0.962429 0.946464 1.06355
0.974959 1.55555 0.802896 0.961898 0.925425 1.09581
0.927055 1.42102 0.978898 0.962915 0.944794 1.06498
0.977074 1.56652 0.789346 0.962384 0.923756 1.09723
0.928112 1.42651 0.972123 0.963158 0.943959 1.06569
0.978132 1.57201 0.782571 0.962627 0.922921 1.09795
0.87915 1.28649 1.1549 0.963279 0.943542 1.06605
0.979189 1.5775 0.775796 0.962749 0.922503 1.0983
0.980534 1.55516 0.661135 0.96334 0.943333 1.06623
0.90908 1.58636 0.74059 0.962809 0.922295 1.09848
0.930979 1.52077 0.887688 0.963371 0.943229 1.06632
0.979994 1.36101 1.03037 0.96284 0.92219 1.09857
1.0803 1.17463 1.1163 0.963386 0.943177 1.06636
1.22816 0.867848 1.09716 0.962855 0.922138 1.09862
1.16623 0.670449 1.1531 0.963393 0.943151 1.06638
1.01318 0.504129 1.19162 0.962862 0.922112 1.09864
0.887667 0.465923 1.14627 0.962866 0.922099 1.09865
0.868572 0.453768 1.13522 0.963932 0.964163 1.03415
0.875979 0.449297 1.14613 0.96287 0.922086 1.09866
end
gesture a06 hands 2
0.95893 0.399252 1.19628 0.972753 0.94443 1.07364
0.953844 0.396715 1.20005 0.982732 0.965765 1.04959
0.981448 0.413571 1.19432 0.97319 0.984677 1.06229
0.982657 0.396915 1.21057 0.953653 0.992454 1.02052
0.94838 0.444772 1.10258 0.954407 1.00927 1.00739
1.00468 0.645683 0.992412 0.955253 0.999064 1.00311
1.06646 0.880583 1.02624 0.958312 0.988681 1.05028
1.09156 1.15166 1.12267 0.956098 0.988858 0.998822
1.03226 1.29542 1.24571 0.965045 0.978693 0.999028
0.971049 1.31048 1.32038 0.969518 0.97361 0.999131
0.901678 1.26252 1.32345 0.945413 1.02269 0.989798
0.888383 1.34895 1.29354 0.973992 0.968527 0.999234
0.918874 1.56392 1.11439 0.958107 0.973283 0.997893
0.981627 1.49659 0.777895 0.946927 0.933985 0.992899
0.954937 1.43938 0.602106 0.976155 0.897821 1.0015
0.92295 1.23241 0.661096 0.97368 0.909737 1.02376
1.03247 1.01832 0.776605 0.93013 0.903696 1.01608
1.01663 0.857424 0.838485 0.971205 0.921652 1.04603
1.00619 0.723992 1.00148 0.952707 0.989747 1.04946
1.00349 0.710261 0.950922 0.968414 0.985379 1.08568
0.993045 0.576828 1.11392 0.976268 0.983194 1.10378
0.996918 0.636678 1.00714 0.980194 0.982102 1.11284
0.986473 0.503246 1.17014 0.982158 0.981556 1.11736
0.993632 0.599887 1.03525 0.985008 0.967019 1.10249
0.983187 0.466455 1.19825 1.01228 0.939608 1.07597
0.991989 0.581492 1.04931 0.987859 0.952482 1.08761
0.981544 0.448059 1.21231 0.984121 0.98101 1.12189
0.991167 0.572294 1.05633 0.963437 0.965356 1.09925
0.980723 0.438862 1.21933 0.983232 0.962778 1.07468
0.980312 0.434263 1.22285 0.990544 0.976199 1.0641
1.00079 0.696529 0.900365 0.997936 0.93634 1.07208
0.979901 0.429664 1.22636 0.997856 0.98962 1.05351
end
gesture a06 hands 2
0.976591 0.494545 1.26651 0.974458 0.993958 1.05833
0.953782 0.468743 1.28252 0.963404 0.991499 1.04815
0.939925 0.496435 1.27814 0.922118 0.965379 1.03015
0.92223 0.515244 1.27338 0.952351 0.989041 1.03797
0.998754 0.616489 1.02898 0.954348 0.995234 1.04415
1.06184 0.916734 0.967574 0.954075 0.980573 1.05
1.03225 1.23014 1.07903 0.943579 0.941099 1.03526
0.981548 1.34951 1.28768 0.946928 0.926835 1.00289
0.950876 1.31141 1.31645 0.95372 0.885593 1.00581
0.935689 1.41966 1.275 0.950484 0.884871 0.995727
0.936907 1.49761 1.07292 0.96778 0.909329 1.01851
0.928705 1.51276 1.15323 0.957513 0.896739 1.00207
0.929922 1.59072 0.951155 0.974809 0.921197 1.02485
0.925212 1.55931 1.09235 0.961028 0.902673 1.00525
0.92643 1.63727 0.890272 0.978324 0.927131 1.02803
0.923466 1.58259 1.06191 0.962786 0.90564 1.00683
0.924684 1.66054 0.859831 0.980082 0.930098 1.02961
0.922593 1.59423 1.04669 0.947247 0.884148 0.985643
0.923811 1.67218 0.844611 0.981839 0.933065 1.0312
0.922157 1.60005 1.03908 0.981334 0.991095 1.04805
0.923375 1.678 0.837 1.01643 0.981982 1.07675
0.921938 1.60296 1.03528 0.984539 0.985849 1.08556
0.923156 1.68091 0.833195 0.968593 0.987783 1.08996
0.920502 1.52791 1.23355 0.960621 0.98875 1.09216
0.922938 1.68382 0.82939 0.956634 0.989233 1.09326
0.969725 1.48302 0.558616 0.954641 0.989475 1.09381
0.958181 1.31313 0.521878 0.953645 0.989596 1.09408
0.963311 1.13463 0.658756 0.969682 0.98181 1.1562
0.942989 0.878968 0.73523 0.952648 0.989717 1.09436
1.00765 0.645443 1.04145 0.940827 0.985696 1.06228
0.981035 0.477787 1.2691 0.995248 0.986793 1.049
0.961737 0.500473 1.27471 0.979947 0.962497 1.03985
end
gesture a06 hands 2
0.953679 0.520025 1.24903 0.989489 0.97035 0.995739
0.966384 0.526713 1.26507 0.977941 1.00463 0.994552
0.998608 0.553734 1.149 0.957138 0.985422 1.02531
1.02779 0.617113 1.11722 0.935498 0.97174 1.00755
1.02808 0.913347 1.17011 0.968784 0.933848 1.00713
1.04253 0.796919 1.12777 0.952019 0.925295 0.973819
1.04281 1.09315 1.18067 0.962115 0.901973 0.972953
1.0499 0.88682 1.13305 0.95938 0.909721 0.997403
1.05018 1.18305 1.18595 0.945451 0.907271 1.01837
1.05358 0.931773 1.13569 0.955988 0.920274 1.04529
1.05386 1.22801 1.18858 0.967476 0.954866 1.03937
1.05542 0.954249 1.13701 0.966524 0.933277 1.07221
1.05571 1.25048 1.1899 0.972034 0.967376 1.07912
1.05634 0.965487 1.13767 0.9895 1.00246 1.06036
1.05663 1.26172 1.19056 0.977543 1.00147 1.08603
1.0568 0.971106 1.138 0.987598 0.959283 1.12605
1.05709 1.26734 1.19089 0.967422 0.959894 1.13532
1.05703 0.973916 1.13817 0.965587 1.00049 1.1117
1.05732 1.27015 1.19106 0.979344 0.989741 1.10592
1.05715 0.975321 1.13825 0.986223 0.984367 1.10302
1.05743 1.27156 1.19114 0.989663 0.98168 1.10158
1.05698 0.680491 1.08544 0.947247 0.960505 1.1446
1.05755 1.27296 1.19122 0.993102 0.978993 1.10013
0.999593 1.40917 1.23996 0.987895 0.991832 1.07503
0.955358 1.52125 1.20446 0.985291 0.998251 1.06248
0.913374 1.7066 1.0164 0.98399 1.00146 1.05621
0.91253 1.72278 0.676521 0.983339 1.00307 1.05307
0.887676 1.44013 0.510686 0.926141 0.963911 1.06518
0.932864 1.06201 0.628001 0.947286 0.978115 1.05228
1.00032 0.684199 0.928799 0.982688 1.00467 1.04993
0.985634 0.542058 1.24944 0.968431 0.99232 1.03938
0.970982 0.528446 1.31111 0.980926 1.00503 1.02581
end
gesture a06 hands 2
0.960498 0.395035 1.22449 0.956529 0.969592 1.05935
0.955896 0.40321 1.19689 0.958344 0.961433 1.07014
1.10274 0.538647 0.986902 0.950744 0.980253 1.04563
1.08927 0.947199 1.06496 0.940182 0.984148 1.00009
1.19515 1.0636 0.967191 0.953269 0.97711 0.990014
1.0758 1.35575 1.14302 0.952942 0.975287 0.985819
0.914269 1.32262 1.32394 0.965114 0.966935 1.00662
0.77653 1.23095 1.33232 0.964564 0.966222 1.00352
0.833873 1.36904 1.25318 0.952616 0.973464 0.981624
0.862545 1.43809 1.21361 0.964014 0.965508 1.00042
0.784783 1.20903 1.34462 0.97696 0.95676 1.02322
0.837999 1.35808 1.25933 0.975412 0.957552 1.01922
0.866455 1.3537 1.07741 0.974638 0.957948 1.01722
0.878835 1.43042 1.12573 0.974251 0.958146 1.01622
0.907291 1.42604 0.943806 0.974058 0.958245 1.01572
0.899253 1.46659 1.05892 0.974009 0.95827 1.0156
0.927709 1.46221 0.877004 0.96301 0.964032 0.994477
0.909462 1.48467 1.02552 0.973961 0.958295 1.01547
0.937918 1.4803 0.843603 0.973912 0.958319 1.01535
0.914567 1.49371 1.00882 0.962938 0.964069 0.994289
0.943022 1.48934 0.826903 0.973888 0.958332 1.01528
0.917119 1.49823 1.00047 0.973876 0.958338 1.01525
0.945575 1.49386 0.818552 0.951963 0.969819 0.973233
0.891216 1.50713 1.17404 0.973864 0.958344 1.01522
0.948127 1.49838 0.810202 1.00065 0.936409 1.05643
0.93888 1.36012 0.707613 0.995765 0.946869 1.05721
0.988062 1.32349 0.701014 0.95612 0.971349 1.08126
1.0251 1.19353 0.692638 0.943978 0.96624 1.08361
1.10163 0.768242 0.798962 0.960388 0.966284 1.05153
1.02372 0.440837 1.10659 0.946863 0.975186 1.10128
0.950854 0.399291 1.28302 0.949626 0.974555 1.1195
0.955704 0.396184 1.26723 0.945624 0.971294 1.09789
end
gesture a06 hands 2
0.966558 0.329468 1.31543 0.946438 0.966494 1.08175
0.97187 0.332973 1.27936 0.95821 0.961879 1.06463
1.05516 0.463178 1.05928 0.942517 0.980944 1.01622
1.09846 0.816765 0.970757 0.947645 0.975762 1.00268
1.07593 1.11845 1.11841 0.969573 0.945234 1.04094
0.99638 1.18366 1.28719 0.96241 0.951714 1.04532
0.938703 1.16527 1.3286 0.952773 0.970581 0.989146
0.9108 1.1539 1.32641 0.955248 0.958194 1.04971
0.948058 1.2921 1.23796 0.956485 0.952 1.08
0.929335 1.24145 1.18478 0.976557 0.930763 1.07282
0.882897 1.14253 1.32421 0.957103 0.948904 1.09514
0.910612 1.1908 1.13161 0.976866 0.929214 1.08039
0.924469 1.21493 1.03531 0.957413 0.947355 1.10271
0.931398 1.227 0.98716 0.977021 0.92844 1.08418
0.957413 1.41893 1.14731 0.957567 0.946581 1.1065
0.938326 1.23907 0.939011 0.977098 0.928053 1.08607
0.935886 1.23605 0.749769 0.957645 0.946194 1.10839
0.927563 1.14763 0.74024 0.977137 0.92786 1.08702
0.938308 0.97097 0.871235 0.957683 0.946001 1.10933
0.928774 1.01509 0.800973 0.977156 0.927763 1.08749
0.939519 0.83843 0.931968 0.957703 0.945904 1.10981
0.929379 0.94882 0.831339 0.977166 0.927714 1.08773
0.940124 0.77216 0.962334 0.957712 0.945855 1.11004
0.929682 0.915685 0.846523 0.977171 0.92769 1.08785
0.940427 0.739025 0.977517 0.957717 0.945831 1.11016
0.929833 0.899117 0.854114 0.977173 0.927678 1.08791
0.940578 0.722457 0.985109 0.95772 0.945819 1.11022
0.940654 0.714174 0.988905 0.957721 0.945813 1.11025
0.91924 1.05921 0.730711 0.996629 0.909525 1.06565
0.940729 0.70589 0.992701 0.957722 0.945807 1.11028
0.983877 0.454455 0.980684 0.943664 0.968325 1.11533
0.962219 0.35257 1.25469 0.94206 0.98475 1.07999
end
gesture a06 hands 2
0.959965 0.454241 1.31966 0.948412 0.969923 1.06503
0.960438 0.446541 1.347 0.942867 0.958507 1.0438
1.05211 0.55293 0.99828 0.94985 0.955582 1.0301
1.08573 0.765579 0.853837 0.953871 0.954168 1.01555
1.01509 1.15679 0.956612 0.952515 0.938357 1.03355
0.945939 1.26836 1.2496 0.955204 0.945556 1.01728
0.889221 1.24404 1.3214 0.958185 0.953686 1.04026
0.859833 1.28411 1.32828 0.958039 0.95322 1.02063
0.910215 1.4168 1.15575 0.96102 0.961351 1.04361
0.87033 1.37049 1.24545 0.959456 0.957052 1.02231
0.920711 1.50317 1.07292 0.962438 0.965183 1.04529
0.875579 1.41368 1.20404 0.960165 0.958968 1.02315
0.92596 1.54636 1.03151 0.963146 0.967099 1.04613
0.878203 1.43527 1.18334 0.960519 0.959926 1.02357
0.928584 1.56796 1.01081 0.963501 0.968057 1.04655
0.879515 1.44607 1.17298 0.960696 0.960405 1.02378
0.929896 1.57875 1.00045 0.963678 0.968536 1.04676
0.880171 1.45147 1.16781 0.960785 0.960645 1.02389
0.930552 1.58415 0.995276 0.963766 0.968776 1.04687
0.880499 1.45417 1.16522 0.960829 0.960765 1.02394
0.93088 1.58685 0.992687 0.963811 0.968895 1.04692
0.880663 1.45552 1.16392 0.960851 0.960825 1.02396
0.931044 1.5882 0.991393 0.963833 0.968955 1.04694
0.931126 1.58888 0.990746 0.957892 0.952754 1.00101
0.830446 1.32418 1.33516 0.963855 0.969015 1.04697
0.931208 1.58955 0.990099 0.974748 0.977626 1.05903
0.908631 1.4471 0.741971 0.980195 0.981931 1.06505
0.952063 1.35541 0.703678 0.982876 1.00621 1.08483
1.0322 1.23747 0.681355 0.985642 0.986237 1.07108
1.15406 0.917295 0.723234 0.976693 0.961601 1.06955
1.13355 0.617206 0.892 0.988408 0.966264 1.05733
1.03985 0.48357 1.10736 0.988163 0.976477 1.04916
end
gesture a06 hands 2
0.981677 0.451286 1.3109 0.945155 0.942921 1.07674
1.01071 0.468593 1.21249 0.948135 0.952693 1.05871
1.15689 0.806429 1.02951 0.946055 0.948425 1.08155
1.06349 1.07657 1.1507 0.951114 0.962464 1.04069
1.0603 1.25126 1.19905 0.9555 0.948735 1.00659
0.970084 1.34671 1.27188 0.974292 0.954339 1.0115
0.935186 1.4012 1.01338 0.960618 0.947298 1.06099
0.912943 1.48337 1.05565 0.957613 0.94913 1.06791
0.917737 1.42845 0.884122 0.943667 0.949604 1.10512
0.904218 1.49699 0.991026 0.949137 0.950283 1.08998
0.909012 1.44207 0.819496 0.935191 0.950757 1.12718
0.899856 1.5038 0.958713 0.944899 0.95086 1.10101
0.90465 1.44888 0.787183 0.930953 0.951334 1.13822
0.897675 1.50721 0.942557 0.94278 0.951148 1.10653
0.902469 1.45228 0.771027 0.928834 0.951622 1.14373
0.896584 1.50891 0.934478 0.94172 0.951292 1.10929
0.901379 1.45399 0.762948 0.927775 0.951766 1.14649
0.896039 1.50976 0.930439 0.941191 0.951364 1.11067
0.900833 1.45484 0.758909 0.927245 0.951838 1.14787
0.895766 1.51019 0.92842 0.940926 0.9514 1.11136
0.900561 1.45526 0.75689 0.92698 0.951874 1.14856
0.89563 1.5104 0.92741 0.940793 0.951418 1.1117
0.900424 1.45548 0.75588 0.926847 0.951892 1.14891
0.900356 1.45558 0.755375 0.940727 0.951427 1.11187
0.890699 1.56554 1.09793 0.926781 0.951901 1.14908
0.900288 1.45569 0.75487 0.940694 0.951432 1.11196
0.891087 1.38995 0.719374 0.926748 0.951905 1.14916
0.893509 1.30536 0.787764 0.940678 0.951434 1.112
0.9042 1.04562 0.811162 0.926732 0.951908 1.14921
0.952281 0.631057 0.942677 0.926723 0.951909 1.14923
0.964334 0.442268 1.29966 0.954607 0.950962 1.07484
0.96825 0.439572 1.34477 0.926715 0.95191 1.14925
end
gesture a06 hands 2
0.959482 0.42726 1.29373 0.929689 0.952635 1.12019
0.960328 0.437622 1.27178 0.926794 0.958549 1.09082
0.953716 0.430168 1.2785 0.935382 0.963682 1.07718
0.974523 0.450627 1.23057 0.938228 0.969205 1.05567
1.06088 0.606725 1.04836 0.923899 0.964464 1.06144
1.11909 1.11137 1.06325 0.941074 0.974729 1.03416
1.025 1.32265 1.20338 0.948624 0.970297 1.03135
0.9294 1.3973 1.30523 0.9524 0.96808 1.02994
0.892836 1.59956 1.06605 0.954287 0.966972 1.02923
0.897398 1.54888 0.807506 0.955231 0.966418 1.02888
0.912074 1.38405 0.733719 0.948713 0.953413 1.05401
0.956427 1.27999 0.732319 0.956175 0.965864 1.02853
0.948032 0.990378 0.813704 0.952943 0.958529 1.01819
0.974406 1.08316 0.772311 0.950475 0.958728 1.02661
0.96601 0.793541 0.853697 0.963714 0.950132 1.0256
0.983395 0.984741 0.792308 0.962192 0.949918 1.04222
0.975 0.695123 0.873694 0.956523 0.951911 1.06424
0.98789 0.935532 0.802306 0.96067 0.949704 1.05884
0.979494 0.645914 0.883692 0.962744 0.948601 1.05614
0.990137 0.910927 0.807305 0.963781 0.948049 1.05479
0.981742 0.62131 0.888691 0.9643 0.947773 1.05412
0.991261 0.898625 0.809804 0.964559 0.947635 1.05378
0.982865 0.609007 0.89119 0.964688 0.947566 1.05361
0.991823 0.892474 0.811054 0.964753 0.947531 1.05352
0.983427 0.602856 0.89244 0.964786 0.947514 1.05348
0.992104 0.889398 0.811679 0.976953 0.941537 1.02459
0.983708 0.599781 0.893065 0.964818 0.947497 1.05344
0.992244 0.88786 0.811992 0.95875 0.950477 1.06787
0.983849 0.598243 0.893378 0.955717 0.951967 1.07508
1.00078 1.17594 0.730918 0.962571 0.945094 1.10188
0.983989 0.596705 0.89369 0.952683 0.953457 1.08229
0.97045 0.47279 1.05805 0.951806 0.949438 1.08747
end
gesture a06 hands 2
0.961049 0.416514 1.26442 0.917127 0.940491 1.12664
0.959144 0.417008 1.24872 0.926978 0.943886 1.05528
0.976579 0.412425 1.27673 0.959383 0.972356 1.01605
0.980574 0.433916 1.21817 0.958818 0.964925 1.03099
1.06361 0.601103 1.04692 0.943748 0.957297 1.06616
1.08142 1.19641 1.10266 0.951 0.957395 1.05605
0.956687 1.35642 1.27653 0.93593 0.949767 1.09121
0.886033 1.51785 1.16064 0.947091 0.953631 1.06857
0.865893 1.51724 0.852904 0.932021 0.946003 1.10374
0.875297 1.47308 0.813943 0.945137 0.951748 1.07484
0.921346 1.33336 0.788925 0.930066 0.94412 1.11001
0.946385 1.15343 0.767738 0.94416 0.950807 1.07797
0.939482 0.875876 0.982643 0.929089 0.943179 1.11314
0.955453 0.924687 0.864597 0.943671 0.950337 1.07954
0.94855 0.647134 1.0795 0.9286 0.942708 1.1147
0.959987 0.810316 0.913027 0.943427 0.950101 1.08032
0.953084 0.532763 1.12793 0.928356 0.942473 1.11549
0.962254 0.75313 0.937241 0.943305 0.949984 1.08071
0.955351 0.475578 1.15215 0.928234 0.942356 1.11588
0.963387 0.724538 0.949349 0.943244 0.949925 1.0809
0.956484 0.446985 1.16425 0.928173 0.942297 1.11607
0.963954 0.710241 0.955402 0.943213 0.949895 1.081
0.957051 0.432688 1.17031 0.928143 0.942267 1.11617
0.964238 0.703093 0.958429 0.943198 0.949881 1.08105
0.957335 0.42554 1.17333 0.928127 0.942253 1.11622
0.964379 0.699519 0.959943 0.94319 0.949873 1.08108
0.957476 0.421966 1.17485 0.92812 0.942245 1.11625
0.96445 0.697732 0.960699 0.943186 0.94987 1.08109
0.957547 0.420179 1.1756 0.928116 0.942242 1.11626
0.957583 0.419286 1.17598 0.958253 0.957494 1.04593
0.971424 0.973498 0.746552 0.928112 0.942238 1.11627
0.957618 0.418392 1.17636 0.926169 0.924008 1.1492
end
gesture a10 hands 2
0.861782 0.813698 1.09657 1.04103 0.832419 1.08272
1.08851 0.871457 1.20254 0.892235 0.858292 1.19657
1.24629 0.996928 1.31748 0.717751 0.962793 1.29561
1.27564 1.04065 1.31003 0.639378 1.05669 1.30248
1.35967 1.09412 1.11296 0.616305 1.07479 1.15844
1.27031 1.1091 0.932555 0.674349 1.08938 0.999061
1.05102 1.1486 0.872664 0.841142 1.13082 0.89761
1.11598 1.13633 0.812407 0.786768 1.11739 0.868646
0.89669 1.17583 0.752516 0.953561 1.15883 0.767196
1.03882 1.14995 0.752334 0.842978 1.13139 0.803439
0.819527 1.18945 0.692442 1.00977 1.17283 0.701988
1.00023 1.15676 0.722297 0.871082 1.1384 0.770835
0.780946 1.19626 0.662405 1.03788 1.17984 0.669385
0.980943 1.16017 0.707278 0.885135 1.1419 0.754533
0.761655 1.19967 0.647387 1.05193 1.18334 0.653083
0.971297 1.16187 0.699769 0.892161 1.14365 0.746382
0.752009 1.20137 0.639877 1.05895 1.18509 0.644932
0.966475 1.16272 0.696014 0.895674 1.14452 0.742307
0.747187 1.20222 0.636123 1.06247 1.18596 0.640856
0.964063 1.16314 0.694137 1.06422 1.1864 0.638819
0.744775 1.20264 0.634245 0.732394 1.10396 0.839682
1.18094 1.12407 0.752151 1.06598 1.18684 0.636781
0.742364 1.20307 0.632368 1.19221 1.24407 0.60213
0.617716 1.27808 0.642272 1.25973 1.20403 0.663447
0.776165 1.19332 0.691361 1.00604 1.06055 0.748834
0.945612 1.06091 0.713571 0.878324 0.918352 0.971953
1.11367 0.917675 0.989056 0.960202 0.894611 1.1116
0.973265 0.840383 1.28955 1.01528 0.853843 1.27167
0.919873 0.851376 1.32183 1.04208 0.870869 1.25124
0.925504 0.828741 1.2444 1.05772 0.86275 1.22784
0.946617 0.84749 1.13829 1.03909 0.849299 1.11923
0.916541 0.825755 1.1153 1.08789 0.844352 1.122
end
gesture a10 hands 2
0.860493 0.791995 1.16799 1.11638 0.807901 1.12583
0.942665 0.793573 1.25657 1.12648 0.805877 1.1268
1.07369 0.817226 1.32024 1.10043 0.806578 1.20384
1.23103 0.942026 1.40036 1.06147 0.817311 1.25037
1.36246 1.06992 1.24994 0.87799 0.926959 1.24846
1.34367 1.10884 1.10785 0.950245 0.877501 1.27268
1.1836 1.13104 0.962824 0.76677 0.98715 1.27076
1.25424 1.1394 0.964292 0.894635 0.907597 1.28383
1.09418 1.1616 0.819265 0.71116 1.01724 1.28192
1.20952 1.15468 0.892513 0.86683 0.922644 1.28941
1.04946 1.17688 0.747486 0.683355 1.03229 1.28749
1.18717 1.16232 0.856624 0.852928 0.930168 1.2922
1.02711 1.18452 0.711597 0.669452 1.03982 1.29028
1.17599 1.16614 0.838679 0.845976 0.93393 1.29359
1.01593 1.18834 0.693652 0.662501 1.04358 1.29168
1.1704 1.16805 0.829706 0.842501 0.935811 1.29429
1.01034 1.19025 0.684679 0.659026 1.04546 1.29237
1.1676 1.169 0.82522 0.840763 0.936751 1.29464
1.00754 1.19121 0.680193 0.657288 1.0464 1.29272
1.16621 1.16948 0.822977 0.839894 0.937222 1.29481
1.00615 1.19168 0.67795 0.656419 1.04687 1.2929
1.32487 1.14776 0.965761 1.0225 0.828044 1.2969
1.00475 1.19216 0.675707 0.65555 1.04734 1.29307
0.794232 1.18318 0.678048 0.600132 1.12581 1.04156
0.600132 1.18719 0.659985 0.78632 1.17206 0.734379
0.583713 1.17421 0.680389 1.10575 1.20299 0.660657
0.79301 1.08434 0.68944 1.18183 1.1765 0.631331
1.04949 0.930525 0.90832 0.985652 1.10513 0.690877
1.06226 0.841529 1.16331 0.806419 0.936175 0.932719
0.970508 0.818704 1.22203 0.871034 0.83209 1.21136
0.851603 0.783295 1.29375 1.03298 0.813667 1.29837
0.878755 0.795878 1.28074 1.0437 0.818099 1.24585
end
gesture a10 hands 2
0.937268 0.830473 1.2719 1.00254 0.844579 1.25725
0.960327 0.831861 1.24982 0.986417 0.838269 1.23608
0.980162 0.847495 1.1306 0.969416 0.853385 1.07985
0.954902 0.84558 1.12424 1.01604 0.87203 1.0158
1.10027 0.879622 1.2594 1.07479 0.850171 1.04973
1.01496 0.861643 1.18864 1.05094 0.844405 1.12288
1.16032 0.895685 1.3238 0.818867 0.900141 1.37151
1.04498 0.869675 1.22084 0.664385 0.995437 1.36178
1.19035 0.903717 1.356 0.553819 1.11294 1.10212
1.05999 0.87369 1.23694 0.651781 1.14175 0.937751
1.20536 0.907732 1.3721 0.818159 1.17036 0.907702
1.0675 0.875698 1.24499 0.783951 1.17046 0.840541
1.21286 0.90974 1.38015 0.95033 1.19907 0.810493
1.07125 0.876702 1.24902 0.850036 1.18482 0.791937
1.21662 0.910744 1.38418 1.01641 1.21342 0.761889
1.07313 0.877204 1.25103 0.883079 1.192 0.767635
1.21849 0.911246 1.38619 1.04946 1.2206 0.737586
1.07407 0.877455 1.25203 0.8996 1.19559 0.755484
1.21943 0.911497 1.38719 1.06598 1.22419 0.725435
1.2199 0.911623 1.3877 0.907861 1.19738 0.749408
0.929641 0.843664 1.11788 1.07424 1.22599 0.71936
1.22037 0.911748 1.3882 0.911991 1.19828 0.74637
1.35761 1.01183 1.321 1.07837 1.22688 0.716322
1.39883 1.1535 1.00136 0.749743 1.17057 0.773381
1.09921 1.21107 0.700039 1.0825 1.22778 0.713284
0.745665 1.22668 0.667767 1.14115 1.16821 0.713969
0.695327 1.13043 0.734059 1.13749 1.12085 0.743114
0.743436 1.12957 0.747981 1.13114 1.13529 0.758134
0.875474 1.04841 0.778148 1.04709 1.04856 0.786991
1.03708 0.886177 0.992679 0.91562 0.919485 0.977314
0.985851 0.831494 1.24387 0.97994 0.848544 1.23728
0.950466 0.84702 1.27865 1.01116 0.876707 1.3764
end
gesture a10 hands 2
0.936076 0.746938 1.2997 1.04476 0.734516 1.27014
0.906929 0.744422 1.29896 1.04049 0.74321 1.26006
0.905195 0.753659 1.29843 1.04705 0.74924 1.2507
0.925102 0.752512 1.30707 0.935823 0.752762 1.24442
1.14052 0.791376 1.36005 0.866316 0.851837 1.1484
1.22619 0.858307 1.23978 0.845456 0.80406 1.19327
1.13401 0.956743 1.06645 0.77595 0.903135 1.09725
1.22294 0.940991 1.09298 0.800273 0.82971 1.1677
1.13076 1.03943 0.919649 0.730766 0.928785 1.07168
1.22131 0.982332 1.01958 0.777681 0.842534 1.15491
1.12913 1.08077 0.846249 0.708175 0.941609 1.05889
1.2205 1.003 0.98288 0.766385 0.848947 1.14851
1.12831 1.10144 0.809549 0.696879 0.948022 1.05249
1.22009 1.01334 0.96453 0.760737 0.852153 1.14532
1.12791 1.11177 0.791199 0.691231 0.951228 1.0493
1.21989 1.01851 0.955355 0.757913 0.853756 1.14372
1.1277 1.11694 0.782024 0.688407 0.952831 1.0477
1.21979 1.02109 0.950767 0.686995 0.953632 1.0469
1.1276 1.11953 0.777436 0.824596 0.756284 1.23814
1.12755 1.12082 0.775143 0.685583 0.954434 1.0461
1.31187 0.925238 1.11951 0.821661 1.11968 0.777914
1.1275 1.12211 0.772849 0.962361 1.20349 0.789557
0.802002 1.2497 0.771606 1.08004 1.28466 0.644831
0.691602 1.32819 0.649828 1.10306 1.2873 0.801199
0.71658 1.30722 0.52556 1.09286 1.32774 0.754655
0.730495 1.30644 0.563276 0.943418 1.21998 0.812684
0.948088 1.06827 0.909243 0.777399 0.950392 0.995285
1.20441 0.942569 1.02711 0.897064 0.863661 1.12364
1.16568 0.830108 1.25521 0.821058 0.841879 1.24315
0.984274 0.768756 1.35086 1.01673 0.776929 1.25199
0.887662 0.761637 1.28159 1.02882 0.782762 1.24872
0.897 0.762197 1.30423 1.02306 0.774889 1.25908
end
gesture a10 hands 2
0.969917 0.703114 1.27703 1.04486 0.667321 1.29613
1.03067 0.702431 1.32779 1.02428 0.692746 1.29667
1.2608 0.761707 1.2993 0.77383 0.723385 1.27634
1.44124 0.89825 1.19129 0.617797 0.868793 1.10348
1.30749 1.02566 0.843888 0.765448 1.02254 0.855733
0.955993 1.23058 0.763451 0.940059 1.13282 0.844766
0.804358 1.26222 0.662304 1.08054 1.18915 0.728714
0.722009 1.33449 0.578712 1.11467 1.24311 0.833799
0.693512 1.07089 0.805832 0.954541 1.3131 0.857051
0.60926 1.04859 1.01476 0.960431 1.35206 0.83318
0.813101 0.934758 1.01633 0.958746 1.32482 0.864413
0.669055 0.980529 1.12001 0.999345 1.02608 1.04883
0.872895 0.866693 1.12158 0.99975 1.01794 1.06394
0.698952 0.946496 1.17263 0.978406 1.15776 0.979792
0.902792 0.83266 1.17421 0.999953 1.01387 1.07149
0.7139 0.92948 1.19894 0.978507 1.15572 0.98357
0.91774 0.815643 1.20052 1.00005 1.01183 1.07527
0.721375 0.920972 1.2121 0.978558 1.1547 0.985458
0.925215 0.807135 1.21367 1.0001 1.01081 1.07716
0.725112 0.916718 1.21868 0.978583 1.15419 0.986403
0.928952 0.802881 1.22025 1.00013 1.01031 1.0781
0.72698 0.914591 1.22197 0.978596 1.15394 0.986875
0.93082 0.800754 1.22354 1.00014 1.01005 1.07858
0.727915 0.913527 1.22361 0.978602 1.15381 0.987111
0.931755 0.799691 1.22519 1.00015 1.00992 1.07881
0.728382 0.912995 1.22443 0.978605 1.15375 0.987229
0.932222 0.799159 1.22601 1.00015 1.00986 1.07893
0.728615 0.912729 1.22484 1.00015 1.00983 1.07899
0.932455 0.798893 1.22642 0.957061 1.29757 0.895646
0.525009 1.0263 1.22368 1.00016 1.0098 1.07905
0.932689 0.798627 1.22683 1.03826 0.700106 1.26448
0.99883 0.727897 1.29283 1.04325 0.722024 1.26245
end
gesture a10 hands 2
0.909507 0.864079 1.16177 1.03723 0.876598 1.12652
0.87947 0.873041 1.14042 1.04435 0.853562 1.13002
0.904235 0.861072 1.16919 1.04025 0.845708 1.13586
1.21628 0.915759 1.30071 1.02023 0.847763 1.15179
1.42769 1.0962 1.23844 1.04438 0.843526 1.13313
1.41361 1.13314 1.06413 1.03416 0.845759 1.13814
1.22874 1.18024 0.931183 0.78921 0.921166 1.29712
1.31414 1.17516 0.910498 0.675143 0.987898 1.27687
1.12927 1.22227 0.777555 0.682718 1.02827 1.10334
1.26441 1.19617 0.833684 0.69254 1.09713 1.06792
1.07954 1.24328 0.70074 0.561076 1.05463 1.25662
1.23954 1.20667 0.795277 0.568651 1.095 1.08309
1.05467 1.25378 0.662333 0.702362 1.16598 1.0325
1.2271 1.21193 0.776073 0.639294 1.15068 0.971027
1.04223 1.25904 0.64313 0.773005 1.22166 0.920436
1.22089 1.21455 0.766471 0.674616 1.17852 0.914996
1.03602 1.26166 0.633528 0.808326 1.2495 0.864405
1.21778 1.21587 0.76167 0.692276 1.19244 0.886981
1.03291 1.26298 0.628727 0.825987 1.26342 0.836389
1.03135 1.26363 0.626326 0.576226 1.13537 0.909557
1.39954 1.17007 0.889813 0.843648 1.27734 0.808374
1.0298 1.26429 0.623926 0.977359 1.34833 0.757782
0.714295 1.33041 0.572458 1.04421 1.38382 0.732487
0.720007 1.36283 0.537559 0.970414 1.24504 0.609506
1.0358 1.19748 0.65644 1.02147 1.28815 0.64347
1.0993 0.952776 0.906474 1.11107 1.41931 0.707191
1.06396 0.868482 1.13655 1.07253 1.33126 0.677434
0.898124 0.855563 1.15782 0.980702 1.20929 0.689866
0.911865 0.850127 1.17245 0.904983 0.985332 0.884062
0.998656 0.84031 1.19452 0.911727 0.888449 1.07653
0.900501 0.835765 1.1709 1.04798 0.845198 1.12418
0.891443 0.836436 1.16563 1.05425 0.841532 1.1538
end
gesture a10 hands 2
0.96585 0.638138 1.33245 1.02653 0.667203 1.30684
0.975375 0.634572 1.34616 1.02744 0.664483 1.29526
0.970125 0.638636 1.31955 1.03007 0.663912 1.29211
1.14883 0.702146 1.1036 1.02495 0.666065 1.31718
1.29838 0.957947 0.926376 1.03677 0.671515 1.27361
1.24781 1.24731 0.785464 0.870606 0.717827 1.14372
0.989205 1.3751 0.751254 0.72394 0.982885 0.964963
0.691998 1.39329 0.811061 0.837501 1.21649 0.836777
0.667708 1.35855 0.804936 0.744622 1.27852 0.784691
0.862264 1.28714 0.795093 0.893031 1.31416 0.778072
0.940529 1.14427 0.855897 0.951062 1.4501 0.708591
0.998675 1.18 0.820574 1.04144 1.34981 0.771452
1.07694 1.03713 0.881378 1.08663 1.29966 0.802883
1.06688 1.12643 0.833314 1.10923 1.27459 0.818599
1.14514 0.98356 0.894118 1.11435 1.12612 0.903269
1.10098 1.09964 0.839684 1.13182 1.24952 0.834314
1.17924 0.956775 0.900488 1.1179 1.2664 0.800558
1.11803 1.08625 0.842869 1.103 1.2635 0.808941
1.1963 0.943383 0.903673 0.939174 1.23643 0.82225
1.12656 1.07955 0.844462 0.960155 1.31078 0.775754
1.20482 0.936686 0.905266 0.85726 1.2229 0.828904
1.13082 1.0762 0.845258 0.919198 1.30402 0.779081
1.20909 0.933338 0.906062 0.816304 1.21614 0.832231
1.13295 1.07453 0.845656 0.89872 1.30063 0.780745
1.21122 0.931664 0.90646 0.795825 1.21275 0.833894
1.13402 1.07369 0.845855 0.785586 1.21106 0.834726
1.21228 0.930827 0.906659 0.981136 1.38513 0.729259
1.05682 1.21572 0.78525 0.775347 1.20937 0.835558
1.21335 0.92999 0.906858 0.729354 0.974217 1.00055
1.1696 0.664978 1.20895 0.858747 0.714963 1.19124
0.978494 0.620885 1.36412 1.00608 0.641863 1.34398
0.971166 0.637378 1.3609 1.01303 0.647552 1.35379
end
gesture a10 hands 2
0.971144 0.601498 1.41896 1.05816 0.594877 1.38489
0.980029 0.606978 1.41757 1.07345 0.609603 1.37784
1.10596 0.585619 1.35935 1.06695 0.602935 1.36883
1.2357 0.666007 1.24262 1.01646 0.598026 1.36926
1.2418 0.828829 1.11152 0.86526 0.681063 1.28611
1.30361 0.787612 1.11871 0.915618 0.63709 1.32791
1.30971 0.950435 0.987612 0.764415 0.720126 1.24476
1.33757 0.848415 1.05676 0.865196 0.656622 1.30723
1.34367 1.01124 0.925655 0.713992 0.739658 1.22408
1.35455 0.878816 1.02578 0.839984 0.666388 1.29689
1.36065 1.04164 0.894677 0.688781 0.749424 1.21374
1.36304 0.894017 1.01029 0.827379 0.671271 1.29172
1.36914 1.05684 0.879188 0.676176 0.754307 1.20857
1.36729 0.901617 1.00254 0.821076 0.673712 1.28913
1.37338 1.06444 0.871444 0.669873 0.756749 1.20598
1.36941 0.905417 0.998672 0.817924 0.674933 1.28784
1.37551 1.06824 0.867571 0.666721 0.757969 1.20469
1.37047 0.907317 0.996736 0.965976 0.593117 1.3697
1.37657 1.07014 0.865635 0.66357 0.75919 1.2034
1.371 0.908267 0.995768 0.594416 1.11569 0.954801
1.3771 1.07109 0.864667 0.744292 1.32164 0.808176
1.36543 0.746395 1.1259 1.00623 1.3611 0.713757
1.37763 1.07204 0.863699 1.17843 1.32013 0.734171
1.20097 1.28529 0.725863 1.1546 1.30728 0.769783
0.868853 1.3452 0.742811 1.13458 1.3033 0.783255
0.676919 1.36362 0.777402 1.06664 1.3369 0.723978
0.743919 1.32993 0.781024 0.833964 1.18763 0.829095
1.01893 1.17746 0.893255 0.726992 0.868737 1.03355
1.18736 0.864424 0.923695 0.843753 0.630898 1.24298
1.15462 0.600412 1.19463 0.937737 0.607299 1.31408
0.960876 0.570306 1.4116 1.06835 0.555576 1.39241
0.96237 0.582864 1.4172 1.03172 0.5837 1.38518
end
gesture a10 hands 2
0.967145 0.655721 1.37294 0.997239 0.64346 1.37182
1.05982 0.648643 1.33273 0.994202 0.663628 1.35188
1.33175 0.747984 1.14084 0.987526 0.656615 1.34472
1.28476 1.00237 0.919591 0.838779 0.707641 1.27384
1.40075 1.03923 0.855177 0.782964 0.845733 1.15869
1.23777 1.25676 0.698341 0.736498 0.802199 1.18083
0.866189 1.34361 0.713829 0.680682 0.940291 1.06568
0.659937 1.41431 0.710363 0.685357 0.849479 1.13432
0.654474 1.39866 0.727554 0.629542 0.987571 1.01917
0.668043 1.3625 0.792837 0.659787 0.873118 1.11107
0.754809 1.31874 0.803274 0.603971 1.01121 0.99592
0.813457 1.28719 0.769603 0.647002 0.884938 1.09944
0.895114 1.13787 0.840992 0.591186 1.02303 0.984294
0.88361 1.19675 0.788463 0.640609 0.890848 1.09363
0.965267 1.04743 0.859851 0.584794 1.02894 0.97848
0.918686 1.15153 0.797892 0.690032 0.758666 1.20296
1.00034 1.00221 0.86928 0.578401 1.03485 0.972667
0.936224 1.12892 0.802607 0.678301 1.24537 0.787778
1.01788 0.9796 0.873995 0.951113 1.37645 0.63853
0.944993 1.11762 0.804964 1.03058 1.3706 0.662958
1.02665 0.968296 0.876353 1.16678 1.37426 0.732034
0.949378 1.11197 0.806143 1.11005 1.36476 0.687386
1.03104 0.962643 0.877531 1.09931 1.38745 0.644355
0.95157 1.10914 0.806732 1.03998 1.31572 0.710083
1.03323 0.959817 0.878121 1.16556 1.36218 0.676408
1.03432 0.958404 0.878415 0.980651 1.24398 0.77581
0.872105 1.25564 0.735933 0.920208 0.933382 0.957631
1.03542 0.956991 0.87871 0.966484 0.784854 1.15356
1.00034 0.807418 1.12847 0.971433 0.659735 1.22273
1.06365 0.658756 1.22339 1.01276 0.636326 1.34948
0.965253 0.657846 1.37824 1.02489 0.676514 1.36031
0.976498 0.669819 1.37688 1.02654 0.677635 1.35472
end
gesture a10 hands 2
0.868234 0.852146 1.18174 1.04259 0.86411 1.17658
0.94914 0.868033 1.16137 1.03703 0.873073 1.17197
1.2154 0.92505 1.13806 0.983708 0.868702 1.17194
1.25118 0.999525 1.03343 0.757895 0.910742 1.1909
1.35717 1.02972 1.13405 0.617922 1.00085 1.13077
1.32206 1.05186 1.03143 0.646827 1.02653 1.02393
1.15379 1.08726 0.945464 0.806942 1.05345 0.927558
1.22038 1.08063 0.937136 0.741336 1.05283 0.92232
1.0521 1.11603 0.85117 0.901451 1.07976 0.825952
1.16953 1.09502 0.88999 0.788591 1.06598 0.871517
1.00126 1.13041 0.804024 0.948706 1.09291 0.775149
1.14411 1.10221 0.866416 0.812219 1.07256 0.846115
0.975837 1.13761 0.78045 0.972334 1.09948 0.749748
1.1314 1.1058 0.85463 0.824032 1.07585 0.833415
0.963126 1.1412 0.768664 0.984147 1.10277 0.737047
1.12504 1.1076 0.848736 0.829939 1.07749 0.827064
0.956771 1.143 0.76277 0.990054 1.10442 0.730696
1.12187 1.1085 0.84579 0.832893 1.07831 0.823889
0.953593 1.1439 0.759824 0.993008 1.10524 0.727521
1.12028 1.10895 0.844316 0.834369 1.07872 0.822302
0.952004 1.14435 0.75835 0.994484 1.10565 0.725934
0.951209 1.14458 0.757614 0.835108 1.07893 0.821508
1.28696 1.074 0.928809 0.995223 1.10585 0.72514
0.950415 1.1448 0.756877 0.995592 1.10596 0.724743
0.842845 1.16848 0.736019 0.675731 1.05221 0.917082
0.692027 1.19657 0.744071 0.995961 1.10606 0.724346
0.735276 1.19217 0.715162 1.16867 1.18646 0.696406
0.952969 1.11475 0.743627 1.17686 1.20553 0.684908
1.10783 0.989707 0.912268 0.953861 1.0865 0.76024
1.04892 0.855975 1.19482 0.803811 0.955831 0.987651
0.915598 0.825617 1.26606 0.88511 0.866083 1.22631
0.922501 0.837674 1.23817 1.0182 0.853008 1.22555
end
gesture a10 hands 2
0.928768 0.841048 1.25544 1.00846 0.867369 1.21099
0.917118 0.848862 1.22725 0.994461 0.877791 1.19606
1.04669 0.848151 1.21763 0.997234 0.870417 1.21033
1.15475 0.945116 1.08659 1.0087 0.862398 1.24638
1.25856 0.937122 1.14939 0.900069 0.855638 1.22715
1.26068 0.989601 1.05247 0.789337 0.931874 1.09062
1.15008 1.00194 0.971963 0.707813 0.920628 1.14681
1.20645 1.02201 0.96376 0.693209 0.964369 1.05045
1.09585 1.03435 0.88325 0.790518 0.991929 0.959747
1.17933 1.03822 0.919404 0.83187 1.02758 0.866215
1.06873 1.05056 0.838893 0.678604 1.00811 0.954098
1.16577 1.04632 0.897225 0.873222 1.06323 0.772684
1.05517 1.05866 0.816714 0.959454 1.09016 0.753392
1.15899 1.05037 0.886136 1.05708 1.1343 0.716528
1.04839 1.06271 0.805625 1.04569 1.11709 0.734101
1.1556 1.05239 0.880592 1.03999 1.10849 0.742887
1.045 1.06473 0.800081 1.03714 1.10419 0.747281
1.1539 1.05341 0.877819 1.13589 1.17409 0.703998
1.0433 1.06575 0.797308 1.03429 1.09989 0.751674
1.15306 1.05391 0.876433 0.946423 1.02229 0.874817
1.04246 1.06625 0.795922 1.02913 0.977437 1.02218
1.04203 1.06651 0.795229 0.985467 0.942285 1.07698
1.26281 1.04208 0.955558 0.963633 0.924709 1.10438
1.04161 1.06676 0.794536 0.952716 0.915921 1.11808
0.885039 1.11902 0.767901 0.947257 0.911527 1.12493
0.702575 1.1613 0.744756 0.944528 0.90933 1.12835
0.728468 1.17129 0.741266 0.943163 0.908231 1.13006
0.86758 1.11579 0.76057 0.942481 0.907682 1.13092
1.04728 0.977878 0.93065 0.858557 0.944698 0.99796
1.02241 0.852717 1.18112 0.941799 0.907133 1.13177
0.896093 0.831036 1.26704 1.02398 0.854985 1.29269
0.89544 0.846947 1.25815 1.02504 0.869567 1.26559
end
gesture a10 hands 2
0.945471 0.836502 1.3118 0.972552 0.862126 1.26798
0.941467 0.838362 1.30512 0.964471 0.845159 1.28973
0.946275 0.83127 1.27837 0.81768 0.849635 1.24399
1.14059 0.850306 1.2319 0.77097 0.887271 1.14915
1.26537 0.95357 1.10101 0.826218 0.944592 1.04263
1.20726 1.00796 0.977404 0.775239 0.934749 1.04847
1.02158 1.05233 0.961442 0.830487 0.992071 0.941943
1.08536 1.05734 0.907619 0.777374 0.958489 0.998132
0.899678 1.1017 0.891658 0.832622 1.01581 0.891602
1.02441 1.08203 0.872728 0.778441 0.970358 0.972961
0.83873 1.12639 0.856766 0.833689 1.02768 0.866432
0.993935 1.09437 0.855281 0.778975 0.976293 0.960376
0.808255 1.13874 0.83932 0.834222 1.03362 0.853846
0.978698 1.10054 0.846559 0.779242 0.979261 0.954083
0.793018 1.14491 0.830597 0.834489 1.03658 0.847554
0.971079 1.10363 0.842197 0.779375 0.980744 0.950937
0.7854 1.14799 0.826236 0.834623 1.03807 0.844407
0.96727 1.10517 0.840016 0.779442 0.981486 0.949364
0.78159 1.14954 0.824055 0.834689 1.03881 0.842834
0.965365 1.10594 0.838926 0.834723 1.03918 0.842048
0.779686 1.15031 0.822964 0.724261 0.924906 1.05432
0.778733 1.15069 0.822419 0.834756 1.03955 0.841261
1.14914 1.06235 0.853797 0.973453 1.07277 0.805511
0.777781 1.15108 0.821874 1.09612 1.13626 0.76656
0.71612 1.16428 0.81218 1.11215 1.106 0.76976
0.74168 1.11533 0.800063 0.970409 1.06077 0.811375
0.885359 1.06563 0.807187 0.825252 0.95357 0.96256
1.04126 0.973939 0.916621 0.824021 0.8592 1.21428
1.07505 0.866525 1.11984 0.893237 0.858397 1.26215
0.934934 0.803496 1.24638 0.989648 0.832286 1.30797
0.92238 0.824965 1.26297 0.962453 0.857594 1.31001
0.93014 0.831117 1.25378 0.975533 0.863703 1.24657
end
gesture a10 hands 2
1.03254 0.867196 1.09698 0.901158 0.88454 1.12735
1.01411 0.862381 1.12967 0.898784 0.887017 1.12219
1.00115 0.879213 1.06952 0.896698 0.892499 1.10827
1.01737 0.920456 1.00842 0.899983 0.94057 1.01611
0.974243 1.02731 0.908301 0.994946 1.03714 0.904133
0.861364 1.11728 0.861088 1.06479 1.09719 0.880275
0.749079 1.12746 0.911426 1.12788 1.17851 0.857682
0.765492 1.14826 0.894882 1.13126 1.16788 0.85705
0.831898 1.11078 0.90545 1.06484 1.12592 0.873683
0.806902 1.13992 0.891894 1.09974 1.14158 0.86505
0.873308 1.10244 0.902462 1.03332 1.09962 0.881684
0.827607 1.13575 0.8904 1.08398 1.12843 0.869051
0.894013 1.09827 0.900968 1.01757 1.08647 0.885684
0.83796 1.13366 0.889653 1.0761 1.12186 0.871051
0.904366 1.09618 0.900221 1.00969 1.0799 0.887685
0.843136 1.13262 0.889279 1.07216 1.11857 0.872051
0.909542 1.09514 0.899848 1.00575 1.07661 0.888685
0.845724 1.1321 0.889093 1.07019 1.11692 0.872551
0.91213 1.09462 0.899661 1.00378 1.07496 0.889185
0.847018 1.13184 0.888999 1.06921 1.1161 0.872801
0.913424 1.09436 0.899567 1.00279 1.07414 0.889435
0.847665 1.13171 0.888953 1.06872 1.11569 0.872926
0.914071 1.09423 0.899521 1.0023 1.07373 0.88956
0.847988 1.13165 0.888929 1.06847 1.11549 0.872989
0.914394 1.09417 0.899497 1.00206 1.07353 0.889622
0.781906 1.16906 0.878338 1.13464 1.15724 0.856418
0.914718 1.0941 0.899474 1.00181 1.07332 0.889685
1.02274 0.987106 1.00107 0.951939 0.964926 0.99777
1.04448 0.918009 1.08904 0.941718 0.926601 1.06307
1.05075 0.873637 1.17244 0.911049 0.883145 1.13101
1.01649 0.854972 1.21594 0.931497 0.888276 1.12838
1.01253 0.852193 1.16632 0.890465 0.900449 1.11021
end
gesture a10 hands 2
1.01981 0.839065 1.16807 0.879329 0.861428 1.13115
1.02793 0.868127 1.10758 0.875266 0.872373 1.13486
0.985629 0.973367 1.00346 0.884395 0.858841 1.14
1.01084 0.935278 1.02527 0.869907 0.869073 1.13322
0.968539 1.04052 0.921157 0.875114 0.889539 1.07461
1.00229 0.968854 0.984124 0.98367 1.01524 0.866443
0.959993 1.07409 0.880005 1.13231 1.14428 0.811831
0.998022 0.985642 0.963548 1.12897 1.16214 0.813428
0.955721 1.09088 0.85943 1.05245 1.05386 0.898695
0.995885 0.994036 0.95326 1.08904 1.11692 0.85686
0.953584 1.09928 0.849142 1.01251 1.00865 0.942126
0.994817 0.998233 0.948116 1.06907 1.09432 0.878576
0.952516 1.10347 0.843998 0.992547 0.986043 0.963842
0.994283 1.00033 0.945544 1.05909 1.08302 0.889434
0.951982 1.10557 0.841426 0.982564 0.974741 0.9747
0.994016 1.00138 0.944258 1.0541 1.07737 0.894863
0.951715 1.10662 0.84014 0.977573 0.969089 0.980129
0.993883 1.0019 0.943615 1.0516 1.07454 0.897577
0.951582 1.10715 0.839497 0.975077 0.966264 0.982844
0.993816 1.00217 0.943294 1.05035 1.07313 0.898934
0.951515 1.10741 0.839175 0.973829 0.964851 0.984201
0.951481 1.10754 0.839015 1.04973 1.07242 0.899613
1.03605 0.897189 1.04709 0.973205 0.964144 0.984879
0.951448 1.10767 0.838854 1.04942 1.07207 0.899952
0.842788 1.10862 0.853881 0.972893 0.963791 0.985219
0.735851 1.1666 0.846319 1.04926 1.07189 0.900122
0.734128 1.10958 0.868908 0.972737 0.963615 0.985388
0.893624 0.99313 0.94225 1.12563 1.17999 0.815025
0.980797 0.907276 1.11458 0.972581 0.963438 0.985558
1.05376 0.849299 1.18931 0.843887 0.851426 1.22722
1.06797 0.821422 1.2869 0.838972 0.84358 1.30672
1.05128 0.825019 1.28161 0.841976 0.853949 1.28535
end
gesture a10 hands 2
1.03515 0.818524 1.18762 0.841019 0.856912 1.25429
1.06255 0.819746 1.19016 0.841966 0.829814 1.1914
1.04986 0.865355 1.06113 0.835521 0.851313 1.12652
1.0268 0.938232 0.981732 0.893032 0.933571 0.962219
0.934893 0.998057 0.96971 1.04305 1.08768 0.853203
0.969316 1.00458 0.936022 1.07636 1.0979 0.882987
0.87741 1.06441 0.923999 1.10137 1.15166 0.845588
0.940575 1.03776 0.913167 1.10553 1.12989 0.87918
0.848668 1.09758 0.901144 1.0336 1.03654 0.930384
0.926204 1.05435 0.901739 1.07164 1.07233 0.921578
0.834297 1.11417 0.889717 0.999713 0.978976 0.972782
0.919018 1.06264 0.896025 1.0547 1.04355 0.942777
0.827111 1.12247 0.884003 0.98277 0.950196 0.993981
0.915426 1.06679 0.893168 1.04622 1.02916 0.953377
0.823519 1.12661 0.881146 0.974298 0.935805 1.00458
0.913629 1.06886 0.89174 1.04199 1.02197 0.958676
0.821722 1.12869 0.879717 0.970063 0.92861 1.00988
0.912731 1.0699 0.891026 1.03987 1.01837 0.961326
0.820824 1.12972 0.879003 0.967945 0.925013 1.01253
0.912282 1.07042 0.890669 1.03881 1.01657 0.962651
0.820375 1.13024 0.878646 0.966886 0.923214 1.01385
0.912058 1.07068 0.89049 1.03828 1.01567 0.963313
0.820151 1.1305 0.878468 0.966356 0.922314 1.01452
0.820038 1.13063 0.878378 1.03802 1.01522 0.963645
1.00374 1.01111 0.902334 0.966092 0.921865 1.01485
0.819926 1.13076 0.878289 0.965959 0.92164 1.01501
0.736668 1.11645 0.928845 1.10968 1.10813 0.912772
0.735033 1.08204 0.945135 0.965827 0.921415 1.01518
0.909162 0.937447 0.988505 0.862233 0.845853 1.1733
1.06288 0.830177 1.17599 0.8641 0.831389 1.19683
1.08281 0.814418 1.30435 0.837869 0.841558 1.29237
1.04914 0.801511 1.24793 0.865968 0.816926 1.22035
end
gesture a10 hands 2
0.845416 0.776143 1.21542 1.15427 0.730187 1.25854
0.83998 0.773426 1.1949 1.12794 0.742038 1.28352
0.84013 0.776743 1.19274 1.14439 0.731811 1.25722
0.880108 0.763949 1.26143 1.05936 0.736607 1.26645
0.950839 0.765077 1.26627 0.997507 0.751915 1.25755
1.06195 0.799009 1.26571 0.86326 0.801312 1.23225
1.17887 0.861597 1.28023 0.7428 0.891762 1.18819
1.20073 0.900205 1.21158 0.734069 0.944219 1.1122
1.09059 0.973904 1.03101 0.992055 1.01787 0.980395
1.04645 1.03006 0.906399 0.858696 1.00727 1.0083
1.22259 0.938813 1.14293 1.11668 1.08092 0.876498
1.00231 1.08621 0.781789 0.92101 1.0388 0.956354
0.829351 1.14521 0.734995 1.179 1.11245 0.824549
0.677409 1.23896 0.7363 0.952167 1.05456 0.93038
0.656392 1.20421 0.688202 1.21015 1.12822 0.798575
0.845548 1.13763 0.716545 0.725337 0.996677 1.03621
1.13255 1.06891 0.924678 1.24131 1.14398 0.772601
1.27928 1.05965 1.17755 1.27351 1.13178 0.77538
1.23565 1.04129 1.06745 1.1189 1.10941 0.763657
1.21384 1.0321 1.0124 0.832968 1.10988 0.889868
1.28766 1.05019 1.27106 0.825135 1.11463 0.869674
1.19203 1.02292 0.957347 0.616653 1.12323 1.10833
0.923141 1.1066 0.730618 0.817301 1.11939 0.84948
0.877676 1.14405 0.728297 1.13701 1.13661 0.779767
0.699935 1.20731 0.692262 1.29939 1.15097 0.775021
0.832211 1.1815 0.725976 1.1354 1.1424 0.750701
1.03567 1.12002 0.811776 0.900398 1.13592 0.829567
1.21503 1.05829 1.03946 0.717113 1.09769 1.0127
1.19445 0.945687 1.1887 0.714102 0.963086 1.19686
1.05914 0.839261 1.2049 0.846618 0.819745 1.24555
0.844191 0.775688 1.19476 1.09122 0.745504 1.24954
0.832233 0.791104 1.1945 1.10448 0.743271 1.24142
end
gesture a10 hands 2
0.922836 0.759243 1.24127 1.03083 0.765308 1.18618
0.894092 0.771319 1.27072 1.04634 0.751682 1.1893
0.895557 0.778733 1.26705 1.05841 0.751595 1.21447
0.938987 0.762696 1.26398 0.997342 0.745703 1.27104
1.08596 0.798826 1.25611 0.854261 0.792487 1.21837
1.17916 0.873353 1.15788 0.754848 0.891049 1.13544
1.09114 0.988403 0.987118 0.827963 0.989399 1.0091
1.18175 0.968142 1.02339 0.741699 0.989504 1.03081
1.09372 1.08319 0.852623 0.814814 1.08785 0.904468
1.18304 1.01554 0.956141 0.735124 1.03873 0.978494
1.09502 1.13059 0.785375 0.808239 1.13708 0.852151
1.09566 1.15428 0.751751 0.804952 1.1617 0.825993
1.27236 0.947881 1.05966 0.655435 0.98961 1.05252
1.09631 1.17798 0.718127 0.801665 1.18631 0.799834
0.783622 1.25685 0.707502 1.10079 1.21759 0.675313
0.646817 1.25733 0.638011 1.21118 1.27069 0.699474
0.876706 1.18824 0.702173 1.02682 1.16397 0.7762
1.14703 1.16986 0.812395 0.779691 1.18497 0.868254
1.23449 1.15061 0.894506 0.715249 1.20511 0.917536
1.01282 1.18135 0.749474 0.945054 1.20452 0.776227
0.765715 1.22755 0.69977 1.18192 1.16904 0.803715
0.744588 1.20925 0.700634 1.23111 1.19301 0.781974
0.977534 1.17519 0.770649 1.04518 1.17628 0.7603
1.17349 1.08403 0.911901 0.852473 1.14556 0.870032
1.25697 0.96884 1.1762 0.728565 0.998358 1.08412
1.13967 0.839595 1.32654 0.836203 0.819937 1.28289
0.971867 0.764807 1.31718 1.05826 0.744417 1.35094
0.908529 0.765059 1.26884 1.07796 0.755536 1.28878
0.944097 0.771559 1.29507 0.968981 0.790244 1.20558
0.905569 0.762845 1.25012 0.972208 0.784449 1.18858
0.901002 0.766052 1.26408 1.04474 0.770128 1.21187
0.93201 0.756719 1.27231 1.09247 0.742816 1.26331
end
gesture a10 hands 2
0.858417 0.65997 1.36234 1.15337 0.636074 1.34104
0.843859 0.658855 1.36522 1.05 0.625751 1.37843
0.904433 0.650608 1.40732 0.850037 0.701654 1.34504
1.076 0.69673 1.3954 0.763861 0.82472 1.25039
1.24715 0.85479 1.19226 0.854509 0.906087 1.11875
1.0857 1.04307 0.879417 0.766097 0.926937 1.13724
0.848638 1.10964 0.78909 0.856745 1.0083 1.00561
0.856949 1.1014 0.793506 0.767215 0.978045 1.08067
0.632052 1.14929 0.751535 0.857864 1.05941 0.949033
0.86526 1.09315 0.797922 0.767774 1.0036 1.05239
1.11756 1.07936 0.92687 0.858423 1.08497 0.920747
1.10883 1.08366 0.917335 0.677685 0.947786 1.15574
0.954606 1.0947 0.888979 0.858982 1.11052 0.892461
1.02736 1.09133 0.898389 1.05642 1.13438 0.778283
0.873128 1.10238 0.870034 1.05619 1.13946 0.772417
0.83239 1.10621 0.860561 1.08555 1.06673 0.822525
1.10011 1.08796 0.9078 0.848794 1.09582 0.928081
0.791651 1.11005 0.851088 0.86068 1.10896 0.915907
0.687779 1.12779 0.791967 1.10831 1.09005 0.79737
0.833598 1.04835 0.823978 1.30323 1.05609 0.841354
1.15144 0.989367 1.01 1.12969 1.00986 0.876581
1.17224 0.999453 1.01544 0.812329 1.01931 1.02306
1.27075 0.991711 1.16744 0.681554 1.06287 1.13689
1.19304 1.00954 1.02088 0.787535 1.05655 0.993047
0.888043 1.08869 0.815905 1.12863 1.07726 0.826152
0.696838 1.13341 0.796622 1.33616 1.09441 0.830699
0.77735 1.09261 0.79587 1.24148 1.05451 0.861062
1.07185 1.04415 0.942665 0.915694 1.04229 0.923777
1.25692 0.954279 1.21689 0.707108 0.993616 1.16183
1.24558 0.879015 1.37236 0.711629 0.887488 1.34343
1.08773 0.739657 1.42829 0.912863 0.690743 1.45274
0.980968 0.686131 1.41993 1.03044 0.632549 1.43283
end
gesture a10 hands 2
0.810277 0.611215 1.29357 1.16238 0.622503 1.25278
0.805733 0.606144 1.2903 1.15707 0.619262 1.26769
0.979149 0.651378 1.34495 1.15855 0.628128 1.24862
1.20153 0.769537 1.40902 1.0299 0.629989 1.30329
1.34469 0.947555 1.38575 0.855772 0.710674 1.32684
1.3651 1.10604 1.08218 0.654072 0.898403 1.24061
1.13392 1.24492 0.775335 0.588001 1.10003 1.07141
0.904122 1.26812 0.723935 0.741113 1.23093 0.831922
0.651588 1.24614 0.688984 1.11579 1.25807 0.680097
0.662956 1.26873 0.68076 1.23288 1.25248 0.747942
0.795597 1.23377 0.70515 1.16722 1.31501 0.738176
0.734961 1.26254 0.688843 0.951885 1.19903 0.846098
0.867602 1.22759 0.713234 0.959149 1.08203 0.954628
0.770963 1.25945 0.692885 0.847849 1.08255 0.954324
0.903604 1.22449 0.717275 0.855114 0.96554 1.06285
0.788964 1.25791 0.694906 0.795832 1.0243 1.00844
0.921605 1.22295 0.719296 0.803096 0.907295 1.11697
0.797965 1.25713 0.695916 0.769823 0.995178 1.03549
0.930605 1.22217 0.720307 0.777087 0.878173 1.14402
0.802465 1.25675 0.696421 0.756818 0.980616 1.04902
0.935106 1.22179 0.720812 0.764082 0.863611 1.15755
0.804715 1.25655 0.696674 0.750316 0.973336 1.05579
0.937356 1.22159 0.721064 0.75758 0.856331 1.16432
0.80584 1.25646 0.6968 0.747065 0.969695 1.05917
0.938481 1.2215 0.721191 0.754329 0.85269 1.1677
0.806403 1.25641 0.696863 0.74544 0.967875 1.06086
0.939044 1.22145 0.721254 0.752704 0.85087 1.16939
0.674325 1.29132 0.672536 0.744627 0.966965 1.0617
0.939606 1.2214 0.721317 0.751891 0.84996 1.17023
1.14649 1.03188 0.89734 0.73655 1.08306 0.954021
1.15173 0.848982 1.09236 0.751078 0.84905 1.17108
0.972715 0.659609 1.2967 0.974105 0.659539 1.34464
end
gesture a10 hands 2
0.874811 0.668704 1.32251 1.0739 0.654695 1.29871
0.85348 0.67139 1.30324 1.11992 0.681738 1.19758
0.860541 0.676028 1.2811 1.13127 0.663015 1.26476
0.854994 0.672584 1.24186 1.13531 0.662225 1.20456
0.843922 0.675537 1.20208 1.1376 0.661367 1.14572
0.837197 0.665783 1.21214 1.13736 0.673769 1.20953
0.857719 0.67608 1.26046 0.935011 0.707893 1.23958
1.06782 0.721304 1.2838 0.647247 0.947208 1.24249
1.33841 0.947947 1.27393 0.56011 1.21234 1.13807
1.36272 1.05519 1.2205 0.617133 1.28879 0.998917
1.30259 1.13047 1.06195 0.797865 1.29956 0.898052
1.34481 1.14645 1.11451 0.73601 1.33241 0.878907
1.28468 1.22173 0.95596 0.916742 1.34317 0.778042
1.33586 1.19208 1.06151 0.795449 1.35421 0.818903
1.27573 1.26736 0.902965 0.976181 1.36497 0.718038
1.33138 1.21489 1.03502 0.825169 1.36511 0.7889
1.27125 1.29017 0.876467 1.0059 1.37588 0.688035
1.32914 1.2263 1.02177 0.840028 1.37056 0.773899
1.26901 1.30158 0.863219 1.02076 1.38133 0.673034
1.38703 1.16243 1.16707 0.847458 1.37329 0.766399
1.26677 1.31299 0.84997 1.02819 1.38405 0.665534
0.920613 1.32967 0.751148 0.674156 1.36525 0.859763
0.808815 1.37221 0.66954 1.03562 1.38678 0.658033
0.72332 1.34288 0.646952 1.12394 1.35549 0.67386
0.574455 1.34635 0.652325 1.34874 1.30154 0.738078
0.637824 1.31354 0.624364 1.21227 1.3242 0.689687
0.87025 1.35423 0.667133 1.01369 1.32202 0.67372
1.05855 1.30203 0.745818 0.837621 1.30916 0.755941
1.23117 1.15004 0.869267 0.651712 1.16835 0.94655
1.19817 0.909012 1.06095 0.717214 0.915562 1.14098
1.04961 0.738116 1.19749 0.896017 0.734052 1.23299
0.877423 0.675681 1.26006 1.04097 0.661073 1.2532
end
gesture a10 hands 2
0.855587 0.686125 1.27585 1.1202 0.691199 1.20785
0.870623 0.681854 1.26388 1.11184 0.693614 1.19449
0.866619 0.66923 1.26468 1.10173 0.691903 1.22309
0.859695 0.667769 1.24614 1.1161 0.696028 1.22794
0.888402 0.682484 1.24819 1.09687 0.677991 1.17492
1.01582 0.7377 1.23083 0.978965 0.733213 1.21705
1.16353 0.826243 1.2679 1.11165 0.686821 1.1651
1.26177 0.932202 1.2284 0.86106 0.788436 1.25919
1.25345 1.06788 1.09864 0.6329 1.01779 1.19664
1.30673 1.05302 1.14378 0.712166 1.21171 0.966859
1.29841 1.18869 1.01401 0.585627 1.29899 0.964032
1.32921 1.11343 1.10146 0.791433 1.40564 0.737077
1.32089 1.2491 0.971696 1.00049 1.37471 0.721757
1.34045 1.14363 1.0803 1.19566 1.39803 0.615137
1.33213 1.27931 0.950538 1.20955 1.34378 0.706437
1.34607 1.15873 1.06972 1.15126 1.35509 0.659889
1.33775 1.29441 0.93996 1.0459 1.27407 0.765501
1.34888 1.16628 1.06443 1.06943 1.32023 0.689422
1.34056 1.30196 0.93467 0.964078 1.23921 0.795034
1.36001 1.03816 1.18891 1.02852 1.3028 0.704188
1.34337 1.30951 0.929381 0.923166 1.22178 0.8098
1.06619 1.40736 0.710031 1.00806 1.29408 0.711571
0.652442 1.39353 0.676518 0.90271 1.21306 0.817183
0.572919 1.37584 0.652199 0.892482 1.20871 0.820874
0.762312 1.36454 0.640002 1.09296 1.36639 0.613342
1.00413 1.31105 0.691298 0.882254 1.20435 0.824566
1.18049 1.19601 0.818025 0.671354 1.22443 0.891733
1.26132 1.09012 0.907556 0.671548 1.04231 1.03579
1.14349 0.8359 1.07196 0.828473 0.825237 1.15462
0.959273 0.699529 1.20897 1.05617 0.703278 1.23194
0.853064 0.712567 1.24427 1.10528 0.715119 1.19337
0.869849 0.692897 1.25807 1.11687 0.711126 1.20641
end
gesture a10 hands 2
0.884437 0.709597 1.26866 1.06563 0.718812 1.20293
0.920978 0.73709 1.33357 1.08427 0.727266 1.20306
0.870464 0.725322 1.24377 1.0813 0.729655 1.22258
0.880022 0.73242 1.24934 1.0913 0.733209 1.17323
0.889293 0.739914 1.21567 1.02104 0.71481 1.15909
1.07615 0.759897 1.17155 0.819636 0.817021 1.10259
1.35555 0.955329 1.12096 0.596135 1.01619 1.18697
1.43893 1.10816 1.05025 0.480558 1.23976 1.18869
1.51838 1.17986 1.18832 0.456328 1.36519 1.07811
1.52231 1.261 0.979542 0.593897 1.40571 0.816663
1.39293 1.41849 0.692805 0.834621 1.44317 0.640357
1.0443 1.48238 0.572805 1.04672 1.38076 0.648739
0.676363 1.46839 0.575816 1.18351 1.40446 0.627966
0.629361 1.43661 0.589314 1.22116 1.36141 0.642543
0.668977 1.32272 0.650678 1.17377 1.17681 0.715093
0.720467 1.1331 0.720391 1.2163 1.24758 0.686107
0.751792 1.07738 0.849639 1.1689 1.06298 0.758657
0.761874 1.01043 0.819871 1.21386 1.19067 0.707889
0.7932 0.954711 0.949119 1.16647 1.00606 0.780439
0.782578 0.949091 0.869612 1.21264 1.16221 0.71878
0.813903 0.893376 0.99886 1.16525 0.977607 0.79133
0.79293 0.918424 0.894482 1.21203 1.14798 0.724225
0.824255 0.862708 1.02373 1.16464 0.963378 0.796776
0.798106 0.90309 0.906917 1.21173 1.14087 0.726948
0.829431 0.847375 1.03616 1.16433 0.956264 0.799498
0.800694 0.895423 0.913134 1.25882 1.31836 0.65712
0.832019 0.839708 1.04238 1.16403 0.94915 0.802221
0.771957 0.943472 0.790104 1.09914 0.701465 1.13361
0.834607 0.832041 1.0486 1.06298 0.690032 1.31159
0.881778 0.699072 1.18456 1.04794 0.709309 1.30358
0.897257 0.72061 1.3071 1.07773 0.73055 1.19512
0.887153 0.734739 1.18711 1.08312 0.740634 1.14429
end
gesture a10 hands 2
0.877798 0.676934 1.25614 1.08503 0.69657 1.15142
0.892241 0.687183 1.2251 1.08895 0.67735 1.22428
0.977367 0.685911 1.2201 1.04247 0.662514 1.21744
1.15583 0.738172 1.16584 0.96876 0.662429 1.22655
1.41937 0.963156 1.16171 0.79444 0.712362 1.19271
1.46677 1.02961 1.1641 0.579451 0.981536 1.24386
1.45266 1.15918 1.00923 0.484655 1.14813 1.14135
1.48342 1.12762 1.08786 0.519081 1.36786 0.944104
1.46931 1.25719 0.932991 0.781878 1.51838 0.703419
1.49174 1.17663 1.04974 1.08676 1.52836 0.659563
1.47763 1.3062 0.894871 1.22031 1.39287 0.70975
1.4959 1.20113 1.03068 1.21944 1.36979 0.688328
1.48179 1.3307 0.875811 1.20404 1.22137 0.747357
1.49798 1.21338 1.02115 1.21131 1.28405 0.707132
1.48387 1.34295 0.866281 1.1959 1.13563 0.76616
1.49902 1.21951 1.01639 1.20724 1.24117 0.716533
1.48491 1.34907 0.861516 1.19183 1.09275 0.775562
1.49954 1.22257 1.014 1.2052 1.21974 0.721234
1.48543 1.35214 0.859133 1.18979 1.07132 0.780263
1.48569 1.35367 0.857942 1.20419 1.20902 0.723585
1.51417 1.09607 1.16649 1.18878 1.0606 0.782614
1.48595 1.3552 0.856751 1.20368 1.20366 0.72476
1.11572 1.51569 0.623196 1.18827 1.05524 0.783789
0.794991 1.4998 0.628091 1.20342 1.20098 0.725347
0.61596 1.4826 0.637873 1.18801 1.05256 0.784376
0.649458 1.31801 0.682028 1.21858 1.34672 0.666906
0.706727 0.997543 0.804909 1.18776 1.04988 0.784964
0.849773 0.67762 1.14896 1.12225 0.714228 1.03324
0.895682 0.669894 1.34709 1.08255 0.632766 1.29048
0.877603 0.682396 1.34638 1.04019 0.633462 1.32967
0.875051 0.660534 1.29089 1.06161 0.651454 1.2805
0.862569 0.686973 1.24429 1.06326 0.663582 1.27491
end
gesture a10 hands 2
0.855381 0.628389 1.26092 1.03624 0.61988 1.22749
0.897557 0.628099 1.28755 1.04968 0.625292 1.27733
1.0845 0.645644 1.27586 1.0458 0.634186 1.24809
1.37427 0.855472 1.2963 0.861115 0.692898 1.2275
1.56527 1.16945 1.0923 0.602641 0.860557 1.26793
1.51184 1.28807 0.982076 0.463358 1.13971 1.14697
1.32738 1.3503 0.897853 0.512096 1.37821 0.95458
1.3929 1.3785 0.884853 0.774879 1.49889 0.748241
1.20844 1.44073 0.800629 1.12127 1.48598 0.696358
1.33343 1.42371 0.836241 1.16728 1.39474 0.693717
1.14896 1.48594 0.752018 1.12429 1.21639 0.741961
1.30369 1.44632 0.811935 1.16879 1.25995 0.716519
1.11923 1.50854 0.727712 1.12581 1.08159 0.764762
1.28882 1.45762 0.799782 1.16955 1.19255 0.727919
1.10436 1.51985 0.715559 1.12656 1.01419 0.776162
1.28139 1.46327 0.793705 1.16993 1.15885 0.73362
1.09692 1.5255 0.709482 1.12694 0.980494 0.781863
1.27767 1.4661 0.790667 1.17012 1.142 0.73647
1.09321 1.52832 0.706444 1.12713 0.963645 0.784713
1.27581 1.46751 0.789148 1.17021 1.13358 0.737895
1.09135 1.52974 0.704925 1.12723 0.95522 0.786138
1.45842 1.4067 0.871852 1.17026 1.12936 0.738607
1.08949 1.53115 0.703406 1.12727 0.951007 0.78685
0.740813 1.45532 0.645623 1.17028 1.12726 0.738964
0.611724 1.4007 0.678373 1.1273 0.948901 0.787207
0.644751 1.27105 0.692536 1.12731 0.947848 0.787385
0.749493 0.889887 0.81239 1.21329 1.30351 0.691077
0.817634 0.751333 1.09617 1.12732 0.946795 0.787563
0.869662 0.621426 1.22997 1.08709 0.655724 1.07582
0.885774 0.612779 1.37994 1.05091 0.586248 1.32927
0.869113 0.646923 1.35114 1.0754 0.607298 1.38057
0.885855 0.643831 1.36506 1.07826 0.604082 1.33952
end
gesture a10 hands 2
0.855494 0.761552 1.25588 1.09971 0.753075 1.2169
0.854241 0.76984 1.24944 1.10019 0.75267 1.22043
0.842512 0.759469 1.24656 0.954232 0.783591 1.25966
0.851022 0.773831 1.24137 0.779425 0.888184 1.26939
1.03736 0.81768 1.29116 0.636809 1.07687 1.09294
1.20163 0.948732 1.25963 0.708145 1.1342 0.941894
1.30373 1.06599 1.10399 0.846034 1.14994 0.873653
1.21854 1.11204 0.940737 0.812757 1.17074 0.83225
1.06478 1.12873 0.874685 0.950647 1.18648 0.764009
1.09906 1.1434 0.826085 0.865064 1.18901 0.777429
0.945299 1.1601 0.760033 1.00295 1.20474 0.709188
1.03932 1.15909 0.768759 0.891217 1.19814 0.750018
0.885561 1.17579 0.702707 1.02911 1.21388 0.681777
1.00946 1.16693 0.740096 0.904294 1.20271 0.736312
0.855691 1.18363 0.674044 1.04218 1.21844 0.668071
0.994521 1.17085 0.725765 0.910832 1.20499 0.72946
0.840757 1.18755 0.659712 1.04872 1.22073 0.661219
0.987053 1.17281 0.718599 0.914101 1.20613 0.726033
0.833289 1.18951 0.652547 1.05199 1.22187 0.657792
0.98332 1.17379 0.715016 1.05363 1.22244 0.656079
0.829556 1.19049 0.648964 0.779481 1.19154 0.790848
1.13335 1.15808 0.777485 1.05526 1.22301 0.654366
0.825822 1.19147 0.645381 1.11065 1.18488 0.655733
0.759183 1.19196 0.660998 1.13834 1.16581 0.656416
0.598978 1.18913 0.654308 1.28452 1.25204 0.655973
0.692544 1.19245 0.676616 1.16603 1.14675 0.657099
0.950206 1.12768 0.691022 0.937702 1.14326 0.727454
1.19037 1.05817 0.94954 0.733008 1.0658 0.993766
1.21115 0.956569 1.19295 0.723478 0.992473 1.19613
1.14442 0.8856 1.28375 0.767328 0.908285 1.27059
0.962347 0.788187 1.24437 0.994208 0.779184 1.24664
0.843548 0.788384 1.25819 1.09715 0.784002 1.25282
end
gesture a10 hands 2
0.820924 0.727715 1.29117 1.11481 0.736402 1.24866
1.03487 0.786765 1.30143 1.10215 0.727622 1.27088
1.18044 0.884942 1.30391 1.10395 0.711533 1.27051
1.22705 0.945546 1.23688 0.956872 0.745527 1.27956
1.16886 1.0173 1.06693 0.803315 0.852049 1.29974
1.22126 1.01172 1.11839 0.730447 0.936414 1.23408
1.16307 1.08347 0.948441 0.790217 1.01567 1.05408
1.21836 1.04481 1.05914 0.723898 1.01823 1.11125
1.16017 1.11656 0.889196 0.783667 1.09749 0.931247
1.21692 1.06136 1.02952 0.720623 1.05913 1.04984
1.15873 1.13311 0.859573 0.780393 1.13839 0.869832
1.21619 1.06963 1.01471 0.718986 1.07959 1.01913
1.158 1.14138 0.844762 0.778755 1.15885 0.839124
1.21583 1.07376 1.0073 0.718167 1.08981 1.00378
1.15764 1.14551 0.837357 0.777937 1.16907 0.82377
1.21565 1.07583 1.0036 0.717758 1.09493 0.9961
1.15746 1.14758 0.833654 0.777527 1.17419 0.816093
1.21556 1.07687 1.00175 0.717553 1.09748 0.992261
1.15737 1.14862 0.831802 0.777323 1.17674 0.812254
1.27366 1.00615 1.16984 0.717451 1.09876 0.990342
1.15728 1.14965 0.829951 0.77722 1.17802 0.810335
0.82351 1.23739 0.656315 0.657579 1.02078 1.16843
0.833051 1.21332 0.650527 0.777118 1.1793 0.808416
0.837821 1.20128 0.647632 0.955789 1.23697 0.732651
0.840207 1.19526 0.646185 1.12112 1.2981 0.61843
0.574442 1.27493 0.646077 1.13446 1.29465 0.656886
0.842592 1.18924 0.644738 1.04624 1.22932 0.661861
1.06537 1.19546 0.773906 0.809952 1.1653 0.812016
1.2065 1.0227 1.0099 0.702198 1.00677 1.08811
1.08684 0.811398 1.21818 0.86335 0.805804 1.26908
0.898067 0.717723 1.28501 1.04847 0.712351 1.30711
0.83519 0.743244 1.27916 1.12399 0.742455 1.24976
end
gesture a10 hands 2
0.833133 0.754146 1.28061 1.08714 0.755906 1.25756
0.83203 0.751615 1.26377 1.0887 0.740622 1.25807
0.836611 0.735254 1.26865 1.06642 0.719889 1.27677
0.866228 0.739511 1.25738 0.851714 0.796762 1.30538
1.09643 0.81398 1.30083 0.650748 0.977139 1.22317
1.18369 0.889892 1.25817 0.658851 1.06768 1.07675
1.18148 0.972135 1.1197 0.837824 1.1525 0.942351
1.22621 0.968969 1.1676 0.752389 1.15537 0.936345
1.224 1.05121 1.02914 0.931362 1.24019 0.801942
1.24748 1.00851 1.12232 0.799158 1.19921 0.86614
1.24527 1.09075 0.983858 0.978131 1.28403 0.731737
1.25811 1.02828 1.09968 0.822542 1.22113 0.831038
1.2559 1.11052 0.961217 1.00152 1.30595 0.696634
1.26342 1.03816 1.08836 0.834235 1.23209 0.813487
1.26121 1.12041 0.949896 1.01321 1.31691 0.679083
1.26608 1.0431 1.0827 0.840081 1.23757 0.804711
1.26387 1.12535 0.944236 1.01905 1.32239 0.670308
1.27095 0.965803 1.2155 0.843004 1.24031 0.800323
1.26653 1.13029 0.938576 1.02198 1.32513 0.66592
1.09024 1.21381 0.799816 0.844465 1.24168 0.798129
0.946884 1.22089 0.821911 1.02344 1.3265 0.663726
0.913959 1.29734 0.661057 0.666954 1.15823 0.930339
0.830317 1.2835 0.684422 1.0249 1.32787 0.661532
0.788496 1.27658 0.696105 1.09131 1.28686 0.644539
0.627238 1.31149 0.705245 1.29742 1.31536 0.632645
0.746675 1.26966 0.707788 1.15771 1.24585 0.627546
1.02561 1.19435 0.747083 0.860203 1.16703 0.773859
1.2059 1.06709 0.951932 0.699037 1.04752 1.01989
1.18041 0.932624 1.08742 0.729622 0.911372 1.16505
1.00309 0.827735 1.16082 0.911488 0.764089 1.26082
0.849642 0.729884 1.2323 1.06776 0.719854 1.27566
0.825775 0.722847 1.23421 1.06261 0.727303 1.26058
end
gesture a10 hands 2
0.929228 0.823731 1.22043 0.993907 0.821212 1.21116
0.926319 0.81497 1.24976 1.00039 0.823025 1.19015
0.930043 0.82585 1.22473 0.98924 0.819376 1.22387
1.0813 0.815586 1.21467 0.869689 0.815901 1.19765
1.2621 0.944607 1.06406 0.672713 0.948058 1.03706
1.18264 1.05378 0.922154 0.74033 1.05767 0.912166
0.986175 1.10018 0.920397 0.896206 1.08862 0.908465
1.04468 1.13157 0.850322 0.852077 1.12795 0.847869
0.848212 1.17796 0.848565 1.00795 1.15891 0.844167
0.975696 1.17046 0.814407 0.90795 1.16309 0.81572
0.779231 1.21686 0.81265 1.06383 1.19405 0.812018
0.941206 1.18991 0.796449 0.935887 1.18066 0.799646
0.744741 1.2363 0.794692 1.09176 1.21162 0.795943
0.92396 1.19963 0.78747 0.949856 1.18945 0.791608
0.727495 1.24603 0.785713 1.10573 1.2204 0.787906
0.915338 1.20449 0.78298 0.95684 1.19384 0.78759
0.718873 1.25089 0.781223 1.11272 1.2248 0.783888
0.911026 1.20692 0.780736 0.960332 1.19604 0.78558
0.714561 1.25332 0.778979 1.11621 1.22699 0.781878
0.908871 1.20814 0.779613 0.962078 1.19714 0.784576
0.712406 1.25453 0.777856 1.11795 1.22809 0.780874
0.907793 1.20875 0.779052 0.962951 1.19769 0.784073
0.711328 1.25514 0.777295 1.11883 1.22864 0.780371
1.10318 1.16296 0.780248 1.11926 1.22892 0.78012
0.71025 1.25575 0.776734 0.807948 1.16728 0.787273
0.692517 1.28169 0.750831 1.1197 1.22919 0.779869
0.900639 1.17964 0.775736 1.13886 1.21587 0.75067
1.11484 0.977695 0.935496 0.960415 1.22326 0.785984
1.06409 0.825658 1.14322 0.812688 0.997596 0.949114
0.932917 0.800506 1.28206 0.904444 0.823991 1.18373
0.943171 0.79567 1.27807 0.968768 0.806044 1.29155
0.940067 0.800753 1.2468 0.995109 0.810718 1.27207
end
gesture a10 hands 2
0.907388 0.73149 1.3022 0.99897 0.733745 1.30121
0.956147 0.722391 1.31718 0.956959 0.739441 1.33468
1.22335 0.825162 1.2484 0.712979 0.815209 1.27991
1.17375 0.942741 1.08115 0.733576 0.946249 1.08352
0.986439 0.994321 1.04536 0.851014 0.99385 1.04158
1.05529 1.02732 0.979628 0.802593 1.03557 0.96436
0.867983 1.0789 0.943847 0.920032 1.08317 0.922416
0.996061 1.06961 0.928869 0.888934 1.09725 0.890362
0.808755 1.12119 0.893089 0.754173 1.07729 0.887139
0.966447 1.09076 0.90349 0.857837 1.11134 0.858308
0.779141 1.14234 0.867709 0.989049 1.17249 0.803251
0.95164 1.10133 0.8908 0.961501 1.14539 0.829476
0.764334 1.15291 0.85502 0.947728 1.13184 0.842589
0.944237 1.10661 0.884455 0.940841 1.12506 0.849146
0.75693 1.15819 0.848675 0.937397 1.12168 0.852424
0.940535 1.10926 0.881283 0.935676 1.11998 0.854063
0.753229 1.16084 0.845502 1.15341 1.19444 0.836112
0.938684 1.11058 0.879697 1.04368 1.15636 0.845907
0.751378 1.16216 0.843916 0.974296 1.04999 0.949906
0.937759 1.11124 0.878904 0.954125 1.08414 0.902804
0.750452 1.16282 0.843123 0.884739 0.977769 1.0068
0.937296 1.11157 0.878507 0.909346 1.04803 0.931252
0.74999 1.16315 0.842727 0.83996 0.941658 1.03525
0.937065 1.11173 0.878309 0.886957 1.02997 0.945477
0.749758 1.16331 0.842528 0.817571 0.923602 1.04948
1.12414 1.06032 0.913891 0.875763 1.02095 0.952589
0.749527 1.16348 0.84233 0.806377 0.914574 1.05659
0.666179 1.22271 0.824847 0.800779 0.91006 1.06014
0.844186 1.14688 0.875719 0.933954 1.11829 0.855702
1.06414 0.906813 1.01405 0.795182 0.905546 1.0637
0.983652 0.744747 1.26563 0.943468 0.735678 1.30274
0.900774 0.728734 1.362 1.01009 0.740689 1.39528
end
gesture a10 hands 2
0.925948 0.787584 1.26313 0.987867 0.800115 1.28558
0.916991 0.789288 1.26965 0.995942 0.79562 1.23925
0.944708 0.788204 1.27417 0.885478 0.77448 1.29522
1.00562 0.78248 1.27363 0.644184 0.900034 1.16927
1.09348 0.844362 1.1884 0.746104 1.1143 0.857324
1.08001 0.81056 1.23074 1.08989 1.18173 0.777561
1.16787 0.872442 1.14551 1.10957 1.18892 0.779899
1.1172 0.824599 1.20929 1.0147 1.14437 0.804617
1.20507 0.886481 1.12406 1.00323 0.990506 0.978275
1.1358 0.831619 1.19857 0.961533 1.04516 0.903805
1.22366 0.893501 1.11334 0.950055 0.891299 1.07746
1.1451 0.835129 1.19321 0.934946 0.99556 0.953398
1.23296 0.897011 1.10798 0.923468 0.841696 1.12706
1.14975 0.836884 1.19053 0.921652 0.970758 0.978195
1.23761 0.898766 1.1053 0.910175 0.816894 1.15185
1.23994 0.899644 1.10396 0.915005 0.958357 0.990594
1.06653 0.776757 1.27308 0.903528 0.804493 1.16425
1.24226 0.900521 1.10262 0.911682 0.952156 0.996793
1.14979 0.996531 0.958005 0.900204 0.798293 1.17045
0.947111 1.07614 0.967383 0.91002 0.949056 0.999892
0.921015 1.11754 0.884153 0.898543 0.795192 1.17355
0.907968 1.13825 0.842538 0.909189 0.947506 1.00144
1.05731 1.09254 0.81339 0.897712 0.793642 1.1751
0.89492 1.15895 0.800923 0.908774 0.946731 1.00222
0.813725 1.19216 0.79469 0.897296 0.792867 1.17588
0.773127 1.20876 0.791574 0.908566 0.946344 1.0026
0.651961 1.25175 0.832146 0.897089 0.79248 1.17626
0.73253 1.22536 0.788457 0.908462 0.94615 1.0028
0.922452 1.05193 0.838822 0.896985 0.792286 1.17646
0.94857 0.92176 1.09258 0.919836 1.09982 0.829334
1.04432 0.804302 1.16506 0.896881 0.792092 1.17665
0.974688 0.791591 1.34633 0.980796 0.785103 1.30899
end
gesture a13 hands 2
1.01051 1.17601 1.05921 0.987381 1.08734 1.0694
1.0176 1.1794 1.05876 0.983286 1.09477 1.09951
1.01676 1.1817 1.07507 0.988415 1.08876 1.08896
0.93736 0.989249 1.03449 0.97152 1.08825 1.08693
0.991376 0.584379 1.00275 0.974689 1.09091 1.10686
1.0574 0.43351 0.821347 0.986043 1.0737 1.12475
0.996566 0.329098 0.7391 0.979226 1.06009 1.13343
0.890294 0.385491 0.987315 0.958539 0.901611 1.06996
0.731131 0.474096 1.21357 0.946972 0.716723 1.00984
0.757576 0.45799 1.22455 0.949203 0.735603 1.00306
0.80875 0.646759 1.154 0.947196 0.585359 1.00606
0.796386 0.544322 1.19477 0.951849 0.747393 0.979357
0.847559 0.733091 1.12422 0.942851 0.844021 0.904247
0.815791 0.587488 1.17988 0.956501 0.909427 0.952654
0.866964 0.776256 1.10933 0.963621 0.995962 0.95483
0.825493 0.609071 1.17243 0.96528 1.00927 0.947249
0.876667 0.797839 1.10188 0.958938 1.04313 1.01624
0.830344 0.619862 1.16871 0.952556 1.06993 0.959371
0.881518 0.808631 1.09816 0.955768 1.06007 1.05074
0.83277 0.625258 1.16685 0.95097 1.07839 0.97662
0.883943 0.814026 1.0963 0.954182 1.06853 1.06799
0.833983 0.627956 1.16592 0.950178 1.08263 0.985245
0.885156 0.816724 1.09537 0.95339 1.07277 1.07662
0.834589 0.629305 1.16545 0.949781 1.08474 0.989557
0.885763 0.818073 1.09491 0.952993 1.07488 1.08093
0.784022 0.441885 1.23553 0.949583 1.0858 0.991713
0.886369 0.819422 1.09444 0.952795 1.07594 1.08308
0.972719 1.12268 0.954577 0.949484 1.08633 0.992791
0.988715 1.19696 0.953349 0.952696 1.07647 1.08416
1.01222 1.1975 0.981019 0.946173 1.09672 0.902498
0.992795 1.16665 1.08505 0.952597 1.077 1.08524
0.987354 1.17781 1.0731 0.968267 1.07106 1.10371
end
gesture a13 hands 2
1.15228 1.13693 1.07902 0.828912 1.07429 1.03379
1.15152 1.13672 1.07654 0.8371 1.08451 1.03377
1.13091 1.15547 1.04852 0.82736 1.08044 1.02943
1.15107 1.13449 1.07077 0.862214 0.884665 0.976414
1.15734 1.14861 1.03762 0.867788 0.774088 0.977289
1.04574 0.95923 0.994551 0.871673 0.768399 1.0361
1.03816 0.857168 1.01131 0.840604 0.501205 1.03562
1.02685 0.744741 1.02113 0.884203 0.520262 1.13522
1.1376 0.628455 0.993499 0.875558 0.762711 1.09491
1.03456 0.576452 1.11107 0.927802 0.53932 1.23482
1.1588 0.715945 0.833443 0.946701 0.60987 1.12894
0.965106 0.726385 0.949051 1.04962 0.940805 1.04228
0.931519 0.524449 1.22864 0.952744 0.993852 1.0507
0.771412 0.736826 1.06466 0.904305 1.02038 1.05492
0.969125 0.950836 1.19844 0.733288 1.19856 0.952259
0.835218 1.03674 1.09933 0.794577 1.12273 1.00569
0.768264 1.07969 1.04977 0.942909 1.23515 0.953936
0.801579 0.801142 1.14339 0.855867 1.0469 1.05913
0.734788 1.10116 1.025 1.04409 1.10502 1.02358
0.784841 0.811879 1.131 1.15253 1.27174 0.955614
0.718049 1.1119 1.01261 1.23231 1.16314 0.988027
0.776472 0.817248 1.12481 1.2722 1.10883 1.00423
0.70968 1.11727 1.00641 1.29214 1.08168 1.01234
0.772287 0.819933 1.12171 1.30211 1.06811 1.01639
0.705496 1.11996 1.00332 1.30709 1.06132 1.01841
0.703403 1.1213 1.00177 1.30959 1.05792 1.01943
0.834894 0.522594 1.23701 1.22403 1.01682 1.0669
0.701311 1.12264 1.00022 0.978446 0.895244 1.16601
0.683008 1.15614 0.995345 1.13848 0.975712 1.11436
0.691163 1.15825 0.998007 1.31208 1.05453 1.02044
0.714312 1.145 1.0392 1.29851 1.05618 1.06272
0.728641 1.14425 1.02703 1.23974 1.05668 1.09255
end
gesture a13 hands 2
0.686222 1.07514 1.04885 1.17375 1.00186 1.07777
0.691988 1.07582 1.0527 1.17616 1.01059 1.05536
0.662993 1.06426 1.02542 1.18376 1.01119 1.07567
0.736388 1.01782 0.967224 1.17887 1.01361 1.02939
0.754887 0.989087 0.946871 1.16403 0.959144 1.02613
0.751407 0.652159 1.01591 1.15711 0.930215 1.02554
0.737182 0.542893 1.05431 1.15389 0.632976 1.08091
0.877901 0.570215 1.10537 1.14115 0.636463 1.07627
0.948185 0.636972 1.24713 1.15405 0.906353 1.02076
1.01862 0.597536 1.15643 1.14123 0.773151 1.04619
1.03635 0.597842 1.07973 1.15414 1.04304 0.990679
1.05286 0.739472 1.04812 1.14127 0.841495 1.03115
1.04157 0.886548 1.0449 1.15418 1.11139 0.975641
1.06936 0.881103 1.01652 1.14129 0.875667 1.02364
1.08326 0.878381 1.00233 1.1542 1.14556 0.968121
1.08673 0.8777 0.99878 1.1413 0.892753 1.01988
1.06867 0.738264 1.00267 1.15421 1.16264 0.964362
1.0902 0.87702 0.995232 1.15421 1.17119 0.962482
1.09368 0.876339 0.991685 1.12841 0.639949 1.07163
1.07388 0.737243 0.997352 1.15422 1.17973 0.960602
1.09541 0.875999 0.989911 1.04741 1.26213 0.760188
1.05408 0.598147 1.00302 1.00585 1.35112 0.914742
1.09715 0.875659 0.988137 0.875749 1.20041 0.982511
1.06453 1.17556 0.933362 0.767726 0.900367 1.02788
1.14022 1.15317 0.973254 0.745648 1.0497 1.05028
1.17686 1.02713 0.99878 0.793011 1.03326 1.13317
1.24687 1.10431 1.03515 0.812284 1.04002 1.13445
1.1884 1.10027 1.07821 0.758914 1.03387 1.06213
1.15749 1.09707 1.08247 0.741852 1.04839 1.00933
1.12741 1.09576 1.04693 0.762375 1.04121 1.05769
1.08967 1.09343 1.08071 0.755589 1.03559 1.0837
1.07486 1.09166 1.09592 0.726292 1.02876 1.08242
end
gesture a13 hands 2
0.980105 1.07031 1.08914 0.996403 1.09134 1.08434
1.09054 1.09624 1.00516 0.998435 1.09525 1.0591
1.07805 1.09209 1.00898 0.912826 1.11463 0.980981
1.07347 1.01312 0.978197 0.889646 1.10288 1.0048
1.00307 0.903463 0.900109 0.858065 1.02721 0.976732
0.961978 0.739636 0.88077 0.877126 0.860342 0.930251
0.901899 0.544776 0.916316 0.941621 0.749898 0.855717
0.896993 0.56129 0.983053 0.969396 0.62946 0.903105
0.942549 0.493518 0.931879 0.991511 0.508411 0.908706
0.917318 0.535661 0.990834 0.997172 0.509022 0.950492
0.928367 0.644682 1.01697 0.999276 0.571211 1.04293
0.910227 0.611243 1.03338 0.99496 0.548781 1.03134
0.921276 0.720264 1.05951 0.990728 0.679096 1.06413
0.906681 0.649034 1.05465 0.990686 0.602723 1.04194
0.91773 0.758056 1.08079 0.986454 0.733038 1.07473
0.904909 0.667929 1.06529 0.988549 0.629695 1.04724
0.915958 0.776951 1.09142 0.984317 0.760009 1.08003
0.904022 0.677377 1.07061 0.987481 0.64318 1.04989
0.915071 0.786399 1.09674 0.983248 0.773495 1.08268
0.903579 0.682101 1.07327 0.982714 0.780238 1.084
0.914628 0.791123 1.0994 0.990644 0.526351 1.01975
0.914407 0.793485 1.10073 0.98218 0.786981 1.08533
0.892087 0.577803 1.04979 0.92023 0.909737 1.10477
0.914185 0.795847 1.10206 0.973716 1.04761 1.15091
0.965748 0.908115 1.06792 0.948013 1.13784 1.11307
0.936283 1.01389 1.15432 0.939324 1.16081 1.09421
0.968101 1.12075 1.13591 0.97288 1.12721 1.05849
0.964004 1.14437 1.09391 1.00995 1.11669 1.06854
0.955226 1.10579 1.05788 0.998444 1.12571 1.08394
0.967831 1.10678 1.0957 0.985482 1.1162 1.09788
0.973534 1.10922 1.09817 0.976016 1.12987 1.11316
0.975473 1.10899 1.08343 0.99005 1.12044 1.09853
end
gesture a13 hands 2
1.04443 1.75753 1.02645 0.999936 1.07532 0.987365
1.01904 1.77358 1.02164 0.967433 1.06652 1.01552
1.02451 1.77574 1.02058 0.9641 1.08482 1.02737
1.01501 1.77819 0.996716 0.898314 1.07263 0.980942
1.02819 1.37808 0.957437 0.920435 1.08262 0.919998
1.01685 1.57936 0.965145 0.920985 1.06233 0.914831
1.03003 1.17925 0.925866 0.928617 0.970858 1.03146
1.01777 1.47994 0.949359 0.962449 0.864531 1.05613
1.03095 1.07983 0.91008 1.00267 0.773741 1.08487
1.01823 1.43024 0.941466 1.04489 0.673154 1.14542
1.03141 1.03012 0.902187 1.01215 0.750388 1.15699
1.01846 1.40538 0.93752 1.01342 0.72942 1.1584
1.03164 1.00527 0.89824 1.00732 0.712319 1.15
1.01857 1.39295 0.935547 0.952423 0.889505 1.11987
1.03175 0.992841 0.896267 0.941026 1.02041 1.05858
1.01863 1.38674 0.93456 0.973137 1.10083 0.941946
1.03181 0.986627 0.895281 0.945872 1.02804 1.06475
1.03184 0.983521 0.894787 0.969895 1.08877 0.975963
1.00551 1.78064 0.972853 1.00525 1.18125 0.825312
1.03187 0.980414 0.894294 0.993917 1.14949 0.887172
1.01612 0.855094 0.96279 0.988251 1.13361 0.918102
0.996787 0.767161 0.99464 0.950719 1.03567 1.07093
0.989673 0.624792 1.07951 0.982585 1.11773 0.949031
0.960347 0.609911 1.10043 0.998519 1.15876 0.888082
0.972553 0.565066 1.13333 1.00649 1.17927 0.857607
0.897004 0.618699 1.13635 1.01047 1.18953 0.84237
0.899096 0.474516 1.13957 1.01246 1.19466 0.834751
0.89818 0.372096 1.10418 1.06947 1.3421 0.592045
0.926336 0.396933 1.13655 1.01445 1.19978 0.827132
0.894293 0.378498 1.13258 0.960411 1.05093 1.08328
0.901908 0.62366 1.07826 0.959435 1.05747 1.06222
0.995983 0.963973 0.974426 0.9636 1.0549 1.06735
end
gesture a13 hands 2
1.01657 1.16142 0.957312 0.999139 1.04801 0.998494
1.04084 1.05662 1.02617 0.978912 1.03939 1.02218
1.02424 0.9732 1.04333 0.983163 1.06255 0.999942
1.00067 0.840174 1.12687 0.993265 1.03087 0.997587
1.01964 0.791342 1.15497 0.980194 1.04931 1.00022
0.936032 0.772214 1.10057 0.961064 1.0346 0.997961
1.00523 0.737929 1.19921 0.995145 0.983655 1.01002
0.852425 0.753086 1.04618 0.941934 1.01988 0.995703
0.70078 0.753702 1.0751 0.982 1.03338 1.03686
0.79718 0.662397 1.07666 0.968592 0.958041 1.06557
0.711375 0.601916 1.01988 0.971473 0.862179 1.06731
0.89358 0.571092 1.07822 0.963 0.796752 1.08265
0.937196 0.646592 1.04207 1.04576 0.780213 1.07774
0.926293 0.691321 1.05487 1.01633 0.769788 1.08249
0.970198 0.835491 1.04548 0.989538 0.760983 1.10225
0.942793 0.78577 1.05657 0.958282 0.849559 1.07427
0.986699 0.92994 1.04718 0.950225 0.952163 1.0307
0.951044 0.832995 1.05742 0.947687 0.954619 1.02709
0.99495 0.977165 1.04804 0.956902 0.968817 1.01585
0.955169 0.856607 1.05785 0.99884 1.06363 0.958519
0.999075 1.00078 1.04846 0.98391 1.07282 0.998845
0.957232 0.868415 1.05806 0.987052 0.993696 1.01593
1.00114 1.01258 1.04868 0.96898 1.08201 1.03917
0.958263 0.874317 1.05817 0.969325 1.0511 1.03172
1.00217 1.01849 1.04878 0.969498 1.03565 1.028
1.00268 1.02144 1.04884 0.975264 0.923763 1.07335
0.915389 0.736049 1.06766 0.96967 1.02019 1.02428
1.0032 1.02439 1.04889 0.948231 1.06549 0.984752
1.01725 1.13049 1.0073 0.925035 1.06401 0.994943
1.04084 1.14774 0.966256 0.92408 1.06594 1.02003
1.02561 1.13526 0.968711 0.941845 1.05036 1.01334
0.99733 1.14587 0.990465 0.963669 1.04312 1.00211
end
gesture a13 hands 2
0.965397 1.14023 0.997522 0.959623 1.0658 1.05791
1.02115 1.11959 1.0075 0.987707 1.05184 1.03978
1.03667 1.06443 1.03226 0.950183 1.03301 1.02723
1.01354 0.909493 1.05497 0.972581 1.09966 1.0076
0.997786 0.795908 1.09824 0.933725 1.07502 0.987332
0.989747 0.695214 1.15855 0.946345 1.04653 0.974688
1.00029 0.721847 1.17596 0.910186 0.937824 1.01769
0.935991 0.695817 1.1366 0.91441 0.84185 1.04487
1.01427 0.723644 1.20671 0.941494 0.819061 1.08746
0.871692 0.669788 1.09723 1.00363 0.779483 1.07539
0.856246 0.638354 1.0656 0.981531 0.770416 1.21413
0.885119 0.772836 1.10189 1.00855 0.796498 1.178
0.893273 0.793365 1.06516 1.06577 0.739905 1.06331
0.867037 0.700143 1.04957 1.06714 0.742062 1.0723
0.897349 0.80363 1.0468 1.03557 0.82258 1.14187
0.869075 0.705275 1.04038 1.06851 0.744219 1.0813
0.899388 0.808762 1.03761 0.978432 0.814628 1.13524
0.870094 0.707841 1.03579 0.990801 0.9077 1.09255
0.900407 0.811329 1.03302 1.00181 1.02985 1.0742
0.870604 0.709124 1.0335 1.00317 1.00077 1.04985
0.900916 0.812612 1.03073 1.00385 0.986234 1.03768
0.870859 0.709766 1.03235 1.00419 0.978964 1.03159
0.901171 0.813253 1.02958 1.00436 0.97533 1.02854
0.840801 0.60692 1.03397 1.00444 0.973512 1.02702
0.901426 0.813895 1.02843 0.888353 0.885036 1.18918
1.02172 0.91746 1.12657 1.00453 0.971695 1.0255
0.962052 1.02087 1.02289 0.977417 1.0596 0.917207
0.9821 1.09026 0.957146 0.977758 1.12752 0.898089
1.03226 1.16339 0.889803 0.945853 1.13661 0.929031
1.02879 1.13296 0.934739 0.939027 1.10756 1.0006
0.974928 1.13255 0.967097 0.962612 1.09656 1.01062
0.966287 1.1217 0.995518 0.956785 1.08452 1.03253
end
gesture a13 hands 2
1.02446 1.08518 1.0987 0.904854 1.09541 1.09157
1.02558 1.08301 1.06909 0.902609 1.09946 1.08431
1.02304 1.08662 1.06233 0.896863 1.09068 1.09208
1.02023 1.08687 1.06656 0.907147 1.09684 1.06499
1.01175 1.09859 1.05619 0.925109 1.10153 1.03222
0.979798 1.10256 1.05205 0.947503 1.11439 1.02698
0.969559 1.023 1.01887 0.919046 1.10013 1.06145
0.956421 0.949591 0.994995 0.913108 1.10517 1.05746
0.955378 0.824288 1.00917 0.928819 1.10159 1.03009
0.94933 0.850235 0.990144 0.947772 1.02342 1.00159
0.948426 0.792747 0.996972 1.0061 0.873415 0.948418
0.945854 0.834464 0.984046 1.04035 0.70816 0.981429
0.944951 0.776977 0.990873 1.06649 0.617053 0.952981
0.944116 0.826579 0.980996 1.07054 0.579978 0.98371
0.943213 0.769092 0.987823 1.06233 0.646515 0.965191
0.943247 0.822637 0.979471 1.06846 0.59471 0.989815
0.942344 0.76515 0.986299 1.06024 0.661247 0.971296
0.942813 0.820665 0.978709 1.06742 0.602075 0.992868
0.941909 0.763178 0.985536 1.0592 0.668612 0.974349
0.942596 0.81968 0.978328 1.0669 0.605758 0.994394
0.941692 0.762193 0.985155 1.05868 0.672295 0.975875
0.943282 0.876181 0.971119 1.06664 0.6076 0.995157
0.941475 0.761207 0.984774 1.05842 0.674137 0.976638
0.941197 0.625577 0.999479 1.06651 0.60852 0.995539
0.939668 0.646234 0.99843 1.05829 0.675057 0.977019
0.922459 0.706847 0.979482 1.0746 0.542904 1.01444
0.890895 0.795815 0.959592 1.05816 0.675978 0.977401
0.900484 0.900204 0.967641 1.04685 0.813172 0.989282
0.933255 1.00793 0.999759 1.00445 0.908013 1.03531
0.970067 1.08313 1.04477 0.976481 1.02519 1.12152
1.00976 1.09648 1.08001 0.963285 1.08727 1.0861
1.02038 1.10167 1.07577 0.950939 1.12434 1.06196
end
gesture a13 hands 2
1.01445 1.11635 1.07624 0.945355 1.13228 1.07203
1.00534 1.11995 1.07046 0.934922 1.13238 1.08078
1.00058 1.09935 1.019 0.934313 1.10206 1.01428
0.968039 1.04477 0.959838 0.949241 1.07427 0.978935
0.959346 0.939313 0.94412 0.988806 0.934299 0.971141
0.942752 0.856131 0.954138 0.976488 0.990385 0.957366
0.94504 0.794508 1.02891 1.01605 0.850419 0.949572
0.941858 0.755043 1.01332 0.990111 0.948445 0.946582
0.926158 0.772949 0.964155 1.02968 0.808479 0.938788
0.938675 0.715577 0.997738 0.996923 0.927475 0.941189
0.944934 0.686892 1.01453 1.03649 0.787509 0.933395
0.946498 0.67972 1.01873 1.00033 0.91699 0.938493
0.937834 0.668297 1.06411 1.03989 0.777024 0.930699
0.948063 0.672549 1.02292 1.00203 0.911747 0.937145
0.949627 0.665377 1.02712 1.0416 0.771782 0.929351
0.950019 0.663585 1.02817 1.00288 0.909126 0.936471
0.940181 0.65754 1.07041 1.04245 0.76916 0.928677
0.95041 0.661792 1.02922 1.00331 0.907815 0.936134
0.950801 0.659999 1.03027 1.04287 0.76785 0.92834
0.940768 0.65485 1.07199 0.964169 1.04647 0.943591
0.950996 0.659102 1.0308 1.0433 0.766539 0.928003
0.951094 0.658654 1.03106 1.04772 0.661896 0.977993
0.930735 0.649702 1.1137 1.04409 0.571755 1.02749
0.951192 0.658206 1.03132 1.0306 0.561063 1.09949
0.940325 0.643781 1.01793 1.02596 0.640042 1.02258
0.94661 0.755049 0.996203 0.997715 0.879404 1.03989
0.949944 0.798055 0.995417 0.965089 0.963407 1.0434
0.952895 0.866318 0.974476 0.923292 1.05193 1.0809
0.959564 0.952329 0.972904 0.917002 1.10072 1.06471
0.974491 1.03231 1.04031 0.920684 1.12374 1.05341
0.979043 1.08726 1.0354 0.923984 1.13681 1.04159
0.995026 1.12412 1.04147 0.918742 1.14058 1.03547
end
gesture a13 hands 2
0.997027 1.12563 1.08605 0.915994 1.13594 1.08052
1.00388 1.13031 1.09569 0.91589 1.13092 1.08481
1.00946 1.10587 1.00561 0.921057 1.09677 1.02041
1.00028 1.07948 0.979256 0.918422 1.11133 1.05476
0.973017 0.94242 0.977778 0.923588 1.07718 0.990357
0.982056 0.99776 0.96534 0.919687 1.10154 1.03973
0.954796 0.860695 0.963862 0.924853 1.06738 0.97533
0.972946 0.956897 0.958382 0.92032 1.09664 1.03222
0.945686 0.819833 0.956904 0.925486 1.06249 0.967817
0.96839 0.936466 0.954903 0.920637 1.09419 1.02846
0.94113 0.799401 0.953425 0.925803 1.06004 0.96406
0.966113 0.926251 0.953164 0.920795 1.09297 1.02658
0.938853 0.789186 0.951685 0.925961 1.05881 0.962181
0.964974 0.921143 0.952294 0.920874 1.09236 1.02564
0.937714 0.784078 0.950816 0.92604 1.0582 0.961242
0.964404 0.918589 0.951859 0.920913 1.09205 1.02517
0.937144 0.781524 0.950381 0.92608 1.0579 0.960773
0.96412 0.917312 0.951641 0.915787 1.1259 1.0891
0.93686 0.780247 0.950163 0.926119 1.05759 0.960303
0.936717 0.779608 0.950055 0.982795 0.96293 0.900663
0.991095 1.0531 0.952902 1.02665 0.80416 0.924556
0.936575 0.77897 0.949946 1.05777 0.674963 0.969471
0.93322 0.692954 0.998609 1.04349 0.629645 1.00258
0.960672 0.705417 1.02993 1.03503 0.579439 1.05513
0.947165 0.661053 1.02944 1.02922 0.584328 1.03568
0.939988 0.778875 1.00424 1.02271 0.658587 1.03292
0.93105 0.930879 1.04583 1.00473 0.824294 1.0194
0.94387 1.01599 1.07392 0.990945 0.938568 1.073
0.984351 1.08035 1.11753 0.954664 1.0371 1.06125
0.987413 1.1142 1.07583 0.915605 1.12541 1.08248
1.00468 1.12578 1.07991 0.918384 1.13564 1.04951
0.985952 1.12742 1.05852 0.909557 1.13418 1.06994
end
gesture a13 hands 2
0.989681 0.974019 1.07829 0.909243 0.972523 1.07658
0.977378 0.972498 1.04749 0.928216 0.970935 1.08737
0.945983 0.9787 1.02644 0.928178 0.974288 1.034
0.940102 0.96987 1.03209 0.937683 0.971817 1.06608
0.952197 0.940289 1.06163 0.950284 0.936425 1.05877
0.940248 0.930606 1.05686 0.948736 0.952886 1.07846
0.93422 0.961041 1.03774 0.961336 0.917493 1.07115
0.9283 0.920924 1.05209 0.954262 0.94342 1.08466
0.925339 0.900865 1.05927 0.966863 0.908028 1.07735
0.924599 0.895851 1.06107 0.957025 0.938687 1.08775
0.941876 0.901372 1.07804 0.969626 0.903295 1.08044
0.923859 0.890836 1.06286 0.958407 0.936321 1.0893
0.934807 0.893997 1.071 0.971007 0.900928 1.08199
0.958412 0.901878 1.09681 0.959098 0.935138 1.09008
0.945755 0.897158 1.07914 0.971698 0.899745 1.08277
0.922379 0.880807 1.06645 0.959443 0.934546 1.09046
0.933098 0.892438 1.06148 0.972044 0.899154 1.08315
0.948111 0.912234 1.06228 0.947188 0.969347 1.09816
0.942479 0.934587 1.02804 0.972389 0.898562 1.08354
0.954365 0.943631 1.03528 0.962644 0.870113 1.09441
0.960308 0.948153 1.0389 0.959777 0.888251 1.0604
0.963125 0.932029 1.06308 0.934682 0.928244 1.05944
0.966251 0.952676 1.04252 0.928408 0.938242 1.05919
0.967813 0.962999 1.03224 0.931481 0.94727 1.01883
0.968595 0.96816 1.0271 0.922135 0.94824 1.05895
0.968986 0.970741 1.02453 0.921165 0.958865 1.03582
0.969181 0.972032 1.02324 0.92068 0.964177 1.02425
0.95186 0.976735 0.994605 0.92828 0.966297 0.978223
0.969377 0.973322 1.02196 0.920195 0.969489 1.01269
0.993151 0.971621 1.06467 0.909587 0.968236 1.05847
0.986893 0.969909 1.04931 0.91211 0.972682 1.04715
0.973015 0.96663 1.06268 0.926542 0.970761 1.06455
end
gesture a13 hands 2
1.06288 1.05592 1.18984 0.866417 1.04938 1.14648
1.05798 1.0509 1.16185 0.869828 1.04074 1.16023
1.04302 1.04621 1.10537 0.890502 1.03253 1.12336
0.99061 1.03056 1.05829 0.881871 1.03231 1.14867
0.934139 0.979824 1.03757 0.902545 1.0241 1.1118
0.934605 0.927311 1.03624 0.887892 1.0281 1.14289
0.913056 0.917617 1.06756 0.908566 1.01989 1.10603
0.935071 0.874798 1.03492 0.890903 1.02599 1.14
0.907052 0.82986 1.02724 0.911577 1.01779 1.10314
0.885552 0.79653 1.01075 0.892409 1.02494 1.13856
0.859125 0.812377 0.995091 0.913083 1.01673 1.10169
0.874462 0.828343 0.983407 0.893161 1.02441 1.13784
0.904548 0.886907 0.989552 0.913835 1.01621 1.10097
0.897173 0.865608 0.980637 0.893538 1.02415 1.13748
0.927259 0.924173 0.986783 0.914212 1.01594 1.10061
0.908529 0.884241 0.979253 0.893726 1.02402 1.1373
0.938614 0.942805 0.985399 0.9144 1.01581 1.10043
0.914207 0.893557 0.97856 0.89382 1.02395 1.13721
0.944292 0.952122 0.984706 0.914494 1.01575 1.10034
0.917046 0.898215 0.978214 0.914541 1.01571 1.1003
0.947131 0.95678 0.98436 0.87324 1.03209 1.17398
0.918465 0.900544 0.978041 0.914588 1.01568 1.10025
0.948551 0.959109 0.984187 0.97135 0.966675 1.05246
0.919175 0.901709 0.977955 1.01291 0.927073 1.03035
0.94926 0.960274 0.9841 1.00961 0.880354 1.03104
0.949615 0.960856 0.984057 0.987286 0.837746 1.02853
0.889799 0.844309 0.971722 0.987935 0.812498 0.989846
0.94997 0.961438 0.984014 1.00265 0.817402 1.00162
1.00088 1.04985 1.01937 1.00491 0.852488 0.970109
1.03953 1.06274 1.06045 0.989638 0.969317 0.999166
1.08228 1.07928 1.07288 0.932841 1.03849 1.04587
1.07818 1.07562 1.10153 0.832351 1.05035 1.11199
end
gesture a13 hands 2
1.05521 1.08333 1.14324 0.894692 1.0801 1.10655
1.05071 1.07723 1.14636 0.940768 1.04722 1.0497
1.04561 1.07912 1.14137 0.964027 0.982956 1.01848
1.02434 1.06403 1.10594 0.980123 0.939005 0.978102
0.968728 0.979345 1.04027 1.00826 0.848349 0.981455
0.985899 1.01415 1.05539 0.996218 0.895055 0.937725
0.930288 0.929458 0.989719 1.02365 0.815743 0.930136
0.966679 0.989204 1.03011 1.05249 0.713742 0.944431
0.911067 0.904514 0.964444 1.05109 0.736431 0.922547
0.957069 0.976732 1.01748 1.05804 0.774779 0.914482
0.901457 0.892042 0.951807 1.02091 0.828161 0.970358
0.952264 0.970496 1.01116 1.04295 0.820644 0.938387
0.896652 0.885806 0.945488 1.00582 0.874027 0.994264
0.949861 0.967378 1.008 1.0354 0.843577 0.95034
0.89425 0.882688 0.942328 0.998272 0.896959 1.00622
0.94866 0.965819 1.00642 1.03163 0.855043 0.956317
0.893048 0.881129 0.940749 0.9945 0.908426 1.01219
0.948059 0.965039 1.00563 1.02974 0.860776 0.959305
0.892448 0.88035 0.939959 0.992613 0.914159 1.01518
0.947759 0.96465 1.00523 1.0288 0.863643 0.960799
0.892147 0.87996 0.939564 0.99167 0.917025 1.01668
1.00307 1.04895 1.07051 1.02833 0.865076 0.961546
0.891847 0.87957 0.939169 0.991199 0.918459 1.01742
0.870792 0.809883 0.923195 1.06499 0.813127 0.906416
0.85312 0.712376 0.942203 0.990727 0.919892 1.01817
0.849737 0.740196 0.90722 0.934179 1.00023 1.08534
0.87253 0.815386 0.898865 0.91092 1.03658 1.09859
0.955158 0.926886 0.992591 0.89929 1.05476 1.10521
1.0178 1.0071 1.06684 0.872755 1.088 1.17452
1.04409 1.08385 1.13257 0.88766 1.07294 1.11183
1.04815 1.07889 1.13594 0.896975 1.07314 1.10348
1.06747 1.09562 1.0738 0.935818 1.08724 1.12669
end
gesture a13 hands 2
0.988362 1.0877 0.97888 0.930782 0.972094 1.0448
0.991246 1.08666 1.00732 0.959275 0.962781 1.05268
0.996546 1.09251 1.02792 0.922622 0.9721 1.036
0.998503 1.08912 1.03427 0.949923 0.968559 1.06169
0.972635 1.04702 1.04486 0.99759 0.928261 1.11992
0.974088 0.945717 1.08692 1.03705 0.902337 1.15747
0.904218 0.794372 1.14447 0.974194 0.944427 1.12206
0.93706 0.71822 1.16505 1.02535 0.910421 1.15854
0.98989 0.667674 1.22167 0.962496 0.95251 1.12312
0.97467 0.699978 1.2227 1.0195 0.914462 1.15907
0.969901 0.642069 1.18562 0.956647 0.956551 1.12366
0.964676 0.687175 1.20467 1.01657 0.916483 1.15934
0.961029 0.755795 1.14779 0.953722 0.958572 1.12392
0.96024 0.744038 1.18576 0.95226 0.959583 1.12406
0.956593 0.812658 1.12888 1.0765 0.876414 1.19502
0.958022 0.77247 1.17631 0.950798 0.960593 1.12419
0.954375 0.841089 1.11943 0.937702 0.97468 1.08104
0.956913 0.786685 1.17158 0.927681 1.00576 1.05537
0.953266 0.855305 1.1147 0.927369 1.07765 0.998879
0.956358 0.793793 1.16921 0.941372 1.03493 1.01656
0.952712 0.862413 1.11233 0.95133 0.948384 1.08092
0.956081 0.797347 1.16803 0.955376 0.992219 1.03424
0.952434 0.865967 1.11115 0.957399 1.01414 1.0109
0.955942 0.799124 1.16744 0.95841 1.0251 0.99923
0.952296 0.867744 1.11056 0.927056 1.14954 0.942389
0.95945 0.732281 1.22373 0.959422 1.03605 0.987559
0.952157 0.869521 1.10997 0.974979 0.891009 1.10647
0.976536 1.04702 1.0014 0.991787 0.922569 1.03273
0.954571 1.08751 0.948267 0.97405 0.974826 0.97779
0.955897 1.10551 0.902172 0.942848 0.953743 0.965817
0.996567 1.05134 0.948564 0.919601 0.931642 0.987331
0.985971 1.06219 0.988911 0.92723 0.937864 1.02143
end
gesture a13 hands 2
0.976442 1.06533 1.01716 0.90279 0.932407 1.05369
0.969187 1.06732 1.03021 0.919105 0.941202 1.04279
0.97878 0.941792 1.02825 0.948695 0.92545 1.11433
0.976153 0.830058 1.0838 0.965354 0.902771 1.13219
0.985001 0.756233 1.15125 0.977732 0.812835 1.12502
1.00635 0.756719 1.116 0.992696 0.737298 1.14807
0.997863 0.738324 1.03263 0.964098 0.881279 1.08606
1.02531 0.763902 0.995875 1.00766 0.661762 1.17112
0.897159 0.808963 1.14697 0.950464 0.949724 1.04709
0.96076 0.868181 1.08282 0.941082 1.00986 1.02235
1.05276 0.78948 0.95912 0.910989 1.20908 0.931932
1.02436 0.9274 1.01867 0.93066 1.13314 0.973706
1.01016 0.99636 1.04845 0.972367 1.23295 0.900589
0.903308 0.937981 1.15488 0.940495 1.09518 0.994594
1.00306 1.03084 1.06334 0.971788 1.16427 0.94263
0.899758 0.955221 1.16232 1.01407 1.33276 0.827471
0.999511 1.04808 1.07079 1.00308 1.23336 0.890666
0.897983 0.963841 1.16604 0.950331 1.05721 1.01548
0.997736 1.0567 1.07451 0.992085 1.13395 0.953861
0.897096 0.968151 1.1679 1.01296 1.17233 0.92305
0.996848 1.06101 1.07637 1.0234 1.19151 0.907645
0.896652 0.970306 1.16883 1.02862 1.2011 0.899943
0.996405 1.06316 1.0773 1.03123 1.2059 0.896091
0.89643 0.971383 1.1693 1.03253 1.2083 0.894166
0.996183 1.06424 1.07776 1.03319 1.2095 0.893203
0.896319 0.971922 1.16953 1.03351 1.2101 0.892721
0.996072 1.06478 1.078 1.11716 1.45644 0.72301
0.796455 0.879602 1.2613 1.03384 1.2107 0.89224
0.995961 1.06532 1.07823 0.989673 0.905335 1.09903
0.965843 1.09937 0.986518 0.950518 0.964956 1.06147
0.963243 1.10223 0.955826 0.910434 0.940326 1.08942
0.978068 1.07985 1.00824 0.876411 0.929071 1.07394
end
gesture a13 hands 2
0.956972 1.02162 1.02554 0.922928 0.994827 1.08547
0.967868 1.00493 1.04027 0.944325 0.981402 1.02761
0.96962 1.01317 1.05925 0.949175 0.983778 1.00017
0.961448 1.01244 1.04029 0.936352 0.98494 0.981334
0.964488 0.988783 1.07813 0.957297 0.973565 0.980761
0.960201 0.86176 1.10037 0.95565 0.9704 1.00181
0.951031 0.749187 1.05399 0.992669 0.949041 1.03896
0.953472 0.741962 1.0883 0.998434 0.83657 1.0921
0.963291 0.825906 1.06358 1.01138 0.735216 1.1433
0.959602 0.780321 1.09309 1.00779 0.729658 1.14427
0.96942 0.864265 1.06837 0.986222 0.850121 1.08622
0.962667 0.799501 1.09549 0.995211 0.78711 1.11573
0.972485 0.883444 1.07076 0.973643 0.907574 1.05768
0.964199 0.809091 1.09669 0.988921 0.815836 1.10145
0.974018 0.893034 1.07196 0.967353 0.9363 1.04341
0.955913 0.734737 1.12261 0.985777 0.830199 1.09432
0.97555 0.902624 1.07316 0.964209 0.950663 1.03628
1.00522 0.899562 1.04938 1.0042 0.724099 1.14523
1.02006 0.898032 1.03748 0.961064 0.965026 1.02914
1.08498 0.886961 0.932849 0.950628 1.07771 0.96697
1.05994 0.891731 0.979219 0.970452 1.12841 0.98707
1.04008 0.978736 0.978279 0.967569 0.968255 1.02999
1.0349 0.896501 1.02559 0.973783 1.01322 1.04628
1.01669 0.961005 1.04411 0.976889 1.0357 1.05442
0.995187 1.07051 1.02371 0.978443 1.04694 1.05849
0.998474 1.02551 1.06263 0.990276 1.17912 1.00717
1.00012 1.00301 1.0821 0.979997 1.05818 1.06256
0.984825 0.906041 1.11833 0.984509 0.858799 1.093
1.00176 0.980511 1.10156 0.969717 0.937242 1.11796
0.990024 1.03149 1.03847 0.954267 0.975169 1.08931
0.955061 1.02838 1.01571 0.943756 0.981593 0.972785
0.955658 1.01026 1.00543 0.940411 0.987332 0.989689
end
gesture a13 hands 2
1.05924 1.18232 0.982027 0.82106 1.03899 1.09108
1.06762 1.18151 0.974792 0.752087 1.04894 1.04442
1.05874 1.17964 0.980283 0.792006 1.04705 0.991962
1.08567 1.14129 1.02965 0.83765 1.0605 0.984292
1.08172 1.1026 1.00395 0.886099 1.06144 1.0266
1.08807 1.02544 1.02738 0.924082 1.01956 1.04865
1.05216 0.936179 0.98951 0.937806 0.973817 1.01504
1.04383 0.864637 1.03083 0.963336 0.837723 1.04769
1.04368 0.726683 0.997118 0.981613 0.733816 1.08729
1.05802 0.674246 1.079 0.993454 0.617654 1.09359
1.07844 0.668441 1.05986 0.94835 0.589187 1.13665
1.06638 0.549349 1.00551 0.892489 0.678244 1.08533
1.01059 0.502419 1.05581 0.856673 0.909981 0.946526
1.02191 0.61066 1.05229 1.02165 0.944566 0.934828
0.927522 0.365703 1.07783 0.825541 0.856266 0.901444
1.03323 0.718901 1.04877 0.913769 0.947924 0.906018
1.05166 0.884676 1.14058 1.18663 0.979152 0.923129
1.06088 0.967563 1.18649 1.002 1.03958 0.910591
0.773174 0.887917 1.11493 0.90968 1.0698 0.904323
1.0701 1.05045 1.2324 1.19762 1.12744 0.856838
0.942383 1.18102 1.11088 0.817363 1.10001 0.898054
0.878524 1.2463 1.05012 0.814619 1.19347 0.89028
0.846595 1.27894 1.01974 0.923612 1.26374 0.883458
1.24745 1.09921 1.16981 1.0431 1.08912 1.0184
0.814666 1.31158 0.989365 1.15229 0.944037 1.18023
0.711505 1.32196 1.00671 1.16259 0.914494 1.15335
0.709185 1.07714 1.04103 1.27297 0.893226 1.12246
0.720755 1.13169 0.98293 1.28975 0.933893 1.06047
0.597073 1.07277 0.936421 1.26729 1.03491 1.10294
0.617862 1.0568 0.945276 1.23949 1.03713 1.05832
1.08353 1.15108 0.968639 0.859297 1.04372 1.0275
1.1066 1.16521 0.95802 0.869401 1.03669 1.02678
end
gesture a13 hands 2
0.922073 1.16524 1.02588 0.957154 1.1637 1.0559
0.931283 1.16593 1.05264 0.967158 1.16501 1.05398
0.95518 1.14572 1.0531 0.982815 1.17751 1.02646
0.945782 1.10926 0.980804 0.96918 1.17179 1.06009
0.95143 1.0256 0.943026 0.966724 1.18095 1.04594
0.946304 0.877626 0.920419 0.976161 1.16275 1.03409
0.959101 0.744322 0.918423 0.981461 1.13084 1.00171
0.935324 0.659951 0.916608 0.992738 1.05016 0.977352
0.919556 0.637157 0.927084 0.981892 0.906035 0.93884
0.917777 0.618948 0.93973 0.977254 0.758683 0.931432
0.920812 0.618889 0.936517 0.982409 0.645575 0.897834
1.11558 0.704914 0.844839 0.990676 0.626729 0.907973
1.15132 0.750927 0.843907 1.02309 0.501636 0.937124
1.0867 0.788152 0.803617 0.998942 0.607882 0.918111
1.20054 0.874847 0.873192 1.00229 0.581163 0.91887
1.11131 0.850111 0.818259 1.00669 0.606865 0.924433
1.10219 0.90765 0.961515 0.987788 0.734666 0.99927
1.06213 0.866513 0.862421 0.999439 0.683617 0.964633
1.05301 0.924051 1.00568 0.980538 0.811417 1.03947
1.03754 0.874713 0.884503 0.995814 0.721992 0.984733
1.02842 0.932252 1.02776 0.976912 0.849793 1.05957
1.02525 0.878814 0.895544 0.9751 0.868981 1.06962
1.01612 0.936352 1.0388 1.01109 0.632567 0.929997
1.0191 0.880864 0.901064 0.973287 0.888169 1.07967
1.00998 0.938403 1.04432 0.919098 0.967435 1.25969
1.0069 0.939428 1.04708 0.938106 1.08971 1.25783
1.02208 0.825376 0.763327 0.913375 1.12541 1.22946
1.00383 0.940453 1.04984 0.959273 1.15188 1.13492
0.971942 0.958063 1.3002 0.975335 1.19253 1.06675
0.985582 1.05553 1.33635 0.979961 1.20767 1.03509
0.981981 1.07957 1.30731 0.963564 1.19575 1.06158
0.975727 1.17126 1.11287 0.961317 1.2126 1.04664
end
gesture a13 hands 2
0.987452 1.07602 1.08262 0.917094 1.0238 1.08592
0.996321 1.07411 1.11435 0.912209 1.0157 1.11326
1.00007 1.06766 1.1097 0.910096 1.01736 1.11729
1.01553 1.04585 1.0638 0.92348 1.0175 1.10024
0.997112 0.906053 1.00186 0.92676 1.02485 1.07176
0.977277 0.776309 0.929642 0.917745 1.00714 1.10508
0.952855 0.749211 0.910083 0.930781 0.981457 1.06682
0.834659 0.623322 0.962682 0.966243 0.872273 1.06489
0.936307 0.671279 0.93641 0.980095 0.828502 0.97572
0.826385 0.584356 0.975845 0.984439 0.754456 0.950584
0.890388 0.721786 0.997185 0.974726 0.716675 0.949581
0.803425 0.60961 1.00623 1.02586 0.842576 0.972548
0.867428 0.747039 1.02757 0.981537 0.750902 0.969486
0.791945 0.622236 1.02143 1.01459 0.856538 0.986996
0.855948 0.759665 1.04277 1.07699 0.968477 0.995516
0.786205 0.62855 1.02902 1.04765 0.962174 1.00451
0.850208 0.765979 1.05036 1.03298 0.959022 1.009
0.783335 0.631706 1.03282 1.02564 0.957446 1.01125
0.847338 0.769135 1.05416 0.988348 0.785129 0.98939
0.781901 0.633285 1.03472 1.0183 0.95587 1.0135
0.845903 0.770714 1.05606 1.03328 1.04124 1.02555
0.781183 0.634074 1.03567 1.04077 1.08393 1.03158
0.845186 0.771503 1.05701 1.17926 1.22028 1.04145
0.780824 0.634468 1.03615 1.04826 1.12661 1.03761
0.844827 0.771897 1.05749 0.982759 1.07978 1.03568
0.844647 0.772095 1.05772 0.950009 1.05636 1.03472
0.716463 0.497434 1.01528 0.933634 1.04465 1.03424
0.844468 0.772292 1.05796 0.925447 1.03879 1.034
0.970346 0.913676 1.0391 0.921353 1.03587 1.03388
0.972473 1.04715 1.10063 0.919306 1.0344 1.03382
0.983748 1.07682 1.11879 1.00197 0.853584 1.0292
0.974453 1.09185 1.10561 0.917259 1.03294 1.03376
end
gesture a13 hands 2
0.99234 1.14374 1.06892 0.927454 1.05121 1.10382
0.990762 1.12837 1.06596 0.920483 1.04759 1.09987
0.97515 0.977068 0.997939 0.923591 1.03551 1.10757
0.982167 1.04503 1.03047 0.940033 1.04899 1.0885
0.966555 0.893732 0.962448 0.969093 1.02406 1.0333
0.97787 1.00337 1.01272 0.970146 0.913382 0.993895
0.962258 0.852064 0.944703 1.00382 0.717122 0.925167
0.975721 0.982532 1.00385 0.971199 0.802704 0.954489
0.960109 0.83123 0.935831 0.954372 0.87649 0.981556
0.974646 0.972115 0.999415 0.958762 0.899934 0.984114
0.959034 0.820813 0.931394 0.948238 0.989513 0.975902
0.974109 0.966907 0.997197 0.936286 0.99981 1.00043
0.958497 0.815605 0.929176 0.868318 1.06641 0.996276
0.989184 1.113 1.063 0.924334 1.01011 1.02497
0.95796 0.810396 0.926958 0.912382 1.0204 1.0495
0.934174 0.610027 0.902794 0.909394 1.02298 1.05563
0.958051 0.597264 0.93522 0.85039 1.08186 1.03307
0.963624 0.635746 0.935169 0.906406 1.02555 1.06176
0.947932 0.727394 0.993249 0.903418 1.02813 1.0679
0.890469 0.857292 1.08842 0.902671 1.02877 1.06943
0.932239 0.819042 1.05133 0.845908 1.08572 1.04227
0.969197 0.674228 0.935119 0.901924 1.02941 1.07096
0.974009 0.780793 1.01424 0.901177 1.03006 1.0725
0.976415 0.834076 1.0538 0.900803 1.03038 1.07326
0.931785 0.941253 1.12345 0.788399 1.14331 1.01665
0.909469 0.994841 1.15828 0.900429 1.0307 1.07403
0.822887 1.11732 1.24162 1.03064 0.842209 1.06524
0.887154 1.04843 1.1931 1.01246 0.918091 1.13141
0.978821 0.887358 1.09336 0.99326 0.988752 1.1068
0.951421 0.979546 1.14459 0.975664 1.03686 1.09461
0.995908 1.10703 1.08393 0.969694 1.04934 1.09282
1.00753 1.12709 1.06865 0.944178 1.03967 1.12054
end
gesture a20 hands 2
0.978462 0.837615 1.1963 1.02367 1.05158 1.01688
0.989542 0.833082 1.17504 1.00108 1.04597 1.01252
0.972969 0.823884 1.15987 0.9463 1.0321 1.01075
0.962137 0.797741 1.15473 0.950333 1.03257 1.07017
0.942545 0.704407 1.14261 0.949703 1.04414 1.08877
0.927979 0.569225 1.12969 0.955695 1.02341 1.05791
0.881321 0.487752 1.10562 1.00453 0.810205 1.0868
0.873504 0.352468 1.0662 1.04053 0.77028 1.23549
0.819942 0.251961 1.08763 1.12894 0.554686 1.15183
0.8208 0.276622 1.18495 1.07653 0.730354 1.38417
0.885867 0.396446 0.965238 1.08749 0.678014 1.4076
1.06382 0.801524 0.973377 0.906968 0.870047 1.35944
1.2742 1.138 0.962398 0.948097 0.847355 1.31495
1.30522 1.46031 1.19127 1.09846 0.625674 1.43102
1.18837 1.57218 1.32115 0.989227 0.824662 1.27047
1.04442 1.61691 1.30482 0.737407 1.00974 1.33471
0.973432 1.82006 0.97043 0.879994 1.02365 1.10992
0.898108 1.78269 0.692309 0.951287 1.03061 0.99753
0.924801 1.82162 0.486293 0.986934 1.03409 0.941334
0.822784 1.74531 0.414189 1.00476 1.03583 0.913237
0.849036 1.64922 0.43157 1.01772 1.3316 0.92697
0.883583 1.54162 0.421324 1.02258 1.03757 0.885139
0.953543 1.3357 0.569622 1.0287 1.08824 0.817801
0.935837 1.38486 0.49035 0.983011 1.01889 0.728814
1.0058 1.17894 0.638647 0.861219 1.02226 0.762224
1.03192 1.10056 0.67316 0.863551 0.922781 1.01457
0.918131 1.43401 0.411078 0.915153 0.90362 1.1232
1.05805 1.02218 0.707673 0.935972 0.977029 1.0937
1.03611 0.932887 1.02778 0.966373 1.01663 1.01193
1.03331 0.82576 1.20369 1.00723 1.04005 1.02293
1.01418 0.843594 1.34788 0.973522 1.03751 1.09377
1.02748 0.836225 1.35888 0.972789 1.03979 1.1293
end
gesture a20 hands 2
1.03019 0.745768 1.36717 0.937715 1.08063 1.14568
1.03464 0.737529 1.31841 0.919572 1.07566 1.08494
0.963451 0.774589 1.1319 0.969602 1.0307 1.10293
0.88508 0.768035 1.08024 1.01035 0.914766 1.12235
0.865504 0.696627 1.0992 1.04579 0.633372 1.21323
0.852148 0.391509 1.18351 1.01552 0.621422 1.18447
0.88571 0.395935 1.21675 1.09386 0.686788 1.16175
0.845526 0.299019 1.15902 1.05436 0.73012 1.1518
0.859044 0.343834 1.17827 0.985246 0.609471 1.15571
0.930864 0.528145 1.10433 1.01486 0.773452 1.14185
1.03376 0.736065 1.01789 1.01897 0.880268 1.10297
1.26358 1.16638 1.04427 1.01337 0.822294 1.14627
1.27319 1.44811 1.30465 1.02102 0.933676 1.08353
1.15841 1.48328 1.42584 1.01439 0.848998 1.13654
1.05977 1.52372 1.34552 1.02204 0.960379 1.07381
1.01402 1.77598 0.871019 1.01491 0.86235 1.13169
0.938485 1.74579 0.530293 1.02256 0.973731 1.06895
0.864047 1.66578 0.489336 1.01516 0.869026 1.12926
0.918242 1.56555 0.520452 1.02281 0.980407 1.06652
0.952024 1.47109 0.510991 1.01529 0.872364 1.12804
0.972176 1.22844 0.656864 1.02294 0.983745 1.0653
0.97899 1.30254 0.579197 1.00777 0.764321 1.18956
0.999143 1.05989 0.725069 1.02307 0.987083 1.06409
0.992474 1.21826 0.6133 0.965183 1.03685 0.931321
1.01263 0.975609 0.759172 0.987799 1.15571 0.798425
0.999216 1.17612 0.630351 0.907297 1.08661 0.798552
1.01937 0.933471 0.776224 0.898113 1.06998 0.687975
1.00259 1.15505 0.638877 0.826794 1.01752 0.798679
1.02274 0.912401 0.784749 0.88276 0.976827 1.04224
0.985805 1.37663 0.50153 0.921538 1.03627 1.06435
1.02611 0.891332 0.793275 0.921926 1.02038 1.1693
1.01027 0.765635 1.24659 0.960316 1.09571 1.08646
end
gesture a20 hands 2
1.024 0.843099 1.25447 0.972247 1.06611 1.08589
1.03999 0.810956 1.20882 0.952165 1.06504 1.07341
0.935013 0.829772 1.10449 0.960286 1.05018 1.07123
0.841801 0.838331 1.13657 0.948869 1.04467 1.05343
0.845268 0.836274 1.16031 0.975441 0.966707 1.07657
0.913346 0.729751 1.13875 1.03457 0.75202 1.14185
0.872164 0.527793 1.09604 1.03557 0.67325 1.18288
0.837219 0.483048 1.07185 1.03065 0.769062 1.16333
0.817702 0.330922 1.06116 1.03715 0.63123 1.15992
0.833034 0.245241 1.16963 1.02573 0.864873 1.14378
0.809725 0.218845 1.10939 1.06644 0.870796 1.16865
0.948609 0.581726 1.07812 1.01351 1.03848 1.10371
0.979165 0.796095 1.09047 1.02047 1.05303 0.86839
1.12144 0.967698 0.976469 0.999281 1.09395 0.821231
1.28361 1.2606 1.01966 1.01053 1.12642 0.829061
1.16121 1.40477 1.16205 0.966737 1.10665 0.700445
1.23145 1.50386 1.28329 0.942734 1.06618 0.642768
1.14771 1.60158 1.16751 0.890296 1.03807 0.669716
1.0388 1.54893 1.30444 0.90145 1.00385 0.823834
1.06398 1.6993 1.05172 0.869654 1.00691 0.760249
0.967475 1.70504 0.746108 0.880808 0.972683 0.914367
0.94315 1.80973 0.502002 0.859333 0.991322 0.805515
0.87097 1.71079 0.440496 0.870486 0.9571 0.959633
0.918842 1.67118 0.489354 0.865326 0.949309 0.982267
1.08751 1.58227 0.550785 0.837859 1.00996 0.696664
1.14157 1.41407 0.595087 0.860165 0.941517 1.0049
1.12455 1.23015 0.770427 0.884047 0.978494 1.13713
1.19563 1.24587 0.639389 0.933907 1.02798 1.16672
1.1616 0.87803 0.990068 0.969824 1.06649 1.1233
1.11056 0.856202 1.20077 0.995394 1.07545 1.0992
1.04576 0.819371 1.35445 0.978135 1.07571 1.12626
1.05952 0.834374 1.41148 0.978399 1.07377 1.09089
end
gesture a20 hands 2
0.949611 0.836859 1.05946 1.08527 0.888567 0.981181
0.957696 0.833865 1.06772 1.13458 0.930529 0.967887
0.975055 0.844261 1.07421 1.24618 1.01444 0.859064
0.996485 0.858774 1.05849 1.4073 1.139 0.784684
1.18902 0.798688 1.07363 1.45362 1.21415 0.793941
1.31571 0.549962 1.27072 1.41223 1.2679 0.742069
1.24933 0.381817 1.27673 1.1909 1.22887 0.609155
1.25853 0.389552 1.30327 1.28087 1.27527 0.649677
1.35035 0.692324 1.3702 1.05954 1.23624 0.516762
1.30904 0.544805 1.35001 1.21519 1.27895 0.60348
1.40086 0.847577 1.41693 0.993856 1.23992 0.470565
1.33429 0.622432 1.37338 1.18235 1.28079 0.580382
1.42612 0.925203 1.4403 0.961016 1.24176 0.447467
1.34692 0.661245 1.38506 1.16593 1.28171 0.568833
1.43874 0.964017 1.45199 0.944596 1.24268 0.435918
1.44506 0.983423 1.45783 1.15772 1.28217 0.563058
1.26772 0.397287 1.32982 0.936386 1.24314 0.430144
1.45137 1.00283 1.46367 0.932281 1.24337 0.427256
1.35369 1.21848 1.49672 1.37084 1.32166 0.690198
1.14685 1.35476 1.15777 0.928176 1.2436 0.424369
1.45961 1.44943 1.15014 0.702969 1.06654 0.620118
0.940009 1.49104 0.818816 0.618266 0.992848 1.05705
0.680208 1.51185 0.653153 0.663556 0.990956 1.38129
0.550307 1.52226 0.570322 0.822574 0.969214 1.55443
0.876682 1.67282 0.416186 0.952735 0.928361 1.58818
0.420407 1.53266 0.487491 0.768932 0.887254 1.48208
0.258608 1.44252 0.559452 0.808976 0.755061 1.2182
0.269448 1.45318 0.599294 0.720908 0.859349 0.942179
0.428755 1.36817 0.703142 0.728325 0.928737 0.823995
0.7343 1.00037 0.809144 0.88016 0.865015 0.862123
1.00591 0.751053 1.0917 0.964496 0.791537 1.0392
1.09723 0.723183 1.1799 0.964116 0.791104 1.05478
end
gesture a20 hands 2
1.00969 0.72011 1.17838 0.890546 0.855661 1.14325
1.03535 0.740516 1.12621 0.886087 0.866129 1.1479
1.22288 0.822223 1.18022 0.918415 0.865517 1.11133
1.20483 0.629553 1.34708 1.03904 0.943152 0.932648
1.31644 0.697625 1.46508 1.19646 1.07009 0.81484
1.18678 0.436883 1.51394 1.27698 1.04268 0.800635
1.09916 0.239028 1.45521 1.23475 0.908358 0.840456
1.12687 0.194383 1.38432 1.23733 0.931753 0.795547
1.22136 0.400293 1.47079 1.1889 1.11923 0.638476
1.39897 0.938035 1.52154 0.962772 1.15981 0.613866
1.35238 1.39888 1.30514 0.899529 1.08792 0.829893
1.32397 1.49832 1.10701 0.818086 1.14415 0.709574
1.07662 1.46915 0.982763 0.754843 1.07227 0.925601
1.18609 1.53346 0.945822 0.745743 1.13633 0.757429
0.938746 1.50429 0.821575 0.682501 1.06445 0.973456
1.11715 1.55102 0.865228 0.709572 1.13241 0.781356
0.869807 1.52185 0.74098 0.646329 1.06053 0.997383
1.08268 1.55981 0.824931 0.691486 1.13046 0.793319
0.835338 1.53064 0.700683 0.628244 1.05858 1.00935
1.06545 1.5642 0.804782 0.682443 1.12948 0.799301
0.818103 1.53503 0.680535 0.619201 1.0576 1.01533
1.05683 1.56639 0.794708 0.677922 1.12899 0.802292
0.809485 1.53722 0.67046 0.614679 1.05711 1.01832
0.805177 1.53832 0.665423 0.736643 1.20038 0.589256
1.29556 1.59776 0.908881 0.610158 1.05662 1.02131
0.800868 1.53942 0.660386 0.6361 0.942564 1.32792
0.603144 1.61952 0.394803 0.904342 0.965528 1.44569
0.306176 1.48109 0.411891 1.06583 0.960636 1.28084
0.303314 1.45593 0.422774 1.06155 0.903507 1.21599
0.417746 1.46196 0.500488 0.878475 0.8995 1.30193
0.69201 1.3068 0.644349 0.726601 0.84746 1.2906
0.938707 1.03522 0.794895 0.665984 0.865895 1.09869
end
gesture a20 hands 2
0.977362 0.958588 0.893301 0.765032 0.891617 1.05139
1.00763 0.883515 1.02663 0.784621 0.923223 0.961017
1.05329 0.824753 1.20953 0.914351 1.00503 0.843043
1.11478 0.728782 1.35065 1.04797 1.00406 0.86201
1.10531 0.574233 1.39228 1.09981 0.921952 0.897159
1.12478 0.438981 1.34897 1.0605 0.764028 0.901637
1.09179 0.22828 1.28936 1.00627 0.736955 0.964433
1.14425 0.303729 1.30566 1.01825 0.817989 0.906387
1.26308 0.6538 1.38463 1.05386 1.07227 0.732087
1.36235 1.16029 1.36132 0.953718 1.07206 0.865256
1.33082 1.43645 1.21612 0.893879 1.20988 0.777006
1.30907 1.56474 0.990929 0.853577 1.07185 0.998425
1.07771 1.55054 0.888238 0.904789 0.901645 1.31918
1.18252 1.62178 0.826987 1.07418 0.994669 1.50808
0.951156 1.60758 0.724297 1.05901 1.07569 1.27061
1.11924 1.65031 0.745017 1.15197 1.12248 1.02347
0.887878 1.6361 0.642326 1.04384 1.15672 1.03315
0.85624 1.65036 0.601341 1.01421 1.1446 0.891076
1.28732 1.69303 0.765737 0.925678 1.07757 0.995111
0.824601 1.66462 0.560355 0.881824 0.989627 1.19969
0.621333 1.72263 0.330356 0.837145 1.01054 1.09915
0.361882 1.63622 0.354974 0.814805 1.02099 1.04887
0.43694 1.5075 0.591015 0.803635 1.02622 1.02373
0.502847 1.45387 0.520705 0.79805 1.02883 1.01117
0.478521 1.16871 0.569611 0.984583 1.13247 0.749003
0.768201 1.03715 0.88615 0.792465 1.03144 0.998597
0.908788 0.863976 0.991957 0.719809 0.822533 1.36624
1.05788 0.905588 1.20269 0.600347 0.930419 1.24819
1.10308 0.844572 1.23653 0.715872 0.974409 1.20532
1.09829 0.775552 1.16162 1.04742 0.858294 1.23701
1.08949 0.805847 1.15413 1.29709 0.886013 1.30027
1.09499 0.809577 1.18209 1.29603 0.905069 1.28796
end
gesture a20 hands 2
1.01059 0.992291 1.14579 0.976271 1.04811 1.01635
1.02813 0.941919 1.13851 0.975285 1.04572 1.04331
0.988552 0.791624 1.06886 0.997062 1.02166 1.06313
0.962231 0.5543 1.013 0.994335 0.938788 1.06026
0.953039 0.37924 0.983649 1.06757 0.768324 1.01431
0.938236 0.284327 1.02007 1.07198 0.727712 0.98547
1.00409 0.391559 0.974651 1.06151 0.759815 1.0321
0.953086 0.512718 1.24005 1.01848 0.779494 0.998316
0.966879 0.756121 1.21423 1.00971 0.839482 0.984341
0.959145 0.839148 1.20386 1.01808 0.908652 0.982247
1.0322 1.09116 1.15729 0.969087 0.942566 0.948587
1.02359 1.09199 1.16555 1.02645 0.977822 0.980154
0.969154 1.29025 0.994221 0.928464 1.04565 0.912832
0.966429 1.29024 1.00425 0.898997 1.08723 0.892309
1.01497 1.09283 1.17382 0.912656 1.06237 0.87574
0.963704 1.29024 1.01428 0.903101 1.04938 0.922192
0.906108 1.48933 0.831152 0.91234 1.04341 1.05976
0.912436 1.48766 0.854746 0.908225 1.02969 1.06307
0.915601 1.48682 0.866543 0.906167 1.02283 1.06473
0.917183 1.4864 0.872442 0.893546 1.0364 0.968645
0.917974 1.48619 0.875391 0.904109 1.01596 1.06638
0.957858 1.29034 1.03287 0.909391 1.00575 1.11525
0.91837 1.48608 0.876865 0.912031 1.00064 1.13969
0.997742 1.09449 1.19034 0.912024 1.02446 1.24379
0.918765 1.48598 0.87834 0.914672 0.995529 1.16412
0.780017 1.88749 0.505015 0.89651 1.02657 1.05565
0.839788 1.87747 0.566339 0.932457 0.998166 1.06373
0.916157 1.76584 0.586055 0.908101 1.02615 0.997363
0.93938 1.47864 0.588674 0.92411 1.01611 1.04355
0.98838 1.05333 0.871417 0.968404 0.969763 1.07181
1.03555 0.953061 1.19917 0.940118 1.00607 1.08973
1.03853 0.972124 1.21761 0.945848 1.01082 1.06179
end
gesture a20 hands 2
1.04137 0.776676 1.24106 0.912832 1.02208 1.09121
1.02776 0.778367 1.19124 0.924985 1.03442 1.06664
1.02911 0.735508 1.15602 0.936007 1.01731 1.06844
0.996786 0.588613 1.09544 0.949416 0.930072 1.09624
0.936324 0.0811776 1.03068 1.04361 0.834429 1.08848
0.970844 0.155535 0.968064 0.969625 0.746701 0.909059
0.987687 0.40819 0.955939 0.962398 0.781334 0.998256
0.953367 0.676854 0.90511 0.843209 0.799156 1.14305
0.934795 0.93368 0.930209 1.00005 0.566078 1.05893
1.24727 1.00447 1.09735 0.862035 0.691528 1.17339
1.41651 1.30648 1.497 1.03335 0.774723 0.974206
1.19932 1.63936 1.65867 0.878685 0.795851 1.13103
1.03718 1.76726 1.55287 1.05 0.879045 0.931844
1.03893 1.86713 1.39426 0.887012 0.848011 1.10985
0.920982 1.77028 1.07705 1.05833 0.931206 0.910663
0.980836 1.86864 1.15635 0.891176 0.874092 1.09926
0.862883 1.7718 0.839139 1.0625 0.957286 0.900073
0.951786 1.8694 1.0374 0.893258 0.887132 1.09396
0.833833 1.77255 0.720184 1.06458 0.970327 0.894777
0.937262 1.86978 0.977922 1.06562 0.976847 0.89213
0.819309 1.77293 0.660707 0.72402 0.816978 1.28785
0.812046 1.77312 0.630968 1.06666 0.983367 0.889482
1.04069 1.967 1.23566 1.19135 1.1714 0.817128
0.804784 1.77331 0.601229 1.08517 1.06477 0.895248
0.630866 1.52719 0.53782 0.952125 1.03109 0.95831
0.640468 1.51127 0.551553 0.938411 1.01773 1.04324
0.710904 1.53809 0.534203 0.928749 1.03815 1.11168
0.845002 1.38729 0.537107 0.919171 0.991762 1.16353
1.00741 0.994418 0.774838 0.908176 1.01754 1.11828
1.03156 0.771578 1.22494 0.901007 1.00846 1.08633
1.03705 0.778369 1.22578 0.903863 1.00707 1.07449
1.04315 0.781351 1.26594 0.912976 1.01558 1.082
end
gesture a20 hands 2
1.05413 0.755272 1.26417 0.951947 1.03531 1.06937
1.02049 0.708051 1.14496 0.942972 1.03936 1.05109
0.974534 0.541546 1.06435 0.941438 1.03796 1.06321
0.944154 0.303585 1.0248 0.955845 1.02991 1.06628
0.93059 0.142722 1.01613 0.994564 0.929249 1.03466
0.87258 0.121921 1.07876 0.982408 0.975554 1.052
0.988833 0.18996 0.985858 1.02113 0.874893 1.02039
1.16591 0.397477 0.98122 0.995689 0.948377 1.04487
1.48327 0.887376 1.14614 1.03441 0.847716 1.01326
1.45657 1.46363 1.36727 1.00233 0.934788 1.0413
1.22935 1.69372 1.45789 1.04105 0.834127 1.00969
1.02775 1.72449 1.45184 0.970251 1.02186 1.06934
0.980853 1.71122 1.44739 1.04769 0.820538 1.00612
0.99017 1.85429 1.26191 1.03383 0.761026 0.954283
0.831619 1.69915 0.957981 1.04923 0.710101 0.981381
0.915552 1.84825 1.01721 1.05693 0.684639 0.994931
0.757001 1.69311 0.713276 1.06078 0.671908 1.00171
0.878244 1.84523 0.894853 1.0084 0.53013 0.9396
0.719693 1.6901 0.590923 1.06463 0.659177 1.00848
0.859589 1.84372 0.833677 0.994688 0.845843 0.987247
0.701038 1.68859 0.529747 0.992657 0.965062 0.948267
0.691711 1.68783 0.499159 1.00997 1.02114 0.912768
0.999486 1.99735 1.07643 1.05209 1.06918 0.870184
0.682384 1.68708 0.468571 0.948473 1.03344 0.877852
0.542231 1.37905 0.476334 0.896465 1.07598 1.01835
0.572097 1.32862 0.498774 0.915174 1.00772 1.16059
0.649105 1.34735 0.50319 0.921639 1.06222 1.27085
0.761598 1.29824 0.522055 0.921352 1.04878 1.27007
0.979009 0.974147 0.792117 0.935468 1.05614 1.15101
1.029 0.740167 1.18212 0.906177 1.03762 1.09663
1.02448 0.729611 1.27853 0.907103 1.03266 1.07275
1.03372 0.73206 1.25712 0.935802 1.03173 1.03364
end
gesture a20 hands 2
1.18034 0.777126 1.18645 1.0073 0.990984 1.02671
1.15037 0.768671 1.24147 1.03178 0.98473 1.02094
1.10381 0.762745 1.13636 0.989238 0.965714 1.02912
1.01731 0.69313 1.01868 0.94513 0.906483 1.10159
0.878416 0.458611 0.981103 0.90117 0.739195 1.22569
0.823869 0.294657 1.05649 0.872267 0.678357 1.18742
0.780978 0.360511 1.01775 0.823959 0.646487 1.32832
0.831491 0.596719 0.935073 0.833662 0.632003 1.23873
0.930049 0.896821 1.05184 0.920344 0.753401 1.10608
0.906026 0.864874 0.952116 0.881855 0.68546 1.12762
1.00458 1.16498 1.06888 0.968537 0.806857 0.994961
0.943294 0.998951 0.960637 0.905951 0.712189 1.07206
1.04185 1.29905 1.0774 0.992634 0.833586 0.939401
0.961928 1.06599 0.964897 0.917999 0.725553 1.04428
1.06049 1.36609 1.08166 1.00468 0.84695 0.911621
0.971245 1.09951 0.967028 0.924023 0.732235 1.03039
1.0698 1.39961 1.08379 1.01071 0.853632 0.897731
0.975903 1.11627 0.968093 0.927035 0.735576 1.02344
1.07446 1.41637 1.08485 1.01372 0.856973 0.890786
0.978232 1.12465 0.968625 0.928541 0.737246 1.01997
1.07679 1.42475 1.08539 1.01522 0.858643 0.887313
1.07796 1.42894 1.08565 1.01598 0.859479 0.885577
0.882003 0.832927 0.852396 0.843365 0.61752 1.14915
1.07912 1.43313 1.08592 1.01673 0.860314 0.883841
0.980885 1.57656 1.25566 1.09004 1.13355 0.746131
0.965219 1.66213 1.18716 1.04173 1.21647 0.700963
0.860589 1.6988 0.768956 0.980241 1.11945 0.870106
0.858963 1.56358 0.669865 0.904502 1.06319 0.998796
0.859993 1.28838 0.706711 0.888472 0.992094 1.14776
0.989025 0.823629 0.966964 0.931226 0.964825 1.27633
1.04839 0.745869 1.20826 0.904723 0.945212 1.24567
1.0782 0.739218 1.2371 0.903786 0.957986 1.15123
end
gesture a20 hands 2
1.11965 0.763646 1.31183 0.946527 1.003 1.04596
1.09143 0.769479 1.23734 0.964196 1.0199 0.995648
1.05319 0.834009 1.06984 1.01789 1.04929 0.987775
0.981943 0.706038 1.04747 0.972511 1.0084 1.02975
0.917732 0.450965 1.04472 0.996471 0.93254 1.15339
0.831606 0.324075 1.06589 0.931198 0.773759 1.16873
0.821172 0.358067 1.05276 0.916318 0.754029 1.25256
0.857236 0.702281 0.911272 0.891122 0.684504 1.21831
0.943797 0.973133 0.966354 0.923847 0.781401 1.11845
1.1016 1.41387 1.07074 0.894886 0.69819 1.15126
1.07446 1.59115 1.27352 0.927612 0.795086 1.0514
1.04697 1.62835 1.23579 0.896769 0.705033 1.11773
0.96156 1.61381 1.02863 0.929495 0.801929 1.01787
0.990515 1.63968 1.11335 0.89771 0.708454 1.10097
0.90511 1.62514 0.906187 0.930436 0.805351 1.00111
0.96229 1.64534 1.05212 0.89818 0.710165 1.09258
0.876885 1.63081 0.844965 0.930906 0.807061 0.992727
0.948177 1.64817 1.02151 0.898416 0.71102 1.08839
0.862772 1.63364 0.814354 0.931142 0.807917 0.988536
0.941121 1.64959 1.00621 0.898533 0.711448 1.0863
0.855716 1.63505 0.799049 0.931259 0.808344 0.98644
0.937593 1.6503 0.998554 0.931318 0.808558 0.985393
0.852188 1.63576 0.791396 0.865925 0.614979 1.18406
0.935829 1.65065 0.994728 0.931377 0.808772 0.984345
0.850424 1.63612 0.787569 0.965398 0.991567 0.86809
0.849542 1.63629 0.785656 0.970253 1.11054 0.801529
1.01947 1.66554 1.19806 0.958392 1.15216 0.756373
0.84866 1.63647 0.783743 1.00307 1.12275 0.828829
0.880024 1.40225 0.694644 0.977619 1.06097 0.993551
0.864731 1.20065 0.763919 0.953406 1.01366 1.16227
0.97367 0.838395 1.03387 0.935377 1.00879 1.20832
1.04808 0.780799 1.14505 0.952092 1.01034 1.09129
end
gesture a20 hands 2
1.06907 0.7821 1.12645 0.938198 1.02209 1.08177
1.08415 0.790135 1.12635 0.910468 1.02094 1.00868
1.0659 0.798962 1.0695 0.919515 1.03621 0.964795
0.991812 0.746109 1.04223 0.961783 0.974998 1.11375
0.935698 0.594247 1.03708 0.921145 0.857961 1.15734
0.879223 0.373869 1.08095 0.893164 0.70629 1.28679
0.801674 0.314775 1.18721 0.848441 0.62472 1.19228
0.818478 0.374439 1.10004 0.899476 0.681015 0.980893
0.880978 0.616232 1.05876 1.03162 0.919853 0.78555
0.85813 0.525167 1.03582 1.13606 1.13354 0.674316
0.92063 0.76696 0.99453 1.15184 1.17312 0.669166
0.877955 0.600531 1.0037 1.03562 1.09824 0.812371
0.940456 0.842324 0.962416 1.02336 1.08233 0.934628
0.887869 0.638213 0.987648 0.971382 1.05284 0.945101
0.950369 0.880006 0.94636 0.959121 1.03693 1.06736
0.892825 0.657054 0.97962 0.939262 1.03014 1.01147
0.955325 0.898847 0.938331 0.927001 1.01423 1.13372
0.957804 0.908267 0.934317 0.923202 1.01879 1.04465
0.835281 0.434103 1.01288 0.910941 1.00288 1.16691
0.960282 0.917688 0.930303 0.915172 1.01312 1.06124
0.999816 1.23373 1.13044 0.902911 0.99721 1.1835
1.08151 1.44924 1.14397 0.911157 1.01028 1.06954
1.03935 1.54977 1.33057 0.898896 0.994372 1.19179
0.992746 1.69186 1.26111 0.896888 0.992954 1.19594
0.923681 1.54913 0.942636 0.919404 1.02335 0.955575
0.890314 1.70363 0.774577 0.894881 0.991535 1.20009
0.854617 1.4064 0.624163 0.934535 0.999187 1.24511
0.828911 1.28077 0.615612 0.975493 1.01406 1.38678
0.862084 1.08187 0.748242 0.974189 1.00684 1.29012
0.996735 0.834028 0.999935 0.960249 1.00578 1.14403
1.15098 0.77531 1.30874 0.89556 1.00904 1.03903
1.18979 0.779648 1.36948 0.916494 1.00703 1.0352
end
gesture a20 hands 2
0.954625 0.86623 1.19138 0.904088 1.04533 1.1143
0.944696 0.867058 1.21384 0.911431 1.04537 1.09957
0.989129 0.863206 1.18187 0.92665 1.05336 1.10564
0.969954 0.852098 1.18417 0.903455 0.924852 1.1294
1.00347 0.661785 0.93998 0.915827 0.787098 1.07955
0.988406 0.481802 0.921842 0.975568 0.796493 0.92794
0.977053 0.266806 0.921927 1.02817 0.758203 0.770958
0.987275 0.144961 0.905451 1.04922 0.788174 0.699372
1.03609 0.0724477 0.989462 1.0404 0.805166 0.733451
0.922783 0.259547 0.958223 1.00387 0.811478 0.891221
0.92845 0.498888 1.06899 1.01857 0.739021 1.01519
1.10709 0.754034 1.06214 0.992955 0.778405 1.03209
1.29483 1.0549 1.13698 1.00444 0.862595 0.997792
1.38528 1.4534 1.28754 0.98589 0.840192 1.02339
1.25719 1.65279 1.37888 0.997375 0.924383 0.989093
1.09726 1.70697 1.30962 0.982358 0.871086 1.01904
1.03653 1.75292 1.10414 0.993842 0.955276 0.984743
0.986928 1.75704 1.17225 0.980591 0.886533 1.01687
0.926195 1.80298 0.966769 0.992076 0.970723 0.982569
0.931762 1.78207 1.10356 0.979708 0.894257 1.01578
0.871029 1.82802 0.898083 0.991193 0.978447 0.981481
0.904179 1.79458 1.06922 0.979267 0.898118 1.01524
0.843446 1.84053 0.863741 0.990752 0.982308 0.980938
0.890388 1.80084 1.05205 0.990531 0.984239 0.980666
0.829654 1.84679 0.846569 0.96734 0.81779 1.04899
0.883492 1.80397 1.04346 0.99031 0.98617 0.980394
0.822759 1.84992 0.837984 1.03338 1.13337 0.91456
0.93733 1.76115 1.24036 1.01328 1.15455 0.911797
0.815863 1.85305 0.829398 0.971636 1.1136 1.06538
0.602424 1.66063 0.619081 0.992014 1.03684 1.16789
0.573284 1.50155 0.583917 0.965954 1.05327 1.20212
0.62904 1.25386 0.673403 0.922086 1.06457 1.27001
end
gesture a20 hands 2
0.837531 1.07026 0.867617 0.812049 1.11388 0.993376
0.913078 0.98405 1.05745 0.910514 1.07882 1.01225
0.975086 0.894713 1.29903 1.04248 1.07241 1.03775
0.988626 0.89784 1.24728 1.00898 1.04376 1.03113
0.984879 0.856341 1.09061 0.950719 1.01648 1.05297
0.974948 0.825782 1.005 0.981029 0.975562 1.11086
0.90368 0.531987 0.88378 1.01991 0.90609 1.13882
0.873891 0.36716 0.879309 1.00567 0.79964 1.10868
0.8151 0.223579 0.955012 1.0269 0.703566 0.99442
0.706204 0.274907 0.978951 1.00608 0.627877 0.938837
0.888819 0.311015 0.841516 1.06376 0.653314 1.00767
1.00437 0.535315 0.812917 1.02616 0.679546 0.99677
1.19332 0.946294 0.861014 1.0054 0.579104 0.918669
1.28828 1.35027 0.996378 0.988551 0.705778 0.98587
1.23869 1.66002 1.22835 0.989933 0.870163 0.979081
1.10229 1.71251 1.35129 0.964731 1.02644 0.93286
1.01176 1.67715 1.33364 0.948863 1.15325 0.892069
1.05623 1.77334 1.12451 0.909207 1.17802 0.890732
0.990382 1.69484 0.940539 0.941718 1.1516 0.920477
1.04554 1.78219 0.927958 0.993894 1.14003 1.00262
0.979694 1.70369 0.743988 1.06237 1.0818 1.22329
1.04019 1.78661 0.829683 1.02118 1.06435 1.22677
0.974349 1.70811 0.645712 1.07155 1.16341 1.26562
1.10069 1.86954 0.915378 1.02577 1.10515 1.24794
0.969005 1.71253 0.547437 0.959047 1.11408 1.13971
0.844457 1.38447 0.537547 0.969517 1.08049 1.18499
0.856267 1.07198 0.751983 0.902796 1.08942 1.07676
0.968676 0.917019 1.14161 0.979987 1.04689 1.23026
1.00407 0.943589 1.23764 0.846544 1.06476 1.01381
1.0071 0.93338 1.28521 0.799987 1.11059 0.865686
0.966351 0.913407 1.26106 0.867531 1.11229 0.814165
0.959879 0.890159 1.27817 0.989777 1.05393 0.919696
end
gesture a20 hands 2
0.989617 0.695548 1.6988 0.830598 0.735393 1.7366
0.985323 0.700154 1.7254 0.825886 0.741702 1.74875
0.988121 0.700644 1.71137 0.84409 0.745573 1.7413
0.992564 0.703612 1.762 0.806857 0.744429 1.72443
1.01357 0.710962 1.83383 0.861049 0.740329 1.7629
1.03593 0.696304 1.97586 0.863027 0.727991 1.78075
1.09812 0.607581 2.11223 0.864326 0.709769 1.79333
1.05951 0.516253 1.91412 0.86139 0.572339 1.70542
1.02306 0.812186 0.695494 0.92407 0.345961 1.59118
1.02198 0.618555 1.20575 0.94944 0.25465 1.56389
0.985535 0.914488 -0.0128748 1.06747 0.71242 0.448038
1.0209 0.424925 1.71601 1.02114 0.437879 0.992324
0.948007 1.01679 -0.721243 1.13917 0.89565 -0.123532
0.948007 1.01679 -0.721243 1.17502 0.987265 -0.409318
0.979984 0.919944 0.435068 0.974809 0.163338 1.53661
0.985706 0.940949 0.418205 1.21087 1.07888 -0.695103
0.948007 1.01679 -0.721243 1.21087 1.07888 -0.695103
0.991428 0.961955 0.401343 0.936659 0.933635 1.50932
1.01196 0.823097 1.59138 0.988281 0.935048 1.51017
1.03485 0.90712 1.52393 1.05978 0.975497 1.46527
1.17762 1.19155 1.58908 1.1809 1.28321 1.35456
1.13559 1.44167 1.8141 1.22606 1.61754 1.45113
1.00918 1.50369 1.94468 1.26839 1.66447 1.7534
0.958082 1.50973 1.82844 1.14527 1.7853 1.58218
0.95584 1.78264 1.59114 0.683558 1.60864 1.337
0.850848 1.7165 1.23323 0.551003 1.24914 1.53887
0.908808 1.51093 1.0952 0.526278 0.974726 1.64361
0.970683 1.03741 1.18026 0.697419 0.77672 1.85155
0.995192 0.769107 1.5026 0.784387 0.764892 1.83784
0.994166 0.707878 1.7287 0.790329 0.75815 1.74492
1.00458 0.707559 1.69591 0.810947 0.792275 1.59386
1.00317 0.709773 1.71246 0.831694 0.769732 1.62314
end
gesture a20 hands 2
0.934898 0.742595 1.17839 0.941399 1.05453 0.984999
0.94172 0.747809 1.18976 0.938226 1.04003 0.952499
0.948355 0.743772 1.20606 0.960581 1.04002 1.02343
0.963399 0.695491 1.17204 0.96575 1.03614 1.03799
0.940437 0.541339 1.0895 0.960644 1.03199 1.06397
0.920985 0.306816 1.00109 0.965482 1.00099 1.07277
0.877393 0.150062 0.964669 1.0018 0.889845 1.06523
0.863698 0.323162 0.985057 1.01931 0.655111 0.971346
0.560255 0.651641 1.08431 1.11889 0.504066 0.920329
0.790087 0.752347 1.00168 1.09853 0.455736 1.16125
0.82355 0.574341 1.16496 1.07797 0.424465 1.16876
1.01992 0.853053 0.919059 1.04558 0.401919 1.1534
1.14625 1.00844 0.98657 1.015 0.68399 1.14169
1.22325 1.22128 1.17033 1.0141 0.531682 1.13986
1.05096 1.48162 1.42764 0.983518 0.813753 1.12815
1.00271 1.51358 1.40916 0.998354 0.596563 1.1331
1.04852 1.67917 1.22197 0.967777 0.878634 1.12139
1.00149 1.61236 1.30633 0.990484 0.629004 1.12971
1.0473 1.77794 1.11914 0.959907 0.911074 1.118
1.00088 1.66175 1.25492 0.986548 0.645224 1.12802
1.04669 1.82733 1.06773 0.955971 0.927295 1.11631
1.00057 1.68644 1.22921 0.984581 0.653334 1.12718
1.04639 1.85203 1.04202 0.954004 0.935405 1.11547
1.04623 1.86437 1.02916 1.01319 0.379374 1.13804
0.954452 1.54555 1.39069 0.952036 0.943515 1.11462
1.04608 1.87672 1.01631 0.932804 1.07663 1.08489
0.981376 1.79175 0.782996 0.984685 1.13662 0.943801
0.962631 1.80552 0.769381 0.997403 1.08663 0.988618
1.10475 1.4901 0.660174 0.979521 1.11309 1.02043
1.13017 1.28951 0.694344 0.940266 1.11558 1.04675
1.09529 0.930419 0.91927 0.945371 1.09977 1.04048
1.05285 0.855288 1.00071 0.945891 1.09833 1.04643
end
gesture a20 hands 2
1.05417 0.717043 1.35171 0.908715 0.929545 1.34669
0.98601 0.563091 1.33534 0.91797 0.891708 1.43086
0.944011 0.354778 1.28714 0.965228 0.760111 1.49023
0.895785 0.199373 1.26799 0.89555 0.716722 1.52438
0.947443 0.361613 1.27048 0.840523 0.68701 1.45274
0.857732 0.419229 1.27409 1.08204 1.19002 1.23944
0.878387 0.434303 1.30363 1.01671 1.26159 1.26485
0.885412 0.694727 0.182084 1.13847 1.23122 0.068255
0.892438 0.955152 -0.939462 1.26023 1.20085 -1.12834
0.892438 0.955152 -0.939462 1.26023 1.20085 -1.12834
0.926191 1.0738 -0.278711 1.10234 1.07633 0.04406
0.909315 1.01448 -0.609087 1.18129 1.13859 -0.54214
0.943067 1.13313 0.0516637 1.0234 1.01406 0.63026
0.917753 1.04414 -0.443899 1.14181 1.10746 -0.24904
0.951506 1.16279 0.216851 0.983928 0.982934 0.92336
0.921972 1.05897 -0.361305 1.12208 1.09189 -0.10249
0.955725 1.17762 0.299445 0.964192 0.967368 1.06991
0.892438 0.955152 -0.939462 1.11221 1.08411 -0.029215
0.959944 1.19245 0.382039 0.954324 0.959586 1.14319
1.12172 1.36832 1.54037 1.10728 1.08022 0.00742251
1.02745 1.42975 1.70354 0.94939 0.955694 1.17982
0.950656 1.43243 1.68849 1.10481 1.07827 0.0257412
0.986422 1.81424 1.41798 0.946923 0.953749 1.19814
0.945535 1.74541 1.13238 1.10358 1.0773 0.0349006
0.940953 1.71415 1.06786 0.945689 0.952776 1.2073
0.964211 1.70571 1.0629 1.26023 1.20085 -1.12834
1.08974 1.54284 1.00059 0.944456 0.951803 1.21646
1.16565 1.31855 0.96831 0.951097 0.943186 1.22055
1.15323 0.974668 1.06792 0.96335 0.920309 1.26689
1.08364 0.766148 1.25197 0.903682 0.97 1.32896
0.958924 0.662467 1.46262 0.916242 0.927644 1.33679
0.95682 0.65721 1.458 0.928711 0.908526 1.3543
end
gesture a20 hands 2
0.982259 0.947216 1.16135 0.908914 1.0295 1.06499
0.983365 0.746982 1.08654 0.908085 1.02815 1.09484
0.908564 0.325858 0.965218 0.915735 1.02696 1.09048
0.873587 0.291872 0.948907 0.925815 1.02558 1.0917
0.906058 0.220483 0.930197 0.936941 1.02787 1.08826
0.890098 0.195216 0.952127 0.982889 1.00497 1.11195
0.839449 0.302145 1.02333 0.999886 0.958682 1.10971
0.804668 0.435175 0.921731 1.03031 0.899698 1.11713
0.933838 0.841872 0.729329 1.05715 0.812804 1.12878
1.08149 1.10757 0.807729 1.08309 0.670882 1.02082
1.08256 1.26374 0.919065 1.14423 0.761069 0.982126
1.15585 1.31851 0.902596 1.13379 0.731261 1.01996
1.15693 1.47467 1.01393 0.997243 0.801886 1.0347
1.19411 1.58014 1.06137 0.92375 0.822294 1.06099
1.22915 1.37327 0.886128 1.12334 0.701454 1.0578
1.23129 1.6856 1.1088 0.850256 0.842703 1.08728
1.17295 1.74971 1.27727 0.785697 0.952461 1.01462
1.0709 1.72567 1.32731 0.845705 1.0721 0.966199
0.997735 1.7774 1.08892 0.767797 1.19358 0.788797
0.961152 1.80326 0.969727 0.905713 1.19175 0.917778
0.994693 1.95294 1.12978 0.932802 1.05704 1.04597
0.924569 1.82912 0.850534 1.04363 1.18991 1.04676
0.889508 1.76721 0.710911 1.0607 1.11081 0.939363
0.871977 1.73625 0.6411 1.06923 1.07126 0.885665
0.863212 1.72078 0.606194 1.07853 0.880116 0.881763
0.858829 1.71304 0.588741 1.07777 1.03171 0.831967
0.856637 1.70917 0.580014 1.0667 1.06302 0.82704
0.855542 1.70723 0.575651 0.970805 1.07257 0.855244
0.974501 1.97574 0.643824 0.959994 1.05819 0.928367
0.854446 1.7053 0.571288 0.979225 1.02153 1.07018
0.879797 1.35091 0.688766 0.929463 1.03177 1.16223
0.93023 1.15083 0.789984 0.91346 1.0246 1.1548
end
gesture a20 hands 2
1.08703 0.788541 1.13846 0.877991 0.985908 0.867462
1.11475 0.788473 1.16944 0.952857 0.929759 0.95746
1.08401 0.767639 1.17944 0.946438 0.915306 1.08204
1.00254 0.763959 1.16908 0.91862 0.89225 1.09487
0.981466 0.756973 1.14365 0.951221 0.80479 1.18912
1.00118 0.718181 1.13653 0.929892 0.725259 1.23302
0.971635 0.433121 1.00241 0.959569 0.714511 1.24556
0.945956 0.300249 0.975511 1.01373 0.669493 1.21141
0.935878 0.341531 0.982266 0.988022 0.697552 1.23316
0.929464 0.411871 0.97056 0.935941 0.726772 1.26701
0.950776 0.702076 0.910672 1.04872 0.672245 1.22354
0.936913 0.592143 0.934763 0.88386 0.755992 1.30087
0.958226 0.882348 0.874875 0.949697 0.815732 1.18085
0.940638 0.682279 0.916865 0.942461 0.854782 1.16501
0.96195 0.972484 0.856977 1.00499 0.936406 1.01303
0.9425 0.727347 0.907916 0.970106 0.91512 1.0811
0.963813 1.01755 0.848027 1.03263 0.996743 0.92912
0.92305 0.48221 0.958855 0.983929 0.945288 1.03915
0.965675 1.06262 0.839078 1.04646 1.02691 0.887165
1.09731 1.14086 0.904682 0.990841 0.960372 1.01817
1.16312 1.17997 0.937484 1.05337 1.042 0.866188
1.04352 0.849003 0.817166 0.994296 0.967914 1.00768
1.22894 1.21909 0.970286 1.05682 1.04954 0.855699
1.21019 1.44326 1.25898 0.935224 0.893833 1.14918
1.1337 1.52084 1.41455 1.06028 1.05708 0.84521
1.00988 1.56829 1.46202 1.10938 1.32911 0.675164
0.885577 1.61735 1.42417 1.12 1.44947 0.612782
0.92526 1.90052 1.26955 1.08714 1.41021 0.726723
0.893929 1.87454 0.79146 1.02229 1.2412 0.803298
0.837678 1.68645 0.600433 0.870701 1.03026 1.00092
0.84787 1.47741 0.561288 0.817152 0.97554 1.17289
0.880054 0.956761 0.760749 0.748915 0.911923 1.35261
end
gesture a20 hands 2
0.93462 0.836778 0.909669 0.742348 0.910343 1.33168
0.977552 0.799396 1.17133 0.761137 0.902325 1.33622
1.01016 0.819895 1.28546 0.847044 0.881117 1.25341
1.10539 0.76539 1.24155 0.961725 0.876854 1.10208
1.07901 0.738994 1.10589 0.986023 0.866004 1.12288
1.02593 0.70808 1.00372 0.937954 0.835254 1.1885
1.00005 0.617374 0.939598 0.942868 0.751675 1.19854
0.973646 0.467772 0.909642 0.941227 0.588013 1.24039
0.960844 0.309952 0.928268 0.908098 0.600421 1.23095
0.953173 0.160089 0.934144 0.923279 0.658066 1.2386
0.91041 0.198373 0.981098 0.937102 0.702461 1.24356
0.837258 0.530295 1.04 0.922941 0.669306 1.22256
0.838354 0.659766 0.978021 0.876786 0.795295 1.2232
0.925103 0.873613 0.859921 0.874912 0.820417 1.20678
1.04699 1.22295 0.858031 0.957408 0.878628 1.10734
1.1461 1.43409 1.04814 0.915223 0.862084 1.14885
1.15948 1.5442 1.32793 0.997719 0.920295 1.04941
1.11315 1.56593 1.51294 1.01787 0.941129 1.02044
1.05756 1.59544 1.5161 0.873038 0.845539 1.19037
0.977537 1.72844 1.3979 1.03803 0.961962 0.991478
0.858181 1.59645 1.45238 1.11451 1.14472 0.831962
0.877847 1.72894 1.36603 1.15477 1.30078 0.759359
0.890417 1.69717 1.19342 1.20844 1.42867 0.705749
0.897514 1.86143 1.27969 1.19027 1.46113 0.63971
0.922652 1.79788 0.934466 1.16966 1.47134 0.576584
0.935221 1.76611 0.761855 1.13168 1.43229 0.556311
0.941506 1.75022 0.675549 1.0819 1.30958 0.66137
0.993737 1.95593 0.836949 1.02048 1.17849 0.753081
0.947791 1.73433 0.589243 0.894285 1.00752 0.910871
0.972147 1.50928 0.488376 0.858308 0.953383 1.12243
0.964674 1.15196 0.555853 0.850802 0.930709 1.19218
0.950897 0.893137 0.799004 0.856877 0.91604 1.23193
end
gesture a20 hands 2
0.947193 0.825233 0.925711 0.892784 0.975977 1.18668
0.940468 0.81392 1.03544 0.872937 0.979562 1.18935
0.964186 0.79577 1.04762 0.887363 0.986458 1.11155
1.0116 0.702616 0.951647 0.950097 0.920808 1.0524
0.955337 0.381573 0.891994 1.00852 0.799722 1.10446
0.961109 0.195061 0.904233 1.03431 0.710886 1.17424
0.932791 0.194059 0.923057 0.96388 0.74366 1.20814
0.933254 0.23586 0.934783 0.932322 0.788342 1.18141
0.894696 0.300943 0.981877 0.944339 0.750839 1.13893
0.914618 0.540995 1.02015 0.939523 0.792154 1.24246
0.891729 0.56397 1.04939 1.03865 0.841682 1.25092
0.803031 0.708282 1.00086 1.08095 0.934356 1.19503
0.91851 0.887445 0.874574 1.20866 1.00549 1.18399
1.15604 1.14146 0.878042 1.12325 1.02703 1.13915
1.24035 1.3458 1.04187 1.00097 0.9938 1.00303
1.19258 1.51331 1.25193 1.00282 1.04074 0.894995
1.06619 1.58357 1.33201 1.03426 1.0967 0.783049
0.900552 1.6382 1.26294 1.00561 1.13681 0.710948
0.875729 1.69247 1.23861 1.04009 1.20987 0.60978
0.874234 1.75938 0.88685 0.976962 1.17691 0.638847
0.931501 2.04872 0.988051 0.946464 1.08561 0.763771
0.872739 1.8263 0.535089 0.944927 1.05859 0.812907
0.917991 1.47123 0.372363 0.918254 1.04381 0.939316
0.947433 1.24857 0.480102 0.930822 1.03769 0.900679
0.992795 1.16815 0.828906 0.904149 1.02291 1.02709
0.984835 1.09704 0.708374 0.94339 1.03157 0.862043
1.0302 1.01662 1.05718 0.890044 1.00201 1.11486
0.976874 1.02592 0.587841 0.891053 1.00987 1.28223
1.0676 0.86508 1.28545 0.931979 1.02053 1.33539
1.1032 1.03476 1.58025 0.92091 1.03208 1.27142
1.14244 0.924877 1.52444 0.884978 0.993757 1.10652
1.16247 0.802485 1.31194 0.907235 1.00259 0.894769
end
gesture a20 hands 2
1.00405 0.692827 1.26856 0.990891 1.02754 0.906685
1.00977 0.697983 1.30151 0.988648 1.03478 0.92354
0.988519 0.716098 1.23762 0.957016 1.00762 0.970261
1.00247 0.721793 1.23212 0.91086 0.973961 1.07197
1.01345 0.685189 1.19919 0.965592 0.932275 1.17946
1.04667 0.569544 1.11513 0.960093 0.833388 1.28433
1.0609 0.373314 1.06661 0.853759 0.680914 1.35621
1.04682 0.163765 1.01554 0.935894 0.677104 1.18872
0.983001 -0.0381602 1.06741 1.01341 0.833861 1.0671
0.982777 -0.0465307 1.07447 1.02666 0.823782 1.05824
1.01154 0.457732 0.994394 1.01803 0.673294 1.02123
0.997047 0.201416 1.03796 1.03992 0.813703 1.04937
1.02581 0.705679 0.957886 1.08966 0.973081 1.0551
1.00418 0.325389 1.0197 1.1021 1.01293 1.05654
1.03295 0.829652 0.939632 1.20548 1.06679 1.15718
1.00775 0.387375 1.01058 1.11454 1.05277 1.05797
1.03651 0.891638 0.930505 1.12697 1.09262 1.05941
1.00953 0.418369 1.00601 1.13008 1.10258 1.05976
1.0383 0.922632 0.925942 1.22414 1.12656 1.15933
1.01042 0.433865 1.00373 1.13319 1.11254 1.06012
1.03919 0.938128 0.92366 1.1363 1.1225 1.06048
0.982553 -0.0549012 1.08152 1.3213 1.1605 1.25925
1.04008 0.953625 0.921378 1.13941 1.13246 1.06084
1.06122 1.37913 0.919402 0.957244 0.927327 1.05215
0.962864 1.62168 1.08778 0.953992 1.01615 0.966547
0.901658 1.68396 1.19013 0.957524 1.10442 0.862421
0.896104 1.91793 0.945409 0.95074 1.10498 0.880943
0.865508 1.90609 0.839789 0.945493 1.03694 0.941226
0.91256 1.8979 0.854744 0.955029 1.00638 1.03306
0.932195 1.69067 0.763239 0.926241 1.0621 1.02577
1.00015 1.28228 0.734196 0.913913 1.04955 0.951088
0.932207 0.721414 1.17775 0.927316 1.03187 1.04302
end
gesture a20 hands 2
1.06313 0.640359 1.2326 0.94056 1.15901 1.06949
1.06875 0.661986 1.23553 0.937864 1.15852 1.12031
1.08694 0.635959 1.23401 0.948586 1.14436 1.12385
1.09382 0.476469 1.103 0.935159 0.93273 1.11804
1.11238 0.297067 1.0491 0.887903 0.828255 1.13883
1.07852 0.1506 1.02277 0.873659 0.810346 1.09552
1.06471 0.140129 1.06248 0.977026 0.639872 1.12866
0.699228 0.772464 1.05651 0.966294 0.649059 1.10356
0.796251 0.846382 1.0804 0.859415 0.792438 1.0522
0.936287 0.971279 1.10758 0.955562 0.658245 1.07847
0.60898 0.884057 1.18482 1.06615 0.451489 1.11849
0.630167 0.767624 1.14232 1.05171 0.524053 1.10474
0.783195 1.27858 1.18384 1.04449 0.560335 1.09786
0.717274 0.964888 1.14183 1.04088 0.578475 1.09443
0.870302 1.47585 1.18335 1.03907 0.587546 1.09271
0.760828 1.06352 1.14159 1.03817 0.592081 1.09185
0.913855 1.57448 1.1831 0.914957 0.808597 0.990246
0.782605 1.11284 1.14146 1.03727 0.596616 1.09099
0.935632 1.62379 1.18298 1.10228 0.569807 1.17937
0.793493 1.13749 1.1414 1.10179 0.574522 1.18043
0.946521 1.64845 1.18292 1.06012 0.718543 1.09714
0.798937 1.14982 1.14137 1.08071 0.64889 1.13932
0.951965 1.66078 1.18289 1.03903 0.792911 1.05602
0.954687 1.66695 1.18288 1.10131 0.579237 1.1815
0.651354 0.651192 1.09982 1.01795 0.867279 1.0149
0.957409 1.67311 1.18286 0.976269 1.0113 0.931597
0.957559 1.72461 1.17005 0.954015 1.19565 0.780222
1.01444 1.85081 0.83751 0.934587 1.15532 0.848295
0.975724 1.8342 0.774284 0.966697 1.15481 0.915751
1.01134 1.78888 0.742601 0.941197 1.17203 1.05121
1.02059 1.58476 0.656098 0.941854 1.19573 1.0518
1.04936 0.96667 0.731503 0.924089 1.16566 1.02947
end
gesture a20 hands 2
1.13204 1.12851 0.853706 0.76668 0.758292 0.973982
1.15959 1.01844 0.908882 0.786344 0.761261 0.991091
1.15393 1.04379 1.13442 0.818787 0.755953 0.966267
1.18714 0.908373 0.964058 0.831006 0.731279 1.01754
1.1864 0.710715 0.946176 0.818401 0.668271 1.07754
1.16321 0.598774 0.955992 0.783617 0.591904 1.14048
1.2028 0.68799 1.01724 0.583453 0.526786 1.22125
1.18611 0.766984 1.02703 0.638372 0.760763 1.29109
1.1179 0.903481 1.1029 0.743981 0.672594 1.16759
0.940027 0.988245 1.0558 0.692243 0.641914 1.16891
0.75973 1.03503 1.07765 1.02673 0.825584 1.09303
0.762154 1.07301 1.0087 0.833615 0.718408 1.13163
0.740122 1.08112 0.983522 1.1681 0.902078 1.05576
0.732099 1.0391 1.04654 0.904301 0.756656 1.11299
0.733502 1.04142 1.03825 1.23878 0.940326 1.03712
0.707636 1.05456 1.13267 0.939644 0.775779 1.10367
0.725096 1.06216 1.12064 1.27413 0.959449 1.0278
0.741955 1.06438 1.14373 0.957316 0.785341 1.09901
0.931858 1.07278 1.05083 1.2918 0.969011 1.02314
0.845336 1.06969 1.10882 1.30063 0.973792 1.02081
1.03524 1.07809 1.01592 0.640505 0.611233 1.17022
0.897026 1.07235 1.09137 1.30947 0.978573 1.01848
1.08693 1.08074 0.998466 1.38872 1.32969 0.966331
0.922872 1.07368 1.08264 1.30858 1.35516 0.851663
1.11277 1.08207 0.989738 1.18416 1.37566 1.07564
0.935794 1.07434 1.07828 1.1627 1.40491 1.0017
1.1257 1.08274 0.985375 1.14401 1.37014 0.957745
0.942256 1.07467 1.0761 1.156 1.35417 0.970925
1.13216 1.08307 0.983193 1.17792 1.30616 1.01115
1.13539 1.08323 0.982102 0.982705 1.03209 1.03313
0.758814 1.06661 1.16682 1.32961 1.30178 1.07804
1.13862 1.0834 0.981011 0.78749 0.75803 1.05511
end
